profile,placement,failure_law,repetition,period,request_id,trace_id,trace_header,scheduled_offset_seconds,started_at,completed_at,operation,branch_class,status_code,immediate_success,semantic_success,semantic_rule,semantic_reason,timed_out,latency_ms,response_bytes,response_sha256,error
deathstarbench_social_network,colocated,N,0,baseline,ten-contract-qualification-34205650183-deathstarbench_social_network-colocated-N-r0-baseline-000000,fe4d288ee85173a8,uber-trace-id,0.0,2026-09-08T08:40:30.077912+00:00,2026-09-08T08:40:30.081629+00:00,read_home_timeline,complete_read_home_timeline,200,true,true,whole_operation_contract_v1,,false,3.7171900000032565,230,616f45c2ec86955f9a8c73ae8140daa152c562590d36249e2bf7df5d20a0d4bc,
deathstarbench_social_network,colocated,N,0,baseline,ten-contract-qualification-34205650183-deathstarbench_social_network-colocated-N-r0-baseline-000001,e82017cef52a9ecd,uber-trace-id,0.25,2026-09-08T08:40:30.327635+00:00,2026-09-08T08:40:30.331649+00:00,read_user_timeline,complete_read_user_timeline,200,true,true,whole_operation_contract_v1,,false,4.01391700000886,230,616f45c2ec86955f9a8c73ae8140daa152c562590d36249e2bf7df5d20a0d4bc,
deathstarbench_social_network,colocated,N,0,baseline,ten-contract-qualification-34205650183-deathstarbench_social_network-colocated-N-r0-baseline-000002,d43e97cad28d96e8,uber-trace-id,0.5,2026-09-08T08:40:30.577666+00:00,2026-09-08T08:40:30.581853+00:00,compose_post,text_only,200,true,true,whole_operation_contract_v1,,false,4.187301000001753,25,08e60fbff5ab682e67e5cbbf4ad40bb1c876e7eddc85047f4e35f52d8a95d07f,
deathstarbench_social_network,colocated,N,0,baseline,ten-contract-qualification-34205650183-deathstarbench_social_network-colocated-N-r0-baseline-000003,f55ecf665d257b9a,uber-trace-id,0.75,2026-09-08T08:40:30.827661+00:00,2026-09-08T08:40:30.831201+00:00,read_user_timeline,complete_read_user_timeline,200,true,true,whole_operation_contract_v1,,false,3.5391060000051766,459,7c2500c058b966623a6740ff7ced222b5f0de210d49a4f140f93f5009f3fe82d,
deathstarbench_social_network,colocated,N,0,baseline,ten-contract-qualification-34205650183-deathstarbench_social_network-colocated-N-r0-baseline-000004,f494171f15610ca9,uber-trace-id,1.0,2026-09-08T08:40:31.077651+00:00,2026-09-08T08:40:31.083472+00:00,compose_post,text_only,200,true,true,whole_operation_contract_v1,,false,5.821613000023262,25,08e60fbff5ab682e67e5cbbf4ad40bb1c876e7eddc85047f4e35f52d8a95d07f,
deathstarbench_social_network,colocated,N,0,baseline,ten-contract-qualification-34205650183-deathstarbench_social_network-colocated-N-r0-baseline-000005,b1042d4dc805ac33,uber-trace-id,1.25,2026-09-08T08:40:31.327613+00:00,2026-09-08T08:40:31.332014+00:00,read_user_timeline,complete_read_user_timeline,200,true,true,whole_operation_contract_v1,,false,4.4012930000008055,688,c0107c1d49f29178d4224655816b2d3cec258a98da3dbe310278c9af270be893,
deathstarbench_social_network,colocated,N,0,baseline,ten-contract-qualification-34205650183-deathstarbench_social_network-colocated-N-r0-baseline-000006,64337ea98ab9307f,uber-trace-id,1.5,2026-09-08T08:40:31.577687+00:00,2026-09-08T08:40:31.582896+00:00,compose_post,text_only,200,true,true,whole_operation_contract_v1,,false,5.209747999998626,25,08e60fbff5ab682e67e5cbbf4ad40bb1c876e7eddc85047f4e35f52d8a95d07f,
deathstarbench_social_network,colocated,N,0,baseline,ten-contract-qualification-34205650183-deathstarbench_social_network-colocated-N-r0-baseline-000007,cd851bce4f01b2ca,uber-trace-id,1.75,2026-09-08T08:40:31.827775+00:00,2026-09-08T08:40:31.835224+00:00,read_home_timeline,complete_read_home_timeline,200,true,true,whole_operation_contract_v1,,false,7.449081000004298,917,2200e5f621f65447c750a4eed554de126ceead96610f6e42b3c4ed1e71b430e2,
deathstarbench_social_network,colocated,N,0,baseline,ten-contract-qualification-34205650183-deathstarbench_social_network-colocated-N-r0-baseline-000008,961c906fedebab1f,uber-trace-id,2.0,2026-09-08T08:40:32.077610+00:00,2026-09-08T08:40:32.080699+00:00,read_home_timeline,complete_read_home_timeline,200,true,true,whole_operation_contract_v1,,false,3.089109999990569,917,2200e5f621f65447c750a4eed554de126ceead96610f6e42b3c4ed1e71b430e2,
deathstarbench_social_network,colocated,N,0,baseline,ten-contract-qualification-34205650183-deathstarbench_social_network-colocated-N-r0-baseline-000009,93c1580046992783,uber-trace-id,2.25,2026-09-08T08:40:32.327604+00:00,2026-09-08T08:40:32.331452+00:00,read_home_timeline,complete_read_home_timeline,200,true,true,whole_operation_contract_v1,,false,3.847726000003604,917,2200e5f621f65447c750a4eed554de126ceead96610f6e42b3c4ed1e71b430e2,
deathstarbench_social_network,colocated,N,0,baseline,ten-contract-qualification-34205650183-deathstarbench_social_network-colocated-N-r0-baseline-000010,8883e702d4777751,uber-trace-id,2.5,2026-09-08T08:40:32.577609+00:00,2026-09-08T08:40:32.580787+00:00,read_user_timeline,complete_read_user_timeline,200,true,true,whole_operation_contract_v1,,false,3.1767220000062935,917,2200e5f621f65447c750a4eed554de126ceead96610f6e42b3c4ed1e71b430e2,
deathstarbench_social_network,colocated,N,0,baseline,ten-contract-qualification-34205650183-deathstarbench_social_network-colocated-N-r0-baseline-000011,8934da98c80b9544,uber-trace-id,2.75,2026-09-08T08:40:32.827611+00:00,2026-09-08T08:40:32.830190+00:00,read_home_timeline,complete_read_home_timeline,200,true,true,whole_operation_contract_v1,,false,2.5787189999846305,917,2200e5f621f65447c750a4eed554de126ceead96610f6e42b3c4ed1e71b430e2,
deathstarbench_social_network,colocated,N,0,baseline,ten-contract-qualification-34205650183-deathstarbench_social_network-colocated-N-r0-baseline-000012,2fea54df2af55363,uber-trace-id,3.0,2026-09-08T08:40:33.077617+00:00,2026-09-08T08:40:33.081349+00:00,read_user_timeline,complete_read_user_timeline,200,true,true,whole_operation_contract_v1,,false,3.7314669999943817,917,2200e5f621f65447c750a4eed554de126ceead96610f6e42b3c4ed1e71b430e2,
deathstarbench_social_network,colocated,N,0,baseline,ten-contract-qualification-34205650183-deathstarbench_social_network-colocated-N-r0-baseline-000013,17a7544d83724ec3,uber-trace-id,3.25,2026-09-08T08:40:33.327603+00:00,2026-09-08T08:40:33.330846+00:00,read_user_timeline,complete_read_user_timeline,200,true,true,whole_operation_contract_v1,,false,3.2425750000015796,917,2200e5f621f65447c750a4eed554de126ceead96610f6e42b3c4ed1e71b430e2,
deathstarbench_social_network,colocated,N,0,baseline,ten-contract-qualification-34205650183-deathstarbench_social_network-colocated-N-r0-baseline-000014,53b4d37f2f653306,uber-trace-id,3.5,2026-09-08T08:40:33.577598+00:00,2026-09-08T08:40:33.581879+00:00,compose_post,text_only,200,true,true,whole_operation_contract_v1,,false,4.280705999974543,25,08e60fbff5ab682e67e5cbbf4ad40bb1c876e7eddc85047f4e35f52d8a95d07f,
deathstarbench_social_network,colocated,N,0,baseline,ten-contract-qualification-34205650183-deathstarbench_social_network-colocated-N-r0-baseline-000015,90a335567ec91a36,uber-trace-id,3.75,2026-09-08T08:40:33.827625+00:00,2026-09-08T08:40:33.831903+00:00,read_user_timeline,complete_read_user_timeline,200,true,true,whole_operation_contract_v1,,false,4.277844999990066,1146,a926fab8988a734b6a014bad135aeeca6e6ca5000431db48a297ddf4ff36aec2,
deathstarbench_social_network,colocated,N,0,baseline,ten-contract-qualification-34205650183-deathstarbench_social_network-colocated-N-r0-baseline-000016,a84ef80c105fe70c,uber-trace-id,4.0,2026-09-08T08:40:34.077761+00:00,2026-09-08T08:40:34.082762+00:00,compose_post,text_only,200,true,true,whole_operation_contract_v1,,false,5.000545999990891,25,08e60fbff5ab682e67e5cbbf4ad40bb1c876e7eddc85047f4e35f52d8a95d07f,
deathstarbench_social_network,colocated,N,0,baseline,ten-contract-qualification-34205650183-deathstarbench_social_network-colocated-N-r0-baseline-000017,31a1459fcb1d46ff,uber-trace-id,4.25,2026-09-08T08:40:34.327602+00:00,2026-09-08T08:40:34.332234+00:00,compose_post,with_media,200,true,true,whole_operation_contract_v1,,false,4.631533999997828,25,08e60fbff5ab682e67e5cbbf4ad40bb1c876e7eddc85047f4e35f52d8a95d07f,
deathstarbench_social_network,colocated,N,0,baseline,ten-contract-qualification-34205650183-deathstarbench_social_network-colocated-N-r0-baseline-000018,ed9e07ff11ad6aec,uber-trace-id,4.5,2026-09-08T08:40:34.577587+00:00,2026-09-08T08:40:34.581329+00:00,read_home_timeline,complete_read_home_timeline,200,true,true,whole_operation_contract_v1,,false,3.7420769999982895,1656,9e3922ccc95c448b43dd7d7a139b16b2429f1664f5e9061007b079c533d6ca77,
deathstarbench_social_network,colocated,N,0,baseline,ten-contract-qualification-34205650183-deathstarbench_social_network-colocated-N-r0-baseline-000019,3feea50e0d84caa7,uber-trace-id,4.75,2026-09-08T08:40:34.827662+00:00,2026-09-08T08:40:34.830549+00:00,read_home_timeline,complete_read_home_timeline,200,true,true,whole_operation_contract_v1,,false,2.8860409999822423,1656,9e3922ccc95c448b43dd7d7a139b16b2429f1664f5e9061007b079c533d6ca77,
deathstarbench_social_network,colocated,N,0,baseline,ten-contract-qualification-34205650183-deathstarbench_social_network-colocated-N-r0-baseline-000020,a414e715a4b09491,uber-trace-id,5.0,2026-09-08T08:40:35.077642+00:00,2026-09-08T08:40:35.083428+00:00,compose_post,text_only,200,true,true,whole_operation_contract_v1,,false,5.785498000022926,25,08e60fbff5ab682e67e5cbbf4ad40bb1c876e7eddc85047f4e35f52d8a95d07f,
deathstarbench_social_network,colocated,N,0,baseline,ten-contract-qualification-34205650183-deathstarbench_social_network-colocated-N-r0-baseline-000021,e5752233d8a4574d,uber-trace-id,5.25,2026-09-08T08:40:35.327610+00:00,2026-09-08T08:40:35.332026+00:00,compose_post,with_media,200,true,true,whole_operation_contract_v1,,false,4.415486999988616,25,08e60fbff5ab682e67e5cbbf4ad40bb1c876e7eddc85047f4e35f52d8a95d07f,
deathstarbench_social_network,colocated,N,0,baseline,ten-contract-qualification-34205650183-deathstarbench_social_network-colocated-N-r0-baseline-000022,6ad48d322573ebf5,uber-trace-id,5.5,2026-09-08T08:40:35.577598+00:00,2026-09-08T08:40:35.581694+00:00,read_user_timeline,complete_read_user_timeline,200,true,true,whole_operation_contract_v1,,false,4.095702000000756,2165,8e16a8e928946a2b6977216b18c6b5c81b19b84d92c536f606333c549432e33a,
deathstarbench_social_network,colocated,N,0,baseline,ten-contract-qualification-34205650183-deathstarbench_social_network-colocated-N-r0-baseline-000023,646e6f4ec2385f9d,uber-trace-id,5.75,2026-09-08T08:40:35.827649+00:00,2026-09-08T08:40:35.831508+00:00,read_user_timeline,complete_read_user_timeline,200,true,true,whole_operation_contract_v1,,false,3.8583500000015647,2165,8e16a8e928946a2b6977216b18c6b5c81b19b84d92c536f606333c549432e33a,
deathstarbench_social_network,colocated,N,0,baseline,ten-contract-qualification-34205650183-deathstarbench_social_network-colocated-N-r0-baseline-000024,dd127796e33702fb,uber-trace-id,6.0,2026-09-08T08:40:36.077784+00:00,2026-09-08T08:40:36.081779+00:00,read_user_timeline,complete_read_user_timeline,200,true,true,whole_operation_contract_v1,,false,3.994731999995338,2165,8e16a8e928946a2b6977216b18c6b5c81b19b84d92c536f606333c549432e33a,
deathstarbench_social_network,colocated,N,0,baseline,ten-contract-qualification-34205650183-deathstarbench_social_network-colocated-N-r0-baseline-000025,165c423de15ff567,uber-trace-id,6.25,2026-09-08T08:40:36.327591+00:00,2026-09-08T08:40:36.331772+00:00,compose_post,with_media,200,true,true,whole_operation_contract_v1,,false,4.180098000006183,25,08e60fbff5ab682e67e5cbbf4ad40bb1c876e7eddc85047f4e35f52d8a95d07f,
deathstarbench_social_network,colocated,N,0,baseline,ten-contract-qualification-34205650183-deathstarbench_social_network-colocated-N-r0-baseline-000026,a5751179507d69e9,uber-trace-id,6.5,2026-09-08T08:40:36.577576+00:00,2026-09-08T08:40:36.581879+00:00,compose_post,text_only,200,true,true,whole_operation_contract_v1,,false,4.3025770000042485,25,08e60fbff5ab682e67e5cbbf4ad40bb1c876e7eddc85047f4e35f52d8a95d07f,
deathstarbench_social_network,colocated,N,0,baseline,ten-contract-qualification-34205650183-deathstarbench_social_network-colocated-N-r0-baseline-000027,22af2286c85f8d8d,uber-trace-id,6.75,2026-09-08T08:40:36.827607+00:00,2026-09-08T08:40:36.831049+00:00,read_home_timeline,complete_read_home_timeline,200,true,true,whole_operation_contract_v1,,false,3.4418959999982235,2447,f7347c6db2cb76ce0ab814d7292ddf4a02235bc227139534e0d79f6ec542601e,
deathstarbench_social_network,colocated,N,0,baseline,ten-contract-qualification-34205650183-deathstarbench_social_network-colocated-N-r0-baseline-000028,aff09f4f8a65d14d,uber-trace-id,7.0,2026-09-08T08:40:37.077757+00:00,2026-09-08T08:40:37.082105+00:00,read_user_timeline,complete_read_user_timeline,200,true,true,whole_operation_contract_v1,,false,4.348152999995136,2447,f7347c6db2cb76ce0ab814d7292ddf4a02235bc227139534e0d79f6ec542601e,
deathstarbench_social_network,colocated,N,0,baseline,ten-contract-qualification-34205650183-deathstarbench_social_network-colocated-N-r0-baseline-000029,5c4783c9577b25f0,uber-trace-id,7.25,2026-09-08T08:40:37.327604+00:00,2026-09-08T08:40:37.331279+00:00,read_user_timeline,complete_read_user_timeline,200,true,true,whole_operation_contract_v1,,false,3.674391000004107,2447,f7347c6db2cb76ce0ab814d7292ddf4a02235bc227139534e0d79f6ec542601e,
deathstarbench_social_network,colocated,N,0,baseline,ten-contract-qualification-34205650183-deathstarbench_social_network-colocated-N-r0-baseline-000030,4ca6991e28fdd4ef,uber-trace-id,7.5,2026-09-08T08:40:37.577591+00:00,2026-09-08T08:40:37.580982+00:00,read_home_timeline,complete_read_home_timeline,200,true,true,whole_operation_contract_v1,,false,3.3906679999802236,2447,f7347c6db2cb76ce0ab814d7292ddf4a02235bc227139534e0d79f6ec542601e,
deathstarbench_social_network,colocated,N,0,baseline,ten-contract-qualification-34205650183-deathstarbench_social_network-colocated-N-r0-baseline-000031,d83199ce39b97938,uber-trace-id,7.75,2026-09-08T08:40:37.827643+00:00,2026-09-08T08:40:37.831847+00:00,compose_post,with_media,200,true,true,whole_operation_contract_v1,,false,4.2040729999826,25,08e60fbff5ab682e67e5cbbf4ad40bb1c876e7eddc85047f4e35f52d8a95d07f,
deathstarbench_social_network,colocated,N,0,baseline,ten-contract-qualification-34205650183-deathstarbench_social_network-colocated-N-r0-baseline-000032,3e16fbfaa9a5afe9,uber-trace-id,8.0,2026-09-08T08:40:38.077755+00:00,2026-09-08T08:40:38.082157+00:00,read_user_timeline,complete_read_user_timeline,200,true,true,whole_operation_contract_v1,,false,4.400821000018595,2499,74230e73981863564d77c4b7aaf78ea21b40089f3639a95784ddd7389351c711,
deathstarbench_social_network,colocated,N,0,baseline,ten-contract-qualification-34205650183-deathstarbench_social_network-colocated-N-r0-baseline-000033,76d8a1ec7060c050,uber-trace-id,8.25,2026-09-08T08:40:38.327592+00:00,2026-09-08T08:40:38.330804+00:00,read_user_timeline,complete_read_user_timeline,200,true,true,whole_operation_contract_v1,,false,3.2119850000071892,2499,74230e73981863564d77c4b7aaf78ea21b40089f3639a95784ddd7389351c711,
deathstarbench_social_network,colocated,N,0,baseline,ten-contract-qualification-34205650183-deathstarbench_social_network-colocated-N-r0-baseline-000034,ece8366304a0a0e3,uber-trace-id,8.5,2026-09-08T08:40:38.577665+00:00,2026-09-08T08:40:38.580454+00:00,read_home_timeline,complete_read_home_timeline,200,true,true,whole_operation_contract_v1,,false,2.7896180000084314,2499,74230e73981863564d77c4b7aaf78ea21b40089f3639a95784ddd7389351c711,
deathstarbench_social_network,colocated,N,0,baseline,ten-contract-qualification-34205650183-deathstarbench_social_network-colocated-N-r0-baseline-000035,f48a537e1e2da6a0,uber-trace-id,8.75,2026-09-08T08:40:38.827655+00:00,2026-09-08T08:40:38.832176+00:00,compose_post,with_media,200,true,true,whole_operation_contract_v1,,false,4.520025000005035,25,08e60fbff5ab682e67e5cbbf4ad40bb1c876e7eddc85047f4e35f52d8a95d07f,
deathstarbench_social_network,colocated,N,0,baseline,ten-contract-qualification-34205650183-deathstarbench_social_network-colocated-N-r0-baseline-000036,49e0d2d8b604751a,uber-trace-id,9.0,2026-09-08T08:40:39.077668+00:00,2026-09-08T08:40:39.082814+00:00,compose_post,text_only,200,true,true,whole_operation_contract_v1,,false,5.145564000002878,25,08e60fbff5ab682e67e5cbbf4ad40bb1c876e7eddc85047f4e35f52d8a95d07f,
deathstarbench_social_network,colocated,N,0,baseline,ten-contract-qualification-34205650183-deathstarbench_social_network-colocated-N-r0-baseline-000037,b820c8e12d773f66,uber-trace-id,9.25,2026-09-08T08:40:39.327607+00:00,2026-09-08T08:40:39.331736+00:00,read_home_timeline,complete_read_home_timeline,200,true,true,whole_operation_contract_v1,,false,4.129033999987541,2550,42eaee08e41392d7438c846f09d201ac588d8d924f0f3551be7ed202087ac69e,
deathstarbench_social_network,colocated,N,0,baseline,ten-contract-qualification-34205650183-deathstarbench_social_network-colocated-N-r0-baseline-000038,56ee2569df224120,uber-trace-id,9.5,2026-09-08T08:40:39.577651+00:00,2026-09-08T08:40:39.580138+00:00,read_home_timeline,complete_read_home_timeline,200,true,true,whole_operation_contract_v1,,false,2.4866640000027473,2550,42eaee08e41392d7438c846f09d201ac588d8d924f0f3551be7ed202087ac69e,
deathstarbench_social_network,colocated,N,0,baseline,ten-contract-qualification-34205650183-deathstarbench_social_network-colocated-N-r0-baseline-000039,a6e6111248dd5161,uber-trace-id,9.75,2026-09-08T08:40:39.827607+00:00,2026-09-08T08:40:39.832118+00:00,compose_post,with_media,200,true,true,whole_operation_contract_v1,,false,4.51044700000125,25,08e60fbff5ab682e67e5cbbf4ad40bb1c876e7eddc85047f4e35f52d8a95d07f,
deathstarbench_social_network,colocated,N,0,baseline,ten-contract-qualification-34205650183-deathstarbench_social_network-colocated-N-r0-baseline-000040,197ce392cb34015d,uber-trace-id,10.0,2026-09-08T08:40:40.077742+00:00,2026-09-08T08:40:40.081765+00:00,read_home_timeline,complete_read_home_timeline,200,true,true,whole_operation_contract_v1,,false,4.0227640000125575,2602,f61228cbc26e45eaf1a9ae0af29eff09f45260186c3ed61480cf0c6a58e9c94f,
deathstarbench_social_network,colocated,N,0,baseline,ten-contract-qualification-34205650183-deathstarbench_social_network-colocated-N-r0-baseline-000041,9e367914648928ee,uber-trace-id,10.25,2026-09-08T08:40:40.327587+00:00,2026-09-08T08:40:40.330456+00:00,read_user_timeline,complete_read_user_timeline,200,true,true,whole_operation_contract_v1,,false,2.8688890000125866,2602,f61228cbc26e45eaf1a9ae0af29eff09f45260186c3ed61480cf0c6a58e9c94f,
deathstarbench_social_network,colocated,N,0,baseline,ten-contract-qualification-34205650183-deathstarbench_social_network-colocated-N-r0-baseline-000042,6522b02b77aed725,uber-trace-id,10.5,2026-09-08T08:40:40.577619+00:00,2026-09-08T08:40:40.581453+00:00,read_user_timeline,complete_read_user_timeline,200,true,true,whole_operation_contract_v1,,false,3.833497999977453,2602,f61228cbc26e45eaf1a9ae0af29eff09f45260186c3ed61480cf0c6a58e9c94f,
deathstarbench_social_network,colocated,N,0,baseline,ten-contract-qualification-34205650183-deathstarbench_social_network-colocated-N-r0-baseline-000043,9e37cf259fc6d520,uber-trace-id,10.75,2026-09-08T08:40:40.827586+00:00,2026-09-08T08:40:40.830309+00:00,read_user_timeline,complete_read_user_timeline,200,true,true,whole_operation_contract_v1,,false,2.722675000001118,2602,f61228cbc26e45eaf1a9ae0af29eff09f45260186c3ed61480cf0c6a58e9c94f,
deathstarbench_social_network,colocated,N,0,baseline,ten-contract-qualification-34205650183-deathstarbench_social_network-colocated-N-r0-baseline-000044,6ca64ccc6a623dde,uber-trace-id,11.0,2026-09-08T08:40:41.077618+00:00,2026-09-08T08:40:41.082420+00:00,read_user_timeline,complete_read_user_timeline,200,true,true,whole_operation_contract_v1,,false,4.801211999989619,2602,f61228cbc26e45eaf1a9ae0af29eff09f45260186c3ed61480cf0c6a58e9c94f,
deathstarbench_social_network,colocated,N,0,baseline,ten-contract-qualification-34205650183-deathstarbench_social_network-colocated-N-r0-baseline-000045,5ff6abeb66f3d094,uber-trace-id,11.25,2026-09-08T08:40:41.327598+00:00,2026-09-08T08:40:41.330680+00:00,read_user_timeline,complete_read_user_timeline,200,true,true,whole_operation_contract_v1,,false,3.0818440000075498,2602,f61228cbc26e45eaf1a9ae0af29eff09f45260186c3ed61480cf0c6a58e9c94f,
deathstarbench_social_network,colocated,N,0,baseline,ten-contract-qualification-34205650183-deathstarbench_social_network-colocated-N-r0-baseline-000046,376e11d3bdc92b8b,uber-trace-id,11.5,2026-09-08T08:40:41.577636+00:00,2026-09-08T08:40:41.584925+00:00,compose_post,text_only,200,true,true,whole_operation_contract_v1,,false,7.288880999993808,25,08e60fbff5ab682e67e5cbbf4ad40bb1c876e7eddc85047f4e35f52d8a95d07f,
deathstarbench_social_network,colocated,N,0,baseline,ten-contract-qualification-34205650183-deathstarbench_social_network-colocated-N-r0-baseline-000047,31b83502d3fd9c9d,uber-trace-id,11.75,2026-09-08T08:40:41.827598+00:00,2026-09-08T08:40:41.831288+00:00,read_home_timeline,complete_read_home_timeline,200,true,true,whole_operation_contract_v1,,false,3.689898000004632,2602,fd51b077c67adf24a3cf0c99398290fcc38a61eaf4d966073ef99fc6ab2d859a,
deathstarbench_social_network,colocated,N,0,baseline,ten-contract-qualification-34205650183-deathstarbench_social_network-colocated-N-r0-baseline-000048,20bd899865be1b02,uber-trace-id,12.0,2026-09-08T08:40:42.077652+00:00,2026-09-08T08:40:42.081101+00:00,read_home_timeline,complete_read_home_timeline,200,true,true,whole_operation_contract_v1,,false,3.4489770000050157,2602,fd51b077c67adf24a3cf0c99398290fcc38a61eaf4d966073ef99fc6ab2d859a,
deathstarbench_social_network,colocated,N,0,baseline,ten-contract-qualification-34205650183-deathstarbench_social_network-colocated-N-r0-baseline-000049,8e92ad307672ee70,uber-trace-id,12.25,2026-09-08T08:40:42.327598+00:00,2026-09-08T08:40:42.331934+00:00,compose_post,with_media,200,true,true,whole_operation_contract_v1,,false,4.335799999978462,25,08e60fbff5ab682e67e5cbbf4ad40bb1c876e7eddc85047f4e35f52d8a95d07f,
deathstarbench_social_network,colocated,N,0,baseline,ten-contract-qualification-34205650183-deathstarbench_social_network-colocated-N-r0-baseline-000050,504d79aa1064a0ac,uber-trace-id,12.5,2026-09-08T08:40:42.577626+00:00,2026-09-08T08:40:42.581013+00:00,read_home_timeline,complete_read_home_timeline,200,true,true,whole_operation_contract_v1,,false,3.386607999999569,2602,7bd617309733bc95568a11acf6b72fd0c6d54c5e02ef08799a3d9d12d2515555,
deathstarbench_social_network,colocated,N,0,baseline,ten-contract-qualification-34205650183-deathstarbench_social_network-colocated-N-r0-baseline-000051,6c25ccb27d8d1778,uber-trace-id,12.75,2026-09-08T08:40:42.827591+00:00,2026-09-08T08:40:42.830786+00:00,read_user_timeline,complete_read_user_timeline,200,true,true,whole_operation_contract_v1,,false,3.195709000010538,2602,7bd617309733bc95568a11acf6b72fd0c6d54c5e02ef08799a3d9d12d2515555,
deathstarbench_social_network,colocated,N,0,baseline,ten-contract-qualification-34205650183-deathstarbench_social_network-colocated-N-r0-baseline-000052,0f1ad5d471fdce88,uber-trace-id,13.0,2026-09-08T08:40:43.077695+00:00,2026-09-08T08:40:43.082940+00:00,compose_post,text_only,200,true,true,whole_operation_contract_v1,,false,5.244533999984924,25,08e60fbff5ab682e67e5cbbf4ad40bb1c876e7eddc85047f4e35f52d8a95d07f,
deathstarbench_social_network,colocated,N,0,baseline,ten-contract-qualification-34205650183-deathstarbench_social_network-colocated-N-r0-baseline-000053,9913b8fda46f7eb4,uber-trace-id,13.25,2026-09-08T08:40:43.327589+00:00,2026-09-08T08:40:43.331843+00:00,compose_post,with_media,200,true,true,whole_operation_contract_v1,,false,4.253955999985237,25,08e60fbff5ab682e67e5cbbf4ad40bb1c876e7eddc85047f4e35f52d8a95d07f,
deathstarbench_social_network,colocated,N,0,baseline,ten-contract-qualification-34205650183-deathstarbench_social_network-colocated-N-r0-baseline-000054,d2bb89c085179d13,uber-trace-id,13.5,2026-09-08T08:40:43.577634+00:00,2026-09-08T08:40:43.582127+00:00,compose_post,text_only,200,true,true,whole_operation_contract_v1,,false,4.492722000009053,25,08e60fbff5ab682e67e5cbbf4ad40bb1c876e7eddc85047f4e35f52d8a95d07f,
deathstarbench_social_network,colocated,N,0,baseline,ten-contract-qualification-34205650183-deathstarbench_social_network-colocated-N-r0-baseline-000055,f6b5b28bd5210542,uber-trace-id,13.75,2026-09-08T08:40:43.827582+00:00,2026-09-08T08:40:43.831087+00:00,read_user_timeline,complete_read_user_timeline,200,true,true,whole_operation_contract_v1,,false,3.50466400001892,2551,51a8eb9b283df1cc416cb750a736cade086b6d2ee0684ebffe8a2289e1ce2bf4,
deathstarbench_social_network,colocated,N,0,baseline,ten-contract-qualification-34205650183-deathstarbench_social_network-colocated-N-r0-baseline-000056,8221259fd0436cee,uber-trace-id,14.0,2026-09-08T08:40:44.077639+00:00,2026-09-08T08:40:44.082848+00:00,compose_post,text_only,200,true,true,whole_operation_contract_v1,,false,5.208283000001757,25,08e60fbff5ab682e67e5cbbf4ad40bb1c876e7eddc85047f4e35f52d8a95d07f,
deathstarbench_social_network,colocated,N,0,baseline,ten-contract-qualification-34205650183-deathstarbench_social_network-colocated-N-r0-baseline-000057,40fad26c05f02315,uber-trace-id,14.25,2026-09-08T08:40:44.327592+00:00,2026-09-08T08:40:44.331202+00:00,read_home_timeline,complete_read_home_timeline,200,true,true,whole_operation_contract_v1,,false,3.609449999999015,2551,50f7efdbf308f02700a9cc29339647808272ba6d0ba7cfab00f84603e7dfae96,
deathstarbench_social_network,colocated,N,0,baseline,ten-contract-qualification-34205650183-deathstarbench_social_network-colocated-N-r0-baseline-000058,efd7966df603dd12,uber-trace-id,14.5,2026-09-08T08:40:44.577659+00:00,2026-09-08T08:40:44.582213+00:00,compose_post,text_only,200,true,true,whole_operation_contract_v1,,false,4.554149000000507,25,08e60fbff5ab682e67e5cbbf4ad40bb1c876e7eddc85047f4e35f52d8a95d07f,
deathstarbench_social_network,colocated,N,0,baseline,ten-contract-qualification-34205650183-deathstarbench_social_network-colocated-N-r0-baseline-000059,23942d1022961800,uber-trace-id,14.75,2026-09-08T08:40:44.827592+00:00,2026-09-08T08:40:44.830925+00:00,read_home_timeline,complete_read_home_timeline,200,true,true,whole_operation_contract_v1,,false,3.332746000012321,2499,d89e4955ac3f74c7e12552bb328a8d211c8562c696fe1efc24786100ef4e1408,
deathstarbench_social_network,colocated,N,0,baseline,ten-contract-qualification-34205650183-deathstarbench_social_network-colocated-N-r0-baseline-000060,05e748d6d35f3066,uber-trace-id,15.0,2026-09-08T08:40:45.077749+00:00,2026-09-08T08:40:45.080476+00:00,read_user_timeline,complete_read_user_timeline,200,true,true,whole_operation_contract_v1,,false,2.726719999998295,2499,d89e4955ac3f74c7e12552bb328a8d211c8562c696fe1efc24786100ef4e1408,
deathstarbench_social_network,colocated,N,0,baseline,ten-contract-qualification-34205650183-deathstarbench_social_network-colocated-N-r0-baseline-000061,3638c7b21888d159,uber-trace-id,15.25,2026-09-08T08:40:45.327596+00:00,2026-09-08T08:40:45.331907+00:00,compose_post,with_media,200,true,true,whole_operation_contract_v1,,false,4.310791999984076,25,08e60fbff5ab682e67e5cbbf4ad40bb1c876e7eddc85047f4e35f52d8a95d07f,
deathstarbench_social_network,colocated,N,0,baseline,ten-contract-qualification-34205650183-deathstarbench_social_network-colocated-N-r0-baseline-000062,82951754e488d4fc,uber-trace-id,15.5,2026-09-08T08:40:45.577627+00:00,2026-09-08T08:40:45.581775+00:00,compose_post,text_only,200,true,true,whole_operation_contract_v1,,false,4.148209000021552,25,08e60fbff5ab682e67e5cbbf4ad40bb1c876e7eddc85047f4e35f52d8a95d07f,
deathstarbench_social_network,colocated,N,0,baseline,ten-contract-qualification-34205650183-deathstarbench_social_network-colocated-N-r0-baseline-000063,8a4cfd05e6a1ee77,uber-trace-id,15.75,2026-09-08T08:40:45.827610+00:00,2026-09-08T08:40:45.831508+00:00,compose_post,with_media,200,true,true,whole_operation_contract_v1,,false,3.8978780000036295,25,08e60fbff5ab682e67e5cbbf4ad40bb1c876e7eddc85047f4e35f52d8a95d07f,
deathstarbench_social_network,colocated,N,0,baseline,ten-contract-qualification-34205650183-deathstarbench_social_network-colocated-N-r0-baseline-000064,7b3318a29018b244,uber-trace-id,16.0,2026-09-08T08:40:46.077653+00:00,2026-09-08T08:40:46.082192+00:00,read_user_timeline,complete_read_user_timeline,200,true,true,whole_operation_contract_v1,,false,4.538755999988098,2500,71bbb4439ec22fe30d170ed1cd55c368a4fd21079a79307aeaa595e1eb85f300,
deathstarbench_social_network,colocated,N,0,baseline,ten-contract-qualification-34205650183-deathstarbench_social_network-colocated-N-r0-baseline-000065,09609e7eec0c6eb4,uber-trace-id,16.25,2026-09-08T08:40:46.327591+00:00,2026-09-08T08:40:46.330618+00:00,read_home_timeline,complete_read_home_timeline,200,true,true,whole_operation_contract_v1,,false,3.0266169999890735,2500,71bbb4439ec22fe30d170ed1cd55c368a4fd21079a79307aeaa595e1eb85f300,
deathstarbench_social_network,colocated,N,0,baseline,ten-contract-qualification-34205650183-deathstarbench_social_network-colocated-N-r0-baseline-000066,56225c7ae42030b6,uber-trace-id,16.5,2026-09-08T08:40:46.577592+00:00,2026-09-08T08:40:46.580347+00:00,read_home_timeline,complete_read_home_timeline,200,true,true,whole_operation_contract_v1,,false,2.7548370000261,2500,71bbb4439ec22fe30d170ed1cd55c368a4fd21079a79307aeaa595e1eb85f300,
deathstarbench_social_network,colocated,N,0,baseline,ten-contract-qualification-34205650183-deathstarbench_social_network-colocated-N-r0-baseline-000067,85c1cb9e07d42b6a,uber-trace-id,16.75,2026-09-08T08:40:46.827614+00:00,2026-09-08T08:40:46.830128+00:00,read_user_timeline,complete_read_user_timeline,200,true,true,whole_operation_contract_v1,,false,2.51416399999016,2500,71bbb4439ec22fe30d170ed1cd55c368a4fd21079a79307aeaa595e1eb85f300,
deathstarbench_social_network,colocated,N,0,baseline,ten-contract-qualification-34205650183-deathstarbench_social_network-colocated-N-r0-baseline-000068,3e6ace957bb1cc2c,uber-trace-id,17.0,2026-09-08T08:40:47.077637+00:00,2026-09-08T08:40:47.082604+00:00,compose_post,text_only,200,true,true,whole_operation_contract_v1,,false,4.9668229999895175,25,08e60fbff5ab682e67e5cbbf4ad40bb1c876e7eddc85047f4e35f52d8a95d07f,
deathstarbench_social_network,colocated,N,0,baseline,ten-contract-qualification-34205650183-deathstarbench_social_network-colocated-N-r0-baseline-000069,dee0192166342412,uber-trace-id,17.25,2026-09-08T08:40:47.327606+00:00,2026-09-08T08:40:47.331604+00:00,read_home_timeline,complete_read_home_timeline,200,true,true,whole_operation_contract_v1,,false,3.9977579999970203,2500,935b1a6eb3826e1fac26dc2f0ae080442c48203380b7b355a8de3ede5cfd525f,
deathstarbench_social_network,colocated,N,0,baseline,ten-contract-qualification-34205650183-deathstarbench_social_network-colocated-N-r0-baseline-000070,56b81ad25290ba5f,uber-trace-id,17.5,2026-09-08T08:40:47.577643+00:00,2026-09-08T08:40:47.580509+00:00,read_user_timeline,complete_read_user_timeline,200,true,true,whole_operation_contract_v1,,false,2.8657759999930477,2500,935b1a6eb3826e1fac26dc2f0ae080442c48203380b7b355a8de3ede5cfd525f,
deathstarbench_social_network,colocated,N,0,baseline,ten-contract-qualification-34205650183-deathstarbench_social_network-colocated-N-r0-baseline-000071,8d10b4502f764229,uber-trace-id,17.75,2026-09-08T08:40:47.827605+00:00,2026-09-08T08:40:47.831652+00:00,compose_post,with_media,200,true,true,whole_operation_contract_v1,,false,4.046423999994886,25,08e60fbff5ab682e67e5cbbf4ad40bb1c876e7eddc85047f4e35f52d8a95d07f,
deathstarbench_social_network,colocated,N,0,baseline,ten-contract-qualification-34205650183-deathstarbench_social_network-colocated-N-r0-baseline-000072,b4f4add04d089509,uber-trace-id,18.0,2026-09-08T08:40:48.077615+00:00,2026-09-08T08:40:48.082692+00:00,compose_post,text_only,200,true,true,whole_operation_contract_v1,,false,5.076768999998649,25,08e60fbff5ab682e67e5cbbf4ad40bb1c876e7eddc85047f4e35f52d8a95d07f,
deathstarbench_social_network,colocated,N,0,baseline,ten-contract-qualification-34205650183-deathstarbench_social_network-colocated-N-r0-baseline-000073,6debde4698083aa8,uber-trace-id,18.25,2026-09-08T08:40:48.327582+00:00,2026-09-08T08:40:48.331035+00:00,read_user_timeline,complete_read_user_timeline,200,true,true,whole_operation_contract_v1,,false,3.4526130000074318,2500,a7dac0b754900e8cf20f73628f0ad8b7bb1be59e9c6cd4efb34be72a247ecb3f,
deathstarbench_social_network,colocated,N,0,baseline,ten-contract-qualification-34205650183-deathstarbench_social_network-colocated-N-r0-baseline-000074,05e81da1755e8319,uber-trace-id,18.5,2026-09-08T08:40:48.577658+00:00,2026-09-08T08:40:48.580158+00:00,read_home_timeline,complete_read_home_timeline,200,true,true,whole_operation_contract_v1,,false,2.499446000001626,2500,a7dac0b754900e8cf20f73628f0ad8b7bb1be59e9c6cd4efb34be72a247ecb3f,
deathstarbench_social_network,colocated,N,0,baseline,ten-contract-qualification-34205650183-deathstarbench_social_network-colocated-N-r0-baseline-000075,40a6871fc68cef0e,uber-trace-id,18.75,2026-09-08T08:40:48.827641+00:00,2026-09-08T08:40:48.830254+00:00,read_user_timeline,complete_read_user_timeline,200,true,true,whole_operation_contract_v1,,false,2.613029000002598,2500,a7dac0b754900e8cf20f73628f0ad8b7bb1be59e9c6cd4efb34be72a247ecb3f,
deathstarbench_social_network,colocated,N,0,baseline,ten-contract-qualification-34205650183-deathstarbench_social_network-colocated-N-r0-baseline-000076,4c2dc80e28a59095,uber-trace-id,19.0,2026-09-08T08:40:49.077686+00:00,2026-09-08T08:40:49.081486+00:00,read_user_timeline,complete_read_user_timeline,200,true,true,whole_operation_contract_v1,,false,3.7995059999786918,2500,a7dac0b754900e8cf20f73628f0ad8b7bb1be59e9c6cd4efb34be72a247ecb3f,
deathstarbench_social_network,colocated,N,0,baseline,ten-contract-qualification-34205650183-deathstarbench_social_network-colocated-N-r0-baseline-000077,af9f85b784aa3662,uber-trace-id,19.25,2026-09-08T08:40:49.327599+00:00,2026-09-08T08:40:49.330479+00:00,read_home_timeline,complete_read_home_timeline,200,true,true,whole_operation_contract_v1,,false,2.879231000008531,2500,a7dac0b754900e8cf20f73628f0ad8b7bb1be59e9c6cd4efb34be72a247ecb3f,
deathstarbench_social_network,colocated,N,0,baseline,ten-contract-qualification-34205650183-deathstarbench_social_network-colocated-N-r0-baseline-000078,db07605ad080d75a,uber-trace-id,19.5,2026-09-08T08:40:49.577641+00:00,2026-09-08T08:40:49.581914+00:00,compose_post,text_only,200,true,true,whole_operation_contract_v1,,false,4.272901999996748,25,08e60fbff5ab682e67e5cbbf4ad40bb1c876e7eddc85047f4e35f52d8a95d07f,
deathstarbench_social_network,colocated,N,0,baseline,ten-contract-qualification-34205650183-deathstarbench_social_network-colocated-N-r0-baseline-000079,cdd3a8cac1034e70,uber-trace-id,19.75,2026-09-08T08:40:49.827636+00:00,2026-09-08T08:40:49.831157+00:00,read_user_timeline,complete_read_user_timeline,200,true,true,whole_operation_contract_v1,,false,3.5220240000057856,2449,6c761dee7077bcd22313cff225def251d38e9097cd61f7c24c8c06d1def14bf4,
deathstarbench_social_network,colocated,N,0,baseline,ten-contract-qualification-34205650183-deathstarbench_social_network-colocated-N-r0-baseline-000080,2118326a3c0f1ad1,uber-trace-id,20.0,2026-09-08T08:40:50.077618+00:00,2026-09-08T08:40:50.080564+00:00,read_user_timeline,complete_read_user_timeline,200,true,true,whole_operation_contract_v1,,false,2.9466649999960737,2449,6c761dee7077bcd22313cff225def251d38e9097cd61f7c24c8c06d1def14bf4,
deathstarbench_social_network,colocated,N,0,baseline,ten-contract-qualification-34205650183-deathstarbench_social_network-colocated-N-r0-baseline-000081,6741e39559b02407,uber-trace-id,20.25,2026-09-08T08:40:50.327590+00:00,2026-09-08T08:40:50.330886+00:00,read_user_timeline,complete_read_user_timeline,200,true,true,whole_operation_contract_v1,,false,3.2960620000039853,2449,6c761dee7077bcd22313cff225def251d38e9097cd61f7c24c8c06d1def14bf4,
deathstarbench_social_network,colocated,N,0,baseline,ten-contract-qualification-34205650183-deathstarbench_social_network-colocated-N-r0-baseline-000082,1e3995da028e320a,uber-trace-id,20.5,2026-09-08T08:40:50.577646+00:00,2026-09-08T08:40:50.580781+00:00,read_home_timeline,complete_read_home_timeline,200,true,true,whole_operation_contract_v1,,false,3.1341989999873476,2449,6c761dee7077bcd22313cff225def251d38e9097cd61f7c24c8c06d1def14bf4,
deathstarbench_social_network,colocated,N,0,baseline,ten-contract-qualification-34205650183-deathstarbench_social_network-colocated-N-r0-baseline-000083,853ff525d02ccaca,uber-trace-id,20.75,2026-09-08T08:40:50.827589+00:00,2026-09-08T08:40:50.830900+00:00,read_user_timeline,complete_read_user_timeline,200,true,true,whole_operation_contract_v1,,false,3.310807000019622,2449,6c761dee7077bcd22313cff225def251d38e9097cd61f7c24c8c06d1def14bf4,
deathstarbench_social_network,colocated,N,0,baseline,ten-contract-qualification-34205650183-deathstarbench_social_network-colocated-N-r0-baseline-000084,5b351b230943d205,uber-trace-id,21.0,2026-09-08T08:40:51.077601+00:00,2026-09-08T08:40:51.080279+00:00,read_home_timeline,complete_read_home_timeline,200,true,true,whole_operation_contract_v1,,false,2.6770910000095682,2449,6c761dee7077bcd22313cff225def251d38e9097cd61f7c24c8c06d1def14bf4,
deathstarbench_social_network,colocated,N,0,baseline,ten-contract-qualification-34205650183-deathstarbench_social_network-colocated-N-r0-baseline-000085,20f83007cc49a672,uber-trace-id,21.25,2026-09-08T08:40:51.327584+00:00,2026-09-08T08:40:51.330396+00:00,read_home_timeline,complete_read_home_timeline,200,true,true,whole_operation_contract_v1,,false,2.8118550000044706,2449,6c761dee7077bcd22313cff225def251d38e9097cd61f7c24c8c06d1def14bf4,
deathstarbench_social_network,colocated,N,0,baseline,ten-contract-qualification-34205650183-deathstarbench_social_network-colocated-N-r0-baseline-000086,12db598868800e21,uber-trace-id,21.5,2026-09-08T08:40:51.577664+00:00,2026-09-08T08:40:51.582163+00:00,compose_post,text_only,200,true,true,whole_operation_contract_v1,,false,4.499045000017077,25,08e60fbff5ab682e67e5cbbf4ad40bb1c876e7eddc85047f4e35f52d8a95d07f,
deathstarbench_social_network,colocated,N,0,baseline,ten-contract-qualification-34205650183-deathstarbench_social_network-colocated-N-r0-baseline-000087,bd20711414bdd1db,uber-trace-id,21.75,2026-09-08T08:40:51.827597+00:00,2026-09-08T08:40:51.832808+00:00,compose_post,with_media,200,true,true,whole_operation_contract_v1,,false,5.211057999986224,25,08e60fbff5ab682e67e5cbbf4ad40bb1c876e7eddc85047f4e35f52d8a95d07f,
deathstarbench_social_network,colocated,N,0,baseline,ten-contract-qualification-34205650183-deathstarbench_social_network-colocated-N-r0-baseline-000088,a3267e580ef90234,uber-trace-id,22.0,2026-09-08T08:40:52.077587+00:00,2026-09-08T08:40:52.081873+00:00,read_home_timeline,complete_read_home_timeline,200,true,true,whole_operation_contract_v1,,false,4.285101999982999,2500,db81651fd0bc5cdecdeb4e22d51b6d734505de392fc3c222d3494fcf2bf90759,
deathstarbench_social_network,colocated,N,0,baseline,ten-contract-qualification-34205650183-deathstarbench_social_network-colocated-N-r0-baseline-000089,83e2f62fe220a2b9,uber-trace-id,22.25,2026-09-08T08:40:52.327629+00:00,2026-09-08T08:40:52.331220+00:00,read_home_timeline,complete_read_home_timeline,200,true,true,whole_operation_contract_v1,,false,3.5906079999961094,2500,db81651fd0bc5cdecdeb4e22d51b6d734505de392fc3c222d3494fcf2bf90759,
deathstarbench_social_network,colocated,N,0,baseline,ten-contract-qualification-34205650183-deathstarbench_social_network-colocated-N-r0-baseline-000090,3d922b5b943db89e,uber-trace-id,22.5,2026-09-08T08:40:52.577588+00:00,2026-09-08T08:40:52.584116+00:00,compose_post,text_only,200,true,true,whole_operation_contract_v1,,false,6.528235000018867,25,08e60fbff5ab682e67e5cbbf4ad40bb1c876e7eddc85047f4e35f52d8a95d07f,
deathstarbench_social_network,colocated,N,0,baseline,ten-contract-qualification-34205650183-deathstarbench_social_network-colocated-N-r0-baseline-000091,d2b874bfe3816ae7,uber-trace-id,22.75,2026-09-08T08:40:52.827589+00:00,2026-09-08T08:40:52.831151+00:00,read_user_timeline,complete_read_user_timeline,200,true,true,whole_operation_contract_v1,,false,3.561806000021761,2500,a67d584814f1be8723d746628871c9fc862be8eb9baaefde5c08adeb613a438e,
deathstarbench_social_network,colocated,N,0,baseline,ten-contract-qualification-34205650183-deathstarbench_social_network-colocated-N-r0-baseline-000092,78d0db60005ac472,uber-trace-id,23.0,2026-09-08T08:40:53.077612+00:00,2026-09-08T08:40:53.082001+00:00,read_user_timeline,complete_read_user_timeline,200,true,true,whole_operation_contract_v1,,false,4.387904999987313,2500,a67d584814f1be8723d746628871c9fc862be8eb9baaefde5c08adeb613a438e,
deathstarbench_social_network,colocated,N,0,baseline,ten-contract-qualification-34205650183-deathstarbench_social_network-colocated-N-r0-baseline-000093,0a06358916c7b09e,uber-trace-id,23.25,2026-09-08T08:40:53.327618+00:00,2026-09-08T08:40:53.330869+00:00,read_home_timeline,complete_read_home_timeline,200,true,true,whole_operation_contract_v1,,false,3.251204999997981,2500,a67d584814f1be8723d746628871c9fc862be8eb9baaefde5c08adeb613a438e,
deathstarbench_social_network,colocated,N,0,baseline,ten-contract-qualification-34205650183-deathstarbench_social_network-colocated-N-r0-baseline-000094,0af3b06b02b5b8b1,uber-trace-id,23.5,2026-09-08T08:40:53.577626+00:00,2026-09-08T08:40:53.581781+00:00,compose_post,text_only,200,true,true,whole_operation_contract_v1,,false,4.154577999997855,25,08e60fbff5ab682e67e5cbbf4ad40bb1c876e7eddc85047f4e35f52d8a95d07f,
deathstarbench_social_network,colocated,N,0,baseline,ten-contract-qualification-34205650183-deathstarbench_social_network-colocated-N-r0-baseline-000095,4b7e9ec3adf8bce9,uber-trace-id,23.75,2026-09-08T08:40:53.827601+00:00,2026-09-08T08:40:53.830910+00:00,read_home_timeline,complete_read_home_timeline,200,true,true,whole_operation_contract_v1,,false,3.309386000012182,2449,dc031577cfa24c5ddfeb34ecdf68ab4202950b5b546a5c8ba0690b32f307f8e8,
deathstarbench_social_network,colocated,N,0,baseline,ten-contract-qualification-34205650183-deathstarbench_social_network-colocated-N-r0-baseline-000096,2fd9b198ee0954fc,uber-trace-id,24.0,2026-09-08T08:40:54.077666+00:00,2026-09-08T08:40:54.082400+00:00,compose_post,text_only,200,true,true,whole_operation_contract_v1,,false,4.732873999984122,25,08e60fbff5ab682e67e5cbbf4ad40bb1c876e7eddc85047f4e35f52d8a95d07f,
deathstarbench_social_network,colocated,N,0,baseline,ten-contract-qualification-34205650183-deathstarbench_social_network-colocated-N-r0-baseline-000097,0cf606e4e7e97084,uber-trace-id,24.25,2026-09-08T08:40:54.327614+00:00,2026-09-08T08:40:54.330898+00:00,read_home_timeline,complete_read_home_timeline,200,true,true,whole_operation_contract_v1,,false,3.2842200000118282,2448,1a8cbfc7a7c2a6dc13ccef7422525760a9abb37fa6b866d95869ca3fc0ff7ca7,
deathstarbench_social_network,colocated,N,0,baseline,ten-contract-qualification-34205650183-deathstarbench_social_network-colocated-N-r0-baseline-000098,a1fae2bed9fc3038,uber-trace-id,24.5,2026-09-08T08:40:54.577643+00:00,2026-09-08T08:40:54.580786+00:00,read_user_timeline,complete_read_user_timeline,200,true,true,whole_operation_contract_v1,,false,3.143392999987782,2448,1a8cbfc7a7c2a6dc13ccef7422525760a9abb37fa6b866d95869ca3fc0ff7ca7,
deathstarbench_social_network,colocated,N,0,baseline,ten-contract-qualification-34205650183-deathstarbench_social_network-colocated-N-r0-baseline-000099,bbc36a1d1dad4834,uber-trace-id,24.75,2026-09-08T08:40:54.827642+00:00,2026-09-08T08:40:54.830626+00:00,read_home_timeline,complete_read_home_timeline,200,true,true,whole_operation_contract_v1,,false,2.9839860000038243,2448,1a8cbfc7a7c2a6dc13ccef7422525760a9abb37fa6b866d95869ca3fc0ff7ca7,
deathstarbench_social_network,colocated,N,0,baseline,ten-contract-qualification-34205650183-deathstarbench_social_network-colocated-N-r0-baseline-000100,c1399f62f9b0be76,uber-trace-id,25.0,2026-09-08T08:40:55.077666+00:00,2026-09-08T08:40:55.080910+00:00,read_home_timeline,complete_read_home_timeline,200,true,true,whole_operation_contract_v1,,false,3.2441909999931795,2448,1a8cbfc7a7c2a6dc13ccef7422525760a9abb37fa6b866d95869ca3fc0ff7ca7,
deathstarbench_social_network,colocated,N,0,baseline,ten-contract-qualification-34205650183-deathstarbench_social_network-colocated-N-r0-baseline-000101,1d679f4b7d4fe653,uber-trace-id,25.25,2026-09-08T08:40:55.327602+00:00,2026-09-08T08:40:55.330298+00:00,read_home_timeline,complete_read_home_timeline,200,true,true,whole_operation_contract_v1,,false,2.695294000005788,2448,1a8cbfc7a7c2a6dc13ccef7422525760a9abb37fa6b866d95869ca3fc0ff7ca7,
deathstarbench_social_network,colocated,N,0,baseline,ten-contract-qualification-34205650183-deathstarbench_social_network-colocated-N-r0-baseline-000102,e90a6d0f8989c23c,uber-trace-id,25.5,2026-09-08T08:40:55.577626+00:00,2026-09-08T08:40:55.580263+00:00,read_user_timeline,complete_read_user_timeline,200,true,true,whole_operation_contract_v1,,false,2.6373370000101204,2448,1a8cbfc7a7c2a6dc13ccef7422525760a9abb37fa6b866d95869ca3fc0ff7ca7,
deathstarbench_social_network,colocated,N,0,baseline,ten-contract-qualification-34205650183-deathstarbench_social_network-colocated-N-r0-baseline-000103,2e633be9afd22bad,uber-trace-id,25.75,2026-09-08T08:40:55.827642+00:00,2026-09-08T08:40:55.830142+00:00,read_home_timeline,complete_read_home_timeline,200,true,true,whole_operation_contract_v1,,false,2.499566000011555,2448,1a8cbfc7a7c2a6dc13ccef7422525760a9abb37fa6b866d95869ca3fc0ff7ca7,
deathstarbench_social_network,colocated,N,0,baseline,ten-contract-qualification-34205650183-deathstarbench_social_network-colocated-N-r0-baseline-000104,1eba2791d9e356fc,uber-trace-id,26.0,2026-09-08T08:40:56.078099+00:00,2026-09-08T08:40:56.082849+00:00,compose_post,text_only,200,true,true,whole_operation_contract_v1,,false,4.749375000017153,25,08e60fbff5ab682e67e5cbbf4ad40bb1c876e7eddc85047f4e35f52d8a95d07f,
deathstarbench_social_network,colocated,N,0,baseline,ten-contract-qualification-34205650183-deathstarbench_social_network-colocated-N-r0-baseline-000105,3e8feea66702a9ae,uber-trace-id,26.25,2026-09-08T08:40:56.327595+00:00,2026-09-08T08:40:56.331447+00:00,read_user_timeline,complete_read_user_timeline,200,true,true,whole_operation_contract_v1,,false,3.851540999988856,2396,3fa1f5f9f3b63b7c4fdea4fc9637b0177730c5404d02465b9e7a772fa9afe118,
deathstarbench_social_network,colocated,N,0,baseline,ten-contract-qualification-34205650183-deathstarbench_social_network-colocated-N-r0-baseline-000106,bc055b21696014f2,uber-trace-id,26.5,2026-09-08T08:40:56.577645+00:00,2026-09-08T08:40:56.580895+00:00,read_user_timeline,complete_read_user_timeline,200,true,true,whole_operation_contract_v1,,false,3.249765999981946,2396,3fa1f5f9f3b63b7c4fdea4fc9637b0177730c5404d02465b9e7a772fa9afe118,
deathstarbench_social_network,colocated,N,0,baseline,ten-contract-qualification-34205650183-deathstarbench_social_network-colocated-N-r0-baseline-000107,b613ab292a85eccd,uber-trace-id,26.75,2026-09-08T08:40:56.827612+00:00,2026-09-08T08:40:56.830011+00:00,read_home_timeline,complete_read_home_timeline,200,true,true,whole_operation_contract_v1,,false,2.3984940000048027,2396,3fa1f5f9f3b63b7c4fdea4fc9637b0177730c5404d02465b9e7a772fa9afe118,
deathstarbench_social_network,colocated,N,0,baseline,ten-contract-qualification-34205650183-deathstarbench_social_network-colocated-N-r0-baseline-000108,5fcd041262b79117,uber-trace-id,27.0,2026-09-08T08:40:57.077739+00:00,2026-09-08T08:40:57.080694+00:00,read_home_timeline,complete_read_home_timeline,200,true,true,whole_operation_contract_v1,,false,2.9557990000057544,2396,3fa1f5f9f3b63b7c4fdea4fc9637b0177730c5404d02465b9e7a772fa9afe118,
deathstarbench_social_network,colocated,N,0,baseline,ten-contract-qualification-34205650183-deathstarbench_social_network-colocated-N-r0-baseline-000109,fbda5d8c601c23fc,uber-trace-id,27.25,2026-09-08T08:40:57.327602+00:00,2026-09-08T08:40:57.330241+00:00,read_user_timeline,complete_read_user_timeline,200,true,true,whole_operation_contract_v1,,false,2.6386049999871375,2396,3fa1f5f9f3b63b7c4fdea4fc9637b0177730c5404d02465b9e7a772fa9afe118,
deathstarbench_social_network,colocated,N,0,baseline,ten-contract-qualification-34205650183-deathstarbench_social_network-colocated-N-r0-baseline-000110,a9d53c56042c280a,uber-trace-id,27.5,2026-09-08T08:40:57.577659+00:00,2026-09-08T08:40:57.580322+00:00,read_user_timeline,complete_read_user_timeline,200,true,true,whole_operation_contract_v1,,false,2.6630510000131835,2396,3fa1f5f9f3b63b7c4fdea4fc9637b0177730c5404d02465b9e7a772fa9afe118,
deathstarbench_social_network,colocated,N,0,baseline,ten-contract-qualification-34205650183-deathstarbench_social_network-colocated-N-r0-baseline-000111,9bbecf3584b46766,uber-trace-id,27.75,2026-09-08T08:40:57.827646+00:00,2026-09-08T08:40:57.831876+00:00,compose_post,with_media,200,true,true,whole_operation_contract_v1,,false,4.230262000021412,25,08e60fbff5ab682e67e5cbbf4ad40bb1c876e7eddc85047f4e35f52d8a95d07f,
deathstarbench_social_network,colocated,N,0,baseline,ten-contract-qualification-34205650183-deathstarbench_social_network-colocated-N-r0-baseline-000112,d81b778e587676b7,uber-trace-id,28.0,2026-09-08T08:40:58.077636+00:00,2026-09-08T08:40:58.082576+00:00,compose_post,text_only,200,true,true,whole_operation_contract_v1,,false,4.939083000010669,25,08e60fbff5ab682e67e5cbbf4ad40bb1c876e7eddc85047f4e35f52d8a95d07f,
deathstarbench_social_network,colocated,N,0,baseline,ten-contract-qualification-34205650183-deathstarbench_social_network-colocated-N-r0-baseline-000113,6120617a4aeb2ed8,uber-trace-id,28.25,2026-09-08T08:40:58.327584+00:00,2026-09-08T08:40:58.330970+00:00,read_user_timeline,complete_read_user_timeline,200,true,true,whole_operation_contract_v1,,false,3.3855259999882037,2397,9bd5ed710e3e9b4f1f8b71e556b62ffbade88eba320dd6f689e7192e143267c2,
deathstarbench_social_network,colocated,N,0,baseline,ten-contract-qualification-34205650183-deathstarbench_social_network-colocated-N-r0-baseline-000114,daf3566dea3e73bd,uber-trace-id,28.5,2026-09-08T08:40:58.577638+00:00,2026-09-08T08:40:58.580803+00:00,read_home_timeline,complete_read_home_timeline,200,true,true,whole_operation_contract_v1,,false,3.1643310000220026,2397,9bd5ed710e3e9b4f1f8b71e556b62ffbade88eba320dd6f689e7192e143267c2,
deathstarbench_social_network,colocated,N,0,baseline,ten-contract-qualification-34205650183-deathstarbench_social_network-colocated-N-r0-baseline-000115,79fd40cc35fec4e2,uber-trace-id,28.75,2026-09-08T08:40:58.827643+00:00,2026-09-08T08:40:58.829951+00:00,read_home_timeline,complete_read_home_timeline,200,true,true,whole_operation_contract_v1,,false,2.308046000024433,2397,9bd5ed710e3e9b4f1f8b71e556b62ffbade88eba320dd6f689e7192e143267c2,
deathstarbench_social_network,colocated,N,0,baseline,ten-contract-qualification-34205650183-deathstarbench_social_network-colocated-N-r0-baseline-000116,a2cd8e28c5dde0a8,uber-trace-id,29.0,2026-09-08T08:40:59.077720+00:00,2026-09-08T08:40:59.080621+00:00,read_user_timeline,complete_read_user_timeline,200,true,true,whole_operation_contract_v1,,false,2.9005689999905826,2397,9bd5ed710e3e9b4f1f8b71e556b62ffbade88eba320dd6f689e7192e143267c2,
deathstarbench_social_network,colocated,N,0,baseline,ten-contract-qualification-34205650183-deathstarbench_social_network-colocated-N-r0-baseline-000117,29b3dbd53060244f,uber-trace-id,29.25,2026-09-08T08:40:59.327607+00:00,2026-09-08T08:40:59.331702+00:00,read_user_timeline,complete_read_user_timeline,200,true,true,whole_operation_contract_v1,,false,4.094987000001993,2397,9bd5ed710e3e9b4f1f8b71e556b62ffbade88eba320dd6f689e7192e143267c2,
deathstarbench_social_network,colocated,N,0,baseline,ten-contract-qualification-34205650183-deathstarbench_social_network-colocated-N-r0-baseline-000118,4d0aa8eec6852938,uber-trace-id,29.5,2026-09-08T08:40:59.577639+00:00,2026-09-08T08:40:59.580204+00:00,read_user_timeline,complete_read_user_timeline,200,true,true,whole_operation_contract_v1,,false,2.565026000013404,2397,9bd5ed710e3e9b4f1f8b71e556b62ffbade88eba320dd6f689e7192e143267c2,
deathstarbench_social_network,colocated,N,0,baseline,ten-contract-qualification-34205650183-deathstarbench_social_network-colocated-N-r0-baseline-000119,fb3e7bc5ad2d8c05,uber-trace-id,29.75,2026-09-08T08:40:59.827587+00:00,2026-09-08T08:40:59.830286+00:00,read_home_timeline,complete_read_home_timeline,200,true,true,whole_operation_contract_v1,,false,2.6983470000061516,2397,9bd5ed710e3e9b4f1f8b71e556b62ffbade88eba320dd6f689e7192e143267c2,
deathstarbench_social_network,colocated,N,0,baseline,ten-contract-qualification-34205650183-deathstarbench_social_network-colocated-N-r0-baseline-000120,d0f04552c77a4044,uber-trace-id,30.0,2026-09-08T08:41:00.077657+00:00,2026-09-08T08:41:00.080659+00:00,read_user_timeline,complete_read_user_timeline,200,true,true,whole_operation_contract_v1,,false,3.0019030000119074,2397,9bd5ed710e3e9b4f1f8b71e556b62ffbade88eba320dd6f689e7192e143267c2,
deathstarbench_social_network,colocated,N,0,baseline,ten-contract-qualification-34205650183-deathstarbench_social_network-colocated-N-r0-baseline-000121,28b4d1c789ecf0c9,uber-trace-id,30.25,2026-09-08T08:41:00.327599+00:00,2026-09-08T08:41:00.331775+00:00,compose_post,with_media,200,true,true,whole_operation_contract_v1,,false,4.175333999995701,25,08e60fbff5ab682e67e5cbbf4ad40bb1c876e7eddc85047f4e35f52d8a95d07f,
deathstarbench_social_network,colocated,N,0,baseline,ten-contract-qualification-34205650183-deathstarbench_social_network-colocated-N-r0-baseline-000122,212a724729cba8c7,uber-trace-id,30.5,2026-09-08T08:41:00.577623+00:00,2026-09-08T08:41:00.580741+00:00,read_home_timeline,complete_read_home_timeline,200,true,true,whole_operation_contract_v1,,false,3.1183669999848007,2450,bcb87189dca69b8fda043ecda8897a132247b5bf3414425011a89c894f646771,
deathstarbench_social_network,colocated,N,0,baseline,ten-contract-qualification-34205650183-deathstarbench_social_network-colocated-N-r0-baseline-000123,b0c47086bec2d283,uber-trace-id,30.75,2026-09-08T08:41:00.827641+00:00,2026-09-08T08:41:00.830121+00:00,read_home_timeline,complete_read_home_timeline,200,true,true,whole_operation_contract_v1,,false,2.4790770000038265,2450,bcb87189dca69b8fda043ecda8897a132247b5bf3414425011a89c894f646771,
deathstarbench_social_network,colocated,N,0,baseline,ten-contract-qualification-34205650183-deathstarbench_social_network-colocated-N-r0-baseline-000124,bce428d8417ea5af,uber-trace-id,31.0,2026-09-08T08:41:01.077750+00:00,2026-09-08T08:41:01.082173+00:00,compose_post,text_only,200,true,true,whole_operation_contract_v1,,false,4.4226639999749295,25,08e60fbff5ab682e67e5cbbf4ad40bb1c876e7eddc85047f4e35f52d8a95d07f,
deathstarbench_social_network,colocated,N,0,baseline,ten-contract-qualification-34205650183-deathstarbench_social_network-colocated-N-r0-baseline-000125,0951e1e1905f1d49,uber-trace-id,31.25,2026-09-08T08:41:01.327600+00:00,2026-09-08T08:41:01.331441+00:00,read_user_timeline,complete_read_user_timeline,200,true,true,whole_operation_contract_v1,,false,3.841296999979704,2449,434103962efed1ee6efedd36cf296df9908927089d8a3a921fb12c4398601b67,
deathstarbench_social_network,colocated,N,0,baseline,ten-contract-qualification-34205650183-deathstarbench_social_network-colocated-N-r0-baseline-000126,5dbd6b39593c5cd0,uber-trace-id,31.5,2026-09-08T08:41:01.577626+00:00,2026-09-08T08:41:01.581732+00:00,compose_post,text_only,200,true,true,whole_operation_contract_v1,,false,4.105417000005218,25,08e60fbff5ab682e67e5cbbf4ad40bb1c876e7eddc85047f4e35f52d8a95d07f,
deathstarbench_social_network,colocated,N,0,baseline,ten-contract-qualification-34205650183-deathstarbench_social_network-colocated-N-r0-baseline-000127,57822b52cfaacb06,uber-trace-id,31.75,2026-09-08T08:41:01.827623+00:00,2026-09-08T08:41:01.831151+00:00,read_user_timeline,complete_read_user_timeline,200,true,true,whole_operation_contract_v1,,false,3.5272540000050867,2450,b6082e0e4eca5d81f063ab13555e1bed4f26a7a3917a411adb5af841eb0d81a2,
deathstarbench_social_network,colocated,N,0,baseline,ten-contract-qualification-34205650183-deathstarbench_social_network-colocated-N-r0-baseline-000128,27e7f8681f2f10ec,uber-trace-id,32.0,2026-09-08T08:41:02.077795+00:00,2026-09-08T08:41:02.082463+00:00,compose_post,text_only,200,true,true,whole_operation_contract_v1,,false,4.66760800000543,25,08e60fbff5ab682e67e5cbbf4ad40bb1c876e7eddc85047f4e35f52d8a95d07f,
deathstarbench_social_network,colocated,N,0,baseline,ten-contract-qualification-34205650183-deathstarbench_social_network-colocated-N-r0-baseline-000129,4429f68e2d54d5e8,uber-trace-id,32.25,2026-09-08T08:41:02.327577+00:00,2026-09-08T08:41:02.330891+00:00,read_user_timeline,complete_read_user_timeline,200,true,true,whole_operation_contract_v1,,false,3.3143480000035197,2398,0c524c704624a5e3ab6c1f140feedc5824f816cdcbaaff31017c2c563db8e0aa,
deathstarbench_social_network,colocated,N,0,baseline,ten-contract-qualification-34205650183-deathstarbench_social_network-colocated-N-r0-baseline-000130,eb2f9a36628e8e92,uber-trace-id,32.5,2026-09-08T08:41:02.577607+00:00,2026-09-08T08:41:02.580449+00:00,read_user_timeline,complete_read_user_timeline,200,true,true,whole_operation_contract_v1,,false,2.8418070000100215,2398,0c524c704624a5e3ab6c1f140feedc5824f816cdcbaaff31017c2c563db8e0aa,
deathstarbench_social_network,colocated,N,0,baseline,ten-contract-qualification-34205650183-deathstarbench_social_network-colocated-N-r0-baseline-000131,ca4d795bc042ff1d,uber-trace-id,32.75,2026-09-08T08:41:02.827609+00:00,2026-09-08T08:41:02.829965+00:00,read_user_timeline,complete_read_user_timeline,200,true,true,whole_operation_contract_v1,,false,2.3552030000075774,2398,0c524c704624a5e3ab6c1f140feedc5824f816cdcbaaff31017c2c563db8e0aa,
deathstarbench_social_network,colocated,N,0,baseline,ten-contract-qualification-34205650183-deathstarbench_social_network-colocated-N-r0-baseline-000132,a3bdd5a3f8e50889,uber-trace-id,33.0,2026-09-08T08:41:03.077620+00:00,2026-09-08T08:41:03.080411+00:00,read_home_timeline,complete_read_home_timeline,200,true,true,whole_operation_contract_v1,,false,2.791446999992786,2398,0c524c704624a5e3ab6c1f140feedc5824f816cdcbaaff31017c2c563db8e0aa,
deathstarbench_social_network,colocated,N,0,baseline,ten-contract-qualification-34205650183-deathstarbench_social_network-colocated-N-r0-baseline-000133,8ab9be5ca9fa6d1b,uber-trace-id,33.25,2026-09-08T08:41:03.327601+00:00,2026-09-08T08:41:03.330727+00:00,read_home_timeline,complete_read_home_timeline,200,true,true,whole_operation_contract_v1,,false,3.1263509999917005,2398,0c524c704624a5e3ab6c1f140feedc5824f816cdcbaaff31017c2c563db8e0aa,
deathstarbench_social_network,colocated,N,0,baseline,ten-contract-qualification-34205650183-deathstarbench_social_network-colocated-N-r0-baseline-000134,64c0ea8a64ab9892,uber-trace-id,33.5,2026-09-08T08:41:03.577606+00:00,2026-09-08T08:41:03.582901+00:00,compose_post,text_only,200,true,true,whole_operation_contract_v1,,false,5.295517999996946,25,08e60fbff5ab682e67e5cbbf4ad40bb1c876e7eddc85047f4e35f52d8a95d07f,
deathstarbench_social_network,colocated,N,0,baseline,ten-contract-qualification-34205650183-deathstarbench_social_network-colocated-N-r0-baseline-000135,2cc401fc26709736,uber-trace-id,33.75,2026-09-08T08:41:03.827607+00:00,2026-09-08T08:41:03.831295+00:00,read_home_timeline,complete_read_home_timeline,200,true,true,whole_operation_contract_v1,,false,3.688092000004417,2399,3e50bc3f72660bacd4b9939b1cca56678e1c34f1f8268d8dae92c77a1ff34e37,
deathstarbench_social_network,colocated,N,0,baseline,ten-contract-qualification-34205650183-deathstarbench_social_network-colocated-N-r0-baseline-000136,07f434e1d936b9c1,uber-trace-id,34.0,2026-09-08T08:41:04.077659+00:00,2026-09-08T08:41:04.087040+00:00,compose_post,text_only,200,true,true,whole_operation_contract_v1,,false,9.380386000003682,25,08e60fbff5ab682e67e5cbbf4ad40bb1c876e7eddc85047f4e35f52d8a95d07f,
deathstarbench_social_network,colocated,N,0,baseline,ten-contract-qualification-34205650183-deathstarbench_social_network-colocated-N-r0-baseline-000137,5a7ec811e91372c8,uber-trace-id,34.25,2026-09-08T08:41:04.327606+00:00,2026-09-08T08:41:04.330987+00:00,read_home_timeline,complete_read_home_timeline,200,true,true,whole_operation_contract_v1,,false,3.3816369999897233,2399,f52afcb608e313d3d2f247893b3079a736a580400501f0b77716cea5b20b6310,
deathstarbench_social_network,colocated,N,0,baseline,ten-contract-qualification-34205650183-deathstarbench_social_network-colocated-N-r0-baseline-000138,6227ab3aaf227703,uber-trace-id,34.5,2026-09-08T08:41:04.577595+00:00,2026-09-08T08:41:04.580432+00:00,read_home_timeline,complete_read_home_timeline,200,true,true,whole_operation_contract_v1,,false,2.8367459999856237,2399,f52afcb608e313d3d2f247893b3079a736a580400501f0b77716cea5b20b6310,
deathstarbench_social_network,colocated,N,0,baseline,ten-contract-qualification-34205650183-deathstarbench_social_network-colocated-N-r0-baseline-000139,1cbf529b75c6cf5e,uber-trace-id,34.75,2026-09-08T08:41:04.827624+00:00,2026-09-08T08:41:04.830324+00:00,read_user_timeline,complete_read_user_timeline,200,true,true,whole_operation_contract_v1,,false,2.699140000004263,2399,f52afcb608e313d3d2f247893b3079a736a580400501f0b77716cea5b20b6310,
deathstarbench_social_network,colocated,N,0,baseline,ten-contract-qualification-34205650183-deathstarbench_social_network-colocated-N-r0-baseline-000140,8945a13de3d0a9bd,uber-trace-id,35.0,2026-09-08T08:41:05.077760+00:00,2026-09-08T08:41:05.080450+00:00,read_home_timeline,complete_read_home_timeline,200,true,true,whole_operation_contract_v1,,false,2.6895910000064305,2399,f52afcb608e313d3d2f247893b3079a736a580400501f0b77716cea5b20b6310,
deathstarbench_social_network,colocated,N,0,baseline,ten-contract-qualification-34205650183-deathstarbench_social_network-colocated-N-r0-baseline-000141,a515ba63511cdfcf,uber-trace-id,35.25,2026-09-08T08:41:05.327589+00:00,2026-09-08T08:41:05.330019+00:00,read_home_timeline,complete_read_home_timeline,200,true,true,whole_operation_contract_v1,,false,2.4292979999813724,2399,f52afcb608e313d3d2f247893b3079a736a580400501f0b77716cea5b20b6310,
deathstarbench_social_network,colocated,N,0,baseline,ten-contract-qualification-34205650183-deathstarbench_social_network-colocated-N-r0-baseline-000142,205aecef1ae868f2,uber-trace-id,35.5,2026-09-08T08:41:05.577584+00:00,2026-09-08T08:41:05.579946+00:00,read_home_timeline,complete_read_home_timeline,200,true,true,whole_operation_contract_v1,,false,2.361223999997719,2399,f52afcb608e313d3d2f247893b3079a736a580400501f0b77716cea5b20b6310,
deathstarbench_social_network,colocated,N,0,baseline,ten-contract-qualification-34205650183-deathstarbench_social_network-colocated-N-r0-baseline-000143,11e1f0f3030f69b2,uber-trace-id,35.75,2026-09-08T08:41:05.827588+00:00,2026-09-08T08:41:05.830468+00:00,read_home_timeline,complete_read_home_timeline,200,true,true,whole_operation_contract_v1,,false,2.8801200000145855,2399,f52afcb608e313d3d2f247893b3079a736a580400501f0b77716cea5b20b6310,
deathstarbench_social_network,colocated,N,0,baseline,ten-contract-qualification-34205650183-deathstarbench_social_network-colocated-N-r0-baseline-000144,7564713b514fcba4,uber-trace-id,36.0,2026-09-08T08:41:06.077966+00:00,2026-09-08T08:41:06.080467+00:00,read_home_timeline,complete_read_home_timeline,200,true,true,whole_operation_contract_v1,,false,2.501189000014392,2399,f52afcb608e313d3d2f247893b3079a736a580400501f0b77716cea5b20b6310,
deathstarbench_social_network,colocated,N,0,baseline,ten-contract-qualification-34205650183-deathstarbench_social_network-colocated-N-r0-baseline-000145,fb02f02dce269558,uber-trace-id,36.25,2026-09-08T08:41:06.327595+00:00,2026-09-08T08:41:06.330715+00:00,read_user_timeline,complete_read_user_timeline,200,true,true,whole_operation_contract_v1,,false,3.1206560000214267,2399,f52afcb608e313d3d2f247893b3079a736a580400501f0b77716cea5b20b6310,
deathstarbench_social_network,colocated,N,0,baseline,ten-contract-qualification-34205650183-deathstarbench_social_network-colocated-N-r0-baseline-000146,25e65ad9cc73556f,uber-trace-id,36.5,2026-09-08T08:41:06.577587+00:00,2026-09-08T08:41:06.580816+00:00,read_user_timeline,complete_read_user_timeline,200,true,true,whole_operation_contract_v1,,false,3.227950999985296,2399,f52afcb608e313d3d2f247893b3079a736a580400501f0b77716cea5b20b6310,
deathstarbench_social_network,colocated,N,0,baseline,ten-contract-qualification-34205650183-deathstarbench_social_network-colocated-N-r0-baseline-000147,c77fd2acac5a247d,uber-trace-id,36.75,2026-09-08T08:41:06.827600+00:00,2026-09-08T08:41:06.832020+00:00,compose_post,with_media,200,true,true,whole_operation_contract_v1,,false,4.419936999994434,25,08e60fbff5ab682e67e5cbbf4ad40bb1c876e7eddc85047f4e35f52d8a95d07f,
deathstarbench_social_network,colocated,N,0,baseline,ten-contract-qualification-34205650183-deathstarbench_social_network-colocated-N-r0-baseline-000148,8300480d31c1fc01,uber-trace-id,37.0,2026-09-08T08:41:07.077740+00:00,2026-09-08T08:41:07.082630+00:00,compose_post,text_only,200,true,true,whole_operation_contract_v1,,false,4.889798000021983,25,08e60fbff5ab682e67e5cbbf4ad40bb1c876e7eddc85047f4e35f52d8a95d07f,
deathstarbench_social_network,colocated,N,0,baseline,ten-contract-qualification-34205650183-deathstarbench_social_network-colocated-N-r0-baseline-000149,ead3c1a3a2c40e46,uber-trace-id,37.25,2026-09-08T08:41:07.327563+00:00,2026-09-08T08:41:07.331688+00:00,compose_post,with_media,200,true,true,whole_operation_contract_v1,,false,4.1249100000015915,25,08e60fbff5ab682e67e5cbbf4ad40bb1c876e7eddc85047f4e35f52d8a95d07f,
deathstarbench_social_network,colocated,N,0,baseline,ten-contract-qualification-34205650183-deathstarbench_social_network-colocated-N-r0-baseline-000150,530ed52c53144e2b,uber-trace-id,37.5,2026-09-08T08:41:07.577611+00:00,2026-09-08T08:41:07.581853+00:00,compose_post,text_only,200,true,true,whole_operation_contract_v1,,false,4.24166300001616,25,08e60fbff5ab682e67e5cbbf4ad40bb1c876e7eddc85047f4e35f52d8a95d07f,
deathstarbench_social_network,colocated,N,0,baseline,ten-contract-qualification-34205650183-deathstarbench_social_network-colocated-N-r0-baseline-000151,1b0502f482d523d1,uber-trace-id,37.75,2026-09-08T08:41:07.827640+00:00,2026-09-08T08:41:07.831210+00:00,read_user_timeline,complete_read_user_timeline,200,true,true,whole_operation_contract_v1,,false,3.570043999985728,2450,9937639d67db2997591c6e9f17a73d35456119d37cb6dfeaeb2818ee50800484,
deathstarbench_social_network,colocated,N,0,baseline,ten-contract-qualification-34205650183-deathstarbench_social_network-colocated-N-r0-baseline-000152,5e42971d783d9420,uber-trace-id,38.0,2026-09-08T08:41:08.077715+00:00,2026-09-08T08:41:08.080953+00:00,read_user_timeline,complete_read_user_timeline,200,true,true,whole_operation_contract_v1,,false,3.237410999986423,2450,9937639d67db2997591c6e9f17a73d35456119d37cb6dfeaeb2818ee50800484,
deathstarbench_social_network,colocated,N,0,baseline,ten-contract-qualification-34205650183-deathstarbench_social_network-colocated-N-r0-baseline-000153,173abfad1e792ff0,uber-trace-id,38.25,2026-09-08T08:41:08.327613+00:00,2026-09-08T08:41:08.331695+00:00,compose_post,with_media,200,true,true,whole_operation_contract_v1,,false,4.081853000002411,25,08e60fbff5ab682e67e5cbbf4ad40bb1c876e7eddc85047f4e35f52d8a95d07f,
deathstarbench_social_network,colocated,N,0,baseline,ten-contract-qualification-34205650183-deathstarbench_social_network-colocated-N-r0-baseline-000154,a6121e5982ccc9ef,uber-trace-id,38.5,2026-09-08T08:41:08.577629+00:00,2026-09-08T08:41:08.581824+00:00,read_user_timeline,complete_read_user_timeline,200,true,true,whole_operation_contract_v1,,false,4.194566999984772,2447,52818bace48193e59629a891ab244523acccae9d96a1df807b51523b604a604d,
deathstarbench_social_network,colocated,N,0,baseline,ten-contract-qualification-34205650183-deathstarbench_social_network-colocated-N-r0-baseline-000155,0b5c12c2f13ec9ec,uber-trace-id,38.75,2026-09-08T08:41:08.827631+00:00,2026-09-08T08:41:08.831850+00:00,compose_post,with_media,200,true,true,whole_operation_contract_v1,,false,4.21846700001538,25,08e60fbff5ab682e67e5cbbf4ad40bb1c876e7eddc85047f4e35f52d8a95d07f,
deathstarbench_social_network,colocated,N,0,baseline,ten-contract-qualification-34205650183-deathstarbench_social_network-colocated-N-r0-baseline-000156,3ec125841184b755,uber-trace-id,39.0,2026-09-08T08:41:09.077644+00:00,2026-09-08T08:41:09.081093+00:00,read_home_timeline,complete_read_home_timeline,200,true,true,whole_operation_contract_v1,,false,3.4488260000102855,2499,bb6f606106c4cf9dd20dd2de6c802dff2d3d69319a4d7cfe7129c80458887c4e,
deathstarbench_social_network,colocated,N,0,baseline,ten-contract-qualification-34205650183-deathstarbench_social_network-colocated-N-r0-baseline-000157,1dcdb1677d226b93,uber-trace-id,39.25,2026-09-08T08:41:09.327600+00:00,2026-09-08T08:41:09.329958+00:00,read_home_timeline,complete_read_home_timeline,200,true,true,whole_operation_contract_v1,,false,2.357560999996622,2499,bb6f606106c4cf9dd20dd2de6c802dff2d3d69319a4d7cfe7129c80458887c4e,
deathstarbench_social_network,colocated,N,0,baseline,ten-contract-qualification-34205650183-deathstarbench_social_network-colocated-N-r0-baseline-000158,d57c68fa229437d7,uber-trace-id,39.5,2026-09-08T08:41:09.577656+00:00,2026-09-08T08:41:09.580344+00:00,read_user_timeline,complete_read_user_timeline,200,true,true,whole_operation_contract_v1,,false,2.68846200000894,2499,bb6f606106c4cf9dd20dd2de6c802dff2d3d69319a4d7cfe7129c80458887c4e,
deathstarbench_social_network,colocated,N,0,baseline,ten-contract-qualification-34205650183-deathstarbench_social_network-colocated-N-r0-baseline-000159,7178c20ae6683a36,uber-trace-id,39.75,2026-09-08T08:41:09.827612+00:00,2026-09-08T08:41:09.830204+00:00,read_user_timeline,complete_read_user_timeline,200,true,true,whole_operation_contract_v1,,false,2.5916909999921245,2499,bb6f606106c4cf9dd20dd2de6c802dff2d3d69319a4d7cfe7129c80458887c4e,
deathstarbench_social_network,colocated,N,0,baseline,ten-contract-qualification-34205650183-deathstarbench_social_network-colocated-N-r0-baseline-000160,1cb0f323f2a6a86b,uber-trace-id,40.0,2026-09-08T08:41:10.077667+00:00,2026-09-08T08:41:10.082485+00:00,compose_post,text_only,200,true,true,whole_operation_contract_v1,,false,4.817520000017339,25,08e60fbff5ab682e67e5cbbf4ad40bb1c876e7eddc85047f4e35f52d8a95d07f,
deathstarbench_social_network,colocated,N,0,baseline,ten-contract-qualification-34205650183-deathstarbench_social_network-colocated-N-r0-baseline-000161,7d8e193adc72f797,uber-trace-id,40.25,2026-09-08T08:41:10.327584+00:00,2026-09-08T08:41:10.331373+00:00,read_home_timeline,complete_read_home_timeline,200,true,true,whole_operation_contract_v1,,false,3.7879939999925227,2498,4fc2ad0956d4a1a2be30255af0ff23caf73470f3351d5de1ce8e46385c9e3db2,
deathstarbench_social_network,colocated,N,0,baseline,ten-contract-qualification-34205650183-deathstarbench_social_network-colocated-N-r0-baseline-000162,db44f896db6719ed,uber-trace-id,40.5,2026-09-08T08:41:10.577622+00:00,2026-09-08T08:41:10.581842+00:00,compose_post,text_only,200,true,true,whole_operation_contract_v1,,false,4.2199110000069595,25,08e60fbff5ab682e67e5cbbf4ad40bb1c876e7eddc85047f4e35f52d8a95d07f,
deathstarbench_social_network,colocated,N,0,baseline,ten-contract-qualification-34205650183-deathstarbench_social_network-colocated-N-r0-baseline-000163,bcb2f70aebcde0d4,uber-trace-id,40.75,2026-09-08T08:41:10.827594+00:00,2026-09-08T08:41:10.830799+00:00,read_user_timeline,complete_read_user_timeline,200,true,true,whole_operation_contract_v1,,false,3.2042550000142,2498,d04db8472e3e4c3799e7388906918e3479071ea38aab14eea776f276d362882d,
deathstarbench_social_network,colocated,N,0,baseline,ten-contract-qualification-34205650183-deathstarbench_social_network-colocated-N-r0-baseline-000164,8f80dae176d5a0e8,uber-trace-id,41.0,2026-09-08T08:41:11.077662+00:00,2026-09-08T08:41:11.080541+00:00,read_home_timeline,complete_read_home_timeline,200,true,true,whole_operation_contract_v1,,false,2.8789469999992434,2498,d04db8472e3e4c3799e7388906918e3479071ea38aab14eea776f276d362882d,
deathstarbench_social_network,colocated,N,0,baseline,ten-contract-qualification-34205650183-deathstarbench_social_network-colocated-N-r0-baseline-000165,8ddd32ad7b7a163d,uber-trace-id,41.25,2026-09-08T08:41:11.327596+00:00,2026-09-08T08:41:11.330636+00:00,read_home_timeline,complete_read_home_timeline,200,true,true,whole_operation_contract_v1,,false,3.0399270000032175,2498,d04db8472e3e4c3799e7388906918e3479071ea38aab14eea776f276d362882d,
deathstarbench_social_network,colocated,N,0,baseline,ten-contract-qualification-34205650183-deathstarbench_social_network-colocated-N-r0-baseline-000166,223abe79a3f8c99f,uber-trace-id,41.5,2026-09-08T08:41:11.577658+00:00,2026-09-08T08:41:11.580301+00:00,read_user_timeline,complete_read_user_timeline,200,true,true,whole_operation_contract_v1,,false,2.6428740000028483,2498,d04db8472e3e4c3799e7388906918e3479071ea38aab14eea776f276d362882d,
deathstarbench_social_network,colocated,N,0,baseline,ten-contract-qualification-34205650183-deathstarbench_social_network-colocated-N-r0-baseline-000167,7d4ccf42f8b52e94,uber-trace-id,41.75,2026-09-08T08:41:11.827596+00:00,2026-09-08T08:41:11.830124+00:00,read_home_timeline,complete_read_home_timeline,200,true,true,whole_operation_contract_v1,,false,2.5273079999976744,2498,d04db8472e3e4c3799e7388906918e3479071ea38aab14eea776f276d362882d,
deathstarbench_social_network,colocated,N,0,baseline,ten-contract-qualification-34205650183-deathstarbench_social_network-colocated-N-r0-baseline-000168,99de5ea921d775de,uber-trace-id,42.0,2026-09-08T08:41:12.077654+00:00,2026-09-08T08:41:12.082599+00:00,compose_post,text_only,200,true,true,whole_operation_contract_v1,,false,4.944920000014008,25,08e60fbff5ab682e67e5cbbf4ad40bb1c876e7eddc85047f4e35f52d8a95d07f,
deathstarbench_social_network,colocated,N,0,baseline,ten-contract-qualification-34205650183-deathstarbench_social_network-colocated-N-r0-baseline-000169,dfa15d580db9880b,uber-trace-id,42.25,2026-09-08T08:41:12.327581+00:00,2026-09-08T08:41:12.331373+00:00,read_user_timeline,complete_read_user_timeline,200,true,true,whole_operation_contract_v1,,false,3.791747000008172,2497,94aa9ed8c1dace9e4466571c65e6865d2ac9894bc98635970f760a781390b94b,
deathstarbench_social_network,colocated,N,0,baseline,ten-contract-qualification-34205650183-deathstarbench_social_network-colocated-N-r0-baseline-000170,ae7f21d6d20d8826,uber-trace-id,42.5,2026-09-08T08:41:12.577617+00:00,2026-09-08T08:41:12.580445+00:00,read_home_timeline,complete_read_home_timeline,200,true,true,whole_operation_contract_v1,,false,2.8275710000116305,2497,94aa9ed8c1dace9e4466571c65e6865d2ac9894bc98635970f760a781390b94b,
deathstarbench_social_network,colocated,N,0,baseline,ten-contract-qualification-34205650183-deathstarbench_social_network-colocated-N-r0-baseline-000171,bf612084bfe5c685,uber-trace-id,42.75,2026-09-08T08:41:12.827595+00:00,2026-09-08T08:41:12.829863+00:00,read_home_timeline,complete_read_home_timeline,200,true,true,whole_operation_contract_v1,,false,2.268607999980077,2497,94aa9ed8c1dace9e4466571c65e6865d2ac9894bc98635970f760a781390b94b,
deathstarbench_social_network,colocated,N,0,baseline,ten-contract-qualification-34205650183-deathstarbench_social_network-colocated-N-r0-baseline-000172,265ed0aee4a16174,uber-trace-id,43.0,2026-09-08T08:41:13.077732+00:00,2026-09-08T08:41:13.082296+00:00,compose_post,text_only,200,true,true,whole_operation_contract_v1,,false,4.563587000006919,25,08e60fbff5ab682e67e5cbbf4ad40bb1c876e7eddc85047f4e35f52d8a95d07f,
deathstarbench_social_network,colocated,N,0,baseline,ten-contract-qualification-34205650183-deathstarbench_social_network-colocated-N-r0-baseline-000173,f221bd91c4776a21,uber-trace-id,43.25,2026-09-08T08:41:13.327605+00:00,2026-09-08T08:41:13.331668+00:00,compose_post,with_media,200,true,true,whole_operation_contract_v1,,false,4.062456000013981,25,08e60fbff5ab682e67e5cbbf4ad40bb1c876e7eddc85047f4e35f52d8a95d07f,
deathstarbench_social_network,colocated,N,0,baseline,ten-contract-qualification-34205650183-deathstarbench_social_network-colocated-N-r0-baseline-000174,585d0934a628c982,uber-trace-id,43.5,2026-09-08T08:41:13.577625+00:00,2026-09-08T08:41:13.581434+00:00,read_user_timeline,complete_read_user_timeline,200,true,true,whole_operation_contract_v1,,false,3.8090190000161783,2496,98618370b6d4c058ff82d4ca9e7660d5a0d42d4511d8a1343ff8bab2b18535fc,
deathstarbench_social_network,colocated,N,0,baseline,ten-contract-qualification-34205650183-deathstarbench_social_network-colocated-N-r0-baseline-000175,a5590612ab862512,uber-trace-id,43.75,2026-09-08T08:41:13.827605+00:00,2026-09-08T08:41:13.830286+00:00,read_user_timeline,complete_read_user_timeline,200,true,true,whole_operation_contract_v1,,false,2.680411000000049,2496,98618370b6d4c058ff82d4ca9e7660d5a0d42d4511d8a1343ff8bab2b18535fc,
deathstarbench_social_network,colocated,N,0,baseline,ten-contract-qualification-34205650183-deathstarbench_social_network-colocated-N-r0-baseline-000176,c09eab0402ead0a9,uber-trace-id,44.0,2026-09-08T08:41:14.077774+00:00,2026-09-08T08:41:14.083742+00:00,compose_post,text_only,200,true,true,whole_operation_contract_v1,,false,5.967928999979222,25,08e60fbff5ab682e67e5cbbf4ad40bb1c876e7eddc85047f4e35f52d8a95d07f,
deathstarbench_social_network,colocated,N,0,baseline,ten-contract-qualification-34205650183-deathstarbench_social_network-colocated-N-r0-baseline-000177,1fa652c2d11f8150,uber-trace-id,44.25,2026-09-08T08:41:14.327591+00:00,2026-09-08T08:41:14.334191+00:00,compose_post,with_media,200,true,true,whole_operation_contract_v1,,false,6.599177000026657,25,08e60fbff5ab682e67e5cbbf4ad40bb1c876e7eddc85047f4e35f52d8a95d07f,
deathstarbench_social_network,colocated,N,0,baseline,ten-contract-qualification-34205650183-deathstarbench_social_network-colocated-N-r0-baseline-000178,540068476a995ed2,uber-trace-id,44.5,2026-09-08T08:41:14.577653+00:00,2026-09-08T08:41:14.582748+00:00,compose_post,text_only,200,true,true,whole_operation_contract_v1,,false,5.095433000008143,25,08e60fbff5ab682e67e5cbbf4ad40bb1c876e7eddc85047f4e35f52d8a95d07f,
deathstarbench_social_network,colocated,N,0,baseline,ten-contract-qualification-34205650183-deathstarbench_social_network-colocated-N-r0-baseline-000179,cf6e70dbe584c735,uber-trace-id,44.75,2026-09-08T08:41:14.827670+00:00,2026-09-08T08:41:14.831929+00:00,compose_post,with_media,200,true,true,whole_operation_contract_v1,,false,4.2587529999877916,25,08e60fbff5ab682e67e5cbbf4ad40bb1c876e7eddc85047f4e35f52d8a95d07f,
deathstarbench_social_network,colocated,N,0,baseline,ten-contract-qualification-34205650183-deathstarbench_social_network-colocated-N-r0-baseline-000180,73ce805ef01460f2,uber-trace-id,45.0,2026-09-08T08:41:15.077669+00:00,2026-09-08T08:41:15.082782+00:00,compose_post,text_only,200,true,true,whole_operation_contract_v1,,false,5.112354000004871,25,08e60fbff5ab682e67e5cbbf4ad40bb1c876e7eddc85047f4e35f52d8a95d07f,
deathstarbench_social_network,colocated,N,0,baseline,ten-contract-qualification-34205650183-deathstarbench_social_network-colocated-N-r0-baseline-000181,f306c3f92f492548,uber-trace-id,45.25,2026-09-08T08:41:15.327586+00:00,2026-09-08T08:41:15.331906+00:00,compose_post,with_media,200,true,true,whole_operation_contract_v1,,false,4.31908600000952,25,08e60fbff5ab682e67e5cbbf4ad40bb1c876e7eddc85047f4e35f52d8a95d07f,
deathstarbench_social_network,colocated,N,0,baseline,ten-contract-qualification-34205650183-deathstarbench_social_network-colocated-N-r0-baseline-000182,f279a4f8e3c0fcba,uber-trace-id,45.5,2026-09-08T08:41:15.577645+00:00,2026-09-08T08:41:15.581338+00:00,read_user_timeline,complete_read_user_timeline,200,true,true,whole_operation_contract_v1,,false,3.6931899999785855,2499,26e05545bf77cb29a602db39cce79a2b4e1695936a8029a86d90be2fe118d951,
deathstarbench_social_network,colocated,N,0,baseline,ten-contract-qualification-34205650183-deathstarbench_social_network-colocated-N-r0-baseline-000183,c77cc1f97b8880b0,uber-trace-id,45.75,2026-09-08T08:41:15.827636+00:00,2026-09-08T08:41:15.830521+00:00,read_home_timeline,complete_read_home_timeline,200,true,true,whole_operation_contract_v1,,false,2.8841179999972155,2499,26e05545bf77cb29a602db39cce79a2b4e1695936a8029a86d90be2fe118d951,
deathstarbench_social_network,colocated,N,0,baseline,ten-contract-qualification-34205650183-deathstarbench_social_network-colocated-N-r0-baseline-000184,20c32816ef442e6a,uber-trace-id,46.0,2026-09-08T08:41:16.077734+00:00,2026-09-08T08:41:16.082847+00:00,compose_post,text_only,200,true,true,whole_operation_contract_v1,,false,5.1128750000088985,25,08e60fbff5ab682e67e5cbbf4ad40bb1c876e7eddc85047f4e35f52d8a95d07f,
deathstarbench_social_network,colocated,N,0,baseline,ten-contract-qualification-34205650183-deathstarbench_social_network-colocated-N-r0-baseline-000185,57aa8445549e1b1c,uber-trace-id,46.25,2026-09-08T08:41:16.327605+00:00,2026-09-08T08:41:16.331825+00:00,compose_post,with_media,200,true,true,whole_operation_contract_v1,,false,4.219149999983074,25,08e60fbff5ab682e67e5cbbf4ad40bb1c876e7eddc85047f4e35f52d8a95d07f,
deathstarbench_social_network,colocated,N,0,baseline,ten-contract-qualification-34205650183-deathstarbench_social_network-colocated-N-r0-baseline-000186,acf4134c5c786e60,uber-trace-id,46.5,2026-09-08T08:41:16.577623+00:00,2026-09-08T08:41:16.581536+00:00,compose_post,text_only,200,true,true,whole_operation_contract_v1,,false,3.9128270000219345,25,08e60fbff5ab682e67e5cbbf4ad40bb1c876e7eddc85047f4e35f52d8a95d07f,
deathstarbench_social_network,colocated,N,0,baseline,ten-contract-qualification-34205650183-deathstarbench_social_network-colocated-N-r0-baseline-000187,d9e85007dd3e52ef,uber-trace-id,46.75,2026-09-08T08:41:16.827647+00:00,2026-09-08T08:41:16.831243+00:00,read_user_timeline,complete_read_user_timeline,200,true,true,whole_operation_contract_v1,,false,3.5952799999847684,2552,fe4b198b574906be6cf8cf62dfeb54bb734a8f590033aa470a6d1c58a6c53d86,
deathstarbench_social_network,colocated,N,0,baseline,ten-contract-qualification-34205650183-deathstarbench_social_network-colocated-N-r0-baseline-000188,59e8ebb00e0e0729,uber-trace-id,47.0,2026-09-08T08:41:17.077721+00:00,2026-09-08T08:41:17.081280+00:00,read_user_timeline,complete_read_user_timeline,200,true,true,whole_operation_contract_v1,,false,3.5587849999956234,2552,fe4b198b574906be6cf8cf62dfeb54bb734a8f590033aa470a6d1c58a6c53d86,
deathstarbench_social_network,colocated,N,0,baseline,ten-contract-qualification-34205650183-deathstarbench_social_network-colocated-N-r0-baseline-000189,5afa186c11989a27,uber-trace-id,47.25,2026-09-08T08:41:17.327597+00:00,2026-09-08T08:41:17.330215+00:00,read_user_timeline,complete_read_user_timeline,200,true,true,whole_operation_contract_v1,,false,2.6167930000156048,2552,fe4b198b574906be6cf8cf62dfeb54bb734a8f590033aa470a6d1c58a6c53d86,
deathstarbench_social_network,colocated,N,0,baseline,ten-contract-qualification-34205650183-deathstarbench_social_network-colocated-N-r0-baseline-000190,8364678e96dc68ca,uber-trace-id,47.5,2026-09-08T08:41:17.577644+00:00,2026-09-08T08:41:17.580789+00:00,read_home_timeline,complete_read_home_timeline,200,true,true,whole_operation_contract_v1,,false,3.1448129999773755,2552,fe4b198b574906be6cf8cf62dfeb54bb734a8f590033aa470a6d1c58a6c53d86,
deathstarbench_social_network,colocated,N,0,baseline,ten-contract-qualification-34205650183-deathstarbench_social_network-colocated-N-r0-baseline-000191,721f7e97abe2c384,uber-trace-id,47.75,2026-09-08T08:41:17.827625+00:00,2026-09-08T08:41:17.831630+00:00,compose_post,with_media,200,true,true,whole_operation_contract_v1,,false,4.004836999996542,25,08e60fbff5ab682e67e5cbbf4ad40bb1c876e7eddc85047f4e35f52d8a95d07f,
deathstarbench_social_network,colocated,N,0,baseline,ten-contract-qualification-34205650183-deathstarbench_social_network-colocated-N-r0-baseline-000192,7864902249a53cfc,uber-trace-id,48.0,2026-09-08T08:41:18.077707+00:00,2026-09-08T08:41:18.082137+00:00,read_user_timeline,complete_read_user_timeline,200,true,true,whole_operation_contract_v1,,false,4.429205999997521,2552,b0398ab71803c6248a69686bd9ce82d4d18d789d5a70e87f60ec43de0ed5c287,
deathstarbench_social_network,colocated,N,0,baseline,ten-contract-qualification-34205650183-deathstarbench_social_network-colocated-N-r0-baseline-000193,d4a5bc250a7757e0,uber-trace-id,48.25,2026-09-08T08:41:18.327587+00:00,2026-09-08T08:41:18.331848+00:00,compose_post,with_media,200,true,true,whole_operation_contract_v1,,false,4.260694999999259,25,08e60fbff5ab682e67e5cbbf4ad40bb1c876e7eddc85047f4e35f52d8a95d07f,
deathstarbench_social_network,colocated,N,0,baseline,ten-contract-qualification-34205650183-deathstarbench_social_network-colocated-N-r0-baseline-000194,ac323041bf87e7ed,uber-trace-id,48.5,2026-09-08T08:41:18.577655+00:00,2026-09-08T08:41:18.580786+00:00,read_home_timeline,complete_read_home_timeline,200,true,true,whole_operation_contract_v1,,false,3.129634000003989,2605,f81f6b480dc3e6c6713460da25f6d9debcf7c3bc4f9f56dd141c504f3745cbb8,
deathstarbench_social_network,colocated,N,0,baseline,ten-contract-qualification-34205650183-deathstarbench_social_network-colocated-N-r0-baseline-000195,46e7b454c0ee9b82,uber-trace-id,48.75,2026-09-08T08:41:18.827646+00:00,2026-09-08T08:41:18.831540+00:00,compose_post,with_media,200,true,true,whole_operation_contract_v1,,false,3.8940299999978834,25,08e60fbff5ab682e67e5cbbf4ad40bb1c876e7eddc85047f4e35f52d8a95d07f,
deathstarbench_social_network,colocated,N,0,baseline,ten-contract-qualification-34205650183-deathstarbench_social_network-colocated-N-r0-baseline-000196,cb41aff6f478cf12,uber-trace-id,49.0,2026-09-08T08:41:19.077710+00:00,2026-09-08T08:41:19.082251+00:00,compose_post,text_only,200,true,true,whole_operation_contract_v1,,false,4.541012999993654,25,08e60fbff5ab682e67e5cbbf4ad40bb1c876e7eddc85047f4e35f52d8a95d07f,
deathstarbench_social_network,colocated,N,0,baseline,ten-contract-qualification-34205650183-deathstarbench_social_network-colocated-N-r0-baseline-000197,44ddfb639ef59453,uber-trace-id,49.25,2026-09-08T08:41:19.327584+00:00,2026-09-08T08:41:19.331930+00:00,compose_post,with_media,200,true,true,whole_operation_contract_v1,,false,4.345537000006061,25,08e60fbff5ab682e67e5cbbf4ad40bb1c876e7eddc85047f4e35f52d8a95d07f,
deathstarbench_social_network,colocated,N,0,baseline,ten-contract-qualification-34205650183-deathstarbench_social_network-colocated-N-r0-baseline-000198,73ee190ec7b547fb,uber-trace-id,49.5,2026-09-08T08:41:19.577614+00:00,2026-09-08T08:41:19.580729+00:00,read_home_timeline,complete_read_home_timeline,200,true,true,whole_operation_contract_v1,,false,3.115948000015578,2604,b8d1a6dc64dff1b3c3b5604b87057f1e8214ff4e9eef1fa1db2bbe0ce072b6ba,
deathstarbench_social_network,colocated,N,0,baseline,ten-contract-qualification-34205650183-deathstarbench_social_network-colocated-N-r0-baseline-000199,a4ac0f4af42dc1d4,uber-trace-id,49.75,2026-09-08T08:41:19.827687+00:00,2026-09-08T08:41:19.829878+00:00,read_home_timeline,complete_read_home_timeline,200,true,true,whole_operation_contract_v1,,false,2.191027999998596,2604,b8d1a6dc64dff1b3c3b5604b87057f1e8214ff4e9eef1fa1db2bbe0ce072b6ba,
deathstarbench_social_network,colocated,N,0,baseline,ten-contract-qualification-34205650183-deathstarbench_social_network-colocated-N-r0-baseline-000200,f7773a9d27461d85,uber-trace-id,50.0,2026-09-08T08:41:20.077672+00:00,2026-09-08T08:41:20.082497+00:00,compose_post,text_only,200,true,true,whole_operation_contract_v1,,false,4.824345999992374,25,08e60fbff5ab682e67e5cbbf4ad40bb1c876e7eddc85047f4e35f52d8a95d07f,
deathstarbench_social_network,colocated,N,0,baseline,ten-contract-qualification-34205650183-deathstarbench_social_network-colocated-N-r0-baseline-000201,5c609bb91d530a22,uber-trace-id,50.25,2026-09-08T08:41:20.327600+00:00,2026-09-08T08:41:20.331737+00:00,compose_post,with_media,200,true,true,whole_operation_contract_v1,,false,4.136245000012195,25,08e60fbff5ab682e67e5cbbf4ad40bb1c876e7eddc85047f4e35f52d8a95d07f,
deathstarbench_social_network,colocated,N,0,baseline,ten-contract-qualification-34205650183-deathstarbench_social_network-colocated-N-r0-baseline-000202,18cfc3533b8198fc,uber-trace-id,50.5,2026-09-08T08:41:20.577651+00:00,2026-09-08T08:41:20.581758+00:00,compose_post,text_only,200,true,true,whole_operation_contract_v1,,false,4.106577999976935,25,08e60fbff5ab682e67e5cbbf4ad40bb1c876e7eddc85047f4e35f52d8a95d07f,
deathstarbench_social_network,colocated,N,0,baseline,ten-contract-qualification-34205650183-deathstarbench_social_network-colocated-N-r0-baseline-000203,7fea65f996ce11e3,uber-trace-id,50.75,2026-09-08T08:41:20.827595+00:00,2026-09-08T08:41:20.831554+00:00,compose_post,with_media,200,true,true,whole_operation_contract_v1,,false,3.9583500000048844,25,08e60fbff5ab682e67e5cbbf4ad40bb1c876e7eddc85047f4e35f52d8a95d07f,
deathstarbench_social_network,colocated,N,0,baseline,ten-contract-qualification-34205650183-deathstarbench_social_network-colocated-N-r0-baseline-000204,efc087dde6272232,uber-trace-id,51.0,2026-09-08T08:41:21.077600+00:00,2026-09-08T08:41:21.086631+00:00,read_user_timeline,complete_read_user_timeline,200,true,true,whole_operation_contract_v1,,false,9.029566999998906,2606,f7cc1c6d98a92de200a15e837dc674be967eb198bea0f7e72be094cb08751f8f,
deathstarbench_social_network,colocated,N,0,baseline,ten-contract-qualification-34205650183-deathstarbench_social_network-colocated-N-r0-baseline-000205,db433dc4cd7f9013,uber-trace-id,51.25,2026-09-08T08:41:21.327610+00:00,2026-09-08T08:41:21.331039+00:00,read_home_timeline,complete_read_home_timeline,200,true,true,whole_operation_contract_v1,,false,3.4282539999992423,2606,f7cc1c6d98a92de200a15e837dc674be967eb198bea0f7e72be094cb08751f8f,
deathstarbench_social_network,colocated,N,0,baseline,ten-contract-qualification-34205650183-deathstarbench_social_network-colocated-N-r0-baseline-000206,46ad027253c97922,uber-trace-id,51.5,2026-09-08T08:41:21.577627+00:00,2026-09-08T08:41:21.580162+00:00,read_home_timeline,complete_read_home_timeline,200,true,true,whole_operation_contract_v1,,false,2.534018999995169,2606,f7cc1c6d98a92de200a15e837dc674be967eb198bea0f7e72be094cb08751f8f,
deathstarbench_social_network,colocated,N,0,baseline,ten-contract-qualification-34205650183-deathstarbench_social_network-colocated-N-r0-baseline-000207,ee4cd57448072dff,uber-trace-id,51.75,2026-09-08T08:41:21.827588+00:00,2026-09-08T08:41:21.831581+00:00,compose_post,with_media,200,true,true,whole_operation_contract_v1,,false,3.992093999983126,25,08e60fbff5ab682e67e5cbbf4ad40bb1c876e7eddc85047f4e35f52d8a95d07f,
deathstarbench_social_network,colocated,N,0,baseline,ten-contract-qualification-34205650183-deathstarbench_social_network-colocated-N-r0-baseline-000208,2c4b1b2c36b9b939,uber-trace-id,52.0,2026-09-08T08:41:22.077648+00:00,2026-09-08T08:41:22.082217+00:00,read_user_timeline,complete_read_user_timeline,200,true,true,whole_operation_contract_v1,,false,4.568594999994957,2657,97f16e4ab992575b0723a443208d665cb6f8aa4e57274fa735b593ede3315696,
deathstarbench_social_network,colocated,N,0,baseline,ten-contract-qualification-34205650183-deathstarbench_social_network-colocated-N-r0-baseline-000209,d07120d44fe87ac5,uber-trace-id,52.25,2026-09-08T08:41:22.327591+00:00,2026-09-08T08:41:22.330177+00:00,read_home_timeline,complete_read_home_timeline,200,true,true,whole_operation_contract_v1,,false,2.5853989999973237,2657,97f16e4ab992575b0723a443208d665cb6f8aa4e57274fa735b593ede3315696,
deathstarbench_social_network,colocated,N,0,baseline,ten-contract-qualification-34205650183-deathstarbench_social_network-colocated-N-r0-baseline-000210,273d1b435d988b52,uber-trace-id,52.5,2026-09-08T08:41:22.577594+00:00,2026-09-08T08:41:22.580521+00:00,read_user_timeline,complete_read_user_timeline,200,true,true,whole_operation_contract_v1,,false,2.927145000001019,2657,97f16e4ab992575b0723a443208d665cb6f8aa4e57274fa735b593ede3315696,
deathstarbench_social_network,colocated,N,0,baseline,ten-contract-qualification-34205650183-deathstarbench_social_network-colocated-N-r0-baseline-000211,337a3bf2f69467e9,uber-trace-id,52.75,2026-09-08T08:41:22.827593+00:00,2026-09-08T08:41:22.831437+00:00,compose_post,with_media,200,true,true,whole_operation_contract_v1,,false,3.843646000007084,25,08e60fbff5ab682e67e5cbbf4ad40bb1c876e7eddc85047f4e35f52d8a95d07f,
deathstarbench_social_network,colocated,N,0,baseline,ten-contract-qualification-34205650183-deathstarbench_social_network-colocated-N-r0-baseline-000212,4276c5fa8dec0328,uber-trace-id,53.0,2026-09-08T08:41:23.077678+00:00,2026-09-08T08:41:23.082018+00:00,read_home_timeline,complete_read_home_timeline,200,true,true,whole_operation_contract_v1,,false,4.339356000002681,2658,0dedd0a9d8f73a38abc70e964f9cb86f74819cf3958a61ccf06505bbc8a3efc2,
deathstarbench_social_network,colocated,N,0,baseline,ten-contract-qualification-34205650183-deathstarbench_social_network-colocated-N-r0-baseline-000213,f33874b385a906c0,uber-trace-id,53.25,2026-09-08T08:41:23.327595+00:00,2026-09-08T08:41:23.331999+00:00,compose_post,with_media,200,true,true,whole_operation_contract_v1,,false,4.403435999989824,25,08e60fbff5ab682e67e5cbbf4ad40bb1c876e7eddc85047f4e35f52d8a95d07f,
deathstarbench_social_network,colocated,N,0,baseline,ten-contract-qualification-34205650183-deathstarbench_social_network-colocated-N-r0-baseline-000214,1256635be7cc94e6,uber-trace-id,53.5,2026-09-08T08:41:23.577616+00:00,2026-09-08T08:41:23.582103+00:00,compose_post,text_only,200,true,true,whole_operation_contract_v1,,false,4.486984999999777,25,08e60fbff5ab682e67e5cbbf4ad40bb1c876e7eddc85047f4e35f52d8a95d07f,
deathstarbench_social_network,colocated,N,0,baseline,ten-contract-qualification-34205650183-deathstarbench_social_network-colocated-N-r0-baseline-000215,694271dc1320cf16,uber-trace-id,53.75,2026-09-08T08:41:23.827647+00:00,2026-09-08T08:41:23.831736+00:00,compose_post,with_media,200,true,true,whole_operation_contract_v1,,false,4.0887570000052165,25,08e60fbff5ab682e67e5cbbf4ad40bb1c876e7eddc85047f4e35f52d8a95d07f,
deathstarbench_social_network,colocated,N,0,baseline,ten-contract-qualification-34205650183-deathstarbench_social_network-colocated-N-r0-baseline-000216,e85c4243ca90a7d7,uber-trace-id,54.0,2026-09-08T08:41:24.077678+00:00,2026-09-08T08:41:24.081356+00:00,read_home_timeline,complete_read_home_timeline,200,true,true,whole_operation_contract_v1,,false,3.6778980000065076,2657,00cab77548e631a9ebdb005e468795e7e9b705b50fc9d6efbe14464c94785cc3,
deathstarbench_social_network,colocated,N,0,baseline,ten-contract-qualification-34205650183-deathstarbench_social_network-colocated-N-r0-baseline-000217,675c21d29196e73e,uber-trace-id,54.25,2026-09-08T08:41:24.327610+00:00,2026-09-08T08:41:24.331902+00:00,compose_post,with_media,200,true,true,whole_operation_contract_v1,,false,4.291752000000315,25,08e60fbff5ab682e67e5cbbf4ad40bb1c876e7eddc85047f4e35f52d8a95d07f,
deathstarbench_social_network,colocated,N,0,baseline,ten-contract-qualification-34205650183-deathstarbench_social_network-colocated-N-r0-baseline-000218,0e905af6e35ae146,uber-trace-id,54.5,2026-09-08T08:41:24.577658+00:00,2026-09-08T08:41:24.581090+00:00,read_user_timeline,complete_read_user_timeline,200,true,true,whole_operation_contract_v1,,false,3.431224999985716,2658,cfa2ff755f3e0523fa52110266024330639658a330e7e3fa3c248b6d5903dfbf,
deathstarbench_social_network,colocated,N,0,baseline,ten-contract-qualification-34205650183-deathstarbench_social_network-colocated-N-r0-baseline-000219,36d8d7ade37560cb,uber-trace-id,54.75,2026-09-08T08:41:24.827655+00:00,2026-09-08T08:41:24.830395+00:00,read_home_timeline,complete_read_home_timeline,200,true,true,whole_operation_contract_v1,,false,2.7395179999984975,2658,cfa2ff755f3e0523fa52110266024330639658a330e7e3fa3c248b6d5903dfbf,
deathstarbench_social_network,colocated,N,0,baseline,ten-contract-qualification-34205650183-deathstarbench_social_network-colocated-N-r0-baseline-000220,af1818778f5918f5,uber-trace-id,55.0,2026-09-08T08:41:25.077648+00:00,2026-09-08T08:41:25.080353+00:00,read_home_timeline,complete_read_home_timeline,200,true,true,whole_operation_contract_v1,,false,2.704859999994369,2658,cfa2ff755f3e0523fa52110266024330639658a330e7e3fa3c248b6d5903dfbf,
deathstarbench_social_network,colocated,N,0,baseline,ten-contract-qualification-34205650183-deathstarbench_social_network-colocated-N-r0-baseline-000221,1963b4c446b5c6cf,uber-trace-id,55.25,2026-09-08T08:41:25.327594+00:00,2026-09-08T08:41:25.330322+00:00,read_user_timeline,complete_read_user_timeline,200,true,true,whole_operation_contract_v1,,false,2.727682999989156,2658,cfa2ff755f3e0523fa52110266024330639658a330e7e3fa3c248b6d5903dfbf,
deathstarbench_social_network,colocated,N,0,baseline,ten-contract-qualification-34205650183-deathstarbench_social_network-colocated-N-r0-baseline-000222,29df8dbc46408ec5,uber-trace-id,55.5,2026-09-08T08:41:25.577643+00:00,2026-09-08T08:41:25.580097+00:00,read_home_timeline,complete_read_home_timeline,200,true,true,whole_operation_contract_v1,,false,2.4533239999868783,2658,cfa2ff755f3e0523fa52110266024330639658a330e7e3fa3c248b6d5903dfbf,
deathstarbench_social_network,colocated,N,0,baseline,ten-contract-qualification-34205650183-deathstarbench_social_network-colocated-N-r0-baseline-000223,3d8a6de581288566,uber-trace-id,55.75,2026-09-08T08:41:25.827637+00:00,2026-09-08T08:41:25.830216+00:00,read_user_timeline,complete_read_user_timeline,200,true,true,whole_operation_contract_v1,,false,2.578721999981326,2658,cfa2ff755f3e0523fa52110266024330639658a330e7e3fa3c248b6d5903dfbf,
deathstarbench_social_network,colocated,N,0,baseline,ten-contract-qualification-34205650183-deathstarbench_social_network-colocated-N-r0-baseline-000224,9ad503d582f315c7,uber-trace-id,56.0,2026-09-08T08:41:26.077994+00:00,2026-09-08T08:41:26.081329+00:00,read_user_timeline,complete_read_user_timeline,200,true,true,whole_operation_contract_v1,,false,3.3339009999906466,2658,cfa2ff755f3e0523fa52110266024330639658a330e7e3fa3c248b6d5903dfbf,
deathstarbench_social_network,colocated,N,0,baseline,ten-contract-qualification-34205650183-deathstarbench_social_network-colocated-N-r0-baseline-000225,c435b4a330937959,uber-trace-id,56.25,2026-09-08T08:41:26.327599+00:00,2026-09-08T08:41:26.330095+00:00,read_home_timeline,complete_read_home_timeline,200,true,true,whole_operation_contract_v1,,false,2.496051999997917,2658,cfa2ff755f3e0523fa52110266024330639658a330e7e3fa3c248b6d5903dfbf,
deathstarbench_social_network,colocated,N,0,baseline,ten-contract-qualification-34205650183-deathstarbench_social_network-colocated-N-r0-baseline-000226,4a29fb913932ebc2,uber-trace-id,56.5,2026-09-08T08:41:26.577635+00:00,2026-09-08T08:41:26.580110+00:00,read_user_timeline,complete_read_user_timeline,200,true,true,whole_operation_contract_v1,,false,2.4744739999960075,2658,cfa2ff755f3e0523fa52110266024330639658a330e7e3fa3c248b6d5903dfbf,
deathstarbench_social_network,colocated,N,0,baseline,ten-contract-qualification-34205650183-deathstarbench_social_network-colocated-N-r0-baseline-000227,6302403080f10de7,uber-trace-id,56.75,2026-09-08T08:41:26.827622+00:00,2026-09-08T08:41:26.833010+00:00,compose_post,with_media,200,true,true,whole_operation_contract_v1,,false,5.38778699998943,25,08e60fbff5ab682e67e5cbbf4ad40bb1c876e7eddc85047f4e35f52d8a95d07f,
deathstarbench_social_network,colocated,N,0,baseline,ten-contract-qualification-34205650183-deathstarbench_social_network-colocated-N-r0-baseline-000228,ee718613efa8956a,uber-trace-id,57.0,2026-09-08T08:41:27.077714+00:00,2026-09-08T08:41:27.080929+00:00,read_home_timeline,complete_read_home_timeline,200,true,true,whole_operation_contract_v1,,false,3.215293000010888,2710,09325fc5f564a0c740bb4fe22f6eefd4d786661e27ff8aaf1b1400485fecf55e,
deathstarbench_social_network,colocated,N,0,baseline,ten-contract-qualification-34205650183-deathstarbench_social_network-colocated-N-r0-baseline-000229,c6a759214479016e,uber-trace-id,57.25,2026-09-08T08:41:27.327596+00:00,2026-09-08T08:41:27.330423+00:00,read_user_timeline,complete_read_user_timeline,200,true,true,whole_operation_contract_v1,,false,2.826465999987704,2710,09325fc5f564a0c740bb4fe22f6eefd4d786661e27ff8aaf1b1400485fecf55e,
deathstarbench_social_network,colocated,N,0,baseline,ten-contract-qualification-34205650183-deathstarbench_social_network-colocated-N-r0-baseline-000230,47a438acefeecad5,uber-trace-id,57.5,2026-09-08T08:41:27.577626+00:00,2026-09-08T08:41:27.580294+00:00,read_user_timeline,complete_read_user_timeline,200,true,true,whole_operation_contract_v1,,false,2.6678429999833497,2710,09325fc5f564a0c740bb4fe22f6eefd4d786661e27ff8aaf1b1400485fecf55e,
deathstarbench_social_network,colocated,N,0,baseline,ten-contract-qualification-34205650183-deathstarbench_social_network-colocated-N-r0-baseline-000231,ebb1f55b9221ffac,uber-trace-id,57.75,2026-09-08T08:41:27.827596+00:00,2026-09-08T08:41:27.834136+00:00,compose_post,with_media,200,true,true,whole_operation_contract_v1,,false,6.539521000007653,25,08e60fbff5ab682e67e5cbbf4ad40bb1c876e7eddc85047f4e35f52d8a95d07f,
deathstarbench_social_network,colocated,N,0,baseline,ten-contract-qualification-34205650183-deathstarbench_social_network-colocated-N-r0-baseline-000232,f0b256ae42bc944f,uber-trace-id,58.0,2026-09-08T08:41:28.077624+00:00,2026-09-08T08:41:28.082369+00:00,compose_post,text_only,200,true,true,whole_operation_contract_v1,,false,4.744397999985495,25,08e60fbff5ab682e67e5cbbf4ad40bb1c876e7eddc85047f4e35f52d8a95d07f,
deathstarbench_social_network,colocated,N,0,baseline,ten-contract-qualification-34205650183-deathstarbench_social_network-colocated-N-r0-baseline-000233,0d4202c38ff0fa37,uber-trace-id,58.25,2026-09-08T08:41:28.327619+00:00,2026-09-08T08:41:28.332729+00:00,read_user_timeline,complete_read_user_timeline,200,true,true,whole_operation_contract_v1,,false,5.10976000001051,2708,4a7741ae114ac9fa1cfeae5638a0b5a9c8275c67ef67d51c316d2b3860848705,
deathstarbench_social_network,colocated,N,0,baseline,ten-contract-qualification-34205650183-deathstarbench_social_network-colocated-N-r0-baseline-000234,38197a4816c398d2,uber-trace-id,58.5,2026-09-08T08:41:28.577650+00:00,2026-09-08T08:41:28.581039+00:00,read_home_timeline,complete_read_home_timeline,200,true,true,whole_operation_contract_v1,,false,3.388951000005136,2708,4a7741ae114ac9fa1cfeae5638a0b5a9c8275c67ef67d51c316d2b3860848705,
deathstarbench_social_network,colocated,N,0,baseline,ten-contract-qualification-34205650183-deathstarbench_social_network-colocated-N-r0-baseline-000235,09ce26e9ee724b3e,uber-trace-id,58.75,2026-09-08T08:41:28.827631+00:00,2026-09-08T08:41:28.830591+00:00,read_home_timeline,complete_read_home_timeline,200,true,true,whole_operation_contract_v1,,false,2.9602770000281,2708,4a7741ae114ac9fa1cfeae5638a0b5a9c8275c67ef67d51c316d2b3860848705,
deathstarbench_social_network,colocated,N,0,baseline,ten-contract-qualification-34205650183-deathstarbench_social_network-colocated-N-r0-baseline-000236,751bced3d020519c,uber-trace-id,59.0,2026-09-08T08:41:29.077756+00:00,2026-09-08T08:41:29.080854+00:00,read_home_timeline,complete_read_home_timeline,200,true,true,whole_operation_contract_v1,,false,3.0983689999857233,2708,4a7741ae114ac9fa1cfeae5638a0b5a9c8275c67ef67d51c316d2b3860848705,
deathstarbench_social_network,colocated,N,0,baseline,ten-contract-qualification-34205650183-deathstarbench_social_network-colocated-N-r0-baseline-000237,b5610a85a0402fab,uber-trace-id,59.25,2026-09-08T08:41:29.327623+00:00,2026-09-08T08:41:29.330406+00:00,read_user_timeline,complete_read_user_timeline,200,true,true,whole_operation_contract_v1,,false,2.782867999997052,2708,4a7741ae114ac9fa1cfeae5638a0b5a9c8275c67ef67d51c316d2b3860848705,
deathstarbench_social_network,colocated,N,0,baseline,ten-contract-qualification-34205650183-deathstarbench_social_network-colocated-N-r0-baseline-000238,b87dfce09d44870f,uber-trace-id,59.5,2026-09-08T08:41:29.577633+00:00,2026-09-08T08:41:29.579970+00:00,read_home_timeline,complete_read_home_timeline,200,true,true,whole_operation_contract_v1,,false,2.336921000022585,2708,4a7741ae114ac9fa1cfeae5638a0b5a9c8275c67ef67d51c316d2b3860848705,
deathstarbench_social_network,colocated,N,0,baseline,ten-contract-qualification-34205650183-deathstarbench_social_network-colocated-N-r0-baseline-000239,2c4c0b2a3ef0195a,uber-trace-id,59.75,2026-09-08T08:41:29.827599+00:00,2026-09-08T08:41:29.830333+00:00,read_home_timeline,complete_read_home_timeline,200,true,true,whole_operation_contract_v1,,false,2.733591000009028,2708,4a7741ae114ac9fa1cfeae5638a0b5a9c8275c67ef67d51c316d2b3860848705,
