application,repetition,multiplier,route,target,calls,first_query_seconds,frequency_identification_seconds,interpretation_seconds,operation,projection_seconds,representation_seconds,total_identification_seconds,categories,coordinates,samples
deathstarbench_social_network,0,1,full_e,E,"{""align_probe"": 1200, ""declared_probe_layer"": 1, ""full_category_identification"": 1, ""logical_completion"": 13200, ""native_admissions"": 1200, ""request_evidence"": 1200, ""timestamp_ns"": 1800}",0.0013113290000319466,0.00487885899997309,0.5179675130037822,compose_post,0.0,0.11629553599618703,0.6391419079999423,5,17,1200
deathstarbench_social_network,0,1,full_e,E,"{""align_probe"": 1200, ""declared_probe_layer"": 1, ""full_category_identification"": 1, ""logical_completion"": 2400, ""request_evidence"": 1200, ""timestamp_ns"": 1800}",6.581000002370274e-05,0.0022148049999941577,0.11606354800210283,read_home_timeline,0.0,0.02338057999781995,0.14165893299991694,1,4,1200
deathstarbench_social_network,0,1,full_e,E,"{""align_probe"": 1200, ""declared_probe_layer"": 1, ""full_category_identification"": 1, ""logical_completion"": 2400, ""native_admissions"": 1200, ""request_evidence"": 1200, ""timestamp_ns"": 1800}",0.0002295419999427395,0.0030662140000004,0.13739712298922768,read_user_timeline,0.0,0.03152660901082527,0.17198994600005335,4,8,1200
deathstarbench_social_network,0,1,full_r,R,"{""align_probe"": 1200, ""declared_probe_layer"": 1, ""full_category_identification"": 1, ""logical_completion"": 13200, ""native_admissions"": 1200, ""request_evidence"": 1200, ""timestamp_ns"": 1800}",6.77680000080727e-05,0.004775573999950211,0.5165656489997446,compose_post,0.0,0.11663030800025354,0.6379715309999483,5,17,1200
deathstarbench_social_network,0,1,full_r,R,"{""align_probe"": 1200, ""declared_probe_layer"": 1, ""full_category_identification"": 1, ""logical_completion"": 2400, ""request_evidence"": 1200, ""timestamp_ns"": 1800}",3.6129999898548704e-05,0.002227121000032639,0.11580556499848171,read_home_timeline,0.0,0.023409804001403245,0.1414424899999176,1,4,1200
deathstarbench_social_network,0,1,full_r,R,"{""align_probe"": 1200, ""declared_probe_layer"": 1, ""full_category_identification"": 1, ""logical_completion"": 2400, ""native_admissions"": 1200, ""request_evidence"": 1200, ""timestamp_ns"": 1800}",3.901299999142793e-05,0.003190949999975601,0.13645566599620906,read_user_timeline,0.0,0.030977180003901594,0.17062379600008626,4,8,1200
deathstarbench_social_network,0,1,projected_r,R,"{""align_probe"": 1200, ""declared_probe_layer"": 1, ""full_category_identification"": 1, ""logical_completion"": 13200, ""native_admissions"": 1200, ""request_evidence"": 1200, ""timestamp_ns"": 1800}",4.001999991487537e-05,0.004939268999919477,0.54826127199442,compose_post,6.396900005256612e-05,0.08688869700563373,0.6400892379999732,3,2,1200
deathstarbench_social_network,0,1,projected_r,R,"{""align_probe"": 1200, ""declared_probe_layer"": 1, ""full_category_identification"": 1, ""logical_completion"": 2400, ""request_evidence"": 1200, ""timestamp_ns"": 1800}",2.4504999942109862e-05,0.0022798450000891535,0.11546459500277706,read_home_timeline,3.0211999956009095e-05,0.02384511699722225,0.14158955700008846,1,2,1200
deathstarbench_social_network,0,1,projected_r,R,"{""align_probe"": 1200, ""declared_probe_layer"": 1, ""full_category_identification"": 1, ""logical_completion"": 2400, ""native_admissions"": 1200, ""request_evidence"": 1200, ""timestamp_ns"": 1800}",2.4321999944731942e-05,0.003105638999954863,0.13704797700120253,read_user_timeline,3.9019000041662366e-05,0.03131063699891001,0.1714642530000674,2,2,1200
deathstarbench_social_network,0,1,direct_r,R,"{""logical_completion"": 13200, ""reduced_category_identification"": 1, ""request_evidence"": 1200}",4.0128999899025075e-05,0.0035700509999969654,0.5248220070033085,compose_post,0.0,0.060730672996669455,0.5891227309999749,3,2,1200
deathstarbench_social_network,0,1,direct_r,R,"{""logical_completion"": 2400, ""reduced_category_identification"": 1, ""request_evidence"": 1200}",3.269100000125036e-05,0.002034037000044009,0.1079111220045661,read_home_timeline,0.0,0.01642949099539237,0.12637465000000248,1,2,1200
deathstarbench_social_network,0,1,direct_r,R,"{""logical_completion"": 2400, ""reduced_category_identification"": 1, ""request_evidence"": 1200}",2.6230999992549187e-05,0.0019693970000389527,0.11137553099626984,read_user_timeline,0.0,0.01629791200366526,0.12964283999997406,2,2,1200
deathstarbench_social_network,0,2,full_r,R,"{""align_probe"": 2400, ""declared_probe_layer"": 1, ""full_category_identification"": 1, ""logical_completion"": 26400, ""native_admissions"": 2400, ""request_evidence"": 2400, ""timestamp_ns"": 1800}",7.72289999986242e-05,0.00940470099999402,1.0425836769970829,compose_post,0.0,0.26396129200293217,1.315949670000009,5,17,2400
deathstarbench_social_network,0,2,full_r,R,"{""align_probe"": 2400, ""declared_probe_layer"": 1, ""full_category_identification"": 1, ""logical_completion"": 4800, ""request_evidence"": 2400, ""timestamp_ns"": 1800}",4.311600002893101e-05,0.0046542989999807105,0.23198730899457587,read_home_timeline,0.0,0.18370704900542023,0.4203486569999768,1,4,2400
deathstarbench_social_network,0,2,full_r,R,"{""align_probe"": 2400, ""declared_probe_layer"": 1, ""full_category_identification"": 1, ""logical_completion"": 4800, ""native_admissions"": 2400, ""request_evidence"": 2400, ""timestamp_ns"": 1800}",3.7871000017730694e-05,0.0077619649999860485,0.2749712039945962,read_user_timeline,0.0,0.06321797800535478,0.345951146999937,4,8,2400
deathstarbench_social_network,0,2,projected_r,R,"{""align_probe"": 2400, ""declared_probe_layer"": 1, ""full_category_identification"": 1, ""logical_completion"": 26400, ""native_admissions"": 2400, ""request_evidence"": 2400, ""timestamp_ns"": 1800}",4.262700008439424e-05,0.009483095000064168,1.033320016996413,compose_post,6.93169999976817e-05,0.25860063200343575,1.3014037439999129,3,2,2400
deathstarbench_social_network,0,2,projected_r,R,"{""align_probe"": 2400, ""declared_probe_layer"": 1, ""full_category_identification"": 1, ""logical_completion"": 4800, ""request_evidence"": 2400, ""timestamp_ns"": 1800}",2.70849999424172e-05,0.004552032999981748,0.2327581430021155,read_home_timeline,3.612700004396174e-05,0.18999868699791023,0.4273088630000075,1,2,2400
deathstarbench_social_network,0,2,projected_r,R,"{""align_probe"": 2400, ""declared_probe_layer"": 1, ""full_category_identification"": 1, ""logical_completion"": 4800, ""native_admissions"": 2400, ""request_evidence"": 2400, ""timestamp_ns"": 1800}",2.532700000301702e-05,0.0074650970000220696,0.27643203100046776,read_user_timeline,4.047400000217749e-05,0.06251012099949094,0.34640724899998077,2,2,2400
deathstarbench_social_network,0,2,direct_r,R,"{""logical_completion"": 26400, ""reduced_category_identification"": 1, ""request_evidence"": 2400}",4.037499991227378e-05,0.006760847000009562,0.9985608689991068,compose_post,0.0,0.21252256100092382,1.2178442770000402,3,2,2400
deathstarbench_social_network,0,2,direct_r,R,"{""logical_completion"": 4800, ""reduced_category_identification"": 1, ""request_evidence"": 2400}",3.2169000064641295e-05,0.0038738169999987804,0.35775939199231743,read_home_timeline,0.0,0.033445110007619405,0.3950783189999356,1,2,2400
deathstarbench_social_network,0,2,direct_r,R,"{""logical_completion"": 4800, ""reduced_category_identification"": 1, ""request_evidence"": 2400}",3.074000005653943e-05,0.0038718800000197007,0.2245863550027707,read_user_timeline,0.0,0.03365412599725914,0.26211236100004953,2,2,2400
deathstarbench_social_network,0,2,full_e,E,"{""align_probe"": 2400, ""declared_probe_layer"": 1, ""full_category_identification"": 1, ""logical_completion"": 26400, ""native_admissions"": 2400, ""request_evidence"": 2400, ""timestamp_ns"": 1800}",0.0013137199999846416,0.009524398999928962,1.040437843994141,compose_post,0.0,0.2625187980058854,1.3124810409999554,5,17,2400
deathstarbench_social_network,0,2,full_e,E,"{""align_probe"": 2400, ""declared_probe_layer"": 1, ""full_category_identification"": 1, ""logical_completion"": 4800, ""request_evidence"": 2400, ""timestamp_ns"": 1800}",7.600799995088892e-05,0.004529393999973763,0.37099852299422764,read_home_timeline,0.0,0.04911872000582207,0.4246466370000235,1,4,2400
deathstarbench_social_network,0,2,full_e,E,"{""align_probe"": 2400, ""declared_probe_layer"": 1, ""full_category_identification"": 1, ""logical_completion"": 4800, ""native_admissions"": 2400, ""request_evidence"": 2400, ""timestamp_ns"": 1800}",0.0002370629999859375,0.006089781000014227,0.2739154540004165,read_user_timeline,0.0,0.06273416799956522,0.34273940299999595,4,8,2400
deathstarbench_social_network,0,4,projected_r,R,"{""align_probe"": 4800, ""declared_probe_layer"": 1, ""full_category_identification"": 1, ""logical_completion"": 52800, ""native_admissions"": 4800, ""request_evidence"": 4800, ""timestamp_ns"": 1800}",4.7067000082279264e-05,0.018423812000037287,2.345860912003559,compose_post,0.00027830599992739735,0.5545190249963525,2.9188037489999488,3,2,4800
deathstarbench_social_network,0,4,projected_r,R,"{""align_probe"": 4800, ""declared_probe_layer"": 1, ""full_category_identification"": 1, ""logical_completion"": 9600, ""request_evidence"": 4800, ""timestamp_ns"": 1800}",2.9119000032551412e-05,0.00888332099998479,0.4648878079893848,read_home_timeline,4.050999996252358e-05,0.09950612201055264,0.5732772509999222,1,2,4800
deathstarbench_social_network,0,4,projected_r,R,"{""align_probe"": 4800, ""declared_probe_layer"": 1, ""full_category_identification"": 1, ""logical_completion"": 9600, ""native_admissions"": 4800, ""request_evidence"": 4800, ""timestamp_ns"": 1800}",2.5398000047971436e-05,0.011811968999950295,0.8256864929988978,read_user_timeline,5.428600002232997e-05,0.1273851110012174,0.9648835730000656,2,2,4800
deathstarbench_social_network,0,4,direct_r,R,"{""logical_completion"": 52800, ""reduced_category_identification"": 1, ""request_evidence"": 4800}",4.253700001299876e-05,0.013604073999999855,2.2719931900177244,compose_post,0.0,0.45360265598230853,2.7391999200000328,3,2,4800
deathstarbench_social_network,0,4,direct_r,R,"{""logical_completion"": 9600, ""reduced_category_identification"": 1, ""request_evidence"": 4800}",3.3537000035721576e-05,0.0077578110000331435,0.44238510399929964,read_home_timeline,0.0,0.07080983900073079,0.5209527540000636,1,2,4800
deathstarbench_social_network,0,4,direct_r,R,"{""logical_completion"": 9600, ""reduced_category_identification"": 1, ""request_evidence"": 4800}",3.4916999993583886e-05,0.007532471999979862,0.45965815200133875,read_user_timeline,0.0,0.07001750899871695,0.5372081330000356,2,2,4800
deathstarbench_social_network,0,4,full_e,E,"{""align_probe"": 4800, ""declared_probe_layer"": 1, ""full_category_identification"": 1, ""logical_completion"": 52800, ""native_admissions"": 4800, ""request_evidence"": 4800, ""timestamp_ns"": 1800}",0.001293283999984851,0.018740356000080283,2.36304411998492,compose_post,0.0,0.5493884480150655,2.931172924000066,5,17,4800
deathstarbench_social_network,0,4,full_e,E,"{""align_probe"": 4800, ""declared_probe_layer"": 1, ""full_category_identification"": 1, ""logical_completion"": 9600, ""request_evidence"": 4800, ""timestamp_ns"": 1800}",7.931400000416033e-05,0.008892366000054608,0.4622163879906793,read_home_timeline,0.0,0.09772152500920583,0.5688302789999398,1,4,4800
deathstarbench_social_network,0,4,full_e,E,"{""align_probe"": 4800, ""declared_probe_layer"": 1, ""full_category_identification"": 1, ""logical_completion"": 9600, ""native_admissions"": 4800, ""request_evidence"": 4800, ""timestamp_ns"": 1800}",0.0002649629999496028,0.011927281999987827,0.8138754269891706,read_user_timeline,0.0,0.1267478820108181,0.9525505909999765,4,8,4800
deathstarbench_social_network,0,4,full_r,R,"{""align_probe"": 4800, ""declared_probe_layer"": 1, ""full_category_identification"": 1, ""logical_completion"": 52800, ""native_admissions"": 4800, ""request_evidence"": 4800, ""timestamp_ns"": 1800}",8.171000001766515e-05,0.01832814400006555,2.3681796309880383,compose_post,0.0,0.5527109810119555,2.9392187560000593,5,17,4800
deathstarbench_social_network,0,4,full_r,R,"{""align_probe"": 4800, ""declared_probe_layer"": 1, ""full_category_identification"": 1, ""logical_completion"": 9600, ""request_evidence"": 4800, ""timestamp_ns"": 1800}",4.4617999947149656e-05,0.009132705000070018,0.462618606996557,read_home_timeline,0.0,0.09876855500340298,0.57051986700003,1,4,4800
deathstarbench_social_network,0,4,full_r,R,"{""align_probe"": 4800, ""declared_probe_layer"": 1, ""full_category_identification"": 1, ""logical_completion"": 9600, ""native_admissions"": 4800, ""request_evidence"": 4800, ""timestamp_ns"": 1800}",4.875299998730043e-05,0.011780344000044352,0.8231319560040902,read_user_timeline,0.0,0.1287481929958858,0.9636604930000203,4,8,4800
deathstarbench_social_network,1,2,projected_r,R,"{""align_probe"": 2400, ""declared_probe_layer"": 1, ""full_category_identification"": 1, ""logical_completion"": 26400, ""native_admissions"": 2400, ""request_evidence"": 2400, ""timestamp_ns"": 1800}",4.338400003689458e-05,0.009301024000023972,1.0421990849968097,compose_post,7.172499999796855e-05,0.2618097780032258,1.3133098870000595,3,2,2400
deathstarbench_social_network,1,2,projected_r,R,"{""align_probe"": 2400, ""declared_probe_layer"": 1, ""full_category_identification"": 1, ""logical_completion"": 4800, ""request_evidence"": 2400, ""timestamp_ns"": 1800}",2.8274999976929394e-05,0.004357118000029914,0.23067178600433635,read_home_timeline,3.59030000254279e-05,0.18414873599556358,0.41917763999992985,1,2,2400
deathstarbench_social_network,1,2,projected_r,R,"{""align_probe"": 2400, ""declared_probe_layer"": 1, ""full_category_identification"": 1, ""logical_completion"": 4800, ""native_admissions"": 2400, ""request_evidence"": 2400, ""timestamp_ns"": 1800}",2.7006999971490586e-05,0.007793894999963413,0.27299522400232945,read_user_timeline,4.285900001832488e-05,0.06245490399771825,0.3432440230000111,2,2,2400
deathstarbench_social_network,1,2,direct_r,R,"{""logical_completion"": 26400, ""reduced_category_identification"": 1, ""request_evidence"": 2400}",4.6716999918317015e-05,0.00693280199993751,0.9843309669951168,compose_post,0.0,0.21278584000492629,1.2040496089999806,3,2,2400
deathstarbench_social_network,1,2,direct_r,R,"{""logical_completion"": 4800, ""reduced_category_identification"": 1, ""request_evidence"": 2400}",3.281800002241653e-05,0.003862036999976226,0.3506868680116213,read_home_timeline,0.0,0.03333954598838318,0.3878884509999807,1,2,2400
deathstarbench_social_network,1,2,direct_r,R,"{""logical_completion"": 4800, ""reduced_category_identification"": 1, ""request_evidence"": 2400}",3.235500003029301e-05,0.003803979000053914,0.22460055000146895,read_user_timeline,0.0,0.033559013998456066,0.2619635429999789,2,2,2400
deathstarbench_social_network,1,2,full_e,E,"{""align_probe"": 2400, ""declared_probe_layer"": 1, ""full_category_identification"": 1, ""logical_completion"": 26400, ""native_admissions"": 2400, ""request_evidence"": 2400, ""timestamp_ns"": 1800}",0.0012994530000014493,0.009420109000075172,1.044937722007603,compose_post,0.0,0.2529200059923369,1.307277837000015,5,17,2400
deathstarbench_social_network,1,2,full_e,E,"{""align_probe"": 2400, ""declared_probe_layer"": 1, ""full_category_identification"": 1, ""logical_completion"": 4800, ""request_evidence"": 2400, ""timestamp_ns"": 1800}",7.876199993006594e-05,0.004572743000039736,0.23001489500416028,read_home_timeline,0.0,0.18881539699589212,0.42340303500009213,1,4,2400
deathstarbench_social_network,1,2,full_e,E,"{""align_probe"": 2400, ""declared_probe_layer"": 1, ""full_category_identification"": 1, ""logical_completion"": 4800, ""native_admissions"": 2400, ""request_evidence"": 2400, ""timestamp_ns"": 1800}",0.0002329879999933837,0.007443010999963917,0.27237321799498204,read_user_timeline,0.0,0.06217285500508751,0.34198908400003347,4,8,2400
deathstarbench_social_network,1,2,full_r,R,"{""align_probe"": 2400, ""declared_probe_layer"": 1, ""full_category_identification"": 1, ""logical_completion"": 26400, ""native_admissions"": 2400, ""request_evidence"": 2400, ""timestamp_ns"": 1800}",7.569399997464643e-05,0.009531280999908631,1.0374401689942943,compose_post,0.0,0.2620551000057958,1.3090265499999987,5,17,2400
deathstarbench_social_network,1,2,full_r,R,"{""align_probe"": 2400, ""declared_probe_layer"": 1, ""full_category_identification"": 1, ""logical_completion"": 4800, ""request_evidence"": 2400, ""timestamp_ns"": 1800}",4.113900001811999e-05,0.004608556999983193,0.22893895500806138,read_home_timeline,0.0,0.18475825699192683,0.4183057689999714,1,4,2400
deathstarbench_social_network,1,2,full_r,R,"{""align_probe"": 2400, ""declared_probe_layer"": 1, ""full_category_identification"": 1, ""logical_completion"": 4800, ""native_admissions"": 2400, ""request_evidence"": 2400, ""timestamp_ns"": 1800}",4.57510000160255e-05,0.007514251999964472,0.27284642000518033,read_user_timeline,0.0,0.06239510399484516,0.34275577599998996,4,8,2400
deathstarbench_social_network,1,4,direct_r,R,"{""logical_completion"": 52800, ""reduced_category_identification"": 1, ""request_evidence"": 4800}",4.208900008961791e-05,0.013750851000054354,2.2436359460134554,compose_post,0.0,0.44996461198638826,2.707351408999898,3,2,4800
deathstarbench_social_network,1,4,direct_r,R,"{""logical_completion"": 9600, ""reduced_category_identification"": 1, ""request_evidence"": 4800}",3.67939999250666e-05,0.007605006000062531,0.4350079909985425,read_home_timeline,0.0,0.07046399400132941,0.5130769909999344,1,2,4800
deathstarbench_social_network,1,4,direct_r,R,"{""logical_completion"": 9600, ""reduced_category_identification"": 1, ""request_evidence"": 4800}",3.442299998823728e-05,0.007498177000002215,0.45695114899399414,read_user_timeline,0.0,0.07100478200607085,0.5354541080000672,2,2,4800
deathstarbench_social_network,1,4,full_e,E,"{""align_probe"": 4800, ""declared_probe_layer"": 1, ""full_category_identification"": 1, ""logical_completion"": 52800, ""native_admissions"": 4800, ""request_evidence"": 4800, ""timestamp_ns"": 1800}",0.0012799549999726878,0.018635352000046623,2.358386988005691,compose_post,0.0,0.5527017179942959,2.9297240580000334,5,17,4800
deathstarbench_social_network,1,4,full_e,E,"{""align_probe"": 4800, ""declared_probe_layer"": 1, ""full_category_identification"": 1, ""logical_completion"": 9600, ""request_evidence"": 4800, ""timestamp_ns"": 1800}",9.443999999803054e-05,0.008825408999996398,0.46124727001210886,read_home_timeline,0.0,0.09903728098800002,0.5691099600001053,1,4,4800
deathstarbench_social_network,1,4,full_e,E,"{""align_probe"": 4800, ""declared_probe_layer"": 1, ""full_category_identification"": 1, ""logical_completion"": 9600, ""native_admissions"": 4800, ""request_evidence"": 4800, ""timestamp_ns"": 1800}",0.0002496490000112317,0.012229613000044992,0.8324313839895012,read_user_timeline,0.0,0.12989750201052175,0.974558499000068,4,8,4800
deathstarbench_social_network,1,4,full_r,R,"{""align_probe"": 4800, ""declared_probe_layer"": 1, ""full_category_identification"": 1, ""logical_completion"": 52800, ""native_admissions"": 4800, ""request_evidence"": 4800, ""timestamp_ns"": 1800}",0.00011414799996600777,0.019042705999936516,2.381866132000141,compose_post,0.0,0.5516282229999661,2.9525370610000436,5,17,4800
deathstarbench_social_network,1,4,full_r,R,"{""align_probe"": 4800, ""declared_probe_layer"": 1, ""full_category_identification"": 1, ""logical_completion"": 9600, ""request_evidence"": 4800, ""timestamp_ns"": 1800}",4.6646999976474035e-05,0.009105472999976882,0.4711700009903552,read_home_timeline,0.0,0.10273603800965248,0.5830115119999846,1,4,4800
deathstarbench_social_network,1,4,full_r,R,"{""align_probe"": 4800, ""declared_probe_layer"": 1, ""full_category_identification"": 1, ""logical_completion"": 9600, ""native_admissions"": 4800, ""request_evidence"": 4800, ""timestamp_ns"": 1800}",4.527300006884616e-05,0.011892767000063031,0.8237504549936148,read_user_timeline,0.0,0.12850759100626874,0.9641508129999465,4,8,4800
deathstarbench_social_network,1,4,projected_r,R,"{""align_probe"": 4800, ""declared_probe_layer"": 1, ""full_category_identification"": 1, ""logical_completion"": 52800, ""native_admissions"": 4800, ""request_evidence"": 4800, ""timestamp_ns"": 1800}",4.6863999955348845e-05,0.01846740400003455,2.3652085029930277,compose_post,0.00031796200005373976,0.5522731470069857,2.935949054000048,3,2,4800
deathstarbench_social_network,1,4,projected_r,R,"{""align_probe"": 4800, ""declared_probe_layer"": 1, ""full_category_identification"": 1, ""logical_completion"": 9600, ""request_evidence"": 4800, ""timestamp_ns"": 1800}",2.9940999979771732e-05,0.008977557999969576,0.46066440800393593,read_home_timeline,4.9644000000625965e-05,0.09982164999610177,0.5694636160000073,1,2,4800
deathstarbench_social_network,1,4,projected_r,R,"{""align_probe"": 4800, ""declared_probe_layer"": 1, ""full_category_identification"": 1, ""logical_completion"": 9600, ""native_admissions"": 4800, ""request_evidence"": 4800, ""timestamp_ns"": 1800}",3.325800003040058e-05,0.011619073000019853,0.8224552180124647,read_user_timeline,5.5364999980156426e-05,0.12815784798760887,0.9622321390000934,2,2,4800
deathstarbench_social_network,1,1,full_r,R,"{""align_probe"": 1200, ""declared_probe_layer"": 1, ""full_category_identification"": 1, ""logical_completion"": 13200, ""native_admissions"": 1200, ""request_evidence"": 1200, ""timestamp_ns"": 1800}",7.463700001153484e-05,0.004873145999908957,0.5174627590043883,compose_post,0.0,0.12042810199568521,0.6427640069999825,5,17,1200
deathstarbench_social_network,1,1,full_r,R,"{""align_probe"": 1200, ""declared_probe_layer"": 1, ""full_category_identification"": 1, ""logical_completion"": 2400, ""request_evidence"": 1200, ""timestamp_ns"": 1800}",3.7732999999207095e-05,0.0023183799999060284,0.11682977400471373,read_home_timeline,0.0,0.023647724995385033,0.1427958790000048,1,4,1200
deathstarbench_social_network,1,1,full_r,R,"{""align_probe"": 1200, ""declared_probe_layer"": 1, ""full_category_identification"": 1, ""logical_completion"": 2400, ""native_admissions"": 1200, ""request_evidence"": 1200, ""timestamp_ns"": 1800}",3.865300004690653e-05,0.003085761999955139,0.13813880000066092,read_user_timeline,0.0,0.03126972799930172,0.17249428999991778,4,8,1200
deathstarbench_social_network,1,1,projected_r,R,"{""align_probe"": 1200, ""declared_probe_layer"": 1, ""full_category_identification"": 1, ""logical_completion"": 13200, ""native_admissions"": 1200, ""request_evidence"": 1200, ""timestamp_ns"": 1800}",4.091899995728454e-05,0.0047642970000651985,0.5230242330100054,compose_post,6.515699999454228e-05,0.11864086398998097,0.6464293940000516,3,2,1200
deathstarbench_social_network,1,1,projected_r,R,"{""align_probe"": 1200, ""declared_probe_layer"": 1, ""full_category_identification"": 1, ""logical_completion"": 2400, ""request_evidence"": 1200, ""timestamp_ns"": 1800}",2.7553999984775146e-05,0.002291194000008545,0.11663333498938755,read_home_timeline,3.287100003035448e-05,0.02369248701052129,0.14261701599991738,1,2,1200
deathstarbench_social_network,1,1,projected_r,R,"{""align_probe"": 1200, ""declared_probe_layer"": 1, ""full_category_identification"": 1, ""logical_completion"": 2400, ""native_admissions"": 1200, ""request_evidence"": 1200, ""timestamp_ns"": 1800}",2.367599995523051e-05,0.0032065130000091813,0.1387147560047879,read_user_timeline,3.941299996768066e-05,0.03111893799518839,0.17304020699998546,2,2,1200
deathstarbench_social_network,1,1,direct_r,R,"{""logical_completion"": 13200, ""reduced_category_identification"": 1, ""request_evidence"": 1200}",4.192100004729582e-05,0.0035888760000943876,0.5315103370056704,compose_post,0.0,0.06129373699423013,0.5963929499999949,3,2,1200
deathstarbench_social_network,1,1,direct_r,R,"{""logical_completion"": 2400, ""reduced_category_identification"": 1, ""request_evidence"": 1200}",2.97969999110137e-05,0.00205461899997772,0.10684526400075356,read_home_timeline,0.0,0.016449262999344683,0.12534914600007596,1,2,1200
deathstarbench_social_network,1,1,direct_r,R,"{""logical_completion"": 2400, ""reduced_category_identification"": 1, ""request_evidence"": 1200}",2.6878000085162057e-05,0.0019484040000179448,0.1114906669957918,read_user_timeline,0.0,0.016320691004239052,0.1297597620000488,2,2,1200
deathstarbench_social_network,1,1,full_e,E,"{""align_probe"": 1200, ""declared_probe_layer"": 1, ""full_category_identification"": 1, ""logical_completion"": 13200, ""native_admissions"": 1200, ""request_evidence"": 1200, ""timestamp_ns"": 1800}",0.001275168000006488,0.005634352000015497,0.5187567999950033,compose_post,0.0,0.11890598700495048,0.6432971389999693,5,17,1200
deathstarbench_social_network,1,1,full_e,E,"{""align_probe"": 1200, ""declared_probe_layer"": 1, ""full_category_identification"": 1, ""logical_completion"": 2400, ""request_evidence"": 1200, ""timestamp_ns"": 1800}",7.16970000667061e-05,0.0022395489999098572,0.11730746800105862,read_home_timeline,0.0,0.023506893998956002,0.14305391099992448,1,4,1200
deathstarbench_social_network,1,1,full_e,E,"{""align_probe"": 1200, ""declared_probe_layer"": 1, ""full_category_identification"": 1, ""logical_completion"": 2400, ""native_admissions"": 1200, ""request_evidence"": 1200, ""timestamp_ns"": 1800}",0.00022582500002954475,0.0030939040000248497,0.1378403320028383,read_user_timeline,0.0,0.03104256199719657,0.17197679800005972,4,8,1200
deathstarbench_social_network,2,4,full_e,E,"{""align_probe"": 4800, ""declared_probe_layer"": 1, ""full_category_identification"": 1, ""logical_completion"": 52800, ""native_admissions"": 4800, ""request_evidence"": 4800, ""timestamp_ns"": 1800}",0.0014004199999817502,0.018994270999996843,2.353675802996122,compose_post,0.0,0.5619979720038373,2.934668045999956,5,17,4800
deathstarbench_social_network,2,4,full_e,E,"{""align_probe"": 4800, ""declared_probe_layer"": 1, ""full_category_identification"": 1, ""logical_completion"": 9600, ""request_evidence"": 4800, ""timestamp_ns"": 1800}",8.690899994689971e-05,0.008805618999986109,0.45765442100912423,read_home_timeline,0.0,0.0979356449909119,0.5643956850000222,1,4,4800
deathstarbench_social_network,2,4,full_e,E,"{""align_probe"": 4800, ""declared_probe_layer"": 1, ""full_category_identification"": 1, ""logical_completion"": 9600, ""native_admissions"": 4800, ""request_evidence"": 4800, ""timestamp_ns"": 1800}",0.00024337500008186908,0.011761417999991863,0.8272225369968282,read_user_timeline,0.0,0.12708895100320206,0.9660729060000222,4,8,4800
deathstarbench_social_network,2,4,full_r,R,"{""align_probe"": 4800, ""declared_probe_layer"": 1, ""full_category_identification"": 1, ""logical_completion"": 52800, ""native_admissions"": 4800, ""request_evidence"": 4800, ""timestamp_ns"": 1800}",8.698399994955253e-05,0.01864193599999453,2.361541205004073,compose_post,0.0,0.55086419199597,2.9310473330000377,5,17,4800
deathstarbench_social_network,2,4,full_r,R,"{""align_probe"": 4800, ""declared_probe_layer"": 1, ""full_category_identification"": 1, ""logical_completion"": 9600, ""request_evidence"": 4800, ""timestamp_ns"": 1800}",4.6077999968474614e-05,0.009097745999952167,0.46388073399475616,read_home_timeline,0.0,0.09875205900527817,0.5717305389999865,1,4,4800
deathstarbench_social_network,2,4,full_r,R,"{""align_probe"": 4800, ""declared_probe_layer"": 1, ""full_category_identification"": 1, ""logical_completion"": 9600, ""native_admissions"": 4800, ""request_evidence"": 4800, ""timestamp_ns"": 1800}",4.400000000259752e-05,0.012032983000040076,0.8255125359897875,read_user_timeline,0.0,0.12752061401022274,0.9650661330000503,4,8,4800
deathstarbench_social_network,2,4,projected_r,R,"{""align_probe"": 4800, ""declared_probe_layer"": 1, ""full_category_identification"": 1, ""logical_completion"": 52800, ""native_admissions"": 4800, ""request_evidence"": 4800, ""timestamp_ns"": 1800}",4.69130000055884e-05,0.01877580500001841,2.364612679982997,compose_post,0.00030610100009198504,0.5501706880170332,2.9335591730000488,3,2,4800
deathstarbench_social_network,2,4,projected_r,R,"{""align_probe"": 4800, ""declared_probe_layer"": 1, ""full_category_identification"": 1, ""logical_completion"": 9600, ""request_evidence"": 4800, ""timestamp_ns"": 1800}",2.8879000069537142e-05,0.008720743000026232,0.46457213800647423,read_home_timeline,4.515900002388662e-05,0.09988130199349143,0.5731741829999919,1,2,4800
deathstarbench_social_network,2,4,projected_r,R,"{""align_probe"": 4800, ""declared_probe_layer"": 1, ""full_category_identification"": 1, ""logical_completion"": 9600, ""native_admissions"": 4800, ""request_evidence"": 4800, ""timestamp_ns"": 1800}",2.6714000000538363e-05,0.011922206999997798,0.8280065550128484,read_user_timeline,4.956299994773872e-05,0.1288209709871353,0.9687497329999815,2,2,4800
deathstarbench_social_network,2,4,direct_r,R,"{""logical_completion"": 52800, ""reduced_category_identification"": 1, ""request_evidence"": 4800}",4.2951000068569556e-05,0.013879834000022129,2.2816431380142603,compose_post,0.0,0.4478695899857712,2.7433925620000537,3,2,4800
deathstarbench_social_network,2,4,direct_r,R,"{""logical_completion"": 9600, ""reduced_category_identification"": 1, ""request_evidence"": 4800}",3.612299997257651e-05,0.007940437999991445,0.4445029189920433,read_home_timeline,0.0,0.07126253600790733,0.5237058929999421,1,2,4800
deathstarbench_social_network,2,4,direct_r,R,"{""logical_completion"": 9600, ""reduced_category_identification"": 1, ""request_evidence"": 4800}",3.567100009149726e-05,0.007829452000009951,0.46192364599619395,read_user_timeline,0.0,0.07143182900381362,0.5411849270000175,2,2,4800
deathstarbench_social_network,2,1,projected_r,R,"{""align_probe"": 1200, ""declared_probe_layer"": 1, ""full_category_identification"": 1, ""logical_completion"": 13200, ""native_admissions"": 1200, ""request_evidence"": 1200, ""timestamp_ns"": 1800}",4.1369999962626025e-05,0.004905417999907513,0.5214992939913827,compose_post,6.394999991243822e-05,0.12477507900871387,0.6511797910000041,3,2,1200
deathstarbench_social_network,2,1,projected_r,R,"{""align_probe"": 1200, ""declared_probe_layer"": 1, ""full_category_identification"": 1, ""logical_completion"": 2400, ""request_evidence"": 1200, ""timestamp_ns"": 1800}",2.5853000011011318e-05,0.0022530020000885997,0.1165562100037505,read_home_timeline,2.9562999998233863e-05,0.02360207499611988,0.14241128699995897,1,2,1200
deathstarbench_social_network,2,1,projected_r,R,"{""align_probe"": 1200, ""declared_probe_layer"": 1, ""full_category_identification"": 1, ""logical_completion"": 2400, ""native_admissions"": 1200, ""request_evidence"": 1200, ""timestamp_ns"": 1800}",2.5778999997783103e-05,0.003045986999950401,0.13801793499999349,read_user_timeline,4.13540000181456e-05,0.031741314999976566,0.17280523699992045,2,2,1200
deathstarbench_social_network,2,1,direct_r,R,"{""logical_completion"": 13200, ""reduced_category_identification"": 1, ""request_evidence"": 1200}",4.3728999912673316e-05,0.0034511099999008366,0.5258718620076479,compose_post,0.0,0.06091244899243975,0.5902354209999885,3,2,1200
deathstarbench_social_network,2,1,direct_r,R,"{""logical_completion"": 2400, ""reduced_category_identification"": 1, ""request_evidence"": 1200}",2.9254999958538974e-05,0.0020684429999846543,0.10932480999815652,read_home_timeline,0.0,0.016836282001804648,0.12822953499994583,1,2,1200
deathstarbench_social_network,2,1,direct_r,R,"{""logical_completion"": 2400, ""reduced_category_identification"": 1, ""request_evidence"": 1200}",2.8219000000717642e-05,0.0019701579999491514,0.11278163400015728,read_user_timeline,0.0,0.01674198099988189,0.13149377299998832,2,2,1200
deathstarbench_social_network,2,1,full_e,E,"{""align_probe"": 1200, ""declared_probe_layer"": 1, ""full_category_identification"": 1, ""logical_completion"": 13200, ""native_admissions"": 1200, ""request_evidence"": 1200, ""timestamp_ns"": 1800}",0.001276736000022538,0.005037244000050123,0.5217724069951828,compose_post,0.0,0.11815012600470709,0.64495977699994,5,17,1200
deathstarbench_social_network,2,1,full_e,E,"{""align_probe"": 1200, ""declared_probe_layer"": 1, ""full_category_identification"": 1, ""logical_completion"": 2400, ""request_evidence"": 1200, ""timestamp_ns"": 1800}",7.290400003512332e-05,0.002326216999904318,0.11788232100388996,read_home_timeline,0.0,0.023909842996204134,0.1441183809999984,1,4,1200
deathstarbench_social_network,2,1,full_e,E,"{""align_probe"": 1200, ""declared_probe_layer"": 1, ""full_category_identification"": 1, ""logical_completion"": 2400, ""native_admissions"": 1200, ""request_evidence"": 1200, ""timestamp_ns"": 1800}",0.00023369400003048213,0.00311364300000605,0.13948798300100407,read_user_timeline,0.0,0.0318455689990742,0.17444719500008432,4,8,1200
deathstarbench_social_network,2,1,full_r,R,"{""align_probe"": 1200, ""declared_probe_layer"": 1, ""full_category_identification"": 1, ""logical_completion"": 13200, ""native_admissions"": 1200, ""request_evidence"": 1200, ""timestamp_ns"": 1800}",6.823699993674381e-05,0.004863645999989785,0.5245985150033903,compose_post,0.0,0.12106831199662338,0.6505304730000034,5,17,1200
deathstarbench_social_network,2,1,full_r,R,"{""align_probe"": 1200, ""declared_probe_layer"": 1, ""full_category_identification"": 1, ""logical_completion"": 2400, ""request_evidence"": 1200, ""timestamp_ns"": 1800}",3.783099998599937e-05,0.002261429999975917,0.11834266500181911,read_home_timeline,0.0,0.02397629799816059,0.14458039299995562,1,4,1200
deathstarbench_social_network,2,1,full_r,R,"{""align_probe"": 1200, ""declared_probe_layer"": 1, ""full_category_identification"": 1, ""logical_completion"": 2400, ""native_admissions"": 1200, ""request_evidence"": 1200, ""timestamp_ns"": 1800}",4.0665999904376804e-05,0.003191336999975647,0.13933496599906903,read_user_timeline,0.0,0.03185875800102167,0.17438506100006634,4,8,1200
deathstarbench_social_network,2,2,direct_r,R,"{""logical_completion"": 26400, ""reduced_category_identification"": 1, ""request_evidence"": 2400}",4.4536000018524646e-05,0.006805449000012231,0.9890680490013892,compose_post,0.0,0.22595859999864842,1.2218320980000499,3,2,2400
deathstarbench_social_network,2,2,direct_r,R,"{""logical_completion"": 4800, ""reduced_category_identification"": 1, ""request_evidence"": 2400}",3.391100005956105e-05,0.0042396569999709754,0.3539626710030461,read_home_timeline,0.0,0.033829229996968024,0.3920315579999851,1,2,2400
deathstarbench_social_network,2,2,direct_r,R,"{""logical_completion"": 4800, ""reduced_category_identification"": 1, ""request_evidence"": 2400}",3.133600000637671e-05,0.003902474000028633,0.22774699900310225,read_user_timeline,0.0,0.03412149799680719,0.26577097099993807,2,2,2400
deathstarbench_social_network,2,2,full_e,E,"{""align_probe"": 2400, ""declared_probe_layer"": 1, ""full_category_identification"": 1, ""logical_completion"": 26400, ""native_admissions"": 2400, ""request_evidence"": 2400, ""timestamp_ns"": 1800}",0.0013153109999848311,0.009379117000094084,1.0411737850139389,compose_post,0.0,0.27627740898594766,1.3268303109999806,5,17,2400
deathstarbench_social_network,2,2,full_e,E,"{""align_probe"": 2400, ""declared_probe_layer"": 1, ""full_category_identification"": 1, ""logical_completion"": 4800, ""request_evidence"": 2400, ""timestamp_ns"": 1800}",8.390300001792639e-05,0.004448759999945651,0.22991731900481227,read_home_timeline,0.0,0.1918274849952013,0.4261935639999592,1,4,2400
deathstarbench_social_network,2,2,full_e,E,"{""align_probe"": 2400, ""declared_probe_layer"": 1, ""full_category_identification"": 1, ""logical_completion"": 4800, ""native_admissions"": 2400, ""request_evidence"": 2400, ""timestamp_ns"": 1800}",0.00024269800007914455,0.0074975750000021435,0.2746755670023049,read_user_timeline,0.0,0.06314284099767065,0.3453159829999777,4,8,2400
deathstarbench_social_network,2,2,full_r,R,"{""align_probe"": 2400, ""declared_probe_layer"": 1, ""full_category_identification"": 1, ""logical_completion"": 26400, ""native_admissions"": 2400, ""request_evidence"": 2400, ""timestamp_ns"": 1800}",7.970499996190483e-05,0.009414443000082429,1.0344919390024643,compose_post,0.0,0.2690756819974922,1.312982064000039,5,17,2400
deathstarbench_social_network,2,2,full_r,R,"{""align_probe"": 2400, ""declared_probe_layer"": 1, ""full_category_identification"": 1, ""logical_completion"": 4800, ""request_evidence"": 2400, ""timestamp_ns"": 1800}",4.216100001031009e-05,0.0044427880000057485,0.2285725779989889,read_home_timeline,0.0,0.19983128800095074,0.4328466539999454,1,4,2400
deathstarbench_social_network,2,2,full_r,R,"{""align_probe"": 2400, ""declared_probe_layer"": 1, ""full_category_identification"": 1, ""logical_completion"": 4800, ""native_admissions"": 2400, ""request_evidence"": 2400, ""timestamp_ns"": 1800}",4.609600000549108e-05,0.007608081999933347,0.27426363799895626,read_user_timeline,0.0,0.06381423200116387,0.3456859520000535,4,8,2400
deathstarbench_social_network,2,2,projected_r,R,"{""align_probe"": 2400, ""declared_probe_layer"": 1, ""full_category_identification"": 1, ""logical_completion"": 26400, ""native_admissions"": 2400, ""request_evidence"": 2400, ""timestamp_ns"": 1800}",4.689200000029814e-05,0.009563208000031409,1.0346575140080176,compose_post,0.00010842500000762811,0.279631227992013,1.323851950000062,3,2,2400
deathstarbench_social_network,2,2,projected_r,R,"{""align_probe"": 2400, ""declared_probe_layer"": 1, ""full_category_identification"": 1, ""logical_completion"": 4800, ""request_evidence"": 2400, ""timestamp_ns"": 1800}",2.7886999987458694e-05,0.004447055000014188,0.2305117780032333,read_home_timeline,3.477399991425045e-05,0.19777452899677428,0.43273336200002177,1,2,2400
deathstarbench_social_network,2,2,projected_r,R,"{""align_probe"": 2400, ""declared_probe_layer"": 1, ""full_category_identification"": 1, ""logical_completion"": 4800, ""native_admissions"": 2400, ""request_evidence"": 2400, ""timestamp_ns"": 1800}",2.836800001659867e-05,0.007856718999960322,0.272279977004132,read_user_timeline,4.334400000516325e-05,0.06321341799593938,0.3433501140000317,2,2,2400
opentelemetry_demo,0,1,full_e,E,"{""align_probe"": 1200, ""declared_probe_layer"": 1, ""full_category_identification"": 1, ""logical_completion"": 6000, ""native_admissions"": 1200, ""request_evidence"": 1200, ""timestamp_ns"": 1800}",0.0005844510000088121,0.006858829999998761,0.4791672380000591,add_to_cart,0.0,0.17904932099992266,0.6650753889999805,5,11,1200
opentelemetry_demo,0,1,full_e,E,"{""align_probe"": 1200, ""declared_probe_layer"": 1, ""full_category_identification"": 1, ""logical_completion"": 3600, ""native_admissions"": 1200, ""request_evidence"": 1200, ""timestamp_ns"": 1800}",0.00044077300000822106,0.003748174999998355,0.21664315599932138,browse_product,0.0,0.04623539000067467,0.2666267209999944,5,9,1200
opentelemetry_demo,0,1,full_e,E,"{""align_probe"": 1200, ""declared_probe_layer"": 1, ""full_category_identification"": 1, ""logical_completion"": 14400, ""native_admissions"": 1200, ""request_evidence"": 1200, ""timestamp_ns"": 1800}",0.002347080999982154,0.008198200999999017,1.6275527789994726,checkout,0.0,0.12625597400051447,1.762006953999986,12,18,1200
opentelemetry_demo,0,1,full_r,R,"{""align_probe"": 1200, ""declared_probe_layer"": 1, ""full_category_identification"": 1, ""logical_completion"": 6000, ""native_admissions"": 1200, ""request_evidence"": 1200, ""timestamp_ns"": 1800}",6.100399997421846e-05,0.0069018810000045505,0.4758083910009532,add_to_cart,0.0,0.17139120599904345,0.6541014780000012,5,11,1200
opentelemetry_demo,0,1,full_r,R,"{""align_probe"": 1200, ""declared_probe_layer"": 1, ""full_category_identification"": 1, ""logical_completion"": 3600, ""native_admissions"": 1200, ""request_evidence"": 1200, ""timestamp_ns"": 1800}",4.3521999998574756e-05,0.0037225869999986116,0.21285226899848908,browse_product,0.0,0.045460987001519015,0.2620358430000067,5,9,1200
opentelemetry_demo,0,1,full_r,R,"{""align_probe"": 1200, ""declared_probe_layer"": 1, ""full_category_identification"": 1, ""logical_completion"": 14400, ""native_admissions"": 1200, ""request_evidence"": 1200, ""timestamp_ns"": 1800}",6.422000001293782e-05,0.008356846000026508,1.6350478750026127,checkout,0.0,0.12634496299736497,1.7697496840000042,12,18,1200
opentelemetry_demo,0,1,projected_r,R,"{""align_probe"": 1200, ""declared_probe_layer"": 1, ""full_category_identification"": 1, ""logical_completion"": 6000, ""native_admissions"": 1200, ""request_evidence"": 1200, ""timestamp_ns"": 1800}",3.8461999992023266e-05,0.006735950000006596,0.4791335899997762,add_to_cart,4.941200000985191e-05,0.19385658000021522,0.679726119999998,2,2,1200
opentelemetry_demo,0,1,projected_r,R,"{""align_probe"": 1200, ""declared_probe_layer"": 1, ""full_category_identification"": 1, ""logical_completion"": 3600, ""native_admissions"": 1200, ""request_evidence"": 1200, ""timestamp_ns"": 1800}",2.6459999986627736e-05,0.0039068309999947815,0.21472458299942332,browse_product,4.7317999985807546e-05,0.04637189400060038,0.2650033080000185,2,2,1200
opentelemetry_demo,0,1,projected_r,R,"{""align_probe"": 1200, ""declared_probe_layer"": 1, ""full_category_identification"": 1, ""logical_completion"": 14400, ""native_admissions"": 1200, ""request_evidence"": 1200, ""timestamp_ns"": 1800}",2.692099999990205e-05,0.008171499000013682,1.614217217999368,checkout,7.836699998620134e-05,0.1259122730006368,1.7483009900000184,3,2,1200
opentelemetry_demo,0,1,direct_r,R,"{""logical_completion"": 6000, ""reduced_category_identification"": 1, ""request_evidence"": 1200}",3.8291999999273685e-05,0.0026441550000129155,0.5509936939996294,add_to_cart,0.0,0.04161904200034883,0.5952568909999911,2,2,1200
opentelemetry_demo,0,1,direct_r,R,"{""logical_completion"": 3600, ""reduced_category_identification"": 1, ""request_evidence"": 1200}",3.0276000018147897e-05,0.0022073089999992135,0.18138840399868172,browse_product,0.0,0.027407484001315652,0.2110031969999966,2,2,1200
opentelemetry_demo,0,1,direct_r,R,"{""logical_completion"": 14400, ""reduced_category_identification"": 1, ""request_evidence"": 1200}",3.014600000028622e-05,0.00383632599999828,1.598262469001554,checkout,0.0,0.08917403599843965,1.691272830999992,3,2,1200
opentelemetry_demo,0,2,full_r,R,"{""align_probe"": 2400, ""declared_probe_layer"": 1, ""full_category_identification"": 1, ""logical_completion"": 12000, ""native_admissions"": 2400, ""request_evidence"": 2400, ""timestamp_ns"": 1800}",8.234300000253825e-05,0.008208003000021336,0.9685703069997942,add_to_cart,0.0,0.4099705040001993,1.3867488140000148,5,11,2400
opentelemetry_demo,0,2,full_r,R,"{""align_probe"": 2400, ""declared_probe_layer"": 1, ""full_category_identification"": 1, ""logical_completion"": 7200, ""native_admissions"": 2400, ""request_evidence"": 2400, ""timestamp_ns"": 1800}",4.923199998074779e-05,0.0073392910000222855,0.7857229760001587,browse_product,0.0,0.09365809799982117,0.8867203650000022,5,9,2400
opentelemetry_demo,0,2,full_r,R,"{""align_probe"": 2400, ""declared_probe_layer"": 1, ""full_category_identification"": 1, ""logical_completion"": 28800, ""native_admissions"": 2400, ""request_evidence"": 2400, ""timestamp_ns"": 1800}",8.77439999840135e-05,0.011182084000012082,2.9259010469966995,checkout,0.0,0.2582359050032892,3.195319036000001,12,18,2400
opentelemetry_demo,0,2,projected_r,R,"{""align_probe"": 2400, ""declared_probe_layer"": 1, ""full_category_identification"": 1, ""logical_completion"": 12000, ""native_admissions"": 2400, ""request_evidence"": 2400, ""timestamp_ns"": 1800}",6.430000001955705e-05,0.00812059500000828,0.9717672329996105,add_to_cart,5.316900001162139e-05,0.4127156370003888,1.3926034650000076,2,2,2400
opentelemetry_demo,0,2,projected_r,R,"{""align_probe"": 2400, ""declared_probe_layer"": 1, ""full_category_identification"": 1, ""logical_completion"": 7200, ""native_admissions"": 2400, ""request_evidence"": 2400, ""timestamp_ns"": 1800}",3.162900000575064e-05,0.007183216000015591,0.7875364849997766,browse_product,5.1435999978366453e-05,0.09704332600020393,0.8917630269999961,2,2,2400
opentelemetry_demo,0,2,projected_r,R,"{""align_probe"": 2400, ""declared_probe_layer"": 1, ""full_category_identification"": 1, ""logical_completion"": 28800, ""native_admissions"": 2400, ""request_evidence"": 2400, ""timestamp_ns"": 1800}",3.229099999657592e-05,0.010998436999983596,2.947038259000408,checkout,0.0008858220000149686,0.25657221399961827,3.2146089100000097,3,2,2400
opentelemetry_demo,0,2,direct_r,R,"{""logical_completion"": 12000, ""reduced_category_identification"": 1, ""request_evidence"": 2400}",3.975399999944784e-05,0.005197525999989239,0.8947753560001388,add_to_cart,0.0,0.3550771129998793,1.2550499950000074,2,2,2400
opentelemetry_demo,0,2,direct_r,R,"{""logical_completion"": 7200, ""reduced_category_identification"": 1, ""request_evidence"": 2400}",3.276099999993676e-05,0.004551832000004197,0.7240057840012639,browse_product,0.0,0.05649614599872166,0.7850537619999898,2,2,2400
opentelemetry_demo,0,2,direct_r,R,"{""logical_completion"": 28800, ""reduced_category_identification"": 1, ""request_evidence"": 2400}",2.9855999997607796e-05,0.006898307000000159,2.807298317997976,checkout,0.0,0.17753966800202647,2.9917362930000024,3,2,2400
opentelemetry_demo,0,2,full_e,E,"{""align_probe"": 2400, ""declared_probe_layer"": 1, ""full_category_identification"": 1, ""logical_completion"": 12000, ""native_admissions"": 2400, ""request_evidence"": 2400, ""timestamp_ns"": 1800}",0.0006601429999761876,0.008223952999998119,0.9628472339988718,add_to_cart,0.0,0.4008736970011455,1.3719448840000155,5,11,2400
opentelemetry_demo,0,2,full_e,E,"{""align_probe"": 2400, ""declared_probe_layer"": 1, ""full_category_identification"": 1, ""logical_completion"": 7200, ""native_admissions"": 2400, ""request_evidence"": 2400, ""timestamp_ns"": 1800}",0.00047270299998558585,0.0073213469999870995,0.7635218580006438,browse_product,0.0,0.09343818999937525,0.8642813950000061,5,9,2400
opentelemetry_demo,0,2,full_e,E,"{""align_probe"": 2400, ""declared_probe_layer"": 1, ""full_category_identification"": 1, ""logical_completion"": 28800, ""native_admissions"": 2400, ""request_evidence"": 2400, ""timestamp_ns"": 1800}",0.0023659850000115057,0.011082189999996217,2.9208285420012032,checkout,0.0,0.25438933899880567,3.186300071000005,12,18,2400
opentelemetry_demo,0,4,projected_r,R,"{""align_probe"": 4800, ""declared_probe_layer"": 1, ""full_category_identification"": 1, ""logical_completion"": 24000, ""native_admissions"": 4800, ""request_evidence"": 4800, ""timestamp_ns"": 1800}",4.397300000391624e-05,0.015849897000009605,2.6075394940021965,add_to_cart,0.00012897999999950116,0.8105061699977796,3.4338955609999857,2,2,4800
opentelemetry_demo,0,4,projected_r,R,"{""align_probe"": 4800, ""declared_probe_layer"": 1, ""full_category_identification"": 1, ""logical_completion"": 14400, ""native_admissions"": 4800, ""request_evidence"": 4800, ""timestamp_ns"": 1800}",3.6878999992495665e-05,0.015639764000013656,0.8740058619967215,browse_product,0.0001524139999844465,0.19445044500326958,1.0840960710000047,2,2,4800
opentelemetry_demo,0,4,projected_r,R,"{""align_probe"": 4800, ""declared_probe_layer"": 1, ""full_category_identification"": 1, ""logical_completion"": 57600, ""native_admissions"": 4800, ""request_evidence"": 4800, ""timestamp_ns"": 1800}",3.454500000543703e-05,0.02129566499999669,6.568300835999906,checkout,0.0003741079999883823,0.509957584000091,7.099554084999994,3,2,4800
opentelemetry_demo,0,4,direct_r,R,"{""logical_completion"": 24000, ""reduced_category_identification"": 1, ""request_evidence"": 4800}",4.510399998025605e-05,0.010010929999992868,2.556679111998335,add_to_cart,0.0,0.8443286440016777,3.4110186860000056,2,2,4800
opentelemetry_demo,0,4,direct_r,R,"{""logical_completion"": 14400, ""reduced_category_identification"": 1, ""request_evidence"": 4800}",3.6969000007047725e-05,0.008106335999997327,0.7470462450019397,browse_product,0.0,0.116967023998086,0.8721196050000231,2,2,4800
opentelemetry_demo,0,4,direct_r,R,"{""logical_completion"": 57600, ""reduced_category_identification"": 1, ""request_evidence"": 4800}",3.626699998449112e-05,0.014525133000006463,6.355253383000189,checkout,0.0,0.3492513869998106,6.719029903000006,3,2,4800
opentelemetry_demo,0,4,full_e,E,"{""align_probe"": 4800, ""declared_probe_layer"": 1, ""full_category_identification"": 1, ""logical_completion"": 24000, ""native_admissions"": 4800, ""request_evidence"": 4800, ""timestamp_ns"": 1800}",0.0007003369999836195,0.015794765999999072,2.607878761001217,add_to_cart,0.0,0.8174572309987695,3.4411307579999857,5,11,4800
opentelemetry_demo,0,4,full_e,E,"{""align_probe"": 4800, ""declared_probe_layer"": 1, ""full_category_identification"": 1, ""logical_completion"": 14400, ""native_admissions"": 4800, ""request_evidence"": 4800, ""timestamp_ns"": 1800}",0.0005030290000149762,0.015828106999975944,0.8747770009993872,browse_product,0.0,0.19287095700065038,1.0834760650000135,5,9,4800
opentelemetry_demo,0,4,full_e,E,"{""align_probe"": 4800, ""declared_probe_layer"": 1, ""full_category_identification"": 1, ""logical_completion"": 57600, ""native_admissions"": 4800, ""request_evidence"": 4800, ""timestamp_ns"": 1800}",0.0023939159999599724,0.021141020000015942,6.569777767997266,checkout,0.0,0.5147453580027559,7.105664146000038,12,18,4800
opentelemetry_demo,0,4,full_r,R,"{""align_probe"": 4800, ""declared_probe_layer"": 1, ""full_category_identification"": 1, ""logical_completion"": 24000, ""native_admissions"": 4800, ""request_evidence"": 4800, ""timestamp_ns"": 1800}",8.85850000145183e-05,0.01573158600001534,2.6089388129960867,add_to_cart,0.0,0.81853651600386,3.443206914999962,5,11,4800
opentelemetry_demo,0,4,full_r,R,"{""align_probe"": 4800, ""declared_probe_layer"": 1, ""full_category_identification"": 1, ""logical_completion"": 14400, ""native_admissions"": 4800, ""request_evidence"": 4800, ""timestamp_ns"": 1800}",6.568300000253657e-05,0.015018475999966086,0.8653056010006708,browse_product,0.0,0.1917142619993797,1.0720383390000165,5,9,4800
opentelemetry_demo,0,4,full_r,R,"{""align_probe"": 4800, ""declared_probe_layer"": 1, ""full_category_identification"": 1, ""logical_completion"": 57600, ""native_admissions"": 4800, ""request_evidence"": 4800, ""timestamp_ns"": 1800}",8.100100001229293e-05,0.02161758900001587,6.44892978901072,checkout,0.0,0.5025896019892571,6.9731369799999925,12,18,4800
opentelemetry_demo,1,2,projected_r,R,"{""align_probe"": 2400, ""declared_probe_layer"": 1, ""full_category_identification"": 1, ""logical_completion"": 12000, ""native_admissions"": 2400, ""request_evidence"": 2400, ""timestamp_ns"": 1800}",4.062499999690772e-05,0.008242364000011548,0.9609604699950296,add_to_cart,5.599500002517743e-05,0.41237488400491884,1.38157771799996,2,2,2400
opentelemetry_demo,1,2,projected_r,R,"{""align_probe"": 2400, ""declared_probe_layer"": 1, ""full_category_identification"": 1, ""logical_completion"": 7200, ""native_admissions"": 2400, ""request_evidence"": 2400, ""timestamp_ns"": 1800}",3.195900001173868e-05,0.007135046999962924,0.7881321540040176,browse_product,5.166600004713473e-05,0.093576625996036,0.8888438270000165,2,2,2400
opentelemetry_demo,1,2,projected_r,R,"{""align_probe"": 2400, ""declared_probe_layer"": 1, ""full_category_identification"": 1, ""logical_completion"": 28800, ""native_admissions"": 2400, ""request_evidence"": 2400, ""timestamp_ns"": 1800}",3.408300000273812e-05,0.010939897000014298,2.897341471993059,checkout,0.0006357970000294699,0.25590538100692584,3.164186749999999,3,2,2400
opentelemetry_demo,1,2,direct_r,R,"{""logical_completion"": 12000, ""reduced_category_identification"": 1, ""request_evidence"": 2400}",3.863199998477285e-05,0.005126647999986744,0.9007301840035211,add_to_cart,0.0,0.3468009269964796,1.2526577589999874,2,2,2400
opentelemetry_demo,1,2,direct_r,R,"{""logical_completion"": 7200, ""reduced_category_identification"": 1, ""request_evidence"": 2400}",3.546600004256106e-05,0.004456556999969052,0.7168069340017951,browse_product,0.0,0.05696868699823199,0.7782321779999961,2,2,2400
opentelemetry_demo,1,2,direct_r,R,"{""logical_completion"": 28800, ""reduced_category_identification"": 1, ""request_evidence"": 2400}",3.1248000027517264e-05,0.006907990999991398,2.869793296002399,checkout,0.0,0.1770179159975669,3.0537192029999574,3,2,2400
opentelemetry_demo,1,2,full_e,E,"{""align_probe"": 2400, ""declared_probe_layer"": 1, ""full_category_identification"": 1, ""logical_completion"": 12000, ""native_admissions"": 2400, ""request_evidence"": 2400, ""timestamp_ns"": 1800}",0.0006286729999942509,0.008022551999999905,0.9628247610013432,add_to_cart,0.0,0.4102694499986228,1.3811167629999659,5,11,2400
opentelemetry_demo,1,2,full_e,E,"{""align_probe"": 2400, ""declared_probe_layer"": 1, ""full_category_identification"": 1, ""logical_completion"": 7200, ""native_admissions"": 2400, ""request_evidence"": 2400, ""timestamp_ns"": 1800}",0.000461681000047065,0.0072922790000120585,0.7774107920049573,browse_product,0.0,0.0935990569950036,0.878302127999973,5,9,2400
opentelemetry_demo,1,2,full_e,E,"{""align_probe"": 2400, ""declared_probe_layer"": 1, ""full_category_identification"": 1, ""logical_completion"": 28800, ""native_admissions"": 2400, ""request_evidence"": 2400, ""timestamp_ns"": 1800}",0.0024690980000059426,0.01097304899997198,2.90911069100207,checkout,0.0,0.25280486699796256,3.1728886070000044,12,18,2400
opentelemetry_demo,1,2,full_r,R,"{""align_probe"": 2400, ""declared_probe_layer"": 1, ""full_category_identification"": 1, ""logical_completion"": 12000, ""native_admissions"": 2400, ""request_evidence"": 2400, ""timestamp_ns"": 1800}",6.601300003694632e-05,0.00811781999999539,0.9759063539982549,add_to_cart,0.0,0.4034692320017257,1.387493405999976,5,11,2400
opentelemetry_demo,1,2,full_r,R,"{""align_probe"": 2400, ""declared_probe_layer"": 1, ""full_category_identification"": 1, ""logical_completion"": 7200, ""native_admissions"": 2400, ""request_evidence"": 2400, ""timestamp_ns"": 1800}",4.7659000017574726e-05,0.007371386999977858,0.7760050030015009,browse_product,0.0,0.09556485899855716,0.8789412490000359,5,9,2400
opentelemetry_demo,1,2,full_r,R,"{""align_probe"": 2400, ""declared_probe_layer"": 1, ""full_category_identification"": 1, ""logical_completion"": 28800, ""native_admissions"": 2400, ""request_evidence"": 2400, ""timestamp_ns"": 1800}",8.062000000563785e-05,0.01073338999998441,2.93506079200165,checkout,0.0,0.2593254159983758,3.2051195980000102,12,18,2400
opentelemetry_demo,1,4,direct_r,R,"{""logical_completion"": 24000, ""reduced_category_identification"": 1, ""request_evidence"": 4800}",4.139800000757532e-05,0.009731176000002506,2.462211842993611,add_to_cart,0.0,0.7088411140064181,3.1807841330000315,2,2,4800
opentelemetry_demo,1,4,direct_r,R,"{""logical_completion"": 14400, ""reduced_category_identification"": 1, ""request_evidence"": 4800}",5.0364000003355613e-05,0.008253338999963944,0.7642302880049101,browse_product,0.0,0.11522363999517893,0.887707267000053,2,2,4800
opentelemetry_demo,1,4,direct_r,R,"{""logical_completion"": 57600, ""reduced_category_identification"": 1, ""request_evidence"": 4800}",3.6808999993809266e-05,0.014049457999988135,6.338981825991311,checkout,0.0,0.35277323000866545,6.705804513999965,3,2,4800
opentelemetry_demo,1,4,full_e,E,"{""align_probe"": 4800, ""declared_probe_layer"": 1, ""full_category_identification"": 1, ""logical_completion"": 24000, ""native_admissions"": 4800, ""request_evidence"": 4800, ""timestamp_ns"": 1800}",0.0006415240000023914,0.01611617999998316,2.631417522002039,add_to_cart,0.0,0.8051965169979667,3.4527302189999887,5,11,4800
opentelemetry_demo,1,4,full_e,E,"{""align_probe"": 4800, ""declared_probe_layer"": 1, ""full_category_identification"": 1, ""logical_completion"": 14400, ""native_admissions"": 4800, ""request_evidence"": 4800, ""timestamp_ns"": 1800}",0.00045129000000088126,0.01640425700003334,0.8791962459952174,browse_product,0.0,0.19247740800472002,1.0880779109999708,5,9,4800
opentelemetry_demo,1,4,full_e,E,"{""align_probe"": 4800, ""declared_probe_layer"": 1, ""full_category_identification"": 1, ""logical_completion"": 57600, ""native_admissions"": 4800, ""request_evidence"": 4800, ""timestamp_ns"": 1800}",0.0023756009999829075,0.02177703500001371,6.636553600996194,checkout,0.0,0.5102723350038332,7.168602971000041,12,18,4800
opentelemetry_demo,1,4,full_r,R,"{""align_probe"": 4800, ""declared_probe_layer"": 1, ""full_category_identification"": 1, ""logical_completion"": 24000, ""native_admissions"": 4800, ""request_evidence"": 4800, ""timestamp_ns"": 1800}",7.539099999576138e-05,0.01588857699999835,2.581749520997789,add_to_cart,0.0,0.8008377010021945,3.398475798999982,5,11,4800
opentelemetry_demo,1,4,full_r,R,"{""align_probe"": 4800, ""declared_probe_layer"": 1, ""full_category_identification"": 1, ""logical_completion"": 14400, ""native_admissions"": 4800, ""request_evidence"": 4800, ""timestamp_ns"": 1800}",5.712699999094184e-05,0.01612590099995259,0.8647072109965848,browse_product,0.0,0.19258542300343606,1.0734185349999734,5,9,4800
opentelemetry_demo,1,4,full_r,R,"{""align_probe"": 4800, ""declared_probe_layer"": 1, ""full_category_identification"": 1, ""logical_completion"": 57600, ""native_admissions"": 4800, ""request_evidence"": 4800, ""timestamp_ns"": 1800}",8.054099998844322e-05,0.021356668000009904,6.507633896992672,checkout,0.0,0.5100084770073181,7.038999042,12,18,4800
opentelemetry_demo,1,4,projected_r,R,"{""align_probe"": 4800, ""declared_probe_layer"": 1, ""full_category_identification"": 1, ""logical_completion"": 24000, ""native_admissions"": 4800, ""request_evidence"": 4800, ""timestamp_ns"": 1800}",4.7217999963322654e-05,0.015884437000011076,2.6018403249991024,add_to_cart,0.0002557069999511441,0.8125166780008612,3.4302414399999748,2,2,4800
opentelemetry_demo,1,4,projected_r,R,"{""align_probe"": 4800, ""declared_probe_layer"": 1, ""full_category_identification"": 1, ""logical_completion"": 14400, ""native_admissions"": 4800, ""request_evidence"": 4800, ""timestamp_ns"": 1800}",3.24609999893255e-05,0.014992011000003913,0.8660164939981883,browse_product,0.0002211329999681766,0.1909771630017758,1.071985667999968,2,2,4800
opentelemetry_demo,1,4,projected_r,R,"{""align_probe"": 4800, ""declared_probe_layer"": 1, ""full_category_identification"": 1, ""logical_completion"": 57600, ""native_admissions"": 4800, ""request_evidence"": 4800, ""timestamp_ns"": 1800}",3.263100001049679e-05,0.021513313000014023,6.564208722001808,checkout,0.00021136399999477362,0.5086132129981706,7.094335247999993,3,2,4800
opentelemetry_demo,1,1,full_r,R,"{""align_probe"": 1200, ""declared_probe_layer"": 1, ""full_category_identification"": 1, ""logical_completion"": 6000, ""native_admissions"": 1200, ""request_evidence"": 1200, ""timestamp_ns"": 1800}",6.289699996386844e-05,0.0068407119999847055,0.4915341340025634,add_to_cart,0.0,0.18045092499744442,0.6788257709999925,5,11,1200
opentelemetry_demo,1,1,full_r,R,"{""align_probe"": 1200, ""declared_probe_layer"": 1, ""full_category_identification"": 1, ""logical_completion"": 3600, ""native_admissions"": 1200, ""request_evidence"": 1200, ""timestamp_ns"": 1800}",4.422199998543874e-05,0.0038555169999767713,0.2197799850004003,browse_product,0.0,0.04706479699962074,0.2707002989999978,5,9,1200
opentelemetry_demo,1,1,full_r,R,"{""align_probe"": 1200, ""declared_probe_layer"": 1, ""full_category_identification"": 1, ""logical_completion"": 14400, ""native_admissions"": 1200, ""request_evidence"": 1200, ""timestamp_ns"": 1800}",6.437999996933286e-05,0.008125823999989734,1.6487258389998942,checkout,0.0,0.12797914800012222,1.7848308110000062,12,18,1200
opentelemetry_demo,1,1,projected_r,R,"{""align_probe"": 1200, ""declared_probe_layer"": 1, ""full_category_identification"": 1, ""logical_completion"": 6000, ""native_admissions"": 1200, ""request_evidence"": 1200, ""timestamp_ns"": 1800}",3.789099997675294e-05,0.004237074000002394,0.6004747140010522,add_to_cart,4.8870999989958364e-05,0.06694138499892688,0.6716531729999815,2,2,1200
opentelemetry_demo,1,1,projected_r,R,"{""align_probe"": 1200, ""declared_probe_layer"": 1, ""full_category_identification"": 1, ""logical_completion"": 3600, ""native_admissions"": 1200, ""request_evidence"": 1200, ""timestamp_ns"": 1800}",2.6198999989901495e-05,0.003807443000027888,0.21444910200068534,browse_product,4.2669999970712524e-05,0.0461501349992659,0.26440667999997913,2,2,1200
opentelemetry_demo,1,1,projected_r,R,"{""align_probe"": 1200, ""declared_probe_layer"": 1, ""full_category_identification"": 1, ""logical_completion"": 14400, ""native_admissions"": 1200, ""request_evidence"": 1200, ""timestamp_ns"": 1800}",2.740200000062032e-05,0.005821029000003364,1.6357380490052265,checkout,8.903499997359177e-05,0.12804722299478044,1.7696063010000103,3,2,1200
opentelemetry_demo,1,1,direct_r,R,"{""logical_completion"": 6000, ""reduced_category_identification"": 1, ""request_evidence"": 1200}",3.641700004664017e-05,0.0026414669999894613,0.5575747999989744,add_to_cart,0.0,0.04268506700100261,0.6029013339999665,2,2,1200
opentelemetry_demo,1,1,direct_r,R,"{""logical_completion"": 3600, ""reduced_category_identification"": 1, ""request_evidence"": 1200}",3.176899997470173e-05,0.0021742960000210587,0.1835165109999366,browse_product,0.0,0.027152909000051295,0.21284371600000895,2,2,1200
opentelemetry_demo,1,1,direct_r,R,"{""logical_completion"": 14400, ""reduced_category_identification"": 1, ""request_evidence"": 1200}",2.8672999974332924e-05,0.003718857000023945,1.5818831929988164,checkout,0.0,0.08798334500119154,1.673585395000032,3,2,1200
opentelemetry_demo,1,1,full_e,E,"{""align_probe"": 1200, ""declared_probe_layer"": 1, ""full_category_identification"": 1, ""logical_completion"": 6000, ""native_admissions"": 1200, ""request_evidence"": 1200, ""timestamp_ns"": 1800}",0.0005836290000047484,0.00680389000001469,0.48869767399776265,add_to_cart,0.0,0.19464237900223225,0.6901439430000096,5,11,1200
opentelemetry_demo,1,1,full_e,E,"{""align_probe"": 1200, ""declared_probe_layer"": 1, ""full_category_identification"": 1, ""logical_completion"": 3600, ""native_admissions"": 1200, ""request_evidence"": 1200, ""timestamp_ns"": 1800}",0.00045524900002646973,0.003721100000007027,0.2185296660001086,browse_product,0.0,0.046058087999881536,0.26830885399999715,5,9,1200
opentelemetry_demo,1,1,full_e,E,"{""align_probe"": 1200, ""declared_probe_layer"": 1, ""full_category_identification"": 1, ""logical_completion"": 14400, ""native_admissions"": 1200, ""request_evidence"": 1200, ""timestamp_ns"": 1800}",0.0022924459999558167,0.007472647000042798,1.6460956700005909,checkout,0.0,0.12698245199936764,1.7805507690000013,12,18,1200
opentelemetry_demo,2,4,full_e,E,"{""align_probe"": 4800, ""declared_probe_layer"": 1, ""full_category_identification"": 1, ""logical_completion"": 24000, ""native_admissions"": 4800, ""request_evidence"": 4800, ""timestamp_ns"": 1800}",0.0006522900000049958,0.015730924000024515,2.6228062299996964,add_to_cart,0.0,0.8294311630002653,3.467968316999986,5,11,4800
opentelemetry_demo,2,4,full_e,E,"{""align_probe"": 4800, ""declared_probe_layer"": 1, ""full_category_identification"": 1, ""logical_completion"": 14400, ""native_admissions"": 4800, ""request_evidence"": 4800, ""timestamp_ns"": 1800}",0.0005109640000000581,0.01502568699999074,0.8616137119999507,browse_product,0.0,0.1902847500000462,1.0669241489999877,5,9,4800
opentelemetry_demo,2,4,full_e,E,"{""align_probe"": 4800, ""declared_probe_layer"": 1, ""full_category_identification"": 1, ""logical_completion"": 57600, ""native_admissions"": 4800, ""request_evidence"": 4800, ""timestamp_ns"": 1800}",0.002420697999980348,0.021590519000028507,6.5240265050008475,checkout,0.0,0.5095507249990874,7.055167748999963,12,18,4800
opentelemetry_demo,2,4,full_r,R,"{""align_probe"": 4800, ""declared_probe_layer"": 1, ""full_category_identification"": 1, ""logical_completion"": 24000, ""native_admissions"": 4800, ""request_evidence"": 4800, ""timestamp_ns"": 1800}",6.985999999642445e-05,0.016466706000016984,2.628498707998972,add_to_cart,0.0,0.8153610750010216,3.4603264890000105,5,11,4800
opentelemetry_demo,2,4,full_r,R,"{""align_probe"": 4800, ""declared_probe_layer"": 1, ""full_category_identification"": 1, ""logical_completion"": 14400, ""native_admissions"": 4800, ""request_evidence"": 4800, ""timestamp_ns"": 1800}",5.224799997449736e-05,0.0157274260000122,0.8721389039997121,browse_product,0.0,0.1913515540002777,1.079217884000002,5,9,4800
opentelemetry_demo,2,4,full_r,R,"{""align_probe"": 4800, ""declared_probe_layer"": 1, ""full_category_identification"": 1, ""logical_completion"": 57600, ""native_admissions"": 4800, ""request_evidence"": 4800, ""timestamp_ns"": 1800}",7.803600004763211e-05,0.02110711400001719,6.58620301100575,checkout,0.0,0.517897515994207,7.1252076409999745,12,18,4800
opentelemetry_demo,2,4,projected_r,R,"{""align_probe"": 4800, ""declared_probe_layer"": 1, ""full_category_identification"": 1, ""logical_completion"": 24000, ""native_admissions"": 4800, ""request_evidence"": 4800, ""timestamp_ns"": 1800}",4.252899998391513e-05,0.016199921000009,2.6060453959984216,add_to_cart,0.00014925900001117043,0.8142915770015406,3.436536893999971,2,2,4800
opentelemetry_demo,2,4,projected_r,R,"{""align_probe"": 4800, ""declared_probe_layer"": 1, ""full_category_identification"": 1, ""logical_completion"": 14400, ""native_admissions"": 4800, ""request_evidence"": 4800, ""timestamp_ns"": 1800}",3.728000001501641e-05,0.01601777100000845,0.8803606640049111,browse_product,0.0001396810000073856,0.1940268239951024,1.090405259000022,2,2,4800
opentelemetry_demo,2,4,projected_r,R,"{""align_probe"": 4800, ""declared_probe_layer"": 1, ""full_category_identification"": 1, ""logical_completion"": 57600, ""native_admissions"": 4800, ""request_evidence"": 4800, ""timestamp_ns"": 1800}",3.0767999987801886e-05,0.021275067999965813,6.505010984998307,checkout,0.00044471000001067296,0.5103582490017402,7.036644302000013,3,2,4800
opentelemetry_demo,2,4,direct_r,R,"{""logical_completion"": 24000, ""reduced_category_identification"": 1, ""request_evidence"": 4800}",4.133700002739715e-05,0.010052557999983947,2.4637309810013335,add_to_cart,0.0,0.7085511649987097,3.182334704000027,2,2,4800
opentelemetry_demo,2,4,direct_r,R,"{""logical_completion"": 14400, ""reduced_category_identification"": 1, ""request_evidence"": 4800}",3.570699999499993e-05,0.008291070999973726,0.7583305049973319,browse_product,0.0,0.114409627002658,0.8810312029999636,2,2,4800
opentelemetry_demo,2,4,direct_r,R,"{""logical_completion"": 57600, ""reduced_category_identification"": 1, ""request_evidence"": 4800}",3.35120000158895e-05,0.01402016200000844,6.324078763990428,checkout,0.0,0.3499652480095392,6.688064173999976,3,2,4800
opentelemetry_demo,2,1,projected_r,R,"{""align_probe"": 1200, ""declared_probe_layer"": 1, ""full_category_identification"": 1, ""logical_completion"": 6000, ""native_admissions"": 1200, ""request_evidence"": 1200, ""timestamp_ns"": 1800}",3.6617999967347714e-05,0.006790532000024996,0.4783905909997088,add_to_cart,4.8961000004510424e-05,0.17907882000025666,0.6642599429999905,2,2,1200
opentelemetry_demo,2,1,projected_r,R,"{""align_probe"": 1200, ""declared_probe_layer"": 1, ""full_category_identification"": 1, ""logical_completion"": 3600, ""native_admissions"": 1200, ""request_evidence"": 1200, ""timestamp_ns"": 1800}",2.5186999948800803e-05,0.003717407000010553,0.21471736399968222,browse_product,4.321099999060607e-05,0.04492668700032709,0.26336145800001987,2,2,1200
opentelemetry_demo,2,1,projected_r,R,"{""align_probe"": 1200, ""declared_probe_layer"": 1, ""full_category_identification"": 1, ""logical_completion"": 14400, ""native_admissions"": 1200, ""request_evidence"": 1200, ""timestamp_ns"": 1800}",2.8282999949169607e-05,0.00759886900004858,1.6098783629990976,checkout,9.436600004164575e-05,0.1261507020008139,1.74362793399996,3,2,1200
opentelemetry_demo,2,1,direct_r,R,"{""logical_completion"": 6000, ""reduced_category_identification"": 1, ""request_evidence"": 1200}",3.930299999410636e-05,0.002649394000002303,0.550799582999332,add_to_cart,0.0,0.04238329700064014,0.5958322739999744,2,2,1200
opentelemetry_demo,2,1,direct_r,R,"{""logical_completion"": 3600, ""reduced_category_identification"": 1, ""request_evidence"": 1200}",3.1189000026188296e-05,0.0021876520000319033,0.18118592100120168,browse_product,0.0,0.026266164998787644,0.20963973800002123,2,2,1200
opentelemetry_demo,2,1,direct_r,R,"{""logical_completion"": 14400, ""reduced_category_identification"": 1, ""request_evidence"": 1200}",2.8874000008727307e-05,0.0034773790000031113,1.5745153169984292,checkout,0.0,0.08726564800156211,1.6652583439999944,3,2,1200
opentelemetry_demo,2,1,full_e,E,"{""align_probe"": 1200, ""declared_probe_layer"": 1, ""full_category_identification"": 1, ""logical_completion"": 6000, ""native_admissions"": 1200, ""request_evidence"": 1200, ""timestamp_ns"": 1800}",0.0006176649999929396,0.005856759999971928,0.4972993310031484,add_to_cart,0.0,0.17623843899690428,0.6793945300000246,5,11,1200
opentelemetry_demo,2,1,full_e,E,"{""align_probe"": 1200, ""declared_probe_layer"": 1, ""full_category_identification"": 1, ""logical_completion"": 3600, ""native_admissions"": 1200, ""request_evidence"": 1200, ""timestamp_ns"": 1800}",0.00047136099999534053,0.003972759000021142,0.22221226000334582,browse_product,0.0,0.046760539996625994,0.27294555899999295,5,9,1200
opentelemetry_demo,2,1,full_e,E,"{""align_probe"": 1200, ""declared_probe_layer"": 1, ""full_category_identification"": 1, ""logical_completion"": 14400, ""native_admissions"": 1200, ""request_evidence"": 1200, ""timestamp_ns"": 1800}",0.002471361999994315,0.007742900000039299,1.6831159670007878,checkout,0.0,0.1279284579991895,1.8187873250000166,12,18,1200
opentelemetry_demo,2,1,full_r,R,"{""align_probe"": 1200, ""declared_probe_layer"": 1, ""full_category_identification"": 1, ""logical_completion"": 6000, ""native_admissions"": 1200, ""request_evidence"": 1200, ""timestamp_ns"": 1800}",5.975100003752232e-05,0.006919272000004639,0.4771959329981996,add_to_cart,0.0,0.18359760400181813,0.6677128090000224,5,11,1200
opentelemetry_demo,2,1,full_r,R,"{""align_probe"": 1200, ""declared_probe_layer"": 1, ""full_category_identification"": 1, ""logical_completion"": 3600, ""native_admissions"": 1200, ""request_evidence"": 1200, ""timestamp_ns"": 1800}",4.2178999990483135e-05,0.0037499179999826993,0.21252764699625004,browse_product,0.0,0.04494613600377306,0.2612237010000058,5,9,1200
opentelemetry_demo,2,1,full_r,R,"{""align_probe"": 1200, ""declared_probe_layer"": 1, ""full_category_identification"": 1, ""logical_completion"": 14400, ""native_admissions"": 1200, ""request_evidence"": 1200, ""timestamp_ns"": 1800}",6.304700002601749e-05,0.007933915999956298,1.6180760240053473,checkout,0.0,0.12468242699469556,1.7506923669999992,12,18,1200
opentelemetry_demo,2,2,direct_r,R,"{""logical_completion"": 12000, ""reduced_category_identification"": 1, ""request_evidence"": 2400}",4.1586999998344254e-05,0.005279434999977184,0.881735852002123,add_to_cart,0.0,0.3551243129979298,1.24213960000003,2,2,2400
opentelemetry_demo,2,2,direct_r,R,"{""logical_completion"": 7200, ""reduced_category_identification"": 1, ""request_evidence"": 2400}",3.641799997922135e-05,0.004400434999979552,0.7025318020018858,browse_product,0.0,0.054914675998134044,0.7618469129999994,2,2,2400
opentelemetry_demo,2,2,direct_r,R,"{""logical_completion"": 28800, ""reduced_category_identification"": 1, ""request_evidence"": 2400}",3.177899998263456e-05,0.007018219999963549,2.8163534010077456,checkout,0.0,0.1757640659923254,2.9991356870000345,3,2,2400
opentelemetry_demo,2,2,full_e,E,"{""align_probe"": 2400, ""declared_probe_layer"": 1, ""full_category_identification"": 1, ""logical_completion"": 12000, ""native_admissions"": 2400, ""request_evidence"": 2400, ""timestamp_ns"": 1800}",0.0006385209999848485,0.008144440000023678,0.9579470909925476,add_to_cart,0.0,0.40868746300742487,1.3747789939999961,5,11,2400
opentelemetry_demo,2,2,full_e,E,"{""align_probe"": 2400, ""declared_probe_layer"": 1, ""full_category_identification"": 1, ""logical_completion"": 7200, ""native_admissions"": 2400, ""request_evidence"": 2400, ""timestamp_ns"": 1800}",0.0004811179999819615,0.0071506350000163366,0.7759276190013793,browse_product,0.0,0.0953289759985978,0.8784072299999934,5,9,2400
opentelemetry_demo,2,2,full_e,E,"{""align_probe"": 2400, ""declared_probe_layer"": 1, ""full_category_identification"": 1, ""logical_completion"": 28800, ""native_admissions"": 2400, ""request_evidence"": 2400, ""timestamp_ns"": 1800}",0.002367409000044063,0.01140727000000652,2.90073684399772,checkout,0.0,0.2577068010022572,3.1698509149999836,12,18,2400
opentelemetry_demo,2,2,full_r,R,"{""align_probe"": 2400, ""declared_probe_layer"": 1, ""full_category_identification"": 1, ""logical_completion"": 12000, ""native_admissions"": 2400, ""request_evidence"": 2400, ""timestamp_ns"": 1800}",8.048999995935446e-05,0.008190554999998767,0.9682721280036048,add_to_cart,0.0,0.4075442899963946,1.3840069729999982,5,11,2400
opentelemetry_demo,2,2,full_r,R,"{""align_probe"": 2400, ""declared_probe_layer"": 1, ""full_category_identification"": 1, ""logical_completion"": 7200, ""native_admissions"": 2400, ""request_evidence"": 2400, ""timestamp_ns"": 1800}",4.6556999961921974e-05,0.007052863000012621,0.7824269920009783,browse_product,0.0,0.09383140599902617,0.8833112610000171,5,9,2400
opentelemetry_demo,2,2,full_r,R,"{""align_probe"": 2400, ""declared_probe_layer"": 1, ""full_category_identification"": 1, ""logical_completion"": 28800, ""native_admissions"": 2400, ""request_evidence"": 2400, ""timestamp_ns"": 1800}",9.878400004481591e-05,0.011033640999983163,2.9551736850015686,checkout,0.0,0.25794563999846787,3.2241529660000197,12,18,2400
opentelemetry_demo,2,2,projected_r,R,"{""align_probe"": 2400, ""declared_probe_layer"": 1, ""full_category_identification"": 1, ""logical_completion"": 12000, ""native_admissions"": 2400, ""request_evidence"": 2400, ""timestamp_ns"": 1800}",4.487399996833119e-05,0.008083911000028365,0.9536090330026354,add_to_cart,6.670499999472668e-05,0.4042995699973062,1.36599251399997,2,2,2400
opentelemetry_demo,2,2,projected_r,R,"{""align_probe"": 2400, ""declared_probe_layer"": 1, ""full_category_identification"": 1, ""logical_completion"": 7200, ""native_admissions"": 2400, ""request_evidence"": 2400, ""timestamp_ns"": 1800}",3.2250000003841706e-05,0.007147124000027816,0.7758019950019275,browse_product,5.995200001507328e-05,0.09564969799805567,0.878598817000011,2,2,2400
opentelemetry_demo,2,2,projected_r,R,"{""align_probe"": 2400, ""declared_probe_layer"": 1, ""full_category_identification"": 1, ""logical_completion"": 28800, ""native_admissions"": 2400, ""request_evidence"": 2400, ""timestamp_ns"": 1800}",3.281200002902551e-05,0.01095010500000626,2.926163766998968,checkout,0.0007090629999879638,0.2545149510009992,3.1916288229999736,3,2,2400
spring_petclinic_microservices,0,1,full_e,E,"{""align_probe"": 900, ""declared_probe_layer"": 1, ""full_category_identification"": 1, ""logical_completion"": 1800, ""native_admissions"": 900, ""request_evidence"": 900, ""timestamp_ns"": 1802}",0.0008032079999935604,0.00269286099999988,0.13870520500016426,create_visit,0.0,0.05317335399982426,0.1945714199999884,6,8,900
spring_petclinic_microservices,0,1,full_e,E,"{""align_probe"": 900, ""declared_probe_layer"": 1, ""full_category_identification"": 1, ""logical_completion"": 1800, ""request_evidence"": 900, ""timestamp_ns"": 1802}",6.390900000496913e-05,0.0019819049999938443,0.3395354099994137,list_owners,0.0,0.026192007000588546,0.36770932199999606,1,4,900
spring_petclinic_microservices,0,1,full_e,E,"{""align_probe"": 900, ""declared_probe_layer"": 1, ""full_category_identification"": 1, ""logical_completion"": 900, ""request_evidence"": 900, ""timestamp_ns"": 1802}",5.005300000959778e-05,0.0017785860000003595,0.05242227100067964,list_vets,0.0,0.015398249999321934,0.06959910700000194,1,3,900
spring_petclinic_microservices,0,1,full_e,E,"{""align_probe"": 900, ""declared_probe_layer"": 1, ""full_category_identification"": 1, ""logical_completion"": 3600, ""native_admissions"": 900, ""request_evidence"": 900, ""timestamp_ns"": 1802}",0.0008640209999981607,0.0027799129999976913,0.21005550099941672,owner_details_with_visits,0.0,0.03984334000058709,0.2526787540000015,5,10,900
spring_petclinic_microservices,0,1,full_r,R,"{""align_probe"": 900, ""declared_probe_layer"": 1, ""full_category_identification"": 1, ""logical_completion"": 1800, ""native_admissions"": 900, ""request_evidence"": 900, ""timestamp_ns"": 1802}",5.7036000001176035e-05,0.0027057140000010804,0.14047305899943296,create_visit,0.0,0.05984581800055366,0.2030245909999877,6,8,900
spring_petclinic_microservices,0,1,full_r,R,"{""align_probe"": 900, ""declared_probe_layer"": 1, ""full_category_identification"": 1, ""logical_completion"": 1800, ""request_evidence"": 900, ""timestamp_ns"": 1802}",3.3512000001678643e-05,0.0020520949999962568,0.3465785019993035,list_owners,0.0,0.026715072000712325,0.3753456690000121,1,4,900
spring_petclinic_microservices,0,1,full_r,R,"{""align_probe"": 900, ""declared_probe_layer"": 1, ""full_category_identification"": 1, ""logical_completion"": 900, ""request_evidence"": 900, ""timestamp_ns"": 1802}",2.4414999998612075e-05,0.0018088629999937211,0.05289263600053573,list_vets,0.0,0.01545707199947799,0.07015857100000744,1,3,900
spring_petclinic_microservices,0,1,full_r,R,"{""align_probe"": 900, ""declared_probe_layer"": 1, ""full_category_identification"": 1, ""logical_completion"": 3600, ""native_admissions"": 900, ""request_evidence"": 900, ""timestamp_ns"": 1802}",3.860200000360692e-05,0.0027979259999995065,0.2122873250004318,owner_details_with_visits,0.0,0.0417881929995616,0.2568734439999929,5,10,900
spring_petclinic_microservices,0,1,projected_r,R,"{""align_probe"": 900, ""declared_probe_layer"": 1, ""full_category_identification"": 1, ""logical_completion"": 1800, ""native_admissions"": 900, ""request_evidence"": 900, ""timestamp_ns"": 1802}",3.6027000007266e-05,0.0026724599999994325,0.1413622580001288,create_visit,4.7428000002014414e-05,0.06779816699987862,0.21183288500000685,3,2,900
spring_petclinic_microservices,0,1,projected_r,R,"{""align_probe"": 900, ""declared_probe_layer"": 1, ""full_category_identification"": 1, ""logical_completion"": 1800, ""request_evidence"": 900, ""timestamp_ns"": 1802}",2.5427000011291057e-05,0.002022879999998395,0.35072982399981356,list_owners,3.0467000001976885e-05,0.02743281300018907,0.380185517000001,1,2,900
spring_petclinic_microservices,0,1,projected_r,R,"{""align_probe"": 900, ""declared_probe_layer"": 1, ""full_category_identification"": 1, ""logical_completion"": 900, ""request_evidence"": 900, ""timestamp_ns"": 1802}",2.2392000005311274e-05,0.0018788719999918158,0.05366214899940758,list_vets,2.3443000003453562e-05,0.016368164000596153,0.07190918499999555,1,2,900
spring_petclinic_microservices,0,1,projected_r,R,"{""align_probe"": 900, ""declared_probe_layer"": 1, ""full_category_identification"": 1, ""logical_completion"": 3600, ""native_admissions"": 900, ""request_evidence"": 900, ""timestamp_ns"": 1802}",2.4555999999620326e-05,0.002734856999992985,0.21254702600026576,owner_details_with_visits,4.030499999885251e-05,0.04172489099974541,0.25700677400000416,3,2,900
spring_petclinic_microservices,0,1,direct_r,R,"{""logical_completion"": 1800, ""reduced_category_identification"": 1, ""request_evidence"": 900}",3.585700000030556e-05,0.001639865999990775,0.1410868759997186,create_visit,0.0,0.015373523000292266,0.15810026500000163,3,2,900
spring_petclinic_microservices,0,1,direct_r,R,"{""logical_completion"": 1800, ""reduced_category_identification"": 1, ""request_evidence"": 900}",2.7962999993746962e-05,0.0015064480000006597,0.33070146799968825,list_owners,0.0,0.017792366000321636,0.35000028200001054,1,2,900
spring_petclinic_microservices,0,1,direct_r,R,"{""logical_completion"": 900, ""reduced_category_identification"": 1, ""request_evidence"": 900}",2.1981000003279405e-05,0.0014206869999924265,0.045146353999996336,list_vets,0.0,0.009393280000011828,0.05596032100000059,1,2,900
spring_petclinic_microservices,0,1,direct_r,R,"{""logical_completion"": 3600, ""reduced_category_identification"": 1, ""request_evidence"": 900}",2.6017999999794483e-05,0.0017677539999993996,0.18675308200063512,owner_details_with_visits,0.0,0.02320984899935752,0.21173068499999204,3,2,900
spring_petclinic_microservices,0,2,full_r,R,"{""align_probe"": 1800, ""declared_probe_layer"": 1, ""full_category_identification"": 1, ""logical_completion"": 3600, ""native_admissions"": 1800, ""request_evidence"": 1800, ""timestamp_ns"": 1802}",6.119400001125541e-05,0.0052039079999985915,0.277204421999798,create_visit,0.0,0.1312691950002005,0.4136775249999971,6,8,1800
spring_petclinic_microservices,0,2,full_r,R,"{""align_probe"": 1800, ""declared_probe_layer"": 1, ""full_category_identification"": 1, ""logical_completion"": 3600, ""request_evidence"": 1800, ""timestamp_ns"": 1802}",3.641800000764306e-05,0.0038559560000095416,0.6861044140009938,list_owners,0.0,0.054791225998997106,0.7447515960000004,1,4,1800
spring_petclinic_microservices,0,2,full_r,R,"{""align_probe"": 1800, ""declared_probe_layer"": 1, ""full_category_identification"": 1, ""logical_completion"": 1800, ""request_evidence"": 1800, ""timestamp_ns"": 1802}",3.277100000786959e-05,0.0033787470000135045,0.22653109600022958,list_vets,0.0,0.031066047999757984,0.26097589100000107,1,3,1800
spring_petclinic_microservices,0,2,full_r,R,"{""align_probe"": 1800, ""declared_probe_layer"": 1, ""full_category_identification"": 1, ""logical_completion"": 7200, ""native_admissions"": 1800, ""request_evidence"": 1800, ""timestamp_ns"": 1802}",3.9033000007293595e-05,0.00535190400000829,0.4236861280002131,owner_details_with_visits,0.0,0.08190625599978318,0.5109442880000046,5,10,1800
spring_petclinic_microservices,0,2,projected_r,R,"{""align_probe"": 1800, ""declared_probe_layer"": 1, ""full_category_identification"": 1, ""logical_completion"": 3600, ""native_admissions"": 1800, ""request_evidence"": 1800, ""timestamp_ns"": 1802}",4.061499998897489e-05,0.00517227299999945,0.27610690399995974,create_visit,5.293900001390739e-05,0.13978678200004424,0.42106595900000343,3,2,1800
spring_petclinic_microservices,0,2,projected_r,R,"{""align_probe"": 1800, ""declared_probe_layer"": 1, ""full_category_identification"": 1, ""logical_completion"": 3600, ""request_evidence"": 1800, ""timestamp_ns"": 1802}",2.6359999992564553e-05,0.003823066999999014,0.6773104229997244,list_owners,2.9244999993238707e-05,0.053389594000265106,0.7345230839999886,1,2,1800
spring_petclinic_microservices,0,2,projected_r,R,"{""align_probe"": 1800, ""declared_probe_layer"": 1, ""full_category_identification"": 1, ""logical_completion"": 1800, ""request_evidence"": 1800, ""timestamp_ns"": 1802}",2.177100000722021e-05,0.003430864999998562,0.2230826519995901,list_vets,2.6970999996933642e-05,0.03118761200040865,0.2577011289999973,1,2,1800
spring_petclinic_microservices,0,2,projected_r,R,"{""align_probe"": 1800, ""declared_probe_layer"": 1, ""full_category_identification"": 1, ""logical_completion"": 7200, ""native_admissions"": 1800, ""request_evidence"": 1800, ""timestamp_ns"": 1802}",2.8463000006695438e-05,0.005421095999992076,0.42314704199961284,owner_details_with_visits,5.5643999999688276e-05,0.08483361100039133,0.5134017489999962,3,2,1800
spring_petclinic_microservices,0,2,direct_r,R,"{""logical_completion"": 3600, ""reduced_category_identification"": 1, ""request_evidence"": 1800}",3.9203000000043176e-05,0.0032302219999991166,0.23237094700014893,create_visit,0.0,0.10721721399984574,0.3428183829999938,3,2,1800
spring_petclinic_microservices,0,2,direct_r,R,"{""logical_completion"": 3600, ""reduced_category_identification"": 1, ""request_evidence"": 1800}",2.8753999998798463e-05,0.003097203999999465,0.6557995440006721,list_owners,0.0,0.03786001799932137,0.6967567659999929,1,2,1800
spring_petclinic_microservices,0,2,direct_r,R,"{""logical_completion"": 1800, ""reduced_category_identification"": 1, ""request_evidence"": 1800}",2.13299999956007e-05,0.0028262390000008963,0.09063398799992228,list_vets,0.0,0.019060103000086315,0.1125203300000095,1,2,1800
spring_petclinic_microservices,0,2,direct_r,R,"{""logical_completion"": 7200, ""reduced_category_identification"": 1, ""request_evidence"": 1800}",2.6458999997203136e-05,0.0036137270000011767,0.37695182200044997,owner_details_with_visits,0.0,0.16650111099954756,0.5470666599999987,3,2,1800
spring_petclinic_microservices,0,2,full_e,E,"{""align_probe"": 1800, ""declared_probe_layer"": 1, ""full_category_identification"": 1, ""logical_completion"": 3600, ""native_admissions"": 1800, ""request_evidence"": 1800, ""timestamp_ns"": 1802}",0.000822885000005158,0.005222735999993233,0.27446917199903,create_visit,0.0,0.1409314850009764,0.4206233929999996,6,8,1800
spring_petclinic_microservices,0,2,full_e,E,"{""align_probe"": 1800, ""declared_probe_layer"": 1, ""full_category_identification"": 1, ""logical_completion"": 3600, ""request_evidence"": 1800, ""timestamp_ns"": 1802}",6.429000001162422e-05,0.0038094610000030116,0.6790041559989959,list_owners,0.0,0.052983828001003985,0.7357974450000029,1,4,1800
spring_petclinic_microservices,0,2,full_e,E,"{""align_probe"": 1800, ""declared_probe_layer"": 1, ""full_category_identification"": 1, ""logical_completion"": 1800, ""request_evidence"": 1800, ""timestamp_ns"": 1802}",5.792800000392617e-05,0.003383717000005504,0.22077113400068527,list_vets,0.0,0.030861481999309603,0.2550163330000004,1,3,1800
spring_petclinic_microservices,0,2,full_e,E,"{""align_probe"": 1800, ""declared_probe_layer"": 1, ""full_category_identification"": 1, ""logical_completion"": 7200, ""native_admissions"": 1800, ""request_evidence"": 1800, ""timestamp_ns"": 1802}",0.0008757429999945998,0.005415775999992434,0.4219733180003118,owner_details_with_visits,0.0,0.08251567399969417,0.5099047679999984,5,10,1800
spring_petclinic_microservices,0,4,projected_r,R,"{""align_probe"": 3600, ""declared_probe_layer"": 1, ""full_category_identification"": 1, ""logical_completion"": 7200, ""native_admissions"": 3600, ""request_evidence"": 3600, ""timestamp_ns"": 1802}",4.393199999697117e-05,0.010059902999998371,0.5576007540007311,create_visit,5.9641000007104594e-05,0.2973160409992772,0.8649766980000066,3,2,3600
spring_petclinic_microservices,0,4,projected_r,R,"{""align_probe"": 3600, ""declared_probe_layer"": 1, ""full_category_identification"": 1, ""logical_completion"": 7200, ""request_evidence"": 3600, ""timestamp_ns"": 1802}",2.9415000000199143e-05,0.007463393000008978,1.6118807459996987,list_owners,4.046499999788011e-05,0.10875896700029841,1.728103106000006,1,2,3600
spring_petclinic_microservices,0,4,projected_r,R,"{""align_probe"": 3600, ""declared_probe_layer"": 1, ""full_category_identification"": 1, ""logical_completion"": 3600, ""request_evidence"": 3600, ""timestamp_ns"": 1802}",2.4616000004584748e-05,0.0066673489999971025,0.2038012109995293,list_vets,2.935400000581012e-05,0.06233344800047291,0.2728020079999993,1,2,3600
spring_petclinic_microservices,0,4,projected_r,R,"{""align_probe"": 3600, ""declared_probe_layer"": 1, ""full_category_identification"": 1, ""logical_completion"": 14400, ""native_admissions"": 3600, ""request_evidence"": 3600, ""timestamp_ns"": 1802}",2.704000000619544e-05,0.01058476100000405,1.1093026819986136,owner_details_with_visits,7.249499999772979e-05,0.17204629800137639,1.291933740999994,3,2,3600
spring_petclinic_microservices,0,4,direct_r,R,"{""logical_completion"": 7200, ""reduced_category_identification"": 1, ""request_evidence"": 3600}",3.768999999920197e-05,0.006088077000001135,0.4592775750003426,create_visit,0.0,0.237951253999654,0.7033169059999977,3,2,3600
spring_petclinic_microservices,0,4,direct_r,R,"{""logical_completion"": 7200, ""reduced_category_identification"": 1, ""request_evidence"": 3600}",3.1839000001809836e-05,0.006207750000001511,1.5675139239997264,list_owners,0.0,0.07701220600027625,1.6507338800000042,1,2,3600
spring_petclinic_microservices,0,4,direct_r,R,"{""logical_completion"": 3600, ""reduced_category_identification"": 1, ""request_evidence"": 3600}",3.0256999991706834e-05,0.005613252999992824,0.18224499100062985,list_vets,0.0,0.04011177099937413,0.2279700149999968,1,2,3600
spring_petclinic_microservices,0,4,direct_r,R,"{""logical_completion"": 14400, ""reduced_category_identification"": 1, ""request_evidence"": 3600}",2.8344000000402048e-05,0.007365458999998964,0.7487911720004519,owner_details_with_visits,0.0,0.10452284599953998,0.8606794769999908,3,2,3600
spring_petclinic_microservices,0,4,full_e,E,"{""align_probe"": 3600, ""declared_probe_layer"": 1, ""full_category_identification"": 1, ""logical_completion"": 7200, ""native_admissions"": 3600, ""request_evidence"": 3600, ""timestamp_ns"": 1802}",0.0008444839999981468,0.010191203999994514,0.5516771009992709,create_visit,0.0,0.3041818670007359,0.8660501720000013,6,8,3600
spring_petclinic_microservices,0,4,full_e,E,"{""align_probe"": 3600, ""declared_probe_layer"": 1, ""full_category_identification"": 1, ""logical_completion"": 7200, ""request_evidence"": 3600, ""timestamp_ns"": 1802}",8.037999999999101e-05,0.007444083999999407,1.6088420849994662,list_owners,0.0,0.11081779200053177,1.7271039609999974,1,4,3600
spring_petclinic_microservices,0,4,full_e,E,"{""align_probe"": 3600, ""declared_probe_layer"": 1, ""full_category_identification"": 1, ""logical_completion"": 3600, ""request_evidence"": 3600, ""timestamp_ns"": 1802}",6.75560000047426e-05,0.0073842930000012075,0.2088076999999231,list_vets,0.0,0.06288812300007862,0.27908011600000293,1,3,3600
spring_petclinic_microservices,0,4,full_e,E,"{""align_probe"": 3600, ""declared_probe_layer"": 1, ""full_category_identification"": 1, ""logical_completion"": 14400, ""native_admissions"": 3600, ""request_evidence"": 3600, ""timestamp_ns"": 1802}",0.0009138330000126871,0.010778548000004662,1.1158129889989254,owner_details_with_visits,0.0,0.1737230940010761,1.3003146310000062,5,10,3600
spring_petclinic_microservices,0,4,full_r,R,"{""align_probe"": 3600, ""declared_probe_layer"": 1, ""full_category_identification"": 1, ""logical_completion"": 7200, ""native_admissions"": 3600, ""request_evidence"": 3600, ""timestamp_ns"": 1802}",0.00010124899999652825,0.010136872000003905,0.5519576830016604,create_visit,0.0,0.29361578699833046,0.8557103419999947,6,8,3600
spring_petclinic_microservices,0,4,full_r,R,"{""align_probe"": 3600, ""declared_probe_layer"": 1, ""full_category_identification"": 1, ""logical_completion"": 7200, ""request_evidence"": 3600, ""timestamp_ns"": 1802}",4.625699999394328e-05,0.0076199180000031674,1.5862399020010827,list_owners,0.0,0.10936984999891308,1.703229669999999,1,4,3600
spring_petclinic_microservices,0,4,full_r,R,"{""align_probe"": 3600, ""declared_probe_layer"": 1, ""full_category_identification"": 1, ""logical_completion"": 3600, ""request_evidence"": 3600, ""timestamp_ns"": 1802}",3.4064000004718764e-05,0.007435294000003978,0.2044244669992139,list_vets,0.0,0.0625736050007788,0.2744333659999967,1,3,3600
spring_petclinic_microservices,0,4,full_r,R,"{""align_probe"": 3600, ""declared_probe_layer"": 1, ""full_category_identification"": 1, ""logical_completion"": 14400, ""native_admissions"": 3600, ""request_evidence"": 3600, ""timestamp_ns"": 1802}",4.65269999949669e-05,0.010606193000000985,1.1057416480011568,owner_details_with_visits,0.0,0.1716445819988479,1.2879924230000057,5,10,3600
spring_petclinic_microservices,1,2,projected_r,R,"{""align_probe"": 1800, ""declared_probe_layer"": 1, ""full_category_identification"": 1, ""logical_completion"": 3600, ""native_admissions"": 1800, ""request_evidence"": 1800, ""timestamp_ns"": 1802}",3.99140000126863e-05,0.005207503000008273,0.2808313860009264,create_visit,5.3519999994477985e-05,0.13104803099908224,0.4170869200000169,3,2,1800
spring_petclinic_microservices,1,2,projected_r,R,"{""align_probe"": 1800, ""declared_probe_layer"": 1, ""full_category_identification"": 1, ""logical_completion"": 3600, ""request_evidence"": 1800, ""timestamp_ns"": 1802}",2.6639999987310148e-05,0.003912069000023166,0.6881998839998857,list_owners,2.7921999986801893e-05,0.055330603000101064,0.74744255600001,1,2,1800
spring_petclinic_microservices,1,2,projected_r,R,"{""align_probe"": 1800, ""declared_probe_layer"": 1, ""full_category_identification"": 1, ""logical_completion"": 1800, ""request_evidence"": 1800, ""timestamp_ns"": 1802}",2.1390000000565124e-05,0.003360151000009637,0.21210021800146706,list_vets,2.4685999989060292e-05,0.03131773799853477,0.24677810700001146,1,2,1800
spring_petclinic_microservices,1,2,projected_r,R,"{""align_probe"": 1800, ""declared_probe_layer"": 1, ""full_category_identification"": 1, ""logical_completion"": 7200, ""native_admissions"": 1800, ""request_evidence"": 1800, ""timestamp_ns"": 1802}",2.499600000760438e-05,0.00531853900000101,0.42273330999884706,owner_details_with_visits,4.5655000008082425e-05,0.08232421600115458,0.5103760650000027,3,2,1800
spring_petclinic_microservices,1,2,direct_r,R,"{""logical_completion"": 3600, ""reduced_category_identification"": 1, ""request_evidence"": 1800}",3.5306000000900895e-05,0.00317165000001296,0.23067997200038803,create_visit,0.0,0.10677734599960331,0.3406289680000043,3,2,1800
spring_petclinic_microservices,1,2,direct_r,R,"{""logical_completion"": 3600, ""reduced_category_identification"": 1, ""request_evidence"": 1800}",2.6969999993298188e-05,0.002885367000004635,0.6665797829994915,list_owners,0.0,0.03827508100050636,0.7077402310000025,1,2,1800
spring_petclinic_microservices,1,2,direct_r,R,"{""logical_completion"": 1800, ""reduced_category_identification"": 1, ""request_evidence"": 1800}",2.4736000000302738e-05,0.0027170529999978044,0.09122855000114782,list_vets,0.0,0.019087047998851858,0.11303265099999749,1,2,1800
spring_petclinic_microservices,1,2,direct_r,R,"{""logical_completion"": 7200, ""reduced_category_identification"": 1, ""request_evidence"": 1800}",2.5857999986556024e-05,0.003554825000009032,0.37950055000169414,owner_details_with_visits,0.0,0.16933778299829783,0.552393158000001,3,2,1800
spring_petclinic_microservices,1,2,full_e,E,"{""align_probe"": 1800, ""declared_probe_layer"": 1, ""full_category_identification"": 1, ""logical_completion"": 3600, ""native_admissions"": 1800, ""request_evidence"": 1800, ""timestamp_ns"": 1802}",0.0008206299999926614,0.005137264000012465,0.2759414849980999,create_visit,0.0,0.12847446800191165,0.409553217000024,6,8,1800
spring_petclinic_microservices,1,2,full_e,E,"{""align_probe"": 1800, ""declared_probe_layer"": 1, ""full_category_identification"": 1, ""logical_completion"": 3600, ""request_evidence"": 1800, ""timestamp_ns"": 1802}",6.714599999213533e-05,0.003888426999992589,0.6840705500016497,list_owners,0.0,0.0537030779983354,0.7416620549999777,1,4,1800
spring_petclinic_microservices,1,2,full_e,E,"{""align_probe"": 1800, ""declared_probe_layer"": 1, ""full_category_identification"": 1, ""logical_completion"": 1800, ""request_evidence"": 1800, ""timestamp_ns"": 1802}",5.921000001762877e-05,0.0033681769999986955,0.220889513998884,list_vets,0.0,0.030876395001115498,0.2551340859999982,1,3,1800
spring_petclinic_microservices,1,2,full_e,E,"{""align_probe"": 1800, ""declared_probe_layer"": 1, ""full_category_identification"": 1, ""logical_completion"": 7200, ""native_admissions"": 1800, ""request_evidence"": 1800, ""timestamp_ns"": 1802}",0.0008494729999881656,0.005478689999989683,0.42287337599930197,owner_details_with_visits,0.0,0.08284937500070555,0.5112014409999972,5,10,1800
spring_petclinic_microservices,1,2,full_r,R,"{""align_probe"": 1800, ""declared_probe_layer"": 1, ""full_category_identification"": 1, ""logical_completion"": 3600, ""native_admissions"": 1800, ""request_evidence"": 1800, ""timestamp_ns"": 1802}",5.999199998996119e-05,0.005210640000001376,0.28129953399871965,create_visit,0.0,0.13032395100125882,0.41683412499997985,6,8,1800
spring_petclinic_microservices,1,2,full_r,R,"{""align_probe"": 1800, ""declared_probe_layer"": 1, ""full_category_identification"": 1, ""logical_completion"": 3600, ""request_evidence"": 1800, ""timestamp_ns"": 1802}",3.5466000014139354e-05,0.003826310999983207,0.6865524550003386,list_owners,0.0,0.05374086999967176,0.7441196359999935,1,4,1800
spring_petclinic_microservices,1,2,full_r,R,"{""align_probe"": 1800, ""declared_probe_layer"": 1, ""full_category_identification"": 1, ""logical_completion"": 1800, ""request_evidence"": 1800, ""timestamp_ns"": 1802}",2.698000000123102e-05,0.0034737640000059855,0.22729078100039146,list_vets,0.0,0.03145342999960121,0.26221797499999866,1,3,1800
spring_petclinic_microservices,1,2,full_r,R,"{""align_probe"": 1800, ""declared_probe_layer"": 1, ""full_category_identification"": 1, ""logical_completion"": 7200, ""native_admissions"": 1800, ""request_evidence"": 1800, ""timestamp_ns"": 1802}",4.195799999706651e-05,0.005328661000021384,0.4263275729982752,owner_details_with_visits,0.0,0.0834773300016991,0.5151335639999957,5,10,1800
spring_petclinic_microservices,1,4,direct_r,R,"{""logical_completion"": 7200, ""reduced_category_identification"": 1, ""request_evidence"": 3600}",4.81099999944945e-05,0.0060468290000130764,0.4600614720010583,create_visit,0.0,0.24717801299894404,0.7132863140000154,3,2,3600
spring_petclinic_microservices,1,4,direct_r,R,"{""logical_completion"": 7200, ""reduced_category_identification"": 1, ""request_evidence"": 3600}",3.152799999384115e-05,0.0062065060000122685,1.5668844779967799,list_owners,0.0,0.07940565900321417,1.6524966430000063,1,2,3600
spring_petclinic_microservices,1,4,direct_r,R,"{""logical_completion"": 3600, ""reduced_category_identification"": 1, ""request_evidence"": 3600}",2.434600000356113e-05,0.0056070899999838275,0.1855493449992025,list_vets,0.0,0.04361566100081404,0.23477209600000037,1,2,3600
spring_petclinic_microservices,1,4,direct_r,R,"{""logical_completion"": 14400, ""reduced_category_identification"": 1, ""request_evidence"": 3600}",3.162900000575064e-05,0.007278002999981936,0.7501006829959067,owner_details_with_visits,0.0,0.10816980200411308,0.8655484880000017,3,2,3600
spring_petclinic_microservices,1,4,full_e,E,"{""align_probe"": 3600, ""declared_probe_layer"": 1, ""full_category_identification"": 1, ""logical_completion"": 7200, ""native_admissions"": 3600, ""request_evidence"": 3600, ""timestamp_ns"": 1802}",0.0008448149999935595,0.010366307999987612,0.554066894003995,create_visit,0.0,0.3003426819960282,0.8647758840000108,6,8,3600
spring_petclinic_microservices,1,4,full_e,E,"{""align_probe"": 3600, ""declared_probe_layer"": 1, ""full_category_identification"": 1, ""logical_completion"": 7200, ""request_evidence"": 3600, ""timestamp_ns"": 1802}",8.036999997784733e-05,0.007490599000021803,1.5995948489998568,list_owners,0.0,0.11150724600011586,1.7185926939999945,1,4,3600
spring_petclinic_microservices,1,4,full_e,E,"{""align_probe"": 3600, ""declared_probe_layer"": 1, ""full_category_identification"": 1, ""logical_completion"": 3600, ""request_evidence"": 3600, ""timestamp_ns"": 1802}",6.22459999988223e-05,0.007490829000005306,0.20525727800139748,list_vets,0.0,0.062196289998610155,0.27494439700001294,1,3,3600
spring_petclinic_microservices,1,4,full_e,E,"{""align_probe"": 3600, ""declared_probe_layer"": 1, ""full_category_identification"": 1, ""logical_completion"": 14400, ""native_admissions"": 3600, ""request_evidence"": 3600, ""timestamp_ns"": 1802}",0.0008861909999779982,0.010980982999996058,1.1020966840003439,owner_details_with_visits,0.0,0.17221135399967125,1.2852890210000112,5,10,3600
spring_petclinic_microservices,1,4,full_r,R,"{""align_probe"": 3600, ""declared_probe_layer"": 1, ""full_category_identification"": 1, ""logical_completion"": 7200, ""native_admissions"": 3600, ""request_evidence"": 3600, ""timestamp_ns"": 1802}",6.635299999402378e-05,0.010307888999989245,0.5516601499994636,create_visit,0.0,0.30636522600053695,0.8683332649999898,6,8,3600
spring_petclinic_microservices,1,4,full_r,R,"{""align_probe"": 3600, ""declared_probe_layer"": 1, ""full_category_identification"": 1, ""logical_completion"": 7200, ""request_evidence"": 3600, ""timestamp_ns"": 1802}",4.427199999668119e-05,0.007391283999993448,1.6016531270030043,list_owners,0.0,0.11069464199698587,1.7197390529999836,1,4,3600
spring_petclinic_microservices,1,4,full_r,R,"{""align_probe"": 3600, ""declared_probe_layer"": 1, ""full_category_identification"": 1, ""logical_completion"": 3600, ""request_evidence"": 3600, ""timestamp_ns"": 1802}",3.287199999135737e-05,0.007727389999985235,0.20967588599916098,list_vets,0.0,0.06348238400084938,0.2808856599999956,1,3,3600
spring_petclinic_microservices,1,4,full_r,R,"{""align_probe"": 3600, ""declared_probe_layer"": 1, ""full_category_identification"": 1, ""logical_completion"": 14400, ""native_admissions"": 3600, ""request_evidence"": 3600, ""timestamp_ns"": 1802}",4.3160999979363623e-05,0.01076407899998344,1.119041536001987,owner_details_with_visits,0.0,0.17086009099801913,1.3006657059999895,5,10,3600
spring_petclinic_microservices,1,4,projected_r,R,"{""align_probe"": 3600, ""declared_probe_layer"": 1, ""full_category_identification"": 1, ""logical_completion"": 7200, ""native_admissions"": 3600, ""request_evidence"": 3600, ""timestamp_ns"": 1802}",4.338100001177736e-05,0.010085554999989199,0.5638480510000647,create_visit,5.938099999980295e-05,0.29962943899994343,0.8735630449999974,3,2,3600
spring_petclinic_microservices,1,4,projected_r,R,"{""align_probe"": 3600, ""declared_probe_layer"": 1, ""full_category_identification"": 1, ""logical_completion"": 7200, ""request_evidence"": 3600, ""timestamp_ns"": 1802}",2.9124000008096118e-05,0.007303156999995508,1.5971090340001126,list_owners,3.732900000841255e-05,0.10900301699987835,1.7134152079999865,1,2,3600
spring_petclinic_microservices,1,4,projected_r,R,"{""align_probe"": 3600, ""declared_probe_layer"": 1, ""full_category_identification"": 1, ""logical_completion"": 3600, ""request_evidence"": 3600, ""timestamp_ns"": 1802}",2.3784999996223632e-05,0.006854631999999583,0.20780568100028063,list_vets,3.4323999983598696e-05,0.06341671199973575,0.27807702500001596,1,2,3600
spring_petclinic_microservices,1,4,projected_r,R,"{""align_probe"": 3600, ""declared_probe_layer"": 1, ""full_category_identification"": 1, ""logical_completion"": 14400, ""native_admissions"": 3600, ""request_evidence"": 3600, ""timestamp_ns"": 1802}",2.9694999994944737e-05,0.010496856999992588,1.1335817329982376,owner_details_with_visits,6.30569999771069e-05,0.1767863470017801,1.3208649370000103,3,2,3600
spring_petclinic_microservices,1,1,full_r,R,"{""align_probe"": 900, ""declared_probe_layer"": 1, ""full_category_identification"": 1, ""logical_completion"": 1800, ""native_admissions"": 900, ""request_evidence"": 900, ""timestamp_ns"": 1802}",5.677600000808525e-05,0.0027382719999877736,0.13710628500001576,create_visit,0.0,0.053107745999994904,0.19295230299999844,6,8,900
spring_petclinic_microservices,1,1,full_r,R,"{""align_probe"": 900, ""declared_probe_layer"": 1, ""full_category_identification"": 1, ""logical_completion"": 1800, ""request_evidence"": 900, ""timestamp_ns"": 1802}",3.6797999996451836e-05,0.0020390689999771894,0.3365315679995149,list_owners,0.0,0.02765327000051343,0.3662239070000055,1,4,900
spring_petclinic_microservices,1,1,full_r,R,"{""align_probe"": 900, ""declared_probe_layer"": 1, ""full_category_identification"": 1, ""logical_completion"": 900, ""request_evidence"": 900, ""timestamp_ns"": 1802}",2.2821999976940788e-05,0.001751673999990544,0.05134023400046317,list_vets,0.0,0.015120031999543926,0.06821193999999764,1,3,900
spring_petclinic_microservices,1,1,full_r,R,"{""align_probe"": 900, ""declared_probe_layer"": 1, ""full_category_identification"": 1, ""logical_completion"": 3600, ""native_admissions"": 900, ""request_evidence"": 900, ""timestamp_ns"": 1802}",4.095600002074207e-05,0.0027899380000064866,0.20897114199945577,owner_details_with_visits,0.0,0.04188546600053655,0.2536465459999988,5,10,900
spring_petclinic_microservices,1,1,projected_r,R,"{""align_probe"": 900, ""declared_probe_layer"": 1, ""full_category_identification"": 1, ""logical_completion"": 1800, ""native_admissions"": 900, ""request_evidence"": 900, ""timestamp_ns"": 1802}",3.773000000251159e-05,0.0026601359999745,0.13876353100064875,create_visit,4.800900001100672e-05,0.05356540099938911,0.19498906800001237,3,2,900
spring_petclinic_microservices,1,1,projected_r,R,"{""align_probe"": 900, ""declared_probe_layer"": 1, ""full_category_identification"": 1, ""logical_completion"": 1800, ""request_evidence"": 900, ""timestamp_ns"": 1802}",2.5197000013577053e-05,0.0019611140000108662,0.3443185919990981,list_owners,2.4486000000933927e-05,0.0256564440009015,0.37193615000001046,1,2,900
spring_petclinic_microservices,1,1,projected_r,R,"{""align_probe"": 900, ""declared_probe_layer"": 1, ""full_category_identification"": 1, ""logical_completion"": 900, ""request_evidence"": 900, ""timestamp_ns"": 1802}",1.739300000735966e-05,0.0017891429999963293,0.052175168000587746,list_vets,1.962700000035511e-05,0.015164457999418346,0.06912876900000242,1,2,900
spring_petclinic_microservices,1,1,projected_r,R,"{""align_probe"": 900, ""declared_probe_layer"": 1, ""full_category_identification"": 1, ""logical_completion"": 3600, ""native_admissions"": 900, ""request_evidence"": 900, ""timestamp_ns"": 1802}",2.6448999989270305e-05,0.002805097000020851,0.2101947450000523,owner_details_with_visits,5.389100002162195e-05,0.04018562599992492,0.2531854679999981,3,2,900
spring_petclinic_microservices,1,1,direct_r,R,"{""logical_completion"": 1800, ""reduced_category_identification"": 1, ""request_evidence"": 900}",3.865200000063851e-05,0.0016210910000040712,0.13870805800002017,create_visit,0.0,0.015781071999953156,0.1561102209999774,3,2,900
spring_petclinic_microservices,1,1,direct_r,R,"{""logical_completion"": 1800, ""reduced_category_identification"": 1, ""request_evidence"": 900}",2.782100000331411e-05,0.0014996950000067955,0.3314644519999774,list_owners,0.0,0.01807178000001386,0.3510359269999981,1,2,900
spring_petclinic_microservices,1,1,direct_r,R,"{""logical_completion"": 900, ""reduced_category_identification"": 1, ""request_evidence"": 900}",1.9105999996327228e-05,0.001415306999973609,0.04470410199999719,list_vets,0.0,0.009150094000005993,0.055269502999976794,1,2,900
spring_petclinic_microservices,1,1,direct_r,R,"{""logical_completion"": 3600, ""reduced_category_identification"": 1, ""request_evidence"": 900}",2.4384999989024436e-05,0.0017875510000067152,0.1866945059990428,owner_details_with_visits,0.0,0.023339013000935438,0.21182106999998496,3,2,900
spring_petclinic_microservices,1,1,full_e,E,"{""align_probe"": 900, ""declared_probe_layer"": 1, ""full_category_identification"": 1, ""logical_completion"": 1800, ""native_admissions"": 900, ""request_evidence"": 900, ""timestamp_ns"": 1802}",0.0008280229999968469,0.0027123950000031982,0.14058953200176916,create_visit,0.0,0.055488237998247314,0.19879016500001967,6,8,900
spring_petclinic_microservices,1,1,full_e,E,"{""align_probe"": 900, ""declared_probe_layer"": 1, ""full_category_identification"": 1, ""logical_completion"": 1800, ""request_evidence"": 900, ""timestamp_ns"": 1802}",6.352800002673575e-05,0.00218832799998836,0.34389727699891637,list_owners,0.0,0.025751839001088683,0.3718374439999934,1,4,900
spring_petclinic_microservices,1,1,full_e,E,"{""align_probe"": 900, ""declared_probe_layer"": 1, ""full_category_identification"": 1, ""logical_completion"": 900, ""request_evidence"": 900, ""timestamp_ns"": 1802}",5.090400000540285e-05,0.0017676049999977295,0.0523389020003151,list_vets,0.0,0.015434352999676548,0.06954085999998938,1,3,900
spring_petclinic_microservices,1,1,full_e,E,"{""align_probe"": 900, ""declared_probe_layer"": 1, ""full_category_identification"": 1, ""logical_completion"": 3600, ""native_admissions"": 900, ""request_evidence"": 900, ""timestamp_ns"": 1802}",0.0008704519999866989,0.0028293130000065503,0.212370676998205,owner_details_with_visits,0.0,0.04125788700176258,0.25645787699997413,5,10,900
spring_petclinic_microservices,2,4,full_e,E,"{""align_probe"": 3600, ""declared_probe_layer"": 1, ""full_category_identification"": 1, ""logical_completion"": 7200, ""native_admissions"": 3600, ""request_evidence"": 3600, ""timestamp_ns"": 1802}",0.0008535300000005464,0.00999963600000342,0.555614868998191,create_visit,0.0,0.28847869400181025,0.8540931990000047,6,8,3600
spring_petclinic_microservices,2,4,full_e,E,"{""align_probe"": 3600, ""declared_probe_layer"": 1, ""full_category_identification"": 1, ""logical_completion"": 7200, ""request_evidence"": 3600, ""timestamp_ns"": 1802}",8.212299999854622e-05,0.007430357000004051,1.5973079379993749,list_owners,0.0,0.1097811260005983,1.7145194209999772,1,4,3600
spring_petclinic_microservices,2,4,full_e,E,"{""align_probe"": 3600, ""declared_probe_layer"": 1, ""full_category_identification"": 1, ""logical_completion"": 3600, ""request_evidence"": 3600, ""timestamp_ns"": 1802}",9.769199999709599e-05,0.007487634000000298,0.2055070299988131,list_vets,0.0,0.062186437001173545,0.27518110099998694,1,3,3600
spring_petclinic_microservices,2,4,full_e,E,"{""align_probe"": 3600, ""declared_probe_layer"": 1, ""full_category_identification"": 1, ""logical_completion"": 14400, ""native_admissions"": 3600, ""request_evidence"": 3600, ""timestamp_ns"": 1802}",0.0008977530000038314,0.010710138999996843,1.1016149389995462,owner_details_with_visits,0.0,0.17133658800045737,1.2836616660000004,5,10,3600
spring_petclinic_microservices,2,4,full_r,R,"{""align_probe"": 3600, ""declared_probe_layer"": 1, ""full_category_identification"": 1, ""logical_completion"": 7200, ""native_admissions"": 3600, ""request_evidence"": 3600, ""timestamp_ns"": 1802}",6.428000000369138e-05,0.01020667099999173,0.5544258970016926,create_visit,0.0,0.2955049689983298,0.8601375370000142,6,8,3600
spring_petclinic_microservices,2,4,full_r,R,"{""align_probe"": 3600, ""declared_probe_layer"": 1, ""full_category_identification"": 1, ""logical_completion"": 7200, ""request_evidence"": 3600, ""timestamp_ns"": 1802}",5.043400000204201e-05,0.007458028999991484,1.6135246790000224,list_owners,0.0,0.11165791999999897,1.7326406280000128,1,4,3600
spring_petclinic_microservices,2,4,full_r,R,"{""align_probe"": 3600, ""declared_probe_layer"": 1, ""full_category_identification"": 1, ""logical_completion"": 3600, ""request_evidence"": 3600, ""timestamp_ns"": 1802}",3.2239999995908875e-05,0.007693668000001708,0.20534386199926757,list_vets,0.0,0.06360967800071649,0.27664720799998577,1,3,3600
spring_petclinic_microservices,2,4,full_r,R,"{""align_probe"": 3600, ""declared_probe_layer"": 1, ""full_category_identification"": 1, ""logical_completion"": 14400, ""native_admissions"": 3600, ""request_evidence"": 3600, ""timestamp_ns"": 1802}",4.823899999450987e-05,0.010655417000009493,1.1046789340013277,owner_details_with_visits,0.0,0.17273286799866128,1.2880672189999984,5,10,3600
spring_petclinic_microservices,2,4,projected_r,R,"{""align_probe"": 3600, ""declared_probe_layer"": 1, ""full_category_identification"": 1, ""logical_completion"": 7200, ""native_admissions"": 3600, ""request_evidence"": 3600, ""timestamp_ns"": 1802}",4.095600002074207e-05,0.009915849999998727,0.5458245440010501,create_visit,5.800799999633455e-05,0.30003529899894943,0.8557756929999982,3,2,3600
spring_petclinic_microservices,2,4,projected_r,R,"{""align_probe"": 3600, ""declared_probe_layer"": 1, ""full_category_identification"": 1, ""logical_completion"": 7200, ""request_evidence"": 3600, ""timestamp_ns"": 1802}",2.9154000003472902e-05,0.007540031999980101,1.5994726429984496,list_owners,4.24489999772959e-05,0.10913522700158751,1.7161479020000172,1,2,3600
spring_petclinic_microservices,2,4,projected_r,R,"{""align_probe"": 3600, ""declared_probe_layer"": 1, ""full_category_identification"": 1, ""logical_completion"": 3600, ""request_evidence"": 3600, ""timestamp_ns"": 1802}",2.2902000011981727e-05,0.007626522999998997,0.20359061600242967,list_vets,3.610699999967437e-05,0.061732431997597814,0.2729495710000265,1,2,3600
spring_petclinic_microservices,2,4,projected_r,R,"{""align_probe"": 3600, ""declared_probe_layer"": 1, ""full_category_identification"": 1, ""logical_completion"": 14400, ""native_admissions"": 3600, ""request_evidence"": 3600, ""timestamp_ns"": 1802}",2.7991999985488292e-05,0.010645138999990422,1.0961372749997054,owner_details_with_visits,5.9641000007104594e-05,0.17261492900030362,1.2793973429999994,3,2,3600
spring_petclinic_microservices,2,4,direct_r,R,"{""logical_completion"": 7200, ""reduced_category_identification"": 1, ""request_evidence"": 3600}",3.751000002694127e-05,0.006088105999992877,0.4602214890005314,create_visit,0.0,0.2404222889994685,0.7067318839999928,3,2,3600
spring_petclinic_microservices,2,4,direct_r,R,"{""logical_completion"": 7200, ""reduced_category_identification"": 1, ""request_evidence"": 3600}",3.012599998442056e-05,0.005914092000011806,1.564959388002194,list_owners,0.0,0.0772249219977823,1.648098401999988,1,2,3600
spring_petclinic_microservices,2,4,direct_r,R,"{""logical_completion"": 3600, ""reduced_category_identification"": 1, ""request_evidence"": 3600}",2.589799998986564e-05,0.005691917999996576,0.1844176949987002,list_vets,0.0,0.04254469100129654,0.23265430399999332,1,2,3600
spring_petclinic_microservices,2,4,direct_r,R,"{""logical_completion"": 14400, ""reduced_category_identification"": 1, ""request_evidence"": 3600}",3.0687000020179767e-05,0.0073484050000161005,0.7534427199989295,owner_details_with_visits,0.0,0.10701226900104643,0.8678033939999921,3,2,3600
spring_petclinic_microservices,2,1,projected_r,R,"{""align_probe"": 900, ""declared_probe_layer"": 1, ""full_category_identification"": 1, ""logical_completion"": 1800, ""native_admissions"": 900, ""request_evidence"": 900, ""timestamp_ns"": 1802}",5.1616000007470575e-05,0.0026127689999952963,0.13868514300028778,create_visit,4.662699998903008e-05,0.055738312999721984,0.19703622500000506,3,2,900
spring_petclinic_microservices,2,1,projected_r,R,"{""align_probe"": 900, ""declared_probe_layer"": 1, ""full_category_identification"": 1, ""logical_completion"": 1800, ""request_evidence"": 900, ""timestamp_ns"": 1802}",2.582799999117924e-05,0.0020179299999938394,0.3411709249984085,list_owners,2.6018999989219083e-05,0.02629501000160417,0.3694838650000065,1,2,900
spring_petclinic_microservices,2,1,projected_r,R,"{""align_probe"": 900, ""declared_probe_layer"": 1, ""full_category_identification"": 1, ""logical_completion"": 900, ""request_evidence"": 900, ""timestamp_ns"": 1802}",2.1129000003838883e-05,0.0017995640000094681,0.05285101099954659,list_vets,2.127900000914451e-05,0.015393111000463477,0.07004368600001953,1,2,900
spring_petclinic_microservices,2,1,projected_r,R,"{""align_probe"": 900, ""declared_probe_layer"": 1, ""full_category_identification"": 1, ""logical_completion"": 3600, ""native_admissions"": 900, ""request_evidence"": 900, ""timestamp_ns"": 1802}",2.483599999436592e-05,0.0027695820000133153,0.21224347700001545,owner_details_with_visits,4.239899999447516e-05,0.041003091999982644,0.2560161510000114,3,2,900
spring_petclinic_microservices,2,1,direct_r,R,"{""logical_completion"": 1800, ""reduced_category_identification"": 1, ""request_evidence"": 900}",3.79800000018804e-05,0.0016199289999860866,0.13788979300025517,create_visit,0.0,0.015568917999758014,0.15507863999999927,3,2,900
spring_petclinic_microservices,2,1,direct_r,R,"{""logical_completion"": 1800, ""reduced_category_identification"": 1, ""request_evidence"": 900}",2.8493000002072222e-05,0.0014439509999988331,0.3291377340006818,list_owners,0.0,0.01728655399932677,0.3478682390000074,1,2,900
spring_petclinic_microservices,2,1,direct_r,R,"{""logical_completion"": 900, ""reduced_category_identification"": 1, ""request_evidence"": 900}",1.5649000005169e-05,0.0013709250000033535,0.04427208900014534,list_vets,0.0,0.008874987999860195,0.05451800200000889,1,2,900
spring_petclinic_microservices,2,1,direct_r,R,"{""logical_completion"": 3600, ""reduced_category_identification"": 1, ""request_evidence"": 900}",2.474599997981386e-05,0.0017649890000086543,0.1860645040013651,owner_details_with_visits,0.0,0.02309196599861707,0.21092145899999082,3,2,900
spring_petclinic_microservices,2,1,full_e,E,"{""align_probe"": 900, ""declared_probe_layer"": 1, ""full_category_identification"": 1, ""logical_completion"": 1800, ""native_admissions"": 900, ""request_evidence"": 900, ""timestamp_ns"": 1802}",0.0008372500000177752,0.002611788000024262,0.16120744099976037,create_visit,0.0,0.029606094000229177,0.1934253230000138,6,8,900
spring_petclinic_microservices,2,1,full_e,E,"{""align_probe"": 900, ""declared_probe_layer"": 1, ""full_category_identification"": 1, ""logical_completion"": 1800, ""request_evidence"": 900, ""timestamp_ns"": 1802}",6.499100001633451e-05,0.002048717999997507,0.34094147200002567,list_owners,0.0,0.026022301999972797,0.369012491999996,1,4,900
spring_petclinic_microservices,2,1,full_e,E,"{""align_probe"": 900, ""declared_probe_layer"": 1, ""full_category_identification"": 1, ""logical_completion"": 900, ""request_evidence"": 900, ""timestamp_ns"": 1802}",5.077500000538748e-05,0.0017923209999821665,0.05227479800012702,list_vets,0.0,0.015268115999901966,0.06933523500001115,1,3,900
spring_petclinic_microservices,2,1,full_e,E,"{""align_probe"": 900, ""declared_probe_layer"": 1, ""full_category_identification"": 1, ""logical_completion"": 3600, ""native_admissions"": 900, ""request_evidence"": 900, ""timestamp_ns"": 1802}",0.0008704020000038781,0.002817582000005814,0.21386244000112242,owner_details_with_visits,0.0,0.041715350998885015,0.25839537300001325,5,10,900
spring_petclinic_microservices,2,1,full_r,R,"{""align_probe"": 900, ""declared_probe_layer"": 1, ""full_category_identification"": 1, ""logical_completion"": 1800, ""native_admissions"": 900, ""request_evidence"": 900, ""timestamp_ns"": 1802}",5.887899999379442e-05,0.002642505000011397,0.14146876300063127,create_visit,0.0,0.05450947699935682,0.1986207449999995,6,8,900
spring_petclinic_microservices,2,1,full_r,R,"{""align_probe"": 900, ""declared_probe_layer"": 1, ""full_category_identification"": 1, ""logical_completion"": 1800, ""request_evidence"": 900, ""timestamp_ns"": 1802}",4.421299999535222e-05,0.001982033999979649,0.36417258399944785,list_owners,0.0,0.026761542000571126,0.3929161599999986,1,4,900
spring_petclinic_microservices,2,1,full_r,R,"{""align_probe"": 900, ""declared_probe_layer"": 1, ""full_category_identification"": 1, ""logical_completion"": 900, ""request_evidence"": 900, ""timestamp_ns"": 1802}",2.4285000023382963e-05,0.001735122999974692,0.052422496999639634,list_vets,0.0,0.01530055400039032,0.06945817400000465,1,3,900
spring_petclinic_microservices,2,1,full_r,R,"{""align_probe"": 900, ""declared_probe_layer"": 1, ""full_category_identification"": 1, ""logical_completion"": 3600, ""native_admissions"": 900, ""request_evidence"": 900, ""timestamp_ns"": 1802}",3.724999999121792e-05,0.0027614269999958196,0.21006222200063007,owner_details_with_visits,0.0,0.040583187999374104,0.253406837,5,10,900
spring_petclinic_microservices,2,2,direct_r,R,"{""logical_completion"": 3600, ""reduced_category_identification"": 1, ""request_evidence"": 1800}",3.782999999657477e-05,0.0032522610000000896,0.23638679700104603,create_visit,0.0,0.10707287499894846,0.3467119329999946,3,2,1800
spring_petclinic_microservices,2,2,direct_r,R,"{""logical_completion"": 3600, ""reduced_category_identification"": 1, ""request_evidence"": 1800}",2.781199998480588e-05,0.0031016899999940506,0.6776537409992329,list_owners,0.0,0.03799764800078265,0.7187530790000096,1,2,1800
spring_petclinic_microservices,2,2,direct_r,R,"{""logical_completion"": 1800, ""reduced_category_identification"": 1, ""request_evidence"": 1800}",2.144999999131869e-05,0.002712955999982114,0.09149657100022068,list_vets,0.0,0.019639233999782846,0.11384876099998564,1,2,1800
spring_petclinic_microservices,2,2,direct_r,R,"{""logical_completion"": 7200, ""reduced_category_identification"": 1, ""request_evidence"": 1800}",2.715000002240231e-05,0.0034859870000047977,0.38423098199970696,owner_details_with_visits,0.0,0.17998647400028744,0.5677034429999992,3,2,1800
spring_petclinic_microservices,2,2,full_e,E,"{""align_probe"": 1800, ""declared_probe_layer"": 1, ""full_category_identification"": 1, ""logical_completion"": 3600, ""native_admissions"": 1800, ""request_evidence"": 1800, ""timestamp_ns"": 1802}",0.0008209899999940262,0.005219476999997141,0.27988711700078284,create_visit,0.0,0.14103662299922348,0.42614321700000346,6,8,1800
spring_petclinic_microservices,2,2,full_e,E,"{""align_probe"": 1800, ""declared_probe_layer"": 1, ""full_category_identification"": 1, ""logical_completion"": 3600, ""request_evidence"": 1800, ""timestamp_ns"": 1802}",6.697500000996115e-05,0.003909907000007706,0.687267768000936,list_owners,0.0,0.05342693499903817,0.7446046099999819,1,4,1800
spring_petclinic_microservices,2,2,full_e,E,"{""align_probe"": 1800, ""declared_probe_layer"": 1, ""full_category_identification"": 1, ""logical_completion"": 1800, ""request_evidence"": 1800, ""timestamp_ns"": 1802}",6.0813000004600326e-05,0.003351766000008638,0.22355714400154625,list_vets,0.0,0.031039424998425602,0.2579483349999805,1,3,1800
spring_petclinic_microservices,2,2,full_e,E,"{""align_probe"": 1800, ""declared_probe_layer"": 1, ""full_category_identification"": 1, ""logical_completion"": 7200, ""native_admissions"": 1800, ""request_evidence"": 1800, ""timestamp_ns"": 1802}",0.0008600529999966966,0.005415712999990774,0.428889864000098,owner_details_with_visits,0.0,0.0831500979998907,0.5174556749999795,5,10,1800
spring_petclinic_microservices,2,2,full_r,R,"{""align_probe"": 1800, ""declared_probe_layer"": 1, ""full_category_identification"": 1, ""logical_completion"": 3600, ""native_admissions"": 1800, ""request_evidence"": 1800, ""timestamp_ns"": 1802}",6.308799999032999e-05,0.005162380999991001,0.27763221200015664,create_visit,0.0,0.1341826919998539,0.41697728500000153,6,8,1800
spring_petclinic_microservices,2,2,full_r,R,"{""align_probe"": 1800, ""declared_probe_layer"": 1, ""full_category_identification"": 1, ""logical_completion"": 3600, ""request_evidence"": 1800, ""timestamp_ns"": 1802}",3.5736999990376717e-05,0.003952886999996963,0.6819567669995763,list_owners,0.0,0.05279664300041986,0.7387062969999931,1,4,1800
spring_petclinic_microservices,2,2,full_r,R,"{""align_probe"": 1800, ""declared_probe_layer"": 1, ""full_category_identification"": 1, ""logical_completion"": 1800, ""request_evidence"": 1800, ""timestamp_ns"": 1802}",3.1328000005714784e-05,0.003443838999999116,0.22153655699852948,list_vets,0.0,0.0320183190014518,0.2569987149999804,1,3,1800
spring_petclinic_microservices,2,2,full_r,R,"{""align_probe"": 1800, ""declared_probe_layer"": 1, ""full_category_identification"": 1, ""logical_completion"": 7200, ""native_admissions"": 1800, ""request_evidence"": 1800, ""timestamp_ns"": 1802}",4.0345000002162124e-05,0.005302772999982608,0.4258170549996976,owner_details_with_visits,0.0,0.08322976800030801,0.5143495959999882,5,10,1800
spring_petclinic_microservices,2,2,projected_r,R,"{""align_probe"": 1800, ""declared_probe_layer"": 1, ""full_category_identification"": 1, ""logical_completion"": 3600, ""native_admissions"": 1800, ""request_evidence"": 1800, ""timestamp_ns"": 1802}",3.8050999989991396e-05,0.005192027000020971,0.27702747500239866,create_visit,4.7889000001077875e-05,0.13225856899759947,0.4144780710000191,3,2,1800
spring_petclinic_microservices,2,2,projected_r,R,"{""align_probe"": 1800, ""declared_probe_layer"": 1, ""full_category_identification"": 1, ""logical_completion"": 3600, ""request_evidence"": 1800, ""timestamp_ns"": 1802}",2.582900000902555e-05,0.0038876049999885254,0.6798149659995829,list_owners,3.0277000007572497e-05,0.05357031300042081,0.7372728839999922,1,2,1800
spring_petclinic_microservices,2,2,projected_r,R,"{""align_probe"": 1800, ""declared_probe_layer"": 1, ""full_category_identification"": 1, ""logical_completion"": 1800, ""request_evidence"": 1800, ""timestamp_ns"": 1802}",2.179100002308587e-05,0.003533545000010463,0.23062531000036302,list_vets,2.6189000010390373e-05,0.03164292399961255,0.265801778999986,1,2,1800
spring_petclinic_microservices,2,2,projected_r,R,"{""align_probe"": 1800, ""declared_probe_layer"": 1, ""full_category_identification"": 1, ""logical_completion"": 7200, ""native_admissions"": 1800, ""request_evidence"": 1800, ""timestamp_ns"": 1802}",2.4726000020791616e-05,0.005348639000004596,0.42488591799931896,owner_details_with_visits,4.6225999994931044e-05,0.0834572050006841,0.5136917620000077,3,2,1800
