2026-09-08T06:00:05.2048061Z Current runner version: '2.337.0'
2026-09-08T06:00:05.2085345Z ##[group]Runner Image Provisioner
2026-09-08T06:00:05.2086698Z Hosted Compute Agent
2026-09-08T06:00:05.2087889Z Version: 20260828.587
2026-09-08T06:00:05.2089042Z Commit: abac92662cab4cc7352de4f9f9d2e2419aad9c29
2026-09-08T06:00:05.2090390Z Build Date: 2026-08-28T16:44:25Z
2026-09-08T06:00:05.2091771Z Worker ID: {09356a1b-8a33-4c2d-822f-f06146c91ae1}
2026-09-08T06:00:05.2093085Z Azure Region: eastus
2026-09-08T06:00:05.2094622Z ##[endgroup]
2026-09-08T06:00:05.2097060Z ##[group]Operating System
2026-09-08T06:00:05.2098210Z Ubuntu
2026-09-08T06:00:05.2099126Z 24.04.4
2026-09-08T06:00:05.2100097Z LTS
2026-09-08T06:00:05.2101161Z ##[endgroup]
2026-09-08T06:00:05.2102116Z ##[group]Runner Image
2026-09-08T06:00:05.2103202Z Image: ubuntu-24.04
2026-09-08T06:00:05.2104451Z Version: 20260831.293.1
2026-09-08T06:00:05.2106760Z Included Software: https://github.com/actions/runner-images/blob/ubuntu24/20260831.293/images/ubuntu/Ubuntu2404-Readme.md
2026-09-08T06:00:05.2109486Z Image Release: https://github.com/actions/runner-images/releases/tag/ubuntu24%2F20260831.293
2026-09-08T06:00:05.2111302Z ##[endgroup]
2026-09-08T06:00:05.2113499Z ##[group]GITHUB_TOKEN Permissions
2026-09-08T06:00:05.2116634Z Actions: read
2026-09-08T06:00:05.2117703Z Contents: read
2026-09-08T06:00:05.2118783Z Metadata: read
2026-09-08T06:00:05.2119719Z ##[endgroup]
2026-09-08T06:00:05.2122907Z Secret source: Actions
2026-09-08T06:00:05.2125018Z Prepare workflow directory
2026-09-08T06:00:05.2610370Z Prepare all required actions
2026-09-08T06:00:05.2684665Z Getting action download info
2026-09-08T06:00:05.4371358Z Download action repository 'actions/checkout@v7' (SHA:3d3c42e5aac5ba805825da76410c181273ba90b1)
2026-09-08T06:00:05.5847094Z Download action repository 'actions/setup-python@v7' (SHA:5fda3b95a4ea91299a34e894583c3862153e4b97)
2026-09-08T06:00:05.6584833Z Download action repository 'actions/setup-java@v5' (SHA:b6effb05e454b25005698d916606bdc6ffcbf961)
2026-09-08T06:00:05.8806066Z Download action repository 'actions/download-artifact@v8' (SHA:3e5f45b2cfb9172054b4087a40e8e0b5a5461e7c)
2026-09-08T06:00:06.0506105Z Download action repository 'actions/upload-artifact@v7' (SHA:043fb46d1a93c77aae656e7c1c64a875d1fc6a0a)
2026-09-08T06:00:06.2496322Z Complete job name: Solve retained application models and mixed-PMF controls
2026-09-08T06:00:06.3403480Z ##[group]Run actions/checkout@v7
2026-09-08T06:00:06.3404692Z with:
2026-09-08T06:00:06.3405273Z   repository: a-a-k/telemetry-availability-identification
2026-09-08T06:00:06.3409599Z   token: ***
2026-09-08T06:00:06.3410042Z   ssh-strict: true
2026-09-08T06:00:06.3410490Z   ssh-user: git
2026-09-08T06:00:06.3410936Z   persist-credentials: true
2026-09-08T06:00:06.3411426Z   clean: true
2026-09-08T06:00:06.3411872Z   sparse-checkout-cone-mode: true
2026-09-08T06:00:06.3412396Z   fetch-depth: 1
2026-09-08T06:00:06.3412820Z   fetch-tags: false
2026-09-08T06:00:06.3413252Z   show-progress: true
2026-09-08T06:00:06.3413707Z   lfs: false
2026-09-08T06:00:06.3414353Z   submodules: false
2026-09-08T06:00:06.3414800Z   set-safe-directory: true
2026-09-08T06:00:06.3415308Z   allow-unsafe-pr-checkout: false
2026-09-08T06:00:06.3416128Z ##[endgroup]
2026-09-08T06:00:06.4449886Z Syncing repository: a-a-k/telemetry-availability-identification
2026-09-08T06:00:06.4452817Z ##[group]Getting Git version info
2026-09-08T06:00:06.4454946Z Working directory is '/home/runner/work/telemetry-availability-identification/telemetry-availability-identification'
2026-09-08T06:00:06.4457397Z [command]/usr/bin/git version
2026-09-08T06:00:06.4496205Z git version 2.55.0
2026-09-08T06:00:06.4524278Z ##[endgroup]
2026-09-08T06:00:06.4530887Z Temporarily overriding HOME='/home/runner/work/_temp/f93add78-3c87-48cf-8a4a-a2f564f39a8e' before making global git config changes
2026-09-08T06:00:06.4533600Z Adding repository directory to the temporary git global config as a safe directory
2026-09-08T06:00:06.4536936Z [command]/usr/bin/git config --global --add safe.directory /home/runner/work/telemetry-availability-identification/telemetry-availability-identification
2026-09-08T06:00:06.4585134Z Deleting the contents of '/home/runner/work/telemetry-availability-identification/telemetry-availability-identification'
2026-09-08T06:00:06.4588021Z ##[group]Determining repository object format
2026-09-08T06:00:06.4600747Z ##[endgroup]
2026-09-08T06:00:06.4602254Z ##[group]Initializing the repository
2026-09-08T06:00:06.4604521Z [command]/usr/bin/git init /home/runner/work/telemetry-availability-identification/telemetry-availability-identification
2026-09-08T06:00:06.4678114Z hint: Using 'master' as the name for the initial branch. This default branch name
2026-09-08T06:00:06.4680011Z hint: will change to "main" in Git 3.0. To configure the initial branch name
2026-09-08T06:00:06.4681753Z hint: to use in all of your new repositories, which will suppress this warning,
2026-09-08T06:00:06.4683181Z hint: call:
2026-09-08T06:00:06.4684298Z hint:
2026-09-08T06:00:06.4685394Z hint: 	git config --global init.defaultBranch <name>
2026-09-08T06:00:06.4686734Z hint:
2026-09-08T06:00:06.4688023Z hint: Names commonly chosen instead of 'master' are 'main', 'trunk' and
2026-09-08T06:00:06.4689893Z hint: 'development'. The just-created branch can be renamed via this command:
2026-09-08T06:00:06.4691323Z hint:
2026-09-08T06:00:06.4692155Z hint: 	git branch -m <name>
2026-09-08T06:00:06.4693112Z hint:
2026-09-08T06:00:06.4694636Z hint: Disable this message with "git config set advice.defaultBranchName false"
2026-09-08T06:00:06.4697367Z Initialized empty Git repository in /home/runner/work/telemetry-availability-identification/telemetry-availability-identification/.git/
2026-09-08T06:00:06.4699847Z [command]/usr/bin/git remote add origin https://github.com/a-a-k/telemetry-availability-identification
2026-09-08T06:00:06.4746569Z ##[endgroup]
2026-09-08T06:00:06.4747953Z ##[group]Disabling automatic garbage collection
2026-09-08T06:00:06.4751069Z [command]/usr/bin/git config --local gc.auto 0
2026-09-08T06:00:06.4782637Z ##[endgroup]
2026-09-08T06:00:06.4784793Z ##[group]Setting up auth
2026-09-08T06:00:06.4785825Z Removing SSH command configuration
2026-09-08T06:00:06.4790655Z [command]/usr/bin/git config --local --name-only --get-regexp core\.sshCommand
2026-09-08T06:00:06.4824382Z [command]/usr/bin/git submodule foreach --recursive sh -c "git config --local --name-only --get-regexp 'core\.sshCommand' && git config --local --unset-all 'core.sshCommand' || :"
2026-09-08T06:00:06.5164586Z Removing HTTP extra header
2026-09-08T06:00:06.5171795Z [command]/usr/bin/git config --local --name-only --get-regexp http\.https\:\/\/github\.com\/\.extraheader
2026-09-08T06:00:06.5213561Z [command]/usr/bin/git submodule foreach --recursive sh -c "git config --local --name-only --get-regexp 'http\.https\:\/\/github\.com\/\.extraheader' && git config --local --unset-all 'http.https://github.com/.extraheader' || :"
2026-09-08T06:00:06.5450062Z Removing includeIf entries pointing to credentials config files
2026-09-08T06:00:06.5455587Z [command]/usr/bin/git config --local --name-only --get-regexp ^includeIf\.gitdir:
2026-09-08T06:00:06.5498680Z [command]/usr/bin/git submodule foreach --recursive git config --local --show-origin --name-only --get-regexp remote.origin.url
2026-09-08T06:00:06.5727744Z [command]/usr/bin/git config --file /home/runner/work/_temp/git-credentials-bf98cfd4-863e-42ef-ac09-7b1b9603ae01.config http.https://github.com/.extraheader AUTHORIZATION: basic ***
2026-09-08T06:00:06.5768933Z [command]/usr/bin/git config --local includeIf.gitdir:/home/runner/work/telemetry-availability-identification/telemetry-availability-identification/.git.path /home/runner/work/_temp/git-credentials-bf98cfd4-863e-42ef-ac09-7b1b9603ae01.config
2026-09-08T06:00:06.5804919Z [command]/usr/bin/git config --local includeIf.gitdir:/home/runner/work/telemetry-availability-identification/telemetry-availability-identification/.git/worktrees/*.path /home/runner/work/_temp/git-credentials-bf98cfd4-863e-42ef-ac09-7b1b9603ae01.config
2026-09-08T06:00:06.5843489Z [command]/usr/bin/git config --local includeIf.gitdir:/github/workspace/.git.path /github/runner_temp/git-credentials-bf98cfd4-863e-42ef-ac09-7b1b9603ae01.config
2026-09-08T06:00:06.5880847Z [command]/usr/bin/git config --local includeIf.gitdir:/github/workspace/.git/worktrees/*.path /github/runner_temp/git-credentials-bf98cfd4-863e-42ef-ac09-7b1b9603ae01.config
2026-09-08T06:00:06.5914275Z ##[endgroup]
2026-09-08T06:00:06.5916275Z ##[group]Fetching the repository
2026-09-08T06:00:06.5922074Z [command]/usr/bin/git -c protocol.version=2 fetch --no-tags --prune --no-recurse-submodules --depth=1 origin +7c4e6843b03f69a6c5158d095cd0255c14cb5703:refs/remotes/origin/main
2026-09-08T06:00:07.0319185Z From https://github.com/a-a-k/telemetry-availability-identification
2026-09-08T06:00:07.0321259Z  * [new ref]         7c4e6843b03f69a6c5158d095cd0255c14cb5703 -> origin/main
2026-09-08T06:00:07.0328647Z [command]/usr/bin/git branch --list --remote origin/main
2026-09-08T06:00:07.0360691Z   origin/main
2026-09-08T06:00:07.0368671Z [command]/usr/bin/git rev-parse refs/remotes/origin/main
2026-09-08T06:00:07.0395643Z 7c4e6843b03f69a6c5158d095cd0255c14cb5703
2026-09-08T06:00:07.0400243Z ##[endgroup]
2026-09-08T06:00:07.0401484Z ##[group]Determining the checkout info
2026-09-08T06:00:07.0402964Z ##[endgroup]
2026-09-08T06:00:07.0405260Z [command]/usr/bin/git sparse-checkout disable
2026-09-08T06:00:07.0456523Z [command]/usr/bin/git config --local --unset-all extensions.worktreeConfig
2026-09-08T06:00:07.0490688Z ##[group]Checking out the ref
2026-09-08T06:00:07.0494396Z [command]/usr/bin/git checkout --progress --force -B main refs/remotes/origin/main
2026-09-08T06:00:07.0921426Z Switched to a new branch 'main'
2026-09-08T06:00:07.0926551Z branch 'main' set up to track 'origin/main'.
2026-09-08T06:00:07.0938422Z ##[endgroup]
2026-09-08T06:00:07.0987182Z [command]/usr/bin/git log -1 --format=%H
2026-09-08T06:00:07.1016454Z 7c4e6843b03f69a6c5158d095cd0255c14cb5703
2026-09-08T06:00:07.1440337Z ##[group]Run actions/checkout@v7
2026-09-08T06:00:07.1441531Z with:
2026-09-08T06:00:07.1442754Z   repository: PalladioSimulator/Palladio-Analyzer-Reliability
2026-09-08T06:00:07.1444605Z   ref: a694e570afb705dc9e0470dc321e77b7219dcea4
2026-09-08T06:00:07.1445939Z   path: palladio-source
2026-09-08T06:00:07.1456489Z   token: ***
2026-09-08T06:00:07.1457395Z   ssh-strict: true
2026-09-08T06:00:07.1458313Z   ssh-user: git
2026-09-08T06:00:07.1459257Z   persist-credentials: true
2026-09-08T06:00:07.1460305Z   clean: true
2026-09-08T06:00:07.1461262Z   sparse-checkout-cone-mode: true
2026-09-08T06:00:07.1462415Z   fetch-depth: 1
2026-09-08T06:00:07.1463337Z   fetch-tags: false
2026-09-08T06:00:07.1464411Z   show-progress: true
2026-09-08T06:00:07.1465363Z   lfs: false
2026-09-08T06:00:07.1466239Z   submodules: false
2026-09-08T06:00:07.1467241Z   set-safe-directory: true
2026-09-08T06:00:07.1468342Z   allow-unsafe-pr-checkout: false
2026-09-08T06:00:07.1469485Z ##[endgroup]
2026-09-08T06:00:07.2395329Z Syncing repository: PalladioSimulator/Palladio-Analyzer-Reliability
2026-09-08T06:00:07.2425306Z ##[group]Getting Git version info
2026-09-08T06:00:07.2430904Z Working directory is '/home/runner/work/telemetry-availability-identification/telemetry-availability-identification/palladio-source'
2026-09-08T06:00:07.2477222Z [command]/usr/bin/git version
2026-09-08T06:00:07.2548740Z git version 2.55.0
2026-09-08T06:00:07.2577338Z ##[endgroup]
2026-09-08T06:00:07.2582817Z Temporarily overriding HOME='/home/runner/work/_temp/c5c0bb40-4b07-4c6c-8c2c-99e5a7dd622f' before making global git config changes
2026-09-08T06:00:07.2587763Z Adding repository directory to the temporary git global config as a safe directory
2026-09-08T06:00:07.2592608Z [command]/usr/bin/git config --global --add safe.directory /home/runner/work/telemetry-availability-identification/telemetry-availability-identification/palladio-source
2026-09-08T06:00:07.2630587Z ##[group]Determining repository object format
2026-09-08T06:00:07.2633184Z ##[endgroup]
2026-09-08T06:00:07.2635299Z ##[group]Initializing the repository
2026-09-08T06:00:07.2652633Z [command]/usr/bin/git init /home/runner/work/telemetry-availability-identification/telemetry-availability-identification/palladio-source
2026-09-08T06:00:07.2695947Z hint: Using 'master' as the name for the initial branch. This default branch name
2026-09-08T06:00:07.2700859Z hint: will change to "main" in Git 3.0. To configure the initial branch name
2026-09-08T06:00:07.2705334Z hint: to use in all of your new repositories, which will suppress this warning,
2026-09-08T06:00:07.2708727Z hint: call:
2026-09-08T06:00:07.2710585Z hint:
2026-09-08T06:00:07.2712747Z hint: 	git config --global init.defaultBranch <name>
2026-09-08T06:00:07.2715512Z hint:
2026-09-08T06:00:07.2718261Z hint: Names commonly chosen instead of 'master' are 'main', 'trunk' and
2026-09-08T06:00:07.2721146Z hint: 'development'. The just-created branch can be renamed via this command:
2026-09-08T06:00:07.2723291Z hint:
2026-09-08T06:00:07.2724748Z hint: 	git branch -m <name>
2026-09-08T06:00:07.2726916Z hint:
2026-09-08T06:00:07.2729320Z hint: Disable this message with "git config set advice.defaultBranchName false"
2026-09-08T06:00:07.2734078Z Initialized empty Git repository in /home/runner/work/telemetry-availability-identification/telemetry-availability-identification/palladio-source/.git/
2026-09-08T06:00:07.2749793Z [command]/usr/bin/git remote add origin https://github.com/PalladioSimulator/Palladio-Analyzer-Reliability
2026-09-08T06:00:07.2757483Z ##[endgroup]
2026-09-08T06:00:07.2760234Z ##[group]Disabling automatic garbage collection
2026-09-08T06:00:07.2762813Z [command]/usr/bin/git config --local gc.auto 0
2026-09-08T06:00:07.2798793Z ##[endgroup]
2026-09-08T06:00:07.2801520Z ##[group]Setting up auth
2026-09-08T06:00:07.2804026Z Removing SSH command configuration
2026-09-08T06:00:07.2807219Z [command]/usr/bin/git config --local --name-only --get-regexp core\.sshCommand
2026-09-08T06:00:07.2866863Z [command]/usr/bin/git submodule foreach --recursive sh -c "git config --local --name-only --get-regexp 'core\.sshCommand' && git config --local --unset-all 'core.sshCommand' || :"
2026-09-08T06:00:07.3128356Z Removing HTTP extra header
2026-09-08T06:00:07.3135445Z [command]/usr/bin/git config --local --name-only --get-regexp http\.https\:\/\/github\.com\/\.extraheader
2026-09-08T06:00:07.3175951Z [command]/usr/bin/git submodule foreach --recursive sh -c "git config --local --name-only --get-regexp 'http\.https\:\/\/github\.com\/\.extraheader' && git config --local --unset-all 'http.https://github.com/.extraheader' || :"
2026-09-08T06:00:07.3416984Z Removing includeIf entries pointing to credentials config files
2026-09-08T06:00:07.3421020Z [command]/usr/bin/git config --local --name-only --get-regexp ^includeIf\.gitdir:
2026-09-08T06:00:07.3465220Z [command]/usr/bin/git submodule foreach --recursive git config --local --show-origin --name-only --get-regexp remote.origin.url
2026-09-08T06:00:07.3740238Z [command]/usr/bin/git config --file /home/runner/work/_temp/git-credentials-fecb14de-47bf-40c7-a1e9-fe11d8c9e2e7.config http.https://github.com/.extraheader AUTHORIZATION: basic ***
2026-09-08T06:00:07.3784997Z [command]/usr/bin/git config --local includeIf.gitdir:/home/runner/work/telemetry-availability-identification/telemetry-availability-identification/palladio-source/.git.path /home/runner/work/_temp/git-credentials-fecb14de-47bf-40c7-a1e9-fe11d8c9e2e7.config
2026-09-08T06:00:07.3819145Z [command]/usr/bin/git config --local includeIf.gitdir:/home/runner/work/telemetry-availability-identification/telemetry-availability-identification/palladio-source/.git/worktrees/*.path /home/runner/work/_temp/git-credentials-fecb14de-47bf-40c7-a1e9-fe11d8c9e2e7.config
2026-09-08T06:00:07.3853571Z [command]/usr/bin/git config --local includeIf.gitdir:/github/workspace/palladio-source/.git.path /github/runner_temp/git-credentials-fecb14de-47bf-40c7-a1e9-fe11d8c9e2e7.config
2026-09-08T06:00:07.3889326Z [command]/usr/bin/git config --local includeIf.gitdir:/github/workspace/palladio-source/.git/worktrees/*.path /github/runner_temp/git-credentials-fecb14de-47bf-40c7-a1e9-fe11d8c9e2e7.config
2026-09-08T06:00:07.3919214Z ##[endgroup]
2026-09-08T06:00:07.3920770Z ##[group]Fetching the repository
2026-09-08T06:00:07.3926822Z [command]/usr/bin/git -c protocol.version=2 fetch --no-tags --prune --no-recurse-submodules --depth=1 origin a694e570afb705dc9e0470dc321e77b7219dcea4
2026-09-08T06:00:08.0517478Z From https://github.com/PalladioSimulator/Palladio-Analyzer-Reliability
2026-09-08T06:00:08.0520969Z  * branch            a694e570afb705dc9e0470dc321e77b7219dcea4 -> FETCH_HEAD
2026-09-08T06:00:08.0539371Z [command]/usr/bin/git rev-parse --verify --quiet a694e570afb705dc9e0470dc321e77b7219dcea4^{object}
2026-09-08T06:00:08.0569741Z a694e570afb705dc9e0470dc321e77b7219dcea4
2026-09-08T06:00:08.0578965Z ##[endgroup]
2026-09-08T06:00:08.0581594Z ##[group]Determining the checkout info
2026-09-08T06:00:08.0584834Z ##[endgroup]
2026-09-08T06:00:08.0586913Z [command]/usr/bin/git sparse-checkout disable
2026-09-08T06:00:08.0630664Z [command]/usr/bin/git config --local --unset-all extensions.worktreeConfig
2026-09-08T06:00:08.0667107Z ##[group]Checking out the ref
2026-09-08T06:00:08.0670435Z [command]/usr/bin/git checkout --progress --force a694e570afb705dc9e0470dc321e77b7219dcea4
2026-09-08T06:00:08.0927458Z Note: switching to 'a694e570afb705dc9e0470dc321e77b7219dcea4'.
2026-09-08T06:00:08.0928035Z 
2026-09-08T06:00:08.0928491Z You are in 'detached HEAD' state. You can look around, make experimental
2026-09-08T06:00:08.0929473Z changes and commit them, and you can discard any commits you make in this
2026-09-08T06:00:08.0930500Z state without impacting any branches by switching back to a branch.
2026-09-08T06:00:08.0931024Z 
2026-09-08T06:00:08.0931284Z If you want to create a new branch to retain commits you create, you may
2026-09-08T06:00:08.0931826Z do so (now or later) by using -c with the switch command. Example:
2026-09-08T06:00:08.0932126Z 
2026-09-08T06:00:08.0932528Z   git switch -c <new-branch-name>
2026-09-08T06:00:08.0932804Z 
2026-09-08T06:00:08.0932979Z Or undo this operation with:
2026-09-08T06:00:08.0933176Z 
2026-09-08T06:00:08.0933291Z   git switch -
2026-09-08T06:00:08.0933452Z 
2026-09-08T06:00:08.0933727Z Turn off this advice by setting config variable advice.detachedHead to false
2026-09-08T06:00:08.0934583Z 
2026-09-08T06:00:08.0935033Z HEAD is now at a694e57 Revert version number to 5.2.2 for re-release
2026-09-08T06:00:08.0939999Z ##[endgroup]
2026-09-08T06:00:08.0990001Z [command]/usr/bin/git log -1 --format=%H
2026-09-08T06:00:08.1020478Z a694e570afb705dc9e0470dc321e77b7219dcea4
2026-09-08T06:00:08.1210891Z ##[group]Run actions/setup-python@v7
2026-09-08T06:00:08.1211212Z with:
2026-09-08T06:00:08.1211431Z   python-version: 3.13.15
2026-09-08T06:00:08.1211671Z   cache: pip
2026-09-08T06:00:08.1211902Z   cache-dependency-path: requirements.txt
2026-09-08T06:00:08.1212226Z   check-latest: false
2026-09-08T06:00:08.1215070Z   token: ***
2026-09-08T06:00:08.1215307Z   update-environment: true
2026-09-08T06:00:08.1215589Z   allow-prereleases: false
2026-09-08T06:00:08.1215828Z   freethreaded: false
2026-09-08T06:00:08.1216045Z ##[endgroup]
2026-09-08T06:00:08.2340681Z ##[group]Installed versions
2026-09-08T06:00:08.2374490Z Successfully set up CPython (3.13.15)
2026-09-08T06:00:08.2375362Z ##[endgroup]
2026-09-08T06:00:08.2833260Z [command]/opt/hostedtoolcache/Python/3.13.15/x64/bin/pip cache dir
2026-09-08T06:00:09.8870509Z /home/runner/.cache/pip
2026-09-08T06:00:09.9779147Z Cache hit for: setup-python-Linux-x64-24.04-Ubuntu-python-3.13.15-pip-4291c544024cb330703740aa81dec096069f9fc45ac8ff714bc4ee907b5401a6
2026-09-08T06:00:10.5129396Z Received 88926566 of 88926566 (100.0%), 178.2 MBs/sec
2026-09-08T06:00:10.5130648Z Cache Size: ~85 MB (88926566 B)
2026-09-08T06:00:10.5237246Z [command]/usr/bin/tar -xf /home/runner/work/_temp/7f3ddbf7-fea6-47f9-b7eb-d13e03def8db/cache.tzst -P -C /home/runner/work/telemetry-availability-identification/telemetry-availability-identification --use-compress-program unzstd
2026-09-08T06:00:10.6338497Z Cache restored successfully
2026-09-08T06:00:10.6383503Z Cache restored from key: setup-python-Linux-x64-24.04-Ubuntu-python-3.13.15-pip-4291c544024cb330703740aa81dec096069f9fc45ac8ff714bc4ee907b5401a6
2026-09-08T06:00:10.6616656Z ##[group]Run actions/setup-java@v5
2026-09-08T06:00:10.6616968Z with:
2026-09-08T06:00:10.6617169Z   distribution: temurin
2026-09-08T06:00:10.6617403Z   java-version: 17
2026-09-08T06:00:10.6617618Z   java-package: jdk
2026-09-08T06:00:10.6617843Z   check-latest: false
2026-09-08T06:00:10.6618052Z   set-default: true
2026-09-08T06:00:10.6618259Z   verify-signature: false
2026-09-08T06:00:10.6618490Z   server-id: github
2026-09-08T06:00:10.6618705Z   server-username: GITHUB_ACTOR
2026-09-08T06:00:10.6618960Z   server-password: GITHUB_TOKEN
2026-09-08T06:00:10.6619211Z   overwrite-settings: true
2026-09-08T06:00:10.6619444Z   job-status: success
2026-09-08T06:00:10.6621916Z   token: ***
2026-09-08T06:00:10.6622142Z   show-download-progress: false
2026-09-08T06:00:10.6622406Z env:
2026-09-08T06:00:10.6622673Z   pythonLocation: /opt/hostedtoolcache/Python/3.13.15/x64
2026-09-08T06:00:10.6623129Z   PKG_CONFIG_PATH: /opt/hostedtoolcache/Python/3.13.15/x64/lib/pkgconfig
2026-09-08T06:00:10.6623618Z   Python_ROOT_DIR: /opt/hostedtoolcache/Python/3.13.15/x64
2026-09-08T06:00:10.6624195Z   Python2_ROOT_DIR: /opt/hostedtoolcache/Python/3.13.15/x64
2026-09-08T06:00:10.6624593Z   Python3_ROOT_DIR: /opt/hostedtoolcache/Python/3.13.15/x64
2026-09-08T06:00:10.6624989Z   LD_LIBRARY_PATH: /opt/hostedtoolcache/Python/3.13.15/x64/lib
2026-09-08T06:00:10.6625319Z ##[endgroup]
2026-09-08T06:00:10.8105741Z ##[group]Installed distributions
2026-09-08T06:00:10.8171369Z Resolved Java 17.0.20+1 from tool-cache
2026-09-08T06:00:10.8171912Z Setting Java 17.0.20+1 as the default
2026-09-08T06:00:10.8183397Z Creating toolchains.xml for JDK version 17 from temurin
2026-09-08T06:00:10.8257265Z Writing to /home/runner/.m2/toolchains.xml
2026-09-08T06:00:10.8257754Z 
2026-09-08T06:00:10.8257921Z Java configuration:
2026-09-08T06:00:10.8258350Z   Distribution: temurin
2026-09-08T06:00:10.8258799Z   Version: 17.0.20+1
2026-09-08T06:00:10.8259388Z   Path: /opt/hostedtoolcache/Java_Temurin-Hotspot_jdk/17.0.20-1/x64
2026-09-08T06:00:10.8259934Z 
2026-09-08T06:00:10.8260396Z ##[endgroup]
2026-09-08T06:00:10.8279480Z Creating settings.xml with server-id: github
2026-09-08T06:00:10.8279862Z Writing to /home/runner/.m2/settings.xml
2026-09-08T06:00:10.8281070Z Configured MAVEN_ARGS to include -ntp to suppress Maven transfer progress logs. Set 'show-download-progress: true' to keep the download progress output.
2026-09-08T06:00:10.8412441Z ##[group]Run python -m pip install --upgrade pip
2026-09-08T06:00:10.8413125Z [36;1mpython -m pip install --upgrade pip[0m
2026-09-08T06:00:10.8413723Z [36;1mpython -m pip install -r requirements.txt[0m
2026-09-08T06:00:10.8414568Z [36;1mpython -m pip install --no-deps -e .[0m
2026-09-08T06:00:10.8415299Z [36;1mpython -m telemetry_availability.pmx_application_recovery validate[0m
2026-09-08T06:00:10.8416149Z [36;1mtest "$(git -C palladio-source rev-parse HEAD)" = \[0m
2026-09-08T06:00:10.8416794Z [36;1m  "a694e570afb705dc9e0470dc321e77b7219dcea4"[0m
2026-09-08T06:00:10.8469480Z shell: /usr/bin/bash -e {0}
2026-09-08T06:00:10.8469885Z env:
2026-09-08T06:00:10.8470311Z   pythonLocation: /opt/hostedtoolcache/Python/3.13.15/x64
2026-09-08T06:00:10.8471042Z   PKG_CONFIG_PATH: /opt/hostedtoolcache/Python/3.13.15/x64/lib/pkgconfig
2026-09-08T06:00:10.8471789Z   Python_ROOT_DIR: /opt/hostedtoolcache/Python/3.13.15/x64
2026-09-08T06:00:10.8472480Z   Python2_ROOT_DIR: /opt/hostedtoolcache/Python/3.13.15/x64
2026-09-08T06:00:10.8473131Z   Python3_ROOT_DIR: /opt/hostedtoolcache/Python/3.13.15/x64
2026-09-08T06:00:10.8474074Z   LD_LIBRARY_PATH: /opt/hostedtoolcache/Python/3.13.15/x64/lib
2026-09-08T06:00:10.8474838Z   JAVA_HOME: /opt/hostedtoolcache/Java_Temurin-Hotspot_jdk/17.0.20-1/x64
2026-09-08T06:00:10.8475665Z   JAVA_HOME_17_X64: /opt/hostedtoolcache/Java_Temurin-Hotspot_jdk/17.0.20-1/x64
2026-09-08T06:00:10.8476560Z   MAVEN_ARGS: -ntp
2026-09-08T06:00:10.8476896Z ##[endgroup]
2026-09-08T06:00:12.1974086Z Requirement already satisfied: pip in /opt/hostedtoolcache/Python/3.13.15/x64/lib/python3.13/site-packages (26.2.1)
2026-09-08T06:00:13.4845676Z Collecting numpy==2.4.4 (from -r requirements.txt (line 1))
2026-09-08T06:00:13.4861762Z   Using cached numpy-2.4.4-cp313-cp313-manylinux_2_27_x86_64.manylinux_2_28_x86_64.whl.metadata (6.6 kB)
2026-09-08T06:00:13.5192142Z Collecting PyYAML==6.0.2 (from -r requirements.txt (line 2))
2026-09-08T06:00:13.5206364Z   Using cached PyYAML-6.0.2-cp313-cp313-manylinux_2_17_x86_64.manylinux2014_x86_64.whl.metadata (2.1 kB)
2026-09-08T06:00:13.6348204Z Collecting scipy==1.17.1 (from -r requirements.txt (line 3))
2026-09-08T06:00:13.6362474Z   Using cached scipy-1.17.1-cp313-cp313-manylinux_2_27_x86_64.manylinux_2_28_x86_64.whl.metadata (62 kB)
2026-09-08T06:00:13.6527734Z Using cached numpy-2.4.4-cp313-cp313-manylinux_2_27_x86_64.manylinux_2_28_x86_64.whl (16.6 MB)
2026-09-08T06:00:13.6606921Z Using cached PyYAML-6.0.2-cp313-cp313-manylinux_2_17_x86_64.manylinux2014_x86_64.whl (759 kB)
2026-09-08T06:00:13.6621039Z Using cached scipy-1.17.1-cp313-cp313-manylinux_2_27_x86_64.manylinux_2_28_x86_64.whl (35.2 MB)
2026-09-08T06:00:13.8041849Z Installing collected packages: PyYAML, numpy, scipy
2026-09-08T06:00:20.0359637Z 
2026-09-08T06:00:20.0373060Z Successfully installed PyYAML-6.0.2 numpy-2.4.4 scipy-1.17.1
2026-09-08T06:00:20.9035142Z Obtaining file:///home/runner/work/telemetry-availability-identification/telemetry-availability-identification
2026-09-08T06:00:20.9049887Z   Installing build dependencies: started
2026-09-08T06:00:22.4396161Z   Installing build dependencies: finished with status 'done'
2026-09-08T06:00:22.4402288Z   Checking if build backend supports build_editable: started
2026-09-08T06:00:22.7944980Z   Checking if build backend supports build_editable: finished with status 'done'
2026-09-08T06:00:22.7953153Z   Getting requirements to build editable: started
2026-09-08T06:00:23.1487049Z   Getting requirements to build editable: finished with status 'done'
2026-09-08T06:00:23.1496300Z   Preparing editable metadata (pyproject.toml): started
2026-09-08T06:00:23.4627701Z   Preparing editable metadata (pyproject.toml): finished with status 'done'
2026-09-08T06:00:23.4685209Z Building wheels for collected packages: telemetry-availability-identification
2026-09-08T06:00:23.4693098Z   Building editable for telemetry-availability-identification (pyproject.toml): started
2026-09-08T06:00:23.6913013Z   Building editable for telemetry-availability-identification (pyproject.toml): finished with status 'done'
2026-09-08T06:00:23.6919723Z   Created wheel for telemetry-availability-identification: filename=telemetry_availability_identification-0.1.0-0.editable-py3-none-any.whl size=12536 sha256=7cc90569566112a575b87017976dc9f0c3b21136ddd478bc8b91dc11efc2377d
2026-09-08T06:00:23.6921905Z   Stored in directory: /tmp/pip-ephem-wheel-cache-p4kbsrjb/wheels/14/e2/f6/4d74f870eb9db880caa9b3c3396844f2558a9df10179f94b36
2026-09-08T06:00:23.6953936Z Successfully built telemetry-availability-identification
2026-09-08T06:00:23.7061392Z Installing collected packages: telemetry-availability-identification
2026-09-08T06:00:23.7144310Z Successfully installed telemetry-availability-identification-0.1.0
2026-09-08T06:00:25.3748025Z ##[group]Run actions/download-artifact@v8
2026-09-08T06:00:25.3748355Z with:
2026-09-08T06:00:25.3748586Z   name: m9v-recovery-contract-34192728551
2026-09-08T06:00:25.3748910Z   path: workflow-input/m9v-recovery-contract
2026-09-08T06:00:25.3749209Z   merge-multiple: false
2026-09-08T06:00:25.3749523Z   repository: a-a-k/telemetry-availability-identification
2026-09-08T06:00:25.3749871Z   run-id: 34192728551
2026-09-08T06:00:25.3750100Z   skip-decompress: false
2026-09-08T06:00:25.3750337Z   digest-mismatch: error
2026-09-08T06:00:25.3750560Z env:
2026-09-08T06:00:25.3750823Z   pythonLocation: /opt/hostedtoolcache/Python/3.13.15/x64
2026-09-08T06:00:25.3751461Z   PKG_CONFIG_PATH: /opt/hostedtoolcache/Python/3.13.15/x64/lib/pkgconfig
2026-09-08T06:00:25.3751921Z   Python_ROOT_DIR: /opt/hostedtoolcache/Python/3.13.15/x64
2026-09-08T06:00:25.3752316Z   Python2_ROOT_DIR: /opt/hostedtoolcache/Python/3.13.15/x64
2026-09-08T06:00:25.3752745Z   Python3_ROOT_DIR: /opt/hostedtoolcache/Python/3.13.15/x64
2026-09-08T06:00:25.3753140Z   LD_LIBRARY_PATH: /opt/hostedtoolcache/Python/3.13.15/x64/lib
2026-09-08T06:00:25.3753578Z   JAVA_HOME: /opt/hostedtoolcache/Java_Temurin-Hotspot_jdk/17.0.20-1/x64
2026-09-08T06:00:25.3754336Z   JAVA_HOME_17_X64: /opt/hostedtoolcache/Java_Temurin-Hotspot_jdk/17.0.20-1/x64
2026-09-08T06:00:25.3754738Z   MAVEN_ARGS: -ntp
2026-09-08T06:00:25.3754950Z ##[endgroup]
2026-09-08T06:00:25.5135930Z Downloading single artifact
2026-09-08T06:00:25.6065736Z Preparing to download the following artifacts:
2026-09-08T06:00:25.6067558Z - m9v-recovery-contract-34192728551 (ID: 10042787922, Size: 24207106, Expected Digest: sha256:a71752df0ecad9d4360ebf3f86413f51d70fce240f2643ec5abd1925f13d3b5d)
2026-09-08T06:00:25.7492313Z Redirecting to blob download url: https://productionresultssa9.blob.core.windows.net/actions-results/4a0af1f1-ff1e-43a8-afec-f2ba2e5c1fe4/workflow-job-run-9bec06bf-5646-57de-b840-0f9130fc29d7/artifacts/adfe81d4e211eb323bbc6e8ff0ab874dc288fc39b1ddd0bc960871c3898c5e5b.zip
2026-09-08T06:00:25.7495200Z Starting download of artifact to: /home/runner/work/telemetry-availability-identification/telemetry-availability-identification/workflow-input/m9v-recovery-contract
2026-09-08T06:00:25.8731650Z (node:2533) [DEP0005] DeprecationWarning: Buffer() is deprecated due to security and usability issues. Please use the Buffer.alloc(), Buffer.allocUnsafe(), or Buffer.from() methods instead.
2026-09-08T06:00:25.8733663Z (Use `node --trace-deprecation ...` to show where the warning was created)
2026-09-08T06:00:27.5259570Z SHA256 digest of downloaded artifact is a71752df0ecad9d4360ebf3f86413f51d70fce240f2643ec5abd1925f13d3b5d
2026-09-08T06:00:27.5260403Z Artifact download completed successfully.
2026-09-08T06:00:27.5260760Z Total of 1 artifact(s) downloaded
2026-09-08T06:00:27.5265794Z Download artifact has finished successfully
2026-09-08T06:00:27.5396922Z ##[group]Run echo "M9VR_MODEL_COUNT=$(jq -r .model_count workflow-input/m9v-recovery-contract/solver-contract.json)" >> "$GITHUB_ENV"
2026-09-08T06:00:27.5397976Z [36;1mecho "M9VR_MODEL_COUNT=$(jq -r .model_count workflow-input/m9v-recovery-contract/solver-contract.json)" >> "$GITHUB_ENV"[0m
2026-09-08T06:00:27.5435286Z shell: /usr/bin/bash -e {0}
2026-09-08T06:00:27.5435552Z env:
2026-09-08T06:00:27.5435834Z   pythonLocation: /opt/hostedtoolcache/Python/3.13.15/x64
2026-09-08T06:00:27.5436296Z   PKG_CONFIG_PATH: /opt/hostedtoolcache/Python/3.13.15/x64/lib/pkgconfig
2026-09-08T06:00:27.5436749Z   Python_ROOT_DIR: /opt/hostedtoolcache/Python/3.13.15/x64
2026-09-08T06:00:27.5437156Z   Python2_ROOT_DIR: /opt/hostedtoolcache/Python/3.13.15/x64
2026-09-08T06:00:27.5437559Z   Python3_ROOT_DIR: /opt/hostedtoolcache/Python/3.13.15/x64
2026-09-08T06:00:27.5437970Z   LD_LIBRARY_PATH: /opt/hostedtoolcache/Python/3.13.15/x64/lib
2026-09-08T06:00:27.5438447Z   JAVA_HOME: /opt/hostedtoolcache/Java_Temurin-Hotspot_jdk/17.0.20-1/x64
2026-09-08T06:00:27.5438971Z   JAVA_HOME_17_X64: /opt/hostedtoolcache/Java_Temurin-Hotspot_jdk/17.0.20-1/x64
2026-09-08T06:00:27.5439366Z   MAVEN_ARGS: -ntp
2026-09-08T06:00:27.5439581Z ##[endgroup]
2026-09-08T06:00:27.5593439Z ##[group]Run m9vr_maven_repo="${RUNNER_TEMP}/m9v-recovery-maven-repository"
2026-09-08T06:00:27.5594300Z [36;1mm9vr_maven_repo="${RUNNER_TEMP}/m9v-recovery-maven-repository"[0m
2026-09-08T06:00:27.5594859Z [36;1mevidence_dir="workflow-results/m9v-recovery-solver/target-lock/repository"[0m
2026-09-08T06:00:27.5595360Z [36;1mmkdir -p "$m9vr_maven_repo" "$evidence_dir"[0m
2026-09-08T06:00:27.5595907Z [36;1mcoordinate="$(jq -r '.target_platform_lock.coordinate' configs/m9a_palladio_bootstrap.json)"[0m
2026-09-08T06:00:27.5596489Z [36;1mmvn -B -ntp "-Dmaven.repo.local=${m9vr_maven_repo}" \[0m
2026-09-08T06:00:27.5597084Z [36;1m  dependency:get "-Dartifact=${coordinate}"[0m
2026-09-08T06:00:27.5597830Z [36;1mtarget_file="${m9vr_maven_repo}/org/palladiosimulator/palladio-target-platforms/0.1.0/palladio-target-platforms-0.1.0-palladio-2023-03.target"[0m
2026-09-08T06:00:27.5598832Z [36;1mrepository_url="$(jq -r '.target_platform_lock.pinned_repository_url' configs/m9a_palladio_bootstrap.json)"[0m
2026-09-08T06:00:27.5599399Z [36;1mwhile IFS= read -r relative_path; do[0m
2026-09-08T06:00:27.5599787Z [36;1m  mkdir -p "${evidence_dir}/$(dirname "$relative_path")"[0m
2026-09-08T06:00:27.5600218Z [36;1m  curl --fail --location --retry 5 --retry-all-errors \[0m
2026-09-08T06:00:27.5600616Z [36;1m    --output "${evidence_dir}/${relative_path}" \[0m
2026-09-08T06:00:27.5600976Z [36;1m    "${repository_url}${relative_path}"[0m
2026-09-08T06:00:27.5601535Z [36;1mdone < <(jq -r '.target_platform_lock.repository_evidence[].relative_path' configs/m9a_palladio_bootstrap.json)[0m
2026-09-08T06:00:27.5602209Z [36;1mpython -m telemetry_availability lock-palladio-target-platform \[0m
2026-09-08T06:00:27.5602670Z [36;1m  --config configs/m9a_palladio_bootstrap.json \[0m
2026-09-08T06:00:27.5603025Z [36;1m  --target-file "$target_file" \[0m
2026-09-08T06:00:27.5603363Z [36;1m  --repository-evidence-dir "$evidence_dir" \[0m
2026-09-08T06:00:27.5604011Z [36;1m  --out workflow-results/m9v-recovery-solver/target-lock/manifest.json[0m
2026-09-08T06:00:27.5604521Z [36;1mecho "M9VR_MAVEN_REPO=${m9vr_maven_repo}" >> "$GITHUB_ENV"[0m
2026-09-08T06:00:27.5604918Z [36;1mgit -C palladio-source diff --exit-code[0m
2026-09-08T06:00:27.5638901Z shell: /usr/bin/bash -e {0}
2026-09-08T06:00:27.5639171Z env:
2026-09-08T06:00:27.5639460Z   pythonLocation: /opt/hostedtoolcache/Python/3.13.15/x64
2026-09-08T06:00:27.5639931Z   PKG_CONFIG_PATH: /opt/hostedtoolcache/Python/3.13.15/x64/lib/pkgconfig
2026-09-08T06:00:27.5640398Z   Python_ROOT_DIR: /opt/hostedtoolcache/Python/3.13.15/x64
2026-09-08T06:00:27.5640803Z   Python2_ROOT_DIR: /opt/hostedtoolcache/Python/3.13.15/x64
2026-09-08T06:00:27.5641197Z   Python3_ROOT_DIR: /opt/hostedtoolcache/Python/3.13.15/x64
2026-09-08T06:00:27.5641601Z   LD_LIBRARY_PATH: /opt/hostedtoolcache/Python/3.13.15/x64/lib
2026-09-08T06:00:27.5642040Z   JAVA_HOME: /opt/hostedtoolcache/Java_Temurin-Hotspot_jdk/17.0.20-1/x64
2026-09-08T06:00:27.5642542Z   JAVA_HOME_17_X64: /opt/hostedtoolcache/Java_Temurin-Hotspot_jdk/17.0.20-1/x64
2026-09-08T06:00:27.5642935Z   MAVEN_ARGS: -ntp
2026-09-08T06:00:27.5643149Z   M9VR_MODEL_COUNT: 20
2026-09-08T06:00:27.5643374Z ##[endgroup]
2026-09-08T06:00:29.4405106Z [INFO] Scanning for projects...
2026-09-08T06:00:30.2569692Z [INFO] 
2026-09-08T06:00:30.2570788Z [INFO] ------------------< org.apache.maven:standalone-pom >-------------------
2026-09-08T06:00:30.2572002Z [INFO] Building Maven Stub Project (No POM) 1
2026-09-08T06:00:30.2572932Z [INFO] --------------------------------[ pom ]---------------------------------
2026-09-08T06:00:30.2628331Z [INFO] 
2026-09-08T06:00:30.2654932Z [INFO] --- dependency:3.7.0:get (default-cli) @ standalone-pom ---
2026-09-08T06:00:34.4630460Z [INFO] Resolving org.palladiosimulator:palladio-target-platforms:target:palladio-2023-03:0.1.0 with transitive dependencies
2026-09-08T06:00:34.5358884Z [INFO] ------------------------------------------------------------------------
2026-09-08T06:00:34.5360255Z [INFO] BUILD SUCCESS
2026-09-08T06:00:34.5361029Z [INFO] ------------------------------------------------------------------------
2026-09-08T06:00:34.5372977Z [INFO] Total time:  5.128 s
2026-09-08T06:00:34.5383029Z [INFO] Finished at: 2026-09-08T06:00:34Z
2026-09-08T06:00:34.5384178Z [INFO] ------------------------------------------------------------------------
2026-09-08T06:00:34.5784745Z   % Total    % Received % Xferd  Average Speed   Time    Time     Time  Current
2026-09-08T06:00:34.5785674Z                                  Dload  Upload   Total   Spent    Left  Speed
2026-09-08T06:00:34.5786148Z 
2026-09-08T06:00:34.7077100Z   0     0    0     0    0     0      0      0 --:--:-- --:--:-- --:--:--     0
2026-09-08T06:00:35.1049741Z   0     0    0     0    0     0      0      0 --:--:-- --:--:-- --:--:--     0
2026-09-08T06:00:35.1050488Z 100 18652  100 18652    0     0  35419      0 --:--:-- --:--:-- --:--:-- 35392
2026-09-08T06:00:35.1149028Z   % Total    % Received % Xferd  Average Speed   Time    Time     Time  Current
2026-09-08T06:00:35.1149887Z                                  Dload  Upload   Total   Spent    Left  Speed
2026-09-08T06:00:35.1150284Z 
2026-09-08T06:00:35.4281569Z   0     0    0     0    0     0      0      0 --:--:-- --:--:-- --:--:--     0
2026-09-08T06:00:35.4283248Z 100  1903  100  1903    0     0   6074      0 --:--:-- --:--:-- --:--:--  6079
2026-09-08T06:00:35.4384155Z   % Total    % Received % Xferd  Average Speed   Time    Time     Time  Current
2026-09-08T06:00:35.4385212Z                                  Dload  Upload   Total   Spent    Left  Speed
2026-09-08T06:00:35.4385688Z 
2026-09-08T06:00:35.7504799Z   0     0    0     0    0     0      0      0 --:--:-- --:--:-- --:--:--     0
2026-09-08T06:00:35.7515310Z   0     0    0     0    0     0      0      0 --:--:-- --:--:-- --:--:--     0
2026-09-08T06:00:35.7516300Z 100  6302  100  6302    0     0  20117      0 --:--:-- --:--:-- --:--:-- 20070
2026-09-08T06:00:35.7616581Z   % Total    % Received % Xferd  Average Speed   Time    Time     Time  Current
2026-09-08T06:00:35.7617507Z                                  Dload  Upload   Total   Spent    Left  Speed
2026-09-08T06:00:35.7618000Z 
2026-09-08T06:00:36.1769916Z   0     0    0     0    0     0      0      0 --:--:-- --:--:-- --:--:--     0
2026-09-08T06:00:36.1770848Z 100 21926  100 21926    0     0  52776      0 --:--:-- --:--:-- --:--:-- 52833
2026-09-08T06:00:37.2493889Z {
2026-09-08T06:00:37.2495048Z   "analyzer_checkout_modified": false,
2026-09-08T06:00:37.2496414Z   "artifact_url": "https://repo.maven.apache.org/maven2/org/palladiosimulator/palladio-target-platforms/0.1.0/palladio-target-platforms-0.1.0-palladio-2023-03.target",
2026-09-08T06:00:37.2497747Z   "coordinate": "org.palladiosimulator:palladio-target-platforms:0.1.0:target:palladio-2023-03",
2026-09-08T06:00:37.2498389Z   "diagnostic_only": true,
2026-09-08T06:00:37.2499271Z   "historical_basis": "The versioned Palladio 5.2.2 product predates MDSD Ecore Workflow 1.1.0 and 1.2.0; 1.0.0 was the latest release and requires JavaSE-17 at that cutoff.",
2026-09-08T06:00:37.2500244Z   "kind": "palladio_historical_target_platform_lock",
2026-09-08T06:00:37.2500677Z   "original_artifact": {
2026-09-08T06:00:37.2500980Z     "bytes": 5194,
2026-09-08T06:00:37.2501386Z     "sha256": "2ac99cc862e5142a0fa88294b8c5d474ea19a4e7ed4bf8cb2c634ad37a6c6fd2"
2026-09-08T06:00:37.2501845Z   },
2026-09-08T06:00:37.2502059Z   "replacement": {
2026-09-08T06:00:37.2502305Z     "count": 1,
2026-09-08T06:00:37.2502693Z     "from": "https://updatesite.mdsd.tools/ecore-workflow/releases/latest/",
2026-09-08T06:00:37.2503377Z     "patched_sha256": "4d4a1b0c3fe1bc37512baab9ca52e7b834f012157ed539f9ec8cace015df105c",
2026-09-08T06:00:37.2504220Z     "to": "https://updatesite.mdsd.tools/ecore-workflow/releases/1.0.0/"
2026-09-08T06:00:37.2504645Z   },
2026-09-08T06:00:37.2504867Z   "repository_evidence": [
2026-09-08T06:00:37.2505128Z     {
2026-09-08T06:00:37.2505345Z       "bytes": 18652,
2026-09-08T06:00:37.2505856Z       "relative_path": "content.jar",
2026-09-08T06:00:37.2506329Z       "sha256": "b00c6a773dfe5e0321594af11113f567ed3f5cd37f1e2a94a782347a2389b295"
2026-09-08T06:00:37.2506786Z     },
2026-09-08T06:00:37.2506987Z     {
2026-09-08T06:00:37.2507204Z       "bytes": 1903,
2026-09-08T06:00:37.2507488Z       "relative_path": "artifacts.jar",
2026-09-08T06:00:37.2507952Z       "sha256": "22e01ab27b87606b6b5bded0c40b2c103bfa8928dd44113b07520274c24c87fc"
2026-09-08T06:00:37.2508415Z     },
2026-09-08T06:00:37.2508614Z     {
2026-09-08T06:00:37.2508832Z       "bytes": 6302,
2026-09-08T06:00:37.2509256Z       "relative_path": "features/tools.mdsd.ecoreworkflow.mwe2lib.feature_1.0.0.jar",
2026-09-08T06:00:37.2510048Z       "sha256": "81dc0f032acec0af36e07fabac28e3c3133c529312732761ef4d4231e2a45b2a"
2026-09-08T06:00:37.2510506Z     },
2026-09-08T06:00:37.2510706Z     {
2026-09-08T06:00:37.2510920Z       "bytes": 21926,
2026-09-08T06:00:37.2511308Z       "relative_path": "plugins/tools.mdsd.ecoreworkflow.mwe2lib_1.0.0.jar",
2026-09-08T06:00:37.2511865Z       "sha256": "9404ad81c714c85f4bb9bba7f01b34e589a467a4b83e0c6eafc900d66ac0a97a"
2026-09-08T06:00:37.2512259Z     }
2026-09-08T06:00:37.2512433Z   ],
2026-09-08T06:00:37.2512630Z   "schema_version": 1,
2026-09-08T06:00:37.2512899Z   "status": "historical_dependency_lock_applied"
2026-09-08T06:00:37.2513194Z }
2026-09-08T06:00:37.3365020Z ##[group]Run python -m telemetry_availability audit-palladio-capability-source --config configs/m9b_palladio_semantic_controls.json --analyzer-checkout palladio-source --out workflow-results/m9v-recovery-solver/capability-manifest.json
2026-09-08T06:00:37.3366796Z [36;1mpython -m telemetry_availability audit-palladio-capability-source --config configs/m9b_palladio_semantic_controls.json --analyzer-checkout palladio-source --out workflow-results/m9v-recovery-solver/capability-manifest.json[0m
2026-09-08T06:00:37.3403276Z shell: /usr/bin/bash -e {0}
2026-09-08T06:00:37.3403535Z env:
2026-09-08T06:00:37.3403944Z   pythonLocation: /opt/hostedtoolcache/Python/3.13.15/x64
2026-09-08T06:00:37.3404420Z   PKG_CONFIG_PATH: /opt/hostedtoolcache/Python/3.13.15/x64/lib/pkgconfig
2026-09-08T06:00:37.3404869Z   Python_ROOT_DIR: /opt/hostedtoolcache/Python/3.13.15/x64
2026-09-08T06:00:37.3405265Z   Python2_ROOT_DIR: /opt/hostedtoolcache/Python/3.13.15/x64
2026-09-08T06:00:37.3405682Z   Python3_ROOT_DIR: /opt/hostedtoolcache/Python/3.13.15/x64
2026-09-08T06:00:37.3406075Z   LD_LIBRARY_PATH: /opt/hostedtoolcache/Python/3.13.15/x64/lib
2026-09-08T06:00:37.3406521Z   JAVA_HOME: /opt/hostedtoolcache/Java_Temurin-Hotspot_jdk/17.0.20-1/x64
2026-09-08T06:00:37.3407011Z   JAVA_HOME_17_X64: /opt/hostedtoolcache/Java_Temurin-Hotspot_jdk/17.0.20-1/x64
2026-09-08T06:00:37.3407415Z   MAVEN_ARGS: -ntp
2026-09-08T06:00:37.3407642Z   M9VR_MODEL_COUNT: 20
2026-09-08T06:00:37.3407971Z   M9VR_MAVEN_REPO: /home/runner/work/_temp/m9v-recovery-maven-repository
2026-09-08T06:00:37.3408351Z ##[endgroup]
2026-09-08T06:00:38.2622782Z {
2026-09-08T06:00:38.2623415Z   "analyzer_commit": "a694e570afb705dc9e0470dc321e77b7219dcea4",
2026-09-08T06:00:38.2624400Z   "analyzer_repository": "https://github.com/PalladioSimulator/Palladio-Analyzer-Reliability.git",
2026-09-08T06:00:38.2624962Z   "automatic_allocation_replication": {
2026-09-08T06:00:38.2625444Z     "control_encoding": "two explicit components and a typed primary/fallback policy",
2026-09-08T06:00:38.2626235Z     "observed_behavior": "when multiple allocation contexts resolve for one assembly context, the analyzer logs an error and selects one context",
2026-09-08T06:00:38.2626871Z     "supported": false
2026-09-08T06:00:38.2627104Z   },
2026-09-08T06:00:38.2627358Z   "experiment_id": "m9b_palladio_semantic_controls",
2026-09-08T06:00:38.2627733Z   "internal_call_message_transfer_expansions": 2,
2026-09-08T06:00:38.2628229Z   "interpretation": "source capability boundary only; no comparative accuracy conclusion",
2026-09-08T06:00:38.2628692Z   "schema_version": 1,
2026-09-08T06:00:38.2628937Z   "source_markers": [
2026-09-08T06:00:38.2629240Z     "The Reliability solver does not support replication yet",
2026-09-08T06:00:38.2629628Z     "Picking one of the called Allocation contexts",
2026-09-08T06:00:38.2629963Z     "names.add(\"MessageTransfer(2)\");"
2026-09-08T06:00:38.2630233Z   ],
2026-09-08T06:00:38.2630462Z   "status": "capability_source_audit_passed",
2026-09-08T06:00:38.2630758Z   "visitor": {
2026-09-08T06:00:38.2630962Z     "bytes": 60862,
2026-09-08T06:00:38.2631584Z     "path": "bundles/org.palladiosimulator.reliability.solver/src/org/palladiosimulator/reliability/solver/pcm2markov/MarkovSeffVisitor.java",
2026-09-08T06:00:38.2632379Z     "sha256": "b95c1a89bc51857f7e51b56f7e03e7af22f960090429926962ee30e2d085040e"
2026-09-08T06:00:38.2633029Z   }
2026-09-08T06:00:38.2633206Z }
2026-09-08T06:00:38.3472387Z ##[group]Run test_bundle="palladio-source/tests/org.palladiosimulator.reliability.tests"
2026-09-08T06:00:38.3473109Z [36;1mtest_bundle="palladio-source/tests/org.palladiosimulator.reliability.tests"[0m
2026-09-08T06:00:38.3473732Z [36;1mcp palladio/harness/META-INF/MANIFEST.MF "$test_bundle/META-INF/MANIFEST.MF"[0m
2026-09-08T06:00:38.3474752Z [36;1mcp palladio/harness/src/org/palladiosimulator/reliability/tests/PmxPmfBridgeTest.java \[0m
2026-09-08T06:00:38.3475429Z [36;1m  "$test_bundle/src/org/palladiosimulator/reliability/tests/PmxPmfBridgeTest.java"[0m
2026-09-08T06:00:38.3476117Z [36;1mgit -C palladio-source status --short > workflow-results/m9v-recovery-solver/harness-overlay.txt[0m
2026-09-08T06:00:38.3476696Z [36;1mtest "$(git -C palladio-source diff --name-only)" = \[0m
2026-09-08T06:00:38.3477194Z [36;1m  "tests/org.palladiosimulator.reliability.tests/META-INF/MANIFEST.MF"[0m
2026-09-08T06:00:38.3477844Z [36;1mtest "$(git -C palladio-source ls-files --others --exclude-standard)" = \[0m
2026-09-08T06:00:38.3478592Z [36;1m  "tests/org.palladiosimulator.reliability.tests/src/org/palladiosimulator/reliability/tests/PmxPmfBridgeTest.java"[0m
2026-09-08T06:00:38.3516220Z shell: /usr/bin/bash -e {0}
2026-09-08T06:00:38.3516480Z env:
2026-09-08T06:00:38.3516756Z   pythonLocation: /opt/hostedtoolcache/Python/3.13.15/x64
2026-09-08T06:00:38.3517219Z   PKG_CONFIG_PATH: /opt/hostedtoolcache/Python/3.13.15/x64/lib/pkgconfig
2026-09-08T06:00:38.3517683Z   Python_ROOT_DIR: /opt/hostedtoolcache/Python/3.13.15/x64
2026-09-08T06:00:38.3518075Z   Python2_ROOT_DIR: /opt/hostedtoolcache/Python/3.13.15/x64
2026-09-08T06:00:38.3518469Z   Python3_ROOT_DIR: /opt/hostedtoolcache/Python/3.13.15/x64
2026-09-08T06:00:38.3518867Z   LD_LIBRARY_PATH: /opt/hostedtoolcache/Python/3.13.15/x64/lib
2026-09-08T06:00:38.3519306Z   JAVA_HOME: /opt/hostedtoolcache/Java_Temurin-Hotspot_jdk/17.0.20-1/x64
2026-09-08T06:00:38.3519823Z   JAVA_HOME_17_X64: /opt/hostedtoolcache/Java_Temurin-Hotspot_jdk/17.0.20-1/x64
2026-09-08T06:00:38.3520218Z   MAVEN_ARGS: -ntp
2026-09-08T06:00:38.3520436Z   M9VR_MODEL_COUNT: 20
2026-09-08T06:00:38.3520773Z   M9VR_MAVEN_REPO: /home/runner/work/_temp/m9v-recovery-maven-repository
2026-09-08T06:00:38.3521146Z ##[endgroup]
2026-09-08T06:00:38.3834757Z ##[group]Run mkdir -p workflow-results/m9v-recovery-solver/runtime
2026-09-08T06:00:38.3835326Z [36;1mmkdir -p workflow-results/m9v-recovery-solver/runtime[0m
2026-09-08T06:00:38.3835885Z [36;1mjava -version > workflow-results/m9v-recovery-solver/runtime/java-version.txt 2>&1[0m
2026-09-08T06:00:38.3836523Z [36;1mmvn -version > workflow-results/m9v-recovery-solver/runtime/maven-version.txt 2>&1[0m
2026-09-08T06:00:38.3837129Z [36;1mlscpu > workflow-results/m9v-recovery-solver/runtime/runner-cpu.txt[0m
2026-09-08T06:00:38.3837688Z [36;1mfree -b > workflow-results/m9v-recovery-solver/runtime/runner-memory.txt[0m
2026-09-08T06:00:38.3838139Z [36;1mset -o pipefail[0m
2026-09-08T06:00:38.3838611Z [36;1m/usr/bin/time -v -o workflow-results/m9v-recovery-solver/runtime/build-resource-usage.txt \[0m
2026-09-08T06:00:38.3839224Z [36;1m  xvfb-run -a mvn -B -ntp "-Dmaven.repo.local=${M9VR_MAVEN_REPO}" \[0m
2026-09-08T06:00:38.3839742Z [36;1m    -DskipTests=true -f palladio-source/pom.xml clean verify \[0m
2026-09-08T06:00:38.3840225Z [36;1m  2>&1 | tee workflow-results/m9v-recovery-solver/runtime/build.log[0m
2026-09-08T06:00:38.3840648Z [36;1mtest "${PIPESTATUS[0]}" -eq 0[0m
2026-09-08T06:00:38.3876280Z shell: /usr/bin/bash -e {0}
2026-09-08T06:00:38.3876549Z env:
2026-09-08T06:00:38.3876836Z   pythonLocation: /opt/hostedtoolcache/Python/3.13.15/x64
2026-09-08T06:00:38.3877307Z   PKG_CONFIG_PATH: /opt/hostedtoolcache/Python/3.13.15/x64/lib/pkgconfig
2026-09-08T06:00:38.3877753Z   Python_ROOT_DIR: /opt/hostedtoolcache/Python/3.13.15/x64
2026-09-08T06:00:38.3878261Z   Python2_ROOT_DIR: /opt/hostedtoolcache/Python/3.13.15/x64
2026-09-08T06:00:38.3878870Z   Python3_ROOT_DIR: /opt/hostedtoolcache/Python/3.13.15/x64
2026-09-08T06:00:38.3879276Z   LD_LIBRARY_PATH: /opt/hostedtoolcache/Python/3.13.15/x64/lib
2026-09-08T06:00:38.3879730Z   JAVA_HOME: /opt/hostedtoolcache/Java_Temurin-Hotspot_jdk/17.0.20-1/x64
2026-09-08T06:00:38.3880228Z   JAVA_HOME_17_X64: /opt/hostedtoolcache/Java_Temurin-Hotspot_jdk/17.0.20-1/x64
2026-09-08T06:00:38.3880632Z   MAVEN_ARGS: -ntp
2026-09-08T06:00:38.3880850Z   M9VR_MODEL_COUNT: 20
2026-09-08T06:00:38.3881182Z   M9VR_MAVEN_REPO: /home/runner/work/_temp/m9v-recovery-maven-repository
2026-09-08T06:00:38.3881560Z ##[endgroup]
2026-09-08T06:00:47.9346608Z [INFO] Scanning for projects...
2026-09-08T06:00:48.4996922Z [WARNING] The POM for org.apache.commons:commons-lang3:jar:3.12.0 is invalid, transitive dependencies (if any) will not be available: 1 problem was encountered while building the effective model for org.apache.commons:commons-lang3:3.12.0
2026-09-08T06:00:48.5001293Z [FATAL] Non-parseable POM /home/runner/work/_temp/m9v-recovery-maven-repository/org/apache/commons/commons-parent/52/commons-parent-52.pom: UTF-8 BOM plus xml decl of ISO-8859-1 is incompatible (position: START_DOCUMENT seen <?xml version="1.0" encoding="ISO-8859-1"... @1:42)  @ /home/runner/work/_temp/m9v-recovery-maven-repository/org/apache/commons/commons-parent/52/commons-parent-52.pom, line 1, column 42
2026-09-08T06:00:48.5004392Z 
2026-09-08T06:00:49.1146068Z [WARNING] The POM for commons-io:commons-io:jar:2.6 is invalid, transitive dependencies (if any) will not be available: 1 problem was encountered while building the effective model for commons-io:commons-io:2.6
2026-09-08T06:00:49.1150065Z [FATAL] Non-parseable POM /home/runner/work/_temp/m9v-recovery-maven-repository/org/apache/commons/commons-parent/42/commons-parent-42.pom: UTF-8 BOM plus xml decl of ISO-8859-1 is incompatible (position: START_DOCUMENT seen <?xml version="1.0" encoding="ISO-8859-1"... @1:42)  @ /home/runner/work/_temp/m9v-recovery-maven-repository/org/apache/commons/commons-parent/42/commons-parent-42.pom, line 1, column 42
2026-09-08T06:00:49.1152782Z 
2026-09-08T06:00:49.1337000Z [WARNING] The POM for org.apache.commons:commons-compress:jar:1.21 is invalid, transitive dependencies (if any) will not be available: 1 problem was encountered while building the effective model for org.apache.commons:commons-compress:1.21
2026-09-08T06:00:49.1367511Z [FATAL] Non-parseable POM /home/runner/work/_temp/m9v-recovery-maven-repository/org/apache/commons/commons-parent/52/commons-parent-52.pom: UTF-8 BOM plus xml decl of ISO-8859-1 is incompatible (position: START_DOCUMENT seen <?xml version="1.0" encoding="ISO-8859-1"... @1:42)  @ /home/runner/work/_temp/m9v-recovery-maven-repository/org/apache/commons/commons-parent/52/commons-parent-52.pom, line 1, column 42
2026-09-08T06:00:49.1374537Z 
2026-09-08T06:00:51.6416682Z [WARNING] The POM for org.apache.commons:commons-lang3:jar:3.8.1 is invalid, transitive dependencies (if any) will not be available: 1 problem was encountered while building the effective model for org.apache.commons:commons-lang3:3.8.1
2026-09-08T06:00:51.6421553Z [FATAL] Non-parseable POM /home/runner/work/_temp/m9v-recovery-maven-repository/org/apache/commons/commons-parent/47/commons-parent-47.pom: UTF-8 BOM plus xml decl of ISO-8859-1 is incompatible (position: START_DOCUMENT seen <?xml version="1.0" encoding="ISO-8859-1"... @1:42)  @ /home/runner/work/_temp/m9v-recovery-maven-repository/org/apache/commons/commons-parent/47/commons-parent-47.pom, line 1, column 42
2026-09-08T06:00:51.6424650Z 
2026-09-08T06:00:52.2632443Z [WARNING] The POM for org.apache.commons:commons-exec:jar:1.3 is invalid, transitive dependencies (if any) will not be available: 1 problem was encountered while building the effective model for org.apache.commons:commons-exec:1.3
2026-09-08T06:00:52.2637634Z [FATAL] Non-parseable POM /home/runner/work/_temp/m9v-recovery-maven-repository/org/apache/commons/commons-parent/35/commons-parent-35.pom: UTF-8 BOM plus xml decl of ISO-8859-1 is incompatible (position: START_DOCUMENT seen <?xml version="1.0" encoding="ISO-8859-1"... @1:42)  @ /home/runner/work/_temp/m9v-recovery-maven-repository/org/apache/commons/commons-parent/35/commons-parent-35.pom, line 1, column 42
2026-09-08T06:00:52.2641264Z 
2026-09-08T06:00:55.0312805Z [INFO] Resolving target definition file:/home/runner/work/telemetry-availability-identification/telemetry-availability-identification/palladio-source/releng/org.palladiosimulator.reliability.targetplatform/tp.target for environments=[linux/gtk/x86_64, linux/gtk/aarch64, win32/win32/x86_64, macosx/cocoa/x86_64, macosx/cocoa/aarch64], include source mode=honor, execution environment=StandardEEResolutionHints [executionEnvironment=OSGi profile 'JavaSE-17' { source level: 17, target level: 17}], remote p2 repository options=org.eclipse.tycho.p2.remote.RemoteAgent@64a0a1c6...
2026-09-08T06:00:55.0348163Z [INFO] Resolving mvn:org.palladiosimulator:palladio-target-platforms:0.1.0:target:palladio-2023-03
2026-09-08T06:00:55.0372706Z [INFO] Reading target mvn:org.palladiosimulator:palladio-target-platforms:0.1.0:target:palladio-2023-03...
2026-09-08T06:00:55.1034654Z SLF4J: Failed to load class "org.slf4j.impl.StaticLoggerBinder".
2026-09-08T06:00:55.1036658Z SLF4J: Defaulting to no-operation (NOP) logger implementation
2026-09-08T06:00:55.1038171Z SLF4J: See http://www.slf4j.org/codes.html#StaticLoggerBinder for further details.
2026-09-08T06:01:20.7011458Z [INFO] Performing subquery
2026-09-08T06:01:30.9100488Z [INFO] Resolving dependencies of MavenProject: org.palladiosimulator.reliability:org.palladiosimulator.reliability:5.2.2 @ /home/runner/work/telemetry-availability-identification/telemetry-availability-identification/palladio-source/bundles/org.palladiosimulator.reliability/.polyglot.META-INF
2026-09-08T06:01:40.6931805Z [INFO] Fetching 202303151000&countryCode=&timeZone=0&format=xml from https://www.eclipse.org/downloads/download.php?format=xml&file=/releases/2023-03/ (63B)
2026-09-08T06:01:40.8812085Z [INFO] Fetching com.google.guava_30.1.0.v20221112-0806.jar from https://download.eclipse.org/releases/2023-03/202303151000/plugins/ (2.92MB)
2026-09-08T06:01:41.4724325Z [INFO] Fetching com.google.inject_5.0.1.v20221112-0806.jar from https://download.eclipse.org/releases/2023-03/202303151000/plugins/ (816.86kB)
2026-09-08T06:01:41.5587495Z [INFO] Fetching javax.inject_1.0.0.v20220405-0441.jar from https://download.eclipse.org/releases/2023-03/202303151000/plugins/ (32.41kB)
2026-09-08T06:01:41.6093045Z [INFO] Fetching org.aopalliance_1.0.0.v20220404-1927.jar from https://download.eclipse.org/releases/2023-03/202303151000/plugins/ (14.17kB)
2026-09-08T06:01:41.6496218Z [INFO] Fetching com.ibm.icu_72.1.0.v20221115-2007.jar from https://download.eclipse.org/releases/2023-03/202303151000/plugins/ (14.23MB)
2026-09-08T06:01:42.5672588Z [INFO] Fetching de.uka.ipd.sdq.errorhandling.core_5.2.2.jar from https://updatesite.palladio-simulator.com/palladio-core-commons/releases/5.2.2/plugins/ (5.52kB)
2026-09-08T06:01:42.7527799Z [INFO] Fetching org.eclipse.emf.ecore_2.33.0.v20230226-0921.jar from https://download.eclipse.org/releases/2023-03/202303151000/plugins/ (1.29MB)
2026-09-08T06:01:43.2295965Z [INFO] Fetching de.uka.ipd.sdq.identifier_5.2.2.jar from https://updatesite.palladio-simulator.com/palladio-core-commons/releases/5.2.2/plugins/ (21.57kB)
2026-09-08T06:01:43.3867700Z [INFO] Fetching org.eclipse.core.runtime_3.26.100.v20221021-0005.jar from https://download.eclipse.org/releases/2023-03/202303151000/plugins/ (74.44kB)
2026-09-08T06:01:43.4504563Z [INFO] Fetching org.eclipse.emf.cdo_4.21.0.v20230221-1613.jar from https://download.eclipse.org/releases/2023-03/202303151000/plugins/ (1.08MB)
2026-09-08T06:01:43.6004887Z [INFO] Fetching org.eclipse.emf.ecore.xmi_2.18.0.v20230211-1150.jar from https://download.eclipse.org/releases/2023-03/202303151000/plugins/ (238.68kB)
2026-09-08T06:01:43.9432134Z [INFO] Fetching de.uka.ipd.sdq.probfunction_5.2.2.jar from https://updatesite.palladio-simulator.com/palladio-core-commons/releases/5.2.2/plugins/ (161.13kB)
2026-09-08T06:01:44.3652527Z [INFO] Fetching de.uka.ipd.sdq.units_5.2.2.jar from https://updatesite.palladio-simulator.com/palladio-core-commons/releases/5.2.2/plugins/ (45.67kB)
2026-09-08T06:01:44.4758581Z [INFO] Fetching de.uka.ipd.sdq.probfunction.math_5.2.2.jar from https://updatesite.palladio-simulator.com/palladio-core-commons/releases/5.2.2/plugins/ (110.66kB)
2026-09-08T06:01:44.5885690Z [INFO] Fetching de.uka.ipd.sdq.stoex_5.2.2.jar from https://updatesite.palladio-simulator.com/palladio-core-commons/releases/5.2.2/plugins/ (134.5kB)
2026-09-08T06:01:44.9511467Z [INFO] Fetching &countryCode=&timeZone=0&format=xml from http://www.eclipse.org/downloads/download.php?format=xml&file=/tools/orbit/downloads/drops/R20201118194144/repository/ (63B)
2026-09-08T06:01:45.1381117Z [INFO] Fetching org.apache.commons.math_2.1.0.v201105210652.jar from https://download.eclipse.org/tools/orbit/downloads/drops/R20201118194144/repository/plugins/ (888.25kB)
2026-09-08T06:01:45.4657869Z [INFO] Fetching org.apache.log4j_1.2.24.v20221221-2012.jar from https://download.eclipse.org/releases/2023-03/202303151000/plugins/ (357.66kB)
2026-09-08T06:01:45.5603734Z [INFO] Fetching org.eclipse.ocl.ecore_3.18.0.v20221201-0557.jar from https://download.eclipse.org/releases/2023-03/202303151000/plugins/ (385.64kB)
2026-09-08T06:01:45.8803135Z [INFO] Fetching de.uka.ipd.sdq.stoex.analyser_5.2.2.jar from https://updatesite.palladio-simulator.com/palladio-core-commons/releases/5.2.2/plugins/ (55.21kB)
2026-09-08T06:01:46.2723052Z [INFO] Fetching io.github.classgraph_4.8.149.v20220915-0556.jar from https://download.eclipse.org/releases/2023-03/202303151000/plugins/ (586.39kB)
2026-09-08T06:01:46.5183081Z [INFO] Fetching org.eclipse.osgi_3.18.300.v20230220-1352.jar from https://download.eclipse.org/releases/2023-03/202303151000/plugins/ (1.47MB)
2026-09-08T06:01:46.7969051Z [INFO] Fetching org.antlr.runtime_3.2.0.v20220404-1927.jar from https://download.eclipse.org/releases/2023-03/202303151000/plugins/ (169.92kB)
2026-09-08T06:01:46.8556456Z [INFO] Fetching org.apache.ant_1.10.12.v20211102-1452.jar from https://download.eclipse.org/releases/2023-03/202303151000/plugins/ (2.96MB)
2026-09-08T06:01:47.0464660Z [INFO] Fetching org.apache.commons.codec_1.14.0.v20221112-0806.jar from https://download.eclipse.org/releases/2023-03/202303151000/plugins/ (370.34kB)
2026-09-08T06:01:47.3874277Z [INFO] Fetching org.apache.commons.collections15_1.0.0.jar from https://updatesite.palladio-simulator.com/palladio-thirdparty-wrapper/releases/5.2.2/plugins/ (466.21kB)
2026-09-08T06:01:48.2549713Z [INFO] Fetching org.eclipse.core.commands_3.10.400.v20230220-0932.jar from https://download.eclipse.org/releases/2023-03/202303151000/plugins/ (116.39kB)
2026-09-08T06:01:48.3576247Z [INFO] Fetching org.eclipse.equinox.common_3.17.100.v20230202-1341.jar from https://download.eclipse.org/releases/2023-03/202303151000/plugins/ (147.22kB)
2026-09-08T06:01:48.4363597Z [INFO] Fetching org.eclipse.core.contenttype_3.8.200.v20220817-1539.jar from https://download.eclipse.org/releases/2023-03/202303151000/plugins/ (101.83kB)
2026-09-08T06:01:48.4775398Z [INFO] Fetching org.eclipse.equinox.preferences_3.10.200.v20230120-0604.jar from https://download.eclipse.org/releases/2023-03/202303151000/plugins/ (135.73kB)
2026-09-08T06:01:48.5211877Z [INFO] Fetching org.eclipse.equinox.registry_3.11.200.v20220817-1601.jar from https://download.eclipse.org/releases/2023-03/202303151000/plugins/ (196.21kB)
2026-09-08T06:01:48.5954335Z [INFO] Fetching org.eclipse.core.databinding_1.12.0.v20230214-1401.jar from https://download.eclipse.org/releases/2023-03/202303151000/plugins/ (286.17kB)
2026-09-08T06:01:48.6717563Z [INFO] Fetching org.eclipse.core.databinding.observable_1.12.200.v20230220-0932.jar from https://download.eclipse.org/releases/2023-03/202303151000/plugins/ (314.81kB)
2026-09-08T06:01:48.7497141Z [INFO] Fetching org.eclipse.core.databinding.property_1.9.200.v20230220-0932.jar from https://download.eclipse.org/releases/2023-03/202303151000/plugins/ (164.87kB)
2026-09-08T06:01:48.7964783Z [INFO] Fetching org.eclipse.core.databinding.beans_1.9.100.v20230214-1401.jar from https://download.eclipse.org/releases/2023-03/202303151000/plugins/ (81.84kB)
2026-09-08T06:01:48.8398599Z [INFO] Fetching org.eclipse.core.expressions_3.8.200.v20220613-1047.jar from https://download.eclipse.org/releases/2023-03/202303151000/plugins/ (93.93kB)
2026-09-08T06:01:48.8888267Z [INFO] Fetching org.eclipse.core.filesystem_1.9.500.v20220817-1539.jar from https://download.eclipse.org/releases/2023-03/202303151000/plugins/ (71.65kB)
2026-09-08T06:01:48.9291403Z [INFO] Fetching org.eclipse.core.jobs_3.13.300.v20230111-0823.jar from https://download.eclipse.org/releases/2023-03/202303151000/plugins/ (114.59kB)
2026-09-08T06:01:48.9745698Z [INFO] Fetching org.eclipse.core.resources_3.18.200.v20230209-0754.jar from https://download.eclipse.org/releases/2023-03/202303151000/plugins/ (892.83kB)
2026-09-08T06:01:49.0808219Z [INFO] Fetching org.eclipse.equinox.app_1.6.200.v20220720-2012.jar from https://download.eclipse.org/releases/2023-03/202303151000/plugins/ (90.9kB)
2026-09-08T06:01:49.2751989Z [INFO] Fetching org.eclipse.core.variables_3.5.100.v20210721-1355.jar from https://download.eclipse.org/releases/2023-03/202303151000/plugins/ (35.64kB)
2026-09-08T06:01:49.3152722Z [INFO] Fetching org.eclipse.debug.core_3.20.100.v20230124-1239.jar from https://download.eclipse.org/releases/2023-03/202303151000/plugins/ (400.21kB)
2026-09-08T06:01:49.4984550Z [INFO] Fetching org.eclipse.emf.cdo.common_4.20.1.v20230221-1613.jar from https://download.eclipse.org/releases/2023-03/202303151000/plugins/ (726.97kB)
2026-09-08T06:01:49.6469602Z [INFO] Fetching org.eclipse.emf.ecore.change_2.15.0.v20230211-1150.jar from https://download.eclipse.org/releases/2023-03/202303151000/plugins/ (91.78kB)
2026-09-08T06:01:49.6902190Z [INFO] Fetching org.eclipse.net4j.util_3.21.1.v20230221-1613.jar from https://download.eclipse.org/releases/2023-03/202303151000/plugins/ (868.42kB)
2026-09-08T06:01:49.8012164Z [INFO] Fetching org.eclipse.emf.codegen_2.23.0.v20230211-1150.jar from https://download.eclipse.org/releases/2023-03/202303151000/plugins/ (371.28kB)
2026-09-08T06:01:49.8652138Z [INFO] Fetching org.eclipse.emf.common_2.28.0.v20230223-0922.jar from https://download.eclipse.org/releases/2023-03/202303151000/plugins/ (378.6kB)
2026-09-08T06:01:49.9217334Z [INFO] Fetching org.eclipse.jdt.core_3.33.0.v20230222-1748.jar from https://download.eclipse.org/releases/2023-03/202303151000/plugins/ (4MB)
2026-09-08T06:01:50.2981732Z [INFO] Fetching org.eclipse.jdt.launching_3.19.900.v20230209-1222.jar from https://download.eclipse.org/releases/2023-03/202303151000/plugins/ (570.79kB)
2026-09-08T06:01:50.5817672Z [INFO] Fetching org.eclipse.text_3.12.300.v20220921-1010.jar from https://download.eclipse.org/releases/2023-03/202303151000/plugins/ (297.19kB)
2026-09-08T06:01:50.6812207Z [INFO] Fetching org.eclipse.emf.databinding_1.7.0.v20230211-1150.jar from https://download.eclipse.org/releases/2023-03/202303151000/plugins/ (93.7kB)
2026-09-08T06:01:50.7320891Z [INFO] Fetching org.eclipse.emf.edit_2.18.0.v20230211-1150.jar from https://download.eclipse.org/releases/2023-03/202303151000/plugins/ (301.89kB)
2026-09-08T06:01:50.7927067Z [INFO] Fetching org.eclipse.emf.query_1.7.0.202208101410.jar from https://download.eclipse.org/releases/2023-03/202303151000/plugins/ (143.13kB)
2026-09-08T06:01:50.8437762Z [INFO] Fetching org.osgi.service.prefs_1.1.2.202109301733.jar from https://download.eclipse.org/releases/2023-03/202303151000/plugins/ (19.69kB)
2026-09-08T06:01:50.9162497Z [INFO] Fetching org.eclipse.jdt.core.compiler.batch_3.33.0.v20230218-1114.jar from https://download.eclipse.org/releases/2023-03/202303151000/plugins/ (3.01MB)
2026-09-08T06:01:51.3440756Z [INFO] Fetching org.eclipse.jdt.debug_3.20.100.v20230119-1127.jar from https://download.eclipse.org/releases/2023-03/202303151000/plugins/ (919.02kB)
2026-09-08T06:01:51.6707745Z [INFO] Fetching org.eclipse.net4j_4.17.0.v20230221-1613.jar from https://download.eclipse.org/releases/2023-03/202303151000/plugins/ (208.01kB)
2026-09-08T06:01:51.7438353Z [INFO] Fetching org.eclipse.ocl_3.18.0.v20221201-0557.jar from https://download.eclipse.org/releases/2023-03/202303151000/plugins/ (1.14MB)
2026-09-08T06:01:51.8790406Z [INFO] Fetching lpg.runtime.java_2.0.17.v201004271640.jar from https://download.eclipse.org/releases/2023-03/202303151000/plugins/ (112.42kB)
2026-09-08T06:01:51.9316143Z [INFO] Fetching org.eclipse.ocl.common_1.18.0.v20221201-0557.jar from https://download.eclipse.org/releases/2023-03/202303151000/plugins/ (37.89kB)
2026-09-08T06:01:51.9845508Z [INFO] Fetching org.eclipse.uml2.common_2.5.0.v20221116-1811.jar from https://download.eclipse.org/releases/2023-03/202303151000/plugins/ (96.18kB)
2026-09-08T06:01:52.0419311Z [INFO] Fetching org.eclipse.xtend.core_2.30.0.v20230227-1300.jar from https://download.eclipse.org/releases/2023-03/202303151000/plugins/ (1.35MB)
2026-09-08T06:01:52.1653318Z [INFO] Fetching org.eclipse.xtext.common.types_2.30.0.v20230227-1128.jar from https://download.eclipse.org/releases/2023-03/202303151000/plugins/ (504.19kB)
2026-09-08T06:01:52.3661065Z [INFO] Fetching org.eclipse.xtext.xbase_2.30.0.v20230227-1128.jar from https://download.eclipse.org/releases/2023-03/202303151000/plugins/ (2.48MB)
2026-09-08T06:01:52.8385448Z [INFO] Fetching org.eclipse.xtext_2.30.0.v20230227-1116.jar from https://download.eclipse.org/releases/2023-03/202303151000/plugins/ (2.65MB)
2026-09-08T06:01:53.0455496Z [INFO] Fetching org.eclipse.xtext.util_2.30.0.v20230227-1116.jar from https://download.eclipse.org/releases/2023-03/202303151000/plugins/ (313.56kB)
2026-09-08T06:01:53.1004842Z [INFO] Fetching org.eclipse.xtext.xbase.lib_2.30.0.v20230227-1111.jar from https://download.eclipse.org/releases/2023-03/202303151000/plugins/ (161.99kB)
2026-09-08T06:01:53.1493218Z [INFO] Fetching org.eclipse.xtend.lib_2.30.0.v20230227-1111.jar from https://download.eclipse.org/releases/2023-03/202303151000/plugins/ (110.25kB)
2026-09-08T06:01:53.1940807Z [INFO] Fetching org.eclipse.xtext.smap_2.30.0.v20230227-1128.jar from https://download.eclipse.org/releases/2023-03/202303151000/plugins/ (21.31kB)
2026-09-08T06:01:53.3925555Z [INFO] Fetching org.eclipse.xtend.lib.macro_2.30.0.v20230227-1111.jar from https://download.eclipse.org/releases/2023-03/202303151000/plugins/ (78.09kB)
2026-09-08T06:01:53.4710296Z [INFO] Fetching org.eclipse.xtend.standalone_2.30.0.v20230227-1300.jar from https://download.eclipse.org/releases/2023-03/202303151000/plugins/ (10.27kB)
2026-09-08T06:01:53.5297244Z [INFO] Fetching org.objectweb.asm_9.4.0.v20221107-1714.jar from https://download.eclipse.org/releases/2023-03/202303151000/plugins/ (134.94kB)
2026-09-08T06:01:53.6419448Z [INFO] Fetching org.eclipse.xtext.ecore_2.30.0.v20230227-1128.jar from https://download.eclipse.org/releases/2023-03/202303151000/plugins/ (17.81kB)
2026-09-08T06:01:53.9518747Z [INFO] Fetching org.jscience_4.3.1.jar from https://updatesite.palladio-simulator.com/palladio-thirdparty-wrapper/releases/5.2.2/plugins/ (1.1MB)
2026-09-08T06:01:55.0268166Z [INFO] Fetching org.jscience_4.3.1.jar from https://updatesite.palladio-simulator.com/palladio-thirdparty-wrapper/releases/5.2.2/plugins/ (891.95kB of 1.1MB at 887.95kB/s)
2026-09-08T06:01:55.3461023Z [INFO] Fetching org.palladiosimulator.commons_5.2.2.jar from https://updatesite.palladio-simulator.com/palladio-core-commons/releases/5.2.2/plugins/ (18.44kB)
2026-09-08T06:01:55.5457244Z [INFO] Fetching org.palladiosimulator.commons.stoex_5.2.2.jar from https://updatesite.palladio-simulator.com/palladio-core-commons/releases/5.2.2/plugins/ (181.21kB)
2026-09-08T06:01:56.0398079Z [INFO] Fetching org.eclipse.uml2_5.5.3.v20221116-1811.jar from https://download.eclipse.org/releases/2023-03/202303151000/plugins/ (13.72kB)
2026-09-08T06:01:56.0825480Z [INFO] Fetching org.eclipse.emf_2.9.0.v20230211-1150.jar from https://download.eclipse.org/releases/2023-03/202303151000/plugins/ (14.66kB)
2026-09-08T06:01:56.3860572Z [INFO] Fetching org.palladiosimulator.edp2_5.2.2.jar from https://updatesite.palladio-simulator.com/palladio-qual-edp2/releases/5.2.2/plugins/ (209.59kB)
2026-09-08T06:01:56.8818936Z [INFO] Fetching org.palladiosimulator.measurementframework_5.2.2.jar from https://updatesite.palladio-simulator.com/palladio-qual-measurementframework/releases/5.2.2/plugins/ (17.88kB)
2026-09-08T06:01:56.9843071Z [INFO] Fetching org.palladiosimulator.metricspec_5.2.2.jar from https://updatesite.palladio-simulator.com/palladio-qual-metricspecification/releases/5.2.2/plugins/ (88.43kB)
2026-09-08T06:01:57.0907047Z [INFO] Fetching org.palladiosimulator.edp2.dao_5.2.2.jar from https://updatesite.palladio-simulator.com/palladio-qual-edp2/releases/5.2.2/plugins/ (15.76kB)
2026-09-08T06:01:57.4097177Z [INFO] Fetching org.palladiosimulator.edp2.util_5.2.2.jar from https://updatesite.palladio-simulator.com/palladio-qual-edp2/releases/5.2.2/plugins/ (21.92kB)
2026-09-08T06:01:57.6203106Z [INFO] Fetching org.palladiosimulator.metricspec.resources_5.2.2.jar from https://updatesite.palladio-simulator.com/palladio-qual-metricspecification/releases/5.2.2/plugins/ (12.4kB)
2026-09-08T06:01:57.7275966Z [INFO] Fetching org.palladiosimulator.pcm_5.2.2.jar from https://updatesite.palladio-simulator.com/palladio-core-pcm/releases/5.2.2/plugins/ (1.06MB)
2026-09-08T06:01:58.9896464Z [INFO] Fetching org.palladiosimulator.probeframework_5.2.2.jar from https://updatesite.palladio-simulator.com/palladio-qual-probeframework/releases/5.2.2/plugins/ (50.97kB)
2026-09-08T06:01:59.2017810Z [INFO] Resolving dependencies of MavenProject: org.palladiosimulator.reliability:org.palladiosimulator.reliability.markov:5.2.2 @ /home/runner/work/telemetry-availability-identification/telemetry-availability-identification/palladio-source/bundles/org.palladiosimulator.reliability.markov/.polyglot.META-INF
2026-09-08T06:01:59.2557846Z [INFO] Resolving dependencies of MavenProject: org.palladiosimulator.reliability:org.palladiosimulator.reliability.markov.edit:5.2.2 @ /home/runner/work/telemetry-availability-identification/telemetry-availability-identification/palladio-source/bundles/org.palladiosimulator.reliability.markov.edit/.polyglot.META-INF
2026-09-08T06:01:59.3249448Z [INFO] Resolving dependencies of MavenProject: org.palladiosimulator.reliability:org.palladiosimulator.reliability.markov.editor:5.2.2 @ /home/runner/work/telemetry-availability-identification/telemetry-availability-identification/palladio-source/bundles/org.palladiosimulator.reliability.markov.editor/.polyglot.META-INF
2026-09-08T06:01:59.6378000Z [INFO] Fetching bcprov_1.72.0.jar from https://download.eclipse.org/releases/2023-03/202303151000/plugins/ (10.75MB)
2026-09-08T06:02:00.7055254Z [INFO] Fetching com.sun.jna_5.12.1.v20221103-2317.jar from https://download.eclipse.org/tools/orbit/downloads/drops/R20230302014618/repository/plugins/ (1.82MB)
2026-09-08T06:02:01.2489508Z [INFO] Fetching com.sun.jna.platform_5.12.1.v20221103-2317.jar from https://download.eclipse.org/tools/orbit/downloads/drops/R20230302014618/repository/plugins/ (1.44MB)
2026-09-08T06:02:01.4476534Z [INFO] Fetching javax.annotation_1.3.5.v20221203-1659.jar from https://download.eclipse.org/releases/2023-03/202303151000/plugins/ (48.09kB)
2026-09-08T06:02:01.4943156Z [INFO] Fetching org.apache.batik.constants_1.16.0.v20221027-0840.jar from https://download.eclipse.org/releases/2023-03/202303151000/plugins/ (22.12kB)
2026-09-08T06:02:01.7012060Z [INFO] Fetching org.apache.batik.css_1.16.0.v20221027-0840.jar from https://download.eclipse.org/releases/2023-03/202303151000/plugins/ (361.47kB)
2026-09-08T06:02:01.9150965Z [INFO] Fetching org.apache.batik.util_1.16.0.v20221027-0840.jar from https://download.eclipse.org/releases/2023-03/202303151000/plugins/ (146.86kB)
2026-09-08T06:02:02.0037987Z [INFO] Fetching org.apache.batik.i18n_1.16.0.v20221027-0840.jar from https://download.eclipse.org/releases/2023-03/202303151000/plugins/ (25.35kB)
2026-09-08T06:02:02.0464568Z [INFO] Fetching org.apache.xmlgraphics_2.7.0.v20221018-0736.jar from https://download.eclipse.org/releases/2023-03/202303151000/plugins/ (717.41kB)
2026-09-08T06:02:02.1887377Z [INFO] Fetching org.w3c.dom.svg_1.1.0.v201011041433.jar from https://download.eclipse.org/releases/2023-03/202303151000/plugins/ (95.26kB)
2026-09-08T06:02:02.2336895Z [INFO] Fetching org.w3c.dom.events_3.0.0.draft20060413_v201105210656.jar from https://download.eclipse.org/releases/2023-03/202303151000/plugins/ (15.35kB)
2026-09-08T06:02:02.2922558Z [INFO] Fetching org.w3c.css.sac_1.3.1.v200903091627.jar from https://download.eclipse.org/releases/2023-03/202303151000/plugins/ (35.59kB)
2026-09-08T06:02:02.3392961Z [INFO] Fetching org.apache.commons.commons-io_2.11.0.jar from https://download.eclipse.org/releases/2023-03/202303151000/plugins/ (319.47kB)
2026-09-08T06:02:02.3917704Z [INFO] Fetching org.apache.commons.jxpath_1.3.0.v200911051830.jar from https://download.eclipse.org/releases/2023-03/202303151000/plugins/ (317.8kB)
2026-09-08T06:02:02.4493201Z [INFO] Fetching org.apache.commons.logging_1.2.0.v20180409-1502.jar from https://download.eclipse.org/releases/2023-03/202303151000/plugins/ (71.45kB)
2026-09-08T06:02:02.5034961Z [INFO] Fetching org.apache.felix.scr_2.2.6.jar from https://download.eclipse.org/releases/2023-03/202303151000/plugins/ (393.54kB)
2026-09-08T06:02:02.7096500Z [INFO] Fetching org.osgi.service.component_1.5.1.202212101352.jar from https://download.eclipse.org/releases/2023-03/202303151000/plugins/ (64.89kB)
2026-09-08T06:02:02.7867304Z [INFO] Fetching org.osgi.util.promise_1.3.0.202212101352.jar from https://download.eclipse.org/releases/2023-03/202303151000/plugins/ (83.65kB)
2026-09-08T06:02:02.8572089Z [INFO] Fetching org.bouncycastle.bcpg_1.72.0.v20221013-1810.jar from https://download.eclipse.org/tools/orbit/downloads/drops/R20230302014618/repository/plugins/ (401.71kB)
2026-09-08T06:02:03.0229944Z [INFO] Fetching org.eclipse.e4.core.commands_1.0.400.v20230220-0932.jar from https://download.eclipse.org/releases/2023-03/202303151000/plugins/ (27.8kB)
2026-09-08T06:02:03.0702433Z [INFO] Fetching org.eclipse.e4.core.di_1.8.300.v20220817-1539.jar from https://download.eclipse.org/releases/2023-03/202303151000/plugins/ (54.29kB)
2026-09-08T06:02:03.1144649Z [INFO] Fetching org.eclipse.e4.core.contexts_1.11.0.v20220716-0839.jar from https://download.eclipse.org/releases/2023-03/202303151000/plugins/ (57.49kB)
2026-09-08T06:02:03.1579810Z [INFO] Fetching org.eclipse.e4.core.services_2.3.400.v20220915-1347.jar from https://download.eclipse.org/releases/2023-03/202303151000/plugins/ (71.46kB)
2026-09-08T06:02:03.2059571Z [INFO] Fetching org.osgi.service.event_1.4.1.202109301733.jar from https://download.eclipse.org/releases/2023-03/202303151000/plugins/ (46.59kB)
2026-09-08T06:02:03.2579979Z [INFO] Fetching org.eclipse.e4.core.di.annotations_1.7.200.v20220613-1008.jar from https://download.eclipse.org/releases/2023-03/202303151000/plugins/ (13.81kB)
2026-09-08T06:02:03.3078733Z [INFO] Fetching org.eclipse.e4.core.di.extensions_0.17.200.v20220613-1008.jar from https://download.eclipse.org/releases/2023-03/202303151000/plugins/ (12.96kB)
2026-09-08T06:02:03.3481576Z [INFO] Fetching org.eclipse.e4.core.di.extensions.supplier_0.16.400.v20220613-1047.jar from https://download.eclipse.org/releases/2023-03/202303151000/plugins/ (42.3kB)
2026-09-08T06:02:03.3912241Z [INFO] Fetching org.eclipse.e4.emf.xpath_0.3.200.v20230220-1427.jar from https://download.eclipse.org/releases/2023-03/202303151000/plugins/ (52.85kB)
2026-09-08T06:02:03.4607508Z [INFO] Fetching org.eclipse.e4.ui.bindings_0.13.300.v20230220-0932.jar from https://download.eclipse.org/releases/2023-03/202303151000/plugins/ (47.66kB)
2026-09-08T06:02:03.5034468Z [INFO] Fetching org.eclipse.swt_3.123.0.v20230220-1431.jar from https://download.eclipse.org/releases/2023-03/202303151000/plugins/ (18.79kB)
2026-09-08T06:02:03.5417456Z [INFO] Fetching org.eclipse.e4.ui.services_1.5.200.v20230220-0932.jar from https://download.eclipse.org/releases/2023-03/202303151000/plugins/ (26.37kB)
2026-09-08T06:02:03.7492447Z [INFO] Fetching org.eclipse.jface_3.29.0.v20230214-1401.jar from https://download.eclipse.org/releases/2023-03/202303151000/plugins/ (1.11MB)
2026-09-08T06:02:04.0734648Z [INFO] Fetching org.eclipse.e4.ui.css.core_0.13.500.v20230220-0932.jar from https://download.eclipse.org/releases/2023-03/202303151000/plugins/ (215.91kB)
2026-09-08T06:02:04.1288877Z [INFO] Fetching org.eclipse.e4.ui.css.swt_0.14.800.v20230220-0932.jar from https://download.eclipse.org/releases/2023-03/202303151000/plugins/ (205.06kB)
2026-09-08T06:02:04.2238467Z [INFO] Fetching org.eclipse.e4.ui.css.swt.theme_0.13.300.v20230220-0932.jar from https://download.eclipse.org/releases/2023-03/202303151000/plugins/ (30.04kB)
2026-09-08T06:02:04.2888388Z [INFO] Fetching org.eclipse.e4.ui.di_1.4.200.v20230220-0932.jar from https://download.eclipse.org/releases/2023-03/202303151000/plugins/ (18.22kB)
2026-09-08T06:02:04.3415200Z [INFO] Fetching org.eclipse.e4.ui.dialogs_1.3.500.v20230220-0932.jar from https://download.eclipse.org/releases/2023-03/202303151000/plugins/ (58.53kB)
2026-09-08T06:02:04.3841488Z [INFO] Fetching org.eclipse.e4.ui.ide_3.16.300.v20230220-0932.jar from https://download.eclipse.org/releases/2023-03/202303151000/plugins/ (13.32kB)
2026-09-08T06:02:04.4332142Z [INFO] Fetching org.eclipse.e4.ui.model.workbench_2.3.0.v20230220-1021.jar from https://download.eclipse.org/releases/2023-03/202303151000/plugins/ (395.08kB)
2026-09-08T06:02:04.4972024Z [INFO] Fetching org.eclipse.equinox.event_1.6.200.v20230120-0604.jar from https://download.eclipse.org/releases/2023-03/202303151000/plugins/ (35.14kB)
2026-09-08T06:02:04.5358022Z [INFO] Fetching org.eclipse.e4.ui.widgets_1.3.200.v20230220-0932.jar from https://download.eclipse.org/releases/2023-03/202303151000/plugins/ (15.11kB)
2026-09-08T06:02:04.5744334Z [INFO] Fetching org.eclipse.e4.ui.workbench_1.14.100.v20230220-1021.jar from https://download.eclipse.org/releases/2023-03/202303151000/plugins/ (266.92kB)
2026-09-08T06:02:04.7942997Z [INFO] Fetching org.eclipse.e4.ui.workbench.addons.swt_1.4.600.v20230220-0932.jar from https://download.eclipse.org/releases/2023-03/202303151000/plugins/ (120.01kB)
2026-09-08T06:02:04.9005437Z [INFO] Fetching org.eclipse.e4.ui.workbench.renderers.swt_0.15.800.v20230214-1401.jar from https://download.eclipse.org/releases/2023-03/202303151000/plugins/ (252.1kB)
2026-09-08T06:02:05.0080605Z [INFO] Fetching org.eclipse.e4.ui.workbench.swt_0.16.800.v20230220-0932.jar from https://download.eclipse.org/releases/2023-03/202303151000/plugins/ (149.44kB)
2026-09-08T06:02:05.0680128Z [INFO] Fetching org.eclipse.jface.databinding_1.14.100.v20230214-1401.jar from https://download.eclipse.org/releases/2023-03/202303151000/plugins/ (291.47kB)
2026-09-08T06:02:05.1642919Z [INFO] Fetching org.eclipse.e4.ui.workbench3_0.16.200.v20230220-0932.jar from https://download.eclipse.org/releases/2023-03/202303151000/plugins/ (22.9kB)
2026-09-08T06:02:05.2100710Z [INFO] Fetching org.eclipse.urischeme_1.2.300.v20230220-0932.jar from https://download.eclipse.org/releases/2023-03/202303151000/plugins/ (53.71kB)
2026-09-08T06:02:05.2615496Z [INFO] Fetching org.eclipse.emf.common.ui_2.21.0.v20230211-1150.jar from https://download.eclipse.org/releases/2023-03/202303151000/plugins/ (168.05kB)
2026-09-08T06:02:05.3157887Z [INFO] Fetching org.eclipse.ui_3.202.0.v20230214-1401.jar from https://download.eclipse.org/releases/2023-03/202303151000/plugins/ (434.05kB)
2026-09-08T06:02:05.3909345Z [INFO] Fetching org.eclipse.emf.edit.ui_2.23.0.v20230211-1150.jar from https://download.eclipse.org/releases/2023-03/202303151000/plugins/ (354.71kB)
2026-09-08T06:02:05.4951100Z [INFO] Fetching org.eclipse.ui.views_3.11.400.v20230220-0932.jar from https://download.eclipse.org/releases/2023-03/202303151000/plugins/ (107.39kB)
2026-09-08T06:02:05.5553591Z [INFO] Fetching org.eclipse.ui.workbench_3.128.0.v20230220-1021.jar from https://download.eclipse.org/releases/2023-03/202303151000/plugins/ (3.49MB)
2026-09-08T06:02:05.9380846Z [INFO] Fetching org.eclipse.equinox.bidi_1.4.200.v20220710-1223.jar from https://download.eclipse.org/releases/2023-03/202303151000/plugins/ (52.55kB)
2026-09-08T06:02:06.0099391Z [INFO] Fetching org.eclipse.equinox.p2.artifact.repository_1.4.800.v20221205-1614.jar from https://download.eclipse.org/releases/2023-03/202303151000/plugins/ (172.79kB)
2026-09-08T06:02:06.1383093Z [INFO] Fetching org.eclipse.equinox.p2.metadata_2.6.300.v20220817-1208.jar from https://download.eclipse.org/releases/2023-03/202303151000/plugins/ (362.07kB)
2026-09-08T06:02:06.2855788Z [INFO] Fetching org.tukaani.xz_1.9.0.v20210624-1259.jar from https://download.eclipse.org/tools/orbit/downloads/drops/R20230302014618/repository/plugins/ (131.39kB)
2026-09-08T06:02:06.3510385Z [INFO] Fetching org.eclipse.equinox.p2.core_2.9.200.v20220817-1208.jar from https://download.eclipse.org/releases/2023-03/202303151000/plugins/ (79.47kB)
2026-09-08T06:02:06.3974811Z [INFO] Fetching org.eclipse.equinox.p2.jarprocessor_1.2.400.v20221201-0952.jar from https://download.eclipse.org/releases/2023-03/202303151000/plugins/ (71.66kB)
2026-09-08T06:02:06.4402207Z [INFO] Fetching org.eclipse.equinox.p2.repository_2.6.300.v20221030-1923.jar from https://download.eclipse.org/releases/2023-03/202303151000/plugins/ (176.44kB)
2026-09-08T06:02:06.5029916Z [INFO] Fetching org.eclipse.equinox.p2.engine_2.7.500.v20220817-1208.jar from https://download.eclipse.org/releases/2023-03/202303151000/plugins/ (221.38kB)
2026-09-08T06:02:06.5683020Z [INFO] Fetching org.eclipse.equinox.p2.metadata.repository_1.4.100.v20220329-1456.jar from https://download.eclipse.org/releases/2023-03/202303151000/plugins/ (132.68kB)
2026-09-08T06:02:06.6338296Z [INFO] Fetching org.eclipse.equinox.security_1.3.1000.v20220801-1135.jar from https://download.eclipse.org/releases/2023-03/202303151000/plugins/ (115.07kB)
2026-09-08T06:02:06.6838274Z [INFO] Fetching org.eclipse.help_3.9.100.v20210721-0601.jar from https://download.eclipse.org/releases/2023-03/202303151000/plugins/ (270.25kB)
2026-09-08T06:02:06.7435064Z [INFO] Fetching org.eclipse.jface.text_3.23.0.v20230123-1047.jar from https://download.eclipse.org/releases/2023-03/202303151000/plugins/ (1.04MB)
2026-09-08T06:02:07.1761540Z [INFO] Fetching org.eclipse.swt.gtk.linux.x86_64_3.123.0.v20230220-1431.jar from https://download.eclipse.org/releases/2023-03/202303151000/plugins/ (2.07MB)
2026-09-08T06:02:07.5991568Z [INFO] Fetching org.eclipse.ui.ide_3.20.100.v20230220-1021.jar from https://download.eclipse.org/releases/2023-03/202303151000/plugins/ (2.39MB)
2026-09-08T06:02:07.7822424Z [INFO] Fetching org.eclipse.ui.navigator_3.11.0.v20230214-1401.jar from https://download.eclipse.org/releases/2023-03/202303151000/plugins/ (425.29kB)
2026-09-08T06:02:07.8487328Z [INFO] Fetching org.osgi.util.function_1.2.0.202109301733.jar from https://download.eclipse.org/releases/2023-03/202303151000/plugins/ (23.09kB)
2026-09-08T06:02:08.0242210Z [INFO] Fetching org.w3c.dom.smil_1.0.1.v200903091627.jar from https://download.eclipse.org/releases/2023-03/202303151000/plugins/ (21.23kB)
2026-09-08T06:02:08.0733064Z [INFO] Fetching org.eclipse.swt.gtk.linux.aarch64_3.123.0.v20230220-1431.jar from https://download.eclipse.org/releases/2023-03/202303151000/plugins/ (2.06MB)
2026-09-08T06:02:08.5541926Z [INFO] Fetching org.eclipse.swt.win32.win32.x86_64_3.123.0.v20230220-1431.jar from https://download.eclipse.org/releases/2023-03/202303151000/plugins/ (2.48MB)
2026-09-08T06:02:08.7619592Z [INFO] Fetching org.eclipse.swt.cocoa.macosx.x86_64_3.123.0.v20230220-1431.jar from https://download.eclipse.org/releases/2023-03/202303151000/plugins/ (2.16MB)
2026-09-08T06:02:09.1093491Z [INFO] Fetching org.eclipse.swt.cocoa.macosx.aarch64_3.123.0.v20230220-1431.jar from https://download.eclipse.org/releases/2023-03/202303151000/plugins/ (2.15MB)
2026-09-08T06:02:09.6020389Z [INFO] Resolving dependencies of MavenProject: org.palladiosimulator.reliability:org.palladiosimulator.reliability.sensitivity:5.2.2 @ /home/runner/work/telemetry-availability-identification/telemetry-availability-identification/palladio-source/bundles/org.palladiosimulator.reliability.sensitivity/.polyglot.META-INF
2026-09-08T06:02:09.6930261Z [INFO] Resolving dependencies of MavenProject: org.palladiosimulator.reliability:org.palladiosimulator.reliability.sensitivity.edit:5.2.2 @ /home/runner/work/telemetry-availability-identification/telemetry-availability-identification/palladio-source/bundles/org.palladiosimulator.reliability.sensitivity.edit/.polyglot.META-INF
2026-09-08T06:02:10.0840135Z [INFO] Fetching de.uka.ipd.sdq.identifier.edit_5.2.2.jar from https://updatesite.palladio-simulator.com/palladio-core-commons/releases/5.2.2/plugins/ (8.83kB)
2026-09-08T06:02:10.2735639Z [INFO] Fetching org.eclipse.emf.ecore.edit_2.14.0.v20230211-1150.jar from https://download.eclipse.org/releases/2023-03/202303151000/plugins/ (188.37kB)
2026-09-08T06:02:10.4748164Z [INFO] Fetching de.uka.ipd.sdq.probfunction.edit_5.2.2.jar from https://updatesite.palladio-simulator.com/palladio-core-commons/releases/5.2.2/plugins/ (57.85kB)
2026-09-08T06:02:10.7737428Z [INFO] Fetching de.uka.ipd.sdq.units.edit_5.2.2.jar from https://updatesite.palladio-simulator.com/palladio-core-commons/releases/5.2.2/plugins/ (30.37kB)
2026-09-08T06:02:10.8126592Z [INFO] Fetching org.eclipse.uml2.common.edit_2.5.0.v20221116-1811.jar from https://download.eclipse.org/releases/2023-03/202303151000/plugins/ (32.12kB)
2026-09-08T06:02:11.1178485Z [INFO] Fetching de.uka.ipd.sdq.stoex.edit_5.2.2.jar from https://updatesite.palladio-simulator.com/palladio-core-commons/releases/5.2.2/plugins/ (173.29kB)
2026-09-08T06:02:11.7122359Z [INFO] Fetching org.eclipse.uml2.types_2.5.0.v20221116-1811.jar from https://download.eclipse.org/releases/2023-03/202303151000/plugins/ (20.57kB)
2026-09-08T06:02:11.8163363Z [INFO] Fetching org.palladiosimulator.pcm.edit_5.2.2.jar from https://updatesite.palladio-simulator.com/palladio-editors-commons/releases/5.2.2/plugins/ (783.97kB)
2026-09-08T06:02:12.6196352Z [INFO] Fetching tools.mdsd.library.emfeditutils_1.0.0.jar from https://updatesite.mdsd.tools/library-emfeditutils/releases/1.0.0/plugins/ (9.23kB)
2026-09-08T06:02:12.6241471Z [INFO] Resolving dependencies of MavenProject: org.palladiosimulator.reliability:org.palladiosimulator.reliability.sensitivity.editor:5.2.2 @ /home/runner/work/telemetry-availability-identification/telemetry-availability-identification/palladio-source/bundles/org.palladiosimulator.reliability.sensitivity.editor/.polyglot.META-INF
2026-09-08T06:02:12.9512955Z [INFO] Fetching bcpg_1.72.2.jar from https://download.eclipse.org/releases/2023-03/202303151000/plugins/ (397.08kB)
2026-09-08T06:02:13.1354499Z [INFO] Resolving dependencies of MavenProject: org.palladiosimulator.reliability:org.palladiosimulator.reliability.solver:5.2.2 @ /home/runner/work/telemetry-availability-identification/telemetry-availability-identification/palladio-source/bundles/org.palladiosimulator.reliability.solver/.polyglot.META-INF
2026-09-08T06:02:13.6531865Z [INFO] Fetching de.uka.ipd.sdq.dialogs_5.2.2.jar from https://updatesite.palladio-simulator.com/palladio-core-commons/releases/5.2.2/plugins/ (30.42kB)
2026-09-08T06:02:13.8020606Z [INFO] Fetching org.eclipse.emf.transaction_1.9.2.202208110935.jar from https://download.eclipse.org/releases/2023-03/202303151000/plugins/ (175.44kB)
2026-09-08T06:02:13.9747463Z [INFO] Fetching de.uka.ipd.sdq.errorhandling_5.2.2.jar from https://updatesite.palladio-simulator.com/palladio-core-commons/releases/5.2.2/plugins/ (13.33kB)
2026-09-08T06:02:14.0814213Z [INFO] Fetching de.uka.ipd.sdq.featureconfig_5.2.2.jar from https://updatesite.palladio-simulator.com/palladio-supporting-featuremodel/releases/5.2.2/plugins/ (59.21kB)
2026-09-08T06:02:14.2895797Z [INFO] Fetching de.uka.ipd.sdq.featuremodel_5.2.2.jar from https://updatesite.palladio-simulator.com/palladio-supporting-featuremodel/releases/5.2.2/plugins/ (76.86kB)
2026-09-08T06:02:14.7240606Z [INFO] Fetching de.uka.ipd.sdq.pcm.stochasticexpressions_5.2.2.jar from https://updatesite.palladio-simulator.com/palladio-core-pcm/releases/5.2.2/plugins/ (6.53kB)
2026-09-08T06:02:14.8272953Z [INFO] Fetching de.uka.ipd.sdq.workflow_5.2.2.jar from https://updatesite.palladio-simulator.com/palladio-supporting-workflowengine/releases/5.2.2/plugins/ (47.84kB)
2026-09-08T06:02:15.0285525Z [INFO] Fetching de.uka.ipd.sdq.workflow.logging.console_5.2.2.jar from https://updatesite.palladio-simulator.com/palladio-supporting-workflowengine/releases/5.2.2/plugins/ (11.16kB)
2026-09-08T06:02:15.1312683Z [INFO] Fetching de.uka.ipd.sdq.workflow.launchconfig_5.2.2.jar from https://updatesite.palladio-simulator.com/palladio-supporting-workflowengine/releases/5.2.2/plugins/ (36.91kB)
2026-09-08T06:02:15.3223241Z [INFO] Fetching org.eclipse.debug.ui_3.17.200.v20230220-1318.jar from https://download.eclipse.org/releases/2023-03/202303151000/plugins/ (3MB)
2026-09-08T06:02:15.7970634Z [INFO] Fetching org.eclipse.ui.console_3.11.400.v20221012-0524.jar from https://download.eclipse.org/releases/2023-03/202303151000/plugins/ (245.21kB)
2026-09-08T06:02:16.1251883Z [INFO] Fetching de.uka.ipd.sdq.workflow.ui_5.2.2.jar from https://updatesite.palladio-simulator.com/palladio-supporting-workflowengine/releases/5.2.2/plugins/ (7.09kB)
2026-09-08T06:02:16.2343238Z [INFO] Fetching de.uka.ipd.sdq.workflow.launchconfig.core_5.2.2.jar from https://updatesite.palladio-simulator.com/palladio-supporting-workflowengine/releases/5.2.2/plugins/ (12.19kB)
2026-09-08T06:02:16.3429359Z [INFO] Fetching de.uka.ipd.sdq.workflow.mdsd_5.2.2.jar from https://updatesite.palladio-simulator.com/palladio-supporting-workflowengine/releases/5.2.2/plugins/ (37.81kB)
2026-09-08T06:02:16.6438686Z [INFO] Fetching org.eclipse.xpand_2.2.0.v201605260315.jar from https://download.eclipse.org/releases/2023-03/202303151000/plugins/ (228.7kB)
2026-09-08T06:02:16.7846265Z [INFO] Fetching org.eclipse.emf.mwe.core_1.8.0.v20221117-1134.jar from https://download.eclipse.org/releases/2023-03/202303151000/plugins/ (197.66kB)
2026-09-08T06:02:16.8920520Z [INFO] Fetching org.eclipse.xtend_2.2.0.v201605260315.jar from https://download.eclipse.org/releases/2023-03/202303151000/plugins/ (554.65kB)
2026-09-08T06:02:17.0398513Z [INFO] Fetching org.eclipse.xtend.typesystem.emf_2.2.0.v201605260315.jar from https://download.eclipse.org/releases/2023-03/202303151000/plugins/ (68kB)
2026-09-08T06:02:17.0822408Z [INFO] Fetching org.eclipse.m2m.qvt.oml.runtime_3.10.7.v20220605-1149.jar from https://download.eclipse.org/releases/2023-03/202303151000/plugins/ (215.87kB)
2026-09-08T06:02:17.1305288Z [INFO] Fetching org.eclipse.m2m.qvt.oml.common_3.10.2.v20220605-1149.jar from https://download.eclipse.org/releases/2023-03/202303151000/plugins/ (68.36kB)
2026-09-08T06:02:17.1735639Z [INFO] Fetching org.eclipse.m2m.qvt.oml_3.10.7.v20220605-1149.jar from https://download.eclipse.org/releases/2023-03/202303151000/plugins/ (1.06MB)
2026-09-08T06:02:17.3129914Z [INFO] Fetching org.eclipse.m2m.qvt.oml.emf.util_3.10.6.v20220605-1149.jar from https://download.eclipse.org/releases/2023-03/202303151000/plugins/ (77.17kB)
2026-09-08T06:02:17.3747162Z [INFO] Fetching org.eclipse.m2m.qvt.oml.ocl_3.10.2.v20220605-1149.jar from https://download.eclipse.org/releases/2023-03/202303151000/plugins/ (60.52kB)
2026-09-08T06:02:17.4221386Z [INFO] Fetching org.eclipse.m2m.qvt.oml.project_3.10.4.v20220605-1149.jar from https://download.eclipse.org/releases/2023-03/202303151000/plugins/ (62.76kB)
2026-09-08T06:02:17.4659439Z [INFO] Fetching org.eclipse.emf.mwe.utils_1.8.0.v20221117-1134.jar from https://download.eclipse.org/releases/2023-03/202303151000/plugins/ (40.79kB)
2026-09-08T06:02:17.6471463Z [INFO] Fetching org.eclipse.xtext.xtext.generator_2.30.0.v20230227-1116.jar from https://download.eclipse.org/releases/2023-03/202303151000/plugins/ (974.52kB)
2026-09-08T06:02:18.2672560Z [INFO] Fetching de.uka.ipd.sdq.workflow.workbench_5.2.2.jar from https://updatesite.palladio-simulator.com/palladio-supporting-workflowengine/releases/5.2.2/plugins/ (12.97kB)
2026-09-08T06:02:18.4775788Z [INFO] Fetching de.uka.ipd.sdq.workflow.mdsd.blackboard_5.2.2.jar from https://updatesite.palladio-simulator.com/palladio-supporting-workflowengine/releases/5.2.2/plugins/ (10.18kB)
2026-09-08T06:02:18.5844888Z [INFO] Fetching de.uka.ipd.sdq.workflow.mdsd.core_5.2.2.jar from https://updatesite.palladio-simulator.com/palladio-supporting-workflowengine/releases/5.2.2/plugins/ (14.4kB)
2026-09-08T06:02:18.7684590Z [INFO] Fetching org.apache.commons.cli_1.4.0.v20221112-0806.jar from https://download.eclipse.org/releases/2023-03/202303151000/plugins/ (66.54kB)
2026-09-08T06:02:18.8408358Z [INFO] Fetching org.eclipse.compare_3.8.500.v20220812-1406.jar from https://download.eclipse.org/releases/2023-03/202303151000/plugins/ (806.64kB)
2026-09-08T06:02:19.0561943Z [INFO] Fetching org.eclipse.ui.workbench.texteditor_3.16.700.v20230210-0941.jar from https://download.eclipse.org/releases/2023-03/202303151000/plugins/ (691.11kB)
2026-09-08T06:02:19.1924269Z [INFO] Fetching org.eclipse.ui.editors_3.15.0.v20221201-1935.jar from https://download.eclipse.org/releases/2023-03/202303151000/plugins/ (621.13kB)
2026-09-08T06:02:19.2955857Z [INFO] Fetching org.eclipse.ui.forms_3.11.600.v20230220-0932.jar from https://download.eclipse.org/releases/2023-03/202303151000/plugins/ (331.64kB)
2026-09-08T06:02:19.3532357Z [INFO] Fetching org.eclipse.compare.core_3.7.100.v20220812-1406.jar from https://download.eclipse.org/releases/2023-03/202303151000/plugins/ (69.26kB)
2026-09-08T06:02:19.3974033Z [INFO] Fetching org.eclipse.core.filebuffers_3.7.200.v20220202-1008.jar from https://download.eclipse.org/releases/2023-03/202303151000/plugins/ (115.6kB)
2026-09-08T06:02:19.4451973Z [INFO] Fetching org.eclipse.draw2d_3.12.0.202211301913.jar from https://download.eclipse.org/releases/2023-03/202303151000/plugins/ (636.39kB)
2026-09-08T06:02:19.5172747Z [INFO] Fetching org.eclipse.emf.codegen.ecore_2.33.0.v20230211-1150.jar from https://download.eclipse.org/releases/2023-03/202303151000/plugins/ (1.11MB)
2026-09-08T06:02:19.6122746Z [INFO] Fetching org.eclipse.emf.ecore.editor_2.18.0.v20230224-1122.jar from https://download.eclipse.org/releases/2023-03/202303151000/plugins/ (131.36kB)
2026-09-08T06:02:19.8131985Z [INFO] Fetching org.eclipse.emf.mwe2.runtime_2.14.0.v20221117-1134.jar from https://download.eclipse.org/releases/2023-03/202303151000/plugins/ (16.77kB)
2026-09-08T06:02:19.8831269Z [INFO] Fetching org.eclipse.emf.validation_1.8.1.202208271102.jar from https://download.eclipse.org/releases/2023-03/202303151000/plugins/ (412.33kB)
2026-09-08T06:02:20.1527652Z [INFO] Fetching org.eclipse.emf.workspace_1.5.2.202208110935.jar from https://download.eclipse.org/releases/2023-03/202303151000/plugins/ (88.93kB)
2026-09-08T06:02:20.1958061Z [INFO] Fetching org.eclipse.gef_3.13.0.202211301913.jar from https://download.eclipse.org/releases/2023-03/202303151000/plugins/ (996.08kB)
2026-09-08T06:02:20.4073014Z [INFO] Fetching org.eclipse.gmf.runtime.common.core_1.7.1.202211041032.jar from https://download.eclipse.org/releases/2023-03/202303151000/plugins/ (119.86kB)
2026-09-08T06:02:20.4612615Z [INFO] Fetching org.eclipse.gmf.runtime.common.ui_1.8.1.202211041032.jar from https://download.eclipse.org/releases/2023-03/202303151000/plugins/ (261.16kB)
2026-09-08T06:02:20.5414890Z [INFO] Fetching org.eclipse.team.core_3.9.700.v20221201-0946.jar from https://download.eclipse.org/releases/2023-03/202303151000/plugins/ (402.85kB)
2026-09-08T06:02:20.5948543Z [INFO] Fetching org.eclipse.gmf.runtime.common.ui.action_1.7.0.202211041032.jar from https://download.eclipse.org/releases/2023-03/202303151000/plugins/ (105.26kB)
2026-09-08T06:02:20.6487598Z [INFO] Fetching org.eclipse.gmf.runtime.common.ui.services.action_1.7.0.202211041032.jar from https://download.eclipse.org/releases/2023-03/202303151000/plugins/ (124.56kB)
2026-09-08T06:02:20.8484217Z [INFO] Fetching org.eclipse.gmf.runtime.common.ui.services_1.9.0.202211041032.jar from https://download.eclipse.org/releases/2023-03/202303151000/plugins/ (103.8kB)
2026-09-08T06:02:20.9568250Z [INFO] Fetching org.eclipse.gmf.runtime.diagram.core_1.7.0.202211041032.jar from https://download.eclipse.org/releases/2023-03/202303151000/plugins/ (135.98kB)
2026-09-08T06:02:21.0532160Z [INFO] Fetching org.eclipse.gmf.runtime.notation_1.10.0.202211151334.jar from https://download.eclipse.org/releases/2023-03/202303151000/plugins/ (388.86kB)
2026-09-08T06:02:21.1736162Z [INFO] Fetching org.eclipse.gmf.runtime.emf.core_1.7.1.202211041032.jar from https://download.eclipse.org/releases/2023-03/202303151000/plugins/ (116.51kB)
2026-09-08T06:02:21.2297105Z [INFO] Fetching org.eclipse.gmf.runtime.emf.type.core_1.9.1.202211041032.jar from https://download.eclipse.org/releases/2023-03/202303151000/plugins/ (192.9kB)
2026-09-08T06:02:21.2880522Z [INFO] Fetching org.eclipse.gmf.runtime.diagram.ui_1.9.1.202211041032.jar from https://download.eclipse.org/releases/2023-03/202303151000/plugins/ (1.17MB)
2026-09-08T06:02:21.4698736Z [INFO] Fetching org.eclipse.gmf.runtime.emf.commands.core_1.7.0.202211041032.jar from https://download.eclipse.org/releases/2023-03/202303151000/plugins/ (31.39kB)
2026-09-08T06:02:21.5192096Z [INFO] Fetching org.eclipse.gmf.runtime.emf.ui_1.7.0.202211041032.jar from https://download.eclipse.org/releases/2023-03/202303151000/plugins/ (97.2kB)
2026-09-08T06:02:21.5614877Z [INFO] Fetching org.eclipse.gmf.runtime.gef.ui_1.7.1.202211041032.jar from https://download.eclipse.org/releases/2023-03/202303151000/plugins/ (105.06kB)
2026-09-08T06:02:21.6107907Z [INFO] Fetching org.eclipse.ui.views.properties.tabbed_3.9.400.v20230220-1021.jar from https://download.eclipse.org/releases/2023-03/202303151000/plugins/ (110.67kB)
2026-09-08T06:02:21.6782553Z [INFO] Fetching org.eclipse.gmf.runtime.draw2d.ui.render_1.7.1.202211041032.jar from https://download.eclipse.org/releases/2023-03/202303151000/plugins/ (52.83kB)
2026-09-08T06:02:21.8681355Z [INFO] Fetching org.eclipse.gmf.runtime.draw2d.ui_1.9.2.202211041032.jar from https://download.eclipse.org/releases/2023-03/202303151000/plugins/ (321.79kB)
2026-09-08T06:02:22.0550468Z [INFO] Fetching org.eclipse.gmf.runtime.emf.clipboard.core_1.7.1.202211041032.jar from https://download.eclipse.org/releases/2023-03/202303151000/plugins/ (112.33kB)
2026-09-08T06:02:22.1086104Z [INFO] Fetching org.eclipse.jdt.core.manipulation_1.18.0.v20230209-2203.jar from https://download.eclipse.org/releases/2023-03/202303151000/plugins/ (2.29MB)
2026-09-08T06:02:22.3911944Z [INFO] Fetching org.eclipse.ltk.core.refactoring_3.13.100.v20230117-1625.jar from https://download.eclipse.org/releases/2023-03/202303151000/plugins/ (343.25kB)
2026-09-08T06:02:22.4417979Z [INFO] Fetching org.eclipse.jdt.ui_3.28.0.v20230210-2115.jar from https://download.eclipse.org/releases/2023-03/202303151000/plugins/ (10.95MB)
2026-09-08T06:02:23.0511502Z [INFO] Fetching org.eclipse.search_3.14.400.v20230209-0804.jar from https://download.eclipse.org/releases/2023-03/202303151000/plugins/ (499.45kB)
2026-09-08T06:02:23.2885895Z [INFO] Fetching org.eclipse.team.ui_3.9.600.v20230207-1607.jar from https://download.eclipse.org/releases/2023-03/202303151000/plugins/ (1.42MB)
2026-09-08T06:02:23.4893021Z [INFO] Fetching org.eclipse.ltk.ui.refactoring_3.12.200.v20220808-2221.jar from https://download.eclipse.org/releases/2023-03/202303151000/plugins/ (470.76kB)
2026-09-08T06:02:23.5495976Z [INFO] Fetching org.eclipse.ui.navigator.resources_3.8.600.v20230220-1021.jar from https://download.eclipse.org/releases/2023-03/202303151000/plugins/ (175.28kB)
2026-09-08T06:02:23.6012633Z [INFO] Fetching org.eclipse.m2m.qvt.oml.cst.parser_3.9.0.v20220605-1149.jar from https://download.eclipse.org/releases/2023-03/202303151000/plugins/ (870.19kB)
2026-09-08T06:02:23.6821506Z [INFO] Fetching org.eclipse.m2m.qvt.oml.ecore.imperativeocl_3.10.2.v20220605-1149.jar from https://download.eclipse.org/releases/2023-03/202303151000/plugins/ (143.94kB)
2026-09-08T06:02:23.7391489Z [INFO] Fetching org.eclipse.osgi.util_3.7.200.v20230103-1101.jar from https://download.eclipse.org/releases/2023-03/202303151000/plugins/ (14.42kB)
2026-09-08T06:02:23.8007955Z [INFO] Fetching org.osgi.util.measurement_1.0.2.201802012109.jar from https://download.eclipse.org/releases/2023-03/202303151000/plugins/ (25.74kB)
2026-09-08T06:02:23.8452283Z [INFO] Fetching org.osgi.util.position_1.0.1.201505202026.jar from https://download.eclipse.org/releases/2023-03/202303151000/plugins/ (13.73kB)
2026-09-08T06:02:23.8833718Z [INFO] Fetching org.osgi.util.xml_1.0.2.202109301733.jar from https://download.eclipse.org/releases/2023-03/202303151000/plugins/ (18.3kB)
2026-09-08T06:02:24.0761933Z [INFO] Fetching org.eclipse.sirius_7.0.7.202301170754.jar from https://download.eclipse.org/releases/2023-03/202303151000/plugins/ (847.48kB)
2026-09-08T06:02:24.3825128Z [INFO] Fetching org.eclipse.sirius.common_7.0.7.202301170754.jar from https://download.eclipse.org/releases/2023-03/202303151000/plugins/ (258.61kB)
2026-09-08T06:02:24.4298732Z [INFO] Fetching org.eclipse.sirius.ecore.extender_7.0.7.202301170754.jar from https://download.eclipse.org/releases/2023-03/202303151000/plugins/ (93.99kB)
2026-09-08T06:02:24.4698398Z [INFO] Fetching org.eclipse.sirius.model_7.0.7.202301170754.jar from https://download.eclipse.org/releases/2023-03/202303151000/plugins/ (642.29kB)
2026-09-08T06:02:24.5554213Z [INFO] Fetching org.eclipse.sirius.ext.base_7.0.7.202301170754.jar from https://download.eclipse.org/releases/2023-03/202303151000/plugins/ (31.16kB)
2026-09-08T06:02:24.5948271Z [INFO] Fetching org.eclipse.sirius.ext.emf_7.0.7.202301170754.jar from https://download.eclipse.org/releases/2023-03/202303151000/plugins/ (19.36kB)
2026-09-08T06:02:24.6331754Z [INFO] Fetching org.eclipse.sirius.ext.emf.tx_7.0.7.202301170754.jar from https://download.eclipse.org/releases/2023-03/202303151000/plugins/ (11.43kB)
2026-09-08T06:02:24.6700050Z [INFO] Fetching org.eclipse.sirius.common.ui_7.0.7.202301170754.jar from https://download.eclipse.org/releases/2023-03/202303151000/plugins/ (285.86kB)
2026-09-08T06:02:24.7257699Z [INFO] Fetching org.eclipse.sirius.ext.e3.ui_7.0.7.202301170754.jar from https://download.eclipse.org/releases/2023-03/202303151000/plugins/ (43.27kB)
2026-09-08T06:02:24.7705565Z [INFO] Fetching org.eclipse.sirius.ext.emf.edit_7.0.7.202301170754.jar from https://download.eclipse.org/releases/2023-03/202303151000/plugins/ (16.04kB)
2026-09-08T06:02:24.8095911Z [INFO] Fetching org.eclipse.sirius.ext.emf.ui_7.0.7.202301170754.jar from https://download.eclipse.org/releases/2023-03/202303151000/plugins/ (13.6kB)
2026-09-08T06:02:24.8484468Z [INFO] Fetching org.eclipse.sirius.ext.jface_7.0.7.202301170754.jar from https://download.eclipse.org/releases/2023-03/202303151000/plugins/ (10.77kB)
2026-09-08T06:02:24.8866828Z [INFO] Fetching org.eclipse.sirius.ext.swt_7.0.7.202301170754.jar from https://download.eclipse.org/releases/2023-03/202303151000/plugins/ (11.44kB)
2026-09-08T06:02:25.0810914Z [INFO] Fetching org.eclipse.sirius.ui_7.0.7.202301170754.jar from https://download.eclipse.org/releases/2023-03/202303151000/plugins/ (1.41MB)
2026-09-08T06:02:25.4972881Z [INFO] Fetching org.eclipse.xtext.builder_2.30.0.v20230227-1159.jar from https://download.eclipse.org/releases/2023-03/202303151000/plugins/ (394.87kB)
2026-09-08T06:02:25.5691019Z [INFO] Fetching org.eclipse.xtext.ui_2.30.0.v20230227-1159.jar from https://download.eclipse.org/releases/2023-03/202303151000/plugins/ (1.89MB)
2026-09-08T06:02:25.7387597Z [INFO] Fetching org.eclipse.xtext.common.types.ui_2.30.0.v20230227-1159.jar from https://download.eclipse.org/releases/2023-03/202303151000/plugins/ (252.07kB)
2026-09-08T06:02:25.7938538Z [INFO] Fetching org.eclipse.xtext.common.types.edit_2.30.0.v20230227-1159.jar from https://download.eclipse.org/releases/2023-03/202303151000/plugins/ (250kB)
2026-09-08T06:02:25.8511126Z [INFO] Fetching org.eclipse.xtext.ide_2.30.0.v20230227-1116.jar from https://download.eclipse.org/releases/2023-03/202303151000/plugins/ (496.58kB)
2026-09-08T06:02:25.9144587Z [INFO] Fetching org.eclipse.xtext.ui.codetemplates_2.30.0.v20230227-1159.jar from https://download.eclipse.org/releases/2023-03/202303151000/plugins/ (195.86kB)
2026-09-08T06:02:26.1081710Z [INFO] Fetching org.eclipse.xtext.ui.codetemplates.ide_2.30.0.v20230227-1159.jar from https://download.eclipse.org/releases/2023-03/202303151000/plugins/ (134.89kB)
2026-09-08T06:02:26.2146248Z [INFO] Fetching org.eclipse.xtext.ui.codetemplates.ui_2.30.0.v20230227-1159.jar from https://download.eclipse.org/releases/2023-03/202303151000/plugins/ (134.76kB)
2026-09-08T06:02:26.2923149Z [INFO] Fetching org.eclipse.xtext.ui.shared_2.30.0.v20230227-1159.jar from https://download.eclipse.org/releases/2023-03/202303151000/plugins/ (62.46kB)
2026-09-08T06:02:26.3340933Z [INFO] Fetching org.eclipse.xtext.xbase.ide_2.30.0.v20230227-1128.jar from https://download.eclipse.org/releases/2023-03/202303151000/plugins/ (595.34kB)
2026-09-08T06:02:26.7653669Z [INFO] Fetching org.jfree.jfreechart_1.0.19.jar from https://updatesite.palladio-simulator.com/palladio-thirdparty-wrapper/releases/5.2.2/plugins/ (1.81MB)
2026-09-08T06:02:27.7951684Z [INFO] Fetching org.jfree.jfreechart_1.0.19.jar from https://updatesite.palladio-simulator.com/palladio-thirdparty-wrapper/releases/5.2.2/plugins/ (1.16MB of 1.81MB at 1.16MB/s)
2026-09-08T06:02:28.2285665Z [INFO] Fetching org.palladiosimulator.analyzer.accuracy_5.2.2.jar from https://updatesite.palladio-simulator.com/palladio-analyzer-framework/releases/5.2.2/plugins/ (33.16kB)
2026-09-08T06:02:28.4292473Z [INFO] Fetching org.palladiosimulator.analyzer.workflow.core_5.2.2.jar from https://updatesite.palladio-simulator.com/palladio-analyzer-framework/releases/5.2.2/plugins/ (33.27kB)
2026-09-08T06:02:28.5331970Z [INFO] Fetching org.palladiosimulator.analyzer.quality_5.2.2.jar from https://updatesite.palladio-simulator.com/palladio-analyzer-framework/releases/5.2.2/plugins/ (279.66kB)
2026-09-08T06:02:28.9342202Z [INFO] Fetching org.palladiosimulator.analyzer.accuracy.ui_5.2.2.jar from https://updatesite.palladio-simulator.com/palladio-analyzer-framework/releases/5.2.2/plugins/ (7.42kB)
2026-09-08T06:02:29.2375060Z [INFO] Fetching org.palladiosimulator.analyzer.completions_5.2.2.jar from https://updatesite.palladio-simulator.com/palladio-analyzer-framework/releases/5.2.2/plugins/ (35.03kB)
2026-09-08T06:02:29.4385084Z [INFO] Fetching org.palladiosimulator.analyzer.workflow_5.2.2.jar from https://updatesite.palladio-simulator.com/palladio-analyzer-framework/releases/5.2.2/plugins/ (36.73kB)
2026-09-08T06:02:29.5450815Z [INFO] Fetching org.palladiosimulator.commons.stoex.ide_5.2.2.jar from https://updatesite.palladio-simulator.com/palladio-core-commons/releases/5.2.2/plugins/ (74.9kB)
2026-09-08T06:02:29.6561954Z [INFO] Fetching org.palladiosimulator.commons.stoex.ui_5.2.2.jar from https://updatesite.palladio-simulator.com/palladio-core-commons/releases/5.2.2/plugins/ (20.31kB)
2026-09-08T06:02:29.7600709Z [INFO] Fetching org.palladiosimulator.editors.commons.dialogs_5.2.2.jar from https://updatesite.palladio-simulator.com/palladio-editors-commons/releases/5.2.2/plugins/ (153.45kB)
2026-09-08T06:02:30.2698018Z [INFO] Fetching org.palladiosimulator.pcm.ui_5.2.2.jar from https://updatesite.palladio-simulator.com/palladio-core-pcm/releases/5.2.2/plugins/ (683.81kB)
2026-09-08T06:02:31.3916403Z [INFO] Fetching org.palladiosimulator.pcm.stoex.ui_5.2.2.jar from https://updatesite.palladio-simulator.com/palladio-core-pcm/releases/5.2.2/plugins/ (28.03kB)
2026-09-08T06:02:31.5925371Z [INFO] Fetching org.palladiosimulator.pcm.stoex.ide_5.2.2.jar from https://updatesite.palladio-simulator.com/palladio-core-pcm/releases/5.2.2/plugins/ (77.85kB)
2026-09-08T06:02:31.7946401Z [INFO] Fetching org.palladiosimulator.solver_5.2.2.jar from https://updatesite.palladio-simulator.com/palladio-analyzer-solver/releases/5.2.2/plugins/ (143.75kB)
2026-09-08T06:02:32.0942592Z [INFO] Fetching org.palladiosimulator.solver.spa_5.2.2.jar from https://updatesite.palladio-simulator.com/palladio-analyzer-solver/releases/5.2.2/plugins/ (59.91kB)
2026-09-08T06:02:32.4136697Z [INFO] Fetching org.palladiosimulator.solver.spa.basicsolver_5.2.2.jar from https://updatesite.palladio-simulator.com/palladio-analyzer-solver/releases/5.2.2/plugins/ (31.44kB)
2026-09-08T06:02:32.6259202Z [INFO] Fetching org.palladiosimulator.solver.spa.resourcemodel_5.2.2.jar from https://updatesite.palladio-simulator.com/palladio-analyzer-solver/releases/5.2.2/plugins/ (37.82kB)
2026-09-08T06:02:32.7346217Z [INFO] Fetching org.palladiosimulator.solver.context_5.2.2.jar from https://updatesite.palladio-simulator.com/palladio-analyzer-solver/releases/5.2.2/plugins/ (99.58kB)
2026-09-08T06:02:32.9481708Z [INFO] Fetching org.palladiosimulator.solver.lqn_5.2.2.jar from https://updatesite.palladio-simulator.com/palladio-analyzer-solver/releases/5.2.2/plugins/ (373.15kB)
2026-09-08T06:02:33.4702404Z [INFO] Fetching org.palladiosimulator.solver.core_5.2.2.jar from https://updatesite.palladio-simulator.com/palladio-analyzer-solver/releases/5.2.2/plugins/ (93.39kB)
2026-09-08T06:02:33.6768827Z [INFO] Resolving dependencies of MavenProject: org.palladiosimulator.reliability:org.palladiosimulator.reliability.feature:5.2.2 @ /home/runner/work/telemetry-availability-identification/telemetry-availability-identification/palladio-source/features/org.palladiosimulator.reliability.feature/.polyglot.feature.xml
2026-09-08T06:02:33.9125929Z [INFO] Resolving dependencies of MavenProject: org.palladiosimulator.reliability:org.palladiosimulator.reliability.tests:5.2.2 @ /home/runner/work/telemetry-availability-identification/telemetry-availability-identification/palladio-source/tests/org.palladiosimulator.reliability.tests/.polyglot.META-INF
2026-09-08T06:02:34.3391898Z [INFO] Fetching org.eclipse.core.net_1.4.0.v20220813-1037.jar from https://download.eclipse.org/releases/2023-03/202303151000/plugins/ (49.45kB)
2026-09-08T06:02:34.4126921Z [INFO] Fetching org.eclipse.equinox.launcher_1.6.400.v20210924-0641.jar from https://download.eclipse.org/releases/2023-03/202303151000/plugins/ (52.65kB)
2026-09-08T06:02:34.4612096Z [INFO] Fetching org.eclipse.ui.ide.application_1.4.700.v20230220-0932.jar from https://download.eclipse.org/releases/2023-03/202303151000/plugins/ (114.89kB)
2026-09-08T06:02:34.5554166Z [INFO] Fetching org.junit_4.13.2.v20211018-1956.jar from https://download.eclipse.org/releases/2023-03/202303151000/plugins/ (421.77kB)
2026-09-08T06:02:34.7035594Z [INFO] Fetching org.hamcrest.core_1.3.0.v20180420-1519.jar from https://download.eclipse.org/releases/2023-03/202303151000/plugins/ (65.43kB)
2026-09-08T06:02:35.0253582Z [INFO] Fetching org.palladiosimulator.pcm.resources_5.2.2.jar from https://updatesite.palladio-simulator.com/palladio-core-pcm/releases/5.2.2/plugins/ (61.88kB)
2026-09-08T06:02:35.2382746Z [INFO] Resolving dependencies of MavenProject: org.palladiosimulator.reliability:org.palladiosimulator.reliability.updatesite:5.2.2 @ /home/runner/work/telemetry-availability-identification/telemetry-availability-identification/palladio-source/releng/org.palladiosimulator.reliability.updatesite/pom.xml
2026-09-08T06:02:35.4578698Z [INFO] Inspecting build with total of 16 modules
2026-09-08T06:02:35.4620009Z [INFO] Installing Central Publishing features
2026-09-08T06:02:35.4648594Z [INFO] ------------------------------------------------------------------------
2026-09-08T06:02:35.4649528Z [INFO] Reactor Build Order:
2026-09-08T06:02:35.4650107Z [INFO] 
2026-09-08T06:02:35.4659066Z [INFO] parent                                                             [pom]
2026-09-08T06:02:35.4660225Z [INFO] bundles                                                            [pom]
2026-09-08T06:02:35.4661510Z [INFO] [bundle] PCM Reliability Core Definitions               [eclipse-plugin]
2026-09-08T06:02:35.4662821Z [INFO] [bundle] Markov Model                                   [eclipse-plugin]
2026-09-08T06:02:35.4664357Z [INFO] [bundle] Markov Edit Support                            [eclipse-plugin]
2026-09-08T06:02:35.4665594Z [INFO] [bundle] Markov Editor                                  [eclipse-plugin]
2026-09-08T06:02:35.4666859Z [INFO] [bundle] PCM Markov Sensitivity Model                   [eclipse-plugin]
2026-09-08T06:02:35.4668189Z [INFO] [bundle] EMF Edit Plug-in for PCM Markov Sensitivity Model [eclipse-plugin]
2026-09-08T06:02:35.4669563Z [INFO] [bundle] EMF Editor Plug-in for PCM Markov Sensitivity Model [eclipse-plugin]
2026-09-08T06:02:35.4670897Z [INFO] [bundle] PCM Reliability Solver Plug-in                 [eclipse-plugin]
2026-09-08T06:02:35.4672115Z [INFO] features                                                           [pom]
2026-09-08T06:02:35.4673755Z [INFO] [feature] Palladio Component Model - Analyzer: Reliability [eclipse-feature]
2026-09-08T06:02:35.4675328Z [INFO] tests                                                              [pom]
2026-09-08T06:02:35.4676599Z [INFO] [test-bundle] Tests for the Reliability Features   [eclipse-test-plugin]
2026-09-08T06:02:35.4677853Z [INFO] releng                                                             [pom]
2026-09-08T06:02:35.4679124Z [INFO] org.palladiosimulator.reliability.updatesite        [eclipse-repository]
2026-09-08T06:02:35.4723933Z [INFO] 
2026-09-08T06:02:35.4725049Z [INFO] --------------< org.palladiosimulator.reliability:parent >--------------
2026-09-08T06:02:35.4726055Z [INFO] Building parent 5.2.2                                             [1/16]
2026-09-08T06:02:35.4726756Z [INFO]   from pom.xml
2026-09-08T06:02:35.4727338Z [INFO] --------------------------------[ pom ]---------------------------------
2026-09-08T06:02:35.4788654Z [INFO] 
2026-09-08T06:02:35.4789783Z [INFO] --- clean:3.5.0:clean (default-clean) @ parent ---
2026-09-08T06:02:35.5456516Z [INFO] Deleting /home/runner/work/telemetry-availability-identification/telemetry-availability-identification/palladio-source (includes = [target/**, xtend-gen/**, emfparsley-gen/**], excludes = [*/.gitkeep])
2026-09-08T06:02:35.5476768Z [INFO] 
2026-09-08T06:02:35.5496465Z [INFO] --- xtend:2.39.0:compile (default) @ parent ---
2026-09-08T06:02:38.1701786Z [INFO] skip compiling sources because the configured directory '[/home/runner/work/telemetry-availability-identification/telemetry-availability-identification/palladio-source/src/main/java]' does not exist.
2026-09-08T06:02:38.1704094Z [INFO] 
2026-09-08T06:02:38.1710733Z [INFO] --- jacoco:0.8.13:prepare-agent (jacoco-prepare) @ parent ---
2026-09-08T06:02:38.2518482Z [WARNING] The POM for commons-io:commons-io:jar:2.11.0 is invalid, transitive dependencies (if any) will not be available: 1 problem was encountered while building the effective model for commons-io:commons-io:2.11.0
2026-09-08T06:02:38.2522879Z [FATAL] Non-parseable POM /home/runner/work/_temp/m9v-recovery-maven-repository/org/apache/commons/commons-parent/52/commons-parent-52.pom: UTF-8 BOM plus xml decl of ISO-8859-1 is incompatible (position: START_DOCUMENT seen <?xml version="1.0" encoding="ISO-8859-1"... @1:42)  @ /home/runner/work/_temp/m9v-recovery-maven-repository/org/apache/commons/commons-parent/52/commons-parent-52.pom, line 1, column 42
2026-09-08T06:02:38.2526213Z 
2026-09-08T06:02:38.4220134Z [INFO] argLine set to -javaagent:/home/runner/work/_temp/m9v-recovery-maven-repository/org/jacoco/org.jacoco.agent/0.8.13/org.jacoco.agent-0.8.13-runtime.jar=destfile=/home/runner/work/telemetry-availability-identification/telemetry-availability-identification/palladio-source/target/jacoco.exec
2026-09-08T06:02:38.4223122Z [INFO] 
2026-09-08T06:02:38.4224137Z [INFO] --- tycho-source:2.7.5:plugin-source (plugin-source) @ parent ---
2026-09-08T06:02:38.4263996Z [INFO] 
2026-09-08T06:02:38.4268599Z [INFO] --- tycho-source:2.7.5:feature-source (feature-source) @ parent ---
2026-09-08T06:02:38.4279822Z [INFO] 
2026-09-08T06:02:38.4288545Z [INFO] --- tycho-p2:2.7.5:p2-metadata (attached-p2-metadata) @ parent ---
2026-09-08T06:02:38.4307871Z [INFO] 
2026-09-08T06:02:38.4308718Z [INFO] --- checkstyle:3.1.2:check (palladio-checkstyle) @ parent ---
2026-09-08T06:02:38.5491410Z [WARNING] The POM for commons-beanutils:commons-beanutils:jar:1.9.4 is invalid, transitive dependencies (if any) will not be available: 1 problem was encountered while building the effective model for commons-beanutils:commons-beanutils:1.9.4
2026-09-08T06:02:38.5495510Z [FATAL] Non-parseable POM /home/runner/work/_temp/m9v-recovery-maven-repository/org/apache/commons/commons-parent/47/commons-parent-47.pom: UTF-8 BOM plus xml decl of ISO-8859-1 is incompatible (position: START_DOCUMENT seen <?xml version="1.0" encoding="ISO-8859-1"... @1:42)  @ /home/runner/work/_temp/m9v-recovery-maven-repository/org/apache/commons/commons-parent/47/commons-parent-47.pom, line 1, column 42
2026-09-08T06:02:38.5497925Z 
2026-09-08T06:02:39.6806899Z [WARNING] The POM for commons-logging:commons-logging:jar:1.1.1 is invalid, transitive dependencies (if any) will not be available: 1 problem was encountered while building the effective model for commons-logging:commons-logging:1.1.1
2026-09-08T06:02:39.6809823Z [FATAL] Non-parseable POM /home/runner/work/_temp/m9v-recovery-maven-repository/org/apache/commons/commons-parent/5/commons-parent-5.pom: UTF-8 BOM plus xml decl of ISO-8859-1 is incompatible (position: START_DOCUMENT seen <?xml version="1.0" encoding="ISO-8859-1"... @1:42)  @ /home/runner/work/_temp/m9v-recovery-maven-repository/org/apache/commons/commons-parent/5/commons-parent-5.pom, line 1, column 42
2026-09-08T06:02:39.6811658Z 
2026-09-08T06:02:40.4584483Z [WARNING] The POM for commons-io:commons-io:jar:1.4 is invalid, transitive dependencies (if any) will not be available: 1 problem was encountered while building the effective model for commons-io:commons-io:1.4
2026-09-08T06:02:40.4587304Z [FATAL] Non-parseable POM /home/runner/work/_temp/m9v-recovery-maven-repository/org/apache/commons/commons-parent/7/commons-parent-7.pom: UTF-8 BOM plus xml decl of ISO-8859-1 is incompatible (position: START_DOCUMENT seen <?xml version="1.0" encoding="ISO-8859-1"... @1:42)  @ /home/runner/work/_temp/m9v-recovery-maven-repository/org/apache/commons/commons-parent/7/commons-parent-7.pom, line 1, column 42
2026-09-08T06:02:40.4589161Z 
2026-09-08T06:02:40.7421993Z [WARNING] The POM for javax.activation:javax.activation-api:jar:1.2.0 is invalid, transitive dependencies (if any) will not be available: 1 problem was encountered while building the effective model
2026-09-08T06:02:40.7424448Z [FATAL] Non-parseable POM /home/runner/work/_temp/m9v-recovery-maven-repository/javax/activation/javax.activation-api/1.2.0/javax.activation-api-1.2.0.pom: UTF-8 BOM plus xml decl of iso-8859-1 is incompatible (position: START_DOCUMENT seen <?xml version="1.0" encoding="iso-8859-1"... @1:42)  @ line 1, column 42
2026-09-08T06:02:40.7425909Z 
2026-09-08T06:02:41.4685071Z [INFO] You have 0 Checkstyle violations.
2026-09-08T06:02:41.4696938Z [INFO] 
2026-09-08T06:02:41.4717280Z [INFO] -------------< org.palladiosimulator.reliability:bundles >--------------
2026-09-08T06:02:41.4724871Z [INFO] Building bundles 5.2.2                                            [2/16]
2026-09-08T06:02:41.4765348Z [INFO]   from bundles/pom.xml
2026-09-08T06:02:41.4784716Z [INFO] --------------------------------[ pom ]---------------------------------
2026-09-08T06:02:41.4834525Z [INFO] 
2026-09-08T06:02:41.4844583Z [INFO] --- clean:3.5.0:clean (default-clean) @ bundles ---
2026-09-08T06:02:41.4875606Z [INFO] Deleting /home/runner/work/telemetry-availability-identification/telemetry-availability-identification/palladio-source/bundles (includes = [target/**, xtend-gen/**, emfparsley-gen/**], excludes = [*/.gitkeep])
2026-09-08T06:02:41.4877366Z [INFO] 
2026-09-08T06:02:41.4877821Z [INFO] --- xtend:2.39.0:compile (default) @ bundles ---
2026-09-08T06:02:41.4879612Z [INFO] skip compiling sources because the configured directory '[/home/runner/work/telemetry-availability-identification/telemetry-availability-identification/palladio-source/bundles/src/main/java]' does not exist.
2026-09-08T06:02:41.4881263Z [INFO] 
2026-09-08T06:02:41.4881774Z [INFO] --- jacoco:0.8.13:prepare-agent (jacoco-prepare) @ bundles ---
2026-09-08T06:02:41.4914466Z [INFO] argLine set to -javaagent:/home/runner/work/_temp/m9v-recovery-maven-repository/org/jacoco/org.jacoco.agent/0.8.13/org.jacoco.agent-0.8.13-runtime.jar=destfile=/home/runner/work/telemetry-availability-identification/telemetry-availability-identification/palladio-source/bundles/target/jacoco.exec
2026-09-08T06:02:41.4916894Z [INFO] 
2026-09-08T06:02:41.4917474Z [INFO] --- tycho-source:2.7.5:plugin-source (plugin-source) @ bundles ---
2026-09-08T06:02:41.4918178Z [INFO] 
2026-09-08T06:02:41.4918741Z [INFO] --- tycho-source:2.7.5:feature-source (feature-source) @ bundles ---
2026-09-08T06:02:41.4919740Z [INFO] 
2026-09-08T06:02:41.4920293Z [INFO] --- tycho-p2:2.7.5:p2-metadata (attached-p2-metadata) @ bundles ---
2026-09-08T06:02:41.4920970Z [INFO] 
2026-09-08T06:02:41.4921492Z [INFO] --- checkstyle:3.1.2:check (palladio-checkstyle) @ bundles ---
2026-09-08T06:02:41.5618803Z [INFO] You have 0 Checkstyle violations.
2026-09-08T06:02:41.5619693Z [INFO] 
2026-09-08T06:02:41.5620681Z [INFO] --< org.palladiosimulator.reliability:org.palladiosimulator.reliability >--
2026-09-08T06:02:41.5621916Z [INFO] Building [bundle] PCM Reliability Core Definitions 5.2.2          [3/16]
2026-09-08T06:02:41.5626330Z [INFO]   from bundles/org.palladiosimulator.reliability/.polyglot.META-INF
2026-09-08T06:02:41.5627494Z [INFO] ---------------------------[ eclipse-plugin ]---------------------------
2026-09-08T06:02:43.1750364Z [INFO] 
2026-09-08T06:02:43.1751771Z [INFO] --- clean:3.5.0:clean (default-clean) @ org.palladiosimulator.reliability ---
2026-09-08T06:02:43.1767989Z [INFO] Deleting /home/runner/work/telemetry-availability-identification/telemetry-availability-identification/palladio-source/bundles/org.palladiosimulator.reliability (includes = [target/**, xtend-gen/**, emfparsley-gen/**], excludes = [*/.gitkeep])
2026-09-08T06:02:43.1794842Z [INFO] 
2026-09-08T06:02:43.1815224Z [INFO] --- tycho-packaging:2.7.5:build-qualifier (default-build-qualifier) @ org.palladiosimulator.reliability ---
2026-09-08T06:02:43.2761641Z [INFO] The project's OSGi version is 5.2.2
2026-09-08T06:02:43.2762691Z [INFO] 
2026-09-08T06:02:43.2763790Z [INFO] --- tycho-packaging:2.7.5:validate-id (default-validate-id) @ org.palladiosimulator.reliability ---
2026-09-08T06:02:43.2765230Z [INFO] 
2026-09-08T06:02:43.2766314Z [INFO] --- tycho-packaging:2.7.5:validate-version (default-validate-version) @ org.palladiosimulator.reliability ---
2026-09-08T06:02:43.2767614Z [INFO] 
2026-09-08T06:02:43.2768792Z [INFO] --- target-platform-configuration:2.7.5:target-platform (default-target-platform) @ org.palladiosimulator.reliability ---
2026-09-08T06:02:43.3518962Z [INFO] 
2026-09-08T06:02:43.3520270Z [INFO] --- tycho-compiler:2.7.5:validate-classpath (default-validate-classpath) @ org.palladiosimulator.reliability ---
2026-09-08T06:02:43.6378437Z [INFO] Resolving class path of [bundle] PCM Reliability Core Definitions...
2026-09-08T06:02:44.1076275Z [INFO] Fetching org.eclipse.core.filesystem.linux.x86_64_1.2.400.v20220812-1420.jar from https://download.eclipse.org/releases/2023-03/202303151000/plugins/ (13.13kB)
2026-09-08T06:02:44.1533321Z [INFO] Fetching org.eclipse.core.resources.win32.x86_64_3.5.500.v20220812-1420.jar from https://download.eclipse.org/releases/2023-03/202303151000/plugins/ (59.56kB)
2026-09-08T06:02:44.2277818Z [INFO] Fetching org.eclipse.core.filesystem.linux.aarch64_1.4.200.v20220812-1420.jar from https://download.eclipse.org/releases/2023-03/202303151000/plugins/ (13kB)
2026-09-08T06:02:44.2670019Z [INFO] Fetching org.eclipse.osgi.compatibility.state_1.2.800.v20221116-1440.jar from https://download.eclipse.org/releases/2023-03/202303151000/plugins/ (251.02kB)
2026-09-08T06:02:44.4177125Z [INFO] Fetching org.eclipse.core.filesystem.macosx_1.3.400.v20220812-1420.jar from https://download.eclipse.org/releases/2023-03/202303151000/plugins/ (27.41kB)
2026-09-08T06:02:44.4631146Z [INFO] Fetching org.eclipse.xtext.logging_1.2.24.v20230227-1159.jar from https://download.eclipse.org/releases/2023-03/202303151000/plugins/ (14.18kB)
2026-09-08T06:02:44.5109421Z [INFO] Fetching org.eclipse.core.filesystem.win32.x86_64_1.4.300.v20220812-1420.jar from https://download.eclipse.org/releases/2023-03/202303151000/plugins/ (39.29kB)
2026-09-08T06:02:44.5422934Z [INFO] 
2026-09-08T06:02:44.5435090Z [INFO] --- xtend:2.39.0:compile (default) @ org.palladiosimulator.reliability ---
2026-09-08T06:02:45.3911755Z [INFO] 
2026-09-08T06:02:45.3913505Z [INFO] --- resources:2.4.3:resources (default-resources) @ org.palladiosimulator.reliability ---
2026-09-08T06:02:46.0808458Z [INFO] Using 'UTF-8' encoding to copy filtered resources.
2026-09-08T06:02:46.0813587Z [INFO] skip non existing resourceDirectory /home/runner/work/telemetry-availability-identification/telemetry-availability-identification/palladio-source/bundles/org.palladiosimulator.reliability/src/main/resources
2026-09-08T06:02:46.0824754Z [INFO] 
2026-09-08T06:02:46.0825854Z [INFO] --- tycho-compiler:2.7.5:compile (default-compile) @ org.palladiosimulator.reliability ---
2026-09-08T06:02:46.2842842Z [INFO] Compiling 12 source files to /home/runner/work/telemetry-availability-identification/telemetry-availability-identification/palladio-source/bundles/org.palladiosimulator.reliability/target/classes
2026-09-08T06:02:47.4889133Z [INFO] 
2026-09-08T06:02:47.4889942Z [INFO] --- tycho-ds:2.7.5:declarative-services (default-declarative-services) @ org.palladiosimulator.reliability ---
2026-09-08T06:02:47.7960808Z [INFO] 
2026-09-08T06:02:47.7961992Z [INFO] --- jacoco:0.8.13:prepare-agent (jacoco-prepare) @ org.palladiosimulator.reliability ---
2026-09-08T06:02:47.7979895Z [INFO] argLine set to -javaagent:/home/runner/work/_temp/m9v-recovery-maven-repository/org/jacoco/org.jacoco.agent/0.8.13/org.jacoco.agent-0.8.13-runtime.jar=destfile=/home/runner/work/telemetry-availability-identification/telemetry-availability-identification/palladio-source/bundles/org.palladiosimulator.reliability/target/jacoco.exec
2026-09-08T06:02:47.7982938Z [INFO] 
2026-09-08T06:02:47.7984293Z [INFO] --- resources:2.4.3:testResources (default-testResources) @ org.palladiosimulator.reliability ---
2026-09-08T06:02:47.7985695Z [INFO] Using 'UTF-8' encoding to copy filtered resources.
2026-09-08T06:02:47.7987809Z [INFO] skip non existing resourceDirectory /home/runner/work/telemetry-availability-identification/telemetry-availability-identification/palladio-source/bundles/org.palladiosimulator.reliability/src/test/resources
2026-09-08T06:02:47.7989893Z [INFO] 
2026-09-08T06:02:47.7990886Z [INFO] --- tycho-compiler:2.7.5:testCompile (default-testCompile) @ org.palladiosimulator.reliability ---
2026-09-08T06:02:47.8014405Z [INFO] 
2026-09-08T06:02:47.8015319Z [INFO] --- surefire:2.22.2:test (default-test) @ org.palladiosimulator.reliability ---
2026-09-08T06:02:47.8872396Z [WARNING] The POM for org.hamcrest:hamcrest-core:jar:1.3 is invalid, transitive dependencies (if any) will not be available: 1 problem was encountered while building the effective model
2026-09-08T06:02:47.8875250Z [FATAL] Non-parseable POM /home/runner/work/_temp/m9v-recovery-maven-repository/org/hamcrest/hamcrest-core/1.3/hamcrest-core-1.3.pom: UTF-8 BOM plus xml decl of ISO-8859-1 is incompatible (position: START_DOCUMENT seen <?xml version="1.0" encoding="ISO-8859-1"... @1:42)  @ line 1, column 42
2026-09-08T06:02:47.8876762Z 
2026-09-08T06:02:48.1609552Z [INFO] Tests are skipped.
2026-09-08T06:02:48.1610384Z [INFO] 
2026-09-08T06:02:48.1611796Z [INFO] --- tycho-packaging:2.7.5:update-consumer-pom (default-update-consumer-pom) @ org.palladiosimulator.reliability ---
2026-09-08T06:02:48.1672942Z [INFO] 
2026-09-08T06:02:48.1674895Z [INFO] --- tycho-source:2.7.5:plugin-source (plugin-source) @ org.palladiosimulator.reliability ---
2026-09-08T06:02:48.1908238Z [INFO] Building jar: /home/runner/work/telemetry-availability-identification/telemetry-availability-identification/palladio-source/bundles/org.palladiosimulator.reliability/target/org.palladiosimulator.reliability-5.2.2-sources.jar
2026-09-08T06:02:48.2164737Z [INFO] 
2026-09-08T06:02:48.2166004Z [INFO] --- tycho-packaging:2.7.5:package-plugin (default-package-plugin) @ org.palladiosimulator.reliability ---
2026-09-08T06:02:48.2342454Z [INFO] Building jar: /home/runner/work/telemetry-availability-identification/telemetry-availability-identification/palladio-source/bundles/org.palladiosimulator.reliability/target/org.palladiosimulator.reliability-5.2.2.jar
2026-09-08T06:02:48.2563139Z [INFO] 
2026-09-08T06:02:48.2564326Z [INFO] --- tycho-p2:2.7.5:p2-metadata-default (default-p2-metadata-default) @ org.palladiosimulator.reliability ---
2026-09-08T06:02:48.2686245Z [INFO] 
2026-09-08T06:02:48.2700556Z [INFO] --- tycho-source:2.7.5:feature-source (feature-source) @ org.palladiosimulator.reliability ---
2026-09-08T06:02:48.2706680Z [INFO] 
2026-09-08T06:02:48.2707733Z [INFO] --- tycho-p2:2.7.5:p2-metadata (attached-p2-metadata) @ org.palladiosimulator.reliability ---
2026-09-08T06:02:48.2723383Z [WARNING] artifact org.palladiosimulator.reliability:org.palladiosimulator.reliability:xml:p2metadata:5.2.2 already attached, replace previous instance
2026-09-08T06:02:48.2726107Z [WARNING] artifact org.palladiosimulator.reliability:org.palladiosimulator.reliability:xml:p2artifacts:5.2.2 already attached, replace previous instance
2026-09-08T06:02:48.2739294Z [INFO] 
2026-09-08T06:02:48.2740373Z [INFO] --- checkstyle:3.1.2:check (palladio-checkstyle) @ org.palladiosimulator.reliability ---
2026-09-08T06:02:49.6827370Z [INFO] You have 0 Checkstyle violations.
2026-09-08T06:02:49.6855358Z [INFO] 
2026-09-08T06:02:49.6857245Z [INFO] --- tycho-surefire:2.7.5:integration-test (default-integration-test) @ org.palladiosimulator.reliability ---
2026-09-08T06:02:49.6905019Z [INFO] Skipping tests
2026-09-08T06:02:49.6905602Z [INFO] 
2026-09-08T06:02:49.6906468Z [INFO] --- failsafe:2.22.2:verify (default-verify) @ org.palladiosimulator.reliability ---
2026-09-08T06:02:49.7374284Z [INFO] Tests are skipped.
2026-09-08T06:02:49.7375128Z [INFO] 
2026-09-08T06:02:49.7376237Z [INFO] --< org.palladiosimulator.reliability:org.palladiosimulator.reliability.markov >--
2026-09-08T06:02:49.7377700Z [INFO] Building [bundle] Markov Model 5.2.2                              [4/16]
2026-09-08T06:02:49.7380075Z [INFO]   from bundles/org.palladiosimulator.reliability.markov/.polyglot.META-INF
2026-09-08T06:02:49.7381341Z [INFO] ---------------------------[ eclipse-plugin ]---------------------------
2026-09-08T06:02:49.7434583Z [INFO] 
2026-09-08T06:02:49.7442588Z [INFO] --- clean:3.5.0:clean (default-clean) @ org.palladiosimulator.reliability.markov ---
2026-09-08T06:02:49.7445603Z [INFO] Deleting /home/runner/work/telemetry-availability-identification/telemetry-availability-identification/palladio-source/bundles/org.palladiosimulator.reliability.markov (includes = [target/**, xtend-gen/**, emfparsley-gen/**], excludes = [*/.gitkeep])
2026-09-08T06:02:49.7456832Z [INFO] 
2026-09-08T06:02:49.7458318Z [INFO] --- tycho-packaging:2.7.5:build-qualifier (default-build-qualifier) @ org.palladiosimulator.reliability.markov ---
2026-09-08T06:02:49.7465715Z [INFO] The project's OSGi version is 5.2.2
2026-09-08T06:02:49.7466428Z [INFO] 
2026-09-08T06:02:49.7467471Z [INFO] --- tycho-packaging:2.7.5:validate-id (default-validate-id) @ org.palladiosimulator.reliability.markov ---
2026-09-08T06:02:49.7468661Z [INFO] 
2026-09-08T06:02:49.7469750Z [INFO] --- tycho-packaging:2.7.5:validate-version (default-validate-version) @ org.palladiosimulator.reliability.markov ---
2026-09-08T06:02:49.7470966Z [INFO] 
2026-09-08T06:02:49.7472170Z [INFO] --- target-platform-configuration:2.7.5:target-platform (default-target-platform) @ org.palladiosimulator.reliability.markov ---
2026-09-08T06:02:49.7473515Z [INFO] 
2026-09-08T06:02:49.7475146Z [INFO] --- tycho-compiler:2.7.5:validate-classpath (default-validate-classpath) @ org.palladiosimulator.reliability.markov ---
2026-09-08T06:02:49.7477879Z [INFO] Resolving class path of [bundle] Markov Model...
2026-09-08T06:02:49.7706491Z [INFO] 
2026-09-08T06:02:49.7711002Z [INFO] --- xtend:2.39.0:compile (default) @ org.palladiosimulator.reliability.markov ---
2026-09-08T06:02:50.0435583Z [INFO] 
2026-09-08T06:02:50.0443299Z [INFO] --- resources:2.4.3:resources (default-resources) @ org.palladiosimulator.reliability.markov ---
2026-09-08T06:02:50.0474150Z [INFO] Using 'UTF-8' encoding to copy filtered resources.
2026-09-08T06:02:50.0476305Z [INFO] skip non existing resourceDirectory /home/runner/work/telemetry-availability-identification/telemetry-availability-identification/palladio-source/bundles/org.palladiosimulator.reliability.markov/src/main/resources
2026-09-08T06:02:50.0478218Z [INFO] 
2026-09-08T06:02:50.0479113Z [INFO] --- tycho-compiler:2.7.5:compile (default-compile) @ org.palladiosimulator.reliability.markov ---
2026-09-08T06:02:50.0481680Z [INFO] Compiling 17 source files to /home/runner/work/telemetry-availability-identification/telemetry-availability-identification/palladio-source/bundles/org.palladiosimulator.reliability.markov/target/classes
2026-09-08T06:02:50.4011332Z [INFO] 
2026-09-08T06:02:50.4025386Z [INFO] --- tycho-ds:2.7.5:declarative-services (default-declarative-services) @ org.palladiosimulator.reliability.markov ---
2026-09-08T06:02:50.4054757Z [INFO] 
2026-09-08T06:02:50.4085029Z [INFO] --- jacoco:0.8.13:prepare-agent (jacoco-prepare) @ org.palladiosimulator.reliability.markov ---
2026-09-08T06:02:50.4108319Z [INFO] argLine set to -javaagent:/home/runner/work/_temp/m9v-recovery-maven-repository/org/jacoco/org.jacoco.agent/0.8.13/org.jacoco.agent-0.8.13-runtime.jar=destfile=/home/runner/work/telemetry-availability-identification/telemetry-availability-identification/palladio-source/bundles/org.palladiosimulator.reliability.markov/target/jacoco.exec
2026-09-08T06:02:50.4124518Z [INFO] 
2026-09-08T06:02:50.4153670Z [INFO] --- resources:2.4.3:testResources (default-testResources) @ org.palladiosimulator.reliability.markov ---
2026-09-08T06:02:50.4162269Z [INFO] Using 'UTF-8' encoding to copy filtered resources.
2026-09-08T06:02:50.4164482Z [INFO] skip non existing resourceDirectory /home/runner/work/telemetry-availability-identification/telemetry-availability-identification/palladio-source/bundles/org.palladiosimulator.reliability.markov/src/test/resources
2026-09-08T06:02:50.4166347Z [INFO] 
2026-09-08T06:02:50.4167272Z [INFO] --- tycho-compiler:2.7.5:testCompile (default-testCompile) @ org.palladiosimulator.reliability.markov ---
2026-09-08T06:02:50.4168313Z [INFO] 
2026-09-08T06:02:50.4169085Z [INFO] --- surefire:2.22.2:test (default-test) @ org.palladiosimulator.reliability.markov ---
2026-09-08T06:02:50.4170004Z [INFO] Tests are skipped.
2026-09-08T06:02:50.4170531Z [INFO] 
2026-09-08T06:02:50.4171548Z [INFO] --- tycho-packaging:2.7.5:update-consumer-pom (default-update-consumer-pom) @ org.palladiosimulator.reliability.markov ---
2026-09-08T06:02:50.4172712Z [INFO] 
2026-09-08T06:02:50.4173584Z [INFO] --- tycho-source:2.7.5:plugin-source (plugin-source) @ org.palladiosimulator.reliability.markov ---
2026-09-08T06:02:50.4176604Z [INFO] Building jar: /home/runner/work/telemetry-availability-identification/telemetry-availability-identification/palladio-source/bundles/org.palladiosimulator.reliability.markov/target/org.palladiosimulator.reliability.markov-5.2.2-sources.jar
2026-09-08T06:02:50.4244614Z [INFO] 
2026-09-08T06:02:50.4255368Z [INFO] --- tycho-packaging:2.7.5:package-plugin (default-package-plugin) @ org.palladiosimulator.reliability.markov ---
2026-09-08T06:02:50.4294706Z [INFO] Building jar: /home/runner/work/telemetry-availability-identification/telemetry-availability-identification/palladio-source/bundles/org.palladiosimulator.reliability.markov/target/org.palladiosimulator.reliability.markov-5.2.2.jar
2026-09-08T06:02:50.4485751Z [INFO] 
2026-09-08T06:02:50.4496664Z [INFO] --- tycho-p2:2.7.5:p2-metadata-default (default-p2-metadata-default) @ org.palladiosimulator.reliability.markov ---
2026-09-08T06:02:50.4541565Z [INFO] 
2026-09-08T06:02:50.4565471Z [INFO] --- tycho-source:2.7.5:feature-source (feature-source) @ org.palladiosimulator.reliability.markov ---
2026-09-08T06:02:50.4566699Z [INFO] 
2026-09-08T06:02:50.4567697Z [INFO] --- tycho-p2:2.7.5:p2-metadata (attached-p2-metadata) @ org.palladiosimulator.reliability.markov ---
2026-09-08T06:02:50.4595569Z [WARNING] artifact org.palladiosimulator.reliability:org.palladiosimulator.reliability.markov:xml:p2metadata:5.2.2 already attached, replace previous instance
2026-09-08T06:02:50.4625339Z [WARNING] artifact org.palladiosimulator.reliability:org.palladiosimulator.reliability.markov:xml:p2artifacts:5.2.2 already attached, replace previous instance
2026-09-08T06:02:50.4644195Z [INFO] 
2026-09-08T06:02:50.4674977Z [INFO] --- checkstyle:3.1.2:check (palladio-checkstyle) @ org.palladiosimulator.reliability.markov ---
2026-09-08T06:02:50.7943054Z [INFO] You have 0 Checkstyle violations.
2026-09-08T06:02:50.7947853Z [INFO] 
2026-09-08T06:02:50.7948942Z [INFO] --- tycho-surefire:2.7.5:integration-test (default-integration-test) @ org.palladiosimulator.reliability.markov ---
2026-09-08T06:02:50.7958552Z [INFO] Skipping tests
2026-09-08T06:02:50.7960290Z [INFO] 
2026-09-08T06:02:50.7962834Z [INFO] --- failsafe:2.22.2:verify (default-verify) @ org.palladiosimulator.reliability.markov ---
2026-09-08T06:02:50.7965316Z [INFO] Tests are skipped.
2026-09-08T06:02:50.7965959Z [INFO] 
2026-09-08T06:02:50.7966943Z [INFO] --< org.palladiosimulator.reliability:org.palladiosimulator.reliability.markov.edit >--
2026-09-08T06:02:50.7968238Z [INFO] Building [bundle] Markov Edit Support 5.2.2                       [5/16]
2026-09-08T06:02:50.7969470Z [INFO]   from bundles/org.palladiosimulator.reliability.markov.edit/.polyglot.META-INF
2026-09-08T06:02:50.7981693Z [INFO] ---------------------------[ eclipse-plugin ]---------------------------
2026-09-08T06:02:50.8011955Z [INFO] 
2026-09-08T06:02:50.8013123Z [INFO] --- clean:3.5.0:clean (default-clean) @ org.palladiosimulator.reliability.markov.edit ---
2026-09-08T06:02:50.8085886Z [INFO] Deleting /home/runner/work/telemetry-availability-identification/telemetry-availability-identification/palladio-source/bundles/org.palladiosimulator.reliability.markov.edit (includes = [target/**, xtend-gen/**, emfparsley-gen/**], excludes = [*/.gitkeep])
2026-09-08T06:02:50.8088092Z [INFO] 
2026-09-08T06:02:50.8089061Z [INFO] --- tycho-packaging:2.7.5:build-qualifier (default-build-qualifier) @ org.palladiosimulator.reliability.markov.edit ---
2026-09-08T06:02:50.8090089Z [INFO] The project's OSGi version is 5.2.2
2026-09-08T06:02:50.8090387Z [INFO] 
2026-09-08T06:02:50.8090920Z [INFO] --- tycho-packaging:2.7.5:validate-id (default-validate-id) @ org.palladiosimulator.reliability.markov.edit ---
2026-09-08T06:02:50.8091481Z [INFO] 
2026-09-08T06:02:50.8092039Z [INFO] --- tycho-packaging:2.7.5:validate-version (default-validate-version) @ org.palladiosimulator.reliability.markov.edit ---
2026-09-08T06:02:50.8092650Z [INFO] 
2026-09-08T06:02:50.8093239Z [INFO] --- target-platform-configuration:2.7.5:target-platform (default-target-platform) @ org.palladiosimulator.reliability.markov.edit ---
2026-09-08T06:02:50.8251394Z [INFO] 
2026-09-08T06:02:50.8253026Z [INFO] --- tycho-compiler:2.7.5:validate-classpath (default-validate-classpath) @ org.palladiosimulator.reliability.markov.edit ---
2026-09-08T06:02:50.8255599Z [INFO] Resolving class path of [bundle] Markov Edit Support...
2026-09-08T06:02:50.8409501Z [INFO] 
2026-09-08T06:02:50.8410544Z [INFO] --- xtend:2.39.0:compile (default) @ org.palladiosimulator.reliability.markov.edit ---
2026-09-08T06:02:50.9110991Z [INFO] 
2026-09-08T06:02:50.9125537Z [INFO] --- resources:2.4.3:resources (default-resources) @ org.palladiosimulator.reliability.markov.edit ---
2026-09-08T06:02:50.9134827Z [INFO] Using 'UTF-8' encoding to copy filtered resources.
2026-09-08T06:02:50.9136955Z [INFO] skip non existing resourceDirectory /home/runner/work/telemetry-availability-identification/telemetry-availability-identification/palladio-source/bundles/org.palladiosimulator.reliability.markov.edit/src/main/resources
2026-09-08T06:02:50.9139026Z [INFO] 
2026-09-08T06:02:50.9155097Z [INFO] --- tycho-compiler:2.7.5:compile (default-compile) @ org.palladiosimulator.reliability.markov.edit ---
2026-09-08T06:02:50.9173417Z [WARNING] Parameter 'useProjectSettings' is set to true, but preferences file '/home/runner/work/telemetry-availability-identification/telemetry-availability-identification/palladio-source/bundles/org.palladiosimulator.reliability.markov.edit/.settings/org.eclipse.jdt.core.prefs' could not be found!
2026-09-08T06:02:50.9177514Z [INFO] Compiling 7 source files to /home/runner/work/telemetry-availability-identification/telemetry-availability-identification/palladio-source/bundles/org.palladiosimulator.reliability.markov.edit/target/classes
2026-09-08T06:02:51.0222279Z [INFO] 
2026-09-08T06:02:51.0224266Z [INFO] --- tycho-ds:2.7.5:declarative-services (default-declarative-services) @ org.palladiosimulator.reliability.markov.edit ---
2026-09-08T06:02:51.0227978Z [INFO] 
2026-09-08T06:02:51.0229157Z [INFO] --- jacoco:0.8.13:prepare-agent (jacoco-prepare) @ org.palladiosimulator.reliability.markov.edit ---
2026-09-08T06:02:51.0235373Z [INFO] argLine set to -javaagent:/home/runner/work/_temp/m9v-recovery-maven-repository/org/jacoco/org.jacoco.agent/0.8.13/org.jacoco.agent-0.8.13-runtime.jar=destfile=/home/runner/work/telemetry-availability-identification/telemetry-availability-identification/palladio-source/bundles/org.palladiosimulator.reliability.markov.edit/target/jacoco.exec
2026-09-08T06:02:51.0238565Z [INFO] 
2026-09-08T06:02:51.0239652Z [INFO] --- resources:2.4.3:testResources (default-testResources) @ org.palladiosimulator.reliability.markov.edit ---
2026-09-08T06:02:51.0250880Z [INFO] Using 'UTF-8' encoding to copy filtered resources.
2026-09-08T06:02:51.0274716Z [INFO] skip non existing resourceDirectory /home/runner/work/telemetry-availability-identification/telemetry-availability-identification/palladio-source/bundles/org.palladiosimulator.reliability.markov.edit/src/test/resources
2026-09-08T06:02:51.0276980Z [INFO] 
2026-09-08T06:02:51.0278147Z [INFO] --- tycho-compiler:2.7.5:testCompile (default-testCompile) @ org.palladiosimulator.reliability.markov.edit ---
2026-09-08T06:02:51.0279374Z [INFO] 
2026-09-08T06:02:51.0280270Z [INFO] --- surefire:2.22.2:test (default-test) @ org.palladiosimulator.reliability.markov.edit ---
2026-09-08T06:02:51.0287431Z [INFO] Tests are skipped.
2026-09-08T06:02:51.0304699Z [INFO] 
2026-09-08T06:02:51.0324369Z [INFO] --- tycho-packaging:2.7.5:update-consumer-pom (default-update-consumer-pom) @ org.palladiosimulator.reliability.markov.edit ---
2026-09-08T06:02:51.0339227Z [INFO] 
2026-09-08T06:02:51.0340274Z [INFO] --- tycho-source:2.7.5:plugin-source (plugin-source) @ org.palladiosimulator.reliability.markov.edit ---
2026-09-08T06:02:51.0346516Z [INFO] Building jar: /home/runner/work/telemetry-availability-identification/telemetry-availability-identification/palladio-source/bundles/org.palladiosimulator.reliability.markov.edit/target/org.palladiosimulator.reliability.markov.edit-5.2.2-sources.jar
2026-09-08T06:02:51.0512377Z [INFO] 
2026-09-08T06:02:51.0514257Z [INFO] --- tycho-packaging:2.7.5:package-plugin (default-package-plugin) @ org.palladiosimulator.reliability.markov.edit ---
2026-09-08T06:02:51.0555644Z [INFO] Building jar: /home/runner/work/telemetry-availability-identification/telemetry-availability-identification/palladio-source/bundles/org.palladiosimulator.reliability.markov.edit/target/org.palladiosimulator.reliability.markov.edit-5.2.2.jar
2026-09-08T06:02:51.0654735Z [INFO] 
2026-09-08T06:02:51.0655990Z [INFO] --- tycho-p2:2.7.5:p2-metadata-default (default-p2-metadata-default) @ org.palladiosimulator.reliability.markov.edit ---
2026-09-08T06:02:51.0693586Z [INFO] 
2026-09-08T06:02:51.0697046Z [INFO] --- tycho-source:2.7.5:feature-source (feature-source) @ org.palladiosimulator.reliability.markov.edit ---
2026-09-08T06:02:51.0714838Z [INFO] 
2026-09-08T06:02:51.0716303Z [INFO] --- tycho-p2:2.7.5:p2-metadata (attached-p2-metadata) @ org.palladiosimulator.reliability.markov.edit ---
2026-09-08T06:02:51.0719588Z [WARNING] artifact org.palladiosimulator.reliability:org.palladiosimulator.reliability.markov.edit:xml:p2metadata:5.2.2 already attached, replace previous instance
2026-09-08T06:02:51.0722198Z [WARNING] artifact org.palladiosimulator.reliability:org.palladiosimulator.reliability.markov.edit:xml:p2artifacts:5.2.2 already attached, replace previous instance
2026-09-08T06:02:51.0744651Z [INFO] 
2026-09-08T06:02:51.0745811Z [INFO] --- checkstyle:3.1.2:check (palladio-checkstyle) @ org.palladiosimulator.reliability.markov.edit ---
2026-09-08T06:02:51.1852489Z [INFO] You have 0 Checkstyle violations.
2026-09-08T06:02:51.1874748Z [INFO] 
2026-09-08T06:02:51.1876060Z [INFO] --- tycho-surefire:2.7.5:integration-test (default-integration-test) @ org.palladiosimulator.reliability.markov.edit ---
2026-09-08T06:02:51.1885880Z [INFO] Skipping tests
2026-09-08T06:02:51.1888232Z [INFO] 
2026-09-08T06:02:51.1889320Z [INFO] --- failsafe:2.22.2:verify (default-verify) @ org.palladiosimulator.reliability.markov.edit ---
2026-09-08T06:02:51.1893449Z [INFO] Tests are skipped.
2026-09-08T06:02:51.1918044Z [INFO] 
2026-09-08T06:02:51.1919097Z [INFO] --< org.palladiosimulator.reliability:org.palladiosimulator.reliability.markov.editor >--
2026-09-08T06:02:51.1942619Z [INFO] Building [bundle] Markov Editor 5.2.2                             [6/16]
2026-09-08T06:02:51.1946284Z [INFO]   from bundles/org.palladiosimulator.reliability.markov.editor/.polyglot.META-INF
2026-09-08T06:02:51.1947668Z [INFO] ---------------------------[ eclipse-plugin ]---------------------------
2026-09-08T06:02:51.5744753Z [INFO] 
2026-09-08T06:02:51.5745771Z [INFO] --- clean:3.5.0:clean (default-clean) @ org.palladiosimulator.reliability.markov.editor ---
2026-09-08T06:02:51.5748313Z [INFO] Deleting /home/runner/work/telemetry-availability-identification/telemetry-availability-identification/palladio-source/bundles/org.palladiosimulator.reliability.markov.editor (includes = [target/**, xtend-gen/**, emfparsley-gen/**], excludes = [*/.gitkeep])
2026-09-08T06:02:51.5761198Z [INFO] 
2026-09-08T06:02:51.5775565Z [INFO] --- tycho-packaging:2.7.5:build-qualifier (default-build-qualifier) @ org.palladiosimulator.reliability.markov.editor ---
2026-09-08T06:02:51.5776931Z [INFO] The project's OSGi version is 5.2.2
2026-09-08T06:02:51.5777719Z [INFO] 
2026-09-08T06:02:51.5778976Z [INFO] --- tycho-packaging:2.7.5:validate-id (default-validate-id) @ org.palladiosimulator.reliability.markov.editor ---
2026-09-08T06:02:51.5780246Z [INFO] 
2026-09-08T06:02:51.5781362Z [INFO] --- tycho-packaging:2.7.5:validate-version (default-validate-version) @ org.palladiosimulator.reliability.markov.editor ---
2026-09-08T06:02:51.5782577Z [INFO] 
2026-09-08T06:02:51.5784166Z [INFO] --- target-platform-configuration:2.7.5:target-platform (default-target-platform) @ org.palladiosimulator.reliability.markov.editor ---
2026-09-08T06:02:51.5816781Z [INFO] 
2026-09-08T06:02:51.5818384Z [INFO] --- tycho-compiler:2.7.5:validate-classpath (default-validate-classpath) @ org.palladiosimulator.reliability.markov.editor ---
2026-09-08T06:02:51.5820196Z [INFO] Resolving class path of [bundle] Markov Editor...
2026-09-08T06:02:51.8257787Z [INFO] Fetching org.eclipse.e4.ui.swt.win32_1.1.200.v20230214-1401.jar from https://download.eclipse.org/releases/2023-03/202303151000/plugins/ (12.11kB)
2026-09-08T06:02:51.8824996Z [INFO] Fetching org.eclipse.equinox.security.win32.x86_64_1.1.300.v20211021-1418.jar from https://download.eclipse.org/releases/2023-03/202303151000/plugins/ (40.75kB)
2026-09-08T06:02:52.2371576Z [INFO] Fetching org.apache.commons.logging.fragment_1.0.0.jar from https://updatesite.palladio-simulator.com/palladio-thirdparty-wrapper/releases/5.2.2/plugins/ (11.23kB)
2026-09-08T06:02:52.3795957Z [INFO] Fetching org.eclipse.equinox.security.linux_1.0.300.v20220904-1118.jar from https://download.eclipse.org/releases/2023-03/202303151000/plugins/ (25.53kB)
2026-09-08T06:02:52.4182209Z [INFO] Fetching org.eclipse.equinox.security.macosx_1.101.400.v20210427-1958.jar from https://download.eclipse.org/releases/2023-03/202303151000/plugins/ (28.06kB)
2026-09-08T06:02:52.4629674Z [INFO] Fetching org.eclipse.e4.ui.swt.gtk_1.1.300.v20230220-0932.jar from https://download.eclipse.org/releases/2023-03/202303151000/plugins/ (12.59kB)
2026-09-08T06:02:52.5128396Z [INFO] Fetching org.eclipse.ui.cocoa_1.3.100.v20230214-1401.jar from https://download.eclipse.org/releases/2023-03/202303151000/plugins/ (11.39kB)
2026-09-08T06:02:52.5748768Z [INFO] Fetching org.eclipse.e4.ui.workbench.renderers.swt.cocoa_0.13.100.v20230214-1401.jar from https://download.eclipse.org/releases/2023-03/202303151000/plugins/ (31.78kB)
2026-09-08T06:02:52.6143681Z [INFO] Fetching org.eclipse.ui.win32_3.4.600.v20230214-1401.jar from https://download.eclipse.org/releases/2023-03/202303151000/plugins/ (24.48kB)
2026-09-08T06:02:52.6582062Z [INFO] 
2026-09-08T06:02:52.6583252Z [INFO] --- xtend:2.39.0:compile (default) @ org.palladiosimulator.reliability.markov.editor ---
2026-09-08T06:02:53.0582744Z [INFO] 
2026-09-08T06:02:53.0584090Z [INFO] --- resources:2.4.3:resources (default-resources) @ org.palladiosimulator.reliability.markov.editor ---
2026-09-08T06:02:53.0595014Z [INFO] Using 'UTF-8' encoding to copy filtered resources.
2026-09-08T06:02:53.0597227Z [INFO] skip non existing resourceDirectory /home/runner/work/telemetry-availability-identification/telemetry-availability-identification/palladio-source/bundles/org.palladiosimulator.reliability.markov.editor/src/main/resources
2026-09-08T06:02:53.0609798Z [INFO] 
2026-09-08T06:02:53.0625815Z [INFO] --- tycho-compiler:2.7.5:compile (default-compile) @ org.palladiosimulator.reliability.markov.editor ---
2026-09-08T06:02:53.0632751Z [WARNING] Parameter 'useProjectSettings' is set to true, but preferences file '/home/runner/work/telemetry-availability-identification/telemetry-availability-identification/palladio-source/bundles/org.palladiosimulator.reliability.markov.editor/.settings/org.eclipse.jdt.core.prefs' could not be found!
2026-09-08T06:02:53.0636893Z [INFO] Compiling 4 source files to /home/runner/work/telemetry-availability-identification/telemetry-availability-identification/palladio-source/bundles/org.palladiosimulator.reliability.markov.editor/target/classes
2026-09-08T06:02:53.4375045Z [INFO] 
2026-09-08T06:02:53.4405343Z [INFO] --- tycho-ds:2.7.5:declarative-services (default-declarative-services) @ org.palladiosimulator.reliability.markov.editor ---
2026-09-08T06:02:53.4434337Z [INFO] 
2026-09-08T06:02:53.4435260Z [INFO] --- jacoco:0.8.13:prepare-agent (jacoco-prepare) @ org.palladiosimulator.reliability.markov.editor ---
2026-09-08T06:02:53.4466702Z [INFO] argLine set to -javaagent:/home/runner/work/_temp/m9v-recovery-maven-repository/org/jacoco/org.jacoco.agent/0.8.13/org.jacoco.agent-0.8.13-runtime.jar=destfile=/home/runner/work/telemetry-availability-identification/telemetry-availability-identification/palladio-source/bundles/org.palladiosimulator.reliability.markov.editor/target/jacoco.exec
2026-09-08T06:02:53.4494300Z [INFO] 
2026-09-08T06:02:53.4495632Z [INFO] --- resources:2.4.3:testResources (default-testResources) @ org.palladiosimulator.reliability.markov.editor ---
2026-09-08T06:02:53.4524602Z [INFO] Using 'UTF-8' encoding to copy filtered resources.
2026-09-08T06:02:53.4526696Z [INFO] skip non existing resourceDirectory /home/runner/work/telemetry-availability-identification/telemetry-availability-identification/palladio-source/bundles/org.palladiosimulator.reliability.markov.editor/src/test/resources
2026-09-08T06:02:53.4528656Z [INFO] 
2026-09-08T06:02:53.4529587Z [INFO] --- tycho-compiler:2.7.5:testCompile (default-testCompile) @ org.palladiosimulator.reliability.markov.editor ---
2026-09-08T06:02:53.4530686Z [INFO] 
2026-09-08T06:02:53.4531427Z [INFO] --- surefire:2.22.2:test (default-test) @ org.palladiosimulator.reliability.markov.editor ---
2026-09-08T06:02:53.4532331Z [INFO] Tests are skipped.
2026-09-08T06:02:53.4532832Z [INFO] 
2026-09-08T06:02:53.4534844Z [INFO] --- tycho-packaging:2.7.5:update-consumer-pom (default-update-consumer-pom) @ org.palladiosimulator.reliability.markov.editor ---
2026-09-08T06:02:53.4536219Z [INFO] 
2026-09-08T06:02:53.4537446Z [INFO] --- tycho-source:2.7.5:plugin-source (plugin-source) @ org.palladiosimulator.reliability.markov.editor ---
2026-09-08T06:02:53.4566294Z [INFO] Building jar: /home/runner/work/telemetry-availability-identification/telemetry-availability-identification/palladio-source/bundles/org.palladiosimulator.reliability.markov.editor/target/org.palladiosimulator.reliability.markov.editor-5.2.2-sources.jar
2026-09-08T06:02:53.4587567Z [INFO] 
2026-09-08T06:02:53.4610686Z [INFO] --- tycho-packaging:2.7.5:package-plugin (default-package-plugin) @ org.palladiosimulator.reliability.markov.editor ---
2026-09-08T06:02:53.4650578Z [INFO] Building jar: /home/runner/work/telemetry-availability-identification/telemetry-availability-identification/palladio-source/bundles/org.palladiosimulator.reliability.markov.editor/target/org.palladiosimulator.reliability.markov.editor-5.2.2.jar
2026-09-08T06:02:53.4811548Z [INFO] 
2026-09-08T06:02:53.4827597Z [INFO] --- tycho-p2:2.7.5:p2-metadata-default (default-p2-metadata-default) @ org.palladiosimulator.reliability.markov.editor ---
2026-09-08T06:02:53.4850730Z [INFO] 
2026-09-08T06:02:53.4852009Z [INFO] --- tycho-source:2.7.5:feature-source (feature-source) @ org.palladiosimulator.reliability.markov.editor ---
2026-09-08T06:02:53.4858202Z [INFO] 
2026-09-08T06:02:53.4859350Z [INFO] --- tycho-p2:2.7.5:p2-metadata (attached-p2-metadata) @ org.palladiosimulator.reliability.markov.editor ---
2026-09-08T06:02:53.4888668Z [WARNING] artifact org.palladiosimulator.reliability:org.palladiosimulator.reliability.markov.editor:xml:p2metadata:5.2.2 already attached, replace previous instance
2026-09-08T06:02:53.4891288Z [WARNING] artifact org.palladiosimulator.reliability:org.palladiosimulator.reliability.markov.editor:xml:p2artifacts:5.2.2 already attached, replace previous instance
2026-09-08T06:02:53.4892968Z [INFO] 
2026-09-08T06:02:53.4894282Z [INFO] --- checkstyle:3.1.2:check (palladio-checkstyle) @ org.palladiosimulator.reliability.markov.editor ---
2026-09-08T06:02:53.9102481Z [INFO] You have 0 Checkstyle violations.
2026-09-08T06:02:53.9103233Z [INFO] 
2026-09-08T06:02:53.9104665Z [INFO] --- tycho-surefire:2.7.5:integration-test (default-integration-test) @ org.palladiosimulator.reliability.markov.editor ---
2026-09-08T06:02:53.9124194Z [INFO] Skipping tests
2026-09-08T06:02:53.9141291Z [INFO] 
2026-09-08T06:02:53.9142463Z [INFO] --- failsafe:2.22.2:verify (default-verify) @ org.palladiosimulator.reliability.markov.editor ---
2026-09-08T06:02:53.9143746Z [INFO] Tests are skipped.
2026-09-08T06:02:53.9144688Z [INFO] 
2026-09-08T06:02:53.9145786Z [INFO] --< org.palladiosimulator.reliability:org.palladiosimulator.reliability.sensitivity >--
2026-09-08T06:02:53.9147300Z [INFO] Building [bundle] PCM Markov Sensitivity Model 5.2.2              [7/16]
2026-09-08T06:02:53.9163651Z [INFO]   from bundles/org.palladiosimulator.reliability.sensitivity/.polyglot.META-INF
2026-09-08T06:02:53.9165588Z [INFO] ---------------------------[ eclipse-plugin ]---------------------------
2026-09-08T06:02:53.9329664Z [INFO] 
2026-09-08T06:02:53.9330663Z [INFO] --- clean:3.5.0:clean (default-clean) @ org.palladiosimulator.reliability.sensitivity ---
2026-09-08T06:02:53.9342295Z [INFO] Deleting /home/runner/work/telemetry-availability-identification/telemetry-availability-identification/palladio-source/bundles/org.palladiosimulator.reliability.sensitivity (includes = [target/**, xtend-gen/**, emfparsley-gen/**], excludes = [*/.gitkeep])
2026-09-08T06:02:53.9346841Z [INFO] 
2026-09-08T06:02:53.9348096Z [INFO] --- tycho-packaging:2.7.5:build-qualifier (default-build-qualifier) @ org.palladiosimulator.reliability.sensitivity ---
2026-09-08T06:02:53.9351100Z [INFO] The project's OSGi version is 5.2.2
2026-09-08T06:02:53.9351807Z [INFO] 
2026-09-08T06:02:53.9352959Z [INFO] --- tycho-packaging:2.7.5:validate-id (default-validate-id) @ org.palladiosimulator.reliability.sensitivity ---
2026-09-08T06:02:53.9355707Z [INFO] 
2026-09-08T06:02:53.9356902Z [INFO] --- tycho-packaging:2.7.5:validate-version (default-validate-version) @ org.palladiosimulator.reliability.sensitivity ---
2026-09-08T06:02:53.9360227Z [INFO] 
2026-09-08T06:02:53.9361572Z [INFO] --- target-platform-configuration:2.7.5:target-platform (default-target-platform) @ org.palladiosimulator.reliability.sensitivity ---
2026-09-08T06:02:53.9380294Z [INFO] 
2026-09-08T06:02:53.9381486Z [INFO] --- tycho-compiler:2.7.5:validate-classpath (default-validate-classpath) @ org.palladiosimulator.reliability.sensitivity ---
2026-09-08T06:02:53.9383406Z [INFO] Resolving class path of [bundle] PCM Markov Sensitivity Model...
2026-09-08T06:02:54.0658935Z [INFO] 
2026-09-08T06:02:54.0660476Z [INFO] --- xtend:2.39.0:compile (default) @ org.palladiosimulator.reliability.sensitivity ---
2026-09-08T06:02:54.5294941Z [INFO] 
2026-09-08T06:02:54.5325363Z [INFO] --- resources:2.4.3:resources (default-resources) @ org.palladiosimulator.reliability.sensitivity ---
2026-09-08T06:02:54.5344845Z [INFO] Using 'UTF-8' encoding to copy filtered resources.
2026-09-08T06:02:54.5376199Z [INFO] skip non existing resourceDirectory /home/runner/work/telemetry-availability-identification/telemetry-availability-identification/palladio-source/bundles/org.palladiosimulator.reliability.sensitivity/src/main/resources
2026-09-08T06:02:54.5378146Z [INFO] 
2026-09-08T06:02:54.5379164Z [INFO] --- tycho-compiler:2.7.5:compile (default-compile) @ org.palladiosimulator.reliability.sensitivity ---
2026-09-08T06:02:54.5382865Z [WARNING] Parameter 'useProjectSettings' is set to true, but preferences file '/home/runner/work/telemetry-availability-identification/telemetry-availability-identification/palladio-source/bundles/org.palladiosimulator.reliability.sensitivity/.settings/org.eclipse.jdt.core.prefs' could not be found!
2026-09-08T06:02:54.5387355Z [INFO] Compiling 67 source files to /home/runner/work/telemetry-availability-identification/telemetry-availability-identification/palladio-source/bundles/org.palladiosimulator.reliability.sensitivity/target/classes
2026-09-08T06:02:55.1032320Z [INFO] 
2026-09-08T06:02:55.1037307Z [INFO] --- tycho-ds:2.7.5:declarative-services (default-declarative-services) @ org.palladiosimulator.reliability.sensitivity ---
2026-09-08T06:02:55.1054904Z [INFO] 
2026-09-08T06:02:55.1085277Z [INFO] --- jacoco:0.8.13:prepare-agent (jacoco-prepare) @ org.palladiosimulator.reliability.sensitivity ---
2026-09-08T06:02:55.1095590Z [INFO] argLine set to -javaagent:/home/runner/work/_temp/m9v-recovery-maven-repository/org/jacoco/org.jacoco.agent/0.8.13/org.jacoco.agent-0.8.13-runtime.jar=destfile=/home/runner/work/telemetry-availability-identification/telemetry-availability-identification/palladio-source/bundles/org.palladiosimulator.reliability.sensitivity/target/jacoco.exec
2026-09-08T06:02:55.1098495Z [INFO] 
2026-09-08T06:02:55.1115385Z [INFO] --- resources:2.4.3:testResources (default-testResources) @ org.palladiosimulator.reliability.sensitivity ---
2026-09-08T06:02:55.1116728Z [INFO] Using 'UTF-8' encoding to copy filtered resources.
2026-09-08T06:02:55.1119234Z [INFO] skip non existing resourceDirectory /home/runner/work/telemetry-availability-identification/telemetry-availability-identification/palladio-source/bundles/org.palladiosimulator.reliability.sensitivity/src/test/resources
2026-09-08T06:02:55.1121254Z [INFO] 
2026-09-08T06:02:55.1122289Z [INFO] --- tycho-compiler:2.7.5:testCompile (default-testCompile) @ org.palladiosimulator.reliability.sensitivity ---
2026-09-08T06:02:55.1123468Z [INFO] 
2026-09-08T06:02:55.1124780Z [INFO] --- surefire:2.22.2:test (default-test) @ org.palladiosimulator.reliability.sensitivity ---
2026-09-08T06:02:55.1125926Z [INFO] Tests are skipped.
2026-09-08T06:02:55.1126523Z [INFO] 
2026-09-08T06:02:55.1127640Z [INFO] --- tycho-packaging:2.7.5:update-consumer-pom (default-update-consumer-pom) @ org.palladiosimulator.reliability.sensitivity ---
2026-09-08T06:02:55.1128926Z [INFO] 
2026-09-08T06:02:55.1129939Z [INFO] --- tycho-source:2.7.5:plugin-source (plugin-source) @ org.palladiosimulator.reliability.sensitivity ---
2026-09-08T06:02:55.1196772Z [INFO] Building jar: /home/runner/work/telemetry-availability-identification/telemetry-availability-identification/palladio-source/bundles/org.palladiosimulator.reliability.sensitivity/target/org.palladiosimulator.reliability.sensitivity-5.2.2-sources.jar
2026-09-08T06:02:55.1425758Z [INFO] 
2026-09-08T06:02:55.1435873Z [INFO] --- tycho-packaging:2.7.5:package-plugin (default-package-plugin) @ org.palladiosimulator.reliability.sensitivity ---
2026-09-08T06:02:55.1509585Z [INFO] Building jar: /home/runner/work/telemetry-availability-identification/telemetry-availability-identification/palladio-source/bundles/org.palladiosimulator.reliability.sensitivity/target/org.palladiosimulator.reliability.sensitivity-5.2.2.jar
2026-09-08T06:02:55.1699305Z [INFO] 
2026-09-08T06:02:55.1715935Z [INFO] --- tycho-p2:2.7.5:p2-metadata-default (default-p2-metadata-default) @ org.palladiosimulator.reliability.sensitivity ---
2026-09-08T06:02:55.1775214Z [INFO] 
2026-09-08T06:02:55.1801632Z [INFO] --- tycho-source:2.7.5:feature-source (feature-source) @ org.palladiosimulator.reliability.sensitivity ---
2026-09-08T06:02:55.1816408Z [INFO] 
2026-09-08T06:02:55.1817512Z [INFO] --- tycho-p2:2.7.5:p2-metadata (attached-p2-metadata) @ org.palladiosimulator.reliability.sensitivity ---
2026-09-08T06:02:55.1819764Z [WARNING] artifact org.palladiosimulator.reliability:org.palladiosimulator.reliability.sensitivity:xml:p2metadata:5.2.2 already attached, replace previous instance
2026-09-08T06:02:55.1822168Z [WARNING] artifact org.palladiosimulator.reliability:org.palladiosimulator.reliability.sensitivity:xml:p2artifacts:5.2.2 already attached, replace previous instance
2026-09-08T06:02:55.1823669Z [INFO] 
2026-09-08T06:02:55.1824915Z [INFO] --- checkstyle:3.1.2:check (palladio-checkstyle) @ org.palladiosimulator.reliability.sensitivity ---
2026-09-08T06:02:55.8525346Z [INFO] You have 0 Checkstyle violations.
2026-09-08T06:02:55.8534458Z [INFO] 
2026-09-08T06:02:55.8565298Z [INFO] --- tycho-surefire:2.7.5:integration-test (default-integration-test) @ org.palladiosimulator.reliability.sensitivity ---
2026-09-08T06:02:55.8581327Z [INFO] Skipping tests
2026-09-08T06:02:55.8581930Z [INFO] 
2026-09-08T06:02:55.8582814Z [INFO] --- failsafe:2.22.2:verify (default-verify) @ org.palladiosimulator.reliability.sensitivity ---
2026-09-08T06:02:55.8584075Z [INFO] Tests are skipped.
2026-09-08T06:02:55.8584673Z [INFO] 
2026-09-08T06:02:55.8585578Z [INFO] --< org.palladiosimulator.reliability:org.palladiosimulator.reliability.sensitivity.edit >--
2026-09-08T06:02:55.8586895Z [INFO] Building [bundle] EMF Edit Plug-in for PCM Markov Sensitivity Model 5.2.2 [8/16]
2026-09-08T06:02:55.8588166Z [INFO]   from bundles/org.palladiosimulator.reliability.sensitivity.edit/.polyglot.META-INF
2026-09-08T06:02:55.8589350Z [INFO] ---------------------------[ eclipse-plugin ]---------------------------
2026-09-08T06:02:55.8754704Z [INFO] 
2026-09-08T06:02:55.8755792Z [INFO] --- clean:3.5.0:clean (default-clean) @ org.palladiosimulator.reliability.sensitivity.edit ---
2026-09-08T06:02:55.8768447Z [INFO] Deleting /home/runner/work/telemetry-availability-identification/telemetry-availability-identification/palladio-source/bundles/org.palladiosimulator.reliability.sensitivity.edit (includes = [target/**, xtend-gen/**, emfparsley-gen/**], excludes = [*/.gitkeep])
2026-09-08T06:02:55.8784675Z [INFO] 
2026-09-08T06:02:55.8785951Z [INFO] --- tycho-packaging:2.7.5:build-qualifier (default-build-qualifier) @ org.palladiosimulator.reliability.sensitivity.edit ---
2026-09-08T06:02:55.8787355Z [INFO] The project's OSGi version is 5.2.2
2026-09-08T06:02:55.8788075Z [INFO] 
2026-09-08T06:02:55.8789187Z [INFO] --- tycho-packaging:2.7.5:validate-id (default-validate-id) @ org.palladiosimulator.reliability.sensitivity.edit ---
2026-09-08T06:02:55.8790464Z [INFO] 
2026-09-08T06:02:55.8791636Z [INFO] --- tycho-packaging:2.7.5:validate-version (default-validate-version) @ org.palladiosimulator.reliability.sensitivity.edit ---
2026-09-08T06:02:55.8792946Z [INFO] 
2026-09-08T06:02:55.8794399Z [INFO] --- target-platform-configuration:2.7.5:target-platform (default-target-platform) @ org.palladiosimulator.reliability.sensitivity.edit ---
2026-09-08T06:02:55.8848759Z [INFO] 
2026-09-08T06:02:55.8850135Z [INFO] --- tycho-compiler:2.7.5:validate-classpath (default-validate-classpath) @ org.palladiosimulator.reliability.sensitivity.edit ---
2026-09-08T06:02:55.8851840Z [INFO] Resolving class path of [bundle] EMF Edit Plug-in for PCM Markov Sensitivity Model...
2026-09-08T06:02:56.0325073Z [INFO] 
2026-09-08T06:02:56.0335289Z [INFO] --- xtend:2.39.0:compile (default) @ org.palladiosimulator.reliability.sensitivity.edit ---
2026-09-08T06:02:56.1800685Z [INFO] 
2026-09-08T06:02:56.1801895Z [INFO] --- resources:2.4.3:resources (default-resources) @ org.palladiosimulator.reliability.sensitivity.edit ---
2026-09-08T06:02:56.1812958Z [INFO] Using 'UTF-8' encoding to copy filtered resources.
2026-09-08T06:02:56.1826383Z [INFO] skip non existing resourceDirectory /home/runner/work/telemetry-availability-identification/telemetry-availability-identification/palladio-source/bundles/org.palladiosimulator.reliability.sensitivity.edit/src/main/resources
2026-09-08T06:02:56.1828502Z [INFO] 
2026-09-08T06:02:56.1829605Z [INFO] --- tycho-compiler:2.7.5:compile (default-compile) @ org.palladiosimulator.reliability.sensitivity.edit ---
2026-09-08T06:02:56.1832914Z [WARNING] Parameter 'useProjectSettings' is set to true, but preferences file '/home/runner/work/telemetry-availability-identification/telemetry-availability-identification/palladio-source/bundles/org.palladiosimulator.reliability.sensitivity.edit/.settings/org.eclipse.jdt.core.prefs' could not be found!
2026-09-08T06:02:56.1842007Z [INFO] Compiling 29 source files to /home/runner/work/telemetry-availability-identification/telemetry-availability-identification/palladio-source/bundles/org.palladiosimulator.reliability.sensitivity.edit/target/classes
2026-09-08T06:02:56.5726160Z [INFO] 
2026-09-08T06:02:56.5727828Z [INFO] --- tycho-ds:2.7.5:declarative-services (default-declarative-services) @ org.palladiosimulator.reliability.sensitivity.edit ---
2026-09-08T06:02:56.5732349Z [INFO] 
2026-09-08T06:02:56.5733406Z [INFO] --- jacoco:0.8.13:prepare-agent (jacoco-prepare) @ org.palladiosimulator.reliability.sensitivity.edit ---
2026-09-08T06:02:56.5750098Z [INFO] argLine set to -javaagent:/home/runner/work/_temp/m9v-recovery-maven-repository/org/jacoco/org.jacoco.agent/0.8.13/org.jacoco.agent-0.8.13-runtime.jar=destfile=/home/runner/work/telemetry-availability-identification/telemetry-availability-identification/palladio-source/bundles/org.palladiosimulator.reliability.sensitivity.edit/target/jacoco.exec
2026-09-08T06:02:56.5753464Z [INFO] 
2026-09-08T06:02:56.5754949Z [INFO] --- resources:2.4.3:testResources (default-testResources) @ org.palladiosimulator.reliability.sensitivity.edit ---
2026-09-08T06:02:56.5756395Z [INFO] Using 'UTF-8' encoding to copy filtered resources.
2026-09-08T06:02:56.5766903Z [INFO] skip non existing resourceDirectory /home/runner/work/telemetry-availability-identification/telemetry-availability-identification/palladio-source/bundles/org.palladiosimulator.reliability.sensitivity.edit/src/test/resources
2026-09-08T06:02:56.5769102Z [INFO] 
2026-09-08T06:02:56.5770300Z [INFO] --- tycho-compiler:2.7.5:testCompile (default-testCompile) @ org.palladiosimulator.reliability.sensitivity.edit ---
2026-09-08T06:02:56.5771666Z [INFO] 
2026-09-08T06:02:56.5772629Z [INFO] --- surefire:2.22.2:test (default-test) @ org.palladiosimulator.reliability.sensitivity.edit ---
2026-09-08T06:02:56.5797894Z [INFO] Tests are skipped.
2026-09-08T06:02:56.5798943Z [INFO] 
2026-09-08T06:02:56.5800409Z [INFO] --- tycho-packaging:2.7.5:update-consumer-pom (default-update-consumer-pom) @ org.palladiosimulator.reliability.sensitivity.edit ---
2026-09-08T06:02:56.5819770Z [INFO] 
2026-09-08T06:02:56.5821369Z [INFO] --- tycho-source:2.7.5:plugin-source (plugin-source) @ org.palladiosimulator.reliability.sensitivity.edit ---
2026-09-08T06:02:56.5879930Z [INFO] Building jar: /home/runner/work/telemetry-availability-identification/telemetry-availability-identification/palladio-source/bundles/org.palladiosimulator.reliability.sensitivity.edit/target/org.palladiosimulator.reliability.sensitivity.edit-5.2.2-sources.jar
2026-09-08T06:02:56.5969905Z [INFO] 
2026-09-08T06:02:56.5985495Z [INFO] --- tycho-packaging:2.7.5:package-plugin (default-package-plugin) @ org.palladiosimulator.reliability.sensitivity.edit ---
2026-09-08T06:02:56.6036309Z [INFO] Building jar: /home/runner/work/telemetry-availability-identification/telemetry-availability-identification/palladio-source/bundles/org.palladiosimulator.reliability.sensitivity.edit/target/org.palladiosimulator.reliability.sensitivity.edit-5.2.2.jar
2026-09-08T06:02:56.6384363Z [INFO] 
2026-09-08T06:02:56.6389748Z [INFO] --- tycho-p2:2.7.5:p2-metadata-default (default-p2-metadata-default) @ org.palladiosimulator.reliability.sensitivity.edit ---
2026-09-08T06:02:56.6429166Z [INFO] 
2026-09-08T06:02:56.6430317Z [INFO] --- tycho-source:2.7.5:feature-source (feature-source) @ org.palladiosimulator.reliability.sensitivity.edit ---
2026-09-08T06:02:56.6438699Z [INFO] 
2026-09-08T06:02:56.6439901Z [INFO] --- tycho-p2:2.7.5:p2-metadata (attached-p2-metadata) @ org.palladiosimulator.reliability.sensitivity.edit ---
2026-09-08T06:02:56.6472647Z [WARNING] artifact org.palladiosimulator.reliability:org.palladiosimulator.reliability.sensitivity.edit:xml:p2metadata:5.2.2 already attached, replace previous instance
2026-09-08T06:02:56.6475560Z [WARNING] artifact org.palladiosimulator.reliability:org.palladiosimulator.reliability.sensitivity.edit:xml:p2artifacts:5.2.2 already attached, replace previous instance
2026-09-08T06:02:56.6502143Z [INFO] 
2026-09-08T06:02:56.6503303Z [INFO] --- checkstyle:3.1.2:check (palladio-checkstyle) @ org.palladiosimulator.reliability.sensitivity.edit ---
2026-09-08T06:02:56.8325138Z [INFO] You have 0 Checkstyle violations.
2026-09-08T06:02:56.8354507Z [INFO] 
2026-09-08T06:02:56.8374567Z [INFO] --- tycho-surefire:2.7.5:integration-test (default-integration-test) @ org.palladiosimulator.reliability.sensitivity.edit ---
2026-09-08T06:02:56.8376149Z [INFO] Skipping tests
2026-09-08T06:02:56.8414464Z [INFO] 
2026-09-08T06:02:56.8425151Z [INFO] --- failsafe:2.22.2:verify (default-verify) @ org.palladiosimulator.reliability.sensitivity.edit ---
2026-09-08T06:02:56.8426298Z [INFO] Tests are skipped.
2026-09-08T06:02:56.8427033Z [INFO] 
2026-09-08T06:02:56.8428055Z [INFO] --< org.palladiosimulator.reliability:org.palladiosimulator.reliability.sensitivity.editor >--
2026-09-08T06:02:56.8429448Z [INFO] Building [bundle] EMF Editor Plug-in for PCM Markov Sensitivity Model 5.2.2 [9/16]
2026-09-08T06:02:56.8430807Z [INFO]   from bundles/org.palladiosimulator.reliability.sensitivity.editor/.polyglot.META-INF
2026-09-08T06:02:56.8432046Z [INFO] ---------------------------[ eclipse-plugin ]---------------------------
2026-09-08T06:02:56.8889381Z [INFO] 
2026-09-08T06:02:56.8890840Z [INFO] --- clean:3.5.0:clean (default-clean) @ org.palladiosimulator.reliability.sensitivity.editor ---
2026-09-08T06:02:56.8902361Z [INFO] Deleting /home/runner/work/telemetry-availability-identification/telemetry-availability-identification/palladio-source/bundles/org.palladiosimulator.reliability.sensitivity.editor (includes = [target/**, xtend-gen/**, emfparsley-gen/**], excludes = [*/.gitkeep])
2026-09-08T06:02:56.8905298Z [INFO] 
2026-09-08T06:02:56.8906921Z [INFO] --- tycho-packaging:2.7.5:build-qualifier (default-build-qualifier) @ org.palladiosimulator.reliability.sensitivity.editor ---
2026-09-08T06:02:56.8911605Z [INFO] The project's OSGi version is 5.2.2
2026-09-08T06:02:56.8912377Z [INFO] 
2026-09-08T06:02:56.8913422Z [INFO] --- tycho-packaging:2.7.5:validate-id (default-validate-id) @ org.palladiosimulator.reliability.sensitivity.editor ---
2026-09-08T06:02:56.8915731Z [INFO] 
2026-09-08T06:02:56.8916829Z [INFO] --- tycho-packaging:2.7.5:validate-version (default-validate-version) @ org.palladiosimulator.reliability.sensitivity.editor ---
2026-09-08T06:02:56.8918905Z [INFO] 
2026-09-08T06:02:56.8920173Z [INFO] --- target-platform-configuration:2.7.5:target-platform (default-target-platform) @ org.palladiosimulator.reliability.sensitivity.editor ---
2026-09-08T06:02:56.8977993Z [INFO] 
2026-09-08T06:02:56.8979351Z [INFO] --- tycho-compiler:2.7.5:validate-classpath (default-validate-classpath) @ org.palladiosimulator.reliability.sensitivity.editor ---
2026-09-08T06:02:56.8992158Z [INFO] Resolving class path of [bundle] EMF Editor Plug-in for PCM Markov Sensitivity Model...
2026-09-08T06:02:57.1299085Z [INFO] 
2026-09-08T06:02:57.1300513Z [INFO] --- xtend:2.39.0:compile (default) @ org.palladiosimulator.reliability.sensitivity.editor ---
2026-09-08T06:02:57.4362185Z [INFO] 
2026-09-08T06:02:57.4363387Z [INFO] --- resources:2.4.3:resources (default-resources) @ org.palladiosimulator.reliability.sensitivity.editor ---
2026-09-08T06:02:57.4375404Z [INFO] Using 'UTF-8' encoding to copy filtered resources.
2026-09-08T06:02:57.4380782Z [INFO] skip non existing resourceDirectory /home/runner/work/telemetry-availability-identification/telemetry-availability-identification/palladio-source/bundles/org.palladiosimulator.reliability.sensitivity.editor/src/main/resources
2026-09-08T06:02:57.4382993Z [INFO] 
2026-09-08T06:02:57.4384357Z [INFO] --- tycho-compiler:2.7.5:compile (default-compile) @ org.palladiosimulator.reliability.sensitivity.editor ---
2026-09-08T06:02:57.4397736Z [WARNING] Parameter 'useProjectSettings' is set to true, but preferences file '/home/runner/work/telemetry-availability-identification/telemetry-availability-identification/palladio-source/bundles/org.palladiosimulator.reliability.sensitivity.editor/.settings/org.eclipse.jdt.core.prefs' could not be found!
2026-09-08T06:02:57.4402720Z [INFO] Compiling 4 source files to /home/runner/work/telemetry-availability-identification/telemetry-availability-identification/palladio-source/bundles/org.palladiosimulator.reliability.sensitivity.editor/target/classes
2026-09-08T06:02:57.7855617Z [INFO] 
2026-09-08T06:02:57.7875727Z [INFO] --- tycho-ds:2.7.5:declarative-services (default-declarative-services) @ org.palladiosimulator.reliability.sensitivity.editor ---
2026-09-08T06:02:57.7898314Z [INFO] 
2026-09-08T06:02:57.7924330Z [INFO] --- jacoco:0.8.13:prepare-agent (jacoco-prepare) @ org.palladiosimulator.reliability.sensitivity.editor ---
2026-09-08T06:02:57.7956920Z [INFO] argLine set to -javaagent:/home/runner/work/_temp/m9v-recovery-maven-repository/org/jacoco/org.jacoco.agent/0.8.13/org.jacoco.agent-0.8.13-runtime.jar=destfile=/home/runner/work/telemetry-availability-identification/telemetry-availability-identification/palladio-source/bundles/org.palladiosimulator.reliability.sensitivity.editor/target/jacoco.exec
2026-09-08T06:02:57.7976662Z [INFO] 
2026-09-08T06:02:57.7979434Z [INFO] --- resources:2.4.3:testResources (default-testResources) @ org.palladiosimulator.reliability.sensitivity.editor ---
2026-09-08T06:02:57.7987534Z [INFO] Using 'UTF-8' encoding to copy filtered resources.
2026-09-08T06:02:57.7990158Z [INFO] skip non existing resourceDirectory /home/runner/work/telemetry-availability-identification/telemetry-availability-identification/palladio-source/bundles/org.palladiosimulator.reliability.sensitivity.editor/src/test/resources
2026-09-08T06:02:57.7992324Z [INFO] 
2026-09-08T06:02:57.7993443Z [INFO] --- tycho-compiler:2.7.5:testCompile (default-testCompile) @ org.palladiosimulator.reliability.sensitivity.editor ---
2026-09-08T06:02:57.7994981Z [INFO] 
2026-09-08T06:02:57.7995956Z [INFO] --- surefire:2.22.2:test (default-test) @ org.palladiosimulator.reliability.sensitivity.editor ---
2026-09-08T06:02:57.7997087Z [INFO] Tests are skipped.
2026-09-08T06:02:57.7997706Z [INFO] 
2026-09-08T06:02:57.7998948Z [INFO] --- tycho-packaging:2.7.5:update-consumer-pom (default-update-consumer-pom) @ org.palladiosimulator.reliability.sensitivity.editor ---
2026-09-08T06:02:57.8000371Z [INFO] 
2026-09-08T06:02:57.8001424Z [INFO] --- tycho-source:2.7.5:plugin-source (plugin-source) @ org.palladiosimulator.reliability.sensitivity.editor ---
2026-09-08T06:02:57.8004733Z [INFO] Building jar: /home/runner/work/telemetry-availability-identification/telemetry-availability-identification/palladio-source/bundles/org.palladiosimulator.reliability.sensitivity.editor/target/org.palladiosimulator.reliability.sensitivity.editor-5.2.2-sources.jar
2026-09-08T06:02:57.8084722Z [INFO] 
2026-09-08T06:02:57.8122727Z [INFO] --- tycho-packaging:2.7.5:package-plugin (default-package-plugin) @ org.palladiosimulator.reliability.sensitivity.editor ---
2026-09-08T06:02:57.8156052Z [INFO] Building jar: /home/runner/work/telemetry-availability-identification/telemetry-availability-identification/palladio-source/bundles/org.palladiosimulator.reliability.sensitivity.editor/target/org.palladiosimulator.reliability.sensitivity.editor-5.2.2.jar
2026-09-08T06:02:57.8364940Z [INFO] 
2026-09-08T06:02:57.8380747Z [INFO] --- tycho-p2:2.7.5:p2-metadata-default (default-p2-metadata-default) @ org.palladiosimulator.reliability.sensitivity.editor ---
2026-09-08T06:02:57.8396846Z [INFO] 
2026-09-08T06:02:57.8398091Z [INFO] --- tycho-source:2.7.5:feature-source (feature-source) @ org.palladiosimulator.reliability.sensitivity.editor ---
2026-09-08T06:02:57.8424441Z [INFO] 
2026-09-08T06:02:57.8425373Z [INFO] --- tycho-p2:2.7.5:p2-metadata (attached-p2-metadata) @ org.palladiosimulator.reliability.sensitivity.editor ---
2026-09-08T06:02:57.8440388Z [WARNING] artifact org.palladiosimulator.reliability:org.palladiosimulator.reliability.sensitivity.editor:xml:p2metadata:5.2.2 already attached, replace previous instance
2026-09-08T06:02:57.8443102Z [WARNING] artifact org.palladiosimulator.reliability:org.palladiosimulator.reliability.sensitivity.editor:xml:p2artifacts:5.2.2 already attached, replace previous instance
2026-09-08T06:02:57.8445148Z [INFO] 
2026-09-08T06:02:57.8446253Z [INFO] --- checkstyle:3.1.2:check (palladio-checkstyle) @ org.palladiosimulator.reliability.sensitivity.editor ---
2026-09-08T06:02:58.0141107Z [INFO] You have 0 Checkstyle violations.
2026-09-08T06:02:58.0142011Z [INFO] 
2026-09-08T06:02:58.0143526Z [INFO] --- tycho-surefire:2.7.5:integration-test (default-integration-test) @ org.palladiosimulator.reliability.sensitivity.editor ---
2026-09-08T06:02:58.0163907Z [INFO] Skipping tests
2026-09-08T06:02:58.0164692Z [INFO] 
2026-09-08T06:02:58.0165773Z [INFO] --- failsafe:2.22.2:verify (default-verify) @ org.palladiosimulator.reliability.sensitivity.editor ---
2026-09-08T06:02:58.0169844Z [INFO] Tests are skipped.
2026-09-08T06:02:58.0170516Z [INFO] 
2026-09-08T06:02:58.0171375Z [INFO] --< org.palladiosimulator.reliability:org.palladiosimulator.reliability.solver >--
2026-09-08T06:02:58.0174360Z [INFO] Building [bundle] PCM Reliability Solver Plug-in 5.2.2           [10/16]
2026-09-08T06:02:58.0175646Z [INFO]   from bundles/org.palladiosimulator.reliability.solver/.polyglot.META-INF
2026-09-08T06:02:58.0176797Z [INFO] ---------------------------[ eclipse-plugin ]---------------------------
2026-09-08T06:03:05.2311280Z [WARNING] The POM for commons-cli:commons-cli:jar:1.4 is invalid, transitive dependencies (if any) will not be available: 1 problem was encountered while building the effective model for commons-cli:commons-cli:1.4
2026-09-08T06:03:05.2315568Z [FATAL] Non-parseable POM /home/runner/work/_temp/m9v-recovery-maven-repository/org/apache/commons/commons-parent/42/commons-parent-42.pom: UTF-8 BOM plus xml decl of ISO-8859-1 is incompatible (position: START_DOCUMENT seen <?xml version="1.0" encoding="ISO-8859-1"... @1:42)  @ /home/runner/work/_temp/m9v-recovery-maven-repository/org/apache/commons/commons-parent/42/commons-parent-42.pom, line 1, column 42
2026-09-08T06:03:05.2318456Z 
2026-09-08T06:03:05.2749425Z [WARNING] The POM for commons-logging:commons-logging:jar:1.1.3 is invalid, transitive dependencies (if any) will not be available: 1 problem was encountered while building the effective model for commons-logging:commons-logging:1.1.3
2026-09-08T06:03:05.2753287Z [FATAL] Non-parseable POM /home/runner/work/_temp/m9v-recovery-maven-repository/org/apache/commons/commons-parent/28/commons-parent-28.pom: UTF-8 BOM plus xml decl of ISO-8859-1 is incompatible (position: START_DOCUMENT seen <?xml version="1.0" encoding="ISO-8859-1"... @1:42)  @ /home/runner/work/_temp/m9v-recovery-maven-repository/org/apache/commons/commons-parent/28/commons-parent-28.pom, line 1, column 42
2026-09-08T06:03:05.2755907Z 
2026-09-08T06:03:05.8962822Z [INFO] 
2026-09-08T06:03:05.8964627Z [INFO] --- clean:3.5.0:clean (default-clean) @ org.palladiosimulator.reliability.solver ---
2026-09-08T06:03:05.8996366Z [INFO] Deleting /home/runner/work/telemetry-availability-identification/telemetry-availability-identification/palladio-source/bundles/org.palladiosimulator.reliability.solver (includes = [target/**, xtend-gen/**, emfparsley-gen/**], excludes = [*/.gitkeep])
2026-09-08T06:03:05.9017688Z [INFO] 
2026-09-08T06:03:05.9019011Z [INFO] --- tycho-packaging:2.7.5:build-qualifier (default-build-qualifier) @ org.palladiosimulator.reliability.solver ---
2026-09-08T06:03:05.9020371Z [INFO] The project's OSGi version is 5.2.2
2026-09-08T06:03:05.9022369Z [INFO] 
2026-09-08T06:03:05.9023483Z [INFO] --- tycho-packaging:2.7.5:validate-id (default-validate-id) @ org.palladiosimulator.reliability.solver ---
2026-09-08T06:03:05.9024885Z [INFO] 
2026-09-08T06:03:05.9025985Z [INFO] --- tycho-packaging:2.7.5:validate-version (default-validate-version) @ org.palladiosimulator.reliability.solver ---
2026-09-08T06:03:05.9027263Z [INFO] 
2026-09-08T06:03:05.9028447Z [INFO] --- target-platform-configuration:2.7.5:target-platform (default-target-platform) @ org.palladiosimulator.reliability.solver ---
2026-09-08T06:03:05.9075440Z [INFO] 
2026-09-08T06:03:05.9076739Z [INFO] --- tycho-compiler:2.7.5:validate-classpath (default-validate-classpath) @ org.palladiosimulator.reliability.solver ---
2026-09-08T06:03:05.9078525Z [INFO] Resolving class path of [bundle] PCM Reliability Solver Plug-in...
2026-09-08T06:03:06.4652424Z [INFO] 
2026-09-08T06:03:06.4654362Z [INFO] --- xtend:2.39.0:compile (default) @ org.palladiosimulator.reliability.solver ---
2026-09-08T06:03:07.0261299Z [INFO] 
2026-09-08T06:03:07.0262985Z [INFO] --- resources:2.4.3:resources (default-resources) @ org.palladiosimulator.reliability.solver ---
2026-09-08T06:03:07.0269622Z [INFO] Using 'UTF-8' encoding to copy filtered resources.
2026-09-08T06:03:07.0272051Z [INFO] skip non existing resourceDirectory /home/runner/work/telemetry-availability-identification/telemetry-availability-identification/palladio-source/bundles/org.palladiosimulator.reliability.solver/src/main/resources
2026-09-08T06:03:07.0274390Z [INFO] 
2026-09-08T06:03:07.0275404Z [INFO] --- tycho-compiler:2.7.5:compile (default-compile) @ org.palladiosimulator.reliability.solver ---
2026-09-08T06:03:07.0318542Z [INFO] Compiling 55 source files to /home/runner/work/telemetry-availability-identification/telemetry-availability-identification/palladio-source/bundles/org.palladiosimulator.reliability.solver/target/classes
2026-09-08T06:03:07.7565116Z [INFO] 
2026-09-08T06:03:07.7566394Z [INFO] --- tycho-ds:2.7.5:declarative-services (default-declarative-services) @ org.palladiosimulator.reliability.solver ---
2026-09-08T06:03:07.7567376Z [INFO] 
2026-09-08T06:03:07.7568069Z [INFO] --- jacoco:0.8.13:prepare-agent (jacoco-prepare) @ org.palladiosimulator.reliability.solver ---
2026-09-08T06:03:07.7586804Z [INFO] argLine set to -javaagent:/home/runner/work/_temp/m9v-recovery-maven-repository/org/jacoco/org.jacoco.agent/0.8.13/org.jacoco.agent-0.8.13-runtime.jar=destfile=/home/runner/work/telemetry-availability-identification/telemetry-availability-identification/palladio-source/bundles/org.palladiosimulator.reliability.solver/target/jacoco.exec
2026-09-08T06:03:07.7589952Z [INFO] 
2026-09-08T06:03:07.7591049Z [INFO] --- resources:2.4.3:testResources (default-testResources) @ org.palladiosimulator.reliability.solver ---
2026-09-08T06:03:07.7594647Z [INFO] Using 'UTF-8' encoding to copy filtered resources.
2026-09-08T06:03:07.7596797Z [INFO] skip non existing resourceDirectory /home/runner/work/telemetry-availability-identification/telemetry-availability-identification/palladio-source/bundles/org.palladiosimulator.reliability.solver/src/test/resources
2026-09-08T06:03:07.7598779Z [INFO] 
2026-09-08T06:03:07.7599786Z [INFO] --- tycho-compiler:2.7.5:testCompile (default-testCompile) @ org.palladiosimulator.reliability.solver ---
2026-09-08T06:03:07.7600940Z [INFO] 
2026-09-08T06:03:07.7601789Z [INFO] --- surefire:2.22.2:test (default-test) @ org.palladiosimulator.reliability.solver ---
2026-09-08T06:03:07.7621371Z [INFO] Tests are skipped.
2026-09-08T06:03:07.7622293Z [INFO] 
2026-09-08T06:03:07.7623373Z [INFO] --- tycho-packaging:2.7.5:update-consumer-pom (default-update-consumer-pom) @ org.palladiosimulator.reliability.solver ---
2026-09-08T06:03:07.7660894Z [INFO] 
2026-09-08T06:03:07.7662154Z [INFO] --- tycho-source:2.7.5:plugin-source (plugin-source) @ org.palladiosimulator.reliability.solver ---
2026-09-08T06:03:07.7727120Z [INFO] Building jar: /home/runner/work/telemetry-availability-identification/telemetry-availability-identification/palladio-source/bundles/org.palladiosimulator.reliability.solver/target/org.palladiosimulator.reliability.solver-5.2.2-sources.jar
2026-09-08T06:03:07.7892464Z [INFO] 
2026-09-08T06:03:07.7905187Z [INFO] --- tycho-packaging:2.7.5:package-plugin (default-package-plugin) @ org.palladiosimulator.reliability.solver ---
2026-09-08T06:03:07.7964747Z [INFO] Building jar: /home/runner/work/telemetry-availability-identification/telemetry-availability-identification/palladio-source/bundles/org.palladiosimulator.reliability.solver/target/org.palladiosimulator.reliability.solver-5.2.2.jar
2026-09-08T06:03:07.8283320Z [INFO] 
2026-09-08T06:03:07.8305427Z [INFO] --- tycho-p2:2.7.5:p2-metadata-default (default-p2-metadata-default) @ org.palladiosimulator.reliability.solver ---
2026-09-08T06:03:07.8375214Z [INFO] 
2026-09-08T06:03:07.8376255Z [INFO] --- tycho-source:2.7.5:feature-source (feature-source) @ org.palladiosimulator.reliability.solver ---
2026-09-08T06:03:07.8380201Z [INFO] 
2026-09-08T06:03:07.8381226Z [INFO] --- tycho-p2:2.7.5:p2-metadata (attached-p2-metadata) @ org.palladiosimulator.reliability.solver ---
2026-09-08T06:03:07.8400338Z [WARNING] artifact org.palladiosimulator.reliability:org.palladiosimulator.reliability.solver:xml:p2metadata:5.2.2 already attached, replace previous instance
2026-09-08T06:03:07.8403080Z [WARNING] artifact org.palladiosimulator.reliability:org.palladiosimulator.reliability.solver:xml:p2artifacts:5.2.2 already attached, replace previous instance
2026-09-08T06:03:07.8404889Z [INFO] 
2026-09-08T06:03:07.8405849Z [INFO] --- checkstyle:3.1.2:check (palladio-checkstyle) @ org.palladiosimulator.reliability.solver ---
2026-09-08T06:03:09.0052567Z [INFO] You have 0 Checkstyle violations.
2026-09-08T06:03:09.0053470Z [INFO] 
2026-09-08T06:03:09.0054846Z [INFO] --- tycho-surefire:2.7.5:integration-test (default-integration-test) @ org.palladiosimulator.reliability.solver ---
2026-09-08T06:03:09.0079171Z [INFO] Skipping tests
2026-09-08T06:03:09.0079782Z [INFO] 
2026-09-08T06:03:09.0080987Z [INFO] --- failsafe:2.22.2:verify (default-verify) @ org.palladiosimulator.reliability.solver ---
2026-09-08T06:03:09.0088461Z [INFO] Tests are skipped.
2026-09-08T06:03:09.0089079Z [INFO] 
2026-09-08T06:03:09.0089842Z [INFO] -------------< org.palladiosimulator.reliability:features >-------------
2026-09-08T06:03:09.0090956Z [INFO] Building features 5.2.2                                          [11/16]
2026-09-08T06:03:09.0091832Z [INFO]   from features/pom.xml
2026-09-08T06:03:09.0092598Z [INFO] --------------------------------[ pom ]---------------------------------
2026-09-08T06:03:09.0110624Z [INFO] 
2026-09-08T06:03:09.0111316Z [INFO] --- clean:3.5.0:clean (default-clean) @ features ---
2026-09-08T06:03:09.0116616Z [INFO] Deleting /home/runner/work/telemetry-availability-identification/telemetry-availability-identification/palladio-source/features (includes = [target/**, xtend-gen/**, emfparsley-gen/**], excludes = [*/.gitkeep])
2026-09-08T06:03:09.0118540Z [INFO] 
2026-09-08T06:03:09.0119178Z [INFO] --- xtend:2.39.0:compile (default) @ features ---
2026-09-08T06:03:09.0124488Z [INFO] skip compiling sources because the configured directory '[/home/runner/work/telemetry-availability-identification/telemetry-availability-identification/palladio-source/features/src/main/java]' does not exist.
2026-09-08T06:03:09.0135002Z [INFO] 
2026-09-08T06:03:09.0135798Z [INFO] --- jacoco:0.8.13:prepare-agent (jacoco-prepare) @ features ---
2026-09-08T06:03:09.0140930Z [INFO] argLine set to -javaagent:/home/runner/work/_temp/m9v-recovery-maven-repository/org/jacoco/org.jacoco.agent/0.8.13/org.jacoco.agent-0.8.13-runtime.jar=destfile=/home/runner/work/telemetry-availability-identification/telemetry-availability-identification/palladio-source/features/target/jacoco.exec
2026-09-08T06:03:09.0146021Z [INFO] 
2026-09-08T06:03:09.0147040Z [INFO] --- tycho-source:2.7.5:plugin-source (plugin-source) @ features ---
2026-09-08T06:03:09.0147942Z [INFO] 
2026-09-08T06:03:09.0148699Z [INFO] --- tycho-source:2.7.5:feature-source (feature-source) @ features ---
2026-09-08T06:03:09.0149577Z [INFO] 
2026-09-08T06:03:09.0150312Z [INFO] --- tycho-p2:2.7.5:p2-metadata (attached-p2-metadata) @ features ---
2026-09-08T06:03:09.0151167Z [INFO] 
2026-09-08T06:03:09.0151895Z [INFO] --- checkstyle:3.1.2:check (palladio-checkstyle) @ features ---
2026-09-08T06:03:09.0530349Z [INFO] You have 0 Checkstyle violations.
2026-09-08T06:03:09.0531212Z [INFO] 
2026-09-08T06:03:09.0532328Z [INFO] --< org.palladiosimulator.reliability:org.palladiosimulator.reliability.feature >--
2026-09-08T06:03:09.0534113Z [INFO] Building [feature] Palladio Component Model - Analyzer: Reliability 5.2.2 [12/16]
2026-09-08T06:03:09.0535513Z [INFO]   from features/org.palladiosimulator.reliability.feature/.polyglot.feature.xml
2026-09-08T06:03:09.0536749Z [INFO] --------------------------[ eclipse-feature ]---------------------------
2026-09-08T06:03:09.3923552Z [INFO] 
2026-09-08T06:03:09.3924919Z [INFO] --- clean:3.5.0:clean (default-clean) @ org.palladiosimulator.reliability.feature ---
2026-09-08T06:03:09.3941860Z [INFO] Deleting /home/runner/work/telemetry-availability-identification/telemetry-availability-identification/palladio-source/features/org.palladiosimulator.reliability.feature (includes = [target/**, xtend-gen/**, emfparsley-gen/**], excludes = [*/.gitkeep])
2026-09-08T06:03:09.3947643Z [INFO] 
2026-09-08T06:03:09.3948997Z [INFO] --- tycho-packaging:2.7.5:build-qualifier-aggregator (default-build-qualifier-aggregator) @ org.palladiosimulator.reliability.feature ---
2026-09-08T06:03:09.3994617Z [INFO] The project's OSGi version is 5.2.2
2026-09-08T06:03:09.4024503Z [INFO] 
2026-09-08T06:03:09.4025799Z [INFO] --- tycho-packaging:2.7.5:validate-id (default-validate-id) @ org.palladiosimulator.reliability.feature ---
2026-09-08T06:03:09.4034103Z [INFO] 
2026-09-08T06:03:09.4035341Z [INFO] --- tycho-packaging:2.7.5:validate-version (default-validate-version) @ org.palladiosimulator.reliability.feature ---
2026-09-08T06:03:09.4036595Z [INFO] 
2026-09-08T06:03:09.4038171Z [INFO] --- target-platform-configuration:2.7.5:target-platform (default-target-platform) @ org.palladiosimulator.reliability.feature ---
2026-09-08T06:03:09.4130394Z [INFO] 
2026-09-08T06:03:09.4131840Z [INFO] --- xtend:2.39.0:compile (default) @ org.palladiosimulator.reliability.feature ---
2026-09-08T06:03:09.4160980Z [INFO] skip compiling sources because the configured directory '[/home/runner/work/telemetry-availability-identification/telemetry-availability-identification/palladio-source/features/org.palladiosimulator.reliability.feature/src/main/java]' does not exist.
2026-09-08T06:03:09.4163585Z [INFO] 
2026-09-08T06:03:09.4164882Z [INFO] --- jacoco:0.8.13:prepare-agent (jacoco-prepare) @ org.palladiosimulator.reliability.feature ---
2026-09-08T06:03:09.4168230Z [INFO] argLine set to -javaagent:/home/runner/work/_temp/m9v-recovery-maven-repository/org/jacoco/org.jacoco.agent/0.8.13/org.jacoco.agent-0.8.13-runtime.jar=destfile=/home/runner/work/telemetry-availability-identification/telemetry-availability-identification/palladio-source/features/org.palladiosimulator.reliability.feature/target/jacoco.exec
2026-09-08T06:03:09.4177537Z [INFO] 
2026-09-08T06:03:09.4178781Z [INFO] --- tycho-packaging:2.7.5:update-consumer-pom (default-update-consumer-pom) @ org.palladiosimulator.reliability.feature ---
2026-09-08T06:03:09.4180051Z [INFO] 
2026-09-08T06:03:09.4180994Z [INFO] --- tycho-source:2.7.5:plugin-source (plugin-source) @ org.palladiosimulator.reliability.feature ---
2026-09-08T06:03:09.4185891Z [INFO] 
2026-09-08T06:03:09.4186974Z [INFO] --- tycho-packaging:2.7.5:package-feature (default-package-feature) @ org.palladiosimulator.reliability.feature ---
2026-09-08T06:03:09.7242382Z [INFO] Fetching org.palladiosimulator.license_1.0.0.jar from https://updatesite.palladio-simulator.com/palladio-supporting-branding/releases/5.2.1/features/ (5.35kB)
2026-09-08T06:03:09.7640087Z [INFO] Building jar: /home/runner/work/telemetry-availability-identification/telemetry-availability-identification/palladio-source/features/org.palladiosimulator.reliability.feature/target/org.palladiosimulator.reliability.feature-5.2.2.jar
2026-09-08T06:03:09.7662096Z [INFO] 
2026-09-08T06:03:09.7662997Z [INFO] --- tycho-p2:2.7.5:p2-metadata-default (default-p2-metadata-default) @ org.palladiosimulator.reliability.feature ---
2026-09-08T06:03:09.7706410Z [INFO] 
2026-09-08T06:03:09.7707522Z [INFO] --- tycho-p2:2.7.5:feature-p2-metadata (default-feature-p2-metadata) @ org.palladiosimulator.reliability.feature ---
2026-09-08T06:03:09.7725586Z [INFO] 
2026-09-08T06:03:09.7729627Z [INFO] --- tycho-source:2.7.5:feature-source (feature-source) @ org.palladiosimulator.reliability.feature ---
2026-09-08T06:03:09.8054745Z [INFO] Building jar: /home/runner/work/telemetry-availability-identification/telemetry-availability-identification/palladio-source/features/org.palladiosimulator.reliability.feature/target/org.palladiosimulator.reliability.feature-5.2.2-sources-feature.jar
2026-09-08T06:03:09.8302840Z [INFO] 
2026-09-08T06:03:09.8304536Z [INFO] --- tycho-p2:2.7.5:p2-metadata (attached-p2-metadata) @ org.palladiosimulator.reliability.feature ---
2026-09-08T06:03:09.8348788Z [WARNING] artifact org.palladiosimulator.reliability:org.palladiosimulator.reliability.feature:xml:p2metadata:5.2.2 already attached, replace previous instance
2026-09-08T06:03:09.8351222Z [WARNING] artifact org.palladiosimulator.reliability:org.palladiosimulator.reliability.feature:xml:p2artifacts:5.2.2 already attached, replace previous instance
2026-09-08T06:03:09.8352368Z [INFO] 
2026-09-08T06:03:09.8352857Z [INFO] --- checkstyle:3.1.2:check (palladio-checkstyle) @ org.palladiosimulator.reliability.feature ---
2026-09-08T06:03:09.8735223Z [INFO] You have 0 Checkstyle violations.
2026-09-08T06:03:09.8736041Z [INFO] 
2026-09-08T06:03:09.8736934Z [INFO] --------------< org.palladiosimulator.reliability:tests >---------------
2026-09-08T06:03:09.8738174Z [INFO] Building tests 5.2.2                                             [13/16]
2026-09-08T06:03:09.8739391Z [INFO]   from tests/pom.xml
2026-09-08T06:03:09.8740251Z [INFO] --------------------------------[ pom ]---------------------------------
2026-09-08T06:03:09.8749307Z [INFO] 
2026-09-08T06:03:09.8750008Z [INFO] --- clean:3.5.0:clean (default-clean) @ tests ---
2026-09-08T06:03:09.8761130Z [INFO] Deleting /home/runner/work/telemetry-availability-identification/telemetry-availability-identification/palladio-source/tests (includes = [target/**, xtend-gen/**, emfparsley-gen/**], excludes = [*/.gitkeep])
2026-09-08T06:03:09.8763066Z [INFO] 
2026-09-08T06:03:09.8764001Z [INFO] --- xtend:2.39.0:compile (default) @ tests ---
2026-09-08T06:03:09.8772527Z [INFO] skip compiling sources because the configured directory '[/home/runner/work/telemetry-availability-identification/telemetry-availability-identification/palladio-source/tests/src/main/java]' does not exist.
2026-09-08T06:03:09.8774817Z [INFO] 
2026-09-08T06:03:09.8775614Z [INFO] --- jacoco:0.8.13:prepare-agent (jacoco-prepare) @ tests ---
2026-09-08T06:03:09.8778926Z [INFO] argLine set to -javaagent:/home/runner/work/_temp/m9v-recovery-maven-repository/org/jacoco/org.jacoco.agent/0.8.13/org.jacoco.agent-0.8.13-runtime.jar=destfile=/home/runner/work/telemetry-availability-identification/telemetry-availability-identification/palladio-source/tests/target/jacoco.exec
2026-09-08T06:03:09.8781477Z [INFO] 
2026-09-08T06:03:09.8782234Z [INFO] --- tycho-source:2.7.5:plugin-source (plugin-source) @ tests ---
2026-09-08T06:03:09.8785138Z [INFO] 
2026-09-08T06:03:09.8785910Z [INFO] --- tycho-source:2.7.5:feature-source (feature-source) @ tests ---
2026-09-08T06:03:09.8793268Z [INFO] 
2026-09-08T06:03:09.8794260Z [INFO] --- tycho-p2:2.7.5:p2-metadata (attached-p2-metadata) @ tests ---
2026-09-08T06:03:09.8795449Z [INFO] 
2026-09-08T06:03:09.8796206Z [INFO] --- checkstyle:3.1.2:check (palladio-checkstyle) @ tests ---
2026-09-08T06:03:09.9151712Z [INFO] You have 0 Checkstyle violations.
2026-09-08T06:03:09.9152506Z [INFO] 
2026-09-08T06:03:09.9153511Z [INFO] --< org.palladiosimulator.reliability:org.palladiosimulator.reliability.tests >--
2026-09-08T06:03:09.9155134Z [INFO] Building [test-bundle] Tests for the Reliability Features 5.2.2  [14/16]
2026-09-08T06:03:09.9156369Z [INFO]   from tests/org.palladiosimulator.reliability.tests/.polyglot.META-INF
2026-09-08T06:03:09.9157510Z [INFO] ------------------------[ eclipse-test-plugin ]-------------------------
2026-09-08T06:03:10.1801892Z [INFO] 
2026-09-08T06:03:10.1803457Z [INFO] --- clean:3.5.0:clean (default-clean) @ org.palladiosimulator.reliability.tests ---
2026-09-08T06:03:10.1813458Z [INFO] Deleting /home/runner/work/telemetry-availability-identification/telemetry-availability-identification/palladio-source/tests/org.palladiosimulator.reliability.tests (includes = [target/**, xtend-gen/**, emfparsley-gen/**], excludes = [*/.gitkeep])
2026-09-08T06:03:10.1817349Z [INFO] 
2026-09-08T06:03:10.1818546Z [INFO] --- tycho-packaging:2.7.5:build-qualifier (default-build-qualifier) @ org.palladiosimulator.reliability.tests ---
2026-09-08T06:03:10.1844738Z [INFO] The project's OSGi version is 5.2.2
2026-09-08T06:03:10.1857466Z [INFO] 
2026-09-08T06:03:10.1863561Z [INFO] --- tycho-packaging:2.7.5:validate-id (default-validate-id) @ org.palladiosimulator.reliability.tests ---
2026-09-08T06:03:10.1865013Z [INFO] 
2026-09-08T06:03:10.1866093Z [INFO] --- tycho-packaging:2.7.5:validate-version (default-validate-version) @ org.palladiosimulator.reliability.tests ---
2026-09-08T06:03:10.1867259Z [INFO] 
2026-09-08T06:03:10.1868391Z [INFO] --- target-platform-configuration:2.7.5:target-platform (default-target-platform) @ org.palladiosimulator.reliability.tests ---
2026-09-08T06:03:10.1869746Z [INFO] 
2026-09-08T06:03:10.1870852Z [INFO] --- tycho-compiler:2.7.5:validate-classpath (default-validate-classpath) @ org.palladiosimulator.reliability.tests ---
2026-09-08T06:03:10.1872324Z [INFO] Resolving class path of [test-bundle] Tests for the Reliability Features...
2026-09-08T06:03:10.6944762Z [INFO] Fetching org.eclipse.core.net.linux_1.0.200.v20220812-1406.jar from https://download.eclipse.org/releases/2023-03/202303151000/plugins/ (16.24kB)
2026-09-08T06:03:10.7542526Z [INFO] Fetching org.eclipse.equinox.launcher.win32.win32.x86_64_1.2.700.v20221108-1024.jar from https://download.eclipse.org/releases/2023-03/202303151000/plugins/ (136.19kB)
2026-09-08T06:03:10.8599037Z [INFO] Fetching org.eclipse.core.net.win32.x86_64_1.1.700.v20220812-1406.jar from https://download.eclipse.org/releases/2023-03/202303151000/plugins/ (9.6kB)
2026-09-08T06:03:10.9044247Z [INFO] Fetching org.eclipse.equinox.launcher.cocoa.macosx.x86_64_1.2.700.v20221108-1024.jar from https://download.eclipse.org/releases/2023-03/202303151000/plugins/ (42.61kB)
2026-09-08T06:03:10.9466103Z [INFO] Fetching org.eclipse.equinox.launcher.cocoa.macosx.aarch64_1.2.700.v20221108-1024.jar from https://download.eclipse.org/releases/2023-03/202303151000/plugins/ (41.14kB)
2026-09-08T06:03:10.9916140Z [INFO] Fetching org.eclipse.equinox.launcher.gtk.linux.aarch64_1.2.700.v20221108-1024.jar from https://download.eclipse.org/releases/2023-03/202303151000/plugins/ (86.39kB)
2026-09-08T06:03:11.0461681Z [INFO] Fetching org.eclipse.core.net.win32_1.0.100.v20220812-1406.jar from https://download.eclipse.org/releases/2023-03/202303151000/plugins/ (27.48kB)
2026-09-08T06:03:11.0911163Z [INFO] Fetching org.eclipse.equinox.launcher.gtk.linux.x86_64_1.2.700.v20221108-1024.jar from https://download.eclipse.org/releases/2023-03/202303151000/plugins/ (87.79kB)
2026-09-08T06:03:11.1545361Z [INFO] 
2026-09-08T06:03:11.1546519Z [INFO] --- xtend:2.39.0:compile (default) @ org.palladiosimulator.reliability.tests ---
2026-09-08T06:03:11.3571434Z [INFO] 
2026-09-08T06:03:11.3586962Z [INFO] --- resources:2.4.3:resources (default-resources) @ org.palladiosimulator.reliability.tests ---
2026-09-08T06:03:11.3596600Z [INFO] Using 'UTF-8' encoding to copy filtered resources.
2026-09-08T06:03:11.3635734Z [INFO] skip non existing resourceDirectory /home/runner/work/telemetry-availability-identification/telemetry-availability-identification/palladio-source/tests/org.palladiosimulator.reliability.tests/src/main/resources
2026-09-08T06:03:11.3664311Z [INFO] 
2026-09-08T06:03:11.3679289Z [INFO] --- tycho-compiler:2.7.5:compile (default-compile) @ org.palladiosimulator.reliability.tests ---
2026-09-08T06:03:11.3705397Z [INFO] Compiling 2 source files to /home/runner/work/telemetry-availability-identification/telemetry-availability-identification/palladio-source/tests/org.palladiosimulator.reliability.tests/target/classes
2026-09-08T06:03:11.7906346Z [INFO] 
2026-09-08T06:03:11.7930906Z [INFO] --- jacoco:0.8.13:prepare-agent (jacoco-prepare) @ org.palladiosimulator.reliability.tests ---
2026-09-08T06:03:11.7957193Z [INFO] tycho.testArgLine set to -javaagent:/home/runner/work/_temp/m9v-recovery-maven-repository/org/jacoco/org.jacoco.agent/0.8.13/org.jacoco.agent-0.8.13-runtime.jar=destfile=/home/runner/work/telemetry-availability-identification/telemetry-availability-identification/palladio-source/tests/org.palladiosimulator.reliability.tests/target/jacoco.exec
2026-09-08T06:03:11.7981360Z [INFO] 
2026-09-08T06:03:11.8001148Z [INFO] --- resources:2.4.3:testResources (default-testResources) @ org.palladiosimulator.reliability.tests ---
2026-09-08T06:03:11.8006402Z [INFO] Using 'UTF-8' encoding to copy filtered resources.
2026-09-08T06:03:11.8009785Z [INFO] skip non existing resourceDirectory /home/runner/work/telemetry-availability-identification/telemetry-availability-identification/palladio-source/tests/org.palladiosimulator.reliability.tests/src/test/resources
2026-09-08T06:03:11.8035239Z [INFO] 
2026-09-08T06:03:11.8036560Z [INFO] --- tycho-packaging:2.7.5:update-consumer-pom (default-update-consumer-pom) @ org.palladiosimulator.reliability.tests ---
2026-09-08T06:03:11.8037937Z [INFO] 
2026-09-08T06:03:11.8038903Z [INFO] --- tycho-source:2.7.5:plugin-source (plugin-source) @ org.palladiosimulator.reliability.tests ---
2026-09-08T06:03:11.8041721Z [INFO] Building jar: /home/runner/work/telemetry-availability-identification/telemetry-availability-identification/palladio-source/tests/org.palladiosimulator.reliability.tests/target/org.palladiosimulator.reliability.tests-5.2.2-sources.jar
2026-09-08T06:03:11.8189636Z [INFO] 
2026-09-08T06:03:11.8215087Z [INFO] --- tycho-packaging:2.7.5:package-plugin (default-package-plugin) @ org.palladiosimulator.reliability.tests ---
2026-09-08T06:03:11.8219898Z [INFO] Building jar: /home/runner/work/telemetry-availability-identification/telemetry-availability-identification/palladio-source/tests/org.palladiosimulator.reliability.tests/target/org.palladiosimulator.reliability.tests-5.2.2.jar
2026-09-08T06:03:11.8380997Z [INFO] 
2026-09-08T06:03:11.8395762Z [INFO] --- tycho-p2:2.7.5:p2-metadata-default (default-p2-metadata-default) @ org.palladiosimulator.reliability.tests ---
2026-09-08T06:03:11.8419636Z [INFO] 
2026-09-08T06:03:11.8430106Z [INFO] --- tycho-source:2.7.5:feature-source (feature-source) @ org.palladiosimulator.reliability.tests ---
2026-09-08T06:03:11.8473527Z [INFO] 
2026-09-08T06:03:11.8480796Z [INFO] --- tycho-p2:2.7.5:p2-metadata (attached-p2-metadata) @ org.palladiosimulator.reliability.tests ---
2026-09-08T06:03:11.8482935Z [WARNING] artifact org.palladiosimulator.reliability:org.palladiosimulator.reliability.tests:xml:p2metadata:5.2.2 already attached, replace previous instance
2026-09-08T06:03:11.8485638Z [WARNING] artifact org.palladiosimulator.reliability:org.palladiosimulator.reliability.tests:xml:p2artifacts:5.2.2 already attached, replace previous instance
2026-09-08T06:03:11.8487038Z [INFO] 
2026-09-08T06:03:11.8492555Z [INFO] --- checkstyle:3.1.2:check (palladio-checkstyle) @ org.palladiosimulator.reliability.tests ---
2026-09-08T06:03:11.9306122Z [INFO] You have 0 Checkstyle violations.
2026-09-08T06:03:11.9307441Z [INFO] 
2026-09-08T06:03:11.9308258Z [INFO] --- tycho-surefire:2.7.5:test (default-test) @ org.palladiosimulator.reliability.tests ---
2026-09-08T06:03:11.9325952Z [INFO] Skipping tests
2026-09-08T06:03:11.9326638Z [INFO] 
2026-09-08T06:03:11.9327512Z [INFO] --------------< org.palladiosimulator.reliability:releng >--------------
2026-09-08T06:03:11.9328423Z [INFO] Building releng 5.2.2                                            [15/16]
2026-09-08T06:03:11.9354477Z [INFO]   from releng/pom.xml
2026-09-08T06:03:11.9355117Z [INFO] --------------------------------[ pom ]---------------------------------
2026-09-08T06:03:11.9355738Z [INFO] 
2026-09-08T06:03:11.9356175Z [INFO] --- clean:3.5.0:clean (default-clean) @ releng ---
2026-09-08T06:03:11.9357912Z [INFO] Deleting /home/runner/work/telemetry-availability-identification/telemetry-availability-identification/palladio-source/releng (includes = [target/**, xtend-gen/**, emfparsley-gen/**], excludes = [*/.gitkeep])
2026-09-08T06:03:11.9359533Z [INFO] 
2026-09-08T06:03:11.9359957Z [INFO] --- xtend:2.39.0:compile (default) @ releng ---
2026-09-08T06:03:11.9385722Z [INFO] skip compiling sources because the configured directory '[/home/runner/work/telemetry-availability-identification/telemetry-availability-identification/palladio-source/releng/src/main/java]' does not exist.
2026-09-08T06:03:11.9387440Z [INFO] 
2026-09-08T06:03:11.9387968Z [INFO] --- jacoco:0.8.13:prepare-agent (jacoco-prepare) @ releng ---
2026-09-08T06:03:11.9390419Z [INFO] argLine set to -javaagent:/home/runner/work/_temp/m9v-recovery-maven-repository/org/jacoco/org.jacoco.agent/0.8.13/org.jacoco.agent-0.8.13-runtime.jar=destfile=/home/runner/work/telemetry-availability-identification/telemetry-availability-identification/palladio-source/releng/target/jacoco.exec
2026-09-08T06:03:11.9392673Z [INFO] 
2026-09-08T06:03:11.9393223Z [INFO] --- tycho-source:2.7.5:plugin-source (plugin-source) @ releng ---
2026-09-08T06:03:11.9394103Z [INFO] 
2026-09-08T06:03:11.9394672Z [INFO] --- tycho-source:2.7.5:feature-source (feature-source) @ releng ---
2026-09-08T06:03:11.9395343Z [INFO] 
2026-09-08T06:03:11.9395858Z [INFO] --- tycho-p2:2.7.5:p2-metadata (attached-p2-metadata) @ releng ---
2026-09-08T06:03:11.9396509Z [INFO] 
2026-09-08T06:03:11.9397274Z [INFO] --- checkstyle:3.1.2:check (palladio-checkstyle) @ releng ---
2026-09-08T06:03:11.9606545Z [INFO] You have 0 Checkstyle violations.
2026-09-08T06:03:11.9634991Z [INFO] 
2026-09-08T06:03:11.9636287Z [INFO] --< org.palladiosimulator.reliability:org.palladiosimulator.reliability.updatesite >--
2026-09-08T06:03:11.9637788Z [INFO] Building org.palladiosimulator.reliability.updatesite 5.2.2      [16/16]
2026-09-08T06:03:11.9639041Z [INFO]   from releng/org.palladiosimulator.reliability.updatesite/pom.xml
2026-09-08T06:03:11.9640184Z [INFO] -------------------------[ eclipse-repository ]-------------------------
2026-09-08T06:03:12.1852923Z [INFO] 
2026-09-08T06:03:12.1854594Z [INFO] --- clean:3.5.0:clean (default-clean) @ org.palladiosimulator.reliability.updatesite ---
2026-09-08T06:03:12.1866074Z [INFO] Deleting /home/runner/work/telemetry-availability-identification/telemetry-availability-identification/palladio-source/releng/org.palladiosimulator.reliability.updatesite (includes = [target/**, xtend-gen/**, emfparsley-gen/**], excludes = [*/.gitkeep])
2026-09-08T06:03:12.1868566Z [INFO] 
2026-09-08T06:03:12.1869885Z [INFO] --- tycho-packaging:2.7.5:build-qualifier-aggregator (default-build-qualifier-aggregator) @ org.palladiosimulator.reliability.updatesite ---
2026-09-08T06:03:12.1894662Z [INFO] The project's OSGi version is 5.2.2
2026-09-08T06:03:12.1915638Z [INFO] 
2026-09-08T06:03:12.1916912Z [INFO] --- clean:3.5.0:clean (default-clean-1) @ org.palladiosimulator.reliability.updatesite ---
2026-09-08T06:03:12.1919744Z [INFO] Deleting /home/runner/work/telemetry-availability-identification/telemetry-availability-identification/palladio-source/releng/org.palladiosimulator.reliability.updatesite (includes = [target/**, xtend-gen/**, emfparsley-gen/**], excludes = [*/.gitkeep])
2026-09-08T06:03:12.1926607Z [INFO] 
2026-09-08T06:03:12.1944663Z [INFO] --- target-platform-configuration:2.7.5:target-platform (default-target-platform) @ org.palladiosimulator.reliability.updatesite ---
2026-09-08T06:03:12.1958249Z [INFO] 
2026-09-08T06:03:12.1967587Z [INFO] --- xtend:2.39.0:compile (default) @ org.palladiosimulator.reliability.updatesite ---
2026-09-08T06:03:12.2008690Z [INFO] skip compiling sources because the configured directory '[/home/runner/work/telemetry-availability-identification/telemetry-availability-identification/palladio-source/releng/org.palladiosimulator.reliability.updatesite/src/main/java]' does not exist.
2026-09-08T06:03:12.2010094Z [INFO] 
2026-09-08T06:03:12.2010748Z [INFO] --- tycho-document-bundle:2.7.5:javadoc (eclipse-javadoc) @ org.palladiosimulator.reliability.updatesite ---
2026-09-08T06:03:12.2024340Z [INFO] Scopes: [compile, provided]
2026-09-08T06:03:12.2026388Z [INFO] Output directory: /home/runner/work/telemetry-availability-identification/telemetry-availability-identification/palladio-source/releng/org.palladiosimulator.reliability.updatesite/target/repository/javadoc
2026-09-08T06:03:12.2029183Z [INFO] BaseDir: /home/runner/work/telemetry-availability-identification/telemetry-availability-identification/palladio-source/releng/org.palladiosimulator.reliability.updatesite
2026-09-08T06:03:12.2030701Z [INFO] Cleaning up first
2026-09-08T06:03:12.2087896Z [INFO] Did not find project ArtifactDescriptorDependency {descriptor=eclipse-plugin:org.osgi.service.prefs:1.1.2.202109301733: /home/runner/work/_temp/m9v-recovery-maven-repository/p2/osgi/bundle/org.osgi.service.prefs/1.1.2.202109301733/org.osgi.service.prefs-1.1.2.202109301733.jar, groupId=org.osgi, artifactId=org.osgi.service.prefs, version=1.1.2, type=jar} in reactor
2026-09-08T06:03:12.2093506Z [INFO] Did not find project ArtifactDescriptorDependency {descriptor=eclipse-plugin:org.eclipse.xtext.common.types:2.30.0.v20230227-1128: /home/runner/work/_temp/m9v-recovery-maven-repository/p2/osgi/bundle/org.eclipse.xtext.common.types/2.30.0.v20230227-1128/org.eclipse.xtext.common.types-2.30.0.v20230227-1128.jar, groupId=org.eclipse.xtext, artifactId=org.eclipse.xtext.common.types, version=2.30.0, type=jar} in reactor
2026-09-08T06:03:12.2103648Z [INFO] Did not find project ArtifactDescriptorDependency {descriptor=eclipse-plugin:org.eclipse.xtext.xbase:2.30.0.v20230227-1128: /home/runner/work/_temp/m9v-recovery-maven-repository/p2/osgi/bundle/org.eclipse.xtext.xbase/2.30.0.v20230227-1128/org.eclipse.xtext.xbase-2.30.0.v20230227-1128.jar, groupId=org.eclipse.xtext, artifactId=org.eclipse.xtext.xbase, version=2.30.0, type=jar} in reactor
2026-09-08T06:03:12.2136702Z [INFO] Did not find project ArtifactDescriptorDependency {descriptor=eclipse-plugin:org.eclipse.xtext:2.30.0.v20230227-1116: /home/runner/work/_temp/m9v-recovery-maven-repository/p2/osgi/bundle/org.eclipse.xtext/2.30.0.v20230227-1116/org.eclipse.xtext-2.30.0.v20230227-1116.jar, groupId=org.eclipse.xtext, artifactId=org.eclipse.xtext, version=2.30.0, type=jar} in reactor
2026-09-08T06:03:12.2143665Z [INFO] Did not find project ArtifactDescriptorDependency {descriptor=eclipse-plugin:org.eclipse.xtext.util:2.30.0.v20230227-1116: /home/runner/work/_temp/m9v-recovery-maven-repository/p2/osgi/bundle/org.eclipse.xtext.util/2.30.0.v20230227-1116/org.eclipse.xtext.util-2.30.0.v20230227-1116.jar, groupId=org.eclipse.xtext, artifactId=org.eclipse.xtext.util, version=2.30.0, type=jar} in reactor
2026-09-08T06:03:12.2149364Z [INFO] Did not find project ArtifactDescriptorDependency {descriptor=eclipse-plugin:org.eclipse.xtext.xbase.lib:2.30.0.v20230227-1111: /home/runner/work/_temp/m9v-recovery-maven-repository/p2/osgi/bundle/org.eclipse.xtext.xbase.lib/2.30.0.v20230227-1111/org.eclipse.xtext.xbase.lib-2.30.0.v20230227-1111.jar, groupId=org.eclipse.xtext, artifactId=org.eclipse.xtext.xbase.lib, version=2.30.0, type=jar} in reactor
2026-09-08T06:03:12.2154953Z [INFO] Did not find project ArtifactDescriptorDependency {descriptor=eclipse-plugin:org.eclipse.xtend.lib:2.30.0.v20230227-1111: /home/runner/work/_temp/m9v-recovery-maven-repository/p2/osgi/bundle/org.eclipse.xtend.lib/2.30.0.v20230227-1111/org.eclipse.xtend.lib-2.30.0.v20230227-1111.jar, groupId=org.eclipse.xtend, artifactId=org.eclipse.xtend.lib, version=2.30.0, type=jar} in reactor
2026-09-08T06:03:12.2160475Z [INFO] Did not find project ArtifactDescriptorDependency {descriptor=eclipse-plugin:org.eclipse.xtext.smap:2.30.0.v20230227-1128: /home/runner/work/_temp/m9v-recovery-maven-repository/p2/osgi/bundle/org.eclipse.xtext.smap/2.30.0.v20230227-1128/org.eclipse.xtext.smap-2.30.0.v20230227-1128.jar, groupId=org.eclipse.xtext, artifactId=org.eclipse.xtext.smap, version=2.30.0, type=jar} in reactor
2026-09-08T06:03:12.2166182Z [INFO] Did not find project ArtifactDescriptorDependency {descriptor=eclipse-plugin:org.eclipse.xtend.lib.macro:2.30.0.v20230227-1111: /home/runner/work/_temp/m9v-recovery-maven-repository/p2/osgi/bundle/org.eclipse.xtend.lib.macro/2.30.0.v20230227-1111/org.eclipse.xtend.lib.macro-2.30.0.v20230227-1111.jar, groupId=org.eclipse.xtend, artifactId=org.eclipse.xtend.lib.macro, version=2.30.0, type=jar} in reactor
2026-09-08T06:03:12.2171678Z [INFO] Did not find project ArtifactDescriptorDependency {descriptor=eclipse-plugin:org.eclipse.xtext.ecore:2.30.0.v20230227-1128: /home/runner/work/_temp/m9v-recovery-maven-repository/p2/osgi/bundle/org.eclipse.xtext.ecore/2.30.0.v20230227-1128/org.eclipse.xtext.ecore-2.30.0.v20230227-1128.jar, groupId=org.eclipse.xtext, artifactId=org.eclipse.xtext.ecore, version=2.30.0, type=jar} in reactor
2026-09-08T06:03:12.2179129Z [INFO] Did not find project ArtifactDescriptorDependency {descriptor=eclipse-plugin:org.osgi.service.prefs:1.1.2.202109301733: /home/runner/work/_temp/m9v-recovery-maven-repository/p2/osgi/bundle/org.osgi.service.prefs/1.1.2.202109301733/org.osgi.service.prefs-1.1.2.202109301733.jar, groupId=org.osgi, artifactId=org.osgi.service.prefs, version=1.1.2, type=jar} in reactor
2026-09-08T06:03:12.2184717Z [INFO] Did not find project ArtifactDescriptorDependency {descriptor=eclipse-plugin:org.osgi.service.prefs:1.1.2.202109301733: /home/runner/work/_temp/m9v-recovery-maven-repository/p2/osgi/bundle/org.osgi.service.prefs/1.1.2.202109301733/org.osgi.service.prefs-1.1.2.202109301733.jar, groupId=org.osgi, artifactId=org.osgi.service.prefs, version=1.1.2, type=jar} in reactor
2026-09-08T06:03:12.2189947Z [INFO] Did not find project ArtifactDescriptorDependency {descriptor=eclipse-plugin:org.eclipse.xtext.common.types:2.30.0.v20230227-1128: /home/runner/work/_temp/m9v-recovery-maven-repository/p2/osgi/bundle/org.eclipse.xtext.common.types/2.30.0.v20230227-1128/org.eclipse.xtext.common.types-2.30.0.v20230227-1128.jar, groupId=org.eclipse.xtext, artifactId=org.eclipse.xtext.common.types, version=2.30.0, type=jar} in reactor
2026-09-08T06:03:12.2195624Z [INFO] Did not find project ArtifactDescriptorDependency {descriptor=eclipse-plugin:org.eclipse.xtext.xbase:2.30.0.v20230227-1128: /home/runner/work/_temp/m9v-recovery-maven-repository/p2/osgi/bundle/org.eclipse.xtext.xbase/2.30.0.v20230227-1128/org.eclipse.xtext.xbase-2.30.0.v20230227-1128.jar, groupId=org.eclipse.xtext, artifactId=org.eclipse.xtext.xbase, version=2.30.0, type=jar} in reactor
2026-09-08T06:03:12.2200509Z [INFO] Did not find project ArtifactDescriptorDependency {descriptor=eclipse-plugin:org.eclipse.xtext:2.30.0.v20230227-1116: /home/runner/work/_temp/m9v-recovery-maven-repository/p2/osgi/bundle/org.eclipse.xtext/2.30.0.v20230227-1116/org.eclipse.xtext-2.30.0.v20230227-1116.jar, groupId=org.eclipse.xtext, artifactId=org.eclipse.xtext, version=2.30.0, type=jar} in reactor
2026-09-08T06:03:12.2205959Z [INFO] Did not find project ArtifactDescriptorDependency {descriptor=eclipse-plugin:org.eclipse.xtext.util:2.30.0.v20230227-1116: /home/runner/work/_temp/m9v-recovery-maven-repository/p2/osgi/bundle/org.eclipse.xtext.util/2.30.0.v20230227-1116/org.eclipse.xtext.util-2.30.0.v20230227-1116.jar, groupId=org.eclipse.xtext, artifactId=org.eclipse.xtext.util, version=2.30.0, type=jar} in reactor
2026-09-08T06:03:12.2211661Z [INFO] Did not find project ArtifactDescriptorDependency {descriptor=eclipse-plugin:org.eclipse.xtext.xbase.lib:2.30.0.v20230227-1111: /home/runner/work/_temp/m9v-recovery-maven-repository/p2/osgi/bundle/org.eclipse.xtext.xbase.lib/2.30.0.v20230227-1111/org.eclipse.xtext.xbase.lib-2.30.0.v20230227-1111.jar, groupId=org.eclipse.xtext, artifactId=org.eclipse.xtext.xbase.lib, version=2.30.0, type=jar} in reactor
2026-09-08T06:03:12.2217200Z [INFO] Did not find project ArtifactDescriptorDependency {descriptor=eclipse-plugin:org.eclipse.xtend.lib:2.30.0.v20230227-1111: /home/runner/work/_temp/m9v-recovery-maven-repository/p2/osgi/bundle/org.eclipse.xtend.lib/2.30.0.v20230227-1111/org.eclipse.xtend.lib-2.30.0.v20230227-1111.jar, groupId=org.eclipse.xtend, artifactId=org.eclipse.xtend.lib, version=2.30.0, type=jar} in reactor
2026-09-08T06:03:12.2222394Z [INFO] Did not find project ArtifactDescriptorDependency {descriptor=eclipse-plugin:org.eclipse.xtext.smap:2.30.0.v20230227-1128: /home/runner/work/_temp/m9v-recovery-maven-repository/p2/osgi/bundle/org.eclipse.xtext.smap/2.30.0.v20230227-1128/org.eclipse.xtext.smap-2.30.0.v20230227-1128.jar, groupId=org.eclipse.xtext, artifactId=org.eclipse.xtext.smap, version=2.30.0, type=jar} in reactor
2026-09-08T06:03:12.2227970Z [INFO] Did not find project ArtifactDescriptorDependency {descriptor=eclipse-plugin:org.eclipse.xtend.lib.macro:2.30.0.v20230227-1111: /home/runner/work/_temp/m9v-recovery-maven-repository/p2/osgi/bundle/org.eclipse.xtend.lib.macro/2.30.0.v20230227-1111/org.eclipse.xtend.lib.macro-2.30.0.v20230227-1111.jar, groupId=org.eclipse.xtend, artifactId=org.eclipse.xtend.lib.macro, version=2.30.0, type=jar} in reactor
2026-09-08T06:03:12.2235667Z [INFO] Did not find project ArtifactDescriptorDependency {descriptor=eclipse-plugin:org.eclipse.xtext.ecore:2.30.0.v20230227-1128: /home/runner/work/_temp/m9v-recovery-maven-repository/p2/osgi/bundle/org.eclipse.xtext.ecore/2.30.0.v20230227-1128/org.eclipse.xtext.ecore-2.30.0.v20230227-1128.jar, groupId=org.eclipse.xtext, artifactId=org.eclipse.xtext.ecore, version=2.30.0, type=jar} in reactor
2026-09-08T06:03:12.2241007Z [INFO] Did not find project ArtifactDescriptorDependency {descriptor=eclipse-plugin:org.osgi.service.prefs:1.1.2.202109301733: /home/runner/work/_temp/m9v-recovery-maven-repository/p2/osgi/bundle/org.osgi.service.prefs/1.1.2.202109301733/org.osgi.service.prefs-1.1.2.202109301733.jar, groupId=org.osgi, artifactId=org.osgi.service.prefs, version=1.1.2, type=jar} in reactor
2026-09-08T06:03:12.2245802Z [INFO] Did not find project ArtifactDescriptorDependency {descriptor=eclipse-plugin:bcprov:1.72.0: /home/runner/work/_temp/m9v-recovery-maven-repository/p2/osgi/bundle/bcprov/1.72.0/bcprov-1.72.0.jar, groupId=org.bouncycastle, artifactId=bcprov-jdk18on, version=1.72, type=jar} in reactor
2026-09-08T06:03:12.2250206Z [INFO] Did not find project ArtifactDescriptorDependency {descriptor=eclipse-plugin:org.apache.commons.commons-io:2.11.0: /home/runner/work/_temp/m9v-recovery-maven-repository/p2/osgi/bundle/org.apache.commons.commons-io/2.11.0/org.apache.commons.commons-io-2.11.0.jar, groupId=commons-io, artifactId=commons-io, version=2.11.0, type=jar} in reactor
2026-09-08T06:03:12.2254791Z [INFO] Did not find project ArtifactDescriptorDependency {descriptor=eclipse-plugin:org.apache.felix.scr:2.2.6: /home/runner/work/_temp/m9v-recovery-maven-repository/p2/osgi/bundle/org.apache.felix.scr/2.2.6/org.apache.felix.scr-2.2.6.jar, groupId=org.apache.felix, artifactId=org.apache.felix.scr, version=2.2.6, type=jar} in reactor
2026-09-08T06:03:12.2259268Z [INFO] Did not find project ArtifactDescriptorDependency {descriptor=eclipse-plugin:org.osgi.service.component:1.5.1.202212101352: /home/runner/work/_temp/m9v-recovery-maven-repository/p2/osgi/bundle/org.osgi.service.component/1.5.1.202212101352/org.osgi.service.component-1.5.1.202212101352.jar, groupId=org.osgi, artifactId=org.osgi.service.component, version=1.5.1, type=jar} in reactor
2026-09-08T06:03:12.2264615Z [INFO] Did not find project ArtifactDescriptorDependency {descriptor=eclipse-plugin:org.osgi.util.promise:1.3.0.202212101352: /home/runner/work/_temp/m9v-recovery-maven-repository/p2/osgi/bundle/org.osgi.util.promise/1.3.0.202212101352/org.osgi.util.promise-1.3.0.202212101352.jar, groupId=org.osgi, artifactId=org.osgi.util.promise, version=1.3.0, type=jar} in reactor
2026-09-08T06:03:12.2269494Z [INFO] Did not find project ArtifactDescriptorDependency {descriptor=eclipse-plugin:org.osgi.service.event:1.4.1.202109301733: /home/runner/work/_temp/m9v-recovery-maven-repository/p2/osgi/bundle/org.osgi.service.event/1.4.1.202109301733/org.osgi.service.event-1.4.1.202109301733.jar, groupId=org.osgi, artifactId=org.osgi.service.event, version=1.4.1, type=jar} in reactor
2026-09-08T06:03:12.2274624Z [INFO] Did not find project ArtifactDescriptorDependency {descriptor=eclipse-plugin:org.osgi.service.prefs:1.1.2.202109301733: /home/runner/work/_temp/m9v-recovery-maven-repository/p2/osgi/bundle/org.osgi.service.prefs/1.1.2.202109301733/org.osgi.service.prefs-1.1.2.202109301733.jar, groupId=org.osgi, artifactId=org.osgi.service.prefs, version=1.1.2, type=jar} in reactor
2026-09-08T06:03:12.2286375Z [INFO] Did not find project ArtifactDescriptorDependency {descriptor=eclipse-plugin:org.osgi.util.function:1.2.0.202109301733: /home/runner/work/_temp/m9v-recovery-maven-repository/p2/osgi/bundle/org.osgi.util.function/1.2.0.202109301733/org.osgi.util.function-1.2.0.202109301733.jar, groupId=org.osgi, artifactId=org.osgi.util.function, version=1.2.0, type=jar} in reactor
2026-09-08T06:03:12.2296313Z [INFO] Did not find project ArtifactDescriptorDependency {descriptor=eclipse-plugin:org.osgi.service.prefs:1.1.2.202109301733: /home/runner/work/_temp/m9v-recovery-maven-repository/p2/osgi/bundle/org.osgi.service.prefs/1.1.2.202109301733/org.osgi.service.prefs-1.1.2.202109301733.jar, groupId=org.osgi, artifactId=org.osgi.service.prefs, version=1.1.2, type=jar} in reactor
2026-09-08T06:03:12.2301189Z [INFO] Did not find project ArtifactDescriptorDependency {descriptor=eclipse-plugin:org.eclipse.xtext.common.types:2.30.0.v20230227-1128: /home/runner/work/_temp/m9v-recovery-maven-repository/p2/osgi/bundle/org.eclipse.xtext.common.types/2.30.0.v20230227-1128/org.eclipse.xtext.common.types-2.30.0.v20230227-1128.jar, groupId=org.eclipse.xtext, artifactId=org.eclipse.xtext.common.types, version=2.30.0, type=jar} in reactor
2026-09-08T06:03:12.2304969Z [INFO] Did not find project ArtifactDescriptorDependency {descriptor=eclipse-plugin:org.eclipse.xtext.xbase:2.30.0.v20230227-1128: /home/runner/work/_temp/m9v-recovery-maven-repository/p2/osgi/bundle/org.eclipse.xtext.xbase/2.30.0.v20230227-1128/org.eclipse.xtext.xbase-2.30.0.v20230227-1128.jar, groupId=org.eclipse.xtext, artifactId=org.eclipse.xtext.xbase, version=2.30.0, type=jar} in reactor
2026-09-08T06:03:12.2308274Z [INFO] Did not find project ArtifactDescriptorDependency {descriptor=eclipse-plugin:org.eclipse.xtext:2.30.0.v20230227-1116: /home/runner/work/_temp/m9v-recovery-maven-repository/p2/osgi/bundle/org.eclipse.xtext/2.30.0.v20230227-1116/org.eclipse.xtext-2.30.0.v20230227-1116.jar, groupId=org.eclipse.xtext, artifactId=org.eclipse.xtext, version=2.30.0, type=jar} in reactor
2026-09-08T06:03:12.2311505Z [INFO] Did not find project ArtifactDescriptorDependency {descriptor=eclipse-plugin:org.eclipse.xtext.util:2.30.0.v20230227-1116: /home/runner/work/_temp/m9v-recovery-maven-repository/p2/osgi/bundle/org.eclipse.xtext.util/2.30.0.v20230227-1116/org.eclipse.xtext.util-2.30.0.v20230227-1116.jar, groupId=org.eclipse.xtext, artifactId=org.eclipse.xtext.util, version=2.30.0, type=jar} in reactor
2026-09-08T06:03:12.2315044Z [INFO] Did not find project ArtifactDescriptorDependency {descriptor=eclipse-plugin:org.eclipse.xtext.xbase.lib:2.30.0.v20230227-1111: /home/runner/work/_temp/m9v-recovery-maven-repository/p2/osgi/bundle/org.eclipse.xtext.xbase.lib/2.30.0.v20230227-1111/org.eclipse.xtext.xbase.lib-2.30.0.v20230227-1111.jar, groupId=org.eclipse.xtext, artifactId=org.eclipse.xtext.xbase.lib, version=2.30.0, type=jar} in reactor
2026-09-08T06:03:12.2318727Z [INFO] Did not find project ArtifactDescriptorDependency {descriptor=eclipse-plugin:org.eclipse.xtend.lib:2.30.0.v20230227-1111: /home/runner/work/_temp/m9v-recovery-maven-repository/p2/osgi/bundle/org.eclipse.xtend.lib/2.30.0.v20230227-1111/org.eclipse.xtend.lib-2.30.0.v20230227-1111.jar, groupId=org.eclipse.xtend, artifactId=org.eclipse.xtend.lib, version=2.30.0, type=jar} in reactor
2026-09-08T06:03:12.2322671Z [INFO] Did not find project ArtifactDescriptorDependency {descriptor=eclipse-plugin:org.eclipse.xtext.smap:2.30.0.v20230227-1128: /home/runner/work/_temp/m9v-recovery-maven-repository/p2/osgi/bundle/org.eclipse.xtext.smap/2.30.0.v20230227-1128/org.eclipse.xtext.smap-2.30.0.v20230227-1128.jar, groupId=org.eclipse.xtext, artifactId=org.eclipse.xtext.smap, version=2.30.0, type=jar} in reactor
2026-09-08T06:03:12.2337067Z [INFO] Did not find project ArtifactDescriptorDependency {descriptor=eclipse-plugin:org.eclipse.xtend.lib.macro:2.30.0.v20230227-1111: /home/runner/work/_temp/m9v-recovery-maven-repository/p2/osgi/bundle/org.eclipse.xtend.lib.macro/2.30.0.v20230227-1111/org.eclipse.xtend.lib.macro-2.30.0.v20230227-1111.jar, groupId=org.eclipse.xtend, artifactId=org.eclipse.xtend.lib.macro, version=2.30.0, type=jar} in reactor
2026-09-08T06:03:12.2342312Z [INFO] Did not find project ArtifactDescriptorDependency {descriptor=eclipse-plugin:org.eclipse.xtext.ecore:2.30.0.v20230227-1128: /home/runner/work/_temp/m9v-recovery-maven-repository/p2/osgi/bundle/org.eclipse.xtext.ecore/2.30.0.v20230227-1128/org.eclipse.xtext.ecore-2.30.0.v20230227-1128.jar, groupId=org.eclipse.xtext, artifactId=org.eclipse.xtext.ecore, version=2.30.0, type=jar} in reactor
2026-09-08T06:03:12.2346949Z [INFO] Did not find project ArtifactDescriptorDependency {descriptor=eclipse-plugin:bcpg:1.72.2: /home/runner/work/_temp/m9v-recovery-maven-repository/p2/osgi/bundle/bcpg/1.72.2/bcpg-1.72.2.jar, groupId=org.bouncycastle, artifactId=bcpg-jdk18on, version=1.72.2, type=jar} in reactor
2026-09-08T06:03:12.2350623Z [INFO] Did not find project ArtifactDescriptorDependency {descriptor=eclipse-plugin:bcprov:1.72.0: /home/runner/work/_temp/m9v-recovery-maven-repository/p2/osgi/bundle/bcprov/1.72.0/bcprov-1.72.0.jar, groupId=org.bouncycastle, artifactId=bcprov-jdk18on, version=1.72, type=jar} in reactor
2026-09-08T06:03:12.2353486Z [INFO] Did not find project ArtifactDescriptorDependency {descriptor=eclipse-plugin:org.apache.commons.commons-io:2.11.0: /home/runner/work/_temp/m9v-recovery-maven-repository/p2/osgi/bundle/org.apache.commons.commons-io/2.11.0/org.apache.commons.commons-io-2.11.0.jar, groupId=commons-io, artifactId=commons-io, version=2.11.0, type=jar} in reactor
2026-09-08T06:03:12.2357734Z [INFO] Did not find project ArtifactDescriptorDependency {descriptor=eclipse-plugin:org.apache.felix.scr:2.2.6: /home/runner/work/_temp/m9v-recovery-maven-repository/p2/osgi/bundle/org.apache.felix.scr/2.2.6/org.apache.felix.scr-2.2.6.jar, groupId=org.apache.felix, artifactId=org.apache.felix.scr, version=2.2.6, type=jar} in reactor
2026-09-08T06:03:12.2360867Z [INFO] Did not find project ArtifactDescriptorDependency {descriptor=eclipse-plugin:org.osgi.service.component:1.5.1.202212101352: /home/runner/work/_temp/m9v-recovery-maven-repository/p2/osgi/bundle/org.osgi.service.component/1.5.1.202212101352/org.osgi.service.component-1.5.1.202212101352.jar, groupId=org.osgi, artifactId=org.osgi.service.component, version=1.5.1, type=jar} in reactor
2026-09-08T06:03:12.2363530Z [INFO] Did not find project ArtifactDescriptorDependency {descriptor=eclipse-plugin:org.osgi.util.promise:1.3.0.202212101352: /home/runner/work/_temp/m9v-recovery-maven-repository/p2/osgi/bundle/org.osgi.util.promise/1.3.0.202212101352/org.osgi.util.promise-1.3.0.202212101352.jar, groupId=org.osgi, artifactId=org.osgi.util.promise, version=1.3.0, type=jar} in reactor
2026-09-08T06:03:12.2367367Z [INFO] Did not find project ArtifactDescriptorDependency {descriptor=eclipse-plugin:org.osgi.service.event:1.4.1.202109301733: /home/runner/work/_temp/m9v-recovery-maven-repository/p2/osgi/bundle/org.osgi.service.event/1.4.1.202109301733/org.osgi.service.event-1.4.1.202109301733.jar, groupId=org.osgi, artifactId=org.osgi.service.event, version=1.4.1, type=jar} in reactor
2026-09-08T06:03:12.2372432Z [INFO] Did not find project ArtifactDescriptorDependency {descriptor=eclipse-plugin:org.osgi.service.prefs:1.1.2.202109301733: /home/runner/work/_temp/m9v-recovery-maven-repository/p2/osgi/bundle/org.osgi.service.prefs/1.1.2.202109301733/org.osgi.service.prefs-1.1.2.202109301733.jar, groupId=org.osgi, artifactId=org.osgi.service.prefs, version=1.1.2, type=jar} in reactor
2026-09-08T06:03:12.2377892Z [INFO] Did not find project ArtifactDescriptorDependency {descriptor=eclipse-plugin:org.eclipse.xtext.common.types:2.30.0.v20230227-1128: /home/runner/work/_temp/m9v-recovery-maven-repository/p2/osgi/bundle/org.eclipse.xtext.common.types/2.30.0.v20230227-1128/org.eclipse.xtext.common.types-2.30.0.v20230227-1128.jar, groupId=org.eclipse.xtext, artifactId=org.eclipse.xtext.common.types, version=2.30.0, type=jar} in reactor
2026-09-08T06:03:12.2383232Z [INFO] Did not find project ArtifactDescriptorDependency {descriptor=eclipse-plugin:org.eclipse.xtext.xbase:2.30.0.v20230227-1128: /home/runner/work/_temp/m9v-recovery-maven-repository/p2/osgi/bundle/org.eclipse.xtext.xbase/2.30.0.v20230227-1128/org.eclipse.xtext.xbase-2.30.0.v20230227-1128.jar, groupId=org.eclipse.xtext, artifactId=org.eclipse.xtext.xbase, version=2.30.0, type=jar} in reactor
2026-09-08T06:03:12.2388208Z [INFO] Did not find project ArtifactDescriptorDependency {descriptor=eclipse-plugin:org.eclipse.xtext:2.30.0.v20230227-1116: /home/runner/work/_temp/m9v-recovery-maven-repository/p2/osgi/bundle/org.eclipse.xtext/2.30.0.v20230227-1116/org.eclipse.xtext-2.30.0.v20230227-1116.jar, groupId=org.eclipse.xtext, artifactId=org.eclipse.xtext, version=2.30.0, type=jar} in reactor
2026-09-08T06:03:12.2404905Z [INFO] Did not find project ArtifactDescriptorDependency {descriptor=eclipse-plugin:org.eclipse.xtext.util:2.30.0.v20230227-1116: /home/runner/work/_temp/m9v-recovery-maven-repository/p2/osgi/bundle/org.eclipse.xtext.util/2.30.0.v20230227-1116/org.eclipse.xtext.util-2.30.0.v20230227-1116.jar, groupId=org.eclipse.xtext, artifactId=org.eclipse.xtext.util, version=2.30.0, type=jar} in reactor
2026-09-08T06:03:12.2408875Z [INFO] Did not find project ArtifactDescriptorDependency {descriptor=eclipse-plugin:org.eclipse.xtext.xbase.lib:2.30.0.v20230227-1111: /home/runner/work/_temp/m9v-recovery-maven-repository/p2/osgi/bundle/org.eclipse.xtext.xbase.lib/2.30.0.v20230227-1111/org.eclipse.xtext.xbase.lib-2.30.0.v20230227-1111.jar, groupId=org.eclipse.xtext, artifactId=org.eclipse.xtext.xbase.lib, version=2.30.0, type=jar} in reactor
2026-09-08T06:03:12.2412146Z [INFO] Did not find project ArtifactDescriptorDependency {descriptor=eclipse-plugin:org.eclipse.xtend.lib:2.30.0.v20230227-1111: /home/runner/work/_temp/m9v-recovery-maven-repository/p2/osgi/bundle/org.eclipse.xtend.lib/2.30.0.v20230227-1111/org.eclipse.xtend.lib-2.30.0.v20230227-1111.jar, groupId=org.eclipse.xtend, artifactId=org.eclipse.xtend.lib, version=2.30.0, type=jar} in reactor
2026-09-08T06:03:12.2416493Z [INFO] Did not find project ArtifactDescriptorDependency {descriptor=eclipse-plugin:org.eclipse.xtext.smap:2.30.0.v20230227-1128: /home/runner/work/_temp/m9v-recovery-maven-repository/p2/osgi/bundle/org.eclipse.xtext.smap/2.30.0.v20230227-1128/org.eclipse.xtext.smap-2.30.0.v20230227-1128.jar, groupId=org.eclipse.xtext, artifactId=org.eclipse.xtext.smap, version=2.30.0, type=jar} in reactor
2026-09-08T06:03:12.2420565Z [INFO] Did not find project ArtifactDescriptorDependency {descriptor=eclipse-plugin:org.eclipse.xtend.lib.macro:2.30.0.v20230227-1111: /home/runner/work/_temp/m9v-recovery-maven-repository/p2/osgi/bundle/org.eclipse.xtend.lib.macro/2.30.0.v20230227-1111/org.eclipse.xtend.lib.macro-2.30.0.v20230227-1111.jar, groupId=org.eclipse.xtend, artifactId=org.eclipse.xtend.lib.macro, version=2.30.0, type=jar} in reactor
2026-09-08T06:03:12.2435342Z [INFO] Did not find project ArtifactDescriptorDependency {descriptor=eclipse-plugin:org.eclipse.xtext.ecore:2.30.0.v20230227-1128: /home/runner/work/_temp/m9v-recovery-maven-repository/p2/osgi/bundle/org.eclipse.xtext.ecore/2.30.0.v20230227-1128/org.eclipse.xtext.ecore-2.30.0.v20230227-1128.jar, groupId=org.eclipse.xtext, artifactId=org.eclipse.xtext.ecore, version=2.30.0, type=jar} in reactor
2026-09-08T06:03:12.2439599Z [INFO] Did not find project ArtifactDescriptorDependency {descriptor=eclipse-plugin:org.osgi.util.function:1.2.0.202109301733: /home/runner/work/_temp/m9v-recovery-maven-repository/p2/osgi/bundle/org.osgi.util.function/1.2.0.202109301733/org.osgi.util.function-1.2.0.202109301733.jar, groupId=org.osgi, artifactId=org.osgi.util.function, version=1.2.0, type=jar} in reactor
2026-09-08T06:03:12.2443504Z [INFO] Did not find project ArtifactDescriptorDependency {descriptor=eclipse-plugin:bcprov:1.72.0: /home/runner/work/_temp/m9v-recovery-maven-repository/p2/osgi/bundle/bcprov/1.72.0/bcprov-1.72.0.jar, groupId=org.bouncycastle, artifactId=bcprov-jdk18on, version=1.72, type=jar} in reactor
2026-09-08T06:03:12.2447972Z [INFO] Did not find project ArtifactDescriptorDependency {descriptor=eclipse-plugin:org.eclipse.xtext:2.30.0.v20230227-1116: /home/runner/work/_temp/m9v-recovery-maven-repository/p2/osgi/bundle/org.eclipse.xtext/2.30.0.v20230227-1116/org.eclipse.xtext-2.30.0.v20230227-1116.jar, groupId=org.eclipse.xtext, artifactId=org.eclipse.xtext, version=2.30.0, type=jar} in reactor
2026-09-08T06:03:12.2453187Z [INFO] Did not find project ArtifactDescriptorDependency {descriptor=eclipse-plugin:org.eclipse.xtext.xtext.generator:2.30.0.v20230227-1116: /home/runner/work/_temp/m9v-recovery-maven-repository/p2/osgi/bundle/org.eclipse.xtext.xtext.generator/2.30.0.v20230227-1116/org.eclipse.xtext.xtext.generator-2.30.0.v20230227-1116.jar, groupId=org.eclipse.xtext, artifactId=org.eclipse.xtext.xtext.generator, version=2.30.0, type=jar} in reactor
2026-09-08T06:03:12.2458543Z [INFO] Did not find project ArtifactDescriptorDependency {descriptor=eclipse-plugin:org.apache.commons.commons-io:2.11.0: /home/runner/work/_temp/m9v-recovery-maven-repository/p2/osgi/bundle/org.apache.commons.commons-io/2.11.0/org.apache.commons.commons-io-2.11.0.jar, groupId=commons-io, artifactId=commons-io, version=2.11.0, type=jar} in reactor
2026-09-08T06:03:12.2464151Z [INFO] Did not find project ArtifactDescriptorDependency {descriptor=eclipse-plugin:org.apache.felix.scr:2.2.6: /home/runner/work/_temp/m9v-recovery-maven-repository/p2/osgi/bundle/org.apache.felix.scr/2.2.6/org.apache.felix.scr-2.2.6.jar, groupId=org.apache.felix, artifactId=org.apache.felix.scr, version=2.2.6, type=jar} in reactor
2026-09-08T06:03:12.2468766Z [INFO] Did not find project ArtifactDescriptorDependency {descriptor=eclipse-plugin:org.osgi.service.component:1.5.1.202212101352: /home/runner/work/_temp/m9v-recovery-maven-repository/p2/osgi/bundle/org.osgi.service.component/1.5.1.202212101352/org.osgi.service.component-1.5.1.202212101352.jar, groupId=org.osgi, artifactId=org.osgi.service.component, version=1.5.1, type=jar} in reactor
2026-09-08T06:03:12.2487093Z [INFO] Did not find project ArtifactDescriptorDependency {descriptor=eclipse-plugin:org.osgi.util.promise:1.3.0.202212101352: /home/runner/work/_temp/m9v-recovery-maven-repository/p2/osgi/bundle/org.osgi.util.promise/1.3.0.202212101352/org.osgi.util.promise-1.3.0.202212101352.jar, groupId=org.osgi, artifactId=org.osgi.util.promise, version=1.3.0, type=jar} in reactor
2026-09-08T06:03:12.2492000Z [INFO] Did not find project ArtifactDescriptorDependency {descriptor=eclipse-plugin:org.osgi.service.event:1.4.1.202109301733: /home/runner/work/_temp/m9v-recovery-maven-repository/p2/osgi/bundle/org.osgi.service.event/1.4.1.202109301733/org.osgi.service.event-1.4.1.202109301733.jar, groupId=org.osgi, artifactId=org.osgi.service.event, version=1.4.1, type=jar} in reactor
2026-09-08T06:03:12.2496938Z [INFO] Did not find project ArtifactDescriptorDependency {descriptor=eclipse-plugin:org.osgi.service.prefs:1.1.2.202109301733: /home/runner/work/_temp/m9v-recovery-maven-repository/p2/osgi/bundle/org.osgi.service.prefs/1.1.2.202109301733/org.osgi.service.prefs-1.1.2.202109301733.jar, groupId=org.osgi, artifactId=org.osgi.service.prefs, version=1.1.2, type=jar} in reactor
2026-09-08T06:03:12.2501985Z [INFO] Did not find project ArtifactDescriptorDependency {descriptor=eclipse-plugin:org.osgi.util.function:1.2.0.202109301733: /home/runner/work/_temp/m9v-recovery-maven-repository/p2/osgi/bundle/org.osgi.util.function/1.2.0.202109301733/org.osgi.util.function-1.2.0.202109301733.jar, groupId=org.osgi, artifactId=org.osgi.util.function, version=1.2.0, type=jar} in reactor
2026-09-08T06:03:12.2507878Z [INFO] Did not find project ArtifactDescriptorDependency {descriptor=eclipse-plugin:org.osgi.util.measurement:1.0.2.201802012109: /home/runner/work/_temp/m9v-recovery-maven-repository/p2/osgi/bundle/org.osgi.util.measurement/1.0.2.201802012109/org.osgi.util.measurement-1.0.2.201802012109.jar, groupId=org.osgi, artifactId=org.osgi.util.measurement, version=1.0.2, type=jar} in reactor
2026-09-08T06:03:12.2513616Z [INFO] Did not find project ArtifactDescriptorDependency {descriptor=eclipse-plugin:org.osgi.util.position:1.0.1.201505202026: /home/runner/work/_temp/m9v-recovery-maven-repository/p2/osgi/bundle/org.osgi.util.position/1.0.1.201505202026/org.osgi.util.position-1.0.1.201505202026.jar, groupId=org.osgi, artifactId=org.osgi.util.position, version=1.0.1, type=jar} in reactor
2026-09-08T06:03:12.2518474Z [INFO] Did not find project ArtifactDescriptorDependency {descriptor=eclipse-plugin:org.osgi.util.xml:1.0.2.202109301733: /home/runner/work/_temp/m9v-recovery-maven-repository/p2/osgi/bundle/org.osgi.util.xml/1.0.2.202109301733/org.osgi.util.xml-1.0.2.202109301733.jar, groupId=org.osgi, artifactId=org.osgi.util.xml, version=1.0.2, type=jar} in reactor
2026-09-08T06:03:12.2523349Z [INFO] Did not find project ArtifactDescriptorDependency {descriptor=eclipse-plugin:org.eclipse.xtext.common.types:2.30.0.v20230227-1128: /home/runner/work/_temp/m9v-recovery-maven-repository/p2/osgi/bundle/org.eclipse.xtext.common.types/2.30.0.v20230227-1128/org.eclipse.xtext.common.types-2.30.0.v20230227-1128.jar, groupId=org.eclipse.xtext, artifactId=org.eclipse.xtext.common.types, version=2.30.0, type=jar} in reactor
2026-09-08T06:03:12.2528926Z [INFO] Did not find project ArtifactDescriptorDependency {descriptor=eclipse-plugin:org.eclipse.xtext.xbase:2.30.0.v20230227-1128: /home/runner/work/_temp/m9v-recovery-maven-repository/p2/osgi/bundle/org.eclipse.xtext.xbase/2.30.0.v20230227-1128/org.eclipse.xtext.xbase-2.30.0.v20230227-1128.jar, groupId=org.eclipse.xtext, artifactId=org.eclipse.xtext.xbase, version=2.30.0, type=jar} in reactor
2026-09-08T06:03:12.2534024Z [INFO] Did not find project ArtifactDescriptorDependency {descriptor=eclipse-plugin:org.eclipse.xtext.util:2.30.0.v20230227-1116: /home/runner/work/_temp/m9v-recovery-maven-repository/p2/osgi/bundle/org.eclipse.xtext.util/2.30.0.v20230227-1116/org.eclipse.xtext.util-2.30.0.v20230227-1116.jar, groupId=org.eclipse.xtext, artifactId=org.eclipse.xtext.util, version=2.30.0, type=jar} in reactor
2026-09-08T06:03:12.2539179Z [INFO] Did not find project ArtifactDescriptorDependency {descriptor=eclipse-plugin:org.eclipse.xtext.xbase.lib:2.30.0.v20230227-1111: /home/runner/work/_temp/m9v-recovery-maven-repository/p2/osgi/bundle/org.eclipse.xtext.xbase.lib/2.30.0.v20230227-1111/org.eclipse.xtext.xbase.lib-2.30.0.v20230227-1111.jar, groupId=org.eclipse.xtext, artifactId=org.eclipse.xtext.xbase.lib, version=2.30.0, type=jar} in reactor
2026-09-08T06:03:12.2544410Z [INFO] Did not find project ArtifactDescriptorDependency {descriptor=eclipse-plugin:org.eclipse.xtend.lib:2.30.0.v20230227-1111: /home/runner/work/_temp/m9v-recovery-maven-repository/p2/osgi/bundle/org.eclipse.xtend.lib/2.30.0.v20230227-1111/org.eclipse.xtend.lib-2.30.0.v20230227-1111.jar, groupId=org.eclipse.xtend, artifactId=org.eclipse.xtend.lib, version=2.30.0, type=jar} in reactor
2026-09-08T06:03:12.2549354Z [INFO] Did not find project ArtifactDescriptorDependency {descriptor=eclipse-plugin:org.eclipse.xtext.smap:2.30.0.v20230227-1128: /home/runner/work/_temp/m9v-recovery-maven-repository/p2/osgi/bundle/org.eclipse.xtext.smap/2.30.0.v20230227-1128/org.eclipse.xtext.smap-2.30.0.v20230227-1128.jar, groupId=org.eclipse.xtext, artifactId=org.eclipse.xtext.smap, version=2.30.0, type=jar} in reactor
2026-09-08T06:03:12.2554917Z [INFO] Did not find project ArtifactDescriptorDependency {descriptor=eclipse-plugin:org.eclipse.xtend.lib.macro:2.30.0.v20230227-1111: /home/runner/work/_temp/m9v-recovery-maven-repository/p2/osgi/bundle/org.eclipse.xtend.lib.macro/2.30.0.v20230227-1111/org.eclipse.xtend.lib.macro-2.30.0.v20230227-1111.jar, groupId=org.eclipse.xtend, artifactId=org.eclipse.xtend.lib.macro, version=2.30.0, type=jar} in reactor
2026-09-08T06:03:12.2560157Z [INFO] Did not find project ArtifactDescriptorDependency {descriptor=eclipse-plugin:org.eclipse.xtext.ecore:2.30.0.v20230227-1128: /home/runner/work/_temp/m9v-recovery-maven-repository/p2/osgi/bundle/org.eclipse.xtext.ecore/2.30.0.v20230227-1128/org.eclipse.xtext.ecore-2.30.0.v20230227-1128.jar, groupId=org.eclipse.xtext, artifactId=org.eclipse.xtext.ecore, version=2.30.0, type=jar} in reactor
2026-09-08T06:03:12.2565484Z [INFO] Did not find project ArtifactDescriptorDependency {descriptor=eclipse-plugin:org.eclipse.xtext.ide:2.30.0.v20230227-1116: /home/runner/work/_temp/m9v-recovery-maven-repository/p2/osgi/bundle/org.eclipse.xtext.ide/2.30.0.v20230227-1116/org.eclipse.xtext.ide-2.30.0.v20230227-1116.jar, groupId=org.eclipse.xtext, artifactId=org.eclipse.xtext.ide, version=2.30.0, type=jar} in reactor
2026-09-08T06:03:12.2570534Z [INFO] Did not find project ArtifactDescriptorDependency {descriptor=eclipse-plugin:org.eclipse.xtext.xbase.ide:2.30.0.v20230227-1128: /home/runner/work/_temp/m9v-recovery-maven-repository/p2/osgi/bundle/org.eclipse.xtext.xbase.ide/2.30.0.v20230227-1128/org.eclipse.xtext.xbase.ide-2.30.0.v20230227-1128.jar, groupId=org.eclipse.xtext, artifactId=org.eclipse.xtext.xbase.ide, version=2.30.0, type=jar} in reactor
2026-09-08T06:03:12.2573390Z [INFO] 9 source folders
2026-09-08T06:03:12.2574893Z [INFO] Source folder: /home/runner/work/telemetry-availability-identification/telemetry-availability-identification/palladio-source/bundles/org.palladiosimulator.reliability/src
2026-09-08T06:03:12.2577824Z [INFO] Source folder: /home/runner/work/telemetry-availability-identification/telemetry-availability-identification/palladio-source/bundles/org.palladiosimulator.reliability.sensitivity/src
2026-09-08T06:03:12.2580507Z [INFO] Source folder: /home/runner/work/telemetry-availability-identification/telemetry-availability-identification/palladio-source/bundles/org.palladiosimulator.reliability.sensitivity.edit/src
2026-09-08T06:03:12.2583133Z [INFO] Source folder: /home/runner/work/telemetry-availability-identification/telemetry-availability-identification/palladio-source/bundles/org.palladiosimulator.reliability.markov/src
2026-09-08T06:03:12.2585806Z [INFO] Source folder: /home/runner/work/telemetry-availability-identification/telemetry-availability-identification/palladio-source/bundles/org.palladiosimulator.reliability.solver/src
2026-09-08T06:03:12.2588413Z [INFO] Source folder: /home/runner/work/telemetry-availability-identification/telemetry-availability-identification/palladio-source/bundles/org.palladiosimulator.reliability.markov.editor/src
2026-09-08T06:03:12.2591106Z [INFO] Source folder: /home/runner/work/telemetry-availability-identification/telemetry-availability-identification/palladio-source/bundles/org.palladiosimulator.reliability.solver/resources
2026-09-08T06:03:12.2593767Z [INFO] Source folder: /home/runner/work/telemetry-availability-identification/telemetry-availability-identification/palladio-source/bundles/org.palladiosimulator.reliability.sensitivity.editor/src
2026-09-08T06:03:12.2596558Z [INFO] Source folder: /home/runner/work/telemetry-availability-identification/telemetry-availability-identification/palladio-source/bundles/org.palladiosimulator.reliability.markov.edit/src
2026-09-08T06:03:12.2598274Z [INFO] 314 classpath deps
2026-09-08T06:03:12.2599621Z [INFO] CP: /home/runner/work/_temp/m9v-recovery-maven-repository/p2/osgi/bundle/org.eclipse.m2m.qvt.oml.common/3.10.2.v20220605-1149/org.eclipse.m2m.qvt.oml.common-3.10.2.v20220605-1149.jar
2026-09-08T06:03:12.2602086Z [INFO] CP: /home/runner/work/telemetry-availability-identification/telemetry-availability-identification/palladio-source/bundles/org.palladiosimulator.reliability.sensitivity/target/classes
2026-09-08T06:03:12.2604642Z [INFO] CP: /home/runner/work/_temp/m9v-recovery-maven-repository/p2/osgi/bundle/org.eclipse.e4.ui.swt.win32/1.1.200.v20230214-1401/org.eclipse.e4.ui.swt.win32-1.1.200.v20230214-1401.jar
2026-09-08T06:03:12.2607022Z [INFO] CP: /home/runner/work/_temp/m9v-recovery-maven-repository/p2/osgi/bundle/org.eclipse.gmf.runtime.emf.type.core/1.9.1.202211041032/org.eclipse.gmf.runtime.emf.type.core-1.9.1.202211041032.jar
2026-09-08T06:03:12.2609234Z [INFO] CP: /home/runner/work/_temp/m9v-recovery-maven-repository/p2/osgi/bundle/org.eclipse.text/3.12.300.v20220921-1010/org.eclipse.text-3.12.300.v20220921-1010.jar
2026-09-08T06:03:12.2611134Z [INFO] CP: /home/runner/work/_temp/m9v-recovery-maven-repository/p2/osgi/bundle/de.uka.ipd.sdq.workflow.ui/5.2.2/de.uka.ipd.sdq.workflow.ui-5.2.2.jar
2026-09-08T06:03:12.2612940Z [INFO] CP: /home/runner/work/_temp/m9v-recovery-maven-repository/p2/osgi/bundle/com.sun.jna/5.12.1.v20221103-2317/com.sun.jna-5.12.1.v20221103-2317.jar
2026-09-08T06:03:12.2615171Z [INFO] CP: /home/runner/work/_temp/m9v-recovery-maven-repository/p2/osgi/bundle/org.eclipse.sirius.ecore.extender/7.0.7.202301170754/org.eclipse.sirius.ecore.extender-7.0.7.202301170754.jar
2026-09-08T06:03:12.2617258Z [INFO] CP: /home/runner/work/_temp/m9v-recovery-maven-repository/p2/osgi/bundle/org.w3c.css.sac/1.3.1.v200903091627/org.w3c.css.sac-1.3.1.v200903091627.jar
2026-09-08T06:03:12.2618920Z [INFO] CP: /home/runner/work/_temp/m9v-recovery-maven-repository/p2/osgi/bundle/org.jscience/4.3.1/org.jscience-4.3.1.jar
2026-09-08T06:03:12.2620690Z [INFO] CP: /home/runner/work/_temp/m9v-recovery-maven-repository/p2/osgi/bundle/org.eclipse.ui.win32/3.4.600.v20230214-1401/org.eclipse.ui.win32-3.4.600.v20230214-1401.jar
2026-09-08T06:03:12.2623127Z [INFO] CP: /home/runner/work/_temp/m9v-recovery-maven-repository/p2/osgi/bundle/org.eclipse.xtext.xtext.generator/2.30.0.v20230227-1116/org.eclipse.xtext.xtext.generator-2.30.0.v20230227-1116.jar
2026-09-08T06:03:12.2625877Z [INFO] CP: /home/runner/work/_temp/m9v-recovery-maven-repository/p2/osgi/bundle/org.eclipse.xtend.standalone/2.30.0.v20230227-1300/org.eclipse.xtend.standalone-2.30.0.v20230227-1300.jar
2026-09-08T06:03:12.2628794Z [INFO] CP: /home/runner/work/_temp/m9v-recovery-maven-repository/p2/osgi/bundle/org.eclipse.ui/3.202.0.v20230214-1401/org.eclipse.ui-3.202.0.v20230214-1401.jar
2026-09-08T06:03:12.2631514Z [INFO] CP: /home/runner/work/_temp/m9v-recovery-maven-repository/p2/osgi/bundle/org.eclipse.jface.text/3.23.0.v20230123-1047/org.eclipse.jface.text-3.23.0.v20230123-1047.jar
2026-09-08T06:03:12.2634535Z [INFO] CP: /home/runner/work/_temp/m9v-recovery-maven-repository/p2/osgi/bundle/org.eclipse.emf.codegen.ecore/2.33.0.v20230211-1150/org.eclipse.emf.codegen.ecore-2.33.0.v20230211-1150.jar
2026-09-08T06:03:12.2636544Z [INFO] CP: /home/runner/work/_temp/m9v-recovery-maven-repository/.cache/tycho/org.apache.ant-1.10.12.v20211102-1452.jar/lib/ant-jdepend.jar
2026-09-08T06:03:12.2638728Z [INFO] CP: /home/runner/work/_temp/m9v-recovery-maven-repository/p2/osgi/bundle/org.eclipse.core.databinding.property/1.9.200.v20230220-0932/org.eclipse.core.databinding.property-1.9.200.v20230220-0932.jar
2026-09-08T06:03:12.2641057Z [INFO] CP: /home/runner/work/_temp/m9v-recovery-maven-repository/.cache/tycho/org.apache.ant-1.10.12.v20211102-1452.jar/lib/ant-apache-xalan2.jar
2026-09-08T06:03:12.2643241Z [INFO] CP: /home/runner/work/telemetry-availability-identification/telemetry-availability-identification/palladio-source/bundles/org.palladiosimulator.reliability.solver/target/classes
2026-09-08T06:03:12.2645860Z [INFO] CP: /home/runner/work/_temp/m9v-recovery-maven-repository/p2/osgi/bundle/org.eclipse.osgi/3.18.300.v20230220-1352/org.eclipse.osgi-3.18.300.v20230220-1352.jar
2026-09-08T06:03:12.2647663Z [INFO] CP: /home/runner/work/_temp/m9v-recovery-maven-repository/.cache/tycho/org.apache.ant-1.10.12.v20211102-1452.jar/lib/ant.jar
2026-09-08T06:03:12.2649449Z [INFO] CP: /home/runner/work/_temp/m9v-recovery-maven-repository/p2/osgi/bundle/org.palladiosimulator.solver/5.2.2/org.palladiosimulator.solver-5.2.2.jar
2026-09-08T06:03:12.2651397Z [INFO] CP: /home/runner/work/_temp/m9v-recovery-maven-repository/p2/osgi/bundle/org.eclipse.ui.editors/3.15.0.v20221201-1935/org.eclipse.ui.editors-3.15.0.v20221201-1935.jar
2026-09-08T06:03:12.2653714Z [INFO] CP: /home/runner/work/_temp/m9v-recovery-maven-repository/p2/osgi/bundle/org.eclipse.gmf.runtime.diagram.core/1.7.0.202211041032/org.eclipse.gmf.runtime.diagram.core-1.7.0.202211041032.jar
2026-09-08T06:03:12.2655966Z [INFO] CP: /home/runner/work/_temp/m9v-recovery-maven-repository/.cache/tycho/org.apache.ant-1.10.12.v20211102-1452.jar/lib/ant-apache-resolver.jar
2026-09-08T06:03:12.2657988Z [INFO] CP: /home/runner/work/_temp/m9v-recovery-maven-repository/p2/osgi/bundle/org.eclipse.e4.emf.xpath/0.3.200.v20230220-1427/org.eclipse.e4.emf.xpath-0.3.200.v20230220-1427.jar
2026-09-08T06:03:12.2660007Z [INFO] CP: /home/runner/work/_temp/m9v-recovery-maven-repository/p2/osgi/bundle/com.google.guava/30.1.0.v20221112-0806/com.google.guava-30.1.0.v20221112-0806.jar
2026-09-08T06:03:12.2662249Z [INFO] CP: /home/runner/work/_temp/m9v-recovery-maven-repository/p2/osgi/bundle/org.eclipse.e4.ui.workbench.addons.swt/1.4.600.v20230220-0932/org.eclipse.e4.ui.workbench.addons.swt-1.4.600.v20230220-0932.jar
2026-09-08T06:03:12.2665047Z [INFO] CP: /home/runner/work/_temp/m9v-recovery-maven-repository/p2/osgi/bundle/org.eclipse.emf.mwe.core/1.8.0.v20221117-1134/org.eclipse.emf.mwe.core-1.8.0.v20221117-1134.jar
2026-09-08T06:03:12.2668063Z [INFO] CP: /home/runner/work/_temp/m9v-recovery-maven-repository/p2/osgi/bundle/org.eclipse.emf.transaction/1.9.2.202208110935/org.eclipse.emf.transaction-1.9.2.202208110935.jar
2026-09-08T06:03:12.2671041Z [INFO] CP: /home/runner/work/_temp/m9v-recovery-maven-repository/p2/osgi/bundle/org.eclipse.sirius.common/7.0.7.202301170754/org.eclipse.sirius.common-7.0.7.202301170754.jar
2026-09-08T06:03:12.2674060Z [INFO] CP: /home/runner/work/_temp/m9v-recovery-maven-repository/p2/osgi/bundle/org.apache.log4j/1.2.24.v20221221-2012/org.apache.log4j-1.2.24.v20221221-2012.jar
2026-09-08T06:03:12.2676198Z [INFO] CP: /home/runner/work/_temp/m9v-recovery-maven-repository/p2/osgi/bundle/org.eclipse.osgi.util/3.7.200.v20230103-1101/org.eclipse.osgi.util-3.7.200.v20230103-1101.jar
2026-09-08T06:03:12.2678241Z [INFO] CP: /home/runner/work/_temp/m9v-recovery-maven-repository/p2/osgi/bundle/org.eclipse.e4.ui.workbench.swt/0.16.800.v20230220-0932/org.eclipse.e4.ui.workbench.swt-0.16.800.v20230220-0932.jar
2026-09-08T06:03:12.2680333Z [INFO] CP: /home/runner/work/_temp/m9v-recovery-maven-repository/p2/osgi/bundle/org.eclipse.net4j/4.17.0.v20230221-1613/org.eclipse.net4j-4.17.0.v20230221-1613.jar
2026-09-08T06:03:12.2682796Z [INFO] CP: /home/runner/work/_temp/m9v-recovery-maven-repository/p2/osgi/bundle/org.eclipse.xtend.typesystem.emf/2.2.0.v201605260315/org.eclipse.xtend.typesystem.emf-2.2.0.v201605260315.jar
2026-09-08T06:03:12.2685446Z [INFO] CP: /home/runner/work/_temp/m9v-recovery-maven-repository/p2/osgi/bundle/org.eclipse.emf.edit.ui/2.23.0.v20230211-1150/org.eclipse.emf.edit.ui-2.23.0.v20230211-1150.jar
2026-09-08T06:03:12.2687739Z [INFO] CP: /home/runner/work/_temp/m9v-recovery-maven-repository/p2/osgi/bundle/org.apache.batik.constants/1.16.0.v20221027-0840/org.apache.batik.constants-1.16.0.v20221027-0840.jar
2026-09-08T06:03:12.2689783Z [INFO] CP: /home/runner/work/_temp/m9v-recovery-maven-repository/.cache/tycho/org.apache.ant-1.10.12.v20211102-1452.jar/lib/ant-xz.jar
2026-09-08T06:03:12.2691921Z [INFO] CP: /home/runner/work/_temp/m9v-recovery-maven-repository/p2/osgi/bundle/org.eclipse.e4.ui.model.workbench/2.3.0.v20230220-1021/org.eclipse.e4.ui.model.workbench-2.3.0.v20230220-1021.jar
2026-09-08T06:03:12.2694876Z [INFO] CP: /home/runner/work/_temp/m9v-recovery-maven-repository/p2/osgi/bundle/org.eclipse.jdt.core.compiler.batch/3.33.0.v20230218-1114/org.eclipse.jdt.core.compiler.batch-3.33.0.v20230218-1114.jar
2026-09-08T06:03:12.2697324Z [INFO] CP: /home/runner/work/_temp/m9v-recovery-maven-repository/p2/osgi/bundle/org.eclipse.e4.ui.widgets/1.3.200.v20230220-0932/org.eclipse.e4.ui.widgets-1.3.200.v20230220-0932.jar
2026-09-08T06:03:12.2699581Z [INFO] CP: /home/runner/work/_temp/m9v-recovery-maven-repository/p2/osgi/bundle/org.eclipse.equinox.app/1.6.200.v20220720-2012/org.eclipse.equinox.app-1.6.200.v20220720-2012.jar
2026-09-08T06:03:12.2701986Z [INFO] CP: /home/runner/work/_temp/m9v-recovery-maven-repository/p2/osgi/bundle/org.eclipse.core.databinding.beans/1.9.100.v20230214-1401/org.eclipse.core.databinding.beans-1.9.100.v20230214-1401.jar
2026-09-08T06:03:12.2704530Z [INFO] CP: /home/runner/work/_temp/m9v-recovery-maven-repository/p2/osgi/bundle/org.apache.commons.jxpath/1.3.0.v200911051830/org.apache.commons.jxpath-1.3.0.v200911051830.jar
2026-09-08T06:03:12.2706722Z [INFO] CP: /home/runner/work/_temp/m9v-recovery-maven-repository/p2/osgi/bundle/org.palladiosimulator.solver.spa/5.2.2/org.palladiosimulator.solver.spa-5.2.2.jar
2026-09-08T06:03:12.2708988Z [INFO] CP: /home/runner/work/_temp/m9v-recovery-maven-repository/p2/osgi/bundle/org.eclipse.xtext.util/2.30.0.v20230227-1116/org.eclipse.xtext.util-2.30.0.v20230227-1116.jar
2026-09-08T06:03:12.2711514Z [INFO] CP: /home/runner/work/_temp/m9v-recovery-maven-repository/p2/osgi/bundle/org.apache.commons.collections15/1.0.0/org.apache.commons.collections15-1.0.0.jar
2026-09-08T06:03:12.2714188Z [INFO] CP: /home/runner/work/_temp/m9v-recovery-maven-repository/p2/osgi/bundle/org.osgi.util.position/1.0.1.201505202026/org.osgi.util.position-1.0.1.201505202026.jar
2026-09-08T06:03:12.2717126Z [INFO] CP: /home/runner/work/_temp/m9v-recovery-maven-repository/p2/osgi/bundle/org.eclipse.core.filesystem.linux.aarch64/1.4.200.v20220812-1420/org.eclipse.core.filesystem.linux.aarch64-1.4.200.v20220812-1420.jar
2026-09-08T06:03:12.2720181Z [INFO] CP: /home/runner/work/_temp/m9v-recovery-maven-repository/p2/osgi/bundle/de.uka.ipd.sdq.errorhandling.core/5.2.2/de.uka.ipd.sdq.errorhandling.core-5.2.2.jar
2026-09-08T06:03:12.2722210Z [INFO] CP: /home/runner/work/_temp/m9v-recovery-maven-repository/p2/osgi/bundle/org.eclipse.emf.query/1.7.0.202208101410/org.eclipse.emf.query-1.7.0.202208101410.jar
2026-09-08T06:03:12.2724369Z [INFO] CP: /home/runner/work/_temp/m9v-recovery-maven-repository/p2/osgi/bundle/de.uka.ipd.sdq.probfunction.math/5.2.2/de.uka.ipd.sdq.probfunction.math-5.2.2.jar
2026-09-08T06:03:12.2726475Z [INFO] CP: /home/runner/work/_temp/m9v-recovery-maven-repository/p2/osgi/bundle/org.eclipse.e4.ui.dialogs/1.3.500.v20230220-0932/org.eclipse.e4.ui.dialogs-1.3.500.v20230220-0932.jar
2026-09-08T06:03:12.2728673Z [INFO] CP: /home/runner/work/_temp/m9v-recovery-maven-repository/p2/osgi/bundle/org.apache.commons.logging/1.2.0.v20180409-1502/org.apache.commons.logging-1.2.0.v20180409-1502.jar
2026-09-08T06:03:12.2730683Z [INFO] CP: /home/runner/work/_temp/m9v-recovery-maven-repository/.cache/tycho/org.apache.ant-1.10.12.v20211102-1452.jar/lib/ant-commons-logging.jar
2026-09-08T06:03:12.2732707Z [INFO] CP: /home/runner/work/_temp/m9v-recovery-maven-repository/p2/osgi/bundle/org.eclipse.emf.ecore.change/2.15.0.v20230211-1150/org.eclipse.emf.ecore.change-2.15.0.v20230211-1150.jar
2026-09-08T06:03:12.2734892Z [INFO] CP: /home/runner/work/_temp/m9v-recovery-maven-repository/p2/osgi/bundle/de.uka.ipd.sdq.units/5.2.2/de.uka.ipd.sdq.units-5.2.2.jar
2026-09-08T06:03:12.2736860Z [INFO] CP: /home/runner/work/_temp/m9v-recovery-maven-repository/p2/osgi/bundle/org.palladiosimulator.commons.stoex.ui/5.2.2/org.palladiosimulator.commons.stoex.ui-5.2.2.jar
2026-09-08T06:03:12.2739267Z [INFO] CP: /home/runner/work/_temp/m9v-recovery-maven-repository/p2/osgi/bundle/org.eclipse.e4.core.di.annotations/1.7.200.v20220613-1008/org.eclipse.e4.core.di.annotations-1.7.200.v20220613-1008.jar
2026-09-08T06:03:12.2741872Z [INFO] CP: /home/runner/work/_temp/m9v-recovery-maven-repository/p2/osgi/bundle/org.eclipse.gmf.runtime.diagram.ui/1.9.1.202211041032/org.eclipse.gmf.runtime.diagram.ui-1.9.1.202211041032.jar
2026-09-08T06:03:12.2744154Z [INFO] CP: /home/runner/work/_temp/m9v-recovery-maven-repository/p2/osgi/bundle/de.uka.ipd.sdq.identifier/5.2.2/de.uka.ipd.sdq.identifier-5.2.2.jar
2026-09-08T06:03:12.2746286Z [INFO] CP: /home/runner/work/_temp/m9v-recovery-maven-repository/p2/osgi/bundle/org.eclipse.ltk.core.refactoring/3.13.100.v20230117-1625/org.eclipse.ltk.core.refactoring-3.13.100.v20230117-1625.jar
2026-09-08T06:03:12.2748555Z [INFO] CP: /home/runner/work/_temp/m9v-recovery-maven-repository/p2/osgi/bundle/org.eclipse.xtext.smap/2.30.0.v20230227-1128/org.eclipse.xtext.smap-2.30.0.v20230227-1128.jar
2026-09-08T06:03:12.2750570Z [INFO] CP: /home/runner/work/_temp/m9v-recovery-maven-repository/p2/osgi/bundle/org.eclipse.draw2d/3.12.0.202211301913/org.eclipse.draw2d-3.12.0.202211301913.jar
2026-09-08T06:03:12.2752792Z [INFO] CP: /home/runner/work/telemetry-availability-identification/telemetry-availability-identification/palladio-source/bundles/org.palladiosimulator.reliability.markov/target/classes
2026-09-08T06:03:12.2755238Z [INFO] CP: /home/runner/work/_temp/m9v-recovery-maven-repository/p2/osgi/bundle/de.uka.ipd.sdq.workflow.workbench/5.2.2/de.uka.ipd.sdq.workflow.workbench-5.2.2.jar
2026-09-08T06:03:12.2757433Z [INFO] CP: /home/runner/work/_temp/m9v-recovery-maven-repository/p2/osgi/bundle/org.palladiosimulator.analyzer.completions/5.2.2/org.palladiosimulator.analyzer.completions-5.2.2.jar
2026-09-08T06:03:12.2759740Z [INFO] CP: /home/runner/work/_temp/m9v-recovery-maven-repository/p2/osgi/bundle/org.eclipse.core.commands/3.10.400.v20230220-0932/org.eclipse.core.commands-3.10.400.v20230220-0932.jar
2026-09-08T06:03:12.2761697Z [INFO] CP: /home/runner/work/_temp/m9v-recovery-maven-repository/.cache/tycho/org.apache.ant-1.10.12.v20211102-1452.jar/lib/ant-swing.jar
2026-09-08T06:03:12.2763756Z [INFO] CP: /home/runner/work/_temp/m9v-recovery-maven-repository/p2/osgi/bundle/org.eclipse.swt.gtk.linux.aarch64/3.123.0.v20230220-1431/org.eclipse.swt.gtk.linux.aarch64-3.123.0.v20230220-1431.jar
2026-09-08T06:03:12.2766476Z [INFO] CP: /home/runner/work/_temp/m9v-recovery-maven-repository/p2/osgi/bundle/org.palladiosimulator.analyzer.accuracy/5.2.2/org.palladiosimulator.analyzer.accuracy-5.2.2.jar
2026-09-08T06:03:12.2768795Z [INFO] CP: /home/runner/work/_temp/m9v-recovery-maven-repository/p2/osgi/bundle/de.uka.ipd.sdq.workflow.logging.console/5.2.2/de.uka.ipd.sdq.workflow.logging.console-5.2.2.jar
2026-09-08T06:03:12.2770918Z [INFO] CP: /home/runner/work/_temp/m9v-recovery-maven-repository/p2/osgi/bundle/org.eclipse.compare/3.8.500.v20220812-1406/org.eclipse.compare-3.8.500.v20220812-1406.jar
2026-09-08T06:03:12.2772631Z [INFO] CP: /home/runner/work/_temp/m9v-recovery-maven-repository/.cache/tycho/org.jscience-4.3.1.jar/lib/colapi.jar
2026-09-08T06:03:12.2774851Z [INFO] CP: /home/runner/work/_temp/m9v-recovery-maven-repository/p2/osgi/bundle/org.eclipse.core.filesystem.linux.x86_64/1.2.400.v20220812-1420/org.eclipse.core.filesystem.linux.x86_64-1.2.400.v20220812-1420.jar
2026-09-08T06:03:12.2777265Z [INFO] CP: /home/runner/work/_temp/m9v-recovery-maven-repository/p2/osgi/bundle/org.eclipse.ui.console/3.11.400.v20221012-0524/org.eclipse.ui.console-3.11.400.v20221012-0524.jar
2026-09-08T06:03:12.2779391Z [INFO] CP: /home/runner/work/_temp/m9v-recovery-maven-repository/p2/osgi/bundle/org.palladiosimulator.pcm.stoex.ui/5.2.2/org.palladiosimulator.pcm.stoex.ui-5.2.2.jar
2026-09-08T06:03:12.2781685Z [INFO] CP: /home/runner/work/_temp/m9v-recovery-maven-repository/p2/osgi/bundle/org.eclipse.core.filesystem.macosx/1.3.400.v20220812-1420/org.eclipse.core.filesystem.macosx-1.3.400.v20220812-1420.jar
2026-09-08T06:03:12.2784158Z [INFO] CP: /home/runner/work/_temp/m9v-recovery-maven-repository/p2/osgi/bundle/org.eclipse.emf.edit/2.18.0.v20230211-1150/org.eclipse.emf.edit-2.18.0.v20230211-1150.jar
2026-09-08T06:03:12.2786691Z [INFO] CP: /home/runner/work/_temp/m9v-recovery-maven-repository/p2/osgi/bundle/org.eclipse.core.filesystem.win32.x86_64/1.4.300.v20220812-1420/org.eclipse.core.filesystem.win32.x86_64-1.4.300.v20220812-1420.jar
2026-09-08T06:03:12.2789143Z [INFO] CP: /home/runner/work/_temp/m9v-recovery-maven-repository/p2/osgi/bundle/org.eclipse.swt.gtk.linux.x86_64/3.123.0.v20230220-1431/org.eclipse.swt.gtk.linux.x86_64-3.123.0.v20230220-1431.jar
2026-09-08T06:03:12.2791479Z [INFO] CP: /home/runner/work/_temp/m9v-recovery-maven-repository/p2/osgi/bundle/org.eclipse.gmf.runtime.emf.ui/1.7.0.202211041032/org.eclipse.gmf.runtime.emf.ui-1.7.0.202211041032.jar
2026-09-08T06:03:12.2793730Z [INFO] CP: /home/runner/work/_temp/m9v-recovery-maven-repository/p2/osgi/bundle/org.eclipse.equinox.p2.core/2.9.200.v20220817-1208/org.eclipse.equinox.p2.core-2.9.200.v20220817-1208.jar
2026-09-08T06:03:12.2795901Z [INFO] CP: /home/runner/work/_temp/m9v-recovery-maven-repository/p2/osgi/bundle/com.google.inject/5.0.1.v20221112-0806/com.google.inject-5.0.1.v20221112-0806.jar
2026-09-08T06:03:12.2797831Z [INFO] CP: /home/runner/work/_temp/m9v-recovery-maven-repository/p2/osgi/bundle/org.objectweb.asm/9.4.0.v20221107-1714/org.objectweb.asm-9.4.0.v20221107-1714.jar
2026-09-08T06:03:12.2799748Z [INFO] CP: /home/runner/work/_temp/m9v-recovery-maven-repository/.cache/tycho/org.apache.ant-1.10.12.v20211102-1452.jar/lib/ant-junit4.jar
2026-09-08T06:03:12.2801547Z [INFO] CP: /home/runner/work/_temp/m9v-recovery-maven-repository/.cache/tycho/org.apache.ant-1.10.12.v20211102-1452.jar/lib/ant-apache-bsf.jar
2026-09-08T06:03:12.2803468Z [INFO] CP: /home/runner/work/_temp/m9v-recovery-maven-repository/p2/osgi/bundle/org.palladiosimulator.pcm.ui/5.2.2/org.palladiosimulator.pcm.ui-5.2.2.jar
2026-09-08T06:03:12.2805941Z [INFO] CP: /home/runner/work/_temp/m9v-recovery-maven-repository/p2/osgi/bundle/org.eclipse.equinox.preferences/3.10.200.v20230120-0604/org.eclipse.equinox.preferences-3.10.200.v20230120-0604.jar
2026-09-08T06:03:12.2808115Z [INFO] CP: /home/runner/work/_temp/m9v-recovery-maven-repository/p2/osgi/bundle/de.uka.ipd.sdq.stoex/5.2.2/de.uka.ipd.sdq.stoex-5.2.2.jar
2026-09-08T06:03:12.2810324Z [INFO] CP: /home/runner/work/_temp/m9v-recovery-maven-repository/p2/osgi/bundle/org.eclipse.ui.workbench/3.128.0.v20230220-1021/org.eclipse.ui.workbench-3.128.0.v20230220-1021.jar
2026-09-08T06:03:12.2812671Z [INFO] CP: /home/runner/work/_temp/m9v-recovery-maven-repository/p2/osgi/bundle/de.uka.ipd.sdq.workflow.launchconfig.core/5.2.2/de.uka.ipd.sdq.workflow.launchconfig.core-5.2.2.jar
2026-09-08T06:03:12.2815161Z [INFO] CP: /home/runner/work/_temp/m9v-recovery-maven-repository/p2/osgi/bundle/org.eclipse.emf.mwe.utils/1.8.0.v20221117-1134/org.eclipse.emf.mwe.utils-1.8.0.v20221117-1134.jar
2026-09-08T06:03:12.2817296Z [INFO] CP: /home/runner/work/_temp/m9v-recovery-maven-repository/p2/osgi/bundle/de.uka.ipd.sdq.errorhandling/5.2.2/de.uka.ipd.sdq.errorhandling-5.2.2.jar
2026-09-08T06:03:12.2819546Z [INFO] CP: /home/runner/work/_temp/m9v-recovery-maven-repository/p2/osgi/bundle/org.eclipse.ltk.ui.refactoring/3.12.200.v20220808-2221/org.eclipse.ltk.ui.refactoring-3.12.200.v20220808-2221.jar
2026-09-08T06:03:12.2821896Z [INFO] CP: /home/runner/work/_temp/m9v-recovery-maven-repository/p2/osgi/bundle/org.eclipse.xtext.ide/2.30.0.v20230227-1116/org.eclipse.xtext.ide-2.30.0.v20230227-1116.jar
2026-09-08T06:03:12.2824261Z [INFO] CP: /home/runner/work/_temp/m9v-recovery-maven-repository/p2/osgi/bundle/org.eclipse.e4.ui.css.swt/0.14.800.v20230220-0932/org.eclipse.e4.ui.css.swt-0.14.800.v20230220-0932.jar
2026-09-08T06:03:12.2826615Z [INFO] CP: /home/runner/work/_temp/m9v-recovery-maven-repository/p2/osgi/bundle/org.eclipse.equinox.p2.metadata/2.6.300.v20220817-1208/org.eclipse.equinox.p2.metadata-2.6.300.v20220817-1208.jar
2026-09-08T06:03:12.2829020Z [INFO] CP: /home/runner/work/_temp/m9v-recovery-maven-repository/p2/osgi/bundle/org.eclipse.gmf.runtime.draw2d.ui/1.9.2.202211041032/org.eclipse.gmf.runtime.draw2d.ui-1.9.2.202211041032.jar
2026-09-08T06:03:12.2831404Z [INFO] CP: /home/runner/work/_temp/m9v-recovery-maven-repository/p2/osgi/bundle/org.palladiosimulator.edp2.dao/5.2.2/org.palladiosimulator.edp2.dao-5.2.2.jar
2026-09-08T06:03:12.2833497Z [INFO] CP: /home/runner/work/_temp/m9v-recovery-maven-repository/p2/osgi/bundle/org.eclipse.xtext.builder/2.30.0.v20230227-1159/org.eclipse.xtext.builder-2.30.0.v20230227-1159.jar
2026-09-08T06:03:12.2835805Z [INFO] CP: /home/runner/work/_temp/m9v-recovery-maven-repository/p2/osgi/bundle/org.palladiosimulator.commons/5.2.2/org.palladiosimulator.commons-5.2.2.jar
2026-09-08T06:03:12.2838073Z [INFO] CP: /home/runner/work/_temp/m9v-recovery-maven-repository/p2/osgi/bundle/org.eclipse.equinox.security.linux/1.0.300.v20220904-1118/org.eclipse.equinox.security.linux-1.0.300.v20220904-1118.jar
2026-09-08T06:03:12.2840158Z [INFO] CP: /home/runner/work/_temp/m9v-recovery-maven-repository/.cache/tycho/org.jfree.jfreechart-1.0.19.jar/jfreechart-1.0.19.jar
2026-09-08T06:03:12.2842107Z [INFO] CP: /home/runner/work/_temp/m9v-recovery-maven-repository/p2/osgi/bundle/org.eclipse.equinox.common/3.17.100.v20230202-1341/org.eclipse.equinox.common-3.17.100.v20230202-1341.jar
2026-09-08T06:03:12.2844668Z [INFO] CP: /home/runner/work/_temp/m9v-recovery-maven-repository/p2/osgi/bundle/org.eclipse.xtend.lib/2.30.0.v20230227-1111/org.eclipse.xtend.lib-2.30.0.v20230227-1111.jar
2026-09-08T06:03:12.2846575Z [INFO] CP: /home/runner/work/_temp/m9v-recovery-maven-repository/.cache/tycho/org.apache.ant-1.10.12.v20211102-1452.jar/lib/ant-commons-net.jar
2026-09-08T06:03:12.2848386Z [INFO] CP: /home/runner/work/_temp/m9v-recovery-maven-repository/p2/osgi/bundle/de.uka.ipd.sdq.workflow.mdsd/5.2.2/de.uka.ipd.sdq.workflow.mdsd-5.2.2.jar
2026-09-08T06:03:12.2850276Z [INFO] CP: /home/runner/work/_temp/m9v-recovery-maven-repository/p2/osgi/bundle/org.eclipse.ocl/3.18.0.v20221201-0557/org.eclipse.ocl-3.18.0.v20221201-0557.jar
2026-09-08T06:03:12.2852361Z [INFO] CP: /home/runner/work/_temp/m9v-recovery-maven-repository/p2/osgi/bundle/org.eclipse.uml2.common.edit/2.5.0.v20221116-1811/org.eclipse.uml2.common.edit-2.5.0.v20221116-1811.jar
2026-09-08T06:03:12.2854863Z [INFO] CP: /home/runner/work/_temp/m9v-recovery-maven-repository/p2/osgi/bundle/io.github.classgraph/4.8.149.v20220915-0556/io.github.classgraph-4.8.149.v20220915-0556.jar
2026-09-08T06:03:12.2857031Z [INFO] CP: /home/runner/work/_temp/m9v-recovery-maven-repository/p2/osgi/bundle/de.uka.ipd.sdq.pcm.stochasticexpressions/5.2.2/de.uka.ipd.sdq.pcm.stochasticexpressions-5.2.2.jar
2026-09-08T06:03:12.2859205Z [INFO] CP: /home/runner/work/_temp/m9v-recovery-maven-repository/p2/osgi/bundle/org.eclipse.xtend.core/2.30.0.v20230227-1300/org.eclipse.xtend.core-2.30.0.v20230227-1300.jar
2026-09-08T06:03:12.2861427Z [INFO] CP: /home/runner/work/_temp/m9v-recovery-maven-repository/p2/osgi/bundle/org.eclipse.gmf.runtime.common.ui/1.8.1.202211041032/org.eclipse.gmf.runtime.common.ui-1.8.1.202211041032.jar
2026-09-08T06:03:12.2863711Z [INFO] CP: /home/runner/work/_temp/m9v-recovery-maven-repository/p2/osgi/bundle/org.eclipse.emf.ecore.edit/2.14.0.v20230211-1150/org.eclipse.emf.ecore.edit-2.14.0.v20230211-1150.jar
2026-09-08T06:03:12.2866120Z [INFO] CP: /home/runner/work/_temp/m9v-recovery-maven-repository/p2/osgi/bundle/org.eclipse.m2m.qvt.oml.cst.parser/3.9.0.v20220605-1149/org.eclipse.m2m.qvt.oml.cst.parser-3.9.0.v20220605-1149.jar
2026-09-08T06:03:12.2868141Z [INFO] CP: /home/runner/work/_temp/m9v-recovery-maven-repository/.cache/tycho/org.apache.ant-1.10.12.v20211102-1452.jar/lib/ant-junit.jar
2026-09-08T06:03:12.2869851Z [INFO] CP: /home/runner/work/_temp/m9v-recovery-maven-repository/.cache/tycho/org.apache.ant-1.10.12.v20211102-1452.jar/lib/ant-junitlauncher.jar
2026-09-08T06:03:12.2871842Z [INFO] CP: /home/runner/work/_temp/m9v-recovery-maven-repository/p2/osgi/bundle/org.eclipse.compare.core/3.7.100.v20220812-1406/org.eclipse.compare.core-3.7.100.v20220812-1406.jar
2026-09-08T06:03:12.2874704Z [INFO] CP: /home/runner/work/_temp/m9v-recovery-maven-repository/p2/osgi/bundle/org.eclipse.core.resources.win32.x86_64/3.5.500.v20220812-1420/org.eclipse.core.resources.win32.x86_64-3.5.500.v20220812-1420.jar
2026-09-08T06:03:12.2877270Z [INFO] CP: /home/runner/work/_temp/m9v-recovery-maven-repository/p2/osgi/bundle/org.palladiosimulator.solver.core/5.2.2/org.palladiosimulator.solver.core-5.2.2.jar
2026-09-08T06:03:12.2879515Z [INFO] CP: /home/runner/work/_temp/m9v-recovery-maven-repository/p2/osgi/bundle/org.eclipse.e4.ui.css.swt.theme/0.13.300.v20230220-0932/org.eclipse.e4.ui.css.swt.theme-0.13.300.v20230220-0932.jar
2026-09-08T06:03:12.2881776Z [INFO] CP: /home/runner/work/_temp/m9v-recovery-maven-repository/p2/osgi/bundle/org.eclipse.team.core/3.9.700.v20221201-0946/org.eclipse.team.core-3.9.700.v20221201-0946.jar
2026-09-08T06:03:12.2884106Z [INFO] CP: /home/runner/work/_temp/m9v-recovery-maven-repository/p2/osgi/bundle/org.palladiosimulator.solver.lqn/5.2.2/org.palladiosimulator.solver.lqn-5.2.2.jar
2026-09-08T06:03:12.2886411Z [INFO] CP: /home/runner/work/_temp/m9v-recovery-maven-repository/p2/osgi/bundle/org.eclipse.xtend.lib.macro/2.30.0.v20230227-1111/org.eclipse.xtend.lib.macro-2.30.0.v20230227-1111.jar
2026-09-08T06:03:12.2888795Z [INFO] CP: /home/runner/work/_temp/m9v-recovery-maven-repository/p2/osgi/bundle/org.eclipse.e4.ui.workbench3/0.16.200.v20230220-0932/org.eclipse.e4.ui.workbench3-0.16.200.v20230220-0932.jar
2026-09-08T06:03:12.2891187Z [INFO] CP: /home/runner/work/_temp/m9v-recovery-maven-repository/p2/osgi/bundle/org.eclipse.xtext.xbase/2.30.0.v20230227-1128/org.eclipse.xtext.xbase-2.30.0.v20230227-1128.jar
2026-09-08T06:03:12.2893451Z [INFO] CP: /home/runner/work/_temp/m9v-recovery-maven-repository/p2/osgi/bundle/org.eclipse.core.databinding/1.12.0.v20230214-1401/org.eclipse.core.databinding-1.12.0.v20230214-1401.jar
2026-09-08T06:03:12.2896195Z [INFO] CP: /home/runner/work/_temp/m9v-recovery-maven-repository/p2/osgi/bundle/org.palladiosimulator.editors.commons.dialogs/5.2.2/org.palladiosimulator.editors.commons.dialogs-5.2.2.jar
2026-09-08T06:03:12.2898746Z [INFO] CP: /home/runner/work/_temp/m9v-recovery-maven-repository/p2/osgi/bundle/org.palladiosimulator.analyzer.quality/5.2.2/org.palladiosimulator.analyzer.quality-5.2.2.jar
2026-09-08T06:03:12.2902047Z [INFO] CP: /home/runner/work/_temp/m9v-recovery-maven-repository/p2/osgi/bundle/org.eclipse.osgi.compatibility.state/1.2.800.v20221116-1440/org.eclipse.osgi.compatibility.state-1.2.800.v20221116-1440.jar
2026-09-08T06:03:12.2904641Z [INFO] CP: /home/runner/work/_temp/m9v-recovery-maven-repository/p2/osgi/bundle/org.eclipse.ui.cocoa/1.3.100.v20230214-1401/org.eclipse.ui.cocoa-1.3.100.v20230214-1401.jar
2026-09-08T06:03:12.2906607Z [INFO] CP: /home/runner/work/_temp/m9v-recovery-maven-repository/p2/osgi/bundle/de.uka.ipd.sdq.dialogs/5.2.2/de.uka.ipd.sdq.dialogs-5.2.2.jar
2026-09-08T06:03:12.2908655Z [INFO] CP: /home/runner/work/_temp/m9v-recovery-maven-repository/p2/osgi/bundle/org.eclipse.swt.win32.win32.x86_64/3.123.0.v20230220-1431/org.eclipse.swt.win32.win32.x86_64-3.123.0.v20230220-1431.jar
2026-09-08T06:03:12.2910884Z [INFO] CP: /home/runner/work/_temp/m9v-recovery-maven-repository/p2/osgi/bundle/com.sun.jna.platform/5.12.1.v20221103-2317/com.sun.jna.platform-5.12.1.v20221103-2317.jar
2026-09-08T06:03:12.2912764Z [INFO] CP: /home/runner/work/_temp/m9v-recovery-maven-repository/.cache/tycho/org.apache.ant-1.10.12.v20211102-1452.jar/lib/ant-launcher.jar
2026-09-08T06:03:12.2914995Z [INFO] CP: /home/runner/work/_temp/m9v-recovery-maven-repository/p2/osgi/bundle/org.eclipse.m2m.qvt.oml.runtime/3.10.7.v20220605-1149/org.eclipse.m2m.qvt.oml.runtime-3.10.7.v20220605-1149.jar
2026-09-08T06:03:12.2917181Z [INFO] CP: /home/runner/work/_temp/m9v-recovery-maven-repository/p2/osgi/bundle/de.uka.ipd.sdq.featureconfig/5.2.2/de.uka.ipd.sdq.featureconfig-5.2.2.jar
2026-09-08T06:03:12.2919259Z [INFO] CP: /home/runner/work/_temp/m9v-recovery-maven-repository/p2/osgi/bundle/org.eclipse.emf.ecore.editor/2.18.0.v20230224-1122/org.eclipse.emf.ecore.editor-2.18.0.v20230224-1122.jar
2026-09-08T06:03:12.2921912Z [INFO] CP: /home/runner/work/_temp/m9v-recovery-maven-repository/p2/osgi/bundle/org.eclipse.xtext.common.types.edit/2.30.0.v20230227-1159/org.eclipse.xtext.common.types.edit-2.30.0.v20230227-1159.jar
2026-09-08T06:03:12.2924517Z [INFO] CP: /home/runner/work/_temp/m9v-recovery-maven-repository/p2/osgi/bundle/org.palladiosimulator.metricspec.resources/5.2.2/org.palladiosimulator.metricspec.resources-5.2.2.jar
2026-09-08T06:03:12.2927003Z [INFO] CP: /home/runner/work/_temp/m9v-recovery-maven-repository/p2/osgi/bundle/org.eclipse.core.jobs/3.13.300.v20230111-0823/org.eclipse.core.jobs-3.13.300.v20230111-0823.jar
2026-09-08T06:03:12.2929204Z [INFO] CP: /home/runner/work/_temp/m9v-recovery-maven-repository/p2/osgi/bundle/org.eclipse.sirius.ext.emf.edit/7.0.7.202301170754/org.eclipse.sirius.ext.emf.edit-7.0.7.202301170754.jar
2026-09-08T06:03:12.2931216Z [INFO] CP: /home/runner/work/_temp/m9v-recovery-maven-repository/.cache/tycho/org.apache.ant-1.10.12.v20211102-1452.jar/lib/ant-apache-oro.jar
2026-09-08T06:03:12.2933371Z [INFO] CP: /home/runner/work/telemetry-availability-identification/telemetry-availability-identification/palladio-source/bundles/org.palladiosimulator.reliability.markov.edit/target/classes
2026-09-08T06:03:12.2936103Z [INFO] CP: /home/runner/work/_temp/m9v-recovery-maven-repository/p2/osgi/bundle/org.eclipse.emf.ecore.xmi/2.18.0.v20230211-1150/org.eclipse.emf.ecore.xmi-2.18.0.v20230211-1150.jar
2026-09-08T06:03:12.2938102Z [INFO] CP: /home/runner/work/_temp/m9v-recovery-maven-repository/.cache/tycho/org.jfree.jfreechart-1.0.19.jar/jfreechart-1.0.19-experimental.jar
2026-09-08T06:03:12.2940112Z [INFO] CP: /home/runner/work/_temp/m9v-recovery-maven-repository/.cache/tycho/org.apache.commons.collections15-1.0.0.jar/collections-generic-4.01.jar
2026-09-08T06:03:12.2942278Z [INFO] CP: /home/runner/work/_temp/m9v-recovery-maven-repository/p2/osgi/bundle/org.eclipse.xtext.ui.shared/2.30.0.v20230227-1159/org.eclipse.xtext.ui.shared-2.30.0.v20230227-1159.jar
2026-09-08T06:03:12.2944908Z [INFO] CP: /home/runner/work/_temp/m9v-recovery-maven-repository/p2/osgi/bundle/org.palladiosimulator.solver.spa.basicsolver/5.2.2/org.palladiosimulator.solver.spa.basicsolver-5.2.2.jar
2026-09-08T06:03:12.2947541Z [INFO] CP: /home/runner/work/_temp/m9v-recovery-maven-repository/.cache/tycho/org.apache.ant-1.10.12.v20211102-1452.jar/lib/ant-antlr.jar
2026-09-08T06:03:12.2949581Z [INFO] CP: /home/runner/work/_temp/m9v-recovery-maven-repository/p2/osgi/bundle/org.eclipse.e4.ui.ide/3.16.300.v20230220-0932/org.eclipse.e4.ui.ide-3.16.300.v20230220-0932.jar
2026-09-08T06:03:12.2952207Z [INFO] CP: /home/runner/work/_temp/m9v-recovery-maven-repository/p2/osgi/bundle/org.apache.commons.codec/1.14.0.v20221112-0806/org.apache.commons.codec-1.14.0.v20221112-0806.jar
2026-09-08T06:03:12.2954549Z [INFO] CP: /home/runner/work/_temp/m9v-recovery-maven-repository/p2/osgi/bundle/de.uka.ipd.sdq.units.edit/5.2.2/de.uka.ipd.sdq.units.edit-5.2.2.jar
2026-09-08T06:03:12.2956667Z [INFO] CP: /home/runner/work/_temp/m9v-recovery-maven-repository/p2/osgi/bundle/org.eclipse.xtext.common.types.ui/2.30.0.v20230227-1159/org.eclipse.xtext.common.types.ui-2.30.0.v20230227-1159.jar
2026-09-08T06:03:12.2959224Z [INFO] CP: /home/runner/work/_temp/m9v-recovery-maven-repository/p2/osgi/bundle/org.eclipse.e4.ui.css.core/0.13.500.v20230220-0932/org.eclipse.e4.ui.css.core-0.13.500.v20230220-0932.jar
2026-09-08T06:03:12.2961472Z [INFO] CP: /home/runner/work/_temp/m9v-recovery-maven-repository/p2/osgi/bundle/org.eclipse.sirius.model/7.0.7.202301170754/org.eclipse.sirius.model-7.0.7.202301170754.jar
2026-09-08T06:03:12.2963752Z [INFO] CP: /home/runner/work/_temp/m9v-recovery-maven-repository/p2/osgi/bundle/org.eclipse.core.variables/3.5.100.v20210721-1355/org.eclipse.core.variables-3.5.100.v20210721-1355.jar
2026-09-08T06:03:12.2965953Z [INFO] CP: /home/runner/work/_temp/m9v-recovery-maven-repository/.cache/tycho/org.jfree.jfreechart-1.0.19.jar/jcommon-1.0.23.jar
2026-09-08T06:03:12.2968011Z [INFO] CP: /home/runner/work/telemetry-availability-identification/telemetry-availability-identification/palladio-source/bundles/org.palladiosimulator.reliability/target/classes
2026-09-08T06:03:12.2971150Z [INFO] CP: /home/runner/work/_temp/m9v-recovery-maven-repository/p2/osgi/bundle/org.eclipse.core.filesystem/1.9.500.v20220817-1539/org.eclipse.core.filesystem-1.9.500.v20220817-1539.jar
2026-09-08T06:03:12.2973265Z [INFO] CP: /home/runner/work/_temp/m9v-recovery-maven-repository/p2/osgi/bundle/javax.inject/1.0.0.v20220405-0441/javax.inject-1.0.0.v20220405-0441.jar
2026-09-08T06:03:12.2978619Z [INFO] CP: /home/runner/work/_temp/m9v-recovery-maven-repository/.cache/tycho/org.apache.ant-1.10.12.v20211102-1452.jar/lib/ant-jmf.jar
2026-09-08T06:03:12.2980200Z [INFO] CP: /home/runner/work/_temp/m9v-recovery-maven-repository/.cache/tycho/org.jscience-4.3.1.jar/lib/javolution.jar
2026-09-08T06:03:12.2981970Z [INFO] CP: /home/runner/work/_temp/m9v-recovery-maven-repository/p2/osgi/bundle/org.eclipse.uml2.types/2.5.0.v20221116-1811/org.eclipse.uml2.types-2.5.0.v20221116-1811.jar
2026-09-08T06:03:12.2984518Z [INFO] CP: /home/runner/work/_temp/m9v-recovery-maven-repository/p2/osgi/bundle/org.eclipse.ui.views.properties.tabbed/3.9.400.v20230220-1021/org.eclipse.ui.views.properties.tabbed-3.9.400.v20230220-1021.jar
2026-09-08T06:03:12.2986969Z [INFO] CP: /home/runner/work/_temp/m9v-recovery-maven-repository/p2/osgi/bundle/org.eclipse.core.resources/3.18.200.v20230209-0754/org.eclipse.core.resources-3.18.200.v20230209-0754.jar
2026-09-08T06:03:12.2988940Z [INFO] CP: /home/runner/work/_temp/m9v-recovery-maven-repository/.cache/tycho/org.apache.ant-1.10.12.v20211102-1452.jar/lib/ant-imageio.jar
2026-09-08T06:03:12.2990850Z [INFO] CP: /home/runner/work/_temp/m9v-recovery-maven-repository/p2/osgi/bundle/org.eclipse.search/3.14.400.v20230209-0804/org.eclipse.search-3.14.400.v20230209-0804.jar
2026-09-08T06:03:12.2993142Z [INFO] CP: /home/runner/work/_temp/m9v-recovery-maven-repository/p2/osgi/bundle/org.eclipse.equinox.security.macosx/1.101.400.v20210427-1958/org.eclipse.equinox.security.macosx-1.101.400.v20210427-1958.jar
2026-09-08T06:03:12.2995720Z [INFO] CP: /home/runner/work/_temp/m9v-recovery-maven-repository/p2/osgi/bundle/org.palladiosimulator.edp2/5.2.2/org.palladiosimulator.edp2-5.2.2.jar
2026-09-08T06:03:12.2997854Z [INFO] CP: /home/runner/work/_temp/m9v-recovery-maven-repository/p2/osgi/bundle/org.eclipse.uml2/5.5.3.v20221116-1811/org.eclipse.uml2-5.5.3.v20221116-1811.jar
2026-09-08T06:03:12.3000016Z [INFO] CP: /home/runner/work/_temp/m9v-recovery-maven-repository/p2/osgi/bundle/org.eclipse.swt.cocoa.macosx.x86_64/3.123.0.v20230220-1431/org.eclipse.swt.cocoa.macosx.x86_64-3.123.0.v20230220-1431.jar
2026-09-08T06:03:12.3002366Z [INFO] CP: /home/runner/work/_temp/m9v-recovery-maven-repository/p2/osgi/bundle/org.eclipse.gmf.runtime.emf.core/1.7.1.202211041032/org.eclipse.gmf.runtime.emf.core-1.7.1.202211041032.jar
2026-09-08T06:03:12.3005599Z [INFO] CP: /home/runner/work/_temp/m9v-recovery-maven-repository/p2/osgi/bundle/org.eclipse.emf.validation/1.8.1.202208271102/org.eclipse.emf.validation-1.8.1.202208271102.jar
2026-09-08T06:03:12.3007826Z [INFO] CP: /home/runner/work/_temp/m9v-recovery-maven-repository/p2/osgi/bundle/org.eclipse.emf/2.9.0.v20230211-1150/org.eclipse.emf-2.9.0.v20230211-1150.jar
2026-09-08T06:03:12.3009887Z [INFO] CP: /home/runner/work/_temp/m9v-recovery-maven-repository/p2/osgi/bundle/org.eclipse.help/3.9.100.v20210721-0601/org.eclipse.help-3.9.100.v20210721-0601.jar
2026-09-08T06:03:12.3012200Z [INFO] CP: /home/runner/work/_temp/m9v-recovery-maven-repository/p2/osgi/bundle/org.eclipse.gmf.runtime.gef.ui/1.7.1.202211041032/org.eclipse.gmf.runtime.gef.ui-1.7.1.202211041032.jar
2026-09-08T06:03:12.3014574Z [INFO] CP: /home/runner/work/_temp/m9v-recovery-maven-repository/p2/osgi/bundle/org.apache.commons.cli/1.4.0.v20221112-0806/org.apache.commons.cli-1.4.0.v20221112-0806.jar
2026-09-08T06:03:12.3016577Z [INFO] CP: /home/runner/work/_temp/m9v-recovery-maven-repository/p2/osgi/bundle/org.eclipse.xtext/2.30.0.v20230227-1116/org.eclipse.xtext-2.30.0.v20230227-1116.jar
2026-09-08T06:03:12.3018873Z [INFO] CP: /home/runner/work/_temp/m9v-recovery-maven-repository/p2/osgi/bundle/org.eclipse.xtext.logging/1.2.24.v20230227-1159/org.eclipse.xtext.logging-1.2.24.v20230227-1159.jar
2026-09-08T06:03:12.3020989Z [INFO] CP: /home/runner/work/_temp/m9v-recovery-maven-repository/p2/osgi/bundle/org.apache.batik.util/1.16.0.v20221027-0840/org.apache.batik.util-1.16.0.v20221027-0840.jar
2026-09-08T06:03:12.3023128Z [INFO] CP: /home/runner/work/_temp/m9v-recovery-maven-repository/p2/osgi/bundle/org.eclipse.net4j.util/3.21.1.v20230221-1613/org.eclipse.net4j.util-3.21.1.v20230221-1613.jar
2026-09-08T06:03:12.3025287Z [INFO] CP: /home/runner/work/_temp/m9v-recovery-maven-repository/p2/osgi/bundle/de.uka.ipd.sdq.stoex.analyser/5.2.2/de.uka.ipd.sdq.stoex.analyser-5.2.2.jar
2026-09-08T06:03:12.3027464Z [INFO] CP: /home/runner/work/_temp/m9v-recovery-maven-repository/p2/osgi/bundle/org.eclipse.core.expressions/3.8.200.v20220613-1047/org.eclipse.core.expressions-3.8.200.v20220613-1047.jar
2026-09-08T06:03:12.3029613Z [INFO] CP: /home/runner/work/_temp/m9v-recovery-maven-repository/p2/osgi/bundle/org.eclipse.swt/3.123.0.v20230220-1431/org.eclipse.swt-3.123.0.v20230220-1431.jar
2026-09-08T06:03:12.3031714Z [INFO] CP: /home/runner/work/_temp/m9v-recovery-maven-repository/p2/osgi/bundle/org.eclipse.ocl.common/1.18.0.v20221201-0557/org.eclipse.ocl.common-1.18.0.v20221201-0557.jar
2026-09-08T06:03:12.3034140Z [INFO] CP: /home/runner/work/_temp/m9v-recovery-maven-repository/p2/osgi/bundle/org.eclipse.emf.workspace/1.5.2.202208110935/org.eclipse.emf.workspace-1.5.2.202208110935.jar
2026-09-08T06:03:12.3036281Z [INFO] CP: /home/runner/work/_temp/m9v-recovery-maven-repository/p2/osgi/bundle/org.palladiosimulator.pcm.stoex.ide/5.2.2/org.palladiosimulator.pcm.stoex.ide-5.2.2.jar
2026-09-08T06:03:12.3038481Z [INFO] CP: /home/runner/work/_temp/m9v-recovery-maven-repository/p2/osgi/bundle/org.eclipse.debug.core/3.20.100.v20230124-1239/org.eclipse.debug.core-3.20.100.v20230124-1239.jar
2026-09-08T06:03:12.3040585Z [INFO] CP: /home/runner/work/_temp/m9v-recovery-maven-repository/.cache/tycho/org.jfree.jfreechart-1.0.19.jar/jfreechart-1.0.19-swt.jar
2026-09-08T06:03:12.3049380Z [INFO] CP: /home/runner/work/_temp/m9v-recovery-maven-repository/p2/osgi/bundle/org.eclipse.debug.ui/3.17.200.v20230220-1318/org.eclipse.debug.ui-3.17.200.v20230220-1318.jar
2026-09-08T06:03:12.3051716Z [INFO] CP: /home/runner/work/_temp/m9v-recovery-maven-repository/p2/osgi/bundle/org.eclipse.xtend/2.2.0.v201605260315/org.eclipse.xtend-2.2.0.v201605260315.jar
2026-09-08T06:03:12.3053734Z [INFO] CP: /home/runner/work/_temp/m9v-recovery-maven-repository/p2/osgi/bundle/org.eclipse.ui.ide/3.20.100.v20230220-1021/org.eclipse.ui.ide-3.20.100.v20230220-1021.jar
2026-09-08T06:03:12.3055998Z [INFO] CP: /home/runner/work/_temp/m9v-recovery-maven-repository/p2/osgi/bundle/org.eclipse.jdt.ui/3.28.0.v20230210-2115/org.eclipse.jdt.ui-3.28.0.v20230210-2115.jar
2026-09-08T06:03:12.3058031Z [INFO] CP: /home/runner/work/_temp/m9v-recovery-maven-repository/p2/osgi/bundle/org.eclipse.uml2.common/2.5.0.v20221116-1811/org.eclipse.uml2.common-2.5.0.v20221116-1811.jar
2026-09-08T06:03:12.3060379Z [INFO] CP: /home/runner/work/_temp/m9v-recovery-maven-repository/p2/osgi/bundle/org.eclipse.gmf.runtime.emf.commands.core/1.7.0.202211041032/org.eclipse.gmf.runtime.emf.commands.core-1.7.0.202211041032.jar
2026-09-08T06:03:12.3062754Z [INFO] CP: /home/runner/work/_temp/m9v-recovery-maven-repository/p2/osgi/bundle/org.eclipse.team.ui/3.9.600.v20230207-1607/org.eclipse.team.ui-3.9.600.v20230207-1607.jar
2026-09-08T06:03:12.3065289Z [INFO] CP: /home/runner/work/_temp/m9v-recovery-maven-repository/p2/osgi/bundle/org.eclipse.ui.navigator.resources/3.8.600.v20230220-1021/org.eclipse.ui.navigator.resources-3.8.600.v20230220-1021.jar
2026-09-08T06:03:12.3067687Z [INFO] CP: /home/runner/work/_temp/m9v-recovery-maven-repository/p2/osgi/bundle/org.palladiosimulator.pcm/5.2.2/org.palladiosimulator.pcm-5.2.2.jar
2026-09-08T06:03:12.3069954Z [INFO] CP: /home/runner/work/_temp/m9v-recovery-maven-repository/p2/osgi/bundle/org.eclipse.e4.core.commands/1.0.400.v20230220-0932/org.eclipse.e4.core.commands-1.0.400.v20230220-0932.jar
2026-09-08T06:03:12.3072392Z [INFO] CP: /home/runner/work/_temp/m9v-recovery-maven-repository/p2/osgi/bundle/org.eclipse.emf.databinding/1.7.0.v20230211-1150/org.eclipse.emf.databinding-1.7.0.v20230211-1150.jar
2026-09-08T06:03:12.3074807Z [INFO] CP: /home/runner/work/_temp/m9v-recovery-maven-repository/p2/osgi/bundle/de.uka.ipd.sdq.workflow.mdsd.core/5.2.2/de.uka.ipd.sdq.workflow.mdsd.core-5.2.2.jar
2026-09-08T06:03:12.3077248Z [INFO] CP: /home/runner/work/telemetry-availability-identification/telemetry-availability-identification/palladio-source/bundles/org.palladiosimulator.reliability.sensitivity.editor/target/classes
2026-09-08T06:03:12.3085235Z [INFO] CP: /home/runner/work/_temp/m9v-recovery-maven-repository/p2/osgi/bundle/org.eclipse.core.databinding.observable/1.12.200.v20230220-0932/org.eclipse.core.databinding.observable-1.12.200.v20230220-0932.jar
2026-09-08T06:03:12.3087822Z [INFO] CP: /home/runner/work/_temp/m9v-recovery-maven-repository/p2/osgi/bundle/org.eclipse.ui.views/3.11.400.v20230220-0932/org.eclipse.ui.views-3.11.400.v20230220-0932.jar
2026-09-08T06:03:12.3090274Z [INFO] CP: /home/runner/work/_temp/m9v-recovery-maven-repository/p2/osgi/bundle/org.palladiosimulator.solver.spa.resourcemodel/5.2.2/org.palladiosimulator.solver.spa.resourcemodel-5.2.2.jar
2026-09-08T06:03:12.3092658Z [INFO] CP: /home/runner/work/_temp/m9v-recovery-maven-repository/p2/osgi/bundle/org.antlr.runtime/3.2.0.v20220404-1927/org.antlr.runtime-3.2.0.v20220404-1927.jar
2026-09-08T06:03:12.3104860Z [INFO] CP: /home/runner/work/_temp/m9v-recovery-maven-repository/.cache/tycho/org.apache.ant-1.10.12.v20211102-1452.jar/lib/ant-apache-bcel.jar
2026-09-08T06:03:12.3106650Z [INFO] CP: /home/runner/work/_temp/m9v-recovery-maven-repository/.cache/tycho/org.apache.ant-1.10.12.v20211102-1452.jar/lib/ant-netrexx.jar
2026-09-08T06:03:12.3108624Z [INFO] CP: /home/runner/work/_temp/m9v-recovery-maven-repository/p2/osgi/bundle/org.eclipse.e4.ui.swt.gtk/1.1.300.v20230220-0932/org.eclipse.e4.ui.swt.gtk-1.1.300.v20230220-0932.jar
2026-09-08T06:03:12.3110930Z [INFO] CP: /home/runner/work/_temp/m9v-recovery-maven-repository/p2/osgi/bundle/org.apache.commons.logging.fragment/1.0.0/org.apache.commons.logging.fragment-1.0.0.jar
2026-09-08T06:03:12.3113518Z [INFO] CP: /home/runner/work/_temp/m9v-recovery-maven-repository/p2/osgi/bundle/org.eclipse.jface.databinding/1.14.100.v20230214-1401/org.eclipse.jface.databinding-1.14.100.v20230214-1401.jar
2026-09-08T06:03:12.3116204Z [INFO] CP: /home/runner/work/_temp/m9v-recovery-maven-repository/p2/osgi/bundle/org.eclipse.gmf.runtime.common.core/1.7.1.202211041032/org.eclipse.gmf.runtime.common.core-1.7.1.202211041032.jar
2026-09-08T06:03:12.3118607Z [INFO] CP: /home/runner/work/_temp/m9v-recovery-maven-repository/p2/osgi/bundle/org.eclipse.emf.cdo.common/4.20.1.v20230221-1613/org.eclipse.emf.cdo.common-4.20.1.v20230221-1613.jar
2026-09-08T06:03:12.3120827Z [INFO] CP: /home/runner/work/_temp/m9v-recovery-maven-repository/p2/osgi/bundle/org.eclipse.e4.ui.di/1.4.200.v20230220-0932/org.eclipse.e4.ui.di-1.4.200.v20230220-0932.jar
2026-09-08T06:03:12.3123252Z [INFO] CP: /home/runner/work/_temp/m9v-recovery-maven-repository/p2/osgi/bundle/org.eclipse.equinox.security.win32.x86_64/1.1.300.v20211021-1418/org.eclipse.equinox.security.win32.x86_64-1.1.300.v20211021-1418.jar
2026-09-08T06:03:12.3127178Z [INFO] CP: /home/runner/work/_temp/m9v-recovery-maven-repository/p2/osgi/bundle/de.uka.ipd.sdq.workflow.launchconfig/5.2.2/de.uka.ipd.sdq.workflow.launchconfig-5.2.2.jar
2026-09-08T06:03:12.3131727Z [INFO] CP: /home/runner/work/_temp/m9v-recovery-maven-repository/p2/osgi/bundle/org.eclipse.core.contenttype/3.8.200.v20220817-1539/org.eclipse.core.contenttype-3.8.200.v20220817-1539.jar
2026-09-08T06:03:12.3139548Z [INFO] CP: /home/runner/work/_temp/m9v-recovery-maven-repository/p2/osgi/bundle/org.eclipse.xtext.common.types/2.30.0.v20230227-1128/org.eclipse.xtext.common.types-2.30.0.v20230227-1128.jar
2026-09-08T06:03:12.3142597Z [INFO] CP: /home/runner/work/_temp/m9v-recovery-maven-repository/p2/osgi/bundle/org.eclipse.gmf.runtime.common.ui.services.action/1.7.0.202211041032/org.eclipse.gmf.runtime.common.ui.services.action-1.7.0.202211041032.jar
2026-09-08T06:03:12.3145961Z [INFO] CP: /home/runner/work/_temp/m9v-recovery-maven-repository/p2/osgi/bundle/org.eclipse.equinox.p2.engine/2.7.500.v20220817-1208/org.eclipse.equinox.p2.engine-2.7.500.v20220817-1208.jar
2026-09-08T06:03:12.3148823Z [INFO] CP: /home/runner/work/_temp/m9v-recovery-maven-repository/p2/osgi/bundle/org.palladiosimulator.commons.stoex.ide/5.2.2/org.palladiosimulator.commons.stoex.ide-5.2.2.jar
2026-09-08T06:03:12.3151144Z [INFO] CP: /home/runner/work/_temp/m9v-recovery-maven-repository/p2/osgi/bundle/org.palladiosimulator.analyzer.accuracy.ui/5.2.2/org.palladiosimulator.analyzer.accuracy.ui-5.2.2.jar
2026-09-08T06:03:12.3153376Z [INFO] CP: /home/runner/work/_temp/m9v-recovery-maven-repository/p2/osgi/bundle/org.eclipse.e4.core.di/1.8.300.v20220817-1539/org.eclipse.e4.core.di-1.8.300.v20220817-1539.jar
2026-09-08T06:03:12.3155677Z [INFO] CP: /home/runner/work/_temp/m9v-recovery-maven-repository/p2/osgi/bundle/org.eclipse.xtext.xbase.lib/2.30.0.v20230227-1111/org.eclipse.xtext.xbase.lib-2.30.0.v20230227-1111.jar
2026-09-08T06:03:12.3158247Z [INFO] CP: /home/runner/work/_temp/m9v-recovery-maven-repository/p2/osgi/bundle/org.eclipse.e4.ui.workbench.renderers.swt.cocoa/0.13.100.v20230214-1401/org.eclipse.e4.ui.workbench.renderers.swt.cocoa-0.13.100.v20230214-1401.jar
2026-09-08T06:03:12.3160999Z [INFO] CP: /home/runner/work/_temp/m9v-recovery-maven-repository/p2/osgi/bundle/org.eclipse.xtext.ui.codetemplates.ide/2.30.0.v20230227-1159/org.eclipse.xtext.ui.codetemplates.ide-2.30.0.v20230227-1159.jar
2026-09-08T06:03:12.3163492Z [INFO] CP: /home/runner/work/_temp/m9v-recovery-maven-repository/p2/osgi/bundle/org.palladiosimulator.analyzer.workflow.core/5.2.2/org.palladiosimulator.analyzer.workflow.core-5.2.2.jar
2026-09-08T06:03:12.3166060Z [INFO] CP: /home/runner/work/_temp/m9v-recovery-maven-repository/.cache/tycho/org.apache.ant-1.10.12.v20211102-1452.jar/lib/ant-apache-log4j.jar
2026-09-08T06:03:12.3167992Z [INFO] CP: /home/runner/work/_temp/m9v-recovery-maven-repository/p2/osgi/bundle/org.eclipse.m2m.qvt.oml/3.10.7.v20220605-1149/org.eclipse.m2m.qvt.oml-3.10.7.v20220605-1149.jar
2026-09-08T06:03:12.3170299Z [INFO] CP: /home/runner/work/_temp/m9v-recovery-maven-repository/p2/osgi/bundle/org.eclipse.ui.navigator/3.11.0.v20230214-1401/org.eclipse.ui.navigator-3.11.0.v20230214-1401.jar
2026-09-08T06:03:12.3172715Z [INFO] CP: /home/runner/work/telemetry-availability-identification/telemetry-availability-identification/palladio-source/bundles/org.palladiosimulator.reliability.sensitivity.edit/target/classes
2026-09-08T06:03:12.3178709Z [INFO] CP: /home/runner/work/_temp/m9v-recovery-maven-repository/p2/osgi/bundle/org.eclipse.ui.forms/3.11.600.v20230220-0932/org.eclipse.ui.forms-3.11.600.v20230220-0932.jar
2026-09-08T06:03:12.3180843Z [INFO] CP: /home/runner/work/_temp/m9v-recovery-maven-repository/p2/osgi/bundle/org.eclipse.sirius.ui/7.0.7.202301170754/org.eclipse.sirius.ui-7.0.7.202301170754.jar
2026-09-08T06:03:12.3183231Z [INFO] CP: /home/runner/work/_temp/m9v-recovery-maven-repository/p2/osgi/bundle/org.eclipse.ui.workbench.texteditor/3.16.700.v20230210-0941/org.eclipse.ui.workbench.texteditor-3.16.700.v20230210-0941.jar
2026-09-08T06:03:12.3185846Z [INFO] CP: /home/runner/work/_temp/m9v-recovery-maven-repository/p2/osgi/bundle/org.osgi.util.xml/1.0.2.202109301733/org.osgi.util.xml-1.0.2.202109301733.jar
2026-09-08T06:03:12.3188021Z [INFO] CP: /home/runner/work/_temp/m9v-recovery-maven-repository/p2/osgi/bundle/org.eclipse.e4.ui.services/1.5.200.v20230220-0932/org.eclipse.e4.ui.services-1.5.200.v20230220-0932.jar
2026-09-08T06:03:12.3190120Z [INFO] CP: /home/runner/work/_temp/m9v-recovery-maven-repository/p2/osgi/bundle/de.uka.ipd.sdq.workflow/5.2.2/de.uka.ipd.sdq.workflow-5.2.2.jar
2026-09-08T06:03:12.3197769Z [INFO] CP: /home/runner/work/_temp/m9v-recovery-maven-repository/p2/osgi/bundle/org.eclipse.xtext.ui/2.30.0.v20230227-1159/org.eclipse.xtext.ui-2.30.0.v20230227-1159.jar
2026-09-08T06:03:12.3200346Z [INFO] CP: /home/runner/work/_temp/m9v-recovery-maven-repository/p2/osgi/bundle/org.eclipse.emf.mwe2.runtime/2.14.0.v20221117-1134/org.eclipse.emf.mwe2.runtime-2.14.0.v20221117-1134.jar
2026-09-08T06:03:12.3202689Z [INFO] CP: /home/runner/work/_temp/m9v-recovery-maven-repository/p2/osgi/bundle/org.eclipse.jdt.launching/3.19.900.v20230209-1222/org.eclipse.jdt.launching-3.19.900.v20230209-1222.jar
2026-09-08T06:03:12.3205122Z [INFO] CP: /home/runner/work/_temp/m9v-recovery-maven-repository/p2/osgi/bundle/org.eclipse.urischeme/1.2.300.v20230220-0932/org.eclipse.urischeme-1.2.300.v20230220-0932.jar
2026-09-08T06:03:12.3207526Z [INFO] CP: /home/runner/work/_temp/m9v-recovery-maven-repository/p2/osgi/bundle/org.palladiosimulator.analyzer.workflow/5.2.2/org.palladiosimulator.analyzer.workflow-5.2.2.jar
2026-09-08T06:03:12.3210047Z [INFO] CP: /home/runner/work/_temp/m9v-recovery-maven-repository/p2/osgi/bundle/org.eclipse.equinox.registry/3.11.200.v20220817-1601/org.eclipse.equinox.registry-3.11.200.v20220817-1601.jar
2026-09-08T06:03:12.3212365Z [INFO] CP: /home/runner/work/_temp/m9v-recovery-maven-repository/p2/osgi/bundle/de.uka.ipd.sdq.probfunction.edit/5.2.2/de.uka.ipd.sdq.probfunction.edit-5.2.2.jar
2026-09-08T06:03:12.3214983Z [INFO] CP: /home/runner/work/telemetry-availability-identification/telemetry-availability-identification/palladio-source/bundles/org.palladiosimulator.reliability.markov.editor/target/classes
2026-09-08T06:03:12.3217437Z [INFO] CP: /home/runner/work/_temp/m9v-recovery-maven-repository/p2/osgi/bundle/org.eclipse.sirius/7.0.7.202301170754/org.eclipse.sirius-7.0.7.202301170754.jar
2026-09-08T06:03:12.3219500Z [INFO] CP: /home/runner/work/_temp/m9v-recovery-maven-repository/p2/osgi/bundle/org.eclipse.xpand/2.2.0.v201605260315/org.eclipse.xpand-2.2.0.v201605260315.jar
2026-09-08T06:03:12.3222754Z [INFO] CP: /home/runner/work/_temp/m9v-recovery-maven-repository/p2/osgi/bundle/de.uka.ipd.sdq.workflow.mdsd.blackboard/5.2.2/de.uka.ipd.sdq.workflow.mdsd.blackboard-5.2.2.jar
2026-09-08T06:03:12.3225171Z [INFO] CP: /home/runner/work/_temp/m9v-recovery-maven-repository/p2/osgi/bundle/org.eclipse.jdt.core/3.33.0.v20230222-1748/org.eclipse.jdt.core-3.33.0.v20230222-1748.jar
2026-09-08T06:03:12.3227712Z [INFO] CP: /home/runner/work/_temp/m9v-recovery-maven-repository/p2/osgi/bundle/org.eclipse.xtext.xbase.ide/2.30.0.v20230227-1128/org.eclipse.xtext.xbase.ide-2.30.0.v20230227-1128.jar
2026-09-08T06:03:12.3229678Z [INFO] CP: /home/runner/work/_temp/m9v-recovery-maven-repository/.cache/tycho/org.jscience-4.3.1.jar/lib/geoapi.jar
2026-09-08T06:03:12.3231366Z [INFO] CP: /home/runner/work/_temp/m9v-recovery-maven-repository/.cache/tycho/org.eclipse.jdt.debug-3.20.100.v20230119-1127.jar/jdimodel.jar
2026-09-08T06:03:12.3233266Z [INFO] CP: /home/runner/work/_temp/m9v-recovery-maven-repository/p2/osgi/bundle/com.ibm.icu/72.1.0.v20221115-2007/com.ibm.icu-72.1.0.v20221115-2007.jar
2026-09-08T06:03:12.3235632Z [INFO] CP: /home/runner/work/_temp/m9v-recovery-maven-repository/p2/osgi/bundle/org.eclipse.e4.ui.bindings/0.13.300.v20230220-0932/org.eclipse.e4.ui.bindings-0.13.300.v20230220-0932.jar
2026-09-08T06:03:12.3237874Z [INFO] CP: /home/runner/work/_temp/m9v-recovery-maven-repository/p2/osgi/bundle/org.eclipse.emf.cdo/4.21.0.v20230221-1613/org.eclipse.emf.cdo-4.21.0.v20230221-1613.jar
2026-09-08T06:03:12.3240003Z [INFO] CP: /home/runner/work/_temp/m9v-recovery-maven-repository/p2/osgi/bundle/org.palladiosimulator.pcm.edit/5.2.2/org.palladiosimulator.pcm.edit-5.2.2.jar
2026-09-08T06:03:12.3242324Z [INFO] CP: /home/runner/work/_temp/m9v-recovery-maven-repository/p2/osgi/bundle/org.eclipse.e4.core.services/2.3.400.v20220915-1347/org.eclipse.e4.core.services-2.3.400.v20220915-1347.jar
2026-09-08T06:03:12.3244922Z [INFO] CP: /home/runner/work/_temp/m9v-recovery-maven-repository/p2/osgi/bundle/org.eclipse.emf.common.ui/2.21.0.v20230211-1150/org.eclipse.emf.common.ui-2.21.0.v20230211-1150.jar
2026-09-08T06:03:12.3247723Z [INFO] CP: /home/runner/work/_temp/m9v-recovery-maven-repository/p2/osgi/bundle/org.eclipse.gmf.runtime.emf.clipboard.core/1.7.1.202211041032/org.eclipse.gmf.runtime.emf.clipboard.core-1.7.1.202211041032.jar
2026-09-08T06:03:12.3250055Z [INFO] CP: /home/runner/work/_temp/m9v-recovery-maven-repository/.cache/tycho/org.apache.ant-1.10.12.v20211102-1452.jar/lib/ant-jai.jar
2026-09-08T06:03:12.3252146Z [INFO] CP: /home/runner/work/_temp/m9v-recovery-maven-repository/p2/osgi/bundle/org.eclipse.e4.core.contexts/1.11.0.v20220716-0839/org.eclipse.e4.core.contexts-1.11.0.v20220716-0839.jar
2026-09-08T06:03:12.3254631Z [INFO] CP: /home/runner/work/_temp/m9v-recovery-maven-repository/p2/osgi/bundle/org.eclipse.emf.codegen/2.23.0.v20230211-1150/org.eclipse.emf.codegen-2.23.0.v20230211-1150.jar
2026-09-08T06:03:12.3274241Z [INFO] CP: /home/runner/work/_temp/m9v-recovery-maven-repository/p2/osgi/bundle/org.eclipse.gef/3.13.0.202211301913/org.eclipse.gef-3.13.0.202211301913.jar
2026-09-08T06:03:12.3276657Z [INFO] CP: /home/runner/work/_temp/m9v-recovery-maven-repository/p2/osgi/bundle/org.eclipse.xtext.ui.codetemplates/2.30.0.v20230227-1159/org.eclipse.xtext.ui.codetemplates-2.30.0.v20230227-1159.jar
2026-09-08T06:03:12.3279151Z [INFO] CP: /home/runner/work/_temp/m9v-recovery-maven-repository/p2/osgi/bundle/org.eclipse.core.runtime/3.26.100.v20221021-0005/org.eclipse.core.runtime-3.26.100.v20221021-0005.jar
2026-09-08T06:03:12.3281892Z [INFO] CP: /home/runner/work/_temp/m9v-recovery-maven-repository/p2/osgi/bundle/org.eclipse.gmf.runtime.draw2d.ui.render/1.7.1.202211041032/org.eclipse.gmf.runtime.draw2d.ui.render-1.7.1.202211041032.jar
2026-09-08T06:03:12.3294420Z [INFO] CP: /home/runner/work/_temp/m9v-recovery-maven-repository/p2/osgi/bundle/de.uka.ipd.sdq.stoex.edit/5.2.2/de.uka.ipd.sdq.stoex.edit-5.2.2.jar
2026-09-08T06:03:12.3296544Z [INFO] CP: /home/runner/work/_temp/m9v-recovery-maven-repository/p2/osgi/bundle/org.eclipse.equinox.bidi/1.4.200.v20220710-1223/org.eclipse.equinox.bidi-1.4.200.v20220710-1223.jar
2026-09-08T06:03:12.3298663Z [INFO] CP: /home/runner/work/_temp/m9v-recovery-maven-repository/.cache/tycho/org.apache.ant-1.10.12.v20211102-1452.jar/lib/ant-apache-regexp.jar
2026-09-08T06:03:12.3300900Z [INFO] CP: /home/runner/work/_temp/m9v-recovery-maven-repository/p2/osgi/bundle/org.osgi.service.prefs/1.1.2.202109301733/org.osgi.service.prefs-1.1.2.202109301733.jar
2026-09-08T06:03:12.3303327Z [INFO] CP: /home/runner/work/_temp/m9v-recovery-maven-repository/p2/osgi/bundle/org.palladiosimulator.edp2.util/5.2.2/org.palladiosimulator.edp2.util-5.2.2.jar
2026-09-08T06:03:12.3305857Z [INFO] CP: /home/runner/work/_temp/m9v-recovery-maven-repository/p2/osgi/bundle/org.eclipse.xtext.ecore/2.30.0.v20230227-1128/org.eclipse.xtext.ecore-2.30.0.v20230227-1128.jar
2026-09-08T06:03:12.3308326Z [INFO] CP: /home/runner/work/_temp/m9v-recovery-maven-repository/p2/osgi/bundle/org.palladiosimulator.measurementframework/5.2.2/org.palladiosimulator.measurementframework-5.2.2.jar
2026-09-08T06:03:12.3310979Z [INFO] CP: /home/runner/work/_temp/m9v-recovery-maven-repository/p2/osgi/bundle/org.eclipse.m2m.qvt.oml.project/3.10.4.v20220605-1149/org.eclipse.m2m.qvt.oml.project-3.10.4.v20220605-1149.jar
2026-09-08T06:03:12.3313479Z [INFO] CP: /home/runner/work/_temp/m9v-recovery-maven-repository/p2/osgi/bundle/org.palladiosimulator.solver.context/5.2.2/org.palladiosimulator.solver.context-5.2.2.jar
2026-09-08T06:03:12.3315948Z [INFO] CP: /home/runner/work/_temp/m9v-recovery-maven-repository/p2/osgi/bundle/org.palladiosimulator.metricspec/5.2.2/org.palladiosimulator.metricspec-5.2.2.jar
2026-09-08T06:03:12.3318209Z [INFO] CP: /home/runner/work/_temp/m9v-recovery-maven-repository/p2/osgi/bundle/org.eclipse.gmf.runtime.notation/1.10.0.202211151334/org.eclipse.gmf.runtime.notation-1.10.0.202211151334.jar
2026-09-08T06:03:12.3320492Z [INFO] CP: /home/runner/work/_temp/m9v-recovery-maven-repository/p2/osgi/bundle/org.eclipse.emf.common/2.28.0.v20230223-0922/org.eclipse.emf.common-2.28.0.v20230223-0922.jar
2026-09-08T06:03:12.3323177Z [INFO] CP: /home/runner/work/_temp/m9v-recovery-maven-repository/p2/osgi/bundle/org.eclipse.m2m.qvt.oml.ecore.imperativeocl/3.10.2.v20220605-1149/org.eclipse.m2m.qvt.oml.ecore.imperativeocl-3.10.2.v20220605-1149.jar
2026-09-08T06:03:12.3325782Z [INFO] CP: /home/runner/work/_temp/m9v-recovery-maven-repository/p2/osgi/bundle/de.uka.ipd.sdq.identifier.edit/5.2.2/de.uka.ipd.sdq.identifier.edit-5.2.2.jar
2026-09-08T06:03:12.3327787Z [INFO] CP: /home/runner/work/_temp/m9v-recovery-maven-repository/p2/osgi/bundle/lpg.runtime.java/2.0.17.v201004271640/lpg.runtime.java-2.0.17.v201004271640.jar
2026-09-08T06:03:12.3330047Z [INFO] CP: /home/runner/work/_temp/m9v-recovery-maven-repository/p2/osgi/bundle/org.eclipse.core.filebuffers/3.7.200.v20220202-1008/org.eclipse.core.filebuffers-3.7.200.v20220202-1008.jar
2026-09-08T06:03:12.3332414Z [INFO] CP: /home/runner/work/_temp/m9v-recovery-maven-repository/p2/osgi/bundle/org.palladiosimulator.probeframework/5.2.2/org.palladiosimulator.probeframework-5.2.2.jar
2026-09-08T06:03:12.3335323Z [INFO] CP: /home/runner/work/_temp/m9v-recovery-maven-repository/p2/osgi/bundle/org.eclipse.gmf.runtime.common.ui.services/1.9.0.202211041032/org.eclipse.gmf.runtime.common.ui.services-1.9.0.202211041032.jar
2026-09-08T06:03:12.3337942Z [INFO] CP: /home/runner/work/_temp/m9v-recovery-maven-repository/p2/osgi/bundle/org.eclipse.swt.cocoa.macosx.aarch64/3.123.0.v20230220-1431/org.eclipse.swt.cocoa.macosx.aarch64-3.123.0.v20230220-1431.jar
2026-09-08T06:03:12.3340062Z [INFO] CP: /home/runner/work/_temp/m9v-recovery-maven-repository/.cache/tycho/org.apache.ant-1.10.12.v20211102-1452.jar/lib/ant-jsch.jar
2026-09-08T06:03:12.3342272Z [INFO] CP: /home/runner/work/_temp/m9v-recovery-maven-repository/p2/osgi/bundle/org.eclipse.e4.ui.workbench.renderers.swt/0.15.800.v20230214-1401/org.eclipse.e4.ui.workbench.renderers.swt-0.15.800.v20230214-1401.jar
2026-09-08T06:03:12.3345051Z [INFO] CP: /home/runner/work/_temp/m9v-recovery-maven-repository/p2/osgi/bundle/org.eclipse.m2m.qvt.oml.emf.util/3.10.6.v20220605-1149/org.eclipse.m2m.qvt.oml.emf.util-3.10.6.v20220605-1149.jar
2026-09-08T06:03:12.3347594Z [INFO] CP: /home/runner/work/_temp/m9v-recovery-maven-repository/p2/osgi/bundle/org.eclipse.m2m.qvt.oml.ocl/3.10.2.v20220605-1149/org.eclipse.m2m.qvt.oml.ocl-3.10.2.v20220605-1149.jar
2026-09-08T06:03:12.3350170Z [INFO] CP: /home/runner/work/_temp/m9v-recovery-maven-repository/p2/osgi/bundle/org.eclipse.ocl.ecore/3.18.0.v20221201-0557/org.eclipse.ocl.ecore-3.18.0.v20221201-0557.jar
2026-09-08T06:03:12.3352403Z [INFO] CP: /home/runner/work/_temp/m9v-recovery-maven-repository/p2/osgi/bundle/javax.annotation/1.3.5.v20221203-1659/javax.annotation-1.3.5.v20221203-1659.jar
2026-09-08T06:03:12.3354923Z [INFO] CP: /home/runner/work/_temp/m9v-recovery-maven-repository/p2/osgi/bundle/org.eclipse.e4.ui.workbench/1.14.100.v20230220-1021/org.eclipse.e4.ui.workbench-1.14.100.v20230220-1021.jar
2026-09-08T06:03:12.3357337Z [INFO] CP: /home/runner/work/_temp/m9v-recovery-maven-repository/p2/osgi/bundle/org.osgi.util.function/1.2.0.202109301733/org.osgi.util.function-1.2.0.202109301733.jar
2026-09-08T06:03:12.3359616Z [INFO] CP: /home/runner/work/_temp/m9v-recovery-maven-repository/p2/osgi/bundle/org.eclipse.e4.core.di.extensions/0.17.200.v20220613-1008/org.eclipse.e4.core.di.extensions-0.17.200.v20220613-1008.jar
2026-09-08T06:03:12.3362240Z [INFO] CP: /home/runner/work/_temp/m9v-recovery-maven-repository/p2/osgi/bundle/org.eclipse.gmf.runtime.common.ui.action/1.7.0.202211041032/org.eclipse.gmf.runtime.common.ui.action-1.7.0.202211041032.jar
2026-09-08T06:03:12.3364868Z [INFO] CP: /home/runner/work/_temp/m9v-recovery-maven-repository/p2/osgi/bundle/org.palladiosimulator.commons.stoex/5.2.2/org.palladiosimulator.commons.stoex-5.2.2.jar
2026-09-08T06:03:12.3367175Z [INFO] CP: /home/runner/work/_temp/m9v-recovery-maven-repository/p2/osgi/bundle/org.apache.batik.css/1.16.0.v20221027-0840/org.apache.batik.css-1.16.0.v20221027-0840.jar
2026-09-08T06:03:12.3369549Z [INFO] CP: /home/runner/work/_temp/m9v-recovery-maven-repository/p2/osgi/bundle/org.eclipse.xtext.ui.codetemplates.ui/2.30.0.v20230227-1159/org.eclipse.xtext.ui.codetemplates.ui-2.30.0.v20230227-1159.jar
2026-09-08T06:03:12.3372022Z [INFO] CP: /home/runner/work/_temp/m9v-recovery-maven-repository/.cache/tycho/org.apache.ant-1.10.12.v20211102-1452.jar/lib/ant-testutil.jar
2026-09-08T06:03:12.3374397Z [INFO] CP: /home/runner/work/_temp/m9v-recovery-maven-repository/p2/osgi/bundle/org.osgi.util.measurement/1.0.2.201802012109/org.osgi.util.measurement-1.0.2.201802012109.jar
2026-09-08T06:03:12.3376662Z [INFO] CP: /home/runner/work/_temp/m9v-recovery-maven-repository/p2/osgi/bundle/tools.mdsd.library.emfeditutils/1.0.0/tools.mdsd.library.emfeditutils-1.0.0.jar
2026-09-08T06:03:12.3379025Z [INFO] CP: /home/runner/work/_temp/m9v-recovery-maven-repository/p2/osgi/bundle/org.eclipse.jdt.core.manipulation/1.18.0.v20230209-2203/org.eclipse.jdt.core.manipulation-1.18.0.v20230209-2203.jar
2026-09-08T06:03:12.3381326Z [INFO] CP: /home/runner/work/_temp/m9v-recovery-maven-repository/p2/osgi/bundle/org.apache.commons.math/2.1.0.v201105210652/org.apache.commons.math-2.1.0.v201105210652.jar
2026-09-08T06:03:12.3383506Z [INFO] CP: /home/runner/work/_temp/m9v-recovery-maven-repository/p2/osgi/bundle/org.eclipse.sirius.common.ui/7.0.7.202301170754/org.eclipse.sirius.common.ui-7.0.7.202301170754.jar
2026-09-08T06:03:12.3385885Z [INFO] CP: /home/runner/work/_temp/m9v-recovery-maven-repository/p2/osgi/bundle/org.osgi.util.promise/1.3.0.202212101352/org.osgi.util.promise-1.3.0.202212101352.jar
2026-09-08T06:03:12.3387801Z [INFO] CP: /home/runner/work/_temp/m9v-recovery-maven-repository/.cache/tycho/org.apache.ant-1.10.12.v20211102-1452.jar/lib/ant-javamail.jar
2026-09-08T06:03:12.3389640Z [INFO] CP: /home/runner/work/_temp/m9v-recovery-maven-repository/p2/osgi/bundle/de.uka.ipd.sdq.featuremodel/5.2.2/de.uka.ipd.sdq.featuremodel-5.2.2.jar
2026-09-08T06:03:12.3391550Z [INFO] CP: /home/runner/work/_temp/m9v-recovery-maven-repository/p2/osgi/bundle/de.uka.ipd.sdq.probfunction/5.2.2/de.uka.ipd.sdq.probfunction-5.2.2.jar
2026-09-08T06:03:12.3393394Z [INFO] CP: /home/runner/work/_temp/m9v-recovery-maven-repository/p2/osgi/bundle/org.eclipse.jface/3.29.0.v20230214-1401/org.eclipse.jface-3.29.0.v20230214-1401.jar
2026-09-08T06:03:12.3395900Z [INFO] CP: /home/runner/work/_temp/m9v-recovery-maven-repository/p2/osgi/bundle/org.eclipse.emf.ecore/2.33.0.v20230226-0921/org.eclipse.emf.ecore-2.33.0.v20230226-0921.jar
2026-09-08T06:03:12.3400306Z [INFO] Calling: /bin/sh -c cd '/home/runner/work/telemetry-availability-identification/telemetry-availability-identification/palladio-source/releng/org.palladiosimulator.reliability.updatesite/target/repository/javadoc' && '/opt/hostedtoolcache/Java_Temurin-Hotspot_jdk/17.0.20-1/x64/bin/javadoc' '@/home/runner/work/telemetry-availability-identification/telemetry-availability-identification/palladio-source/releng/org.palladiosimulator.reliability.updatesite/target/javadoc.options.txt'
2026-09-08T06:03:13.3124685Z Loading source files for package org.palladiosimulator.reliability.markov.provider...
2026-09-08T06:03:13.3181330Z Loading source files for package org.palladiosimulator.reliability.markov.presentation...
2026-09-08T06:03:13.3190076Z Loading source files for package org.palladiosimulator.reliability...
2026-09-08T06:03:13.3199133Z Loading source files for package org.palladiosimulator.reliability.helper...
2026-09-08T06:03:13.3206674Z Loading source files for package org.palladiosimulator.reliability.markov...
2026-09-08T06:03:13.3210408Z Loading source files for package org.palladiosimulator.reliability.markov.impl...
2026-09-08T06:03:13.3221247Z Loading source files for package org.palladiosimulator.reliability.markov.util...
2026-09-08T06:03:13.3222586Z Loading source files for package org.palladiosimulator.reliability.solver...
2026-09-08T06:03:13.3224700Z Loading source files for package org.palladiosimulator.reliability.solver.pcm2markov...
2026-09-08T06:03:13.3255453Z Loading source files for package org.palladiosimulator.reliability.solver.runconfig...
2026-09-08T06:03:13.3266571Z Loading source files for package org.palladiosimulator.reliability.sensitivity...
2026-09-08T06:03:13.3295554Z Loading source files for package org.palladiosimulator.reliability.sensitivity.impl...
2026-09-08T06:03:13.3299337Z Loading source files for package org.palladiosimulator.reliability.sensitivity.util...
2026-09-08T06:03:13.3301292Z Loading source files for package org.palladiosimulator.reliability.sensitivity.provider...
2026-09-08T06:03:13.3302880Z Loading source files for package org.palladiosimulator.reliability.sensitivity.presentation...
2026-09-08T06:03:13.7001631Z Constructing Javadoc information...
2026-09-08T06:03:15.9926427Z warning: URL https://help.eclipse.org/2022-12/topic/org.eclipse.platform.doc.isv/reference/api/element-list was redirected to https://help.eclipse.org/latest/topic/org.eclipse.platform.doc.isv/reference/api/element-list -- Update the command-line options to suppress this warning.
2026-09-08T06:03:16.9345868Z Building index for all the packages and classes...
2026-09-08T06:03:16.9448106Z Standard Doclet version 17.0.20.1+1
2026-09-08T06:03:16.9459092Z Building tree for all the packages and classes...
2026-09-08T06:03:17.0335506Z ##[error]/home/runner/work/telemetry-availability-identification/telemetry-availability-identification/palladio-source/bundles/org.palladiosimulator.reliability.sensitivity/src/org/palladiosimulator/reliability/sensitivity/SensitivityConfiguration.java:17: error: bad HTML entity
2026-09-08T06:03:17.0349263Z  * PCM&nbsp;model.&nbsp;Together,&nbsp;the&nbsp;parameter&nbsp;variations&nbsp;constitute&nbsp;a&
2026-09-08T06:03:17.0350558Z                                                                                                 ^
2026-09-08T06:03:17.0377164Z ##[error]/home/runner/work/telemetry-availability-identification/telemetry-availability-identification/palladio-source/bundles/org.palladiosimulator.reliability.sensitivity/src/org/palladiosimulator/reliability/sensitivity/SensitivityConfiguration.java:20: error: bad HTML entity
2026-09-08T06:03:17.0404919Z  * This&nbsp;information&nbsp;can&nbsp;be&nbsp;used&nbsp;to&nbsp;perform&nbsp;a&nbsp;sensitivity&
2026-09-08T06:03:17.0434811Z                                                                                                 ^
2026-09-08T06:03:17.0442075Z ##[error]/home/runner/work/telemetry-availability-identification/telemetry-availability-identification/palladio-source/bundles/org.palladiosimulator.reliability.sensitivity/src/org/palladiosimulator/reliability/sensitivity/SensitivityConfiguration.java:21: error: bad HTML entity
2026-09-08T06:03:17.0446335Z  * nbsp;analysis,&nbsp;i.e.&nbsp;a&nbsp;repeated&nbsp;analysis&nbsp;for&nbsp;each&nbsp;of&nbsp;the&
2026-09-08T06:03:17.0447531Z                                                                                                   ^
2026-09-08T06:03:17.0450727Z ##[error]/home/runner/work/telemetry-availability-identification/telemetry-availability-identification/palladio-source/bundles/org.palladiosimulator.reliability.sensitivity/src/org/palladiosimulator/reliability/sensitivity/SensitivityParameter.java:19: error: bad HTML entity
2026-09-08T06:03:17.0454453Z  * single&nbsp;value,&nbsp;it&nbsp;may&nbsp;be&nbsp;of&nbsp;different&nbsp;types,&nbsp;such&nbsp;as&
2026-09-08T06:03:17.0455645Z                                                                                                    ^
2026-09-08T06:03:17.0458620Z ##[error]/home/runner/work/telemetry-availability-identification/telemetry-availability-identification/palladio-source/bundles/org.palladiosimulator.reliability.sensitivity/src/org/palladiosimulator/reliability/sensitivity/CombinedSensitivityParameter.java:12: error: bad HTML entity
2026-09-08T06:03:17.0462482Z  * A&nbsp;combined&nbsp;sensitivity&nbsp;parameter&nbsp;consists&nbsp;of&nbsp;a&nbsp;set&nbsp;of&
2026-09-08T06:03:17.0463634Z                                                                                                 ^
2026-09-08T06:03:17.1312607Z Generating ./org/palladiosimulator/reliability/sensitivity/CombinedSensitivityParameter.html...
2026-09-08T06:03:17.2187893Z ##[error]/home/runner/work/telemetry-availability-identification/telemetry-availability-identification/palladio-source/bundles/org.palladiosimulator.reliability.sensitivity/src/org/palladiosimulator/reliability/sensitivity/SensitivityPackage.java:683: error: syntax error in reference
2026-09-08T06:03:17.2244796Z      * @see org.palladiosimulator.reliability.sensitivity.impl.
2026-09-08T06:03:17.2264596Z        ^
2026-09-08T06:03:17.2301871Z ##[error]/home/runner/work/telemetry-availability-identification/telemetry-availability-identification/palladio-source/bundles/org.palladiosimulator.reliability.sensitivity/src/org/palladiosimulator/reliability/sensitivity/SensitivityPackage.java:1220: error: syntax error in reference
2026-09-08T06:03:17.2305687Z      * @see org.palladiosimulator.reliability.sensitivity.impl.
2026-09-08T06:03:17.2354719Z        ^
2026-09-08T06:03:17.2377145Z ##[error]/home/runner/work/telemetry-availability-identification/telemetry-availability-identification/palladio-source/bundles/org.palladiosimulator.reliability.sensitivity/src/org/palladiosimulator/reliability/sensitivity/SensitivityPackage.java:1743: error: syntax error in reference
2026-09-08T06:03:17.2399758Z      * @see org.palladiosimulator.reliability.sensitivity.impl.
2026-09-08T06:03:17.2434395Z        ^
2026-09-08T06:03:17.3715164Z Generating ./org/palladiosimulator/reliability/sensitivity/impl/CombinedSensitivityParameterImpl.html...
2026-09-08T06:03:17.3990281Z ##[warning]/home/runner/work/telemetry-availability-identification/telemetry-availability-identification/palladio-source/bundles/org.palladiosimulator.reliability.sensitivity/src/org/palladiosimulator/reliability/sensitivity/impl/SensitivityParameterImpl.java:73: warning: no @param for newParentParameter__SensitivityParameter
2026-09-08T06:03:17.4024723Z     public NotificationChain basicSetParentParameter__SensitivityParameter(
2026-09-08T06:03:17.4054652Z                              ^
2026-09-08T06:03:17.4071350Z ##[warning]/home/runner/work/telemetry-availability-identification/telemetry-availability-identification/palladio-source/bundles/org.palladiosimulator.reliability.sensitivity/src/org/palladiosimulator/reliability/sensitivity/impl/SensitivityParameterImpl.java:73: warning: no @param for msgs
2026-09-08T06:03:17.4076719Z     public NotificationChain basicSetParentParameter__SensitivityParameter(
2026-09-08T06:03:17.4077630Z                              ^
2026-09-08T06:03:17.4081898Z ##[warning]/home/runner/work/telemetry-availability-identification/telemetry-availability-identification/palladio-source/bundles/org.palladiosimulator.reliability.sensitivity/src/org/palladiosimulator/reliability/sensitivity/impl/SensitivityParameterImpl.java:73: warning: no @return
2026-09-08T06:03:17.4094541Z     public NotificationChain basicSetParentParameter__SensitivityParameter(
2026-09-08T06:03:17.4106460Z                              ^
2026-09-08T06:03:17.4109602Z ##[warning]/home/runner/work/telemetry-availability-identification/telemetry-availability-identification/palladio-source/bundles/org.palladiosimulator.reliability.sensitivity/src/org/palladiosimulator/reliability/sensitivity/impl/SensitivityParameterImpl.java:132: warning: no @param for newSensitivityConfiguration__SensitivityParameter
2026-09-08T06:03:17.4113552Z     public NotificationChain basicSetSensitivityConfiguration__SensitivityParameter(
2026-09-08T06:03:17.4114678Z                              ^
2026-09-08T06:03:17.4117209Z ##[warning]/home/runner/work/telemetry-availability-identification/telemetry-availability-identification/palladio-source/bundles/org.palladiosimulator.reliability.sensitivity/src/org/palladiosimulator/reliability/sensitivity/impl/SensitivityParameterImpl.java:132: warning: no @param for msgs
2026-09-08T06:03:17.4127727Z     public NotificationChain basicSetSensitivityConfiguration__SensitivityParameter(
2026-09-08T06:03:17.4128744Z                              ^
2026-09-08T06:03:17.4131718Z ##[warning]/home/runner/work/telemetry-availability-identification/telemetry-availability-identification/palladio-source/bundles/org.palladiosimulator.reliability.sensitivity/src/org/palladiosimulator/reliability/sensitivity/impl/SensitivityParameterImpl.java:132: warning: no @return
2026-09-08T06:03:17.4135848Z     public NotificationChain basicSetSensitivityConfiguration__SensitivityParameter(
2026-09-08T06:03:17.4141483Z                              ^
2026-09-08T06:03:17.5163565Z Generating ./org/palladiosimulator/reliability/sensitivity/provider/CombinedSensitivityParameterItemProvider.html...
2026-09-08T06:03:17.5239118Z ##[warning]/home/runner/work/telemetry-availability-identification/telemetry-availability-identification/palladio-source/bundles/org.palladiosimulator.reliability.sensitivity.edit/src/org/palladiosimulator/reliability/sensitivity/provider/SensitivityParameterItemProvider.java:33: warning: no @param for adapterFactory
2026-09-08T06:03:17.5257685Z     public SensitivityParameterItemProvider(final AdapterFactory adapterFactory) {
2026-09-08T06:03:17.5284446Z            ^
2026-09-08T06:03:17.5317407Z ##[warning]/home/runner/work/telemetry-availability-identification/telemetry-availability-identification/palladio-source/bundles/org.palladiosimulator.reliability.sensitivity.edit/src/org/palladiosimulator/reliability/sensitivity/provider/CombinedSensitivityParameterItemProvider.java:36: warning: no @param for adapterFactory
2026-09-08T06:03:17.5321712Z     public CombinedSensitivityParameterItemProvider(final AdapterFactory adapterFactory) {
2026-09-08T06:03:17.5344702Z            ^
2026-09-08T06:03:17.5377799Z ##[warning]/home/runner/work/telemetry-availability-identification/telemetry-availability-identification/palladio-source/bundles/org.palladiosimulator.reliability.sensitivity.edit/src/org/palladiosimulator/reliability/sensitivity/provider/CombinedSensitivityParameterItemProvider.java:62: warning: no @param for object
2026-09-08T06:03:17.5385030Z     protected void addIsCombinatoryPropertyDescriptor(final Object object) {
2026-09-08T06:03:17.5434920Z                    ^
2026-09-08T06:03:17.5815706Z Generating ./org/palladiosimulator/reliability/sensitivity/CommunicationLinkReliabilityParameter.html...
2026-09-08T06:03:17.5867641Z ##[warning]/home/runner/work/telemetry-availability-identification/telemetry-availability-identification/palladio-source/bundles/org.palladiosimulator.reliability.sensitivity/src/org/palladiosimulator/reliability/sensitivity/CommunicationLinkReliabilityParameter.java:81: warning: no @return
2026-09-08T06:03:17.5895223Z     boolean CommunicationLinkParameterMustHaveDoubleVariation(DiagnosticChain diagnostics, Map<Object, Object> context);
2026-09-08T06:03:17.5914522Z             ^
2026-09-08T06:03:17.5975193Z Generating ./org/palladiosimulator/reliability/sensitivity/impl/CommunicationLinkReliabilityParameterImpl.html...
2026-09-08T06:03:17.6008127Z ##[warning]/home/runner/work/telemetry-availability-identification/telemetry-availability-identification/palladio-source/bundles/org.palladiosimulator.reliability.sensitivity/src/org/palladiosimulator/reliability/sensitivity/impl/SingleSensitivityParameterImpl.java:77: warning: no @param for newSensitivityParameterVariation__SingleSensitivityParameter
2026-09-08T06:03:17.6013322Z     public NotificationChain basicSetSensitivityParameterVariation__SingleSensitivityParameter(
2026-09-08T06:03:17.6053591Z                              ^
2026-09-08T06:03:17.6056905Z ##[warning]/home/runner/work/telemetry-availability-identification/telemetry-availability-identification/palladio-source/bundles/org.palladiosimulator.reliability.sensitivity/src/org/palladiosimulator/reliability/sensitivity/impl/SingleSensitivityParameterImpl.java:77: warning: no @param for msgs
2026-09-08T06:03:17.6060823Z     public NotificationChain basicSetSensitivityParameterVariation__SingleSensitivityParameter(
2026-09-08T06:03:17.6084558Z                              ^
2026-09-08T06:03:17.6102171Z ##[warning]/home/runner/work/telemetry-availability-identification/telemetry-availability-identification/palladio-source/bundles/org.palladiosimulator.reliability.sensitivity/src/org/palladiosimulator/reliability/sensitivity/impl/SingleSensitivityParameterImpl.java:77: warning: no @return
2026-09-08T06:03:17.6106792Z     public NotificationChain basicSetSensitivityParameterVariation__SingleSensitivityParameter(
2026-09-08T06:03:17.6109321Z                              ^
2026-09-08T06:03:17.6112285Z ##[warning]/home/runner/work/telemetry-availability-identification/telemetry-availability-identification/palladio-source/bundles/org.palladiosimulator.reliability.sensitivity/src/org/palladiosimulator/reliability/sensitivity/impl/CommunicationLinkReliabilityParameterImpl.java:100: warning: no @return
2026-09-08T06:03:17.6142863Z     public CommunicationLinkResourceSpecification basicGetCommunicationLinkResourceSpecification__CommunicationLinkReliabilityParameter() {
2026-09-08T06:03:17.6144941Z                                                   ^
2026-09-08T06:03:17.6589039Z Generating ./org/palladiosimulator/reliability/sensitivity/provider/CommunicationLinkReliabilityParameterItemProvider.html...
2026-09-08T06:03:17.6608107Z ##[warning]/home/runner/work/telemetry-availability-identification/telemetry-availability-identification/palladio-source/bundles/org.palladiosimulator.reliability.sensitivity.edit/src/org/palladiosimulator/reliability/sensitivity/provider/SingleSensitivityParameterItemProvider.java:33: warning: no @param for adapterFactory
2026-09-08T06:03:17.6661769Z     public SingleSensitivityParameterItemProvider(final AdapterFactory adapterFactory) {
2026-09-08T06:03:17.6662966Z            ^
2026-09-08T06:03:17.6666720Z ##[warning]/home/runner/work/telemetry-availability-identification/telemetry-availability-identification/palladio-source/bundles/org.palladiosimulator.reliability.sensitivity.edit/src/org/palladiosimulator/reliability/sensitivity/provider/CommunicationLinkReliabilityParameterItemProvider.java:33: warning: no @param for adapterFactory
2026-09-08T06:03:17.6679260Z     public CommunicationLinkReliabilityParameterItemProvider(final AdapterFactory adapterFactory) {
2026-09-08T06:03:17.6680500Z            ^
2026-09-08T06:03:17.6684342Z ##[warning]/home/runner/work/telemetry-availability-identification/telemetry-availability-identification/palladio-source/bundles/org.palladiosimulator.reliability.sensitivity.edit/src/org/palladiosimulator/reliability/sensitivity/provider/CommunicationLinkReliabilityParameterItemProvider.java:61: warning: no @param for object
2026-09-08T06:03:17.6692816Z     protected void addCommunicationLinkResourceSpecification__CommunicationLinkReliabilityParameterPropertyDescriptor(
2026-09-08T06:03:17.6694488Z                    ^
2026-09-08T06:03:17.6914485Z Generating ./org/palladiosimulator/reliability/sensitivity/ComponentReliabilityParameter.html...
2026-09-08T06:03:17.6938202Z ##[warning]/home/runner/work/telemetry-availability-identification/telemetry-availability-identification/palladio-source/bundles/org.palladiosimulator.reliability.sensitivity/src/org/palladiosimulator/reliability/sensitivity/ComponentReliabilityParameter.java:77: warning: no @return
2026-09-08T06:03:17.6965023Z     boolean ComponentReliabilityParameterMustHaveDoubleVariation(DiagnosticChain diagnostics,
2026-09-08T06:03:17.6966334Z             ^
2026-09-08T06:03:17.7055800Z Generating ./org/palladiosimulator/reliability/sensitivity/impl/ComponentReliabilityParameterImpl.html...
2026-09-08T06:03:17.7077585Z ##[warning]/home/runner/work/telemetry-availability-identification/telemetry-availability-identification/palladio-source/bundles/org.palladiosimulator.reliability.sensitivity/src/org/palladiosimulator/reliability/sensitivity/impl/ComponentReliabilityParameterImpl.java:98: warning: no @return
2026-09-08T06:03:17.7081380Z     public BasicComponent basicGetBasicComponent__ComponentReliabilityParameter() {
2026-09-08T06:03:17.7082489Z                           ^
2026-09-08T06:03:17.7488372Z Generating ./org/palladiosimulator/reliability/sensitivity/provider/ComponentReliabilityParameterItemProvider.html...
2026-09-08T06:03:17.7500515Z ##[warning]/home/runner/work/telemetry-availability-identification/telemetry-availability-identification/palladio-source/bundles/org.palladiosimulator.reliability.sensitivity.edit/src/org/palladiosimulator/reliability/sensitivity/provider/ComponentReliabilityParameterItemProvider.java:33: warning: no @param for adapterFactory
2026-09-08T06:03:17.7525308Z     public ComponentReliabilityParameterItemProvider(final AdapterFactory adapterFactory) {
2026-09-08T06:03:17.7539466Z            ^
2026-09-08T06:03:17.7542851Z ##[warning]/home/runner/work/telemetry-availability-identification/telemetry-availability-identification/palladio-source/bundles/org.palladiosimulator.reliability.sensitivity.edit/src/org/palladiosimulator/reliability/sensitivity/provider/ComponentReliabilityParameterItemProvider.java:59: warning: no @param for object
2026-09-08T06:03:17.7549473Z     protected void addBasicComponent__ComponentReliabilityParameterPropertyDescriptor(final Object object) {
2026-09-08T06:03:17.7553595Z                    ^
2026-09-08T06:03:17.7766125Z Generating ./org/palladiosimulator/reliability/sensitivity/DoubleOffsetSequence.html...
2026-09-08T06:03:17.7914027Z Generating ./org/palladiosimulator/reliability/sensitivity/impl/DoubleOffsetSequenceImpl.html...
2026-09-08T06:03:17.7925609Z ##[warning]/home/runner/work/telemetry-availability-identification/telemetry-availability-identification/palladio-source/bundles/org.palladiosimulator.reliability.sensitivity/src/org/palladiosimulator/reliability/sensitivity/impl/SensitivityParameterVariationImpl.java:69: warning: no @param for newSingleSensitivityParameter__SensitivityParameterVariation
2026-09-08T06:03:17.7943393Z     public NotificationChain basicSetSingleSensitivityParameter__SensitivityParameterVariation(
2026-09-08T06:03:17.7974778Z                              ^
2026-09-08T06:03:17.7980074Z ##[warning]/home/runner/work/telemetry-availability-identification/telemetry-availability-identification/palladio-source/bundles/org.palladiosimulator.reliability.sensitivity/src/org/palladiosimulator/reliability/sensitivity/impl/SensitivityParameterVariationImpl.java:69: warning: no @param for msgs
2026-09-08T06:03:17.7984119Z     public NotificationChain basicSetSingleSensitivityParameter__SensitivityParameterVariation(
2026-09-08T06:03:17.7985232Z                              ^
2026-09-08T06:03:17.7988206Z ##[warning]/home/runner/work/telemetry-availability-identification/telemetry-availability-identification/palladio-source/bundles/org.palladiosimulator.reliability.sensitivity/src/org/palladiosimulator/reliability/sensitivity/impl/SensitivityParameterVariationImpl.java:69: warning: no @return
2026-09-08T06:03:17.7991690Z     public NotificationChain basicSetSingleSensitivityParameter__SensitivityParameterVariation(
2026-09-08T06:03:17.7992789Z                              ^
2026-09-08T06:03:17.8267414Z Generating ./org/palladiosimulator/reliability/sensitivity/provider/DoubleOffsetSequenceItemProvider.html...
2026-09-08T06:03:17.8289142Z ##[warning]/home/runner/work/telemetry-availability-identification/telemetry-availability-identification/palladio-source/bundles/org.palladiosimulator.reliability.sensitivity.edit/src/org/palladiosimulator/reliability/sensitivity/provider/SensitivityParameterVariationItemProvider.java:40: warning: no @param for adapterFactory
2026-09-08T06:03:17.8316005Z     public SensitivityParameterVariationItemProvider(final AdapterFactory adapterFactory) {
2026-09-08T06:03:17.8334653Z            ^
2026-09-08T06:03:17.8337958Z ##[warning]/home/runner/work/telemetry-availability-identification/telemetry-availability-identification/palladio-source/bundles/org.palladiosimulator.reliability.sensitivity.edit/src/org/palladiosimulator/reliability/sensitivity/provider/DoubleParameterVariationItemProvider.java:31: warning: no @param for adapterFactory
2026-09-08T06:03:17.8341732Z     public DoubleParameterVariationItemProvider(final AdapterFactory adapterFactory) {
2026-09-08T06:03:17.8342637Z            ^
2026-09-08T06:03:17.8345869Z ##[warning]/home/runner/work/telemetry-availability-identification/telemetry-availability-identification/palladio-source/bundles/org.palladiosimulator.reliability.sensitivity.edit/src/org/palladiosimulator/reliability/sensitivity/provider/DoubleOffsetSequenceItemProvider.java:35: warning: no @param for adapterFactory
2026-09-08T06:03:17.8349484Z     public DoubleOffsetSequenceItemProvider(final AdapterFactory adapterFactory) {
2026-09-08T06:03:17.8350399Z            ^
2026-09-08T06:03:17.8353485Z ##[warning]/home/runner/work/telemetry-availability-identification/telemetry-availability-identification/palladio-source/bundles/org.palladiosimulator.reliability.sensitivity.edit/src/org/palladiosimulator/reliability/sensitivity/provider/DoubleOffsetSequenceItemProvider.java:62: warning: no @param for object
2026-09-08T06:03:17.8357236Z     protected void addOffsetValuesPropertyDescriptor(final Object object) {
2026-09-08T06:03:17.8358122Z                    ^
2026-09-08T06:03:17.8361053Z ##[warning]/home/runner/work/telemetry-availability-identification/telemetry-availability-identification/palladio-source/bundles/org.palladiosimulator.reliability.sensitivity.edit/src/org/palladiosimulator/reliability/sensitivity/provider/DoubleOffsetSequenceItemProvider.java:78: warning: no @param for object
2026-09-08T06:03:17.8365086Z     protected void addDoubleOffsetType__DoubleOffsetSequencePropertyDescriptor(final Object object) {
2026-09-08T06:03:17.8366156Z                    ^
2026-09-08T06:03:17.8580751Z Generating ./org/palladiosimulator/reliability/sensitivity/DoubleOffsetType.html...
2026-09-08T06:03:17.8816759Z Generating ./org/palladiosimulator/reliability/sensitivity/DoubleParameterFunction.html...
2026-09-08T06:03:17.8825843Z Generating ./org/palladiosimulator/reliability/sensitivity/impl/DoubleParameterFunctionImpl.html...
2026-09-08T06:03:17.8977931Z Generating ./org/palladiosimulator/reliability/sensitivity/provider/DoubleParameterFunctionItemProvider.html...
2026-09-08T06:03:17.8985069Z ##[warning]/home/runner/work/telemetry-availability-identification/telemetry-availability-identification/palladio-source/bundles/org.palladiosimulator.reliability.sensitivity.edit/src/org/palladiosimulator/reliability/sensitivity/provider/DoubleParameterFunctionItemProvider.java:31: warning: no @param for adapterFactory
2026-09-08T06:03:17.8989227Z     public DoubleParameterFunctionItemProvider(final AdapterFactory adapterFactory) {
2026-09-08T06:03:17.8990051Z            ^
2026-09-08T06:03:17.9186032Z Generating ./org/palladiosimulator/reliability/sensitivity/DoubleParameterRange.html...
2026-09-08T06:03:17.9341957Z Generating ./org/palladiosimulator/reliability/sensitivity/impl/DoubleParameterRangeImpl.html...
2026-09-08T06:03:17.9746011Z Generating ./org/palladiosimulator/reliability/sensitivity/provider/DoubleParameterRangeItemProvider.html...
2026-09-08T06:03:17.9762294Z ##[warning]/home/runner/work/telemetry-availability-identification/telemetry-availability-identification/palladio-source/bundles/org.palladiosimulator.reliability.sensitivity.edit/src/org/palladiosimulator/reliability/sensitivity/provider/DoubleParameterRangeItemProvider.java:35: warning: no @param for adapterFactory
2026-09-08T06:03:17.9795036Z     public DoubleParameterRangeItemProvider(final AdapterFactory adapterFactory) {
2026-09-08T06:03:17.9796090Z            ^
2026-09-08T06:03:17.9819588Z ##[warning]/home/runner/work/telemetry-availability-identification/telemetry-availability-identification/palladio-source/bundles/org.palladiosimulator.reliability.sensitivity.edit/src/org/palladiosimulator/reliability/sensitivity/provider/DoubleParameterRangeItemProvider.java:65: warning: no @param for object
2026-09-08T06:03:17.9823463Z     protected void addConsiderStepSizePropertyDescriptor(final Object object) {
2026-09-08T06:03:17.9824692Z                    ^
2026-09-08T06:03:17.9827732Z ##[warning]/home/runner/work/telemetry-availability-identification/telemetry-availability-identification/palladio-source/bundles/org.palladiosimulator.reliability.sensitivity.edit/src/org/palladiosimulator/reliability/sensitivity/provider/DoubleParameterRangeItemProvider.java:81: warning: no @param for object
2026-09-08T06:03:17.9832025Z     protected void addFirstValuePropertyDescriptor(final Object object) {
2026-09-08T06:03:17.9832927Z                    ^
2026-09-08T06:03:17.9836120Z ##[warning]/home/runner/work/telemetry-availability-identification/telemetry-availability-identification/palladio-source/bundles/org.palladiosimulator.reliability.sensitivity.edit/src/org/palladiosimulator/reliability/sensitivity/provider/DoubleParameterRangeItemProvider.java:97: warning: no @param for object
2026-09-08T06:03:17.9839827Z     protected void addLastValuePropertyDescriptor(final Object object) {
2026-09-08T06:03:17.9840714Z                    ^
2026-09-08T06:03:17.9843638Z ##[warning]/home/runner/work/telemetry-availability-identification/telemetry-availability-identification/palladio-source/bundles/org.palladiosimulator.reliability.sensitivity.edit/src/org/palladiosimulator/reliability/sensitivity/provider/DoubleParameterRangeItemProvider.java:113: warning: no @param for object
2026-09-08T06:03:17.9852241Z     protected void addStepSizePropertyDescriptor(final Object object) {
2026-09-08T06:03:17.9869787Z                    ^
2026-09-08T06:03:17.9872906Z ##[warning]/home/runner/work/telemetry-availability-identification/telemetry-availability-identification/palladio-source/bundles/org.palladiosimulator.reliability.sensitivity.edit/src/org/palladiosimulator/reliability/sensitivity/provider/DoubleParameterRangeItemProvider.java:129: warning: no @param for object
2026-09-08T06:03:17.9876897Z     protected void addStepCountPropertyDescriptor(final Object object) {
2026-09-08T06:03:17.9894710Z                    ^
2026-09-08T06:03:17.9997924Z Generating ./org/palladiosimulator/reliability/sensitivity/DoubleParameterSequence.html...
2026-09-08T06:03:18.0075322Z Generating ./org/palladiosimulator/reliability/sensitivity/impl/DoubleParameterSequenceImpl.html...
2026-09-08T06:03:18.0395572Z Generating ./org/palladiosimulator/reliability/sensitivity/provider/DoubleParameterSequenceItemProvider.html...
2026-09-08T06:03:18.0399843Z ##[warning]/home/runner/work/telemetry-availability-identification/telemetry-availability-identification/palladio-source/bundles/org.palladiosimulator.reliability.sensitivity.edit/src/org/palladiosimulator/reliability/sensitivity/provider/DoubleParameterSequenceItemProvider.java:35: warning: no @param for adapterFactory
2026-09-08T06:03:18.0425827Z     public DoubleParameterSequenceItemProvider(final AdapterFactory adapterFactory) {
2026-09-08T06:03:18.0426740Z            ^
2026-09-08T06:03:18.0429886Z ##[warning]/home/runner/work/telemetry-availability-identification/telemetry-availability-identification/palladio-source/bundles/org.palladiosimulator.reliability.sensitivity.edit/src/org/palladiosimulator/reliability/sensitivity/provider/DoubleParameterSequenceItemProvider.java:61: warning: no @param for object
2026-09-08T06:03:18.0433568Z     protected void addDoubleValuesPropertyDescriptor(final Object object) {
2026-09-08T06:03:18.0434632Z                    ^
2026-09-08T06:03:18.0674421Z Generating ./org/palladiosimulator/reliability/sensitivity/DoubleParameterVariation.html...
2026-09-08T06:03:18.0709669Z Generating ./org/palladiosimulator/reliability/sensitivity/impl/DoubleParameterVariationImpl.html...
2026-09-08T06:03:18.0829162Z Generating ./org/palladiosimulator/reliability/sensitivity/provider/DoubleParameterVariationItemProvider.html...
2026-09-08T06:03:18.0991320Z Generating ./org/palladiosimulator/reliability/helper/EMFHelper.html...
2026-09-08T06:03:18.1005252Z ##[warning]/home/runner/work/telemetry-availability-identification/telemetry-availability-identification/palladio-source/bundles/org.palladiosimulator.reliability/src/org/palladiosimulator/reliability/helper/EMFHelper.java:120: warning: no description for @param
2026-09-08T06:03:18.1021269Z      * @param fileName
2026-09-08T06:03:18.1024305Z        ^
2026-09-08T06:03:18.1026953Z ##[warning]/home/runner/work/telemetry-availability-identification/telemetry-availability-identification/palladio-source/bundles/org.palladiosimulator.reliability/src/org/palladiosimulator/reliability/helper/EMFHelper.java:121: warning: no description for @param
2026-09-08T06:03:18.1040133Z      * @param eNamespaceURI
2026-09-08T06:03:18.1040776Z        ^
2026-09-08T06:03:18.1043338Z ##[warning]/home/runner/work/telemetry-availability-identification/telemetry-availability-identification/palladio-source/bundles/org.palladiosimulator.reliability/src/org/palladiosimulator/reliability/helper/EMFHelper.java:122: warning: no description for @param
2026-09-08T06:03:18.1049763Z      * @param ePackage
2026-09-08T06:03:18.1050360Z        ^
2026-09-08T06:03:18.1052927Z ##[warning]/home/runner/work/telemetry-availability-identification/telemetry-availability-identification/palladio-source/bundles/org.palladiosimulator.reliability/src/org/palladiosimulator/reliability/helper/EMFHelper.java:123: warning: no description for @return
2026-09-08T06:03:18.1061987Z      * @return
2026-09-08T06:03:18.1062523Z        ^
2026-09-08T06:03:18.1063268Z Generating ./org/palladiosimulator/reliability/markov/Entity.html...
2026-09-08T06:03:18.1184839Z Generating ./org/palladiosimulator/reliability/markov/impl/EntityImpl.html...
2026-09-08T06:03:18.1393266Z Generating ./org/palladiosimulator/reliability/markov/provider/EntityItemProvider.html...
2026-09-08T06:03:18.1416152Z ##[warning]/home/runner/work/telemetry-availability-identification/telemetry-availability-identification/palladio-source/bundles/org.palladiosimulator.reliability.markov.edit/src/org/palladiosimulator/reliability/markov/provider/EntityItemProvider.java:39: warning: no @param for adapterFactory
2026-09-08T06:03:18.1420122Z     public EntityItemProvider(final AdapterFactory adapterFactory) {
2026-09-08T06:03:18.1444504Z            ^
2026-09-08T06:03:18.1479072Z ##[warning]/home/runner/work/telemetry-availability-identification/telemetry-availability-identification/palladio-source/bundles/org.palladiosimulator.reliability.markov.edit/src/org/palladiosimulator/reliability/markov/provider/EntityItemProvider.java:65: warning: no @param for object
2026-09-08T06:03:18.1482713Z     protected void addNamePropertyDescriptor(final Object object) {
2026-09-08T06:03:18.1483582Z                    ^
2026-09-08T06:03:18.1589332Z Generating ./org/palladiosimulator/reliability/solver/pcm2markov/FailureDescription.html...
2026-09-08T06:03:18.1601852Z ##[warning]/home/runner/work/telemetry-availability-identification/telemetry-availability-identification/palladio-source/bundles/org.palladiosimulator.reliability.solver/src/org/palladiosimulator/reliability/solver/pcm2markov/FailureDescription.java:57: warning: no description for @param
2026-09-08T06:03:18.1605729Z      * @param failureProbability
2026-09-08T06:03:18.1606624Z        ^
2026-09-08T06:03:18.1645161Z Generating ./org/palladiosimulator/reliability/sensitivity/FailureDimension.html...
2026-09-08T06:03:18.1784871Z Generating ./org/palladiosimulator/reliability/sensitivity/FailureDimensionResultSpecification.html...
2026-09-08T06:03:18.1860249Z Generating ./org/palladiosimulator/reliability/sensitivity/impl/FailureDimensionResultSpecificationImpl.html...
2026-09-08T06:03:18.2163425Z Generating ./org/palladiosimulator/reliability/sensitivity/provider/FailureDimensionResultSpecificationItemProvider.html...
2026-09-08T06:03:18.2172391Z ##[warning]/home/runner/work/telemetry-availability-identification/telemetry-availability-identification/palladio-source/bundles/org.palladiosimulator.reliability.sensitivity.edit/src/org/palladiosimulator/reliability/sensitivity/provider/SensitivityResultSpecificationItemProvider.java:33: warning: no @param for adapterFactory
2026-09-08T06:03:18.2180016Z     public SensitivityResultSpecificationItemProvider(final AdapterFactory adapterFactory) {
2026-09-08T06:03:18.2181242Z            ^
2026-09-08T06:03:18.2186487Z ##[warning]/home/runner/work/telemetry-availability-identification/telemetry-availability-identification/palladio-source/bundles/org.palladiosimulator.reliability.sensitivity.edit/src/org/palladiosimulator/reliability/sensitivity/provider/FailureDimensionResultSpecificationItemProvider.java:35: warning: no @param for adapterFactory
2026-09-08T06:03:18.2197800Z     public FailureDimensionResultSpecificationItemProvider(final AdapterFactory adapterFactory) {
2026-09-08T06:03:18.2199028Z            ^
2026-09-08T06:03:18.2202221Z ##[warning]/home/runner/work/telemetry-availability-identification/telemetry-availability-identification/palladio-source/bundles/org.palladiosimulator.reliability.sensitivity.edit/src/org/palladiosimulator/reliability/sensitivity/provider/FailureDimensionResultSpecificationItemProvider.java:61: warning: no @param for object
2026-09-08T06:03:18.2210533Z     protected void addFailureDimension__FailureDimensionResultSpecificationPropertyDescriptor(final Object object) {
2026-09-08T06:03:18.2211849Z                    ^
2026-09-08T06:03:18.2359757Z Generating ./org/palladiosimulator/reliability/FailureStatistics.html...
2026-09-08T06:03:18.2375035Z ##[warning]/home/runner/work/telemetry-availability-identification/telemetry-availability-identification/palladio-source/bundles/org.palladiosimulator.reliability/src/org/palladiosimulator/reliability/FailureStatistics.java:196: warning: no @param for failureType
2026-09-08T06:03:18.2389551Z     public long getFailureCount(final FailureType failureType) {
2026-09-08T06:03:18.2390527Z                 ^
2026-09-08T06:03:18.2393298Z ##[warning]/home/runner/work/telemetry-availability-identification/telemetry-availability-identification/palladio-source/bundles/org.palladiosimulator.reliability/src/org/palladiosimulator/reliability/FailureStatistics.java:205: warning: no @param for failureType
2026-09-08T06:03:18.2401684Z     public Bag<MarkovFailureType> getFailureCounters(final FailureType failureType) {
2026-09-08T06:03:18.2402760Z                                   ^
2026-09-08T06:03:18.2405747Z ##[error]/home/runner/work/telemetry-availability-identification/telemetry-availability-identification/palladio-source/bundles/org.palladiosimulator.reliability/src/org/palladiosimulator/reliability/FailureStatistics.java:287: error: @param name not found
2026-09-08T06:03:18.2409977Z      * @param MarkovFailureType
2026-09-08T06:03:18.2431478Z               ^
2026-09-08T06:03:18.2434948Z ##[warning]/home/runner/work/telemetry-availability-identification/telemetry-availability-identification/palladio-source/bundles/org.palladiosimulator.reliability/src/org/palladiosimulator/reliability/FailureStatistics.java:290: warning: no @param for failureKind
2026-09-08T06:03:18.2438693Z     public void increaseFailureCounter(final FailureType failureKind, final MarkovFailureType failureType) {
2026-09-08T06:03:18.2442329Z                 ^
2026-09-08T06:03:18.2445255Z ##[warning]/home/runner/work/telemetry-availability-identification/telemetry-availability-identification/palladio-source/bundles/org.palladiosimulator.reliability/src/org/palladiosimulator/reliability/FailureStatistics.java:290: warning: no @param for failureType
2026-09-08T06:03:18.2454577Z     public void increaseFailureCounter(final FailureType failureKind, final MarkovFailureType failureType) {
2026-09-08T06:03:18.2456901Z                 ^
2026-09-08T06:03:18.2459652Z ##[warning]/home/runner/work/telemetry-availability-identification/telemetry-availability-identification/palladio-source/bundles/org.palladiosimulator.reliability/src/org/palladiosimulator/reliability/FailureStatistics.java:311: warning: no description for @param
2026-09-08T06:03:18.2462695Z      * @param simulationTime
2026-09-08T06:03:18.2463342Z        ^
2026-09-08T06:03:18.2466110Z ##[warning]/home/runner/work/telemetry-availability-identification/telemetry-availability-identification/palladio-source/bundles/org.palladiosimulator.reliability/src/org/palladiosimulator/reliability/FailureStatistics.java:381: warning: no description for @param
2026-09-08T06:03:18.2487376Z      * @param simulationTime
2026-09-08T06:03:18.2488035Z        ^
2026-09-08T06:03:18.2505054Z ##[warning]/home/runner/work/telemetry-availability-identification/telemetry-availability-identification/palladio-source/bundles/org.palladiosimulator.reliability/src/org/palladiosimulator/reliability/FailureStatistics.java:46: warning: no comment
2026-09-08T06:03:18.2508550Z     public enum FailureType {
2026-09-08T06:03:18.2509216Z            ^
2026-09-08T06:03:18.2511764Z ##[warning]/home/runner/work/telemetry-availability-identification/telemetry-availability-identification/palladio-source/bundles/org.palladiosimulator.reliability/src/org/palladiosimulator/reliability/FailureStatistics.java:70: warning: no comment
2026-09-08T06:03:18.2515560Z     public EventProbe<FailureStatistics> getExecutionResultProbe() {
2026-09-08T06:03:18.2529892Z                                          ^
2026-09-08T06:03:18.2532663Z ##[warning]/home/runner/work/telemetry-availability-identification/telemetry-availability-identification/palladio-source/bundles/org.palladiosimulator.reliability/src/org/palladiosimulator/reliability/FailureStatistics.java:295: warning: no comment
2026-09-08T06:03:18.2536252Z     public void recordSuccess() {
2026-09-08T06:03:18.2536953Z                 ^
2026-09-08T06:03:18.2554897Z Generating ./org/palladiosimulator/reliability/FailureStatistics.FailureType.html...
2026-09-08T06:03:18.2566359Z ##[warning]/home/runner/work/telemetry-availability-identification/telemetry-availability-identification/palladio-source/bundles/org.palladiosimulator.reliability/src/org/palladiosimulator/reliability/FailureStatistics.java:47: warning: no comment
2026-09-08T06:03:18.2594584Z         HANDLED, UNHANDLED, TOTAL
2026-09-08T06:03:18.2624662Z         ^
2026-09-08T06:03:18.2627163Z ##[warning]/home/runner/work/telemetry-availability-identification/telemetry-availability-identification/palladio-source/bundles/org.palladiosimulator.reliability/src/org/palladiosimulator/reliability/FailureStatistics.java:47: warning: no comment
2026-09-08T06:03:18.2634967Z         HANDLED, UNHANDLED, TOTAL
2026-09-08T06:03:18.2664631Z                             ^
2026-09-08T06:03:18.2696757Z ##[warning]/home/runner/work/telemetry-availability-identification/telemetry-availability-identification/palladio-source/bundles/org.palladiosimulator.reliability/src/org/palladiosimulator/reliability/FailureStatistics.java:47: warning: no comment
2026-09-08T06:03:18.2715482Z         HANDLED, UNHANDLED, TOTAL
2026-09-08T06:03:18.2724880Z                  ^
2026-09-08T06:03:18.2755044Z Generating ./org/palladiosimulator/reliability/sensitivity/FailureTypeResultSpecification.html...
2026-09-08T06:03:18.2757419Z Generating ./org/palladiosimulator/reliability/sensitivity/impl/FailureTypeResultSpecificationImpl.html...
2026-09-08T06:03:18.2976783Z Generating ./org/palladiosimulator/reliability/sensitivity/provider/FailureTypeResultSpecificationItemProvider.html...
2026-09-08T06:03:18.2985593Z ##[warning]/home/runner/work/telemetry-availability-identification/telemetry-availability-identification/palladio-source/bundles/org.palladiosimulator.reliability.sensitivity.edit/src/org/palladiosimulator/reliability/sensitivity/provider/FailureTypeResultSpecificationItemProvider.java:33: warning: no @param for adapterFactory
2026-09-08T06:03:18.2990950Z     public FailureTypeResultSpecificationItemProvider(final AdapterFactory adapterFactory) {
2026-09-08T06:03:18.2992241Z            ^
2026-09-08T06:03:18.2995664Z ##[warning]/home/runner/work/telemetry-availability-identification/telemetry-availability-identification/palladio-source/bundles/org.palladiosimulator.reliability.sensitivity.edit/src/org/palladiosimulator/reliability/sensitivity/provider/FailureTypeResultSpecificationItemProvider.java:59: warning: no @param for object
2026-09-08T06:03:18.2999813Z     protected void addFailureTypes__FailureTypeResultSpecificationPropertyDescriptor(final Object object) {
2026-09-08T06:03:18.3001057Z                    ^
2026-09-08T06:03:18.3171011Z Generating ./org/palladiosimulator/reliability/sensitivity/HardwareMTTFParameter.html...
2026-09-08T06:03:18.3180080Z ##[warning]/home/runner/work/telemetry-availability-identification/telemetry-availability-identification/palladio-source/bundles/org.palladiosimulator.reliability.sensitivity/src/org/palladiosimulator/reliability/sensitivity/HardwareMTTFParameter.java:36: warning: no @return
2026-09-08T06:03:18.3195309Z     boolean HardwareMTTFParameterMustHaveDoubleVariation(DiagnosticChain diagnostics, Map<Object, Object> context);
2026-09-08T06:03:18.3196716Z             ^
2026-09-08T06:03:18.3233051Z Generating ./org/palladiosimulator/reliability/sensitivity/impl/HardwareMTTFParameterImpl.html...
2026-09-08T06:03:18.3428299Z Generating ./org/palladiosimulator/reliability/sensitivity/provider/HardwareMTTFParameterItemProvider.html...
2026-09-08T06:03:18.3435866Z ##[warning]/home/runner/work/telemetry-availability-identification/telemetry-availability-identification/palladio-source/bundles/org.palladiosimulator.reliability.sensitivity.edit/src/org/palladiosimulator/reliability/sensitivity/provider/HardwareMTTFParameterItemProvider.java:32: warning: no @param for adapterFactory
2026-09-08T06:03:18.3440033Z     public HardwareMTTFParameterItemProvider(final AdapterFactory adapterFactory) {
2026-09-08T06:03:18.3441153Z            ^
2026-09-08T06:03:18.3635087Z Generating ./org/palladiosimulator/reliability/sensitivity/HardwareMTTRParameter.html...
2026-09-08T06:03:18.3648839Z ##[warning]/home/runner/work/telemetry-availability-identification/telemetry-availability-identification/palladio-source/bundles/org.palladiosimulator.reliability.sensitivity/src/org/palladiosimulator/reliability/sensitivity/HardwareMTTRParameter.java:36: warning: no @return
2026-09-08T06:03:18.3651726Z     boolean HardwareMTTRParameterMustHaveDoubleVariation(DiagnosticChain diagnostics, Map<Object, Object> context);
2026-09-08T06:03:18.3652313Z             ^
2026-09-08T06:03:18.3724161Z Generating ./org/palladiosimulator/reliability/sensitivity/impl/HardwareMTTRParameterImpl.html...
2026-09-08T06:03:18.3895074Z Generating ./org/palladiosimulator/reliability/sensitivity/provider/HardwareMTTRParameterItemProvider.html...
2026-09-08T06:03:18.3918247Z ##[warning]/home/runner/work/telemetry-availability-identification/telemetry-availability-identification/palladio-source/bundles/org.palladiosimulator.reliability.sensitivity.edit/src/org/palladiosimulator/reliability/sensitivity/provider/HardwareMTTRParameterItemProvider.java:32: warning: no @param for adapterFactory
2026-09-08T06:03:18.3927304Z     public HardwareMTTRParameterItemProvider(final AdapterFactory adapterFactory) {
2026-09-08T06:03:18.3945001Z            ^
2026-09-08T06:03:18.4066737Z Generating ./org/palladiosimulator/reliability/IFailureStatisticsListener.html...
2026-09-08T06:03:18.4083307Z ##[warning]/home/runner/work/telemetry-availability-identification/telemetry-availability-identification/palladio-source/bundles/org.palladiosimulator.reliability/src/org/palladiosimulator/reliability/IFailureStatisticsListener.java:3: warning: no comment
2026-09-08T06:03:18.4086760Z public interface IFailureStatisticsListener {
2026-09-08T06:03:18.4087645Z        ^
2026-09-08T06:03:18.4090045Z ##[warning]/home/runner/work/telemetry-availability-identification/telemetry-availability-identification/palladio-source/bundles/org.palladiosimulator.reliability/src/org/palladiosimulator/reliability/IFailureStatisticsListener.java:5: warning: no comment
2026-09-08T06:03:18.4093374Z     public abstract void executionResultRecorder(MarkovFailureType failureType);
2026-09-08T06:03:18.4094639Z                          ^
2026-09-08T06:03:18.4096161Z Generating ./org/palladiosimulator/reliability/sensitivity/InternalActionReliabilityParameter.html...
2026-09-08T06:03:18.4111968Z ##[warning]/home/runner/work/telemetry-availability-identification/telemetry-availability-identification/palladio-source/bundles/org.palladiosimulator.reliability.sensitivity/src/org/palladiosimulator/reliability/sensitivity/InternalActionReliabilityParameter.java:118: warning: no @return
2026-09-08T06:03:18.4116088Z     boolean InternalActionReliabilityParameterMustHaveDoubleVariation(DiagnosticChain diagnostics,
2026-09-08T06:03:18.4117582Z             ^
2026-09-08T06:03:18.4188655Z Generating ./org/palladiosimulator/reliability/sensitivity/impl/InternalActionReliabilityParameterImpl.html...
2026-09-08T06:03:18.4217247Z ##[warning]/home/runner/work/telemetry-availability-identification/telemetry-availability-identification/palladio-source/bundles/org.palladiosimulator.reliability.sensitivity/src/org/palladiosimulator/reliability/sensitivity/impl/InternalActionReliabilityParameterImpl.java:114: warning: no @return
2026-09-08T06:03:18.4221273Z     public SoftwareInducedFailureType basicGetSoftwareInducedFailureType__InternalActionReliabilityParameter() {
2026-09-08T06:03:18.4222641Z                                       ^
2026-09-08T06:03:18.4226018Z ##[warning]/home/runner/work/telemetry-availability-identification/telemetry-availability-identification/palladio-source/bundles/org.palladiosimulator.reliability.sensitivity/src/org/palladiosimulator/reliability/sensitivity/impl/InternalActionReliabilityParameterImpl.java:165: warning: no @return
2026-09-08T06:03:18.4229759Z     public InternalAction basicGetInternalAction__InternalActionReliabilityParameter() {
2026-09-08T06:03:18.4230832Z                           ^
2026-09-08T06:03:18.4591871Z Generating ./org/palladiosimulator/reliability/sensitivity/provider/InternalActionReliabilityParameterItemProvider.html...
2026-09-08T06:03:18.4600697Z ##[warning]/home/runner/work/telemetry-availability-identification/telemetry-availability-identification/palladio-source/bundles/org.palladiosimulator.reliability.sensitivity.edit/src/org/palladiosimulator/reliability/sensitivity/provider/InternalActionReliabilityParameterItemProvider.java:33: warning: no @param for adapterFactory
2026-09-08T06:03:18.4610496Z     public InternalActionReliabilityParameterItemProvider(final AdapterFactory adapterFactory) {
2026-09-08T06:03:18.4611756Z            ^
2026-09-08T06:03:18.4615093Z ##[warning]/home/runner/work/telemetry-availability-identification/telemetry-availability-identification/palladio-source/bundles/org.palladiosimulator.reliability.sensitivity.edit/src/org/palladiosimulator/reliability/sensitivity/provider/InternalActionReliabilityParameterItemProvider.java:60: warning: no @param for object
2026-09-08T06:03:18.4643500Z     protected void addSoftwareInducedFailureType__InternalActionReliabilityParameterPropertyDescriptor(
2026-09-08T06:03:18.4645441Z                    ^
2026-09-08T06:03:18.4648488Z ##[warning]/home/runner/work/telemetry-availability-identification/telemetry-availability-identification/palladio-source/bundles/org.palladiosimulator.reliability.sensitivity.edit/src/org/palladiosimulator/reliability/sensitivity/provider/InternalActionReliabilityParameterItemProvider.java:79: warning: no @param for object
2026-09-08T06:03:18.4652546Z     protected void addInternalAction__InternalActionReliabilityParameterPropertyDescriptor(final Object object) {
2026-09-08T06:03:18.4653809Z                    ^
2026-09-08T06:03:18.4785831Z Generating ./org/palladiosimulator/reliability/solver/Inverse.html...
2026-09-08T06:03:18.4789484Z ##[warning]/home/runner/work/telemetry-availability-identification/telemetry-availability-identification/palladio-source/bundles/org.palladiosimulator.reliability.solver/src/org/palladiosimulator/reliability/solver/Inverse.java:22: warning: no comment
2026-09-08T06:03:18.4796492Z public class Inverse {
2026-09-08T06:03:18.4797114Z        ^
2026-09-08T06:03:18.4799501Z ##[warning]/home/runner/work/telemetry-availability-identification/telemetry-availability-identification/palladio-source/bundles/org.palladiosimulator.reliability.solver/src/org/palladiosimulator/reliability/solver/Inverse.java:24: warning: no comment
2026-09-08T06:03:18.4802686Z     public static void gaussian(final double a[][], final int index[]) {
2026-09-08T06:03:18.4803563Z                        ^
2026-09-08T06:03:18.4806260Z ##[warning]/home/runner/work/telemetry-availability-identification/telemetry-availability-identification/palladio-source/bundles/org.palladiosimulator.reliability.solver/src/org/palladiosimulator/reliability/solver/Inverse.java:79: warning: no comment
2026-09-08T06:03:18.4809609Z     public static double[][] invert(final double a[][]) {
2026-09-08T06:03:18.4810402Z                              ^
2026-09-08T06:03:18.4811972Z Generating ./org/palladiosimulator/reliability/markov/Label.html...
2026-09-08T06:03:18.4881625Z Generating ./org/palladiosimulator/reliability/markov/impl/LabelImpl.html...
2026-09-08T06:03:18.5082758Z Generating ./org/palladiosimulator/reliability/markov/provider/LabelItemProvider.html...
2026-09-08T06:03:18.5090687Z ##[warning]/home/runner/work/telemetry-availability-identification/telemetry-availability-identification/palladio-source/bundles/org.palladiosimulator.reliability.markov.edit/src/org/palladiosimulator/reliability/markov/provider/LabelItemProvider.java:39: warning: no @param for adapterFactory
2026-09-08T06:03:18.5095580Z     public LabelItemProvider(final AdapterFactory adapterFactory) {
2026-09-08T06:03:18.5096759Z            ^
2026-09-08T06:03:18.5099529Z ##[warning]/home/runner/work/telemetry-availability-identification/telemetry-availability-identification/palladio-source/bundles/org.palladiosimulator.reliability.markov.edit/src/org/palladiosimulator/reliability/markov/provider/LabelItemProvider.java:66: warning: no @param for object
2026-09-08T06:03:18.5103155Z     protected void addKeyPropertyDescriptor(final Object object) {
2026-09-08T06:03:18.5104267Z                    ^
2026-09-08T06:03:18.5107033Z ##[warning]/home/runner/work/telemetry-availability-identification/telemetry-availability-identification/palladio-source/bundles/org.palladiosimulator.reliability.markov.edit/src/org/palladiosimulator/reliability/markov/provider/LabelItemProvider.java:81: warning: no @param for object
2026-09-08T06:03:18.5110491Z     protected void addValuePropertyDescriptor(final Object object) {
2026-09-08T06:03:18.5111352Z                    ^
2026-09-08T06:03:18.5242457Z Generating ./org/palladiosimulator/reliability/markov/presentation/MarkovActionBarContributor.html...
2026-09-08T06:03:18.5268041Z ##[warning]/home/runner/work/telemetry-availability-identification/telemetry-availability-identification/palladio-source/bundles/org.palladiosimulator.reliability.markov.editor/src/org/palladiosimulator/reliability/markov/presentation/MarkovActionBarContributor.java:313: warning: no @param for descriptors
2026-09-08T06:03:18.5293049Z     protected Collection<IAction> generateCreateChildActions(final Collection<?> descriptors, final ISelection selection) {
2026-09-08T06:03:18.5294829Z                                   ^
2026-09-08T06:03:18.5298025Z ##[warning]/home/runner/work/telemetry-availability-identification/telemetry-availability-identification/palladio-source/bundles/org.palladiosimulator.reliability.markov.editor/src/org/palladiosimulator/reliability/markov/presentation/MarkovActionBarContributor.java:313: warning: no @param for selection
2026-09-08T06:03:18.5325458Z     protected Collection<IAction> generateCreateChildActions(final Collection<?> descriptors, final ISelection selection) {
2026-09-08T06:03:18.5354593Z                                   ^
2026-09-08T06:03:18.5360985Z ##[warning]/home/runner/work/telemetry-availability-identification/telemetry-availability-identification/palladio-source/bundles/org.palladiosimulator.reliability.markov.editor/src/org/palladiosimulator/reliability/markov/presentation/MarkovActionBarContributor.java:313: warning: no @return
2026-09-08T06:03:18.5395166Z     protected Collection<IAction> generateCreateChildActions(final Collection<?> descriptors, final ISelection selection) {
2026-09-08T06:03:18.5424430Z                                   ^
2026-09-08T06:03:18.5447895Z ##[warning]/home/runner/work/telemetry-availability-identification/telemetry-availability-identification/palladio-source/bundles/org.palladiosimulator.reliability.markov.editor/src/org/palladiosimulator/reliability/markov/presentation/MarkovActionBarContributor.java:332: warning: no @param for descriptors
2026-09-08T06:03:18.5452258Z     protected Collection<IAction> generateCreateSiblingActions(final Collection<?> descriptors,
2026-09-08T06:03:18.5454521Z                                   ^
2026-09-08T06:03:18.5457563Z ##[warning]/home/runner/work/telemetry-availability-identification/telemetry-availability-identification/palladio-source/bundles/org.palladiosimulator.reliability.markov.editor/src/org/palladiosimulator/reliability/markov/presentation/MarkovActionBarContributor.java:332: warning: no @param for selection
2026-09-08T06:03:18.5464400Z     protected Collection<IAction> generateCreateSiblingActions(final Collection<?> descriptors,
2026-09-08T06:03:18.5465537Z                                   ^
2026-09-08T06:03:18.5468428Z ##[warning]/home/runner/work/telemetry-availability-identification/telemetry-availability-identification/palladio-source/bundles/org.palladiosimulator.reliability.markov.editor/src/org/palladiosimulator/reliability/markov/presentation/MarkovActionBarContributor.java:332: warning: no @return
2026-09-08T06:03:18.5472180Z     protected Collection<IAction> generateCreateSiblingActions(final Collection<?> descriptors,
2026-09-08T06:03:18.5473272Z                                   ^
2026-09-08T06:03:18.5476414Z ##[warning]/home/runner/work/telemetry-availability-identification/telemetry-availability-identification/palladio-source/bundles/org.palladiosimulator.reliability.markov.editor/src/org/palladiosimulator/reliability/markov/presentation/MarkovActionBarContributor.java:355: warning: no @param for manager
2026-09-08T06:03:18.5480365Z     protected void populateManager(final IContributionManager manager, final Collection<? extends IAction> actions,
2026-09-08T06:03:18.5481655Z                    ^
2026-09-08T06:03:18.5484719Z ##[warning]/home/runner/work/telemetry-availability-identification/telemetry-availability-identification/palladio-source/bundles/org.palladiosimulator.reliability.markov.editor/src/org/palladiosimulator/reliability/markov/presentation/MarkovActionBarContributor.java:355: warning: no @param for actions
2026-09-08T06:03:18.5488837Z     protected void populateManager(final IContributionManager manager, final Collection<? extends IAction> actions,
2026-09-08T06:03:18.5490225Z                    ^
2026-09-08T06:03:18.5493382Z ##[warning]/home/runner/work/telemetry-availability-identification/telemetry-availability-identification/palladio-source/bundles/org.palladiosimulator.reliability.markov.editor/src/org/palladiosimulator/reliability/markov/presentation/MarkovActionBarContributor.java:355: warning: no @param for contributionID
2026-09-08T06:03:18.5497519Z     protected void populateManager(final IContributionManager manager, final Collection<? extends IAction> actions,
2026-09-08T06:03:18.5498733Z                    ^
2026-09-08T06:03:18.5501623Z ##[warning]/home/runner/work/telemetry-availability-identification/telemetry-availability-identification/palladio-source/bundles/org.palladiosimulator.reliability.markov.editor/src/org/palladiosimulator/reliability/markov/presentation/MarkovActionBarContributor.java:381: warning: no @param for manager
2026-09-08T06:03:18.5505817Z     protected void depopulateManager(final IContributionManager manager, final Collection<? extends IAction> actions) {
2026-09-08T06:03:18.5507131Z                    ^
2026-09-08T06:03:18.5510117Z ##[warning]/home/runner/work/telemetry-availability-identification/telemetry-availability-identification/palladio-source/bundles/org.palladiosimulator.reliability.markov.editor/src/org/palladiosimulator/reliability/markov/presentation/MarkovActionBarContributor.java:381: warning: no @param for actions
2026-09-08T06:03:18.5514232Z     protected void depopulateManager(final IContributionManager manager, final Collection<? extends IAction> actions) {
2026-09-08T06:03:18.5515463Z                    ^
2026-09-08T06:03:18.5516391Z Generating ./org/palladiosimulator/reliability/markov/util/MarkovAdapterFactory.html...
2026-09-08T06:03:18.5568609Z Generating ./org/palladiosimulator/reliability/solver/pcm2markov/MarkovBuilder.html...
2026-09-08T06:03:18.5784652Z Generating ./org/palladiosimulator/reliability/markov/MarkovChain.html...
2026-09-08T06:03:18.5861798Z Generating ./org/palladiosimulator/reliability/markov/impl/MarkovChainImpl.html...
2026-09-08T06:03:18.6077777Z Generating ./org/palladiosimulator/reliability/markov/provider/MarkovChainItemProvider.html...
2026-09-08T06:03:18.6085858Z ##[warning]/home/runner/work/telemetry-availability-identification/telemetry-availability-identification/palladio-source/bundles/org.palladiosimulator.reliability.markov.edit/src/org/palladiosimulator/reliability/markov/provider/MarkovChainItemProvider.java:32: warning: no @param for adapterFactory
2026-09-08T06:03:18.6112370Z     public MarkovChainItemProvider(final AdapterFactory adapterFactory) {
2026-09-08T06:03:18.6113595Z            ^
2026-09-08T06:03:18.6268552Z Generating ./org/palladiosimulator/reliability/markov/presentation/MarkovEditor.html...
2026-09-08T06:03:18.6309258Z ##[warning]/home/runner/work/telemetry-availability-identification/telemetry-availability-identification/palladio-source/bundles/org.palladiosimulator.reliability.markov.editor/src/org/palladiosimulator/reliability/markov/presentation/MarkovEditor.java:703: warning: no @return
2026-09-08T06:03:18.6322870Z      protected boolean handleDirtyConflict() {
2026-09-08T06:03:18.6332978Z                        ^
2026-09-08T06:03:18.6336434Z ##[warning]/home/runner/work/telemetry-availability-identification/telemetry-availability-identification/palladio-source/bundles/org.palladiosimulator.reliability.markov.editor/src/org/palladiosimulator/reliability/markov/presentation/MarkovEditor.java:806: warning: no @param for collection
2026-09-08T06:03:18.6340083Z      public void setSelectionToViewer(final Collection<?> collection) {
2026-09-08T06:03:18.6340978Z                  ^
2026-09-08T06:03:18.6343735Z ##[warning]/home/runner/work/telemetry-availability-identification/telemetry-availability-identification/palladio-source/bundles/org.palladiosimulator.reliability.markov.editor/src/org/palladiosimulator/reliability/markov/presentation/MarkovEditor.java:909: warning: no @param for viewerPane
2026-09-08T06:03:18.6347525Z      public void setCurrentViewerPane(final ViewerPane viewerPane) {
2026-09-08T06:03:18.6348421Z                  ^
2026-09-08T06:03:18.6351469Z ##[warning]/home/runner/work/telemetry-availability-identification/telemetry-availability-identification/palladio-source/bundles/org.palladiosimulator.reliability.markov.editor/src/org/palladiosimulator/reliability/markov/presentation/MarkovEditor.java:927: warning: no @param for viewer
2026-09-08T06:03:18.6358153Z      public void setCurrentViewer(final Viewer viewer) {
2026-09-08T06:03:18.6360846Z                  ^
2026-09-08T06:03:18.6363665Z ##[warning]/home/runner/work/telemetry-availability-identification/telemetry-availability-identification/palladio-source/bundles/org.palladiosimulator.reliability.markov.editor/src/org/palladiosimulator/reliability/markov/presentation/MarkovEditor.java:991: warning: no @param for viewer
2026-09-08T06:03:18.6367257Z      protected void createContextMenuFor(final StructuredViewer viewer) {
2026-09-08T06:03:18.6368168Z                     ^
2026-09-08T06:03:18.6370915Z ##[warning]/home/runner/work/telemetry-availability-identification/telemetry-availability-identification/palladio-source/bundles/org.palladiosimulator.reliability.markov.editor/src/org/palladiosimulator/reliability/markov/presentation/MarkovEditor.java:1043: warning: no @param for resource
2026-09-08T06:03:18.6374771Z      public Diagnostic analyzeResourceProblems(final Resource resource, final Exception exception) {
2026-09-08T06:03:18.6375935Z                        ^
2026-09-08T06:03:18.6378601Z ##[warning]/home/runner/work/telemetry-availability-identification/telemetry-availability-identification/palladio-source/bundles/org.palladiosimulator.reliability.markov.editor/src/org/palladiosimulator/reliability/markov/presentation/MarkovEditor.java:1043: warning: no @param for exception
2026-09-08T06:03:18.6382206Z      public Diagnostic analyzeResourceProblems(final Resource resource, final Exception exception) {
2026-09-08T06:03:18.6383691Z                        ^
2026-09-08T06:03:18.6745759Z Generating ./org/palladiosimulator/reliability/markov/presentation/MarkovEditor.ReverseAdapterFactoryContentProvider.html...
2026-09-08T06:03:18.6829760Z Generating ./org/palladiosimulator/reliability/markov/presentation/MarkovEditorPlugin.html...
2026-09-08T06:03:18.6898891Z Generating ./org/palladiosimulator/reliability/markov/presentation/MarkovEditorPlugin.Implementation.html...
2026-09-08T06:03:18.6957193Z Generating ./org/palladiosimulator/reliability/markov/provider/MarkovEditPlugin.html...
2026-09-08T06:03:18.7017475Z Generating ./org/palladiosimulator/reliability/markov/provider/MarkovEditPlugin.Implementation.html...
2026-09-08T06:03:18.7056580Z Generating ./org/palladiosimulator/reliability/MarkovEvaluationType.html...
2026-09-08T06:03:18.7108738Z Generating ./org/palladiosimulator/reliability/solver/pcm2markov/MarkovException.html...
2026-09-08T06:03:18.7151568Z Generating ./org/palladiosimulator/reliability/markov/MarkovFactory.html...
2026-09-08T06:03:18.7211269Z Generating ./org/palladiosimulator/reliability/markov/impl/MarkovFactoryImpl.html...
2026-09-08T06:03:18.7462221Z Generating ./org/palladiosimulator/reliability/MarkovFailureType.html...
2026-09-08T06:03:18.7554178Z Generating ./org/palladiosimulator/reliability/helper/MarkovFailureTypeHelper.html...
2026-09-08T06:03:18.7588692Z Generating ./org/palladiosimulator/reliability/MarkovHardwareInducedFailureType.html...
2026-09-08T06:03:18.7661422Z Generating ./org/palladiosimulator/reliability/markov/provider/MarkovItemProviderAdapterFactory.html...
2026-09-08T06:03:18.7855359Z Generating ./org/palladiosimulator/reliability/markov/presentation/MarkovModelWizard.html...
2026-09-08T06:03:18.7964678Z Generating ./org/palladiosimulator/reliability/markov/presentation/MarkovModelWizard.MarkovModelWizardInitialObjectCreationPage.html...
2026-09-08T06:03:18.8064124Z Generating ./org/palladiosimulator/reliability/markov/presentation/MarkovModelWizard.MarkovModelWizardNewFileCreationPage.html...
2026-09-08T06:03:18.8128665Z Generating ./org/palladiosimulator/reliability/MarkovNetworkInducedFailureType.html...
2026-09-08T06:03:18.8193596Z Generating ./org/palladiosimulator/reliability/markov/MarkovPackage.html...
2026-09-08T06:03:18.8626568Z Generating ./org/palladiosimulator/reliability/markov/MarkovPackage.Literals.html...
2026-09-08T06:03:18.8728697Z Generating ./org/palladiosimulator/reliability/markov/impl/MarkovPackageImpl.html...
2026-09-08T06:03:18.9092378Z Generating ./org/palladiosimulator/reliability/solver/pcm2markov/MarkovResourceState.html...
2026-09-08T06:03:18.9133552Z Generating ./org/palladiosimulator/reliability/MarkovResourceTimeoutFailureType.html...
2026-09-08T06:03:18.9188544Z Generating ./org/palladiosimulator/reliability/solver/pcm2markov/MarkovResourceType.html...
2026-09-08T06:03:18.9233740Z Generating ./org/palladiosimulator/reliability/solver/pcm2markov/MarkovResultApproximation.html...
2026-09-08T06:03:18.9251367Z Generating ./org/palladiosimulator/reliability/solver/pcm2markov/MarkovSeffVisitor.html...
2026-09-08T06:03:18.9292795Z ##[error]/home/runner/work/telemetry-availability-identification/telemetry-availability-identification/palladio-source/bundles/org.palladiosimulator.reliability.solver/src/org/palladiosimulator/reliability/solver/pcm2markov/MarkovSeffVisitor.java:465: error: reference not found
2026-09-08T06:03:18.9297253Z      * Chain is generated by {@link MarkovSeffVisitor.createExternalCallActionChain}. If an retry
2026-09-08T06:03:18.9298351Z                                     ^
2026-09-08T06:03:18.9394403Z Generating ./org/palladiosimulator/reliability/MarkovSoftwareInducedFailureType.html...
2026-09-08T06:03:18.9484901Z Generating ./org/palladiosimulator/reliability/solver/MarkovSolver.html...
2026-09-08T06:03:18.9544981Z Generating ./org/palladiosimulator/reliability/markov/util/MarkovSwitch.html...
2026-09-08T06:03:18.9605142Z Generating ./org/palladiosimulator/reliability/solver/pcm2markov/MarkovTransformation.html...
2026-09-08T06:03:18.9634918Z Generating ./org/palladiosimulator/reliability/solver/pcm2markov/MarkovTransformationResult.html...
2026-09-08T06:03:18.9684629Z Generating ./org/palladiosimulator/reliability/solver/pcm2markov/MarkovTransformationSource.html...
2026-09-08T06:03:18.9697421Z ##[error]/home/runner/work/telemetry-availability-identification/telemetry-availability-identification/palladio-source/bundles/org.palladiosimulator.reliability.solver/src/org/palladiosimulator/reliability/solver/pcm2markov/MarkovTransformationSource.java:237: error: @param name not found
2026-09-08T06:03:18.9700796Z      * @param descriptors
2026-09-08T06:03:18.9701391Z               ^
2026-09-08T06:03:18.9726860Z Generating ./org/palladiosimulator/reliability/solver/pcm2markov/MarkovUsageModelVisitor.html...
2026-09-08T06:03:18.9808847Z Generating ./org/palladiosimulator/reliability/sensitivity/NetworkReliabilityParameter.html...
2026-09-08T06:03:18.9854498Z Generating ./org/palladiosimulator/reliability/sensitivity/impl/NetworkReliabilityParameterImpl.html...
2026-09-08T06:03:19.0012196Z Generating ./org/palladiosimulator/reliability/sensitivity/provider/NetworkReliabilityParameterItemProvider.html...
2026-09-08T06:03:19.0186075Z Generating ./org/palladiosimulator/reliability/solver/runconfig/OptionsTab.html...
2026-09-08T06:03:19.0274399Z Generating ./org/palladiosimulator/reliability/solver/pcm2markov/Pcm2MarkovStrategy.html...
2026-09-08T06:03:19.0330249Z Generating ./org/palladiosimulator/reliability/solver/runconfig/PCMSolverReliabilityConfigurationBasedConfigBuilder.html...
2026-09-08T06:03:19.0386517Z Generating ./org/palladiosimulator/reliability/solver/runconfig/PCMSolverReliabilityJob.html...
2026-09-08T06:03:19.0529847Z Generating ./org/palladiosimulator/reliability/solver/runconfig/PCMSolverReliabilityLaunchConfigurationDelegate.html...
2026-09-08T06:03:19.0618510Z Generating ./org/palladiosimulator/reliability/solver/runconfig/PCMSolverReliabilityTabGroup.html...
2026-09-08T06:03:19.0656805Z Generating ./org/palladiosimulator/reliability/sensitivity/ProbabilisticBranchParameter.html...
2026-09-08T06:03:19.0716236Z Generating ./org/palladiosimulator/reliability/sensitivity/impl/ProbabilisticBranchParameterImpl.html...
2026-09-08T06:03:19.0946659Z Generating ./org/palladiosimulator/reliability/sensitivity/provider/ProbabilisticBranchParameterItemProvider.html...
2026-09-08T06:03:19.1080366Z Generating ./org/palladiosimulator/reliability/solver/pcm2markov/ProcessingResourceDescriptor.html...
2026-09-08T06:03:19.1145158Z Generating ./org/palladiosimulator/reliability/solver/runconfig/ReliabilityConfigurationTab.html...
2026-09-08T06:03:19.1228909Z Generating ./org/palladiosimulator/reliability/solver/runconfig/ReliabilityWorkflowJobBuilder.html...
2026-09-08T06:03:19.1258153Z Generating ./org/palladiosimulator/reliability/sensitivity/ResourceMTTFParameter.html...
2026-09-08T06:03:19.1341448Z Generating ./org/palladiosimulator/reliability/sensitivity/impl/ResourceMTTFParameterImpl.html...
2026-09-08T06:03:19.1596549Z Generating ./org/palladiosimulator/reliability/sensitivity/provider/ResourceMTTFParameterItemProvider.html...
2026-09-08T06:03:19.1742623Z Generating ./org/palladiosimulator/reliability/sensitivity/ResourceMTTRParameter.html...
2026-09-08T06:03:19.1819859Z Generating ./org/palladiosimulator/reliability/sensitivity/impl/ResourceMTTRParameterImpl.html...
2026-09-08T06:03:19.2105393Z Generating ./org/palladiosimulator/reliability/sensitivity/provider/ResourceMTTRParameterItemProvider.html...
2026-09-08T06:03:19.2286310Z Generating ./org/palladiosimulator/reliability/solver/runconfig/RunPCMReliabilityAnalysisJob.html...
2026-09-08T06:03:19.2351632Z Generating ./org/palladiosimulator/reliability/sensitivity/presentation/SensitivityActionBarContributor.html...
2026-09-08T06:03:19.2547083Z Generating ./org/palladiosimulator/reliability/sensitivity/util/SensitivityAdapterFactory.html...
2026-09-08T06:03:19.2820673Z Generating ./org/palladiosimulator/reliability/sensitivity/SensitivityConfiguration.html...
2026-09-08T06:03:19.2898849Z Generating ./org/palladiosimulator/reliability/sensitivity/impl/SensitivityConfigurationImpl.html...
2026-09-08T06:03:19.3147412Z Generating ./org/palladiosimulator/reliability/sensitivity/provider/SensitivityConfigurationItemProvider.html...
2026-09-08T06:03:19.3322332Z Generating ./org/palladiosimulator/reliability/sensitivity/presentation/SensitivityEditor.html...
2026-09-08T06:03:19.3678464Z Generating ./org/palladiosimulator/reliability/sensitivity/presentation/SensitivityEditor.ReverseAdapterFactoryContentProvider.html...
2026-09-08T06:03:19.3735542Z Generating ./org/palladiosimulator/reliability/sensitivity/presentation/SensitivityEditorPlugin.html...
2026-09-08T06:03:19.3783184Z Generating ./org/palladiosimulator/reliability/sensitivity/presentation/SensitivityEditorPlugin.Implementation.html...
2026-09-08T06:03:19.3819887Z Generating ./org/palladiosimulator/reliability/sensitivity/provider/SensitivityEditPlugin.html...
2026-09-08T06:03:19.3864387Z Generating ./org/palladiosimulator/reliability/sensitivity/provider/SensitivityEditPlugin.Implementation.html...
2026-09-08T06:03:19.3892163Z Generating ./org/palladiosimulator/reliability/sensitivity/SensitivityFactory.html...
2026-09-08T06:03:19.3983604Z Generating ./org/palladiosimulator/reliability/sensitivity/impl/SensitivityFactoryImpl.html...
2026-09-08T06:03:19.4312500Z Generating ./org/palladiosimulator/reliability/sensitivity/provider/SensitivityItemProviderAdapterFactory.html...
2026-09-08T06:03:19.4780743Z Generating ./org/palladiosimulator/reliability/sensitivity/presentation/SensitivityModelWizard.html...
2026-09-08T06:03:19.4876460Z Generating ./org/palladiosimulator/reliability/sensitivity/presentation/SensitivityModelWizard.SensitivityModelWizardInitialObjectCreationPage.html...
2026-09-08T06:03:19.4944684Z Generating ./org/palladiosimulator/reliability/sensitivity/presentation/SensitivityModelWizard.SensitivityModelWizardNewFileCreationPage.html...
2026-09-08T06:03:19.5004945Z Generating ./org/palladiosimulator/reliability/sensitivity/SensitivityPackage.html...
2026-09-08T06:03:19.6080122Z Generating ./org/palladiosimulator/reliability/sensitivity/SensitivityPackage.Literals.html...
2026-09-08T06:03:19.6108899Z ##[error]/home/runner/work/telemetry-availability-identification/telemetry-availability-identification/palladio-source/bundles/org.palladiosimulator.reliability.sensitivity/src/org/palladiosimulator/reliability/sensitivity/SensitivityPackage.java:2757: error: syntax error in reference
2026-09-08T06:03:19.6113049Z          * @see org.palladiosimulator.reliability.sensitivity.impl.
2026-09-08T06:03:19.6114231Z            ^
2026-09-08T06:03:19.6127799Z ##[error]/home/runner/work/telemetry-availability-identification/telemetry-availability-identification/palladio-source/bundles/org.palladiosimulator.reliability.sensitivity/src/org/palladiosimulator/reliability/sensitivity/SensitivityPackage.java:2947: error: syntax error in reference
2026-09-08T06:03:19.6142868Z          * @see org.palladiosimulator.reliability.sensitivity.impl.
2026-09-08T06:03:19.6143819Z            ^
2026-09-08T06:03:19.6146918Z ##[error]/home/runner/work/telemetry-availability-identification/telemetry-availability-identification/palladio-source/bundles/org.palladiosimulator.reliability.sensitivity/src/org/palladiosimulator/reliability/sensitivity/SensitivityPackage.java:3098: error: syntax error in reference
2026-09-08T06:03:19.6150389Z          * @see org.palladiosimulator.reliability.sensitivity.impl.
2026-09-08T06:03:19.6151242Z            ^
2026-09-08T06:03:19.6157843Z ##[error]/home/runner/work/telemetry-availability-identification/telemetry-availability-identification/palladio-source/bundles/org.palladiosimulator.reliability.sensitivity/src/org/palladiosimulator/reliability/sensitivity/SensitivityPackage.java:3272: error: syntax error in reference
2026-09-08T06:03:19.6162891Z          * @see org.palladiosimulator.reliability.sensitivity.impl.
2026-09-08T06:03:19.6163780Z            ^
2026-09-08T06:03:19.6167184Z ##[error]/home/runner/work/telemetry-availability-identification/telemetry-availability-identification/palladio-source/bundles/org.palladiosimulator.reliability.sensitivity/src/org/palladiosimulator/reliability/sensitivity/SensitivityPackage.java:3295: error: syntax error in reference
2026-09-08T06:03:19.6170648Z          * @see org.palladiosimulator.reliability.sensitivity.impl.
2026-09-08T06:03:19.6171511Z            ^
2026-09-08T06:03:19.6458697Z Generating ./org/palladiosimulator/reliability/sensitivity/impl/SensitivityPackageImpl.html...
2026-09-08T06:03:19.7184852Z Generating ./org/palladiosimulator/reliability/sensitivity/SensitivityParameter.html...
2026-09-08T06:03:19.7268622Z Generating ./org/palladiosimulator/reliability/sensitivity/impl/SensitivityParameterImpl.html...
2026-09-08T06:03:19.7478662Z Generating ./org/palladiosimulator/reliability/sensitivity/provider/SensitivityParameterItemProvider.html...
2026-09-08T06:03:19.7580976Z Generating ./org/palladiosimulator/reliability/sensitivity/SensitivityParameterVariation.html...
2026-09-08T06:03:19.7620456Z Generating ./org/palladiosimulator/reliability/sensitivity/impl/SensitivityParameterVariationImpl.html...
2026-09-08T06:03:19.7734831Z Generating ./org/palladiosimulator/reliability/sensitivity/provider/SensitivityParameterVariationItemProvider.html...
2026-09-08T06:03:19.7828760Z Generating ./org/palladiosimulator/reliability/sensitivity/util/SensitivityResourceFactoryImpl.html...
2026-09-08T06:03:19.7859959Z Generating ./org/palladiosimulator/reliability/sensitivity/util/SensitivityResourceImpl.html...
2026-09-08T06:03:19.7982334Z Generating ./org/palladiosimulator/reliability/sensitivity/SensitivityResultSpecification.html...
2026-09-08T06:03:19.8005088Z Generating ./org/palladiosimulator/reliability/sensitivity/impl/SensitivityResultSpecificationImpl.html...
2026-09-08T06:03:19.8087306Z Generating ./org/palladiosimulator/reliability/sensitivity/provider/SensitivityResultSpecificationItemProvider.html...
2026-09-08T06:03:19.8188214Z Generating ./org/palladiosimulator/reliability/sensitivity/util/SensitivitySwitch.html...
2026-09-08T06:03:19.8409418Z Generating ./org/palladiosimulator/reliability/sensitivity/util/SensitivityValidator.html...
2026-09-08T06:03:19.8839489Z Generating ./org/palladiosimulator/reliability/sensitivity/util/SensitivityXMLProcessor.html...
2026-09-08T06:03:19.8872343Z Generating ./org/palladiosimulator/reliability/sensitivity/SingleSensitivityParameter.html...
2026-09-08T06:03:19.8924506Z Generating ./org/palladiosimulator/reliability/sensitivity/impl/SingleSensitivityParameterImpl.html...
2026-09-08T06:03:19.9116883Z Generating ./org/palladiosimulator/reliability/sensitivity/provider/SingleSensitivityParameterItemProvider.html...
2026-09-08T06:03:19.9249253Z Generating ./org/palladiosimulator/reliability/sensitivity/SoftwareFailureTypesParameter.html...
2026-09-08T06:03:19.9287717Z Generating ./org/palladiosimulator/reliability/sensitivity/impl/SoftwareFailureTypesParameterImpl.html...
2026-09-08T06:03:19.9461041Z Generating ./org/palladiosimulator/reliability/sensitivity/provider/SoftwareFailureTypesParameterItemProvider.html...
2026-09-08T06:03:19.9580592Z Generating ./org/palladiosimulator/reliability/sensitivity/SoftwareReliabilityParameter.html...
2026-09-08T06:03:19.9615066Z Generating ./org/palladiosimulator/reliability/sensitivity/impl/SoftwareReliabilityParameterImpl.html...
2026-09-08T06:03:19.9733240Z Generating ./org/palladiosimulator/reliability/sensitivity/provider/SoftwareReliabilityParameterItemProvider.html...
2026-09-08T06:03:19.9852010Z Generating ./org/palladiosimulator/reliability/solver/SolverPlugin.html...
2026-09-08T06:03:19.9884414Z Generating ./org/palladiosimulator/reliability/markov/State.html...
2026-09-08T06:03:19.9933292Z Generating ./org/palladiosimulator/reliability/markov/impl/StateImpl.html...
2026-09-08T06:03:20.0099898Z Generating ./org/palladiosimulator/reliability/markov/provider/StateItemProvider.html...
2026-09-08T06:03:20.0250299Z Generating ./org/palladiosimulator/reliability/markov/StateType.html...
2026-09-08T06:03:20.0328435Z Generating ./org/palladiosimulator/reliability/sensitivity/StringParameterSequence.html...
2026-09-08T06:03:20.0354307Z Generating ./org/palladiosimulator/reliability/sensitivity/impl/StringParameterSequenceImpl.html...
2026-09-08T06:03:20.0468002Z Generating ./org/palladiosimulator/reliability/sensitivity/provider/StringParameterSequenceItemProvider.html...
2026-09-08T06:03:20.0599765Z Generating ./org/palladiosimulator/reliability/markov/Transition.html...
2026-09-08T06:03:20.0650988Z Generating ./org/palladiosimulator/reliability/markov/impl/TransitionImpl.html...
2026-09-08T06:03:20.0806068Z Generating ./org/palladiosimulator/reliability/markov/provider/TransitionItemProvider.html...
2026-09-08T06:03:20.0930515Z Generating ./org/palladiosimulator/reliability/sensitivity/UsageBranchParameter.html...
2026-09-08T06:03:20.0986407Z Generating ./org/palladiosimulator/reliability/sensitivity/impl/UsageBranchParameterImpl.html...
2026-09-08T06:03:20.1210963Z Generating ./org/palladiosimulator/reliability/sensitivity/provider/UsageBranchParameterItemProvider.html...
2026-09-08T06:03:20.1329051Z Generating ./org/palladiosimulator/reliability/sensitivity/VariableUsageParameter.html...
2026-09-08T06:03:20.1431764Z Generating ./org/palladiosimulator/reliability/sensitivity/impl/VariableUsageParameterImpl.html...
2026-09-08T06:03:20.1776714Z Generating ./org/palladiosimulator/reliability/sensitivity/provider/VariableUsageParameterItemProvider.html...
2026-09-08T06:03:20.1925124Z Generating ./org/palladiosimulator/reliability/sensitivity/VariableUsageType.html...
2026-09-08T06:03:20.1998850Z Generating ./org/palladiosimulator/reliability/package-summary.html...
2026-09-08T06:03:20.2079110Z Generating ./org/palladiosimulator/reliability/package-tree.html...
2026-09-08T06:03:20.2091295Z Generating ./org/palladiosimulator/reliability/helper/package-summary.html...
2026-09-08T06:03:20.2107174Z Generating ./org/palladiosimulator/reliability/helper/package-tree.html...
2026-09-08T06:03:20.2117464Z Generating ./org/palladiosimulator/reliability/markov/package-summary.html...
2026-09-08T06:03:20.2132474Z Generating ./org/palladiosimulator/reliability/markov/package-tree.html...
2026-09-08T06:03:20.2190238Z Generating ./org/palladiosimulator/reliability/markov/impl/package-summary.html...
2026-09-08T06:03:20.2211879Z Generating ./org/palladiosimulator/reliability/markov/impl/package-tree.html...
2026-09-08T06:03:20.2229849Z Generating ./org/palladiosimulator/reliability/markov/presentation/package-summary.html...
2026-09-08T06:03:20.2247882Z Generating ./org/palladiosimulator/reliability/markov/presentation/package-tree.html...
2026-09-08T06:03:20.2267600Z Generating ./org/palladiosimulator/reliability/markov/provider/package-summary.html...
2026-09-08T06:03:20.2292796Z Generating ./org/palladiosimulator/reliability/markov/provider/package-tree.html...
2026-09-08T06:03:20.2312272Z Generating ./org/palladiosimulator/reliability/markov/util/package-summary.html...
2026-09-08T06:03:20.2319264Z Generating ./org/palladiosimulator/reliability/markov/util/package-tree.html...
2026-09-08T06:03:20.2326967Z Generating ./org/palladiosimulator/reliability/sensitivity/package-summary.html...
2026-09-08T06:03:20.2361237Z Generating ./org/palladiosimulator/reliability/sensitivity/package-tree.html...
2026-09-08T06:03:20.2416051Z Generating ./org/palladiosimulator/reliability/sensitivity/impl/package-summary.html...
2026-09-08T06:03:20.2477370Z Generating ./org/palladiosimulator/reliability/sensitivity/impl/package-tree.html...
2026-09-08T06:03:20.2507417Z Generating ./org/palladiosimulator/reliability/sensitivity/presentation/package-summary.html...
2026-09-08T06:03:20.2527793Z Generating ./org/palladiosimulator/reliability/sensitivity/presentation/package-tree.html...
2026-09-08T06:03:20.2542649Z Generating ./org/palladiosimulator/reliability/sensitivity/provider/package-summary.html...
2026-09-08T06:03:20.2626001Z Generating ./org/palladiosimulator/reliability/sensitivity/provider/package-tree.html...
2026-09-08T06:03:20.2646026Z Generating ./org/palladiosimulator/reliability/sensitivity/util/package-summary.html...
2026-09-08T06:03:20.2663546Z Generating ./org/palladiosimulator/reliability/sensitivity/util/package-tree.html...
2026-09-08T06:03:20.2686080Z Generating ./org/palladiosimulator/reliability/solver/package-summary.html...
2026-09-08T06:03:20.2688889Z Generating ./org/palladiosimulator/reliability/solver/package-tree.html...
2026-09-08T06:03:20.2702176Z Generating ./org/palladiosimulator/reliability/solver/pcm2markov/package-summary.html...
2026-09-08T06:03:20.2721726Z Generating ./org/palladiosimulator/reliability/solver/pcm2markov/package-tree.html...
2026-09-08T06:03:20.2730340Z Generating ./org/palladiosimulator/reliability/solver/runconfig/package-summary.html...
2026-09-08T06:03:20.2749839Z Generating ./org/palladiosimulator/reliability/solver/runconfig/package-tree.html...
2026-09-08T06:03:20.2776491Z Generating ./constant-values.html...
2026-09-08T06:03:20.2991633Z Generating ./serialized-form.html...
2026-09-08T06:03:20.3062032Z Generating ./overview-tree.html...
2026-09-08T06:03:20.3190984Z Generating ./deprecated-list.html...
2026-09-08T06:03:20.3207900Z Generating ./index.html...
2026-09-08T06:03:20.4495366Z Building index for all classes...
2026-09-08T06:03:20.4534231Z Generating ./allclasses-index.html...
2026-09-08T06:03:20.4703018Z Generating ./allpackages-index.html...
2026-09-08T06:03:20.4776314Z Generating ./index-all.html...
2026-09-08T06:03:20.6838228Z Generating ./overview-summary.html...
2026-09-08T06:03:20.6853244Z Generating ./help-doc.html...
2026-09-08T06:03:20.8293610Z Note: Custom tags that could override future standard tags:  @ordered, @noreference, @noinstantiate, @noimplement, @noextend, @generated, @model, @nooverride, @category. To avoid potential overrides, use at least one period character (.) in custom tag names.
2026-09-08T06:03:20.8295336Z Note: Custom tags that were not seen:  @noreference, @noinstantiate, @noimplement, @noextend, @nooverride, @category
2026-09-08T06:03:20.8389854Z 16 errors
2026-09-08T06:03:20.8414983Z 100 warnings
2026-09-08T06:03:20.8670171Z [INFO] execution failed with rc = 1
2026-09-08T06:03:20.8674946Z [INFO] 
2026-09-08T06:03:20.8675853Z [INFO] --- resources:2.4.3:resources (default-resources) @ org.palladiosimulator.reliability.updatesite ---
2026-09-08T06:03:20.8680272Z [INFO] Using 'UTF-8' encoding to copy filtered resources.
2026-09-08T06:03:20.8681448Z [INFO] skip non existing resourceDirectory /home/runner/work/telemetry-availability-identification/telemetry-availability-identification/palladio-source/releng/org.palladiosimulator.reliability.updatesite/src/main/resources
2026-09-08T06:03:20.8682448Z [INFO] 
2026-09-08T06:03:20.8689959Z [INFO] --- jacoco:0.8.13:prepare-agent (jacoco-prepare) @ org.palladiosimulator.reliability.updatesite ---
2026-09-08T06:03:20.8693211Z [INFO] argLine set to -javaagent:/home/runner/work/_temp/m9v-recovery-maven-repository/org/jacoco/org.jacoco.agent/0.8.13/org.jacoco.agent-0.8.13-runtime.jar=destfile=/home/runner/work/telemetry-availability-identification/telemetry-availability-identification/palladio-source/releng/org.palladiosimulator.reliability.updatesite/target/jacoco.exec
2026-09-08T06:03:20.8696179Z [INFO] 
2026-09-08T06:03:20.8696982Z [INFO] --- tycho-p2-publisher:2.7.5:publish-osgi-ee (default-publish-osgi-ee) @ org.palladiosimulator.reliability.updatesite ---
2026-09-08T06:03:20.8697962Z [WARNING]  Parameter 'qualifier' (user property 'buildQualifier') is read-only, must not be used in configuration
2026-09-08T06:03:20.8752745Z [WARNING] No system packages found in profile nor toolchain for JavaSE-11, using current JRE system packages.
2026-09-08T06:03:20.8754425Z This can cause faulty dependency resolution, consider adding a definition for a 'jdk' with id=JavaSE-11 in your toolchains.xml
2026-09-08T06:03:20.8780634Z [INFO] Published profile IUs: [a.jre.javase 11.0.0]
2026-09-08T06:03:20.8799860Z [INFO] Published profile IUs: [a.jre.javase 17.0.0]
2026-09-08T06:03:20.8801051Z [WARNING] No system packages found in profile nor toolchain for JavaSE-18, using current JRE system packages.
2026-09-08T06:03:20.8802899Z This can cause faulty dependency resolution, consider adding a definition for a 'jdk' with id=JavaSE-18 in your toolchains.xml
2026-09-08T06:03:20.8844659Z [INFO] Published profile IUs: [a.jre.javase 18.0.0]
2026-09-08T06:03:20.8845484Z [INFO] 
2026-09-08T06:03:20.8846634Z [INFO] --- tycho-p2-publisher:2.7.5:publish-products (default-publish-products) @ org.palladiosimulator.reliability.updatesite ---
2026-09-08T06:03:20.8848310Z [WARNING]  Parameter 'qualifier' (user property 'buildQualifier') is read-only, must not be used in configuration
2026-09-08T06:03:20.8856704Z [INFO] 
2026-09-08T06:03:20.8865275Z [INFO] --- tycho-p2-publisher:2.7.5:publish-categories (default-publish-categories) @ org.palladiosimulator.reliability.updatesite ---
2026-09-08T06:03:20.8866557Z [WARNING]  Parameter 'qualifier' (user property 'buildQualifier') is read-only, must not be used in configuration
2026-09-08T06:03:20.8986891Z [INFO] 
2026-09-08T06:03:20.8988343Z [INFO] --- tycho-p2-publisher:2.7.5:attach-artifacts (default-attach-artifacts) @ org.palladiosimulator.reliability.updatesite ---
2026-09-08T06:03:20.9004994Z [WARNING]  Parameter 'qualifier' (user property 'buildQualifier') is read-only, must not be used in configuration
2026-09-08T06:03:20.9005955Z [INFO] 
2026-09-08T06:03:20.9007004Z [INFO] --- tycho-p2-repository:2.7.5:assemble-repository (default-assemble-repository) @ org.palladiosimulator.reliability.updatesite ---
2026-09-08T06:03:20.9009313Z [WARNING]  Parameter 'qualifier' (user property 'buildQualifier') is read-only, must not be used in configuration
2026-09-08T06:03:21.6129092Z [INFO] Fetching org.palladiosimulator.branding_2.0.0.jar from https://updatesite.palladio-simulator.com/palladio-supporting-branding/releases/5.2.1/plugins/ (5.54kB)
2026-09-08T06:03:22.8517303Z [INFO] 
2026-09-08T06:03:22.8518243Z [INFO] --- tycho-source:2.7.5:plugin-source (plugin-source) @ org.palladiosimulator.reliability.updatesite ---
2026-09-08T06:03:22.8527868Z [INFO] 
2026-09-08T06:03:22.8528811Z [INFO] --- tycho-p2-repository:2.7.5:archive-repository (default-archive-repository) @ org.palladiosimulator.reliability.updatesite ---
2026-09-08T06:03:22.8546179Z [WARNING]  Parameter 'qualifier' (user property 'buildQualifier') is read-only, must not be used in configuration
2026-09-08T06:03:22.8772042Z [INFO] Building zip: /home/runner/work/telemetry-availability-identification/telemetry-availability-identification/palladio-source/releng/org.palladiosimulator.reliability.updatesite/target/org.palladiosimulator.reliability.updatesite-5.2.2.zip
2026-09-08T06:03:23.0254967Z [INFO] 
2026-09-08T06:03:23.0273220Z [INFO] --- tycho-source:2.7.5:feature-source (feature-source) @ org.palladiosimulator.reliability.updatesite ---
2026-09-08T06:03:23.0274964Z [INFO] 
2026-09-08T06:03:23.0276024Z [INFO] --- tycho-p2:2.7.5:p2-metadata (attached-p2-metadata) @ org.palladiosimulator.reliability.updatesite ---
2026-09-08T06:03:23.0278238Z [INFO] 
2026-09-08T06:03:23.0279219Z [INFO] --- checkstyle:3.1.2:check (palladio-checkstyle) @ org.palladiosimulator.reliability.updatesite ---
2026-09-08T06:03:23.0924965Z [INFO] You have 0 Checkstyle violations.
2026-09-08T06:03:23.0954657Z [INFO] ------------------------------------------------------------------------
2026-09-08T06:03:23.0974670Z [INFO] Reactor Summary for parent 5.2.2:
2026-09-08T06:03:23.0975497Z [INFO] 
2026-09-08T06:03:23.0976284Z [INFO] parent ............................................. SUCCESS [  5.995 s]
2026-09-08T06:03:23.0977299Z [INFO] bundles ............................................ SUCCESS [  0.094 s]
2026-09-08T06:03:23.0978323Z [INFO] [bundle] PCM Reliability Core Definitions .......... SUCCESS [  8.176 s]
2026-09-08T06:03:23.0979389Z [INFO] [bundle] Markov Model .............................. SUCCESS [  1.059 s]
2026-09-08T06:03:23.0980434Z [INFO] [bundle] Markov Edit Support ....................... SUCCESS [  0.393 s]
2026-09-08T06:03:23.0981479Z [INFO] [bundle] Markov Editor ............................. SUCCESS [  2.724 s]
2026-09-08T06:03:23.0982876Z [INFO] [bundle] PCM Markov Sensitivity Model .............. SUCCESS [  1.941 s]
2026-09-08T06:03:23.0984196Z [INFO] [bundle] EMF Edit Plug-in for PCM Markov Sensitivity Model SUCCESS [  0.979 s]
2026-09-08T06:03:23.0985378Z [INFO] [bundle] EMF Editor Plug-in for PCM Markov Sensitivity Model SUCCESS [  1.183 s]
2026-09-08T06:03:23.0986534Z [INFO] [bundle] PCM Reliability Solver Plug-in ............ SUCCESS [ 10.992 s]
2026-09-08T06:03:23.0987598Z [INFO] features ........................................... SUCCESS [  0.044 s]
2026-09-08T06:03:23.0988711Z [INFO] [feature] Palladio Component Model - Analyzer: Reliability SUCCESS [  0.821 s]
2026-09-08T06:03:23.0989825Z [INFO] tests .............................................. SUCCESS [  0.042 s]
2026-09-08T06:03:23.0990902Z [INFO] [test-bundle] Tests for the Reliability Features ... SUCCESS [  2.017 s]
2026-09-08T06:03:23.0991971Z [INFO] releng ............................................. SUCCESS [  0.028 s]
2026-09-08T06:03:23.0993083Z [INFO] org.palladiosimulator.reliability.updatesite ....... SUCCESS [ 11.129 s]
2026-09-08T06:03:23.0994424Z [INFO] ------------------------------------------------------------------------
2026-09-08T06:03:23.0995257Z [INFO] BUILD SUCCESS
2026-09-08T06:03:23.0995986Z [INFO] ------------------------------------------------------------------------
2026-09-08T06:03:23.0996820Z [INFO] Total time:  02:35 min
2026-09-08T06:03:23.0997469Z [INFO] Finished at: 2026-09-08T06:03:23Z
2026-09-08T06:03:23.0998300Z [INFO] ------------------------------------------------------------------------
2026-09-08T06:03:23.7668712Z ##[group]Run set -o pipefail
2026-09-08T06:03:23.7669052Z [36;1mset -o pipefail[0m
2026-09-08T06:03:23.7669522Z [36;1m/usr/bin/time -v -o workflow-results/m9v-recovery-solver/runtime/solve-resource-usage.txt \[0m
2026-09-08T06:03:23.7670142Z [36;1m  xvfb-run -a mvn -B -ntp "-Dmaven.repo.local=${M9VR_MAVEN_REPO}" \[0m
2026-09-08T06:03:23.7670587Z [36;1m    -f palladio-source/pom.xml verify \[0m
2026-09-08T06:03:23.7671021Z [36;1m  2>&1 | tee workflow-results/m9v-recovery-solver/runtime/solve.log[0m
2026-09-08T06:03:23.7671428Z [36;1mtest "${PIPESTATUS[0]}" -eq 0[0m
2026-09-08T06:03:23.7707752Z shell: /usr/bin/bash -e {0}
2026-09-08T06:03:23.7708010Z env:
2026-09-08T06:03:23.7708286Z   pythonLocation: /opt/hostedtoolcache/Python/3.13.15/x64
2026-09-08T06:03:23.7708754Z   PKG_CONFIG_PATH: /opt/hostedtoolcache/Python/3.13.15/x64/lib/pkgconfig
2026-09-08T06:03:23.7709198Z   Python_ROOT_DIR: /opt/hostedtoolcache/Python/3.13.15/x64
2026-09-08T06:03:23.7709641Z   Python2_ROOT_DIR: /opt/hostedtoolcache/Python/3.13.15/x64
2026-09-08T06:03:23.7710041Z   Python3_ROOT_DIR: /opt/hostedtoolcache/Python/3.13.15/x64
2026-09-08T06:03:23.7710448Z   LD_LIBRARY_PATH: /opt/hostedtoolcache/Python/3.13.15/x64/lib
2026-09-08T06:03:23.7710915Z   JAVA_HOME: /opt/hostedtoolcache/Java_Temurin-Hotspot_jdk/17.0.20-1/x64
2026-09-08T06:03:23.7711439Z   JAVA_HOME_17_X64: /opt/hostedtoolcache/Java_Temurin-Hotspot_jdk/17.0.20-1/x64
2026-09-08T06:03:23.7711837Z   MAVEN_ARGS: -ntp
2026-09-08T06:03:23.7712058Z   M9VR_MODEL_COUNT: 20
2026-09-08T06:03:23.7712391Z   M9VR_MAVEN_REPO: /home/runner/work/_temp/m9v-recovery-maven-repository
2026-09-08T06:03:23.7713276Z   TAID_PALLADIO_ALIGNED_ROOT: /home/runner/work/telemetry-availability-identification/telemetry-availability-identification/workflow-input/m9v-recovery-contract/models
2026-09-08T06:03:23.7714880Z   TAID_PALLADIO_RESULT: /home/runner/work/telemetry-availability-identification/telemetry-availability-identification/workflow-results/m9v-recovery-solver/raw-result.json
2026-09-08T06:03:23.7715658Z   TAID_REPEAT_RUNS: 2
2026-09-08T06:03:23.7715890Z   TAID_EXPECTED_MODEL_COUNT: 20
2026-09-08T06:03:23.7716150Z   TAID_EXPECTED_CASE_COUNT: 20
2026-09-08T06:03:23.7716417Z   TAID_PROBABILITY_TOLERANCE: 1E-12
2026-09-08T06:03:23.7716676Z ##[endgroup]
2026-09-08T06:03:26.0255529Z [INFO] Scanning for projects...
2026-09-08T06:03:26.2116529Z [WARNING] The POM for org.apache.commons:commons-lang3:jar:3.12.0 is invalid, transitive dependencies (if any) will not be available: 1 problem was encountered while building the effective model for org.apache.commons:commons-lang3:3.12.0
2026-09-08T06:03:26.2126135Z [FATAL] Non-parseable POM /home/runner/work/_temp/m9v-recovery-maven-repository/org/apache/commons/commons-parent/52/commons-parent-52.pom: UTF-8 BOM plus xml decl of ISO-8859-1 is incompatible (position: START_DOCUMENT seen <?xml version="1.0" encoding="ISO-8859-1"... @1:42)  @ /home/runner/work/_temp/m9v-recovery-maven-repository/org/apache/commons/commons-parent/52/commons-parent-52.pom, line 1, column 42
2026-09-08T06:03:26.2137667Z 
2026-09-08T06:03:26.3116203Z [WARNING] The POM for commons-io:commons-io:jar:2.6 is invalid, transitive dependencies (if any) will not be available: 1 problem was encountered while building the effective model for commons-io:commons-io:2.6
2026-09-08T06:03:26.3146990Z [FATAL] Non-parseable POM /home/runner/work/_temp/m9v-recovery-maven-repository/org/apache/commons/commons-parent/42/commons-parent-42.pom: UTF-8 BOM plus xml decl of ISO-8859-1 is incompatible (position: START_DOCUMENT seen <?xml version="1.0" encoding="ISO-8859-1"... @1:42)  @ /home/runner/work/_temp/m9v-recovery-maven-repository/org/apache/commons/commons-parent/42/commons-parent-42.pom, line 1, column 42
2026-09-08T06:03:26.3150118Z 
2026-09-08T06:03:26.3176483Z [WARNING] The POM for org.apache.commons:commons-compress:jar:1.21 is invalid, transitive dependencies (if any) will not be available: 1 problem was encountered while building the effective model for org.apache.commons:commons-compress:1.21
2026-09-08T06:03:26.3195835Z [FATAL] Non-parseable POM /home/runner/work/_temp/m9v-recovery-maven-repository/org/apache/commons/commons-parent/52/commons-parent-52.pom: UTF-8 BOM plus xml decl of ISO-8859-1 is incompatible (position: START_DOCUMENT seen <?xml version="1.0" encoding="ISO-8859-1"... @1:42)  @ /home/runner/work/_temp/m9v-recovery-maven-repository/org/apache/commons/commons-parent/52/commons-parent-52.pom, line 1, column 42
2026-09-08T06:03:26.3224377Z 
2026-09-08T06:03:27.7706392Z [WARNING] The POM for org.apache.commons:commons-lang3:jar:3.8.1 is invalid, transitive dependencies (if any) will not be available: 1 problem was encountered while building the effective model for org.apache.commons:commons-lang3:3.8.1
2026-09-08T06:03:27.7736983Z [FATAL] Non-parseable POM /home/runner/work/_temp/m9v-recovery-maven-repository/org/apache/commons/commons-parent/47/commons-parent-47.pom: UTF-8 BOM plus xml decl of ISO-8859-1 is incompatible (position: START_DOCUMENT seen <?xml version="1.0" encoding="ISO-8859-1"... @1:42)  @ /home/runner/work/_temp/m9v-recovery-maven-repository/org/apache/commons/commons-parent/47/commons-parent-47.pom, line 1, column 42
2026-09-08T06:03:27.7764791Z 
2026-09-08T06:03:27.9232108Z [WARNING] The POM for org.apache.commons:commons-exec:jar:1.3 is invalid, transitive dependencies (if any) will not be available: 1 problem was encountered while building the effective model for org.apache.commons:commons-exec:1.3
2026-09-08T06:03:27.9267523Z [FATAL] Non-parseable POM /home/runner/work/_temp/m9v-recovery-maven-repository/org/apache/commons/commons-parent/35/commons-parent-35.pom: UTF-8 BOM plus xml decl of ISO-8859-1 is incompatible (position: START_DOCUMENT seen <?xml version="1.0" encoding="ISO-8859-1"... @1:42)  @ /home/runner/work/_temp/m9v-recovery-maven-repository/org/apache/commons/commons-parent/35/commons-parent-35.pom, line 1, column 42
2026-09-08T06:03:27.9294475Z 
2026-09-08T06:03:28.7860640Z [INFO] Resolving target definition file:/home/runner/work/telemetry-availability-identification/telemetry-availability-identification/palladio-source/releng/org.palladiosimulator.reliability.targetplatform/tp.target for environments=[linux/gtk/x86_64, linux/gtk/aarch64, win32/win32/x86_64, macosx/cocoa/x86_64, macosx/cocoa/aarch64], include source mode=honor, execution environment=StandardEEResolutionHints [executionEnvironment=OSGi profile 'JavaSE-17' { source level: 17, target level: 17}], remote p2 repository options=org.eclipse.tycho.p2.remote.RemoteAgent@4844cbe4...
2026-09-08T06:03:28.7872389Z [INFO] Resolving mvn:org.palladiosimulator:palladio-target-platforms:0.1.0:target:palladio-2023-03
2026-09-08T06:03:28.7874240Z [INFO] Reading target mvn:org.palladiosimulator:palladio-target-platforms:0.1.0:target:palladio-2023-03...
2026-09-08T06:03:28.9211027Z SLF4J: Failed to load class "org.slf4j.impl.StaticLoggerBinder".
2026-09-08T06:03:28.9212534Z SLF4J: Defaulting to no-operation (NOP) logger implementation
2026-09-08T06:03:28.9213738Z SLF4J: See http://www.slf4j.org/codes.html#StaticLoggerBinder for further details.
2026-09-08T06:03:53.3135225Z [INFO] Performing subquery
2026-09-08T06:04:01.7437725Z [INFO] Resolving dependencies of MavenProject: org.palladiosimulator.reliability:org.palladiosimulator.reliability:5.2.2 @ /home/runner/work/telemetry-availability-identification/telemetry-availability-identification/palladio-source/bundles/org.palladiosimulator.reliability/.polyglot.META-INF
2026-09-08T06:04:07.9297514Z [INFO] Resolving dependencies of MavenProject: org.palladiosimulator.reliability:org.palladiosimulator.reliability.markov:5.2.2 @ /home/runner/work/telemetry-availability-identification/telemetry-availability-identification/palladio-source/bundles/org.palladiosimulator.reliability.markov/.polyglot.META-INF
2026-09-08T06:04:07.9814910Z [INFO] Resolving dependencies of MavenProject: org.palladiosimulator.reliability:org.palladiosimulator.reliability.markov.edit:5.2.2 @ /home/runner/work/telemetry-availability-identification/telemetry-availability-identification/palladio-source/bundles/org.palladiosimulator.reliability.markov.edit/.polyglot.META-INF
2026-09-08T06:04:08.0310633Z [INFO] Resolving dependencies of MavenProject: org.palladiosimulator.reliability:org.palladiosimulator.reliability.markov.editor:5.2.2 @ /home/runner/work/telemetry-availability-identification/telemetry-availability-identification/palladio-source/bundles/org.palladiosimulator.reliability.markov.editor/.polyglot.META-INF
2026-09-08T06:04:08.1757364Z [INFO] Resolving dependencies of MavenProject: org.palladiosimulator.reliability:org.palladiosimulator.reliability.sensitivity:5.2.2 @ /home/runner/work/telemetry-availability-identification/telemetry-availability-identification/palladio-source/bundles/org.palladiosimulator.reliability.sensitivity/.polyglot.META-INF
2026-09-08T06:04:08.2611523Z [INFO] Resolving dependencies of MavenProject: org.palladiosimulator.reliability:org.palladiosimulator.reliability.sensitivity.edit:5.2.2 @ /home/runner/work/telemetry-availability-identification/telemetry-availability-identification/palladio-source/bundles/org.palladiosimulator.reliability.sensitivity.edit/.polyglot.META-INF
2026-09-08T06:04:08.3535312Z [INFO] Resolving dependencies of MavenProject: org.palladiosimulator.reliability:org.palladiosimulator.reliability.sensitivity.editor:5.2.2 @ /home/runner/work/telemetry-availability-identification/telemetry-availability-identification/palladio-source/bundles/org.palladiosimulator.reliability.sensitivity.editor/.polyglot.META-INF
2026-09-08T06:04:08.5082672Z [INFO] Resolving dependencies of MavenProject: org.palladiosimulator.reliability:org.palladiosimulator.reliability.solver:5.2.2 @ /home/runner/work/telemetry-availability-identification/telemetry-availability-identification/palladio-source/bundles/org.palladiosimulator.reliability.solver/.polyglot.META-INF
2026-09-08T06:04:08.7904185Z [INFO] Resolving dependencies of MavenProject: org.palladiosimulator.reliability:org.palladiosimulator.reliability.feature:5.2.2 @ /home/runner/work/telemetry-availability-identification/telemetry-availability-identification/palladio-source/features/org.palladiosimulator.reliability.feature/.polyglot.feature.xml
2026-09-08T06:04:09.0294909Z [INFO] Resolving dependencies of MavenProject: org.palladiosimulator.reliability:org.palladiosimulator.reliability.tests:5.2.2 @ /home/runner/work/telemetry-availability-identification/telemetry-availability-identification/palladio-source/tests/org.palladiosimulator.reliability.tests/.polyglot.META-INF
2026-09-08T06:04:09.2715439Z [INFO] Resolving dependencies of MavenProject: org.palladiosimulator.reliability:org.palladiosimulator.reliability.updatesite:5.2.2 @ /home/runner/work/telemetry-availability-identification/telemetry-availability-identification/palladio-source/releng/org.palladiosimulator.reliability.updatesite/pom.xml
2026-09-08T06:04:09.5052738Z [INFO] Inspecting build with total of 16 modules
2026-09-08T06:04:09.5083234Z [INFO] Installing Central Publishing features
2026-09-08T06:04:09.5113072Z [INFO] ------------------------------------------------------------------------
2026-09-08T06:04:09.5114683Z [INFO] Reactor Build Order:
2026-09-08T06:04:09.5115421Z [INFO] 
2026-09-08T06:04:09.5123659Z [INFO] parent                                                             [pom]
2026-09-08T06:04:09.5126911Z [INFO] bundles                                                            [pom]
2026-09-08T06:04:09.5128141Z [INFO] [bundle] PCM Reliability Core Definitions               [eclipse-plugin]
2026-09-08T06:04:09.5129328Z [INFO] [bundle] Markov Model                                   [eclipse-plugin]
2026-09-08T06:04:09.5130470Z [INFO] [bundle] Markov Edit Support                            [eclipse-plugin]
2026-09-08T06:04:09.5131644Z [INFO] [bundle] Markov Editor                                  [eclipse-plugin]
2026-09-08T06:04:09.5132825Z [INFO] [bundle] PCM Markov Sensitivity Model                   [eclipse-plugin]
2026-09-08T06:04:09.5134339Z [INFO] [bundle] EMF Edit Plug-in for PCM Markov Sensitivity Model [eclipse-plugin]
2026-09-08T06:04:09.5135962Z [INFO] [bundle] EMF Editor Plug-in for PCM Markov Sensitivity Model [eclipse-plugin]
2026-09-08T06:04:09.5137362Z [INFO] [bundle] PCM Reliability Solver Plug-in                 [eclipse-plugin]
2026-09-08T06:04:09.5138550Z [INFO] features                                                           [pom]
2026-09-08T06:04:09.5139670Z [INFO] [feature] Palladio Component Model - Analyzer: Reliability [eclipse-feature]
2026-09-08T06:04:09.5140841Z [INFO] tests                                                              [pom]
2026-09-08T06:04:09.5143044Z [INFO] [test-bundle] Tests for the Reliability Features   [eclipse-test-plugin]
2026-09-08T06:04:09.5152725Z [INFO] releng                                                             [pom]
2026-09-08T06:04:09.5154300Z [INFO] org.palladiosimulator.reliability.updatesite        [eclipse-repository]
2026-09-08T06:04:09.5201719Z [INFO] 
2026-09-08T06:04:09.5218481Z [INFO] --------------< org.palladiosimulator.reliability:parent >--------------
2026-09-08T06:04:09.5219875Z [INFO] Building parent 5.2.2                                             [1/16]
2026-09-08T06:04:09.5220798Z [INFO]   from pom.xml
2026-09-08T06:04:09.5221593Z [INFO] --------------------------------[ pom ]---------------------------------
2026-09-08T06:04:09.5277837Z [INFO] 
2026-09-08T06:04:09.5280697Z [INFO] --- xtend:2.39.0:compile (default) @ parent ---
2026-09-08T06:04:11.0456313Z [INFO] skip compiling sources because the configured directory '[/home/runner/work/telemetry-availability-identification/telemetry-availability-identification/palladio-source/src/main/java]' does not exist.
2026-09-08T06:04:11.0462458Z [INFO] 
2026-09-08T06:04:11.0463348Z [INFO] --- jacoco:0.8.13:prepare-agent (jacoco-prepare) @ parent ---
2026-09-08T06:04:11.0551537Z [WARNING] The POM for commons-io:commons-io:jar:2.11.0 is invalid, transitive dependencies (if any) will not be available: 1 problem was encountered while building the effective model for commons-io:commons-io:2.11.0
2026-09-08T06:04:11.0556355Z [FATAL] Non-parseable POM /home/runner/work/_temp/m9v-recovery-maven-repository/org/apache/commons/commons-parent/52/commons-parent-52.pom: UTF-8 BOM plus xml decl of ISO-8859-1 is incompatible (position: START_DOCUMENT seen <?xml version="1.0" encoding="ISO-8859-1"... @1:42)  @ /home/runner/work/_temp/m9v-recovery-maven-repository/org/apache/commons/commons-parent/52/commons-parent-52.pom, line 1, column 42
2026-09-08T06:04:11.0560531Z 
2026-09-08T06:04:11.0867692Z [INFO] argLine set to -javaagent:/home/runner/work/_temp/m9v-recovery-maven-repository/org/jacoco/org.jacoco.agent/0.8.13/org.jacoco.agent-0.8.13-runtime.jar=destfile=/home/runner/work/telemetry-availability-identification/telemetry-availability-identification/palladio-source/target/jacoco.exec
2026-09-08T06:04:11.0870609Z [INFO] 
2026-09-08T06:04:11.0871550Z [INFO] --- tycho-source:2.7.5:plugin-source (plugin-source) @ parent ---
2026-09-08T06:04:11.0907498Z [INFO] 
2026-09-08T06:04:11.0908739Z [INFO] --- tycho-source:2.7.5:feature-source (feature-source) @ parent ---
2026-09-08T06:04:11.0925756Z [INFO] 
2026-09-08T06:04:11.0926895Z [INFO] --- tycho-p2:2.7.5:p2-metadata (attached-p2-metadata) @ parent ---
2026-09-08T06:04:11.0942379Z [INFO] 
2026-09-08T06:04:11.0954270Z [INFO] --- checkstyle:3.1.2:check (palladio-checkstyle) @ parent ---
2026-09-08T06:04:11.1021870Z [WARNING] The POM for commons-beanutils:commons-beanutils:jar:1.9.4 is invalid, transitive dependencies (if any) will not be available: 1 problem was encountered while building the effective model for commons-beanutils:commons-beanutils:1.9.4
2026-09-08T06:04:11.1040044Z [FATAL] Non-parseable POM /home/runner/work/_temp/m9v-recovery-maven-repository/org/apache/commons/commons-parent/47/commons-parent-47.pom: UTF-8 BOM plus xml decl of ISO-8859-1 is incompatible (position: START_DOCUMENT seen <?xml version="1.0" encoding="ISO-8859-1"... @1:42)  @ /home/runner/work/_temp/m9v-recovery-maven-repository/org/apache/commons/commons-parent/47/commons-parent-47.pom, line 1, column 42
2026-09-08T06:04:11.1043572Z 
2026-09-08T06:04:11.1556516Z [WARNING] The POM for commons-logging:commons-logging:jar:1.1.1 is invalid, transitive dependencies (if any) will not be available: 1 problem was encountered while building the effective model for commons-logging:commons-logging:1.1.1
2026-09-08T06:04:11.1561081Z [FATAL] Non-parseable POM /home/runner/work/_temp/m9v-recovery-maven-repository/org/apache/commons/commons-parent/5/commons-parent-5.pom: UTF-8 BOM plus xml decl of ISO-8859-1 is incompatible (position: START_DOCUMENT seen <?xml version="1.0" encoding="ISO-8859-1"... @1:42)  @ /home/runner/work/_temp/m9v-recovery-maven-repository/org/apache/commons/commons-parent/5/commons-parent-5.pom, line 1, column 42
2026-09-08T06:04:11.1564454Z 
2026-09-08T06:04:11.1960847Z [WARNING] The POM for commons-io:commons-io:jar:1.4 is invalid, transitive dependencies (if any) will not be available: 1 problem was encountered while building the effective model for commons-io:commons-io:1.4
2026-09-08T06:04:11.1965469Z [FATAL] Non-parseable POM /home/runner/work/_temp/m9v-recovery-maven-repository/org/apache/commons/commons-parent/7/commons-parent-7.pom: UTF-8 BOM plus xml decl of ISO-8859-1 is incompatible (position: START_DOCUMENT seen <?xml version="1.0" encoding="ISO-8859-1"... @1:42)  @ /home/runner/work/_temp/m9v-recovery-maven-repository/org/apache/commons/commons-parent/7/commons-parent-7.pom, line 1, column 42
2026-09-08T06:04:11.1972767Z 
2026-09-08T06:04:11.2088075Z [WARNING] The POM for javax.activation:javax.activation-api:jar:1.2.0 is invalid, transitive dependencies (if any) will not be available: 1 problem was encountered while building the effective model
2026-09-08T06:04:11.2103522Z [FATAL] Non-parseable POM /home/runner/work/_temp/m9v-recovery-maven-repository/javax/activation/javax.activation-api/1.2.0/javax.activation-api-1.2.0.pom: UTF-8 BOM plus xml decl of iso-8859-1 is incompatible (position: START_DOCUMENT seen <?xml version="1.0" encoding="iso-8859-1"... @1:42)  @ line 1, column 42
2026-09-08T06:04:11.2106203Z 
2026-09-08T06:04:11.6350988Z [INFO] You have 0 Checkstyle violations.
2026-09-08T06:04:11.6352465Z [INFO] 
2026-09-08T06:04:11.6353424Z [INFO] -------------< org.palladiosimulator.reliability:bundles >--------------
2026-09-08T06:04:11.6356157Z [INFO] Building bundles 5.2.2                                            [2/16]
2026-09-08T06:04:11.6358520Z [INFO]   from bundles/pom.xml
2026-09-08T06:04:11.6359392Z [INFO] --------------------------------[ pom ]---------------------------------
2026-09-08T06:04:11.6414639Z [INFO] 
2026-09-08T06:04:11.6415130Z [INFO] --- xtend:2.39.0:compile (default) @ bundles ---
2026-09-08T06:04:11.6416860Z [INFO] skip compiling sources because the configured directory '[/home/runner/work/telemetry-availability-identification/telemetry-availability-identification/palladio-source/bundles/src/main/java]' does not exist.
2026-09-08T06:04:11.6418546Z [INFO] 
2026-09-08T06:04:11.6419121Z [INFO] --- jacoco:0.8.13:prepare-agent (jacoco-prepare) @ bundles ---
2026-09-08T06:04:11.6421575Z [INFO] argLine set to -javaagent:/home/runner/work/_temp/m9v-recovery-maven-repository/org/jacoco/org.jacoco.agent/0.8.13/org.jacoco.agent-0.8.13-runtime.jar=destfile=/home/runner/work/telemetry-availability-identification/telemetry-availability-identification/palladio-source/bundles/target/jacoco.exec
2026-09-08T06:04:11.6423795Z [INFO] 
2026-09-08T06:04:11.6424571Z [INFO] --- tycho-source:2.7.5:plugin-source (plugin-source) @ bundles ---
2026-09-08T06:04:11.6441390Z [INFO] 
2026-09-08T06:04:11.6442266Z [INFO] --- tycho-source:2.7.5:feature-source (feature-source) @ bundles ---
2026-09-08T06:04:11.6443304Z [INFO] 
2026-09-08T06:04:11.6444335Z [INFO] --- tycho-p2:2.7.5:p2-metadata (attached-p2-metadata) @ bundles ---
2026-09-08T06:04:11.6445305Z [INFO] 
2026-09-08T06:04:11.6448431Z [INFO] --- checkstyle:3.1.2:check (palladio-checkstyle) @ bundles ---
2026-09-08T06:04:11.7197592Z [INFO] You have 0 Checkstyle violations.
2026-09-08T06:04:11.7215705Z [INFO] 
2026-09-08T06:04:11.7225046Z [INFO] --< org.palladiosimulator.reliability:org.palladiosimulator.reliability >--
2026-09-08T06:04:11.7226388Z [INFO] Building [bundle] PCM Reliability Core Definitions 5.2.2          [3/16]
2026-09-08T06:04:11.7227707Z [INFO]   from bundles/org.palladiosimulator.reliability/.polyglot.META-INF
2026-09-08T06:04:11.7236534Z [INFO] ---------------------------[ eclipse-plugin ]---------------------------
2026-09-08T06:04:11.8001814Z [INFO] 
2026-09-08T06:04:11.8015872Z [INFO] --- tycho-packaging:2.7.5:build-qualifier (default-build-qualifier) @ org.palladiosimulator.reliability ---
2026-09-08T06:04:11.8905455Z [INFO] The project's OSGi version is 5.2.2
2026-09-08T06:04:11.8926008Z [INFO] 
2026-09-08T06:04:11.8934381Z [INFO] --- tycho-packaging:2.7.5:validate-id (default-validate-id) @ org.palladiosimulator.reliability ---
2026-09-08T06:04:11.8935672Z [INFO] 
2026-09-08T06:04:11.8936714Z [INFO] --- tycho-packaging:2.7.5:validate-version (default-validate-version) @ org.palladiosimulator.reliability ---
2026-09-08T06:04:11.8945185Z [INFO] 
2026-09-08T06:04:11.8947281Z [INFO] --- target-platform-configuration:2.7.5:target-platform (default-target-platform) @ org.palladiosimulator.reliability ---
2026-09-08T06:04:11.9740874Z [INFO] 
2026-09-08T06:04:11.9765742Z [INFO] --- tycho-compiler:2.7.5:validate-classpath (default-validate-classpath) @ org.palladiosimulator.reliability ---
2026-09-08T06:04:12.0751688Z [INFO] Resolving class path of [bundle] PCM Reliability Core Definitions...
2026-09-08T06:04:12.2961929Z [INFO] 
2026-09-08T06:04:12.2988727Z [INFO] --- xtend:2.39.0:compile (default) @ org.palladiosimulator.reliability ---
2026-09-08T06:04:13.4088801Z [INFO] 
2026-09-08T06:04:13.4089864Z [INFO] --- resources:2.4.3:resources (default-resources) @ org.palladiosimulator.reliability ---
2026-09-08T06:04:13.4558089Z [INFO] Using 'UTF-8' encoding to copy filtered resources.
2026-09-08T06:04:13.4564602Z [INFO] skip non existing resourceDirectory /home/runner/work/telemetry-availability-identification/telemetry-availability-identification/palladio-source/bundles/org.palladiosimulator.reliability/src/main/resources
2026-09-08T06:04:13.4566779Z [INFO] 
2026-09-08T06:04:13.4567708Z [INFO] --- tycho-compiler:2.7.5:compile (default-compile) @ org.palladiosimulator.reliability ---
2026-09-08T06:04:13.5105198Z [INFO] Nothing to compile - all classes are up to date
2026-09-08T06:04:13.5108606Z [INFO] 
2026-09-08T06:04:13.5110130Z [INFO] --- tycho-ds:2.7.5:declarative-services (default-declarative-services) @ org.palladiosimulator.reliability ---
2026-09-08T06:04:13.5785045Z [INFO] 
2026-09-08T06:04:13.5790196Z [INFO] --- jacoco:0.8.13:prepare-agent (jacoco-prepare) @ org.palladiosimulator.reliability ---
2026-09-08T06:04:13.5793617Z [INFO] argLine set to -javaagent:/home/runner/work/_temp/m9v-recovery-maven-repository/org/jacoco/org.jacoco.agent/0.8.13/org.jacoco.agent-0.8.13-runtime.jar=destfile=/home/runner/work/telemetry-availability-identification/telemetry-availability-identification/palladio-source/bundles/org.palladiosimulator.reliability/target/jacoco.exec
2026-09-08T06:04:13.5802659Z [INFO] 
2026-09-08T06:04:13.5804601Z [INFO] --- resources:2.4.3:testResources (default-testResources) @ org.palladiosimulator.reliability ---
2026-09-08T06:04:13.5807365Z [INFO] Using 'UTF-8' encoding to copy filtered resources.
2026-09-08T06:04:13.5809840Z [INFO] skip non existing resourceDirectory /home/runner/work/telemetry-availability-identification/telemetry-availability-identification/palladio-source/bundles/org.palladiosimulator.reliability/src/test/resources
2026-09-08T06:04:13.5816309Z [INFO] 
2026-09-08T06:04:13.5817662Z [INFO] --- tycho-compiler:2.7.5:testCompile (default-testCompile) @ org.palladiosimulator.reliability ---
2026-09-08T06:04:13.5840891Z [INFO] 
2026-09-08T06:04:13.5841996Z [INFO] --- surefire:2.22.2:test (default-test) @ org.palladiosimulator.reliability ---
2026-09-08T06:04:13.5908337Z [WARNING] The POM for org.hamcrest:hamcrest-core:jar:1.3 is invalid, transitive dependencies (if any) will not be available: 1 problem was encountered while building the effective model
2026-09-08T06:04:13.5915186Z [FATAL] Non-parseable POM /home/runner/work/_temp/m9v-recovery-maven-repository/org/hamcrest/hamcrest-core/1.3/hamcrest-core-1.3.pom: UTF-8 BOM plus xml decl of ISO-8859-1 is incompatible (position: START_DOCUMENT seen <?xml version="1.0" encoding="ISO-8859-1"... @1:42)  @ line 1, column 42
2026-09-08T06:04:13.5949227Z 
2026-09-08T06:04:13.6452231Z [INFO] No tests to run.
2026-09-08T06:04:13.6497788Z [INFO] 
2026-09-08T06:04:13.6499324Z [INFO] --- tycho-packaging:2.7.5:update-consumer-pom (default-update-consumer-pom) @ org.palladiosimulator.reliability ---
2026-09-08T06:04:13.6565078Z [INFO] 
2026-09-08T06:04:13.6595083Z [INFO] --- tycho-source:2.7.5:plugin-source (plugin-source) @ org.palladiosimulator.reliability ---
2026-09-08T06:04:13.6780337Z [INFO] Building jar: /home/runner/work/telemetry-availability-identification/telemetry-availability-identification/palladio-source/bundles/org.palladiosimulator.reliability/target/org.palladiosimulator.reliability-5.2.2-sources.jar
2026-09-08T06:04:13.7112871Z [INFO] 
2026-09-08T06:04:13.7114311Z [INFO] --- tycho-packaging:2.7.5:package-plugin (default-package-plugin) @ org.palladiosimulator.reliability ---
2026-09-08T06:04:13.7309774Z [INFO] Building jar: /home/runner/work/telemetry-availability-identification/telemetry-availability-identification/palladio-source/bundles/org.palladiosimulator.reliability/target/org.palladiosimulator.reliability-5.2.2.jar
2026-09-08T06:04:13.7556197Z [INFO] 
2026-09-08T06:04:13.7557731Z [INFO] --- tycho-p2:2.7.5:p2-metadata-default (default-p2-metadata-default) @ org.palladiosimulator.reliability ---
2026-09-08T06:04:13.7713126Z [INFO] 
2026-09-08T06:04:13.7715511Z [INFO] --- tycho-source:2.7.5:feature-source (feature-source) @ org.palladiosimulator.reliability ---
2026-09-08T06:04:13.7722095Z [INFO] 
2026-09-08T06:04:13.7723228Z [INFO] --- tycho-p2:2.7.5:p2-metadata (attached-p2-metadata) @ org.palladiosimulator.reliability ---
2026-09-08T06:04:13.7768884Z [WARNING] artifact org.palladiosimulator.reliability:org.palladiosimulator.reliability:xml:p2metadata:5.2.2 already attached, replace previous instance
2026-09-08T06:04:13.7773013Z [WARNING] artifact org.palladiosimulator.reliability:org.palladiosimulator.reliability:xml:p2artifacts:5.2.2 already attached, replace previous instance
2026-09-08T06:04:13.7778490Z [INFO] 
2026-09-08T06:04:13.7779815Z [INFO] --- checkstyle:3.1.2:check (palladio-checkstyle) @ org.palladiosimulator.reliability ---
2026-09-08T06:04:15.1525058Z [INFO] You have 0 Checkstyle violations.
2026-09-08T06:04:15.1526076Z [INFO] 
2026-09-08T06:04:15.1555127Z [INFO] --- tycho-surefire:2.7.5:integration-test (default-integration-test) @ org.palladiosimulator.reliability ---
2026-09-08T06:04:15.1675139Z [INFO] 
2026-09-08T06:04:15.1676340Z [INFO] --- failsafe:2.22.2:verify (default-verify) @ org.palladiosimulator.reliability ---
2026-09-08T06:04:15.2164153Z [INFO] No tests to run.
2026-09-08T06:04:15.2164883Z [INFO] 
2026-09-08T06:04:15.2165857Z [INFO] --< org.palladiosimulator.reliability:org.palladiosimulator.reliability.markov >--
2026-09-08T06:04:15.2167236Z [INFO] Building [bundle] Markov Model 5.2.2                              [4/16]
2026-09-08T06:04:15.2168915Z [INFO]   from bundles/org.palladiosimulator.reliability.markov/.polyglot.META-INF
2026-09-08T06:04:15.2169982Z [INFO] ---------------------------[ eclipse-plugin ]---------------------------
2026-09-08T06:04:15.2227584Z [INFO] 
2026-09-08T06:04:15.2228843Z [INFO] --- tycho-packaging:2.7.5:build-qualifier (default-build-qualifier) @ org.palladiosimulator.reliability.markov ---
2026-09-08T06:04:15.2230135Z [INFO] The project's OSGi version is 5.2.2
2026-09-08T06:04:15.2230826Z [INFO] 
2026-09-08T06:04:15.2231804Z [INFO] --- tycho-packaging:2.7.5:validate-id (default-validate-id) @ org.palladiosimulator.reliability.markov ---
2026-09-08T06:04:15.2232911Z [INFO] 
2026-09-08T06:04:15.2236445Z [INFO] --- tycho-packaging:2.7.5:validate-version (default-validate-version) @ org.palladiosimulator.reliability.markov ---
2026-09-08T06:04:15.2237719Z [INFO] 
2026-09-08T06:04:15.2238889Z [INFO] --- target-platform-configuration:2.7.5:target-platform (default-target-platform) @ org.palladiosimulator.reliability.markov ---
2026-09-08T06:04:15.2274487Z [INFO] 
2026-09-08T06:04:15.2275691Z [INFO] --- tycho-compiler:2.7.5:validate-classpath (default-validate-classpath) @ org.palladiosimulator.reliability.markov ---
2026-09-08T06:04:15.2282820Z [INFO] Resolving class path of [bundle] Markov Model...
2026-09-08T06:04:15.2425564Z [INFO] 
2026-09-08T06:04:15.2426534Z [INFO] --- xtend:2.39.0:compile (default) @ org.palladiosimulator.reliability.markov ---
2026-09-08T06:04:15.4178073Z [INFO] 
2026-09-08T06:04:15.4214409Z [INFO] --- resources:2.4.3:resources (default-resources) @ org.palladiosimulator.reliability.markov ---
2026-09-08T06:04:15.4215835Z [INFO] Using 'UTF-8' encoding to copy filtered resources.
2026-09-08T06:04:15.4236113Z [INFO] skip non existing resourceDirectory /home/runner/work/telemetry-availability-identification/telemetry-availability-identification/palladio-source/bundles/org.palladiosimulator.reliability.markov/src/main/resources
2026-09-08T06:04:15.4238236Z [INFO] 
2026-09-08T06:04:15.4239221Z [INFO] --- tycho-compiler:2.7.5:compile (default-compile) @ org.palladiosimulator.reliability.markov ---
2026-09-08T06:04:15.4260405Z [INFO] Nothing to compile - all classes are up to date
2026-09-08T06:04:15.4261364Z [INFO] 
2026-09-08T06:04:15.4262559Z [INFO] --- tycho-ds:2.7.5:declarative-services (default-declarative-services) @ org.palladiosimulator.reliability.markov ---
2026-09-08T06:04:15.4264122Z [INFO] 
2026-09-08T06:04:15.4265170Z [INFO] --- jacoco:0.8.13:prepare-agent (jacoco-prepare) @ org.palladiosimulator.reliability.markov ---
2026-09-08T06:04:15.4268496Z [INFO] argLine set to -javaagent:/home/runner/work/_temp/m9v-recovery-maven-repository/org/jacoco/org.jacoco.agent/0.8.13/org.jacoco.agent-0.8.13-runtime.jar=destfile=/home/runner/work/telemetry-availability-identification/telemetry-availability-identification/palladio-source/bundles/org.palladiosimulator.reliability.markov/target/jacoco.exec
2026-09-08T06:04:15.4273295Z [INFO] 
2026-09-08T06:04:15.4274671Z [INFO] --- resources:2.4.3:testResources (default-testResources) @ org.palladiosimulator.reliability.markov ---
2026-09-08T06:04:15.4276052Z [INFO] Using 'UTF-8' encoding to copy filtered resources.
2026-09-08T06:04:15.4288437Z [INFO] skip non existing resourceDirectory /home/runner/work/telemetry-availability-identification/telemetry-availability-identification/palladio-source/bundles/org.palladiosimulator.reliability.markov/src/test/resources
2026-09-08T06:04:15.4292774Z [INFO] 
2026-09-08T06:04:15.4294143Z [INFO] --- tycho-compiler:2.7.5:testCompile (default-testCompile) @ org.palladiosimulator.reliability.markov ---
2026-09-08T06:04:15.4295371Z [INFO] 
2026-09-08T06:04:15.4296274Z [INFO] --- surefire:2.22.2:test (default-test) @ org.palladiosimulator.reliability.markov ---
2026-09-08T06:04:15.4297389Z [INFO] No tests to run.
2026-09-08T06:04:15.4298076Z [INFO] 
2026-09-08T06:04:15.4299264Z [INFO] --- tycho-packaging:2.7.5:update-consumer-pom (default-update-consumer-pom) @ org.palladiosimulator.reliability.markov ---
2026-09-08T06:04:15.4300595Z [INFO] 
2026-09-08T06:04:15.4301584Z [INFO] --- tycho-source:2.7.5:plugin-source (plugin-source) @ org.palladiosimulator.reliability.markov ---
2026-09-08T06:04:15.4335017Z [INFO] Building jar: /home/runner/work/telemetry-availability-identification/telemetry-availability-identification/palladio-source/bundles/org.palladiosimulator.reliability.markov/target/org.palladiosimulator.reliability.markov-5.2.2-sources.jar
2026-09-08T06:04:15.4439115Z [INFO] 
2026-09-08T06:04:15.4495344Z [INFO] --- tycho-packaging:2.7.5:package-plugin (default-package-plugin) @ org.palladiosimulator.reliability.markov ---
2026-09-08T06:04:15.4498218Z [INFO] Building jar: /home/runner/work/telemetry-availability-identification/telemetry-availability-identification/palladio-source/bundles/org.palladiosimulator.reliability.markov/target/org.palladiosimulator.reliability.markov-5.2.2.jar
2026-09-08T06:04:15.4644961Z [INFO] 
2026-09-08T06:04:15.4646471Z [INFO] --- tycho-p2:2.7.5:p2-metadata-default (default-p2-metadata-default) @ org.palladiosimulator.reliability.markov ---
2026-09-08T06:04:15.4674480Z [INFO] 
2026-09-08T06:04:15.4705051Z [INFO] --- tycho-source:2.7.5:feature-source (feature-source) @ org.palladiosimulator.reliability.markov ---
2026-09-08T06:04:15.4706057Z [INFO] 
2026-09-08T06:04:15.4706858Z [INFO] --- tycho-p2:2.7.5:p2-metadata (attached-p2-metadata) @ org.palladiosimulator.reliability.markov ---
2026-09-08T06:04:15.4708714Z [WARNING] artifact org.palladiosimulator.reliability:org.palladiosimulator.reliability.markov:xml:p2metadata:5.2.2 already attached, replace previous instance
2026-09-08T06:04:15.4710947Z [WARNING] artifact org.palladiosimulator.reliability:org.palladiosimulator.reliability.markov:xml:p2artifacts:5.2.2 already attached, replace previous instance
2026-09-08T06:04:15.4712298Z [INFO] 
2026-09-08T06:04:15.4713093Z [INFO] --- checkstyle:3.1.2:check (palladio-checkstyle) @ org.palladiosimulator.reliability.markov ---
2026-09-08T06:04:15.7833019Z [INFO] You have 0 Checkstyle violations.
2026-09-08T06:04:15.7855055Z [INFO] 
2026-09-08T06:04:15.7885854Z [INFO] --- tycho-surefire:2.7.5:integration-test (default-integration-test) @ org.palladiosimulator.reliability.markov ---
2026-09-08T06:04:15.7895054Z [INFO] 
2026-09-08T06:04:15.7896022Z [INFO] --- failsafe:2.22.2:verify (default-verify) @ org.palladiosimulator.reliability.markov ---
2026-09-08T06:04:15.7897181Z [INFO] No tests to run.
2026-09-08T06:04:15.7897806Z [INFO] 
2026-09-08T06:04:15.7898689Z [INFO] --< org.palladiosimulator.reliability:org.palladiosimulator.reliability.markov.edit >--
2026-09-08T06:04:15.7899969Z [INFO] Building [bundle] Markov Edit Support 5.2.2                       [5/16]
2026-09-08T06:04:15.7923604Z [INFO]   from bundles/org.palladiosimulator.reliability.markov.edit/.polyglot.META-INF
2026-09-08T06:04:15.7925130Z [INFO] ---------------------------[ eclipse-plugin ]---------------------------
2026-09-08T06:04:15.7926038Z [INFO] 
2026-09-08T06:04:15.7927095Z [INFO] --- tycho-packaging:2.7.5:build-qualifier (default-build-qualifier) @ org.palladiosimulator.reliability.markov.edit ---
2026-09-08T06:04:15.7930008Z [INFO] The project's OSGi version is 5.2.2
2026-09-08T06:04:15.7930765Z [INFO] 
2026-09-08T06:04:15.7932101Z [INFO] --- tycho-packaging:2.7.5:validate-id (default-validate-id) @ org.palladiosimulator.reliability.markov.edit ---
2026-09-08T06:04:15.7935729Z [INFO] 
2026-09-08T06:04:15.7946473Z [INFO] --- tycho-packaging:2.7.5:validate-version (default-validate-version) @ org.palladiosimulator.reliability.markov.edit ---
2026-09-08T06:04:15.7947756Z [INFO] 
2026-09-08T06:04:15.7949059Z [INFO] --- target-platform-configuration:2.7.5:target-platform (default-target-platform) @ org.palladiosimulator.reliability.markov.edit ---
2026-09-08T06:04:15.8110966Z [INFO] 
2026-09-08T06:04:15.8112393Z [INFO] --- tycho-compiler:2.7.5:validate-classpath (default-validate-classpath) @ org.palladiosimulator.reliability.markov.edit ---
2026-09-08T06:04:15.8124079Z [INFO] Resolving class path of [bundle] Markov Edit Support...
2026-09-08T06:04:15.8294339Z [INFO] 
2026-09-08T06:04:15.8299441Z [INFO] --- xtend:2.39.0:compile (default) @ org.palladiosimulator.reliability.markov.edit ---
2026-09-08T06:04:16.0085032Z [INFO] 
2026-09-08T06:04:16.0086203Z [INFO] --- resources:2.4.3:resources (default-resources) @ org.palladiosimulator.reliability.markov.edit ---
2026-09-08T06:04:16.0152117Z [INFO] Using 'UTF-8' encoding to copy filtered resources.
2026-09-08T06:04:16.0154401Z [INFO] skip non existing resourceDirectory /home/runner/work/telemetry-availability-identification/telemetry-availability-identification/palladio-source/bundles/org.palladiosimulator.reliability.markov.edit/src/main/resources
2026-09-08T06:04:16.0156245Z [INFO] 
2026-09-08T06:04:16.0157441Z [INFO] --- tycho-compiler:2.7.5:compile (default-compile) @ org.palladiosimulator.reliability.markov.edit ---
2026-09-08T06:04:16.0160397Z [WARNING] Parameter 'useProjectSettings' is set to true, but preferences file '/home/runner/work/telemetry-availability-identification/telemetry-availability-identification/palladio-source/bundles/org.palladiosimulator.reliability.markov.edit/.settings/org.eclipse.jdt.core.prefs' could not be found!
2026-09-08T06:04:16.0162855Z [INFO] Nothing to compile - all classes are up to date
2026-09-08T06:04:16.0163410Z [INFO] 
2026-09-08T06:04:16.0164606Z [INFO] --- tycho-ds:2.7.5:declarative-services (default-declarative-services) @ org.palladiosimulator.reliability.markov.edit ---
2026-09-08T06:04:16.0165720Z [INFO] 
2026-09-08T06:04:16.0166511Z [INFO] --- jacoco:0.8.13:prepare-agent (jacoco-prepare) @ org.palladiosimulator.reliability.markov.edit ---
2026-09-08T06:04:16.0169576Z [INFO] argLine set to -javaagent:/home/runner/work/_temp/m9v-recovery-maven-repository/org/jacoco/org.jacoco.agent/0.8.13/org.jacoco.agent-0.8.13-runtime.jar=destfile=/home/runner/work/telemetry-availability-identification/telemetry-availability-identification/palladio-source/bundles/org.palladiosimulator.reliability.markov.edit/target/jacoco.exec
2026-09-08T06:04:16.0172151Z [INFO] 
2026-09-08T06:04:16.0173013Z [INFO] --- resources:2.4.3:testResources (default-testResources) @ org.palladiosimulator.reliability.markov.edit ---
2026-09-08T06:04:16.0174455Z [INFO] Using 'UTF-8' encoding to copy filtered resources.
2026-09-08T06:04:16.0176383Z [INFO] skip non existing resourceDirectory /home/runner/work/telemetry-availability-identification/telemetry-availability-identification/palladio-source/bundles/org.palladiosimulator.reliability.markov.edit/src/test/resources
2026-09-08T06:04:16.0178188Z [INFO] 
2026-09-08T06:04:16.0179039Z [INFO] --- tycho-compiler:2.7.5:testCompile (default-testCompile) @ org.palladiosimulator.reliability.markov.edit ---
2026-09-08T06:04:16.0180035Z [INFO] 
2026-09-08T06:04:16.0185029Z [INFO] --- surefire:2.22.2:test (default-test) @ org.palladiosimulator.reliability.markov.edit ---
2026-09-08T06:04:16.0245685Z [INFO] No tests to run.
2026-09-08T06:04:16.0269018Z [INFO] 
2026-09-08T06:04:16.0287003Z [INFO] --- tycho-packaging:2.7.5:update-consumer-pom (default-update-consumer-pom) @ org.palladiosimulator.reliability.markov.edit ---
2026-09-08T06:04:16.0311954Z [INFO] 
2026-09-08T06:04:16.0313330Z [INFO] --- tycho-source:2.7.5:plugin-source (plugin-source) @ org.palladiosimulator.reliability.markov.edit ---
2026-09-08T06:04:16.0316781Z [INFO] Building jar: /home/runner/work/telemetry-availability-identification/telemetry-availability-identification/palladio-source/bundles/org.palladiosimulator.reliability.markov.edit/target/org.palladiosimulator.reliability.markov.edit-5.2.2-sources.jar
2026-09-08T06:04:16.0365015Z [INFO] 
2026-09-08T06:04:16.0366174Z [INFO] --- tycho-packaging:2.7.5:package-plugin (default-package-plugin) @ org.palladiosimulator.reliability.markov.edit ---
2026-09-08T06:04:16.0394490Z [INFO] Building jar: /home/runner/work/telemetry-availability-identification/telemetry-availability-identification/palladio-source/bundles/org.palladiosimulator.reliability.markov.edit/target/org.palladiosimulator.reliability.markov.edit-5.2.2.jar
2026-09-08T06:04:16.0524930Z [INFO] 
2026-09-08T06:04:16.0555364Z [INFO] --- tycho-p2:2.7.5:p2-metadata-default (default-p2-metadata-default) @ org.palladiosimulator.reliability.markov.edit ---
2026-09-08T06:04:16.0574848Z [INFO] 
2026-09-08T06:04:16.0575989Z [INFO] --- tycho-source:2.7.5:feature-source (feature-source) @ org.palladiosimulator.reliability.markov.edit ---
2026-09-08T06:04:16.0577230Z [INFO] 
2026-09-08T06:04:16.0578285Z [INFO] --- tycho-p2:2.7.5:p2-metadata (attached-p2-metadata) @ org.palladiosimulator.reliability.markov.edit ---
2026-09-08T06:04:16.0596746Z [WARNING] artifact org.palladiosimulator.reliability:org.palladiosimulator.reliability.markov.edit:xml:p2metadata:5.2.2 already attached, replace previous instance
2026-09-08T06:04:16.0616007Z [WARNING] artifact org.palladiosimulator.reliability:org.palladiosimulator.reliability.markov.edit:xml:p2artifacts:5.2.2 already attached, replace previous instance
2026-09-08T06:04:16.0624793Z [INFO] 
2026-09-08T06:04:16.0625632Z [INFO] --- checkstyle:3.1.2:check (palladio-checkstyle) @ org.palladiosimulator.reliability.markov.edit ---
2026-09-08T06:04:16.1504871Z [INFO] You have 0 Checkstyle violations.
2026-09-08T06:04:16.1525509Z [INFO] 
2026-09-08T06:04:16.1575378Z [INFO] --- tycho-surefire:2.7.5:integration-test (default-integration-test) @ org.palladiosimulator.reliability.markov.edit ---
2026-09-08T06:04:16.1578456Z [INFO] 
2026-09-08T06:04:16.1579483Z [INFO] --- failsafe:2.22.2:verify (default-verify) @ org.palladiosimulator.reliability.markov.edit ---
2026-09-08T06:04:16.1580618Z [INFO] No tests to run.
2026-09-08T06:04:16.1581208Z [INFO] 
2026-09-08T06:04:16.1582187Z [INFO] --< org.palladiosimulator.reliability:org.palladiosimulator.reliability.markov.editor >--
2026-09-08T06:04:16.1583551Z [INFO] Building [bundle] Markov Editor 5.2.2                             [6/16]
2026-09-08T06:04:16.1585096Z [INFO]   from bundles/org.palladiosimulator.reliability.markov.editor/.polyglot.META-INF
2026-09-08T06:04:16.1586319Z [INFO] ---------------------------[ eclipse-plugin ]---------------------------
2026-09-08T06:04:16.1718430Z [INFO] 
2026-09-08T06:04:16.1727147Z [INFO] --- tycho-packaging:2.7.5:build-qualifier (default-build-qualifier) @ org.palladiosimulator.reliability.markov.editor ---
2026-09-08T06:04:16.1731394Z [INFO] The project's OSGi version is 5.2.2
2026-09-08T06:04:16.1732127Z [INFO] 
2026-09-08T06:04:16.1733235Z [INFO] --- tycho-packaging:2.7.5:validate-id (default-validate-id) @ org.palladiosimulator.reliability.markov.editor ---
2026-09-08T06:04:16.1734739Z [INFO] 
2026-09-08T06:04:16.1735966Z [INFO] --- tycho-packaging:2.7.5:validate-version (default-validate-version) @ org.palladiosimulator.reliability.markov.editor ---
2026-09-08T06:04:16.1737328Z [INFO] 
2026-09-08T06:04:16.1738626Z [INFO] --- target-platform-configuration:2.7.5:target-platform (default-target-platform) @ org.palladiosimulator.reliability.markov.editor ---
2026-09-08T06:04:16.1785325Z [INFO] 
2026-09-08T06:04:16.1786680Z [INFO] --- tycho-compiler:2.7.5:validate-classpath (default-validate-classpath) @ org.palladiosimulator.reliability.markov.editor ---
2026-09-08T06:04:16.1788751Z [INFO] Resolving class path of [bundle] Markov Editor...
2026-09-08T06:04:16.2864576Z [INFO] 
2026-09-08T06:04:16.2868841Z [INFO] --- xtend:2.39.0:compile (default) @ org.palladiosimulator.reliability.markov.editor ---
2026-09-08T06:04:16.5795376Z [INFO] 
2026-09-08T06:04:16.5796586Z [INFO] --- resources:2.4.3:resources (default-resources) @ org.palladiosimulator.reliability.markov.editor ---
2026-09-08T06:04:16.5824664Z [INFO] Using 'UTF-8' encoding to copy filtered resources.
2026-09-08T06:04:16.5846760Z [INFO] skip non existing resourceDirectory /home/runner/work/telemetry-availability-identification/telemetry-availability-identification/palladio-source/bundles/org.palladiosimulator.reliability.markov.editor/src/main/resources
2026-09-08T06:04:16.5854837Z [INFO] 
2026-09-08T06:04:16.5855864Z [INFO] --- tycho-compiler:2.7.5:compile (default-compile) @ org.palladiosimulator.reliability.markov.editor ---
2026-09-08T06:04:16.5859134Z [WARNING] Parameter 'useProjectSettings' is set to true, but preferences file '/home/runner/work/telemetry-availability-identification/telemetry-availability-identification/palladio-source/bundles/org.palladiosimulator.reliability.markov.editor/.settings/org.eclipse.jdt.core.prefs' could not be found!
2026-09-08T06:04:16.5865273Z [INFO] Nothing to compile - all classes are up to date
2026-09-08T06:04:16.5866045Z [INFO] 
2026-09-08T06:04:16.5867188Z [INFO] --- tycho-ds:2.7.5:declarative-services (default-declarative-services) @ org.palladiosimulator.reliability.markov.editor ---
2026-09-08T06:04:16.5868464Z [INFO] 
2026-09-08T06:04:16.5869425Z [INFO] --- jacoco:0.8.13:prepare-agent (jacoco-prepare) @ org.palladiosimulator.reliability.markov.editor ---
2026-09-08T06:04:16.5872916Z [INFO] argLine set to -javaagent:/home/runner/work/_temp/m9v-recovery-maven-repository/org/jacoco/org.jacoco.agent/0.8.13/org.jacoco.agent-0.8.13-runtime.jar=destfile=/home/runner/work/telemetry-availability-identification/telemetry-availability-identification/palladio-source/bundles/org.palladiosimulator.reliability.markov.editor/target/jacoco.exec
2026-09-08T06:04:16.5904533Z [INFO] 
2026-09-08T06:04:16.5934961Z [INFO] --- resources:2.4.3:testResources (default-testResources) @ org.palladiosimulator.reliability.markov.editor ---
2026-09-08T06:04:16.5964728Z [INFO] Using 'UTF-8' encoding to copy filtered resources.
2026-09-08T06:04:16.5975849Z [INFO] skip non existing resourceDirectory /home/runner/work/telemetry-availability-identification/telemetry-availability-identification/palladio-source/bundles/org.palladiosimulator.reliability.markov.editor/src/test/resources
2026-09-08T06:04:16.6005897Z [INFO] 
2026-09-08T06:04:16.6035177Z [INFO] --- tycho-compiler:2.7.5:testCompile (default-testCompile) @ org.palladiosimulator.reliability.markov.editor ---
2026-09-08T06:04:16.6036339Z [INFO] 
2026-09-08T06:04:16.6037250Z [INFO] --- surefire:2.22.2:test (default-test) @ org.palladiosimulator.reliability.markov.editor ---
2026-09-08T06:04:16.6038349Z [INFO] No tests to run.
2026-09-08T06:04:16.6038897Z [INFO] 
2026-09-08T06:04:16.6040012Z [INFO] --- tycho-packaging:2.7.5:update-consumer-pom (default-update-consumer-pom) @ org.palladiosimulator.reliability.markov.editor ---
2026-09-08T06:04:16.6041284Z [INFO] 
2026-09-08T06:04:16.6042239Z [INFO] --- tycho-source:2.7.5:plugin-source (plugin-source) @ org.palladiosimulator.reliability.markov.editor ---
2026-09-08T06:04:16.6045083Z [INFO] Building jar: /home/runner/work/telemetry-availability-identification/telemetry-availability-identification/palladio-source/bundles/org.palladiosimulator.reliability.markov.editor/target/org.palladiosimulator.reliability.markov.editor-5.2.2-sources.jar
2026-09-08T06:04:16.6047287Z [INFO] 
2026-09-08T06:04:16.6048360Z [INFO] --- tycho-packaging:2.7.5:package-plugin (default-package-plugin) @ org.palladiosimulator.reliability.markov.editor ---
2026-09-08T06:04:16.6131659Z [INFO] Building jar: /home/runner/work/telemetry-availability-identification/telemetry-availability-identification/palladio-source/bundles/org.palladiosimulator.reliability.markov.editor/target/org.palladiosimulator.reliability.markov.editor-5.2.2.jar
2026-09-08T06:04:16.6355634Z [INFO] 
2026-09-08T06:04:16.6356727Z [INFO] --- tycho-p2:2.7.5:p2-metadata-default (default-p2-metadata-default) @ org.palladiosimulator.reliability.markov.editor ---
2026-09-08T06:04:16.6383464Z [INFO] 
2026-09-08T06:04:16.6384983Z [INFO] --- tycho-source:2.7.5:feature-source (feature-source) @ org.palladiosimulator.reliability.markov.editor ---
2026-09-08T06:04:16.6391447Z [INFO] 
2026-09-08T06:04:16.6392528Z [INFO] --- tycho-p2:2.7.5:p2-metadata (attached-p2-metadata) @ org.palladiosimulator.reliability.markov.editor ---
2026-09-08T06:04:16.6438132Z [WARNING] artifact org.palladiosimulator.reliability:org.palladiosimulator.reliability.markov.editor:xml:p2metadata:5.2.2 already attached, replace previous instance
2026-09-08T06:04:16.6440812Z [WARNING] artifact org.palladiosimulator.reliability:org.palladiosimulator.reliability.markov.editor:xml:p2artifacts:5.2.2 already attached, replace previous instance
2026-09-08T06:04:16.6442331Z [INFO] 
2026-09-08T06:04:16.6443303Z [INFO] --- checkstyle:3.1.2:check (palladio-checkstyle) @ org.palladiosimulator.reliability.markov.editor ---
2026-09-08T06:04:17.2594881Z [INFO] You have 0 Checkstyle violations.
2026-09-08T06:04:17.2624636Z [INFO] 
2026-09-08T06:04:17.2650407Z [INFO] --- tycho-surefire:2.7.5:integration-test (default-integration-test) @ org.palladiosimulator.reliability.markov.editor ---
2026-09-08T06:04:17.2664562Z [INFO] 
2026-09-08T06:04:17.2714959Z [INFO] --- failsafe:2.22.2:verify (default-verify) @ org.palladiosimulator.reliability.markov.editor ---
2026-09-08T06:04:17.2724628Z [INFO] No tests to run.
2026-09-08T06:04:17.2725090Z [INFO] 
2026-09-08T06:04:17.2726342Z [INFO] --< org.palladiosimulator.reliability:org.palladiosimulator.reliability.sensitivity >--
2026-09-08T06:04:17.2727567Z [INFO] Building [bundle] PCM Markov Sensitivity Model 5.2.2              [7/16]
2026-09-08T06:04:17.2728654Z [INFO]   from bundles/org.palladiosimulator.reliability.sensitivity/.polyglot.META-INF
2026-09-08T06:04:17.2729704Z [INFO] ---------------------------[ eclipse-plugin ]---------------------------
2026-09-08T06:04:17.2894759Z [INFO] 
2026-09-08T06:04:17.2935315Z [INFO] --- tycho-packaging:2.7.5:build-qualifier (default-build-qualifier) @ org.palladiosimulator.reliability.sensitivity ---
2026-09-08T06:04:17.2954642Z [INFO] The project's OSGi version is 5.2.2
2026-09-08T06:04:17.2994374Z [INFO] 
2026-09-08T06:04:17.3025011Z [INFO] --- tycho-packaging:2.7.5:validate-id (default-validate-id) @ org.palladiosimulator.reliability.sensitivity ---
2026-09-08T06:04:17.3044948Z [INFO] 
2026-09-08T06:04:17.3085087Z [INFO] --- tycho-packaging:2.7.5:validate-version (default-validate-version) @ org.palladiosimulator.reliability.sensitivity ---
2026-09-08T06:04:17.3114370Z [INFO] 
2026-09-08T06:04:17.3145218Z [INFO] --- target-platform-configuration:2.7.5:target-platform (default-target-platform) @ org.palladiosimulator.reliability.sensitivity ---
2026-09-08T06:04:17.3174383Z [INFO] 
2026-09-08T06:04:17.3205093Z [INFO] --- tycho-compiler:2.7.5:validate-classpath (default-validate-classpath) @ org.palladiosimulator.reliability.sensitivity ---
2026-09-08T06:04:17.3234562Z [INFO] Resolving class path of [bundle] PCM Markov Sensitivity Model...
2026-09-08T06:04:17.3980547Z [INFO] 
2026-09-08T06:04:17.3995352Z [INFO] --- xtend:2.39.0:compile (default) @ org.palladiosimulator.reliability.sensitivity ---
2026-09-08T06:04:17.9354771Z [INFO] 
2026-09-08T06:04:17.9374180Z [INFO] --- resources:2.4.3:resources (default-resources) @ org.palladiosimulator.reliability.sensitivity ---
2026-09-08T06:04:17.9378894Z [INFO] Using 'UTF-8' encoding to copy filtered resources.
2026-09-08T06:04:17.9406015Z [INFO] skip non existing resourceDirectory /home/runner/work/telemetry-availability-identification/telemetry-availability-identification/palladio-source/bundles/org.palladiosimulator.reliability.sensitivity/src/main/resources
2026-09-08T06:04:17.9415034Z [INFO] 
2026-09-08T06:04:17.9416054Z [INFO] --- tycho-compiler:2.7.5:compile (default-compile) @ org.palladiosimulator.reliability.sensitivity ---
2026-09-08T06:04:17.9419443Z [WARNING] Parameter 'useProjectSettings' is set to true, but preferences file '/home/runner/work/telemetry-availability-identification/telemetry-availability-identification/palladio-source/bundles/org.palladiosimulator.reliability.sensitivity/.settings/org.eclipse.jdt.core.prefs' could not be found!
2026-09-08T06:04:17.9422154Z [INFO] Nothing to compile - all classes are up to date
2026-09-08T06:04:17.9422964Z [INFO] 
2026-09-08T06:04:17.9424388Z [INFO] --- tycho-ds:2.7.5:declarative-services (default-declarative-services) @ org.palladiosimulator.reliability.sensitivity ---
2026-09-08T06:04:17.9425764Z [INFO] 
2026-09-08T06:04:17.9454984Z [INFO] --- jacoco:0.8.13:prepare-agent (jacoco-prepare) @ org.palladiosimulator.reliability.sensitivity ---
2026-09-08T06:04:17.9482814Z [INFO] argLine set to -javaagent:/home/runner/work/_temp/m9v-recovery-maven-repository/org/jacoco/org.jacoco.agent/0.8.13/org.jacoco.agent-0.8.13-runtime.jar=destfile=/home/runner/work/telemetry-availability-identification/telemetry-availability-identification/palladio-source/bundles/org.palladiosimulator.reliability.sensitivity/target/jacoco.exec
2026-09-08T06:04:17.9486259Z [INFO] 
2026-09-08T06:04:17.9515211Z [INFO] --- resources:2.4.3:testResources (default-testResources) @ org.palladiosimulator.reliability.sensitivity ---
2026-09-08T06:04:17.9544721Z [INFO] Using 'UTF-8' encoding to copy filtered resources.
2026-09-08T06:04:17.9556270Z [INFO] skip non existing resourceDirectory /home/runner/work/telemetry-availability-identification/telemetry-availability-identification/palladio-source/bundles/org.palladiosimulator.reliability.sensitivity/src/test/resources
2026-09-08T06:04:17.9584367Z [INFO] 
2026-09-08T06:04:17.9596132Z [INFO] --- tycho-compiler:2.7.5:testCompile (default-testCompile) @ org.palladiosimulator.reliability.sensitivity ---
2026-09-08T06:04:17.9614382Z [INFO] 
2026-09-08T06:04:17.9615166Z [INFO] --- surefire:2.22.2:test (default-test) @ org.palladiosimulator.reliability.sensitivity ---
2026-09-08T06:04:17.9616180Z [INFO] No tests to run.
2026-09-08T06:04:17.9618330Z [INFO] 
2026-09-08T06:04:17.9619396Z [INFO] --- tycho-packaging:2.7.5:update-consumer-pom (default-update-consumer-pom) @ org.palladiosimulator.reliability.sensitivity ---
2026-09-08T06:04:17.9620521Z [INFO] 
2026-09-08T06:04:17.9621327Z [INFO] --- tycho-source:2.7.5:plugin-source (plugin-source) @ org.palladiosimulator.reliability.sensitivity ---
2026-09-08T06:04:17.9624145Z [INFO] Building jar: /home/runner/work/telemetry-availability-identification/telemetry-availability-identification/palladio-source/bundles/org.palladiosimulator.reliability.sensitivity/target/org.palladiosimulator.reliability.sensitivity-5.2.2-sources.jar
2026-09-08T06:04:17.9854720Z [INFO] 
2026-09-08T06:04:17.9856193Z [INFO] --- tycho-packaging:2.7.5:package-plugin (default-package-plugin) @ org.palladiosimulator.reliability.sensitivity ---
2026-09-08T06:04:17.9982969Z [INFO] Building jar: /home/runner/work/telemetry-availability-identification/telemetry-availability-identification/palladio-source/bundles/org.palladiosimulator.reliability.sensitivity/target/org.palladiosimulator.reliability.sensitivity-5.2.2.jar
2026-09-08T06:04:18.0201697Z [INFO] 
2026-09-08T06:04:18.0203058Z [INFO] --- tycho-p2:2.7.5:p2-metadata-default (default-p2-metadata-default) @ org.palladiosimulator.reliability.sensitivity ---
2026-09-08T06:04:18.0266445Z [INFO] 
2026-09-08T06:04:18.0267551Z [INFO] --- tycho-source:2.7.5:feature-source (feature-source) @ org.palladiosimulator.reliability.sensitivity ---
2026-09-08T06:04:18.0284519Z [INFO] 
2026-09-08T06:04:18.0287409Z [INFO] --- tycho-p2:2.7.5:p2-metadata (attached-p2-metadata) @ org.palladiosimulator.reliability.sensitivity ---
2026-09-08T06:04:18.0331051Z [WARNING] artifact org.palladiosimulator.reliability:org.palladiosimulator.reliability.sensitivity:xml:p2metadata:5.2.2 already attached, replace previous instance
2026-09-08T06:04:18.0334061Z [WARNING] artifact org.palladiosimulator.reliability:org.palladiosimulator.reliability.sensitivity:xml:p2artifacts:5.2.2 already attached, replace previous instance
2026-09-08T06:04:18.0338132Z [INFO] 
2026-09-08T06:04:18.0339205Z [INFO] --- checkstyle:3.1.2:check (palladio-checkstyle) @ org.palladiosimulator.reliability.sensitivity ---
2026-09-08T06:04:18.8435065Z [INFO] You have 0 Checkstyle violations.
2026-09-08T06:04:18.8464635Z [INFO] 
2026-09-08T06:04:18.8495121Z [INFO] --- tycho-surefire:2.7.5:integration-test (default-integration-test) @ org.palladiosimulator.reliability.sensitivity ---
2026-09-08T06:04:18.8514492Z [INFO] 
2026-09-08T06:04:18.8525460Z [INFO] --- failsafe:2.22.2:verify (default-verify) @ org.palladiosimulator.reliability.sensitivity ---
2026-09-08T06:04:18.8526643Z [INFO] No tests to run.
2026-09-08T06:04:18.8527307Z [INFO] 
2026-09-08T06:04:18.8528390Z [INFO] --< org.palladiosimulator.reliability:org.palladiosimulator.reliability.sensitivity.edit >--
2026-09-08T06:04:18.8529921Z [INFO] Building [bundle] EMF Edit Plug-in for PCM Markov Sensitivity Model 5.2.2 [8/16]
2026-09-08T06:04:18.8531410Z [INFO]   from bundles/org.palladiosimulator.reliability.sensitivity.edit/.polyglot.META-INF
2026-09-08T06:04:18.8532800Z [INFO] ---------------------------[ eclipse-plugin ]---------------------------
2026-09-08T06:04:18.8705612Z [INFO] 
2026-09-08T06:04:18.8707053Z [INFO] --- tycho-packaging:2.7.5:build-qualifier (default-build-qualifier) @ org.palladiosimulator.reliability.sensitivity.edit ---
2026-09-08T06:04:18.8716448Z [INFO] The project's OSGi version is 5.2.2
2026-09-08T06:04:18.8732930Z [INFO] 
2026-09-08T06:04:18.8734818Z [INFO] --- tycho-packaging:2.7.5:validate-id (default-validate-id) @ org.palladiosimulator.reliability.sensitivity.edit ---
2026-09-08T06:04:18.8736164Z [INFO] 
2026-09-08T06:04:18.8737392Z [INFO] --- tycho-packaging:2.7.5:validate-version (default-validate-version) @ org.palladiosimulator.reliability.sensitivity.edit ---
2026-09-08T06:04:18.8738720Z [INFO] 
2026-09-08T06:04:18.8761319Z [INFO] --- target-platform-configuration:2.7.5:target-platform (default-target-platform) @ org.palladiosimulator.reliability.sensitivity.edit ---
2026-09-08T06:04:18.8776628Z [INFO] 
2026-09-08T06:04:18.8777902Z [INFO] --- tycho-compiler:2.7.5:validate-classpath (default-validate-classpath) @ org.palladiosimulator.reliability.sensitivity.edit ---
2026-09-08T06:04:18.8780174Z [INFO] Resolving class path of [bundle] EMF Edit Plug-in for PCM Markov Sensitivity Model...
2026-09-08T06:04:18.9920292Z [INFO] 
2026-09-08T06:04:18.9945388Z [INFO] --- xtend:2.39.0:compile (default) @ org.palladiosimulator.reliability.sensitivity.edit ---
2026-09-08T06:04:19.1660045Z [INFO] 
2026-09-08T06:04:19.1661751Z [INFO] --- resources:2.4.3:resources (default-resources) @ org.palladiosimulator.reliability.sensitivity.edit ---
2026-09-08T06:04:19.1669488Z [INFO] Using 'UTF-8' encoding to copy filtered resources.
2026-09-08T06:04:19.1671701Z [INFO] skip non existing resourceDirectory /home/runner/work/telemetry-availability-identification/telemetry-availability-identification/palladio-source/bundles/org.palladiosimulator.reliability.sensitivity.edit/src/main/resources
2026-09-08T06:04:19.1673785Z [INFO] 
2026-09-08T06:04:19.1675063Z [INFO] --- tycho-compiler:2.7.5:compile (default-compile) @ org.palladiosimulator.reliability.sensitivity.edit ---
2026-09-08T06:04:19.1696009Z [WARNING] Parameter 'useProjectSettings' is set to true, but preferences file '/home/runner/work/telemetry-availability-identification/telemetry-availability-identification/palladio-source/bundles/org.palladiosimulator.reliability.sensitivity.edit/.settings/org.eclipse.jdt.core.prefs' could not be found!
2026-09-08T06:04:19.1712935Z [INFO] Nothing to compile - all classes are up to date
2026-09-08T06:04:19.1727144Z [INFO] 
2026-09-08T06:04:19.1728581Z [INFO] --- tycho-ds:2.7.5:declarative-services (default-declarative-services) @ org.palladiosimulator.reliability.sensitivity.edit ---
2026-09-08T06:04:19.1739363Z [INFO] 
2026-09-08T06:04:19.1740629Z [INFO] --- jacoco:0.8.13:prepare-agent (jacoco-prepare) @ org.palladiosimulator.reliability.sensitivity.edit ---
2026-09-08T06:04:19.1757769Z [INFO] argLine set to -javaagent:/home/runner/work/_temp/m9v-recovery-maven-repository/org/jacoco/org.jacoco.agent/0.8.13/org.jacoco.agent-0.8.13-runtime.jar=destfile=/home/runner/work/telemetry-availability-identification/telemetry-availability-identification/palladio-source/bundles/org.palladiosimulator.reliability.sensitivity.edit/target/jacoco.exec
2026-09-08T06:04:19.1760879Z [INFO] 
2026-09-08T06:04:19.1762086Z [INFO] --- resources:2.4.3:testResources (default-testResources) @ org.palladiosimulator.reliability.sensitivity.edit ---
2026-09-08T06:04:19.1763421Z [INFO] Using 'UTF-8' encoding to copy filtered resources.
2026-09-08T06:04:19.1765772Z [INFO] skip non existing resourceDirectory /home/runner/work/telemetry-availability-identification/telemetry-availability-identification/palladio-source/bundles/org.palladiosimulator.reliability.sensitivity.edit/src/test/resources
2026-09-08T06:04:19.1767806Z [INFO] 
2026-09-08T06:04:19.1768846Z [INFO] --- tycho-compiler:2.7.5:testCompile (default-testCompile) @ org.palladiosimulator.reliability.sensitivity.edit ---
2026-09-08T06:04:19.1789204Z [INFO] 
2026-09-08T06:04:19.1790410Z [INFO] --- surefire:2.22.2:test (default-test) @ org.palladiosimulator.reliability.sensitivity.edit ---
2026-09-08T06:04:19.1834535Z [INFO] No tests to run.
2026-09-08T06:04:19.1864493Z [INFO] 
2026-09-08T06:04:19.1875599Z [INFO] --- tycho-packaging:2.7.5:update-consumer-pom (default-update-consumer-pom) @ org.palladiosimulator.reliability.sensitivity.edit ---
2026-09-08T06:04:19.1892035Z [INFO] 
2026-09-08T06:04:19.1905831Z [INFO] --- tycho-source:2.7.5:plugin-source (plugin-source) @ org.palladiosimulator.reliability.sensitivity.edit ---
2026-09-08T06:04:19.1914760Z [INFO] Building jar: /home/runner/work/telemetry-availability-identification/telemetry-availability-identification/palladio-source/bundles/org.palladiosimulator.reliability.sensitivity.edit/target/org.palladiosimulator.reliability.sensitivity.edit-5.2.2-sources.jar
2026-09-08T06:04:19.2011565Z [INFO] 
2026-09-08T06:04:19.2013349Z [INFO] --- tycho-packaging:2.7.5:package-plugin (default-package-plugin) @ org.palladiosimulator.reliability.sensitivity.edit ---
2026-09-08T06:04:19.2080005Z [INFO] Building jar: /home/runner/work/telemetry-availability-identification/telemetry-availability-identification/palladio-source/bundles/org.palladiosimulator.reliability.sensitivity.edit/target/org.palladiosimulator.reliability.sensitivity.edit-5.2.2.jar
2026-09-08T06:04:19.2290645Z [INFO] 
2026-09-08T06:04:19.2306034Z [INFO] --- tycho-p2:2.7.5:p2-metadata-default (default-p2-metadata-default) @ org.palladiosimulator.reliability.sensitivity.edit ---
2026-09-08T06:04:19.2354549Z [INFO] 
2026-09-08T06:04:19.2385065Z [INFO] --- tycho-source:2.7.5:feature-source (feature-source) @ org.palladiosimulator.reliability.sensitivity.edit ---
2026-09-08T06:04:19.2409547Z [INFO] 
2026-09-08T06:04:19.2410587Z [INFO] --- tycho-p2:2.7.5:p2-metadata (attached-p2-metadata) @ org.palladiosimulator.reliability.sensitivity.edit ---
2026-09-08T06:04:19.2412744Z [WARNING] artifact org.palladiosimulator.reliability:org.palladiosimulator.reliability.sensitivity.edit:xml:p2metadata:5.2.2 already attached, replace previous instance
2026-09-08T06:04:19.2415745Z [WARNING] artifact org.palladiosimulator.reliability:org.palladiosimulator.reliability.sensitivity.edit:xml:p2artifacts:5.2.2 already attached, replace previous instance
2026-09-08T06:04:19.2417248Z [INFO] 
2026-09-08T06:04:19.2418167Z [INFO] --- checkstyle:3.1.2:check (palladio-checkstyle) @ org.palladiosimulator.reliability.sensitivity.edit ---
2026-09-08T06:04:19.4625123Z [INFO] You have 0 Checkstyle violations.
2026-09-08T06:04:19.4654640Z [INFO] 
2026-09-08T06:04:19.4685186Z [INFO] --- tycho-surefire:2.7.5:integration-test (default-integration-test) @ org.palladiosimulator.reliability.sensitivity.edit ---
2026-09-08T06:04:19.4693200Z [INFO] 
2026-09-08T06:04:19.4694486Z [INFO] --- failsafe:2.22.2:verify (default-verify) @ org.palladiosimulator.reliability.sensitivity.edit ---
2026-09-08T06:04:19.4696067Z [INFO] No tests to run.
2026-09-08T06:04:19.4696697Z [INFO] 
2026-09-08T06:04:19.4697692Z [INFO] --< org.palladiosimulator.reliability:org.palladiosimulator.reliability.sensitivity.editor >--
2026-09-08T06:04:19.4699172Z [INFO] Building [bundle] EMF Editor Plug-in for PCM Markov Sensitivity Model 5.2.2 [9/16]
2026-09-08T06:04:19.4700559Z [INFO]   from bundles/org.palladiosimulator.reliability.sensitivity.editor/.polyglot.META-INF
2026-09-08T06:04:19.4701809Z [INFO] ---------------------------[ eclipse-plugin ]---------------------------
2026-09-08T06:04:19.4929261Z [INFO] 
2026-09-08T06:04:19.4930680Z [INFO] --- tycho-packaging:2.7.5:build-qualifier (default-build-qualifier) @ org.palladiosimulator.reliability.sensitivity.editor ---
2026-09-08T06:04:19.4936606Z [INFO] The project's OSGi version is 5.2.2
2026-09-08T06:04:19.4937301Z [INFO] 
2026-09-08T06:04:19.4938462Z [INFO] --- tycho-packaging:2.7.5:validate-id (default-validate-id) @ org.palladiosimulator.reliability.sensitivity.editor ---
2026-09-08T06:04:19.4960018Z [INFO] 
2026-09-08T06:04:19.4961279Z [INFO] --- tycho-packaging:2.7.5:validate-version (default-validate-version) @ org.palladiosimulator.reliability.sensitivity.editor ---
2026-09-08T06:04:19.4962548Z [INFO] 
2026-09-08T06:04:19.4963789Z [INFO] --- target-platform-configuration:2.7.5:target-platform (default-target-platform) @ org.palladiosimulator.reliability.sensitivity.editor ---
2026-09-08T06:04:19.4992204Z [INFO] 
2026-09-08T06:04:19.5013486Z [INFO] --- tycho-compiler:2.7.5:validate-classpath (default-validate-classpath) @ org.palladiosimulator.reliability.sensitivity.editor ---
2026-09-08T06:04:19.5015866Z [INFO] Resolving class path of [bundle] EMF Editor Plug-in for PCM Markov Sensitivity Model...
2026-09-08T06:04:19.6915162Z [INFO] 
2026-09-08T06:04:19.6935336Z [INFO] --- xtend:2.39.0:compile (default) @ org.palladiosimulator.reliability.sensitivity.editor ---
2026-09-08T06:04:20.1057384Z [INFO] 
2026-09-08T06:04:20.1065375Z [INFO] --- resources:2.4.3:resources (default-resources) @ org.palladiosimulator.reliability.sensitivity.editor ---
2026-09-08T06:04:20.1066916Z [INFO] Using 'UTF-8' encoding to copy filtered resources.
2026-09-08T06:04:20.1069209Z [INFO] skip non existing resourceDirectory /home/runner/work/telemetry-availability-identification/telemetry-availability-identification/palladio-source/bundles/org.palladiosimulator.reliability.sensitivity.editor/src/main/resources
2026-09-08T06:04:20.1088457Z [INFO] 
2026-09-08T06:04:20.1089614Z [INFO] --- tycho-compiler:2.7.5:compile (default-compile) @ org.palladiosimulator.reliability.sensitivity.editor ---
2026-09-08T06:04:20.1092956Z [WARNING] Parameter 'useProjectSettings' is set to true, but preferences file '/home/runner/work/telemetry-availability-identification/telemetry-availability-identification/palladio-source/bundles/org.palladiosimulator.reliability.sensitivity.editor/.settings/org.eclipse.jdt.core.prefs' could not be found!
2026-09-08T06:04:20.1096124Z [INFO] Nothing to compile - all classes are up to date
2026-09-08T06:04:20.1096895Z [INFO] 
2026-09-08T06:04:20.1098118Z [INFO] --- tycho-ds:2.7.5:declarative-services (default-declarative-services) @ org.palladiosimulator.reliability.sensitivity.editor ---
2026-09-08T06:04:20.1101671Z [INFO] 
2026-09-08T06:04:20.1102787Z [INFO] --- jacoco:0.8.13:prepare-agent (jacoco-prepare) @ org.palladiosimulator.reliability.sensitivity.editor ---
2026-09-08T06:04:20.1106535Z [INFO] argLine set to -javaagent:/home/runner/work/_temp/m9v-recovery-maven-repository/org/jacoco/org.jacoco.agent/0.8.13/org.jacoco.agent-0.8.13-runtime.jar=destfile=/home/runner/work/telemetry-availability-identification/telemetry-availability-identification/palladio-source/bundles/org.palladiosimulator.reliability.sensitivity.editor/target/jacoco.exec
2026-09-08T06:04:20.1109589Z [INFO] 
2026-09-08T06:04:20.1110732Z [INFO] --- resources:2.4.3:testResources (default-testResources) @ org.palladiosimulator.reliability.sensitivity.editor ---
2026-09-08T06:04:20.1112155Z [INFO] Using 'UTF-8' encoding to copy filtered resources.
2026-09-08T06:04:20.1114897Z [INFO] skip non existing resourceDirectory /home/runner/work/telemetry-availability-identification/telemetry-availability-identification/palladio-source/bundles/org.palladiosimulator.reliability.sensitivity.editor/src/test/resources
2026-09-08T06:04:20.1139117Z [INFO] 
2026-09-08T06:04:20.1140394Z [INFO] --- tycho-compiler:2.7.5:testCompile (default-testCompile) @ org.palladiosimulator.reliability.sensitivity.editor ---
2026-09-08T06:04:20.1141811Z [INFO] 
2026-09-08T06:04:20.1142888Z [INFO] --- surefire:2.22.2:test (default-test) @ org.palladiosimulator.reliability.sensitivity.editor ---
2026-09-08T06:04:20.1144399Z [INFO] No tests to run.
2026-09-08T06:04:20.1147193Z [INFO] 
2026-09-08T06:04:20.1148583Z [INFO] --- tycho-packaging:2.7.5:update-consumer-pom (default-update-consumer-pom) @ org.palladiosimulator.reliability.sensitivity.editor ---
2026-09-08T06:04:20.1179307Z [INFO] 
2026-09-08T06:04:20.1180758Z [INFO] --- tycho-source:2.7.5:plugin-source (plugin-source) @ org.palladiosimulator.reliability.sensitivity.editor ---
2026-09-08T06:04:20.1207892Z [INFO] Building jar: /home/runner/work/telemetry-availability-identification/telemetry-availability-identification/palladio-source/bundles/org.palladiosimulator.reliability.sensitivity.editor/target/org.palladiosimulator.reliability.sensitivity.editor-5.2.2-sources.jar
2026-09-08T06:04:20.1337719Z [INFO] 
2026-09-08T06:04:20.1339469Z [INFO] --- tycho-packaging:2.7.5:package-plugin (default-package-plugin) @ org.palladiosimulator.reliability.sensitivity.editor ---
2026-09-08T06:04:20.1405647Z [INFO] Building jar: /home/runner/work/telemetry-availability-identification/telemetry-availability-identification/palladio-source/bundles/org.palladiosimulator.reliability.sensitivity.editor/target/org.palladiosimulator.reliability.sensitivity.editor-5.2.2.jar
2026-09-08T06:04:20.1574251Z [INFO] 
2026-09-08T06:04:20.1575871Z [INFO] --- tycho-p2:2.7.5:p2-metadata-default (default-p2-metadata-default) @ org.palladiosimulator.reliability.sensitivity.editor ---
2026-09-08T06:04:20.1651235Z [INFO] 
2026-09-08T06:04:20.1663186Z [INFO] --- tycho-source:2.7.5:feature-source (feature-source) @ org.palladiosimulator.reliability.sensitivity.editor ---
2026-09-08T06:04:20.1664851Z [INFO] 
2026-09-08T06:04:20.1665967Z [INFO] --- tycho-p2:2.7.5:p2-metadata (attached-p2-metadata) @ org.palladiosimulator.reliability.sensitivity.editor ---
2026-09-08T06:04:20.1668418Z [WARNING] artifact org.palladiosimulator.reliability:org.palladiosimulator.reliability.sensitivity.editor:xml:p2metadata:5.2.2 already attached, replace previous instance
2026-09-08T06:04:20.1671184Z [WARNING] artifact org.palladiosimulator.reliability:org.palladiosimulator.reliability.sensitivity.editor:xml:p2artifacts:5.2.2 already attached, replace previous instance
2026-09-08T06:04:20.1672828Z [INFO] 
2026-09-08T06:04:20.1674183Z [INFO] --- checkstyle:3.1.2:check (palladio-checkstyle) @ org.palladiosimulator.reliability.sensitivity.editor ---
2026-09-08T06:04:20.3435469Z [INFO] You have 0 Checkstyle violations.
2026-09-08T06:04:20.3437591Z [INFO] 
2026-09-08T06:04:20.3438819Z [INFO] --- tycho-surefire:2.7.5:integration-test (default-integration-test) @ org.palladiosimulator.reliability.sensitivity.editor ---
2026-09-08T06:04:20.3460875Z [INFO] 
2026-09-08T06:04:20.3464587Z [INFO] --- failsafe:2.22.2:verify (default-verify) @ org.palladiosimulator.reliability.sensitivity.editor ---
2026-09-08T06:04:20.3473118Z [INFO] No tests to run.
2026-09-08T06:04:20.3473739Z [INFO] 
2026-09-08T06:04:20.3474905Z [INFO] --< org.palladiosimulator.reliability:org.palladiosimulator.reliability.solver >--
2026-09-08T06:04:20.3504855Z [INFO] Building [bundle] PCM Reliability Solver Plug-in 5.2.2           [10/16]
2026-09-08T06:04:20.3510190Z [INFO]   from bundles/org.palladiosimulator.reliability.solver/.polyglot.META-INF
2026-09-08T06:04:20.3511409Z [INFO] ---------------------------[ eclipse-plugin ]---------------------------
2026-09-08T06:04:20.8173741Z [WARNING] The POM for commons-cli:commons-cli:jar:1.4 is invalid, transitive dependencies (if any) will not be available: 1 problem was encountered while building the effective model for commons-cli:commons-cli:1.4
2026-09-08T06:04:20.8178584Z [FATAL] Non-parseable POM /home/runner/work/_temp/m9v-recovery-maven-repository/org/apache/commons/commons-parent/42/commons-parent-42.pom: UTF-8 BOM plus xml decl of ISO-8859-1 is incompatible (position: START_DOCUMENT seen <?xml version="1.0" encoding="ISO-8859-1"... @1:42)  @ /home/runner/work/_temp/m9v-recovery-maven-repository/org/apache/commons/commons-parent/42/commons-parent-42.pom, line 1, column 42
2026-09-08T06:04:20.8181548Z 
2026-09-08T06:04:20.8183235Z [WARNING] The POM for commons-logging:commons-logging:jar:1.1.3 is invalid, transitive dependencies (if any) will not be available: 1 problem was encountered while building the effective model for commons-logging:commons-logging:1.1.3
2026-09-08T06:04:20.8187768Z [FATAL] Non-parseable POM /home/runner/work/_temp/m9v-recovery-maven-repository/org/apache/commons/commons-parent/28/commons-parent-28.pom: UTF-8 BOM plus xml decl of ISO-8859-1 is incompatible (position: START_DOCUMENT seen <?xml version="1.0" encoding="ISO-8859-1"... @1:42)  @ /home/runner/work/_temp/m9v-recovery-maven-repository/org/apache/commons/commons-parent/28/commons-parent-28.pom, line 1, column 42
2026-09-08T06:04:20.8190672Z 
2026-09-08T06:04:21.1193006Z [INFO] 
2026-09-08T06:04:21.1194486Z [INFO] --- tycho-packaging:2.7.5:build-qualifier (default-build-qualifier) @ org.palladiosimulator.reliability.solver ---
2026-09-08T06:04:21.1201594Z [INFO] The project's OSGi version is 5.2.2
2026-09-08T06:04:21.1202631Z [INFO] 
2026-09-08T06:04:21.1219216Z [INFO] --- tycho-packaging:2.7.5:validate-id (default-validate-id) @ org.palladiosimulator.reliability.solver ---
2026-09-08T06:04:21.1220341Z [INFO] 
2026-09-08T06:04:21.1221409Z [INFO] --- tycho-packaging:2.7.5:validate-version (default-validate-version) @ org.palladiosimulator.reliability.solver ---
2026-09-08T06:04:21.1222590Z [INFO] 
2026-09-08T06:04:21.1223709Z [INFO] --- target-platform-configuration:2.7.5:target-platform (default-target-platform) @ org.palladiosimulator.reliability.solver ---
2026-09-08T06:04:21.1268273Z [INFO] 
2026-09-08T06:04:21.1269425Z [INFO] --- tycho-compiler:2.7.5:validate-classpath (default-validate-classpath) @ org.palladiosimulator.reliability.solver ---
2026-09-08T06:04:21.1272275Z [INFO] Resolving class path of [bundle] PCM Reliability Solver Plug-in...
2026-09-08T06:04:21.6878406Z [INFO] 
2026-09-08T06:04:21.6879575Z [INFO] --- xtend:2.39.0:compile (default) @ org.palladiosimulator.reliability.solver ---
2026-09-08T06:04:22.3945181Z [INFO] 
2026-09-08T06:04:22.3946932Z [INFO] --- resources:2.4.3:resources (default-resources) @ org.palladiosimulator.reliability.solver ---
2026-09-08T06:04:22.3948337Z [INFO] Using 'UTF-8' encoding to copy filtered resources.
2026-09-08T06:04:22.3950522Z [INFO] skip non existing resourceDirectory /home/runner/work/telemetry-availability-identification/telemetry-availability-identification/palladio-source/bundles/org.palladiosimulator.reliability.solver/src/main/resources
2026-09-08T06:04:22.3952543Z [INFO] 
2026-09-08T06:04:22.3953538Z [INFO] --- tycho-compiler:2.7.5:compile (default-compile) @ org.palladiosimulator.reliability.solver ---
2026-09-08T06:04:22.4008225Z [INFO] Nothing to compile - all classes are up to date
2026-09-08T06:04:22.4066074Z [INFO] 
2026-09-08T06:04:22.4067605Z [INFO] --- tycho-ds:2.7.5:declarative-services (default-declarative-services) @ org.palladiosimulator.reliability.solver ---
2026-09-08T06:04:22.4072392Z [INFO] 
2026-09-08T06:04:22.4073412Z [INFO] --- jacoco:0.8.13:prepare-agent (jacoco-prepare) @ org.palladiosimulator.reliability.solver ---
2026-09-08T06:04:22.4081772Z [INFO] argLine set to -javaagent:/home/runner/work/_temp/m9v-recovery-maven-repository/org/jacoco/org.jacoco.agent/0.8.13/org.jacoco.agent-0.8.13-runtime.jar=destfile=/home/runner/work/telemetry-availability-identification/telemetry-availability-identification/palladio-source/bundles/org.palladiosimulator.reliability.solver/target/jacoco.exec
2026-09-08T06:04:22.4085678Z [INFO] 
2026-09-08T06:04:22.4086747Z [INFO] --- resources:2.4.3:testResources (default-testResources) @ org.palladiosimulator.reliability.solver ---
2026-09-08T06:04:22.4091412Z [INFO] Using 'UTF-8' encoding to copy filtered resources.
2026-09-08T06:04:22.4098756Z [INFO] skip non existing resourceDirectory /home/runner/work/telemetry-availability-identification/telemetry-availability-identification/palladio-source/bundles/org.palladiosimulator.reliability.solver/src/test/resources
2026-09-08T06:04:22.4100788Z [INFO] 
2026-09-08T06:04:22.4101809Z [INFO] --- tycho-compiler:2.7.5:testCompile (default-testCompile) @ org.palladiosimulator.reliability.solver ---
2026-09-08T06:04:22.4102922Z [INFO] 
2026-09-08T06:04:22.4103752Z [INFO] --- surefire:2.22.2:test (default-test) @ org.palladiosimulator.reliability.solver ---
2026-09-08T06:04:22.4128609Z [INFO] No tests to run.
2026-09-08T06:04:22.4131052Z [INFO] 
2026-09-08T06:04:22.4132184Z [INFO] --- tycho-packaging:2.7.5:update-consumer-pom (default-update-consumer-pom) @ org.palladiosimulator.reliability.solver ---
2026-09-08T06:04:22.4173119Z [INFO] 
2026-09-08T06:04:22.4175171Z [INFO] --- tycho-source:2.7.5:plugin-source (plugin-source) @ org.palladiosimulator.reliability.solver ---
2026-09-08T06:04:22.4239754Z [INFO] Building jar: /home/runner/work/telemetry-availability-identification/telemetry-availability-identification/palladio-source/bundles/org.palladiosimulator.reliability.solver/target/org.palladiosimulator.reliability.solver-5.2.2-sources.jar
2026-09-08T06:04:22.4405051Z [INFO] 
2026-09-08T06:04:22.4435567Z [INFO] --- tycho-packaging:2.7.5:package-plugin (default-package-plugin) @ org.palladiosimulator.reliability.solver ---
2026-09-08T06:04:22.4472381Z [INFO] Building jar: /home/runner/work/telemetry-availability-identification/telemetry-availability-identification/palladio-source/bundles/org.palladiosimulator.reliability.solver/target/org.palladiosimulator.reliability.solver-5.2.2.jar
2026-09-08T06:04:22.4645725Z [INFO] 
2026-09-08T06:04:22.4675652Z [INFO] --- tycho-p2:2.7.5:p2-metadata-default (default-p2-metadata-default) @ org.palladiosimulator.reliability.solver ---
2026-09-08T06:04:22.4690639Z [INFO] 
2026-09-08T06:04:22.4692032Z [INFO] --- tycho-source:2.7.5:feature-source (feature-source) @ org.palladiosimulator.reliability.solver ---
2026-09-08T06:04:22.4707840Z [INFO] 
2026-09-08T06:04:22.4708855Z [INFO] --- tycho-p2:2.7.5:p2-metadata (attached-p2-metadata) @ org.palladiosimulator.reliability.solver ---
2026-09-08T06:04:22.4727202Z [WARNING] artifact org.palladiosimulator.reliability:org.palladiosimulator.reliability.solver:xml:p2metadata:5.2.2 already attached, replace previous instance
2026-09-08T06:04:22.4729780Z [WARNING] artifact org.palladiosimulator.reliability:org.palladiosimulator.reliability.solver:xml:p2artifacts:5.2.2 already attached, replace previous instance
2026-09-08T06:04:22.4734450Z [INFO] 
2026-09-08T06:04:22.4735453Z [INFO] --- checkstyle:3.1.2:check (palladio-checkstyle) @ org.palladiosimulator.reliability.solver ---
2026-09-08T06:04:23.6330273Z [INFO] You have 0 Checkstyle violations.
2026-09-08T06:04:23.6331205Z [INFO] 
2026-09-08T06:04:23.6332419Z [INFO] --- tycho-surefire:2.7.5:integration-test (default-integration-test) @ org.palladiosimulator.reliability.solver ---
2026-09-08T06:04:23.6363284Z [INFO] 
2026-09-08T06:04:23.6364791Z [INFO] --- failsafe:2.22.2:verify (default-verify) @ org.palladiosimulator.reliability.solver ---
2026-09-08T06:04:23.6372291Z [INFO] No tests to run.
2026-09-08T06:04:23.6373157Z [INFO] 
2026-09-08T06:04:23.6374255Z [INFO] -------------< org.palladiosimulator.reliability:features >-------------
2026-09-08T06:04:23.6375411Z [INFO] Building features 5.2.2                                          [11/16]
2026-09-08T06:04:23.6376334Z [INFO]   from features/pom.xml
2026-09-08T06:04:23.6377168Z [INFO] --------------------------------[ pom ]---------------------------------
2026-09-08T06:04:23.6391390Z [INFO] 
2026-09-08T06:04:23.6394142Z [INFO] --- xtend:2.39.0:compile (default) @ features ---
2026-09-08T06:04:23.6400043Z [INFO] skip compiling sources because the configured directory '[/home/runner/work/telemetry-availability-identification/telemetry-availability-identification/palladio-source/features/src/main/java]' does not exist.
2026-09-08T06:04:23.6402011Z [INFO] 
2026-09-08T06:04:23.6402833Z [INFO] --- jacoco:0.8.13:prepare-agent (jacoco-prepare) @ features ---
2026-09-08T06:04:23.6407847Z [INFO] argLine set to -javaagent:/home/runner/work/_temp/m9v-recovery-maven-repository/org/jacoco/org.jacoco.agent/0.8.13/org.jacoco.agent-0.8.13-runtime.jar=destfile=/home/runner/work/telemetry-availability-identification/telemetry-availability-identification/palladio-source/features/target/jacoco.exec
2026-09-08T06:04:23.6410263Z [INFO] 
2026-09-08T06:04:23.6411082Z [INFO] --- tycho-source:2.7.5:plugin-source (plugin-source) @ features ---
2026-09-08T06:04:23.6415657Z [INFO] 
2026-09-08T06:04:23.6416496Z [INFO] --- tycho-source:2.7.5:feature-source (feature-source) @ features ---
2026-09-08T06:04:23.6439951Z [INFO] 
2026-09-08T06:04:23.6440810Z [INFO] --- tycho-p2:2.7.5:p2-metadata (attached-p2-metadata) @ features ---
2026-09-08T06:04:23.6441686Z [INFO] 
2026-09-08T06:04:23.6442423Z [INFO] --- checkstyle:3.1.2:check (palladio-checkstyle) @ features ---
2026-09-08T06:04:23.6775070Z [INFO] You have 0 Checkstyle violations.
2026-09-08T06:04:23.6776169Z [INFO] 
2026-09-08T06:04:23.6805117Z [INFO] --< org.palladiosimulator.reliability:org.palladiosimulator.reliability.feature >--
2026-09-08T06:04:23.6821489Z [INFO] Building [feature] Palladio Component Model - Analyzer: Reliability 5.2.2 [12/16]
2026-09-08T06:04:23.6844823Z [INFO]   from features/org.palladiosimulator.reliability.feature/.polyglot.feature.xml
2026-09-08T06:04:23.6846805Z [INFO] --------------------------[ eclipse-feature ]---------------------------
2026-09-08T06:04:23.9551775Z [INFO] 
2026-09-08T06:04:23.9555366Z [INFO] --- tycho-packaging:2.7.5:build-qualifier-aggregator (default-build-qualifier-aggregator) @ org.palladiosimulator.reliability.feature ---
2026-09-08T06:04:23.9584466Z [INFO] The project's OSGi version is 5.2.2
2026-09-08T06:04:23.9617994Z [INFO] 
2026-09-08T06:04:23.9625440Z [INFO] --- tycho-packaging:2.7.5:validate-id (default-validate-id) @ org.palladiosimulator.reliability.feature ---
2026-09-08T06:04:23.9634691Z [INFO] 
2026-09-08T06:04:23.9639407Z [INFO] --- tycho-packaging:2.7.5:validate-version (default-validate-version) @ org.palladiosimulator.reliability.feature ---
2026-09-08T06:04:23.9640838Z [INFO] 
2026-09-08T06:04:23.9642189Z [INFO] --- target-platform-configuration:2.7.5:target-platform (default-target-platform) @ org.palladiosimulator.reliability.feature ---
2026-09-08T06:04:23.9725603Z [INFO] 
2026-09-08T06:04:23.9726879Z [INFO] --- xtend:2.39.0:compile (default) @ org.palladiosimulator.reliability.feature ---
2026-09-08T06:04:23.9755447Z [INFO] skip compiling sources because the configured directory '[/home/runner/work/telemetry-availability-identification/telemetry-availability-identification/palladio-source/features/org.palladiosimulator.reliability.feature/src/main/java]' does not exist.
2026-09-08T06:04:23.9758163Z [INFO] 
2026-09-08T06:04:23.9759276Z [INFO] --- jacoco:0.8.13:prepare-agent (jacoco-prepare) @ org.palladiosimulator.reliability.feature ---
2026-09-08T06:04:23.9762513Z [INFO] argLine set to -javaagent:/home/runner/work/_temp/m9v-recovery-maven-repository/org/jacoco/org.jacoco.agent/0.8.13/org.jacoco.agent-0.8.13-runtime.jar=destfile=/home/runner/work/telemetry-availability-identification/telemetry-availability-identification/palladio-source/features/org.palladiosimulator.reliability.feature/target/jacoco.exec
2026-09-08T06:04:23.9765573Z [INFO] 
2026-09-08T06:04:23.9766782Z [INFO] --- tycho-packaging:2.7.5:update-consumer-pom (default-update-consumer-pom) @ org.palladiosimulator.reliability.feature ---
2026-09-08T06:04:23.9770109Z [INFO] 
2026-09-08T06:04:23.9771148Z [INFO] --- tycho-source:2.7.5:plugin-source (plugin-source) @ org.palladiosimulator.reliability.feature ---
2026-09-08T06:04:23.9776528Z [INFO] 
2026-09-08T06:04:23.9777613Z [INFO] --- tycho-packaging:2.7.5:package-feature (default-package-feature) @ org.palladiosimulator.reliability.feature ---
2026-09-08T06:04:24.0357117Z [INFO] Building jar: /home/runner/work/telemetry-availability-identification/telemetry-availability-identification/palladio-source/features/org.palladiosimulator.reliability.feature/target/org.palladiosimulator.reliability.feature-5.2.2.jar
2026-09-08T06:04:24.0404649Z [INFO] 
2026-09-08T06:04:24.0415365Z [INFO] --- tycho-p2:2.7.5:p2-metadata-default (default-p2-metadata-default) @ org.palladiosimulator.reliability.feature ---
2026-09-08T06:04:24.0454941Z [INFO] 
2026-09-08T06:04:24.0485657Z [INFO] --- tycho-p2:2.7.5:feature-p2-metadata (default-feature-p2-metadata) @ org.palladiosimulator.reliability.feature ---
2026-09-08T06:04:24.0524547Z [INFO] 
2026-09-08T06:04:24.0535369Z [INFO] --- tycho-source:2.7.5:feature-source (feature-source) @ org.palladiosimulator.reliability.feature ---
2026-09-08T06:04:24.1119486Z [INFO] Building jar: /home/runner/work/telemetry-availability-identification/telemetry-availability-identification/palladio-source/features/org.palladiosimulator.reliability.feature/target/org.palladiosimulator.reliability.feature-5.2.2-sources-feature.jar
2026-09-08T06:04:24.1266108Z [INFO] 
2026-09-08T06:04:24.1267375Z [INFO] --- tycho-p2:2.7.5:p2-metadata (attached-p2-metadata) @ org.palladiosimulator.reliability.feature ---
2026-09-08T06:04:24.1332820Z [WARNING] artifact org.palladiosimulator.reliability:org.palladiosimulator.reliability.feature:xml:p2metadata:5.2.2 already attached, replace previous instance
2026-09-08T06:04:24.1335918Z [WARNING] artifact org.palladiosimulator.reliability:org.palladiosimulator.reliability.feature:xml:p2artifacts:5.2.2 already attached, replace previous instance
2026-09-08T06:04:24.1337667Z [INFO] 
2026-09-08T06:04:24.1338700Z [INFO] --- checkstyle:3.1.2:check (palladio-checkstyle) @ org.palladiosimulator.reliability.feature ---
2026-09-08T06:04:24.1735150Z [INFO] You have 0 Checkstyle violations.
2026-09-08T06:04:24.1736076Z [INFO] 
2026-09-08T06:04:24.1737036Z [INFO] --------------< org.palladiosimulator.reliability:tests >---------------
2026-09-08T06:04:24.1738161Z [INFO] Building tests 5.2.2                                             [13/16]
2026-09-08T06:04:24.1738994Z [INFO]   from tests/pom.xml
2026-09-08T06:04:24.1739760Z [INFO] --------------------------------[ pom ]---------------------------------
2026-09-08T06:04:24.1749322Z [INFO] 
2026-09-08T06:04:24.1752572Z [INFO] --- xtend:2.39.0:compile (default) @ tests ---
2026-09-08T06:04:24.1763014Z [INFO] skip compiling sources because the configured directory '[/home/runner/work/telemetry-availability-identification/telemetry-availability-identification/palladio-source/tests/src/main/java]' does not exist.
2026-09-08T06:04:24.1765013Z [INFO] 
2026-09-08T06:04:24.1765715Z [INFO] --- jacoco:0.8.13:prepare-agent (jacoco-prepare) @ tests ---
2026-09-08T06:04:24.1768824Z [INFO] argLine set to -javaagent:/home/runner/work/_temp/m9v-recovery-maven-repository/org/jacoco/org.jacoco.agent/0.8.13/org.jacoco.agent-0.8.13-runtime.jar=destfile=/home/runner/work/telemetry-availability-identification/telemetry-availability-identification/palladio-source/tests/target/jacoco.exec
2026-09-08T06:04:24.1771138Z [INFO] 
2026-09-08T06:04:24.1771825Z [INFO] --- tycho-source:2.7.5:plugin-source (plugin-source) @ tests ---
2026-09-08T06:04:24.1773413Z [INFO] 
2026-09-08T06:04:24.1774292Z [INFO] --- tycho-source:2.7.5:feature-source (feature-source) @ tests ---
2026-09-08T06:04:24.1795820Z [INFO] 
2026-09-08T06:04:24.1801419Z [INFO] --- tycho-p2:2.7.5:p2-metadata (attached-p2-metadata) @ tests ---
2026-09-08T06:04:24.1802321Z [INFO] 
2026-09-08T06:04:24.1803105Z [INFO] --- checkstyle:3.1.2:check (palladio-checkstyle) @ tests ---
2026-09-08T06:04:24.2197898Z [INFO] You have 0 Checkstyle violations.
2026-09-08T06:04:24.2198949Z [INFO] 
2026-09-08T06:04:24.2203059Z [INFO] --< org.palladiosimulator.reliability:org.palladiosimulator.reliability.tests >--
2026-09-08T06:04:24.2209759Z [INFO] Building [test-bundle] Tests for the Reliability Features 5.2.2  [14/16]
2026-09-08T06:04:24.2211021Z [INFO]   from tests/org.palladiosimulator.reliability.tests/.polyglot.META-INF
2026-09-08T06:04:24.2212160Z [INFO] ------------------------[ eclipse-test-plugin ]-------------------------
2026-09-08T06:04:24.4832219Z [INFO] 
2026-09-08T06:04:24.4833693Z [INFO] --- tycho-packaging:2.7.5:build-qualifier (default-build-qualifier) @ org.palladiosimulator.reliability.tests ---
2026-09-08T06:04:24.4837934Z [INFO] The project's OSGi version is 5.2.2
2026-09-08T06:04:24.4838683Z [INFO] 
2026-09-08T06:04:24.4839752Z [INFO] --- tycho-packaging:2.7.5:validate-id (default-validate-id) @ org.palladiosimulator.reliability.tests ---
2026-09-08T06:04:24.4842198Z [INFO] 
2026-09-08T06:04:24.4843392Z [INFO] --- tycho-packaging:2.7.5:validate-version (default-validate-version) @ org.palladiosimulator.reliability.tests ---
2026-09-08T06:04:24.4845620Z [INFO] 
2026-09-08T06:04:24.4846787Z [INFO] --- target-platform-configuration:2.7.5:target-platform (default-target-platform) @ org.palladiosimulator.reliability.tests ---
2026-09-08T06:04:24.4865567Z [INFO] 
2026-09-08T06:04:24.4875681Z [INFO] --- tycho-compiler:2.7.5:validate-classpath (default-validate-classpath) @ org.palladiosimulator.reliability.tests ---
2026-09-08T06:04:24.4877412Z [INFO] Resolving class path of [test-bundle] Tests for the Reliability Features...
2026-09-08T06:04:25.0435374Z [INFO] 
2026-09-08T06:04:25.0436697Z [INFO] --- xtend:2.39.0:compile (default) @ org.palladiosimulator.reliability.tests ---
2026-09-08T06:04:25.2580504Z [INFO] 
2026-09-08T06:04:25.2584530Z [INFO] --- resources:2.4.3:resources (default-resources) @ org.palladiosimulator.reliability.tests ---
2026-09-08T06:04:25.2603108Z [INFO] Using 'UTF-8' encoding to copy filtered resources.
2026-09-08T06:04:25.2613147Z [INFO] skip non existing resourceDirectory /home/runner/work/telemetry-availability-identification/telemetry-availability-identification/palladio-source/tests/org.palladiosimulator.reliability.tests/src/main/resources
2026-09-08T06:04:25.2616141Z [INFO] 
2026-09-08T06:04:25.2643083Z [INFO] --- tycho-compiler:2.7.5:compile (default-compile) @ org.palladiosimulator.reliability.tests ---
2026-09-08T06:04:25.2681758Z [INFO] Nothing to compile - all classes are up to date
2026-09-08T06:04:25.2682605Z [INFO] 
2026-09-08T06:04:25.2712244Z [INFO] --- jacoco:0.8.13:prepare-agent (jacoco-prepare) @ org.palladiosimulator.reliability.tests ---
2026-09-08T06:04:25.2715937Z [INFO] tycho.testArgLine set to -javaagent:/home/runner/work/_temp/m9v-recovery-maven-repository/org/jacoco/org.jacoco.agent/0.8.13/org.jacoco.agent-0.8.13-runtime.jar=destfile=/home/runner/work/telemetry-availability-identification/telemetry-availability-identification/palladio-source/tests/org.palladiosimulator.reliability.tests/target/jacoco.exec
2026-09-08T06:04:25.2717635Z [INFO] 
2026-09-08T06:04:25.2718373Z [INFO] --- resources:2.4.3:testResources (default-testResources) @ org.palladiosimulator.reliability.tests ---
2026-09-08T06:04:25.2719227Z [INFO] Using 'UTF-8' encoding to copy filtered resources.
2026-09-08T06:04:25.2720671Z [INFO] skip non existing resourceDirectory /home/runner/work/telemetry-availability-identification/telemetry-availability-identification/palladio-source/tests/org.palladiosimulator.reliability.tests/src/test/resources
2026-09-08T06:04:25.2721796Z [INFO] 
2026-09-08T06:04:25.2723384Z [INFO] --- tycho-packaging:2.7.5:update-consumer-pom (default-update-consumer-pom) @ org.palladiosimulator.reliability.tests ---
2026-09-08T06:04:25.2737334Z [INFO] 
2026-09-08T06:04:25.2739472Z [INFO] --- tycho-source:2.7.5:plugin-source (plugin-source) @ org.palladiosimulator.reliability.tests ---
2026-09-08T06:04:25.2741742Z [INFO] Building jar: /home/runner/work/telemetry-availability-identification/telemetry-availability-identification/palladio-source/tests/org.palladiosimulator.reliability.tests/target/org.palladiosimulator.reliability.tests-5.2.2-sources.jar
2026-09-08T06:04:25.2784375Z [INFO] 
2026-09-08T06:04:25.2794083Z [INFO] --- tycho-packaging:2.7.5:package-plugin (default-package-plugin) @ org.palladiosimulator.reliability.tests ---
2026-09-08T06:04:25.2801491Z [INFO] Building jar: /home/runner/work/telemetry-availability-identification/telemetry-availability-identification/palladio-source/tests/org.palladiosimulator.reliability.tests/target/org.palladiosimulator.reliability.tests-5.2.2.jar
2026-09-08T06:04:25.2859565Z [INFO] 
2026-09-08T06:04:25.2860707Z [INFO] --- tycho-p2:2.7.5:p2-metadata-default (default-p2-metadata-default) @ org.palladiosimulator.reliability.tests ---
2026-09-08T06:04:25.2924520Z [INFO] 
2026-09-08T06:04:25.2945113Z [INFO] --- tycho-source:2.7.5:feature-source (feature-source) @ org.palladiosimulator.reliability.tests ---
2026-09-08T06:04:25.2946394Z [INFO] 
2026-09-08T06:04:25.2958201Z [INFO] --- tycho-p2:2.7.5:p2-metadata (attached-p2-metadata) @ org.palladiosimulator.reliability.tests ---
2026-09-08T06:04:25.2985486Z [WARNING] artifact org.palladiosimulator.reliability:org.palladiosimulator.reliability.tests:xml:p2metadata:5.2.2 already attached, replace previous instance
2026-09-08T06:04:25.2999167Z [WARNING] artifact org.palladiosimulator.reliability:org.palladiosimulator.reliability.tests:xml:p2artifacts:5.2.2 already attached, replace previous instance
2026-09-08T06:04:25.3015291Z [INFO] 
2026-09-08T06:04:25.3025425Z [INFO] --- checkstyle:3.1.2:check (palladio-checkstyle) @ org.palladiosimulator.reliability.tests ---
2026-09-08T06:04:25.4079067Z [INFO] You have 0 Checkstyle violations.
2026-09-08T06:04:25.4080628Z [INFO] 
2026-09-08T06:04:25.4081648Z [INFO] --- tycho-surefire:2.7.5:test (default-test) @ org.palladiosimulator.reliability.tests ---
2026-09-08T06:04:25.8198384Z [INFO] Could not find a java toolchain of type jdk, using java from JAVA_HOME instead (/opt/hostedtoolcache/Java_Temurin-Hotspot_jdk/17.0.20-1/x64/bin/java)
2026-09-08T06:04:25.8229322Z [INFO] Executing Test Runtime with timeout 0, logs (if any) will be placed at: /home/runner/work/telemetry-availability-identification/telemetry-availability-identification/palladio-source/tests/org.palladiosimulator.reliability.tests/target/work/data/.metadata/.log
2026-09-08T06:04:25.8265595Z [INFO] Command line:
2026-09-08T06:04:25.8277593Z 	[/opt/hostedtoolcache/Java_Temurin-Hotspot_jdk/17.0.20-1/x64/bin/java, -Dosgi.noShutdown=false, -Dosgi.os=linux, -Dosgi.ws=gtk, -Dosgi.arch=x86_64, -javaagent:/home/runner/work/_temp/m9v-recovery-maven-repository/org/jacoco/org.jacoco.agent/0.8.13/org.jacoco.agent-0.8.13-runtime.jar=destfile=/home/runner/work/telemetry-availability-identification/telemetry-availability-identification/palladio-source/tests/org.palladiosimulator.reliability.tests/target/jacoco.exec, -Dosgi.clean=true, -jar, /home/runner/work/_temp/m9v-recovery-maven-repository/p2/osgi/bundle/org.eclipse.equinox.launcher/1.6.400.v20210924-0641/org.eclipse.equinox.launcher-1.6.400.v20210924-0641.jar, -data, /home/runner/work/telemetry-availability-identification/telemetry-availability-identification/palladio-source/tests/org.palladiosimulator.reliability.tests/target/work/data, -install, /home/runner/work/telemetry-availability-identification/telemetry-availability-identification/palladio-source/tests/org.palladiosimulator.reliability.tests/target/work, -configuration, /home/runner/work/telemetry-availability-identification/telemetry-availability-identification/palladio-source/tests/org.palladiosimulator.reliability.tests/target/work/configuration, -application, org.eclipse.tycho.surefire.osgibooter.headlesstest, -testproperties, /home/runner/work/telemetry-availability-identification/telemetry-availability-identification/palladio-source/tests/org.palladiosimulator.reliability.tests/target/surefire.properties]
2026-09-08T06:04:29.4587157Z Running org.palladiosimulator.reliability.tests.PmxPmfBridgeTest
2026-09-08T06:04:29.5140986Z TAID_PMX_MODEL_START control-mixed-native-pmf-r1 pass=0
2026-09-08T06:04:30.0596842Z log4j:WARN No appenders could be found for logger (de.uka.ipd.sdq.workflow.jobs.AbstractJob).
2026-09-08T06:04:30.0598720Z log4j:WARN Please initialize the log4j system properly.
2026-09-08T06:04:30.0602631Z log4j:WARN See http://logging.apache.org/log4j/1.2/faq.html#noconfig for more info.
2026-09-08T06:04:34.3083499Z Sep 08, 2026 6:04:34 AM org.palladiosimulator.edp2.EDP2Plugin initializeRepositories
2026-09-08T06:04:34.3100749Z WARNING: No preexisting EDP2 dataset configuration file. Resetting configuration...
2026-09-08T06:04:37.6760382Z 
2026-09-08T06:04:37.6761965Z (java:3456): dbind-WARNING **: 06:04:37.675: AT-SPI: Error retrieving accessibility bus address: org.freedesktop.DBus.Error.ServiceUnknown: The name org.a11y.Bus was not provided by any .service files
2026-09-08T06:04:38.1022084Z TAID_PMX_MODEL_START control-mixed-native-pmf-r2 pass=0
2026-09-08T06:04:38.2970752Z TAID_PMX_MODEL_START deathstar-colocated--compose_post--conditional_local pass=0
2026-09-08T06:04:39.1245321Z TAID_PMX_MODEL_START deathstar-colocated--compose_post--inclusive pass=0
2026-09-08T06:04:39.6132291Z TAID_PMX_MODEL_START deathstar-colocated--read_home_timeline--conditional_local pass=0
2026-09-08T06:04:39.7011387Z TAID_PMX_MODEL_START deathstar-colocated--read_home_timeline--inclusive pass=0
2026-09-08T06:04:39.7865364Z TAID_PMX_MODEL_START deathstar-colocated--read_user_timeline--conditional_local pass=0
2026-09-08T06:04:39.9625354Z TAID_PMX_MODEL_START deathstar-colocated--read_user_timeline--inclusive pass=0
2026-09-08T06:04:40.1269897Z TAID_PMX_MODEL_START deathstar-split--compose_post--conditional_local pass=0
2026-09-08T06:04:40.4753264Z TAID_PMX_MODEL_START deathstar-split--compose_post--inclusive pass=0
2026-09-08T06:04:40.7948908Z TAID_PMX_MODEL_START deathstar-split--read_home_timeline--conditional_local pass=0
2026-09-08T06:04:40.8659589Z TAID_PMX_MODEL_START deathstar-split--read_home_timeline--inclusive pass=0
2026-09-08T06:04:40.9365523Z TAID_PMX_MODEL_START deathstar-split--read_user_timeline--conditional_local pass=0
2026-09-08T06:04:41.0412489Z TAID_PMX_MODEL_START deathstar-split--read_user_timeline--inclusive pass=0
2026-09-08T06:04:41.1488368Z TAID_PMX_MODEL_START otel-colocated--add_to_cart--inclusive pass=0
2026-09-08T06:04:42.5947735Z Tests run: 1, Failures: 0, Errors: 1, Skipped: 0, Time elapsed: 13.094 s <<< FAILURE! - in org.palladiosimulator.reliability.tests.PmxPmfBridgeTest
2026-09-08T06:04:42.5950122Z retainEveryNativeAndDisclosedBridgeAttempt(org.palladiosimulator.reliability.tests.PmxPmfBridgeTest)  Time elapsed: 13.044 s  <<< ERROR!
2026-09-08T06:04:42.5951575Z java.lang.StackOverflowError
2026-09-08T06:04:42.5952119Z 
2026-09-08T06:04:42.5961675Z 
2026-09-08T06:04:42.5962446Z Results:
2026-09-08T06:04:42.5962834Z 
2026-09-08T06:04:42.5963169Z Errors: 
2026-09-08T06:04:42.5974161Z   PmxPmfBridgeTest.retainEveryNativeAndDisclosedBridgeAttempt » StackOverflow
2026-09-08T06:04:42.5977959Z 
2026-09-08T06:04:42.5978425Z Tests run: 1, Failures: 0, Errors: 1, Skipped: 0
2026-09-08T06:04:42.5978988Z 
2026-09-08T06:04:43.5512423Z [INFO] ------------------------------------------------------------------------
2026-09-08T06:04:43.5513295Z [INFO] Reactor Summary for parent 5.2.2:
2026-09-08T06:04:43.5530245Z [INFO] 
2026-09-08T06:04:43.5531146Z [INFO] parent ............................................. SUCCESS [  2.116 s]
2026-09-08T06:04:43.5532159Z [INFO] bundles ............................................ SUCCESS [  0.084 s]
2026-09-08T06:04:43.5533195Z [INFO] [bundle] PCM Reliability Core Definitions .......... SUCCESS [  3.497 s]
2026-09-08T06:04:43.5535831Z [INFO] [bundle] Markov Model .............................. SUCCESS [  0.571 s]
2026-09-08T06:04:43.5537006Z [INFO] [bundle] Markov Edit Support ....................... SUCCESS [  0.365 s]
2026-09-08T06:04:43.5538117Z [INFO] [bundle] Markov Editor ............................. SUCCESS [  1.109 s]
2026-09-08T06:04:43.5539200Z [INFO] [bundle] PCM Markov Sensitivity Model .............. SUCCESS [  1.584 s]
2026-09-08T06:04:43.5540316Z [INFO] [bundle] EMF Edit Plug-in for PCM Markov Sensitivity Model SUCCESS [  0.617 s]
2026-09-08T06:04:43.5541802Z [INFO] [bundle] EMF Editor Plug-in for PCM Markov Sensitivity Model SUCCESS [  0.883 s]
2026-09-08T06:04:43.5543027Z [INFO] [bundle] PCM Reliability Solver Plug-in ............ SUCCESS [  3.291 s]
2026-09-08T06:04:43.5544421Z [INFO] features ........................................... SUCCESS [  0.038 s]
2026-09-08T06:04:43.5545661Z [INFO] [feature] Palladio Component Model - Analyzer: Reliability SUCCESS [  0.498 s]
2026-09-08T06:04:43.5546738Z [INFO] tests .............................................. SUCCESS [  0.046 s]
2026-09-08T06:04:43.5547808Z [INFO] [test-bundle] Tests for the Reliability Features ... FAILURE [ 19.331 s]
2026-09-08T06:04:43.5548812Z [INFO] releng ............................................. SKIPPED
2026-09-08T06:04:43.5549931Z [INFO] org.palladiosimulator.reliability.updatesite ....... SKIPPED
2026-09-08T06:04:43.5550959Z [INFO] ------------------------------------------------------------------------
2026-09-08T06:04:43.5551802Z [INFO] BUILD FAILURE
2026-09-08T06:04:43.5552487Z [INFO] ------------------------------------------------------------------------
2026-09-08T06:04:43.5553318Z [INFO] Total time:  01:17 min
2026-09-08T06:04:43.5555966Z [INFO] Finished at: 2026-09-08T06:04:43Z
2026-09-08T06:04:43.5557813Z [INFO] ------------------------------------------------------------------------
2026-09-08T06:04:44.1606486Z [ERROR] Failed to execute goal org.eclipse.tycho:tycho-surefire-plugin:2.7.5:test (default-test) on project org.palladiosimulator.reliability.tests: There are test failures.
2026-09-08T06:04:44.1608673Z [ERROR] 
2026-09-08T06:04:44.1611212Z [ERROR] Please refer to /home/runner/work/telemetry-availability-identification/telemetry-availability-identification/palladio-source/tests/org.palladiosimulator.reliability.tests/target/surefire-reports for the individual test results.
2026-09-08T06:04:44.1613524Z [ERROR] -> [Help 1]
2026-09-08T06:04:44.1644530Z [ERROR] 
2026-09-08T06:04:44.1645568Z [ERROR] To see the full stack trace of the errors, re-run Maven with the -e switch.
2026-09-08T06:04:44.1661950Z [ERROR] Re-run Maven using the -X switch to enable full debug logging.
2026-09-08T06:04:44.1662874Z [ERROR] 
2026-09-08T06:04:44.1664154Z [ERROR] For more information about the errors and possible solutions, please read the following articles:
2026-09-08T06:04:44.1665665Z [ERROR] [Help 1] http://cwiki.apache.org/confluence/display/MAVEN/MojoFailureException
2026-09-08T06:04:44.1666643Z [ERROR] 
2026-09-08T06:04:44.1667490Z [ERROR] After correcting the problems, you can resume the build with the command
2026-09-08T06:04:44.1668736Z [ERROR]   mvn <args> -rf :org.palladiosimulator.reliability.tests
2026-09-08T06:04:44.2185490Z ##[error]Process completed with exit code 1.
2026-09-08T06:04:44.2222693Z ##[group]Run report_root="palladio-source/tests/org.palladiosimulator.reliability.tests/target/surefire-reports"
2026-09-08T06:04:44.2223791Z [36;1mreport_root="palladio-source/tests/org.palladiosimulator.reliability.tests/target/surefire-reports"[0m
2026-09-08T06:04:44.2225118Z [36;1mif [[ -d "$report_root" ]]; then[0m
2026-09-08T06:04:44.2225924Z [36;1m  cp -R "$report_root" workflow-results/m9v-recovery-solver/surefire-reports[0m
2026-09-08T06:04:44.2226691Z [36;1mfi[0m
2026-09-08T06:04:44.2269803Z shell: /usr/bin/bash -e {0}
2026-09-08T06:04:44.2270240Z env:
2026-09-08T06:04:44.2270707Z   pythonLocation: /opt/hostedtoolcache/Python/3.13.15/x64
2026-09-08T06:04:44.2271501Z   PKG_CONFIG_PATH: /opt/hostedtoolcache/Python/3.13.15/x64/lib/pkgconfig
2026-09-08T06:04:44.2272281Z   Python_ROOT_DIR: /opt/hostedtoolcache/Python/3.13.15/x64
2026-09-08T06:04:44.2272986Z   Python2_ROOT_DIR: /opt/hostedtoolcache/Python/3.13.15/x64
2026-09-08T06:04:44.2273728Z   Python3_ROOT_DIR: /opt/hostedtoolcache/Python/3.13.15/x64
2026-09-08T06:04:44.2274681Z   LD_LIBRARY_PATH: /opt/hostedtoolcache/Python/3.13.15/x64/lib
2026-09-08T06:04:44.2275476Z   JAVA_HOME: /opt/hostedtoolcache/Java_Temurin-Hotspot_jdk/17.0.20-1/x64
2026-09-08T06:04:44.2276633Z   JAVA_HOME_17_X64: /opt/hostedtoolcache/Java_Temurin-Hotspot_jdk/17.0.20-1/x64
2026-09-08T06:04:44.2277342Z   MAVEN_ARGS: -ntp
2026-09-08T06:04:44.2277718Z   M9VR_MODEL_COUNT: 20
2026-09-08T06:04:44.2278294Z   M9VR_MAVEN_REPO: /home/runner/work/_temp/m9v-recovery-maven-repository
2026-09-08T06:04:44.2278963Z ##[endgroup]
2026-09-08T06:04:44.2450646Z ##[group]Run actions/upload-artifact@v7
2026-09-08T06:04:44.2451192Z with:
2026-09-08T06:04:44.2451579Z   name: m9v-recovery-solver-34192728551
2026-09-08T06:04:44.2452148Z   path: workflow-results/m9v-recovery-solver
2026-09-08T06:04:44.2452698Z   if-no-files-found: error
2026-09-08T06:04:44.2453128Z   retention-days: 90
2026-09-08T06:04:44.2453534Z   compression-level: 6
2026-09-08T06:04:44.2454220Z   overwrite: false
2026-09-08T06:04:44.2454638Z   include-hidden-files: false
2026-09-08T06:04:44.2455074Z   archive: true
2026-09-08T06:04:44.2455419Z env:
2026-09-08T06:04:44.2455889Z   pythonLocation: /opt/hostedtoolcache/Python/3.13.15/x64
2026-09-08T06:04:44.2456710Z   PKG_CONFIG_PATH: /opt/hostedtoolcache/Python/3.13.15/x64/lib/pkgconfig
2026-09-08T06:04:44.2457506Z   Python_ROOT_DIR: /opt/hostedtoolcache/Python/3.13.15/x64
2026-09-08T06:04:44.2458202Z   Python2_ROOT_DIR: /opt/hostedtoolcache/Python/3.13.15/x64
2026-09-08T06:04:44.2458950Z   Python3_ROOT_DIR: /opt/hostedtoolcache/Python/3.13.15/x64
2026-09-08T06:04:44.2459739Z   LD_LIBRARY_PATH: /opt/hostedtoolcache/Python/3.13.15/x64/lib
2026-09-08T06:04:44.2460544Z   JAVA_HOME: /opt/hostedtoolcache/Java_Temurin-Hotspot_jdk/17.0.20-1/x64
2026-09-08T06:04:44.2461444Z   JAVA_HOME_17_X64: /opt/hostedtoolcache/Java_Temurin-Hotspot_jdk/17.0.20-1/x64
2026-09-08T06:04:44.2462162Z   MAVEN_ARGS: -ntp
2026-09-08T06:04:44.2462553Z   M9VR_MODEL_COUNT: 20
2026-09-08T06:04:44.2463142Z   M9VR_MAVEN_REPO: /home/runner/work/_temp/m9v-recovery-maven-repository
2026-09-08T06:04:44.2464033Z ##[endgroup]
2026-09-08T06:04:44.4053079Z With the provided path, there will be 18 files uploaded
2026-09-08T06:04:44.4059357Z Artifact name is valid!
2026-09-08T06:04:44.4060022Z Root directory input is valid!
2026-09-08T06:04:44.6223705Z Uploading artifact: m9v-recovery-solver-34192728551.zip
2026-09-08T06:04:44.6267200Z Beginning upload of artifact content to blob storage
2026-09-08T06:04:44.7457633Z Uploaded bytes 91484
2026-09-08T06:04:44.7613208Z Finished uploading artifact content to blob storage!
2026-09-08T06:04:44.7614909Z SHA256 digest of uploaded artifact is 8c6c1d6f566c1a8549a6909d83e39641a8b83922ee16f070e839123a472afc88
2026-09-08T06:04:44.7616034Z Finalizing artifact upload
2026-09-08T06:04:44.9627084Z Artifact m9v-recovery-solver-34192728551 successfully finalized. Artifact ID 10042895955
2026-09-08T06:04:44.9629071Z Artifact m9v-recovery-solver-34192728551 has been successfully uploaded! Final size is 91484 bytes. Artifact ID is 10042895955
2026-09-08T06:04:44.9631820Z Artifact download URL: https://github.com/a-a-k/telemetry-availability-identification/actions/runs/34192728551/artifacts/10042895955
2026-09-08T06:04:44.9814264Z Post job cleanup.
2026-09-08T06:04:45.1252762Z Post job cleanup.
2026-09-08T06:04:45.2177939Z [command]/usr/bin/git version
2026-09-08T06:04:45.2227398Z git version 2.55.0
2026-09-08T06:04:45.2281234Z Temporarily overriding HOME='/home/runner/work/_temp/33b6f4cd-8826-4823-847d-10f3a84d796f' before making global git config changes
2026-09-08T06:04:45.2282699Z Adding repository directory to the temporary git global config as a safe directory
2026-09-08T06:04:45.2288456Z [command]/usr/bin/git config --global --add safe.directory /home/runner/work/telemetry-availability-identification/telemetry-availability-identification/palladio-source
2026-09-08T06:04:45.2339230Z Removing SSH command configuration
2026-09-08T06:04:45.2346792Z [command]/usr/bin/git config --local --name-only --get-regexp core\.sshCommand
2026-09-08T06:04:45.2391515Z [command]/usr/bin/git submodule foreach --recursive sh -c "git config --local --name-only --get-regexp 'core\.sshCommand' && git config --local --unset-all 'core.sshCommand' || :"
2026-09-08T06:04:45.2661590Z Removing HTTP extra header
2026-09-08T06:04:45.2666736Z [command]/usr/bin/git config --local --name-only --get-regexp http\.https\:\/\/github\.com\/\.extraheader
2026-09-08T06:04:45.2712444Z [command]/usr/bin/git submodule foreach --recursive sh -c "git config --local --name-only --get-regexp 'http\.https\:\/\/github\.com\/\.extraheader' && git config --local --unset-all 'http.https://github.com/.extraheader' || :"
2026-09-08T06:04:45.2964975Z Removing includeIf entries pointing to credentials config files
2026-09-08T06:04:45.2972443Z [command]/usr/bin/git config --local --name-only --get-regexp ^includeIf\.gitdir:
2026-09-08T06:04:45.3007242Z includeif.gitdir:/home/runner/work/telemetry-availability-identification/telemetry-availability-identification/palladio-source/.git.path
2026-09-08T06:04:45.3017712Z includeif.gitdir:/home/runner/work/telemetry-availability-identification/telemetry-availability-identification/palladio-source/.git/worktrees/*.path
2026-09-08T06:04:45.3025099Z includeif.gitdir:/github/workspace/palladio-source/.git.path
2026-09-08T06:04:45.3026327Z includeif.gitdir:/github/workspace/palladio-source/.git/worktrees/*.path
2026-09-08T06:04:45.3029220Z [command]/usr/bin/git config --local --get-all includeif.gitdir:/home/runner/work/telemetry-availability-identification/telemetry-availability-identification/palladio-source/.git.path
2026-09-08T06:04:45.3048511Z /home/runner/work/_temp/git-credentials-fecb14de-47bf-40c7-a1e9-fe11d8c9e2e7.config
2026-09-08T06:04:45.3063589Z [command]/usr/bin/git config --local --unset includeif.gitdir:/home/runner/work/telemetry-availability-identification/telemetry-availability-identification/palladio-source/.git.path \/home\/runner\/work\/_temp\/git\-credentials\-fecb14de\-47bf\-40c7\-a1e9\-fe11d8c9e2e7\.config
2026-09-08T06:04:45.3109251Z [command]/usr/bin/git config --local --get-all includeif.gitdir:/home/runner/work/telemetry-availability-identification/telemetry-availability-identification/palladio-source/.git/worktrees/*.path
2026-09-08T06:04:45.3136638Z /home/runner/work/_temp/git-credentials-fecb14de-47bf-40c7-a1e9-fe11d8c9e2e7.config
2026-09-08T06:04:45.3150371Z [command]/usr/bin/git config --local --unset includeif.gitdir:/home/runner/work/telemetry-availability-identification/telemetry-availability-identification/palladio-source/.git/worktrees/*.path \/home\/runner\/work\/_temp\/git\-credentials\-fecb14de\-47bf\-40c7\-a1e9\-fe11d8c9e2e7\.config
2026-09-08T06:04:45.3199392Z [command]/usr/bin/git config --local --get-all includeif.gitdir:/github/workspace/palladio-source/.git.path
2026-09-08T06:04:45.3232372Z /github/runner_temp/git-credentials-fecb14de-47bf-40c7-a1e9-fe11d8c9e2e7.config
2026-09-08T06:04:45.3252320Z [command]/usr/bin/git config --local --unset includeif.gitdir:/github/workspace/palladio-source/.git.path \/github\/runner_temp\/git\-credentials\-fecb14de\-47bf\-40c7\-a1e9\-fe11d8c9e2e7\.config
2026-09-08T06:04:45.3287985Z [command]/usr/bin/git config --local --get-all includeif.gitdir:/github/workspace/palladio-source/.git/worktrees/*.path
2026-09-08T06:04:45.3321354Z /github/runner_temp/git-credentials-fecb14de-47bf-40c7-a1e9-fe11d8c9e2e7.config
2026-09-08T06:04:45.3333060Z [command]/usr/bin/git config --local --unset includeif.gitdir:/github/workspace/palladio-source/.git/worktrees/*.path \/github\/runner_temp\/git\-credentials\-fecb14de\-47bf\-40c7\-a1e9\-fe11d8c9e2e7\.config
2026-09-08T06:04:45.3385103Z [command]/usr/bin/git submodule foreach --recursive git config --local --show-origin --name-only --get-regexp remote.origin.url
2026-09-08T06:04:45.3616741Z Removing credentials config '/home/runner/work/_temp/git-credentials-fecb14de-47bf-40c7-a1e9-fe11d8c9e2e7.config'
2026-09-08T06:04:45.3770725Z Post job cleanup.
2026-09-08T06:04:45.4649510Z [command]/usr/bin/git version
2026-09-08T06:04:45.4704386Z git version 2.55.0
2026-09-08T06:04:45.4767347Z Temporarily overriding HOME='/home/runner/work/_temp/37167ae1-f4db-4143-8f73-22b0cfec3f4d' before making global git config changes
2026-09-08T06:04:45.4775189Z Adding repository directory to the temporary git global config as a safe directory
2026-09-08T06:04:45.4777117Z [command]/usr/bin/git config --global --add safe.directory /home/runner/work/telemetry-availability-identification/telemetry-availability-identification
2026-09-08T06:04:45.4810134Z Removing SSH command configuration
2026-09-08T06:04:45.4821063Z [command]/usr/bin/git config --local --name-only --get-regexp core\.sshCommand
2026-09-08T06:04:45.4868671Z [command]/usr/bin/git submodule foreach --recursive sh -c "git config --local --name-only --get-regexp 'core\.sshCommand' && git config --local --unset-all 'core.sshCommand' || :"
2026-09-08T06:04:45.5127426Z Removing HTTP extra header
2026-09-08T06:04:45.5141101Z [command]/usr/bin/git config --local --name-only --get-regexp http\.https\:\/\/github\.com\/\.extraheader
2026-09-08T06:04:45.5217052Z [command]/usr/bin/git submodule foreach --recursive sh -c "git config --local --name-only --get-regexp 'http\.https\:\/\/github\.com\/\.extraheader' && git config --local --unset-all 'http.https://github.com/.extraheader' || :"
2026-09-08T06:04:45.5526218Z Removing includeIf entries pointing to credentials config files
2026-09-08T06:04:45.5535113Z [command]/usr/bin/git config --local --name-only --get-regexp ^includeIf\.gitdir:
2026-09-08T06:04:45.5565750Z includeif.gitdir:/home/runner/work/telemetry-availability-identification/telemetry-availability-identification/.git.path
2026-09-08T06:04:45.5567591Z includeif.gitdir:/home/runner/work/telemetry-availability-identification/telemetry-availability-identification/.git/worktrees/*.path
2026-09-08T06:04:45.5568673Z includeif.gitdir:/github/workspace/.git.path
2026-09-08T06:04:45.5569539Z includeif.gitdir:/github/workspace/.git/worktrees/*.path
2026-09-08T06:04:45.5577282Z [command]/usr/bin/git config --local --get-all includeif.gitdir:/home/runner/work/telemetry-availability-identification/telemetry-availability-identification/.git.path
2026-09-08T06:04:45.5604830Z /home/runner/work/_temp/git-credentials-bf98cfd4-863e-42ef-ac09-7b1b9603ae01.config
2026-09-08T06:04:45.5616923Z [command]/usr/bin/git config --local --unset includeif.gitdir:/home/runner/work/telemetry-availability-identification/telemetry-availability-identification/.git.path \/home\/runner\/work\/_temp\/git\-credentials\-bf98cfd4\-863e\-42ef\-ac09\-7b1b9603ae01\.config
2026-09-08T06:04:45.5656713Z [command]/usr/bin/git config --local --get-all includeif.gitdir:/home/runner/work/telemetry-availability-identification/telemetry-availability-identification/.git/worktrees/*.path
2026-09-08T06:04:45.5682688Z /home/runner/work/_temp/git-credentials-bf98cfd4-863e-42ef-ac09-7b1b9603ae01.config
2026-09-08T06:04:45.5694160Z [command]/usr/bin/git config --local --unset includeif.gitdir:/home/runner/work/telemetry-availability-identification/telemetry-availability-identification/.git/worktrees/*.path \/home\/runner\/work\/_temp\/git\-credentials\-bf98cfd4\-863e\-42ef\-ac09\-7b1b9603ae01\.config
2026-09-08T06:04:45.5744890Z [command]/usr/bin/git config --local --get-all includeif.gitdir:/github/workspace/.git.path
2026-09-08T06:04:45.5771250Z /github/runner_temp/git-credentials-bf98cfd4-863e-42ef-ac09-7b1b9603ae01.config
2026-09-08T06:04:45.5779776Z [command]/usr/bin/git config --local --unset includeif.gitdir:/github/workspace/.git.path \/github\/runner_temp\/git\-credentials\-bf98cfd4\-863e\-42ef\-ac09\-7b1b9603ae01\.config
2026-09-08T06:04:45.5817706Z [command]/usr/bin/git config --local --get-all includeif.gitdir:/github/workspace/.git/worktrees/*.path
2026-09-08T06:04:45.5850650Z /github/runner_temp/git-credentials-bf98cfd4-863e-42ef-ac09-7b1b9603ae01.config
2026-09-08T06:04:45.5862427Z [command]/usr/bin/git config --local --unset includeif.gitdir:/github/workspace/.git/worktrees/*.path \/github\/runner_temp\/git\-credentials\-bf98cfd4\-863e\-42ef\-ac09\-7b1b9603ae01\.config
2026-09-08T06:04:45.5916063Z [command]/usr/bin/git submodule foreach --recursive git config --local --show-origin --name-only --get-regexp remote.origin.url
2026-09-08T06:04:45.6155233Z Removing credentials config '/home/runner/work/_temp/git-credentials-bf98cfd4-863e-42ef-ac09-7b1b9603ae01.config'
2026-09-08T06:04:45.6297025Z Cleaning up orphan processes
