campaign_id,job_role,attempt_id,input_bytes,native_bytes,ordinary_role_bytes,pmx_role_bytes,input_loading_seconds,combined_process_seconds,acquisition_process_seconds,shared_native_extraction_seconds,manual_integration_seconds,manual_reason,update_seconds,update_reason
v3-main-771601/deathstarbench_social_network/colocated/N/0,acquisition,1,,59173563,36799314,36557739,,,2059.755276237,2.103539488000024,,,,
v3-main-771601/deathstarbench_social_network/colocated/N/0,graph,1,36798798,,,,0.4169566650000007,1.4161136190000008,,,,historical development labor was not timed,,not measured; fresh reconstruction is the reported application path
v3-main-771601/deathstarbench_social_network/colocated/N/0,pmx,1,,,,,,,,,,,,
v3-main-771601/deathstarbench_social_network/colocated/N/1,acquisition,1,,59176350,36803195,36561412,,,2059.398056518,2.04529918299977,,,,
v3-main-771601/deathstarbench_social_network/colocated/N/1,graph,1,36802679,,,,0.43272821799996564,1.4481136669999728,,,,historical development labor was not timed,,not measured; fresh reconstruction is the reported application path
v3-main-771601/deathstarbench_social_network/colocated/N/1,pmx,1,,,,,,,,,,,,
v3-main-771601/deathstarbench_social_network/colocated/N/2,acquisition,1,,59123938,36767458,36525842,,,2058.731148095,1.8644931720000386,,,,
v3-main-771601/deathstarbench_social_network/colocated/N/2,graph,1,36766942,,,,0.42964465400007157,1.4684478860000354,,,,historical development labor was not timed,,not measured; fresh reconstruction is the reported application path
v3-main-771601/deathstarbench_social_network/colocated/N/2,pmx,1,,,,,,,,,,,,
v3-main-771601/deathstarbench_social_network/colocated/N/3,acquisition,1,,59160634,36797319,36556083,,,2059.4815317009998,2.0431385379997664,,,,
v3-main-771601/deathstarbench_social_network/colocated/N/3,graph,1,36796803,,,,0.44827123700000016,1.4560201039999967,,,,historical development labor was not timed,,not measured; fresh reconstruction is the reported application path
v3-main-771601/deathstarbench_social_network/colocated/N/3,pmx,1,,,,,,,,,,,,
v3-main-771601/deathstarbench_social_network/colocated/N/4,acquisition,1,,59126519,36765436,36524378,,,2058.663330105,1.8421193760000278,,,,
v3-main-771601/deathstarbench_social_network/colocated/N/4,graph,1,36764920,,,,0.4705510639999986,1.4889455669999947,,,,historical development labor was not timed,,not measured; fresh reconstruction is the reported application path
v3-main-771601/deathstarbench_social_network/colocated/N/4,pmx,1,,,,,,,,,,,,
v3-main-771601/deathstarbench_social_network/colocated/N/5,acquisition,1,,59160307,36816874,36575198,,,2059.604785808,2.084640715000205,,,,
v3-main-771601/deathstarbench_social_network/colocated/N/5,graph,1,36816358,,,,0.4324223779999983,1.4215906310000008,,,,historical development labor was not timed,,not measured; fresh reconstruction is the reported application path
v3-main-771601/deathstarbench_social_network/colocated/N/5,pmx,1,,,,,,,,,,,,
v3-main-771601/deathstarbench_social_network/colocated/N/6,acquisition,1,,59151685,36804900,36563556,,,2059.8468072429996,2.202216459000283,,,,
v3-main-771601/deathstarbench_social_network/colocated/N/6,graph,1,36804384,,,,0.4147755140000058,1.474912297000003,,,,historical development labor was not timed,,not measured; fresh reconstruction is the reported application path
v3-main-771601/deathstarbench_social_network/colocated/N/6,pmx,1,,,,,,,,,,,,
v3-main-771601/deathstarbench_social_network/colocated/N/7,acquisition,1,,59185998,36805695,36564235,,,2060.555604346,2.326012788999833,,,,
v3-main-771601/deathstarbench_social_network/colocated/N/7,graph,1,36805179,,,,0.44437333900009435,1.4049394559999655,,,,historical development labor was not timed,,not measured; fresh reconstruction is the reported application path
v3-main-771601/deathstarbench_social_network/colocated/N/7,pmx,1,,,,,,,,,,,,
v3-main-771601/deathstarbench_social_network/colocated/N/8,acquisition,1,,59160137,36794986,36553136,,,2059.440406232,2.001697760999832,,,,
v3-main-771601/deathstarbench_social_network/colocated/N/8,graph,1,36794470,,,,0.4437354869999979,1.4281592049999858,,,,historical development labor was not timed,,not measured; fresh reconstruction is the reported application path
v3-main-771601/deathstarbench_social_network/colocated/N/8,pmx,1,,,,,,,,,,,,
v3-main-771601/deathstarbench_social_network/colocated/N/9,acquisition,1,,59166398,36786119,36544764,,,2059.9607499639997,2.2790517979997276,,,,
v3-main-771601/deathstarbench_social_network/colocated/N/9,graph,1,36785603,,,,0.4362647239999973,1.4641358919999945,,,,historical development labor was not timed,,not measured; fresh reconstruction is the reported application path
v3-main-771601/deathstarbench_social_network/colocated/N/9,pmx,1,,,,,,,,,,,,
v3-main-771601/deathstarbench_social_network/colocated/NC/0,acquisition,1,,57101108,36617450,36374609,,,2059.8760781829997,2.10962482099967,,,,
v3-main-771601/deathstarbench_social_network/colocated/NC/0,graph,1,36616934,,,,0.32355911999999876,1.0127889549999907,,,,historical development labor was not timed,,not measured; fresh reconstruction is the reported application path
v3-main-771601/deathstarbench_social_network/colocated/NC/0,pmx,1,,,,,,,,,,,,
v3-main-771601/deathstarbench_social_network/colocated/NC/1,acquisition,1,,57448876,36220938,35978365,,,2059.1415686170003,1.9894291539999358,,,,
v3-main-771601/deathstarbench_social_network/colocated/NC/1,graph,1,36220422,,,,0.4290678009999951,0.7802704209999973,,,,historical development labor was not timed,,not measured; fresh reconstruction is the reported application path
v3-main-771601/deathstarbench_social_network/colocated/NC/1,pmx,1,,,,,,,,,,,,
v3-main-771601/deathstarbench_social_network/colocated/NC/2,acquisition,1,,58817590,36740175,36498106,,,2059.624853986,2.0850543180004024,,,,
v3-main-771601/deathstarbench_social_network/colocated/NC/2,graph,1,36739659,,,,0.4716230199999245,1.5337433809999084,,,,historical development labor was not timed,,not measured; fresh reconstruction is the reported application path
v3-main-771601/deathstarbench_social_network/colocated/NC/2,pmx,1,,,,,,,,,,,,
v3-main-771601/deathstarbench_social_network/colocated/NC/3,acquisition,1,,58163671,35404029,35161446,,,2059.047076538,1.9937147949999598,,,,
v3-main-771601/deathstarbench_social_network/colocated/NC/3,graph,1,35403513,,,,0.4198399699999982,0.7748102600000095,,,,historical development labor was not timed,,not measured; fresh reconstruction is the reported application path
v3-main-771601/deathstarbench_social_network/colocated/NC/3,pmx,1,,,,,,,,,,,,
v3-main-771601/deathstarbench_social_network/colocated/NC/4,acquisition,1,,59004037,36606782,36364187,,,2059.388939887,1.939522807999765,,,,
v3-main-771601/deathstarbench_social_network/colocated/NC/4,graph,1,36606266,,,,0.4349324600000273,1.5150349809999852,,,,historical development labor was not timed,,not measured; fresh reconstruction is the reported application path
v3-main-771601/deathstarbench_social_network/colocated/NC/4,pmx,1,,,,,,,,,,,,
v3-main-771601/deathstarbench_social_network/colocated/NC/5,acquisition,1,,58984169,36580151,36337902,,,2060.0661368859996,2.116018721999808,,,,
v3-main-771601/deathstarbench_social_network/colocated/NC/5,graph,1,36579635,,,,0.4102494809999371,1.3363207609999108,,,,historical development labor was not timed,,not measured; fresh reconstruction is the reported application path
v3-main-771601/deathstarbench_social_network/colocated/NC/5,pmx,1,,,,,,,,,,,,
v3-main-771601/deathstarbench_social_network/colocated/NC/6,acquisition,1,,55757525,35912160,35669612,,,2059.413076524,1.7711125910000192,,,,
v3-main-771601/deathstarbench_social_network/colocated/NC/6,graph,1,35911644,,,,0.42938618400000195,1.3769362009999995,,,,historical development labor was not timed,,not measured; fresh reconstruction is the reported application path
v3-main-771601/deathstarbench_social_network/colocated/NC/6,pmx,1,,,,,,,,,,,,
v3-main-771601/deathstarbench_social_network/colocated/NC/7,acquisition,1,,55768303,36082213,35839660,,,2059.246408469,1.9420385580001494,,,,
v3-main-771601/deathstarbench_social_network/colocated/NC/7,graph,1,36081697,,,,0.4177875689999837,1.2934022399999776,,,,historical development labor was not timed,,not measured; fresh reconstruction is the reported application path
v3-main-771601/deathstarbench_social_network/colocated/NC/7,pmx,1,,,,,,,,,,,,
v3-main-771601/deathstarbench_social_network/colocated/NC/8,acquisition,1,,56976793,36291703,36049207,,,2059.1073611479997,1.85779862399977,,,,
v3-main-771601/deathstarbench_social_network/colocated/NC/8,graph,1,36291187,,,,0.4324530429999953,1.1461353379999935,,,,historical development labor was not timed,,not measured; fresh reconstruction is the reported application path
v3-main-771601/deathstarbench_social_network/colocated/NC/8,pmx,1,,,,,,,,,,,,
v3-main-771601/deathstarbench_social_network/colocated/NC/9,acquisition,1,,54447836,34089427,33846857,,,2059.279792284,2.0987818759999755,,,,
v3-main-771601/deathstarbench_social_network/colocated/NC/9,graph,1,34088911,,,,0.408526492,1.3113857969999998,,,,historical development labor was not timed,,not measured; fresh reconstruction is the reported application path
v3-main-771601/deathstarbench_social_network/colocated/NC/9,pmx,1,,,,,,,,,,,,
v3-main-771601/deathstarbench_social_network/colocated/ND/0,acquisition,1,,59151942,36788602,36546841,,,2059.5819851899996,2.0724398199999996,,,,
v3-main-771601/deathstarbench_social_network/colocated/ND/0,graph,1,36788086,,,,0.4364906200000007,1.4884179610000032,,,,historical development labor was not timed,,not measured; fresh reconstruction is the reported application path
v3-main-771601/deathstarbench_social_network/colocated/ND/0,pmx,1,,,,,,,,,,,,
v3-main-771601/deathstarbench_social_network/colocated/ND/1,acquisition,1,,59137013,36777025,36535176,,,2057.65561253,1.4597475880000275,,,,
v3-main-771601/deathstarbench_social_network/colocated/ND/1,graph,1,36776509,,,,0.444999131000003,1.4989396640000052,,,,historical development labor was not timed,,not measured; fresh reconstruction is the reported application path
v3-main-771601/deathstarbench_social_network/colocated/ND/1,pmx,1,,,,,,,,,,,,
v3-main-771601/deathstarbench_social_network/colocated/ND/2,acquisition,1,,59062940,36684193,36441972,,,2057.2386947450004,1.4174501269999382,,,,
v3-main-771601/deathstarbench_social_network/colocated/ND/2,graph,1,36683677,,,,0.43693942400000196,1.4949082859999976,,,,historical development labor was not timed,,not measured; fresh reconstruction is the reported application path
v3-main-771601/deathstarbench_social_network/colocated/ND/2,pmx,1,,,,,,,,,,,,
v3-main-771601/deathstarbench_social_network/colocated/ND/3,acquisition,1,,59127123,36769274,36527728,,,2060.15726739,2.1140393979999317,,,,
v3-main-771601/deathstarbench_social_network/colocated/ND/3,graph,1,36768758,,,,0.43979072299999444,1.4784670669999969,,,,historical development labor was not timed,,not measured; fresh reconstruction is the reported application path
v3-main-771601/deathstarbench_social_network/colocated/ND/3,pmx,1,,,,,,,,,,,,
v3-main-771601/deathstarbench_social_network/colocated/ND/4,acquisition,1,,59164563,36810223,36568748,,,2060.375811816,2.1801818700000695,,,,
v3-main-771601/deathstarbench_social_network/colocated/ND/4,graph,1,36809707,,,,0.2999636179999925,0.9005288529999973,,,,historical development labor was not timed,,not measured; fresh reconstruction is the reported application path
v3-main-771601/deathstarbench_social_network/colocated/ND/4,pmx,1,,,,,,,,,,,,
v3-main-771601/deathstarbench_social_network/colocated/ND/5,acquisition,1,,59121976,36797734,36556243,,,2057.325355468,1.4276992100003554,,,,
v3-main-771601/deathstarbench_social_network/colocated/ND/5,graph,1,36797218,,,,0.4344687130000011,1.4105748019999993,,,,historical development labor was not timed,,not measured; fresh reconstruction is the reported application path
v3-main-771601/deathstarbench_social_network/colocated/ND/5,pmx,1,,,,,,,,,,,,
v3-main-771601/deathstarbench_social_network/colocated/ND/6,acquisition,1,,59110180,36765746,36523995,,,2057.4803361649997,1.4873606520000067,,,,
v3-main-771601/deathstarbench_social_network/colocated/ND/6,graph,1,36765230,,,,0.4261313869999981,1.4246100799999795,,,,historical development labor was not timed,,not measured; fresh reconstruction is the reported application path
v3-main-771601/deathstarbench_social_network/colocated/ND/6,pmx,1,,,,,,,,,,,,
v3-main-771601/deathstarbench_social_network/colocated/ND/7,acquisition,1,,59155361,36806882,36565477,,,2057.78650719,1.5795596200000546,,,,
v3-main-771601/deathstarbench_social_network/colocated/ND/7,graph,1,36806366,,,,0.42753904500000317,1.4317357560000232,,,,historical development labor was not timed,,not measured; fresh reconstruction is the reported application path
v3-main-771601/deathstarbench_social_network/colocated/ND/7,pmx,1,,,,,,,,,,,,
v3-main-771601/deathstarbench_social_network/colocated/ND/8,acquisition,1,,59145457,36780440,36539191,,,2059.169925006,1.9849330140000347,,,,
v3-main-771601/deathstarbench_social_network/colocated/ND/8,graph,1,36779924,,,,0.43650381000000493,1.4522789640000013,,,,historical development labor was not timed,,not measured; fresh reconstruction is the reported application path
v3-main-771601/deathstarbench_social_network/colocated/ND/8,pmx,1,,,,,,,,,,,,
v3-main-771601/deathstarbench_social_network/colocated/ND/9,acquisition,1,,59152769,36795197,36553945,,,2059.795275987,2.1469414030002554,,,,
v3-main-771601/deathstarbench_social_network/colocated/ND/9,graph,1,36794681,,,,0.4338467740000027,1.3911510329999999,,,,historical development labor was not timed,,not measured; fresh reconstruction is the reported application path
v3-main-771601/deathstarbench_social_network/colocated/ND/9,pmx,1,,,,,,,,,,,,
v3-main-771601/deathstarbench_social_network/colocated/NCD/0,acquisition,1,,56475167,36339731,36097649,,,2058.9986895909997,1.9252377590000833,,,,
v3-main-771601/deathstarbench_social_network/colocated/NCD/0,graph,1,36339215,,,,0.31932038699999765,0.5229568919999963,,,,historical development labor was not timed,,not measured; fresh reconstruction is the reported application path
v3-main-771601/deathstarbench_social_network/colocated/NCD/0,pmx,1,,,,,,,,,,,,
v3-main-771601/deathstarbench_social_network/colocated/NCD/1,acquisition,1,,55331704,35358409,35116451,,,2059.469276539,2.146159045999866,,,,
v3-main-771601/deathstarbench_social_network/colocated/NCD/1,graph,1,35357893,,,,0.4165079250000048,1.3433092860000073,,,,historical development labor was not timed,,not measured; fresh reconstruction is the reported application path
v3-main-771601/deathstarbench_social_network/colocated/NCD/1,pmx,1,,,,,,,,,,,,
v3-main-771601/deathstarbench_social_network/colocated/NCD/2,acquisition,1,,55223461,34317872,34075771,,,2058.705568625,1.897599796999657,,,,
v3-main-771601/deathstarbench_social_network/colocated/NCD/2,graph,1,34317356,,,,0.3980289230000267,1.2342935920000286,,,,historical development labor was not timed,,not measured; fresh reconstruction is the reported application path
v3-main-771601/deathstarbench_social_network/colocated/NCD/2,pmx,1,,,,,,,,,,,,
v3-main-771601/deathstarbench_social_network/colocated/NCD/3,acquisition,1,,55081595,34978305,34736321,,,2059.060038087,1.9784198879997348,,,,
v3-main-771601/deathstarbench_social_network/colocated/NCD/3,graph,1,34977789,,,,0.43524759100000665,1.3512419260000001,,,,historical development labor was not timed,,not measured; fresh reconstruction is the reported application path
v3-main-771601/deathstarbench_social_network/colocated/NCD/3,pmx,1,,,,,,,,,,,,
v3-main-771601/deathstarbench_social_network/colocated/NCD/4,acquisition,1,,58105815,35364143,35121818,,,2058.701311855,1.877774486999897,,,,
v3-main-771601/deathstarbench_social_network/colocated/NCD/4,graph,1,35363627,,,,0.41287153199999693,0.9501421269999923,,,,historical development labor was not timed,,not measured; fresh reconstruction is the reported application path
v3-main-771601/deathstarbench_social_network/colocated/NCD/4,pmx,1,,,,,,,,,,,,
v3-main-771601/deathstarbench_social_network/colocated/NCD/5,acquisition,1,,57826687,35884788,35642432,,,2059.648573936,2.1713455090002753,,,,
v3-main-771601/deathstarbench_social_network/colocated/NCD/5,graph,1,35884272,,,,0.343537714,0.8411088759999998,,,,historical development labor was not timed,,not measured; fresh reconstruction is the reported application path
v3-main-771601/deathstarbench_social_network/colocated/NCD/5,pmx,1,,,,,,,,,,,,
v3-main-771601/deathstarbench_social_network/colocated/NCD/6,acquisition,1,,55812633,34313107,34070940,,,2059.131046588,1.9959850539999024,,,,
v3-main-771601/deathstarbench_social_network/colocated/NCD/6,graph,1,34312591,,,,0.39384087099998055,0.7889071969999861,,,,historical development labor was not timed,,not measured; fresh reconstruction is the reported application path
v3-main-771601/deathstarbench_social_network/colocated/NCD/6,pmx,1,,,,,,,,,,,,
v3-main-771601/deathstarbench_social_network/colocated/NCD/7,acquisition,1,,54517256,34213927,33971523,,,2057.1945283500004,1.4599645009998312,,,,
v3-main-771601/deathstarbench_social_network/colocated/NCD/7,graph,1,34213411,,,,0.33478966999999926,0.9847687720000025,,,,historical development labor was not timed,,not measured; fresh reconstruction is the reported application path
v3-main-771601/deathstarbench_social_network/colocated/NCD/7,pmx,1,,,,,,,,,,,,
v3-main-771601/deathstarbench_social_network/colocated/NCD/8,acquisition,1,,58250695,36386707,36144158,,,2060.017025085,2.0984309239997856,,,,
v3-main-771601/deathstarbench_social_network/colocated/NCD/8,graph,1,36386191,,,,0.3259430859999952,1.0106619849999987,,,,historical development labor was not timed,,not measured; fresh reconstruction is the reported application path
v3-main-771601/deathstarbench_social_network/colocated/NCD/8,pmx,1,,,,,,,,,,,,
v3-main-771601/deathstarbench_social_network/colocated/NCD/9,acquisition,1,,56221586,35289816,35047040,,,2057.651776855,1.5507404410000163,,,,
v3-main-771601/deathstarbench_social_network/colocated/NCD/9,graph,1,35289300,,,,0.3711717279999789,0.7828087759999676,,,,historical development labor was not timed,,not measured; fresh reconstruction is the reported application path
v3-main-771601/deathstarbench_social_network/colocated/NCD/9,pmx,1,,,,,,,,,,,,
v3-main-771601/deathstarbench_social_network/split/N/0,acquisition,1,,59160678,36752166,36510416,,,2058.67514584,1.8487513570003102,,,,
v3-main-771601/deathstarbench_social_network/split/N/0,graph,1,36751650,,,,0.4438738659999899,1.4922225010000005,,,,historical development labor was not timed,,not measured; fresh reconstruction is the reported application path
v3-main-771601/deathstarbench_social_network/split/N/0,pmx,1,,,,,,,,,,,,
v3-main-771601/deathstarbench_social_network/split/N/1,acquisition,1,,59164165,36745018,36503310,,,2059.407163053,1.9455800780001482,,,,
v3-main-771601/deathstarbench_social_network/split/N/1,graph,1,36744502,,,,0.43586661900002355,1.4010831140000164,,,,historical development labor was not timed,,not measured; fresh reconstruction is the reported application path
v3-main-771601/deathstarbench_social_network/split/N/1,pmx,1,,,,,,,,,,,,
v3-main-771601/deathstarbench_social_network/split/N/2,acquisition,1,,59152394,36757008,36515733,,,2059.581971647,2.0689312039999095,,,,
v3-main-771601/deathstarbench_social_network/split/N/2,graph,1,36756492,,,,0.4279896359999995,1.455981645999998,,,,historical development labor was not timed,,not measured; fresh reconstruction is the reported application path
v3-main-771601/deathstarbench_social_network/split/N/2,pmx,1,,,,,,,,,,,,
v3-main-771601/deathstarbench_social_network/split/N/3,acquisition,1,,59164347,36772667,36530645,,,2059.546868716,2.072428166000009,,,,
v3-main-771601/deathstarbench_social_network/split/N/3,graph,1,36772151,,,,0.41915044800000345,1.3989997720000034,,,,historical development labor was not timed,,not measured; fresh reconstruction is the reported application path
v3-main-771601/deathstarbench_social_network/split/N/3,pmx,1,,,,,,,,,,,,
v3-main-771601/deathstarbench_social_network/split/N/4,acquisition,1,,59171276,36789227,36547465,,,2057.882106908,1.5552438370000345,,,,
v3-main-771601/deathstarbench_social_network/split/N/4,graph,1,36788711,,,,0.43819129799999956,1.482718913999996,,,,historical development labor was not timed,,not measured; fresh reconstruction is the reported application path
v3-main-771601/deathstarbench_social_network/split/N/4,pmx,1,,,,,,,,,,,,
v3-main-771601/deathstarbench_social_network/split/N/5,acquisition,1,,59170063,36769422,36528062,,,2059.4809608269998,2.022617660999913,,,,
v3-main-771601/deathstarbench_social_network/split/N/5,graph,1,36768906,,,,0.4389889049999951,1.4781889399999955,,,,historical development labor was not timed,,not measured; fresh reconstruction is the reported application path
v3-main-771601/deathstarbench_social_network/split/N/5,pmx,1,,,,,,,,,,,,
v3-main-771601/deathstarbench_social_network/split/N/6,acquisition,1,,59175931,36792259,36550991,,,2059.866040926,2.034267681000074,,,,
v3-main-771601/deathstarbench_social_network/split/N/6,graph,1,36791743,,,,0.4269069969999961,1.424777800000001,,,,historical development labor was not timed,,not measured; fresh reconstruction is the reported application path
v3-main-771601/deathstarbench_social_network/split/N/6,pmx,1,,,,,,,,,,,,
v3-main-771601/deathstarbench_social_network/split/N/7,acquisition,1,,59186451,36776197,36534672,,,2060.168515169,2.1616885950002143,,,,
v3-main-771601/deathstarbench_social_network/split/N/7,graph,1,36775681,,,,0.44219340699999066,1.4864118419999954,,,,historical development labor was not timed,,not measured; fresh reconstruction is the reported application path
v3-main-771601/deathstarbench_social_network/split/N/7,pmx,1,,,,,,,,,,,,
v3-main-771601/deathstarbench_social_network/split/N/8,acquisition,1,,59156818,36771077,36529108,,,2059.4940342420005,2.0543641600002047,,,,
v3-main-771601/deathstarbench_social_network/split/N/8,graph,1,36770561,,,,0.3384578530000013,1.079215185999999,,,,historical development labor was not timed,,not measured; fresh reconstruction is the reported application path
v3-main-771601/deathstarbench_social_network/split/N/8,pmx,1,,,,,,,,,,,,
v3-main-771601/deathstarbench_social_network/split/N/9,acquisition,1,,59144095,36734267,36493247,,,2059.6713014899997,2.0709230729999035,,,,
v3-main-771601/deathstarbench_social_network/split/N/9,graph,1,36733751,,,,0.3352627849999976,1.0763149189999979,,,,historical development labor was not timed,,not measured; fresh reconstruction is the reported application path
v3-main-771601/deathstarbench_social_network/split/N/9,pmx,1,,,,,,,,,,,,
v3-main-771601/deathstarbench_social_network/split/NC/0,acquisition,1,,58159656,36726673,36483760,,,2057.238877276,1.5006591110000045,,,,
v3-main-771601/deathstarbench_social_network/split/NC/0,graph,1,36726157,,,,0.4715124979999956,1.4914201179999935,,,,historical development labor was not timed,,not measured; fresh reconstruction is the reported application path
v3-main-771601/deathstarbench_social_network/split/NC/0,pmx,1,,,,,,,,,,,,
v3-main-771601/deathstarbench_social_network/split/NC/1,acquisition,1,,57527247,35990950,35748436,,,2059.551693848,2.0335610399997677,,,,
v3-main-771601/deathstarbench_social_network/split/NC/1,graph,1,35990434,,,,0.39300114299999933,1.1669533299999983,,,,historical development labor was not timed,,not measured; fresh reconstruction is the reported application path
v3-main-771601/deathstarbench_social_network/split/NC/1,pmx,1,,,,,,,,,,,,
v3-main-771601/deathstarbench_social_network/split/NC/2,acquisition,1,,58175533,36664200,36421600,,,2060.2956795090004,2.2402501790002134,,,,
v3-main-771601/deathstarbench_social_network/split/NC/2,graph,1,36663684,,,,0.426769445000005,1.4257941700000032,,,,historical development labor was not timed,,not measured; fresh reconstruction is the reported application path
v3-main-771601/deathstarbench_social_network/split/NC/2,pmx,1,,,,,,,,,,,,
v3-main-771601/deathstarbench_social_network/split/NC/3,acquisition,1,,54933268,34334997,34092704,,,2056.951766934,1.3777481150000312,,,,
v3-main-771601/deathstarbench_social_network/split/NC/3,graph,1,34334481,,,,0.3948192399999897,1.2515247829999936,,,,historical development labor was not timed,,not measured; fresh reconstruction is the reported application path
v3-main-771601/deathstarbench_social_network/split/NC/3,pmx,1,,,,,,,,,,,,
v3-main-771601/deathstarbench_social_network/split/NC/4,acquisition,1,,58398550,35940773,35698841,,,2059.583215691,2.1370140049998554,,,,
v3-main-771601/deathstarbench_social_network/split/NC/4,graph,1,35940257,,,,0.3291893580000078,0.9316409570000133,,,,historical development labor was not timed,,not measured; fresh reconstruction is the reported application path
v3-main-771601/deathstarbench_social_network/split/NC/4,pmx,1,,,,,,,,,,,,
v3-main-771601/deathstarbench_social_network/split/NC/5,acquisition,1,,56761431,34843359,34601248,,,2058.6757986290004,1.8889964119998695,,,,
v3-main-771601/deathstarbench_social_network/split/NC/5,graph,1,34842843,,,,0.2815471549999984,0.5051993210000063,,,,historical development labor was not timed,,not measured; fresh reconstruction is the reported application path
v3-main-771601/deathstarbench_social_network/split/NC/5,pmx,1,,,,,,,,,,,,
v3-main-771601/deathstarbench_social_network/split/NC/6,acquisition,1,,54822766,34591482,34349080,,,2058.899251277,1.9676134830001502,,,,
v3-main-771601/deathstarbench_social_network/split/NC/6,graph,1,34590966,,,,0.3257037250000039,0.5749444190000048,,,,historical development labor was not timed,,not measured; fresh reconstruction is the reported application path
v3-main-771601/deathstarbench_social_network/split/NC/6,pmx,1,,,,,,,,,,,,
v3-main-771601/deathstarbench_social_network/split/NC/7,acquisition,1,,59098013,36702019,36460300,,,2060.139015284,2.254988658000002,,,,
v3-main-771601/deathstarbench_social_network/split/NC/7,graph,1,36701503,,,,0.4272793969999995,1.4611883980000044,,,,historical development labor was not timed,,not measured; fresh reconstruction is the reported application path
v3-main-771601/deathstarbench_social_network/split/NC/7,pmx,1,,,,,,,,,,,,
v3-main-771601/deathstarbench_social_network/split/NC/8,acquisition,1,,57425359,36764821,36522931,,,2059.4640723919997,2.0257860380002057,,,,
v3-main-771601/deathstarbench_social_network/split/NC/8,graph,1,36764305,,,,0.4307589550000017,1.4639354420000004,,,,historical development labor was not timed,,not measured; fresh reconstruction is the reported application path
v3-main-771601/deathstarbench_social_network/split/NC/8,pmx,1,,,,,,,,,,,,
v3-main-771601/deathstarbench_social_network/split/NC/9,acquisition,1,,58886641,36524997,36282164,,,2058.531399699,1.679380189999847,,,,
v3-main-771601/deathstarbench_social_network/split/NC/9,graph,1,36524481,,,,0.4196244959999973,1.4133046150000013,,,,historical development labor was not timed,,not measured; fresh reconstruction is the reported application path
v3-main-771601/deathstarbench_social_network/split/NC/9,pmx,1,,,,,,,,,,,,
v3-main-771601/deathstarbench_social_network/split/ND/0,acquisition,1,,59193115,36799054,36557457,,,2060.421460648,2.3737215330002073,,,,
v3-main-771601/deathstarbench_social_network/split/ND/0,graph,1,36798538,,,,0.38822505300004195,1.2236527860000024,,,,historical development labor was not timed,,not measured; fresh reconstruction is the reported application path
v3-main-771601/deathstarbench_social_network/split/ND/0,pmx,1,,,,,,,,,,,,
v3-main-771601/deathstarbench_social_network/split/ND/1,acquisition,1,,59167713,36779164,36537392,,,2059.864180325,2.1249394050000774,,,,
v3-main-771601/deathstarbench_social_network/split/ND/1,graph,1,36778648,,,,0.4670710090000014,1.537547035000003,,,,historical development labor was not timed,,not measured; fresh reconstruction is the reported application path
v3-main-771601/deathstarbench_social_network/split/ND/1,pmx,1,,,,,,,,,,,,
v3-main-771601/deathstarbench_social_network/split/ND/2,acquisition,1,,59162798,36763234,36521530,,,2059.647162012,2.062536420000015,,,,
v3-main-771601/deathstarbench_social_network/split/ND/2,graph,1,36762718,,,,0.4176363739999829,1.4151056639999808,,,,historical development labor was not timed,,not measured; fresh reconstruction is the reported application path
v3-main-771601/deathstarbench_social_network/split/ND/2,pmx,1,,,,,,,,,,,,
v3-main-771601/deathstarbench_social_network/split/ND/3,acquisition,1,,59135431,36734541,36493126,,,2058.048418151,1.6520909189998747,,,,
v3-main-771601/deathstarbench_social_network/split/ND/3,graph,1,36734025,,,,0.4413361249999923,1.430242120999992,,,,historical development labor was not timed,,not measured; fresh reconstruction is the reported application path
v3-main-771601/deathstarbench_social_network/split/ND/3,pmx,1,,,,,,,,,,,,
v3-main-771601/deathstarbench_social_network/split/ND/4,acquisition,1,,59145176,36774466,36533242,,,2059.316551072,2.0072074370000337,,,,
v3-main-771601/deathstarbench_social_network/split/ND/4,graph,1,36773950,,,,0.35318760499999513,1.1373189749999995,,,,historical development labor was not timed,,not measured; fresh reconstruction is the reported application path
v3-main-771601/deathstarbench_social_network/split/ND/4,pmx,1,,,,,,,,,,,,
v3-main-771601/deathstarbench_social_network/split/ND/5,acquisition,1,,59148679,36767092,36525402,,,2059.697609401,2.075744570999632,,,,
v3-main-771601/deathstarbench_social_network/split/ND/5,graph,1,36766576,,,,0.4207055170000018,1.4386458310000023,,,,historical development labor was not timed,,not measured; fresh reconstruction is the reported application path
v3-main-771601/deathstarbench_social_network/split/ND/5,pmx,1,,,,,,,,,,,,
v3-main-771601/deathstarbench_social_network/split/ND/6,acquisition,1,,59147153,36755860,36514527,,,2059.8784006550004,2.220299932999751,,,,
v3-main-771601/deathstarbench_social_network/split/ND/6,graph,1,36755344,,,,0.4606118810000055,1.533535993000001,,,,historical development labor was not timed,,not measured; fresh reconstruction is the reported application path
v3-main-771601/deathstarbench_social_network/split/ND/6,pmx,1,,,,,,,,,,,,
v3-main-771601/deathstarbench_social_network/split/ND/7,acquisition,1,,59151567,36748090,36506446,,,2059.688835084,2.075340146000144,,,,
v3-main-771601/deathstarbench_social_network/split/ND/7,graph,1,36747574,,,,0.43917311399999903,1.4441673700000024,,,,historical development labor was not timed,,not measured; fresh reconstruction is the reported application path
v3-main-771601/deathstarbench_social_network/split/ND/7,pmx,1,,,,,,,,,,,,
v3-main-771601/deathstarbench_social_network/split/ND/8,acquisition,1,,59146859,36760295,36518392,,,2059.5991417640003,2.065585198000008,,,,
v3-main-771601/deathstarbench_social_network/split/ND/8,graph,1,36759779,,,,0.3412788799999902,1.1023732239999902,,,,historical development labor was not timed,,not measured; fresh reconstruction is the reported application path
v3-main-771601/deathstarbench_social_network/split/ND/8,pmx,1,,,,,,,,,,,,
v3-main-771601/deathstarbench_social_network/split/ND/9,acquisition,1,,59161587,36768678,36527499,,,2058.744419557,1.771386184000221,,,,
v3-main-771601/deathstarbench_social_network/split/ND/9,graph,1,36768162,,,,0.44220524300000363,1.509543659000002,,,,historical development labor was not timed,,not measured; fresh reconstruction is the reported application path
v3-main-771601/deathstarbench_social_network/split/ND/9,pmx,1,,,,,,,,,,,,
v3-main-771601/deathstarbench_social_network/split/NCD/0,acquisition,1,,58971820,36515146,36272514,,,2060.2729219370003,2.1501760030000696,,,,
v3-main-771601/deathstarbench_social_network/split/NCD/0,graph,1,36514630,,,,0.4339483159999986,1.4202574700000241,,,,historical development labor was not timed,,not measured; fresh reconstruction is the reported application path
v3-main-771601/deathstarbench_social_network/split/NCD/0,pmx,1,,,,,,,,,,,,
v3-main-771601/deathstarbench_social_network/split/NCD/1,acquisition,1,,58021823,35240565,34998056,,,2059.429619046,2.0334114610000142,,,,
v3-main-771601/deathstarbench_social_network/split/NCD/1,graph,1,35240049,,,,0.24760989199999983,0.7536832859999976,,,,historical development labor was not timed,,not measured; fresh reconstruction is the reported application path
v3-main-771601/deathstarbench_social_network/split/NCD/1,pmx,1,,,,,,,,,,,,
v3-main-771601/deathstarbench_social_network/split/NCD/2,acquisition,1,,56114788,33944809,33702435,,,2057.7711247529996,1.7499702410000282,,,,
v3-main-771601/deathstarbench_social_network/split/NCD/2,graph,1,33944293,,,,0.41286193799999893,1.3437734449999965,,,,historical development labor was not timed,,not measured; fresh reconstruction is the reported application path
v3-main-771601/deathstarbench_social_network/split/NCD/2,pmx,1,,,,,,,,,,,,
v3-main-771601/deathstarbench_social_network/split/NCD/3,acquisition,1,,56895731,35300198,35057469,,,2059.372262331,2.1419417809997867,,,,
v3-main-771601/deathstarbench_social_network/split/NCD/3,graph,1,35299682,,,,0.41172069599997485,0.9077914769999325,,,,historical development labor was not timed,,not measured; fresh reconstruction is the reported application path
v3-main-771601/deathstarbench_social_network/split/NCD/3,pmx,1,,,,,,,,,,,,
v3-main-771601/deathstarbench_social_network/split/NCD/4,acquisition,1,,58192858,36655627,36412976,,,2059.862015588,2.2177972819999923,,,,
v3-main-771601/deathstarbench_social_network/split/NCD/4,graph,1,36655111,,,,0.43031407399999466,1.4411991050000097,,,,historical development labor was not timed,,not measured; fresh reconstruction is the reported application path
v3-main-771601/deathstarbench_social_network/split/NCD/4,pmx,1,,,,,,,,,,,,
v3-main-771601/deathstarbench_social_network/split/NCD/5,acquisition,1,,58897805,36581732,36339813,,,2059.7471110610004,2.125949179000145,,,,
v3-main-771601/deathstarbench_social_network/split/NCD/5,graph,1,36581216,,,,0.42725524699997663,1.4643494769999847,,,,historical development labor was not timed,,not measured; fresh reconstruction is the reported application path
v3-main-771601/deathstarbench_social_network/split/NCD/5,pmx,1,,,,,,,,,,,,
v3-main-771601/deathstarbench_social_network/split/NCD/6,acquisition,1,,55387475,35383723,35141781,,,2059.682277592,2.0613832270000785,,,,
v3-main-771601/deathstarbench_social_network/split/NCD/6,graph,1,35383207,,,,0.4284531389999984,1.3378641279999925,,,,historical development labor was not timed,,not measured; fresh reconstruction is the reported application path
v3-main-771601/deathstarbench_social_network/split/NCD/6,pmx,1,,,,,,,,,,,,
v3-main-771601/deathstarbench_social_network/split/NCD/7,acquisition,1,,57798905,34933291,34690322,,,2058.8923053870003,1.9952065870002116,,,,
v3-main-771601/deathstarbench_social_network/split/NCD/7,graph,1,34932775,,,,0.39319580600000137,0.9067457439999984,,,,historical development labor was not timed,,not measured; fresh reconstruction is the reported application path
v3-main-771601/deathstarbench_social_network/split/NCD/7,pmx,1,,,,,,,,,,,,
v3-main-771601/deathstarbench_social_network/split/NCD/8,acquisition,1,,58932622,36639599,36397437,,,2059.806993645,2.0414704350000648,,,,
v3-main-771601/deathstarbench_social_network/split/NCD/8,graph,1,36639083,,,,0.4377290040000048,1.4138262929999996,,,,historical development labor was not timed,,not measured; fresh reconstruction is the reported application path
v3-main-771601/deathstarbench_social_network/split/NCD/8,pmx,1,,,,,,,,,,,,
v3-main-771601/deathstarbench_social_network/split/NCD/9,acquisition,1,,54862430,34365582,34122976,,,2058.505345658,1.8526813200001016,,,,
v3-main-771601/deathstarbench_social_network/split/NCD/9,graph,1,34365066,,,,0.5686709699999994,1.1544570770000036,,,,historical development labor was not timed,,not measured; fresh reconstruction is the reported application path
v3-main-771601/deathstarbench_social_network/split/NCD/9,pmx,1,,,,,,,,,,,,
v3-main-771601/opentelemetry_demo/colocated/N/0,acquisition,1,,233969005,124400573,124158798,,,2084.164196362,9.495513000000301,,,,
v3-main-771601/opentelemetry_demo/colocated/N/0,graph,1,124400057,,,,1.2599505059999956,3.8032437970000004,,,,historical development labor was not timed,,not measured; fresh reconstruction is the reported application path
v3-main-771601/opentelemetry_demo/colocated/N/0,pmx,1,,,,,,,,,,,,
v3-main-771601/opentelemetry_demo/colocated/N/1,acquisition,1,,234126725,124063810,123821977,,,2083.3069032289995,9.375614068000232,,,,
v3-main-771601/opentelemetry_demo/colocated/N/1,graph,1,124063294,,,,1.2515513129999931,3.758039404000016,,,,historical development labor was not timed,,not measured; fresh reconstruction is the reported application path
v3-main-771601/opentelemetry_demo/colocated/N/1,pmx,1,,,,,,,,,,,,
v3-main-771601/opentelemetry_demo/colocated/N/2,acquisition,1,,237295247,126749548,126507786,,,2082.885440779,9.35790118199975,,,,
v3-main-771601/opentelemetry_demo/colocated/N/2,graph,1,126749032,,,,1.3013459709999964,3.8377184109999973,,,,historical development labor was not timed,,not measured; fresh reconstruction is the reported application path
v3-main-771601/opentelemetry_demo/colocated/N/2,pmx,1,,,,,,,,,,,,
v3-main-771601/opentelemetry_demo/colocated/N/3,acquisition,1,,234210090,124932363,124690865,,,2082.013417703,8.28162395299978,,,,
v3-main-771601/opentelemetry_demo/colocated/N/3,graph,1,124931847,,,,1.2093592219999891,3.408536009000045,,,,historical development labor was not timed,,not measured; fresh reconstruction is the reported application path
v3-main-771601/opentelemetry_demo/colocated/N/3,pmx,1,,,,,,,,,,,,
v3-main-771601/opentelemetry_demo/colocated/N/4,acquisition,1,,233844215,123198055,122956434,,,2083.420909947,9.43663524700014,,,,
v3-main-771601/opentelemetry_demo/colocated/N/4,graph,1,123197539,,,,0.8989196100000072,2.325292974000007,,,,historical development labor was not timed,,not measured; fresh reconstruction is the reported application path
v3-main-771601/opentelemetry_demo/colocated/N/4,pmx,1,,,,,,,,,,,,
v3-main-771601/opentelemetry_demo/colocated/N/5,acquisition,1,,231924568,123600223,123358409,,,2083.196554104,9.45108346500001,,,,
v3-main-771601/opentelemetry_demo/colocated/N/5,graph,1,123599707,,,,1.0164635209999915,2.9432661759999945,,,,historical development labor was not timed,,not measured; fresh reconstruction is the reported application path
v3-main-771601/opentelemetry_demo/colocated/N/5,pmx,1,,,,,,,,,,,,
v3-main-771601/opentelemetry_demo/colocated/N/6,acquisition,1,,238369635,126729278,126487639,,,2084.509392546,9.738657482000235,,,,
v3-main-771601/opentelemetry_demo/colocated/N/6,graph,1,126728762,,,,1.3089218390000212,3.9665772620000155,,,,historical development labor was not timed,,not measured; fresh reconstruction is the reported application path
v3-main-771601/opentelemetry_demo/colocated/N/6,pmx,1,,,,,,,,,,,,
v3-main-771601/opentelemetry_demo/colocated/N/7,acquisition,1,,234292698,124287687,124046126,,,2077.008279556,7.263328619999811,,,,
v3-main-771601/opentelemetry_demo/colocated/N/7,graph,1,124287171,,,,1.2725039600000017,3.7380679310000033,,,,historical development labor was not timed,,not measured; fresh reconstruction is the reported application path
v3-main-771601/opentelemetry_demo/colocated/N/7,pmx,1,,,,,,,,,,,,
v3-main-771601/opentelemetry_demo/colocated/N/8,acquisition,1,,235202557,124350875,124109222,,,2084.9951392820003,9.860885480999968,,,,
v3-main-771601/opentelemetry_demo/colocated/N/8,graph,1,124350359,,,,1.2402925430000096,3.7209272999999996,,,,historical development labor was not timed,,not measured; fresh reconstruction is the reported application path
v3-main-771601/opentelemetry_demo/colocated/N/8,pmx,1,,,,,,,,,,,,
v3-main-771601/opentelemetry_demo/colocated/N/9,acquisition,1,,234449897,125314728,125073161,,,2084.482998242,9.669701221000196,,,,
v3-main-771601/opentelemetry_demo/colocated/N/9,graph,1,125314212,,,,1.268650724000011,3.89967647200001,,,,historical development labor was not timed,,not measured; fresh reconstruction is the reported application path
v3-main-771601/opentelemetry_demo/colocated/N/9,pmx,1,,,,,,,,,,,,
v3-main-771601/opentelemetry_demo/colocated/NC/0,acquisition,1,,206315523,97324238,97082444,,,2073.094253942,5.868281432999993,,,,
v3-main-771601/opentelemetry_demo/colocated/NC/0,graph,1,97323722,,,,1.0252946319999978,2.7722655659999873,,,,historical development labor was not timed,,not measured; fresh reconstruction is the reported application path
v3-main-771601/opentelemetry_demo/colocated/NC/0,pmx,1,,,,,,,,,,,,
v3-main-771601/opentelemetry_demo/colocated/NC/1,acquisition,1,,231541690,123496280,123254156,,,2082.230044806,8.256348661000175,,,,
v3-main-771601/opentelemetry_demo/colocated/NC/1,graph,1,123495764,,,,1.1774279159999992,3.3217993880000023,,,,historical development labor was not timed,,not measured; fresh reconstruction is the reported application path
v3-main-771601/opentelemetry_demo/colocated/NC/1,pmx,1,,,,,,,,,,,,
v3-main-771601/opentelemetry_demo/colocated/NC/2,acquisition,1,,221704290,118986593,118744527,,,2081.025480115,9.311174075000054,,,,
v3-main-771601/opentelemetry_demo/colocated/NC/2,graph,1,118986077,,,,1.2119554819999507,3.6737533459999554,,,,historical development labor was not timed,,not measured; fresh reconstruction is the reported application path
v3-main-771601/opentelemetry_demo/colocated/NC/2,pmx,1,,,,,,,,,,,,
v3-main-771601/opentelemetry_demo/colocated/NC/3,acquisition,1,,221753090,112889325,112646893,,,2082.906319376,9.731865655000092,,,,
v3-main-771601/opentelemetry_demo/colocated/NC/3,graph,1,112888809,,,,1.1764522,3.11743245400001,,,,historical development labor was not timed,,not measured; fresh reconstruction is the reported application path
v3-main-771601/opentelemetry_demo/colocated/NC/3,pmx,1,,,,,,,,,,,,
v3-main-771601/opentelemetry_demo/colocated/NC/4,acquisition,1,,217979316,117978979,117736535,,,2076.362185222,6.9425294430002396,,,,
v3-main-771601/opentelemetry_demo/colocated/NC/4,graph,1,117978463,,,,1.1940807000000007,3.641229661000004,,,,historical development labor was not timed,,not measured; fresh reconstruction is the reported application path
v3-main-771601/opentelemetry_demo/colocated/NC/4,pmx,1,,,,,,,,,,,,
v3-main-771601/opentelemetry_demo/colocated/NC/5,acquisition,1,,215374080,116639310,116397142,,,2071.732408685,6.0668445190003695,,,,
v3-main-771601/opentelemetry_demo/colocated/NC/5,graph,1,116638794,,,,1.1711075830000937,3.6034413800000493,,,,historical development labor was not timed,,not measured; fresh reconstruction is the reported application path
v3-main-771601/opentelemetry_demo/colocated/NC/5,pmx,1,,,,,,,,,,,,
v3-main-771601/opentelemetry_demo/colocated/NC/6,acquisition,1,,226342267,121394967,121153159,,,2084.117168723,9.330576448000102,,,,
v3-main-771601/opentelemetry_demo/colocated/NC/6,graph,1,121394451,,,,1.2275278479999656,3.709508760999995,,,,historical development labor was not timed,,not measured; fresh reconstruction is the reported application path
v3-main-771601/opentelemetry_demo/colocated/NC/6,pmx,1,,,,,,,,,,,,
v3-main-771601/opentelemetry_demo/colocated/NC/7,acquisition,1,,218826970,109483413,109240630,,,2078.8652081729997,8.675296688999879,,,,
v3-main-771601/opentelemetry_demo/colocated/NC/7,graph,1,109482897,,,,1.1024265890000038,3.070510732999992,,,,historical development labor was not timed,,not measured; fresh reconstruction is the reported application path
v3-main-771601/opentelemetry_demo/colocated/NC/7,pmx,1,,,,,,,,,,,,
v3-main-771601/opentelemetry_demo/colocated/NC/8,acquisition,1,,217432229,112606652,112364086,,,2084.616409251,9.64338709499998,,,,
v3-main-771601/opentelemetry_demo/colocated/NC/8,graph,1,112606136,,,,0.8268055470000064,2.071312086000006,,,,historical development labor was not timed,,not measured; fresh reconstruction is the reported application path
v3-main-771601/opentelemetry_demo/colocated/NC/8,pmx,1,,,,,,,,,,,,
v3-main-771601/opentelemetry_demo/colocated/NC/9,acquisition,1,,210607901,101336791,101094216,,,2079.962248678,8.475943566999831,,,,
v3-main-771601/opentelemetry_demo/colocated/NC/9,graph,1,101336275,,,,1.051114174999995,2.8328537899999944,,,,historical development labor was not timed,,not measured; fresh reconstruction is the reported application path
v3-main-771601/opentelemetry_demo/colocated/NC/9,pmx,1,,,,,,,,,,,,
v3-main-771601/opentelemetry_demo/colocated/ND/0,acquisition,1,,220562949,114177331,113935869,,,2080.082734682,8.709022787000322,,,,
v3-main-771601/opentelemetry_demo/colocated/ND/0,graph,1,114176815,,,,1.2082322029999943,3.533559306000001,,,,historical development labor was not timed,,not measured; fresh reconstruction is the reported application path
v3-main-771601/opentelemetry_demo/colocated/ND/0,pmx,1,,,,,,,,,,,,
v3-main-771601/opentelemetry_demo/colocated/ND/1,acquisition,1,,220828522,116439760,116198411,,,2082.079781734,9.078648150999925,,,,
v3-main-771601/opentelemetry_demo/colocated/ND/1,graph,1,116439244,,,,1.1640943940000028,3.5289410900000036,,,,historical development labor was not timed,,not measured; fresh reconstruction is the reported application path
v3-main-771601/opentelemetry_demo/colocated/ND/1,pmx,1,,,,,,,,,,,,
v3-main-771601/opentelemetry_demo/colocated/ND/2,acquisition,1,,220662510,117360033,117118517,,,2081.4750452219996,8.95288028799996,,,,
v3-main-771601/opentelemetry_demo/colocated/ND/2,graph,1,117359517,,,,1.1875075570000035,3.618091511000003,,,,historical development labor was not timed,,not measured; fresh reconstruction is the reported application path
v3-main-771601/opentelemetry_demo/colocated/ND/2,pmx,1,,,,,,,,,,,,
v3-main-771601/opentelemetry_demo/colocated/ND/3,acquisition,1,,221067241,116149635,115907896,,,2083.9627745669995,9.087087397000232,,,,
v3-main-771601/opentelemetry_demo/colocated/ND/3,graph,1,116149119,,,,1.2030301770000165,3.4684649180000235,,,,historical development labor was not timed,,not measured; fresh reconstruction is the reported application path
v3-main-771601/opentelemetry_demo/colocated/ND/3,pmx,1,,,,,,,,,,,,
v3-main-771601/opentelemetry_demo/colocated/ND/4,acquisition,1,,224118353,118439106,118197719,,,2082.49646563,9.155807736000042,,,,
v3-main-771601/opentelemetry_demo/colocated/ND/4,graph,1,118438590,,,,1.2444844159999917,3.474087041000004,,,,historical development labor was not timed,,not measured; fresh reconstruction is the reported application path
v3-main-771601/opentelemetry_demo/colocated/ND/4,pmx,1,,,,,,,,,,,,
v3-main-771601/opentelemetry_demo/colocated/ND/5,acquisition,1,,224071623,117488322,117247186,,,2082.72820752,9.26138236099996,,,,
v3-main-771601/opentelemetry_demo/colocated/ND/5,graph,1,117487806,,,,1.170787009999998,3.4655380709999974,,,,historical development labor was not timed,,not measured; fresh reconstruction is the reported application path
v3-main-771601/opentelemetry_demo/colocated/ND/5,pmx,1,,,,,,,,,,,,
v3-main-771601/opentelemetry_demo/colocated/ND/6,acquisition,1,,221812077,117681824,117440030,,,2071.616541618,5.200405175000014,,,,
v3-main-771601/opentelemetry_demo/colocated/ND/6,graph,1,117681308,,,,1.188428891000001,3.661178737,,,,historical development labor was not timed,,not measured; fresh reconstruction is the reported application path
v3-main-771601/opentelemetry_demo/colocated/ND/6,pmx,1,,,,,,,,,,,,
v3-main-771601/opentelemetry_demo/colocated/ND/7,acquisition,1,,220911768,116701230,116459692,,,2081.3038563490004,8.926159162000204,,,,
v3-main-771601/opentelemetry_demo/colocated/ND/7,graph,1,116700714,,,,1.2312803370000012,3.596355410000001,,,,historical development labor was not timed,,not measured; fresh reconstruction is the reported application path
v3-main-771601/opentelemetry_demo/colocated/ND/7,pmx,1,,,,,,,,,,,,
v3-main-771601/opentelemetry_demo/colocated/ND/8,acquisition,1,,223376244,117225585,116983994,,,2083.275429036,9.267210020999755,,,,
v3-main-771601/opentelemetry_demo/colocated/ND/8,graph,1,117225069,,,,1.2047764499999971,3.419731421999998,,,,historical development labor was not timed,,not measured; fresh reconstruction is the reported application path
v3-main-771601/opentelemetry_demo/colocated/ND/8,pmx,1,,,,,,,,,,,,
v3-main-771601/opentelemetry_demo/colocated/ND/9,acquisition,1,,223086467,118340513,118098916,,,2081.752661967,9.178210876999856,,,,
v3-main-771601/opentelemetry_demo/colocated/ND/9,graph,1,118339997,,,,1.2700457319999998,3.6589398579999965,,,,historical development labor was not timed,,not measured; fresh reconstruction is the reported application path
v3-main-771601/opentelemetry_demo/colocated/ND/9,pmx,1,,,,,,,,,,,,
v3-main-771601/opentelemetry_demo/colocated/NCD/0,acquisition,1,,198727141,109360407,109118302,,,2077.433408501,6.710587558000043,,,,
v3-main-771601/opentelemetry_demo/colocated/NCD/0,graph,1,109359891,,,,1.0931035349999547,3.283752676000006,,,,historical development labor was not timed,,not measured; fresh reconstruction is the reported application path
v3-main-771601/opentelemetry_demo/colocated/NCD/0,pmx,1,,,,,,,,,,,,
v3-main-771601/opentelemetry_demo/colocated/NCD/1,acquisition,1,,204021081,108772489,108530186,,,2079.208183438,8.680337878000046,,,,
v3-main-771601/opentelemetry_demo/colocated/NCD/1,graph,1,108771973,,,,1.0460861100000045,2.745511895,,,,historical development labor was not timed,,not measured; fresh reconstruction is the reported application path
v3-main-771601/opentelemetry_demo/colocated/NCD/1,pmx,1,,,,,,,,,,,,
v3-main-771601/opentelemetry_demo/colocated/NCD/2,acquisition,1,,172272047,71074978,70832892,,,2074.352942079,6.338370510999994,,,,
v3-main-771601/opentelemetry_demo/colocated/NCD/2,graph,1,71074462,,,,0.6682291050000231,1.734229249000009,,,,historical development labor was not timed,,not measured; fresh reconstruction is the reported application path
v3-main-771601/opentelemetry_demo/colocated/NCD/2,pmx,1,,,,,,,,,,,,
v3-main-771601/opentelemetry_demo/colocated/NCD/3,acquisition,1,,210753268,116015647,115773724,,,2082.8911862,9.278109197000049,,,,
v3-main-771601/opentelemetry_demo/colocated/NCD/3,graph,1,116015131,,,,1.2042280639999774,3.5961926059999882,,,,historical development labor was not timed,,not measured; fresh reconstruction is the reported application path
v3-main-771601/opentelemetry_demo/colocated/NCD/3,pmx,1,,,,,,,,,,,,
v3-main-771601/opentelemetry_demo/colocated/NCD/4,acquisition,1,,183354269,103708742,103466797,,,2080.040456642,8.021173499999804,,,,
v3-main-771601/opentelemetry_demo/colocated/NCD/4,graph,1,103708226,,,,1.0501589309999986,2.9718280609999965,,,,historical development labor was not timed,,not measured; fresh reconstruction is the reported application path
v3-main-771601/opentelemetry_demo/colocated/NCD/4,pmx,1,,,,,,,,,,,,
v3-main-771601/opentelemetry_demo/colocated/NCD/5,acquisition,1,,219183053,113445309,113203090,,,2079.819760716,8.840092199999617,,,,
v3-main-771601/opentelemetry_demo/colocated/NCD/5,graph,1,113444793,,,,0.8375259819999883,2.2760321439999984,,,,historical development labor was not timed,,not measured; fresh reconstruction is the reported application path
v3-main-771601/opentelemetry_demo/colocated/NCD/5,pmx,1,,,,,,,,,,,,
v3-main-771601/opentelemetry_demo/colocated/NCD/6,acquisition,1,,206270655,103776828,103534432,,,2079.430184112,8.718118615000094,,,,
v3-main-771601/opentelemetry_demo/colocated/NCD/6,graph,1,103776312,,,,1.0454330249999941,2.9599440930000043,,,,historical development labor was not timed,,not measured; fresh reconstruction is the reported application path
v3-main-771601/opentelemetry_demo/colocated/NCD/6,pmx,1,,,,,,,,,,,,
v3-main-771601/opentelemetry_demo/colocated/NCD/7,acquisition,1,,213069897,108788026,108545507,,,2080.036786366,8.500862210999912,,,,
v3-main-771601/opentelemetry_demo/colocated/NCD/7,graph,1,108787510,,,,1.360341953999992,3.5067959519999903,,,,historical development labor was not timed,,not measured; fresh reconstruction is the reported application path
v3-main-771601/opentelemetry_demo/colocated/NCD/7,pmx,1,,,,,,,,,,,,
v3-main-771601/opentelemetry_demo/colocated/NCD/8,acquisition,1,,212972752,109277220,109034635,,,2081.771527924,9.283466155000042,,,,
v3-main-771601/opentelemetry_demo/colocated/NCD/8,graph,1,109276704,,,,1.0984864339999945,3.3722951120000175,,,,historical development labor was not timed,,not measured; fresh reconstruction is the reported application path
v3-main-771601/opentelemetry_demo/colocated/NCD/8,pmx,1,,,,,,,,,,,,
v3-main-771601/opentelemetry_demo/colocated/NCD/9,acquisition,1,,193871199,92126573,91884304,,,2076.24444924,6.135572910000064,,,,
v3-main-771601/opentelemetry_demo/colocated/NCD/9,graph,1,92126057,,,,0.7392435509999942,1.9923900850000038,,,,historical development labor was not timed,,not measured; fresh reconstruction is the reported application path
v3-main-771601/opentelemetry_demo/colocated/NCD/9,pmx,1,,,,,,,,,,,,
v3-main-771601/opentelemetry_demo/split/N/0,acquisition,1,,233808157,123340611,123099256,,,2082.70624567,9.446641574000296,,,,
v3-main-771601/opentelemetry_demo/split/N/0,graph,1,123340095,,,,1.2526908600000297,3.842489601000011,,,,historical development labor was not timed,,not measured; fresh reconstruction is the reported application path
v3-main-771601/opentelemetry_demo/split/N/0,pmx,1,,,,,,,,,,,,
v3-main-771601/opentelemetry_demo/split/N/1,acquisition,1,,234676528,123948981,123707440,,,2070.567158985,5.006084443999953,,,,
v3-main-771601/opentelemetry_demo/split/N/1,graph,1,123948465,,,,1.244420746000003,3.7767139279999995,,,,historical development labor was not timed,,not measured; fresh reconstruction is the reported application path
v3-main-771601/opentelemetry_demo/split/N/1,pmx,1,,,,,,,,,,,,
v3-main-771601/opentelemetry_demo/split/N/2,acquisition,1,,234253258,123557941,123316208,,,2085.072876576,9.759285825000006,,,,
v3-main-771601/opentelemetry_demo/split/N/2,graph,1,123557425,,,,1.262104179000005,3.7554813259999946,,,,historical development labor was not timed,,not measured; fresh reconstruction is the reported application path
v3-main-771601/opentelemetry_demo/split/N/2,pmx,1,,,,,,,,,,,,
v3-main-771601/opentelemetry_demo/split/N/3,acquisition,1,,235456854,122348422,122106313,,,2081.205158111,7.90655125100011,,,,
v3-main-771601/opentelemetry_demo/split/N/3,graph,1,122347906,,,,1.2699122519999975,3.6817979519999966,,,,historical development labor was not timed,,not measured; fresh reconstruction is the reported application path
v3-main-771601/opentelemetry_demo/split/N/3,pmx,1,,,,,,,,,,,,
v3-main-771601/opentelemetry_demo/split/N/4,acquisition,1,,236236743,125589091,125348092,,,2083.606285292,9.607381244000408,,,,
v3-main-771601/opentelemetry_demo/split/N/4,graph,1,125588575,,,,1.3107270780000064,3.745515413000007,,,,historical development labor was not timed,,not measured; fresh reconstruction is the reported application path
v3-main-771601/opentelemetry_demo/split/N/4,pmx,1,,,,,,,,,,,,
v3-main-771601/opentelemetry_demo/split/N/5,acquisition,1,,233599553,122331657,122090563,,,2083.961545233,9.688844192000033,,,,
v3-main-771601/opentelemetry_demo/split/N/5,graph,1,122331141,,,,1.2322422630000034,3.744458630000004,,,,historical development labor was not timed,,not measured; fresh reconstruction is the reported application path
v3-main-771601/opentelemetry_demo/split/N/5,pmx,1,,,,,,,,,,,,
v3-main-771601/opentelemetry_demo/split/N/6,acquisition,1,,234331572,122519506,122278431,,,2081.6274378909998,9.025196181999945,,,,
v3-main-771601/opentelemetry_demo/split/N/6,graph,1,122518990,,,,1.2904043700000045,3.9352439430000032,,,,historical development labor was not timed,,not measured; fresh reconstruction is the reported application path
v3-main-771601/opentelemetry_demo/split/N/6,pmx,1,,,,,,,,,,,,
v3-main-771601/opentelemetry_demo/split/N/7,acquisition,1,,233072267,123379502,123137623,,,2083.679071876,9.742954280000049,,,,
v3-main-771601/opentelemetry_demo/split/N/7,graph,1,123378986,,,,1.3167223379999982,4.117705430000001,,,,historical development labor was not timed,,not measured; fresh reconstruction is the reported application path
v3-main-771601/opentelemetry_demo/split/N/7,pmx,1,,,,,,,,,,,,
v3-main-771601/opentelemetry_demo/split/N/8,acquisition,1,,236539967,126066919,125825420,,,2085.6743895229997,10.00881628399975,,,,
v3-main-771601/opentelemetry_demo/split/N/8,graph,1,126066403,,,,0.9143874849999634,2.35386463399999,,,,historical development labor was not timed,,not measured; fresh reconstruction is the reported application path
v3-main-771601/opentelemetry_demo/split/N/8,pmx,1,,,,,,,,,,,,
v3-main-771601/opentelemetry_demo/split/N/9,acquisition,1,,233860146,123097400,122855768,,,2071.529322411,5.233763693000128,,,,
v3-main-771601/opentelemetry_demo/split/N/9,graph,1,123096884,,,,1.3227720160000018,4.021748303999999,,,,historical development labor was not timed,,not measured; fresh reconstruction is the reported application path
v3-main-771601/opentelemetry_demo/split/N/9,pmx,1,,,,,,,,,,,,
v3-main-771601/opentelemetry_demo/split/NC/0,acquisition,1,,187713504,89720090,89478371,,,2078.481217413,7.292728586000067,,,,
v3-main-771601/opentelemetry_demo/split/NC/0,graph,1,89719574,,,,0.8220535709999979,2.1248093739999945,,,,historical development labor was not timed,,not measured; fresh reconstruction is the reported application path
v3-main-771601/opentelemetry_demo/split/NC/0,pmx,1,,,,,,,,,,,,
v3-main-771601/opentelemetry_demo/split/NC/1,acquisition,1,,223827662,122906556,122664332,,,2084.777732885,9.905542132999926,,,,
v3-main-771601/opentelemetry_demo/split/NC/1,graph,1,122906040,,,,1.235528488,3.7637205539999954,,,,historical development labor was not timed,,not measured; fresh reconstruction is the reported application path
v3-main-771601/opentelemetry_demo/split/NC/1,pmx,1,,,,,,,,,,,,
v3-main-771601/opentelemetry_demo/split/NC/2,acquisition,1,,216701729,120466868,120224229,,,2083.637237078,9.521864153000024,,,,
v3-main-771601/opentelemetry_demo/split/NC/2,graph,1,120466352,,,,1.284093599000002,3.6899579660000015,,,,historical development labor was not timed,,not measured; fresh reconstruction is the reported application path
v3-main-771601/opentelemetry_demo/split/NC/2,pmx,1,,,,,,,,,,,,
v3-main-771601/opentelemetry_demo/split/NC/3,acquisition,1,,214661456,115777872,115535924,,,2082.49472556,9.02966563300015,,,,
v3-main-771601/opentelemetry_demo/split/NC/3,graph,1,115777356,,,,1.1908587189999977,3.347319137999996,,,,historical development labor was not timed,,not measured; fresh reconstruction is the reported application path
v3-main-771601/opentelemetry_demo/split/NC/3,pmx,1,,,,,,,,,,,,
v3-main-771601/opentelemetry_demo/split/NC/4,acquisition,1,,190822888,84220471,83978255,,,2078.862410462,7.060777106999922,,,,
v3-main-771601/opentelemetry_demo/split/NC/4,graph,1,84219955,,,,0.759645756999987,2.0170242779999796,,,,historical development labor was not timed,,not measured; fresh reconstruction is the reported application path
v3-main-771601/opentelemetry_demo/split/NC/4,pmx,1,,,,,,,,,,,,
v3-main-771601/opentelemetry_demo/split/NC/5,acquisition,1,,211237722,113631883,113389459,,,2080.7751261509998,8.7718894059999,,,,
v3-main-771601/opentelemetry_demo/split/NC/5,graph,1,113631367,,,,1.1397073150000026,3.4678574580000046,,,,historical development labor was not timed,,not measured; fresh reconstruction is the reported application path
v3-main-771601/opentelemetry_demo/split/NC/5,pmx,1,,,,,,,,,,,,
v3-main-771601/opentelemetry_demo/split/NC/6,acquisition,1,,200254910,106297872,106055521,,,2082.8926370930003,8.144461397999748,,,,
v3-main-771601/opentelemetry_demo/split/NC/6,graph,1,106297356,,,,1.0730793369999958,3.0894350099999883,,,,historical development labor was not timed,,not measured; fresh reconstruction is the reported application path
v3-main-771601/opentelemetry_demo/split/NC/6,pmx,1,,,,,,,,,,,,
v3-main-771601/opentelemetry_demo/split/NC/7,acquisition,1,,214690393,102126673,101884480,,,2074.9148237550003,6.258791979999842,,,,
v3-main-771601/opentelemetry_demo/split/NC/7,graph,1,102126157,,,,1.0349075599999935,2.997257773000001,,,,historical development labor was not timed,,not measured; fresh reconstruction is the reported application path
v3-main-771601/opentelemetry_demo/split/NC/7,pmx,1,,,,,,,,,,,,
v3-main-771601/opentelemetry_demo/split/NC/8,acquisition,1,,225893334,116391833,116149232,,,2075.9254612980003,7.226062964999983,,,,
v3-main-771601/opentelemetry_demo/split/NC/8,graph,1,116391317,,,,1.1981593949999478,3.6570928549999735,,,,historical development labor was not timed,,not measured; fresh reconstruction is the reported application path
v3-main-771601/opentelemetry_demo/split/NC/8,pmx,1,,,,,,,,,,,,
v3-main-771601/opentelemetry_demo/split/NC/9,acquisition,1,,231074538,123186564,122943928,,,2085.038969937,9.656017323000015,,,,
v3-main-771601/opentelemetry_demo/split/NC/9,graph,1,123186048,,,,1.1598957180000298,3.2901265670000157,,,,historical development labor was not timed,,not measured; fresh reconstruction is the reported application path
v3-main-771601/opentelemetry_demo/split/NC/9,pmx,1,,,,,,,,,,,,
v3-main-771601/opentelemetry_demo/split/ND/0,acquisition,1,,224309526,116368386,116127293,,,2076.1064741789996,6.946416252999825,,,,
v3-main-771601/opentelemetry_demo/split/ND/0,graph,1,116367870,,,,0.9635267060000388,2.714212180000004,,,,historical development labor was not timed,,not measured; fresh reconstruction is the reported application path
v3-main-771601/opentelemetry_demo/split/ND/0,pmx,1,,,,,,,,,,,,
v3-main-771601/opentelemetry_demo/split/ND/1,acquisition,1,,225996667,118735211,118493490,,,2081.96501801,9.164815013999942,,,,
v3-main-771601/opentelemetry_demo/split/ND/1,graph,1,118734695,,,,1.191473281999997,3.5888383799999986,,,,historical development labor was not timed,,not measured; fresh reconstruction is the reported application path
v3-main-771601/opentelemetry_demo/split/ND/1,pmx,1,,,,,,,,,,,,
v3-main-771601/opentelemetry_demo/split/ND/2,acquisition,1,,225014846,116956680,116715406,,,2081.328896113,8.908262449999711,,,,
v3-main-771601/opentelemetry_demo/split/ND/2,graph,1,116956164,,,,1.1900850480000145,3.6208245490000195,,,,historical development labor was not timed,,not measured; fresh reconstruction is the reported application path
v3-main-771601/opentelemetry_demo/split/ND/2,pmx,1,,,,,,,,,,,,
v3-main-771601/opentelemetry_demo/split/ND/3,acquisition,1,,225152633,118892777,118651169,,,2084.263298564,9.449398153999937,,,,
v3-main-771601/opentelemetry_demo/split/ND/3,graph,1,118892261,,,,1.2457228079999965,3.5623450259999956,,,,historical development labor was not timed,,not measured; fresh reconstruction is the reported application path
v3-main-771601/opentelemetry_demo/split/ND/3,pmx,1,,,,,,,,,,,,
v3-main-771601/opentelemetry_demo/split/ND/4,acquisition,1,,220824883,114498481,114256982,,,2074.334833851,6.771096039999975,,,,
v3-main-771601/opentelemetry_demo/split/ND/4,graph,1,114497965,,,,1.168197548000002,3.576948451,,,,historical development labor was not timed,,not measured; fresh reconstruction is the reported application path
v3-main-771601/opentelemetry_demo/split/ND/4,pmx,1,,,,,,,,,,,,
v3-main-771601/opentelemetry_demo/split/ND/5,acquisition,1,,222149311,117822111,117580801,,,2083.605633316,9.610903286999928,,,,
v3-main-771601/opentelemetry_demo/split/ND/5,graph,1,117821595,,,,1.2426196150000095,3.559787521000004,,,,historical development labor was not timed,,not measured; fresh reconstruction is the reported application path
v3-main-771601/opentelemetry_demo/split/ND/5,pmx,1,,,,,,,,,,,,
v3-main-771601/opentelemetry_demo/split/ND/6,acquisition,1,,225686312,119611774,119370284,,,2082.214495645,9.367864845999975,,,,
v3-main-771601/opentelemetry_demo/split/ND/6,graph,1,119611258,,,,1.2990872969999998,3.670160643999999,,,,historical development labor was not timed,,not measured; fresh reconstruction is the reported application path
v3-main-771601/opentelemetry_demo/split/ND/6,pmx,1,,,,,,,,,,,,
v3-main-771601/opentelemetry_demo/split/ND/7,acquisition,1,,223670138,117323956,117081789,,,2082.209007977,8.995578584000214,,,,
v3-main-771601/opentelemetry_demo/split/ND/7,graph,1,117323440,,,,1.1878102249999927,3.6652225459999954,,,,historical development labor was not timed,,not measured; fresh reconstruction is the reported application path
v3-main-771601/opentelemetry_demo/split/ND/7,pmx,1,,,,,,,,,,,,
v3-main-771601/opentelemetry_demo/split/ND/8,acquisition,1,,226653809,118804695,118563114,,,2083.003951651,9.373987851000038,,,,
v3-main-771601/opentelemetry_demo/split/ND/8,graph,1,118804179,,,,1.2097468510000056,3.710735145000001,,,,historical development labor was not timed,,not measured; fresh reconstruction is the reported application path
v3-main-771601/opentelemetry_demo/split/ND/8,pmx,1,,,,,,,,,,,,
v3-main-771601/opentelemetry_demo/split/ND/9,acquisition,1,,224085638,119626751,119385510,,,2085.064432141,9.364700049000021,,,,
v3-main-771601/opentelemetry_demo/split/ND/9,graph,1,119626235,,,,1.2162042639999981,3.6848751729999947,,,,historical development labor was not timed,,not measured; fresh reconstruction is the reported application path
v3-main-771601/opentelemetry_demo/split/ND/9,pmx,1,,,,,,,,,,,,
v3-main-771601/opentelemetry_demo/split/NCD/0,acquisition,1,,161019800,109878599,109636354,,,2073.0760773800002,4.96274739699993,,,,
v3-main-771601/opentelemetry_demo/split/NCD/0,graph,1,109878083,,,,1.0176626919999308,2.6553812859999653,,,,historical development labor was not timed,,not measured; fresh reconstruction is the reported application path
v3-main-771601/opentelemetry_demo/split/NCD/0,pmx,1,,,,,,,,,,,,
v3-main-771601/opentelemetry_demo/split/NCD/1,acquisition,1,,189102930,103975574,103732950,,,2077.241416183,6.863442534999649,,,,
v3-main-771601/opentelemetry_demo/split/NCD/1,graph,1,103975058,,,,0.8214399359999973,2.1443191400000003,,,,historical development labor was not timed,,not measured; fresh reconstruction is the reported application path
v3-main-771601/opentelemetry_demo/split/NCD/1,pmx,1,,,,,,,,,,,,
v3-main-771601/opentelemetry_demo/split/NCD/2,acquisition,1,,198337649,91401337,91158626,,,2074.337567658,5.7933710289999,,,,
v3-main-771601/opentelemetry_demo/split/NCD/2,graph,1,91400821,,,,0.9338270849999617,2.711725921999971,,,,historical development labor was not timed,,not measured; fresh reconstruction is the reported application path
v3-main-771601/opentelemetry_demo/split/NCD/2,pmx,1,,,,,,,,,,,,
v3-main-771601/opentelemetry_demo/split/NCD/3,acquisition,1,,205470470,113903679,113661334,,,2080.0697302080002,8.63926682300007,,,,
v3-main-771601/opentelemetry_demo/split/NCD/3,graph,1,113903163,,,,1.1224139020000052,3.414001877000004,,,,historical development labor was not timed,,not measured; fresh reconstruction is the reported application path
v3-main-771601/opentelemetry_demo/split/NCD/3,pmx,1,,,,,,,,,,,,
v3-main-771601/opentelemetry_demo/split/NCD/4,acquisition,1,,207686132,111497798,111255709,,,2080.172181343,8.476209410999672,,,,
v3-main-771601/opentelemetry_demo/split/NCD/4,graph,1,111497282,,,,1.1574292139999969,3.306426099999996,,,,historical development labor was not timed,,not measured; fresh reconstruction is the reported application path
v3-main-771601/opentelemetry_demo/split/NCD/4,pmx,1,,,,,,,,,,,,
v3-main-771601/opentelemetry_demo/split/NCD/5,acquisition,1,,201958280,112800468,112558340,,,2081.3766099540003,8.663293937000162,,,,
v3-main-771601/opentelemetry_demo/split/NCD/5,graph,1,112799952,,,,0.9301552450000088,2.5697764420000055,,,,historical development labor was not timed,,not measured; fresh reconstruction is the reported application path
v3-main-771601/opentelemetry_demo/split/NCD/5,pmx,1,,,,,,,,,,,,
v3-main-771601/opentelemetry_demo/split/NCD/6,acquisition,1,,185699894,86234257,85991969,,,2069.0058061090003,4.145361915999729,,,,
v3-main-771601/opentelemetry_demo/split/NCD/6,graph,1,86233741,,,,0.8743808549999983,2.523611551000002,,,,historical development labor was not timed,,not measured; fresh reconstruction is the reported application path
v3-main-771601/opentelemetry_demo/split/NCD/6,pmx,1,,,,,,,,,,,,
v3-main-771601/opentelemetry_demo/split/NCD/7,acquisition,1,,220416700,115512712,115270483,,,2081.793638626,9.291377471000033,,,,
v3-main-771601/opentelemetry_demo/split/NCD/7,graph,1,115512196,,,,0.8414840449999872,2.2433386849999977,,,,historical development labor was not timed,,not measured; fresh reconstruction is the reported application path
v3-main-771601/opentelemetry_demo/split/NCD/7,pmx,1,,,,,,,,,,,,
v3-main-771601/opentelemetry_demo/split/NCD/8,acquisition,1,,205021824,106556905,106315002,,,2078.5091388,8.262893341000108,,,,
v3-main-771601/opentelemetry_demo/split/NCD/8,graph,1,106556389,,,,1.089935563999994,3.112178869999994,,,,historical development labor was not timed,,not measured; fresh reconstruction is the reported application path
v3-main-771601/opentelemetry_demo/split/NCD/8,pmx,1,,,,,,,,,,,,
v3-main-771601/opentelemetry_demo/split/NCD/9,acquisition,1,,194661959,89109464,88866624,,,2076.269354699,7.070500855999853,,,,
v3-main-771601/opentelemetry_demo/split/NCD/9,graph,1,89108948,,,,0.920706717999991,2.6186714739999957,,,,historical development labor was not timed,,not measured; fresh reconstruction is the reported application path
v3-main-771601/opentelemetry_demo/split/NCD/9,pmx,1,,,,,,,,,,,,
v3-main-771601/spring_petclinic_microservices/colocated/N/0,acquisition,1,,87001855,48910186,48666211,,,2119.9702298449997,3.362071560000004,,,,
v3-main-771601/spring_petclinic_microservices/colocated/N/0,graph,1,48909670,,,,0.4940042430000062,1.2431306279999887,,,,historical development labor was not timed,,not measured; fresh reconstruction is the reported application path
v3-main-771601/spring_petclinic_microservices/colocated/N/0,pmx,1,,,,,,,,,,,,
v3-main-771601/spring_petclinic_microservices/colocated/N/1,acquisition,1,,87332582,48964067,48721065,,,2127.524403058,3.490501698999651,,,,
v3-main-771601/spring_petclinic_microservices/colocated/N/1,graph,1,48963551,,,,0.392963555999998,0.964132076999995,,,,historical development labor was not timed,,not measured; fresh reconstruction is the reported application path
v3-main-771601/spring_petclinic_microservices/colocated/N/1,pmx,1,,,,,,,,,,,,
v3-main-771601/spring_petclinic_microservices/colocated/N/2,acquisition,1,,87119894,49031573,48788174,,,2114.147277281,2.6205713059998743,,,,
v3-main-771601/spring_petclinic_microservices/colocated/N/2,graph,1,49031057,,,,0.36797115500002064,0.9064760680000177,,,,historical development labor was not timed,,not measured; fresh reconstruction is the reported application path
v3-main-771601/spring_petclinic_microservices/colocated/N/2,pmx,1,,,,,,,,,,,,
v3-main-771601/spring_petclinic_microservices/colocated/N/3,acquisition,1,,86708578,48968422,48725427,,,2115.497563891,3.3007658919996175,,,,
v3-main-771601/spring_petclinic_microservices/colocated/N/3,graph,1,48967906,,,,0.48391857299999685,1.2857660649999971,,,,historical development labor was not timed,,not measured; fresh reconstruction is the reported application path
v3-main-771601/spring_petclinic_microservices/colocated/N/3,pmx,1,,,,,,,,,,,,
v3-main-771601/spring_petclinic_microservices/colocated/N/4,acquisition,1,,87017163,48915261,48671812,,,2120.361935341,3.392453965000186,,,,
v3-main-771601/spring_petclinic_microservices/colocated/N/4,graph,1,48914745,,,,0.46342704000000623,1.270269012,,,,historical development labor was not timed,,not measured; fresh reconstruction is the reported application path
v3-main-771601/spring_petclinic_microservices/colocated/N/4,pmx,1,,,,,,,,,,,,
v3-main-771601/spring_petclinic_microservices/colocated/N/5,acquisition,1,,86765148,48879157,48635758,,,2120.084395284,3.3242306299998745,,,,
v3-main-771601/spring_petclinic_microservices/colocated/N/5,graph,1,48878641,,,,0.477465149000011,1.2918343900000195,,,,historical development labor was not timed,,not measured; fresh reconstruction is the reported application path
v3-main-771601/spring_petclinic_microservices/colocated/N/5,pmx,1,,,,,,,,,,,,
v3-main-771601/spring_petclinic_microservices/colocated/N/6,acquisition,1,,87159876,49016270,48773421,,,2112.99601415,3.2947769849997712,,,,
v3-main-771601/spring_petclinic_microservices/colocated/N/6,graph,1,49015754,,,,0.48727513899999764,1.3456773119999994,,,,historical development labor was not timed,,not measured; fresh reconstruction is the reported application path
v3-main-771601/spring_petclinic_microservices/colocated/N/6,pmx,1,,,,,,,,,,,,
v3-main-771601/spring_petclinic_microservices/colocated/N/7,acquisition,1,,87121866,48883796,48640960,,,2121.636634215,3.4600104219998684,,,,
v3-main-771601/spring_petclinic_microservices/colocated/N/7,graph,1,48883280,,,,0.4739642890000013,1.3105309110000007,,,,historical development labor was not timed,,not measured; fresh reconstruction is the reported application path
v3-main-771601/spring_petclinic_microservices/colocated/N/7,pmx,1,,,,,,,,,,,,
v3-main-771601/spring_petclinic_microservices/colocated/N/8,acquisition,1,,86974286,48942756,48699383,,,2117.435397403,3.2381997659999797,,,,
v3-main-771601/spring_petclinic_microservices/colocated/N/8,graph,1,48942240,,,,0.33686094399999433,0.8132623420000016,,,,historical development labor was not timed,,not measured; fresh reconstruction is the reported application path
v3-main-771601/spring_petclinic_microservices/colocated/N/8,pmx,1,,,,,,,,,,,,
v3-main-771601/spring_petclinic_microservices/colocated/N/9,acquisition,1,,86796211,48962908,48719767,,,2120.793552209,3.3492525229999046,,,,
v3-main-771601/spring_petclinic_microservices/colocated/N/9,graph,1,48962392,,,,0.48509104500000433,1.318572132,,,,historical development labor was not timed,,not measured; fresh reconstruction is the reported application path
v3-main-771601/spring_petclinic_microservices/colocated/N/9,pmx,1,,,,,,,,,,,,
v3-main-771601/spring_petclinic_microservices/colocated/NC/0,acquisition,1,,86222047,48727549,48484131,,,2120.5742916990002,3.3049528820001797,,,,
v3-main-771601/spring_petclinic_microservices/colocated/NC/0,graph,1,48727033,,,,0.4840767610000043,1.309814824,,,,historical development labor was not timed,,not measured; fresh reconstruction is the reported application path
v3-main-771601/spring_petclinic_microservices/colocated/NC/0,pmx,1,,,,,,,,,,,,
v3-main-771601/spring_petclinic_microservices/colocated/NC/1,acquisition,1,,85934706,48928459,48684655,,,2121.909338582,3.3442489119997845,,,,
v3-main-771601/spring_petclinic_microservices/colocated/NC/1,graph,1,48927943,,,,0.4882954070000096,1.3520330860000058,,,,historical development labor was not timed,,not measured; fresh reconstruction is the reported application path
v3-main-771601/spring_petclinic_microservices/colocated/NC/1,pmx,1,,,,,,,,,,,,
v3-main-771601/spring_petclinic_microservices/colocated/NC/2,acquisition,1,,85609167,48750774,48506798,,,2113.40377379,3.373783679999633,,,,
v3-main-771601/spring_petclinic_microservices/colocated/NC/2,graph,1,48750258,,,,0.3504988739999817,0.8736369109999771,,,,historical development labor was not timed,,not measured; fresh reconstruction is the reported application path
v3-main-771601/spring_petclinic_microservices/colocated/NC/2,pmx,1,,,,,,,,,,,,
v3-main-771601/spring_petclinic_microservices/colocated/NC/3,acquisition,1,,85959670,48609853,48365744,,,2109.9279994199997,2.5708717930001512,,,,
v3-main-771601/spring_petclinic_microservices/colocated/NC/3,graph,1,48609337,,,,0.489629555999997,1.211557237000008,,,,historical development labor was not timed,,not measured; fresh reconstruction is the reported application path
v3-main-771601/spring_petclinic_microservices/colocated/NC/3,pmx,1,,,,,,,,,,,,
v3-main-771601/spring_petclinic_microservices/colocated/NC/4,acquisition,1,,85611925,48779434,48535595,,,2120.9538441550003,3.3739125990000502,,,,
v3-main-771601/spring_petclinic_microservices/colocated/NC/4,graph,1,48778918,,,,0.4950598220000302,1.2356049469999562,,,,historical development labor was not timed,,not measured; fresh reconstruction is the reported application path
v3-main-771601/spring_petclinic_microservices/colocated/NC/4,pmx,1,,,,,,,,,,,,
v3-main-771601/spring_petclinic_microservices/colocated/NC/5,acquisition,1,,86119698,48905538,48662018,,,2122.7492039189997,2.968279925000388,,,,
v3-main-771601/spring_petclinic_microservices/colocated/NC/5,graph,1,48905022,,,,0.47959486900003867,1.225997561999975,,,,historical development labor was not timed,,not measured; fresh reconstruction is the reported application path
v3-main-771601/spring_petclinic_microservices/colocated/NC/5,pmx,1,,,,,,,,,,,,
v3-main-771601/spring_petclinic_microservices/colocated/NC/6,acquisition,1,,86151614,48850439,48606326,,,2116.713903863,3.4008992089998173,,,,
v3-main-771601/spring_petclinic_microservices/colocated/NC/6,graph,1,48849923,,,,0.4681978200000003,1.2601103730000034,,,,historical development labor was not timed,,not measured; fresh reconstruction is the reported application path
v3-main-771601/spring_petclinic_microservices/colocated/NC/6,pmx,1,,,,,,,,,,,,
v3-main-771601/spring_petclinic_microservices/colocated/NC/7,acquisition,1,,85535030,48505620,48261662,,,2111.167019346,2.5095910380000532,,,,
v3-main-771601/spring_petclinic_microservices/colocated/NC/7,graph,1,48505104,,,,0.4825547479999841,1.3116497270000025,,,,historical development labor was not timed,,not measured; fresh reconstruction is the reported application path
v3-main-771601/spring_petclinic_microservices/colocated/NC/7,pmx,1,,,,,,,,,,,,
v3-main-771601/spring_petclinic_microservices/colocated/NC/8,acquisition,1,,85486343,48539836,48295851,,,2107.510679623,2.7254275990003407,,,,
v3-main-771601/spring_petclinic_microservices/colocated/NC/8,graph,1,48539320,,,,0.4663789509999674,1.2662594029999923,,,,historical development labor was not timed,,not measured; fresh reconstruction is the reported application path
v3-main-771601/spring_petclinic_microservices/colocated/NC/8,pmx,1,,,,,,,,,,,,
v3-main-771601/spring_petclinic_microservices/colocated/NC/9,acquisition,1,,85788484,48730895,48487454,,,2115.1939583619996,3.26633522200018,,,,
v3-main-771601/spring_petclinic_microservices/colocated/NC/9,graph,1,48730379,,,,0.46869019799999023,1.3006234810000024,,,,historical development labor was not timed,,not measured; fresh reconstruction is the reported application path
v3-main-771601/spring_petclinic_microservices/colocated/NC/9,pmx,1,,,,,,,,,,,,
v3-main-771601/spring_petclinic_microservices/colocated/ND/0,acquisition,1,,85341014,48215032,47970614,,,2118.879665992,3.3389866939996864,,,,
v3-main-771601/spring_petclinic_microservices/colocated/ND/0,graph,1,48214516,,,,0.4281286719999997,1.0978765240000001,,,,historical development labor was not timed,,not measured; fresh reconstruction is the reported application path
v3-main-771601/spring_petclinic_microservices/colocated/ND/0,pmx,1,,,,,,,,,,,,
v3-main-771601/spring_petclinic_microservices/colocated/ND/1,acquisition,1,,85623318,48562407,48318391,,,2109.606932032,2.594205458999568,,,,
v3-main-771601/spring_petclinic_microservices/colocated/ND/1,graph,1,48561891,,,,0.46231892100001915,1.228773490000009,,,,historical development labor was not timed,,not measured; fresh reconstruction is the reported application path
v3-main-771601/spring_petclinic_microservices/colocated/ND/1,pmx,1,,,,,,,,,,,,
v3-main-771601/spring_petclinic_microservices/colocated/ND/2,acquisition,1,,84929986,47955571,47711401,,,2113.034834078,2.1861045440000453,,,,
v3-main-771601/spring_petclinic_microservices/colocated/ND/2,graph,1,47955055,,,,0.4450937089999911,1.1346467299999858,,,,historical development labor was not timed,,not measured; fresh reconstruction is the reported application path
v3-main-771601/spring_petclinic_microservices/colocated/ND/2,pmx,1,,,,,,,,,,,,
v3-main-771601/spring_petclinic_microservices/colocated/ND/3,acquisition,1,,85003631,48107128,47862953,,,2116.1113515240004,3.316698917999929,,,,
v3-main-771601/spring_petclinic_microservices/colocated/ND/3,graph,1,48106612,,,,0.47221625599999584,1.1928547889999948,,,,historical development labor was not timed,,not measured; fresh reconstruction is the reported application path
v3-main-771601/spring_petclinic_microservices/colocated/ND/3,pmx,1,,,,,,,,,,,,
v3-main-771601/spring_petclinic_microservices/colocated/ND/4,acquisition,1,,85937558,48510684,48267422,,,2116.485025698,3.2993501119999564,,,,
v3-main-771601/spring_petclinic_microservices/colocated/ND/4,graph,1,48510168,,,,0.2841732090000022,0.7282116750000114,,,,historical development labor was not timed,,not measured; fresh reconstruction is the reported application path
v3-main-771601/spring_petclinic_microservices/colocated/ND/4,pmx,1,,,,,,,,,,,,
v3-main-771601/spring_petclinic_microservices/colocated/ND/5,acquisition,1,,85504715,48241833,47997634,,,2113.8028508099997,3.2693783529998655,,,,
v3-main-771601/spring_petclinic_microservices/colocated/ND/5,graph,1,48241317,,,,0.46776268599995774,1.3034739369999784,,,,historical development labor was not timed,,not measured; fresh reconstruction is the reported application path
v3-main-771601/spring_petclinic_microservices/colocated/ND/5,pmx,1,,,,,,,,,,,,
v3-main-771601/spring_petclinic_microservices/colocated/ND/6,acquisition,1,,84509536,47908124,47663581,,,2121.8708674950003,3.3207486820001577,,,,
v3-main-771601/spring_petclinic_microservices/colocated/ND/6,graph,1,47907608,,,,0.4911995969999907,1.339022161999992,,,,historical development labor was not timed,,not measured; fresh reconstruction is the reported application path
v3-main-771601/spring_petclinic_microservices/colocated/ND/6,pmx,1,,,,,,,,,,,,
v3-main-771601/spring_petclinic_microservices/colocated/ND/7,acquisition,1,,84710506,47963339,47719268,,,2116.388973624,2.8470319210000525,,,,
v3-main-771601/spring_petclinic_microservices/colocated/ND/7,graph,1,47962823,,,,0.45033323300000916,1.1550059870000098,,,,historical development labor was not timed,,not measured; fresh reconstruction is the reported application path
v3-main-771601/spring_petclinic_microservices/colocated/ND/7,pmx,1,,,,,,,,,,,,
v3-main-771601/spring_petclinic_microservices/colocated/ND/8,acquisition,1,,85533120,48232255,47988129,,,2120.3849031199998,3.234352682000008,,,,
v3-main-771601/spring_petclinic_microservices/colocated/ND/8,graph,1,48231739,,,,0.46859593399999966,1.3136275760000018,,,,historical development labor was not timed,,not measured; fresh reconstruction is the reported application path
v3-main-771601/spring_petclinic_microservices/colocated/ND/8,pmx,1,,,,,,,,,,,,
v3-main-771601/spring_petclinic_microservices/colocated/ND/9,acquisition,1,,85431114,48295310,48050992,,,2127.23812611,3.0481455609997283,,,,
v3-main-771601/spring_petclinic_microservices/colocated/ND/9,graph,1,48294794,,,,0.47713304999999906,1.3043139239999988,,,,historical development labor was not timed,,not measured; fresh reconstruction is the reported application path
v3-main-771601/spring_petclinic_microservices/colocated/ND/9,pmx,1,,,,,,,,,,,,
v3-main-771601/spring_petclinic_microservices/colocated/NCD/0,acquisition,1,,84103533,47898917,47654295,,,2123.277074661,3.4517332780001198,,,,
v3-main-771601/spring_petclinic_microservices/colocated/NCD/0,graph,1,47898401,,,,0.37854330400000435,0.9503603109999972,,,,historical development labor was not timed,,not measured; fresh reconstruction is the reported application path
v3-main-771601/spring_petclinic_microservices/colocated/NCD/0,pmx,1,,,,,,,,,,,,
v3-main-771601/spring_petclinic_microservices/colocated/NCD/1,acquisition,1,,84133473,48047315,47802914,,,2109.8397579350003,2.5559671789997083,,,,
v3-main-771601/spring_petclinic_microservices/colocated/NCD/1,graph,1,48046799,,,,0.46388087799999767,1.2537159159999973,,,,historical development labor was not timed,,not measured; fresh reconstruction is the reported application path
v3-main-771601/spring_petclinic_microservices/colocated/NCD/1,pmx,1,,,,,,,,,,,,
v3-main-771601/spring_petclinic_microservices/colocated/NCD/2,acquisition,1,,83571705,47567470,47322397,,,2108.705990196,2.5220522900003743,,,,
v3-main-771601/spring_petclinic_microservices/colocated/NCD/2,graph,1,47566954,,,,0.4666367810000054,1.3017794440000046,,,,historical development labor was not timed,,not measured; fresh reconstruction is the reported application path
v3-main-771601/spring_petclinic_microservices/colocated/NCD/2,pmx,1,,,,,,,,,,,,
v3-main-771601/spring_petclinic_microservices/colocated/NCD/3,acquisition,1,,83761460,48085504,47840788,,,2117.5817678569997,3.159089775999746,,,,
v3-main-771601/spring_petclinic_microservices/colocated/NCD/3,graph,1,48084988,,,,0.478037331000003,1.3308608840000034,,,,historical development labor was not timed,,not measured; fresh reconstruction is the reported application path
v3-main-771601/spring_petclinic_microservices/colocated/NCD/3,pmx,1,,,,,,,,,,,,
v3-main-771601/spring_petclinic_microservices/colocated/NCD/4,acquisition,1,,83855269,47631551,47386584,,,2101.354488766,2.477029397000024,,,,
v3-main-771601/spring_petclinic_microservices/colocated/NCD/4,graph,1,47631035,,,,0.36159944499999597,0.8672088380000105,,,,historical development labor was not timed,,not measured; fresh reconstruction is the reported application path
v3-main-771601/spring_petclinic_microservices/colocated/NCD/4,pmx,1,,,,,,,,,,,,
v3-main-771601/spring_petclinic_microservices/colocated/NCD/5,acquisition,1,,83827371,47541324,47297074,,,2113.513805136,3.2785639849998915,,,,
v3-main-771601/spring_petclinic_microservices/colocated/NCD/5,graph,1,47540808,,,,0.47241217300000926,1.2563464930000094,,,,historical development labor was not timed,,not measured; fresh reconstruction is the reported application path
v3-main-771601/spring_petclinic_microservices/colocated/NCD/5,pmx,1,,,,,,,,,,,,
v3-main-771601/spring_petclinic_microservices/colocated/NCD/6,acquisition,1,,84603190,48062577,47818373,,,2121.136002215,3.2840188969998962,,,,
v3-main-771601/spring_petclinic_microservices/colocated/NCD/6,graph,1,48062061,,,,0.47970273399999996,1.3032996860000026,,,,historical development labor was not timed,,not measured; fresh reconstruction is the reported application path
v3-main-771601/spring_petclinic_microservices/colocated/NCD/6,pmx,1,,,,,,,,,,,,
v3-main-771601/spring_petclinic_microservices/colocated/NCD/7,acquisition,1,,84537803,48127305,47882678,,,2107.953646929,2.656010101999982,,,,
v3-main-771601/spring_petclinic_microservices/colocated/NCD/7,graph,1,48126789,,,,0.45961668000001055,1.2707241410000165,,,,historical development labor was not timed,,not measured; fresh reconstruction is the reported application path
v3-main-771601/spring_petclinic_microservices/colocated/NCD/7,pmx,1,,,,,,,,,,,,
v3-main-771601/spring_petclinic_microservices/colocated/NCD/8,acquisition,1,,83477099,47554321,47308937,,,2105.362531792,2.5187232670000412,,,,
v3-main-771601/spring_petclinic_microservices/colocated/NCD/8,graph,1,47553805,,,,0.4703429569999855,1.305859335000008,,,,historical development labor was not timed,,not measured; fresh reconstruction is the reported application path
v3-main-771601/spring_petclinic_microservices/colocated/NCD/8,pmx,1,,,,,,,,,,,,
v3-main-771601/spring_petclinic_microservices/colocated/NCD/9,acquisition,1,,83893059,47966083,47721156,,,2107.324859785,2.393890898999871,,,,
v3-main-771601/spring_petclinic_microservices/colocated/NCD/9,graph,1,47965567,,,,0.4885751770000013,1.2252377949999982,,,,historical development labor was not timed,,not measured; fresh reconstruction is the reported application path
v3-main-771601/spring_petclinic_microservices/colocated/NCD/9,pmx,1,,,,,,,,,,,,
v3-main-771601/spring_petclinic_microservices/split/N/0,acquisition,1,,87110413,49045302,48802214,,,2115.694908425,3.3101260329999604,,,,
v3-main-771601/spring_petclinic_microservices/split/N/0,graph,1,49044786,,,,0.47844358199999704,1.3839185,,,,historical development labor was not timed,,not measured; fresh reconstruction is the reported application path
v3-main-771601/spring_petclinic_microservices/split/N/0,pmx,1,,,,,,,,,,,,
v3-main-771601/spring_petclinic_microservices/split/N/1,acquisition,1,,87052678,49051621,48808288,,,2115.9501657150004,3.2952513579998595,,,,
v3-main-771601/spring_petclinic_microservices/split/N/1,graph,1,49051105,,,,0.3972509500000001,0.9673383339999972,,,,historical development labor was not timed,,not measured; fresh reconstruction is the reported application path
v3-main-771601/spring_petclinic_microservices/split/N/1,pmx,1,,,,,,,,,,,,
v3-main-771601/spring_petclinic_microservices/split/N/2,acquisition,1,,87105645,48900094,48656977,,,2110.6042983290004,2.5655110549996607,,,,
v3-main-771601/spring_petclinic_microservices/split/N/2,graph,1,48899578,,,,0.4724718609999954,1.2837212369999946,,,,historical development labor was not timed,,not measured; fresh reconstruction is the reported application path
v3-main-771601/spring_petclinic_microservices/split/N/2,pmx,1,,,,,,,,,,,,
v3-main-771601/spring_petclinic_microservices/split/N/3,acquisition,1,,87073744,48960145,48717023,,,2119.237157692,3.3957239149999623,,,,
v3-main-771601/spring_petclinic_microservices/split/N/3,graph,1,48959629,,,,0.41091306100000224,0.9998127850000031,,,,historical development labor was not timed,,not measured; fresh reconstruction is the reported application path
v3-main-771601/spring_petclinic_microservices/split/N/3,pmx,1,,,,,,,,,,,,
v3-main-771601/spring_petclinic_microservices/split/N/4,acquisition,1,,86923241,49047738,48804578,,,2115.838884303,3.3086333739997826,,,,
v3-main-771601/spring_petclinic_microservices/split/N/4,graph,1,49047222,,,,0.47376127399999746,1.314172837000001,,,,historical development labor was not timed,,not measured; fresh reconstruction is the reported application path
v3-main-771601/spring_petclinic_microservices/split/N/4,pmx,1,,,,,,,,,,,,
v3-main-771601/spring_petclinic_microservices/split/N/5,acquisition,1,,87333766,49111822,48868360,,,2113.234462337,3.3032539840000936,,,,
v3-main-771601/spring_petclinic_microservices/split/N/5,graph,1,49111306,,,,0.3859694379999894,0.9619580929999927,,,,historical development labor was not timed,,not measured; fresh reconstruction is the reported application path
v3-main-771601/spring_petclinic_microservices/split/N/5,pmx,1,,,,,,,,,,,,
v3-main-771601/spring_petclinic_microservices/split/N/6,acquisition,1,,86943106,48957033,48713679,,,2119.671838676,3.508021357999951,,,,
v3-main-771601/spring_petclinic_microservices/split/N/6,graph,1,48956517,,,,0.2918273509999949,0.7349060119999962,,,,historical development labor was not timed,,not measured; fresh reconstruction is the reported application path
v3-main-771601/spring_petclinic_microservices/split/N/6,pmx,1,,,,,,,,,,,,
v3-main-771601/spring_petclinic_microservices/split/N/7,acquisition,1,,86939654,48933816,48690778,,,2120.7917134279996,3.3546741269997256,,,,
v3-main-771601/spring_petclinic_microservices/split/N/7,graph,1,48933300,,,,0.3678485030000047,0.8885726890000001,,,,historical development labor was not timed,,not measured; fresh reconstruction is the reported application path
v3-main-771601/spring_petclinic_microservices/split/N/7,pmx,1,,,,,,,,,,,,
v3-main-771601/spring_petclinic_microservices/split/N/8,acquisition,1,,86875445,48849343,48606391,,,2121.4131241940004,3.3862605869999243,,,,
v3-main-771601/spring_petclinic_microservices/split/N/8,graph,1,48848827,,,,0.4977269440000214,1.2442819900000188,,,,historical development labor was not timed,,not measured; fresh reconstruction is the reported application path
v3-main-771601/spring_petclinic_microservices/split/N/8,pmx,1,,,,,,,,,,,,
v3-main-771601/spring_petclinic_microservices/split/N/9,acquisition,1,,87177075,48976266,48732938,,,2119.185763503,3.427066502999878,,,,
v3-main-771601/spring_petclinic_microservices/split/N/9,graph,1,48975750,,,,0.4201199130000006,1.042840757999997,,,,historical development labor was not timed,,not measured; fresh reconstruction is the reported application path
v3-main-771601/spring_petclinic_microservices/split/N/9,pmx,1,,,,,,,,,,,,
v3-main-771601/spring_petclinic_microservices/split/NC/0,acquisition,1,,85734892,48611181,48366952,,,2116.4206970170003,3.394578879999699,,,,
v3-main-771601/spring_petclinic_microservices/split/NC/0,graph,1,48610665,,,,0.4756081280000046,1.3064548470000048,,,,historical development labor was not timed,,not measured; fresh reconstruction is the reported application path
v3-main-771601/spring_petclinic_microservices/split/NC/0,pmx,1,,,,,,,,,,,,
v3-main-771601/spring_petclinic_microservices/split/NC/1,acquisition,1,,85426324,48576080,48332132,,,2117.3773671999998,3.3255697640001927,,,,
v3-main-771601/spring_petclinic_microservices/split/NC/1,graph,1,48575564,,,,0.47521007399999604,1.3058148709999955,,,,historical development labor was not timed,,not measured; fresh reconstruction is the reported application path
v3-main-771601/spring_petclinic_microservices/split/NC/1,pmx,1,,,,,,,,,,,,
v3-main-771601/spring_petclinic_microservices/split/NC/2,acquisition,1,,85488602,48192139,47947811,,,2114.136618724,3.321777667999868,,,,
v3-main-771601/spring_petclinic_microservices/split/NC/2,graph,1,48191623,,,,0.4715965199999985,1.3032647230000052,,,,historical development labor was not timed,,not measured; fresh reconstruction is the reported application path
v3-main-771601/spring_petclinic_microservices/split/NC/2,pmx,1,,,,,,,,,,,,
v3-main-771601/spring_petclinic_microservices/split/NC/3,acquisition,1,,85608171,48494700,48250825,,,2115.1050159730003,3.3937018840001656,,,,
v3-main-771601/spring_petclinic_microservices/split/NC/3,graph,1,48494184,,,,0.37580120900000225,0.9383551889999993,,,,historical development labor was not timed,,not measured; fresh reconstruction is the reported application path
v3-main-771601/spring_petclinic_microservices/split/NC/3,pmx,1,,,,,,,,,,,,
v3-main-771601/spring_petclinic_microservices/split/NC/4,acquisition,1,,85663776,48749158,48505106,,,2120.3566558069997,3.3733534139996664,,,,
v3-main-771601/spring_petclinic_microservices/split/NC/4,graph,1,48748642,,,,0.37912949300000065,0.9691011849999995,,,,historical development labor was not timed,,not measured; fresh reconstruction is the reported application path
v3-main-771601/spring_petclinic_microservices/split/NC/4,pmx,1,,,,,,,,,,,,
v3-main-771601/spring_petclinic_microservices/split/NC/5,acquisition,1,,85483026,48399506,48155465,,,2121.599873984,2.9971651209998527,,,,
v3-main-771601/spring_petclinic_microservices/split/NC/5,graph,1,48398990,,,,0.47904472999999825,1.3116505800000198,,,,historical development labor was not timed,,not measured; fresh reconstruction is the reported application path
v3-main-771601/spring_petclinic_microservices/split/NC/5,pmx,1,,,,,,,,,,,,
v3-main-771601/spring_petclinic_microservices/split/NC/6,acquisition,1,,85410430,48498201,48254010,,,2114.966805143,3.3788920179999877,,,,
v3-main-771601/spring_petclinic_microservices/split/NC/6,graph,1,48497685,,,,0.47021068200000116,1.3188102030000124,,,,historical development labor was not timed,,not measured; fresh reconstruction is the reported application path
v3-main-771601/spring_petclinic_microservices/split/NC/6,pmx,1,,,,,,,,,,,,
v3-main-771601/spring_petclinic_microservices/split/NC/7,acquisition,1,,85920647,48631753,48387940,,,2121.130241557,3.3350739130000875,,,,
v3-main-771601/spring_petclinic_microservices/split/NC/7,graph,1,48631237,,,,0.3863690470000165,0.9702881420000153,,,,historical development labor was not timed,,not measured; fresh reconstruction is the reported application path
v3-main-771601/spring_petclinic_microservices/split/NC/7,pmx,1,,,,,,,,,,,,
v3-main-771601/spring_petclinic_microservices/split/NC/8,acquisition,1,,85827354,48624814,48381010,,,2122.1252054829997,3.35183318899999,,,,
v3-main-771601/spring_petclinic_microservices/split/NC/8,graph,1,48624298,,,,0.46731859599999837,1.2520317439999928,,,,historical development labor was not timed,,not measured; fresh reconstruction is the reported application path
v3-main-771601/spring_petclinic_microservices/split/NC/8,pmx,1,,,,,,,,,,,,
v3-main-771601/spring_petclinic_microservices/split/NC/9,acquisition,1,,85639844,48567217,48323276,,,2113.841308642,3.2861916930000916,,,,
v3-main-771601/spring_petclinic_microservices/split/NC/9,graph,1,48566701,,,,0.47561566600000305,1.305325056000001,,,,historical development labor was not timed,,not measured; fresh reconstruction is the reported application path
v3-main-771601/spring_petclinic_microservices/split/NC/9,pmx,1,,,,,,,,,,,,
v3-main-771601/spring_petclinic_microservices/split/ND/0,acquisition,1,,85703261,48721624,48477634,,,2115.72392893,3.279875807999815,,,,
v3-main-771601/spring_petclinic_microservices/split/ND/0,graph,1,48721108,,,,0.37594091599999047,0.9248478110000065,,,,historical development labor was not timed,,not measured; fresh reconstruction is the reported application path
v3-main-771601/spring_petclinic_microservices/split/ND/0,pmx,1,,,,,,,,,,,,
v3-main-771601/spring_petclinic_microservices/split/ND/1,acquisition,1,,85910907,48635213,48391077,,,2125.18372834,3.397212699999727,,,,
v3-main-771601/spring_petclinic_microservices/split/ND/1,graph,1,48634697,,,,0.474956382000002,1.2094974740000026,,,,historical development labor was not timed,,not measured; fresh reconstruction is the reported application path
v3-main-771601/spring_petclinic_microservices/split/ND/1,pmx,1,,,,,,,,,,,,
v3-main-771601/spring_petclinic_microservices/split/ND/2,acquisition,1,,85512736,48515120,48271165,,,2117.017048074,3.3914322440000433,,,,
v3-main-771601/spring_petclinic_microservices/split/ND/2,graph,1,48514604,,,,0.37613228400000054,0.9643782110000032,,,,historical development labor was not timed,,not measured; fresh reconstruction is the reported application path
v3-main-771601/spring_petclinic_microservices/split/ND/2,pmx,1,,,,,,,,,,,,
v3-main-771601/spring_petclinic_microservices/split/ND/3,acquisition,1,,85954292,48760942,48517010,,,2116.8822821199997,3.2672382170003402,,,,
v3-main-771601/spring_petclinic_microservices/split/ND/3,graph,1,48760426,,,,0.3732721249999713,0.9221299129999352,,,,historical development labor was not timed,,not measured; fresh reconstruction is the reported application path
v3-main-771601/spring_petclinic_microservices/split/ND/3,pmx,1,,,,,,,,,,,,
v3-main-771601/spring_petclinic_microservices/split/ND/4,acquisition,1,,85961622,48814952,48571173,,,2111.892310697,2.5817373559998487,,,,
v3-main-771601/spring_petclinic_microservices/split/ND/4,graph,1,48814436,,,,0.4905639959999917,1.2139570209999988,,,,historical development labor was not timed,,not measured; fresh reconstruction is the reported application path
v3-main-771601/spring_petclinic_microservices/split/ND/4,pmx,1,,,,,,,,,,,,
v3-main-771601/spring_petclinic_microservices/split/ND/5,acquisition,1,,85801193,48747349,48503145,,,2116.76233614,3.3138955220001662,,,,
v3-main-771601/spring_petclinic_microservices/split/ND/5,graph,1,48746833,,,,0.37336837999998806,0.9155211570000006,,,,historical development labor was not timed,,not measured; fresh reconstruction is the reported application path
v3-main-771601/spring_petclinic_microservices/split/ND/5,pmx,1,,,,,,,,,,,,
v3-main-771601/spring_petclinic_microservices/split/ND/6,acquisition,1,,86070938,48858007,48614731,,,2115.5247349640003,3.307031616000131,,,,
v3-main-771601/spring_petclinic_microservices/split/ND/6,graph,1,48857491,,,,0.47479129299995293,1.2001967659999764,,,,historical development labor was not timed,,not measured; fresh reconstruction is the reported application path
v3-main-771601/spring_petclinic_microservices/split/ND/6,pmx,1,,,,,,,,,,,,
v3-main-771601/spring_petclinic_microservices/split/ND/7,acquisition,1,,86152868,48899163,48655561,,,2133.307296721,3.398847763000049,,,,
v3-main-771601/spring_petclinic_microservices/split/ND/7,graph,1,48898647,,,,0.500361483000006,1.2290830200000187,,,,historical development labor was not timed,,not measured; fresh reconstruction is the reported application path
v3-main-771601/spring_petclinic_microservices/split/ND/7,pmx,1,,,,,,,,,,,,
v3-main-771601/spring_petclinic_microservices/split/ND/8,acquisition,1,,86140485,48778080,48534165,,,2127.862355127,3.3620005309999215,,,,
v3-main-771601/spring_petclinic_microservices/split/ND/8,graph,1,48777564,,,,0.4771590630000162,1.320681377999989,,,,historical development labor was not timed,,not measured; fresh reconstruction is the reported application path
v3-main-771601/spring_petclinic_microservices/split/ND/8,pmx,1,,,,,,,,,,,,
v3-main-771601/spring_petclinic_microservices/split/ND/9,acquisition,1,,85954011,48852098,48608258,,,2115.9688249630003,3.2010366119998253,,,,
v3-main-771601/spring_petclinic_microservices/split/ND/9,graph,1,48851582,,,,0.474040236999997,1.388995250999983,,,,historical development labor was not timed,,not measured; fresh reconstruction is the reported application path
v3-main-771601/spring_petclinic_microservices/split/ND/9,pmx,1,,,,,,,,,,,,
v3-main-771601/spring_petclinic_microservices/split/NCD/0,acquisition,1,,84732141,48280721,48035922,,,2122.8203067679997,3.4473062410002058,,,,
v3-main-771601/spring_petclinic_microservices/split/NCD/0,graph,1,48280205,,,,0.4680948939999894,1.2634100520000118,,,,historical development labor was not timed,,not measured; fresh reconstruction is the reported application path
v3-main-771601/spring_petclinic_microservices/split/NCD/0,pmx,1,,,,,,,,,,,,
v3-main-771601/spring_petclinic_microservices/split/NCD/1,acquisition,1,,84951140,48434494,48190024,,,2109.622648215,2.638170786000046,,,,
v3-main-771601/spring_petclinic_microservices/split/NCD/1,graph,1,48433978,,,,0.4718278150000046,1.3012757090000022,,,,historical development labor was not timed,,not measured; fresh reconstruction is the reported application path
v3-main-771601/spring_petclinic_microservices/split/NCD/1,pmx,1,,,,,,,,,,,,
v3-main-771601/spring_petclinic_microservices/split/NCD/2,acquisition,1,,84206251,48091489,47846593,,,2112.924033077,2.593875399999888,,,,
v3-main-771601/spring_petclinic_microservices/split/NCD/2,graph,1,48090973,,,,0.4670764589999976,1.2641049639999977,,,,historical development labor was not timed,,not measured; fresh reconstruction is the reported application path
v3-main-771601/spring_petclinic_microservices/split/NCD/2,pmx,1,,,,,,,,,,,,
v3-main-771601/spring_petclinic_microservices/split/NCD/3,acquisition,1,,84370609,48121137,47876396,,,2120.457625091,3.356115291000151,,,,
v3-main-771601/spring_petclinic_microservices/split/NCD/3,graph,1,48120621,,,,0.48744416899999976,1.345190610000003,,,,historical development labor was not timed,,not measured; fresh reconstruction is the reported application path
v3-main-771601/spring_petclinic_microservices/split/NCD/3,pmx,1,,,,,,,,,,,,
v3-main-771601/spring_petclinic_microservices/split/NCD/4,acquisition,1,,85182409,48749833,48505928,,,2121.135095383,1.9772205540002687,,,,
v3-main-771601/spring_petclinic_microservices/split/NCD/4,graph,1,48749317,,,,0.48478769900000884,1.326208483000002,,,,historical development labor was not timed,,not measured; fresh reconstruction is the reported application path
v3-main-771601/spring_petclinic_microservices/split/NCD/4,pmx,1,,,,,,,,,,,,
v3-main-771601/spring_petclinic_microservices/split/NCD/5,acquisition,1,,84691429,48601351,48356852,,,2126.085424084,3.438507171999845,,,,
v3-main-771601/spring_petclinic_microservices/split/NCD/5,graph,1,48600835,,,,0.38343276300000184,0.9622101369999996,,,,historical development labor was not timed,,not measured; fresh reconstruction is the reported application path
v3-main-771601/spring_petclinic_microservices/split/NCD/5,pmx,1,,,,,,,,,,,,
v3-main-771601/spring_petclinic_microservices/split/NCD/6,acquisition,1,,84882031,48496530,48252601,,,2115.554738695,3.3205547779998597,,,,
v3-main-771601/spring_petclinic_microservices/split/NCD/6,graph,1,48496014,,,,0.47796303800001283,1.2923424720000014,,,,historical development labor was not timed,,not measured; fresh reconstruction is the reported application path
v3-main-771601/spring_petclinic_microservices/split/NCD/6,pmx,1,,,,,,,,,,,,
v3-main-771601/spring_petclinic_microservices/split/NCD/7,acquisition,1,,84603567,48314296,48069876,,,2127.20183607,3.336950381999941,,,,
v3-main-771601/spring_petclinic_microservices/split/NCD/7,graph,1,48313780,,,,0.43436181199996327,1.0897894959999803,,,,historical development labor was not timed,,not measured; fresh reconstruction is the reported application path
v3-main-771601/spring_petclinic_microservices/split/NCD/7,pmx,1,,,,,,,,,,,,
v3-main-771601/spring_petclinic_microservices/split/NCD/8,acquisition,1,,84019695,48202040,47957205,,,2117.798989661,3.1019406740001614,,,,
v3-main-771601/spring_petclinic_microservices/split/NCD/8,graph,1,48201524,,,,0.4650918320000059,1.3087231250000002,,,,historical development labor was not timed,,not measured; fresh reconstruction is the reported application path
v3-main-771601/spring_petclinic_microservices/split/NCD/8,pmx,1,,,,,,,,,,,,
v3-main-771601/spring_petclinic_microservices/split/NCD/9,acquisition,1,,84507599,48330705,48086047,,,2115.945354829,2.1418691769999896,,,,
v3-main-771601/spring_petclinic_microservices/split/NCD/9,graph,1,48330189,,,,0.4820256679999986,1.3022237879999992,,,,historical development labor was not timed,,not measured; fresh reconstruction is the reported application path
v3-main-771601/spring_petclinic_microservices/split/NCD/9,pmx,1,,,,,,,,,,,,
