campaign_id,job_role,attempt_id,method,overlaps_native_parse,seconds,stage,operation,overlaps_native_projection,compiler,derived_jar_sha256,once_per_campaign_shared_across_operations_and_variants,resource_record
v3-main-771601/deathstarbench_social_network/colocated/N/0,acquisition,1,shared_acquisition,True,2059.755276237,acquisition_and_export_process_total,,,,,,
v3-main-771601/deathstarbench_social_network/colocated/N/0,acquisition,1,shared_native_pool,,2.103539488000024,native_parse,,,,,,
v3-main-771601/deathstarbench_social_network/colocated/N/0,graph,1,B0,,0.006028270999998142,identification,,,,,,
v3-main-771601/deathstarbench_social_network/colocated/N/0,graph,1,shared_graph_family,,0.6831834050000012,extraction,compose_post,,,,,
v3-main-771601/deathstarbench_social_network/colocated/N/0,graph,1,shared_graph_family,,0.005963501000003646,identification,compose_post,,,,,
v3-main-771601/deathstarbench_social_network/colocated/N/0,graph,1,shared_graph_family,,0.0010746190000006095,solve,compose_post,,,,,
v3-main-771601/deathstarbench_social_network/colocated/N/0,graph,1,G0,,0.0005870510000036688,identification,compose_post,,,,,
v3-main-771601/deathstarbench_social_network/colocated/N/0,graph,1,G0,,9.402499999566771e-05,solve,compose_post,,,,,
v3-main-771601/deathstarbench_social_network/colocated/N/0,graph,1,shared_graph_family,,0.1385392409999966,extraction,read_home_timeline,,,,,
v3-main-771601/deathstarbench_social_network/colocated/N/0,graph,1,shared_graph_family,,0.0026860459999937802,identification,read_home_timeline,,,,,
v3-main-771601/deathstarbench_social_network/colocated/N/0,graph,1,shared_graph_family,,0.00017532600000436105,solve,read_home_timeline,,,,,
v3-main-771601/deathstarbench_social_network/colocated/N/0,graph,1,G0,,0.00016546699999508974,identification,read_home_timeline,,,,,
v3-main-771601/deathstarbench_social_network/colocated/N/0,graph,1,G0,,5.049399999990101e-05,solve,read_home_timeline,,,,,
v3-main-771601/deathstarbench_social_network/colocated/N/0,graph,1,shared_graph_family,,0.14833592099999748,extraction,read_user_timeline,,,,,
v3-main-771601/deathstarbench_social_network/colocated/N/0,graph,1,shared_graph_family,,0.003510939000001656,identification,read_user_timeline,,,,,
v3-main-771601/deathstarbench_social_network/colocated/N/0,graph,1,shared_graph_family,,0.0005238339999991126,solve,read_user_timeline,,,,,
v3-main-771601/deathstarbench_social_network/colocated/N/0,graph,1,G0,,0.00017162900000045056,identification,read_user_timeline,,,,,
v3-main-771601/deathstarbench_social_network/colocated/N/0,graph,1,G0,,5.5252999999311214e-05,solve,read_user_timeline,,,,,
v3-main-771601/deathstarbench_social_network/colocated/N/0,pmx,1,PMX_shared_variants,,6.643139036000008,native_projection,compose_post,,,,,
v3-main-771601/deathstarbench_social_network/colocated/N/0,pmx,1,PMX_shared_variants,,2.13174655600001,native_projection,read_home_timeline,,,,,
v3-main-771601/deathstarbench_social_network/colocated/N/0,pmx,1,PMX_shared_variants,,2.1289375980000074,native_projection,read_user_timeline,,,,,
v3-main-771601/deathstarbench_social_network/colocated/N/0,pmx,1,PMX_shared_variants,,11.524629755000007,input_and_projection_process_total,,True,,,,
v3-main-771601/deathstarbench_social_network/colocated/N/0,pmx,1,PMX_shared_variants,,11.35,derived_binary_build,,,javac 11.0.32,2322880b6447754528e201553bc4e2fac00334b7d6f3ac202cfe1e3742bbbcc6,True,"{""maximum_rss_bytes"": 227696640.0, ""path"": ""build-resource-usage.txt"", ""system_seconds"": 0.32, ""user_seconds"": 7.03, ""wall_seconds"": 11.35}"
v3-main-771601/deathstarbench_social_network/colocated/N/0,pmx,1,PMX_shared_variants,,27.907329511,independent_pmx_extraction_process,compose_post,,,,,
v3-main-771601/deathstarbench_social_network/colocated/N/0,pmx,1,PMX_shared_variants,,22.928578218,independent_pmx_extraction_process,read_home_timeline,,,,,
v3-main-771601/deathstarbench_social_network/colocated/N/0,pmx,1,PMX_shared_variants,,22.985756672000008,independent_pmx_extraction_process,read_user_timeline,,,,,
v3-main-771601/deathstarbench_social_network/colocated/N/1,acquisition,1,shared_acquisition,True,2059.398056518,acquisition_and_export_process_total,,,,,,
v3-main-771601/deathstarbench_social_network/colocated/N/1,acquisition,1,shared_native_pool,,2.04529918299977,native_parse,,,,,,
v3-main-771601/deathstarbench_social_network/colocated/N/1,graph,1,B0,,0.006022470000004887,identification,,,,,,
v3-main-771601/deathstarbench_social_network/colocated/N/1,graph,1,shared_graph_family,,0.6976907090000282,extraction,compose_post,,,,,
v3-main-771601/deathstarbench_social_network/colocated/N/1,graph,1,shared_graph_family,,0.006233560999987731,identification,compose_post,,,,,
v3-main-771601/deathstarbench_social_network/colocated/N/1,graph,1,shared_graph_family,,0.0007134210000003804,solve,compose_post,,,,,
v3-main-771601/deathstarbench_social_network/colocated/N/1,graph,1,G0,,0.0005554059999894889,identification,compose_post,,,,,
v3-main-771601/deathstarbench_social_network/colocated/N/1,graph,1,G0,,0.00010612800002718359,solve,compose_post,,,,,
v3-main-771601/deathstarbench_social_network/colocated/N/1,graph,1,shared_graph_family,,0.13795214399999622,extraction,read_home_timeline,,,,,
v3-main-771601/deathstarbench_social_network/colocated/N/1,graph,1,shared_graph_family,,0.0028064669999707803,identification,read_home_timeline,,,,,
v3-main-771601/deathstarbench_social_network/colocated/N/1,graph,1,shared_graph_family,,0.00018246100000851584,solve,read_home_timeline,,,,,
v3-main-771601/deathstarbench_social_network/colocated/N/1,graph,1,G0,,0.00019747799996139292,identification,read_home_timeline,,,,,
v3-main-771601/deathstarbench_social_network/colocated/N/1,graph,1,G0,,5.596400001195434e-05,solve,read_home_timeline,,,,,
v3-main-771601/deathstarbench_social_network/colocated/N/1,graph,1,shared_graph_family,,0.14864669900003946,extraction,read_user_timeline,,,,,
v3-main-771601/deathstarbench_social_network/colocated/N/1,graph,1,shared_graph_family,,0.003959207000036713,identification,read_user_timeline,,,,,
v3-main-771601/deathstarbench_social_network/colocated/N/1,graph,1,shared_graph_family,,0.0005527319999600877,solve,read_user_timeline,,,,,
v3-main-771601/deathstarbench_social_network/colocated/N/1,graph,1,G0,,0.00017427500000621876,identification,read_user_timeline,,,,,
v3-main-771601/deathstarbench_social_network/colocated/N/1,graph,1,G0,,7.499999998117346e-05,solve,read_user_timeline,,,,,
v3-main-771601/deathstarbench_social_network/colocated/N/1,pmx,1,PMX_shared_variants,,6.542219236999983,native_projection,compose_post,,,,,
v3-main-771601/deathstarbench_social_network/colocated/N/1,pmx,1,PMX_shared_variants,,2.082211928999982,native_projection,read_home_timeline,,,,,
v3-main-771601/deathstarbench_social_network/colocated/N/1,pmx,1,PMX_shared_variants,,2.0890105129999768,native_projection,read_user_timeline,,,,,
v3-main-771601/deathstarbench_social_network/colocated/N/1,pmx,1,PMX_shared_variants,,11.306266969000006,input_and_projection_process_total,,True,,,,
v3-main-771601/deathstarbench_social_network/colocated/N/1,pmx,1,PMX_shared_variants,,7.85,derived_binary_build,,,javac 11.0.32,2322880b6447754528e201553bc4e2fac00334b7d6f3ac202cfe1e3742bbbcc6,True,"{""maximum_rss_bytes"": 227627008.0, ""path"": ""build-resource-usage.txt"", ""system_seconds"": 0.28, ""user_seconds"": 6.81, ""wall_seconds"": 7.85}"
v3-main-771601/deathstarbench_social_network/colocated/N/1,pmx,1,PMX_shared_variants,,26.752323853000007,independent_pmx_extraction_process,compose_post,,,,,
v3-main-771601/deathstarbench_social_network/colocated/N/1,pmx,1,PMX_shared_variants,,22.88082189100001,independent_pmx_extraction_process,read_home_timeline,,,,,
v3-main-771601/deathstarbench_social_network/colocated/N/1,pmx,1,PMX_shared_variants,,22.930861748000012,independent_pmx_extraction_process,read_user_timeline,,,,,
v3-main-771601/deathstarbench_social_network/colocated/N/2,acquisition,1,shared_acquisition,True,2058.731148095,acquisition_and_export_process_total,,,,,,
v3-main-771601/deathstarbench_social_network/colocated/N/2,acquisition,1,shared_native_pool,,1.8644931720000386,native_parse,,,,,,
v3-main-771601/deathstarbench_social_network/colocated/N/2,graph,1,B0,,0.0059777349999876606,identification,,,,,,
v3-main-771601/deathstarbench_social_network/colocated/N/2,graph,1,shared_graph_family,,0.7154227260000425,extraction,compose_post,,,,,
v3-main-771601/deathstarbench_social_network/colocated/N/2,graph,1,shared_graph_family,,0.005993314000079408,identification,compose_post,,,,,
v3-main-771601/deathstarbench_social_network/colocated/N/2,graph,1,shared_graph_family,,0.001072825999926863,solve,compose_post,,,,,
v3-main-771601/deathstarbench_social_network/colocated/N/2,graph,1,G0,,0.0005595459999767627,identification,compose_post,,,,,
v3-main-771601/deathstarbench_social_network/colocated/N/2,graph,1,G0,,9.486800001923257e-05,solve,compose_post,,,,,
v3-main-771601/deathstarbench_social_network/colocated/N/2,graph,1,shared_graph_family,,0.13979299800007539,extraction,read_home_timeline,,,,,
v3-main-771601/deathstarbench_social_network/colocated/N/2,graph,1,shared_graph_family,,0.0027843950000487894,identification,read_home_timeline,,,,,
v3-main-771601/deathstarbench_social_network/colocated/N/2,graph,1,shared_graph_family,,0.00019881200000781973,solve,read_home_timeline,,,,,
v3-main-771601/deathstarbench_social_network/colocated/N/2,graph,1,G0,,0.00018108799997662572,identification,read_home_timeline,,,,,
v3-main-771601/deathstarbench_social_network/colocated/N/2,graph,1,G0,,5.739700009144144e-05,solve,read_home_timeline,,,,,
v3-main-771601/deathstarbench_social_network/colocated/N/2,graph,1,shared_graph_family,,0.15156409300004725,extraction,read_user_timeline,,,,,
v3-main-771601/deathstarbench_social_network/colocated/N/2,graph,1,shared_graph_family,,0.004649281000070005,identification,read_user_timeline,,,,,
v3-main-771601/deathstarbench_social_network/colocated/N/2,graph,1,shared_graph_family,,0.0004994330000727132,solve,read_user_timeline,,,,,
v3-main-771601/deathstarbench_social_network/colocated/N/2,graph,1,G0,,0.00016722300006222213,identification,read_user_timeline,,,,,
v3-main-771601/deathstarbench_social_network/colocated/N/2,graph,1,G0,,5.935100000442617e-05,solve,read_user_timeline,,,,,
v3-main-771601/deathstarbench_social_network/colocated/N/2,pmx,1,PMX_shared_variants,,6.220291331999988,native_projection,compose_post,,,,,
v3-main-771601/deathstarbench_social_network/colocated/N/2,pmx,1,PMX_shared_variants,,1.9757323469999903,native_projection,read_home_timeline,,,,,
v3-main-771601/deathstarbench_social_network/colocated/N/2,pmx,1,PMX_shared_variants,,1.9800406479999992,native_projection,read_user_timeline,,,,,
v3-main-771601/deathstarbench_social_network/colocated/N/2,pmx,1,PMX_shared_variants,,10.758525694000014,input_and_projection_process_total,,True,,,,
v3-main-771601/deathstarbench_social_network/colocated/N/2,pmx,1,PMX_shared_variants,,10.68,derived_binary_build,,,javac 11.0.32,2322880b6447754528e201553bc4e2fac00334b7d6f3ac202cfe1e3742bbbcc6,True,"{""maximum_rss_bytes"": 227610624.0, ""path"": ""build-resource-usage.txt"", ""system_seconds"": 0.29, ""user_seconds"": 6.73, ""wall_seconds"": 10.68}"
v3-main-771601/deathstarbench_social_network/colocated/N/2,pmx,1,PMX_shared_variants,,27.546706178000022,independent_pmx_extraction_process,compose_post,,,,,
v3-main-771601/deathstarbench_social_network/colocated/N/2,pmx,1,PMX_shared_variants,,22.982169021000004,independent_pmx_extraction_process,read_home_timeline,,,,,
v3-main-771601/deathstarbench_social_network/colocated/N/2,pmx,1,PMX_shared_variants,,22.981414169999994,independent_pmx_extraction_process,read_user_timeline,,,,,
v3-main-771601/deathstarbench_social_network/colocated/N/3,acquisition,1,shared_acquisition,True,2059.4815317009998,acquisition_and_export_process_total,,,,,,
v3-main-771601/deathstarbench_social_network/colocated/N/3,acquisition,1,shared_native_pool,,2.0431385379997664,native_parse,,,,,,
v3-main-771601/deathstarbench_social_network/colocated/N/3,graph,1,B0,,0.006043787000002965,identification,,,,,,
v3-main-771601/deathstarbench_social_network/colocated/N/3,graph,1,shared_graph_family,,0.6899786910000003,extraction,compose_post,,,,,
v3-main-771601/deathstarbench_social_network/colocated/N/3,graph,1,shared_graph_family,,0.005987341999997398,identification,compose_post,,,,,
v3-main-771601/deathstarbench_social_network/colocated/N/3,graph,1,shared_graph_family,,0.0010978409999964356,solve,compose_post,,,,,
v3-main-771601/deathstarbench_social_network/colocated/N/3,graph,1,G0,,0.0005816620000018702,identification,compose_post,,,,,
v3-main-771601/deathstarbench_social_network/colocated/N/3,graph,1,G0,,0.00010098799999980201,solve,compose_post,,,,,
v3-main-771601/deathstarbench_social_network/colocated/N/3,graph,1,shared_graph_family,,0.13935580100000067,extraction,read_home_timeline,,,,,
v3-main-771601/deathstarbench_social_network/colocated/N/3,graph,1,shared_graph_family,,0.0027522669999981986,identification,read_home_timeline,,,,,
v3-main-771601/deathstarbench_social_network/colocated/N/3,graph,1,shared_graph_family,,0.00016656999999753452,solve,read_home_timeline,,,,,
v3-main-771601/deathstarbench_social_network/colocated/N/3,graph,1,G0,,0.00016546800000583062,identification,read_home_timeline,,,,,
v3-main-771601/deathstarbench_social_network/colocated/N/3,graph,1,G0,,4.971300000278234e-05,solve,read_home_timeline,,,,,
v3-main-771601/deathstarbench_social_network/colocated/N/3,graph,1,shared_graph_family,,0.14885672399999805,extraction,read_user_timeline,,,,,
v3-main-771601/deathstarbench_social_network/colocated/N/3,graph,1,shared_graph_family,,0.004391355000002761,identification,read_user_timeline,,,,,
v3-main-771601/deathstarbench_social_network/colocated/N/3,graph,1,shared_graph_family,,0.0005200769999973431,solve,read_user_timeline,,,,,
v3-main-771601/deathstarbench_social_network/colocated/N/3,graph,1,G0,,0.00017046700000378223,identification,read_user_timeline,,,,,
v3-main-771601/deathstarbench_social_network/colocated/N/3,graph,1,G0,,5.8127999999157964e-05,solve,read_user_timeline,,,,,
v3-main-771601/deathstarbench_social_network/colocated/N/3,pmx,1,PMX_shared_variants,,6.669308378000011,native_projection,compose_post,,,,,
v3-main-771601/deathstarbench_social_network/colocated/N/3,pmx,1,PMX_shared_variants,,2.138330790000012,native_projection,read_home_timeline,,,,,
v3-main-771601/deathstarbench_social_network/colocated/N/3,pmx,1,PMX_shared_variants,,2.1192786379999973,native_projection,read_user_timeline,,,,,
v3-main-771601/deathstarbench_social_network/colocated/N/3,pmx,1,PMX_shared_variants,,11.558725953999996,input_and_projection_process_total,,True,,,,
v3-main-771601/deathstarbench_social_network/colocated/N/3,pmx,1,PMX_shared_variants,,7.43,derived_binary_build,,,javac 11.0.32,2322880b6447754528e201553bc4e2fac00334b7d6f3ac202cfe1e3742bbbcc6,True,"{""maximum_rss_bytes"": 227749888.0, ""path"": ""build-resource-usage.txt"", ""system_seconds"": 0.33, ""user_seconds"": 7.04, ""wall_seconds"": 7.43}"
v3-main-771601/deathstarbench_social_network/colocated/N/3,pmx,1,PMX_shared_variants,,26.89675572200001,independent_pmx_extraction_process,compose_post,,,,,
v3-main-771601/deathstarbench_social_network/colocated/N/3,pmx,1,PMX_shared_variants,,23.084053757999982,independent_pmx_extraction_process,read_home_timeline,,,,,
v3-main-771601/deathstarbench_social_network/colocated/N/3,pmx,1,PMX_shared_variants,,23.039289405000005,independent_pmx_extraction_process,read_user_timeline,,,,,
v3-main-771601/deathstarbench_social_network/colocated/N/4,acquisition,1,shared_acquisition,True,2058.663330105,acquisition_and_export_process_total,,,,,,
v3-main-771601/deathstarbench_social_network/colocated/N/4,acquisition,1,shared_native_pool,,1.8421193760000278,native_parse,,,,,,
v3-main-771601/deathstarbench_social_network/colocated/N/4,graph,1,B0,,0.006279587999998171,identification,,,,,,
v3-main-771601/deathstarbench_social_network/colocated/N/4,graph,1,shared_graph_family,,0.7110903159999964,extraction,compose_post,,,,,
v3-main-771601/deathstarbench_social_network/colocated/N/4,graph,1,shared_graph_family,,0.006378859000001569,identification,compose_post,,,,,
v3-main-771601/deathstarbench_social_network/colocated/N/4,graph,1,shared_graph_family,,0.0010691949999994677,solve,compose_post,,,,,
v3-main-771601/deathstarbench_social_network/colocated/N/4,graph,1,G0,,0.0007002280000065753,identification,compose_post,,,,,
v3-main-771601/deathstarbench_social_network/colocated/N/4,graph,1,G0,,0.00011380899999835492,solve,compose_post,,,,,
v3-main-771601/deathstarbench_social_network/colocated/N/4,graph,1,shared_graph_family,,0.13103306600000053,extraction,read_home_timeline,,,,,
v3-main-771601/deathstarbench_social_network/colocated/N/4,graph,1,shared_graph_family,,0.002909834000000444,identification,read_home_timeline,,,,,
v3-main-771601/deathstarbench_social_network/colocated/N/4,graph,1,shared_graph_family,,0.00019017199999638024,solve,read_home_timeline,,,,,
v3-main-771601/deathstarbench_social_network/colocated/N/4,graph,1,G0,,0.00019727299999772185,identification,read_home_timeline,,,,,
v3-main-771601/deathstarbench_social_network/colocated/N/4,graph,1,G0,,6.524599999835345e-05,solve,read_home_timeline,,,,,
v3-main-771601/deathstarbench_social_network/colocated/N/4,graph,1,shared_graph_family,,0.14132674000000378,extraction,read_user_timeline,,,,,
v3-main-771601/deathstarbench_social_network/colocated/N/4,graph,1,shared_graph_family,,0.003752143999996349,identification,read_user_timeline,,,,,
v3-main-771601/deathstarbench_social_network/colocated/N/4,graph,1,shared_graph_family,,0.0005027059999989092,solve,read_user_timeline,,,,,
v3-main-771601/deathstarbench_social_network/colocated/N/4,graph,1,G0,,0.0001875990000002048,identification,read_user_timeline,,,,,
v3-main-771601/deathstarbench_social_network/colocated/N/4,graph,1,G0,,7.051499999732869e-05,solve,read_user_timeline,,,,,
v3-main-771601/deathstarbench_social_network/colocated/N/4,pmx,1,PMX_shared_variants,,5.175315282999989,native_projection,compose_post,,,,,
v3-main-771601/deathstarbench_social_network/colocated/N/4,pmx,1,PMX_shared_variants,,1.669433072000004,native_projection,read_home_timeline,,,,,
v3-main-771601/deathstarbench_social_network/colocated/N/4,pmx,1,PMX_shared_variants,,1.7190372430000025,native_projection,read_user_timeline,,,,,
v3-main-771601/deathstarbench_social_network/colocated/N/4,pmx,1,PMX_shared_variants,,9.104672592,input_and_projection_process_total,,True,,,,
v3-main-771601/deathstarbench_social_network/colocated/N/4,pmx,1,PMX_shared_variants,,21.03,derived_binary_build,,,javac 11.0.32,2322880b6447754528e201553bc4e2fac00334b7d6f3ac202cfe1e3742bbbcc6,True,"{""maximum_rss_bytes"": 225542144.0, ""path"": ""build-resource-usage.txt"", ""system_seconds"": 0.33, ""user_seconds"": 7.06, ""wall_seconds"": 21.03}"
v3-main-771601/deathstarbench_social_network/colocated/N/4,pmx,1,PMX_shared_variants,,30.654649003000003,independent_pmx_extraction_process,compose_post,,,,,
v3-main-771601/deathstarbench_social_network/colocated/N/4,pmx,1,PMX_shared_variants,,22.783627849,independent_pmx_extraction_process,read_home_timeline,,,,,
v3-main-771601/deathstarbench_social_network/colocated/N/4,pmx,1,PMX_shared_variants,,22.834664271999998,independent_pmx_extraction_process,read_user_timeline,,,,,
v3-main-771601/deathstarbench_social_network/colocated/N/5,acquisition,1,shared_acquisition,True,2059.604785808,acquisition_and_export_process_total,,,,,,
v3-main-771601/deathstarbench_social_network/colocated/N/5,acquisition,1,shared_native_pool,,2.084640715000205,native_parse,,,,,,
v3-main-771601/deathstarbench_social_network/colocated/N/5,graph,1,B0,,0.006042927999999392,identification,,,,,,
v3-main-771601/deathstarbench_social_network/colocated/N/5,graph,1,shared_graph_family,,0.676151529000002,extraction,compose_post,,,,,
v3-main-771601/deathstarbench_social_network/colocated/N/5,graph,1,shared_graph_family,,0.005866105999999149,identification,compose_post,,,,,
v3-main-771601/deathstarbench_social_network/colocated/N/5,graph,1,shared_graph_family,,0.001074447999997119,solve,compose_post,,,,,
v3-main-771601/deathstarbench_social_network/colocated/N/5,graph,1,G0,,0.0006180279999981053,identification,compose_post,,,,,
v3-main-771601/deathstarbench_social_network/colocated/N/5,graph,1,G0,,9.105199999481783e-05,solve,compose_post,,,,,
v3-main-771601/deathstarbench_social_network/colocated/N/5,graph,1,shared_graph_family,,0.13840895299999545,extraction,read_home_timeline,,,,,
v3-main-771601/deathstarbench_social_network/colocated/N/5,graph,1,shared_graph_family,,0.0027125499999982594,identification,read_home_timeline,,,,,
v3-main-771601/deathstarbench_social_network/colocated/N/5,graph,1,shared_graph_family,,0.0001574309999980983,solve,read_home_timeline,,,,,
v3-main-771601/deathstarbench_social_network/colocated/N/5,graph,1,G0,,0.00016714199999512402,identification,read_home_timeline,,,,,
v3-main-771601/deathstarbench_social_network/colocated/N/5,graph,1,G0,,4.642700000090372e-05,solve,read_home_timeline,,,,,
v3-main-771601/deathstarbench_social_network/colocated/N/5,graph,1,shared_graph_family,,0.14797338199999643,extraction,read_user_timeline,,,,,
v3-main-771601/deathstarbench_social_network/colocated/N/5,graph,1,shared_graph_family,,0.0035301619999970058,identification,read_user_timeline,,,,,
v3-main-771601/deathstarbench_social_network/colocated/N/5,graph,1,shared_graph_family,,0.0004880279999994741,solve,read_user_timeline,,,,,
v3-main-771601/deathstarbench_social_network/colocated/N/5,graph,1,G0,,0.0002112379999985592,identification,read_user_timeline,,,,,
v3-main-771601/deathstarbench_social_network/colocated/N/5,graph,1,G0,,5.272899999653191e-05,solve,read_user_timeline,,,,,
v3-main-771601/deathstarbench_social_network/colocated/N/5,pmx,1,PMX_shared_variants,,4.467113498999993,native_projection,compose_post,,,,,
v3-main-771601/deathstarbench_social_network/colocated/N/5,pmx,1,PMX_shared_variants,,1.4060548019999715,native_projection,read_home_timeline,,,,,
v3-main-771601/deathstarbench_social_network/colocated/N/5,pmx,1,PMX_shared_variants,,1.4122914609999953,native_projection,read_user_timeline,,,,,
v3-main-771601/deathstarbench_social_network/colocated/N/5,pmx,1,PMX_shared_variants,,7.7597886650000305,input_and_projection_process_total,,True,,,,
v3-main-771601/deathstarbench_social_network/colocated/N/5,pmx,1,PMX_shared_variants,,6.53,derived_binary_build,,,javac 11.0.32,2322880b6447754528e201553bc4e2fac00334b7d6f3ac202cfe1e3742bbbcc6,True,"{""maximum_rss_bytes"": 225779712.0, ""path"": ""build-resource-usage.txt"", ""system_seconds"": 0.26, ""user_seconds"": 6.17, ""wall_seconds"": 6.53}"
v3-main-771601/deathstarbench_social_network/colocated/N/5,pmx,1,PMX_shared_variants,,27.89505794600001,independent_pmx_extraction_process,compose_post,,,,,
v3-main-771601/deathstarbench_social_network/colocated/N/5,pmx,1,PMX_shared_variants,,22.478026142000033,independent_pmx_extraction_process,read_home_timeline,,,,,
v3-main-771601/deathstarbench_social_network/colocated/N/5,pmx,1,PMX_shared_variants,,22.47784372199999,independent_pmx_extraction_process,read_user_timeline,,,,,
v3-main-771601/deathstarbench_social_network/colocated/N/6,acquisition,1,shared_acquisition,True,2059.8468072429996,acquisition_and_export_process_total,,,,,,
v3-main-771601/deathstarbench_social_network/colocated/N/6,acquisition,1,shared_native_pool,,2.202216459000283,native_parse,,,,,,
v3-main-771601/deathstarbench_social_network/colocated/N/6,graph,1,B0,,0.005981497000000502,identification,,,,,,
v3-main-771601/deathstarbench_social_network/colocated/N/6,graph,1,shared_graph_family,,0.7216046610000006,extraction,compose_post,,,,,
v3-main-771601/deathstarbench_social_network/colocated/N/6,graph,1,shared_graph_family,,0.006165878999993879,identification,compose_post,,,,,
v3-main-771601/deathstarbench_social_network/colocated/N/6,graph,1,shared_graph_family,,0.001144359000001316,solve,compose_post,,,,,
v3-main-771601/deathstarbench_social_network/colocated/N/6,graph,1,G0,,0.0006134719999977278,identification,compose_post,,,,,
v3-main-771601/deathstarbench_social_network/colocated/N/6,graph,1,G0,,9.46360000000368e-05,solve,compose_post,,,,,
v3-main-771601/deathstarbench_social_network/colocated/N/6,graph,1,shared_graph_family,,0.1477222389999966,extraction,read_home_timeline,,,,,
v3-main-771601/deathstarbench_social_network/colocated/N/6,graph,1,shared_graph_family,,0.0027708040000007372,identification,read_home_timeline,,,,,
v3-main-771601/deathstarbench_social_network/colocated/N/6,graph,1,shared_graph_family,,0.00018691699999351385,solve,read_home_timeline,,,,,
v3-main-771601/deathstarbench_social_network/colocated/N/6,graph,1,G0,,0.00016989600000272276,identification,read_home_timeline,,,,,
v3-main-771601/deathstarbench_social_network/colocated/N/6,graph,1,G0,,5.266800000214289e-05,solve,read_home_timeline,,,,,
v3-main-771601/deathstarbench_social_network/colocated/N/6,graph,1,shared_graph_family,,0.1609671279999958,extraction,read_user_timeline,,,,,
v3-main-771601/deathstarbench_social_network/colocated/N/6,graph,1,shared_graph_family,,0.003604636000005712,identification,read_user_timeline,,,,,
v3-main-771601/deathstarbench_social_network/colocated/N/6,graph,1,shared_graph_family,,0.000529935000002979,solve,read_user_timeline,,,,,
v3-main-771601/deathstarbench_social_network/colocated/N/6,graph,1,G0,,0.0001928990000052977,identification,read_user_timeline,,,,,
v3-main-771601/deathstarbench_social_network/colocated/N/6,graph,1,G0,,5.9499999998990916e-05,solve,read_user_timeline,,,,,
v3-main-771601/deathstarbench_social_network/colocated/N/6,pmx,1,PMX_shared_variants,,4.005244030999961,native_projection,compose_post,,,,,
v3-main-771601/deathstarbench_social_network/colocated/N/6,pmx,1,PMX_shared_variants,,1.2970436269999936,native_projection,read_home_timeline,,,,,
v3-main-771601/deathstarbench_social_network/colocated/N/6,pmx,1,PMX_shared_variants,,1.3312623500000313,native_projection,read_user_timeline,,,,,
v3-main-771601/deathstarbench_social_network/colocated/N/6,pmx,1,PMX_shared_variants,,7.015200495999977,input_and_projection_process_total,,True,,,,
v3-main-771601/deathstarbench_social_network/colocated/N/6,pmx,1,PMX_shared_variants,,11.66,derived_binary_build,,,javac 11.0.32,2322880b6447754528e201553bc4e2fac00334b7d6f3ac202cfe1e3742bbbcc6,True,"{""maximum_rss_bytes"": 225619968.0, ""path"": ""build-resource-usage.txt"", ""system_seconds"": 0.22, ""user_seconds"": 4.48, ""wall_seconds"": 11.66}"
v3-main-771601/deathstarbench_social_network/colocated/N/6,pmx,1,PMX_shared_variants,,26.292867743999977,independent_pmx_extraction_process,compose_post,,,,,
v3-main-771601/deathstarbench_social_network/colocated/N/6,pmx,1,PMX_shared_variants,,21.82748484000001,independent_pmx_extraction_process,read_home_timeline,,,,,
v3-main-771601/deathstarbench_social_network/colocated/N/6,pmx,1,PMX_shared_variants,,21.87374480799997,independent_pmx_extraction_process,read_user_timeline,,,,,
v3-main-771601/deathstarbench_social_network/colocated/N/7,acquisition,1,shared_acquisition,True,2060.555604346,acquisition_and_export_process_total,,,,,,
v3-main-771601/deathstarbench_social_network/colocated/N/7,acquisition,1,shared_native_pool,,2.326012788999833,native_parse,,,,,,
v3-main-771601/deathstarbench_social_network/colocated/N/7,graph,1,B0,,0.00593062000007194,identification,,,,,,
v3-main-771601/deathstarbench_social_network/colocated/N/7,graph,1,shared_graph_family,,0.6702379489997838,extraction,compose_post,,,,,
v3-main-771601/deathstarbench_social_network/colocated/N/7,graph,1,shared_graph_family,,0.00625784199996815,identification,compose_post,,,,,
v3-main-771601/deathstarbench_social_network/colocated/N/7,graph,1,shared_graph_family,,0.001092681000045559,solve,compose_post,,,,,
v3-main-771601/deathstarbench_social_network/colocated/N/7,graph,1,G0,,0.000554297000007864,identification,compose_post,,,,,
v3-main-771601/deathstarbench_social_network/colocated/N/7,graph,1,G0,,9.608200002730882e-05,solve,compose_post,,,,,
v3-main-771601/deathstarbench_social_network/colocated/N/7,graph,1,shared_graph_family,,0.12576813100008621,extraction,read_home_timeline,,,,,
v3-main-771601/deathstarbench_social_network/colocated/N/7,graph,1,shared_graph_family,,0.002806264999890118,identification,read_home_timeline,,,,,
v3-main-771601/deathstarbench_social_network/colocated/N/7,graph,1,shared_graph_family,,0.00018531299997448514,solve,read_home_timeline,,,,,
v3-main-771601/deathstarbench_social_network/colocated/N/7,graph,1,G0,,0.00016603500012024597,identification,read_home_timeline,,,,,
v3-main-771601/deathstarbench_social_network/colocated/N/7,graph,1,G0,,5.399900010161218e-05,solve,read_home_timeline,,,,,
v3-main-771601/deathstarbench_social_network/colocated/N/7,graph,1,shared_graph_family,,0.13364375600008316,extraction,read_user_timeline,,,,,
v3-main-771601/deathstarbench_social_network/colocated/N/7,graph,1,shared_graph_family,,0.003746170000113125,identification,read_user_timeline,,,,,
v3-main-771601/deathstarbench_social_network/colocated/N/7,graph,1,shared_graph_family,,0.0004979430000275897,solve,read_user_timeline,,,,,
v3-main-771601/deathstarbench_social_network/colocated/N/7,graph,1,G0,,0.0001731749998725718,identification,read_user_timeline,,,,,
v3-main-771601/deathstarbench_social_network/colocated/N/7,graph,1,G0,,5.9207000049354974e-05,solve,read_user_timeline,,,,,
v3-main-771601/deathstarbench_social_network/colocated/N/7,pmx,1,PMX_shared_variants,,4.366042979999996,native_projection,compose_post,,,,,
v3-main-771601/deathstarbench_social_network/colocated/N/7,pmx,1,PMX_shared_variants,,1.3593950180000007,native_projection,read_home_timeline,,,,,
v3-main-771601/deathstarbench_social_network/colocated/N/7,pmx,1,PMX_shared_variants,,1.3740034690000016,native_projection,read_user_timeline,,,,,
v3-main-771601/deathstarbench_social_network/colocated/N/7,pmx,1,PMX_shared_variants,,7.561683771999995,input_and_projection_process_total,,True,,,,
v3-main-771601/deathstarbench_social_network/colocated/N/7,pmx,1,PMX_shared_variants,,5.07,derived_binary_build,,,javac 11.0.32,2322880b6447754528e201553bc4e2fac00334b7d6f3ac202cfe1e3742bbbcc6,True,"{""maximum_rss_bytes"": 225587200.0, ""path"": ""build-resource-usage.txt"", ""system_seconds"": 0.24, ""user_seconds"": 6.08, ""wall_seconds"": 5.07}"
v3-main-771601/deathstarbench_social_network/colocated/N/7,pmx,1,PMX_shared_variants,,27.19183612300001,independent_pmx_extraction_process,compose_post,,,,,
v3-main-771601/deathstarbench_social_network/colocated/N/7,pmx,1,PMX_shared_variants,,22.58012247500001,independent_pmx_extraction_process,read_home_timeline,,,,,
v3-main-771601/deathstarbench_social_network/colocated/N/7,pmx,1,PMX_shared_variants,,22.52338015400001,independent_pmx_extraction_process,read_user_timeline,,,,,
v3-main-771601/deathstarbench_social_network/colocated/N/8,acquisition,1,shared_acquisition,True,2059.440406232,acquisition_and_export_process_total,,,,,,
v3-main-771601/deathstarbench_social_network/colocated/N/8,acquisition,1,shared_native_pool,,2.001697760999832,native_parse,,,,,,
v3-main-771601/deathstarbench_social_network/colocated/N/8,graph,1,B0,,0.006089123000009522,identification,,,,,,
v3-main-771601/deathstarbench_social_network/colocated/N/8,graph,1,shared_graph_family,,0.6881027769999832,extraction,compose_post,,,,,
v3-main-771601/deathstarbench_social_network/colocated/N/8,graph,1,shared_graph_family,,0.006145078000002968,identification,compose_post,,,,,
v3-main-771601/deathstarbench_social_network/colocated/N/8,graph,1,shared_graph_family,,0.0010553920000120343,solve,compose_post,,,,,
v3-main-771601/deathstarbench_social_network/colocated/N/8,graph,1,G0,,0.0005881870000052913,identification,compose_post,,,,,
v3-main-771601/deathstarbench_social_network/colocated/N/8,graph,1,G0,,0.00011085699998147902,solve,compose_post,,,,,
v3-main-771601/deathstarbench_social_network/colocated/N/8,graph,1,shared_graph_family,,0.1270926290000034,extraction,read_home_timeline,,,,,
v3-main-771601/deathstarbench_social_network/colocated/N/8,graph,1,shared_graph_family,,0.002841955999997481,identification,read_home_timeline,,,,,
v3-main-771601/deathstarbench_social_network/colocated/N/8,graph,1,shared_graph_family,,0.00019124900001088463,solve,read_home_timeline,,,,,
v3-main-771601/deathstarbench_social_network/colocated/N/8,graph,1,G0,,0.00017985200000225632,identification,read_home_timeline,,,,,
v3-main-771601/deathstarbench_social_network/colocated/N/8,graph,1,G0,,5.9320000019624786e-05,solve,read_home_timeline,,,,,
v3-main-771601/deathstarbench_social_network/colocated/N/8,graph,1,shared_graph_family,,0.13521418600001311,extraction,read_user_timeline,,,,,
v3-main-771601/deathstarbench_social_network/colocated/N/8,graph,1,shared_graph_family,,0.005008683999989216,identification,read_user_timeline,,,,,
v3-main-771601/deathstarbench_social_network/colocated/N/8,graph,1,shared_graph_family,,0.0004998439999894799,solve,read_user_timeline,,,,,
v3-main-771601/deathstarbench_social_network/colocated/N/8,graph,1,G0,,0.00017528399999378053,identification,read_user_timeline,,,,,
v3-main-771601/deathstarbench_social_network/colocated/N/8,graph,1,G0,,6.659999999669708e-05,solve,read_user_timeline,,,,,
v3-main-771601/deathstarbench_social_network/colocated/N/8,pmx,1,PMX_shared_variants,,6.485112604000008,native_projection,compose_post,,,,,
v3-main-771601/deathstarbench_social_network/colocated/N/8,pmx,1,PMX_shared_variants,,2.033597861000004,native_projection,read_home_timeline,,,,,
v3-main-771601/deathstarbench_social_network/colocated/N/8,pmx,1,PMX_shared_variants,,2.058660684000003,native_projection,read_user_timeline,,,,,
v3-main-771601/deathstarbench_social_network/colocated/N/8,pmx,1,PMX_shared_variants,,11.168100336000009,input_and_projection_process_total,,True,,,,
v3-main-771601/deathstarbench_social_network/colocated/N/8,pmx,1,PMX_shared_variants,,9.97,derived_binary_build,,,javac 11.0.32,2322880b6447754528e201553bc4e2fac00334b7d6f3ac202cfe1e3742bbbcc6,True,"{""maximum_rss_bytes"": 227532800.0, ""path"": ""build-resource-usage.txt"", ""system_seconds"": 0.33, ""user_seconds"": 6.94, ""wall_seconds"": 9.97}"
v3-main-771601/deathstarbench_social_network/colocated/N/8,pmx,1,PMX_shared_variants,,27.247465638999998,independent_pmx_extraction_process,compose_post,,,,,
v3-main-771601/deathstarbench_social_network/colocated/N/8,pmx,1,PMX_shared_variants,,22.883197371999998,independent_pmx_extraction_process,read_home_timeline,,,,,
v3-main-771601/deathstarbench_social_network/colocated/N/8,pmx,1,PMX_shared_variants,,22.930941960000013,independent_pmx_extraction_process,read_user_timeline,,,,,
v3-main-771601/deathstarbench_social_network/colocated/N/9,acquisition,1,shared_acquisition,True,2059.9607499639997,acquisition_and_export_process_total,,,,,,
v3-main-771601/deathstarbench_social_network/colocated/N/9,acquisition,1,shared_native_pool,,2.2790517979997276,native_parse,,,,,,
v3-main-771601/deathstarbench_social_network/colocated/N/9,graph,1,B0,,0.006079024999998239,identification,,,,,,
v3-main-771601/deathstarbench_social_network/colocated/N/9,graph,1,shared_graph_family,,0.7052123300000019,extraction,compose_post,,,,,
v3-main-771601/deathstarbench_social_network/colocated/N/9,graph,1,shared_graph_family,,0.005924746999994568,identification,compose_post,,,,,
v3-main-771601/deathstarbench_social_network/colocated/N/9,graph,1,shared_graph_family,,0.0010789669999979878,solve,compose_post,,,,,
v3-main-771601/deathstarbench_social_network/colocated/N/9,graph,1,G0,,0.0005809660000011263,identification,compose_post,,,,,
v3-main-771601/deathstarbench_social_network/colocated/N/9,graph,1,G0,,9.707199999553495e-05,solve,compose_post,,,,,
v3-main-771601/deathstarbench_social_network/colocated/N/9,graph,1,shared_graph_family,,0.14117229099999662,extraction,read_home_timeline,,,,,
v3-main-771601/deathstarbench_social_network/colocated/N/9,graph,1,shared_graph_family,,0.002858714000005591,identification,read_home_timeline,,,,,
v3-main-771601/deathstarbench_social_network/colocated/N/9,graph,1,shared_graph_family,,0.00018289199999799166,solve,read_home_timeline,,,,,
v3-main-771601/deathstarbench_social_network/colocated/N/9,graph,1,G0,,0.0001704089999989833,identification,read_home_timeline,,,,,
v3-main-771601/deathstarbench_social_network/colocated/N/9,graph,1,G0,,5.669600000146602e-05,solve,read_home_timeline,,,,,
v3-main-771601/deathstarbench_social_network/colocated/N/9,graph,1,shared_graph_family,,0.14971665400000234,extraction,read_user_timeline,,,,,
v3-main-771601/deathstarbench_social_network/colocated/N/9,graph,1,shared_graph_family,,0.003686812000005091,identification,read_user_timeline,,,,,
v3-main-771601/deathstarbench_social_network/colocated/N/9,graph,1,shared_graph_family,,0.0005328660000003538,solve,read_user_timeline,,,,,
v3-main-771601/deathstarbench_social_network/colocated/N/9,graph,1,G0,,0.00018589799999801926,identification,read_user_timeline,,,,,
v3-main-771601/deathstarbench_social_network/colocated/N/9,graph,1,G0,,5.956199999701539e-05,solve,read_user_timeline,,,,,
v3-main-771601/deathstarbench_social_network/colocated/N/9,pmx,1,PMX_shared_variants,,6.589315362000008,native_projection,compose_post,,,,,
v3-main-771601/deathstarbench_social_network/colocated/N/9,pmx,1,PMX_shared_variants,,2.106873790999998,native_projection,read_home_timeline,,,,,
v3-main-771601/deathstarbench_social_network/colocated/N/9,pmx,1,PMX_shared_variants,,2.128471869000009,native_projection,read_user_timeline,,,,,
v3-main-771601/deathstarbench_social_network/colocated/N/9,pmx,1,PMX_shared_variants,,11.448601716000013,input_and_projection_process_total,,True,,,,
v3-main-771601/deathstarbench_social_network/colocated/N/9,pmx,1,PMX_shared_variants,,10.03,derived_binary_build,,,javac 11.0.32,2322880b6447754528e201553bc4e2fac00334b7d6f3ac202cfe1e3742bbbcc6,True,"{""maximum_rss_bytes"": 228216832.0, ""path"": ""build-resource-usage.txt"", ""system_seconds"": 0.31, ""user_seconds"": 6.79, ""wall_seconds"": 10.03}"
v3-main-771601/deathstarbench_social_network/colocated/N/9,pmx,1,PMX_shared_variants,,28.304088882000002,independent_pmx_extraction_process,compose_post,,,,,
v3-main-771601/deathstarbench_social_network/colocated/N/9,pmx,1,PMX_shared_variants,,23.03173787100002,independent_pmx_extraction_process,read_home_timeline,,,,,
v3-main-771601/deathstarbench_social_network/colocated/N/9,pmx,1,PMX_shared_variants,,23.03063809599999,independent_pmx_extraction_process,read_user_timeline,,,,,
v3-main-771601/deathstarbench_social_network/colocated/NC/0,acquisition,1,shared_acquisition,True,2059.8760781829997,acquisition_and_export_process_total,,,,,,
v3-main-771601/deathstarbench_social_network/colocated/NC/0,acquisition,1,shared_native_pool,,2.10962482099967,native_parse,,,,,,
v3-main-771601/deathstarbench_social_network/colocated/NC/0,graph,1,B0,,0.004359694000001468,identification,,,,,,
v3-main-771601/deathstarbench_social_network/colocated/NC/0,graph,1,shared_graph_family,,0.46515284199999485,extraction,compose_post,,,,,
v3-main-771601/deathstarbench_social_network/colocated/NC/0,graph,1,shared_graph_family,,0.004467927999996846,identification,compose_post,,,,,
v3-main-771601/deathstarbench_social_network/colocated/NC/0,graph,1,shared_graph_family,,0.003034193000004848,solve,compose_post,,,,,
v3-main-771601/deathstarbench_social_network/colocated/NC/0,graph,1,G0,,0.000464127000000758,identification,compose_post,,,,,
v3-main-771601/deathstarbench_social_network/colocated/NC/0,graph,1,G0,,0.00010531200000230001,solve,compose_post,,,,,
v3-main-771601/deathstarbench_social_network/colocated/NC/0,graph,1,shared_graph_family,,0.09557162499999095,extraction,read_home_timeline,,,,,
v3-main-771601/deathstarbench_social_network/colocated/NC/0,graph,1,shared_graph_family,,0.001949476999996591,identification,read_home_timeline,,,,,
v3-main-771601/deathstarbench_social_network/colocated/NC/0,graph,1,shared_graph_family,,0.00016314599999134316,solve,read_home_timeline,,,,,
v3-main-771601/deathstarbench_social_network/colocated/NC/0,graph,1,G0,,0.00012556600000834806,identification,read_home_timeline,,,,,
v3-main-771601/deathstarbench_social_network/colocated/NC/0,graph,1,G0,,5.446200000847057e-05,solve,read_home_timeline,,,,,
v3-main-771601/deathstarbench_social_network/colocated/NC/0,graph,1,shared_graph_family,,0.10186477899999602,extraction,read_user_timeline,,,,,
v3-main-771601/deathstarbench_social_network/colocated/NC/0,graph,1,shared_graph_family,,0.0026660719999966886,identification,read_user_timeline,,,,,
v3-main-771601/deathstarbench_social_network/colocated/NC/0,graph,1,shared_graph_family,,0.0020620500000063657,solve,read_user_timeline,,,,,
v3-main-771601/deathstarbench_social_network/colocated/NC/0,graph,1,G0,,0.00014095800000291092,identification,read_user_timeline,,,,,
v3-main-771601/deathstarbench_social_network/colocated/NC/0,graph,1,G0,,6.478899999251553e-05,solve,read_user_timeline,,,,,
v3-main-771601/deathstarbench_social_network/colocated/NC/0,pmx,1,PMX_shared_variants,,6.479688313999986,native_projection,compose_post,,,,,
v3-main-771601/deathstarbench_social_network/colocated/NC/0,pmx,1,PMX_shared_variants,,2.0907766610000067,native_projection,read_home_timeline,,,,,
v3-main-771601/deathstarbench_social_network/colocated/NC/0,pmx,1,PMX_shared_variants,,2.1115122409999856,native_projection,read_user_timeline,,,,,
v3-main-771601/deathstarbench_social_network/colocated/NC/0,pmx,1,PMX_shared_variants,,11.297667603000008,input_and_projection_process_total,,True,,,,
v3-main-771601/deathstarbench_social_network/colocated/NC/0,pmx,1,PMX_shared_variants,,7.69,derived_binary_build,,,javac 11.0.32,2322880b6447754528e201553bc4e2fac00334b7d6f3ac202cfe1e3742bbbcc6,True,"{""maximum_rss_bytes"": 227647488.0, ""path"": ""build-resource-usage.txt"", ""system_seconds"": 0.33, ""user_seconds"": 6.84, ""wall_seconds"": 7.69}"
v3-main-771601/deathstarbench_social_network/colocated/NC/0,pmx,1,PMX_shared_variants,,26.597958382,independent_pmx_extraction_process,compose_post,,,,,
v3-main-771601/deathstarbench_social_network/colocated/NC/0,pmx,1,PMX_shared_variants,,22.784843885000015,independent_pmx_extraction_process,read_home_timeline,,,,,
v3-main-771601/deathstarbench_social_network/colocated/NC/0,pmx,1,PMX_shared_variants,,22.881011134999994,independent_pmx_extraction_process,read_user_timeline,,,,,
v3-main-771601/deathstarbench_social_network/colocated/NC/1,acquisition,1,shared_acquisition,True,2059.1415686170003,acquisition_and_export_process_total,,,,,,
v3-main-771601/deathstarbench_social_network/colocated/NC/1,acquisition,1,shared_native_pool,,1.9894291539999358,native_parse,,,,,,
v3-main-771601/deathstarbench_social_network/colocated/NC/1,graph,1,B0,,0.0063498680000009244,identification,,,,,,
v3-main-771601/deathstarbench_social_network/colocated/NC/1,graph,1,shared_graph_family,,0.1411522580000053,extraction,read_home_timeline,,,,,
v3-main-771601/deathstarbench_social_network/colocated/NC/1,graph,1,shared_graph_family,,0.003597949999999628,identification,read_home_timeline,,,,,
v3-main-771601/deathstarbench_social_network/colocated/NC/1,graph,1,shared_graph_family,,0.0002368390000029308,solve,read_home_timeline,,,,,
v3-main-771601/deathstarbench_social_network/colocated/NC/1,graph,1,G0,,0.00017611700000230712,identification,read_home_timeline,,,,,
v3-main-771601/deathstarbench_social_network/colocated/NC/1,graph,1,G0,,7.520999999854894e-05,solve,read_home_timeline,,,,,
v3-main-771601/deathstarbench_social_network/colocated/NC/1,pmx,1,PMX_shared_variants,,7.012462057000008,native_projection,compose_post,,,,,
v3-main-771601/deathstarbench_social_network/colocated/NC/1,pmx,1,PMX_shared_variants,,2.3307776449999977,native_projection,read_home_timeline,,,,,
v3-main-771601/deathstarbench_social_network/colocated/NC/1,pmx,1,PMX_shared_variants,,2.3302951940000014,native_projection,read_user_timeline,,,,,
v3-main-771601/deathstarbench_social_network/colocated/NC/1,pmx,1,PMX_shared_variants,,12.40048994,input_and_projection_process_total,,True,,,,
v3-main-771601/deathstarbench_social_network/colocated/NC/1,pmx,1,PMX_shared_variants,,9.82,derived_binary_build,,,javac 11.0.32,2322880b6447754528e201553bc4e2fac00334b7d6f3ac202cfe1e3742bbbcc6,True,"{""maximum_rss_bytes"": 227721216.0, ""path"": ""build-resource-usage.txt"", ""system_seconds"": 0.29, ""user_seconds"": 6.8, ""wall_seconds"": 9.82}"
v3-main-771601/deathstarbench_social_network/colocated/NC/1,pmx,1,PMX_shared_variants,,29.009866957,independent_pmx_extraction_process,compose_post,,,,,
v3-main-771601/deathstarbench_social_network/colocated/NC/1,pmx,1,PMX_shared_variants,,23.434213324000012,independent_pmx_extraction_process,read_home_timeline,,,,,
v3-main-771601/deathstarbench_social_network/colocated/NC/1,pmx,1,PMX_shared_variants,,23.389526415999995,independent_pmx_extraction_process,read_user_timeline,,,,,
v3-main-771601/deathstarbench_social_network/colocated/NC/2,acquisition,1,shared_acquisition,True,2059.624853986,acquisition_and_export_process_total,,,,,,
v3-main-771601/deathstarbench_social_network/colocated/NC/2,acquisition,1,shared_native_pool,,2.0850543180004024,native_parse,,,,,,
v3-main-771601/deathstarbench_social_network/colocated/NC/2,graph,1,B0,,0.006241945000056148,identification,,,,,,
v3-main-771601/deathstarbench_social_network/colocated/NC/2,graph,1,shared_graph_family,,0.7295798740000237,extraction,compose_post,,,,,
v3-main-771601/deathstarbench_social_network/colocated/NC/2,graph,1,shared_graph_family,,0.006449222000014743,identification,compose_post,,,,,
v3-main-771601/deathstarbench_social_network/colocated/NC/2,graph,1,shared_graph_family,,0.0034459580000429924,solve,compose_post,,,,,
v3-main-771601/deathstarbench_social_network/colocated/NC/2,graph,1,G0,,0.0006380000000945074,identification,compose_post,,,,,
v3-main-771601/deathstarbench_social_network/colocated/NC/2,graph,1,G0,,0.00012249899998550973,solve,compose_post,,,,,
v3-main-771601/deathstarbench_social_network/colocated/NC/2,graph,1,shared_graph_family,,0.1438176359999943,extraction,read_home_timeline,,,,,
v3-main-771601/deathstarbench_social_network/colocated/NC/2,graph,1,shared_graph_family,,0.0028144309999333927,identification,read_home_timeline,,,,,
v3-main-771601/deathstarbench_social_network/colocated/NC/2,graph,1,shared_graph_family,,0.00018515499994009588,solve,read_home_timeline,,,,,
v3-main-771601/deathstarbench_social_network/colocated/NC/2,graph,1,G0,,0.0001825900000085312,identification,read_home_timeline,,,,,
v3-main-771601/deathstarbench_social_network/colocated/NC/2,graph,1,G0,,6.720599992604548e-05,solve,read_home_timeline,,,,,
v3-main-771601/deathstarbench_social_network/colocated/NC/2,graph,1,shared_graph_family,,0.15133958000001257,extraction,read_user_timeline,,,,,
v3-main-771601/deathstarbench_social_network/colocated/NC/2,graph,1,shared_graph_family,,0.0036181500000793676,identification,read_user_timeline,,,,,
v3-main-771601/deathstarbench_social_network/colocated/NC/2,graph,1,shared_graph_family,,0.002596755000013218,solve,read_user_timeline,,,,,
v3-main-771601/deathstarbench_social_network/colocated/NC/2,graph,1,G0,,0.00020134500005042355,identification,read_user_timeline,,,,,
v3-main-771601/deathstarbench_social_network/colocated/NC/2,graph,1,G0,,6.627400000525085e-05,solve,read_user_timeline,,,,,
v3-main-771601/deathstarbench_social_network/colocated/NC/2,pmx,1,PMX_shared_variants,,6.916642764000002,native_projection,compose_post,,,,,
v3-main-771601/deathstarbench_social_network/colocated/NC/2,pmx,1,PMX_shared_variants,,2.2202002389999933,native_projection,read_home_timeline,,,,,
v3-main-771601/deathstarbench_social_network/colocated/NC/2,pmx,1,PMX_shared_variants,,2.2243090159999923,native_projection,read_user_timeline,,,,,
v3-main-771601/deathstarbench_social_network/colocated/NC/2,pmx,1,PMX_shared_variants,,11.970188000999997,input_and_projection_process_total,,True,,,,
v3-main-771601/deathstarbench_social_network/colocated/NC/2,pmx,1,PMX_shared_variants,,11.46,derived_binary_build,,,javac 11.0.32,2322880b6447754528e201553bc4e2fac00334b7d6f3ac202cfe1e3742bbbcc6,True,"{""maximum_rss_bytes"": 227635200.0, ""path"": ""build-resource-usage.txt"", ""system_seconds"": 0.29, ""user_seconds"": 6.85, ""wall_seconds"": 11.46}"
v3-main-771601/deathstarbench_social_network/colocated/NC/2,pmx,1,PMX_shared_variants,,27.857933748999997,independent_pmx_extraction_process,compose_post,,,,,
v3-main-771601/deathstarbench_social_network/colocated/NC/2,pmx,1,PMX_shared_variants,,22.928989598,independent_pmx_extraction_process,read_home_timeline,,,,,
v3-main-771601/deathstarbench_social_network/colocated/NC/2,pmx,1,PMX_shared_variants,,23.08200852600001,independent_pmx_extraction_process,read_user_timeline,,,,,
v3-main-771601/deathstarbench_social_network/colocated/NC/3,acquisition,1,shared_acquisition,True,2059.047076538,acquisition_and_export_process_total,,,,,,
v3-main-771601/deathstarbench_social_network/colocated/NC/3,acquisition,1,shared_native_pool,,1.9937147949999598,native_parse,,,,,,
v3-main-771601/deathstarbench_social_network/colocated/NC/3,graph,1,B0,,0.006054813000019976,identification,,,,,,
v3-main-771601/deathstarbench_social_network/colocated/NC/3,graph,1,shared_graph_family,,0.1426427729999773,extraction,read_home_timeline,,,,,
v3-main-771601/deathstarbench_social_network/colocated/NC/3,graph,1,shared_graph_family,,0.0028482859999883203,identification,read_home_timeline,,,,,
v3-main-771601/deathstarbench_social_network/colocated/NC/3,graph,1,shared_graph_family,,0.00023408900000276844,solve,read_home_timeline,,,,,
v3-main-771601/deathstarbench_social_network/colocated/NC/3,graph,1,G0,,0.00017286499999613625,identification,read_home_timeline,,,,,
v3-main-771601/deathstarbench_social_network/colocated/NC/3,graph,1,G0,,7.294700000670673e-05,solve,read_home_timeline,,,,,
v3-main-771601/deathstarbench_social_network/colocated/NC/3,pmx,1,PMX_shared_variants,,6.225659992000004,native_projection,compose_post,,,,,
v3-main-771601/deathstarbench_social_network/colocated/NC/3,pmx,1,PMX_shared_variants,,2.193365221999997,native_projection,read_home_timeline,,,,,
v3-main-771601/deathstarbench_social_network/colocated/NC/3,pmx,1,PMX_shared_variants,,1.9786425590000079,native_projection,read_user_timeline,,,,,
v3-main-771601/deathstarbench_social_network/colocated/NC/3,pmx,1,PMX_shared_variants,,11.008480214999992,input_and_projection_process_total,,True,,,,
v3-main-771601/deathstarbench_social_network/colocated/NC/3,pmx,1,PMX_shared_variants,,8.26,derived_binary_build,,,javac 11.0.32,2322880b6447754528e201553bc4e2fac00334b7d6f3ac202cfe1e3742bbbcc6,True,"{""maximum_rss_bytes"": 227635200.0, ""path"": ""build-resource-usage.txt"", ""system_seconds"": 0.32, ""user_seconds"": 6.84, ""wall_seconds"": 8.26}"
v3-main-771601/deathstarbench_social_network/colocated/NC/3,pmx,1,PMX_shared_variants,,27.25727075200001,independent_pmx_extraction_process,compose_post,,,,,
v3-main-771601/deathstarbench_social_network/colocated/NC/3,pmx,1,PMX_shared_variants,,22.929849231000006,independent_pmx_extraction_process,read_home_timeline,,,,,
v3-main-771601/deathstarbench_social_network/colocated/NC/3,pmx,1,PMX_shared_variants,,22.98080982800002,independent_pmx_extraction_process,read_user_timeline,,,,,
v3-main-771601/deathstarbench_social_network/colocated/NC/4,acquisition,1,shared_acquisition,True,2059.388939887,acquisition_and_export_process_total,,,,,,
v3-main-771601/deathstarbench_social_network/colocated/NC/4,acquisition,1,shared_native_pool,,1.939522807999765,native_parse,,,,,,
v3-main-771601/deathstarbench_social_network/colocated/NC/4,graph,1,B0,,0.006296926000004532,identification,,,,,,
v3-main-771601/deathstarbench_social_network/colocated/NC/4,graph,1,shared_graph_family,,0.7458235510000577,extraction,compose_post,,,,,
v3-main-771601/deathstarbench_social_network/colocated/NC/4,graph,1,shared_graph_family,,0.006243988000051104,identification,compose_post,,,,,
v3-main-771601/deathstarbench_social_network/colocated/NC/4,graph,1,shared_graph_family,,0.004536542999971971,solve,compose_post,,,,,
v3-main-771601/deathstarbench_social_network/colocated/NC/4,graph,1,G0,,0.000611628000001474,identification,compose_post,,,,,
v3-main-771601/deathstarbench_social_network/colocated/NC/4,graph,1,G0,,0.00011777100007748231,solve,compose_post,,,,,
v3-main-771601/deathstarbench_social_network/colocated/NC/4,graph,1,shared_graph_family,,0.1433250060000546,extraction,read_home_timeline,,,,,
v3-main-771601/deathstarbench_social_network/colocated/NC/4,graph,1,shared_graph_family,,0.0028952930000514243,identification,read_home_timeline,,,,,
v3-main-771601/deathstarbench_social_network/colocated/NC/4,graph,1,shared_graph_family,,0.00019184899997526372,solve,read_home_timeline,,,,,
v3-main-771601/deathstarbench_social_network/colocated/NC/4,graph,1,G0,,0.0001711719999093475,identification,read_home_timeline,,,,,
v3-main-771601/deathstarbench_social_network/colocated/NC/4,graph,1,G0,,6.019200009177439e-05,solve,read_home_timeline,,,,,
v3-main-771601/deathstarbench_social_network/colocated/NC/4,graph,1,shared_graph_family,,0.1511463829999684,extraction,read_user_timeline,,,,,
v3-main-771601/deathstarbench_social_network/colocated/NC/4,graph,1,shared_graph_family,,0.0037629219999644192,identification,read_user_timeline,,,,,
v3-main-771601/deathstarbench_social_network/colocated/NC/4,graph,1,shared_graph_family,,0.0026508349999403436,solve,read_user_timeline,,,,,
v3-main-771601/deathstarbench_social_network/colocated/NC/4,graph,1,G0,,0.0002116769999247481,identification,read_user_timeline,,,,,
v3-main-771601/deathstarbench_social_network/colocated/NC/4,graph,1,G0,,7.208499994248996e-05,solve,read_user_timeline,,,,,
v3-main-771601/deathstarbench_social_network/colocated/NC/4,pmx,1,PMX_shared_variants,,5.255485988000004,native_projection,compose_post,,,,,
v3-main-771601/deathstarbench_social_network/colocated/NC/4,pmx,1,PMX_shared_variants,,1.6758472909999966,native_projection,read_home_timeline,,,,,
v3-main-771601/deathstarbench_social_network/colocated/NC/4,pmx,1,PMX_shared_variants,,1.6796037050000052,native_projection,read_user_timeline,,,,,
v3-main-771601/deathstarbench_social_network/colocated/NC/4,pmx,1,PMX_shared_variants,,9.139107343999996,input_and_projection_process_total,,True,,,,
v3-main-771601/deathstarbench_social_network/colocated/NC/4,pmx,1,PMX_shared_variants,,13.87,derived_binary_build,,,javac 11.0.32,2322880b6447754528e201553bc4e2fac00334b7d6f3ac202cfe1e3742bbbcc6,True,"{""maximum_rss_bytes"": 225640448.0, ""path"": ""build-resource-usage.txt"", ""system_seconds"": 0.28, ""user_seconds"": 5.56, ""wall_seconds"": 13.87}"
v3-main-771601/deathstarbench_social_network/colocated/NC/4,pmx,1,PMX_shared_variants,,26.344124558999994,independent_pmx_extraction_process,compose_post,,,,,
v3-main-771601/deathstarbench_social_network/colocated/NC/4,pmx,1,PMX_shared_variants,,22.227316829000017,independent_pmx_extraction_process,read_home_timeline,,,,,
v3-main-771601/deathstarbench_social_network/colocated/NC/4,pmx,1,PMX_shared_variants,,22.28235374799999,independent_pmx_extraction_process,read_user_timeline,,,,,
v3-main-771601/deathstarbench_social_network/colocated/NC/5,acquisition,1,shared_acquisition,True,2060.0661368859996,acquisition_and_export_process_total,,,,,,
v3-main-771601/deathstarbench_social_network/colocated/NC/5,acquisition,1,shared_native_pool,,2.116018721999808,native_parse,,,,,,
v3-main-771601/deathstarbench_social_network/colocated/NC/5,graph,1,B0,,0.005766275000041787,identification,,,,,,
v3-main-771601/deathstarbench_social_network/colocated/NC/5,graph,1,shared_graph_family,,0.6379245220000485,extraction,compose_post,,,,,
v3-main-771601/deathstarbench_social_network/colocated/NC/5,graph,1,shared_graph_family,,0.006060707999949955,identification,compose_post,,,,,
v3-main-771601/deathstarbench_social_network/colocated/NC/5,graph,1,shared_graph_family,,0.003760503000080462,solve,compose_post,,,,,
v3-main-771601/deathstarbench_social_network/colocated/NC/5,graph,1,G0,,0.0005651520000355958,identification,compose_post,,,,,
v3-main-771601/deathstarbench_social_network/colocated/NC/5,graph,1,G0,,0.00010700800009999512,solve,compose_post,,,,,
v3-main-771601/deathstarbench_social_network/colocated/NC/5,graph,1,shared_graph_family,,0.12373306500001036,extraction,read_home_timeline,,,,,
v3-main-771601/deathstarbench_social_network/colocated/NC/5,graph,1,shared_graph_family,,0.002781002000006083,identification,read_home_timeline,,,,,
v3-main-771601/deathstarbench_social_network/colocated/NC/5,graph,1,shared_graph_family,,0.00019093100002010033,solve,read_home_timeline,,,,,
v3-main-771601/deathstarbench_social_network/colocated/NC/5,graph,1,G0,,0.00016777700000147888,identification,read_home_timeline,,,,,
v3-main-771601/deathstarbench_social_network/colocated/NC/5,graph,1,G0,,5.350900005396397e-05,solve,read_home_timeline,,,,,
v3-main-771601/deathstarbench_social_network/colocated/NC/5,graph,1,shared_graph_family,,0.12841368199997305,extraction,read_user_timeline,,,,,
v3-main-771601/deathstarbench_social_network/colocated/NC/5,graph,1,shared_graph_family,,0.0035993960000269,identification,read_user_timeline,,,,,
v3-main-771601/deathstarbench_social_network/colocated/NC/5,graph,1,shared_graph_family,,0.0030542139999170104,solve,read_user_timeline,,,,,
v3-main-771601/deathstarbench_social_network/colocated/NC/5,graph,1,G0,,0.0001800549999870782,identification,read_user_timeline,,,,,
v3-main-771601/deathstarbench_social_network/colocated/NC/5,graph,1,G0,,6.428499989397096e-05,solve,read_user_timeline,,,,,
v3-main-771601/deathstarbench_social_network/colocated/NC/5,pmx,1,PMX_shared_variants,,6.483869318999993,native_projection,compose_post,,,,,
v3-main-771601/deathstarbench_social_network/colocated/NC/5,pmx,1,PMX_shared_variants,,2.0559084110000043,native_projection,read_home_timeline,,,,,
v3-main-771601/deathstarbench_social_network/colocated/NC/5,pmx,1,PMX_shared_variants,,2.066384162999995,native_projection,read_user_timeline,,,,,
v3-main-771601/deathstarbench_social_network/colocated/NC/5,pmx,1,PMX_shared_variants,,11.246244701000009,input_and_projection_process_total,,True,,,,
v3-main-771601/deathstarbench_social_network/colocated/NC/5,pmx,1,PMX_shared_variants,,18.78,derived_binary_build,,,javac 11.0.32,2322880b6447754528e201553bc4e2fac00334b7d6f3ac202cfe1e3742bbbcc6,True,"{""maximum_rss_bytes"": 227856384.0, ""path"": ""build-resource-usage.txt"", ""system_seconds"": 0.36, ""user_seconds"": 7.25, ""wall_seconds"": 18.78}"
v3-main-771601/deathstarbench_social_network/colocated/NC/5,pmx,1,PMX_shared_variants,,28.354467401000008,independent_pmx_extraction_process,compose_post,,,,,
v3-main-771601/deathstarbench_social_network/colocated/NC/5,pmx,1,PMX_shared_variants,,22.785913912999987,independent_pmx_extraction_process,read_home_timeline,,,,,
v3-main-771601/deathstarbench_social_network/colocated/NC/5,pmx,1,PMX_shared_variants,,22.829756726,independent_pmx_extraction_process,read_user_timeline,,,,,
v3-main-771601/deathstarbench_social_network/colocated/NC/6,acquisition,1,shared_acquisition,True,2059.413076524,acquisition_and_export_process_total,,,,,,
v3-main-771601/deathstarbench_social_network/colocated/NC/6,acquisition,1,shared_native_pool,,1.7711125910000192,native_parse,,,,,,
v3-main-771601/deathstarbench_social_network/colocated/NC/6,graph,1,B0,,0.006270221000001186,identification,,,,,,
v3-main-771601/deathstarbench_social_network/colocated/NC/6,graph,1,shared_graph_family,,0.7065654129999999,extraction,compose_post,,,,,
v3-main-771601/deathstarbench_social_network/colocated/NC/6,graph,1,shared_graph_family,,0.006078273999996497,identification,compose_post,,,,,
v3-main-771601/deathstarbench_social_network/colocated/NC/6,graph,1,shared_graph_family,,0.006772352999995235,solve,compose_post,,,,,
v3-main-771601/deathstarbench_social_network/colocated/NC/6,graph,1,G0,,0.0006050539999975513,identification,compose_post,,,,,
v3-main-771601/deathstarbench_social_network/colocated/NC/6,graph,1,G0,,0.00012441099999449534,solve,compose_post,,,,,
v3-main-771601/deathstarbench_social_network/colocated/NC/6,graph,1,shared_graph_family,,0.1413821679999998,extraction,read_home_timeline,,,,,
v3-main-771601/deathstarbench_social_network/colocated/NC/6,graph,1,shared_graph_family,,0.0027377830000006043,identification,read_home_timeline,,,,,
v3-main-771601/deathstarbench_social_network/colocated/NC/6,graph,1,shared_graph_family,,0.0001824380000030601,solve,read_home_timeline,,,,,
v3-main-771601/deathstarbench_social_network/colocated/NC/6,graph,1,G0,,0.00018346099999888565,identification,read_home_timeline,,,,,
v3-main-771601/deathstarbench_social_network/colocated/NC/6,graph,1,G0,,6.304699999759578e-05,solve,read_home_timeline,,,,,
v3-main-771601/deathstarbench_social_network/colocated/NC/6,pmx,1,PMX_shared_variants,,5.424132278000002,native_projection,compose_post,,,,,
v3-main-771601/deathstarbench_social_network/colocated/NC/6,pmx,1,PMX_shared_variants,,1.7466741819999925,native_projection,read_home_timeline,,,,,
v3-main-771601/deathstarbench_social_network/colocated/NC/6,pmx,1,PMX_shared_variants,,1.6754996359999978,native_projection,read_user_timeline,,,,,
v3-main-771601/deathstarbench_social_network/colocated/NC/6,pmx,1,PMX_shared_variants,,9.392869835000006,input_and_projection_process_total,,True,,,,
v3-main-771601/deathstarbench_social_network/colocated/NC/6,pmx,1,PMX_shared_variants,,6.7,derived_binary_build,,,javac 11.0.32,2322880b6447754528e201553bc4e2fac00334b7d6f3ac202cfe1e3742bbbcc6,True,"{""maximum_rss_bytes"": 225726464.0, ""path"": ""build-resource-usage.txt"", ""system_seconds"": 0.32, ""user_seconds"": 6.61, ""wall_seconds"": 6.7}"
v3-main-771601/deathstarbench_social_network/colocated/NC/6,pmx,1,PMX_shared_variants,,27.66276732499999,independent_pmx_extraction_process,compose_post,,,,,
v3-main-771601/deathstarbench_social_network/colocated/NC/6,pmx,1,PMX_shared_variants,,23.029370027,independent_pmx_extraction_process,read_home_timeline,,,,,
v3-main-771601/deathstarbench_social_network/colocated/NC/6,pmx,1,PMX_shared_variants,,22.832191492999996,independent_pmx_extraction_process,read_user_timeline,,,,,
v3-main-771601/deathstarbench_social_network/colocated/NC/7,acquisition,1,shared_acquisition,True,2059.246408469,acquisition_and_export_process_total,,,,,,
v3-main-771601/deathstarbench_social_network/colocated/NC/7,acquisition,1,shared_native_pool,,1.9420385580001494,native_parse,,,,,,
v3-main-771601/deathstarbench_social_network/colocated/NC/7,graph,1,B0,,0.006168418000015663,identification,,,,,,
v3-main-771601/deathstarbench_social_network/colocated/NC/7,graph,1,shared_graph_family,,0.6858024680000199,extraction,compose_post,,,,,
v3-main-771601/deathstarbench_social_network/colocated/NC/7,graph,1,shared_graph_family,,0.005911362999995617,identification,compose_post,,,,,
v3-main-771601/deathstarbench_social_network/colocated/NC/7,graph,1,shared_graph_family,,0.006349594999846886,solve,compose_post,,,,,
v3-main-771601/deathstarbench_social_network/colocated/NC/7,graph,1,G0,,0.0005552810000608588,identification,compose_post,,,,,
v3-main-771601/deathstarbench_social_network/colocated/NC/7,graph,1,G0,,0.00010997599997608631,solve,compose_post,,,,,
v3-main-771601/deathstarbench_social_network/colocated/NC/7,graph,1,shared_graph_family,,0.13970621600014965,extraction,read_home_timeline,,,,,
v3-main-771601/deathstarbench_social_network/colocated/NC/7,graph,1,shared_graph_family,,0.0027278339998701995,identification,read_home_timeline,,,,,
v3-main-771601/deathstarbench_social_network/colocated/NC/7,graph,1,shared_graph_family,,0.00018298300005881174,solve,read_home_timeline,,,,,
v3-main-771601/deathstarbench_social_network/colocated/NC/7,graph,1,G0,,0.0001579449999553617,identification,read_home_timeline,,,,,
v3-main-771601/deathstarbench_social_network/colocated/NC/7,graph,1,G0,,5.3019000006315764e-05,solve,read_home_timeline,,,,,
v3-main-771601/deathstarbench_social_network/colocated/NC/7,pmx,1,PMX_shared_variants,,6.4339605289999895,native_projection,compose_post,,,,,
v3-main-771601/deathstarbench_social_network/colocated/NC/7,pmx,1,PMX_shared_variants,,2.083580839999996,native_projection,read_home_timeline,,,,,
v3-main-771601/deathstarbench_social_network/colocated/NC/7,pmx,1,PMX_shared_variants,,1.9938372880000088,native_projection,read_user_timeline,,,,,
v3-main-771601/deathstarbench_social_network/colocated/NC/7,pmx,1,PMX_shared_variants,,11.138805712999982,input_and_projection_process_total,,True,,,,
v3-main-771601/deathstarbench_social_network/colocated/NC/7,pmx,1,PMX_shared_variants,,10.13,derived_binary_build,,,javac 11.0.32,2322880b6447754528e201553bc4e2fac00334b7d6f3ac202cfe1e3742bbbcc6,True,"{""maximum_rss_bytes"": 227672064.0, ""path"": ""build-resource-usage.txt"", ""system_seconds"": 0.33, ""user_seconds"": 7.06, ""wall_seconds"": 10.13}"
v3-main-771601/deathstarbench_social_network/colocated/NC/7,pmx,1,PMX_shared_variants,,26.84746201600001,independent_pmx_extraction_process,compose_post,,,,,
v3-main-771601/deathstarbench_social_network/colocated/NC/7,pmx,1,PMX_shared_variants,,23.02999262199998,independent_pmx_extraction_process,read_home_timeline,,,,,
v3-main-771601/deathstarbench_social_network/colocated/NC/7,pmx,1,PMX_shared_variants,,23.028836790000014,independent_pmx_extraction_process,read_user_timeline,,,,,
v3-main-771601/deathstarbench_social_network/colocated/NC/8,acquisition,1,shared_acquisition,True,2059.1073611479997,acquisition_and_export_process_total,,,,,,
v3-main-771601/deathstarbench_social_network/colocated/NC/8,acquisition,1,shared_native_pool,,1.85779862399977,native_parse,,,,,,
v3-main-771601/deathstarbench_social_network/colocated/NC/8,graph,1,B0,,0.006276458999991519,identification,,,,,,
v3-main-771601/deathstarbench_social_network/colocated/NC/8,graph,1,shared_graph_family,,0.13877345499999194,extraction,read_home_timeline,,,,,
v3-main-771601/deathstarbench_social_network/colocated/NC/8,graph,1,shared_graph_family,,0.0035800710000017943,identification,read_home_timeline,,,,,
v3-main-771601/deathstarbench_social_network/colocated/NC/8,graph,1,shared_graph_family,,0.0002530150000126241,solve,read_home_timeline,,,,,
v3-main-771601/deathstarbench_social_network/colocated/NC/8,graph,1,G0,,0.00017005900001265672,identification,read_home_timeline,,,,,
v3-main-771601/deathstarbench_social_network/colocated/NC/8,graph,1,G0,,6.585399999892161e-05,solve,read_home_timeline,,,,,
v3-main-771601/deathstarbench_social_network/colocated/NC/8,pmx,1,PMX_shared_variants,,6.582385051000003,native_projection,compose_post,,,,,
v3-main-771601/deathstarbench_social_network/colocated/NC/8,pmx,1,PMX_shared_variants,,2.067792178000005,native_projection,read_home_timeline,,,,,
v3-main-771601/deathstarbench_social_network/colocated/NC/8,pmx,1,PMX_shared_variants,,2.0157751400000024,native_projection,read_user_timeline,,,,,
v3-main-771601/deathstarbench_social_network/colocated/NC/8,pmx,1,PMX_shared_variants,,11.243794389000001,input_and_projection_process_total,,True,,,,
v3-main-771601/deathstarbench_social_network/colocated/NC/8,pmx,1,PMX_shared_variants,,7.94,derived_binary_build,,,javac 11.0.32,2322880b6447754528e201553bc4e2fac00334b7d6f3ac202cfe1e3742bbbcc6,True,"{""maximum_rss_bytes"": 227594240.0, ""path"": ""build-resource-usage.txt"", ""system_seconds"": 0.3, ""user_seconds"": 6.88, ""wall_seconds"": 7.94}"
v3-main-771601/deathstarbench_social_network/colocated/NC/8,pmx,1,PMX_shared_variants,,26.996623917000008,independent_pmx_extraction_process,compose_post,,,,,
v3-main-771601/deathstarbench_social_network/colocated/NC/8,pmx,1,PMX_shared_variants,,23.081722678000006,independent_pmx_extraction_process,read_home_timeline,,,,,
v3-main-771601/deathstarbench_social_network/colocated/NC/8,pmx,1,PMX_shared_variants,,23.033240329999984,independent_pmx_extraction_process,read_user_timeline,,,,,
v3-main-771601/deathstarbench_social_network/colocated/NC/9,acquisition,1,shared_acquisition,True,2059.279792284,acquisition_and_export_process_total,,,,,,
v3-main-771601/deathstarbench_social_network/colocated/NC/9,acquisition,1,shared_native_pool,,2.0987818759999755,native_parse,,,,,,
v3-main-771601/deathstarbench_social_network/colocated/NC/9,graph,1,B0,,0.0063035299999967265,identification,,,,,,
v3-main-771601/deathstarbench_social_network/colocated/NC/9,graph,1,shared_graph_family,,0.6869874389999993,extraction,compose_post,,,,,
v3-main-771601/deathstarbench_social_network/colocated/NC/9,graph,1,shared_graph_family,,0.009244483999999886,identification,compose_post,,,,,
v3-main-771601/deathstarbench_social_network/colocated/NC/9,graph,1,shared_graph_family,,0.005903318999997964,solve,compose_post,,,,,
v3-main-771601/deathstarbench_social_network/colocated/NC/9,graph,1,G0,,0.0006507510000020034,identification,compose_post,,,,,
v3-main-771601/deathstarbench_social_network/colocated/NC/9,graph,1,G0,,0.00013146700000277178,solve,compose_post,,,,,
v3-main-771601/deathstarbench_social_network/colocated/NC/9,graph,1,shared_graph_family,,0.14333862099999806,extraction,read_home_timeline,,,,,
v3-main-771601/deathstarbench_social_network/colocated/NC/9,graph,1,shared_graph_family,,0.00288560000000615,identification,read_home_timeline,,,,,
v3-main-771601/deathstarbench_social_network/colocated/NC/9,graph,1,shared_graph_family,,0.00020236900000014657,solve,read_home_timeline,,,,,
v3-main-771601/deathstarbench_social_network/colocated/NC/9,graph,1,G0,,0.00017059999999702313,identification,read_home_timeline,,,,,
v3-main-771601/deathstarbench_social_network/colocated/NC/9,graph,1,G0,,5.8479999999860866e-05,solve,read_home_timeline,,,,,
v3-main-771601/deathstarbench_social_network/colocated/NC/9,pmx,1,PMX_shared_variants,,4.96511307099999,native_projection,compose_post,,,,,
v3-main-771601/deathstarbench_social_network/colocated/NC/9,pmx,1,PMX_shared_variants,,1.6872030579999944,native_projection,read_home_timeline,,,,,
v3-main-771601/deathstarbench_social_network/colocated/NC/9,pmx,1,PMX_shared_variants,,1.477741213999991,native_projection,read_user_timeline,,,,,
v3-main-771601/deathstarbench_social_network/colocated/NC/9,pmx,1,PMX_shared_variants,,8.622011181000005,input_and_projection_process_total,,True,,,,
v3-main-771601/deathstarbench_social_network/colocated/NC/9,pmx,1,PMX_shared_variants,,6.78,derived_binary_build,,,javac 11.0.32,2322880b6447754528e201553bc4e2fac00334b7d6f3ac202cfe1e3742bbbcc6,True,"{""maximum_rss_bytes"": 225501184.0, ""path"": ""build-resource-usage.txt"", ""system_seconds"": 0.27, ""user_seconds"": 5.45, ""wall_seconds"": 6.78}"
v3-main-771601/deathstarbench_social_network/colocated/NC/9,pmx,1,PMX_shared_variants,,25.136060052999994,independent_pmx_extraction_process,compose_post,,,,,
v3-main-771601/deathstarbench_social_network/colocated/NC/9,pmx,1,PMX_shared_variants,,22.176013411000014,independent_pmx_extraction_process,read_home_timeline,,,,,
v3-main-771601/deathstarbench_social_network/colocated/NC/9,pmx,1,PMX_shared_variants,,22.276124101000022,independent_pmx_extraction_process,read_user_timeline,,,,,
v3-main-771601/deathstarbench_social_network/colocated/ND/0,acquisition,1,shared_acquisition,True,2059.5819851899996,acquisition_and_export_process_total,,,,,,
v3-main-771601/deathstarbench_social_network/colocated/ND/0,acquisition,1,shared_native_pool,,2.0724398199999996,native_parse,,,,,,
v3-main-771601/deathstarbench_social_network/colocated/ND/0,graph,1,B0,,0.006220079999998518,identification,,,,,,
v3-main-771601/deathstarbench_social_network/colocated/ND/0,graph,1,shared_graph_family,,0.7258028809999999,extraction,compose_post,,,,,
v3-main-771601/deathstarbench_social_network/colocated/ND/0,graph,1,shared_graph_family,,0.006121086000000275,identification,compose_post,,,,,
v3-main-771601/deathstarbench_social_network/colocated/ND/0,graph,1,shared_graph_family,,0.0014445939999987445,solve,compose_post,,,,,
v3-main-771601/deathstarbench_social_network/colocated/ND/0,graph,1,G0,,0.000563135999996689,identification,compose_post,,,,,
v3-main-771601/deathstarbench_social_network/colocated/ND/0,graph,1,G0,,9.76420000000644e-05,solve,compose_post,,,,,
v3-main-771601/deathstarbench_social_network/colocated/ND/0,graph,1,shared_graph_family,,0.14200842900000055,extraction,read_home_timeline,,,,,
v3-main-771601/deathstarbench_social_network/colocated/ND/0,graph,1,shared_graph_family,,0.0029204980000017144,identification,read_home_timeline,,,,,
v3-main-771601/deathstarbench_social_network/colocated/ND/0,graph,1,shared_graph_family,,0.00020554200000333367,solve,read_home_timeline,,,,,
v3-main-771601/deathstarbench_social_network/colocated/ND/0,graph,1,G0,,0.00018357099999377624,identification,read_home_timeline,,,,,
v3-main-771601/deathstarbench_social_network/colocated/ND/0,graph,1,G0,,6.633400000310985e-05,solve,read_home_timeline,,,,,
v3-main-771601/deathstarbench_social_network/colocated/ND/0,graph,1,shared_graph_family,,0.15080714300000153,extraction,read_user_timeline,,,,,
v3-main-771601/deathstarbench_social_network/colocated/ND/0,graph,1,shared_graph_family,,0.003639133999996602,identification,read_user_timeline,,,,,
v3-main-771601/deathstarbench_social_network/colocated/ND/0,graph,1,shared_graph_family,,0.0007331529999987652,solve,read_user_timeline,,,,,
v3-main-771601/deathstarbench_social_network/colocated/ND/0,graph,1,G0,,0.0001735029999991866,identification,read_user_timeline,,,,,
v3-main-771601/deathstarbench_social_network/colocated/ND/0,graph,1,G0,,5.6844999996030765e-05,solve,read_user_timeline,,,,,
v3-main-771601/deathstarbench_social_network/colocated/ND/0,pmx,1,PMX_shared_variants,,5.225433522999992,native_projection,compose_post,,,,,
v3-main-771601/deathstarbench_social_network/colocated/ND/0,pmx,1,PMX_shared_variants,,1.6546336890000362,native_projection,read_home_timeline,,,,,
v3-main-771601/deathstarbench_social_network/colocated/ND/0,pmx,1,PMX_shared_variants,,1.6608258880000335,native_projection,read_user_timeline,,,,,
v3-main-771601/deathstarbench_social_network/colocated/ND/0,pmx,1,PMX_shared_variants,,9.075526158999992,input_and_projection_process_total,,True,,,,
v3-main-771601/deathstarbench_social_network/colocated/ND/0,pmx,1,PMX_shared_variants,,7.75,derived_binary_build,,,javac 11.0.32,2322880b6447754528e201553bc4e2fac00334b7d6f3ac202cfe1e3742bbbcc6,True,"{""maximum_rss_bytes"": 225636352.0, ""path"": ""build-resource-usage.txt"", ""system_seconds"": 0.3, ""user_seconds"": 7.14, ""wall_seconds"": 7.75}"
v3-main-771601/deathstarbench_social_network/colocated/ND/0,pmx,1,PMX_shared_variants,,28.354730693000022,independent_pmx_extraction_process,compose_post,,,,,
v3-main-771601/deathstarbench_social_network/colocated/ND/0,pmx,1,PMX_shared_variants,,22.932348662000038,independent_pmx_extraction_process,read_home_timeline,,,,,
v3-main-771601/deathstarbench_social_network/colocated/ND/0,pmx,1,PMX_shared_variants,,22.83369214000004,independent_pmx_extraction_process,read_user_timeline,,,,,
v3-main-771601/deathstarbench_social_network/colocated/ND/1,acquisition,1,shared_acquisition,True,2057.65561253,acquisition_and_export_process_total,,,,,,
v3-main-771601/deathstarbench_social_network/colocated/ND/1,acquisition,1,shared_native_pool,,1.4597475880000275,native_parse,,,,,,
v3-main-771601/deathstarbench_social_network/colocated/ND/1,graph,1,B0,,0.005923601999995753,identification,,,,,,
v3-main-771601/deathstarbench_social_network/colocated/ND/1,graph,1,shared_graph_family,,0.7221026469999998,extraction,compose_post,,,,,
v3-main-771601/deathstarbench_social_network/colocated/ND/1,graph,1,shared_graph_family,,0.00603896799999859,identification,compose_post,,,,,
v3-main-771601/deathstarbench_social_network/colocated/ND/1,graph,1,shared_graph_family,,0.0013942880000001878,solve,compose_post,,,,,
v3-main-771601/deathstarbench_social_network/colocated/ND/1,graph,1,G0,,0.0005678329999909693,identification,compose_post,,,,,
v3-main-771601/deathstarbench_social_network/colocated/ND/1,graph,1,G0,,9.721200000001318e-05,solve,compose_post,,,,,
v3-main-771601/deathstarbench_social_network/colocated/ND/1,graph,1,shared_graph_family,,0.1430040580000025,extraction,read_home_timeline,,,,,
v3-main-771601/deathstarbench_social_network/colocated/ND/1,graph,1,shared_graph_family,,0.0027870750000005273,identification,read_home_timeline,,,,,
v3-main-771601/deathstarbench_social_network/colocated/ND/1,graph,1,shared_graph_family,,0.00019360199999596261,solve,read_home_timeline,,,,,
v3-main-771601/deathstarbench_social_network/colocated/ND/1,graph,1,G0,,0.0001894640000017489,identification,read_home_timeline,,,,,
v3-main-771601/deathstarbench_social_network/colocated/ND/1,graph,1,G0,,6.768599999418257e-05,solve,read_home_timeline,,,,,
v3-main-771601/deathstarbench_social_network/colocated/ND/1,graph,1,shared_graph_family,,0.1544896549999919,extraction,read_user_timeline,,,,,
v3-main-771601/deathstarbench_social_network/colocated/ND/1,graph,1,shared_graph_family,,0.003633547999996267,identification,read_user_timeline,,,,,
v3-main-771601/deathstarbench_social_network/colocated/ND/1,graph,1,shared_graph_family,,0.0007457749999986163,solve,read_user_timeline,,,,,
v3-main-771601/deathstarbench_social_network/colocated/ND/1,graph,1,G0,,0.0001784739999948215,identification,read_user_timeline,,,,,
v3-main-771601/deathstarbench_social_network/colocated/ND/1,graph,1,G0,,6.926900000792102e-05,solve,read_user_timeline,,,,,
v3-main-771601/deathstarbench_social_network/colocated/ND/1,pmx,1,PMX_shared_variants,,5.335753084999993,native_projection,compose_post,,,,,
v3-main-771601/deathstarbench_social_network/colocated/ND/1,pmx,1,PMX_shared_variants,,1.7256940009999937,native_projection,read_home_timeline,,,,,
v3-main-771601/deathstarbench_social_network/colocated/ND/1,pmx,1,PMX_shared_variants,,1.7590353899999798,native_projection,read_user_timeline,,,,,
v3-main-771601/deathstarbench_social_network/colocated/ND/1,pmx,1,PMX_shared_variants,,9.411078016999994,input_and_projection_process_total,,True,,,,
v3-main-771601/deathstarbench_social_network/colocated/ND/1,pmx,1,PMX_shared_variants,,11.09,derived_binary_build,,,javac 11.0.32,2322880b6447754528e201553bc4e2fac00334b7d6f3ac202cfe1e3742bbbcc6,True,"{""maximum_rss_bytes"": 225755136.0, ""path"": ""build-resource-usage.txt"", ""system_seconds"": 0.28, ""user_seconds"": 5.69, ""wall_seconds"": 11.09}"
v3-main-771601/deathstarbench_social_network/colocated/ND/1,pmx,1,PMX_shared_variants,,26.747218240999985,independent_pmx_extraction_process,compose_post,,,,,
v3-main-771601/deathstarbench_social_network/colocated/ND/1,pmx,1,PMX_shared_variants,,22.32750509899998,independent_pmx_extraction_process,read_home_timeline,,,,,
v3-main-771601/deathstarbench_social_network/colocated/ND/1,pmx,1,PMX_shared_variants,,22.377459803000022,independent_pmx_extraction_process,read_user_timeline,,,,,
v3-main-771601/deathstarbench_social_network/colocated/ND/2,acquisition,1,shared_acquisition,True,2057.2386947450004,acquisition_and_export_process_total,,,,,,
v3-main-771601/deathstarbench_social_network/colocated/ND/2,acquisition,1,shared_native_pool,,1.4174501269999382,native_parse,,,,,,
v3-main-771601/deathstarbench_social_network/colocated/ND/2,graph,1,B0,,0.00613888399999496,identification,,,,,,
v3-main-771601/deathstarbench_social_network/colocated/ND/2,graph,1,shared_graph_family,,0.7292463020000071,extraction,compose_post,,,,,
v3-main-771601/deathstarbench_social_network/colocated/ND/2,graph,1,shared_graph_family,,0.006104159000003051,identification,compose_post,,,,,
v3-main-771601/deathstarbench_social_network/colocated/ND/2,graph,1,shared_graph_family,,0.0014271120000017845,solve,compose_post,,,,,
v3-main-771601/deathstarbench_social_network/colocated/ND/2,graph,1,G0,,0.0005518699999953469,identification,compose_post,,,,,
v3-main-771601/deathstarbench_social_network/colocated/ND/2,graph,1,G0,,9.513800000604533e-05,solve,compose_post,,,,,
v3-main-771601/deathstarbench_social_network/colocated/ND/2,graph,1,shared_graph_family,,0.14182480799999553,extraction,read_home_timeline,,,,,
v3-main-771601/deathstarbench_social_network/colocated/ND/2,graph,1,shared_graph_family,,0.0027944939999997587,identification,read_home_timeline,,,,,
v3-main-771601/deathstarbench_social_network/colocated/ND/2,graph,1,shared_graph_family,,0.00019562500000347427,solve,read_home_timeline,,,,,
v3-main-771601/deathstarbench_social_network/colocated/ND/2,graph,1,G0,,0.0001655189999922868,identification,read_home_timeline,,,,,
v3-main-771601/deathstarbench_social_network/colocated/ND/2,graph,1,G0,,5.576400000961712e-05,solve,read_home_timeline,,,,,
v3-main-771601/deathstarbench_social_network/colocated/ND/2,graph,1,shared_graph_family,,0.154869115000011,extraction,read_user_timeline,,,,,
v3-main-771601/deathstarbench_social_network/colocated/ND/2,graph,1,shared_graph_family,,0.00359324400000105,identification,read_user_timeline,,,,,
v3-main-771601/deathstarbench_social_network/colocated/ND/2,graph,1,shared_graph_family,,0.0007628930000009859,solve,read_user_timeline,,,,,
v3-main-771601/deathstarbench_social_network/colocated/ND/2,graph,1,G0,,0.0001741349999946351,identification,read_user_timeline,,,,,
v3-main-771601/deathstarbench_social_network/colocated/ND/2,graph,1,G0,,5.908999999348907e-05,solve,read_user_timeline,,,,,
v3-main-771601/deathstarbench_social_network/colocated/ND/2,pmx,1,PMX_shared_variants,,5.633886888000006,native_projection,compose_post,,,,,
v3-main-771601/deathstarbench_social_network/colocated/ND/2,pmx,1,PMX_shared_variants,,1.8269377889999987,native_projection,read_home_timeline,,,,,
v3-main-771601/deathstarbench_social_network/colocated/ND/2,pmx,1,PMX_shared_variants,,1.8522266039999948,native_projection,read_user_timeline,,,,,
v3-main-771601/deathstarbench_social_network/colocated/ND/2,pmx,1,PMX_shared_variants,,9.888198877000008,input_and_projection_process_total,,True,,,,
v3-main-771601/deathstarbench_social_network/colocated/ND/2,pmx,1,PMX_shared_variants,,4.62,derived_binary_build,,,javac 11.0.32,2322880b6447754528e201553bc4e2fac00334b7d6f3ac202cfe1e3742bbbcc6,True,"{""maximum_rss_bytes"": 225693696.0, ""path"": ""build-resource-usage.txt"", ""system_seconds"": 0.28, ""user_seconds"": 5.75, ""wall_seconds"": 4.62}"
v3-main-771601/deathstarbench_social_network/colocated/ND/2,pmx,1,PMX_shared_variants,,26.10375447199999,independent_pmx_extraction_process,compose_post,,,,,
v3-main-771601/deathstarbench_social_network/colocated/ND/2,pmx,1,PMX_shared_variants,,22.632942682999996,independent_pmx_extraction_process,read_home_timeline,,,,,
v3-main-771601/deathstarbench_social_network/colocated/ND/2,pmx,1,PMX_shared_variants,,22.582868434000005,independent_pmx_extraction_process,read_user_timeline,,,,,
v3-main-771601/deathstarbench_social_network/colocated/ND/3,acquisition,1,shared_acquisition,True,2060.15726739,acquisition_and_export_process_total,,,,,,
v3-main-771601/deathstarbench_social_network/colocated/ND/3,acquisition,1,shared_native_pool,,2.1140393979999317,native_parse,,,,,,
v3-main-771601/deathstarbench_social_network/colocated/ND/3,graph,1,B0,,0.005894202000000348,identification,,,,,,
v3-main-771601/deathstarbench_social_network/colocated/ND/3,graph,1,shared_graph_family,,0.7093753030000016,extraction,compose_post,,,,,
v3-main-771601/deathstarbench_social_network/colocated/ND/3,graph,1,shared_graph_family,,0.0060388719999977525,identification,compose_post,,,,,
v3-main-771601/deathstarbench_social_network/colocated/ND/3,graph,1,shared_graph_family,,0.0014084410000023695,solve,compose_post,,,,,
v3-main-771601/deathstarbench_social_network/colocated/ND/3,graph,1,G0,,0.0005836910000027729,identification,compose_post,,,,,
v3-main-771601/deathstarbench_social_network/colocated/ND/3,graph,1,G0,,0.00010001700000117353,solve,compose_post,,,,,
v3-main-771601/deathstarbench_social_network/colocated/ND/3,graph,1,shared_graph_family,,0.14097049700000497,extraction,read_home_timeline,,,,,
v3-main-771601/deathstarbench_social_network/colocated/ND/3,graph,1,shared_graph_family,,0.002768191000001252,identification,read_home_timeline,,,,,
v3-main-771601/deathstarbench_social_network/colocated/ND/3,graph,1,shared_graph_family,,0.000182510999998442,solve,read_home_timeline,,,,,
v3-main-771601/deathstarbench_social_network/colocated/ND/3,graph,1,G0,,0.00016868499999844744,identification,read_home_timeline,,,,,
v3-main-771601/deathstarbench_social_network/colocated/ND/3,graph,1,G0,,5.274899999818672e-05,solve,read_home_timeline,,,,,
v3-main-771601/deathstarbench_social_network/colocated/ND/3,graph,1,shared_graph_family,,0.15427468099999686,extraction,read_user_timeline,,,,,
v3-main-771601/deathstarbench_social_network/colocated/ND/3,graph,1,shared_graph_family,,0.00478802499999631,identification,read_user_timeline,,,,,
v3-main-771601/deathstarbench_social_network/colocated/ND/3,graph,1,shared_graph_family,,0.0010259270000005927,solve,read_user_timeline,,,,,
v3-main-771601/deathstarbench_social_network/colocated/ND/3,graph,1,G0,,0.00031750299999799836,identification,read_user_timeline,,,,,
v3-main-771601/deathstarbench_social_network/colocated/ND/3,graph,1,G0,,9.19020000011983e-05,solve,read_user_timeline,,,,,
v3-main-771601/deathstarbench_social_network/colocated/ND/3,pmx,1,PMX_shared_variants,,6.514982197000009,native_projection,compose_post,,,,,
v3-main-771601/deathstarbench_social_network/colocated/ND/3,pmx,1,PMX_shared_variants,,2.066058784000006,native_projection,read_home_timeline,,,,,
v3-main-771601/deathstarbench_social_network/colocated/ND/3,pmx,1,PMX_shared_variants,,2.0913993709999943,native_projection,read_user_timeline,,,,,
v3-main-771601/deathstarbench_social_network/colocated/ND/3,pmx,1,PMX_shared_variants,,11.31468919000001,input_and_projection_process_total,,True,,,,
v3-main-771601/deathstarbench_social_network/colocated/ND/3,pmx,1,PMX_shared_variants,,8.19,derived_binary_build,,,javac 11.0.32,2322880b6447754528e201553bc4e2fac00334b7d6f3ac202cfe1e3742bbbcc6,True,"{""maximum_rss_bytes"": 228069376.0, ""path"": ""build-resource-usage.txt"", ""system_seconds"": 0.38, ""user_seconds"": 6.81, ""wall_seconds"": 8.19}"
v3-main-771601/deathstarbench_social_network/colocated/ND/3,pmx,1,PMX_shared_variants,,26.24841475400001,independent_pmx_extraction_process,compose_post,,,,,
v3-main-771601/deathstarbench_social_network/colocated/ND/3,pmx,1,PMX_shared_variants,,22.782645546999987,independent_pmx_extraction_process,read_home_timeline,,,,,
v3-main-771601/deathstarbench_social_network/colocated/ND/3,pmx,1,PMX_shared_variants,,22.878785375000007,independent_pmx_extraction_process,read_user_timeline,,,,,
v3-main-771601/deathstarbench_social_network/colocated/ND/4,acquisition,1,shared_acquisition,True,2060.375811816,acquisition_and_export_process_total,,,,,,
v3-main-771601/deathstarbench_social_network/colocated/ND/4,acquisition,1,shared_native_pool,,2.1801818700000695,native_parse,,,,,,
v3-main-771601/deathstarbench_social_network/colocated/ND/4,graph,1,B0,,0.0034730550000006133,identification,,,,,,
v3-main-771601/deathstarbench_social_network/colocated/ND/4,graph,1,shared_graph_family,,0.4096700660000039,extraction,compose_post,,,,,
v3-main-771601/deathstarbench_social_network/colocated/ND/4,graph,1,shared_graph_family,,0.0037325090000024375,identification,compose_post,,,,,
v3-main-771601/deathstarbench_social_network/colocated/ND/4,graph,1,shared_graph_family,,0.0007590360000051533,solve,compose_post,,,,,
v3-main-771601/deathstarbench_social_network/colocated/ND/4,graph,1,G0,,0.00035542599999871527,identification,compose_post,,,,,
v3-main-771601/deathstarbench_social_network/colocated/ND/4,graph,1,G0,,9.005500000114353e-05,solve,compose_post,,,,,
v3-main-771601/deathstarbench_social_network/colocated/ND/4,graph,1,shared_graph_family,,0.08246404199999802,extraction,read_home_timeline,,,,,
v3-main-771601/deathstarbench_social_network/colocated/ND/4,graph,1,shared_graph_family,,0.001624876999997582,identification,read_home_timeline,,,,,
v3-main-771601/deathstarbench_social_network/colocated/ND/4,graph,1,shared_graph_family,,0.00011892399999169356,solve,read_home_timeline,,,,,
v3-main-771601/deathstarbench_social_network/colocated/ND/4,graph,1,G0,,0.0001120430000014494,identification,read_home_timeline,,,,,
v3-main-771601/deathstarbench_social_network/colocated/ND/4,graph,1,G0,,5.4961000003572735e-05,solve,read_home_timeline,,,,,
v3-main-771601/deathstarbench_social_network/colocated/ND/4,graph,1,shared_graph_family,,0.08819445899999323,extraction,read_user_timeline,,,,,
v3-main-771601/deathstarbench_social_network/colocated/ND/4,graph,1,shared_graph_family,,0.0025897170000064307,identification,read_user_timeline,,,,,
v3-main-771601/deathstarbench_social_network/colocated/ND/4,graph,1,shared_graph_family,,0.00046742399999288864,solve,read_user_timeline,,,,,
v3-main-771601/deathstarbench_social_network/colocated/ND/4,graph,1,G0,,0.00011326800000688309,identification,read_user_timeline,,,,,
v3-main-771601/deathstarbench_social_network/colocated/ND/4,graph,1,G0,,5.667899999650672e-05,solve,read_user_timeline,,,,,
v3-main-771601/deathstarbench_social_network/colocated/ND/4,pmx,1,PMX_shared_variants,,6.902003773999979,native_projection,compose_post,,,,,
v3-main-771601/deathstarbench_social_network/colocated/ND/4,pmx,1,PMX_shared_variants,,2.1940394039999944,native_projection,read_home_timeline,,,,,
v3-main-771601/deathstarbench_social_network/colocated/ND/4,pmx,1,PMX_shared_variants,,2.2230295580000075,native_projection,read_user_timeline,,,,,
v3-main-771601/deathstarbench_social_network/colocated/ND/4,pmx,1,PMX_shared_variants,,12.014201710999998,input_and_projection_process_total,,True,,,,
v3-main-771601/deathstarbench_social_network/colocated/ND/4,pmx,1,PMX_shared_variants,,11.18,derived_binary_build,,,javac 11.0.32,2322880b6447754528e201553bc4e2fac00334b7d6f3ac202cfe1e3742bbbcc6,True,"{""maximum_rss_bytes"": 227545088.0, ""path"": ""build-resource-usage.txt"", ""system_seconds"": 0.38, ""user_seconds"": 7.18, ""wall_seconds"": 11.18}"
v3-main-771601/deathstarbench_social_network/colocated/ND/4,pmx,1,PMX_shared_variants,,29.119903282999985,independent_pmx_extraction_process,compose_post,,,,,
v3-main-771601/deathstarbench_social_network/colocated/ND/4,pmx,1,PMX_shared_variants,,23.18220279199997,independent_pmx_extraction_process,read_home_timeline,,,,,
v3-main-771601/deathstarbench_social_network/colocated/ND/4,pmx,1,PMX_shared_variants,,23.487109757999974,independent_pmx_extraction_process,read_user_timeline,,,,,
v3-main-771601/deathstarbench_social_network/colocated/ND/5,acquisition,1,shared_acquisition,True,2057.325355468,acquisition_and_export_process_total,,,,,,
v3-main-771601/deathstarbench_social_network/colocated/ND/5,acquisition,1,shared_native_pool,,1.4276992100003554,native_parse,,,,,,
v3-main-771601/deathstarbench_social_network/colocated/ND/5,graph,1,B0,,0.0060217399999942245,identification,,,,,,
v3-main-771601/deathstarbench_social_network/colocated/ND/5,graph,1,shared_graph_family,,0.6807294729999995,extraction,compose_post,,,,,
v3-main-771601/deathstarbench_social_network/colocated/ND/5,graph,1,shared_graph_family,,0.006162340999992466,identification,compose_post,,,,,
v3-main-771601/deathstarbench_social_network/colocated/ND/5,graph,1,shared_graph_family,,0.0013407389999997577,solve,compose_post,,,,,
v3-main-771601/deathstarbench_social_network/colocated/ND/5,graph,1,G0,,0.0005745809999950779,identification,compose_post,,,,,
v3-main-771601/deathstarbench_social_network/colocated/ND/5,graph,1,G0,,0.00010204300001248612,solve,compose_post,,,,,
v3-main-771601/deathstarbench_social_network/colocated/ND/5,graph,1,shared_graph_family,,0.1270134119999966,extraction,read_home_timeline,,,,,
v3-main-771601/deathstarbench_social_network/colocated/ND/5,graph,1,shared_graph_family,,0.0028192040000050156,identification,read_home_timeline,,,,,
v3-main-771601/deathstarbench_social_network/colocated/ND/5,graph,1,shared_graph_family,,0.00018402599999944869,solve,read_home_timeline,,,,,
v3-main-771601/deathstarbench_social_network/colocated/ND/5,graph,1,G0,,0.00016703000000006796,identification,read_home_timeline,,,,,
v3-main-771601/deathstarbench_social_network/colocated/ND/5,graph,1,G0,,5.853800000465981e-05,solve,read_home_timeline,,,,,
v3-main-771601/deathstarbench_social_network/colocated/ND/5,graph,1,shared_graph_family,,0.13512691599999016,extraction,read_user_timeline,,,,,
v3-main-771601/deathstarbench_social_network/colocated/ND/5,graph,1,shared_graph_family,,0.0038512389999993957,identification,read_user_timeline,,,,,
v3-main-771601/deathstarbench_social_network/colocated/ND/5,graph,1,shared_graph_family,,0.0007325979999990295,solve,read_user_timeline,,,,,
v3-main-771601/deathstarbench_social_network/colocated/ND/5,graph,1,G0,,0.00017520199999410124,identification,read_user_timeline,,,,,
v3-main-771601/deathstarbench_social_network/colocated/ND/5,graph,1,G0,,6.427600000336042e-05,solve,read_user_timeline,,,,,
v3-main-771601/deathstarbench_social_network/colocated/ND/5,pmx,1,PMX_shared_variants,,3.703557262000004,native_projection,compose_post,,,,,
v3-main-771601/deathstarbench_social_network/colocated/ND/5,pmx,1,PMX_shared_variants,,1.1562755089999825,native_projection,read_home_timeline,,,,,
v3-main-771601/deathstarbench_social_network/colocated/ND/5,pmx,1,PMX_shared_variants,,1.205139671000012,native_projection,read_user_timeline,,,,,
v3-main-771601/deathstarbench_social_network/colocated/ND/5,pmx,1,PMX_shared_variants,,6.493104928000008,input_and_projection_process_total,,True,,,,
v3-main-771601/deathstarbench_social_network/colocated/ND/5,pmx,1,PMX_shared_variants,,5.99,derived_binary_build,,,javac 11.0.32,2322880b6447754528e201553bc4e2fac00334b7d6f3ac202cfe1e3742bbbcc6,True,"{""maximum_rss_bytes"": 225742848.0, ""path"": ""build-resource-usage.txt"", ""system_seconds"": 0.26, ""user_seconds"": 5.27, ""wall_seconds"": 5.99}"
v3-main-771601/deathstarbench_social_network/colocated/ND/5,pmx,1,PMX_shared_variants,,28.500370740999983,independent_pmx_extraction_process,compose_post,,,,,
v3-main-771601/deathstarbench_social_network/colocated/ND/5,pmx,1,PMX_shared_variants,,22.487110575000003,independent_pmx_extraction_process,read_home_timeline,,,,,
v3-main-771601/deathstarbench_social_network/colocated/ND/5,pmx,1,PMX_shared_variants,,22.381292536000018,independent_pmx_extraction_process,read_user_timeline,,,,,
v3-main-771601/deathstarbench_social_network/colocated/ND/6,acquisition,1,shared_acquisition,True,2057.4803361649997,acquisition_and_export_process_total,,,,,,
v3-main-771601/deathstarbench_social_network/colocated/ND/6,acquisition,1,shared_native_pool,,1.4873606520000067,native_parse,,,,,,
v3-main-771601/deathstarbench_social_network/colocated/ND/6,graph,1,B0,,0.006035482000015691,identification,,,,,,
v3-main-771601/deathstarbench_social_network/colocated/ND/6,graph,1,shared_graph_family,,0.6845673809999937,extraction,compose_post,,,,,
v3-main-771601/deathstarbench_social_network/colocated/ND/6,graph,1,shared_graph_family,,0.006009411999997383,identification,compose_post,,,,,
v3-main-771601/deathstarbench_social_network/colocated/ND/6,graph,1,shared_graph_family,,0.0014331379999816818,solve,compose_post,,,,,
v3-main-771601/deathstarbench_social_network/colocated/ND/6,graph,1,G0,,0.0005495749999795407,identification,compose_post,,,,,
v3-main-771601/deathstarbench_social_network/colocated/ND/6,graph,1,G0,,9.663200000886718e-05,solve,compose_post,,,,,
v3-main-771601/deathstarbench_social_network/colocated/ND/6,graph,1,shared_graph_family,,0.13640513199999305,extraction,read_home_timeline,,,,,
v3-main-771601/deathstarbench_social_network/colocated/ND/6,graph,1,shared_graph_family,,0.0027549769999950513,identification,read_home_timeline,,,,,
v3-main-771601/deathstarbench_social_network/colocated/ND/6,graph,1,shared_graph_family,,0.0001753499999779251,solve,read_home_timeline,,,,,
v3-main-771601/deathstarbench_social_network/colocated/ND/6,graph,1,G0,,0.0001621150000232774,identification,read_home_timeline,,,,,
v3-main-771601/deathstarbench_social_network/colocated/ND/6,graph,1,G0,,5.1036000002113724e-05,solve,read_home_timeline,,,,,
v3-main-771601/deathstarbench_social_network/colocated/ND/6,graph,1,shared_graph_family,,0.14714673099999231,extraction,read_user_timeline,,,,,
v3-main-771601/deathstarbench_social_network/colocated/ND/6,graph,1,shared_graph_family,,0.0036343219999821486,identification,read_user_timeline,,,,,
v3-main-771601/deathstarbench_social_network/colocated/ND/6,graph,1,shared_graph_family,,0.0007400329999995847,solve,read_user_timeline,,,,,
v3-main-771601/deathstarbench_social_network/colocated/ND/6,graph,1,G0,,0.00017159300000457733,identification,read_user_timeline,,,,,
v3-main-771601/deathstarbench_social_network/colocated/ND/6,graph,1,G0,,5.767799999034651e-05,solve,read_user_timeline,,,,,
v3-main-771601/deathstarbench_social_network/colocated/ND/6,pmx,1,PMX_shared_variants,,6.759580872000001,native_projection,compose_post,,,,,
v3-main-771601/deathstarbench_social_network/colocated/ND/6,pmx,1,PMX_shared_variants,,2.1710843369999964,native_projection,read_home_timeline,,,,,
v3-main-771601/deathstarbench_social_network/colocated/ND/6,pmx,1,PMX_shared_variants,,2.191052708000001,native_projection,read_user_timeline,,,,,
v3-main-771601/deathstarbench_social_network/colocated/ND/6,pmx,1,PMX_shared_variants,,11.774926476000005,input_and_projection_process_total,,True,,,,
v3-main-771601/deathstarbench_social_network/colocated/ND/6,pmx,1,PMX_shared_variants,,7.62,derived_binary_build,,,javac 11.0.32,2322880b6447754528e201553bc4e2fac00334b7d6f3ac202cfe1e3742bbbcc6,True,"{""maximum_rss_bytes"": 227704832.0, ""path"": ""build-resource-usage.txt"", ""system_seconds"": 0.36, ""user_seconds"": 7.09, ""wall_seconds"": 7.62}"
v3-main-771601/deathstarbench_social_network/colocated/ND/6,pmx,1,PMX_shared_variants,,27.651823250999996,independent_pmx_extraction_process,compose_post,,,,,
v3-main-771601/deathstarbench_social_network/colocated/ND/6,pmx,1,PMX_shared_variants,,23.131655228,independent_pmx_extraction_process,read_home_timeline,,,,,
v3-main-771601/deathstarbench_social_network/colocated/ND/6,pmx,1,PMX_shared_variants,,22.981373897999987,independent_pmx_extraction_process,read_user_timeline,,,,,
v3-main-771601/deathstarbench_social_network/colocated/ND/7,acquisition,1,shared_acquisition,True,2057.78650719,acquisition_and_export_process_total,,,,,,
v3-main-771601/deathstarbench_social_network/colocated/ND/7,acquisition,1,shared_native_pool,,1.5795596200000546,native_parse,,,,,,
v3-main-771601/deathstarbench_social_network/colocated/ND/7,graph,1,B0,,0.0060597449999590935,identification,,,,,,
v3-main-771601/deathstarbench_social_network/colocated/ND/7,graph,1,shared_graph_family,,0.688762349000001,extraction,compose_post,,,,,
v3-main-771601/deathstarbench_social_network/colocated/ND/7,graph,1,shared_graph_family,,0.005932296999958453,identification,compose_post,,,,,
v3-main-771601/deathstarbench_social_network/colocated/ND/7,graph,1,shared_graph_family,,0.001377970000021378,solve,compose_post,,,,,
v3-main-771601/deathstarbench_social_network/colocated/ND/7,graph,1,G0,,0.0005777320000106556,identification,compose_post,,,,,
v3-main-771601/deathstarbench_social_network/colocated/ND/7,graph,1,G0,,9.269399998856898e-05,solve,compose_post,,,,,
v3-main-771601/deathstarbench_social_network/colocated/ND/7,graph,1,shared_graph_family,,0.13780930799998714,extraction,read_home_timeline,,,,,
v3-main-771601/deathstarbench_social_network/colocated/ND/7,graph,1,shared_graph_family,,0.002762762000031671,identification,read_home_timeline,,,,,
v3-main-771601/deathstarbench_social_network/colocated/ND/7,graph,1,shared_graph_family,,0.00016839500000287444,solve,read_home_timeline,,,,,
v3-main-771601/deathstarbench_social_network/colocated/ND/7,graph,1,G0,,0.00016392600002745894,identification,read_home_timeline,,,,,
v3-main-771601/deathstarbench_social_network/colocated/ND/7,graph,1,G0,,4.86719999912566e-05,solve,read_home_timeline,,,,,
v3-main-771601/deathstarbench_social_network/colocated/ND/7,graph,1,shared_graph_family,,0.14826281000000563,extraction,read_user_timeline,,,,,
v3-main-771601/deathstarbench_social_network/colocated/ND/7,graph,1,shared_graph_family,,0.003536010000004808,identification,read_user_timeline,,,,,
v3-main-771601/deathstarbench_social_network/colocated/ND/7,graph,1,shared_graph_family,,0.0007173230000034891,solve,read_user_timeline,,,,,
v3-main-771601/deathstarbench_social_network/colocated/ND/7,graph,1,G0,,0.00018956500002786925,identification,read_user_timeline,,,,,
v3-main-771601/deathstarbench_social_network/colocated/ND/7,graph,1,G0,,5.275899997059241e-05,solve,read_user_timeline,,,,,
v3-main-771601/deathstarbench_social_network/colocated/ND/7,pmx,1,PMX_shared_variants,,6.558530089999991,native_projection,compose_post,,,,,
v3-main-771601/deathstarbench_social_network/colocated/ND/7,pmx,1,PMX_shared_variants,,2.1011628569999914,native_projection,read_home_timeline,,,,,
v3-main-771601/deathstarbench_social_network/colocated/ND/7,pmx,1,PMX_shared_variants,,2.11256932900001,native_projection,read_user_timeline,,,,,
v3-main-771601/deathstarbench_social_network/colocated/ND/7,pmx,1,PMX_shared_variants,,11.376559807999996,input_and_projection_process_total,,True,,,,
v3-main-771601/deathstarbench_social_network/colocated/ND/7,pmx,1,PMX_shared_variants,,11.8,derived_binary_build,,,javac 11.0.32,2322880b6447754528e201553bc4e2fac00334b7d6f3ac202cfe1e3742bbbcc6,True,"{""maximum_rss_bytes"": 227758080.0, ""path"": ""build-resource-usage.txt"", ""system_seconds"": 0.3, ""user_seconds"": 6.8, ""wall_seconds"": 11.8}"
v3-main-771601/deathstarbench_social_network/colocated/ND/7,pmx,1,PMX_shared_variants,,27.498127444000005,independent_pmx_extraction_process,compose_post,,,,,
v3-main-771601/deathstarbench_social_network/colocated/ND/7,pmx,1,PMX_shared_variants,,23.033092661999987,independent_pmx_extraction_process,read_home_timeline,,,,,
v3-main-771601/deathstarbench_social_network/colocated/ND/7,pmx,1,PMX_shared_variants,,23.029890889,independent_pmx_extraction_process,read_user_timeline,,,,,
v3-main-771601/deathstarbench_social_network/colocated/ND/8,acquisition,1,shared_acquisition,True,2059.169925006,acquisition_and_export_process_total,,,,,,
v3-main-771601/deathstarbench_social_network/colocated/ND/8,acquisition,1,shared_native_pool,,1.9849330140000347,native_parse,,,,,,
v3-main-771601/deathstarbench_social_network/colocated/ND/8,graph,1,B0,,0.006143209999997623,identification,,,,,,
v3-main-771601/deathstarbench_social_network/colocated/ND/8,graph,1,shared_graph_family,,0.6951522990000001,extraction,compose_post,,,,,
v3-main-771601/deathstarbench_social_network/colocated/ND/8,graph,1,shared_graph_family,,0.006022636999993836,identification,compose_post,,,,,
v3-main-771601/deathstarbench_social_network/colocated/ND/8,graph,1,shared_graph_family,,0.0014098870000012198,solve,compose_post,,,,,
v3-main-771601/deathstarbench_social_network/colocated/ND/8,graph,1,G0,,0.0006016470000034246,identification,compose_post,,,,,
v3-main-771601/deathstarbench_social_network/colocated/ND/8,graph,1,G0,,0.00010321100000254546,solve,compose_post,,,,,
v3-main-771601/deathstarbench_social_network/colocated/ND/8,graph,1,shared_graph_family,,0.13931111400000162,extraction,read_home_timeline,,,,,
v3-main-771601/deathstarbench_social_network/colocated/ND/8,graph,1,shared_graph_family,,0.0028219780000000583,identification,read_home_timeline,,,,,
v3-main-771601/deathstarbench_social_network/colocated/ND/8,graph,1,shared_graph_family,,0.00017943099999939705,solve,read_home_timeline,,,,,
v3-main-771601/deathstarbench_social_network/colocated/ND/8,graph,1,G0,,0.00017499199999804205,identification,read_home_timeline,,,,,
v3-main-771601/deathstarbench_social_network/colocated/ND/8,graph,1,G0,,5.8834999997259274e-05,solve,read_home_timeline,,,,,
v3-main-771601/deathstarbench_social_network/colocated/ND/8,graph,1,shared_graph_family,,0.14903028899999526,extraction,read_user_timeline,,,,,
v3-main-771601/deathstarbench_social_network/colocated/ND/8,graph,1,shared_graph_family,,0.004504017000002136,identification,read_user_timeline,,,,,
v3-main-771601/deathstarbench_social_network/colocated/ND/8,graph,1,shared_graph_family,,0.000736469999999656,solve,read_user_timeline,,,,,
v3-main-771601/deathstarbench_social_network/colocated/ND/8,graph,1,G0,,0.00017880900000477595,identification,read_user_timeline,,,,,
v3-main-771601/deathstarbench_social_network/colocated/ND/8,graph,1,G0,,5.740299999956733e-05,solve,read_user_timeline,,,,,
v3-main-771601/deathstarbench_social_network/colocated/ND/8,pmx,1,PMX_shared_variants,,5.286800705000019,native_projection,compose_post,,,,,
v3-main-771601/deathstarbench_social_network/colocated/ND/8,pmx,1,PMX_shared_variants,,1.667708538999932,native_projection,read_home_timeline,,,,,
v3-main-771601/deathstarbench_social_network/colocated/ND/8,pmx,1,PMX_shared_variants,,1.6489790750000566,native_projection,read_user_timeline,,,,,
v3-main-771601/deathstarbench_social_network/colocated/ND/8,pmx,1,PMX_shared_variants,,9.098162711999976,input_and_projection_process_total,,True,,,,
v3-main-771601/deathstarbench_social_network/colocated/ND/8,pmx,1,PMX_shared_variants,,10.01,derived_binary_build,,,javac 11.0.32,2322880b6447754528e201553bc4e2fac00334b7d6f3ac202cfe1e3742bbbcc6,True,"{""maximum_rss_bytes"": 225579008.0, ""path"": ""build-resource-usage.txt"", ""system_seconds"": 0.27, ""user_seconds"": 5.54, ""wall_seconds"": 10.01}"
v3-main-771601/deathstarbench_social_network/colocated/ND/8,pmx,1,PMX_shared_variants,,26.747202724999966,independent_pmx_extraction_process,compose_post,,,,,
v3-main-771601/deathstarbench_social_network/colocated/ND/8,pmx,1,PMX_shared_variants,,22.126292550000016,independent_pmx_extraction_process,read_home_timeline,,,,,
v3-main-771601/deathstarbench_social_network/colocated/ND/8,pmx,1,PMX_shared_variants,,22.23102088400003,independent_pmx_extraction_process,read_user_timeline,,,,,
v3-main-771601/deathstarbench_social_network/colocated/ND/9,acquisition,1,shared_acquisition,True,2059.795275987,acquisition_and_export_process_total,,,,,,
v3-main-771601/deathstarbench_social_network/colocated/ND/9,acquisition,1,shared_native_pool,,2.1469414030002554,native_parse,,,,,,
v3-main-771601/deathstarbench_social_network/colocated/ND/9,graph,1,B0,,0.0056321289999985424,identification,,,,,,
v3-main-771601/deathstarbench_social_network/colocated/ND/9,graph,1,shared_graph_family,,0.6622593260000045,extraction,compose_post,,,,,
v3-main-771601/deathstarbench_social_network/colocated/ND/9,graph,1,shared_graph_family,,0.006232187000001943,identification,compose_post,,,,,
v3-main-771601/deathstarbench_social_network/colocated/ND/9,graph,1,shared_graph_family,,0.0013820539999969128,solve,compose_post,,,,,
v3-main-771601/deathstarbench_social_network/colocated/ND/9,graph,1,G0,,0.0005837129999974877,identification,compose_post,,,,,
v3-main-771601/deathstarbench_social_network/colocated/ND/9,graph,1,G0,,9.754399999906127e-05,solve,compose_post,,,,,
v3-main-771601/deathstarbench_social_network/colocated/ND/9,graph,1,shared_graph_family,,0.12686015999999967,extraction,read_home_timeline,,,,,
v3-main-771601/deathstarbench_social_network/colocated/ND/9,graph,1,shared_graph_family,,0.0027577880000038135,identification,read_home_timeline,,,,,
v3-main-771601/deathstarbench_social_network/colocated/ND/9,graph,1,shared_graph_family,,0.00020109700000148223,solve,read_home_timeline,,,,,
v3-main-771601/deathstarbench_social_network/colocated/ND/9,graph,1,G0,,0.0001654139999942572,identification,read_home_timeline,,,,,
v3-main-771601/deathstarbench_social_network/colocated/ND/9,graph,1,G0,,5.344899999926156e-05,solve,read_home_timeline,,,,,
v3-main-771601/deathstarbench_social_network/colocated/ND/9,graph,1,shared_graph_family,,0.13668993699999987,extraction,read_user_timeline,,,,,
v3-main-771601/deathstarbench_social_network/colocated/ND/9,graph,1,shared_graph_family,,0.0036171599999974546,identification,read_user_timeline,,,,,
v3-main-771601/deathstarbench_social_network/colocated/ND/9,graph,1,shared_graph_family,,0.000731861999994976,solve,read_user_timeline,,,,,
v3-main-771601/deathstarbench_social_network/colocated/ND/9,graph,1,G0,,0.00016978099999676033,identification,read_user_timeline,,,,,
v3-main-771601/deathstarbench_social_network/colocated/ND/9,graph,1,G0,,5.9086999996793566e-05,solve,read_user_timeline,,,,,
v3-main-771601/deathstarbench_social_network/colocated/ND/9,pmx,1,PMX_shared_variants,,7.639967047999988,native_projection,compose_post,,,,,
v3-main-771601/deathstarbench_social_network/colocated/ND/9,pmx,1,PMX_shared_variants,,2.342633629000005,native_projection,read_home_timeline,,,,,
v3-main-771601/deathstarbench_social_network/colocated/ND/9,pmx,1,PMX_shared_variants,,2.3675182720000123,native_projection,read_user_timeline,,,,,
v3-main-771601/deathstarbench_social_network/colocated/ND/9,pmx,1,PMX_shared_variants,,13.11512544499999,input_and_projection_process_total,,True,,,,
v3-main-771601/deathstarbench_social_network/colocated/ND/9,pmx,1,PMX_shared_variants,,7.67,derived_binary_build,,,javac 11.0.32,2322880b6447754528e201553bc4e2fac00334b7d6f3ac202cfe1e3742bbbcc6,True,"{""maximum_rss_bytes"": 227897344.0, ""path"": ""build-resource-usage.txt"", ""system_seconds"": 0.39, ""user_seconds"": 7.93, ""wall_seconds"": 7.67}"
v3-main-771601/deathstarbench_social_network/colocated/ND/9,pmx,1,PMX_shared_variants,,26.402186045999997,independent_pmx_extraction_process,compose_post,,,,,
v3-main-771601/deathstarbench_social_network/colocated/ND/9,pmx,1,PMX_shared_variants,,23.239127740999976,independent_pmx_extraction_process,read_home_timeline,,,,,
v3-main-771601/deathstarbench_social_network/colocated/ND/9,pmx,1,PMX_shared_variants,,23.19163290999998,independent_pmx_extraction_process,read_user_timeline,,,,,
v3-main-771601/deathstarbench_social_network/colocated/NCD/0,acquisition,1,shared_acquisition,True,2058.9986895909997,acquisition_and_export_process_total,,,,,,
v3-main-771601/deathstarbench_social_network/colocated/NCD/0,acquisition,1,shared_native_pool,,1.9252377590000833,native_parse,,,,,,
v3-main-771601/deathstarbench_social_network/colocated/NCD/0,graph,1,B0,,0.004239460999997391,identification,,,,,,
v3-main-771601/deathstarbench_social_network/colocated/NCD/0,graph,1,shared_graph_family,,0.08960665200000051,extraction,read_home_timeline,,,,,
v3-main-771601/deathstarbench_social_network/colocated/NCD/0,graph,1,shared_graph_family,,0.0020114259999957085,identification,read_home_timeline,,,,,
v3-main-771601/deathstarbench_social_network/colocated/NCD/0,graph,1,shared_graph_family,,0.0001894540000009215,solve,read_home_timeline,,,,,
v3-main-771601/deathstarbench_social_network/colocated/NCD/0,graph,1,G0,,0.00014181599999574246,identification,read_home_timeline,,,,,
v3-main-771601/deathstarbench_social_network/colocated/NCD/0,graph,1,G0,,6.640700000559718e-05,solve,read_home_timeline,,,,,
v3-main-771601/deathstarbench_social_network/colocated/NCD/0,pmx,1,PMX_shared_variants,,6.826926523999987,native_projection,compose_post,,,,,
v3-main-771601/deathstarbench_social_network/colocated/NCD/0,pmx,1,PMX_shared_variants,,2.190142097000006,native_projection,read_home_timeline,,,,,
v3-main-771601/deathstarbench_social_network/colocated/NCD/0,pmx,1,PMX_shared_variants,,2.124757082000002,native_projection,read_user_timeline,,,,,
v3-main-771601/deathstarbench_social_network/colocated/NCD/0,pmx,1,PMX_shared_variants,,11.777093065999992,input_and_projection_process_total,,True,,,,
v3-main-771601/deathstarbench_social_network/colocated/NCD/0,pmx,1,PMX_shared_variants,,8.99,derived_binary_build,,,javac 11.0.32,2322880b6447754528e201553bc4e2fac00334b7d6f3ac202cfe1e3742bbbcc6,True,"{""maximum_rss_bytes"": 227733504.0, ""path"": ""build-resource-usage.txt"", ""system_seconds"": 0.35, ""user_seconds"": 7.02, ""wall_seconds"": 8.99}"
v3-main-771601/deathstarbench_social_network/colocated/NCD/0,pmx,1,PMX_shared_variants,,27.25190489000002,independent_pmx_extraction_process,compose_post,,,,,
v3-main-771601/deathstarbench_social_network/colocated/NCD/0,pmx,1,PMX_shared_variants,,23.086275433999987,independent_pmx_extraction_process,read_home_timeline,,,,,
v3-main-771601/deathstarbench_social_network/colocated/NCD/0,pmx,1,PMX_shared_variants,,23.13542517999997,independent_pmx_extraction_process,read_user_timeline,,,,,
v3-main-771601/deathstarbench_social_network/colocated/NCD/1,acquisition,1,shared_acquisition,True,2059.469276539,acquisition_and_export_process_total,,,,,,
v3-main-771601/deathstarbench_social_network/colocated/NCD/1,acquisition,1,shared_native_pool,,2.146159045999866,native_parse,,,,,,
v3-main-771601/deathstarbench_social_network/colocated/NCD/1,graph,1,B0,,0.005877317999988918,identification,,,,,,
v3-main-771601/deathstarbench_social_network/colocated/NCD/1,graph,1,shared_graph_family,,0.6834704900000048,extraction,compose_post,,,,,
v3-main-771601/deathstarbench_social_network/colocated/NCD/1,graph,1,shared_graph_family,,0.006104905999990251,identification,compose_post,,,,,
v3-main-771601/deathstarbench_social_network/colocated/NCD/1,graph,1,shared_graph_family,,0.0060635180000048194,solve,compose_post,,,,,
v3-main-771601/deathstarbench_social_network/colocated/NCD/1,graph,1,G0,,0.0006449420000080863,identification,compose_post,,,,,
v3-main-771601/deathstarbench_social_network/colocated/NCD/1,graph,1,G0,,0.0001356949999973267,solve,compose_post,,,,,
v3-main-771601/deathstarbench_social_network/colocated/NCD/1,graph,1,shared_graph_family,,0.13920220699999675,extraction,read_home_timeline,,,,,
v3-main-771601/deathstarbench_social_network/colocated/NCD/1,graph,1,shared_graph_family,,0.0027462970000016185,identification,read_home_timeline,,,,,
v3-main-771601/deathstarbench_social_network/colocated/NCD/1,graph,1,shared_graph_family,,0.00018860400000164645,solve,read_home_timeline,,,,,
v3-main-771601/deathstarbench_social_network/colocated/NCD/1,graph,1,G0,,0.00016162300001099084,identification,read_home_timeline,,,,,
v3-main-771601/deathstarbench_social_network/colocated/NCD/1,graph,1,G0,,5.8358999993401994e-05,solve,read_home_timeline,,,,,
v3-main-771601/deathstarbench_social_network/colocated/NCD/1,pmx,1,PMX_shared_variants,,6.226987038999994,native_projection,compose_post,,,,,
v3-main-771601/deathstarbench_social_network/colocated/NCD/1,pmx,1,PMX_shared_variants,,2.091136724999984,native_projection,read_home_timeline,,,,,
v3-main-771601/deathstarbench_social_network/colocated/NCD/1,pmx,1,PMX_shared_variants,,1.9362539579999805,native_projection,read_user_timeline,,,,,
v3-main-771601/deathstarbench_social_network/colocated/NCD/1,pmx,1,PMX_shared_variants,,10.853802387000002,input_and_projection_process_total,,True,,,,
v3-main-771601/deathstarbench_social_network/colocated/NCD/1,pmx,1,PMX_shared_variants,,5.04,derived_binary_build,,,javac 11.0.32,2322880b6447754528e201553bc4e2fac00334b7d6f3ac202cfe1e3742bbbcc6,True,"{""maximum_rss_bytes"": 227557376.0, ""path"": ""build-resource-usage.txt"", ""system_seconds"": 0.31, ""user_seconds"": 6.93, ""wall_seconds"": 5.04}"
v3-main-771601/deathstarbench_social_network/colocated/NCD/1,pmx,1,PMX_shared_variants,,26.349863569000007,independent_pmx_extraction_process,compose_post,,,,,
v3-main-771601/deathstarbench_social_network/colocated/NCD/1,pmx,1,PMX_shared_variants,,23.033171659000004,independent_pmx_extraction_process,read_home_timeline,,,,,
v3-main-771601/deathstarbench_social_network/colocated/NCD/1,pmx,1,PMX_shared_variants,,23.031857605,independent_pmx_extraction_process,read_user_timeline,,,,,
v3-main-771601/deathstarbench_social_network/colocated/NCD/2,acquisition,1,shared_acquisition,True,2058.705568625,acquisition_and_export_process_total,,,,,,
v3-main-771601/deathstarbench_social_network/colocated/NCD/2,acquisition,1,shared_native_pool,,1.897599796999657,native_parse,,,,,,
v3-main-771601/deathstarbench_social_network/colocated/NCD/2,graph,1,B0,,0.006123939000019618,identification,,,,,,
v3-main-771601/deathstarbench_social_network/colocated/NCD/2,graph,1,shared_graph_family,,0.6481203609999966,extraction,compose_post,,,,,
v3-main-771601/deathstarbench_social_network/colocated/NCD/2,graph,1,shared_graph_family,,0.006033217999970475,identification,compose_post,,,,,
v3-main-771601/deathstarbench_social_network/colocated/NCD/2,graph,1,shared_graph_family,,0.006388553999954638,solve,compose_post,,,,,
v3-main-771601/deathstarbench_social_network/colocated/NCD/2,graph,1,G0,,0.0005694669999911639,identification,compose_post,,,,,
v3-main-771601/deathstarbench_social_network/colocated/NCD/2,graph,1,G0,,0.00010875300000634525,solve,compose_post,,,,,
v3-main-771601/deathstarbench_social_network/colocated/NCD/2,graph,1,shared_graph_family,,0.1366885919999845,extraction,read_home_timeline,,,,,
v3-main-771601/deathstarbench_social_network/colocated/NCD/2,graph,1,shared_graph_family,,0.0026846619999787436,identification,read_home_timeline,,,,,
v3-main-771601/deathstarbench_social_network/colocated/NCD/2,graph,1,shared_graph_family,,0.00019942300002639968,solve,read_home_timeline,,,,,
v3-main-771601/deathstarbench_social_network/colocated/NCD/2,graph,1,G0,,0.0001574849999883554,identification,read_home_timeline,,,,,
v3-main-771601/deathstarbench_social_network/colocated/NCD/2,graph,1,G0,,5.0203999990117154e-05,solve,read_home_timeline,,,,,
v3-main-771601/deathstarbench_social_network/colocated/NCD/2,pmx,1,PMX_shared_variants,,5.980092316000025,native_projection,compose_post,,,,,
v3-main-771601/deathstarbench_social_network/colocated/NCD/2,pmx,1,PMX_shared_variants,,2.010678337999991,native_projection,read_home_timeline,,,,,
v3-main-771601/deathstarbench_social_network/colocated/NCD/2,pmx,1,PMX_shared_variants,,1.783872298999995,native_projection,read_user_timeline,,,,,
v3-main-771601/deathstarbench_social_network/colocated/NCD/2,pmx,1,PMX_shared_variants,,10.359518347000005,input_and_projection_process_total,,True,,,,
v3-main-771601/deathstarbench_social_network/colocated/NCD/2,pmx,1,PMX_shared_variants,,9.65,derived_binary_build,,,javac 11.0.32,2322880b6447754528e201553bc4e2fac00334b7d6f3ac202cfe1e3742bbbcc6,True,"{""maximum_rss_bytes"": 228253696.0, ""path"": ""build-resource-usage.txt"", ""system_seconds"": 0.35, ""user_seconds"": 7.04, ""wall_seconds"": 9.65}"
v3-main-771601/deathstarbench_social_network/colocated/NCD/2,pmx,1,PMX_shared_variants,,27.499880501000007,independent_pmx_extraction_process,compose_post,,,,,
v3-main-771601/deathstarbench_social_network/colocated/NCD/2,pmx,1,PMX_shared_variants,,22.879579733000014,independent_pmx_extraction_process,read_home_timeline,,,,,
v3-main-771601/deathstarbench_social_network/colocated/NCD/2,pmx,1,PMX_shared_variants,,22.83085557999999,independent_pmx_extraction_process,read_user_timeline,,,,,
v3-main-771601/deathstarbench_social_network/colocated/NCD/3,acquisition,1,shared_acquisition,True,2059.060038087,acquisition_and_export_process_total,,,,,,
v3-main-771601/deathstarbench_social_network/colocated/NCD/3,acquisition,1,shared_native_pool,,1.9784198879997348,native_parse,,,,,,
v3-main-771601/deathstarbench_social_network/colocated/NCD/3,graph,1,B0,,0.006285173000009081,identification,,,,,,
v3-main-771601/deathstarbench_social_network/colocated/NCD/3,graph,1,shared_graph_family,,0.6981220640000032,extraction,compose_post,,,,,
v3-main-771601/deathstarbench_social_network/colocated/NCD/3,graph,1,shared_graph_family,,0.007209434999992936,identification,compose_post,,,,,
v3-main-771601/deathstarbench_social_network/colocated/NCD/3,graph,1,shared_graph_family,,0.006404489000004787,solve,compose_post,,,,,
v3-main-771601/deathstarbench_social_network/colocated/NCD/3,graph,1,G0,,0.0006292569999999387,identification,compose_post,,,,,
v3-main-771601/deathstarbench_social_network/colocated/NCD/3,graph,1,G0,,0.00015191399999991972,solve,compose_post,,,,,
v3-main-771601/deathstarbench_social_network/colocated/NCD/3,graph,1,shared_graph_family,,0.13070337499999596,extraction,read_home_timeline,,,,,
v3-main-771601/deathstarbench_social_network/colocated/NCD/3,graph,1,shared_graph_family,,0.002741931000002751,identification,read_home_timeline,,,,,
v3-main-771601/deathstarbench_social_network/colocated/NCD/3,graph,1,shared_graph_family,,0.0001934249999919757,solve,read_home_timeline,,,,,
v3-main-771601/deathstarbench_social_network/colocated/NCD/3,graph,1,G0,,0.00016665500000101474,identification,read_home_timeline,,,,,
v3-main-771601/deathstarbench_social_network/colocated/NCD/3,graph,1,G0,,5.961699999090797e-05,solve,read_home_timeline,,,,,
v3-main-771601/deathstarbench_social_network/colocated/NCD/3,pmx,1,PMX_shared_variants,,6.345800079,native_projection,compose_post,,,,,
v3-main-771601/deathstarbench_social_network/colocated/NCD/3,pmx,1,PMX_shared_variants,,2.1081114189999965,native_projection,read_home_timeline,,,,,
v3-main-771601/deathstarbench_social_network/colocated/NCD/3,pmx,1,PMX_shared_variants,,1.9191201240000026,native_projection,read_user_timeline,,,,,
v3-main-771601/deathstarbench_social_network/colocated/NCD/3,pmx,1,PMX_shared_variants,,10.957136300999991,input_and_projection_process_total,,True,,,,
v3-main-771601/deathstarbench_social_network/colocated/NCD/3,pmx,1,PMX_shared_variants,,6.76,derived_binary_build,,,javac 11.0.32,2322880b6447754528e201553bc4e2fac00334b7d6f3ac202cfe1e3742bbbcc6,True,"{""maximum_rss_bytes"": 227606528.0, ""path"": ""build-resource-usage.txt"", ""system_seconds"": 0.32, ""user_seconds"": 6.85, ""wall_seconds"": 6.76}"
v3-main-771601/deathstarbench_social_network/colocated/NCD/3,pmx,1,PMX_shared_variants,,26.452901080000004,independent_pmx_extraction_process,compose_post,,,,,
v3-main-771601/deathstarbench_social_network/colocated/NCD/3,pmx,1,PMX_shared_variants,,22.98014893699998,independent_pmx_extraction_process,read_home_timeline,,,,,
v3-main-771601/deathstarbench_social_network/colocated/NCD/3,pmx,1,PMX_shared_variants,,22.979370329000005,independent_pmx_extraction_process,read_user_timeline,,,,,
v3-main-771601/deathstarbench_social_network/colocated/NCD/4,acquisition,1,shared_acquisition,True,2058.701311855,acquisition_and_export_process_total,,,,,,
v3-main-771601/deathstarbench_social_network/colocated/NCD/4,acquisition,1,shared_native_pool,,1.877774486999897,native_parse,,,,,,
v3-main-771601/deathstarbench_social_network/colocated/NCD/4,graph,1,B0,,0.006045431000018198,identification,,,,,,
v3-main-771601/deathstarbench_social_network/colocated/NCD/4,graph,1,shared_graph_family,,0.1372944579999853,extraction,read_home_timeline,,,,,
v3-main-771601/deathstarbench_social_network/colocated/NCD/4,graph,1,shared_graph_family,,0.002758709000033832,identification,read_home_timeline,,,,,
v3-main-771601/deathstarbench_social_network/colocated/NCD/4,graph,1,shared_graph_family,,0.0002448600000093393,solve,read_home_timeline,,,,,
v3-main-771601/deathstarbench_social_network/colocated/NCD/4,graph,1,G0,,0.00016300700002602753,identification,read_home_timeline,,,,,
v3-main-771601/deathstarbench_social_network/colocated/NCD/4,graph,1,G0,,6.490200001962876e-05,solve,read_home_timeline,,,,,
v3-main-771601/deathstarbench_social_network/colocated/NCD/4,pmx,1,PMX_shared_variants,,6.196875528999996,native_projection,compose_post,,,,,
v3-main-771601/deathstarbench_social_network/colocated/NCD/4,pmx,1,PMX_shared_variants,,2.0056923960000006,native_projection,read_home_timeline,,,,,
v3-main-771601/deathstarbench_social_network/colocated/NCD/4,pmx,1,PMX_shared_variants,,1.905423509000002,native_projection,read_user_timeline,,,,,
v3-main-771601/deathstarbench_social_network/colocated/NCD/4,pmx,1,PMX_shared_variants,,10.686282077000001,input_and_projection_process_total,,True,,,,
v3-main-771601/deathstarbench_social_network/colocated/NCD/4,pmx,1,PMX_shared_variants,,13.69,derived_binary_build,,,javac 11.0.32,2322880b6447754528e201553bc4e2fac00334b7d6f3ac202cfe1e3742bbbcc6,True,"{""maximum_rss_bytes"": 227704832.0, ""path"": ""build-resource-usage.txt"", ""system_seconds"": 0.35, ""user_seconds"": 6.91, ""wall_seconds"": 13.69}"
v3-main-771601/deathstarbench_social_network/colocated/NCD/4,pmx,1,PMX_shared_variants,,26.293932128999998,independent_pmx_extraction_process,compose_post,,,,,
v3-main-771601/deathstarbench_social_network/colocated/NCD/4,pmx,1,PMX_shared_variants,,22.930202102999985,independent_pmx_extraction_process,read_home_timeline,,,,,
v3-main-771601/deathstarbench_social_network/colocated/NCD/4,pmx,1,PMX_shared_variants,,22.82748715400001,independent_pmx_extraction_process,read_user_timeline,,,,,
v3-main-771601/deathstarbench_social_network/colocated/NCD/5,acquisition,1,shared_acquisition,True,2059.648573936,acquisition_and_export_process_total,,,,,,
v3-main-771601/deathstarbench_social_network/colocated/NCD/5,acquisition,1,shared_native_pool,,2.1713455090002753,native_parse,,,,,,
v3-main-771601/deathstarbench_social_network/colocated/NCD/5,graph,1,B0,,0.004561756000001083,identification,,,,,,
v3-main-771601/deathstarbench_social_network/colocated/NCD/5,graph,1,shared_graph_family,,0.09686699400000265,extraction,read_home_timeline,,,,,
v3-main-771601/deathstarbench_social_network/colocated/NCD/5,graph,1,shared_graph_family,,0.002240770000000225,identification,read_home_timeline,,,,,
v3-main-771601/deathstarbench_social_network/colocated/NCD/5,graph,1,shared_graph_family,,0.00019953900000047042,solve,read_home_timeline,,,,,
v3-main-771601/deathstarbench_social_network/colocated/NCD/5,graph,1,G0,,0.00013255799999711826,identification,read_home_timeline,,,,,
v3-main-771601/deathstarbench_social_network/colocated/NCD/5,graph,1,G0,,5.5553000002817043e-05,solve,read_home_timeline,,,,,
v3-main-771601/deathstarbench_social_network/colocated/NCD/5,pmx,1,PMX_shared_variants,,6.363912940999995,native_projection,compose_post,,,,,
v3-main-771601/deathstarbench_social_network/colocated/NCD/5,pmx,1,PMX_shared_variants,,2.0771146959999953,native_projection,read_home_timeline,,,,,
v3-main-771601/deathstarbench_social_network/colocated/NCD/5,pmx,1,PMX_shared_variants,,2.028760989999995,native_projection,read_user_timeline,,,,,
v3-main-771601/deathstarbench_social_network/colocated/NCD/5,pmx,1,PMX_shared_variants,,11.085975569999988,input_and_projection_process_total,,True,,,,
v3-main-771601/deathstarbench_social_network/colocated/NCD/5,pmx,1,PMX_shared_variants,,7.19,derived_binary_build,,,javac 11.0.32,2322880b6447754528e201553bc4e2fac00334b7d6f3ac202cfe1e3742bbbcc6,True,"{""maximum_rss_bytes"": 227938304.0, ""path"": ""build-resource-usage.txt"", ""system_seconds"": 0.34, ""user_seconds"": 6.87, ""wall_seconds"": 7.19}"
v3-main-771601/deathstarbench_social_network/colocated/NCD/5,pmx,1,PMX_shared_variants,,26.254222621999986,independent_pmx_extraction_process,compose_post,,,,,
v3-main-771601/deathstarbench_social_network/colocated/NCD/5,pmx,1,PMX_shared_variants,,22.933962757000018,independent_pmx_extraction_process,read_home_timeline,,,,,
v3-main-771601/deathstarbench_social_network/colocated/NCD/5,pmx,1,PMX_shared_variants,,22.726002402999967,independent_pmx_extraction_process,read_user_timeline,,,,,
v3-main-771601/deathstarbench_social_network/colocated/NCD/6,acquisition,1,shared_acquisition,True,2059.131046588,acquisition_and_export_process_total,,,,,,
v3-main-771601/deathstarbench_social_network/colocated/NCD/6,acquisition,1,shared_native_pool,,1.9959850539999024,native_parse,,,,,,
v3-main-771601/deathstarbench_social_network/colocated/NCD/6,graph,1,B0,,0.006181486999992103,identification,,,,,,
v3-main-771601/deathstarbench_social_network/colocated/NCD/6,graph,1,shared_graph_family,,0.13506652500001337,extraction,read_home_timeline,,,,,
v3-main-771601/deathstarbench_social_network/colocated/NCD/6,graph,1,shared_graph_family,,0.002785444000011239,identification,read_home_timeline,,,,,
v3-main-771601/deathstarbench_social_network/colocated/NCD/6,graph,1,shared_graph_family,,0.00023887500000796535,solve,read_home_timeline,,,,,
v3-main-771601/deathstarbench_social_network/colocated/NCD/6,graph,1,G0,,0.0001675729999988107,identification,read_home_timeline,,,,,
v3-main-771601/deathstarbench_social_network/colocated/NCD/6,graph,1,G0,,6.644400002642215e-05,solve,read_home_timeline,,,,,
v3-main-771601/deathstarbench_social_network/colocated/NCD/6,pmx,1,PMX_shared_variants,,6.104386590999994,native_projection,compose_post,,,,,
v3-main-771601/deathstarbench_social_network/colocated/NCD/6,pmx,1,PMX_shared_variants,,2.0437730310000006,native_projection,read_home_timeline,,,,,
v3-main-771601/deathstarbench_social_network/colocated/NCD/6,pmx,1,PMX_shared_variants,,1.7696183310000038,native_projection,read_user_timeline,,,,,
v3-main-771601/deathstarbench_social_network/colocated/NCD/6,pmx,1,PMX_shared_variants,,10.450313421000004,input_and_projection_process_total,,True,,,,
v3-main-771601/deathstarbench_social_network/colocated/NCD/6,pmx,1,PMX_shared_variants,,9.06,derived_binary_build,,,javac 11.0.32,2322880b6447754528e201553bc4e2fac00334b7d6f3ac202cfe1e3742bbbcc6,True,"{""maximum_rss_bytes"": 227725312.0, ""path"": ""build-resource-usage.txt"", ""system_seconds"": 0.29, ""user_seconds"": 6.47, ""wall_seconds"": 9.06}"
v3-main-771601/deathstarbench_social_network/colocated/NCD/6,pmx,1,PMX_shared_variants,,26.55086078100001,independent_pmx_extraction_process,compose_post,,,,,
v3-main-771601/deathstarbench_social_network/colocated/NCD/6,pmx,1,PMX_shared_variants,,22.934257699,independent_pmx_extraction_process,read_home_timeline,,,,,
v3-main-771601/deathstarbench_social_network/colocated/NCD/6,pmx,1,PMX_shared_variants,,22.785526094999994,independent_pmx_extraction_process,read_user_timeline,,,,,
v3-main-771601/deathstarbench_social_network/colocated/NCD/7,acquisition,1,shared_acquisition,True,2057.1945283500004,acquisition_and_export_process_total,,,,,,
v3-main-771601/deathstarbench_social_network/colocated/NCD/7,acquisition,1,shared_native_pool,,1.4599645009998312,native_parse,,,,,,
v3-main-771601/deathstarbench_social_network/colocated/NCD/7,graph,1,B0,,0.004302158999998085,identification,,,,,,
v3-main-771601/deathstarbench_social_network/colocated/NCD/7,graph,1,shared_graph_family,,0.5019028799999958,extraction,compose_post,,,,,
v3-main-771601/deathstarbench_social_network/colocated/NCD/7,graph,1,shared_graph_family,,0.004846684000000323,identification,compose_post,,,,,
v3-main-771601/deathstarbench_social_network/colocated/NCD/7,graph,1,shared_graph_family,,0.004575794000004407,solve,compose_post,,,,,
v3-main-771601/deathstarbench_social_network/colocated/NCD/7,graph,1,G0,,0.00043647400000423886,identification,compose_post,,,,,
v3-main-771601/deathstarbench_social_network/colocated/NCD/7,graph,1,G0,,9.601100000367069e-05,solve,compose_post,,,,,
v3-main-771601/deathstarbench_social_network/colocated/NCD/7,graph,1,shared_graph_family,,0.09854239299999534,extraction,read_home_timeline,,,,,
v3-main-771601/deathstarbench_social_network/colocated/NCD/7,graph,1,shared_graph_family,,0.0021386760000012828,identification,read_home_timeline,,,,,
v3-main-771601/deathstarbench_social_network/colocated/NCD/7,graph,1,shared_graph_family,,0.0001624999999947363,solve,read_home_timeline,,,,,
v3-main-771601/deathstarbench_social_network/colocated/NCD/7,graph,1,G0,,0.0001246140000006335,identification,read_home_timeline,,,,,
v3-main-771601/deathstarbench_social_network/colocated/NCD/7,graph,1,G0,,4.536699999846405e-05,solve,read_home_timeline,,,,,
v3-main-771601/deathstarbench_social_network/colocated/NCD/7,pmx,1,PMX_shared_variants,,6.054526210000006,native_projection,compose_post,,,,,
v3-main-771601/deathstarbench_social_network/colocated/NCD/7,pmx,1,PMX_shared_variants,,2.032551106999989,native_projection,read_home_timeline,,,,,
v3-main-771601/deathstarbench_social_network/colocated/NCD/7,pmx,1,PMX_shared_variants,,1.758321555000009,native_projection,read_user_timeline,,,,,
v3-main-771601/deathstarbench_social_network/colocated/NCD/7,pmx,1,PMX_shared_variants,,10.36422099699999,input_and_projection_process_total,,True,,,,
v3-main-771601/deathstarbench_social_network/colocated/NCD/7,pmx,1,PMX_shared_variants,,9.85,derived_binary_build,,,javac 11.0.32,2322880b6447754528e201553bc4e2fac00334b7d6f3ac202cfe1e3742bbbcc6,True,"{""maximum_rss_bytes"": 228143104.0, ""path"": ""build-resource-usage.txt"", ""system_seconds"": 0.27, ""user_seconds"": 6.89, ""wall_seconds"": 9.85}"
v3-main-771601/deathstarbench_social_network/colocated/NCD/7,pmx,1,PMX_shared_variants,,26.992024532000016,independent_pmx_extraction_process,compose_post,,,,,
v3-main-771601/deathstarbench_social_network/colocated/NCD/7,pmx,1,PMX_shared_variants,,22.98223932899998,independent_pmx_extraction_process,read_home_timeline,,,,,
v3-main-771601/deathstarbench_social_network/colocated/NCD/7,pmx,1,PMX_shared_variants,,22.737489213000003,independent_pmx_extraction_process,read_user_timeline,,,,,
v3-main-771601/deathstarbench_social_network/colocated/NCD/8,acquisition,1,shared_acquisition,True,2060.017025085,acquisition_and_export_process_total,,,,,,
v3-main-771601/deathstarbench_social_network/colocated/NCD/8,acquisition,1,shared_native_pool,,2.0984309239997856,native_parse,,,,,,
v3-main-771601/deathstarbench_social_network/colocated/NCD/8,graph,1,B0,,0.0043627499999985275,identification,,,,,,
v3-main-771601/deathstarbench_social_network/colocated/NCD/8,graph,1,shared_graph_family,,0.45931271899999615,extraction,compose_post,,,,,
v3-main-771601/deathstarbench_social_network/colocated/NCD/8,graph,1,shared_graph_family,,0.004527246999998624,identification,compose_post,,,,,
v3-main-771601/deathstarbench_social_network/colocated/NCD/8,graph,1,shared_graph_family,,0.003399147999999741,solve,compose_post,,,,,
v3-main-771601/deathstarbench_social_network/colocated/NCD/8,graph,1,G0,,0.00044380099998875266,identification,compose_post,,,,,
v3-main-771601/deathstarbench_social_network/colocated/NCD/8,graph,1,G0,,0.00010561300000233587,solve,compose_post,,,,,
v3-main-771601/deathstarbench_social_network/colocated/NCD/8,graph,1,shared_graph_family,,0.09422988299999702,extraction,read_home_timeline,,,,,
v3-main-771601/deathstarbench_social_network/colocated/NCD/8,graph,1,shared_graph_family,,0.001979226999992534,identification,read_home_timeline,,,,,
v3-main-771601/deathstarbench_social_network/colocated/NCD/8,graph,1,shared_graph_family,,0.00013883000001158052,solve,read_home_timeline,,,,,
v3-main-771601/deathstarbench_social_network/colocated/NCD/8,graph,1,G0,,0.00012435700000423822,identification,read_home_timeline,,,,,
v3-main-771601/deathstarbench_social_network/colocated/NCD/8,graph,1,G0,,5.3991000001474276e-05,solve,read_home_timeline,,,,,
v3-main-771601/deathstarbench_social_network/colocated/NCD/8,graph,1,shared_graph_family,,0.10308180600000583,extraction,read_user_timeline,,,,,
v3-main-771601/deathstarbench_social_network/colocated/NCD/8,graph,1,shared_graph_family,,0.003400686999995628,identification,read_user_timeline,,,,,
v3-main-771601/deathstarbench_social_network/colocated/NCD/8,graph,1,shared_graph_family,,0.002362444999988611,solve,read_user_timeline,,,,,
v3-main-771601/deathstarbench_social_network/colocated/NCD/8,graph,1,G0,,0.0001535769999918557,identification,read_user_timeline,,,,,
v3-main-771601/deathstarbench_social_network/colocated/NCD/8,graph,1,G0,,6.348900001285074e-05,solve,read_user_timeline,,,,,
v3-main-771601/deathstarbench_social_network/colocated/NCD/8,pmx,1,PMX_shared_variants,,6.442144235999997,native_projection,compose_post,,,,,
v3-main-771601/deathstarbench_social_network/colocated/NCD/8,pmx,1,PMX_shared_variants,,2.1537489310000097,native_projection,read_home_timeline,,,,,
v3-main-771601/deathstarbench_social_network/colocated/NCD/8,pmx,1,PMX_shared_variants,,2.123038532999999,native_projection,read_user_timeline,,,,,
v3-main-771601/deathstarbench_social_network/colocated/NCD/8,pmx,1,PMX_shared_variants,,11.352013044000003,input_and_projection_process_total,,True,,,,
v3-main-771601/deathstarbench_social_network/colocated/NCD/8,pmx,1,PMX_shared_variants,,8.67,derived_binary_build,,,javac 11.0.32,2322880b6447754528e201553bc4e2fac00334b7d6f3ac202cfe1e3742bbbcc6,True,"{""maximum_rss_bytes"": 227602432.0, ""path"": ""build-resource-usage.txt"", ""system_seconds"": 0.35, ""user_seconds"": 6.83, ""wall_seconds"": 8.67}"
v3-main-771601/deathstarbench_social_network/colocated/NCD/8,pmx,1,PMX_shared_variants,,27.250264559,independent_pmx_extraction_process,compose_post,,,,,
v3-main-771601/deathstarbench_social_network/colocated/NCD/8,pmx,1,PMX_shared_variants,,23.132866442999998,independent_pmx_extraction_process,read_home_timeline,,,,,
v3-main-771601/deathstarbench_social_network/colocated/NCD/8,pmx,1,PMX_shared_variants,,23.034422858000013,independent_pmx_extraction_process,read_user_timeline,,,,,
v3-main-771601/deathstarbench_social_network/colocated/NCD/9,acquisition,1,shared_acquisition,True,2057.651776855,acquisition_and_export_process_total,,,,,,
v3-main-771601/deathstarbench_social_network/colocated/NCD/9,acquisition,1,shared_native_pool,,1.5507404410000163,native_parse,,,,,,
v3-main-771601/deathstarbench_social_network/colocated/NCD/9,graph,1,B0,,0.005174506999992445,identification,,,,,,
v3-main-771601/deathstarbench_social_network/colocated/NCD/9,graph,1,shared_graph_family,,0.11110883100002411,extraction,read_home_timeline,,,,,
v3-main-771601/deathstarbench_social_network/colocated/NCD/9,graph,1,shared_graph_family,,0.0023762220000094203,identification,read_home_timeline,,,,,
v3-main-771601/deathstarbench_social_network/colocated/NCD/9,graph,1,shared_graph_family,,0.0002256660000057309,solve,read_home_timeline,,,,,
v3-main-771601/deathstarbench_social_network/colocated/NCD/9,graph,1,G0,,0.00015133400000877373,identification,read_home_timeline,,,,,
v3-main-771601/deathstarbench_social_network/colocated/NCD/9,graph,1,G0,,7.625599999983024e-05,solve,read_home_timeline,,,,,
v3-main-771601/deathstarbench_social_network/colocated/NCD/9,pmx,1,PMX_shared_variants,,6.217349180999975,native_projection,compose_post,,,,,
v3-main-771601/deathstarbench_social_network/colocated/NCD/9,pmx,1,PMX_shared_variants,,2.0260938000000124,native_projection,read_home_timeline,,,,,
v3-main-771601/deathstarbench_social_network/colocated/NCD/9,pmx,1,PMX_shared_variants,,1.9138941129999978,native_projection,read_user_timeline,,,,,
v3-main-771601/deathstarbench_social_network/colocated/NCD/9,pmx,1,PMX_shared_variants,,10.74574438899998,input_and_projection_process_total,,True,,,,
v3-main-771601/deathstarbench_social_network/colocated/NCD/9,pmx,1,PMX_shared_variants,,12.49,derived_binary_build,,,javac 11.0.32,2322880b6447754528e201553bc4e2fac00334b7d6f3ac202cfe1e3742bbbcc6,True,"{""maximum_rss_bytes"": 227438592.0, ""path"": ""build-resource-usage.txt"", ""system_seconds"": 0.35, ""user_seconds"": 6.92, ""wall_seconds"": 12.49}"
v3-main-771601/deathstarbench_social_network/colocated/NCD/9,pmx,1,PMX_shared_variants,,26.19991311199999,independent_pmx_extraction_process,compose_post,,,,,
v3-main-771601/deathstarbench_social_network/colocated/NCD/9,pmx,1,PMX_shared_variants,,22.829633866000023,independent_pmx_extraction_process,read_home_timeline,,,,,
v3-main-771601/deathstarbench_social_network/colocated/NCD/9,pmx,1,PMX_shared_variants,,22.729584701999983,independent_pmx_extraction_process,read_user_timeline,,,,,
v3-main-771601/deathstarbench_social_network/split/N/0,acquisition,1,shared_acquisition,True,2058.67514584,acquisition_and_export_process_total,,,,,,
v3-main-771601/deathstarbench_social_network/split/N/0,acquisition,1,shared_native_pool,,1.8487513570003102,native_parse,,,,,,
v3-main-771601/deathstarbench_social_network/split/N/0,graph,1,B0,,0.006192036000001622,identification,,,,,,
v3-main-771601/deathstarbench_social_network/split/N/0,graph,1,shared_graph_family,,0.7229590390000027,extraction,compose_post,,,,,
v3-main-771601/deathstarbench_social_network/split/N/0,graph,1,shared_graph_family,,0.006108620999995651,identification,compose_post,,,,,
v3-main-771601/deathstarbench_social_network/split/N/0,graph,1,shared_graph_family,,0.0010907289999977365,solve,compose_post,,,,,
v3-main-771601/deathstarbench_social_network/split/N/0,graph,1,G0,,0.0005632230000003347,identification,compose_post,,,,,
v3-main-771601/deathstarbench_social_network/split/N/0,graph,1,G0,,0.00010354299999448813,solve,compose_post,,,,,
v3-main-771601/deathstarbench_social_network/split/N/0,graph,1,shared_graph_family,,0.14021868600001142,extraction,read_home_timeline,,,,,
v3-main-771601/deathstarbench_social_network/split/N/0,graph,1,shared_graph_family,,0.0027467450000102644,identification,read_home_timeline,,,,,
v3-main-771601/deathstarbench_social_network/split/N/0,graph,1,shared_graph_family,,0.00018118900000274607,solve,read_home_timeline,,,,,
v3-main-771601/deathstarbench_social_network/split/N/0,graph,1,G0,,0.00016693199999906483,identification,read_home_timeline,,,,,
v3-main-771601/deathstarbench_social_network/split/N/0,graph,1,G0,,7.33069999938607e-05,solve,read_home_timeline,,,,,
v3-main-771601/deathstarbench_social_network/split/N/0,graph,1,shared_graph_family,,0.15125416800000835,extraction,read_user_timeline,,,,,
v3-main-771601/deathstarbench_social_network/split/N/0,graph,1,shared_graph_family,,0.0052916329999987965,identification,read_user_timeline,,,,,
v3-main-771601/deathstarbench_social_network/split/N/0,graph,1,shared_graph_family,,0.0005317640000015444,solve,read_user_timeline,,,,,
v3-main-771601/deathstarbench_social_network/split/N/0,graph,1,G0,,0.00017217199999208788,identification,read_user_timeline,,,,,
v3-main-771601/deathstarbench_social_network/split/N/0,graph,1,G0,,5.739799999560091e-05,solve,read_user_timeline,,,,,
v3-main-771601/deathstarbench_social_network/split/N/0,pmx,1,PMX_shared_variants,,6.544220381999992,native_projection,compose_post,,,,,
v3-main-771601/deathstarbench_social_network/split/N/0,pmx,1,PMX_shared_variants,,2.0750122089999934,native_projection,read_home_timeline,,,,,
v3-main-771601/deathstarbench_social_network/split/N/0,pmx,1,PMX_shared_variants,,2.082717248999998,native_projection,read_user_timeline,,,,,
v3-main-771601/deathstarbench_social_network/split/N/0,pmx,1,PMX_shared_variants,,11.334772348000001,input_and_projection_process_total,,True,,,,
v3-main-771601/deathstarbench_social_network/split/N/0,pmx,1,PMX_shared_variants,,8.86,derived_binary_build,,,javac 11.0.32,2322880b6447754528e201553bc4e2fac00334b7d6f3ac202cfe1e3742bbbcc6,True,"{""maximum_rss_bytes"": 228024320.0, ""path"": ""build-resource-usage.txt"", ""system_seconds"": 0.32, ""user_seconds"": 6.87, ""wall_seconds"": 8.86}"
v3-main-771601/deathstarbench_social_network/split/N/0,pmx,1,PMX_shared_variants,,27.454168484999997,independent_pmx_extraction_process,compose_post,,,,,
v3-main-771601/deathstarbench_social_network/split/N/0,pmx,1,PMX_shared_variants,,22.938433963999998,independent_pmx_extraction_process,read_home_timeline,,,,,
v3-main-771601/deathstarbench_social_network/split/N/0,pmx,1,PMX_shared_variants,,22.87939809400001,independent_pmx_extraction_process,read_user_timeline,,,,,
v3-main-771601/deathstarbench_social_network/split/N/1,acquisition,1,shared_acquisition,True,2059.407163053,acquisition_and_export_process_total,,,,,,
v3-main-771601/deathstarbench_social_network/split/N/1,acquisition,1,shared_native_pool,,1.9455800780001482,native_parse,,,,,,
v3-main-771601/deathstarbench_social_network/split/N/1,graph,1,B0,,0.006035556000028919,identification,,,,,,
v3-main-771601/deathstarbench_social_network/split/N/1,graph,1,shared_graph_family,,0.6756419739999728,extraction,compose_post,,,,,
v3-main-771601/deathstarbench_social_network/split/N/1,graph,1,shared_graph_family,,0.006057679000036842,identification,compose_post,,,,,
v3-main-771601/deathstarbench_social_network/split/N/1,graph,1,shared_graph_family,,0.001038951999987603,solve,compose_post,,,,,
v3-main-771601/deathstarbench_social_network/split/N/1,graph,1,G0,,0.000592083000015009,identification,compose_post,,,,,
v3-main-771601/deathstarbench_social_network/split/N/1,graph,1,G0,,9.694299995999245e-05,solve,compose_post,,,,,
v3-main-771601/deathstarbench_social_network/split/N/1,graph,1,shared_graph_family,,0.12571349499995677,extraction,read_home_timeline,,,,,
v3-main-771601/deathstarbench_social_network/split/N/1,graph,1,shared_graph_family,,0.002786146000005374,identification,read_home_timeline,,,,,
v3-main-771601/deathstarbench_social_network/split/N/1,graph,1,shared_graph_family,,0.00018478200001936784,solve,read_home_timeline,,,,,
v3-main-771601/deathstarbench_social_network/split/N/1,graph,1,G0,,0.0001654640000197105,identification,read_home_timeline,,,,,
v3-main-771601/deathstarbench_social_network/split/N/1,graph,1,G0,,5.4180000006454065e-05,solve,read_home_timeline,,,,,
v3-main-771601/deathstarbench_social_network/split/N/1,graph,1,shared_graph_family,,0.13303108200000224,extraction,read_user_timeline,,,,,
v3-main-771601/deathstarbench_social_network/split/N/1,graph,1,shared_graph_family,,0.0036504409999906784,identification,read_user_timeline,,,,,
v3-main-771601/deathstarbench_social_network/split/N/1,graph,1,shared_graph_family,,0.0005030309999938254,solve,read_user_timeline,,,,,
v3-main-771601/deathstarbench_social_network/split/N/1,graph,1,G0,,0.0001739759999850321,identification,read_user_timeline,,,,,
v3-main-771601/deathstarbench_social_network/split/N/1,graph,1,G0,,6.014799998865783e-05,solve,read_user_timeline,,,,,
v3-main-771601/deathstarbench_social_network/split/N/1,pmx,1,PMX_shared_variants,,6.765382595999995,native_projection,compose_post,,,,,
v3-main-771601/deathstarbench_social_network/split/N/1,pmx,1,PMX_shared_variants,,2.1729930960000274,native_projection,read_home_timeline,,,,,
v3-main-771601/deathstarbench_social_network/split/N/1,pmx,1,PMX_shared_variants,,2.180923137000036,native_projection,read_user_timeline,,,,,
v3-main-771601/deathstarbench_social_network/split/N/1,pmx,1,PMX_shared_variants,,11.79260823300001,input_and_projection_process_total,,True,,,,
v3-main-771601/deathstarbench_social_network/split/N/1,pmx,1,PMX_shared_variants,,10.34,derived_binary_build,,,javac 11.0.32,2322880b6447754528e201553bc4e2fac00334b7d6f3ac202cfe1e3742bbbcc6,True,"{""maximum_rss_bytes"": 228225024.0, ""path"": ""build-resource-usage.txt"", ""system_seconds"": 0.34, ""user_seconds"": 7.22, ""wall_seconds"": 10.34}"
v3-main-771601/deathstarbench_social_network/split/N/1,pmx,1,PMX_shared_variants,,28.50515038200001,independent_pmx_extraction_process,compose_post,,,,,
v3-main-771601/deathstarbench_social_network/split/N/1,pmx,1,PMX_shared_variants,,23.28958247899999,independent_pmx_extraction_process,read_home_timeline,,,,,
v3-main-771601/deathstarbench_social_network/split/N/1,pmx,1,PMX_shared_variants,,23.332844901999977,independent_pmx_extraction_process,read_user_timeline,,,,,
v3-main-771601/deathstarbench_social_network/split/N/2,acquisition,1,shared_acquisition,True,2059.581971647,acquisition_and_export_process_total,,,,,,
v3-main-771601/deathstarbench_social_network/split/N/2,acquisition,1,shared_native_pool,,2.0689312039999095,native_parse,,,,,,
v3-main-771601/deathstarbench_social_network/split/N/2,graph,1,B0,,0.005972591000002581,identification,,,,,,
v3-main-771601/deathstarbench_social_network/split/N/2,graph,1,shared_graph_family,,0.6988041699999954,extraction,compose_post,,,,,
v3-main-771601/deathstarbench_social_network/split/N/2,graph,1,shared_graph_family,,0.006055916000001105,identification,compose_post,,,,,
v3-main-771601/deathstarbench_social_network/split/N/2,graph,1,shared_graph_family,,0.001099435000000426,solve,compose_post,,,,,
v3-main-771601/deathstarbench_social_network/split/N/2,graph,1,G0,,0.0006144339999991644,identification,compose_post,,,,,
v3-main-771601/deathstarbench_social_network/split/N/2,graph,1,G0,,9.798199999977442e-05,solve,compose_post,,,,,
v3-main-771601/deathstarbench_social_network/split/N/2,graph,1,shared_graph_family,,0.1417159940000019,extraction,read_home_timeline,,,,,
v3-main-771601/deathstarbench_social_network/split/N/2,graph,1,shared_graph_family,,0.002806941999999424,identification,read_home_timeline,,,,,
v3-main-771601/deathstarbench_social_network/split/N/2,graph,1,shared_graph_family,,0.00017701899999877924,solve,read_home_timeline,,,,,
v3-main-771601/deathstarbench_social_network/split/N/2,graph,1,G0,,0.00017383400000170468,identification,read_home_timeline,,,,,
v3-main-771601/deathstarbench_social_network/split/N/2,graph,1,G0,,5.665500000162638e-05,solve,read_home_timeline,,,,,
v3-main-771601/deathstarbench_social_network/split/N/2,graph,1,shared_graph_family,,0.15346314700000363,extraction,read_user_timeline,,,,,
v3-main-771601/deathstarbench_social_network/split/N/2,graph,1,shared_graph_family,,0.005823623999994254,identification,read_user_timeline,,,,,
v3-main-771601/deathstarbench_social_network/split/N/2,graph,1,shared_graph_family,,0.000574278000001982,solve,read_user_timeline,,,,,
v3-main-771601/deathstarbench_social_network/split/N/2,graph,1,G0,,0.000214448999997785,identification,read_user_timeline,,,,,
v3-main-771601/deathstarbench_social_network/split/N/2,graph,1,G0,,7.427799999959461e-05,solve,read_user_timeline,,,,,
v3-main-771601/deathstarbench_social_network/split/N/2,pmx,1,PMX_shared_variants,,6.529518217999993,native_projection,compose_post,,,,,
v3-main-771601/deathstarbench_social_network/split/N/2,pmx,1,PMX_shared_variants,,2.0927286249999923,native_projection,read_home_timeline,,,,,
v3-main-771601/deathstarbench_social_network/split/N/2,pmx,1,PMX_shared_variants,,2.0920854609999964,native_projection,read_user_timeline,,,,,
v3-main-771601/deathstarbench_social_network/split/N/2,pmx,1,PMX_shared_variants,,11.304574669999994,input_and_projection_process_total,,True,,,,
v3-main-771601/deathstarbench_social_network/split/N/2,pmx,1,PMX_shared_variants,,5.89,derived_binary_build,,,javac 11.0.32,2322880b6447754528e201553bc4e2fac00334b7d6f3ac202cfe1e3742bbbcc6,True,"{""maximum_rss_bytes"": 228175872.0, ""path"": ""build-resource-usage.txt"", ""system_seconds"": 0.29, ""user_seconds"": 6.79, ""wall_seconds"": 5.89}"
v3-main-771601/deathstarbench_social_network/split/N/2,pmx,1,PMX_shared_variants,,26.444929078,independent_pmx_extraction_process,compose_post,,,,,
v3-main-771601/deathstarbench_social_network/split/N/2,pmx,1,PMX_shared_variants,,22.935579234000002,independent_pmx_extraction_process,read_home_timeline,,,,,
v3-main-771601/deathstarbench_social_network/split/N/2,pmx,1,PMX_shared_variants,,22.835055152999985,independent_pmx_extraction_process,read_user_timeline,,,,,
v3-main-771601/deathstarbench_social_network/split/N/3,acquisition,1,shared_acquisition,True,2059.546868716,acquisition_and_export_process_total,,,,,,
v3-main-771601/deathstarbench_social_network/split/N/3,acquisition,1,shared_native_pool,,2.072428166000009,native_parse,,,,,,
v3-main-771601/deathstarbench_social_network/split/N/3,graph,1,B0,,0.005956867000001864,identification,,,,,,
v3-main-771601/deathstarbench_social_network/split/N/3,graph,1,shared_graph_family,,0.6689752030000022,extraction,compose_post,,,,,
v3-main-771601/deathstarbench_social_network/split/N/3,graph,1,shared_graph_family,,0.005854010999996717,identification,compose_post,,,,,
v3-main-771601/deathstarbench_social_network/split/N/3,graph,1,shared_graph_family,,0.0010686890000002336,solve,compose_post,,,,,
v3-main-771601/deathstarbench_social_network/split/N/3,graph,1,G0,,0.0005824639999971737,identification,compose_post,,,,,
v3-main-771601/deathstarbench_social_network/split/N/3,graph,1,G0,,9.447599999390377e-05,solve,compose_post,,,,,
v3-main-771601/deathstarbench_social_network/split/N/3,graph,1,shared_graph_family,,0.13694689199999743,extraction,read_home_timeline,,,,,
v3-main-771601/deathstarbench_social_network/split/N/3,graph,1,shared_graph_family,,0.002670128000005434,identification,read_home_timeline,,,,,
v3-main-771601/deathstarbench_social_network/split/N/3,graph,1,shared_graph_family,,0.0001783209999999258,solve,read_home_timeline,,,,,
v3-main-771601/deathstarbench_social_network/split/N/3,graph,1,G0,,0.00018075700000252937,identification,read_home_timeline,,,,,
v3-main-771601/deathstarbench_social_network/split/N/3,graph,1,G0,,4.816899999582347e-05,solve,read_home_timeline,,,,,
v3-main-771601/deathstarbench_social_network/split/N/3,graph,1,shared_graph_family,,0.14674472100000457,extraction,read_user_timeline,,,,,
v3-main-771601/deathstarbench_social_network/split/N/3,graph,1,shared_graph_family,,0.0037187490000007983,identification,read_user_timeline,,,,,
v3-main-771601/deathstarbench_social_network/split/N/3,graph,1,shared_graph_family,,0.0005331109999957562,solve,read_user_timeline,,,,,
v3-main-771601/deathstarbench_social_network/split/N/3,graph,1,G0,,0.00017135899999942694,identification,read_user_timeline,,,,,
v3-main-771601/deathstarbench_social_network/split/N/3,graph,1,G0,,5.108500000261529e-05,solve,read_user_timeline,,,,,
v3-main-771601/deathstarbench_social_network/split/N/3,pmx,1,PMX_shared_variants,,6.3148229939999965,native_projection,compose_post,,,,,
v3-main-771601/deathstarbench_social_network/split/N/3,pmx,1,PMX_shared_variants,,2.028254907999994,native_projection,read_home_timeline,,,,,
v3-main-771601/deathstarbench_social_network/split/N/3,pmx,1,PMX_shared_variants,,2.038966418000001,native_projection,read_user_timeline,,,,,
v3-main-771601/deathstarbench_social_network/split/N/3,pmx,1,PMX_shared_variants,,10.978395770000006,input_and_projection_process_total,,True,,,,
v3-main-771601/deathstarbench_social_network/split/N/3,pmx,1,PMX_shared_variants,,7.83,derived_binary_build,,,javac 11.0.32,2322880b6447754528e201553bc4e2fac00334b7d6f3ac202cfe1e3742bbbcc6,True,"{""maximum_rss_bytes"": 227454976.0, ""path"": ""build-resource-usage.txt"", ""system_seconds"": 0.31, ""user_seconds"": 6.79, ""wall_seconds"": 7.83}"
v3-main-771601/deathstarbench_social_network/split/N/3,pmx,1,PMX_shared_variants,,26.548879608000007,independent_pmx_extraction_process,compose_post,,,,,
v3-main-771601/deathstarbench_social_network/split/N/3,pmx,1,PMX_shared_variants,,22.92866313799999,independent_pmx_extraction_process,read_home_timeline,,,,,
v3-main-771601/deathstarbench_social_network/split/N/3,pmx,1,PMX_shared_variants,,22.98254677099999,independent_pmx_extraction_process,read_user_timeline,,,,,
v3-main-771601/deathstarbench_social_network/split/N/4,acquisition,1,shared_acquisition,True,2057.882106908,acquisition_and_export_process_total,,,,,,
v3-main-771601/deathstarbench_social_network/split/N/4,acquisition,1,shared_native_pool,,1.5552438370000345,native_parse,,,,,,
v3-main-771601/deathstarbench_social_network/split/N/4,graph,1,B0,,0.006205755999999951,identification,,,,,,
v3-main-771601/deathstarbench_social_network/split/N/4,graph,1,shared_graph_family,,0.7142329360000019,extraction,compose_post,,,,,
v3-main-771601/deathstarbench_social_network/split/N/4,graph,1,shared_graph_family,,0.006100609000000645,identification,compose_post,,,,,
v3-main-771601/deathstarbench_social_network/split/N/4,graph,1,shared_graph_family,,0.0010867350000012266,solve,compose_post,,,,,
v3-main-771601/deathstarbench_social_network/split/N/4,graph,1,G0,,0.0005719249999955878,identification,compose_post,,,,,
v3-main-771601/deathstarbench_social_network/split/N/4,graph,1,G0,,0.00012575600000275244,solve,compose_post,,,,,
v3-main-771601/deathstarbench_social_network/split/N/4,graph,1,shared_graph_family,,0.1428804830000061,extraction,read_home_timeline,,,,,
v3-main-771601/deathstarbench_social_network/split/N/4,graph,1,shared_graph_family,,0.00284433199999512,identification,read_home_timeline,,,,,
v3-main-771601/deathstarbench_social_network/split/N/4,graph,1,shared_graph_family,,0.00018358599999857006,solve,read_home_timeline,,,,,
v3-main-771601/deathstarbench_social_network/split/N/4,graph,1,G0,,0.0001828850000009652,identification,read_home_timeline,,,,,
v3-main-771601/deathstarbench_social_network/split/N/4,graph,1,G0,,6.35290000019495e-05,solve,read_home_timeline,,,,,
v3-main-771601/deathstarbench_social_network/split/N/4,graph,1,shared_graph_family,,0.15411088399999784,extraction,read_user_timeline,,,,,
v3-main-771601/deathstarbench_social_network/split/N/4,graph,1,shared_graph_family,,0.0036839220000004502,identification,read_user_timeline,,,,,
v3-main-771601/deathstarbench_social_network/split/N/4,graph,1,shared_graph_family,,0.0005217919999935816,solve,read_user_timeline,,,,,
v3-main-771601/deathstarbench_social_network/split/N/4,graph,1,G0,,0.0002021999999968216,identification,read_user_timeline,,,,,
v3-main-771601/deathstarbench_social_network/split/N/4,graph,1,G0,,6.610399999829042e-05,solve,read_user_timeline,,,,,
v3-main-771601/deathstarbench_social_network/split/N/4,pmx,1,PMX_shared_variants,,6.703432840999994,native_projection,compose_post,,,,,
v3-main-771601/deathstarbench_social_network/split/N/4,pmx,1,PMX_shared_variants,,2.100199281000002,native_projection,read_home_timeline,,,,,
v3-main-771601/deathstarbench_social_network/split/N/4,pmx,1,PMX_shared_variants,,2.1280046939999977,native_projection,read_user_timeline,,,,,
v3-main-771601/deathstarbench_social_network/split/N/4,pmx,1,PMX_shared_variants,,11.584941231000002,input_and_projection_process_total,,True,,,,
v3-main-771601/deathstarbench_social_network/split/N/4,pmx,1,PMX_shared_variants,,12.32,derived_binary_build,,,javac 11.0.32,2322880b6447754528e201553bc4e2fac00334b7d6f3ac202cfe1e3742bbbcc6,True,"{""maximum_rss_bytes"": 228098048.0, ""path"": ""build-resource-usage.txt"", ""system_seconds"": 0.35, ""user_seconds"": 7.12, ""wall_seconds"": 12.32}"
v3-main-771601/deathstarbench_social_network/split/N/4,pmx,1,PMX_shared_variants,,27.50249555900001,independent_pmx_extraction_process,compose_post,,,,,
v3-main-771601/deathstarbench_social_network/split/N/4,pmx,1,PMX_shared_variants,,22.837686082000005,independent_pmx_extraction_process,read_home_timeline,,,,,
v3-main-771601/deathstarbench_social_network/split/N/4,pmx,1,PMX_shared_variants,,22.93460055,independent_pmx_extraction_process,read_user_timeline,,,,,
v3-main-771601/deathstarbench_social_network/split/N/5,acquisition,1,shared_acquisition,True,2059.4809608269998,acquisition_and_export_process_total,,,,,,
v3-main-771601/deathstarbench_social_network/split/N/5,acquisition,1,shared_native_pool,,2.022617660999913,native_parse,,,,,,
v3-main-771601/deathstarbench_social_network/split/N/5,graph,1,B0,,0.006189079999998626,identification,,,,,,
v3-main-771601/deathstarbench_social_network/split/N/5,graph,1,shared_graph_family,,0.7118094329999991,extraction,compose_post,,,,,
v3-main-771601/deathstarbench_social_network/split/N/5,graph,1,shared_graph_family,,0.006028141999998127,identification,compose_post,,,,,
v3-main-771601/deathstarbench_social_network/split/N/5,graph,1,shared_graph_family,,0.0010955859999981499,solve,compose_post,,,,,
v3-main-771601/deathstarbench_social_network/split/N/5,graph,1,G0,,0.0005752689999951599,identification,compose_post,,,,,
v3-main-771601/deathstarbench_social_network/split/N/5,graph,1,G0,,9.720100000265575e-05,solve,compose_post,,,,,
v3-main-771601/deathstarbench_social_network/split/N/5,graph,1,shared_graph_family,,0.14099772399999466,extraction,read_home_timeline,,,,,
v3-main-771601/deathstarbench_social_network/split/N/5,graph,1,shared_graph_family,,0.002832142999999121,identification,read_home_timeline,,,,,
v3-main-771601/deathstarbench_social_network/split/N/5,graph,1,shared_graph_family,,0.0001917260000041665,solve,read_home_timeline,,,,,
v3-main-771601/deathstarbench_social_network/split/N/5,graph,1,G0,,0.000164184999995598,identification,read_home_timeline,,,,,
v3-main-771601/deathstarbench_social_network/split/N/5,graph,1,G0,,5.502199999796176e-05,solve,read_home_timeline,,,,,
v3-main-771601/deathstarbench_social_network/split/N/5,graph,1,shared_graph_family,,0.15382379700000115,extraction,read_user_timeline,,,,,
v3-main-771601/deathstarbench_social_network/split/N/5,graph,1,shared_graph_family,,0.0036007709999950066,identification,read_user_timeline,,,,,
v3-main-771601/deathstarbench_social_network/split/N/5,graph,1,shared_graph_family,,0.0005048080000022992,solve,read_user_timeline,,,,,
v3-main-771601/deathstarbench_social_network/split/N/5,graph,1,G0,,0.00017347200000017438,identification,read_user_timeline,,,,,
v3-main-771601/deathstarbench_social_network/split/N/5,graph,1,G0,,5.9591000002967576e-05,solve,read_user_timeline,,,,,
v3-main-771601/deathstarbench_social_network/split/N/5,pmx,1,PMX_shared_variants,,5.2887011930000085,native_projection,compose_post,,,,,
v3-main-771601/deathstarbench_social_network/split/N/5,pmx,1,PMX_shared_variants,,1.7027625659999899,native_projection,read_home_timeline,,,,,
v3-main-771601/deathstarbench_social_network/split/N/5,pmx,1,PMX_shared_variants,,1.7094028090000108,native_projection,read_user_timeline,,,,,
v3-main-771601/deathstarbench_social_network/split/N/5,pmx,1,PMX_shared_variants,,9.250651185999999,input_and_projection_process_total,,True,,,,
v3-main-771601/deathstarbench_social_network/split/N/5,pmx,1,PMX_shared_variants,,5.93,derived_binary_build,,,javac 11.0.32,2322880b6447754528e201553bc4e2fac00334b7d6f3ac202cfe1e3742bbbcc6,True,"{""maximum_rss_bytes"": 225734656.0, ""path"": ""build-resource-usage.txt"", ""system_seconds"": 0.28, ""user_seconds"": 5.53, ""wall_seconds"": 5.93}"
v3-main-771601/deathstarbench_social_network/split/N/5,pmx,1,PMX_shared_variants,,25.187170214000005,independent_pmx_extraction_process,compose_post,,,,,
v3-main-771601/deathstarbench_social_network/split/N/5,pmx,1,PMX_shared_variants,,22.28450771499999,independent_pmx_extraction_process,read_home_timeline,,,,,
v3-main-771601/deathstarbench_social_network/split/N/5,pmx,1,PMX_shared_variants,,22.378270174999997,independent_pmx_extraction_process,read_user_timeline,,,,,
v3-main-771601/deathstarbench_social_network/split/N/6,acquisition,1,shared_acquisition,True,2059.866040926,acquisition_and_export_process_total,,,,,,
v3-main-771601/deathstarbench_social_network/split/N/6,acquisition,1,shared_native_pool,,2.034267681000074,native_parse,,,,,,
v3-main-771601/deathstarbench_social_network/split/N/6,graph,1,B0,,0.00593556799999817,identification,,,,,,
v3-main-771601/deathstarbench_social_network/split/N/6,graph,1,shared_graph_family,,0.6826560670000035,extraction,compose_post,,,,,
v3-main-771601/deathstarbench_social_network/split/N/6,graph,1,shared_graph_family,,0.005878290999994817,identification,compose_post,,,,,
v3-main-771601/deathstarbench_social_network/split/N/6,graph,1,shared_graph_family,,0.001073826999999028,solve,compose_post,,,,,
v3-main-771601/deathstarbench_social_network/split/N/6,graph,1,G0,,0.0005607630000028507,identification,compose_post,,,,,
v3-main-771601/deathstarbench_social_network/split/N/6,graph,1,G0,,9.497599999974682e-05,solve,compose_post,,,,,
v3-main-771601/deathstarbench_social_network/split/N/6,graph,1,shared_graph_family,,0.1382920779999992,extraction,read_home_timeline,,,,,
v3-main-771601/deathstarbench_social_network/split/N/6,graph,1,shared_graph_family,,0.0026638940000012212,identification,read_home_timeline,,,,,
v3-main-771601/deathstarbench_social_network/split/N/6,graph,1,shared_graph_family,,0.000175225999996087,solve,read_home_timeline,,,,,
v3-main-771601/deathstarbench_social_network/split/N/6,graph,1,G0,,0.0001815769999993222,identification,read_home_timeline,,,,,
v3-main-771601/deathstarbench_social_network/split/N/6,graph,1,G0,,5.344899999926156e-05,solve,read_home_timeline,,,,,
v3-main-771601/deathstarbench_social_network/split/N/6,graph,1,shared_graph_family,,0.14761396299999774,extraction,read_user_timeline,,,,,
v3-main-771601/deathstarbench_social_network/split/N/6,graph,1,shared_graph_family,,0.003495901000000856,identification,read_user_timeline,,,,,
v3-main-771601/deathstarbench_social_network/split/N/6,graph,1,shared_graph_family,,0.0005128040000030865,solve,read_user_timeline,,,,,
v3-main-771601/deathstarbench_social_network/split/N/6,graph,1,G0,,0.00017559599999827924,identification,read_user_timeline,,,,,
v3-main-771601/deathstarbench_social_network/split/N/6,graph,1,G0,,5.927000000127691e-05,solve,read_user_timeline,,,,,
v3-main-771601/deathstarbench_social_network/split/N/6,pmx,1,PMX_shared_variants,,3.818166658999985,native_projection,compose_post,,,,,
v3-main-771601/deathstarbench_social_network/split/N/6,pmx,1,PMX_shared_variants,,1.2081745520000027,native_projection,read_home_timeline,,,,,
v3-main-771601/deathstarbench_social_network/split/N/6,pmx,1,PMX_shared_variants,,1.2312724039999807,native_projection,read_user_timeline,,,,,
v3-main-771601/deathstarbench_social_network/split/N/6,pmx,1,PMX_shared_variants,,6.708229109000001,input_and_projection_process_total,,True,,,,
v3-main-771601/deathstarbench_social_network/split/N/6,pmx,1,PMX_shared_variants,,10.83,derived_binary_build,,,javac 11.0.32,2322880b6447754528e201553bc4e2fac00334b7d6f3ac202cfe1e3742bbbcc6,True,"{""maximum_rss_bytes"": 225923072.0, ""path"": ""build-resource-usage.txt"", ""system_seconds"": 0.27, ""user_seconds"": 5.37, ""wall_seconds"": 10.83}"
v3-main-771601/deathstarbench_social_network/split/N/6,pmx,1,PMX_shared_variants,,27.852720138999985,independent_pmx_extraction_process,compose_post,,,,,
v3-main-771601/deathstarbench_social_network/split/N/6,pmx,1,PMX_shared_variants,,22.431688767999958,independent_pmx_extraction_process,read_home_timeline,,,,,
v3-main-771601/deathstarbench_social_network/split/N/6,pmx,1,PMX_shared_variants,,22.329008154999997,independent_pmx_extraction_process,read_user_timeline,,,,,
v3-main-771601/deathstarbench_social_network/split/N/7,acquisition,1,shared_acquisition,True,2060.168515169,acquisition_and_export_process_total,,,,,,
v3-main-771601/deathstarbench_social_network/split/N/7,acquisition,1,shared_native_pool,,2.1616885950002143,native_parse,,,,,,
v3-main-771601/deathstarbench_social_network/split/N/7,graph,1,B0,,0.006069201000002522,identification,,,,,,
v3-main-771601/deathstarbench_social_network/split/N/7,graph,1,shared_graph_family,,0.7112776260000118,extraction,compose_post,,,,,
v3-main-771601/deathstarbench_social_network/split/N/7,graph,1,shared_graph_family,,0.006101882999999475,identification,compose_post,,,,,
v3-main-771601/deathstarbench_social_network/split/N/7,graph,1,shared_graph_family,,0.0011040370000046096,solve,compose_post,,,,,
v3-main-771601/deathstarbench_social_network/split/N/7,graph,1,G0,,0.0005691750000096363,identification,compose_post,,,,,
v3-main-771601/deathstarbench_social_network/split/N/7,graph,1,G0,,0.00010478599999430571,solve,compose_post,,,,,
v3-main-771601/deathstarbench_social_network/split/N/7,graph,1,shared_graph_family,,0.1500540079999979,extraction,read_home_timeline,,,,,
v3-main-771601/deathstarbench_social_network/split/N/7,graph,1,shared_graph_family,,0.002862337999999909,identification,read_home_timeline,,,,,
v3-main-771601/deathstarbench_social_network/split/N/7,graph,1,shared_graph_family,,0.0001820610000038414,solve,read_home_timeline,,,,,
v3-main-771601/deathstarbench_social_network/split/N/7,graph,1,G0,,0.00016644100000462458,identification,read_home_timeline,,,,,
v3-main-771601/deathstarbench_social_network/split/N/7,graph,1,G0,,6.851900000981459e-05,solve,read_home_timeline,,,,,
v3-main-771601/deathstarbench_social_network/split/N/7,graph,1,shared_graph_family,,0.15141587700000514,extraction,read_user_timeline,,,,,
v3-main-771601/deathstarbench_social_network/split/N/7,graph,1,shared_graph_family,,0.003671412999992185,identification,read_user_timeline,,,,,
v3-main-771601/deathstarbench_social_network/split/N/7,graph,1,shared_graph_family,,0.00051354100000367,solve,read_user_timeline,,,,,
v3-main-771601/deathstarbench_social_network/split/N/7,graph,1,G0,,0.00017247200000269913,identification,read_user_timeline,,,,,
v3-main-771601/deathstarbench_social_network/split/N/7,graph,1,G0,,5.5854999999382926e-05,solve,read_user_timeline,,,,,
v3-main-771601/deathstarbench_social_network/split/N/7,pmx,1,PMX_shared_variants,,4.873344506000009,native_projection,compose_post,,,,,
v3-main-771601/deathstarbench_social_network/split/N/7,pmx,1,PMX_shared_variants,,1.5663628140000014,native_projection,read_home_timeline,,,,,
v3-main-771601/deathstarbench_social_network/split/N/7,pmx,1,PMX_shared_variants,,1.5519810290000038,native_projection,read_user_timeline,,,,,
v3-main-771601/deathstarbench_social_network/split/N/7,pmx,1,PMX_shared_variants,,8.484450342000002,input_and_projection_process_total,,True,,,,
v3-main-771601/deathstarbench_social_network/split/N/7,pmx,1,PMX_shared_variants,,8.84,derived_binary_build,,,javac 11.0.32,2322880b6447754528e201553bc4e2fac00334b7d6f3ac202cfe1e3742bbbcc6,True,"{""maximum_rss_bytes"": 225697792.0, ""path"": ""build-resource-usage.txt"", ""system_seconds"": 0.28, ""user_seconds"": 6.81, ""wall_seconds"": 8.84}"
v3-main-771601/deathstarbench_social_network/split/N/7,pmx,1,PMX_shared_variants,,28.099586580999997,independent_pmx_extraction_process,compose_post,,,,,
v3-main-771601/deathstarbench_social_network/split/N/7,pmx,1,PMX_shared_variants,,22.637336902000015,independent_pmx_extraction_process,read_home_timeline,,,,,
v3-main-771601/deathstarbench_social_network/split/N/7,pmx,1,PMX_shared_variants,,22.678205798999983,independent_pmx_extraction_process,read_user_timeline,,,,,
v3-main-771601/deathstarbench_social_network/split/N/8,acquisition,1,shared_acquisition,True,2059.4940342420005,acquisition_and_export_process_total,,,,,,
v3-main-771601/deathstarbench_social_network/split/N/8,acquisition,1,shared_native_pool,,2.0543641600002047,native_parse,,,,,,
v3-main-771601/deathstarbench_social_network/split/N/8,graph,1,B0,,0.004574128999998095,identification,,,,,,
v3-main-771601/deathstarbench_social_network/split/N/8,graph,1,shared_graph_family,,0.5162517079999986,extraction,compose_post,,,,,
v3-main-771601/deathstarbench_social_network/split/N/8,graph,1,shared_graph_family,,0.0048786889999945515,identification,compose_post,,,,,
v3-main-771601/deathstarbench_social_network/split/N/8,graph,1,shared_graph_family,,0.0008194210000027624,solve,compose_post,,,,,
v3-main-771601/deathstarbench_social_network/split/N/8,graph,1,G0,,0.0004690429999953949,identification,compose_post,,,,,
v3-main-771601/deathstarbench_social_network/split/N/8,graph,1,G0,,7.687300000469577e-05,solve,compose_post,,,,,
v3-main-771601/deathstarbench_social_network/split/N/8,graph,1,shared_graph_family,,0.09694156100000129,extraction,read_home_timeline,,,,,
v3-main-771601/deathstarbench_social_network/split/N/8,graph,1,shared_graph_family,,0.0021550649999966254,identification,read_home_timeline,,,,,
v3-main-771601/deathstarbench_social_network/split/N/8,graph,1,shared_graph_family,,0.00015060199999794577,solve,read_home_timeline,,,,,
v3-main-771601/deathstarbench_social_network/split/N/8,graph,1,G0,,0.0001314650000026063,identification,read_home_timeline,,,,,
v3-main-771601/deathstarbench_social_network/split/N/8,graph,1,G0,,4.5796999998515275e-05,solve,read_home_timeline,,,,,
v3-main-771601/deathstarbench_social_network/split/N/8,graph,1,shared_graph_family,,0.10307262100000258,extraction,read_user_timeline,,,,,
v3-main-771601/deathstarbench_social_network/split/N/8,graph,1,shared_graph_family,,0.002811054000005697,identification,read_user_timeline,,,,,
v3-main-771601/deathstarbench_social_network/split/N/8,graph,1,shared_graph_family,,0.0004048980000064262,solve,read_user_timeline,,,,,
v3-main-771601/deathstarbench_social_network/split/N/8,graph,1,G0,,0.00013561099999748194,identification,read_user_timeline,,,,,
v3-main-771601/deathstarbench_social_network/split/N/8,graph,1,G0,,4.912299999659808e-05,solve,read_user_timeline,,,,,
v3-main-771601/deathstarbench_social_network/split/N/8,pmx,1,PMX_shared_variants,,5.103849245999982,native_projection,compose_post,,,,,
v3-main-771601/deathstarbench_social_network/split/N/8,pmx,1,PMX_shared_variants,,1.6133240359999945,native_projection,read_home_timeline,,,,,
v3-main-771601/deathstarbench_social_network/split/N/8,pmx,1,PMX_shared_variants,,1.626279105000009,native_projection,read_user_timeline,,,,,
v3-main-771601/deathstarbench_social_network/split/N/8,pmx,1,PMX_shared_variants,,8.827031108,input_and_projection_process_total,,True,,,,
v3-main-771601/deathstarbench_social_network/split/N/8,pmx,1,PMX_shared_variants,,6.16,derived_binary_build,,,javac 11.0.32,2322880b6447754528e201553bc4e2fac00334b7d6f3ac202cfe1e3742bbbcc6,True,"{""maximum_rss_bytes"": 226193408.0, ""path"": ""build-resource-usage.txt"", ""system_seconds"": 0.26, ""user_seconds"": 5.34, ""wall_seconds"": 6.16}"
v3-main-771601/deathstarbench_social_network/split/N/8,pmx,1,PMX_shared_variants,,25.590737990000008,independent_pmx_extraction_process,compose_post,,,,,
v3-main-771601/deathstarbench_social_network/split/N/8,pmx,1,PMX_shared_variants,,22.281419561000007,independent_pmx_extraction_process,read_home_timeline,,,,,
v3-main-771601/deathstarbench_social_network/split/N/8,pmx,1,PMX_shared_variants,,22.22570202,independent_pmx_extraction_process,read_user_timeline,,,,,
v3-main-771601/deathstarbench_social_network/split/N/9,acquisition,1,shared_acquisition,True,2059.6713014899997,acquisition_and_export_process_total,,,,,,
v3-main-771601/deathstarbench_social_network/split/N/9,acquisition,1,shared_native_pool,,2.0709230729999035,native_parse,,,,,,
v3-main-771601/deathstarbench_social_network/split/N/9,graph,1,B0,,0.004604051999997694,identification,,,,,,
v3-main-771601/deathstarbench_social_network/split/N/9,graph,1,shared_graph_family,,0.5153629190000046,extraction,compose_post,,,,,
v3-main-771601/deathstarbench_social_network/split/N/9,graph,1,shared_graph_family,,0.004754003000002172,identification,compose_post,,,,,
v3-main-771601/deathstarbench_social_network/split/N/9,graph,1,shared_graph_family,,0.0008275529999934861,solve,compose_post,,,,,
v3-main-771601/deathstarbench_social_network/split/N/9,graph,1,G0,,0.00042659999999727916,identification,compose_post,,,,,
v3-main-771601/deathstarbench_social_network/split/N/9,graph,1,G0,,7.918699999720502e-05,solve,compose_post,,,,,
v3-main-771601/deathstarbench_social_network/split/N/9,graph,1,shared_graph_family,,0.09763674500000263,extraction,read_home_timeline,,,,,
v3-main-771601/deathstarbench_social_network/split/N/9,graph,1,shared_graph_family,,0.0022442559999973355,identification,read_home_timeline,,,,,
v3-main-771601/deathstarbench_social_network/split/N/9,graph,1,shared_graph_family,,0.00015943600000412061,solve,read_home_timeline,,,,,
v3-main-771601/deathstarbench_social_network/split/N/9,graph,1,G0,,0.00012758900000164886,identification,read_home_timeline,,,,,
v3-main-771601/deathstarbench_social_network/split/N/9,graph,1,G0,,4.444599999686716e-05,solve,read_home_timeline,,,,,
v3-main-771601/deathstarbench_social_network/split/N/9,graph,1,shared_graph_family,,0.10335671500000387,extraction,read_user_timeline,,,,,
v3-main-771601/deathstarbench_social_network/split/N/9,graph,1,shared_graph_family,,0.0028012789999962706,identification,read_user_timeline,,,,,
v3-main-771601/deathstarbench_social_network/split/N/9,graph,1,shared_graph_family,,0.00039146799999656423,solve,read_user_timeline,,,,,
v3-main-771601/deathstarbench_social_network/split/N/9,graph,1,G0,,0.00014365300000207526,identification,read_user_timeline,,,,,
v3-main-771601/deathstarbench_social_network/split/N/9,graph,1,G0,,4.8771999999530635e-05,solve,read_user_timeline,,,,,
v3-main-771601/deathstarbench_social_network/split/N/9,pmx,1,PMX_shared_variants,,6.364891027000027,native_projection,compose_post,,,,,
v3-main-771601/deathstarbench_social_network/split/N/9,pmx,1,PMX_shared_variants,,2.031748692000008,native_projection,read_home_timeline,,,,,
v3-main-771601/deathstarbench_social_network/split/N/9,pmx,1,PMX_shared_variants,,2.05675592700004,native_projection,read_user_timeline,,,,,
v3-main-771601/deathstarbench_social_network/split/N/9,pmx,1,PMX_shared_variants,,11.01650871199999,input_and_projection_process_total,,True,,,,
v3-main-771601/deathstarbench_social_network/split/N/9,pmx,1,PMX_shared_variants,,12.59,derived_binary_build,,,javac 11.0.32,2322880b6447754528e201553bc4e2fac00334b7d6f3ac202cfe1e3742bbbcc6,True,"{""maximum_rss_bytes"": 227799040.0, ""path"": ""build-resource-usage.txt"", ""system_seconds"": 0.28, ""user_seconds"": 6.75, ""wall_seconds"": 12.59}"
v3-main-771601/deathstarbench_social_network/split/N/9,pmx,1,PMX_shared_variants,,27.79891683400001,independent_pmx_extraction_process,compose_post,,,,,
v3-main-771601/deathstarbench_social_network/split/N/9,pmx,1,PMX_shared_variants,,22.931115126999998,independent_pmx_extraction_process,read_home_timeline,,,,,
v3-main-771601/deathstarbench_social_network/split/N/9,pmx,1,PMX_shared_variants,,22.929110785000034,independent_pmx_extraction_process,read_user_timeline,,,,,
v3-main-771601/deathstarbench_social_network/split/NC/0,acquisition,1,shared_acquisition,True,2057.238877276,acquisition_and_export_process_total,,,,,,
v3-main-771601/deathstarbench_social_network/split/NC/0,acquisition,1,shared_native_pool,,1.5006591110000045,native_parse,,,,,,
v3-main-771601/deathstarbench_social_network/split/NC/0,graph,1,B0,,0.006108195999999566,identification,,,,,,
v3-main-771601/deathstarbench_social_network/split/NC/0,graph,1,shared_graph_family,,0.7144773070000099,extraction,compose_post,,,,,
v3-main-771601/deathstarbench_social_network/split/NC/0,graph,1,shared_graph_family,,0.006387768999999821,identification,compose_post,,,,,
v3-main-771601/deathstarbench_social_network/split/NC/0,graph,1,shared_graph_family,,0.003171280999993087,solve,compose_post,,,,,
v3-main-771601/deathstarbench_social_network/split/NC/0,graph,1,G0,,0.000613676000000396,identification,compose_post,,,,,
v3-main-771601/deathstarbench_social_network/split/NC/0,graph,1,G0,,0.00013181499998893287,solve,compose_post,,,,,
v3-main-771601/deathstarbench_social_network/split/NC/0,graph,1,shared_graph_family,,0.1300288690000002,extraction,read_home_timeline,,,,,
v3-main-771601/deathstarbench_social_network/split/NC/0,graph,1,shared_graph_family,,0.0028023070000102734,identification,read_home_timeline,,,,,
v3-main-771601/deathstarbench_social_network/split/NC/0,graph,1,shared_graph_family,,0.00020863800000370247,solve,read_home_timeline,,,,,
v3-main-771601/deathstarbench_social_network/split/NC/0,graph,1,G0,,0.00016896900000062942,identification,read_home_timeline,,,,,
v3-main-771601/deathstarbench_social_network/split/NC/0,graph,1,G0,,6.184200000802775e-05,solve,read_home_timeline,,,,,
v3-main-771601/deathstarbench_social_network/split/NC/0,graph,1,shared_graph_family,,0.13622085999999456,extraction,read_user_timeline,,,,,
v3-main-771601/deathstarbench_social_network/split/NC/0,graph,1,shared_graph_family,,0.0038629419999978154,identification,read_user_timeline,,,,,
v3-main-771601/deathstarbench_social_network/split/NC/0,graph,1,shared_graph_family,,0.0022155300000008538,solve,read_user_timeline,,,,,
v3-main-771601/deathstarbench_social_network/split/NC/0,graph,1,G0,,0.00018754700001011315,identification,read_user_timeline,,,,,
v3-main-771601/deathstarbench_social_network/split/NC/0,graph,1,G0,,7.289700000967514e-05,solve,read_user_timeline,,,,,
v3-main-771601/deathstarbench_social_network/split/NC/0,pmx,1,PMX_shared_variants,,6.4941185459999815,native_projection,compose_post,,,,,
v3-main-771601/deathstarbench_social_network/split/NC/0,pmx,1,PMX_shared_variants,,2.0661160499998914,native_projection,read_home_timeline,,,,,
v3-main-771601/deathstarbench_social_network/split/NC/0,pmx,1,PMX_shared_variants,,2.074154015999966,native_projection,read_user_timeline,,,,,
v3-main-771601/deathstarbench_social_network/split/NC/0,pmx,1,PMX_shared_variants,,11.229006888999947,input_and_projection_process_total,,True,,,,
v3-main-771601/deathstarbench_social_network/split/NC/0,pmx,1,PMX_shared_variants,,14.39,derived_binary_build,,,javac 11.0.32,2322880b6447754528e201553bc4e2fac00334b7d6f3ac202cfe1e3742bbbcc6,True,"{""maximum_rss_bytes"": 227614720.0, ""path"": ""build-resource-usage.txt"", ""system_seconds"": 0.37, ""user_seconds"": 7.01, ""wall_seconds"": 14.39}"
v3-main-771601/deathstarbench_social_network/split/NC/0,pmx,1,PMX_shared_variants,,27.947353177999958,independent_pmx_extraction_process,compose_post,,,,,
v3-main-771601/deathstarbench_social_network/split/NC/0,pmx,1,PMX_shared_variants,,23.039781034000043,independent_pmx_extraction_process,read_home_timeline,,,,,
v3-main-771601/deathstarbench_social_network/split/NC/0,pmx,1,PMX_shared_variants,,23.03411194399996,independent_pmx_extraction_process,read_user_timeline,,,,,
v3-main-771601/deathstarbench_social_network/split/NC/1,acquisition,1,shared_acquisition,True,2059.551693848,acquisition_and_export_process_total,,,,,,
v3-main-771601/deathstarbench_social_network/split/NC/1,acquisition,1,shared_native_pool,,2.0335610399997677,native_parse,,,,,,
v3-main-771601/deathstarbench_social_network/split/NC/1,graph,1,B0,,0.005590783999998905,identification,,,,,,
v3-main-771601/deathstarbench_social_network/split/NC/1,graph,1,shared_graph_family,,0.5734641409999952,extraction,compose_post,,,,,
v3-main-771601/deathstarbench_social_network/split/NC/1,graph,1,shared_graph_family,,0.005469869999998878,identification,compose_post,,,,,
v3-main-771601/deathstarbench_social_network/split/NC/1,graph,1,shared_graph_family,,0.005976210999996567,solve,compose_post,,,,,
v3-main-771601/deathstarbench_social_network/split/NC/1,graph,1,G0,,0.0005063030000016511,identification,compose_post,,,,,
v3-main-771601/deathstarbench_social_network/split/NC/1,graph,1,G0,,0.00011387800000051129,solve,compose_post,,,,,
v3-main-771601/deathstarbench_social_network/split/NC/1,graph,1,shared_graph_family,,0.12550447499999962,extraction,read_home_timeline,,,,,
v3-main-771601/deathstarbench_social_network/split/NC/1,graph,1,shared_graph_family,,0.0024460690000012164,identification,read_home_timeline,,,,,
v3-main-771601/deathstarbench_social_network/split/NC/1,graph,1,shared_graph_family,,0.00016713899999842852,solve,read_home_timeline,,,,,
v3-main-771601/deathstarbench_social_network/split/NC/1,graph,1,G0,,0.00014672100000012733,identification,read_home_timeline,,,,,
v3-main-771601/deathstarbench_social_network/split/NC/1,graph,1,G0,,5.183999999758271e-05,solve,read_home_timeline,,,,,
v3-main-771601/deathstarbench_social_network/split/NC/1,pmx,1,PMX_shared_variants,,6.536627760000002,native_projection,compose_post,,,,,
v3-main-771601/deathstarbench_social_network/split/NC/1,pmx,1,PMX_shared_variants,,2.1213772189999958,native_projection,read_home_timeline,,,,,
v3-main-771601/deathstarbench_social_network/split/NC/1,pmx,1,PMX_shared_variants,,2.062584658000006,native_projection,read_user_timeline,,,,,
v3-main-771601/deathstarbench_social_network/split/NC/1,pmx,1,PMX_shared_variants,,11.335117519999997,input_and_projection_process_total,,True,,,,
v3-main-771601/deathstarbench_social_network/split/NC/1,pmx,1,PMX_shared_variants,,11.24,derived_binary_build,,,javac 11.0.32,2322880b6447754528e201553bc4e2fac00334b7d6f3ac202cfe1e3742bbbcc6,True,"{""maximum_rss_bytes"": 227893248.0, ""path"": ""build-resource-usage.txt"", ""system_seconds"": 0.32, ""user_seconds"": 7.0, ""wall_seconds"": 11.24}"
v3-main-771601/deathstarbench_social_network/split/NC/1,pmx,1,PMX_shared_variants,,28.35303982299999,independent_pmx_extraction_process,compose_post,,,,,
v3-main-771601/deathstarbench_social_network/split/NC/1,pmx,1,PMX_shared_variants,,22.979007206000006,independent_pmx_extraction_process,read_home_timeline,,,,,
v3-main-771601/deathstarbench_social_network/split/NC/1,pmx,1,PMX_shared_variants,,23.082401750000002,independent_pmx_extraction_process,read_user_timeline,,,,,
v3-main-771601/deathstarbench_social_network/split/NC/2,acquisition,1,shared_acquisition,True,2060.2956795090004,acquisition_and_export_process_total,,,,,,
v3-main-771601/deathstarbench_social_network/split/NC/2,acquisition,1,shared_native_pool,,2.2402501790002134,native_parse,,,,,,
v3-main-771601/deathstarbench_social_network/split/NC/2,graph,1,B0,,0.0059764690000037035,identification,,,,,,
v3-main-771601/deathstarbench_social_network/split/NC/2,graph,1,shared_graph_family,,0.6824262080000025,extraction,compose_post,,,,,
v3-main-771601/deathstarbench_social_network/split/NC/2,graph,1,shared_graph_family,,0.005979823000004103,identification,compose_post,,,,,
v3-main-771601/deathstarbench_social_network/split/NC/2,graph,1,shared_graph_family,,0.0037014510000048517,solve,compose_post,,,,,
v3-main-771601/deathstarbench_social_network/split/NC/2,graph,1,G0,,0.0005654930000034142,identification,compose_post,,,,,
v3-main-771601/deathstarbench_social_network/split/NC/2,graph,1,G0,,0.00012006399999364703,solve,compose_post,,,,,
v3-main-771601/deathstarbench_social_network/split/NC/2,graph,1,shared_graph_family,,0.13605649199999448,extraction,read_home_timeline,,,,,
v3-main-771601/deathstarbench_social_network/split/NC/2,graph,1,shared_graph_family,,0.0027314650000036522,identification,read_home_timeline,,,,,
v3-main-771601/deathstarbench_social_network/split/NC/2,graph,1,shared_graph_family,,0.00019357000000042035,solve,read_home_timeline,,,,,
v3-main-771601/deathstarbench_social_network/split/NC/2,graph,1,G0,,0.00018146800000096164,identification,read_home_timeline,,,,,
v3-main-771601/deathstarbench_social_network/split/NC/2,graph,1,G0,,5.05439999969326e-05,solve,read_home_timeline,,,,,
v3-main-771601/deathstarbench_social_network/split/NC/2,graph,1,shared_graph_family,,0.1475030220000022,extraction,read_user_timeline,,,,,
v3-main-771601/deathstarbench_social_network/split/NC/2,graph,1,shared_graph_family,,0.0036926140000019814,identification,read_user_timeline,,,,,
v3-main-771601/deathstarbench_social_network/split/NC/2,graph,1,shared_graph_family,,0.003008540999999809,solve,read_user_timeline,,,,,
v3-main-771601/deathstarbench_social_network/split/NC/2,graph,1,G0,,0.00018312099999917564,identification,read_user_timeline,,,,,
v3-main-771601/deathstarbench_social_network/split/NC/2,graph,1,G0,,6.0902999997836105e-05,solve,read_user_timeline,,,,,
v3-main-771601/deathstarbench_social_network/split/NC/2,pmx,1,PMX_shared_variants,,5.178332759999989,native_projection,compose_post,,,,,
v3-main-771601/deathstarbench_social_network/split/NC/2,pmx,1,PMX_shared_variants,,1.6435300839999627,native_projection,read_home_timeline,,,,,
v3-main-771601/deathstarbench_social_network/split/NC/2,pmx,1,PMX_shared_variants,,1.6663227610000035,native_projection,read_user_timeline,,,,,
v3-main-771601/deathstarbench_social_network/split/NC/2,pmx,1,PMX_shared_variants,,8.98444475499997,input_and_projection_process_total,,True,,,,
v3-main-771601/deathstarbench_social_network/split/NC/2,pmx,1,PMX_shared_variants,,7.7,derived_binary_build,,,javac 11.0.32,2322880b6447754528e201553bc4e2fac00334b7d6f3ac202cfe1e3742bbbcc6,True,"{""maximum_rss_bytes"": 225509376.0, ""path"": ""build-resource-usage.txt"", ""system_seconds"": 0.28, ""user_seconds"": 5.49, ""wall_seconds"": 7.7}"
v3-main-771601/deathstarbench_social_network/split/NC/2,pmx,1,PMX_shared_variants,,25.293613943000025,independent_pmx_extraction_process,compose_post,,,,,
v3-main-771601/deathstarbench_social_network/split/NC/2,pmx,1,PMX_shared_variants,,22.331856637999977,independent_pmx_extraction_process,read_home_timeline,,,,,
v3-main-771601/deathstarbench_social_network/split/NC/2,pmx,1,PMX_shared_variants,,22.27627337499996,independent_pmx_extraction_process,read_user_timeline,,,,,
v3-main-771601/deathstarbench_social_network/split/NC/3,acquisition,1,shared_acquisition,True,2056.951766934,acquisition_and_export_process_total,,,,,,
v3-main-771601/deathstarbench_social_network/split/NC/3,acquisition,1,shared_native_pool,,1.3777481150000312,native_parse,,,,,,
v3-main-771601/deathstarbench_social_network/split/NC/3,graph,1,B0,,0.006014206000003242,identification,,,,,,
v3-main-771601/deathstarbench_social_network/split/NC/3,graph,1,shared_graph_family,,0.6491554119999989,extraction,compose_post,,,,,
v3-main-771601/deathstarbench_social_network/split/NC/3,graph,1,shared_graph_family,,0.006348631999998133,identification,compose_post,,,,,
v3-main-771601/deathstarbench_social_network/split/NC/3,graph,1,shared_graph_family,,0.0055852729999941175,solve,compose_post,,,,,
v3-main-771601/deathstarbench_social_network/split/NC/3,graph,1,G0,,0.0005733330000055048,identification,compose_post,,,,,
v3-main-771601/deathstarbench_social_network/split/NC/3,graph,1,G0,,0.00011020600000222203,solve,compose_post,,,,,
v3-main-771601/deathstarbench_social_network/split/NC/3,graph,1,shared_graph_family,,0.1396973279999969,extraction,read_home_timeline,,,,,
v3-main-771601/deathstarbench_social_network/split/NC/3,graph,1,shared_graph_family,,0.002800049999990506,identification,read_home_timeline,,,,,
v3-main-771601/deathstarbench_social_network/split/NC/3,graph,1,shared_graph_family,,0.00018223099999659098,solve,read_home_timeline,,,,,
v3-main-771601/deathstarbench_social_network/split/NC/3,graph,1,G0,,0.00016454800000076375,identification,read_home_timeline,,,,,
v3-main-771601/deathstarbench_social_network/split/NC/3,graph,1,G0,,5.134600000644696e-05,solve,read_home_timeline,,,,,
v3-main-771601/deathstarbench_social_network/split/NC/3,pmx,1,PMX_shared_variants,,5.976927894999989,native_projection,compose_post,,,,,
v3-main-771601/deathstarbench_social_network/split/NC/3,pmx,1,PMX_shared_variants,,1.9941093649999857,native_projection,read_home_timeline,,,,,
v3-main-771601/deathstarbench_social_network/split/NC/3,pmx,1,PMX_shared_variants,,1.7262503139999978,native_projection,read_user_timeline,,,,,
v3-main-771601/deathstarbench_social_network/split/NC/3,pmx,1,PMX_shared_variants,,10.270058076999987,input_and_projection_process_total,,True,,,,
v3-main-771601/deathstarbench_social_network/split/NC/3,pmx,1,PMX_shared_variants,,10.19,derived_binary_build,,,javac 11.0.32,2322880b6447754528e201553bc4e2fac00334b7d6f3ac202cfe1e3742bbbcc6,True,"{""maximum_rss_bytes"": 227586048.0, ""path"": ""build-resource-usage.txt"", ""system_seconds"": 0.3, ""user_seconds"": 6.92, ""wall_seconds"": 10.19}"
v3-main-771601/deathstarbench_social_network/split/NC/3,pmx,1,PMX_shared_variants,,27.24595369100001,independent_pmx_extraction_process,compose_post,,,,,
v3-main-771601/deathstarbench_social_network/split/NC/3,pmx,1,PMX_shared_variants,,22.984209722999992,independent_pmx_extraction_process,read_home_timeline,,,,,
v3-main-771601/deathstarbench_social_network/split/NC/3,pmx,1,PMX_shared_variants,,22.980881329,independent_pmx_extraction_process,read_user_timeline,,,,,
v3-main-771601/deathstarbench_social_network/split/NC/4,acquisition,1,shared_acquisition,True,2059.583215691,acquisition_and_export_process_total,,,,,,
v3-main-771601/deathstarbench_social_network/split/NC/4,acquisition,1,shared_native_pool,,2.1370140049998554,native_parse,,,,,,
v3-main-771601/deathstarbench_social_network/split/NC/4,graph,1,B0,,0.004236266000020805,identification,,,,,,
v3-main-771601/deathstarbench_social_network/split/NC/4,graph,1,shared_graph_family,,0.4696300670000255,extraction,compose_post,,,,,
v3-main-771601/deathstarbench_social_network/split/NC/4,graph,1,shared_graph_family,,0.004536631000064517,identification,compose_post,,,,,
v3-main-771601/deathstarbench_social_network/split/NC/4,graph,1,shared_graph_family,,0.004479760000094757,solve,compose_post,,,,,
v3-main-771601/deathstarbench_social_network/split/NC/4,graph,1,G0,,0.0004193429999759246,identification,compose_post,,,,,
v3-main-771601/deathstarbench_social_network/split/NC/4,graph,1,G0,,0.00010224999994079553,solve,compose_post,,,,,
v3-main-771601/deathstarbench_social_network/split/NC/4,graph,1,shared_graph_family,,0.09548330099994473,extraction,read_home_timeline,,,,,
v3-main-771601/deathstarbench_social_network/split/NC/4,graph,1,shared_graph_family,,0.0019879919999539197,identification,read_home_timeline,,,,,
v3-main-771601/deathstarbench_social_network/split/NC/4,graph,1,shared_graph_family,,0.000137283000071875,solve,read_home_timeline,,,,,
v3-main-771601/deathstarbench_social_network/split/NC/4,graph,1,G0,,0.0001244190000306844,identification,read_home_timeline,,,,,
v3-main-771601/deathstarbench_social_network/split/NC/4,graph,1,G0,,5.26380000565041e-05,solve,read_home_timeline,,,,,
v3-main-771601/deathstarbench_social_network/split/NC/4,pmx,1,PMX_shared_variants,,3.609094761999998,native_projection,compose_post,,,,,
v3-main-771601/deathstarbench_social_network/split/NC/4,pmx,1,PMX_shared_variants,,1.1743633269999947,native_projection,read_home_timeline,,,,,
v3-main-771601/deathstarbench_social_network/split/NC/4,pmx,1,PMX_shared_variants,,1.1415258460000075,native_projection,read_user_timeline,,,,,
v3-main-771601/deathstarbench_social_network/split/NC/4,pmx,1,PMX_shared_variants,,6.334570472999999,input_and_projection_process_total,,True,,,,
v3-main-771601/deathstarbench_social_network/split/NC/4,pmx,1,PMX_shared_variants,,12.08,derived_binary_build,,,javac 11.0.32,2322880b6447754528e201553bc4e2fac00334b7d6f3ac202cfe1e3742bbbcc6,True,"{""maximum_rss_bytes"": 225652736.0, ""path"": ""build-resource-usage.txt"", ""system_seconds"": 0.26, ""user_seconds"": 5.27, ""wall_seconds"": 12.08}"
v3-main-771601/deathstarbench_social_network/split/NC/4,pmx,1,PMX_shared_variants,,30.454090409999992,independent_pmx_extraction_process,compose_post,,,,,
v3-main-771601/deathstarbench_social_network/split/NC/4,pmx,1,PMX_shared_variants,,22.379054994,independent_pmx_extraction_process,read_home_timeline,,,,,
v3-main-771601/deathstarbench_social_network/split/NC/4,pmx,1,PMX_shared_variants,,22.22829338599999,independent_pmx_extraction_process,read_user_timeline,,,,,
v3-main-771601/deathstarbench_social_network/split/NC/5,acquisition,1,shared_acquisition,True,2058.6757986290004,acquisition_and_export_process_total,,,,,,
v3-main-771601/deathstarbench_social_network/split/NC/5,acquisition,1,shared_native_pool,,1.8889964119998695,native_parse,,,,,,
v3-main-771601/deathstarbench_social_network/split/NC/5,graph,1,B0,,0.0034667930000011893,identification,,,,,,
v3-main-771601/deathstarbench_social_network/split/NC/5,graph,1,shared_graph_family,,0.07622146000001351,extraction,read_home_timeline,,,,,
v3-main-771601/deathstarbench_social_network/split/NC/5,graph,1,shared_graph_family,,0.0022887380000042867,identification,read_home_timeline,,,,,
v3-main-771601/deathstarbench_social_network/split/NC/5,graph,1,shared_graph_family,,0.00018063400000301044,solve,read_home_timeline,,,,,
v3-main-771601/deathstarbench_social_network/split/NC/5,graph,1,G0,,0.00012888100000907343,identification,read_home_timeline,,,,,
v3-main-771601/deathstarbench_social_network/split/NC/5,graph,1,G0,,6.829800000218711e-05,solve,read_home_timeline,,,,,
v3-main-771601/deathstarbench_social_network/split/NC/5,pmx,1,PMX_shared_variants,,5.925921689999996,native_projection,compose_post,,,,,
v3-main-771601/deathstarbench_social_network/split/NC/5,pmx,1,PMX_shared_variants,,1.9849517170000013,native_projection,read_home_timeline,,,,,
v3-main-771601/deathstarbench_social_network/split/NC/5,pmx,1,PMX_shared_variants,,1.8099459960000104,native_projection,read_user_timeline,,,,,
v3-main-771601/deathstarbench_social_network/split/NC/5,pmx,1,PMX_shared_variants,,10.306060924999997,input_and_projection_process_total,,True,,,,
v3-main-771601/deathstarbench_social_network/split/NC/5,pmx,1,PMX_shared_variants,,8.92,derived_binary_build,,,javac 11.0.32,2322880b6447754528e201553bc4e2fac00334b7d6f3ac202cfe1e3742bbbcc6,True,"{""maximum_rss_bytes"": 227581952.0, ""path"": ""build-resource-usage.txt"", ""system_seconds"": 0.3, ""user_seconds"": 6.83, ""wall_seconds"": 8.92}"
v3-main-771601/deathstarbench_social_network/split/NC/5,pmx,1,PMX_shared_variants,,27.149760705000006,independent_pmx_extraction_process,compose_post,,,,,
v3-main-771601/deathstarbench_social_network/split/NC/5,pmx,1,PMX_shared_variants,,22.930954350000007,independent_pmx_extraction_process,read_home_timeline,,,,,
v3-main-771601/deathstarbench_social_network/split/NC/5,pmx,1,PMX_shared_variants,,22.886827719999985,independent_pmx_extraction_process,read_user_timeline,,,,,
v3-main-771601/deathstarbench_social_network/split/NC/6,acquisition,1,shared_acquisition,True,2058.899251277,acquisition_and_export_process_total,,,,,,
v3-main-771601/deathstarbench_social_network/split/NC/6,acquisition,1,shared_native_pool,,1.9676134830001502,native_parse,,,,,,
v3-main-771601/deathstarbench_social_network/split/NC/6,graph,1,B0,,0.004415369000000169,identification,,,,,,
v3-main-771601/deathstarbench_social_network/split/NC/6,graph,1,shared_graph_family,,0.09739625400000307,extraction,read_home_timeline,,,,,
v3-main-771601/deathstarbench_social_network/split/NC/6,graph,1,shared_graph_family,,0.002295885999998859,identification,read_home_timeline,,,,,
v3-main-771601/deathstarbench_social_network/split/NC/6,graph,1,shared_graph_family,,0.00035076900000063915,solve,read_home_timeline,,,,,
v3-main-771601/deathstarbench_social_network/split/NC/6,graph,1,G0,,0.00012648799999936955,identification,read_home_timeline,,,,,
v3-main-771601/deathstarbench_social_network/split/NC/6,graph,1,G0,,5.7284000000379365e-05,solve,read_home_timeline,,,,,
v3-main-771601/deathstarbench_social_network/split/NC/6,pmx,1,PMX_shared_variants,,6.0849830729999965,native_projection,compose_post,,,,,
v3-main-771601/deathstarbench_social_network/split/NC/6,pmx,1,PMX_shared_variants,,2.025905272000003,native_projection,read_home_timeline,,,,,
v3-main-771601/deathstarbench_social_network/split/NC/6,pmx,1,PMX_shared_variants,,1.7808074990000051,native_projection,read_user_timeline,,,,,
v3-main-771601/deathstarbench_social_network/split/NC/6,pmx,1,PMX_shared_variants,,10.453959305000005,input_and_projection_process_total,,True,,,,
v3-main-771601/deathstarbench_social_network/split/NC/6,pmx,1,PMX_shared_variants,,7.36,derived_binary_build,,,javac 11.0.32,2322880b6447754528e201553bc4e2fac00334b7d6f3ac202cfe1e3742bbbcc6,True,"{""maximum_rss_bytes"": 227971072.0, ""path"": ""build-resource-usage.txt"", ""system_seconds"": 0.29, ""user_seconds"": 6.67, ""wall_seconds"": 7.36}"
v3-main-771601/deathstarbench_social_network/split/NC/6,pmx,1,PMX_shared_variants,,26.000203456999998,independent_pmx_extraction_process,compose_post,,,,,
v3-main-771601/deathstarbench_social_network/split/NC/6,pmx,1,PMX_shared_variants,,22.888001110000005,independent_pmx_extraction_process,read_home_timeline,,,,,
v3-main-771601/deathstarbench_social_network/split/NC/6,pmx,1,PMX_shared_variants,,22.784170280000012,independent_pmx_extraction_process,read_user_timeline,,,,,
v3-main-771601/deathstarbench_social_network/split/NC/7,acquisition,1,shared_acquisition,True,2060.139015284,acquisition_and_export_process_total,,,,,,
v3-main-771601/deathstarbench_social_network/split/NC/7,acquisition,1,shared_native_pool,,2.254988658000002,native_parse,,,,,,
v3-main-771601/deathstarbench_social_network/split/NC/7,graph,1,B0,,0.006101598000000763,identification,,,,,,
v3-main-771601/deathstarbench_social_network/split/NC/7,graph,1,shared_graph_family,,0.7045727510000006,extraction,compose_post,,,,,
v3-main-771601/deathstarbench_social_network/split/NC/7,graph,1,shared_graph_family,,0.006107720000002814,identification,compose_post,,,,,
v3-main-771601/deathstarbench_social_network/split/NC/7,graph,1,shared_graph_family,,0.0028904859999983046,solve,compose_post,,,,,
v3-main-771601/deathstarbench_social_network/split/NC/7,graph,1,G0,,0.000583675999997979,identification,compose_post,,,,,
v3-main-771601/deathstarbench_social_network/split/NC/7,graph,1,G0,,0.00011402100000168502,solve,compose_post,,,,,
v3-main-771601/deathstarbench_social_network/split/NC/7,graph,1,shared_graph_family,,0.13976045399999748,extraction,read_home_timeline,,,,,
v3-main-771601/deathstarbench_social_network/split/NC/7,graph,1,shared_graph_family,,0.0028290310000045338,identification,read_home_timeline,,,,,
v3-main-771601/deathstarbench_social_network/split/NC/7,graph,1,shared_graph_family,,0.00018747899999738138,solve,read_home_timeline,,,,,
v3-main-771601/deathstarbench_social_network/split/NC/7,graph,1,G0,,0.00016661000000084414,identification,read_home_timeline,,,,,
v3-main-771601/deathstarbench_social_network/split/NC/7,graph,1,G0,,5.3719999996815204e-05,solve,read_home_timeline,,,,,
v3-main-771601/deathstarbench_social_network/split/NC/7,graph,1,shared_graph_family,,0.15254671499999972,extraction,read_user_timeline,,,,,
v3-main-771601/deathstarbench_social_network/split/NC/7,graph,1,shared_graph_family,,0.0051339990000016655,identification,read_user_timeline,,,,,
v3-main-771601/deathstarbench_social_network/split/NC/7,graph,1,shared_graph_family,,0.0020148379999938015,solve,read_user_timeline,,,,,
v3-main-771601/deathstarbench_social_network/split/NC/7,graph,1,G0,,0.0001843430000008084,identification,read_user_timeline,,,,,
v3-main-771601/deathstarbench_social_network/split/NC/7,graph,1,G0,,6.704399999790667e-05,solve,read_user_timeline,,,,,
v3-main-771601/deathstarbench_social_network/split/NC/7,pmx,1,PMX_shared_variants,,3.9941542800000036,native_projection,compose_post,,,,,
v3-main-771601/deathstarbench_social_network/split/NC/7,pmx,1,PMX_shared_variants,,1.3250054589999962,native_projection,read_home_timeline,,,,,
v3-main-771601/deathstarbench_social_network/split/NC/7,pmx,1,PMX_shared_variants,,1.3325288320000084,native_projection,read_user_timeline,,,,,
v3-main-771601/deathstarbench_social_network/split/NC/7,pmx,1,PMX_shared_variants,,7.078598370999998,input_and_projection_process_total,,True,,,,
v3-main-771601/deathstarbench_social_network/split/NC/7,pmx,1,PMX_shared_variants,,9.79,derived_binary_build,,,javac 11.0.32,2322880b6447754528e201553bc4e2fac00334b7d6f3ac202cfe1e3742bbbcc6,True,"{""maximum_rss_bytes"": 225636352.0, ""path"": ""build-resource-usage.txt"", ""system_seconds"": 0.23, ""user_seconds"": 4.53, ""wall_seconds"": 9.79}"
v3-main-771601/deathstarbench_social_network/split/NC/7,pmx,1,PMX_shared_variants,,26.292417965,independent_pmx_extraction_process,compose_post,,,,,
v3-main-771601/deathstarbench_social_network/split/NC/7,pmx,1,PMX_shared_variants,,21.824046408,independent_pmx_extraction_process,read_home_timeline,,,,,
v3-main-771601/deathstarbench_social_network/split/NC/7,pmx,1,PMX_shared_variants,,21.822281801000003,independent_pmx_extraction_process,read_user_timeline,,,,,
v3-main-771601/deathstarbench_social_network/split/NC/8,acquisition,1,shared_acquisition,True,2059.4640723919997,acquisition_and_export_process_total,,,,,,
v3-main-771601/deathstarbench_social_network/split/NC/8,acquisition,1,shared_native_pool,,2.0257860380002057,native_parse,,,,,,
v3-main-771601/deathstarbench_social_network/split/NC/8,graph,1,B0,,0.006164187000003096,identification,,,,,,
v3-main-771601/deathstarbench_social_network/split/NC/8,graph,1,shared_graph_family,,0.6843379310000017,extraction,compose_post,,,,,
v3-main-771601/deathstarbench_social_network/split/NC/8,graph,1,shared_graph_family,,0.005949276999999142,identification,compose_post,,,,,
v3-main-771601/deathstarbench_social_network/split/NC/8,graph,1,shared_graph_family,,0.0025300290000060954,solve,compose_post,,,,,
v3-main-771601/deathstarbench_social_network/split/NC/8,graph,1,G0,,0.0005822219999984668,identification,compose_post,,,,,
v3-main-771601/deathstarbench_social_network/split/NC/8,graph,1,G0,,0.0001000060000038161,solve,compose_post,,,,,
v3-main-771601/deathstarbench_social_network/split/NC/8,graph,1,shared_graph_family,,0.13630770400000358,extraction,read_home_timeline,,,,,
v3-main-771601/deathstarbench_social_network/split/NC/8,graph,1,shared_graph_family,,0.0027262429999979076,identification,read_home_timeline,,,,,
v3-main-771601/deathstarbench_social_network/split/NC/8,graph,1,shared_graph_family,,0.00016305199999777642,solve,read_home_timeline,,,,,
v3-main-771601/deathstarbench_social_network/split/NC/8,graph,1,G0,,0.00016227100000065775,identification,read_home_timeline,,,,,
v3-main-771601/deathstarbench_social_network/split/NC/8,graph,1,G0,,4.627599999906806e-05,solve,read_home_timeline,,,,,
v3-main-771601/deathstarbench_social_network/split/NC/8,graph,1,shared_graph_family,,0.1820087410000042,extraction,read_user_timeline,,,,,
v3-main-771601/deathstarbench_social_network/split/NC/8,graph,1,shared_graph_family,,0.004243950999999413,identification,read_user_timeline,,,,,
v3-main-771601/deathstarbench_social_network/split/NC/8,graph,1,shared_graph_family,,0.0016746809999972356,solve,read_user_timeline,,,,,
v3-main-771601/deathstarbench_social_network/split/NC/8,graph,1,G0,,0.00017957400000057078,identification,read_user_timeline,,,,,
v3-main-771601/deathstarbench_social_network/split/NC/8,graph,1,G0,,7.911699999851862e-05,solve,read_user_timeline,,,,,
v3-main-771601/deathstarbench_social_network/split/NC/8,pmx,1,PMX_shared_variants,,3.9659562049999977,native_projection,compose_post,,,,,
v3-main-771601/deathstarbench_social_network/split/NC/8,pmx,1,PMX_shared_variants,,1.2821037929999761,native_projection,read_home_timeline,,,,,
v3-main-771601/deathstarbench_social_network/split/NC/8,pmx,1,PMX_shared_variants,,1.2899557060000006,native_projection,read_user_timeline,,,,,
v3-main-771601/deathstarbench_social_network/split/NC/8,pmx,1,PMX_shared_variants,,6.94228162600001,input_and_projection_process_total,,True,,,,
v3-main-771601/deathstarbench_social_network/split/NC/8,pmx,1,PMX_shared_variants,,9.16,derived_binary_build,,,javac 11.0.32,2322880b6447754528e201553bc4e2fac00334b7d6f3ac202cfe1e3742bbbcc6,True,"{""maximum_rss_bytes"": 225566720.0, ""path"": ""build-resource-usage.txt"", ""system_seconds"": 0.25, ""user_seconds"": 4.65, ""wall_seconds"": 9.16}"
v3-main-771601/deathstarbench_social_network/split/NC/8,pmx,1,PMX_shared_variants,,26.141298520999953,independent_pmx_extraction_process,compose_post,,,,,
v3-main-771601/deathstarbench_social_network/split/NC/8,pmx,1,PMX_shared_variants,,21.924290155999984,independent_pmx_extraction_process,read_home_timeline,,,,,
v3-main-771601/deathstarbench_social_network/split/NC/8,pmx,1,PMX_shared_variants,,21.873733346999984,independent_pmx_extraction_process,read_user_timeline,,,,,
v3-main-771601/deathstarbench_social_network/split/NC/9,acquisition,1,shared_acquisition,True,2058.531399699,acquisition_and_export_process_total,,,,,,
v3-main-771601/deathstarbench_social_network/split/NC/9,acquisition,1,shared_native_pool,,1.679380189999847,native_parse,,,,,,
v3-main-771601/deathstarbench_social_network/split/NC/9,graph,1,B0,,0.005967570999999339,identification,,,,,,
v3-main-771601/deathstarbench_social_network/split/NC/9,graph,1,shared_graph_family,,0.6794356779999973,extraction,compose_post,,,,,
v3-main-771601/deathstarbench_social_network/split/NC/9,graph,1,shared_graph_family,,0.005940571000003558,identification,compose_post,,,,,
v3-main-771601/deathstarbench_social_network/split/NC/9,graph,1,shared_graph_family,,0.004568902999999125,solve,compose_post,,,,,
v3-main-771601/deathstarbench_social_network/split/NC/9,graph,1,G0,,0.0005480259999970372,identification,compose_post,,,,,
v3-main-771601/deathstarbench_social_network/split/NC/9,graph,1,G0,,0.0001109069999998269,solve,compose_post,,,,,
v3-main-771601/deathstarbench_social_network/split/NC/9,graph,1,shared_graph_family,,0.13449752599999698,extraction,read_home_timeline,,,,,
v3-main-771601/deathstarbench_social_network/split/NC/9,graph,1,shared_graph_family,,0.002620786000001374,identification,read_home_timeline,,,,,
v3-main-771601/deathstarbench_social_network/split/NC/9,graph,1,shared_graph_family,,0.0001764309999998659,solve,read_home_timeline,,,,,
v3-main-771601/deathstarbench_social_network/split/NC/9,graph,1,G0,,0.00017300399999697902,identification,read_home_timeline,,,,,
v3-main-771601/deathstarbench_social_network/split/NC/9,graph,1,G0,,4.6886999996331724e-05,solve,read_home_timeline,,,,,
v3-main-771601/deathstarbench_social_network/split/NC/9,graph,1,shared_graph_family,,0.1445583940000006,extraction,read_user_timeline,,,,,
v3-main-771601/deathstarbench_social_network/split/NC/9,graph,1,shared_graph_family,,0.0036451339999956645,identification,read_user_timeline,,,,,
v3-main-771601/deathstarbench_social_network/split/NC/9,graph,1,shared_graph_family,,0.0033098060000043006,solve,read_user_timeline,,,,,
v3-main-771601/deathstarbench_social_network/split/NC/9,graph,1,G0,,0.00018103900000454587,identification,read_user_timeline,,,,,
v3-main-771601/deathstarbench_social_network/split/NC/9,graph,1,G0,,6.695500000120091e-05,solve,read_user_timeline,,,,,
v3-main-771601/deathstarbench_social_network/split/NC/9,pmx,1,PMX_shared_variants,,4.403766628999961,native_projection,compose_post,,,,,
v3-main-771601/deathstarbench_social_network/split/NC/9,pmx,1,PMX_shared_variants,,1.4609157520000053,native_projection,read_home_timeline,,,,,
v3-main-771601/deathstarbench_social_network/split/NC/9,pmx,1,PMX_shared_variants,,1.4398204629999327,native_projection,read_user_timeline,,,,,
v3-main-771601/deathstarbench_social_network/split/NC/9,pmx,1,PMX_shared_variants,,7.772105998000029,input_and_projection_process_total,,True,,,,
v3-main-771601/deathstarbench_social_network/split/NC/9,pmx,1,PMX_shared_variants,,6.69,derived_binary_build,,,javac 11.0.32,2322880b6447754528e201553bc4e2fac00334b7d6f3ac202cfe1e3742bbbcc6,True,"{""maximum_rss_bytes"": 225615872.0, ""path"": ""build-resource-usage.txt"", ""system_seconds"": 0.27, ""user_seconds"": 6.13, ""wall_seconds"": 6.69}"
v3-main-771601/deathstarbench_social_network/split/NC/9,pmx,1,PMX_shared_variants,,28.10039054899994,independent_pmx_extraction_process,compose_post,,,,,
v3-main-771601/deathstarbench_social_network/split/NC/9,pmx,1,PMX_shared_variants,,22.575979467000025,independent_pmx_extraction_process,read_home_timeline,,,,,
v3-main-771601/deathstarbench_social_network/split/NC/9,pmx,1,PMX_shared_variants,,22.62761707200002,independent_pmx_extraction_process,read_user_timeline,,,,,
v3-main-771601/deathstarbench_social_network/split/ND/0,acquisition,1,shared_acquisition,True,2060.421460648,acquisition_and_export_process_total,,,,,,
v3-main-771601/deathstarbench_social_network/split/ND/0,acquisition,1,shared_native_pool,,2.3737215330002073,native_parse,,,,,,
v3-main-771601/deathstarbench_social_network/split/ND/0,graph,1,B0,,0.005000502000029883,identification,,,,,,
v3-main-771601/deathstarbench_social_network/split/ND/0,graph,1,shared_graph_family,,0.5740108530000043,extraction,compose_post,,,,,
v3-main-771601/deathstarbench_social_network/split/ND/0,graph,1,shared_graph_family,,0.005748847000063506,identification,compose_post,,,,,
v3-main-771601/deathstarbench_social_network/split/ND/0,graph,1,shared_graph_family,,0.001574796999989303,solve,compose_post,,,,,
v3-main-771601/deathstarbench_social_network/split/ND/0,graph,1,G0,,0.0004993719999220048,identification,compose_post,,,,,
v3-main-771601/deathstarbench_social_network/split/ND/0,graph,1,G0,,0.0001000470000462883,solve,compose_post,,,,,
v3-main-771601/deathstarbench_social_network/split/ND/0,graph,1,shared_graph_family,,0.11428919299999052,extraction,read_home_timeline,,,,,
v3-main-771601/deathstarbench_social_network/split/ND/0,graph,1,shared_graph_family,,0.002282228000012765,identification,read_home_timeline,,,,,
v3-main-771601/deathstarbench_social_network/split/ND/0,graph,1,shared_graph_family,,0.00016242399999555346,solve,read_home_timeline,,,,,
v3-main-771601/deathstarbench_social_network/split/ND/0,graph,1,G0,,0.00014656799999102077,identification,read_home_timeline,,,,,
v3-main-771601/deathstarbench_social_network/split/ND/0,graph,1,G0,,5.7130000072902476e-05,solve,read_home_timeline,,,,,
v3-main-771601/deathstarbench_social_network/split/ND/0,graph,1,shared_graph_family,,0.1187174330000289,extraction,read_user_timeline,,,,,
v3-main-771601/deathstarbench_social_network/split/ND/0,graph,1,shared_graph_family,,0.003896994999990966,identification,read_user_timeline,,,,,
v3-main-771601/deathstarbench_social_network/split/ND/0,graph,1,shared_graph_family,,0.0006469879999713157,solve,read_user_timeline,,,,,
v3-main-771601/deathstarbench_social_network/split/ND/0,graph,1,G0,,0.00017092100006266264,identification,read_user_timeline,,,,,
v3-main-771601/deathstarbench_social_network/split/ND/0,graph,1,G0,,6.649199997355026e-05,solve,read_user_timeline,,,,,
v3-main-771601/deathstarbench_social_network/split/ND/0,pmx,1,PMX_shared_variants,,6.691443880999998,native_projection,compose_post,,,,,
v3-main-771601/deathstarbench_social_network/split/ND/0,pmx,1,PMX_shared_variants,,2.142486601999991,native_projection,read_home_timeline,,,,,
v3-main-771601/deathstarbench_social_network/split/ND/0,pmx,1,PMX_shared_variants,,2.159050423000025,native_projection,read_user_timeline,,,,,
v3-main-771601/deathstarbench_social_network/split/ND/0,pmx,1,PMX_shared_variants,,11.646341013000011,input_and_projection_process_total,,True,,,,
v3-main-771601/deathstarbench_social_network/split/ND/0,pmx,1,PMX_shared_variants,,7.27,derived_binary_build,,,javac 11.0.32,2322880b6447754528e201553bc4e2fac00334b7d6f3ac202cfe1e3742bbbcc6,True,"{""maximum_rss_bytes"": 227725312.0, ""path"": ""build-resource-usage.txt"", ""system_seconds"": 0.3, ""user_seconds"": 6.9, ""wall_seconds"": 7.27}"
v3-main-771601/deathstarbench_social_network/split/ND/0,pmx,1,PMX_shared_variants,,27.298911790000005,independent_pmx_extraction_process,compose_post,,,,,
v3-main-771601/deathstarbench_social_network/split/ND/0,pmx,1,PMX_shared_variants,,22.986691286999985,independent_pmx_extraction_process,read_home_timeline,,,,,
v3-main-771601/deathstarbench_social_network/split/ND/0,pmx,1,PMX_shared_variants,,23.079507647000014,independent_pmx_extraction_process,read_user_timeline,,,,,
v3-main-771601/deathstarbench_social_network/split/ND/1,acquisition,1,shared_acquisition,True,2059.864180325,acquisition_and_export_process_total,,,,,,
v3-main-771601/deathstarbench_social_network/split/ND/1,acquisition,1,shared_native_pool,,2.1249394050000774,native_parse,,,,,,
v3-main-771601/deathstarbench_social_network/split/ND/1,graph,1,B0,,0.006513633000004404,identification,,,,,,
v3-main-771601/deathstarbench_social_network/split/ND/1,graph,1,shared_graph_family,,0.7343158340000002,extraction,compose_post,,,,,
v3-main-771601/deathstarbench_social_network/split/ND/1,graph,1,shared_graph_family,,0.006260801999999899,identification,compose_post,,,,,
v3-main-771601/deathstarbench_social_network/split/ND/1,graph,1,shared_graph_family,,0.0014200429999959852,solve,compose_post,,,,,
v3-main-771601/deathstarbench_social_network/split/ND/1,graph,1,G0,,0.0005671559999953502,identification,compose_post,,,,,
v3-main-771601/deathstarbench_social_network/split/ND/1,graph,1,G0,,0.00010369299999979376,solve,compose_post,,,,,
v3-main-771601/deathstarbench_social_network/split/ND/1,graph,1,shared_graph_family,,0.14500541700000014,extraction,read_home_timeline,,,,,
v3-main-771601/deathstarbench_social_network/split/ND/1,graph,1,shared_graph_family,,0.0028482109999998784,identification,read_home_timeline,,,,,
v3-main-771601/deathstarbench_social_network/split/ND/1,graph,1,shared_graph_family,,0.00019421100000016622,solve,read_home_timeline,,,,,
v3-main-771601/deathstarbench_social_network/split/ND/1,graph,1,G0,,0.00017351300000001402,identification,read_home_timeline,,,,,
v3-main-771601/deathstarbench_social_network/split/ND/1,graph,1,G0,,6.187599999663007e-05,solve,read_home_timeline,,,,,
v3-main-771601/deathstarbench_social_network/split/ND/1,graph,1,shared_graph_family,,0.15705315900000016,extraction,read_user_timeline,,,,,
v3-main-771601/deathstarbench_social_network/split/ND/1,graph,1,shared_graph_family,,0.0035610270000034916,identification,read_user_timeline,,,,,
v3-main-771601/deathstarbench_social_network/split/ND/1,graph,1,shared_graph_family,,0.000760153999998181,solve,read_user_timeline,,,,,
v3-main-771601/deathstarbench_social_network/split/ND/1,graph,1,G0,,0.00017727999999550548,identification,read_user_timeline,,,,,
v3-main-771601/deathstarbench_social_network/split/ND/1,graph,1,G0,,6.137399999772697e-05,solve,read_user_timeline,,,,,
v3-main-771601/deathstarbench_social_network/split/ND/1,pmx,1,PMX_shared_variants,,6.49195461299999,native_projection,compose_post,,,,,
v3-main-771601/deathstarbench_social_network/split/ND/1,pmx,1,PMX_shared_variants,,2.070894263999975,native_projection,read_home_timeline,,,,,
v3-main-771601/deathstarbench_social_network/split/ND/1,pmx,1,PMX_shared_variants,,2.0677981990000376,native_projection,read_user_timeline,,,,,
v3-main-771601/deathstarbench_social_network/split/ND/1,pmx,1,PMX_shared_variants,,11.213244135999986,input_and_projection_process_total,,True,,,,
v3-main-771601/deathstarbench_social_network/split/ND/1,pmx,1,PMX_shared_variants,,14.94,derived_binary_build,,,javac 11.0.32,2322880b6447754528e201553bc4e2fac00334b7d6f3ac202cfe1e3742bbbcc6,True,"{""maximum_rss_bytes"": 227774464.0, ""path"": ""build-resource-usage.txt"", ""system_seconds"": 0.32, ""user_seconds"": 6.91, ""wall_seconds"": 14.94}"
v3-main-771601/deathstarbench_social_network/split/ND/1,pmx,1,PMX_shared_variants,,27.66226385799996,independent_pmx_extraction_process,compose_post,,,,,
v3-main-771601/deathstarbench_social_network/split/ND/1,pmx,1,PMX_shared_variants,,22.881122891000018,independent_pmx_extraction_process,read_home_timeline,,,,,
v3-main-771601/deathstarbench_social_network/split/ND/1,pmx,1,PMX_shared_variants,,23.031761542000027,independent_pmx_extraction_process,read_user_timeline,,,,,
v3-main-771601/deathstarbench_social_network/split/ND/2,acquisition,1,shared_acquisition,True,2059.647162012,acquisition_and_export_process_total,,,,,,
v3-main-771601/deathstarbench_social_network/split/ND/2,acquisition,1,shared_native_pool,,2.062536420000015,native_parse,,,,,,
v3-main-771601/deathstarbench_social_network/split/ND/2,graph,1,B0,,0.005873334000000341,identification,,,,,,
v3-main-771601/deathstarbench_social_network/split/ND/2,graph,1,shared_graph_family,,0.6857827500000155,extraction,compose_post,,,,,
v3-main-771601/deathstarbench_social_network/split/ND/2,graph,1,shared_graph_family,,0.006011929000010241,identification,compose_post,,,,,
v3-main-771601/deathstarbench_social_network/split/ND/2,graph,1,shared_graph_family,,0.0012128280000069935,solve,compose_post,,,,,
v3-main-771601/deathstarbench_social_network/split/ND/2,graph,1,G0,,0.0005683770000075583,identification,compose_post,,,,,
v3-main-771601/deathstarbench_social_network/split/ND/2,graph,1,G0,,9.42470000211415e-05,solve,compose_post,,,,,
v3-main-771601/deathstarbench_social_network/split/ND/2,graph,1,shared_graph_family,,0.13705040799999324,extraction,read_home_timeline,,,,,
v3-main-771601/deathstarbench_social_network/split/ND/2,graph,1,shared_graph_family,,0.002707183000012492,identification,read_home_timeline,,,,,
v3-main-771601/deathstarbench_social_network/split/ND/2,graph,1,shared_graph_family,,0.00018440599998825746,solve,read_home_timeline,,,,,
v3-main-771601/deathstarbench_social_network/split/ND/2,graph,1,G0,,0.0001671130000033827,identification,read_home_timeline,,,,,
v3-main-771601/deathstarbench_social_network/split/ND/2,graph,1,G0,,5.388200000311372e-05,solve,read_home_timeline,,,,,
v3-main-771601/deathstarbench_social_network/split/ND/2,graph,1,shared_graph_family,,0.1451942200000076,extraction,read_user_timeline,,,,,
v3-main-771601/deathstarbench_social_network/split/ND/2,graph,1,shared_graph_family,,0.0036192759999948976,identification,read_user_timeline,,,,,
v3-main-771601/deathstarbench_social_network/split/ND/2,graph,1,shared_graph_family,,0.0006341810000094483,solve,read_user_timeline,,,,,
v3-main-771601/deathstarbench_social_network/split/ND/2,graph,1,G0,,0.0001685560000055375,identification,read_user_timeline,,,,,
v3-main-771601/deathstarbench_social_network/split/ND/2,graph,1,G0,,5.2749000019503e-05,solve,read_user_timeline,,,,,
v3-main-771601/deathstarbench_social_network/split/ND/2,pmx,1,PMX_shared_variants,,5.6593202000000105,native_projection,compose_post,,,,,
v3-main-771601/deathstarbench_social_network/split/ND/2,pmx,1,PMX_shared_variants,,1.8289386120000017,native_projection,read_home_timeline,,,,,
v3-main-771601/deathstarbench_social_network/split/ND/2,pmx,1,PMX_shared_variants,,1.8689733189999913,native_projection,read_user_timeline,,,,,
v3-main-771601/deathstarbench_social_network/split/ND/2,pmx,1,PMX_shared_variants,,9.956155563999985,input_and_projection_process_total,,True,,,,
v3-main-771601/deathstarbench_social_network/split/ND/2,pmx,1,PMX_shared_variants,,8.08,derived_binary_build,,,javac 11.0.32,2322880b6447754528e201553bc4e2fac00334b7d6f3ac202cfe1e3742bbbcc6,True,"{""maximum_rss_bytes"": 225497088.0, ""path"": ""build-resource-usage.txt"", ""system_seconds"": 0.33, ""user_seconds"": 6.83, ""wall_seconds"": 8.08}"
v3-main-771601/deathstarbench_social_network/split/ND/2,pmx,1,PMX_shared_variants,,28.809891060000012,independent_pmx_extraction_process,compose_post,,,,,
v3-main-771601/deathstarbench_social_network/split/ND/2,pmx,1,PMX_shared_variants,,23.285356226000005,independent_pmx_extraction_process,read_home_timeline,,,,,
v3-main-771601/deathstarbench_social_network/split/ND/2,pmx,1,PMX_shared_variants,,23.432538762000007,independent_pmx_extraction_process,read_user_timeline,,,,,
v3-main-771601/deathstarbench_social_network/split/ND/3,acquisition,1,shared_acquisition,True,2058.048418151,acquisition_and_export_process_total,,,,,,
v3-main-771601/deathstarbench_social_network/split/ND/3,acquisition,1,shared_native_pool,,1.6520909189998747,native_parse,,,,,,
v3-main-771601/deathstarbench_social_network/split/ND/3,graph,1,B0,,0.006440599000001157,identification,,,,,,
v3-main-771601/deathstarbench_social_network/split/ND/3,graph,1,shared_graph_family,,0.6874750810000023,extraction,compose_post,,,,,
v3-main-771601/deathstarbench_social_network/split/ND/3,graph,1,shared_graph_family,,0.00625738700000511,identification,compose_post,,,,,
v3-main-771601/deathstarbench_social_network/split/ND/3,graph,1,shared_graph_family,,0.001359500999996044,solve,compose_post,,,,,
v3-main-771601/deathstarbench_social_network/split/ND/3,graph,1,G0,,0.0005967820000023494,identification,compose_post,,,,,
v3-main-771601/deathstarbench_social_network/split/ND/3,graph,1,G0,,0.0001294909999955962,solve,compose_post,,,,,
v3-main-771601/deathstarbench_social_network/split/ND/3,graph,1,shared_graph_family,,0.1293450270000136,extraction,read_home_timeline,,,,,
v3-main-771601/deathstarbench_social_network/split/ND/3,graph,1,shared_graph_family,,0.002885488999993413,identification,read_home_timeline,,,,,
v3-main-771601/deathstarbench_social_network/split/ND/3,graph,1,shared_graph_family,,0.00018996099998958016,solve,read_home_timeline,,,,,
v3-main-771601/deathstarbench_social_network/split/ND/3,graph,1,G0,,0.00017572000000143362,identification,read_home_timeline,,,,,
v3-main-771601/deathstarbench_social_network/split/ND/3,graph,1,G0,,5.994900000416692e-05,solve,read_home_timeline,,,,,
v3-main-771601/deathstarbench_social_network/split/ND/3,graph,1,shared_graph_family,,0.13548589199999128,extraction,read_user_timeline,,,,,
v3-main-771601/deathstarbench_social_network/split/ND/3,graph,1,shared_graph_family,,0.005478535000008833,identification,read_user_timeline,,,,,
v3-main-771601/deathstarbench_social_network/split/ND/3,graph,1,shared_graph_family,,0.0007529340000047569,solve,read_user_timeline,,,,,
v3-main-771601/deathstarbench_social_network/split/ND/3,graph,1,G0,,0.00018853900000692647,identification,read_user_timeline,,,,,
v3-main-771601/deathstarbench_social_network/split/ND/3,graph,1,G0,,7.176699999433822e-05,solve,read_user_timeline,,,,,
v3-main-771601/deathstarbench_social_network/split/ND/3,pmx,1,PMX_shared_variants,,6.459274934000007,native_projection,compose_post,,,,,
v3-main-771601/deathstarbench_social_network/split/ND/3,pmx,1,PMX_shared_variants,,2.066888794999997,native_projection,read_home_timeline,,,,,
v3-main-771601/deathstarbench_social_network/split/ND/3,pmx,1,PMX_shared_variants,,2.134322333,native_projection,read_user_timeline,,,,,
v3-main-771601/deathstarbench_social_network/split/ND/3,pmx,1,PMX_shared_variants,,11.285252149000002,input_and_projection_process_total,,True,,,,
v3-main-771601/deathstarbench_social_network/split/ND/3,pmx,1,PMX_shared_variants,,8.27,derived_binary_build,,,javac 11.0.32,2322880b6447754528e201553bc4e2fac00334b7d6f3ac202cfe1e3742bbbcc6,True,"{""maximum_rss_bytes"": 227627008.0, ""path"": ""build-resource-usage.txt"", ""system_seconds"": 0.36, ""user_seconds"": 7.12, ""wall_seconds"": 8.27}"
v3-main-771601/deathstarbench_social_network/split/ND/3,pmx,1,PMX_shared_variants,,27.045943358000002,independent_pmx_extraction_process,compose_post,,,,,
v3-main-771601/deathstarbench_social_network/split/ND/3,pmx,1,PMX_shared_variants,,22.93136389499999,independent_pmx_extraction_process,read_home_timeline,,,,,
v3-main-771601/deathstarbench_social_network/split/ND/3,pmx,1,PMX_shared_variants,,22.833460486999996,independent_pmx_extraction_process,read_user_timeline,,,,,
v3-main-771601/deathstarbench_social_network/split/ND/4,acquisition,1,shared_acquisition,True,2059.316551072,acquisition_and_export_process_total,,,,,,
v3-main-771601/deathstarbench_social_network/split/ND/4,acquisition,1,shared_native_pool,,2.0072074370000337,native_parse,,,,,,
v3-main-771601/deathstarbench_social_network/split/ND/4,graph,1,B0,,0.004665746999997111,identification,,,,,,
v3-main-771601/deathstarbench_social_network/split/ND/4,graph,1,shared_graph_family,,0.5515969530000007,extraction,compose_post,,,,,
v3-main-771601/deathstarbench_social_network/split/ND/4,graph,1,shared_graph_family,,0.004684075000000121,identification,compose_post,,,,,
v3-main-771601/deathstarbench_social_network/split/ND/4,graph,1,shared_graph_family,,0.0009334840000008171,solve,compose_post,,,,,
v3-main-771601/deathstarbench_social_network/split/ND/4,graph,1,G0,,0.0004347420000030411,identification,compose_post,,,,,
v3-main-771601/deathstarbench_social_network/split/ND/4,graph,1,G0,,8.252099999594975e-05,solve,compose_post,,,,,
v3-main-771601/deathstarbench_social_network/split/ND/4,graph,1,shared_graph_family,,0.09960627000000244,extraction,read_home_timeline,,,,,
v3-main-771601/deathstarbench_social_network/split/ND/4,graph,1,shared_graph_family,,0.002228033000001517,identification,read_home_timeline,,,,,
v3-main-771601/deathstarbench_social_network/split/ND/4,graph,1,shared_graph_family,,0.00014971499999916205,solve,read_home_timeline,,,,,
v3-main-771601/deathstarbench_social_network/split/ND/4,graph,1,G0,,0.00012883000000130096,identification,read_home_timeline,,,,,
v3-main-771601/deathstarbench_social_network/split/ND/4,graph,1,G0,,4.9525000001438e-05,solve,read_home_timeline,,,,,
v3-main-771601/deathstarbench_social_network/split/ND/4,graph,1,shared_graph_family,,0.1061697929999994,extraction,read_user_timeline,,,,,
v3-main-771601/deathstarbench_social_network/split/ND/4,graph,1,shared_graph_family,,0.003946585999997865,identification,read_user_timeline,,,,,
v3-main-771601/deathstarbench_social_network/split/ND/4,graph,1,shared_graph_family,,0.0004942940000063345,solve,read_user_timeline,,,,,
v3-main-771601/deathstarbench_social_network/split/ND/4,graph,1,G0,,0.00013323700000000827,identification,read_user_timeline,,,,,
v3-main-771601/deathstarbench_social_network/split/ND/4,graph,1,G0,,5.061699999941993e-05,solve,read_user_timeline,,,,,
v3-main-771601/deathstarbench_social_network/split/ND/4,pmx,1,PMX_shared_variants,,6.390391452999992,native_projection,compose_post,,,,,
v3-main-771601/deathstarbench_social_network/split/ND/4,pmx,1,PMX_shared_variants,,2.0440248240000187,native_projection,read_home_timeline,,,,,
v3-main-771601/deathstarbench_social_network/split/ND/4,pmx,1,PMX_shared_variants,,2.0518596600000194,native_projection,read_user_timeline,,,,,
v3-main-771601/deathstarbench_social_network/split/ND/4,pmx,1,PMX_shared_variants,,11.061741900000015,input_and_projection_process_total,,True,,,,
v3-main-771601/deathstarbench_social_network/split/ND/4,pmx,1,PMX_shared_variants,,7.16,derived_binary_build,,,javac 11.0.32,2322880b6447754528e201553bc4e2fac00334b7d6f3ac202cfe1e3742bbbcc6,True,"{""maximum_rss_bytes"": 227741696.0, ""path"": ""build-resource-usage.txt"", ""system_seconds"": 0.29, ""user_seconds"": 6.66, ""wall_seconds"": 7.16}"
v3-main-771601/deathstarbench_social_network/split/ND/4,pmx,1,PMX_shared_variants,,26.599509193999978,independent_pmx_extraction_process,compose_post,,,,,
v3-main-771601/deathstarbench_social_network/split/ND/4,pmx,1,PMX_shared_variants,,22.884983630000022,independent_pmx_extraction_process,read_home_timeline,,,,,
v3-main-771601/deathstarbench_social_network/split/ND/4,pmx,1,PMX_shared_variants,,23.03574630099999,independent_pmx_extraction_process,read_user_timeline,,,,,
v3-main-771601/deathstarbench_social_network/split/ND/5,acquisition,1,shared_acquisition,True,2059.697609401,acquisition_and_export_process_total,,,,,,
v3-main-771601/deathstarbench_social_network/split/ND/5,acquisition,1,shared_native_pool,,2.075744570999632,native_parse,,,,,,
v3-main-771601/deathstarbench_social_network/split/ND/5,graph,1,B0,,0.005980184000001998,identification,,,,,,
v3-main-771601/deathstarbench_social_network/split/ND/5,graph,1,shared_graph_family,,0.6957817649999996,extraction,compose_post,,,,,
v3-main-771601/deathstarbench_social_network/split/ND/5,graph,1,shared_graph_family,,0.0060025450000011915,identification,compose_post,,,,,
v3-main-771601/deathstarbench_social_network/split/ND/5,graph,1,shared_graph_family,,0.0012398440000040978,solve,compose_post,,,,,
v3-main-771601/deathstarbench_social_network/split/ND/5,graph,1,G0,,0.0005768320000001381,identification,compose_post,,,,,
v3-main-771601/deathstarbench_social_network/split/ND/5,graph,1,G0,,9.297200000446537e-05,solve,compose_post,,,,,
v3-main-771601/deathstarbench_social_network/split/ND/5,graph,1,shared_graph_family,,0.14083538700000275,extraction,read_home_timeline,,,,,
v3-main-771601/deathstarbench_social_network/split/ND/5,graph,1,shared_graph_family,,0.0026695020000033765,identification,read_home_timeline,,,,,
v3-main-771601/deathstarbench_social_network/split/ND/5,graph,1,shared_graph_family,,0.00017581599999516584,solve,read_home_timeline,,,,,
v3-main-771601/deathstarbench_social_network/split/ND/5,graph,1,G0,,0.00016766099999898643,identification,read_home_timeline,,,,,
v3-main-771601/deathstarbench_social_network/split/ND/5,graph,1,G0,,5.897999999859849e-05,solve,read_home_timeline,,,,,
v3-main-771601/deathstarbench_social_network/split/ND/5,graph,1,shared_graph_family,,0.15028570999999857,extraction,read_user_timeline,,,,,
v3-main-771601/deathstarbench_social_network/split/ND/5,graph,1,shared_graph_family,,0.003593027000000859,identification,read_user_timeline,,,,,
v3-main-771601/deathstarbench_social_network/split/ND/5,graph,1,shared_graph_family,,0.0006231779999978926,solve,read_user_timeline,,,,,
v3-main-771601/deathstarbench_social_network/split/ND/5,graph,1,G0,,0.00018084599999923512,identification,read_user_timeline,,,,,
v3-main-771601/deathstarbench_social_network/split/ND/5,graph,1,G0,,6.21160000022769e-05,solve,read_user_timeline,,,,,
v3-main-771601/deathstarbench_social_network/split/ND/5,pmx,1,PMX_shared_variants,,6.690625299999994,native_projection,compose_post,,,,,
v3-main-771601/deathstarbench_social_network/split/ND/5,pmx,1,PMX_shared_variants,,2.1487974229999907,native_projection,read_home_timeline,,,,,
v3-main-771601/deathstarbench_social_network/split/ND/5,pmx,1,PMX_shared_variants,,2.102902171000011,native_projection,read_user_timeline,,,,,
v3-main-771601/deathstarbench_social_network/split/ND/5,pmx,1,PMX_shared_variants,,11.536930684000026,input_and_projection_process_total,,True,,,,
v3-main-771601/deathstarbench_social_network/split/ND/5,pmx,1,PMX_shared_variants,,11.19,derived_binary_build,,,javac 11.0.32,2322880b6447754528e201553bc4e2fac00334b7d6f3ac202cfe1e3742bbbcc6,True,"{""maximum_rss_bytes"": 227540992.0, ""path"": ""build-resource-usage.txt"", ""system_seconds"": 0.33, ""user_seconds"": 6.95, ""wall_seconds"": 11.19}"
v3-main-771601/deathstarbench_social_network/split/ND/5,pmx,1,PMX_shared_variants,,27.695477726999997,independent_pmx_extraction_process,compose_post,,,,,
v3-main-771601/deathstarbench_social_network/split/ND/5,pmx,1,PMX_shared_variants,,22.875573709000008,independent_pmx_extraction_process,read_home_timeline,,,,,
v3-main-771601/deathstarbench_social_network/split/ND/5,pmx,1,PMX_shared_variants,,22.78592034900001,independent_pmx_extraction_process,read_user_timeline,,,,,
v3-main-771601/deathstarbench_social_network/split/ND/6,acquisition,1,shared_acquisition,True,2059.8784006550004,acquisition_and_export_process_total,,,,,,
v3-main-771601/deathstarbench_social_network/split/ND/6,acquisition,1,shared_native_pool,,2.220299932999751,native_parse,,,,,,
v3-main-771601/deathstarbench_social_network/split/ND/6,graph,1,B0,,0.00621554299999616,identification,,,,,,
v3-main-771601/deathstarbench_social_network/split/ND/6,graph,1,shared_graph_family,,0.737226095000004,extraction,compose_post,,,,,
v3-main-771601/deathstarbench_social_network/split/ND/6,graph,1,shared_graph_family,,0.0061030740000020955,identification,compose_post,,,,,
v3-main-771601/deathstarbench_social_network/split/ND/6,graph,1,shared_graph_family,,0.0012713610000005815,solve,compose_post,,,,,
v3-main-771601/deathstarbench_social_network/split/ND/6,graph,1,G0,,0.0005752080000007709,identification,compose_post,,,,,
v3-main-771601/deathstarbench_social_network/split/ND/6,graph,1,G0,,0.0001340889999994488,solve,compose_post,,,,,
v3-main-771601/deathstarbench_social_network/split/ND/6,graph,1,shared_graph_family,,0.14522066499999653,extraction,read_home_timeline,,,,,
v3-main-771601/deathstarbench_social_network/split/ND/6,graph,1,shared_graph_family,,0.00282650900000192,identification,read_home_timeline,,,,,
v3-main-771601/deathstarbench_social_network/split/ND/6,graph,1,shared_graph_family,,0.0001894919999969602,solve,read_home_timeline,,,,,
v3-main-771601/deathstarbench_social_network/split/ND/6,graph,1,G0,,0.0001756770000014285,identification,read_home_timeline,,,,,
v3-main-771601/deathstarbench_social_network/split/ND/6,graph,1,G0,,6.94390000006706e-05,solve,read_home_timeline,,,,,
v3-main-771601/deathstarbench_social_network/split/ND/6,graph,1,shared_graph_family,,0.15513228199999674,extraction,read_user_timeline,,,,,
v3-main-771601/deathstarbench_social_network/split/ND/6,graph,1,shared_graph_family,,0.003678301000000772,identification,read_user_timeline,,,,,
v3-main-771601/deathstarbench_social_network/split/ND/6,graph,1,shared_graph_family,,0.0007800879999990684,solve,read_user_timeline,,,,,
v3-main-771601/deathstarbench_social_network/split/ND/6,graph,1,G0,,0.00019843799999819112,identification,read_user_timeline,,,,,
v3-main-771601/deathstarbench_social_network/split/ND/6,graph,1,G0,,6.846699999840666e-05,solve,read_user_timeline,,,,,
v3-main-771601/deathstarbench_social_network/split/ND/6,pmx,1,PMX_shared_variants,,6.397520157000002,native_projection,compose_post,,,,,
v3-main-771601/deathstarbench_social_network/split/ND/6,pmx,1,PMX_shared_variants,,2.099226222999988,native_projection,read_home_timeline,,,,,
v3-main-771601/deathstarbench_social_network/split/ND/6,pmx,1,PMX_shared_variants,,2.0923747430000077,native_projection,read_user_timeline,,,,,
v3-main-771601/deathstarbench_social_network/split/ND/6,pmx,1,PMX_shared_variants,,11.224171422000012,input_and_projection_process_total,,True,,,,
v3-main-771601/deathstarbench_social_network/split/ND/6,pmx,1,PMX_shared_variants,,6.89,derived_binary_build,,,javac 11.0.32,2322880b6447754528e201553bc4e2fac00334b7d6f3ac202cfe1e3742bbbcc6,True,"{""maximum_rss_bytes"": 227536896.0, ""path"": ""build-resource-usage.txt"", ""system_seconds"": 0.34, ""user_seconds"": 7.06, ""wall_seconds"": 6.89}"
v3-main-771601/deathstarbench_social_network/split/ND/6,pmx,1,PMX_shared_variants,,26.704027210000007,independent_pmx_extraction_process,compose_post,,,,,
v3-main-771601/deathstarbench_social_network/split/ND/6,pmx,1,PMX_shared_variants,,22.982398934999992,independent_pmx_extraction_process,read_home_timeline,,,,,
v3-main-771601/deathstarbench_social_network/split/ND/6,pmx,1,PMX_shared_variants,,23.184112873000004,independent_pmx_extraction_process,read_user_timeline,,,,,
v3-main-771601/deathstarbench_social_network/split/ND/7,acquisition,1,shared_acquisition,True,2059.688835084,acquisition_and_export_process_total,,,,,,
v3-main-771601/deathstarbench_social_network/split/ND/7,acquisition,1,shared_native_pool,,2.075340146000144,native_parse,,,,,,
v3-main-771601/deathstarbench_social_network/split/ND/7,graph,1,B0,,0.0062563310000030015,identification,,,,,,
v3-main-771601/deathstarbench_social_network/split/ND/7,graph,1,shared_graph_family,,0.6894899170000031,extraction,compose_post,,,,,
v3-main-771601/deathstarbench_social_network/split/ND/7,graph,1,shared_graph_family,,0.0059363650000250345,identification,compose_post,,,,,
v3-main-771601/deathstarbench_social_network/split/ND/7,graph,1,shared_graph_family,,0.0014737169999818889,solve,compose_post,,,,,
v3-main-771601/deathstarbench_social_network/split/ND/7,graph,1,G0,,0.0005534320000037951,identification,compose_post,,,,,
v3-main-771601/deathstarbench_social_network/split/ND/7,graph,1,G0,,0.00013482100001738218,solve,compose_post,,,,,
v3-main-771601/deathstarbench_social_network/split/ND/7,graph,1,shared_graph_family,,0.13604304999998362,extraction,read_home_timeline,,,,,
v3-main-771601/deathstarbench_social_network/split/ND/7,graph,1,shared_graph_family,,0.002681268000003456,identification,read_home_timeline,,,,,
v3-main-771601/deathstarbench_social_network/split/ND/7,graph,1,shared_graph_family,,0.00018215000000054715,solve,read_home_timeline,,,,,
v3-main-771601/deathstarbench_social_network/split/ND/7,graph,1,G0,,0.0001828709999927014,identification,read_home_timeline,,,,,
v3-main-771601/deathstarbench_social_network/split/ND/7,graph,1,G0,,5.006300000331976e-05,solve,read_home_timeline,,,,,
v3-main-771601/deathstarbench_social_network/split/ND/7,graph,1,shared_graph_family,,0.14814996699999483,extraction,read_user_timeline,,,,,
v3-main-771601/deathstarbench_social_network/split/ND/7,graph,1,shared_graph_family,,0.0035447669999939535,identification,read_user_timeline,,,,,
v3-main-771601/deathstarbench_social_network/split/ND/7,graph,1,shared_graph_family,,0.00075174099998776,solve,read_user_timeline,,,,,
v3-main-771601/deathstarbench_social_network/split/ND/7,graph,1,G0,,0.00017300199999681354,identification,read_user_timeline,,,,,
v3-main-771601/deathstarbench_social_network/split/ND/7,graph,1,G0,,6.084299999997711e-05,solve,read_user_timeline,,,,,
v3-main-771601/deathstarbench_social_network/split/ND/7,pmx,1,PMX_shared_variants,,6.4434774489999995,native_projection,compose_post,,,,,
v3-main-771601/deathstarbench_social_network/split/ND/7,pmx,1,PMX_shared_variants,,2.089409455000009,native_projection,read_home_timeline,,,,,
v3-main-771601/deathstarbench_social_network/split/ND/7,pmx,1,PMX_shared_variants,,2.0896138129999713,native_projection,read_user_timeline,,,,,
v3-main-771601/deathstarbench_social_network/split/ND/7,pmx,1,PMX_shared_variants,,11.226389944999994,input_and_projection_process_total,,True,,,,
v3-main-771601/deathstarbench_social_network/split/ND/7,pmx,1,PMX_shared_variants,,10.79,derived_binary_build,,,javac 11.0.32,2322880b6447754528e201553bc4e2fac00334b7d6f3ac202cfe1e3742bbbcc6,True,"{""maximum_rss_bytes"": 228020224.0, ""path"": ""build-resource-usage.txt"", ""system_seconds"": 0.39, ""user_seconds"": 7.12, ""wall_seconds"": 10.79}"
v3-main-771601/deathstarbench_social_network/split/ND/7,pmx,1,PMX_shared_variants,,27.104564394999954,independent_pmx_extraction_process,compose_post,,,,,
v3-main-771601/deathstarbench_social_network/split/ND/7,pmx,1,PMX_shared_variants,,22.735081519999994,independent_pmx_extraction_process,read_home_timeline,,,,,
v3-main-771601/deathstarbench_social_network/split/ND/7,pmx,1,PMX_shared_variants,,22.886933134999992,independent_pmx_extraction_process,read_user_timeline,,,,,
v3-main-771601/deathstarbench_social_network/split/ND/8,acquisition,1,shared_acquisition,True,2059.5991417640003,acquisition_and_export_process_total,,,,,,
v3-main-771601/deathstarbench_social_network/split/ND/8,acquisition,1,shared_native_pool,,2.065585198000008,native_parse,,,,,,
v3-main-771601/deathstarbench_social_network/split/ND/8,graph,1,B0,,0.004782877000010899,identification,,,,,,
v3-main-771601/deathstarbench_social_network/split/ND/8,graph,1,shared_graph_family,,0.533921626999998,extraction,compose_post,,,,,
v3-main-771601/deathstarbench_social_network/split/ND/8,graph,1,shared_graph_family,,0.004817568999996524,identification,compose_post,,,,,
v3-main-771601/deathstarbench_social_network/split/ND/8,graph,1,shared_graph_family,,0.0009445839999955297,solve,compose_post,,,,,
v3-main-771601/deathstarbench_social_network/split/ND/8,graph,1,G0,,0.0004466329999956997,identification,compose_post,,,,,
v3-main-771601/deathstarbench_social_network/split/ND/8,graph,1,G0,,8.265399999629608e-05,solve,compose_post,,,,,
v3-main-771601/deathstarbench_social_network/split/ND/8,graph,1,shared_graph_family,,0.09737360999999112,extraction,read_home_timeline,,,,,
v3-main-771601/deathstarbench_social_network/split/ND/8,graph,1,shared_graph_family,,0.002141906999995058,identification,read_home_timeline,,,,,
v3-main-771601/deathstarbench_social_network/split/ND/8,graph,1,shared_graph_family,,0.00015160799999591745,solve,read_home_timeline,,,,,
v3-main-771601/deathstarbench_social_network/split/ND/8,graph,1,G0,,0.00012630000000513064,identification,read_home_timeline,,,,,
v3-main-771601/deathstarbench_social_network/split/ND/8,graph,1,G0,,4.522800000472671e-05,solve,read_home_timeline,,,,,
v3-main-771601/deathstarbench_social_network/split/ND/8,graph,1,shared_graph_family,,0.1042162300000058,extraction,read_user_timeline,,,,,
v3-main-771601/deathstarbench_social_network/split/ND/8,graph,1,shared_graph_family,,0.002842323000010083,identification,read_user_timeline,,,,,
v3-main-771601/deathstarbench_social_network/split/ND/8,graph,1,shared_graph_family,,0.000496808999997711,solve,read_user_timeline,,,,,
v3-main-771601/deathstarbench_social_network/split/ND/8,graph,1,G0,,0.00013331099999902563,identification,read_user_timeline,,,,,
v3-main-771601/deathstarbench_social_network/split/ND/8,graph,1,G0,,4.99549999943838e-05,solve,read_user_timeline,,,,,
v3-main-771601/deathstarbench_social_network/split/ND/8,pmx,1,PMX_shared_variants,,6.356454788999997,native_projection,compose_post,,,,,
v3-main-771601/deathstarbench_social_network/split/ND/8,pmx,1,PMX_shared_variants,,2.025660510000023,native_projection,read_home_timeline,,,,,
v3-main-771601/deathstarbench_social_network/split/ND/8,pmx,1,PMX_shared_variants,,2.0289375859999836,native_projection,read_user_timeline,,,,,
v3-main-771601/deathstarbench_social_network/split/ND/8,pmx,1,PMX_shared_variants,,10.990204194,input_and_projection_process_total,,True,,,,
v3-main-771601/deathstarbench_social_network/split/ND/8,pmx,1,PMX_shared_variants,,11.41,derived_binary_build,,,javac 11.0.32,2322880b6447754528e201553bc4e2fac00334b7d6f3ac202cfe1e3742bbbcc6,True,"{""maximum_rss_bytes"": 227581952.0, ""path"": ""build-resource-usage.txt"", ""system_seconds"": 0.29, ""user_seconds"": 6.75, ""wall_seconds"": 11.41}"
v3-main-771601/deathstarbench_social_network/split/ND/8,pmx,1,PMX_shared_variants,,28.000277151999995,independent_pmx_extraction_process,compose_post,,,,,
v3-main-771601/deathstarbench_social_network/split/ND/8,pmx,1,PMX_shared_variants,,22.936496653999995,independent_pmx_extraction_process,read_home_timeline,,,,,
v3-main-771601/deathstarbench_social_network/split/ND/8,pmx,1,PMX_shared_variants,,23.080024440000017,independent_pmx_extraction_process,read_user_timeline,,,,,
v3-main-771601/deathstarbench_social_network/split/ND/9,acquisition,1,shared_acquisition,True,2058.744419557,acquisition_and_export_process_total,,,,,,
v3-main-771601/deathstarbench_social_network/split/ND/9,acquisition,1,shared_native_pool,,1.771386184000221,native_parse,,,,,,
v3-main-771601/deathstarbench_social_network/split/ND/9,graph,1,B0,,0.006079697000004103,identification,,,,,,
v3-main-771601/deathstarbench_social_network/split/ND/9,graph,1,shared_graph_family,,0.7324311070000036,extraction,compose_post,,,,,
v3-main-771601/deathstarbench_social_network/split/ND/9,graph,1,shared_graph_family,,0.007285558999996056,identification,compose_post,,,,,
v3-main-771601/deathstarbench_social_network/split/ND/9,graph,1,shared_graph_family,,0.0014901340000008645,solve,compose_post,,,,,
v3-main-771601/deathstarbench_social_network/split/ND/9,graph,1,G0,,0.0005534840000009922,identification,compose_post,,,,,
v3-main-771601/deathstarbench_social_network/split/ND/9,graph,1,G0,,0.00010332300000470696,solve,compose_post,,,,,
v3-main-771601/deathstarbench_social_network/split/ND/9,graph,1,shared_graph_family,,0.1440004540000004,extraction,read_home_timeline,,,,,
v3-main-771601/deathstarbench_social_network/split/ND/9,graph,1,shared_graph_family,,0.0028300269999945726,identification,read_home_timeline,,,,,
v3-main-771601/deathstarbench_social_network/split/ND/9,graph,1,shared_graph_family,,0.000183874000001083,solve,read_home_timeline,,,,,
v3-main-771601/deathstarbench_social_network/split/ND/9,graph,1,G0,,0.00017165099999516542,identification,read_home_timeline,,,,,
v3-main-771601/deathstarbench_social_network/split/ND/9,graph,1,G0,,5.588499999475971e-05,solve,read_home_timeline,,,,,
v3-main-771601/deathstarbench_social_network/split/ND/9,graph,1,shared_graph_family,,0.15475984300000079,extraction,read_user_timeline,,,,,
v3-main-771601/deathstarbench_social_network/split/ND/9,graph,1,shared_graph_family,,0.0037568979999988983,identification,read_user_timeline,,,,,
v3-main-771601/deathstarbench_social_network/split/ND/9,graph,1,shared_graph_family,,0.0007873910000029127,solve,read_user_timeline,,,,,
v3-main-771601/deathstarbench_social_network/split/ND/9,graph,1,G0,,0.0001839239999981146,identification,read_user_timeline,,,,,
v3-main-771601/deathstarbench_social_network/split/ND/9,graph,1,G0,,6.69049999970639e-05,solve,read_user_timeline,,,,,
v3-main-771601/deathstarbench_social_network/split/ND/9,pmx,1,PMX_shared_variants,,6.49125194100003,native_projection,compose_post,,,,,
v3-main-771601/deathstarbench_social_network/split/ND/9,pmx,1,PMX_shared_variants,,2.1173882630000094,native_projection,read_home_timeline,,,,,
v3-main-771601/deathstarbench_social_network/split/ND/9,pmx,1,PMX_shared_variants,,2.162562567000009,native_projection,read_user_timeline,,,,,
v3-main-771601/deathstarbench_social_network/split/ND/9,pmx,1,PMX_shared_variants,,11.400057941,input_and_projection_process_total,,True,,,,
v3-main-771601/deathstarbench_social_network/split/ND/9,pmx,1,PMX_shared_variants,,16.21,derived_binary_build,,,javac 11.0.32,2322880b6447754528e201553bc4e2fac00334b7d6f3ac202cfe1e3742bbbcc6,True,"{""maximum_rss_bytes"": 227872768.0, ""path"": ""build-resource-usage.txt"", ""system_seconds"": 0.36, ""user_seconds"": 7.1, ""wall_seconds"": 16.21}"
v3-main-771601/deathstarbench_social_network/split/ND/9,pmx,1,PMX_shared_variants,,27.343779883000025,independent_pmx_extraction_process,compose_post,,,,,
v3-main-771601/deathstarbench_social_network/split/ND/9,pmx,1,PMX_shared_variants,,22.780288256999995,independent_pmx_extraction_process,read_home_timeline,,,,,
v3-main-771601/deathstarbench_social_network/split/ND/9,pmx,1,PMX_shared_variants,,22.835811020999984,independent_pmx_extraction_process,read_user_timeline,,,,,
v3-main-771601/deathstarbench_social_network/split/NCD/0,acquisition,1,shared_acquisition,True,2060.2729219370003,acquisition_and_export_process_total,,,,,,
v3-main-771601/deathstarbench_social_network/split/NCD/0,acquisition,1,shared_native_pool,,2.1501760030000696,native_parse,,,,,,
v3-main-771601/deathstarbench_social_network/split/NCD/0,graph,1,B0,,0.005795720999969944,identification,,,,,,
v3-main-771601/deathstarbench_social_network/split/NCD/0,graph,1,shared_graph_family,,0.6831492239999761,extraction,compose_post,,,,,
v3-main-771601/deathstarbench_social_network/split/NCD/0,graph,1,shared_graph_family,,0.0063122050000288255,identification,compose_post,,,,,
v3-main-771601/deathstarbench_social_network/split/NCD/0,graph,1,shared_graph_family,,0.004401331999986269,solve,compose_post,,,,,
v3-main-771601/deathstarbench_social_network/split/NCD/0,graph,1,G0,,0.0005751300000156334,identification,compose_post,,,,,
v3-main-771601/deathstarbench_social_network/split/NCD/0,graph,1,G0,,0.00011668200005487961,solve,compose_post,,,,,
v3-main-771601/deathstarbench_social_network/split/NCD/0,graph,1,shared_graph_family,,0.12922251300000198,extraction,read_home_timeline,,,,,
v3-main-771601/deathstarbench_social_network/split/NCD/0,graph,1,shared_graph_family,,0.0028244629999676363,identification,read_home_timeline,,,,,
v3-main-771601/deathstarbench_social_network/split/NCD/0,graph,1,shared_graph_family,,0.00019994500001985216,solve,read_home_timeline,,,,,
v3-main-771601/deathstarbench_social_network/split/NCD/0,graph,1,G0,,0.0001657139999906576,identification,read_home_timeline,,,,,
v3-main-771601/deathstarbench_social_network/split/NCD/0,graph,1,G0,,5.7564999963233277e-05,solve,read_home_timeline,,,,,
v3-main-771601/deathstarbench_social_network/split/NCD/0,graph,1,shared_graph_family,,0.1339139629999977,extraction,read_user_timeline,,,,,
v3-main-771601/deathstarbench_social_network/split/NCD/0,graph,1,shared_graph_family,,0.004812630000003537,identification,read_user_timeline,,,,,
v3-main-771601/deathstarbench_social_network/split/NCD/0,graph,1,shared_graph_family,,0.0029892860000018118,solve,read_user_timeline,,,,,
v3-main-771601/deathstarbench_social_network/split/NCD/0,graph,1,G0,,0.00018566499994676633,identification,read_user_timeline,,,,,
v3-main-771601/deathstarbench_social_network/split/NCD/0,graph,1,G0,,6.730000001198277e-05,solve,read_user_timeline,,,,,
v3-main-771601/deathstarbench_social_network/split/NCD/0,pmx,1,PMX_shared_variants,,6.562190702000009,native_projection,compose_post,,,,,
v3-main-771601/deathstarbench_social_network/split/NCD/0,pmx,1,PMX_shared_variants,,2.1237465959999895,native_projection,read_home_timeline,,,,,
v3-main-771601/deathstarbench_social_network/split/NCD/0,pmx,1,PMX_shared_variants,,2.114365147000001,native_projection,read_user_timeline,,,,,
v3-main-771601/deathstarbench_social_network/split/NCD/0,pmx,1,PMX_shared_variants,,11.385506585000002,input_and_projection_process_total,,True,,,,
v3-main-771601/deathstarbench_social_network/split/NCD/0,pmx,1,PMX_shared_variants,,9.14,derived_binary_build,,,javac 11.0.32,2322880b6447754528e201553bc4e2fac00334b7d6f3ac202cfe1e3742bbbcc6,True,"{""maximum_rss_bytes"": 227553280.0, ""path"": ""build-resource-usage.txt"", ""system_seconds"": 0.3, ""user_seconds"": 6.79, ""wall_seconds"": 9.14}"
v3-main-771601/deathstarbench_social_network/split/NCD/0,pmx,1,PMX_shared_variants,,27.201288059000007,independent_pmx_extraction_process,compose_post,,,,,
v3-main-771601/deathstarbench_social_network/split/NCD/0,pmx,1,PMX_shared_variants,,22.976147628999996,independent_pmx_extraction_process,read_home_timeline,,,,,
v3-main-771601/deathstarbench_social_network/split/NCD/0,pmx,1,PMX_shared_variants,,22.928313054,independent_pmx_extraction_process,read_user_timeline,,,,,
v3-main-771601/deathstarbench_social_network/split/NCD/1,acquisition,1,shared_acquisition,True,2059.429619046,acquisition_and_export_process_total,,,,,,
v3-main-771601/deathstarbench_social_network/split/NCD/1,acquisition,1,shared_native_pool,,2.0334114610000142,native_parse,,,,,,
v3-main-771601/deathstarbench_social_network/split/NCD/1,graph,1,B0,,0.0030829120000106514,identification,,,,,,
v3-main-771601/deathstarbench_social_network/split/NCD/1,graph,1,shared_graph_family,,0.38598564600000884,extraction,compose_post,,,,,
v3-main-771601/deathstarbench_social_network/split/NCD/1,graph,1,shared_graph_family,,0.0034465330000017502,identification,compose_post,,,,,
v3-main-771601/deathstarbench_social_network/split/NCD/1,graph,1,shared_graph_family,,0.0036240029999987655,solve,compose_post,,,,,
v3-main-771601/deathstarbench_social_network/split/NCD/1,graph,1,G0,,0.00035508800000627616,identification,compose_post,,,,,
v3-main-771601/deathstarbench_social_network/split/NCD/1,graph,1,G0,,9.619600000121409e-05,solve,compose_post,,,,,
v3-main-771601/deathstarbench_social_network/split/NCD/1,graph,1,shared_graph_family,,0.07354550099999813,extraction,read_home_timeline,,,,,
v3-main-771601/deathstarbench_social_network/split/NCD/1,graph,1,shared_graph_family,,0.0015302489999982072,identification,read_home_timeline,,,,,
v3-main-771601/deathstarbench_social_network/split/NCD/1,graph,1,shared_graph_family,,0.00012591099999781363,solve,read_home_timeline,,,,,
v3-main-771601/deathstarbench_social_network/split/NCD/1,graph,1,G0,,0.0001078230000075564,identification,read_home_timeline,,,,,
v3-main-771601/deathstarbench_social_network/split/NCD/1,graph,1,G0,,5.07459999994353e-05,solve,read_home_timeline,,,,,
v3-main-771601/deathstarbench_social_network/split/NCD/1,pmx,1,PMX_shared_variants,,4.9797536369999875,native_projection,compose_post,,,,,
v3-main-771601/deathstarbench_social_network/split/NCD/1,pmx,1,PMX_shared_variants,,1.621472984999997,native_projection,read_home_timeline,,,,,
v3-main-771601/deathstarbench_social_network/split/NCD/1,pmx,1,PMX_shared_variants,,1.4995758040000169,native_projection,read_user_timeline,,,,,
v3-main-771601/deathstarbench_social_network/split/NCD/1,pmx,1,PMX_shared_variants,,8.565037474999997,input_and_projection_process_total,,True,,,,
v3-main-771601/deathstarbench_social_network/split/NCD/1,pmx,1,PMX_shared_variants,,4.2,derived_binary_build,,,javac 11.0.32,2322880b6447754528e201553bc4e2fac00334b7d6f3ac202cfe1e3742bbbcc6,True,"{""maximum_rss_bytes"": 225587200.0, ""path"": ""build-resource-usage.txt"", ""system_seconds"": 0.28, ""user_seconds"": 5.4, ""wall_seconds"": 4.2}"
v3-main-771601/deathstarbench_social_network/split/NCD/1,pmx,1,PMX_shared_variants,,24.387089087999982,independent_pmx_extraction_process,compose_post,,,,,
v3-main-771601/deathstarbench_social_network/split/NCD/1,pmx,1,PMX_shared_variants,,22.37276430899999,independent_pmx_extraction_process,read_home_timeline,,,,,
v3-main-771601/deathstarbench_social_network/split/NCD/1,pmx,1,PMX_shared_variants,,22.224795329000017,independent_pmx_extraction_process,read_user_timeline,,,,,
v3-main-771601/deathstarbench_social_network/split/NCD/2,acquisition,1,shared_acquisition,True,2057.7711247529996,acquisition_and_export_process_total,,,,,,
v3-main-771601/deathstarbench_social_network/split/NCD/2,acquisition,1,shared_native_pool,,1.7499702410000282,native_parse,,,,,,
v3-main-771601/deathstarbench_social_network/split/NCD/2,graph,1,B0,,0.006683318999996857,identification,,,,,,
v3-main-771601/deathstarbench_social_network/split/NCD/2,graph,1,shared_graph_family,,0.7269885190000025,extraction,compose_post,,,,,
v3-main-771601/deathstarbench_social_network/split/NCD/2,graph,1,shared_graph_family,,0.007663039999997068,identification,compose_post,,,,,
v3-main-771601/deathstarbench_social_network/split/NCD/2,graph,1,shared_graph_family,,0.007102007000000299,solve,compose_post,,,,,
v3-main-771601/deathstarbench_social_network/split/NCD/2,graph,1,G0,,0.0005792060000047172,identification,compose_post,,,,,
v3-main-771601/deathstarbench_social_network/split/NCD/2,graph,1,G0,,0.00012622500000247783,solve,compose_post,,,,,
v3-main-771601/deathstarbench_social_network/split/NCD/2,graph,1,shared_graph_family,,0.15240493799999655,extraction,read_home_timeline,,,,,
v3-main-771601/deathstarbench_social_network/split/NCD/2,graph,1,shared_graph_family,,0.003368879999996466,identification,read_home_timeline,,,,,
v3-main-771601/deathstarbench_social_network/split/NCD/2,graph,1,shared_graph_family,,0.00020025199999906818,solve,read_home_timeline,,,,,
v3-main-771601/deathstarbench_social_network/split/NCD/2,graph,1,G0,,0.00016844299999974055,identification,read_home_timeline,,,,,
v3-main-771601/deathstarbench_social_network/split/NCD/2,graph,1,G0,,6.273600000383794e-05,solve,read_home_timeline,,,,,
v3-main-771601/deathstarbench_social_network/split/NCD/2,pmx,1,PMX_shared_variants,,4.851197132999914,native_projection,compose_post,,,,,
v3-main-771601/deathstarbench_social_network/split/NCD/2,pmx,1,PMX_shared_variants,,1.661494556999969,native_projection,read_home_timeline,,,,,
v3-main-771601/deathstarbench_social_network/split/NCD/2,pmx,1,PMX_shared_variants,,1.4452719729999899,native_projection,read_user_timeline,,,,,
v3-main-771601/deathstarbench_social_network/split/NCD/2,pmx,1,PMX_shared_variants,,8.443632277999995,input_and_projection_process_total,,True,,,,
v3-main-771601/deathstarbench_social_network/split/NCD/2,pmx,1,PMX_shared_variants,,17.32,derived_binary_build,,,javac 11.0.32,2322880b6447754528e201553bc4e2fac00334b7d6f3ac202cfe1e3742bbbcc6,True,"{""maximum_rss_bytes"": 226086912.0, ""path"": ""build-resource-usage.txt"", ""system_seconds"": 0.29, ""user_seconds"": 5.75, ""wall_seconds"": 17.32}"
v3-main-771601/deathstarbench_social_network/split/NCD/2,pmx,1,PMX_shared_variants,,27.848673623999957,independent_pmx_extraction_process,compose_post,,,,,
v3-main-771601/deathstarbench_social_network/split/NCD/2,pmx,1,PMX_shared_variants,,22.43346842400001,independent_pmx_extraction_process,read_home_timeline,,,,,
v3-main-771601/deathstarbench_social_network/split/NCD/2,pmx,1,PMX_shared_variants,,22.228392578000012,independent_pmx_extraction_process,read_user_timeline,,,,,
v3-main-771601/deathstarbench_social_network/split/NCD/3,acquisition,1,shared_acquisition,True,2059.372262331,acquisition_and_export_process_total,,,,,,
v3-main-771601/deathstarbench_social_network/split/NCD/3,acquisition,1,shared_native_pool,,2.1419417809997867,native_parse,,,,,,
v3-main-771601/deathstarbench_social_network/split/NCD/3,graph,1,B0,,0.005968829999915215,identification,,,,,,
v3-main-771601/deathstarbench_social_network/split/NCD/3,graph,1,shared_graph_family,,0.14043208600003254,extraction,read_home_timeline,,,,,
v3-main-771601/deathstarbench_social_network/split/NCD/3,graph,1,shared_graph_family,,0.0027690910000046642,identification,read_home_timeline,,,,,
v3-main-771601/deathstarbench_social_network/split/NCD/3,graph,1,shared_graph_family,,0.00023378799994588917,solve,read_home_timeline,,,,,
v3-main-771601/deathstarbench_social_network/split/NCD/3,graph,1,G0,,0.00018559800003004057,identification,read_home_timeline,,,,,
v3-main-771601/deathstarbench_social_network/split/NCD/3,graph,1,G0,,7.344700009070948e-05,solve,read_home_timeline,,,,,
v3-main-771601/deathstarbench_social_network/split/NCD/3,pmx,1,PMX_shared_variants,,4.174197674000027,native_projection,compose_post,,,,,
v3-main-771601/deathstarbench_social_network/split/NCD/3,pmx,1,PMX_shared_variants,,1.3818531819999862,native_projection,read_home_timeline,,,,,
v3-main-771601/deathstarbench_social_network/split/NCD/3,pmx,1,PMX_shared_variants,,1.253109391999999,native_projection,read_user_timeline,,,,,
v3-main-771601/deathstarbench_social_network/split/NCD/3,pmx,1,PMX_shared_variants,,7.251539417999993,input_and_projection_process_total,,True,,,,
v3-main-771601/deathstarbench_social_network/split/NCD/3,pmx,1,PMX_shared_variants,,8.29,derived_binary_build,,,javac 11.0.32,2322880b6447754528e201553bc4e2fac00334b7d6f3ac202cfe1e3742bbbcc6,True,"{""maximum_rss_bytes"": 226054144.0, ""path"": ""build-resource-usage.txt"", ""system_seconds"": 0.23, ""user_seconds"": 6.06, ""wall_seconds"": 8.29}"
v3-main-771601/deathstarbench_social_network/split/NCD/3,pmx,1,PMX_shared_variants,,27.895136046999994,independent_pmx_extraction_process,compose_post,,,,,
v3-main-771601/deathstarbench_social_network/split/NCD/3,pmx,1,PMX_shared_variants,,22.527115921000018,independent_pmx_extraction_process,read_home_timeline,,,,,
v3-main-771601/deathstarbench_social_network/split/NCD/3,pmx,1,PMX_shared_variants,,22.43442169100001,independent_pmx_extraction_process,read_user_timeline,,,,,
v3-main-771601/deathstarbench_social_network/split/NCD/4,acquisition,1,shared_acquisition,True,2059.862015588,acquisition_and_export_process_total,,,,,,
v3-main-771601/deathstarbench_social_network/split/NCD/4,acquisition,1,shared_native_pool,,2.2177972819999923,native_parse,,,,,,
v3-main-771601/deathstarbench_social_network/split/NCD/4,graph,1,B0,,0.006522311999987096,identification,,,,,,
v3-main-771601/deathstarbench_social_network/split/NCD/4,graph,1,shared_graph_family,,0.6894684340000197,extraction,compose_post,,,,,
v3-main-771601/deathstarbench_social_network/split/NCD/4,graph,1,shared_graph_family,,0.005992700999996714,identification,compose_post,,,,,
v3-main-771601/deathstarbench_social_network/split/NCD/4,graph,1,shared_graph_family,,0.003604999999993197,solve,compose_post,,,,,
v3-main-771601/deathstarbench_social_network/split/NCD/4,graph,1,G0,,0.0005465539999818247,identification,compose_post,,,,,
v3-main-771601/deathstarbench_social_network/split/NCD/4,graph,1,G0,,0.00011403399997789165,solve,compose_post,,,,,
v3-main-771601/deathstarbench_social_network/split/NCD/4,graph,1,shared_graph_family,,0.13877016800000774,extraction,read_home_timeline,,,,,
v3-main-771601/deathstarbench_social_network/split/NCD/4,graph,1,shared_graph_family,,0.00268540799999073,identification,read_home_timeline,,,,,
v3-main-771601/deathstarbench_social_network/split/NCD/4,graph,1,shared_graph_family,,0.0001757690000090406,solve,read_home_timeline,,,,,
v3-main-771601/deathstarbench_social_network/split/NCD/4,graph,1,G0,,0.00016625099999600934,identification,read_home_timeline,,,,,
v3-main-771601/deathstarbench_social_network/split/NCD/4,graph,1,G0,,5.082600000605453e-05,solve,read_home_timeline,,,,,
v3-main-771601/deathstarbench_social_network/split/NCD/4,graph,1,shared_graph_family,,0.14783855700000004,extraction,read_user_timeline,,,,,
v3-main-771601/deathstarbench_social_network/split/NCD/4,graph,1,shared_graph_family,,0.003811816999984785,identification,read_user_timeline,,,,,
v3-main-771601/deathstarbench_social_network/split/NCD/4,graph,1,shared_graph_family,,0.0025003920000017388,solve,read_user_timeline,,,,,
v3-main-771601/deathstarbench_social_network/split/NCD/4,graph,1,G0,,0.00019519500000342305,identification,read_user_timeline,,,,,
v3-main-771601/deathstarbench_social_network/split/NCD/4,graph,1,G0,,6.149500001129127e-05,solve,read_user_timeline,,,,,
v3-main-771601/deathstarbench_social_network/split/NCD/4,pmx,1,PMX_shared_variants,,6.687502695000006,native_projection,compose_post,,,,,
v3-main-771601/deathstarbench_social_network/split/NCD/4,pmx,1,PMX_shared_variants,,2.16608466400001,native_projection,read_home_timeline,,,,,
v3-main-771601/deathstarbench_social_network/split/NCD/4,pmx,1,PMX_shared_variants,,2.148236875000009,native_projection,read_user_timeline,,,,,
v3-main-771601/deathstarbench_social_network/split/NCD/4,pmx,1,PMX_shared_variants,,11.61740389800002,input_and_projection_process_total,,True,,,,
v3-main-771601/deathstarbench_social_network/split/NCD/4,pmx,1,PMX_shared_variants,,7.37,derived_binary_build,,,javac 11.0.32,2322880b6447754528e201553bc4e2fac00334b7d6f3ac202cfe1e3742bbbcc6,True,"{""maximum_rss_bytes"": 227729408.0, ""path"": ""build-resource-usage.txt"", ""system_seconds"": 0.31, ""user_seconds"": 7.02, ""wall_seconds"": 7.37}"
v3-main-771601/deathstarbench_social_network/split/NCD/4,pmx,1,PMX_shared_variants,,27.04999818799999,independent_pmx_extraction_process,compose_post,,,,,
v3-main-771601/deathstarbench_social_network/split/NCD/4,pmx,1,PMX_shared_variants,,23.144319587000012,independent_pmx_extraction_process,read_home_timeline,,,,,
v3-main-771601/deathstarbench_social_network/split/NCD/4,pmx,1,PMX_shared_variants,,23.03152871399999,independent_pmx_extraction_process,read_user_timeline,,,,,
v3-main-771601/deathstarbench_social_network/split/NCD/5,acquisition,1,shared_acquisition,True,2059.7471110610004,acquisition_and_export_process_total,,,,,,
v3-main-771601/deathstarbench_social_network/split/NCD/5,acquisition,1,shared_native_pool,,2.125949179000145,native_parse,,,,,,
v3-main-771601/deathstarbench_social_network/split/NCD/5,graph,1,B0,,0.006246529999998529,identification,,,,,,
v3-main-771601/deathstarbench_social_network/split/NCD/5,graph,1,shared_graph_family,,0.7033836319999978,extraction,compose_post,,,,,
v3-main-771601/deathstarbench_social_network/split/NCD/5,graph,1,shared_graph_family,,0.00615409599998884,identification,compose_post,,,,,
v3-main-771601/deathstarbench_social_network/split/NCD/5,graph,1,shared_graph_family,,0.004713635000001659,solve,compose_post,,,,,
v3-main-771601/deathstarbench_social_network/split/NCD/5,graph,1,G0,,0.0005974549999905321,identification,compose_post,,,,,
v3-main-771601/deathstarbench_social_network/split/NCD/5,graph,1,G0,,0.0001129919999982576,solve,compose_post,,,,,
v3-main-771601/deathstarbench_social_network/split/NCD/5,graph,1,shared_graph_family,,0.14194605599999477,extraction,read_home_timeline,,,,,
v3-main-771601/deathstarbench_social_network/split/NCD/5,graph,1,shared_graph_family,,0.0027534040000034565,identification,read_home_timeline,,,,,
v3-main-771601/deathstarbench_social_network/split/NCD/5,graph,1,shared_graph_family,,0.00018946599999480895,solve,read_home_timeline,,,,,
v3-main-771601/deathstarbench_social_network/split/NCD/5,graph,1,G0,,0.00016300699999760582,identification,read_home_timeline,,,,,
v3-main-771601/deathstarbench_social_network/split/NCD/5,graph,1,G0,,5.40519999958633e-05,solve,read_home_timeline,,,,,
v3-main-771601/deathstarbench_social_network/split/NCD/5,graph,1,shared_graph_family,,0.15293385399999693,extraction,read_user_timeline,,,,,
v3-main-771601/deathstarbench_social_network/split/NCD/5,graph,1,shared_graph_family,,0.003738217999995186,identification,read_user_timeline,,,,,
v3-main-771601/deathstarbench_social_network/split/NCD/5,graph,1,shared_graph_family,,0.0027266140000108408,solve,read_user_timeline,,,,,
v3-main-771601/deathstarbench_social_network/split/NCD/5,graph,1,G0,,0.00019116000001417888,identification,read_user_timeline,,,,,
v3-main-771601/deathstarbench_social_network/split/NCD/5,graph,1,G0,,6.806799999026225e-05,solve,read_user_timeline,,,,,
v3-main-771601/deathstarbench_social_network/split/NCD/5,pmx,1,PMX_shared_variants,,6.542772446000015,native_projection,compose_post,,,,,
v3-main-771601/deathstarbench_social_network/split/NCD/5,pmx,1,PMX_shared_variants,,2.110827131999997,native_projection,read_home_timeline,,,,,
v3-main-771601/deathstarbench_social_network/split/NCD/5,pmx,1,PMX_shared_variants,,2.1083672339999566,native_projection,read_user_timeline,,,,,
v3-main-771601/deathstarbench_social_network/split/NCD/5,pmx,1,PMX_shared_variants,,11.353364854999995,input_and_projection_process_total,,True,,,,
v3-main-771601/deathstarbench_social_network/split/NCD/5,pmx,1,PMX_shared_variants,,9.54,derived_binary_build,,,javac 11.0.32,2322880b6447754528e201553bc4e2fac00334b7d6f3ac202cfe1e3742bbbcc6,True,"{""maximum_rss_bytes"": 227749888.0, ""path"": ""build-resource-usage.txt"", ""system_seconds"": 0.28, ""user_seconds"": 6.93, ""wall_seconds"": 9.54}"
v3-main-771601/deathstarbench_social_network/split/NCD/5,pmx,1,PMX_shared_variants,,26.802509472999986,independent_pmx_extraction_process,compose_post,,,,,
v3-main-771601/deathstarbench_social_network/split/NCD/5,pmx,1,PMX_shared_variants,,22.935877221999988,independent_pmx_extraction_process,read_home_timeline,,,,,
v3-main-771601/deathstarbench_social_network/split/NCD/5,pmx,1,PMX_shared_variants,,23.135656498999992,independent_pmx_extraction_process,read_user_timeline,,,,,
v3-main-771601/deathstarbench_social_network/split/NCD/6,acquisition,1,shared_acquisition,True,2059.682277592,acquisition_and_export_process_total,,,,,,
v3-main-771601/deathstarbench_social_network/split/NCD/6,acquisition,1,shared_native_pool,,2.0613832270000785,native_parse,,,,,,
v3-main-771601/deathstarbench_social_network/split/NCD/6,graph,1,B0,,0.006023971000004735,identification,,,,,,
v3-main-771601/deathstarbench_social_network/split/NCD/6,graph,1,shared_graph_family,,0.6829455470000028,extraction,compose_post,,,,,
v3-main-771601/deathstarbench_social_network/split/NCD/6,graph,1,shared_graph_family,,0.006268972000000872,identification,compose_post,,,,,
v3-main-771601/deathstarbench_social_network/split/NCD/6,graph,1,shared_graph_family,,0.005903071999995291,solve,compose_post,,,,,
v3-main-771601/deathstarbench_social_network/split/NCD/6,graph,1,G0,,0.0006310499999955255,identification,compose_post,,,,,
v3-main-771601/deathstarbench_social_network/split/NCD/6,graph,1,G0,,0.0001337070000033691,solve,compose_post,,,,,
v3-main-771601/deathstarbench_social_network/split/NCD/6,graph,1,shared_graph_family,,0.13028306500000042,extraction,read_home_timeline,,,,,
v3-main-771601/deathstarbench_social_network/split/NCD/6,graph,1,shared_graph_family,,0.00284405300000401,identification,read_home_timeline,,,,,
v3-main-771601/deathstarbench_social_network/split/NCD/6,graph,1,shared_graph_family,,0.00021925400000100126,solve,read_home_timeline,,,,,
v3-main-771601/deathstarbench_social_network/split/NCD/6,graph,1,G0,,0.00017390699998998116,identification,read_home_timeline,,,,,
v3-main-771601/deathstarbench_social_network/split/NCD/6,graph,1,G0,,6.982299998981034e-05,solve,read_home_timeline,,,,,
v3-main-771601/deathstarbench_social_network/split/NCD/6,pmx,1,PMX_shared_variants,,6.274421109000002,native_projection,compose_post,,,,,
v3-main-771601/deathstarbench_social_network/split/NCD/6,pmx,1,PMX_shared_variants,,2.076769135999996,native_projection,read_home_timeline,,,,,
v3-main-771601/deathstarbench_social_network/split/NCD/6,pmx,1,PMX_shared_variants,,1.916156934,native_projection,read_user_timeline,,,,,
v3-main-771601/deathstarbench_social_network/split/NCD/6,pmx,1,PMX_shared_variants,,10.838711044000007,input_and_projection_process_total,,True,,,,
v3-main-771601/deathstarbench_social_network/split/NCD/6,pmx,1,PMX_shared_variants,,6.8,derived_binary_build,,,javac 11.0.32,2322880b6447754528e201553bc4e2fac00334b7d6f3ac202cfe1e3742bbbcc6,True,"{""maximum_rss_bytes"": 227672064.0, ""path"": ""build-resource-usage.txt"", ""system_seconds"": 0.28, ""user_seconds"": 6.73, ""wall_seconds"": 6.8}"
v3-main-771601/deathstarbench_social_network/split/NCD/6,pmx,1,PMX_shared_variants,,26.44574489899999,independent_pmx_extraction_process,compose_post,,,,,
v3-main-771601/deathstarbench_social_network/split/NCD/6,pmx,1,PMX_shared_variants,,22.98630436500001,independent_pmx_extraction_process,read_home_timeline,,,,,
v3-main-771601/deathstarbench_social_network/split/NCD/6,pmx,1,PMX_shared_variants,,22.880575725,independent_pmx_extraction_process,read_user_timeline,,,,,
v3-main-771601/deathstarbench_social_network/split/NCD/7,acquisition,1,shared_acquisition,True,2058.8923053870003,acquisition_and_export_process_total,,,,,,
v3-main-771601/deathstarbench_social_network/split/NCD/7,acquisition,1,shared_native_pool,,1.9952065870002116,native_parse,,,,,,
v3-main-771601/deathstarbench_social_network/split/NCD/7,graph,1,B0,,0.006088433999998699,identification,,,,,,
v3-main-771601/deathstarbench_social_network/split/NCD/7,graph,1,shared_graph_family,,0.13401892599999599,extraction,read_home_timeline,,,,,
v3-main-771601/deathstarbench_social_network/split/NCD/7,graph,1,shared_graph_family,,0.0028298840000005043,identification,read_home_timeline,,,,,
v3-main-771601/deathstarbench_social_network/split/NCD/7,graph,1,shared_graph_family,,0.0002631999999991308,solve,read_home_timeline,,,,,
v3-main-771601/deathstarbench_social_network/split/NCD/7,graph,1,G0,,0.00017665900000451984,identification,read_home_timeline,,,,,
v3-main-771601/deathstarbench_social_network/split/NCD/7,graph,1,G0,,8.03990000051158e-05,solve,read_home_timeline,,,,,
v3-main-771601/deathstarbench_social_network/split/NCD/7,pmx,1,PMX_shared_variants,,6.217188925000002,native_projection,compose_post,,,,,
v3-main-771601/deathstarbench_social_network/split/NCD/7,pmx,1,PMX_shared_variants,,2.104989419000006,native_projection,read_home_timeline,,,,,
v3-main-771601/deathstarbench_social_network/split/NCD/7,pmx,1,PMX_shared_variants,,1.906335544000001,native_projection,read_user_timeline,,,,,
v3-main-771601/deathstarbench_social_network/split/NCD/7,pmx,1,PMX_shared_variants,,10.789933437000002,input_and_projection_process_total,,True,,,,
v3-main-771601/deathstarbench_social_network/split/NCD/7,pmx,1,PMX_shared_variants,,9.57,derived_binary_build,,,javac 11.0.32,2322880b6447754528e201553bc4e2fac00334b7d6f3ac202cfe1e3742bbbcc6,True,"{""maximum_rss_bytes"": 227581952.0, ""path"": ""build-resource-usage.txt"", ""system_seconds"": 0.31, ""user_seconds"": 6.86, ""wall_seconds"": 9.57}"
v3-main-771601/deathstarbench_social_network/split/NCD/7,pmx,1,PMX_shared_variants,,27.102110099,independent_pmx_extraction_process,compose_post,,,,,
v3-main-771601/deathstarbench_social_network/split/NCD/7,pmx,1,PMX_shared_variants,,22.928242760000003,independent_pmx_extraction_process,read_home_timeline,,,,,
v3-main-771601/deathstarbench_social_network/split/NCD/7,pmx,1,PMX_shared_variants,,22.93552652599999,independent_pmx_extraction_process,read_user_timeline,,,,,
v3-main-771601/deathstarbench_social_network/split/NCD/8,acquisition,1,shared_acquisition,True,2059.806993645,acquisition_and_export_process_total,,,,,,
v3-main-771601/deathstarbench_social_network/split/NCD/8,acquisition,1,shared_native_pool,,2.0414704350000648,native_parse,,,,,,
v3-main-771601/deathstarbench_social_network/split/NCD/8,graph,1,B0,,0.00620347500000662,identification,,,,,,
v3-main-771601/deathstarbench_social_network/split/NCD/8,graph,1,shared_graph_family,,0.6823947990000079,extraction,compose_post,,,,,
v3-main-771601/deathstarbench_social_network/split/NCD/8,graph,1,shared_graph_family,,0.006302302000023019,identification,compose_post,,,,,
v3-main-771601/deathstarbench_social_network/split/NCD/8,graph,1,shared_graph_family,,0.002924524999997402,solve,compose_post,,,,,
v3-main-771601/deathstarbench_social_network/split/NCD/8,graph,1,G0,,0.0005637969999838788,identification,compose_post,,,,,
v3-main-771601/deathstarbench_social_network/split/NCD/8,graph,1,G0,,0.00013948800000207484,solve,compose_post,,,,,
v3-main-771601/deathstarbench_social_network/split/NCD/8,graph,1,shared_graph_family,,0.12633339100000285,extraction,read_home_timeline,,,,,
v3-main-771601/deathstarbench_social_network/split/NCD/8,graph,1,shared_graph_family,,0.00283632299999681,identification,read_home_timeline,,,,,
v3-main-771601/deathstarbench_social_network/split/NCD/8,graph,1,shared_graph_family,,0.00019021200000679528,solve,read_home_timeline,,,,,
v3-main-771601/deathstarbench_social_network/split/NCD/8,graph,1,G0,,0.00020436400001244692,identification,read_home_timeline,,,,,
v3-main-771601/deathstarbench_social_network/split/NCD/8,graph,1,G0,,5.531200000064018e-05,solve,read_home_timeline,,,,,
v3-main-771601/deathstarbench_social_network/split/NCD/8,graph,1,shared_graph_family,,0.13089130100001967,extraction,read_user_timeline,,,,,
v3-main-771601/deathstarbench_social_network/split/NCD/8,graph,1,shared_graph_family,,0.0038195539999890116,identification,read_user_timeline,,,,,
v3-main-771601/deathstarbench_social_network/split/NCD/8,graph,1,shared_graph_family,,0.002408096999999998,solve,read_user_timeline,,,,,
v3-main-771601/deathstarbench_social_network/split/NCD/8,graph,1,G0,,0.00018605599998977596,identification,read_user_timeline,,,,,
v3-main-771601/deathstarbench_social_network/split/NCD/8,graph,1,G0,,6.752999999548592e-05,solve,read_user_timeline,,,,,
v3-main-771601/deathstarbench_social_network/split/NCD/8,pmx,1,PMX_shared_variants,,6.562181381999949,native_projection,compose_post,,,,,
v3-main-771601/deathstarbench_social_network/split/NCD/8,pmx,1,PMX_shared_variants,,2.1149936939999634,native_projection,read_home_timeline,,,,,
v3-main-771601/deathstarbench_social_network/split/NCD/8,pmx,1,PMX_shared_variants,,2.1371935959999746,native_projection,read_user_timeline,,,,,
v3-main-771601/deathstarbench_social_network/split/NCD/8,pmx,1,PMX_shared_variants,,11.407583663000082,input_and_projection_process_total,,True,,,,
v3-main-771601/deathstarbench_social_network/split/NCD/8,pmx,1,PMX_shared_variants,,5.92,derived_binary_build,,,javac 11.0.32,2322880b6447754528e201553bc4e2fac00334b7d6f3ac202cfe1e3742bbbcc6,True,"{""maximum_rss_bytes"": 228044800.0, ""path"": ""build-resource-usage.txt"", ""system_seconds"": 0.3, ""user_seconds"": 6.72, ""wall_seconds"": 5.92}"
v3-main-771601/deathstarbench_social_network/split/NCD/8,pmx,1,PMX_shared_variants,,26.19820227599996,independent_pmx_extraction_process,compose_post,,,,,
v3-main-771601/deathstarbench_social_network/split/NCD/8,pmx,1,PMX_shared_variants,,22.97949327099991,independent_pmx_extraction_process,read_home_timeline,,,,,
v3-main-771601/deathstarbench_social_network/split/NCD/8,pmx,1,PMX_shared_variants,,22.882417681999982,independent_pmx_extraction_process,read_user_timeline,,,,,
v3-main-771601/deathstarbench_social_network/split/NCD/9,acquisition,1,shared_acquisition,True,2058.505345658,acquisition_and_export_process_total,,,,,,
v3-main-771601/deathstarbench_social_network/split/NCD/9,acquisition,1,shared_native_pool,,1.8526813200001016,native_parse,,,,,,
v3-main-771601/deathstarbench_social_network/split/NCD/9,graph,1,B0,,0.008573729000005414,identification,,,,,,
v3-main-771601/deathstarbench_social_network/split/NCD/9,graph,1,shared_graph_family,,0.17513594700000112,extraction,read_home_timeline,,,,,
v3-main-771601/deathstarbench_social_network/split/NCD/9,graph,1,shared_graph_family,,0.004566420000003291,identification,read_home_timeline,,,,,
v3-main-771601/deathstarbench_social_network/split/NCD/9,graph,1,shared_graph_family,,0.0004706869999893115,solve,read_home_timeline,,,,,
v3-main-771601/deathstarbench_social_network/split/NCD/9,graph,1,G0,,0.0002296589999986054,identification,read_home_timeline,,,,,
v3-main-771601/deathstarbench_social_network/split/NCD/9,graph,1,G0,,0.00013168600000312836,solve,read_home_timeline,,,,,
v3-main-771601/deathstarbench_social_network/split/NCD/9,pmx,1,PMX_shared_variants,,4.531975246999991,native_projection,compose_post,,,,,
v3-main-771601/deathstarbench_social_network/split/NCD/9,pmx,1,PMX_shared_variants,,1.47271781500001,native_projection,read_home_timeline,,,,,
v3-main-771601/deathstarbench_social_network/split/NCD/9,pmx,1,PMX_shared_variants,,1.303287513999976,native_projection,read_user_timeline,,,,,
v3-main-771601/deathstarbench_social_network/split/NCD/9,pmx,1,PMX_shared_variants,,7.764540659000005,input_and_projection_process_total,,True,,,,
v3-main-771601/deathstarbench_social_network/split/NCD/9,pmx,1,PMX_shared_variants,,12.0,derived_binary_build,,,javac 11.0.32,2322880b6447754528e201553bc4e2fac00334b7d6f3ac202cfe1e3742bbbcc6,True,"{""maximum_rss_bytes"": 226131968.0, ""path"": ""build-resource-usage.txt"", ""system_seconds"": 0.29, ""user_seconds"": 6.58, ""wall_seconds"": 12.0}"
v3-main-771601/deathstarbench_social_network/split/NCD/9,pmx,1,PMX_shared_variants,,28.84932587000003,independent_pmx_extraction_process,compose_post,,,,,
v3-main-771601/deathstarbench_social_network/split/NCD/9,pmx,1,PMX_shared_variants,,22.82773148000001,independent_pmx_extraction_process,read_home_timeline,,,,,
v3-main-771601/deathstarbench_social_network/split/NCD/9,pmx,1,PMX_shared_variants,,22.58090938800001,independent_pmx_extraction_process,read_user_timeline,,,,,
v3-main-771601/opentelemetry_demo/colocated/N/0,acquisition,1,shared_acquisition,True,2084.164196362,acquisition_and_export_process_total,,,,,,
v3-main-771601/opentelemetry_demo/colocated/N/0,acquisition,1,shared_native_pool,,9.495513000000301,native_parse,,,,,,
v3-main-771601/opentelemetry_demo/colocated/N/0,graph,1,B0,,0.006020984000002727,identification,,,,,,
v3-main-771601/opentelemetry_demo/colocated/N/0,graph,1,shared_graph_family,,0.6280092099999948,extraction,add_to_cart,,,,,
v3-main-771601/opentelemetry_demo/colocated/N/0,graph,1,shared_graph_family,,0.004491422000000966,identification,add_to_cart,,,,,
v3-main-771601/opentelemetry_demo/colocated/N/0,graph,1,shared_graph_family,,0.0007145869999973797,solve,add_to_cart,,,,,
v3-main-771601/opentelemetry_demo/colocated/N/0,graph,1,G0,,0.00031421399999942423,identification,add_to_cart,,,,,
v3-main-771601/opentelemetry_demo/colocated/N/0,graph,1,G0,,8.45769999955337e-05,solve,add_to_cart,,,,,
v3-main-771601/opentelemetry_demo/colocated/N/0,graph,1,shared_graph_family,,0.21144685400000185,extraction,browse_product,,,,,
v3-main-771601/opentelemetry_demo/colocated/N/0,graph,1,shared_graph_family,,0.003762338999997894,identification,browse_product,,,,,
v3-main-771601/opentelemetry_demo/colocated/N/0,graph,1,shared_graph_family,,0.0006617200000036405,solve,browse_product,,,,,
v3-main-771601/opentelemetry_demo/colocated/N/0,graph,1,G0,,0.00021457799999780036,identification,browse_product,,,,,
v3-main-771601/opentelemetry_demo/colocated/N/0,graph,1,G0,,6.270699999788576e-05,solve,browse_product,,,,,
v3-main-771601/opentelemetry_demo/colocated/N/0,graph,1,shared_graph_family,,1.6556332289999958,extraction,checkout,,,,,
v3-main-771601/opentelemetry_demo/colocated/N/0,graph,1,shared_graph_family,,0.00635791999999924,identification,checkout,,,,,
v3-main-771601/opentelemetry_demo/colocated/N/0,graph,1,shared_graph_family,,0.001914857000002712,solve,checkout,,,,,
v3-main-771601/opentelemetry_demo/colocated/N/0,graph,1,G0,,0.0009101810000018418,identification,checkout,,,,,
v3-main-771601/opentelemetry_demo/colocated/N/0,graph,1,G0,,0.00010019599999822049,solve,checkout,,,,,
v3-main-771601/opentelemetry_demo/colocated/N/0,pmx,1,PMX_shared_variants,,5.033957971999996,native_projection,add_to_cart,,,,,
v3-main-771601/opentelemetry_demo/colocated/N/0,pmx,1,PMX_shared_variants,,2.7817176020000005,native_projection,browse_product,,,,,
v3-main-771601/opentelemetry_demo/colocated/N/0,pmx,1,PMX_shared_variants,,13.607577906999992,native_projection,checkout,,,,,
v3-main-771601/opentelemetry_demo/colocated/N/0,pmx,1,PMX_shared_variants,,23.1180303,input_and_projection_process_total,,True,,,,
v3-main-771601/opentelemetry_demo/colocated/N/0,pmx,1,PMX_shared_variants,,13.58,derived_binary_build,,,javac 11.0.32,2322880b6447754528e201553bc4e2fac00334b7d6f3ac202cfe1e3742bbbcc6,True,"{""maximum_rss_bytes"": 227794944.0, ""path"": ""build-resource-usage.txt"", ""system_seconds"": 0.36, ""user_seconds"": 7.24, ""wall_seconds"": 13.58}"
v3-main-771601/opentelemetry_demo/colocated/N/0,pmx,1,PMX_shared_variants,,26.594231968999992,independent_pmx_extraction_process,add_to_cart,,,,,
v3-main-771601/opentelemetry_demo/colocated/N/0,pmx,1,PMX_shared_variants,,23.23282408300001,independent_pmx_extraction_process,browse_product,,,,,
v3-main-771601/opentelemetry_demo/colocated/N/0,pmx,1,PMX_shared_variants,,34.884479440999996,independent_pmx_extraction_process,checkout,,,,,
v3-main-771601/opentelemetry_demo/colocated/N/1,acquisition,1,shared_acquisition,True,2083.3069032289995,acquisition_and_export_process_total,,,,,,
v3-main-771601/opentelemetry_demo/colocated/N/1,acquisition,1,shared_native_pool,,9.375614068000232,native_parse,,,,,,
v3-main-771601/opentelemetry_demo/colocated/N/1,graph,1,B0,,0.006281663000009985,identification,,,,,,
v3-main-771601/opentelemetry_demo/colocated/N/1,graph,1,shared_graph_family,,0.6003238030000091,extraction,add_to_cart,,,,,
v3-main-771601/opentelemetry_demo/colocated/N/1,graph,1,shared_graph_family,,0.004599109000025692,identification,add_to_cart,,,,,
v3-main-771601/opentelemetry_demo/colocated/N/1,graph,1,shared_graph_family,,0.0008300610000162578,solve,add_to_cart,,,,,
v3-main-771601/opentelemetry_demo/colocated/N/1,graph,1,G0,,0.00032422999998971136,identification,add_to_cart,,,,,
v3-main-771601/opentelemetry_demo/colocated/N/1,graph,1,G0,,8.709400000839196e-05,solve,add_to_cart,,,,,
v3-main-771601/opentelemetry_demo/colocated/N/1,graph,1,shared_graph_family,,0.21141801300001362,extraction,browse_product,,,,,
v3-main-771601/opentelemetry_demo/colocated/N/1,graph,1,shared_graph_family,,0.0038358040000048277,identification,browse_product,,,,,
v3-main-771601/opentelemetry_demo/colocated/N/1,graph,1,shared_graph_family,,0.0005800099999930808,solve,browse_product,,,,,
v3-main-771601/opentelemetry_demo/colocated/N/1,graph,1,G0,,0.00023060300000565803,identification,browse_product,,,,,
v3-main-771601/opentelemetry_demo/colocated/N/1,graph,1,G0,,6.556299999260773e-05,solve,browse_product,,,,,
v3-main-771601/opentelemetry_demo/colocated/N/1,graph,1,shared_graph_family,,1.649645214000003,extraction,checkout,,,,,
v3-main-771601/opentelemetry_demo/colocated/N/1,graph,1,shared_graph_family,,0.006391114000024345,identification,checkout,,,,,
v3-main-771601/opentelemetry_demo/colocated/N/1,graph,1,shared_graph_family,,0.0016795200000103705,solve,checkout,,,,,
v3-main-771601/opentelemetry_demo/colocated/N/1,graph,1,G0,,0.0006860599999924943,identification,checkout,,,,,
v3-main-771601/opentelemetry_demo/colocated/N/1,graph,1,G0,,9.490900001196678e-05,solve,checkout,,,,,
v3-main-771601/opentelemetry_demo/colocated/N/1,pmx,1,PMX_shared_variants,,3.7855836820000093,native_projection,add_to_cart,,,,,
v3-main-771601/opentelemetry_demo/colocated/N/1,pmx,1,PMX_shared_variants,,2.1183926340000028,native_projection,browse_product,,,,,
v3-main-771601/opentelemetry_demo/colocated/N/1,pmx,1,PMX_shared_variants,,10.276580846000002,native_projection,checkout,,,,,
v3-main-771601/opentelemetry_demo/colocated/N/1,pmx,1,PMX_shared_variants,,17.551344692,input_and_projection_process_total,,True,,,,
v3-main-771601/opentelemetry_demo/colocated/N/1,pmx,1,PMX_shared_variants,,7.71,derived_binary_build,,,javac 11.0.32,2322880b6447754528e201553bc4e2fac00334b7d6f3ac202cfe1e3742bbbcc6,True,"{""maximum_rss_bytes"": 225624064.0, ""path"": ""build-resource-usage.txt"", ""system_seconds"": 0.29, ""user_seconds"": 6.72, ""wall_seconds"": 7.71}"
v3-main-771601/opentelemetry_demo/colocated/N/1,pmx,1,PMX_shared_variants,,27.948393564,independent_pmx_extraction_process,add_to_cart,,,,,
v3-main-771601/opentelemetry_demo/colocated/N/1,pmx,1,PMX_shared_variants,,23.334310676,independent_pmx_extraction_process,browse_product,,,,,
v3-main-771601/opentelemetry_demo/colocated/N/1,pmx,1,PMX_shared_variants,,44.32030092400001,independent_pmx_extraction_process,checkout,,,,,
v3-main-771601/opentelemetry_demo/colocated/N/2,acquisition,1,shared_acquisition,True,2082.885440779,acquisition_and_export_process_total,,,,,,
v3-main-771601/opentelemetry_demo/colocated/N/2,acquisition,1,shared_native_pool,,9.35790118199975,native_parse,,,,,,
v3-main-771601/opentelemetry_demo/colocated/N/2,graph,1,B0,,0.006181777999998417,identification,,,,,,
v3-main-771601/opentelemetry_demo/colocated/N/2,graph,1,shared_graph_family,,0.6157468910000006,extraction,add_to_cart,,,,,
v3-main-771601/opentelemetry_demo/colocated/N/2,graph,1,shared_graph_family,,0.004490283999999178,identification,add_to_cart,,,,,
v3-main-771601/opentelemetry_demo/colocated/N/2,graph,1,shared_graph_family,,0.0009654820000051245,solve,add_to_cart,,,,,
v3-main-771601/opentelemetry_demo/colocated/N/2,graph,1,G0,,0.0003130069999954799,identification,add_to_cart,,,,,
v3-main-771601/opentelemetry_demo/colocated/N/2,graph,1,G0,,8.4479000001636e-05,solve,add_to_cart,,,,,
v3-main-771601/opentelemetry_demo/colocated/N/2,graph,1,shared_graph_family,,0.21078182699999815,extraction,browse_product,,,,,
v3-main-771601/opentelemetry_demo/colocated/N/2,graph,1,shared_graph_family,,0.003854230999998265,identification,browse_product,,,,,
v3-main-771601/opentelemetry_demo/colocated/N/2,graph,1,shared_graph_family,,0.0005712009999996326,solve,browse_product,,,,,
v3-main-771601/opentelemetry_demo/colocated/N/2,graph,1,G0,,0.00022273700000141616,identification,browse_product,,,,,
v3-main-771601/opentelemetry_demo/colocated/N/2,graph,1,G0,,6.463100000075883e-05,solve,browse_product,,,,,
v3-main-771601/opentelemetry_demo/colocated/N/2,graph,1,shared_graph_family,,1.665154601999994,extraction,checkout,,,,,
v3-main-771601/opentelemetry_demo/colocated/N/2,graph,1,shared_graph_family,,0.006348409999993976,identification,checkout,,,,,
v3-main-771601/opentelemetry_demo/colocated/N/2,graph,1,shared_graph_family,,0.0013031539999985853,solve,checkout,,,,,
v3-main-771601/opentelemetry_demo/colocated/N/2,graph,1,G0,,0.0006767090000039389,identification,checkout,,,,,
v3-main-771601/opentelemetry_demo/colocated/N/2,graph,1,G0,,7.366799999886098e-05,solve,checkout,,,,,
v3-main-771601/opentelemetry_demo/colocated/N/2,pmx,1,PMX_shared_variants,,4.102340154999979,native_projection,add_to_cart,,,,,
v3-main-771601/opentelemetry_demo/colocated/N/2,pmx,1,PMX_shared_variants,,2.241726970000002,native_projection,browse_product,,,,,
v3-main-771601/opentelemetry_demo/colocated/N/2,pmx,1,PMX_shared_variants,,11.214201965999962,native_projection,checkout,,,,,
v3-main-771601/opentelemetry_demo/colocated/N/2,pmx,1,PMX_shared_variants,,18.991710549999993,input_and_projection_process_total,,True,,,,
v3-main-771601/opentelemetry_demo/colocated/N/2,pmx,1,PMX_shared_variants,,9.76,derived_binary_build,,,javac 11.0.32,2322880b6447754528e201553bc4e2fac00334b7d6f3ac202cfe1e3742bbbcc6,True,"{""maximum_rss_bytes"": 225746944.0, ""path"": ""build-resource-usage.txt"", ""system_seconds"": 0.28, ""user_seconds"": 5.62, ""wall_seconds"": 9.76}"
v3-main-771601/opentelemetry_demo/colocated/N/2,pmx,1,PMX_shared_variants,,25.94362650299996,independent_pmx_extraction_process,add_to_cart,,,,,
v3-main-771601/opentelemetry_demo/colocated/N/2,pmx,1,PMX_shared_variants,,22.679935653999962,independent_pmx_extraction_process,browse_product,,,,,
v3-main-771601/opentelemetry_demo/colocated/N/2,pmx,1,PMX_shared_variants,,33.16859256099997,independent_pmx_extraction_process,checkout,,,,,
v3-main-771601/opentelemetry_demo/colocated/N/3,acquisition,1,shared_acquisition,True,2082.013417703,acquisition_and_export_process_total,,,,,,
v3-main-771601/opentelemetry_demo/colocated/N/3,acquisition,1,shared_native_pool,,8.28162395299978,native_parse,,,,,,
v3-main-771601/opentelemetry_demo/colocated/N/3,graph,1,B0,,0.0055182909999302865,identification,,,,,,
v3-main-771601/opentelemetry_demo/colocated/N/3,graph,1,shared_graph_family,,0.5373334390000082,extraction,add_to_cart,,,,,
v3-main-771601/opentelemetry_demo/colocated/N/3,graph,1,shared_graph_family,,0.0042651449999766555,identification,add_to_cart,,,,,
v3-main-771601/opentelemetry_demo/colocated/N/3,graph,1,shared_graph_family,,0.0006316100000276492,solve,add_to_cart,,,,,
v3-main-771601/opentelemetry_demo/colocated/N/3,graph,1,G0,,0.0002823590000389231,identification,add_to_cart,,,,,
v3-main-771601/opentelemetry_demo/colocated/N/3,graph,1,G0,,9.904499995627702e-05,solve,add_to_cart,,,,,
v3-main-771601/opentelemetry_demo/colocated/N/3,graph,1,shared_graph_family,,0.1846809520000079,extraction,browse_product,,,,,
v3-main-771601/opentelemetry_demo/colocated/N/3,graph,1,shared_graph_family,,0.0035208159999911004,identification,browse_product,,,,,
v3-main-771601/opentelemetry_demo/colocated/N/3,graph,1,shared_graph_family,,0.0005217620000621537,solve,browse_product,,,,,
v3-main-771601/opentelemetry_demo/colocated/N/3,graph,1,G0,,0.0002119170000014492,identification,browse_product,,,,,
v3-main-771601/opentelemetry_demo/colocated/N/3,graph,1,G0,,7.193099997948593e-05,solve,browse_product,,,,,
v3-main-771601/opentelemetry_demo/colocated/N/3,graph,1,shared_graph_family,,1.436060905999966,extraction,checkout,,,,,
v3-main-771601/opentelemetry_demo/colocated/N/3,graph,1,shared_graph_family,,0.005708302000016374,identification,checkout,,,,,
v3-main-771601/opentelemetry_demo/colocated/N/3,graph,1,shared_graph_family,,0.0010332049999988158,solve,checkout,,,,,
v3-main-771601/opentelemetry_demo/colocated/N/3,graph,1,G0,,0.0006212179999920409,identification,checkout,,,,,
v3-main-771601/opentelemetry_demo/colocated/N/3,graph,1,G0,,8.882300005552679e-05,solve,checkout,,,,,
v3-main-771601/opentelemetry_demo/colocated/N/3,pmx,1,PMX_shared_variants,,5.204625367000062,native_projection,add_to_cart,,,,,
v3-main-771601/opentelemetry_demo/colocated/N/3,pmx,1,PMX_shared_variants,,2.8484404760000643,native_projection,browse_product,,,,,
v3-main-771601/opentelemetry_demo/colocated/N/3,pmx,1,PMX_shared_variants,,13.984636550999994,native_projection,checkout,,,,,
v3-main-771601/opentelemetry_demo/colocated/N/3,pmx,1,PMX_shared_variants,,23.68645514299999,input_and_projection_process_total,,True,,,,
v3-main-771601/opentelemetry_demo/colocated/N/3,pmx,1,PMX_shared_variants,,8.15,derived_binary_build,,,javac 11.0.32,2322880b6447754528e201553bc4e2fac00334b7d6f3ac202cfe1e3742bbbcc6,True,"{""maximum_rss_bytes"": 227917824.0, ""path"": ""build-resource-usage.txt"", ""system_seconds"": 0.33, ""user_seconds"": 6.86, ""wall_seconds"": 8.15}"
v3-main-771601/opentelemetry_demo/colocated/N/3,pmx,1,PMX_shared_variants,,26.200018986000032,independent_pmx_extraction_process,add_to_cart,,,,,
v3-main-771601/opentelemetry_demo/colocated/N/3,pmx,1,PMX_shared_variants,,23.534752952000076,independent_pmx_extraction_process,browse_product,,,,,
v3-main-771601/opentelemetry_demo/colocated/N/3,pmx,1,PMX_shared_variants,,36.839417314,independent_pmx_extraction_process,checkout,,,,,
v3-main-771601/opentelemetry_demo/colocated/N/4,acquisition,1,shared_acquisition,True,2083.420909947,acquisition_and_export_process_total,,,,,,
v3-main-771601/opentelemetry_demo/colocated/N/4,acquisition,1,shared_native_pool,,9.43663524700014,native_parse,,,,,,
v3-main-771601/opentelemetry_demo/colocated/N/4,graph,1,B0,,0.0034782000000035396,identification,,,,,,
v3-main-771601/opentelemetry_demo/colocated/N/4,graph,1,shared_graph_family,,0.32945488700001135,extraction,add_to_cart,,,,,
v3-main-771601/opentelemetry_demo/colocated/N/4,graph,1,shared_graph_family,,0.0027579799999983834,identification,add_to_cart,,,,,
v3-main-771601/opentelemetry_demo/colocated/N/4,graph,1,shared_graph_family,,0.0005038019999972221,solve,add_to_cart,,,,,
v3-main-771601/opentelemetry_demo/colocated/N/4,graph,1,G0,,0.00019541300000014417,identification,add_to_cart,,,,,
v3-main-771601/opentelemetry_demo/colocated/N/4,graph,1,G0,,7.253799999773491e-05,solve,add_to_cart,,,,,
v3-main-771601/opentelemetry_demo/colocated/N/4,graph,1,shared_graph_family,,0.12227314900000863,extraction,browse_product,,,,,
v3-main-771601/opentelemetry_demo/colocated/N/4,graph,1,shared_graph_family,,0.0022909189999893442,identification,browse_product,,,,,
v3-main-771601/opentelemetry_demo/colocated/N/4,graph,1,shared_graph_family,,0.0003363300000103209,solve,browse_product,,,,,
v3-main-771601/opentelemetry_demo/colocated/N/4,graph,1,G0,,0.00013959399998952904,identification,browse_product,,,,,
v3-main-771601/opentelemetry_demo/colocated/N/4,graph,1,G0,,7.472000000063872e-05,solve,browse_product,,,,,
v3-main-771601/opentelemetry_demo/colocated/N/4,graph,1,shared_graph_family,,0.9493920159999902,extraction,checkout,,,,,
v3-main-771601/opentelemetry_demo/colocated/N/4,graph,1,shared_graph_family,,0.0038355960000018285,identification,checkout,,,,,
v3-main-771601/opentelemetry_demo/colocated/N/4,graph,1,shared_graph_family,,0.0009717390000076875,solve,checkout,,,,,
v3-main-771601/opentelemetry_demo/colocated/N/4,graph,1,G0,,0.0004015780000088398,identification,checkout,,,,,
v3-main-771601/opentelemetry_demo/colocated/N/4,graph,1,G0,,5.604500000799817e-05,solve,checkout,,,,,
v3-main-771601/opentelemetry_demo/colocated/N/4,pmx,1,PMX_shared_variants,,5.08258000699999,native_projection,add_to_cart,,,,,
v3-main-771601/opentelemetry_demo/colocated/N/4,pmx,1,PMX_shared_variants,,2.859883889999992,native_projection,browse_product,,,,,
v3-main-771601/opentelemetry_demo/colocated/N/4,pmx,1,PMX_shared_variants,,13.719998773999976,native_projection,checkout,,,,,
v3-main-771601/opentelemetry_demo/colocated/N/4,pmx,1,PMX_shared_variants,,23.287602026000002,input_and_projection_process_total,,True,,,,
v3-main-771601/opentelemetry_demo/colocated/N/4,pmx,1,PMX_shared_variants,,6.77,derived_binary_build,,,javac 11.0.32,2322880b6447754528e201553bc4e2fac00334b7d6f3ac202cfe1e3742bbbcc6,True,"{""maximum_rss_bytes"": 228175872.0, ""path"": ""build-resource-usage.txt"", ""system_seconds"": 0.33, ""user_seconds"": 6.89, ""wall_seconds"": 6.77}"
v3-main-771601/opentelemetry_demo/colocated/N/4,pmx,1,PMX_shared_variants,,26.157149273000016,independent_pmx_extraction_process,add_to_cart,,,,,
v3-main-771601/opentelemetry_demo/colocated/N/4,pmx,1,PMX_shared_variants,,23.428770244999953,independent_pmx_extraction_process,browse_product,,,,,
v3-main-771601/opentelemetry_demo/colocated/N/4,pmx,1,PMX_shared_variants,,36.94272671899995,independent_pmx_extraction_process,checkout,,,,,
v3-main-771601/opentelemetry_demo/colocated/N/5,acquisition,1,shared_acquisition,True,2083.196554104,acquisition_and_export_process_total,,,,,,
v3-main-771601/opentelemetry_demo/colocated/N/5,acquisition,1,shared_native_pool,,9.45108346500001,native_parse,,,,,,
v3-main-771601/opentelemetry_demo/colocated/N/5,graph,1,B0,,0.004488809999998011,identification,,,,,,
v3-main-771601/opentelemetry_demo/colocated/N/5,graph,1,shared_graph_family,,0.4888566970000028,extraction,add_to_cart,,,,,
v3-main-771601/opentelemetry_demo/colocated/N/5,graph,1,shared_graph_family,,0.0035710079999944355,identification,add_to_cart,,,,,
v3-main-771601/opentelemetry_demo/colocated/N/5,graph,1,shared_graph_family,,0.000810431999994421,solve,add_to_cart,,,,,
v3-main-771601/opentelemetry_demo/colocated/N/5,graph,1,G0,,0.00024158899999804362,identification,add_to_cart,,,,,
v3-main-771601/opentelemetry_demo/colocated/N/5,graph,1,G0,,7.577199998820561e-05,solve,add_to_cart,,,,,
v3-main-771601/opentelemetry_demo/colocated/N/5,graph,1,shared_graph_family,,0.1429366139999928,extraction,browse_product,,,,,
v3-main-771601/opentelemetry_demo/colocated/N/5,graph,1,shared_graph_family,,0.0029754749999995056,identification,browse_product,,,,,
v3-main-771601/opentelemetry_demo/colocated/N/5,graph,1,shared_graph_family,,0.00042667299999266106,solve,browse_product,,,,,
v3-main-771601/opentelemetry_demo/colocated/N/5,graph,1,G0,,0.0001799169999969763,identification,browse_product,,,,,
v3-main-771601/opentelemetry_demo/colocated/N/5,graph,1,G0,,6.079000000625001e-05,solve,browse_product,,,,,
v3-main-771601/opentelemetry_demo/colocated/N/5,graph,1,shared_graph_family,,1.2539844129999977,extraction,checkout,,,,,
v3-main-771601/opentelemetry_demo/colocated/N/5,graph,1,shared_graph_family,,0.005143411999995351,identification,checkout,,,,,
v3-main-771601/opentelemetry_demo/colocated/N/5,graph,1,shared_graph_family,,0.0009529840000084278,solve,checkout,,,,,
v3-main-771601/opentelemetry_demo/colocated/N/5,graph,1,G0,,0.0005555540000017345,identification,checkout,,,,,
v3-main-771601/opentelemetry_demo/colocated/N/5,graph,1,G0,,7.202700000163986e-05,solve,checkout,,,,,
v3-main-771601/opentelemetry_demo/colocated/N/5,pmx,1,PMX_shared_variants,,5.345028787999979,native_projection,add_to_cart,,,,,
v3-main-771601/opentelemetry_demo/colocated/N/5,pmx,1,PMX_shared_variants,,2.969446751000021,native_projection,browse_product,,,,,
v3-main-771601/opentelemetry_demo/colocated/N/5,pmx,1,PMX_shared_variants,,14.106827039999985,native_projection,checkout,,,,,
v3-main-771601/opentelemetry_demo/colocated/N/5,pmx,1,PMX_shared_variants,,24.091052365999985,input_and_projection_process_total,,True,,,,
v3-main-771601/opentelemetry_demo/colocated/N/5,pmx,1,PMX_shared_variants,,6.99,derived_binary_build,,,javac 11.0.32,2322880b6447754528e201553bc4e2fac00334b7d6f3ac202cfe1e3742bbbcc6,True,"{""maximum_rss_bytes"": 228196352.0, ""path"": ""build-resource-usage.txt"", ""system_seconds"": 0.33, ""user_seconds"": 7.03, ""wall_seconds"": 6.99}"
v3-main-771601/opentelemetry_demo/colocated/N/5,pmx,1,PMX_shared_variants,,26.44217229999998,independent_pmx_extraction_process,add_to_cart,,,,,
v3-main-771601/opentelemetry_demo/colocated/N/5,pmx,1,PMX_shared_variants,,23.642400625999983,independent_pmx_extraction_process,browse_product,,,,,
v3-main-771601/opentelemetry_demo/colocated/N/5,pmx,1,PMX_shared_variants,,37.49486646600002,independent_pmx_extraction_process,checkout,,,,,
v3-main-771601/opentelemetry_demo/colocated/N/6,acquisition,1,shared_acquisition,True,2084.509392546,acquisition_and_export_process_total,,,,,,
v3-main-771601/opentelemetry_demo/colocated/N/6,acquisition,1,shared_native_pool,,9.738657482000235,native_parse,,,,,,
v3-main-771601/opentelemetry_demo/colocated/N/6,graph,1,B0,,0.006147387999988041,identification,,,,,,
v3-main-771601/opentelemetry_demo/colocated/N/6,graph,1,shared_graph_family,,0.6535538480000014,extraction,add_to_cart,,,,,
v3-main-771601/opentelemetry_demo/colocated/N/6,graph,1,shared_graph_family,,0.004646211999983052,identification,add_to_cart,,,,,
v3-main-771601/opentelemetry_demo/colocated/N/6,graph,1,shared_graph_family,,0.0006940479999855143,solve,add_to_cart,,,,,
v3-main-771601/opentelemetry_demo/colocated/N/6,graph,1,G0,,0.00030895400001895723,identification,add_to_cart,,,,,
v3-main-771601/opentelemetry_demo/colocated/N/6,graph,1,G0,,8.903500000201348e-05,solve,add_to_cart,,,,,
v3-main-771601/opentelemetry_demo/colocated/N/6,graph,1,shared_graph_family,,0.21624505500000168,extraction,browse_product,,,,,
v3-main-771601/opentelemetry_demo/colocated/N/6,graph,1,shared_graph_family,,0.0039220889999853625,identification,browse_product,,,,,
v3-main-771601/opentelemetry_demo/colocated/N/6,graph,1,shared_graph_family,,0.000685360999995055,solve,browse_product,,,,,
v3-main-771601/opentelemetry_demo/colocated/N/6,graph,1,G0,,0.00021631099997421188,identification,browse_product,,,,,
v3-main-771601/opentelemetry_demo/colocated/N/6,graph,1,G0,,6.476999999449617e-05,solve,browse_product,,,,,
v3-main-771601/opentelemetry_demo/colocated/N/6,graph,1,shared_graph_family,,1.7423875339999881,extraction,checkout,,,,,
v3-main-771601/opentelemetry_demo/colocated/N/6,graph,1,shared_graph_family,,0.006467442000001711,identification,checkout,,,,,
v3-main-771601/opentelemetry_demo/colocated/N/6,graph,1,shared_graph_family,,0.001160653999988881,solve,checkout,,,,,
v3-main-771601/opentelemetry_demo/colocated/N/6,graph,1,G0,,0.0006688910000036685,identification,checkout,,,,,
v3-main-771601/opentelemetry_demo/colocated/N/6,graph,1,G0,,7.77540000171939e-05,solve,checkout,,,,,
v3-main-771601/opentelemetry_demo/colocated/N/6,pmx,1,PMX_shared_variants,,4.071391830000266,native_projection,add_to_cart,,,,,
v3-main-771601/opentelemetry_demo/colocated/N/6,pmx,1,PMX_shared_variants,,2.2438142299997708,native_projection,browse_product,,,,,
v3-main-771601/opentelemetry_demo/colocated/N/6,pmx,1,PMX_shared_variants,,11.220627191999938,native_projection,checkout,,,,,
v3-main-771601/opentelemetry_demo/colocated/N/6,pmx,1,PMX_shared_variants,,18.950171345999934,input_and_projection_process_total,,True,,,,
v3-main-771601/opentelemetry_demo/colocated/N/6,pmx,1,PMX_shared_variants,,13.35,derived_binary_build,,,javac 11.0.32,2322880b6447754528e201553bc4e2fac00334b7d6f3ac202cfe1e3742bbbcc6,True,"{""maximum_rss_bytes"": 225599488.0, ""path"": ""build-resource-usage.txt"", ""system_seconds"": 0.31, ""user_seconds"": 5.67, ""wall_seconds"": 13.35}"
v3-main-771601/opentelemetry_demo/colocated/N/6,pmx,1,PMX_shared_variants,,26.540386512999703,independent_pmx_extraction_process,add_to_cart,,,,,
v3-main-771601/opentelemetry_demo/colocated/N/6,pmx,1,PMX_shared_variants,,22.785583893999956,independent_pmx_extraction_process,browse_product,,,,,
v3-main-771601/opentelemetry_demo/colocated/N/6,pmx,1,PMX_shared_variants,,33.07944010100027,independent_pmx_extraction_process,checkout,,,,,
v3-main-771601/opentelemetry_demo/colocated/N/7,acquisition,1,shared_acquisition,True,2077.008279556,acquisition_and_export_process_total,,,,,,
v3-main-771601/opentelemetry_demo/colocated/N/7,acquisition,1,shared_native_pool,,7.263328619999811,native_parse,,,,,,
v3-main-771601/opentelemetry_demo/colocated/N/7,graph,1,B0,,0.005898296999994557,identification,,,,,,
v3-main-771601/opentelemetry_demo/colocated/N/7,graph,1,shared_graph_family,,0.5713450029999976,extraction,add_to_cart,,,,,
v3-main-771601/opentelemetry_demo/colocated/N/7,graph,1,shared_graph_family,,0.004695245999997155,identification,add_to_cart,,,,,
v3-main-771601/opentelemetry_demo/colocated/N/7,graph,1,shared_graph_family,,0.000667585000002191,solve,add_to_cart,,,,,
v3-main-771601/opentelemetry_demo/colocated/N/7,graph,1,G0,,0.00030007099999806996,identification,add_to_cart,,,,,
v3-main-771601/opentelemetry_demo/colocated/N/7,graph,1,G0,,8.882299999868337e-05,solve,add_to_cart,,,,,
v3-main-771601/opentelemetry_demo/colocated/N/7,graph,1,shared_graph_family,,0.17980661200000014,extraction,browse_product,,,,,
v3-main-771601/opentelemetry_demo/colocated/N/7,graph,1,shared_graph_family,,0.0038377159999996024,identification,browse_product,,,,,
v3-main-771601/opentelemetry_demo/colocated/N/7,graph,1,shared_graph_family,,0.0005562979999993445,solve,browse_product,,,,,
v3-main-771601/opentelemetry_demo/colocated/N/7,graph,1,G0,,0.00021987099999876136,identification,browse_product,,,,,
v3-main-771601/opentelemetry_demo/colocated/N/7,graph,1,G0,,6.529800000265595e-05,solve,browse_product,,,,,
v3-main-771601/opentelemetry_demo/colocated/N/7,graph,1,shared_graph_family,,1.6633719300000038,extraction,checkout,,,,,
v3-main-771601/opentelemetry_demo/colocated/N/7,graph,1,shared_graph_family,,0.0069276760000036575,identification,checkout,,,,,
v3-main-771601/opentelemetry_demo/colocated/N/7,graph,1,shared_graph_family,,0.0019800809999992453,solve,checkout,,,,,
v3-main-771601/opentelemetry_demo/colocated/N/7,graph,1,G0,,0.0010231400000009216,identification,checkout,,,,,
v3-main-771601/opentelemetry_demo/colocated/N/7,graph,1,G0,,0.00021232999999654112,solve,checkout,,,,,
v3-main-771601/opentelemetry_demo/colocated/N/7,pmx,1,PMX_shared_variants,,5.285649256000056,native_projection,add_to_cart,,,,,
v3-main-771601/opentelemetry_demo/colocated/N/7,pmx,1,PMX_shared_variants,,2.8245842009999933,native_projection,browse_product,,,,,
v3-main-771601/opentelemetry_demo/colocated/N/7,pmx,1,PMX_shared_variants,,13.780990582999948,native_projection,checkout,,,,,
v3-main-771601/opentelemetry_demo/colocated/N/7,pmx,1,PMX_shared_variants,,23.629860056999973,input_and_projection_process_total,,True,,,,
v3-main-771601/opentelemetry_demo/colocated/N/7,pmx,1,PMX_shared_variants,,8.44,derived_binary_build,,,javac 11.0.32,2322880b6447754528e201553bc4e2fac00334b7d6f3ac202cfe1e3742bbbcc6,True,"{""maximum_rss_bytes"": 227946496.0, ""path"": ""build-resource-usage.txt"", ""system_seconds"": 0.36, ""user_seconds"": 7.6, ""wall_seconds"": 8.44}"
v3-main-771601/opentelemetry_demo/colocated/N/7,pmx,1,PMX_shared_variants,,26.700018698999997,independent_pmx_extraction_process,add_to_cart,,,,,
v3-main-771601/opentelemetry_demo/colocated/N/7,pmx,1,PMX_shared_variants,,23.840440184000045,independent_pmx_extraction_process,browse_product,,,,,
v3-main-771601/opentelemetry_demo/colocated/N/7,pmx,1,PMX_shared_variants,,40.15694132100009,independent_pmx_extraction_process,checkout,,,,,
v3-main-771601/opentelemetry_demo/colocated/N/8,acquisition,1,shared_acquisition,True,2084.9951392820003,acquisition_and_export_process_total,,,,,,
v3-main-771601/opentelemetry_demo/colocated/N/8,acquisition,1,shared_native_pool,,9.860885480999968,native_parse,,,,,,
v3-main-771601/opentelemetry_demo/colocated/N/8,graph,1,B0,,0.0061044960000060655,identification,,,,,,
v3-main-771601/opentelemetry_demo/colocated/N/8,graph,1,shared_graph_family,,0.5863856599999906,extraction,add_to_cart,,,,,
v3-main-771601/opentelemetry_demo/colocated/N/8,graph,1,shared_graph_family,,0.004492231999989826,identification,add_to_cart,,,,,
v3-main-771601/opentelemetry_demo/colocated/N/8,graph,1,shared_graph_family,,0.0006936120000204937,solve,add_to_cart,,,,,
v3-main-771601/opentelemetry_demo/colocated/N/8,graph,1,G0,,0.0003104280000059134,identification,add_to_cart,,,,,
v3-main-771601/opentelemetry_demo/colocated/N/8,graph,1,G0,,8.60209999871131e-05,solve,add_to_cart,,,,,
v3-main-771601/opentelemetry_demo/colocated/N/8,graph,1,shared_graph_family,,0.20945708499999682,extraction,browse_product,,,,,
v3-main-771601/opentelemetry_demo/colocated/N/8,graph,1,shared_graph_family,,0.0038305189999903178,identification,browse_product,,,,,
v3-main-771601/opentelemetry_demo/colocated/N/8,graph,1,shared_graph_family,,0.0005482420000078037,solve,browse_product,,,,,
v3-main-771601/opentelemetry_demo/colocated/N/8,graph,1,G0,,0.00021892800000955503,identification,browse_product,,,,,
v3-main-771601/opentelemetry_demo/colocated/N/8,graph,1,G0,,6.162500000073123e-05,solve,browse_product,,,,,
v3-main-771601/opentelemetry_demo/colocated/N/8,graph,1,shared_graph_family,,1.6436064149999936,extraction,checkout,,,,,
v3-main-771601/opentelemetry_demo/colocated/N/8,graph,1,shared_graph_family,,0.006363189000012426,identification,checkout,,,,,
v3-main-771601/opentelemetry_demo/colocated/N/8,graph,1,shared_graph_family,,0.0014420470000118257,solve,checkout,,,,,
v3-main-771601/opentelemetry_demo/colocated/N/8,graph,1,G0,,0.0006727939999962018,identification,checkout,,,,,
v3-main-771601/opentelemetry_demo/colocated/N/8,graph,1,G0,,8.825500000853026e-05,solve,checkout,,,,,
v3-main-771601/opentelemetry_demo/colocated/N/8,pmx,1,PMX_shared_variants,,4.953001222000012,native_projection,add_to_cart,,,,,
v3-main-771601/opentelemetry_demo/colocated/N/8,pmx,1,PMX_shared_variants,,2.786863521999976,native_projection,browse_product,,,,,
v3-main-771601/opentelemetry_demo/colocated/N/8,pmx,1,PMX_shared_variants,,13.655778033000047,native_projection,checkout,,,,,
v3-main-771601/opentelemetry_demo/colocated/N/8,pmx,1,PMX_shared_variants,,22.99051148799998,input_and_projection_process_total,,True,,,,
v3-main-771601/opentelemetry_demo/colocated/N/8,pmx,1,PMX_shared_variants,,8.71,derived_binary_build,,,javac 11.0.32,2322880b6447754528e201553bc4e2fac00334b7d6f3ac202cfe1e3742bbbcc6,True,"{""maximum_rss_bytes"": 228085760.0, ""path"": ""build-resource-usage.txt"", ""system_seconds"": 0.33, ""user_seconds"": 7.0, ""wall_seconds"": 8.71}"
v3-main-771601/opentelemetry_demo/colocated/N/8,pmx,1,PMX_shared_variants,,26.647495433000017,independent_pmx_extraction_process,add_to_cart,,,,,
v3-main-771601/opentelemetry_demo/colocated/N/8,pmx,1,PMX_shared_variants,,23.337987910000038,independent_pmx_extraction_process,browse_product,,,,,
v3-main-771601/opentelemetry_demo/colocated/N/8,pmx,1,PMX_shared_variants,,36.385426043999985,independent_pmx_extraction_process,checkout,,,,,
v3-main-771601/opentelemetry_demo/colocated/N/9,acquisition,1,shared_acquisition,True,2084.482998242,acquisition_and_export_process_total,,,,,,
v3-main-771601/opentelemetry_demo/colocated/N/9,acquisition,1,shared_native_pool,,9.669701221000196,native_parse,,,,,,
v3-main-771601/opentelemetry_demo/colocated/N/9,graph,1,B0,,0.00624670199999855,identification,,,,,,
v3-main-771601/opentelemetry_demo/colocated/N/9,graph,1,shared_graph_family,,0.6434272239999927,extraction,add_to_cart,,,,,
v3-main-771601/opentelemetry_demo/colocated/N/9,graph,1,shared_graph_family,,0.004574963999999682,identification,add_to_cart,,,,,
v3-main-771601/opentelemetry_demo/colocated/N/9,graph,1,shared_graph_family,,0.0008431880000046021,solve,add_to_cart,,,,,
v3-main-771601/opentelemetry_demo/colocated/N/9,graph,1,G0,,0.00037525199999777215,identification,add_to_cart,,,,,
v3-main-771601/opentelemetry_demo/colocated/N/9,graph,1,G0,,9.774299999776304e-05,solve,add_to_cart,,,,,
v3-main-771601/opentelemetry_demo/colocated/N/9,graph,1,shared_graph_family,,0.2198821940000073,extraction,browse_product,,,,,
v3-main-771601/opentelemetry_demo/colocated/N/9,graph,1,shared_graph_family,,0.0038572200000004386,identification,browse_product,,,,,
v3-main-771601/opentelemetry_demo/colocated/N/9,graph,1,shared_graph_family,,0.0005552490000013677,solve,browse_product,,,,,
v3-main-771601/opentelemetry_demo/colocated/N/9,graph,1,G0,,0.00022147399999994377,identification,browse_product,,,,,
v3-main-771601/opentelemetry_demo/colocated/N/9,graph,1,G0,,6.944999999802803e-05,solve,browse_product,,,,,
v3-main-771601/opentelemetry_demo/colocated/N/9,graph,1,shared_graph_family,,1.71874111999999,extraction,checkout,,,,,
v3-main-771601/opentelemetry_demo/colocated/N/9,graph,1,shared_graph_family,,0.00643239000000051,identification,checkout,,,,,
v3-main-771601/opentelemetry_demo/colocated/N/9,graph,1,shared_graph_family,,0.0013368219999989606,solve,checkout,,,,,
v3-main-771601/opentelemetry_demo/colocated/N/9,graph,1,G0,,0.000677207999999041,identification,checkout,,,,,
v3-main-771601/opentelemetry_demo/colocated/N/9,graph,1,G0,,9.03090000008433e-05,solve,checkout,,,,,
v3-main-771601/opentelemetry_demo/colocated/N/9,pmx,1,PMX_shared_variants,,4.157412141000009,native_projection,add_to_cart,,,,,
v3-main-771601/opentelemetry_demo/colocated/N/9,pmx,1,PMX_shared_variants,,2.331925585999983,native_projection,browse_product,,,,,
v3-main-771601/opentelemetry_demo/colocated/N/9,pmx,1,PMX_shared_variants,,11.505923580000001,native_projection,checkout,,,,,
v3-main-771601/opentelemetry_demo/colocated/N/9,pmx,1,PMX_shared_variants,,19.45608998,input_and_projection_process_total,,True,,,,
v3-main-771601/opentelemetry_demo/colocated/N/9,pmx,1,PMX_shared_variants,,9.36,derived_binary_build,,,javac 11.0.32,2322880b6447754528e201553bc4e2fac00334b7d6f3ac202cfe1e3742bbbcc6,True,"{""maximum_rss_bytes"": 225837056.0, ""path"": ""build-resource-usage.txt"", ""system_seconds"": 0.27, ""user_seconds"": 5.63, ""wall_seconds"": 9.36}"
v3-main-771601/opentelemetry_demo/colocated/N/9,pmx,1,PMX_shared_variants,,25.88868595599999,independent_pmx_extraction_process,add_to_cart,,,,,
v3-main-771601/opentelemetry_demo/colocated/N/9,pmx,1,PMX_shared_variants,,22.77950543199998,independent_pmx_extraction_process,browse_product,,,,,
v3-main-771601/opentelemetry_demo/colocated/N/9,pmx,1,PMX_shared_variants,,33.518071428999974,independent_pmx_extraction_process,checkout,,,,,
v3-main-771601/opentelemetry_demo/colocated/NC/0,acquisition,1,shared_acquisition,True,2073.094253942,acquisition_and_export_process_total,,,,,,
v3-main-771601/opentelemetry_demo/colocated/NC/0,acquisition,1,shared_native_pool,,5.868281432999993,native_parse,,,,,,
v3-main-771601/opentelemetry_demo/colocated/NC/0,graph,1,B0,,0.005946582999996508,identification,,,,,,
v3-main-771601/opentelemetry_demo/colocated/NC/0,graph,1,shared_graph_family,,0.5485473509999963,extraction,add_to_cart,,,,,
v3-main-771601/opentelemetry_demo/colocated/NC/0,graph,1,shared_graph_family,,0.004773559000000205,identification,add_to_cart,,,,,
v3-main-771601/opentelemetry_demo/colocated/NC/0,graph,1,shared_graph_family,,0.003694292999995241,solve,add_to_cart,,,,,
v3-main-771601/opentelemetry_demo/colocated/NC/0,graph,1,G0,,0.0003344339999955537,identification,add_to_cart,,,,,
v3-main-771601/opentelemetry_demo/colocated/NC/0,graph,1,G0,,0.00012128000000188877,solve,add_to_cart,,,,,
v3-main-771601/opentelemetry_demo/colocated/NC/0,graph,1,shared_graph_family,,0.17188152899998954,extraction,browse_product,,,,,
v3-main-771601/opentelemetry_demo/colocated/NC/0,graph,1,shared_graph_family,,0.00402243799999269,identification,browse_product,,,,,
v3-main-771601/opentelemetry_demo/colocated/NC/0,graph,1,shared_graph_family,,0.0028709849999870585,solve,browse_product,,,,,
v3-main-771601/opentelemetry_demo/colocated/NC/0,graph,1,G0,,0.00022635499999523745,identification,browse_product,,,,,
v3-main-771601/opentelemetry_demo/colocated/NC/0,graph,1,G0,,8.110000001693152e-05,solve,browse_product,,,,,
v3-main-771601/opentelemetry_demo/colocated/NC/0,graph,1,shared_graph_family,,0.9647859019999885,extraction,checkout,,,,,
v3-main-771601/opentelemetry_demo/colocated/NC/0,graph,1,shared_graph_family,,0.00660533799998575,identification,checkout,,,,,
v3-main-771601/opentelemetry_demo/colocated/NC/0,graph,1,shared_graph_family,,0.00798317499999257,solve,checkout,,,,,
v3-main-771601/opentelemetry_demo/colocated/NC/0,graph,1,G0,,0.0007742340000049808,identification,checkout,,,,,
v3-main-771601/opentelemetry_demo/colocated/NC/0,graph,1,G0,,0.00011943699999505952,solve,checkout,,,,,
v3-main-771601/opentelemetry_demo/colocated/NC/0,pmx,1,PMX_shared_variants,,4.628987765999966,native_projection,add_to_cart,,,,,
v3-main-771601/opentelemetry_demo/colocated/NC/0,pmx,1,PMX_shared_variants,,2.5509250840000277,native_projection,browse_product,,,,,
v3-main-771601/opentelemetry_demo/colocated/NC/0,pmx,1,PMX_shared_variants,,9.193695883999965,native_projection,checkout,,,,,
v3-main-771601/opentelemetry_demo/colocated/NC/0,pmx,1,PMX_shared_variants,,17.62747078199999,input_and_projection_process_total,,True,,,,
v3-main-771601/opentelemetry_demo/colocated/NC/0,pmx,1,PMX_shared_variants,,10.02,derived_binary_build,,,javac 11.0.32,2322880b6447754528e201553bc4e2fac00334b7d6f3ac202cfe1e3742bbbcc6,True,"{""maximum_rss_bytes"": 227598336.0, ""path"": ""build-resource-usage.txt"", ""system_seconds"": 0.3, ""user_seconds"": 6.94, ""wall_seconds"": 10.02}"
v3-main-771601/opentelemetry_demo/colocated/NC/0,pmx,1,PMX_shared_variants,,26.594541920999973,independent_pmx_extraction_process,add_to_cart,,,,,
v3-main-771601/opentelemetry_demo/colocated/NC/0,pmx,1,PMX_shared_variants,,23.38188101899999,independent_pmx_extraction_process,browse_product,,,,,
v3-main-771601/opentelemetry_demo/colocated/NC/0,pmx,1,PMX_shared_variants,,30.410890639,independent_pmx_extraction_process,checkout,,,,,
v3-main-771601/opentelemetry_demo/colocated/NC/1,acquisition,1,shared_acquisition,True,2082.230044806,acquisition_and_export_process_total,,,,,,
v3-main-771601/opentelemetry_demo/colocated/NC/1,acquisition,1,shared_native_pool,,8.256348661000175,native_parse,,,,,,
v3-main-771601/opentelemetry_demo/colocated/NC/1,graph,1,B0,,0.0056060539999975845,identification,,,,,,
v3-main-771601/opentelemetry_demo/colocated/NC/1,graph,1,shared_graph_family,,0.5087605410000009,extraction,add_to_cart,,,,,
v3-main-771601/opentelemetry_demo/colocated/NC/1,graph,1,shared_graph_family,,0.0042325000000005275,identification,add_to_cart,,,,,
v3-main-771601/opentelemetry_demo/colocated/NC/1,graph,1,shared_graph_family,,0.002186962999999764,solve,add_to_cart,,,,,
v3-main-771601/opentelemetry_demo/colocated/NC/1,graph,1,G0,,0.00028022100000413275,identification,add_to_cart,,,,,
v3-main-771601/opentelemetry_demo/colocated/NC/1,graph,1,G0,,0.00011334999999945694,solve,add_to_cart,,,,,
v3-main-771601/opentelemetry_demo/colocated/NC/1,graph,1,shared_graph_family,,0.18104337399999793,extraction,browse_product,,,,,
v3-main-771601/opentelemetry_demo/colocated/NC/1,graph,1,shared_graph_family,,0.003501784999997426,identification,browse_product,,,,,
v3-main-771601/opentelemetry_demo/colocated/NC/1,graph,1,shared_graph_family,,0.002251207000000477,solve,browse_product,,,,,
v3-main-771601/opentelemetry_demo/colocated/NC/1,graph,1,G0,,0.0001964949999972987,identification,browse_product,,,,,
v3-main-771601/opentelemetry_demo/colocated/NC/1,graph,1,G0,,6.819499999721756e-05,solve,browse_product,,,,,
v3-main-771601/opentelemetry_demo/colocated/NC/1,graph,1,shared_graph_family,,1.4061926499999942,extraction,checkout,,,,,
v3-main-771601/opentelemetry_demo/colocated/NC/1,graph,1,shared_graph_family,,0.005893096000001208,identification,checkout,,,,,
v3-main-771601/opentelemetry_demo/colocated/NC/1,graph,1,shared_graph_family,,0.005493258000001333,solve,checkout,,,,,
v3-main-771601/opentelemetry_demo/colocated/NC/1,graph,1,G0,,0.0005982819999985622,identification,checkout,,,,,
v3-main-771601/opentelemetry_demo/colocated/NC/1,graph,1,G0,,0.00012443899999681207,solve,checkout,,,,,
v3-main-771601/opentelemetry_demo/colocated/NC/1,pmx,1,PMX_shared_variants,,4.091671881000025,native_projection,add_to_cart,,,,,
v3-main-771601/opentelemetry_demo/colocated/NC/1,pmx,1,PMX_shared_variants,,2.3006636920000574,native_projection,browse_product,,,,,
v3-main-771601/opentelemetry_demo/colocated/NC/1,pmx,1,PMX_shared_variants,,11.540568109000105,native_projection,checkout,,,,,
v3-main-771601/opentelemetry_demo/colocated/NC/1,pmx,1,PMX_shared_variants,,19.39602009500004,input_and_projection_process_total,,True,,,,
v3-main-771601/opentelemetry_demo/colocated/NC/1,pmx,1,PMX_shared_variants,,11.04,derived_binary_build,,,javac 11.0.32,2322880b6447754528e201553bc4e2fac00334b7d6f3ac202cfe1e3742bbbcc6,True,"{""maximum_rss_bytes"": 226062336.0, ""path"": ""build-resource-usage.txt"", ""system_seconds"": 0.31, ""user_seconds"": 7.14, ""wall_seconds"": 11.04}"
v3-main-771601/opentelemetry_demo/colocated/NC/1,pmx,1,PMX_shared_variants,,30.71184408800002,independent_pmx_extraction_process,add_to_cart,,,,,
v3-main-771601/opentelemetry_demo/colocated/NC/1,pmx,1,PMX_shared_variants,,23.686769172000027,independent_pmx_extraction_process,browse_product,,,,,
v3-main-771601/opentelemetry_demo/colocated/NC/1,pmx,1,PMX_shared_variants,,44.10918571299999,independent_pmx_extraction_process,checkout,,,,,
v3-main-771601/opentelemetry_demo/colocated/NC/2,acquisition,1,shared_acquisition,True,2081.025480115,acquisition_and_export_process_total,,,,,,
v3-main-771601/opentelemetry_demo/colocated/NC/2,acquisition,1,shared_native_pool,,9.311174075000054,native_parse,,,,,,
v3-main-771601/opentelemetry_demo/colocated/NC/2,graph,1,B0,,0.0061460759999931724,identification,,,,,,
v3-main-771601/opentelemetry_demo/colocated/NC/2,graph,1,shared_graph_family,,0.5908058759999903,extraction,add_to_cart,,,,,
v3-main-771601/opentelemetry_demo/colocated/NC/2,graph,1,shared_graph_family,,0.0046250190000023395,identification,add_to_cart,,,,,
v3-main-771601/opentelemetry_demo/colocated/NC/2,graph,1,shared_graph_family,,0.003237192000028699,solve,add_to_cart,,,,,
v3-main-771601/opentelemetry_demo/colocated/NC/2,graph,1,G0,,0.00030970400001706366,identification,add_to_cart,,,,,
v3-main-771601/opentelemetry_demo/colocated/NC/2,graph,1,G0,,9.980800001585521e-05,solve,add_to_cart,,,,,
v3-main-771601/opentelemetry_demo/colocated/NC/2,graph,1,shared_graph_family,,0.20525373899999977,extraction,browse_product,,,,,
v3-main-771601/opentelemetry_demo/colocated/NC/2,graph,1,shared_graph_family,,0.003955156000017723,identification,browse_product,,,,,
v3-main-771601/opentelemetry_demo/colocated/NC/2,graph,1,shared_graph_family,,0.002566236999996363,solve,browse_product,,,,,
v3-main-771601/opentelemetry_demo/colocated/NC/2,graph,1,G0,,0.00024060399999825677,identification,browse_product,,,,,
v3-main-771601/opentelemetry_demo/colocated/NC/2,graph,1,G0,,7.261700000071869e-05,solve,browse_product,,,,,
v3-main-771601/opentelemetry_demo/colocated/NC/2,graph,1,shared_graph_family,,1.6076645119999853,extraction,checkout,,,,,
v3-main-771601/opentelemetry_demo/colocated/NC/2,graph,1,shared_graph_family,,0.006534416000022247,identification,checkout,,,,,
v3-main-771601/opentelemetry_demo/colocated/NC/2,graph,1,shared_graph_family,,0.009137772999963545,solve,checkout,,,,,
v3-main-771601/opentelemetry_demo/colocated/NC/2,graph,1,G0,,0.0006673579999869617,identification,checkout,,,,,
v3-main-771601/opentelemetry_demo/colocated/NC/2,graph,1,G0,,9.242400000175621e-05,solve,checkout,,,,,
v3-main-771601/opentelemetry_demo/colocated/NC/2,pmx,1,PMX_shared_variants,,4.774557770000001,native_projection,add_to_cart,,,,,
v3-main-771601/opentelemetry_demo/colocated/NC/2,pmx,1,PMX_shared_variants,,2.6395676569999864,native_projection,browse_product,,,,,
v3-main-771601/opentelemetry_demo/colocated/NC/2,pmx,1,PMX_shared_variants,,12.125415113000031,native_projection,checkout,,,,,
v3-main-771601/opentelemetry_demo/colocated/NC/2,pmx,1,PMX_shared_variants,,21.020540589999996,input_and_projection_process_total,,True,,,,
v3-main-771601/opentelemetry_demo/colocated/NC/2,pmx,1,PMX_shared_variants,,7.43,derived_binary_build,,,javac 11.0.32,2322880b6447754528e201553bc4e2fac00334b7d6f3ac202cfe1e3742bbbcc6,True,"{""maximum_rss_bytes"": 227663872.0, ""path"": ""build-resource-usage.txt"", ""system_seconds"": 0.29, ""user_seconds"": 6.83, ""wall_seconds"": 7.43}"
v3-main-771601/opentelemetry_demo/colocated/NC/2,pmx,1,PMX_shared_variants,,25.497899125000004,independent_pmx_extraction_process,add_to_cart,,,,,
v3-main-771601/opentelemetry_demo/colocated/NC/2,pmx,1,PMX_shared_variants,,23.33232012299993,independent_pmx_extraction_process,browse_product,,,,,
v3-main-771601/opentelemetry_demo/colocated/NC/2,pmx,1,PMX_shared_variants,,34.47603281199997,independent_pmx_extraction_process,checkout,,,,,
v3-main-771601/opentelemetry_demo/colocated/NC/3,acquisition,1,shared_acquisition,True,2082.906319376,acquisition_and_export_process_total,,,,,,
v3-main-771601/opentelemetry_demo/colocated/NC/3,acquisition,1,shared_native_pool,,9.731865655000092,native_parse,,,,,,
v3-main-771601/opentelemetry_demo/colocated/NC/3,graph,1,B0,,0.006027481999993256,identification,,,,,,
v3-main-771601/opentelemetry_demo/colocated/NC/3,graph,1,shared_graph_family,,0.5265286300000014,extraction,add_to_cart,,,,,
v3-main-771601/opentelemetry_demo/colocated/NC/3,graph,1,shared_graph_family,,0.004733202999986474,identification,add_to_cart,,,,,
v3-main-771601/opentelemetry_demo/colocated/NC/3,graph,1,shared_graph_family,,0.003954389000000447,solve,add_to_cart,,,,,
v3-main-771601/opentelemetry_demo/colocated/NC/3,graph,1,G0,,0.0003111509999911277,identification,add_to_cart,,,,,
v3-main-771601/opentelemetry_demo/colocated/NC/3,graph,1,G0,,0.00010337399999116315,solve,add_to_cart,,,,,
v3-main-771601/opentelemetry_demo/colocated/NC/3,graph,1,shared_graph_family,,0.1460294490000109,extraction,browse_product,,,,,
v3-main-771601/opentelemetry_demo/colocated/NC/3,graph,1,shared_graph_family,,0.003951165000003698,identification,browse_product,,,,,
v3-main-771601/opentelemetry_demo/colocated/NC/3,graph,1,shared_graph_family,,0.003027266000003692,solve,browse_product,,,,,
v3-main-771601/opentelemetry_demo/colocated/NC/3,graph,1,G0,,0.0002262650000091071,identification,browse_product,,,,,
v3-main-771601/opentelemetry_demo/colocated/NC/3,graph,1,G0,,7.457099999896855e-05,solve,browse_product,,,,,
v3-main-771601/opentelemetry_demo/colocated/NC/3,graph,1,shared_graph_family,,1.2072281680000003,extraction,checkout,,,,,
v3-main-771601/opentelemetry_demo/colocated/NC/3,graph,1,shared_graph_family,,0.006735981000005609,identification,checkout,,,,,
v3-main-771601/opentelemetry_demo/colocated/NC/3,graph,1,shared_graph_family,,0.009614837000000875,solve,checkout,,,,,
v3-main-771601/opentelemetry_demo/colocated/NC/3,graph,1,G0,,0.0006959409999893751,identification,checkout,,,,,
v3-main-771601/opentelemetry_demo/colocated/NC/3,graph,1,G0,,9.917700000983132e-05,solve,checkout,,,,,
v3-main-771601/opentelemetry_demo/colocated/NC/3,pmx,1,PMX_shared_variants,,3.2925806009999974,native_projection,add_to_cart,,,,,
v3-main-771601/opentelemetry_demo/colocated/NC/3,pmx,1,PMX_shared_variants,,1.7108786900000155,native_projection,browse_product,,,,,
v3-main-771601/opentelemetry_demo/colocated/NC/3,pmx,1,PMX_shared_variants,,8.577204557999949,native_projection,checkout,,,,,
v3-main-771601/opentelemetry_demo/colocated/NC/3,pmx,1,PMX_shared_variants,,14.791619048999962,input_and_projection_process_total,,True,,,,
v3-main-771601/opentelemetry_demo/colocated/NC/3,pmx,1,PMX_shared_variants,,6.94,derived_binary_build,,,javac 11.0.32,2322880b6447754528e201553bc4e2fac00334b7d6f3ac202cfe1e3742bbbcc6,True,"{""maximum_rss_bytes"": 225697792.0, ""path"": ""build-resource-usage.txt"", ""system_seconds"": 0.29, ""user_seconds"": 6.2, ""wall_seconds"": 6.94}"
v3-main-771601/opentelemetry_demo/colocated/NC/3,pmx,1,PMX_shared_variants,,26.094381972000008,independent_pmx_extraction_process,add_to_cart,,,,,
v3-main-771601/opentelemetry_demo/colocated/NC/3,pmx,1,PMX_shared_variants,,22.977084993000005,independent_pmx_extraction_process,browse_product,,,,,
v3-main-771601/opentelemetry_demo/colocated/NC/3,pmx,1,PMX_shared_variants,,40.33857882699999,independent_pmx_extraction_process,checkout,,,,,
v3-main-771601/opentelemetry_demo/colocated/NC/4,acquisition,1,shared_acquisition,True,2076.362185222,acquisition_and_export_process_total,,,,,,
v3-main-771601/opentelemetry_demo/colocated/NC/4,acquisition,1,shared_native_pool,,6.9425294430002396,native_parse,,,,,,
v3-main-771601/opentelemetry_demo/colocated/NC/4,graph,1,B0,,0.006004305999994131,identification,,,,,,
v3-main-771601/opentelemetry_demo/colocated/NC/4,graph,1,shared_graph_family,,0.5982497769999995,extraction,add_to_cart,,,,,
v3-main-771601/opentelemetry_demo/colocated/NC/4,graph,1,shared_graph_family,,0.004576032000002783,identification,add_to_cart,,,,,
v3-main-771601/opentelemetry_demo/colocated/NC/4,graph,1,shared_graph_family,,0.0025608979999987014,solve,add_to_cart,,,,,
v3-main-771601/opentelemetry_demo/colocated/NC/4,graph,1,G0,,0.00032478299999638693,identification,add_to_cart,,,,,
v3-main-771601/opentelemetry_demo/colocated/NC/4,graph,1,G0,,0.00010122799999834342,solve,add_to_cart,,,,,
v3-main-771601/opentelemetry_demo/colocated/NC/4,graph,1,shared_graph_family,,0.21394211099999438,extraction,browse_product,,,,,
v3-main-771601/opentelemetry_demo/colocated/NC/4,graph,1,shared_graph_family,,0.003998066999997718,identification,browse_product,,,,,
v3-main-771601/opentelemetry_demo/colocated/NC/4,graph,1,shared_graph_family,,0.001991529999997965,solve,browse_product,,,,,
v3-main-771601/opentelemetry_demo/colocated/NC/4,graph,1,G0,,0.00022127100000091104,identification,browse_product,,,,,
v3-main-771601/opentelemetry_demo/colocated/NC/4,graph,1,G0,,9.115000000292639e-05,solve,browse_product,,,,,
v3-main-771601/opentelemetry_demo/colocated/NC/4,graph,1,shared_graph_family,,1.5794027900000032,extraction,checkout,,,,,
v3-main-771601/opentelemetry_demo/colocated/NC/4,graph,1,shared_graph_family,,0.006321272999997518,identification,checkout,,,,,
v3-main-771601/opentelemetry_demo/colocated/NC/4,graph,1,shared_graph_family,,0.006107243999998957,solve,checkout,,,,,
v3-main-771601/opentelemetry_demo/colocated/NC/4,graph,1,G0,,0.0006861100000037368,identification,checkout,,,,,
v3-main-771601/opentelemetry_demo/colocated/NC/4,graph,1,G0,,0.0001209760000051574,solve,checkout,,,,,
v3-main-771601/opentelemetry_demo/colocated/NC/4,pmx,1,PMX_shared_variants,,3.8636368950000133,native_projection,add_to_cart,,,,,
v3-main-771601/opentelemetry_demo/colocated/NC/4,pmx,1,PMX_shared_variants,,2.256256737000001,native_projection,browse_product,,,,,
v3-main-771601/opentelemetry_demo/colocated/NC/4,pmx,1,PMX_shared_variants,,10.206461826999998,native_projection,checkout,,,,,
v3-main-771601/opentelemetry_demo/colocated/NC/4,pmx,1,PMX_shared_variants,,17.583292524,input_and_projection_process_total,,True,,,,
v3-main-771601/opentelemetry_demo/colocated/NC/4,pmx,1,PMX_shared_variants,,4.91,derived_binary_build,,,javac 11.0.32,2322880b6447754528e201553bc4e2fac00334b7d6f3ac202cfe1e3742bbbcc6,True,"{""maximum_rss_bytes"": 225550336.0, ""path"": ""build-resource-usage.txt"", ""system_seconds"": 0.26, ""user_seconds"": 5.52, ""wall_seconds"": 4.91}"
v3-main-771601/opentelemetry_demo/colocated/NC/4,pmx,1,PMX_shared_variants,,24.585571109,independent_pmx_extraction_process,add_to_cart,,,,,
v3-main-771601/opentelemetry_demo/colocated/NC/4,pmx,1,PMX_shared_variants,,22.633229579000016,independent_pmx_extraction_process,browse_product,,,,,
v3-main-771601/opentelemetry_demo/colocated/NC/4,pmx,1,PMX_shared_variants,,31.16809030500002,independent_pmx_extraction_process,checkout,,,,,
v3-main-771601/opentelemetry_demo/colocated/NC/5,acquisition,1,shared_acquisition,True,2071.732408685,acquisition_and_export_process_total,,,,,,
v3-main-771601/opentelemetry_demo/colocated/NC/5,acquisition,1,shared_native_pool,,6.0668445190003695,native_parse,,,,,,
v3-main-771601/opentelemetry_demo/colocated/NC/5,graph,1,B0,,0.0057939800001349795,identification,,,,,,
v3-main-771601/opentelemetry_demo/colocated/NC/5,graph,1,shared_graph_family,,0.6025558619999174,extraction,add_to_cart,,,,,
v3-main-771601/opentelemetry_demo/colocated/NC/5,graph,1,shared_graph_family,,0.004641374999891923,identification,add_to_cart,,,,,
v3-main-771601/opentelemetry_demo/colocated/NC/5,graph,1,shared_graph_family,,0.004021621999982017,solve,add_to_cart,,,,,
v3-main-771601/opentelemetry_demo/colocated/NC/5,graph,1,G0,,0.00035331399999449786,identification,add_to_cart,,,,,
v3-main-771601/opentelemetry_demo/colocated/NC/5,graph,1,G0,,0.00011542700008249085,solve,add_to_cart,,,,,
v3-main-771601/opentelemetry_demo/colocated/NC/5,graph,1,shared_graph_family,,0.20195765099992968,extraction,browse_product,,,,,
v3-main-771601/opentelemetry_demo/colocated/NC/5,graph,1,shared_graph_family,,0.003923797999959788,identification,browse_product,,,,,
v3-main-771601/opentelemetry_demo/colocated/NC/5,graph,1,shared_graph_family,,0.003566538000086439,solve,browse_product,,,,,
v3-main-771601/opentelemetry_demo/colocated/NC/5,graph,1,G0,,0.00022899000009601878,identification,browse_product,,,,,
v3-main-771601/opentelemetry_demo/colocated/NC/5,graph,1,G0,,7.449000008818984e-05,solve,browse_product,,,,,
v3-main-771601/opentelemetry_demo/colocated/NC/5,graph,1,shared_graph_family,,1.5649406009999893,extraction,checkout,,,,,
v3-main-771601/opentelemetry_demo/colocated/NC/5,graph,1,shared_graph_family,,0.006427328999961901,identification,checkout,,,,,
v3-main-771601/opentelemetry_demo/colocated/NC/5,graph,1,shared_graph_family,,0.010248784999930649,solve,checkout,,,,,
v3-main-771601/opentelemetry_demo/colocated/NC/5,graph,1,G0,,0.0007058049998249771,identification,checkout,,,,,
v3-main-771601/opentelemetry_demo/colocated/NC/5,graph,1,G0,,9.812400003283983e-05,solve,checkout,,,,,
v3-main-771601/opentelemetry_demo/colocated/NC/5,pmx,1,PMX_shared_variants,,4.69092249299996,native_projection,add_to_cart,,,,,
v3-main-771601/opentelemetry_demo/colocated/NC/5,pmx,1,PMX_shared_variants,,2.6444293950000315,native_projection,browse_product,,,,,
v3-main-771601/opentelemetry_demo/colocated/NC/5,pmx,1,PMX_shared_variants,,12.406185133999998,native_projection,checkout,,,,,
v3-main-771601/opentelemetry_demo/colocated/NC/5,pmx,1,PMX_shared_variants,,21.239689017000046,input_and_projection_process_total,,True,,,,
v3-main-771601/opentelemetry_demo/colocated/NC/5,pmx,1,PMX_shared_variants,,8.08,derived_binary_build,,,javac 11.0.32,2322880b6447754528e201553bc4e2fac00334b7d6f3ac202cfe1e3742bbbcc6,True,"{""maximum_rss_bytes"": 227639296.0, ""path"": ""build-resource-usage.txt"", ""system_seconds"": 0.29, ""user_seconds"": 6.75, ""wall_seconds"": 8.08}"
v3-main-771601/opentelemetry_demo/colocated/NC/5,pmx,1,PMX_shared_variants,,25.640295286000025,independent_pmx_extraction_process,add_to_cart,,,,,
v3-main-771601/opentelemetry_demo/colocated/NC/5,pmx,1,PMX_shared_variants,,23.232113911,independent_pmx_extraction_process,browse_product,,,,,
v3-main-771601/opentelemetry_demo/colocated/NC/5,pmx,1,PMX_shared_variants,,34.524356280000006,independent_pmx_extraction_process,checkout,,,,,
v3-main-771601/opentelemetry_demo/colocated/NC/6,acquisition,1,shared_acquisition,True,2084.117168723,acquisition_and_export_process_total,,,,,,
v3-main-771601/opentelemetry_demo/colocated/NC/6,acquisition,1,shared_native_pool,,9.330576448000102,native_parse,,,,,,
v3-main-771601/opentelemetry_demo/colocated/NC/6,graph,1,B0,,0.006154312000035134,identification,,,,,,
v3-main-771601/opentelemetry_demo/colocated/NC/6,graph,1,shared_graph_family,,0.6069682529999909,extraction,add_to_cart,,,,,
v3-main-771601/opentelemetry_demo/colocated/NC/6,graph,1,shared_graph_family,,0.004510814000013852,identification,add_to_cart,,,,,
v3-main-771601/opentelemetry_demo/colocated/NC/6,graph,1,shared_graph_family,,0.0022200170000132857,solve,add_to_cart,,,,,
v3-main-771601/opentelemetry_demo/colocated/NC/6,graph,1,G0,,0.0003104849999999715,identification,add_to_cart,,,,,
v3-main-771601/opentelemetry_demo/colocated/NC/6,graph,1,G0,,9.711000001288994e-05,solve,add_to_cart,,,,,
v3-main-771601/opentelemetry_demo/colocated/NC/6,graph,1,shared_graph_family,,0.21360407899999245,extraction,browse_product,,,,,
v3-main-771601/opentelemetry_demo/colocated/NC/6,graph,1,shared_graph_family,,0.003808681999998953,identification,browse_product,,,,,
v3-main-771601/opentelemetry_demo/colocated/NC/6,graph,1,shared_graph_family,,0.001819103000002542,solve,browse_product,,,,,
v3-main-771601/opentelemetry_demo/colocated/NC/6,graph,1,G0,,0.00022262300001330004,identification,browse_product,,,,,
v3-main-771601/opentelemetry_demo/colocated/NC/6,graph,1,G0,,7.654199998796685e-05,solve,browse_product,,,,,
v3-main-771601/opentelemetry_demo/colocated/NC/6,graph,1,shared_graph_family,,1.6100769049999712,extraction,checkout,,,,,
v3-main-771601/opentelemetry_demo/colocated/NC/6,graph,1,shared_graph_family,,0.006462744000032217,identification,checkout,,,,,
v3-main-771601/opentelemetry_demo/colocated/NC/6,graph,1,shared_graph_family,,0.004964395000001787,solve,checkout,,,,,
v3-main-771601/opentelemetry_demo/colocated/NC/6,graph,1,G0,,0.000680331000012302,identification,checkout,,,,,
v3-main-771601/opentelemetry_demo/colocated/NC/6,graph,1,G0,,9.014700003717735e-05,solve,checkout,,,,,
v3-main-771601/opentelemetry_demo/colocated/NC/6,pmx,1,PMX_shared_variants,,5.006378941000037,native_projection,add_to_cart,,,,,
v3-main-771601/opentelemetry_demo/colocated/NC/6,pmx,1,PMX_shared_variants,,2.7922606839999844,native_projection,browse_product,,,,,
v3-main-771601/opentelemetry_demo/colocated/NC/6,pmx,1,PMX_shared_variants,,12.788828796000018,native_projection,checkout,,,,,
v3-main-771601/opentelemetry_demo/colocated/NC/6,pmx,1,PMX_shared_variants,,22.172428174999993,input_and_projection_process_total,,True,,,,
v3-main-771601/opentelemetry_demo/colocated/NC/6,pmx,1,PMX_shared_variants,,15.02,derived_binary_build,,,javac 11.0.32,2322880b6447754528e201553bc4e2fac00334b7d6f3ac202cfe1e3742bbbcc6,True,"{""maximum_rss_bytes"": 227434496.0, ""path"": ""build-resource-usage.txt"", ""system_seconds"": 0.33, ""user_seconds"": 7.03, ""wall_seconds"": 15.02}"
v3-main-771601/opentelemetry_demo/colocated/NC/6,pmx,1,PMX_shared_variants,,27.250814367999965,independent_pmx_extraction_process,add_to_cart,,,,,
v3-main-771601/opentelemetry_demo/colocated/NC/6,pmx,1,PMX_shared_variants,,23.389222500000017,independent_pmx_extraction_process,browse_product,,,,,
v3-main-771601/opentelemetry_demo/colocated/NC/6,pmx,1,PMX_shared_variants,,36.988839267,independent_pmx_extraction_process,checkout,,,,,
v3-main-771601/opentelemetry_demo/colocated/NC/7,acquisition,1,shared_acquisition,True,2078.8652081729997,acquisition_and_export_process_total,,,,,,
v3-main-771601/opentelemetry_demo/colocated/NC/7,acquisition,1,shared_native_pool,,8.675296688999879,native_parse,,,,,,
v3-main-771601/opentelemetry_demo/colocated/NC/7,graph,1,B0,,0.0060792550000314804,identification,,,,,,
v3-main-771601/opentelemetry_demo/colocated/NC/7,graph,1,shared_graph_family,,0.5264651929999786,extraction,add_to_cart,,,,,
v3-main-771601/opentelemetry_demo/colocated/NC/7,graph,1,shared_graph_family,,0.004613955000024816,identification,add_to_cart,,,,,
v3-main-771601/opentelemetry_demo/colocated/NC/7,graph,1,shared_graph_family,,0.003488960000026964,solve,add_to_cart,,,,,
v3-main-771601/opentelemetry_demo/colocated/NC/7,graph,1,G0,,0.00033065600001691564,identification,add_to_cart,,,,,
v3-main-771601/opentelemetry_demo/colocated/NC/7,graph,1,G0,,0.00010123900000280628,solve,add_to_cart,,,,,
v3-main-771601/opentelemetry_demo/colocated/NC/7,graph,1,shared_graph_family,,0.13997327800001358,extraction,browse_product,,,,,
v3-main-771601/opentelemetry_demo/colocated/NC/7,graph,1,shared_graph_family,,0.0037989269999911812,identification,browse_product,,,,,
v3-main-771601/opentelemetry_demo/colocated/NC/7,graph,1,shared_graph_family,,0.002390203000004476,solve,browse_product,,,,,
v3-main-771601/opentelemetry_demo/colocated/NC/7,graph,1,G0,,0.00021627299997817317,identification,browse_product,,,,,
v3-main-771601/opentelemetry_demo/colocated/NC/7,graph,1,G0,,6.941000003735098e-05,solve,browse_product,,,,,
v3-main-771601/opentelemetry_demo/colocated/NC/7,graph,1,shared_graph_family,,1.2517232350000427,extraction,checkout,,,,,
v3-main-771601/opentelemetry_demo/colocated/NC/7,graph,1,shared_graph_family,,0.006496873000003234,identification,checkout,,,,,
v3-main-771601/opentelemetry_demo/colocated/NC/7,graph,1,shared_graph_family,,0.006248088999996071,solve,checkout,,,,,
v3-main-771601/opentelemetry_demo/colocated/NC/7,graph,1,G0,,0.000678644999993594,identification,checkout,,,,,
v3-main-771601/opentelemetry_demo/colocated/NC/7,graph,1,G0,,8.76739999853271e-05,solve,checkout,,,,,
v3-main-771601/opentelemetry_demo/colocated/NC/7,pmx,1,PMX_shared_variants,,4.612257021000005,native_projection,add_to_cart,,,,,
v3-main-771601/opentelemetry_demo/colocated/NC/7,pmx,1,PMX_shared_variants,,2.255015066999988,native_projection,browse_product,,,,,
v3-main-771601/opentelemetry_demo/colocated/NC/7,pmx,1,PMX_shared_variants,,11.484933395000041,native_projection,checkout,,,,,
v3-main-771601/opentelemetry_demo/colocated/NC/7,pmx,1,PMX_shared_variants,,19.833957670000018,input_and_projection_process_total,,True,,,,
v3-main-771601/opentelemetry_demo/colocated/NC/7,pmx,1,PMX_shared_variants,,8.64,derived_binary_build,,,javac 11.0.32,2322880b6447754528e201553bc4e2fac00334b7d6f3ac202cfe1e3742bbbcc6,True,"{""maximum_rss_bytes"": 227708928.0, ""path"": ""build-resource-usage.txt"", ""system_seconds"": 0.35, ""user_seconds"": 7.02, ""wall_seconds"": 8.64}"
v3-main-771601/opentelemetry_demo/colocated/NC/7,pmx,1,PMX_shared_variants,,25.694941107999966,independent_pmx_extraction_process,add_to_cart,,,,,
v3-main-771601/opentelemetry_demo/colocated/NC/7,pmx,1,PMX_shared_variants,,23.18067653600002,independent_pmx_extraction_process,browse_product,,,,,
v3-main-771601/opentelemetry_demo/colocated/NC/7,pmx,1,PMX_shared_variants,,33.57771371199999,independent_pmx_extraction_process,checkout,,,,,
v3-main-771601/opentelemetry_demo/colocated/NC/8,acquisition,1,shared_acquisition,True,2084.616409251,acquisition_and_export_process_total,,,,,,
v3-main-771601/opentelemetry_demo/colocated/NC/8,acquisition,1,shared_native_pool,,9.64338709499998,native_parse,,,,,,
v3-main-771601/opentelemetry_demo/colocated/NC/8,graph,1,B0,,0.003531971000001022,identification,,,,,,
v3-main-771601/opentelemetry_demo/colocated/NC/8,graph,1,shared_graph_family,,0.346513017999996,extraction,add_to_cart,,,,,
v3-main-771601/opentelemetry_demo/colocated/NC/8,graph,1,shared_graph_family,,0.0027787590000087903,identification,add_to_cart,,,,,
v3-main-771601/opentelemetry_demo/colocated/NC/8,graph,1,shared_graph_family,,0.002423868000008156,solve,add_to_cart,,,,,
v3-main-771601/opentelemetry_demo/colocated/NC/8,graph,1,G0,,0.00023154299999816885,identification,add_to_cart,,,,,
v3-main-771601/opentelemetry_demo/colocated/NC/8,graph,1,G0,,8.366000000137319e-05,solve,add_to_cart,,,,,
v3-main-771601/opentelemetry_demo/colocated/NC/8,graph,1,shared_graph_family,,0.10015948299999877,extraction,browse_product,,,,,
v3-main-771601/opentelemetry_demo/colocated/NC/8,graph,1,shared_graph_family,,0.002379295000011439,identification,browse_product,,,,,
v3-main-771601/opentelemetry_demo/colocated/NC/8,graph,1,shared_graph_family,,0.0019106179999965889,solve,browse_product,,,,,
v3-main-771601/opentelemetry_demo/colocated/NC/8,graph,1,G0,,0.00014027199999588902,identification,browse_product,,,,,
v3-main-771601/opentelemetry_demo/colocated/NC/8,graph,1,G0,,5.9610999997516956e-05,solve,browse_product,,,,,
v3-main-771601/opentelemetry_demo/colocated/NC/8,graph,1,shared_graph_family,,0.7610210739999985,extraction,checkout,,,,,
v3-main-771601/opentelemetry_demo/colocated/NC/8,graph,1,shared_graph_family,,0.004021988000005194,identification,checkout,,,,,
v3-main-771601/opentelemetry_demo/colocated/NC/8,graph,1,shared_graph_family,,0.005493067999992718,solve,checkout,,,,,
v3-main-771601/opentelemetry_demo/colocated/NC/8,graph,1,G0,,0.0004207380000025296,identification,checkout,,,,,
v3-main-771601/opentelemetry_demo/colocated/NC/8,graph,1,G0,,8.143499999846426e-05,solve,checkout,,,,,
v3-main-771601/opentelemetry_demo/colocated/NC/8,pmx,1,PMX_shared_variants,,3.9666883800000505,native_projection,add_to_cart,,,,,
v3-main-771601/opentelemetry_demo/colocated/NC/8,pmx,1,PMX_shared_variants,,2.1578239050001002,native_projection,browse_product,,,,,
v3-main-771601/opentelemetry_demo/colocated/NC/8,pmx,1,PMX_shared_variants,,10.144162614000038,native_projection,checkout,,,,,
v3-main-771601/opentelemetry_demo/colocated/NC/8,pmx,1,PMX_shared_variants,,17.62683803499999,input_and_projection_process_total,,True,,,,
v3-main-771601/opentelemetry_demo/colocated/NC/8,pmx,1,PMX_shared_variants,,7.32,derived_binary_build,,,javac 11.0.32,2322880b6447754528e201553bc4e2fac00334b7d6f3ac202cfe1e3742bbbcc6,True,"{""maximum_rss_bytes"": 225624064.0, ""path"": ""build-resource-usage.txt"", ""system_seconds"": 0.31, ""user_seconds"": 5.7, ""wall_seconds"": 7.32}"
v3-main-771601/opentelemetry_demo/colocated/NC/8,pmx,1,PMX_shared_variants,,25.049031400000104,independent_pmx_extraction_process,add_to_cart,,,,,
v3-main-771601/opentelemetry_demo/colocated/NC/8,pmx,1,PMX_shared_variants,,22.832040844000062,independent_pmx_extraction_process,browse_product,,,,,
v3-main-771601/opentelemetry_demo/colocated/NC/8,pmx,1,PMX_shared_variants,,32.37497368300001,independent_pmx_extraction_process,checkout,,,,,
v3-main-771601/opentelemetry_demo/colocated/NC/9,acquisition,1,shared_acquisition,True,2079.962248678,acquisition_and_export_process_total,,,,,,
v3-main-771601/opentelemetry_demo/colocated/NC/9,acquisition,1,shared_native_pool,,8.475943566999831,native_parse,,,,,,
v3-main-771601/opentelemetry_demo/colocated/NC/9,graph,1,B0,,0.0059327470000027915,identification,,,,,,
v3-main-771601/opentelemetry_demo/colocated/NC/9,graph,1,shared_graph_family,,0.5289961450000007,extraction,add_to_cart,,,,,
v3-main-771601/opentelemetry_demo/colocated/NC/9,graph,1,shared_graph_family,,0.004797127999999873,identification,add_to_cart,,,,,
v3-main-771601/opentelemetry_demo/colocated/NC/9,graph,1,shared_graph_family,,0.0038258330000005003,solve,add_to_cart,,,,,
v3-main-771601/opentelemetry_demo/colocated/NC/9,graph,1,G0,,0.0003290259999957357,identification,add_to_cart,,,,,
v3-main-771601/opentelemetry_demo/colocated/NC/9,graph,1,G0,,0.00011142500000005384,solve,add_to_cart,,,,,
v3-main-771601/opentelemetry_demo/colocated/NC/9,graph,1,shared_graph_family,,0.1421280340000024,extraction,browse_product,,,,,
v3-main-771601/opentelemetry_demo/colocated/NC/9,graph,1,shared_graph_family,,0.004875685000001795,identification,browse_product,,,,,
v3-main-771601/opentelemetry_demo/colocated/NC/9,graph,1,shared_graph_family,,0.003469696999999883,solve,browse_product,,,,,
v3-main-771601/opentelemetry_demo/colocated/NC/9,graph,1,G0,,0.00034111400000114145,identification,browse_product,,,,,
v3-main-771601/opentelemetry_demo/colocated/NC/9,graph,1,G0,,9.736400000548429e-05,solve,browse_product,,,,,
v3-main-771601/opentelemetry_demo/colocated/NC/9,graph,1,shared_graph_family,,1.046953588000001,extraction,checkout,,,,,
v3-main-771601/opentelemetry_demo/colocated/NC/9,graph,1,shared_graph_family,,0.006498542000002772,identification,checkout,,,,,
v3-main-771601/opentelemetry_demo/colocated/NC/9,graph,1,shared_graph_family,,0.0072759510000039995,solve,checkout,,,,,
v3-main-771601/opentelemetry_demo/colocated/NC/9,graph,1,G0,,0.0009151719999991315,identification,checkout,,,,,
v3-main-771601/opentelemetry_demo/colocated/NC/9,graph,1,G0,,0.0002197740000013937,solve,checkout,,,,,
v3-main-771601/opentelemetry_demo/colocated/NC/9,pmx,1,PMX_shared_variants,,3.59157851599997,native_projection,add_to_cart,,,,,
v3-main-771601/opentelemetry_demo/colocated/NC/9,pmx,1,PMX_shared_variants,,1.842901913999981,native_projection,browse_product,,,,,
v3-main-771601/opentelemetry_demo/colocated/NC/9,pmx,1,PMX_shared_variants,,8.159998305000045,native_projection,checkout,,,,,
v3-main-771601/opentelemetry_demo/colocated/NC/9,pmx,1,PMX_shared_variants,,14.662700260999998,input_and_projection_process_total,,True,,,,
v3-main-771601/opentelemetry_demo/colocated/NC/9,pmx,1,PMX_shared_variants,,6.95,derived_binary_build,,,javac 11.0.32,2322880b6447754528e201553bc4e2fac00334b7d6f3ac202cfe1e3742bbbcc6,True,"{""maximum_rss_bytes"": 226050048.0, ""path"": ""build-resource-usage.txt"", ""system_seconds"": 0.25, ""user_seconds"": 5.53, ""wall_seconds"": 6.95}"
v3-main-771601/opentelemetry_demo/colocated/NC/9,pmx,1,PMX_shared_variants,,24.43444821700001,independent_pmx_extraction_process,add_to_cart,,,,,
v3-main-771601/opentelemetry_demo/colocated/NC/9,pmx,1,PMX_shared_variants,,22.426812285999972,independent_pmx_extraction_process,browse_product,,,,,
v3-main-771601/opentelemetry_demo/colocated/NC/9,pmx,1,PMX_shared_variants,,28.661781690999987,independent_pmx_extraction_process,checkout,,,,,
v3-main-771601/opentelemetry_demo/colocated/ND/0,acquisition,1,shared_acquisition,True,2080.082734682,acquisition_and_export_process_total,,,,,,
v3-main-771601/opentelemetry_demo/colocated/ND/0,acquisition,1,shared_native_pool,,8.709022787000322,native_parse,,,,,,
v3-main-771601/opentelemetry_demo/colocated/ND/0,graph,1,B0,,0.006085089999999127,identification,,,,,,
v3-main-771601/opentelemetry_demo/colocated/ND/0,graph,1,shared_graph_family,,0.5800202030000037,extraction,add_to_cart,,,,,
v3-main-771601/opentelemetry_demo/colocated/ND/0,graph,1,shared_graph_family,,0.004700333000016599,identification,add_to_cart,,,,,
v3-main-771601/opentelemetry_demo/colocated/ND/0,graph,1,shared_graph_family,,0.0008377249999966807,solve,add_to_cart,,,,,
v3-main-771601/opentelemetry_demo/colocated/ND/0,graph,1,G0,,0.0003338059999862253,identification,add_to_cart,,,,,
v3-main-771601/opentelemetry_demo/colocated/ND/0,graph,1,G0,,0.00011342899998112443,solve,add_to_cart,,,,,
v3-main-771601/opentelemetry_demo/colocated/ND/0,graph,1,shared_graph_family,,0.1898142360000179,extraction,browse_product,,,,,
v3-main-771601/opentelemetry_demo/colocated/ND/0,graph,1,shared_graph_family,,0.003885572999990927,identification,browse_product,,,,,
v3-main-771601/opentelemetry_demo/colocated/ND/0,graph,1,shared_graph_family,,0.0006775069999775951,solve,browse_product,,,,,
v3-main-771601/opentelemetry_demo/colocated/ND/0,graph,1,G0,,0.0002272170000026108,identification,browse_product,,,,,
v3-main-771601/opentelemetry_demo/colocated/ND/0,graph,1,G0,,7.699500000057924e-05,solve,browse_product,,,,,
v3-main-771601/opentelemetry_demo/colocated/ND/0,graph,1,shared_graph_family,,1.5018350820000137,extraction,checkout,,,,,
v3-main-771601/opentelemetry_demo/colocated/ND/0,graph,1,shared_graph_family,,0.006662648000002491,identification,checkout,,,,,
v3-main-771601/opentelemetry_demo/colocated/ND/0,graph,1,shared_graph_family,,0.001487749999995458,solve,checkout,,,,,
v3-main-771601/opentelemetry_demo/colocated/ND/0,graph,1,G0,,0.0007362329999978101,identification,checkout,,,,,
v3-main-771601/opentelemetry_demo/colocated/ND/0,graph,1,G0,,0.0001051859999847693,solve,checkout,,,,,
v3-main-771601/opentelemetry_demo/colocated/ND/0,pmx,1,PMX_shared_variants,,4.810611379000008,native_projection,add_to_cart,,,,,
v3-main-771601/opentelemetry_demo/colocated/ND/0,pmx,1,PMX_shared_variants,,2.8031078669999943,native_projection,browse_product,,,,,
v3-main-771601/opentelemetry_demo/colocated/ND/0,pmx,1,PMX_shared_variants,,12.222738515000003,native_projection,checkout,,,,,
v3-main-771601/opentelemetry_demo/colocated/ND/0,pmx,1,PMX_shared_variants,,21.443914919999997,input_and_projection_process_total,,True,,,,
v3-main-771601/opentelemetry_demo/colocated/ND/0,pmx,1,PMX_shared_variants,,7.98,derived_binary_build,,,javac 11.0.32,2322880b6447754528e201553bc4e2fac00334b7d6f3ac202cfe1e3742bbbcc6,True,"{""maximum_rss_bytes"": 227794944.0, ""path"": ""build-resource-usage.txt"", ""system_seconds"": 0.34, ""user_seconds"": 7.03, ""wall_seconds"": 7.98}"
v3-main-771601/opentelemetry_demo/colocated/ND/0,pmx,1,PMX_shared_variants,,25.89882817900002,independent_pmx_extraction_process,add_to_cart,,,,,
v3-main-771601/opentelemetry_demo/colocated/ND/0,pmx,1,PMX_shared_variants,,23.385691090000023,independent_pmx_extraction_process,browse_product,,,,,
v3-main-771601/opentelemetry_demo/colocated/ND/0,pmx,1,PMX_shared_variants,,33.383021154000005,independent_pmx_extraction_process,checkout,,,,,
v3-main-771601/opentelemetry_demo/colocated/ND/1,acquisition,1,shared_acquisition,True,2082.079781734,acquisition_and_export_process_total,,,,,,
v3-main-771601/opentelemetry_demo/colocated/ND/1,acquisition,1,shared_native_pool,,9.078648150999925,native_parse,,,,,,
v3-main-771601/opentelemetry_demo/colocated/ND/1,graph,1,B0,,0.006029629999993347,identification,,,,,,
v3-main-771601/opentelemetry_demo/colocated/ND/1,graph,1,shared_graph_family,,0.567943692,extraction,add_to_cart,,,,,
v3-main-771601/opentelemetry_demo/colocated/ND/1,graph,1,shared_graph_family,,0.004744791000000248,identification,add_to_cart,,,,,
v3-main-771601/opentelemetry_demo/colocated/ND/1,graph,1,shared_graph_family,,0.0010548810000017284,solve,add_to_cart,,,,,
v3-main-771601/opentelemetry_demo/colocated/ND/1,graph,1,G0,,0.0003214569999983041,identification,add_to_cart,,,,,
v3-main-771601/opentelemetry_demo/colocated/ND/1,graph,1,G0,,8.550900000159345e-05,solve,add_to_cart,,,,,
v3-main-771601/opentelemetry_demo/colocated/ND/1,graph,1,shared_graph_family,,0.2111131300000011,extraction,browse_product,,,,,
v3-main-771601/opentelemetry_demo/colocated/ND/1,graph,1,shared_graph_family,,0.003949612999996077,identification,browse_product,,,,,
v3-main-771601/opentelemetry_demo/colocated/ND/1,graph,1,shared_graph_family,,0.0005620450000023425,solve,browse_product,,,,,
v3-main-771601/opentelemetry_demo/colocated/ND/1,graph,1,G0,,0.00021458900000226322,identification,browse_product,,,,,
v3-main-771601/opentelemetry_demo/colocated/ND/1,graph,1,G0,,6.29470000035326e-05,solve,browse_product,,,,,
v3-main-771601/opentelemetry_demo/colocated/ND/1,graph,1,shared_graph_family,,1.5417664249999987,extraction,checkout,,,,,
v3-main-771601/opentelemetry_demo/colocated/ND/1,graph,1,shared_graph_family,,0.006399408000000051,identification,checkout,,,,,
v3-main-771601/opentelemetry_demo/colocated/ND/1,graph,1,shared_graph_family,,0.0016939440000030004,solve,checkout,,,,,
v3-main-771601/opentelemetry_demo/colocated/ND/1,graph,1,G0,,0.0006637779999962845,identification,checkout,,,,,
v3-main-771601/opentelemetry_demo/colocated/ND/1,graph,1,G0,,8.071499999573462e-05,solve,checkout,,,,,
v3-main-771601/opentelemetry_demo/colocated/ND/1,pmx,1,PMX_shared_variants,,4.823127877999994,native_projection,add_to_cart,,,,,
v3-main-771601/opentelemetry_demo/colocated/ND/1,pmx,1,PMX_shared_variants,,2.796557723999996,native_projection,browse_product,,,,,
v3-main-771601/opentelemetry_demo/colocated/ND/1,pmx,1,PMX_shared_variants,,12.281848171000007,native_projection,checkout,,,,,
v3-main-771601/opentelemetry_demo/colocated/ND/1,pmx,1,PMX_shared_variants,,21.402327509000003,input_and_projection_process_total,,True,,,,
v3-main-771601/opentelemetry_demo/colocated/ND/1,pmx,1,PMX_shared_variants,,9.84,derived_binary_build,,,javac 11.0.32,2322880b6447754528e201553bc4e2fac00334b7d6f3ac202cfe1e3742bbbcc6,True,"{""maximum_rss_bytes"": 228007936.0, ""path"": ""build-resource-usage.txt"", ""system_seconds"": 0.33, ""user_seconds"": 7.04, ""wall_seconds"": 9.84}"
v3-main-771601/opentelemetry_demo/colocated/ND/1,pmx,1,PMX_shared_variants,,26.144406094000004,independent_pmx_extraction_process,add_to_cart,,,,,
v3-main-771601/opentelemetry_demo/colocated/ND/1,pmx,1,PMX_shared_variants,,23.589287677,independent_pmx_extraction_process,browse_product,,,,,
v3-main-771601/opentelemetry_demo/colocated/ND/1,pmx,1,PMX_shared_variants,,34.882233851000024,independent_pmx_extraction_process,checkout,,,,,
v3-main-771601/opentelemetry_demo/colocated/ND/2,acquisition,1,shared_acquisition,True,2081.4750452219996,acquisition_and_export_process_total,,,,,,
v3-main-771601/opentelemetry_demo/colocated/ND/2,acquisition,1,shared_native_pool,,8.95288028799996,native_parse,,,,,,
v3-main-771601/opentelemetry_demo/colocated/ND/2,graph,1,B0,,0.006142299000003959,identification,,,,,,
v3-main-771601/opentelemetry_demo/colocated/ND/2,graph,1,shared_graph_family,,0.6005947669999969,extraction,add_to_cart,,,,,
v3-main-771601/opentelemetry_demo/colocated/ND/2,graph,1,shared_graph_family,,0.004429231999999672,identification,add_to_cart,,,,,
v3-main-771601/opentelemetry_demo/colocated/ND/2,graph,1,shared_graph_family,,0.0010974180000005163,solve,add_to_cart,,,,,
v3-main-771601/opentelemetry_demo/colocated/ND/2,graph,1,G0,,0.0003110999999975661,identification,add_to_cart,,,,,
v3-main-771601/opentelemetry_demo/colocated/ND/2,graph,1,G0,,8.985800000260724e-05,solve,add_to_cart,,,,,
v3-main-771601/opentelemetry_demo/colocated/ND/2,graph,1,shared_graph_family,,0.21500055500000315,extraction,browse_product,,,,,
v3-main-771601/opentelemetry_demo/colocated/ND/2,graph,1,shared_graph_family,,0.0039232789999985584,identification,browse_product,,,,,
v3-main-771601/opentelemetry_demo/colocated/ND/2,graph,1,shared_graph_family,,0.0006879929999996648,solve,browse_product,,,,,
v3-main-771601/opentelemetry_demo/colocated/ND/2,graph,1,G0,,0.00023212299999642028,identification,browse_product,,,,,
v3-main-771601/opentelemetry_demo/colocated/ND/2,graph,1,G0,,9.47959999990644e-05,solve,browse_product,,,,,
v3-main-771601/opentelemetry_demo/colocated/ND/2,graph,1,shared_graph_family,,1.567691449999998,extraction,checkout,,,,,
v3-main-771601/opentelemetry_demo/colocated/ND/2,graph,1,shared_graph_family,,0.006315100999998435,identification,checkout,,,,,
v3-main-771601/opentelemetry_demo/colocated/ND/2,graph,1,shared_graph_family,,0.0014917629999970927,solve,checkout,,,,,
v3-main-771601/opentelemetry_demo/colocated/ND/2,graph,1,G0,,0.0006734870000002502,identification,checkout,,,,,
v3-main-771601/opentelemetry_demo/colocated/ND/2,graph,1,G0,,8.145199999631814e-05,solve,checkout,,,,,
v3-main-771601/opentelemetry_demo/colocated/ND/2,pmx,1,PMX_shared_variants,,4.780648802999991,native_projection,add_to_cart,,,,,
v3-main-771601/opentelemetry_demo/colocated/ND/2,pmx,1,PMX_shared_variants,,2.6677964210000056,native_projection,browse_product,,,,,
v3-main-771601/opentelemetry_demo/colocated/ND/2,pmx,1,PMX_shared_variants,,12.065578340000002,native_projection,checkout,,,,,
v3-main-771601/opentelemetry_demo/colocated/ND/2,pmx,1,PMX_shared_variants,,21.022344352999994,input_and_projection_process_total,,True,,,,
v3-main-771601/opentelemetry_demo/colocated/ND/2,pmx,1,PMX_shared_variants,,8.89,derived_binary_build,,,javac 11.0.32,2322880b6447754528e201553bc4e2fac00334b7d6f3ac202cfe1e3742bbbcc6,True,"{""maximum_rss_bytes"": 227647488.0, ""path"": ""build-resource-usage.txt"", ""system_seconds"": 0.33, ""user_seconds"": 7.0, ""wall_seconds"": 8.89}"
v3-main-771601/opentelemetry_demo/colocated/ND/2,pmx,1,PMX_shared_variants,,25.896665983000005,independent_pmx_extraction_process,add_to_cart,,,,,
v3-main-771601/opentelemetry_demo/colocated/ND/2,pmx,1,PMX_shared_variants,,23.337674791999987,independent_pmx_extraction_process,browse_product,,,,,
v3-main-771601/opentelemetry_demo/colocated/ND/2,pmx,1,PMX_shared_variants,,33.225049299000005,independent_pmx_extraction_process,checkout,,,,,
v3-main-771601/opentelemetry_demo/colocated/ND/3,acquisition,1,shared_acquisition,True,2083.9627745669995,acquisition_and_export_process_total,,,,,,
v3-main-771601/opentelemetry_demo/colocated/ND/3,acquisition,1,shared_native_pool,,9.087087397000232,native_parse,,,,,,
v3-main-771601/opentelemetry_demo/colocated/ND/3,graph,1,B0,,0.00611908999999855,identification,,,,,,
v3-main-771601/opentelemetry_demo/colocated/ND/3,graph,1,shared_graph_family,,0.5614700649999804,extraction,add_to_cart,,,,,
v3-main-771601/opentelemetry_demo/colocated/ND/3,graph,1,shared_graph_family,,0.004589946000010059,identification,add_to_cart,,,,,
v3-main-771601/opentelemetry_demo/colocated/ND/3,graph,1,shared_graph_family,,0.0008193429999892032,solve,add_to_cart,,,,,
v3-main-771601/opentelemetry_demo/colocated/ND/3,graph,1,G0,,0.0003208749999998872,identification,add_to_cart,,,,,
v3-main-771601/opentelemetry_demo/colocated/ND/3,graph,1,G0,,0.00010041899997759174,solve,add_to_cart,,,,,
v3-main-771601/opentelemetry_demo/colocated/ND/3,graph,1,shared_graph_family,,0.18465469099999154,extraction,browse_product,,,,,
v3-main-771601/opentelemetry_demo/colocated/ND/3,graph,1,shared_graph_family,,0.0038840609999795106,identification,browse_product,,,,,
v3-main-771601/opentelemetry_demo/colocated/ND/3,graph,1,shared_graph_family,,0.0006367729999965377,solve,browse_product,,,,,
v3-main-771601/opentelemetry_demo/colocated/ND/3,graph,1,G0,,0.00022523299998056245,identification,browse_product,,,,,
v3-main-771601/opentelemetry_demo/colocated/ND/3,graph,1,G0,,8.599800000297364e-05,solve,browse_product,,,,,
v3-main-771601/opentelemetry_demo/colocated/ND/3,graph,1,shared_graph_family,,1.469170681999998,extraction,checkout,,,,,
v3-main-771601/opentelemetry_demo/colocated/ND/3,graph,1,shared_graph_family,,0.006682584000003544,identification,checkout,,,,,
v3-main-771601/opentelemetry_demo/colocated/ND/3,graph,1,shared_graph_family,,0.0011164529999803108,solve,checkout,,,,,
v3-main-771601/opentelemetry_demo/colocated/ND/3,graph,1,G0,,0.000709669999992002,identification,checkout,,,,,
v3-main-771601/opentelemetry_demo/colocated/ND/3,graph,1,G0,,9.65029999804301e-05,solve,checkout,,,,,
v3-main-771601/opentelemetry_demo/colocated/ND/3,pmx,1,PMX_shared_variants,,4.6918909400000075,native_projection,add_to_cart,,,,,
v3-main-771601/opentelemetry_demo/colocated/ND/3,pmx,1,PMX_shared_variants,,2.697396002000005,native_projection,browse_product,,,,,
v3-main-771601/opentelemetry_demo/colocated/ND/3,pmx,1,PMX_shared_variants,,12.346092576000018,native_projection,checkout,,,,,
v3-main-771601/opentelemetry_demo/colocated/ND/3,pmx,1,PMX_shared_variants,,21.182543699000007,input_and_projection_process_total,,True,,,,
v3-main-771601/opentelemetry_demo/colocated/ND/3,pmx,1,PMX_shared_variants,,7.71,derived_binary_build,,,javac 11.0.32,2322880b6447754528e201553bc4e2fac00334b7d6f3ac202cfe1e3742bbbcc6,True,"{""maximum_rss_bytes"": 228073472.0, ""path"": ""build-resource-usage.txt"", ""system_seconds"": 0.31, ""user_seconds"": 6.65, ""wall_seconds"": 7.71}"
v3-main-771601/opentelemetry_demo/colocated/ND/3,pmx,1,PMX_shared_variants,,25.953229841000024,independent_pmx_extraction_process,add_to_cart,,,,,
v3-main-771601/opentelemetry_demo/colocated/ND/3,pmx,1,PMX_shared_variants,,23.333971899000005,independent_pmx_extraction_process,browse_product,,,,,
v3-main-771601/opentelemetry_demo/colocated/ND/3,pmx,1,PMX_shared_variants,,34.120941224000006,independent_pmx_extraction_process,checkout,,,,,
v3-main-771601/opentelemetry_demo/colocated/ND/4,acquisition,1,shared_acquisition,True,2082.49646563,acquisition_and_export_process_total,,,,,,
v3-main-771601/opentelemetry_demo/colocated/ND/4,acquisition,1,shared_native_pool,,9.155807736000042,native_parse,,,,,,
v3-main-771601/opentelemetry_demo/colocated/ND/4,graph,1,B0,,0.006062200000002349,identification,,,,,,
v3-main-771601/opentelemetry_demo/colocated/ND/4,graph,1,shared_graph_family,,0.5272756279999982,extraction,add_to_cart,,,,,
v3-main-771601/opentelemetry_demo/colocated/ND/4,graph,1,shared_graph_family,,0.0046364619999934575,identification,add_to_cart,,,,,
v3-main-771601/opentelemetry_demo/colocated/ND/4,graph,1,shared_graph_family,,0.0009458340000065846,solve,add_to_cart,,,,,
v3-main-771601/opentelemetry_demo/colocated/ND/4,graph,1,G0,,0.00030959599999391685,identification,add_to_cart,,,,,
v3-main-771601/opentelemetry_demo/colocated/ND/4,graph,1,G0,,8.988499999418309e-05,solve,add_to_cart,,,,,
v3-main-771601/opentelemetry_demo/colocated/ND/4,graph,1,shared_graph_family,,0.17701919100001362,extraction,browse_product,,,,,
v3-main-771601/opentelemetry_demo/colocated/ND/4,graph,1,shared_graph_family,,0.0038659920000014836,identification,browse_product,,,,,
v3-main-771601/opentelemetry_demo/colocated/ND/4,graph,1,shared_graph_family,,0.0006600640000016256,solve,browse_product,,,,,
v3-main-771601/opentelemetry_demo/colocated/ND/4,graph,1,G0,,0.00022426799999664127,identification,browse_product,,,,,
v3-main-771601/opentelemetry_demo/colocated/ND/4,graph,1,G0,,8.934400000271125e-05,solve,browse_product,,,,,
v3-main-771601/opentelemetry_demo/colocated/ND/4,graph,1,shared_graph_family,,1.4793836589999927,extraction,checkout,,,,,
v3-main-771601/opentelemetry_demo/colocated/ND/4,graph,1,shared_graph_family,,0.006589065000000005,identification,checkout,,,,,
v3-main-771601/opentelemetry_demo/colocated/ND/4,graph,1,shared_graph_family,,0.0021220369999923605,solve,checkout,,,,,
v3-main-771601/opentelemetry_demo/colocated/ND/4,graph,1,G0,,0.0006646910000114303,identification,checkout,,,,,
v3-main-771601/opentelemetry_demo/colocated/ND/4,graph,1,G0,,7.853900000043268e-05,solve,checkout,,,,,
v3-main-771601/opentelemetry_demo/colocated/ND/4,pmx,1,PMX_shared_variants,,3.948646095000001,native_projection,add_to_cart,,,,,
v3-main-771601/opentelemetry_demo/colocated/ND/4,pmx,1,PMX_shared_variants,,2.243912438999999,native_projection,browse_product,,,,,
v3-main-771601/opentelemetry_demo/colocated/ND/4,pmx,1,PMX_shared_variants,,10.862427931,native_projection,checkout,,,,,
v3-main-771601/opentelemetry_demo/colocated/ND/4,pmx,1,PMX_shared_variants,,18.50514527,input_and_projection_process_total,,True,,,,
v3-main-771601/opentelemetry_demo/colocated/ND/4,pmx,1,PMX_shared_variants,,31.45,derived_binary_build,,,javac 11.0.32,2322880b6447754528e201553bc4e2fac00334b7d6f3ac202cfe1e3742bbbcc6,True,"{""maximum_rss_bytes"": 225738752.0, ""path"": ""build-resource-usage.txt"", ""system_seconds"": 0.35, ""user_seconds"": 7.27, ""wall_seconds"": 31.45}"
v3-main-771601/opentelemetry_demo/colocated/ND/4,pmx,1,PMX_shared_variants,,30.309535884000013,independent_pmx_extraction_process,add_to_cart,,,,,
v3-main-771601/opentelemetry_demo/colocated/ND/4,pmx,1,PMX_shared_variants,,23.594231158000014,independent_pmx_extraction_process,browse_product,,,,,
v3-main-771601/opentelemetry_demo/colocated/ND/4,pmx,1,PMX_shared_variants,,42.615377566999996,independent_pmx_extraction_process,checkout,,,,,
v3-main-771601/opentelemetry_demo/colocated/ND/5,acquisition,1,shared_acquisition,True,2082.72820752,acquisition_and_export_process_total,,,,,,
v3-main-771601/opentelemetry_demo/colocated/ND/5,acquisition,1,shared_native_pool,,9.26138236099996,native_parse,,,,,,
v3-main-771601/opentelemetry_demo/colocated/ND/5,graph,1,B0,,0.005911994999998171,identification,,,,,,
v3-main-771601/opentelemetry_demo/colocated/ND/5,graph,1,shared_graph_family,,0.5404907699999981,extraction,add_to_cart,,,,,
v3-main-771601/opentelemetry_demo/colocated/ND/5,graph,1,shared_graph_family,,0.004565433999999868,identification,add_to_cart,,,,,
v3-main-771601/opentelemetry_demo/colocated/ND/5,graph,1,shared_graph_family,,0.0013847769999983939,solve,add_to_cart,,,,,
v3-main-771601/opentelemetry_demo/colocated/ND/5,graph,1,G0,,0.00031750000000130285,identification,add_to_cart,,,,,
v3-main-771601/opentelemetry_demo/colocated/ND/5,graph,1,G0,,8.178999999586267e-05,solve,add_to_cart,,,,,
v3-main-771601/opentelemetry_demo/colocated/ND/5,graph,1,shared_graph_family,,0.20285966299999814,extraction,browse_product,,,,,
v3-main-771601/opentelemetry_demo/colocated/ND/5,graph,1,shared_graph_family,,0.0037767530000039073,identification,browse_product,,,,,
v3-main-771601/opentelemetry_demo/colocated/ND/5,graph,1,shared_graph_family,,0.0005531919999981483,solve,browse_product,,,,,
v3-main-771601/opentelemetry_demo/colocated/ND/5,graph,1,G0,,0.00022901799999885952,identification,browse_product,,,,,
v3-main-771601/opentelemetry_demo/colocated/ND/5,graph,1,G0,,5.908600000026354e-05,solve,browse_product,,,,,
v3-main-771601/opentelemetry_demo/colocated/ND/5,graph,1,shared_graph_family,,1.512433283,extraction,checkout,,,,,
v3-main-771601/opentelemetry_demo/colocated/ND/5,graph,1,shared_graph_family,,0.006245040999999674,identification,checkout,,,,,
v3-main-771601/opentelemetry_demo/colocated/ND/5,graph,1,shared_graph_family,,0.001785012999995672,solve,checkout,,,,,
v3-main-771601/opentelemetry_demo/colocated/ND/5,graph,1,G0,,0.0006414779999985853,identification,checkout,,,,,
v3-main-771601/opentelemetry_demo/colocated/ND/5,graph,1,G0,,8.618100000035156e-05,solve,checkout,,,,,
v3-main-771601/opentelemetry_demo/colocated/ND/5,pmx,1,PMX_shared_variants,,3.1775675920000026,native_projection,add_to_cart,,,,,
v3-main-771601/opentelemetry_demo/colocated/ND/5,pmx,1,PMX_shared_variants,,1.7872550860000018,native_projection,browse_product,,,,,
v3-main-771601/opentelemetry_demo/colocated/ND/5,pmx,1,PMX_shared_variants,,8.549850074000005,native_projection,checkout,,,,,
v3-main-771601/opentelemetry_demo/colocated/ND/5,pmx,1,PMX_shared_variants,,14.647199752999995,input_and_projection_process_total,,True,,,,
v3-main-771601/opentelemetry_demo/colocated/ND/5,pmx,1,PMX_shared_variants,,8.12,derived_binary_build,,,javac 11.0.32,2322880b6447754528e201553bc4e2fac00334b7d6f3ac202cfe1e3742bbbcc6,True,"{""maximum_rss_bytes"": 225517568.0, ""path"": ""build-resource-usage.txt"", ""system_seconds"": 0.25, ""user_seconds"": 5.96, ""wall_seconds"": 8.12}"
v3-main-771601/opentelemetry_demo/colocated/ND/5,pmx,1,PMX_shared_variants,,26.693482518000025,independent_pmx_extraction_process,add_to_cart,,,,,
v3-main-771601/opentelemetry_demo/colocated/ND/5,pmx,1,PMX_shared_variants,,23.034856345999998,independent_pmx_extraction_process,browse_product,,,,,
v3-main-771601/opentelemetry_demo/colocated/ND/5,pmx,1,PMX_shared_variants,,40.448761865999984,independent_pmx_extraction_process,checkout,,,,,
v3-main-771601/opentelemetry_demo/colocated/ND/6,acquisition,1,shared_acquisition,True,2071.616541618,acquisition_and_export_process_total,,,,,,
v3-main-771601/opentelemetry_demo/colocated/ND/6,acquisition,1,shared_native_pool,,5.200405175000014,native_parse,,,,,,
v3-main-771601/opentelemetry_demo/colocated/ND/6,graph,1,B0,,0.006097809999999981,identification,,,,,,
v3-main-771601/opentelemetry_demo/colocated/ND/6,graph,1,shared_graph_family,,0.5947384440000008,extraction,add_to_cart,,,,,
v3-main-771601/opentelemetry_demo/colocated/ND/6,graph,1,shared_graph_family,,0.004571052999999381,identification,add_to_cart,,,,,
v3-main-771601/opentelemetry_demo/colocated/ND/6,graph,1,shared_graph_family,,0.0008524039999997512,solve,add_to_cart,,,,,
v3-main-771601/opentelemetry_demo/colocated/ND/6,graph,1,G0,,0.00030096900000131654,identification,add_to_cart,,,,,
v3-main-771601/opentelemetry_demo/colocated/ND/6,graph,1,G0,,8.446700000064311e-05,solve,add_to_cart,,,,,
v3-main-771601/opentelemetry_demo/colocated/ND/6,graph,1,shared_graph_family,,0.21611872500000118,extraction,browse_product,,,,,
v3-main-771601/opentelemetry_demo/colocated/ND/6,graph,1,shared_graph_family,,0.00391806000000372,identification,browse_product,,,,,
v3-main-771601/opentelemetry_demo/colocated/ND/6,graph,1,shared_graph_family,,0.0007184150000014711,solve,browse_product,,,,,
v3-main-771601/opentelemetry_demo/colocated/ND/6,graph,1,G0,,0.00021420799999560813,identification,browse_product,,,,,
v3-main-771601/opentelemetry_demo/colocated/ND/6,graph,1,G0,,6.314699999876439e-05,solve,browse_product,,,,,
v3-main-771601/opentelemetry_demo/colocated/ND/6,graph,1,shared_graph_family,,1.6179616020000012,extraction,checkout,,,,,
v3-main-771601/opentelemetry_demo/colocated/ND/6,graph,1,shared_graph_family,,0.0063398439999957645,identification,checkout,,,,,
v3-main-771601/opentelemetry_demo/colocated/ND/6,graph,1,shared_graph_family,,0.0014562200000014514,solve,checkout,,,,,
v3-main-771601/opentelemetry_demo/colocated/ND/6,graph,1,G0,,0.0006999800000002665,identification,checkout,,,,,
v3-main-771601/opentelemetry_demo/colocated/ND/6,graph,1,G0,,7.79729999962342e-05,solve,checkout,,,,,
v3-main-771601/opentelemetry_demo/colocated/ND/6,pmx,1,PMX_shared_variants,,3.796716711999977,native_projection,add_to_cart,,,,,
v3-main-771601/opentelemetry_demo/colocated/ND/6,pmx,1,PMX_shared_variants,,2.189593731000002,native_projection,browse_product,,,,,
v3-main-771601/opentelemetry_demo/colocated/ND/6,pmx,1,PMX_shared_variants,,10.19131161499999,native_projection,checkout,,,,,
v3-main-771601/opentelemetry_demo/colocated/ND/6,pmx,1,PMX_shared_variants,,17.41081338500001,input_and_projection_process_total,,True,,,,
v3-main-771601/opentelemetry_demo/colocated/ND/6,pmx,1,PMX_shared_variants,,10.12,derived_binary_build,,,javac 11.0.32,2322880b6447754528e201553bc4e2fac00334b7d6f3ac202cfe1e3742bbbcc6,True,"{""maximum_rss_bytes"": 225783808.0, ""path"": ""build-resource-usage.txt"", ""system_seconds"": 0.26, ""user_seconds"": 5.49, ""wall_seconds"": 10.12}"
v3-main-771601/opentelemetry_demo/colocated/ND/6,pmx,1,PMX_shared_variants,,25.24063082699999,independent_pmx_extraction_process,add_to_cart,,,,,
v3-main-771601/opentelemetry_demo/colocated/ND/6,pmx,1,PMX_shared_variants,,22.526857140000004,independent_pmx_extraction_process,browse_product,,,,,
v3-main-771601/opentelemetry_demo/colocated/ND/6,pmx,1,PMX_shared_variants,,31.112243532999997,independent_pmx_extraction_process,checkout,,,,,
v3-main-771601/opentelemetry_demo/colocated/ND/7,acquisition,1,shared_acquisition,True,2081.3038563490004,acquisition_and_export_process_total,,,,,,
v3-main-771601/opentelemetry_demo/colocated/ND/7,acquisition,1,shared_native_pool,,8.926159162000204,native_parse,,,,,,
v3-main-771601/opentelemetry_demo/colocated/ND/7,graph,1,B0,,0.006236464000004105,identification,,,,,,
v3-main-771601/opentelemetry_demo/colocated/ND/7,graph,1,shared_graph_family,,0.5937307490000023,extraction,add_to_cart,,,,,
v3-main-771601/opentelemetry_demo/colocated/ND/7,graph,1,shared_graph_family,,0.004708927000002916,identification,add_to_cart,,,,,
v3-main-771601/opentelemetry_demo/colocated/ND/7,graph,1,shared_graph_family,,0.0006859739999995895,solve,add_to_cart,,,,,
v3-main-771601/opentelemetry_demo/colocated/ND/7,graph,1,G0,,0.00037704700000062985,identification,add_to_cart,,,,,
v3-main-771601/opentelemetry_demo/colocated/ND/7,graph,1,G0,,0.0001210889999967435,solve,add_to_cart,,,,,
v3-main-771601/opentelemetry_demo/colocated/ND/7,graph,1,shared_graph_family,,0.1890829640000007,extraction,browse_product,,,,,
v3-main-771601/opentelemetry_demo/colocated/ND/7,graph,1,shared_graph_family,,0.00433476500000296,identification,browse_product,,,,,
v3-main-771601/opentelemetry_demo/colocated/ND/7,graph,1,shared_graph_family,,0.0006705409999980816,solve,browse_product,,,,,
v3-main-771601/opentelemetry_demo/colocated/ND/7,graph,1,G0,,0.0002533250000027465,identification,browse_product,,,,,
v3-main-771601/opentelemetry_demo/colocated/ND/7,graph,1,G0,,8.48160000046505e-05,solve,browse_product,,,,,
v3-main-771601/opentelemetry_demo/colocated/ND/7,graph,1,shared_graph_family,,1.5272652230000006,extraction,checkout,,,,,
v3-main-771601/opentelemetry_demo/colocated/ND/7,graph,1,shared_graph_family,,0.006766247000001613,identification,checkout,,,,,
v3-main-771601/opentelemetry_demo/colocated/ND/7,graph,1,shared_graph_family,,0.0019533059999972124,solve,checkout,,,,,
v3-main-771601/opentelemetry_demo/colocated/ND/7,graph,1,G0,,0.0007540540000050555,identification,checkout,,,,,
v3-main-771601/opentelemetry_demo/colocated/ND/7,graph,1,G0,,0.00010505600000243476,solve,checkout,,,,,
v3-main-771601/opentelemetry_demo/colocated/ND/7,pmx,1,PMX_shared_variants,,5.044021798000017,native_projection,add_to_cart,,,,,
v3-main-771601/opentelemetry_demo/colocated/ND/7,pmx,1,PMX_shared_variants,,2.894651821000025,native_projection,browse_product,,,,,
v3-main-771601/opentelemetry_demo/colocated/ND/7,pmx,1,PMX_shared_variants,,13.271697948999986,native_projection,checkout,,,,,
v3-main-771601/opentelemetry_demo/colocated/ND/7,pmx,1,PMX_shared_variants,,22.81943893800002,input_and_projection_process_total,,True,,,,
v3-main-771601/opentelemetry_demo/colocated/ND/7,pmx,1,PMX_shared_variants,,8.37,derived_binary_build,,,javac 11.0.32,2322880b6447754528e201553bc4e2fac00334b7d6f3ac202cfe1e3742bbbcc6,True,"{""maximum_rss_bytes"": 227561472.0, ""path"": ""build-resource-usage.txt"", ""system_seconds"": 0.38, ""user_seconds"": 7.18, ""wall_seconds"": 8.37}"
v3-main-771601/opentelemetry_demo/colocated/ND/7,pmx,1,PMX_shared_variants,,25.789409058000047,independent_pmx_extraction_process,add_to_cart,,,,,
v3-main-771601/opentelemetry_demo/colocated/ND/7,pmx,1,PMX_shared_variants,,23.233649486000047,independent_pmx_extraction_process,browse_product,,,,,
v3-main-771601/opentelemetry_demo/colocated/ND/7,pmx,1,PMX_shared_variants,,33.53682057200001,independent_pmx_extraction_process,checkout,,,,,
v3-main-771601/opentelemetry_demo/colocated/ND/8,acquisition,1,shared_acquisition,True,2083.275429036,acquisition_and_export_process_total,,,,,,
v3-main-771601/opentelemetry_demo/colocated/ND/8,acquisition,1,shared_native_pool,,9.267210020999755,native_parse,,,,,,
v3-main-771601/opentelemetry_demo/colocated/ND/8,graph,1,B0,,0.006236725999997361,identification,,,,,,
v3-main-771601/opentelemetry_demo/colocated/ND/8,graph,1,shared_graph_family,,0.544944808000011,extraction,add_to_cart,,,,,
v3-main-771601/opentelemetry_demo/colocated/ND/8,graph,1,shared_graph_family,,0.004553006999998388,identification,add_to_cart,,,,,
v3-main-771601/opentelemetry_demo/colocated/ND/8,graph,1,shared_graph_family,,0.0008069179999949938,solve,add_to_cart,,,,,
v3-main-771601/opentelemetry_demo/colocated/ND/8,graph,1,G0,,0.0003010870000110799,identification,add_to_cart,,,,,
v3-main-771601/opentelemetry_demo/colocated/ND/8,graph,1,G0,,9.430999999437972e-05,solve,add_to_cart,,,,,
v3-main-771601/opentelemetry_demo/colocated/ND/8,graph,1,shared_graph_family,,0.1788405320000095,extraction,browse_product,,,,,
v3-main-771601/opentelemetry_demo/colocated/ND/8,graph,1,shared_graph_family,,0.003932687000002488,identification,browse_product,,,,,
v3-main-771601/opentelemetry_demo/colocated/ND/8,graph,1,shared_graph_family,,0.0005688739999953896,solve,browse_product,,,,,
v3-main-771601/opentelemetry_demo/colocated/ND/8,graph,1,G0,,0.00021652200000232824,identification,browse_product,,,,,
v3-main-771601/opentelemetry_demo/colocated/ND/8,graph,1,G0,,6.74699999905215e-05,solve,browse_product,,,,,
v3-main-771601/opentelemetry_demo/colocated/ND/8,graph,1,shared_graph_family,,1.4431145779999923,extraction,checkout,,,,,
v3-main-771601/opentelemetry_demo/colocated/ND/8,graph,1,shared_graph_family,,0.006584592999999472,identification,checkout,,,,,
v3-main-771601/opentelemetry_demo/colocated/ND/8,graph,1,shared_graph_family,,0.001553656000012893,solve,checkout,,,,,
v3-main-771601/opentelemetry_demo/colocated/ND/8,graph,1,G0,,0.0006523979999997209,identification,checkout,,,,,
v3-main-771601/opentelemetry_demo/colocated/ND/8,graph,1,G0,,8.301299999402545e-05,solve,checkout,,,,,
v3-main-771601/opentelemetry_demo/colocated/ND/8,pmx,1,PMX_shared_variants,,4.85672790000001,native_projection,add_to_cart,,,,,
v3-main-771601/opentelemetry_demo/colocated/ND/8,pmx,1,PMX_shared_variants,,2.7825285170000598,native_projection,browse_product,,,,,
v3-main-771601/opentelemetry_demo/colocated/ND/8,pmx,1,PMX_shared_variants,,12.74753285099996,native_projection,checkout,,,,,
v3-main-771601/opentelemetry_demo/colocated/ND/8,pmx,1,PMX_shared_variants,,21.852978501000052,input_and_projection_process_total,,True,,,,
v3-main-771601/opentelemetry_demo/colocated/ND/8,pmx,1,PMX_shared_variants,,6.48,derived_binary_build,,,javac 11.0.32,2322880b6447754528e201553bc4e2fac00334b7d6f3ac202cfe1e3742bbbcc6,True,"{""maximum_rss_bytes"": 227577856.0, ""path"": ""build-resource-usage.txt"", ""system_seconds"": 0.3, ""user_seconds"": 6.81, ""wall_seconds"": 6.48}"
v3-main-771601/opentelemetry_demo/colocated/ND/8,pmx,1,PMX_shared_variants,,25.846664626000006,independent_pmx_extraction_process,add_to_cart,,,,,
v3-main-771601/opentelemetry_demo/colocated/ND/8,pmx,1,PMX_shared_variants,,23.291801317000022,independent_pmx_extraction_process,browse_product,,,,,
v3-main-771601/opentelemetry_demo/colocated/ND/8,pmx,1,PMX_shared_variants,,34.36914553500003,independent_pmx_extraction_process,checkout,,,,,
v3-main-771601/opentelemetry_demo/colocated/ND/9,acquisition,1,shared_acquisition,True,2081.752661967,acquisition_and_export_process_total,,,,,,
v3-main-771601/opentelemetry_demo/colocated/ND/9,acquisition,1,shared_native_pool,,9.178210876999856,native_parse,,,,,,
v3-main-771601/opentelemetry_demo/colocated/ND/9,graph,1,B0,,0.006062278000001697,identification,,,,,,
v3-main-771601/opentelemetry_demo/colocated/ND/9,graph,1,shared_graph_family,,0.5781641399999984,extraction,add_to_cart,,,,,
v3-main-771601/opentelemetry_demo/colocated/ND/9,graph,1,shared_graph_family,,0.005842818000004968,identification,add_to_cart,,,,,
v3-main-771601/opentelemetry_demo/colocated/ND/9,graph,1,shared_graph_family,,0.0007325309999970386,solve,add_to_cart,,,,,
v3-main-771601/opentelemetry_demo/colocated/ND/9,graph,1,G0,,0.00032664100000090457,identification,add_to_cart,,,,,
v3-main-771601/opentelemetry_demo/colocated/ND/9,graph,1,G0,,9.473200000797988e-05,solve,add_to_cart,,,,,
v3-main-771601/opentelemetry_demo/colocated/ND/9,graph,1,shared_graph_family,,0.1863886280000031,extraction,browse_product,,,,,
v3-main-771601/opentelemetry_demo/colocated/ND/9,graph,1,shared_graph_family,,0.004971066999999607,identification,browse_product,,,,,
v3-main-771601/opentelemetry_demo/colocated/ND/9,graph,1,shared_graph_family,,0.0006757259999972121,solve,browse_product,,,,,
v3-main-771601/opentelemetry_demo/colocated/ND/9,graph,1,G0,,0.0002375180000058208,identification,browse_product,,,,,
v3-main-771601/opentelemetry_demo/colocated/ND/9,graph,1,G0,,7.832800000073803e-05,solve,browse_product,,,,,
v3-main-771601/opentelemetry_demo/colocated/ND/9,graph,1,shared_graph_family,,1.5682447540000055,extraction,checkout,,,,,
v3-main-771601/opentelemetry_demo/colocated/ND/9,graph,1,shared_graph_family,,0.008587465999994492,identification,checkout,,,,,
v3-main-771601/opentelemetry_demo/colocated/ND/9,graph,1,shared_graph_family,,0.00151698200001249,solve,checkout,,,,,
v3-main-771601/opentelemetry_demo/colocated/ND/9,graph,1,G0,,0.0007402629999972987,identification,checkout,,,,,
v3-main-771601/opentelemetry_demo/colocated/ND/9,graph,1,G0,,9.563300000081654e-05,solve,checkout,,,,,
v3-main-771601/opentelemetry_demo/colocated/ND/9,pmx,1,PMX_shared_variants,,4.739699138000049,native_projection,add_to_cart,,,,,
v3-main-771601/opentelemetry_demo/colocated/ND/9,pmx,1,PMX_shared_variants,,2.715727291999997,native_projection,browse_product,,,,,
v3-main-771601/opentelemetry_demo/colocated/ND/9,pmx,1,PMX_shared_variants,,12.594178338000006,native_projection,checkout,,,,,
v3-main-771601/opentelemetry_demo/colocated/ND/9,pmx,1,PMX_shared_variants,,21.545243315999983,input_and_projection_process_total,,True,,,,
v3-main-771601/opentelemetry_demo/colocated/ND/9,pmx,1,PMX_shared_variants,,9.0,derived_binary_build,,,javac 11.0.32,2322880b6447754528e201553bc4e2fac00334b7d6f3ac202cfe1e3742bbbcc6,True,"{""maximum_rss_bytes"": 227672064.0, ""path"": ""build-resource-usage.txt"", ""system_seconds"": 0.29, ""user_seconds"": 7.02, ""wall_seconds"": 9.0}"
v3-main-771601/opentelemetry_demo/colocated/ND/9,pmx,1,PMX_shared_variants,,26.497329503999993,independent_pmx_extraction_process,add_to_cart,,,,,
v3-main-771601/opentelemetry_demo/colocated/ND/9,pmx,1,PMX_shared_variants,,23.430133873999978,independent_pmx_extraction_process,browse_product,,,,,
v3-main-771601/opentelemetry_demo/colocated/ND/9,pmx,1,PMX_shared_variants,,34.581770878999976,independent_pmx_extraction_process,checkout,,,,,
v3-main-771601/opentelemetry_demo/colocated/NCD/0,acquisition,1,shared_acquisition,True,2077.433408501,acquisition_and_export_process_total,,,,,,
v3-main-771601/opentelemetry_demo/colocated/NCD/0,acquisition,1,shared_native_pool,,6.710587558000043,native_parse,,,,,,
v3-main-771601/opentelemetry_demo/colocated/NCD/0,graph,1,B0,,0.006045497999991767,identification,,,,,,
v3-main-771601/opentelemetry_demo/colocated/NCD/0,graph,1,shared_graph_family,,0.5328891699999758,extraction,add_to_cart,,,,,
v3-main-771601/opentelemetry_demo/colocated/NCD/0,graph,1,shared_graph_family,,0.004471737000017129,identification,add_to_cart,,,,,
v3-main-771601/opentelemetry_demo/colocated/NCD/0,graph,1,shared_graph_family,,0.004124517999969157,solve,add_to_cart,,,,,
v3-main-771601/opentelemetry_demo/colocated/NCD/0,graph,1,G0,,0.0003112320000013824,identification,add_to_cart,,,,,
v3-main-771601/opentelemetry_demo/colocated/NCD/0,graph,1,G0,,9.688099999038968e-05,solve,add_to_cart,,,,,
v3-main-771601/opentelemetry_demo/colocated/NCD/0,graph,1,shared_graph_family,,0.1979896290000056,extraction,browse_product,,,,,
v3-main-771601/opentelemetry_demo/colocated/NCD/0,graph,1,shared_graph_family,,0.003818245000047682,identification,browse_product,,,,,
v3-main-771601/opentelemetry_demo/colocated/NCD/0,graph,1,shared_graph_family,,0.0035266600000340986,solve,browse_product,,,,,
v3-main-771601/opentelemetry_demo/colocated/NCD/0,graph,1,G0,,0.00021196599999484533,identification,browse_product,,,,,
v3-main-771601/opentelemetry_demo/colocated/NCD/0,graph,1,G0,,6.91690000280687e-05,solve,browse_product,,,,,
v3-main-771601/opentelemetry_demo/colocated/NCD/0,graph,1,shared_graph_family,,1.4045481740000128,extraction,checkout,,,,,
v3-main-771601/opentelemetry_demo/colocated/NCD/0,graph,1,shared_graph_family,,0.006338285000026644,identification,checkout,,,,,
v3-main-771601/opentelemetry_demo/colocated/NCD/0,graph,1,shared_graph_family,,0.009146381999983078,solve,checkout,,,,,
v3-main-771601/opentelemetry_demo/colocated/NCD/0,graph,1,G0,,0.0006525089999627198,identification,checkout,,,,,
v3-main-771601/opentelemetry_demo/colocated/NCD/0,graph,1,G0,,8.734299996149275e-05,solve,checkout,,,,,
v3-main-771601/opentelemetry_demo/colocated/NCD/0,pmx,1,PMX_shared_variants,,4.67104058999999,native_projection,add_to_cart,,,,,
v3-main-771601/opentelemetry_demo/colocated/NCD/0,pmx,1,PMX_shared_variants,,2.7263667420000104,native_projection,browse_product,,,,,
v3-main-771601/opentelemetry_demo/colocated/NCD/0,pmx,1,PMX_shared_variants,,11.454582434000002,native_projection,checkout,,,,,
v3-main-771601/opentelemetry_demo/colocated/NCD/0,pmx,1,PMX_shared_variants,,20.262885288000007,input_and_projection_process_total,,True,,,,
v3-main-771601/opentelemetry_demo/colocated/NCD/0,pmx,1,PMX_shared_variants,,7.16,derived_binary_build,,,javac 11.0.32,2322880b6447754528e201553bc4e2fac00334b7d6f3ac202cfe1e3742bbbcc6,True,"{""maximum_rss_bytes"": 227659776.0, ""path"": ""build-resource-usage.txt"", ""system_seconds"": 0.29, ""user_seconds"": 6.87, ""wall_seconds"": 7.16}"
v3-main-771601/opentelemetry_demo/colocated/NCD/0,pmx,1,PMX_shared_variants,,26.289939996000015,independent_pmx_extraction_process,add_to_cart,,,,,
v3-main-771601/opentelemetry_demo/colocated/NCD/0,pmx,1,PMX_shared_variants,,23.27945157000002,independent_pmx_extraction_process,browse_product,,,,,
v3-main-771601/opentelemetry_demo/colocated/NCD/0,pmx,1,PMX_shared_variants,,32.423199116999996,independent_pmx_extraction_process,checkout,,,,,
v3-main-771601/opentelemetry_demo/colocated/NCD/1,acquisition,1,shared_acquisition,True,2079.208183438,acquisition_and_export_process_total,,,,,,
v3-main-771601/opentelemetry_demo/colocated/NCD/1,acquisition,1,shared_native_pool,,8.680337878000046,native_parse,,,,,,
v3-main-771601/opentelemetry_demo/colocated/NCD/1,graph,1,B0,,0.005558319999998673,identification,,,,,,
v3-main-771601/opentelemetry_demo/colocated/NCD/1,graph,1,shared_graph_family,,0.44483207799999747,extraction,add_to_cart,,,,,
v3-main-771601/opentelemetry_demo/colocated/NCD/1,graph,1,shared_graph_family,,0.004045975000003921,identification,add_to_cart,,,,,
v3-main-771601/opentelemetry_demo/colocated/NCD/1,graph,1,shared_graph_family,,0.0034597459999972102,solve,add_to_cart,,,,,
v3-main-771601/opentelemetry_demo/colocated/NCD/1,graph,1,G0,,0.000289246000001242,identification,add_to_cart,,,,,
v3-main-771601/opentelemetry_demo/colocated/NCD/1,graph,1,G0,,9.764500000386533e-05,solve,add_to_cart,,,,,
v3-main-771601/opentelemetry_demo/colocated/NCD/1,graph,1,shared_graph_family,,0.14419203099999578,extraction,browse_product,,,,,
v3-main-771601/opentelemetry_demo/colocated/NCD/1,graph,1,shared_graph_family,,0.0036952390000024593,identification,browse_product,,,,,
v3-main-771601/opentelemetry_demo/colocated/NCD/1,graph,1,shared_graph_family,,0.003195689000001778,solve,browse_product,,,,,
v3-main-771601/opentelemetry_demo/colocated/NCD/1,graph,1,G0,,0.00020097500000559876,identification,browse_product,,,,,
v3-main-771601/opentelemetry_demo/colocated/NCD/1,graph,1,G0,,7.193199999733224e-05,solve,browse_product,,,,,
v3-main-771601/opentelemetry_demo/colocated/NCD/1,graph,1,shared_graph_family,,1.0596526139999938,extraction,checkout,,,,,
v3-main-771601/opentelemetry_demo/colocated/NCD/1,graph,1,shared_graph_family,,0.005959094000004939,identification,checkout,,,,,
v3-main-771601/opentelemetry_demo/colocated/NCD/1,graph,1,shared_graph_family,,0.0079427040000013,solve,checkout,,,,,
v3-main-771601/opentelemetry_demo/colocated/NCD/1,graph,1,G0,,0.0006133750000003602,identification,checkout,,,,,
v3-main-771601/opentelemetry_demo/colocated/NCD/1,graph,1,G0,,9.683799999748999e-05,solve,checkout,,,,,
v3-main-771601/opentelemetry_demo/colocated/NCD/1,pmx,1,PMX_shared_variants,,4.298007322999993,native_projection,add_to_cart,,,,,
v3-main-771601/opentelemetry_demo/colocated/NCD/1,pmx,1,PMX_shared_variants,,2.3410067899999945,native_projection,browse_product,,,,,
v3-main-771601/opentelemetry_demo/colocated/NCD/1,pmx,1,PMX_shared_variants,,11.055959893000008,native_projection,checkout,,,,,
v3-main-771601/opentelemetry_demo/colocated/NCD/1,pmx,1,PMX_shared_variants,,19.059083783,input_and_projection_process_total,,True,,,,
v3-main-771601/opentelemetry_demo/colocated/NCD/1,pmx,1,PMX_shared_variants,,7.62,derived_binary_build,,,javac 11.0.32,2322880b6447754528e201553bc4e2fac00334b7d6f3ac202cfe1e3742bbbcc6,True,"{""maximum_rss_bytes"": 227766272.0, ""path"": ""build-resource-usage.txt"", ""system_seconds"": 0.3, ""user_seconds"": 6.65, ""wall_seconds"": 7.62}"
v3-main-771601/opentelemetry_demo/colocated/NCD/1,pmx,1,PMX_shared_variants,,25.24716927499999,independent_pmx_extraction_process,add_to_cart,,,,,
v3-main-771601/opentelemetry_demo/colocated/NCD/1,pmx,1,PMX_shared_variants,,23.184407012999998,independent_pmx_extraction_process,browse_product,,,,,
v3-main-771601/opentelemetry_demo/colocated/NCD/1,pmx,1,PMX_shared_variants,,33.166322526000016,independent_pmx_extraction_process,checkout,,,,,
v3-main-771601/opentelemetry_demo/colocated/NCD/2,acquisition,1,shared_acquisition,True,2074.352942079,acquisition_and_export_process_total,,,,,,
v3-main-771601/opentelemetry_demo/colocated/NCD/2,acquisition,1,shared_native_pool,,6.338370510999994,native_parse,,,,,,
v3-main-771601/opentelemetry_demo/colocated/NCD/2,graph,1,B0,,0.004898988000036297,identification,,,,,,
v3-main-771601/opentelemetry_demo/colocated/NCD/2,graph,1,shared_graph_family,,0.3137417870000263,extraction,add_to_cart,,,,,
v3-main-771601/opentelemetry_demo/colocated/NCD/2,graph,1,shared_graph_family,,0.0037507309999682548,identification,add_to_cart,,,,,
v3-main-771601/opentelemetry_demo/colocated/NCD/2,graph,1,shared_graph_family,,0.002401371000019026,solve,add_to_cart,,,,,
v3-main-771601/opentelemetry_demo/colocated/NCD/2,graph,1,G0,,0.00028332200008662767,identification,add_to_cart,,,,,
v3-main-771601/opentelemetry_demo/colocated/NCD/2,graph,1,G0,,0.00011470899994492356,solve,add_to_cart,,,,,
v3-main-771601/opentelemetry_demo/colocated/NCD/2,graph,1,shared_graph_family,,0.11160976100006792,extraction,browse_product,,,,,
v3-main-771601/opentelemetry_demo/colocated/NCD/2,graph,1,shared_graph_family,,0.003375952999931542,identification,browse_product,,,,,
v3-main-771601/opentelemetry_demo/colocated/NCD/2,graph,1,shared_graph_family,,0.002205894999974589,solve,browse_product,,,,,
v3-main-771601/opentelemetry_demo/colocated/NCD/2,graph,1,G0,,0.00019821799992314482,identification,browse_product,,,,,
v3-main-771601/opentelemetry_demo/colocated/NCD/2,graph,1,G0,,8.68270000182747e-05,solve,browse_product,,,,,
v3-main-771601/opentelemetry_demo/colocated/NCD/2,graph,1,shared_graph_family,,0.6002807530001064,extraction,checkout,,,,,
v3-main-771601/opentelemetry_demo/colocated/NCD/2,graph,1,shared_graph_family,,0.005245444999900428,identification,checkout,,,,,
v3-main-771601/opentelemetry_demo/colocated/NCD/2,graph,1,shared_graph_family,,0.0052380049999101175,solve,checkout,,,,,
v3-main-771601/opentelemetry_demo/colocated/NCD/2,graph,1,G0,,0.0005758529999866369,identification,checkout,,,,,
v3-main-771601/opentelemetry_demo/colocated/NCD/2,graph,1,G0,,0.00010474699990936642,solve,checkout,,,,,
v3-main-771601/opentelemetry_demo/colocated/NCD/2,pmx,1,PMX_shared_variants,,3.301167925999991,native_projection,add_to_cart,,,,,
v3-main-771601/opentelemetry_demo/colocated/NCD/2,pmx,1,PMX_shared_variants,,1.9528437120000035,native_projection,browse_product,,,,,
v3-main-771601/opentelemetry_demo/colocated/NCD/2,pmx,1,PMX_shared_variants,,6.949725910000012,native_projection,checkout,,,,,
v3-main-771601/opentelemetry_demo/colocated/NCD/2,pmx,1,PMX_shared_variants,,13.104719709999998,input_and_projection_process_total,,True,,,,
v3-main-771601/opentelemetry_demo/colocated/NCD/2,pmx,1,PMX_shared_variants,,9.87,derived_binary_build,,,javac 11.0.32,2322880b6447754528e201553bc4e2fac00334b7d6f3ac202cfe1e3742bbbcc6,True,"{""maximum_rss_bytes"": 227508224.0, ""path"": ""build-resource-usage.txt"", ""system_seconds"": 0.29, ""user_seconds"": 6.98, ""wall_seconds"": 9.87}"
v3-main-771601/opentelemetry_demo/colocated/NCD/2,pmx,1,PMX_shared_variants,,25.589116864999994,independent_pmx_extraction_process,add_to_cart,,,,,
v3-main-771601/opentelemetry_demo/colocated/NCD/2,pmx,1,PMX_shared_variants,,23.536913262,independent_pmx_extraction_process,browse_product,,,,,
v3-main-771601/opentelemetry_demo/colocated/NCD/2,pmx,1,PMX_shared_variants,,27.85456844800001,independent_pmx_extraction_process,checkout,,,,,
v3-main-771601/opentelemetry_demo/colocated/NCD/3,acquisition,1,shared_acquisition,True,2082.8911862,acquisition_and_export_process_total,,,,,,
v3-main-771601/opentelemetry_demo/colocated/NCD/3,acquisition,1,shared_native_pool,,9.278109197000049,native_parse,,,,,,
v3-main-771601/opentelemetry_demo/colocated/NCD/3,graph,1,B0,,0.006039220000019441,identification,,,,,,
v3-main-771601/opentelemetry_demo/colocated/NCD/3,graph,1,shared_graph_family,,0.5948728710000069,extraction,add_to_cart,,,,,
v3-main-771601/opentelemetry_demo/colocated/NCD/3,graph,1,shared_graph_family,,0.004565052999993213,identification,add_to_cart,,,,,
v3-main-771601/opentelemetry_demo/colocated/NCD/3,graph,1,shared_graph_family,,0.0020554700000161574,solve,add_to_cart,,,,,
v3-main-771601/opentelemetry_demo/colocated/NCD/3,graph,1,G0,,0.0003071609999949487,identification,add_to_cart,,,,,
v3-main-771601/opentelemetry_demo/colocated/NCD/3,graph,1,G0,,9.559700001204874e-05,solve,add_to_cart,,,,,
v3-main-771601/opentelemetry_demo/colocated/NCD/3,graph,1,shared_graph_family,,0.21063005100000964,extraction,browse_product,,,,,
v3-main-771601/opentelemetry_demo/colocated/NCD/3,graph,1,shared_graph_family,,0.003909335000003011,identification,browse_product,,,,,
v3-main-771601/opentelemetry_demo/colocated/NCD/3,graph,1,shared_graph_family,,0.0021959500000150456,solve,browse_product,,,,,
v3-main-771601/opentelemetry_demo/colocated/NCD/3,graph,1,G0,,0.0002225730000020576,identification,browse_product,,,,,
v3-main-771601/opentelemetry_demo/colocated/NCD/3,graph,1,G0,,8.67920000189315e-05,solve,browse_product,,,,,
v3-main-771601/opentelemetry_demo/colocated/NCD/3,graph,1,shared_graph_family,,1.5339096110000128,extraction,checkout,,,,,
v3-main-771601/opentelemetry_demo/colocated/NCD/3,graph,1,shared_graph_family,,0.0066060359999937646,identification,checkout,,,,,
v3-main-771601/opentelemetry_demo/colocated/NCD/3,graph,1,shared_graph_family,,0.004848218999995879,solve,checkout,,,,,
v3-main-771601/opentelemetry_demo/colocated/NCD/3,graph,1,G0,,0.0006798740000135695,identification,checkout,,,,,
v3-main-771601/opentelemetry_demo/colocated/NCD/3,graph,1,G0,,9.696999998709543e-05,solve,checkout,,,,,
v3-main-771601/opentelemetry_demo/colocated/NCD/3,pmx,1,PMX_shared_variants,,4.824755863999997,native_projection,add_to_cart,,,,,
v3-main-771601/opentelemetry_demo/colocated/NCD/3,pmx,1,PMX_shared_variants,,2.8519911860000207,native_projection,browse_product,,,,,
v3-main-771601/opentelemetry_demo/colocated/NCD/3,pmx,1,PMX_shared_variants,,12.954444238000008,native_projection,checkout,,,,,
v3-main-771601/opentelemetry_demo/colocated/NCD/3,pmx,1,PMX_shared_variants,,22.101446019999997,input_and_projection_process_total,,True,,,,
v3-main-771601/opentelemetry_demo/colocated/NCD/3,pmx,1,PMX_shared_variants,,13.19,derived_binary_build,,,javac 11.0.32,2322880b6447754528e201553bc4e2fac00334b7d6f3ac202cfe1e3742bbbcc6,True,"{""maximum_rss_bytes"": 227647488.0, ""path"": ""build-resource-usage.txt"", ""system_seconds"": 0.31, ""user_seconds"": 6.78, ""wall_seconds"": 13.19}"
v3-main-771601/opentelemetry_demo/colocated/NCD/3,pmx,1,PMX_shared_variants,,26.302001998999998,independent_pmx_extraction_process,add_to_cart,,,,,
v3-main-771601/opentelemetry_demo/colocated/NCD/3,pmx,1,PMX_shared_variants,,23.33420909899999,independent_pmx_extraction_process,browse_product,,,,,
v3-main-771601/opentelemetry_demo/colocated/NCD/3,pmx,1,PMX_shared_variants,,35.992388618999996,independent_pmx_extraction_process,checkout,,,,,
v3-main-771601/opentelemetry_demo/colocated/NCD/4,acquisition,1,shared_acquisition,True,2080.040456642,acquisition_and_export_process_total,,,,,,
v3-main-771601/opentelemetry_demo/colocated/NCD/4,acquisition,1,shared_native_pool,,8.021173499999804,native_parse,,,,,,
v3-main-771601/opentelemetry_demo/colocated/NCD/4,graph,1,B0,,0.006269155999973464,identification,,,,,,
v3-main-771601/opentelemetry_demo/colocated/NCD/4,graph,1,shared_graph_family,,0.5246433199999956,extraction,add_to_cart,,,,,
v3-main-771601/opentelemetry_demo/colocated/NCD/4,graph,1,shared_graph_family,,0.004608622999967338,identification,add_to_cart,,,,,
v3-main-771601/opentelemetry_demo/colocated/NCD/4,graph,1,shared_graph_family,,0.0035940459999892482,solve,add_to_cart,,,,,
v3-main-771601/opentelemetry_demo/colocated/NCD/4,graph,1,G0,,0.0003239249999751337,identification,add_to_cart,,,,,
v3-main-771601/opentelemetry_demo/colocated/NCD/4,graph,1,G0,,9.742299999970783e-05,solve,add_to_cart,,,,,
v3-main-771601/opentelemetry_demo/colocated/NCD/4,graph,1,shared_graph_family,,0.14933411300000898,extraction,browse_product,,,,,
v3-main-771601/opentelemetry_demo/colocated/NCD/4,graph,1,shared_graph_family,,0.0039052779999906306,identification,browse_product,,,,,
v3-main-771601/opentelemetry_demo/colocated/NCD/4,graph,1,shared_graph_family,,0.0028839199999879384,solve,browse_product,,,,,
v3-main-771601/opentelemetry_demo/colocated/NCD/4,graph,1,G0,,0.00022178499995106904,identification,browse_product,,,,,
v3-main-771601/opentelemetry_demo/colocated/NCD/4,graph,1,G0,,9.721200001422403e-05,solve,browse_product,,,,,
v3-main-771601/opentelemetry_demo/colocated/NCD/4,graph,1,shared_graph_family,,1.1943085319999796,extraction,checkout,,,,,
v3-main-771601/opentelemetry_demo/colocated/NCD/4,graph,1,shared_graph_family,,0.0064856099999701655,identification,checkout,,,,,
v3-main-771601/opentelemetry_demo/colocated/NCD/4,graph,1,shared_graph_family,,0.007350987999984682,solve,checkout,,,,,
v3-main-771601/opentelemetry_demo/colocated/NCD/4,graph,1,G0,,0.0006842480000273099,identification,checkout,,,,,
v3-main-771601/opentelemetry_demo/colocated/NCD/4,graph,1,G0,,9.180199998581884e-05,solve,checkout,,,,,
v3-main-771601/opentelemetry_demo/colocated/NCD/4,pmx,1,PMX_shared_variants,,4.310291586999995,native_projection,add_to_cart,,,,,
v3-main-771601/opentelemetry_demo/colocated/NCD/4,pmx,1,PMX_shared_variants,,2.231867035999997,native_projection,browse_product,,,,,
v3-main-771601/opentelemetry_demo/colocated/NCD/4,pmx,1,PMX_shared_variants,,10.707348780000004,native_projection,checkout,,,,,
v3-main-771601/opentelemetry_demo/colocated/NCD/4,pmx,1,PMX_shared_variants,,18.570079692000007,input_and_projection_process_total,,True,,,,
v3-main-771601/opentelemetry_demo/colocated/NCD/4,pmx,1,PMX_shared_variants,,7.05,derived_binary_build,,,javac 11.0.32,2322880b6447754528e201553bc4e2fac00334b7d6f3ac202cfe1e3742bbbcc6,True,"{""maximum_rss_bytes"": 227491840.0, ""path"": ""build-resource-usage.txt"", ""system_seconds"": 0.3, ""user_seconds"": 6.92, ""wall_seconds"": 7.05}"
v3-main-771601/opentelemetry_demo/colocated/NCD/4,pmx,1,PMX_shared_variants,,25.79823884000001,independent_pmx_extraction_process,add_to_cart,,,,,
v3-main-771601/opentelemetry_demo/colocated/NCD/4,pmx,1,PMX_shared_variants,,23.13552247199999,independent_pmx_extraction_process,browse_product,,,,,
v3-main-771601/opentelemetry_demo/colocated/NCD/4,pmx,1,PMX_shared_variants,,32.82198118300002,independent_pmx_extraction_process,checkout,,,,,
v3-main-771601/opentelemetry_demo/colocated/NCD/5,acquisition,1,shared_acquisition,True,2079.819760716,acquisition_and_export_process_total,,,,,,
v3-main-771601/opentelemetry_demo/colocated/NCD/5,acquisition,1,shared_native_pool,,8.840092199999617,native_parse,,,,,,
v3-main-771601/opentelemetry_demo/colocated/NCD/5,graph,1,B0,,0.003589515999976811,identification,,,,,,
v3-main-771601/opentelemetry_demo/colocated/NCD/5,graph,1,shared_graph_family,,0.36090782700000545,extraction,add_to_cart,,,,,
v3-main-771601/opentelemetry_demo/colocated/NCD/5,graph,1,shared_graph_family,,0.0028525779999881706,identification,add_to_cart,,,,,
v3-main-771601/opentelemetry_demo/colocated/NCD/5,graph,1,shared_graph_family,,0.00141694199999165,solve,add_to_cart,,,,,
v3-main-771601/opentelemetry_demo/colocated/NCD/5,graph,1,G0,,0.0001902210000253035,identification,add_to_cart,,,,,
v3-main-771601/opentelemetry_demo/colocated/NCD/5,graph,1,G0,,8.111700003610167e-05,solve,add_to_cart,,,,,
v3-main-771601/opentelemetry_demo/colocated/NCD/5,graph,1,shared_graph_family,,0.1253713199999993,extraction,browse_product,,,,,
v3-main-771601/opentelemetry_demo/colocated/NCD/5,graph,1,shared_graph_family,,0.002309483999965778,identification,browse_product,,,,,
v3-main-771601/opentelemetry_demo/colocated/NCD/5,graph,1,shared_graph_family,,0.0011778560000266225,solve,browse_product,,,,,
v3-main-771601/opentelemetry_demo/colocated/NCD/5,graph,1,G0,,0.00016577100001313738,identification,browse_product,,,,,
v3-main-771601/opentelemetry_demo/colocated/NCD/5,graph,1,G0,,6.916699999237608e-05,solve,browse_product,,,,,
v3-main-771601/opentelemetry_demo/colocated/NCD/5,graph,1,shared_graph_family,,0.9180065209999952,extraction,checkout,,,,,
v3-main-771601/opentelemetry_demo/colocated/NCD/5,graph,1,shared_graph_family,,0.003969954000012876,identification,checkout,,,,,
v3-main-771601/opentelemetry_demo/colocated/NCD/5,graph,1,shared_graph_family,,0.002718822000019827,solve,checkout,,,,,
v3-main-771601/opentelemetry_demo/colocated/NCD/5,graph,1,G0,,0.0004414080000287868,identification,checkout,,,,,
v3-main-771601/opentelemetry_demo/colocated/NCD/5,graph,1,G0,,9.095699999761564e-05,solve,checkout,,,,,
v3-main-771601/opentelemetry_demo/colocated/NCD/5,pmx,1,PMX_shared_variants,,3.83315667399998,native_projection,add_to_cart,,,,,
v3-main-771601/opentelemetry_demo/colocated/NCD/5,pmx,1,PMX_shared_variants,,2.1616507699999943,native_projection,browse_product,,,,,
v3-main-771601/opentelemetry_demo/colocated/NCD/5,pmx,1,PMX_shared_variants,,9.13334666,native_projection,checkout,,,,,
v3-main-771601/opentelemetry_demo/colocated/NCD/5,pmx,1,PMX_shared_variants,,16.441362366999982,input_and_projection_process_total,,True,,,,
v3-main-771601/opentelemetry_demo/colocated/NCD/5,pmx,1,PMX_shared_variants,,9.58,derived_binary_build,,,javac 11.0.32,2322880b6447754528e201553bc4e2fac00334b7d6f3ac202cfe1e3742bbbcc6,True,"{""maximum_rss_bytes"": 225759232.0, ""path"": ""build-resource-usage.txt"", ""system_seconds"": 0.27, ""user_seconds"": 6.85, ""wall_seconds"": 9.58}"
v3-main-771601/opentelemetry_demo/colocated/NCD/5,pmx,1,PMX_shared_variants,,27.903420107000017,independent_pmx_extraction_process,add_to_cart,,,,,
v3-main-771601/opentelemetry_demo/colocated/NCD/5,pmx,1,PMX_shared_variants,,23.283096724000018,independent_pmx_extraction_process,browse_product,,,,,
v3-main-771601/opentelemetry_demo/colocated/NCD/5,pmx,1,PMX_shared_variants,,40.29715111899998,independent_pmx_extraction_process,checkout,,,,,
v3-main-771601/opentelemetry_demo/colocated/NCD/6,acquisition,1,shared_acquisition,True,2079.430184112,acquisition_and_export_process_total,,,,,,
v3-main-771601/opentelemetry_demo/colocated/NCD/6,acquisition,1,shared_native_pool,,8.718118615000094,native_parse,,,,,,
v3-main-771601/opentelemetry_demo/colocated/NCD/6,graph,1,B0,,0.0060811620000009725,identification,,,,,,
v3-main-771601/opentelemetry_demo/colocated/NCD/6,graph,1,shared_graph_family,,0.5121198800000002,extraction,add_to_cart,,,,,
v3-main-771601/opentelemetry_demo/colocated/NCD/6,graph,1,shared_graph_family,,0.006900165999994101,identification,add_to_cart,,,,,
v3-main-771601/opentelemetry_demo/colocated/NCD/6,graph,1,shared_graph_family,,0.003426951000008671,solve,add_to_cart,,,,,
v3-main-771601/opentelemetry_demo/colocated/NCD/6,graph,1,G0,,0.0003369080000084068,identification,add_to_cart,,,,,
v3-main-771601/opentelemetry_demo/colocated/NCD/6,graph,1,G0,,0.00010044699999411932,solve,add_to_cart,,,,,
v3-main-771601/opentelemetry_demo/colocated/NCD/6,graph,1,shared_graph_family,,0.14806269500000724,extraction,browse_product,,,,,
v3-main-771601/opentelemetry_demo/colocated/NCD/6,graph,1,shared_graph_family,,0.0039333429999999225,identification,browse_product,,,,,
v3-main-771601/opentelemetry_demo/colocated/NCD/6,graph,1,shared_graph_family,,0.0029480880000107845,solve,browse_product,,,,,
v3-main-771601/opentelemetry_demo/colocated/NCD/6,graph,1,G0,,0.0002313810000060812,identification,browse_product,,,,,
v3-main-771601/opentelemetry_demo/colocated/NCD/6,graph,1,G0,,7.630199999653087e-05,solve,browse_product,,,,,
v3-main-771601/opentelemetry_demo/colocated/NCD/6,graph,1,shared_graph_family,,1.2019962600000014,extraction,checkout,,,,,
v3-main-771601/opentelemetry_demo/colocated/NCD/6,graph,1,shared_graph_family,,0.006606880999996179,identification,checkout,,,,,
v3-main-771601/opentelemetry_demo/colocated/NCD/6,graph,1,shared_graph_family,,0.006334363999997095,solve,checkout,,,,,
v3-main-771601/opentelemetry_demo/colocated/NCD/6,graph,1,G0,,0.000699531999998726,identification,checkout,,,,,
v3-main-771601/opentelemetry_demo/colocated/NCD/6,graph,1,G0,,9.168100000067625e-05,solve,checkout,,,,,
v3-main-771601/opentelemetry_demo/colocated/NCD/6,pmx,1,PMX_shared_variants,,4.3118282200000095,native_projection,add_to_cart,,,,,
v3-main-771601/opentelemetry_demo/colocated/NCD/6,pmx,1,PMX_shared_variants,,2.2805254660000003,native_projection,browse_product,,,,,
v3-main-771601/opentelemetry_demo/colocated/NCD/6,pmx,1,PMX_shared_variants,,10.971648629,native_projection,checkout,,,,,
v3-main-771601/opentelemetry_demo/colocated/NCD/6,pmx,1,PMX_shared_variants,,18.905156391999995,input_and_projection_process_total,,True,,,,
v3-main-771601/opentelemetry_demo/colocated/NCD/6,pmx,1,PMX_shared_variants,,6.39,derived_binary_build,,,javac 11.0.32,2322880b6447754528e201553bc4e2fac00334b7d6f3ac202cfe1e3742bbbcc6,True,"{""maximum_rss_bytes"": 227655680.0, ""path"": ""build-resource-usage.txt"", ""system_seconds"": 0.34, ""user_seconds"": 6.84, ""wall_seconds"": 6.39}"
v3-main-771601/opentelemetry_demo/colocated/NCD/6,pmx,1,PMX_shared_variants,,25.396585606000002,independent_pmx_extraction_process,add_to_cart,,,,,
v3-main-771601/opentelemetry_demo/colocated/NCD/6,pmx,1,PMX_shared_variants,,23.08236463600001,independent_pmx_extraction_process,browse_product,,,,,
v3-main-771601/opentelemetry_demo/colocated/NCD/6,pmx,1,PMX_shared_variants,,32.27502882499999,independent_pmx_extraction_process,checkout,,,,,
v3-main-771601/opentelemetry_demo/colocated/NCD/7,acquisition,1,shared_acquisition,True,2080.036786366,acquisition_and_export_process_total,,,,,,
v3-main-771601/opentelemetry_demo/colocated/NCD/7,acquisition,1,shared_native_pool,,8.500862210999912,native_parse,,,,,,
v3-main-771601/opentelemetry_demo/colocated/NCD/7,graph,1,B0,,0.006293783999993252,identification,,,,,,
v3-main-771601/opentelemetry_demo/colocated/NCD/7,graph,1,shared_graph_family,,0.5624336559999961,extraction,add_to_cart,,,,,
v3-main-771601/opentelemetry_demo/colocated/NCD/7,graph,1,shared_graph_family,,0.004604118999992579,identification,add_to_cart,,,,,
v3-main-771601/opentelemetry_demo/colocated/NCD/7,graph,1,shared_graph_family,,0.005099631000007321,solve,add_to_cart,,,,,
v3-main-771601/opentelemetry_demo/colocated/NCD/7,graph,1,G0,,0.00032253099999479673,identification,add_to_cart,,,,,
v3-main-771601/opentelemetry_demo/colocated/NCD/7,graph,1,G0,,0.000102300999998306,solve,add_to_cart,,,,,
v3-main-771601/opentelemetry_demo/colocated/NCD/7,graph,1,shared_graph_family,,0.20048422100001062,extraction,browse_product,,,,,
v3-main-771601/opentelemetry_demo/colocated/NCD/7,graph,1,shared_graph_family,,0.004005665999997632,identification,browse_product,,,,,
v3-main-771601/opentelemetry_demo/colocated/NCD/7,graph,1,shared_graph_family,,0.005956285999999977,solve,browse_product,,,,,
v3-main-771601/opentelemetry_demo/colocated/NCD/7,graph,1,G0,,0.0002296969999946441,identification,browse_product,,,,,
v3-main-771601/opentelemetry_demo/colocated/NCD/7,graph,1,G0,,7.517999999606673e-05,solve,browse_product,,,,,
v3-main-771601/opentelemetry_demo/colocated/NCD/7,graph,1,shared_graph_family,,1.3174332359999994,extraction,checkout,,,,,
v3-main-771601/opentelemetry_demo/colocated/NCD/7,graph,1,shared_graph_family,,0.006631151999997087,identification,checkout,,,,,
v3-main-771601/opentelemetry_demo/colocated/NCD/7,graph,1,shared_graph_family,,0.009806010000005472,solve,checkout,,,,,
v3-main-771601/opentelemetry_demo/colocated/NCD/7,graph,1,G0,,0.0007464689999920893,identification,checkout,,,,,
v3-main-771601/opentelemetry_demo/colocated/NCD/7,graph,1,G0,,0.00011574600000585633,solve,checkout,,,,,
v3-main-771601/opentelemetry_demo/colocated/NCD/7,pmx,1,PMX_shared_variants,,4.371109756999999,native_projection,add_to_cart,,,,,
v3-main-771601/opentelemetry_demo/colocated/NCD/7,pmx,1,PMX_shared_variants,,2.398119152999996,native_projection,browse_product,,,,,
v3-main-771601/opentelemetry_demo/colocated/NCD/7,pmx,1,PMX_shared_variants,,11.102135328999992,native_projection,checkout,,,,,
v3-main-771601/opentelemetry_demo/colocated/NCD/7,pmx,1,PMX_shared_variants,,19.238974262,input_and_projection_process_total,,True,,,,
v3-main-771601/opentelemetry_demo/colocated/NCD/7,pmx,1,PMX_shared_variants,,7.65,derived_binary_build,,,javac 11.0.32,2322880b6447754528e201553bc4e2fac00334b7d6f3ac202cfe1e3742bbbcc6,True,"{""maximum_rss_bytes"": 227655680.0, ""path"": ""build-resource-usage.txt"", ""system_seconds"": 0.29, ""user_seconds"": 6.98, ""wall_seconds"": 7.65}"
v3-main-771601/opentelemetry_demo/colocated/NCD/7,pmx,1,PMX_shared_variants,,25.395810737000005,independent_pmx_extraction_process,add_to_cart,,,,,
v3-main-771601/opentelemetry_demo/colocated/NCD/7,pmx,1,PMX_shared_variants,,23.284877625000007,independent_pmx_extraction_process,browse_product,,,,,
v3-main-771601/opentelemetry_demo/colocated/NCD/7,pmx,1,PMX_shared_variants,,32.530625278,independent_pmx_extraction_process,checkout,,,,,
v3-main-771601/opentelemetry_demo/colocated/NCD/8,acquisition,1,shared_acquisition,True,2081.771527924,acquisition_and_export_process_total,,,,,,
v3-main-771601/opentelemetry_demo/colocated/NCD/8,acquisition,1,shared_native_pool,,9.283466155000042,native_parse,,,,,,
v3-main-771601/opentelemetry_demo/colocated/NCD/8,graph,1,B0,,0.006242079999992711,identification,,,,,,
v3-main-771601/opentelemetry_demo/colocated/NCD/8,graph,1,shared_graph_family,,0.5632343730000002,extraction,add_to_cart,,,,,
v3-main-771601/opentelemetry_demo/colocated/NCD/8,graph,1,shared_graph_family,,0.004623658000014075,identification,add_to_cart,,,,,
v3-main-771601/opentelemetry_demo/colocated/NCD/8,graph,1,shared_graph_family,,0.003398565999987113,solve,add_to_cart,,,,,
v3-main-771601/opentelemetry_demo/colocated/NCD/8,graph,1,G0,,0.00031997600001432147,identification,add_to_cart,,,,,
v3-main-771601/opentelemetry_demo/colocated/NCD/8,graph,1,G0,,9.535800001003736e-05,solve,add_to_cart,,,,,
v3-main-771601/opentelemetry_demo/colocated/NCD/8,graph,1,shared_graph_family,,0.20736671299999898,extraction,browse_product,,,,,
v3-main-771601/opentelemetry_demo/colocated/NCD/8,graph,1,shared_graph_family,,0.004014754000024823,identification,browse_product,,,,,
v3-main-771601/opentelemetry_demo/colocated/NCD/8,graph,1,shared_graph_family,,0.0024565019999727156,solve,browse_product,,,,,
v3-main-771601/opentelemetry_demo/colocated/NCD/8,graph,1,G0,,0.00024144899998645997,identification,browse_product,,,,,
v3-main-771601/opentelemetry_demo/colocated/NCD/8,graph,1,G0,,7.152200004156839e-05,solve,browse_product,,,,,
v3-main-771601/opentelemetry_demo/colocated/NCD/8,graph,1,shared_graph_family,,1.4503517090000173,extraction,checkout,,,,,
v3-main-771601/opentelemetry_demo/colocated/NCD/8,graph,1,shared_graph_family,,0.00638926299996001,identification,checkout,,,,,
v3-main-771601/opentelemetry_demo/colocated/NCD/8,graph,1,shared_graph_family,,0.0067050319999566454,solve,checkout,,,,,
v3-main-771601/opentelemetry_demo/colocated/NCD/8,graph,1,G0,,0.0006981899999800589,identification,checkout,,,,,
v3-main-771601/opentelemetry_demo/colocated/NCD/8,graph,1,G0,,9.124000001747845e-05,solve,checkout,,,,,
v3-main-771601/opentelemetry_demo/colocated/NCD/8,pmx,1,PMX_shared_variants,,4.167516618000008,native_projection,add_to_cart,,,,,
v3-main-771601/opentelemetry_demo/colocated/NCD/8,pmx,1,PMX_shared_variants,,2.4385420190000104,native_projection,browse_product,,,,,
v3-main-771601/opentelemetry_demo/colocated/NCD/8,pmx,1,PMX_shared_variants,,10.261717412999985,native_projection,checkout,,,,,
v3-main-771601/opentelemetry_demo/colocated/NCD/8,pmx,1,PMX_shared_variants,,18.195897484,input_and_projection_process_total,,True,,,,
v3-main-771601/opentelemetry_demo/colocated/NCD/8,pmx,1,PMX_shared_variants,,7.76,derived_binary_build,,,javac 11.0.32,2322880b6447754528e201553bc4e2fac00334b7d6f3ac202cfe1e3742bbbcc6,True,"{""maximum_rss_bytes"": 225927168.0, ""path"": ""build-resource-usage.txt"", ""system_seconds"": 0.3, ""user_seconds"": 6.64, ""wall_seconds"": 7.76}"
v3-main-771601/opentelemetry_demo/colocated/NCD/8,pmx,1,PMX_shared_variants,,26.79318231299999,independent_pmx_extraction_process,add_to_cart,,,,,
v3-main-771601/opentelemetry_demo/colocated/NCD/8,pmx,1,PMX_shared_variants,,23.638153703,independent_pmx_extraction_process,browse_product,,,,,
v3-main-771601/opentelemetry_demo/colocated/NCD/8,pmx,1,PMX_shared_variants,,40.18694165299999,independent_pmx_extraction_process,checkout,,,,,
v3-main-771601/opentelemetry_demo/colocated/NCD/9,acquisition,1,shared_acquisition,True,2076.24444924,acquisition_and_export_process_total,,,,,,
v3-main-771601/opentelemetry_demo/colocated/NCD/9,acquisition,1,shared_native_pool,,6.135572910000064,native_parse,,,,,,
v3-main-771601/opentelemetry_demo/colocated/NCD/9,graph,1,B0,,0.004615643999997587,identification,,,,,,
v3-main-771601/opentelemetry_demo/colocated/NCD/9,graph,1,shared_graph_family,,0.36991083100001276,extraction,add_to_cart,,,,,
v3-main-771601/opentelemetry_demo/colocated/NCD/9,graph,1,shared_graph_family,,0.003632808999995518,identification,add_to_cart,,,,,
v3-main-771601/opentelemetry_demo/colocated/NCD/9,graph,1,shared_graph_family,,0.0034648649999979853,solve,add_to_cart,,,,,
v3-main-771601/opentelemetry_demo/colocated/NCD/9,graph,1,G0,,0.0002722809999937681,identification,add_to_cart,,,,,
v3-main-771601/opentelemetry_demo/colocated/NCD/9,graph,1,G0,,8.51589999939506e-05,solve,add_to_cart,,,,,
v3-main-771601/opentelemetry_demo/colocated/NCD/9,graph,1,shared_graph_family,,0.12412131199999976,extraction,browse_product,,,,,
v3-main-771601/opentelemetry_demo/colocated/NCD/9,graph,1,shared_graph_family,,0.0031269440000016857,identification,browse_product,,,,,
v3-main-771601/opentelemetry_demo/colocated/NCD/9,graph,1,shared_graph_family,,0.002844386999996118,solve,browse_product,,,,,
v3-main-771601/opentelemetry_demo/colocated/NCD/9,graph,1,G0,,0.00018303699999933087,identification,browse_product,,,,,
v3-main-771601/opentelemetry_demo/colocated/NCD/9,graph,1,G0,,6.1013000006937546e-05,solve,browse_product,,,,,
v3-main-771601/opentelemetry_demo/colocated/NCD/9,graph,1,shared_graph_family,,0.711672673999999,extraction,checkout,,,,,
v3-main-771601/opentelemetry_demo/colocated/NCD/9,graph,1,shared_graph_family,,0.005072128000009002,identification,checkout,,,,,
v3-main-771601/opentelemetry_demo/colocated/NCD/9,graph,1,shared_graph_family,,0.0075260330000048725,solve,checkout,,,,,
v3-main-771601/opentelemetry_demo/colocated/NCD/9,graph,1,G0,,0.000544341999997755,identification,checkout,,,,,
v3-main-771601/opentelemetry_demo/colocated/NCD/9,graph,1,G0,,7.281000000602944e-05,solve,checkout,,,,,
v3-main-771601/opentelemetry_demo/colocated/NCD/9,pmx,1,PMX_shared_variants,,4.510210376000003,native_projection,add_to_cart,,,,,
v3-main-771601/opentelemetry_demo/colocated/NCD/9,pmx,1,PMX_shared_variants,,2.517073466999989,native_projection,browse_product,,,,,
v3-main-771601/opentelemetry_demo/colocated/NCD/9,pmx,1,PMX_shared_variants,,9.262481993999984,native_projection,checkout,,,,,
v3-main-771601/opentelemetry_demo/colocated/NCD/9,pmx,1,PMX_shared_variants,,17.467573824999988,input_and_projection_process_total,,True,,,,
v3-main-771601/opentelemetry_demo/colocated/NCD/9,pmx,1,PMX_shared_variants,,11.92,derived_binary_build,,,javac 11.0.32,2322880b6447754528e201553bc4e2fac00334b7d6f3ac202cfe1e3742bbbcc6,True,"{""maximum_rss_bytes"": 227770368.0, ""path"": ""build-resource-usage.txt"", ""system_seconds"": 0.32, ""user_seconds"": 7.02, ""wall_seconds"": 11.92}"
v3-main-771601/opentelemetry_demo/colocated/NCD/9,pmx,1,PMX_shared_variants,,26.191586629000028,independent_pmx_extraction_process,add_to_cart,,,,,
v3-main-771601/opentelemetry_demo/colocated/NCD/9,pmx,1,PMX_shared_variants,,23.480288246000043,independent_pmx_extraction_process,browse_product,,,,,
v3-main-771601/opentelemetry_demo/colocated/NCD/9,pmx,1,PMX_shared_variants,,29.361854826000013,independent_pmx_extraction_process,checkout,,,,,
v3-main-771601/opentelemetry_demo/split/N/0,acquisition,1,shared_acquisition,True,2082.70624567,acquisition_and_export_process_total,,,,,,
v3-main-771601/opentelemetry_demo/split/N/0,acquisition,1,shared_native_pool,,9.446641574000296,native_parse,,,,,,
v3-main-771601/opentelemetry_demo/split/N/0,graph,1,B0,,0.006437104999974963,identification,,,,,,
v3-main-771601/opentelemetry_demo/split/N/0,graph,1,shared_graph_family,,0.6323639089999915,extraction,add_to_cart,,,,,
v3-main-771601/opentelemetry_demo/split/N/0,graph,1,shared_graph_family,,0.0045727809999789315,identification,add_to_cart,,,,,
v3-main-771601/opentelemetry_demo/split/N/0,graph,1,shared_graph_family,,0.0008324309999920843,solve,add_to_cart,,,,,
v3-main-771601/opentelemetry_demo/split/N/0,graph,1,G0,,0.00031011800001579104,identification,add_to_cart,,,,,
v3-main-771601/opentelemetry_demo/split/N/0,graph,1,G0,,0.00010738999998238796,solve,add_to_cart,,,,,
v3-main-771601/opentelemetry_demo/split/N/0,graph,1,shared_graph_family,,0.22547749300002806,extraction,browse_product,,,,,
v3-main-771601/opentelemetry_demo/split/N/0,graph,1,shared_graph_family,,0.00384729900002867,identification,browse_product,,,,,
v3-main-771601/opentelemetry_demo/split/N/0,graph,1,shared_graph_family,,0.0006865490000222962,solve,browse_product,,,,,
v3-main-771601/opentelemetry_demo/split/N/0,graph,1,G0,,0.00022042000000510598,identification,browse_product,,,,,
v3-main-771601/opentelemetry_demo/split/N/0,graph,1,G0,,6.859799998437666e-05,solve,browse_product,,,,,
v3-main-771601/opentelemetry_demo/split/N/0,graph,1,shared_graph_family,,1.6840361940000435,extraction,checkout,,,,,
v3-main-771601/opentelemetry_demo/split/N/0,graph,1,shared_graph_family,,0.0064173289999871486,identification,checkout,,,,,
v3-main-771601/opentelemetry_demo/split/N/0,graph,1,shared_graph_family,,0.002025634999995418,solve,checkout,,,,,
v3-main-771601/opentelemetry_demo/split/N/0,graph,1,G0,,0.0006533179999905769,identification,checkout,,,,,
v3-main-771601/opentelemetry_demo/split/N/0,graph,1,G0,,7.78550000291034e-05,solve,checkout,,,,,
v3-main-771601/opentelemetry_demo/split/N/0,pmx,1,PMX_shared_variants,,4.030811949000011,native_projection,add_to_cart,,,,,
v3-main-771601/opentelemetry_demo/split/N/0,pmx,1,PMX_shared_variants,,2.2184476329999967,native_projection,browse_product,,,,,
v3-main-771601/opentelemetry_demo/split/N/0,pmx,1,PMX_shared_variants,,10.78707016300001,native_projection,checkout,,,,,
v3-main-771601/opentelemetry_demo/split/N/0,pmx,1,PMX_shared_variants,,18.459383235000004,input_and_projection_process_total,,True,,,,
v3-main-771601/opentelemetry_demo/split/N/0,pmx,1,PMX_shared_variants,,11.84,derived_binary_build,,,javac 11.0.32,2322880b6447754528e201553bc4e2fac00334b7d6f3ac202cfe1e3742bbbcc6,True,"{""maximum_rss_bytes"": 225648640.0, ""path"": ""build-resource-usage.txt"", ""system_seconds"": 0.29, ""user_seconds"": 5.61, ""wall_seconds"": 11.84}"
v3-main-771601/opentelemetry_demo/split/N/0,pmx,1,PMX_shared_variants,,25.634625993,independent_pmx_extraction_process,add_to_cart,,,,,
v3-main-771601/opentelemetry_demo/split/N/0,pmx,1,PMX_shared_variants,,22.678012247999987,independent_pmx_extraction_process,browse_product,,,,,
v3-main-771601/opentelemetry_demo/split/N/0,pmx,1,PMX_shared_variants,,32.072565212,independent_pmx_extraction_process,checkout,,,,,
v3-main-771601/opentelemetry_demo/split/N/1,acquisition,1,shared_acquisition,True,2070.567158985,acquisition_and_export_process_total,,,,,,
v3-main-771601/opentelemetry_demo/split/N/1,acquisition,1,shared_native_pool,,5.006084443999953,native_parse,,,,,,
v3-main-771601/opentelemetry_demo/split/N/1,graph,1,B0,,0.006044283000001371,identification,,,,,,
v3-main-771601/opentelemetry_demo/split/N/1,graph,1,shared_graph_family,,0.6059816600000048,extraction,add_to_cart,,,,,
v3-main-771601/opentelemetry_demo/split/N/1,graph,1,shared_graph_family,,0.004932820000000504,identification,add_to_cart,,,,,
v3-main-771601/opentelemetry_demo/split/N/1,graph,1,shared_graph_family,,0.0010273959999977933,solve,add_to_cart,,,,,
v3-main-771601/opentelemetry_demo/split/N/1,graph,1,G0,,0.0003147070000011354,identification,add_to_cart,,,,,
v3-main-771601/opentelemetry_demo/split/N/1,graph,1,G0,,8.836499999631542e-05,solve,add_to_cart,,,,,
v3-main-771601/opentelemetry_demo/split/N/1,graph,1,shared_graph_family,,0.21386875999999688,extraction,browse_product,,,,,
v3-main-771601/opentelemetry_demo/split/N/1,graph,1,shared_graph_family,,0.003915763000001959,identification,browse_product,,,,,
v3-main-771601/opentelemetry_demo/split/N/1,graph,1,shared_graph_family,,0.0007123979999974495,solve,browse_product,,,,,
v3-main-771601/opentelemetry_demo/split/N/1,graph,1,G0,,0.0002170139999932985,identification,browse_product,,,,,
v3-main-771601/opentelemetry_demo/split/N/1,graph,1,G0,,6.163500000155864e-05,solve,browse_product,,,,,
v3-main-771601/opentelemetry_demo/split/N/1,graph,1,shared_graph_family,,1.6647288869999954,extraction,checkout,,,,,
v3-main-771601/opentelemetry_demo/split/N/1,graph,1,shared_graph_family,,0.006457111999999654,identification,checkout,,,,,
v3-main-771601/opentelemetry_demo/split/N/1,graph,1,shared_graph_family,,0.0012329990000026214,solve,checkout,,,,,
v3-main-771601/opentelemetry_demo/split/N/1,graph,1,G0,,0.0007062970000006885,identification,checkout,,,,,
v3-main-771601/opentelemetry_demo/split/N/1,graph,1,G0,,8.277500000275495e-05,solve,checkout,,,,,
v3-main-771601/opentelemetry_demo/split/N/1,pmx,1,PMX_shared_variants,,4.8985641290000785,native_projection,add_to_cart,,,,,
v3-main-771601/opentelemetry_demo/split/N/1,pmx,1,PMX_shared_variants,,2.6919367819999707,native_projection,browse_product,,,,,
v3-main-771601/opentelemetry_demo/split/N/1,pmx,1,PMX_shared_variants,,13.326786162999952,native_projection,checkout,,,,,
v3-main-771601/opentelemetry_demo/split/N/1,pmx,1,PMX_shared_variants,,22.62976649699999,input_and_projection_process_total,,True,,,,
v3-main-771601/opentelemetry_demo/split/N/1,pmx,1,PMX_shared_variants,,10.68,derived_binary_build,,,javac 11.0.32,2322880b6447754528e201553bc4e2fac00334b7d6f3ac202cfe1e3742bbbcc6,True,"{""maximum_rss_bytes"": 227606528.0, ""path"": ""build-resource-usage.txt"", ""system_seconds"": 0.35, ""user_seconds"": 7.05, ""wall_seconds"": 10.68}"
v3-main-771601/opentelemetry_demo/split/N/1,pmx,1,PMX_shared_variants,,26.804392221000057,independent_pmx_extraction_process,add_to_cart,,,,,
v3-main-771601/opentelemetry_demo/split/N/1,pmx,1,PMX_shared_variants,,23.230359021000027,independent_pmx_extraction_process,browse_product,,,,,
v3-main-771601/opentelemetry_demo/split/N/1,pmx,1,PMX_shared_variants,,33.62173117999998,independent_pmx_extraction_process,checkout,,,,,
v3-main-771601/opentelemetry_demo/split/N/2,acquisition,1,shared_acquisition,True,2085.072876576,acquisition_and_export_process_total,,,,,,
v3-main-771601/opentelemetry_demo/split/N/2,acquisition,1,shared_native_pool,,9.759285825000006,native_parse,,,,,,
v3-main-771601/opentelemetry_demo/split/N/2,graph,1,B0,,0.006294620999995004,identification,,,,,,
v3-main-771601/opentelemetry_demo/split/N/2,graph,1,shared_graph_family,,0.6137640740000023,extraction,add_to_cart,,,,,
v3-main-771601/opentelemetry_demo/split/N/2,graph,1,shared_graph_family,,0.004642348999993828,identification,add_to_cart,,,,,
v3-main-771601/opentelemetry_demo/split/N/2,graph,1,shared_graph_family,,0.0007257780000031744,solve,add_to_cart,,,,,
v3-main-771601/opentelemetry_demo/split/N/2,graph,1,G0,,0.0003077260000026172,identification,add_to_cart,,,,,
v3-main-771601/opentelemetry_demo/split/N/2,graph,1,G0,,0.00010470700000553279,solve,add_to_cart,,,,,
v3-main-771601/opentelemetry_demo/split/N/2,graph,1,shared_graph_family,,0.2126941730000027,extraction,browse_product,,,,,
v3-main-771601/opentelemetry_demo/split/N/2,graph,1,shared_graph_family,,0.003919935999988411,identification,browse_product,,,,,
v3-main-771601/opentelemetry_demo/split/N/2,graph,1,shared_graph_family,,0.000691213999999718,solve,browse_product,,,,,
v3-main-771601/opentelemetry_demo/split/N/2,graph,1,G0,,0.0002174770000067383,identification,browse_product,,,,,
v3-main-771601/opentelemetry_demo/split/N/2,graph,1,G0,,6.534300000282656e-05,solve,browse_product,,,,,
v3-main-771601/opentelemetry_demo/split/N/2,graph,1,shared_graph_family,,1.6222643649999924,extraction,checkout,,,,,
v3-main-771601/opentelemetry_demo/split/N/2,graph,1,shared_graph_family,,0.006596322999996573,identification,checkout,,,,,
v3-main-771601/opentelemetry_demo/split/N/2,graph,1,shared_graph_family,,0.001635981999996261,solve,checkout,,,,,
v3-main-771601/opentelemetry_demo/split/N/2,graph,1,G0,,0.0007564750000028653,identification,checkout,,,,,
v3-main-771601/opentelemetry_demo/split/N/2,graph,1,G0,,8.115200000702316e-05,solve,checkout,,,,,
v3-main-771601/opentelemetry_demo/split/N/2,pmx,1,PMX_shared_variants,,4.959144288999994,native_projection,add_to_cart,,,,,
v3-main-771601/opentelemetry_demo/split/N/2,pmx,1,PMX_shared_variants,,2.714513776000004,native_projection,browse_product,,,,,
v3-main-771601/opentelemetry_demo/split/N/2,pmx,1,PMX_shared_variants,,13.149823654000002,native_projection,checkout,,,,,
v3-main-771601/opentelemetry_demo/split/N/2,pmx,1,PMX_shared_variants,,22.410451039999998,input_and_projection_process_total,,True,,,,
v3-main-771601/opentelemetry_demo/split/N/2,pmx,1,PMX_shared_variants,,14.88,derived_binary_build,,,javac 11.0.32,2322880b6447754528e201553bc4e2fac00334b7d6f3ac202cfe1e3742bbbcc6,True,"{""maximum_rss_bytes"": 227430400.0, ""path"": ""build-resource-usage.txt"", ""system_seconds"": 0.32, ""user_seconds"": 6.92, ""wall_seconds"": 14.88}"
v3-main-771601/opentelemetry_demo/split/N/2,pmx,1,PMX_shared_variants,,27.04470360500001,independent_pmx_extraction_process,add_to_cart,,,,,
v3-main-771601/opentelemetry_demo/split/N/2,pmx,1,PMX_shared_variants,,23.532533374000025,independent_pmx_extraction_process,browse_product,,,,,
v3-main-771601/opentelemetry_demo/split/N/2,pmx,1,PMX_shared_variants,,36.08406330700001,independent_pmx_extraction_process,checkout,,,,,
v3-main-771601/opentelemetry_demo/split/N/3,acquisition,1,shared_acquisition,True,2081.205158111,acquisition_and_export_process_total,,,,,,
v3-main-771601/opentelemetry_demo/split/N/3,acquisition,1,shared_native_pool,,7.90655125100011,native_parse,,,,,,
v3-main-771601/opentelemetry_demo/split/N/3,graph,1,B0,,0.0057189800000116975,identification,,,,,,
v3-main-771601/opentelemetry_demo/split/N/3,graph,1,shared_graph_family,,0.6093064350000077,extraction,add_to_cart,,,,,
v3-main-771601/opentelemetry_demo/split/N/3,graph,1,shared_graph_family,,0.005364807000006522,identification,add_to_cart,,,,,
v3-main-771601/opentelemetry_demo/split/N/3,graph,1,shared_graph_family,,0.0008381109999930914,solve,add_to_cart,,,,,
v3-main-771601/opentelemetry_demo/split/N/3,graph,1,G0,,0.0003114189999990913,identification,add_to_cart,,,,,
v3-main-771601/opentelemetry_demo/split/N/3,graph,1,G0,,0.00011088700000527751,solve,add_to_cart,,,,,
v3-main-771601/opentelemetry_demo/split/N/3,graph,1,shared_graph_family,,0.19812133300000312,extraction,browse_product,,,,,
v3-main-771601/opentelemetry_demo/split/N/3,graph,1,shared_graph_family,,0.003907912999991936,identification,browse_product,,,,,
v3-main-771601/opentelemetry_demo/split/N/3,graph,1,shared_graph_family,,0.0005544349999979659,solve,browse_product,,,,,
v3-main-771601/opentelemetry_demo/split/N/3,graph,1,G0,,0.0002147630000024492,identification,browse_product,,,,,
v3-main-771601/opentelemetry_demo/split/N/3,graph,1,G0,,6.881399998803772e-05,solve,browse_product,,,,,
v3-main-771601/opentelemetry_demo/split/N/3,graph,1,shared_graph_family,,1.552345084999999,extraction,checkout,,,,,
v3-main-771601/opentelemetry_demo/split/N/3,graph,1,shared_graph_family,,0.0064653330000084,identification,checkout,,,,,
v3-main-771601/opentelemetry_demo/split/N/3,graph,1,shared_graph_family,,0.001436452999996618,solve,checkout,,,,,
v3-main-771601/opentelemetry_demo/split/N/3,graph,1,G0,,0.000683418999997798,identification,checkout,,,,,
v3-main-771601/opentelemetry_demo/split/N/3,graph,1,G0,,8.318599999768139e-05,solve,checkout,,,,,
v3-main-771601/opentelemetry_demo/split/N/3,pmx,1,PMX_shared_variants,,4.9385203379999965,native_projection,add_to_cart,,,,,
v3-main-771601/opentelemetry_demo/split/N/3,pmx,1,PMX_shared_variants,,2.781076466000002,native_projection,browse_product,,,,,
v3-main-771601/opentelemetry_demo/split/N/3,pmx,1,PMX_shared_variants,,13.300555767000006,native_projection,checkout,,,,,
v3-main-771601/opentelemetry_demo/split/N/3,pmx,1,PMX_shared_variants,,22.569888092,input_and_projection_process_total,,True,,,,
v3-main-771601/opentelemetry_demo/split/N/3,pmx,1,PMX_shared_variants,,7.13,derived_binary_build,,,javac 11.0.32,2322880b6447754528e201553bc4e2fac00334b7d6f3ac202cfe1e3742bbbcc6,True,"{""maximum_rss_bytes"": 227454976.0, ""path"": ""build-resource-usage.txt"", ""system_seconds"": 0.31, ""user_seconds"": 6.93, ""wall_seconds"": 7.13}"
v3-main-771601/opentelemetry_demo/split/N/3,pmx,1,PMX_shared_variants,,26.49841233299999,independent_pmx_extraction_process,add_to_cart,,,,,
v3-main-771601/opentelemetry_demo/split/N/3,pmx,1,PMX_shared_variants,,23.48526403000001,independent_pmx_extraction_process,browse_product,,,,,
v3-main-771601/opentelemetry_demo/split/N/3,pmx,1,PMX_shared_variants,,35.37653963599999,independent_pmx_extraction_process,checkout,,,,,
v3-main-771601/opentelemetry_demo/split/N/4,acquisition,1,shared_acquisition,True,2083.606285292,acquisition_and_export_process_total,,,,,,
v3-main-771601/opentelemetry_demo/split/N/4,acquisition,1,shared_native_pool,,9.607381244000408,native_parse,,,,,,
v3-main-771601/opentelemetry_demo/split/N/4,graph,1,B0,,0.005610527000001753,identification,,,,,,
v3-main-771601/opentelemetry_demo/split/N/4,graph,1,shared_graph_family,,0.5960247540000054,extraction,add_to_cart,,,,,
v3-main-771601/opentelemetry_demo/split/N/4,graph,1,shared_graph_family,,0.0046591070000019386,identification,add_to_cart,,,,,
v3-main-771601/opentelemetry_demo/split/N/4,graph,1,shared_graph_family,,0.0006775139999959379,solve,add_to_cart,,,,,
v3-main-771601/opentelemetry_demo/split/N/4,graph,1,G0,,0.00031584900000325433,identification,add_to_cart,,,,,
v3-main-771601/opentelemetry_demo/split/N/4,graph,1,G0,,0.00010500500000176771,solve,add_to_cart,,,,,
v3-main-771601/opentelemetry_demo/split/N/4,graph,1,shared_graph_family,,0.18437430199999483,extraction,browse_product,,,,,
v3-main-771601/opentelemetry_demo/split/N/4,graph,1,shared_graph_family,,0.0038412540000010154,identification,browse_product,,,,,
v3-main-771601/opentelemetry_demo/split/N/4,graph,1,shared_graph_family,,0.0005612120000009213,solve,browse_product,,,,,
v3-main-771601/opentelemetry_demo/split/N/4,graph,1,G0,,0.00023038100000150052,identification,browse_product,,,,,
v3-main-771601/opentelemetry_demo/split/N/4,graph,1,G0,,7.1556000001749e-05,solve,browse_product,,,,,
v3-main-771601/opentelemetry_demo/split/N/4,graph,1,shared_graph_family,,1.6035306180000006,extraction,checkout,,,,,
v3-main-771601/opentelemetry_demo/split/N/4,graph,1,shared_graph_family,,0.006598801999999182,identification,checkout,,,,,
v3-main-771601/opentelemetry_demo/split/N/4,graph,1,shared_graph_family,,0.0017800259999987134,solve,checkout,,,,,
v3-main-771601/opentelemetry_demo/split/N/4,graph,1,G0,,0.0006626500000024294,identification,checkout,,,,,
v3-main-771601/opentelemetry_demo/split/N/4,graph,1,G0,,8.392299999826491e-05,solve,checkout,,,,,
v3-main-771601/opentelemetry_demo/split/N/4,pmx,1,PMX_shared_variants,,3.736647899999994,native_projection,add_to_cart,,,,,
v3-main-771601/opentelemetry_demo/split/N/4,pmx,1,PMX_shared_variants,,2.082287416999989,native_projection,browse_product,,,,,
v3-main-771601/opentelemetry_demo/split/N/4,pmx,1,PMX_shared_variants,,10.279418280999991,native_projection,checkout,,,,,
v3-main-771601/opentelemetry_demo/split/N/4,pmx,1,PMX_shared_variants,,17.42158209200001,input_and_projection_process_total,,True,,,,
v3-main-771601/opentelemetry_demo/split/N/4,pmx,1,PMX_shared_variants,,9.59,derived_binary_build,,,javac 11.0.32,2322880b6447754528e201553bc4e2fac00334b7d6f3ac202cfe1e3742bbbcc6,True,"{""maximum_rss_bytes"": 225730560.0, ""path"": ""build-resource-usage.txt"", ""system_seconds"": 0.27, ""user_seconds"": 6.18, ""wall_seconds"": 9.59}"
v3-main-771601/opentelemetry_demo/split/N/4,pmx,1,PMX_shared_variants,,28.250974305,independent_pmx_extraction_process,add_to_cart,,,,,
v3-main-771601/opentelemetry_demo/split/N/4,pmx,1,PMX_shared_variants,,23.282947766999996,independent_pmx_extraction_process,browse_product,,,,,
v3-main-771601/opentelemetry_demo/split/N/4,pmx,1,PMX_shared_variants,,43.807323392,independent_pmx_extraction_process,checkout,,,,,
v3-main-771601/opentelemetry_demo/split/N/5,acquisition,1,shared_acquisition,True,2083.961545233,acquisition_and_export_process_total,,,,,,
v3-main-771601/opentelemetry_demo/split/N/5,acquisition,1,shared_native_pool,,9.688844192000033,native_parse,,,,,,
v3-main-771601/opentelemetry_demo/split/N/5,graph,1,B0,,0.006039682000000823,identification,,,,,,
v3-main-771601/opentelemetry_demo/split/N/5,graph,1,shared_graph_family,,0.6289674140000017,extraction,add_to_cart,,,,,
v3-main-771601/opentelemetry_demo/split/N/5,graph,1,shared_graph_family,,0.0045883619999997904,identification,add_to_cart,,,,,
v3-main-771601/opentelemetry_demo/split/N/5,graph,1,shared_graph_family,,0.0008670249999980228,solve,add_to_cart,,,,,
v3-main-771601/opentelemetry_demo/split/N/5,graph,1,G0,,0.0003330350000041449,identification,add_to_cart,,,,,
v3-main-771601/opentelemetry_demo/split/N/5,graph,1,G0,,9.601100000367069e-05,solve,add_to_cart,,,,,
v3-main-771601/opentelemetry_demo/split/N/5,graph,1,shared_graph_family,,0.21329436300000282,extraction,browse_product,,,,,
v3-main-771601/opentelemetry_demo/split/N/5,graph,1,shared_graph_family,,0.0037799060000054396,identification,browse_product,,,,,
v3-main-771601/opentelemetry_demo/split/N/5,graph,1,shared_graph_family,,0.0006736129999964646,solve,browse_product,,,,,
v3-main-771601/opentelemetry_demo/split/N/5,graph,1,G0,,0.0002214350000002696,identification,browse_product,,,,,
v3-main-771601/opentelemetry_demo/split/N/5,graph,1,G0,,6.21659999993085e-05,solve,browse_product,,,,,
v3-main-771601/opentelemetry_demo/split/N/5,graph,1,shared_graph_family,,1.628045415999999,extraction,checkout,,,,,
v3-main-771601/opentelemetry_demo/split/N/5,graph,1,shared_graph_family,,0.006386081999998794,identification,checkout,,,,,
v3-main-771601/opentelemetry_demo/split/N/5,graph,1,shared_graph_family,,0.0013068700000005151,solve,checkout,,,,,
v3-main-771601/opentelemetry_demo/split/N/5,graph,1,G0,,0.00070755699999836,identification,checkout,,,,,
v3-main-771601/opentelemetry_demo/split/N/5,graph,1,G0,,7.423899999992045e-05,solve,checkout,,,,,
v3-main-771601/opentelemetry_demo/split/N/5,pmx,1,PMX_shared_variants,,4.272344552000021,native_projection,add_to_cart,,,,,
v3-main-771601/opentelemetry_demo/split/N/5,pmx,1,PMX_shared_variants,,2.348152254000013,native_projection,browse_product,,,,,
v3-main-771601/opentelemetry_demo/split/N/5,pmx,1,PMX_shared_variants,,11.336607689999994,native_projection,checkout,,,,,
v3-main-771601/opentelemetry_demo/split/N/5,pmx,1,PMX_shared_variants,,19.459949959,input_and_projection_process_total,,True,,,,
v3-main-771601/opentelemetry_demo/split/N/5,pmx,1,PMX_shared_variants,,7.46,derived_binary_build,,,javac 11.0.32,2322880b6447754528e201553bc4e2fac00334b7d6f3ac202cfe1e3742bbbcc6,True,"{""maximum_rss_bytes"": 225759232.0, ""path"": ""build-resource-usage.txt"", ""system_seconds"": 0.3, ""user_seconds"": 6.9, ""wall_seconds"": 7.46}"
v3-main-771601/opentelemetry_demo/split/N/5,pmx,1,PMX_shared_variants,,27.29657007899999,independent_pmx_extraction_process,add_to_cart,,,,,
v3-main-771601/opentelemetry_demo/split/N/5,pmx,1,PMX_shared_variants,,23.58226056099997,independent_pmx_extraction_process,browse_product,,,,,
v3-main-771601/opentelemetry_demo/split/N/5,pmx,1,PMX_shared_variants,,47.070917509000026,independent_pmx_extraction_process,checkout,,,,,
v3-main-771601/opentelemetry_demo/split/N/6,acquisition,1,shared_acquisition,True,2081.6274378909998,acquisition_and_export_process_total,,,,,,
v3-main-771601/opentelemetry_demo/split/N/6,acquisition,1,shared_native_pool,,9.025196181999945,native_parse,,,,,,
v3-main-771601/opentelemetry_demo/split/N/6,graph,1,B0,,0.006163712999992299,identification,,,,,,
v3-main-771601/opentelemetry_demo/split/N/6,graph,1,shared_graph_family,,0.6544345140000019,extraction,add_to_cart,,,,,
v3-main-771601/opentelemetry_demo/split/N/6,graph,1,shared_graph_family,,0.004655397999997035,identification,add_to_cart,,,,,
v3-main-771601/opentelemetry_demo/split/N/6,graph,1,shared_graph_family,,0.0007319109999883722,solve,add_to_cart,,,,,
v3-main-771601/opentelemetry_demo/split/N/6,graph,1,G0,,0.00030945000000315304,identification,add_to_cart,,,,,
v3-main-771601/opentelemetry_demo/split/N/6,graph,1,G0,,9.273399999187859e-05,solve,add_to_cart,,,,,
v3-main-771601/opentelemetry_demo/split/N/6,graph,1,shared_graph_family,,0.22149141799999938,extraction,browse_product,,,,,
v3-main-771601/opentelemetry_demo/split/N/6,graph,1,shared_graph_family,,0.003932404000011047,identification,browse_product,,,,,
v3-main-771601/opentelemetry_demo/split/N/6,graph,1,shared_graph_family,,0.0005671920000054342,solve,browse_product,,,,,
v3-main-771601/opentelemetry_demo/split/N/6,graph,1,G0,,0.00024763400000438196,identification,browse_product,,,,,
v3-main-771601/opentelemetry_demo/split/N/6,graph,1,G0,,8.111100000007809e-05,solve,browse_product,,,,,
v3-main-771601/opentelemetry_demo/split/N/6,graph,1,shared_graph_family,,1.717818477999998,extraction,checkout,,,,,
v3-main-771601/opentelemetry_demo/split/N/6,graph,1,shared_graph_family,,0.006590582000001177,identification,checkout,,,,,
v3-main-771601/opentelemetry_demo/split/N/6,graph,1,shared_graph_family,,0.0015474379999886878,solve,checkout,,,,,
v3-main-771601/opentelemetry_demo/split/N/6,graph,1,G0,,0.0008582470000106923,identification,checkout,,,,,
v3-main-771601/opentelemetry_demo/split/N/6,graph,1,G0,,8.621099999572834e-05,solve,checkout,,,,,
v3-main-771601/opentelemetry_demo/split/N/6,pmx,1,PMX_shared_variants,,5.229143832999995,native_projection,add_to_cart,,,,,
v3-main-771601/opentelemetry_demo/split/N/6,pmx,1,PMX_shared_variants,,2.837543820999997,native_projection,browse_product,,,,,
v3-main-771601/opentelemetry_demo/split/N/6,pmx,1,PMX_shared_variants,,13.879322562999988,native_projection,checkout,,,,,
v3-main-771601/opentelemetry_demo/split/N/6,pmx,1,PMX_shared_variants,,23.72260757699999,input_and_projection_process_total,,True,,,,
v3-main-771601/opentelemetry_demo/split/N/6,pmx,1,PMX_shared_variants,,7.78,derived_binary_build,,,javac 11.0.32,2322880b6447754528e201553bc4e2fac00334b7d6f3ac202cfe1e3742bbbcc6,True,"{""maximum_rss_bytes"": 227758080.0, ""path"": ""build-resource-usage.txt"", ""system_seconds"": 0.35, ""user_seconds"": 7.12, ""wall_seconds"": 7.78}"
v3-main-771601/opentelemetry_demo/split/N/6,pmx,1,PMX_shared_variants,,25.644821323000002,independent_pmx_extraction_process,add_to_cart,,,,,
v3-main-771601/opentelemetry_demo/split/N/6,pmx,1,PMX_shared_variants,,23.333659506000004,independent_pmx_extraction_process,browse_product,,,,,
v3-main-771601/opentelemetry_demo/split/N/6,pmx,1,PMX_shared_variants,,34.983508099999995,independent_pmx_extraction_process,checkout,,,,,
v3-main-771601/opentelemetry_demo/split/N/7,acquisition,1,shared_acquisition,True,2083.679071876,acquisition_and_export_process_total,,,,,,
v3-main-771601/opentelemetry_demo/split/N/7,acquisition,1,shared_native_pool,,9.742954280000049,native_parse,,,,,,
v3-main-771601/opentelemetry_demo/split/N/7,graph,1,B0,,0.006343052999994825,identification,,,,,,
v3-main-771601/opentelemetry_demo/split/N/7,graph,1,shared_graph_family,,0.694149693,extraction,add_to_cart,,,,,
v3-main-771601/opentelemetry_demo/split/N/7,graph,1,shared_graph_family,,0.004830408000003672,identification,add_to_cart,,,,,
v3-main-771601/opentelemetry_demo/split/N/7,graph,1,shared_graph_family,,0.000738242999993588,solve,add_to_cart,,,,,
v3-main-771601/opentelemetry_demo/split/N/7,graph,1,G0,,0.0003599289999982602,identification,add_to_cart,,,,,
v3-main-771601/opentelemetry_demo/split/N/7,graph,1,G0,,0.00011504400000461601,solve,add_to_cart,,,,,
v3-main-771601/opentelemetry_demo/split/N/7,graph,1,shared_graph_family,,0.23198428700000306,extraction,browse_product,,,,,
v3-main-771601/opentelemetry_demo/split/N/7,graph,1,shared_graph_family,,0.004045414000003689,identification,browse_product,,,,,
v3-main-771601/opentelemetry_demo/split/N/7,graph,1,shared_graph_family,,0.0007048390000008453,solve,browse_product,,,,,
v3-main-771601/opentelemetry_demo/split/N/7,graph,1,G0,,0.000250647000001436,identification,browse_product,,,,,
v3-main-771601/opentelemetry_demo/split/N/7,graph,1,G0,,9.373200000339921e-05,solve,browse_product,,,,,
v3-main-771601/opentelemetry_demo/split/N/7,graph,1,shared_graph_family,,1.821479335999996,extraction,checkout,,,,,
v3-main-771601/opentelemetry_demo/split/N/7,graph,1,shared_graph_family,,0.0066795180000056575,identification,checkout,,,,,
v3-main-771601/opentelemetry_demo/split/N/7,graph,1,shared_graph_family,,0.0016296570000022825,solve,checkout,,,,,
v3-main-771601/opentelemetry_demo/split/N/7,graph,1,G0,,0.0007498920000017506,identification,checkout,,,,,
v3-main-771601/opentelemetry_demo/split/N/7,graph,1,G0,,0.00010521700000509782,solve,checkout,,,,,
v3-main-771601/opentelemetry_demo/split/N/7,pmx,1,PMX_shared_variants,,3.1525579830000083,native_projection,add_to_cart,,,,,
v3-main-771601/opentelemetry_demo/split/N/7,pmx,1,PMX_shared_variants,,1.5772665349999784,native_projection,browse_product,,,,,
v3-main-771601/opentelemetry_demo/split/N/7,pmx,1,PMX_shared_variants,,8.077762882999991,native_projection,checkout,,,,,
v3-main-771601/opentelemetry_demo/split/N/7,pmx,1,PMX_shared_variants,,13.91088142700005,input_and_projection_process_total,,True,,,,
v3-main-771601/opentelemetry_demo/split/N/7,pmx,1,PMX_shared_variants,,10.85,derived_binary_build,,,javac 11.0.32,2322880b6447754528e201553bc4e2fac00334b7d6f3ac202cfe1e3742bbbcc6,True,"{""maximum_rss_bytes"": 225624064.0, ""path"": ""build-resource-usage.txt"", ""system_seconds"": 0.26, ""user_seconds"": 5.12, ""wall_seconds"": 10.85}"
v3-main-771601/opentelemetry_demo/split/N/7,pmx,1,PMX_shared_variants,,27.75040603299999,independent_pmx_extraction_process,add_to_cart,,,,,
v3-main-771601/opentelemetry_demo/split/N/7,pmx,1,PMX_shared_variants,,22.97854415599994,independent_pmx_extraction_process,browse_product,,,,,
v3-main-771601/opentelemetry_demo/split/N/7,pmx,1,PMX_shared_variants,,41.748224009999944,independent_pmx_extraction_process,checkout,,,,,
v3-main-771601/opentelemetry_demo/split/N/8,acquisition,1,shared_acquisition,True,2085.6743895229997,acquisition_and_export_process_total,,,,,,
v3-main-771601/opentelemetry_demo/split/N/8,acquisition,1,shared_native_pool,,10.00881628399975,native_parse,,,,,,
v3-main-771601/opentelemetry_demo/split/N/8,graph,1,B0,,0.0038848600000278566,identification,,,,,,
v3-main-771601/opentelemetry_demo/split/N/8,graph,1,shared_graph_family,,0.33906495399997993,extraction,add_to_cart,,,,,
v3-main-771601/opentelemetry_demo/split/N/8,graph,1,shared_graph_family,,0.0027635699999564167,identification,add_to_cart,,,,,
v3-main-771601/opentelemetry_demo/split/N/8,graph,1,shared_graph_family,,0.0005199329999641122,solve,add_to_cart,,,,,
v3-main-771601/opentelemetry_demo/split/N/8,graph,1,G0,,0.0001896279999868966,identification,add_to_cart,,,,,
v3-main-771601/opentelemetry_demo/split/N/8,graph,1,G0,,7.471200001418765e-05,solve,add_to_cart,,,,,
v3-main-771601/opentelemetry_demo/split/N/8,graph,1,shared_graph_family,,0.11962063200002149,extraction,browse_product,,,,,
v3-main-771601/opentelemetry_demo/split/N/8,graph,1,shared_graph_family,,0.002257134999979371,identification,browse_product,,,,,
v3-main-771601/opentelemetry_demo/split/N/8,graph,1,shared_graph_family,,0.00039136499998448926,solve,browse_product,,,,,
v3-main-771601/opentelemetry_demo/split/N/8,graph,1,G0,,0.00014044099998500315,identification,browse_product,,,,,
v3-main-771601/opentelemetry_demo/split/N/8,graph,1,G0,,6.60819999893647e-05,solve,browse_product,,,,,
v3-main-771601/opentelemetry_demo/split/N/8,graph,1,shared_graph_family,,0.9558811759999912,extraction,checkout,,,,,
v3-main-771601/opentelemetry_demo/split/N/8,graph,1,shared_graph_family,,0.003937823000001117,identification,checkout,,,,,
v3-main-771601/opentelemetry_demo/split/N/8,graph,1,shared_graph_family,,0.0007758300000091367,solve,checkout,,,,,
v3-main-771601/opentelemetry_demo/split/N/8,graph,1,G0,,0.0004091430000130458,identification,checkout,,,,,
v3-main-771601/opentelemetry_demo/split/N/8,graph,1,G0,,6.359299999303403e-05,solve,checkout,,,,,
v3-main-771601/opentelemetry_demo/split/N/8,pmx,1,PMX_shared_variants,,5.2447859460000075,native_projection,add_to_cart,,,,,
v3-main-771601/opentelemetry_demo/split/N/8,pmx,1,PMX_shared_variants,,2.90144084100001,native_projection,browse_product,,,,,
v3-main-771601/opentelemetry_demo/split/N/8,pmx,1,PMX_shared_variants,,14.366251935000008,native_projection,checkout,,,,,
v3-main-771601/opentelemetry_demo/split/N/8,pmx,1,PMX_shared_variants,,24.17422557200001,input_and_projection_process_total,,True,,,,
v3-main-771601/opentelemetry_demo/split/N/8,pmx,1,PMX_shared_variants,,11.1,derived_binary_build,,,javac 11.0.32,2322880b6447754528e201553bc4e2fac00334b7d6f3ac202cfe1e3742bbbcc6,True,"{""maximum_rss_bytes"": 227680256.0, ""path"": ""build-resource-usage.txt"", ""system_seconds"": 0.3, ""user_seconds"": 6.75, ""wall_seconds"": 11.1}"
v3-main-771601/opentelemetry_demo/split/N/8,pmx,1,PMX_shared_variants,,27.397942570999987,independent_pmx_extraction_process,add_to_cart,,,,,
v3-main-771601/opentelemetry_demo/split/N/8,pmx,1,PMX_shared_variants,,23.48706797700001,independent_pmx_extraction_process,browse_product,,,,,
v3-main-771601/opentelemetry_demo/split/N/8,pmx,1,PMX_shared_variants,,37.543703960000016,independent_pmx_extraction_process,checkout,,,,,
v3-main-771601/opentelemetry_demo/split/N/9,acquisition,1,shared_acquisition,True,2071.529322411,acquisition_and_export_process_total,,,,,,
v3-main-771601/opentelemetry_demo/split/N/9,acquisition,1,shared_native_pool,,5.233763693000128,native_parse,,,,,,
v3-main-771601/opentelemetry_demo/split/N/9,graph,1,B0,,0.00640441899999189,identification,,,,,,
v3-main-771601/opentelemetry_demo/split/N/9,graph,1,shared_graph_family,,0.688993061000005,extraction,add_to_cart,,,,,
v3-main-771601/opentelemetry_demo/split/N/9,graph,1,shared_graph_family,,0.004695595000001163,identification,add_to_cart,,,,,
v3-main-771601/opentelemetry_demo/split/N/9,graph,1,shared_graph_family,,0.0007510039999942819,solve,add_to_cart,,,,,
v3-main-771601/opentelemetry_demo/split/N/9,graph,1,G0,,0.0003425500000133752,identification,add_to_cart,,,,,
v3-main-771601/opentelemetry_demo/split/N/9,graph,1,G0,,0.00010571800000036546,solve,add_to_cart,,,,,
v3-main-771601/opentelemetry_demo/split/N/9,graph,1,shared_graph_family,,0.24941770499999905,extraction,browse_product,,,,,
v3-main-771601/opentelemetry_demo/split/N/9,graph,1,shared_graph_family,,0.00389953799999887,identification,browse_product,,,,,
v3-main-771601/opentelemetry_demo/split/N/9,graph,1,shared_graph_family,,0.0005926679999959106,solve,browse_product,,,,,
v3-main-771601/opentelemetry_demo/split/N/9,graph,1,G0,,0.0002293090000051734,identification,browse_product,,,,,
v3-main-771601/opentelemetry_demo/split/N/9,graph,1,G0,,7.490000000132113e-05,solve,browse_product,,,,,
v3-main-771601/opentelemetry_demo/split/N/9,graph,1,shared_graph_family,,1.7096142930000013,extraction,checkout,,,,,
v3-main-771601/opentelemetry_demo/split/N/9,graph,1,shared_graph_family,,0.006451867999999195,identification,checkout,,,,,
v3-main-771601/opentelemetry_demo/split/N/9,graph,1,shared_graph_family,,0.0014408629999991263,solve,checkout,,,,,
v3-main-771601/opentelemetry_demo/split/N/9,graph,1,G0,,0.0006919230000050902,identification,checkout,,,,,
v3-main-771601/opentelemetry_demo/split/N/9,graph,1,G0,,7.793599999672551e-05,solve,checkout,,,,,
v3-main-771601/opentelemetry_demo/split/N/9,pmx,1,PMX_shared_variants,,4.297473268999994,native_projection,add_to_cart,,,,,
v3-main-771601/opentelemetry_demo/split/N/9,pmx,1,PMX_shared_variants,,2.3666588300000058,native_projection,browse_product,,,,,
v3-main-771601/opentelemetry_demo/split/N/9,pmx,1,PMX_shared_variants,,11.446899121000001,native_projection,checkout,,,,,
v3-main-771601/opentelemetry_demo/split/N/9,pmx,1,PMX_shared_variants,,19.615477702999982,input_and_projection_process_total,,True,,,,
v3-main-771601/opentelemetry_demo/split/N/9,pmx,1,PMX_shared_variants,,7.82,derived_binary_build,,,javac 11.0.32,2322880b6447754528e201553bc4e2fac00334b7d6f3ac202cfe1e3742bbbcc6,True,"{""maximum_rss_bytes"": 225742848.0, ""path"": ""build-resource-usage.txt"", ""system_seconds"": 0.31, ""user_seconds"": 6.78, ""wall_seconds"": 7.82}"
v3-main-771601/opentelemetry_demo/split/N/9,pmx,1,PMX_shared_variants,,27.701384878,independent_pmx_extraction_process,add_to_cart,,,,,
v3-main-771601/opentelemetry_demo/split/N/9,pmx,1,PMX_shared_variants,,23.63294591099998,independent_pmx_extraction_process,browse_product,,,,,
v3-main-771601/opentelemetry_demo/split/N/9,pmx,1,PMX_shared_variants,,46.062230672,independent_pmx_extraction_process,checkout,,,,,
v3-main-771601/opentelemetry_demo/split/NC/0,acquisition,1,shared_acquisition,True,2078.481217413,acquisition_and_export_process_total,,,,,,
v3-main-771601/opentelemetry_demo/split/NC/0,acquisition,1,shared_native_pool,,7.292728586000067,native_parse,,,,,,
v3-main-771601/opentelemetry_demo/split/NC/0,graph,1,B0,,0.004583630000013272,identification,,,,,,
v3-main-771601/opentelemetry_demo/split/NC/0,graph,1,shared_graph_family,,0.43003223200000207,extraction,add_to_cart,,,,,
v3-main-771601/opentelemetry_demo/split/NC/0,graph,1,shared_graph_family,,0.0035091820000161533,identification,add_to_cart,,,,,
v3-main-771601/opentelemetry_demo/split/NC/0,graph,1,shared_graph_family,,0.0035772070000064105,solve,add_to_cart,,,,,
v3-main-771601/opentelemetry_demo/split/NC/0,graph,1,G0,,0.0002723429999775817,identification,add_to_cart,,,,,
v3-main-771601/opentelemetry_demo/split/NC/0,graph,1,G0,,0.00011760600000343402,solve,add_to_cart,,,,,
v3-main-771601/opentelemetry_demo/split/NC/0,graph,1,shared_graph_family,,0.13596982100000332,extraction,browse_product,,,,,
v3-main-771601/opentelemetry_demo/split/NC/0,graph,1,shared_graph_family,,0.003200291000013067,identification,browse_product,,,,,
v3-main-771601/opentelemetry_demo/split/NC/0,graph,1,shared_graph_family,,0.002860373999993726,solve,browse_product,,,,,
v3-main-771601/opentelemetry_demo/split/NC/0,graph,1,G0,,0.00023154999999519532,identification,browse_product,,,,,
v3-main-771601/opentelemetry_demo/split/NC/0,graph,1,G0,,9.73429999930886e-05,solve,browse_product,,,,,
v3-main-771601/opentelemetry_demo/split/NC/0,graph,1,shared_graph_family,,0.6834185429999877,extraction,checkout,,,,,
v3-main-771601/opentelemetry_demo/split/NC/0,graph,1,shared_graph_family,,0.00864429200001382,identification,checkout,,,,,
v3-main-771601/opentelemetry_demo/split/NC/0,graph,1,shared_graph_family,,0.007453835000006848,solve,checkout,,,,,
v3-main-771601/opentelemetry_demo/split/NC/0,graph,1,G0,,0.000536987000003819,identification,checkout,,,,,
v3-main-771601/opentelemetry_demo/split/NC/0,graph,1,G0,,0.00010807999998974083,solve,checkout,,,,,
v3-main-771601/opentelemetry_demo/split/NC/0,pmx,1,PMX_shared_variants,,3.9471418660000097,native_projection,add_to_cart,,,,,
v3-main-771601/opentelemetry_demo/split/NC/0,pmx,1,PMX_shared_variants,,2.108320436000014,native_projection,browse_product,,,,,
v3-main-771601/opentelemetry_demo/split/NC/0,pmx,1,PMX_shared_variants,,7.504851373000008,native_projection,checkout,,,,,
v3-main-771601/opentelemetry_demo/split/NC/0,pmx,1,PMX_shared_variants,,14.654164182000017,input_and_projection_process_total,,True,,,,
v3-main-771601/opentelemetry_demo/split/NC/0,pmx,1,PMX_shared_variants,,8.37,derived_binary_build,,,javac 11.0.32,2322880b6447754528e201553bc4e2fac00334b7d6f3ac202cfe1e3742bbbcc6,True,"{""maximum_rss_bytes"": 225878016.0, ""path"": ""build-resource-usage.txt"", ""system_seconds"": 0.31, ""user_seconds"": 6.72, ""wall_seconds"": 8.37}"
v3-main-771601/opentelemetry_demo/split/NC/0,pmx,1,PMX_shared_variants,,26.995678666000003,independent_pmx_extraction_process,add_to_cart,,,,,
v3-main-771601/opentelemetry_demo/split/NC/0,pmx,1,PMX_shared_variants,,23.63728348800001,independent_pmx_extraction_process,browse_product,,,,,
v3-main-771601/opentelemetry_demo/split/NC/0,pmx,1,PMX_shared_variants,,33.62413393600002,independent_pmx_extraction_process,checkout,,,,,
v3-main-771601/opentelemetry_demo/split/NC/1,acquisition,1,shared_acquisition,True,2084.777732885,acquisition_and_export_process_total,,,,,,
v3-main-771601/opentelemetry_demo/split/NC/1,acquisition,1,shared_native_pool,,9.905542132999926,native_parse,,,,,,
v3-main-771601/opentelemetry_demo/split/NC/1,graph,1,B0,,0.006021551999999986,identification,,,,,,
v3-main-771601/opentelemetry_demo/split/NC/1,graph,1,shared_graph_family,,0.6095533390000014,extraction,add_to_cart,,,,,
v3-main-771601/opentelemetry_demo/split/NC/1,graph,1,shared_graph_family,,0.005005629000002898,identification,add_to_cart,,,,,
v3-main-771601/opentelemetry_demo/split/NC/1,graph,1,shared_graph_family,,0.0023933840000012196,solve,add_to_cart,,,,,
v3-main-771601/opentelemetry_demo/split/NC/1,graph,1,G0,,0.0003154509999987454,identification,add_to_cart,,,,,
v3-main-771601/opentelemetry_demo/split/NC/1,graph,1,G0,,0.00010486699999745497,solve,add_to_cart,,,,,
v3-main-771601/opentelemetry_demo/split/NC/1,graph,1,shared_graph_family,,0.23071688199999585,extraction,browse_product,,,,,
v3-main-771601/opentelemetry_demo/split/NC/1,graph,1,shared_graph_family,,0.0038289439999985575,identification,browse_product,,,,,
v3-main-771601/opentelemetry_demo/split/NC/1,graph,1,shared_graph_family,,0.0014696130000046992,solve,browse_product,,,,,
v3-main-771601/opentelemetry_demo/split/NC/1,graph,1,G0,,0.0002253620000018941,identification,browse_product,,,,,
v3-main-771601/opentelemetry_demo/split/NC/1,graph,1,G0,,7.644300000464455e-05,solve,browse_product,,,,,
v3-main-771601/opentelemetry_demo/split/NC/1,graph,1,shared_graph_family,,1.634222164999997,extraction,checkout,,,,,
v3-main-771601/opentelemetry_demo/split/NC/1,graph,1,shared_graph_family,,0.0065435309999983815,identification,checkout,,,,,
v3-main-771601/opentelemetry_demo/split/NC/1,graph,1,shared_graph_family,,0.004192081999995878,solve,checkout,,,,,
v3-main-771601/opentelemetry_demo/split/NC/1,graph,1,G0,,0.0006689560000054939,identification,checkout,,,,,
v3-main-771601/opentelemetry_demo/split/NC/1,graph,1,G0,,8.961999999712589e-05,solve,checkout,,,,,
v3-main-771601/opentelemetry_demo/split/NC/1,pmx,1,PMX_shared_variants,,2.9425517010000135,native_projection,add_to_cart,,,,,
v3-main-771601/opentelemetry_demo/split/NC/1,pmx,1,PMX_shared_variants,,1.6505798349999736,native_projection,browse_product,,,,,
v3-main-771601/opentelemetry_demo/split/NC/1,pmx,1,PMX_shared_variants,,8.098696829000005,native_projection,checkout,,,,,
v3-main-771601/opentelemetry_demo/split/NC/1,pmx,1,PMX_shared_variants,,13.717805300999999,input_and_projection_process_total,,True,,,,
v3-main-771601/opentelemetry_demo/split/NC/1,pmx,1,PMX_shared_variants,,5.35,derived_binary_build,,,javac 11.0.32,2322880b6447754528e201553bc4e2fac00334b7d6f3ac202cfe1e3742bbbcc6,True,"{""maximum_rss_bytes"": 225746944.0, ""path"": ""build-resource-usage.txt"", ""system_seconds"": 0.22, ""user_seconds"": 4.28, ""wall_seconds"": 5.35}"
v3-main-771601/opentelemetry_demo/split/NC/1,pmx,1,PMX_shared_variants,,23.638460621000007,independent_pmx_extraction_process,add_to_cart,,,,,
v3-main-771601/opentelemetry_demo/split/NC/1,pmx,1,PMX_shared_variants,,21.982502132000008,independent_pmx_extraction_process,browse_product,,,,,
v3-main-771601/opentelemetry_demo/split/NC/1,pmx,1,PMX_shared_variants,,29.35330716400003,independent_pmx_extraction_process,checkout,,,,,
v3-main-771601/opentelemetry_demo/split/NC/2,acquisition,1,shared_acquisition,True,2083.637237078,acquisition_and_export_process_total,,,,,,
v3-main-771601/opentelemetry_demo/split/NC/2,acquisition,1,shared_native_pool,,9.521864153000024,native_parse,,,,,,
v3-main-771601/opentelemetry_demo/split/NC/2,graph,1,B0,,0.00594884399999529,identification,,,,,,
v3-main-771601/opentelemetry_demo/split/NC/2,graph,1,shared_graph_family,,0.5839641709999981,extraction,add_to_cart,,,,,
v3-main-771601/opentelemetry_demo/split/NC/2,graph,1,shared_graph_family,,0.004455862999996896,identification,add_to_cart,,,,,
v3-main-771601/opentelemetry_demo/split/NC/2,graph,1,shared_graph_family,,0.003373353000000634,solve,add_to_cart,,,,,
v3-main-771601/opentelemetry_demo/split/NC/2,graph,1,G0,,0.00030629799999815077,identification,add_to_cart,,,,,
v3-main-771601/opentelemetry_demo/split/NC/2,graph,1,G0,,9.824199999997063e-05,solve,add_to_cart,,,,,
v3-main-771601/opentelemetry_demo/split/NC/2,graph,1,shared_graph_family,,0.1887728339999981,extraction,browse_product,,,,,
v3-main-771601/opentelemetry_demo/split/NC/2,graph,1,shared_graph_family,,0.003697944999998981,identification,browse_product,,,,,
v3-main-771601/opentelemetry_demo/split/NC/2,graph,1,shared_graph_family,,0.0028915389999966123,solve,browse_product,,,,,
v3-main-771601/opentelemetry_demo/split/NC/2,graph,1,G0,,0.00021509900000182824,identification,browse_product,,,,,
v3-main-771601/opentelemetry_demo/split/NC/2,graph,1,G0,,7.080099999967615e-05,solve,browse_product,,,,,
v3-main-771601/opentelemetry_demo/split/NC/2,graph,1,shared_graph_family,,1.4028306579999992,extraction,checkout,,,,,
v3-main-771601/opentelemetry_demo/split/NC/2,graph,1,shared_graph_family,,0.18210828000000134,identification,checkout,,,,,
v3-main-771601/opentelemetry_demo/split/NC/2,graph,1,shared_graph_family,,0.0083194349999971,solve,checkout,,,,,
v3-main-771601/opentelemetry_demo/split/NC/2,graph,1,G0,,0.0006607569999985685,identification,checkout,,,,,
v3-main-771601/opentelemetry_demo/split/NC/2,graph,1,G0,,9.014700000165021e-05,solve,checkout,,,,,
v3-main-771601/opentelemetry_demo/split/NC/2,pmx,1,PMX_shared_variants,,4.896966541000012,native_projection,add_to_cart,,,,,
v3-main-771601/opentelemetry_demo/split/NC/2,pmx,1,PMX_shared_variants,,2.6240235079999934,native_projection,browse_product,,,,,
v3-main-771601/opentelemetry_demo/split/NC/2,pmx,1,PMX_shared_variants,,13.195970622999994,native_projection,checkout,,,,,
v3-main-771601/opentelemetry_demo/split/NC/2,pmx,1,PMX_shared_variants,,22.230640230000006,input_and_projection_process_total,,True,,,,
v3-main-771601/opentelemetry_demo/split/NC/2,pmx,1,PMX_shared_variants,,6.14,derived_binary_build,,,javac 11.0.32,2322880b6447754528e201553bc4e2fac00334b7d6f3ac202cfe1e3742bbbcc6,True,"{""maximum_rss_bytes"": 228106240.0, ""path"": ""build-resource-usage.txt"", ""system_seconds"": 0.34, ""user_seconds"": 6.73, ""wall_seconds"": 6.14}"
v3-main-771601/opentelemetry_demo/split/NC/2,pmx,1,PMX_shared_variants,,25.79512784099998,independent_pmx_extraction_process,add_to_cart,,,,,
v3-main-771601/opentelemetry_demo/split/NC/2,pmx,1,PMX_shared_variants,,23.285338939999974,independent_pmx_extraction_process,browse_product,,,,,
v3-main-771601/opentelemetry_demo/split/NC/2,pmx,1,PMX_shared_variants,,35.23195353599999,independent_pmx_extraction_process,checkout,,,,,
v3-main-771601/opentelemetry_demo/split/NC/3,acquisition,1,shared_acquisition,True,2082.49472556,acquisition_and_export_process_total,,,,,,
v3-main-771601/opentelemetry_demo/split/NC/3,acquisition,1,shared_native_pool,,9.02966563300015,native_parse,,,,,,
v3-main-771601/opentelemetry_demo/split/NC/3,graph,1,B0,,0.006146549000000334,identification,,,,,,
v3-main-771601/opentelemetry_demo/split/NC/3,graph,1,shared_graph_family,,0.57901794,extraction,add_to_cart,,,,,
v3-main-771601/opentelemetry_demo/split/NC/3,graph,1,shared_graph_family,,0.004551220000003298,identification,add_to_cart,,,,,
v3-main-771601/opentelemetry_demo/split/NC/3,graph,1,shared_graph_family,,0.004240260999999634,solve,add_to_cart,,,,,
v3-main-771601/opentelemetry_demo/split/NC/3,graph,1,G0,,0.0003295630000010874,identification,add_to_cart,,,,,
v3-main-771601/opentelemetry_demo/split/NC/3,graph,1,G0,,0.00010723000000467664,solve,add_to_cart,,,,,
v3-main-771601/opentelemetry_demo/split/NC/3,graph,1,shared_graph_family,,0.17918677899999835,extraction,browse_product,,,,,
v3-main-771601/opentelemetry_demo/split/NC/3,graph,1,shared_graph_family,,0.003917409999999677,identification,browse_product,,,,,
v3-main-771601/opentelemetry_demo/split/NC/3,graph,1,shared_graph_family,,0.003058892000005642,solve,browse_product,,,,,
v3-main-771601/opentelemetry_demo/split/NC/3,graph,1,G0,,0.0002433230000065123,identification,browse_product,,,,,
v3-main-771601/opentelemetry_demo/split/NC/3,graph,1,G0,,7.445900000391248e-05,solve,browse_product,,,,,
v3-main-771601/opentelemetry_demo/split/NC/3,graph,1,shared_graph_family,,1.3403029099999983,extraction,checkout,,,,,
v3-main-771601/opentelemetry_demo/split/NC/3,graph,1,shared_graph_family,,0.006545271000000241,identification,checkout,,,,,
v3-main-771601/opentelemetry_demo/split/NC/3,graph,1,shared_graph_family,,0.008888570999999956,solve,checkout,,,,,
v3-main-771601/opentelemetry_demo/split/NC/3,graph,1,G0,,0.000707786999996074,identification,checkout,,,,,
v3-main-771601/opentelemetry_demo/split/NC/3,graph,1,G0,,9.612900000632862e-05,solve,checkout,,,,,
v3-main-771601/opentelemetry_demo/split/NC/3,pmx,1,PMX_shared_variants,,4.90573758000005,native_projection,add_to_cart,,,,,
v3-main-771601/opentelemetry_demo/split/NC/3,pmx,1,PMX_shared_variants,,2.615452371999936,native_projection,browse_product,,,,,
v3-main-771601/opentelemetry_demo/split/NC/3,pmx,1,PMX_shared_variants,,12.470372205999979,native_projection,checkout,,,,,
v3-main-771601/opentelemetry_demo/split/NC/3,pmx,1,PMX_shared_variants,,21.668261262999977,input_and_projection_process_total,,True,,,,
v3-main-771601/opentelemetry_demo/split/NC/3,pmx,1,PMX_shared_variants,,6.21,derived_binary_build,,,javac 11.0.32,2322880b6447754528e201553bc4e2fac00334b7d6f3ac202cfe1e3742bbbcc6,True,"{""maximum_rss_bytes"": 227590144.0, ""path"": ""build-resource-usage.txt"", ""system_seconds"": 0.38, ""user_seconds"": 7.06, ""wall_seconds"": 6.21}"
v3-main-771601/opentelemetry_demo/split/NC/3,pmx,1,PMX_shared_variants,,25.703668632000017,independent_pmx_extraction_process,add_to_cart,,,,,
v3-main-771601/opentelemetry_demo/split/NC/3,pmx,1,PMX_shared_variants,,23.330749118000085,independent_pmx_extraction_process,browse_product,,,,,
v3-main-771601/opentelemetry_demo/split/NC/3,pmx,1,PMX_shared_variants,,34.189888602999986,independent_pmx_extraction_process,checkout,,,,,
v3-main-771601/opentelemetry_demo/split/NC/4,acquisition,1,shared_acquisition,True,2078.862410462,acquisition_and_export_process_total,,,,,,
v3-main-771601/opentelemetry_demo/split/NC/4,acquisition,1,shared_native_pool,,7.060777106999922,native_parse,,,,,,
v3-main-771601/opentelemetry_demo/split/NC/4,graph,1,B0,,0.005125282999983938,identification,,,,,,
v3-main-771601/opentelemetry_demo/split/NC/4,graph,1,shared_graph_family,,0.3290144430000055,extraction,add_to_cart,,,,,
v3-main-771601/opentelemetry_demo/split/NC/4,graph,1,shared_graph_family,,0.0038688829999955487,identification,add_to_cart,,,,,
v3-main-771601/opentelemetry_demo/split/NC/4,graph,1,shared_graph_family,,0.003263290000006691,solve,add_to_cart,,,,,
v3-main-771601/opentelemetry_demo/split/NC/4,graph,1,G0,,0.00027949500000090666,identification,add_to_cart,,,,,
v3-main-771601/opentelemetry_demo/split/NC/4,graph,1,G0,,0.00011393600001952109,solve,add_to_cart,,,,,
v3-main-771601/opentelemetry_demo/split/NC/4,graph,1,shared_graph_family,,0.13001941600001032,extraction,browse_product,,,,,
v3-main-771601/opentelemetry_demo/split/NC/4,graph,1,shared_graph_family,,0.0035152039999957196,identification,browse_product,,,,,
v3-main-771601/opentelemetry_demo/split/NC/4,graph,1,shared_graph_family,,0.0025604930000042714,solve,browse_product,,,,,
v3-main-771601/opentelemetry_demo/split/NC/4,graph,1,G0,,0.00021562399999197623,identification,browse_product,,,,,
v3-main-771601/opentelemetry_demo/split/NC/4,graph,1,G0,,8.317900000065492e-05,solve,browse_product,,,,,
v3-main-771601/opentelemetry_demo/split/NC/4,graph,1,shared_graph_family,,0.75107560699999,extraction,checkout,,,,,
v3-main-771601/opentelemetry_demo/split/NC/4,graph,1,shared_graph_family,,0.005496477999997751,identification,checkout,,,,,
v3-main-771601/opentelemetry_demo/split/NC/4,graph,1,shared_graph_family,,0.008352344999991601,solve,checkout,,,,,
v3-main-771601/opentelemetry_demo/split/NC/4,graph,1,G0,,0.0005585119999977906,identification,checkout,,,,,
v3-main-771601/opentelemetry_demo/split/NC/4,graph,1,G0,,0.0001072590000035234,solve,checkout,,,,,
v3-main-771601/opentelemetry_demo/split/NC/4,pmx,1,PMX_shared_variants,,3.8370886449999944,native_projection,add_to_cart,,,,,
v3-main-771601/opentelemetry_demo/split/NC/4,pmx,1,PMX_shared_variants,,2.4027691500000117,native_projection,browse_product,,,,,
v3-main-771601/opentelemetry_demo/split/NC/4,pmx,1,PMX_shared_variants,,8.656062601999992,native_projection,checkout,,,,,
v3-main-771601/opentelemetry_demo/split/NC/4,pmx,1,PMX_shared_variants,,15.964633899000006,input_and_projection_process_total,,True,,,,
v3-main-771601/opentelemetry_demo/split/NC/4,pmx,1,PMX_shared_variants,,10.99,derived_binary_build,,,javac 11.0.32,2322880b6447754528e201553bc4e2fac00334b7d6f3ac202cfe1e3742bbbcc6,True,"{""maximum_rss_bytes"": 227827712.0, ""path"": ""build-resource-usage.txt"", ""system_seconds"": 0.3, ""user_seconds"": 6.79, ""wall_seconds"": 10.99}"
v3-main-771601/opentelemetry_demo/split/NC/4,pmx,1,PMX_shared_variants,,26.091599438999992,independent_pmx_extraction_process,add_to_cart,,,,,
v3-main-771601/opentelemetry_demo/split/NC/4,pmx,1,PMX_shared_variants,,23.279745254999995,independent_pmx_extraction_process,browse_product,,,,,
v3-main-771601/opentelemetry_demo/split/NC/4,pmx,1,PMX_shared_variants,,28.61192906299999,independent_pmx_extraction_process,checkout,,,,,
v3-main-771601/opentelemetry_demo/split/NC/5,acquisition,1,shared_acquisition,True,2080.7751261509998,acquisition_and_export_process_total,,,,,,
v3-main-771601/opentelemetry_demo/split/NC/5,acquisition,1,shared_native_pool,,8.7718894059999,native_parse,,,,,,
v3-main-771601/opentelemetry_demo/split/NC/5,graph,1,B0,,0.00630416199999928,identification,,,,,,
v3-main-771601/opentelemetry_demo/split/NC/5,graph,1,shared_graph_family,,0.5929968220000035,extraction,add_to_cart,,,,,
v3-main-771601/opentelemetry_demo/split/NC/5,graph,1,shared_graph_family,,0.004675216999999066,identification,add_to_cart,,,,,
v3-main-771601/opentelemetry_demo/split/NC/5,graph,1,shared_graph_family,,0.004397560999997552,solve,add_to_cart,,,,,
v3-main-771601/opentelemetry_demo/split/NC/5,graph,1,G0,,0.0003126630000025443,identification,add_to_cart,,,,,
v3-main-771601/opentelemetry_demo/split/NC/5,graph,1,G0,,9.601899999722718e-05,solve,add_to_cart,,,,,
v3-main-771601/opentelemetry_demo/split/NC/5,graph,1,shared_graph_family,,0.1972388389999935,extraction,browse_product,,,,,
v3-main-771601/opentelemetry_demo/split/NC/5,graph,1,shared_graph_family,,0.003976885999996682,identification,browse_product,,,,,
v3-main-771601/opentelemetry_demo/split/NC/5,graph,1,shared_graph_family,,0.003454603999998085,solve,browse_product,,,,,
v3-main-771601/opentelemetry_demo/split/NC/5,graph,1,G0,,0.00022398800000189567,identification,browse_product,,,,,
v3-main-771601/opentelemetry_demo/split/NC/5,graph,1,G0,,7.207400000197595e-05,solve,browse_product,,,,,
v3-main-771601/opentelemetry_demo/split/NC/5,graph,1,shared_graph_family,,1.3120962850000026,extraction,checkout,,,,,
v3-main-771601/opentelemetry_demo/split/NC/5,graph,1,shared_graph_family,,0.17422759099999752,identification,checkout,,,,,
v3-main-771601/opentelemetry_demo/split/NC/5,graph,1,shared_graph_family,,0.010077319000004081,solve,checkout,,,,,
v3-main-771601/opentelemetry_demo/split/NC/5,graph,1,G0,,0.0006916280000055508,identification,checkout,,,,,
v3-main-771601/opentelemetry_demo/split/NC/5,graph,1,G0,,9.368399999942767e-05,solve,checkout,,,,,
v3-main-771601/opentelemetry_demo/split/NC/5,pmx,1,PMX_shared_variants,,4.691199745999981,native_projection,add_to_cart,,,,,
v3-main-771601/opentelemetry_demo/split/NC/5,pmx,1,PMX_shared_variants,,2.637966770999981,native_projection,browse_product,,,,,
v3-main-771601/opentelemetry_demo/split/NC/5,pmx,1,PMX_shared_variants,,11.692648622999997,native_projection,checkout,,,,,
v3-main-771601/opentelemetry_demo/split/NC/5,pmx,1,PMX_shared_variants,,20.48122745100001,input_and_projection_process_total,,True,,,,
v3-main-771601/opentelemetry_demo/split/NC/5,pmx,1,PMX_shared_variants,,10.5,derived_binary_build,,,javac 11.0.32,2322880b6447754528e201553bc4e2fac00334b7d6f3ac202cfe1e3742bbbcc6,True,"{""maximum_rss_bytes"": 227680256.0, ""path"": ""build-resource-usage.txt"", ""system_seconds"": 0.31, ""user_seconds"": 6.78, ""wall_seconds"": 10.5}"
v3-main-771601/opentelemetry_demo/split/NC/5,pmx,1,PMX_shared_variants,,26.693583160999992,independent_pmx_extraction_process,add_to_cart,,,,,
v3-main-771601/opentelemetry_demo/split/NC/5,pmx,1,PMX_shared_variants,,23.33161497399999,independent_pmx_extraction_process,browse_product,,,,,
v3-main-771601/opentelemetry_demo/split/NC/5,pmx,1,PMX_shared_variants,,32.82348383799999,independent_pmx_extraction_process,checkout,,,,,
v3-main-771601/opentelemetry_demo/split/NC/6,acquisition,1,shared_acquisition,True,2082.8926370930003,acquisition_and_export_process_total,,,,,,
v3-main-771601/opentelemetry_demo/split/NC/6,acquisition,1,shared_native_pool,,8.144461397999748,native_parse,,,,,,
v3-main-771601/opentelemetry_demo/split/NC/6,graph,1,B0,,0.0062494850000121005,identification,,,,,,
v3-main-771601/opentelemetry_demo/split/NC/6,graph,1,shared_graph_family,,0.5649865920000252,extraction,add_to_cart,,,,,
v3-main-771601/opentelemetry_demo/split/NC/6,graph,1,shared_graph_family,,0.004792334999990544,identification,add_to_cart,,,,,
v3-main-771601/opentelemetry_demo/split/NC/6,graph,1,shared_graph_family,,0.0046312849999878836,solve,add_to_cart,,,,,
v3-main-771601/opentelemetry_demo/split/NC/6,graph,1,G0,,0.0003278619999775856,identification,add_to_cart,,,,,
v3-main-771601/opentelemetry_demo/split/NC/6,graph,1,G0,,9.437700001058147e-05,solve,add_to_cart,,,,,
v3-main-771601/opentelemetry_demo/split/NC/6,graph,1,shared_graph_family,,0.18243001300001538,extraction,browse_product,,,,,
v3-main-771601/opentelemetry_demo/split/NC/6,graph,1,shared_graph_family,,0.00390454800000839,identification,browse_product,,,,,
v3-main-771601/opentelemetry_demo/split/NC/6,graph,1,shared_graph_family,,0.0031345110000131626,solve,browse_product,,,,,
v3-main-771601/opentelemetry_demo/split/NC/6,graph,1,G0,,0.0002424820000044292,identification,browse_product,,,,,
v3-main-771601/opentelemetry_demo/split/NC/6,graph,1,G0,,7.021100000770275e-05,solve,browse_product,,,,,
v3-main-771601/opentelemetry_demo/split/NC/6,graph,1,shared_graph_family,,1.2097660259999827,extraction,checkout,,,,,
v3-main-771601/opentelemetry_demo/split/NC/6,graph,1,shared_graph_family,,0.006709663999998838,identification,checkout,,,,,
v3-main-771601/opentelemetry_demo/split/NC/6,graph,1,shared_graph_family,,0.010809967999989567,solve,checkout,,,,,
v3-main-771601/opentelemetry_demo/split/NC/6,graph,1,G0,,0.0007008489999975609,identification,checkout,,,,,
v3-main-771601/opentelemetry_demo/split/NC/6,graph,1,G0,,0.00011395299998184782,solve,checkout,,,,,
v3-main-771601/opentelemetry_demo/split/NC/6,pmx,1,PMX_shared_variants,,4.622552466000002,native_projection,add_to_cart,,,,,
v3-main-771601/opentelemetry_demo/split/NC/6,pmx,1,PMX_shared_variants,,2.4893648970000015,native_projection,browse_product,,,,,
v3-main-771601/opentelemetry_demo/split/NC/6,pmx,1,PMX_shared_variants,,10.583922998000006,native_projection,checkout,,,,,
v3-main-771601/opentelemetry_demo/split/NC/6,pmx,1,PMX_shared_variants,,19.072369816000005,input_and_projection_process_total,,True,,,,
v3-main-771601/opentelemetry_demo/split/NC/6,pmx,1,PMX_shared_variants,,9.97,derived_binary_build,,,javac 11.0.32,2322880b6447754528e201553bc4e2fac00334b7d6f3ac202cfe1e3742bbbcc6,True,"{""maximum_rss_bytes"": 227389440.0, ""path"": ""build-resource-usage.txt"", ""system_seconds"": 0.31, ""user_seconds"": 6.9, ""wall_seconds"": 9.97}"
v3-main-771601/opentelemetry_demo/split/NC/6,pmx,1,PMX_shared_variants,,25.83842253200001,independent_pmx_extraction_process,add_to_cart,,,,,
v3-main-771601/opentelemetry_demo/split/NC/6,pmx,1,PMX_shared_variants,,23.130468000000008,independent_pmx_extraction_process,browse_product,,,,,
v3-main-771601/opentelemetry_demo/split/NC/6,pmx,1,PMX_shared_variants,,31.766261676,independent_pmx_extraction_process,checkout,,,,,
v3-main-771601/opentelemetry_demo/split/NC/7,acquisition,1,shared_acquisition,True,2074.9148237550003,acquisition_and_export_process_total,,,,,,
v3-main-771601/opentelemetry_demo/split/NC/7,acquisition,1,shared_native_pool,,6.258791979999842,native_parse,,,,,,
v3-main-771601/opentelemetry_demo/split/NC/7,graph,1,B0,,0.006236768999997366,identification,,,,,,
v3-main-771601/opentelemetry_demo/split/NC/7,graph,1,shared_graph_family,,0.5679815510000026,extraction,add_to_cart,,,,,
v3-main-771601/opentelemetry_demo/split/NC/7,graph,1,shared_graph_family,,0.004653261000001407,identification,add_to_cart,,,,,
v3-main-771601/opentelemetry_demo/split/NC/7,graph,1,shared_graph_family,,0.0035646890000009535,solve,add_to_cart,,,,,
v3-main-771601/opentelemetry_demo/split/NC/7,graph,1,G0,,0.0003173229999902105,identification,add_to_cart,,,,,
v3-main-771601/opentelemetry_demo/split/NC/7,graph,1,G0,,9.816299998988143e-05,solve,add_to_cart,,,,,
v3-main-771601/opentelemetry_demo/split/NC/7,graph,1,shared_graph_family,,0.1743317979999972,extraction,browse_product,,,,,
v3-main-771601/opentelemetry_demo/split/NC/7,graph,1,shared_graph_family,,0.003982077999992839,identification,browse_product,,,,,
v3-main-771601/opentelemetry_demo/split/NC/7,graph,1,shared_graph_family,,0.003475350999991633,solve,browse_product,,,,,
v3-main-771601/opentelemetry_demo/split/NC/7,graph,1,G0,,0.00023039100000232793,identification,browse_product,,,,,
v3-main-771601/opentelemetry_demo/split/NC/7,graph,1,G0,,7.546100000865863e-05,solve,browse_product,,,,,
v3-main-771601/opentelemetry_demo/split/NC/7,graph,1,shared_graph_family,,1.160530184999999,extraction,checkout,,,,,
v3-main-771601/opentelemetry_demo/split/NC/7,graph,1,shared_graph_family,,0.006488480000001573,identification,checkout,,,,,
v3-main-771601/opentelemetry_demo/split/NC/7,graph,1,shared_graph_family,,0.009232534999995323,solve,checkout,,,,,
v3-main-771601/opentelemetry_demo/split/NC/7,graph,1,G0,,0.0007367460000011761,identification,checkout,,,,,
v3-main-771601/opentelemetry_demo/split/NC/7,graph,1,G0,,0.00010417500000414748,solve,checkout,,,,,
v3-main-771601/opentelemetry_demo/split/NC/7,pmx,1,PMX_shared_variants,,4.517739008999996,native_projection,add_to_cart,,,,,
v3-main-771601/opentelemetry_demo/split/NC/7,pmx,1,PMX_shared_variants,,2.3511400370000217,native_projection,browse_product,,,,,
v3-main-771601/opentelemetry_demo/split/NC/7,pmx,1,PMX_shared_variants,,10.072248047000016,native_projection,checkout,,,,,
v3-main-771601/opentelemetry_demo/split/NC/7,pmx,1,PMX_shared_variants,,18.23786509300001,input_and_projection_process_total,,True,,,,
v3-main-771601/opentelemetry_demo/split/NC/7,pmx,1,PMX_shared_variants,,10.43,derived_binary_build,,,javac 11.0.32,2322880b6447754528e201553bc4e2fac00334b7d6f3ac202cfe1e3742bbbcc6,True,"{""maximum_rss_bytes"": 227680256.0, ""path"": ""build-resource-usage.txt"", ""system_seconds"": 0.28, ""user_seconds"": 6.74, ""wall_seconds"": 10.43}"
v3-main-771601/opentelemetry_demo/split/NC/7,pmx,1,PMX_shared_variants,,26.490397801,independent_pmx_extraction_process,add_to_cart,,,,,
v3-main-771601/opentelemetry_demo/split/NC/7,pmx,1,PMX_shared_variants,,23.032517401999996,independent_pmx_extraction_process,browse_product,,,,,
v3-main-771601/opentelemetry_demo/split/NC/7,pmx,1,PMX_shared_variants,,31.01485698900001,independent_pmx_extraction_process,checkout,,,,,
v3-main-771601/opentelemetry_demo/split/NC/8,acquisition,1,shared_acquisition,True,2075.9254612980003,acquisition_and_export_process_total,,,,,,
v3-main-771601/opentelemetry_demo/split/NC/8,acquisition,1,shared_native_pool,,7.226062964999983,native_parse,,,,,,
v3-main-771601/opentelemetry_demo/split/NC/8,graph,1,B0,,0.006463557000017772,identification,,,,,,
v3-main-771601/opentelemetry_demo/split/NC/8,graph,1,shared_graph_family,,0.6095806840000364,extraction,add_to_cart,,,,,
v3-main-771601/opentelemetry_demo/split/NC/8,graph,1,shared_graph_family,,0.00481665500001327,identification,add_to_cart,,,,,
v3-main-771601/opentelemetry_demo/split/NC/8,graph,1,shared_graph_family,,0.0040345689999981005,solve,add_to_cart,,,,,
v3-main-771601/opentelemetry_demo/split/NC/8,graph,1,G0,,0.00034989599998880294,identification,add_to_cart,,,,,
v3-main-771601/opentelemetry_demo/split/NC/8,graph,1,G0,,0.0001222079999934067,solve,add_to_cart,,,,,
v3-main-771601/opentelemetry_demo/split/NC/8,graph,1,shared_graph_family,,0.20664103700005398,extraction,browse_product,,,,,
v3-main-771601/opentelemetry_demo/split/NC/8,graph,1,shared_graph_family,,0.0041011650000086775,identification,browse_product,,,,,
v3-main-771601/opentelemetry_demo/split/NC/8,graph,1,shared_graph_family,,0.003736742000000959,solve,browse_product,,,,,
v3-main-771601/opentelemetry_demo/split/NC/8,graph,1,G0,,0.00024644199999102057,identification,browse_product,,,,,
v3-main-771601/opentelemetry_demo/split/NC/8,graph,1,G0,,8.613199997853371e-05,solve,browse_product,,,,,
v3-main-771601/opentelemetry_demo/split/NC/8,graph,1,shared_graph_family,,1.5797479410000506,extraction,checkout,,,,,
v3-main-771601/opentelemetry_demo/split/NC/8,graph,1,shared_graph_family,,0.006667845000038142,identification,checkout,,,,,
v3-main-771601/opentelemetry_demo/split/NC/8,graph,1,shared_graph_family,,0.00868727899995747,solve,checkout,,,,,
v3-main-771601/opentelemetry_demo/split/NC/8,graph,1,G0,,0.0007138180000083594,identification,checkout,,,,,
v3-main-771601/opentelemetry_demo/split/NC/8,graph,1,G0,,0.00012801999997691382,solve,checkout,,,,,
v3-main-771601/opentelemetry_demo/split/NC/8,pmx,1,PMX_shared_variants,,4.700331218999992,native_projection,add_to_cart,,,,,
v3-main-771601/opentelemetry_demo/split/NC/8,pmx,1,PMX_shared_variants,,2.671131374000012,native_projection,browse_product,,,,,
v3-main-771601/opentelemetry_demo/split/NC/8,pmx,1,PMX_shared_variants,,12.405572790000008,native_projection,checkout,,,,,
v3-main-771601/opentelemetry_demo/split/NC/8,pmx,1,PMX_shared_variants,,21.260341694999994,input_and_projection_process_total,,True,,,,
v3-main-771601/opentelemetry_demo/split/NC/8,pmx,1,PMX_shared_variants,,7.36,derived_binary_build,,,javac 11.0.32,2322880b6447754528e201553bc4e2fac00334b7d6f3ac202cfe1e3742bbbcc6,True,"{""maximum_rss_bytes"": 227667968.0, ""path"": ""build-resource-usage.txt"", ""system_seconds"": 0.3, ""user_seconds"": 6.81, ""wall_seconds"": 7.36}"
v3-main-771601/opentelemetry_demo/split/NC/8,pmx,1,PMX_shared_variants,,26.140696127,independent_pmx_extraction_process,add_to_cart,,,,,
v3-main-771601/opentelemetry_demo/split/NC/8,pmx,1,PMX_shared_variants,,23.19417321399999,independent_pmx_extraction_process,browse_product,,,,,
v3-main-771601/opentelemetry_demo/split/NC/8,pmx,1,PMX_shared_variants,,34.02398683599998,independent_pmx_extraction_process,checkout,,,,,
v3-main-771601/opentelemetry_demo/split/NC/9,acquisition,1,shared_acquisition,True,2085.038969937,acquisition_and_export_process_total,,,,,,
v3-main-771601/opentelemetry_demo/split/NC/9,acquisition,1,shared_native_pool,,9.656017323000015,native_parse,,,,,,
v3-main-771601/opentelemetry_demo/split/NC/9,graph,1,B0,,0.005203333999986626,identification,,,,,,
v3-main-771601/opentelemetry_demo/split/NC/9,graph,1,shared_graph_family,,0.5269361769999819,extraction,add_to_cart,,,,,
v3-main-771601/opentelemetry_demo/split/NC/9,graph,1,shared_graph_family,,0.003858290999971814,identification,add_to_cart,,,,,
v3-main-771601/opentelemetry_demo/split/NC/9,graph,1,shared_graph_family,,0.0028649980000068354,solve,add_to_cart,,,,,
v3-main-771601/opentelemetry_demo/split/NC/9,graph,1,G0,,0.0002895599999988008,identification,add_to_cart,,,,,
v3-main-771601/opentelemetry_demo/split/NC/9,graph,1,G0,,0.00011508000000048924,solve,add_to_cart,,,,,
v3-main-771601/opentelemetry_demo/split/NC/9,graph,1,shared_graph_family,,0.1734523570000306,extraction,browse_product,,,,,
v3-main-771601/opentelemetry_demo/split/NC/9,graph,1,shared_graph_family,,0.003511037999999189,identification,browse_product,,,,,
v3-main-771601/opentelemetry_demo/split/NC/9,graph,1,shared_graph_family,,0.0023800440000059098,solve,browse_product,,,,,
v3-main-771601/opentelemetry_demo/split/NC/9,graph,1,G0,,0.0002548140000158128,identification,browse_product,,,,,
v3-main-771601/opentelemetry_demo/split/NC/9,graph,1,G0,,9.680499999831227e-05,solve,browse_product,,,,,
v3-main-771601/opentelemetry_demo/split/NC/9,graph,1,shared_graph_family,,1.3779835119999575,extraction,checkout,,,,,
v3-main-771601/opentelemetry_demo/split/NC/9,graph,1,shared_graph_family,,0.005695962999993753,identification,checkout,,,,,
v3-main-771601/opentelemetry_demo/split/NC/9,graph,1,shared_graph_family,,0.006796306000012464,solve,checkout,,,,,
v3-main-771601/opentelemetry_demo/split/NC/9,graph,1,G0,,0.0005953340000246499,identification,checkout,,,,,
v3-main-771601/opentelemetry_demo/split/NC/9,graph,1,G0,,0.00011016799999197247,solve,checkout,,,,,
v3-main-771601/opentelemetry_demo/split/NC/9,pmx,1,PMX_shared_variants,,4.897836186000006,native_projection,add_to_cart,,,,,
v3-main-771601/opentelemetry_demo/split/NC/9,pmx,1,PMX_shared_variants,,2.7147255290000203,native_projection,browse_product,,,,,
v3-main-771601/opentelemetry_demo/split/NC/9,pmx,1,PMX_shared_variants,,13.24554087300001,native_projection,checkout,,,,,
v3-main-771601/opentelemetry_demo/split/NC/9,pmx,1,PMX_shared_variants,,22.434016170999996,input_and_projection_process_total,,True,,,,
v3-main-771601/opentelemetry_demo/split/NC/9,pmx,1,PMX_shared_variants,,10.17,derived_binary_build,,,javac 11.0.32,2322880b6447754528e201553bc4e2fac00334b7d6f3ac202cfe1e3742bbbcc6,True,"{""maximum_rss_bytes"": 227610624.0, ""path"": ""build-resource-usage.txt"", ""system_seconds"": 0.31, ""user_seconds"": 6.92, ""wall_seconds"": 10.17}"
v3-main-771601/opentelemetry_demo/split/NC/9,pmx,1,PMX_shared_variants,,26.594556416000017,independent_pmx_extraction_process,add_to_cart,,,,,
v3-main-771601/opentelemetry_demo/split/NC/9,pmx,1,PMX_shared_variants,,23.383635214999998,independent_pmx_extraction_process,browse_product,,,,,
v3-main-771601/opentelemetry_demo/split/NC/9,pmx,1,PMX_shared_variants,,35.52746727800002,independent_pmx_extraction_process,checkout,,,,,
v3-main-771601/opentelemetry_demo/split/ND/0,acquisition,1,shared_acquisition,True,2076.1064741789996,acquisition_and_export_process_total,,,,,,
v3-main-771601/opentelemetry_demo/split/ND/0,acquisition,1,shared_native_pool,,6.946416252999825,native_parse,,,,,,
v3-main-771601/opentelemetry_demo/split/ND/0,graph,1,B0,,0.004283213999997315,identification,,,,,,
v3-main-771601/opentelemetry_demo/split/ND/0,graph,1,shared_graph_family,,0.4452532479999718,extraction,add_to_cart,,,,,
v3-main-771601/opentelemetry_demo/split/ND/0,graph,1,shared_graph_family,,0.003391466999971726,identification,add_to_cart,,,,,
v3-main-771601/opentelemetry_demo/split/ND/0,graph,1,shared_graph_family,,0.0006693419999805883,solve,add_to_cart,,,,,
v3-main-771601/opentelemetry_demo/split/ND/0,graph,1,G0,,0.00025519100000792605,identification,add_to_cart,,,,,
v3-main-771601/opentelemetry_demo/split/ND/0,graph,1,G0,,9.347600001774481e-05,solve,add_to_cart,,,,,
v3-main-771601/opentelemetry_demo/split/ND/0,graph,1,shared_graph_family,,0.15238087000000178,extraction,browse_product,,,,,
v3-main-771601/opentelemetry_demo/split/ND/0,graph,1,shared_graph_family,,0.002799707999997736,identification,browse_product,,,,,
v3-main-771601/opentelemetry_demo/split/ND/0,graph,1,shared_graph_family,,0.00042776199995842035,solve,browse_product,,,,,
v3-main-771601/opentelemetry_demo/split/ND/0,graph,1,G0,,0.00018086000000039348,identification,browse_product,,,,,
v3-main-771601/opentelemetry_demo/split/ND/0,graph,1,G0,,7.783699999208693e-05,solve,browse_product,,,,,
v3-main-771601/opentelemetry_demo/split/ND/0,graph,1,shared_graph_family,,1.116566755000008,extraction,checkout,,,,,
v3-main-771601/opentelemetry_demo/split/ND/0,graph,1,shared_graph_family,,0.004755140999975538,identification,checkout,,,,,
v3-main-771601/opentelemetry_demo/split/ND/0,graph,1,shared_graph_family,,0.0014620640000089224,solve,checkout,,,,,
v3-main-771601/opentelemetry_demo/split/ND/0,graph,1,G0,,0.0005298529999890889,identification,checkout,,,,,
v3-main-771601/opentelemetry_demo/split/ND/0,graph,1,G0,,8.595899998908862e-05,solve,checkout,,,,,
v3-main-771601/opentelemetry_demo/split/ND/0,pmx,1,PMX_shared_variants,,2.820470284999999,native_projection,add_to_cart,,,,,
v3-main-771601/opentelemetry_demo/split/ND/0,pmx,1,PMX_shared_variants,,1.6377550920000061,native_projection,browse_product,,,,,
v3-main-771601/opentelemetry_demo/split/ND/0,pmx,1,PMX_shared_variants,,7.6604408930000005,native_projection,checkout,,,,,
v3-main-771601/opentelemetry_demo/split/ND/0,pmx,1,PMX_shared_variants,,13.187120063000009,input_and_projection_process_total,,True,,,,
v3-main-771601/opentelemetry_demo/split/ND/0,pmx,1,PMX_shared_variants,,8.26,derived_binary_build,,,javac 11.0.32,2322880b6447754528e201553bc4e2fac00334b7d6f3ac202cfe1e3742bbbcc6,True,"{""maximum_rss_bytes"": 225775616.0, ""path"": ""build-resource-usage.txt"", ""system_seconds"": 0.28, ""user_seconds"": 5.21, ""wall_seconds"": 8.26}"
v3-main-771601/opentelemetry_demo/split/ND/0,pmx,1,PMX_shared_variants,,27.392432255999992,independent_pmx_extraction_process,add_to_cart,,,,,
v3-main-771601/opentelemetry_demo/split/ND/0,pmx,1,PMX_shared_variants,,23.029673094999993,independent_pmx_extraction_process,browse_product,,,,,
v3-main-771601/opentelemetry_demo/split/ND/0,pmx,1,PMX_shared_variants,,39.749619333,independent_pmx_extraction_process,checkout,,,,,
v3-main-771601/opentelemetry_demo/split/ND/1,acquisition,1,shared_acquisition,True,2081.96501801,acquisition_and_export_process_total,,,,,,
v3-main-771601/opentelemetry_demo/split/ND/1,acquisition,1,shared_native_pool,,9.164815013999942,native_parse,,,,,,
v3-main-771601/opentelemetry_demo/split/ND/1,graph,1,B0,,0.006139898999997229,identification,,,,,,
v3-main-771601/opentelemetry_demo/split/ND/1,graph,1,shared_graph_family,,0.5770810600000047,extraction,add_to_cart,,,,,
v3-main-771601/opentelemetry_demo/split/ND/1,graph,1,shared_graph_family,,0.004387419000003945,identification,add_to_cart,,,,,
v3-main-771601/opentelemetry_demo/split/ND/1,graph,1,shared_graph_family,,0.0006909749999977066,solve,add_to_cart,,,,,
v3-main-771601/opentelemetry_demo/split/ND/1,graph,1,G0,,0.000293061000000705,identification,add_to_cart,,,,,
v3-main-771601/opentelemetry_demo/split/ND/1,graph,1,G0,,8.703000000309657e-05,solve,add_to_cart,,,,,
v3-main-771601/opentelemetry_demo/split/ND/1,graph,1,shared_graph_family,,0.21075782500000173,extraction,browse_product,,,,,
v3-main-771601/opentelemetry_demo/split/ND/1,graph,1,shared_graph_family,,0.003722822000000292,identification,browse_product,,,,,
v3-main-771601/opentelemetry_demo/split/ND/1,graph,1,shared_graph_family,,0.0005601440000049251,solve,browse_product,,,,,
v3-main-771601/opentelemetry_demo/split/ND/1,graph,1,G0,,0.00021047799999962535,identification,browse_product,,,,,
v3-main-771601/opentelemetry_demo/split/ND/1,graph,1,G0,,6.710299999923564e-05,solve,browse_product,,,,,
v3-main-771601/opentelemetry_demo/split/ND/1,graph,1,shared_graph_family,,1.567884137,extraction,checkout,,,,,
v3-main-771601/opentelemetry_demo/split/ND/1,graph,1,shared_graph_family,,0.0062262729999957855,identification,checkout,,,,,
v3-main-771601/opentelemetry_demo/split/ND/1,graph,1,shared_graph_family,,0.0019072109999953568,solve,checkout,,,,,
v3-main-771601/opentelemetry_demo/split/ND/1,graph,1,G0,,0.0006435580000001551,identification,checkout,,,,,
v3-main-771601/opentelemetry_demo/split/ND/1,graph,1,G0,,7.674200000451492e-05,solve,checkout,,,,,
v3-main-771601/opentelemetry_demo/split/ND/1,pmx,1,PMX_shared_variants,,4.882543077000037,native_projection,add_to_cart,,,,,
v3-main-771601/opentelemetry_demo/split/ND/1,pmx,1,PMX_shared_variants,,2.779097712999942,native_projection,browse_product,,,,,
v3-main-771601/opentelemetry_demo/split/ND/1,pmx,1,PMX_shared_variants,,12.754289491999998,native_projection,checkout,,,,,
v3-main-771601/opentelemetry_demo/split/ND/1,pmx,1,PMX_shared_variants,,21.939431422999974,input_and_projection_process_total,,True,,,,
v3-main-771601/opentelemetry_demo/split/ND/1,pmx,1,PMX_shared_variants,,10.07,derived_binary_build,,,javac 11.0.32,2322880b6447754528e201553bc4e2fac00334b7d6f3ac202cfe1e3742bbbcc6,True,"{""maximum_rss_bytes"": 227504128.0, ""path"": ""build-resource-usage.txt"", ""system_seconds"": 0.32, ""user_seconds"": 6.93, ""wall_seconds"": 10.07}"
v3-main-771601/opentelemetry_demo/split/ND/1,pmx,1,PMX_shared_variants,,26.497822582000026,independent_pmx_extraction_process,add_to_cart,,,,,
v3-main-771601/opentelemetry_demo/split/ND/1,pmx,1,PMX_shared_variants,,23.433271858000012,independent_pmx_extraction_process,browse_product,,,,,
v3-main-771601/opentelemetry_demo/split/ND/1,pmx,1,PMX_shared_variants,,35.17718670900001,independent_pmx_extraction_process,checkout,,,,,
v3-main-771601/opentelemetry_demo/split/ND/2,acquisition,1,shared_acquisition,True,2081.328896113,acquisition_and_export_process_total,,,,,,
v3-main-771601/opentelemetry_demo/split/ND/2,acquisition,1,shared_native_pool,,8.908262449999711,native_parse,,,,,,
v3-main-771601/opentelemetry_demo/split/ND/2,graph,1,B0,,0.0060666840000180855,identification,,,,,,
v3-main-771601/opentelemetry_demo/split/ND/2,graph,1,shared_graph_family,,0.5962665319999587,extraction,add_to_cart,,,,,
v3-main-771601/opentelemetry_demo/split/ND/2,graph,1,shared_graph_family,,0.0045483929999932116,identification,add_to_cart,,,,,
v3-main-771601/opentelemetry_demo/split/ND/2,graph,1,shared_graph_family,,0.0006815260000507806,solve,add_to_cart,,,,,
v3-main-771601/opentelemetry_demo/split/ND/2,graph,1,G0,,0.0003038090000018201,identification,add_to_cart,,,,,
v3-main-771601/opentelemetry_demo/split/ND/2,graph,1,G0,,8.852600001318933e-05,solve,add_to_cart,,,,,
v3-main-771601/opentelemetry_demo/split/ND/2,graph,1,shared_graph_family,,0.21497580400000516,extraction,browse_product,,,,,
v3-main-771601/opentelemetry_demo/split/ND/2,graph,1,shared_graph_family,,0.004028951000009329,identification,browse_product,,,,,
v3-main-771601/opentelemetry_demo/split/ND/2,graph,1,shared_graph_family,,0.0005760789999840199,solve,browse_product,,,,,
v3-main-771601/opentelemetry_demo/split/ND/2,graph,1,G0,,0.00021858899998505876,identification,browse_product,,,,,
v3-main-771601/opentelemetry_demo/split/ND/2,graph,1,G0,,6.752699999879042e-05,solve,browse_product,,,,,
v3-main-771601/opentelemetry_demo/split/ND/2,graph,1,shared_graph_family,,1.573215005999998,extraction,checkout,,,,,
v3-main-771601/opentelemetry_demo/split/ND/2,graph,1,shared_graph_family,,0.006257272999960151,identification,checkout,,,,,
v3-main-771601/opentelemetry_demo/split/ND/2,graph,1,shared_graph_family,,0.0017893899999990026,solve,checkout,,,,,
v3-main-771601/opentelemetry_demo/split/ND/2,graph,1,G0,,0.000667759999998907,identification,checkout,,,,,
v3-main-771601/opentelemetry_demo/split/ND/2,graph,1,G0,,7.565099997464131e-05,solve,checkout,,,,,
v3-main-771601/opentelemetry_demo/split/ND/2,pmx,1,PMX_shared_variants,,4.733201668999982,native_projection,add_to_cart,,,,,
v3-main-771601/opentelemetry_demo/split/ND/2,pmx,1,PMX_shared_variants,,2.717416125999989,native_projection,browse_product,,,,,
v3-main-771601/opentelemetry_demo/split/ND/2,pmx,1,PMX_shared_variants,,12.688249245000009,native_projection,checkout,,,,,
v3-main-771601/opentelemetry_demo/split/ND/2,pmx,1,PMX_shared_variants,,21.706901936999998,input_and_projection_process_total,,True,,,,
v3-main-771601/opentelemetry_demo/split/ND/2,pmx,1,PMX_shared_variants,,11.72,derived_binary_build,,,javac 11.0.32,2322880b6447754528e201553bc4e2fac00334b7d6f3ac202cfe1e3742bbbcc6,True,"{""maximum_rss_bytes"": 228093952.0, ""path"": ""build-resource-usage.txt"", ""system_seconds"": 0.36, ""user_seconds"": 6.91, ""wall_seconds"": 11.72}"
v3-main-771601/opentelemetry_demo/split/ND/2,pmx,1,PMX_shared_variants,,26.64648358000005,independent_pmx_extraction_process,add_to_cart,,,,,
v3-main-771601/opentelemetry_demo/split/ND/2,pmx,1,PMX_shared_variants,,23.234508167,independent_pmx_extraction_process,browse_product,,,,,
v3-main-771601/opentelemetry_demo/split/ND/2,pmx,1,PMX_shared_variants,,33.77754963900003,independent_pmx_extraction_process,checkout,,,,,
v3-main-771601/opentelemetry_demo/split/ND/3,acquisition,1,shared_acquisition,True,2084.263298564,acquisition_and_export_process_total,,,,,,
v3-main-771601/opentelemetry_demo/split/ND/3,acquisition,1,shared_native_pool,,9.449398153999937,native_parse,,,,,,
v3-main-771601/opentelemetry_demo/split/ND/3,graph,1,B0,,0.006051270999996916,identification,,,,,,
v3-main-771601/opentelemetry_demo/split/ND/3,graph,1,shared_graph_family,,0.5728849220000001,extraction,add_to_cart,,,,,
v3-main-771601/opentelemetry_demo/split/ND/3,graph,1,shared_graph_family,,0.004769091000000003,identification,add_to_cart,,,,,
v3-main-771601/opentelemetry_demo/split/ND/3,graph,1,shared_graph_family,,0.0009120450000068558,solve,add_to_cart,,,,,
v3-main-771601/opentelemetry_demo/split/ND/3,graph,1,G0,,0.00032423800000458414,identification,add_to_cart,,,,,
v3-main-771601/opentelemetry_demo/split/ND/3,graph,1,G0,,9.772399999974368e-05,solve,add_to_cart,,,,,
v3-main-771601/opentelemetry_demo/split/ND/3,graph,1,shared_graph_family,,0.1824681260000034,extraction,browse_product,,,,,
v3-main-771601/opentelemetry_demo/split/ND/3,graph,1,shared_graph_family,,0.003827593000004015,identification,browse_product,,,,,
v3-main-771601/opentelemetry_demo/split/ND/3,graph,1,shared_graph_family,,0.0005483089999955837,solve,browse_product,,,,,
v3-main-771601/opentelemetry_demo/split/ND/3,graph,1,G0,,0.0002183919999936279,identification,browse_product,,,,,
v3-main-771601/opentelemetry_demo/split/ND/3,graph,1,G0,,7.151599999843938e-05,solve,browse_product,,,,,
v3-main-771601/opentelemetry_demo/split/ND/3,graph,1,shared_graph_family,,1.5118497419999954,extraction,checkout,,,,,
v3-main-771601/opentelemetry_demo/split/ND/3,graph,1,shared_graph_family,,0.006544638999997687,identification,checkout,,,,,
v3-main-771601/opentelemetry_demo/split/ND/3,graph,1,shared_graph_family,,0.0014164890000003538,solve,checkout,,,,,
v3-main-771601/opentelemetry_demo/split/ND/3,graph,1,G0,,0.0006607239999993908,identification,checkout,,,,,
v3-main-771601/opentelemetry_demo/split/ND/3,graph,1,G0,,8.871099999652188e-05,solve,checkout,,,,,
v3-main-771601/opentelemetry_demo/split/ND/3,pmx,1,PMX_shared_variants,,4.861116723000009,native_projection,add_to_cart,,,,,
v3-main-771601/opentelemetry_demo/split/ND/3,pmx,1,PMX_shared_variants,,2.789366008000002,native_projection,browse_product,,,,,
v3-main-771601/opentelemetry_demo/split/ND/3,pmx,1,PMX_shared_variants,,12.852993568999977,native_projection,checkout,,,,,
v3-main-771601/opentelemetry_demo/split/ND/3,pmx,1,PMX_shared_variants,,22.046854725000003,input_and_projection_process_total,,True,,,,
v3-main-771601/opentelemetry_demo/split/ND/3,pmx,1,PMX_shared_variants,,7.05,derived_binary_build,,,javac 11.0.32,2322880b6447754528e201553bc4e2fac00334b7d6f3ac202cfe1e3742bbbcc6,True,"{""maximum_rss_bytes"": 228179968.0, ""path"": ""build-resource-usage.txt"", ""system_seconds"": 0.34, ""user_seconds"": 6.9, ""wall_seconds"": 7.05}"
v3-main-771601/opentelemetry_demo/split/ND/3,pmx,1,PMX_shared_variants,,25.7442103489999,independent_pmx_extraction_process,add_to_cart,,,,,
v3-main-771601/opentelemetry_demo/split/ND/3,pmx,1,PMX_shared_variants,,23.49422781599992,independent_pmx_extraction_process,browse_product,,,,,
v3-main-771601/opentelemetry_demo/split/ND/3,pmx,1,PMX_shared_variants,,35.69274782700006,independent_pmx_extraction_process,checkout,,,,,
v3-main-771601/opentelemetry_demo/split/ND/4,acquisition,1,shared_acquisition,True,2074.334833851,acquisition_and_export_process_total,,,,,,
v3-main-771601/opentelemetry_demo/split/ND/4,acquisition,1,shared_native_pool,,6.771096039999975,native_parse,,,,,,
v3-main-771601/opentelemetry_demo/split/ND/4,graph,1,B0,,0.006280951000000812,identification,,,,,,
v3-main-771601/opentelemetry_demo/split/ND/4,graph,1,shared_graph_family,,0.5977899519999994,extraction,add_to_cart,,,,,
v3-main-771601/opentelemetry_demo/split/ND/4,graph,1,shared_graph_family,,0.004674072999996781,identification,add_to_cart,,,,,
v3-main-771601/opentelemetry_demo/split/ND/4,graph,1,shared_graph_family,,0.0012439729999940141,solve,add_to_cart,,,,,
v3-main-771601/opentelemetry_demo/split/ND/4,graph,1,G0,,0.0003175410000011425,identification,add_to_cart,,,,,
v3-main-771601/opentelemetry_demo/split/ND/4,graph,1,G0,,9.905399999610154e-05,solve,add_to_cart,,,,,
v3-main-771601/opentelemetry_demo/split/ND/4,graph,1,shared_graph_family,,0.21766932399999916,extraction,browse_product,,,,,
v3-main-771601/opentelemetry_demo/split/ND/4,graph,1,shared_graph_family,,0.003913939000000255,identification,browse_product,,,,,
v3-main-771601/opentelemetry_demo/split/ND/4,graph,1,shared_graph_family,,0.00068119699999869,solve,browse_product,,,,,
v3-main-771601/opentelemetry_demo/split/ND/4,graph,1,G0,,0.00022855499999963058,identification,browse_product,,,,,
v3-main-771601/opentelemetry_demo/split/ND/4,graph,1,G0,,7.319600000244009e-05,solve,browse_product,,,,,
v3-main-771601/opentelemetry_demo/split/ND/4,graph,1,shared_graph_family,,1.5457644869999996,extraction,checkout,,,,,
v3-main-771601/opentelemetry_demo/split/ND/4,graph,1,shared_graph_family,,0.0063501999999999725,identification,checkout,,,,,
v3-main-771601/opentelemetry_demo/split/ND/4,graph,1,shared_graph_family,,0.0017634800000010387,solve,checkout,,,,,
v3-main-771601/opentelemetry_demo/split/ND/4,graph,1,G0,,0.0006929990000017483,identification,checkout,,,,,
v3-main-771601/opentelemetry_demo/split/ND/4,graph,1,G0,,7.824600000105875e-05,solve,checkout,,,,,
v3-main-771601/opentelemetry_demo/split/ND/4,pmx,1,PMX_shared_variants,,4.769242965999993,native_projection,add_to_cart,,,,,
v3-main-771601/opentelemetry_demo/split/ND/4,pmx,1,PMX_shared_variants,,2.7152219580000008,native_projection,browse_product,,,,,
v3-main-771601/opentelemetry_demo/split/ND/4,pmx,1,PMX_shared_variants,,11.733900505999998,native_projection,checkout,,,,,
v3-main-771601/opentelemetry_demo/split/ND/4,pmx,1,PMX_shared_variants,,20.749373446000007,input_and_projection_process_total,,True,,,,
v3-main-771601/opentelemetry_demo/split/ND/4,pmx,1,PMX_shared_variants,,7.47,derived_binary_build,,,javac 11.0.32,2322880b6447754528e201553bc4e2fac00334b7d6f3ac202cfe1e3742bbbcc6,True,"{""maximum_rss_bytes"": 227610624.0, ""path"": ""build-resource-usage.txt"", ""system_seconds"": 0.37, ""user_seconds"": 7.02, ""wall_seconds"": 7.47}"
v3-main-771601/opentelemetry_demo/split/ND/4,pmx,1,PMX_shared_variants,,25.70752628599999,independent_pmx_extraction_process,add_to_cart,,,,,
v3-main-771601/opentelemetry_demo/split/ND/4,pmx,1,PMX_shared_variants,,23.13144970799999,independent_pmx_extraction_process,browse_product,,,,,
v3-main-771601/opentelemetry_demo/split/ND/4,pmx,1,PMX_shared_variants,,33.335701865999994,independent_pmx_extraction_process,checkout,,,,,
v3-main-771601/opentelemetry_demo/split/ND/5,acquisition,1,shared_acquisition,True,2083.605633316,acquisition_and_export_process_total,,,,,,
v3-main-771601/opentelemetry_demo/split/ND/5,acquisition,1,shared_native_pool,,9.610903286999928,native_parse,,,,,,
v3-main-771601/opentelemetry_demo/split/ND/5,graph,1,B0,,0.006025252000000592,identification,,,,,,
v3-main-771601/opentelemetry_demo/split/ND/5,graph,1,shared_graph_family,,0.5771804020000104,extraction,add_to_cart,,,,,
v3-main-771601/opentelemetry_demo/split/ND/5,graph,1,shared_graph_family,,0.004836290000000076,identification,add_to_cart,,,,,
v3-main-771601/opentelemetry_demo/split/ND/5,graph,1,shared_graph_family,,0.0010604719999918188,solve,add_to_cart,,,,,
v3-main-771601/opentelemetry_demo/split/ND/5,graph,1,G0,,0.000311162000002696,identification,add_to_cart,,,,,
v3-main-771601/opentelemetry_demo/split/ND/5,graph,1,G0,,9.854599998959657e-05,solve,add_to_cart,,,,,
v3-main-771601/opentelemetry_demo/split/ND/5,graph,1,shared_graph_family,,0.18597124400000098,extraction,browse_product,,,,,
v3-main-771601/opentelemetry_demo/split/ND/5,graph,1,shared_graph_family,,0.0038802619999955823,identification,browse_product,,,,,
v3-main-771601/opentelemetry_demo/split/ND/5,graph,1,shared_graph_family,,0.0005719779999964203,solve,browse_product,,,,,
v3-main-771601/opentelemetry_demo/split/ND/5,graph,1,G0,,0.0002184030000051962,identification,browse_product,,,,,
v3-main-771601/opentelemetry_demo/split/ND/5,graph,1,G0,,7.386000000053627e-05,solve,browse_product,,,,,
v3-main-771601/opentelemetry_demo/split/ND/5,graph,1,shared_graph_family,,1.5028848439999933,extraction,checkout,,,,,
v3-main-771601/opentelemetry_demo/split/ND/5,graph,1,shared_graph_family,,0.006568626000003519,identification,checkout,,,,,
v3-main-771601/opentelemetry_demo/split/ND/5,graph,1,shared_graph_family,,0.0015398030000000063,solve,checkout,,,,,
v3-main-771601/opentelemetry_demo/split/ND/5,graph,1,G0,,0.0006695280000030834,identification,checkout,,,,,
v3-main-771601/opentelemetry_demo/split/ND/5,graph,1,G0,,8.86210000032861e-05,solve,checkout,,,,,
v3-main-771601/opentelemetry_demo/split/ND/5,pmx,1,PMX_shared_variants,,4.875077021999999,native_projection,add_to_cart,,,,,
v3-main-771601/opentelemetry_demo/split/ND/5,pmx,1,PMX_shared_variants,,2.670597827000009,native_projection,browse_product,,,,,
v3-main-771601/opentelemetry_demo/split/ND/5,pmx,1,PMX_shared_variants,,12.689928085000005,native_projection,checkout,,,,,
v3-main-771601/opentelemetry_demo/split/ND/5,pmx,1,PMX_shared_variants,,21.832438300000007,input_and_projection_process_total,,True,,,,
v3-main-771601/opentelemetry_demo/split/ND/5,pmx,1,PMX_shared_variants,,9.14,derived_binary_build,,,javac 11.0.32,2322880b6447754528e201553bc4e2fac00334b7d6f3ac202cfe1e3742bbbcc6,True,"{""maximum_rss_bytes"": 227876864.0, ""path"": ""build-resource-usage.txt"", ""system_seconds"": 0.37, ""user_seconds"": 7.14, ""wall_seconds"": 9.14}"
v3-main-771601/opentelemetry_demo/split/ND/5,pmx,1,PMX_shared_variants,,25.541457554000004,independent_pmx_extraction_process,add_to_cart,,,,,
v3-main-771601/opentelemetry_demo/split/ND/5,pmx,1,PMX_shared_variants,,23.188598377000005,independent_pmx_extraction_process,browse_product,,,,,
v3-main-771601/opentelemetry_demo/split/ND/5,pmx,1,PMX_shared_variants,,32.52146700700001,independent_pmx_extraction_process,checkout,,,,,
v3-main-771601/opentelemetry_demo/split/ND/6,acquisition,1,shared_acquisition,True,2082.214495645,acquisition_and_export_process_total,,,,,,
v3-main-771601/opentelemetry_demo/split/ND/6,acquisition,1,shared_native_pool,,9.367864845999975,native_parse,,,,,,
v3-main-771601/opentelemetry_demo/split/ND/6,graph,1,B0,,0.005973487999995086,identification,,,,,,
v3-main-771601/opentelemetry_demo/split/ND/6,graph,1,shared_graph_family,,0.5776329440000012,extraction,add_to_cart,,,,,
v3-main-771601/opentelemetry_demo/split/ND/6,graph,1,shared_graph_family,,0.0047661499999946955,identification,add_to_cart,,,,,
v3-main-771601/opentelemetry_demo/split/ND/6,graph,1,shared_graph_family,,0.000704417000001456,solve,add_to_cart,,,,,
v3-main-771601/opentelemetry_demo/split/ND/6,graph,1,G0,,0.00032076300000483116,identification,add_to_cart,,,,,
v3-main-771601/opentelemetry_demo/split/ND/6,graph,1,G0,,8.98420000012834e-05,solve,add_to_cart,,,,,
v3-main-771601/opentelemetry_demo/split/ND/6,graph,1,shared_graph_family,,0.18746263899999605,extraction,browse_product,,,,,
v3-main-771601/opentelemetry_demo/split/ND/6,graph,1,shared_graph_family,,0.004389627000001894,identification,browse_product,,,,,
v3-main-771601/opentelemetry_demo/split/ND/6,graph,1,shared_graph_family,,0.000556920000001071,solve,browse_product,,,,,
v3-main-771601/opentelemetry_demo/split/ND/6,graph,1,G0,,0.00021955399999740166,identification,browse_product,,,,,
v3-main-771601/opentelemetry_demo/split/ND/6,graph,1,G0,,6.884300000109533e-05,solve,browse_product,,,,,
v3-main-771601/opentelemetry_demo/split/ND/6,graph,1,shared_graph_family,,1.5567704510000056,extraction,checkout,,,,,
v3-main-771601/opentelemetry_demo/split/ND/6,graph,1,shared_graph_family,,0.006796807000000626,identification,checkout,,,,,
v3-main-771601/opentelemetry_demo/split/ND/6,graph,1,shared_graph_family,,0.0017339870000014912,solve,checkout,,,,,
v3-main-771601/opentelemetry_demo/split/ND/6,graph,1,G0,,0.0006652799999997683,identification,checkout,,,,,
v3-main-771601/opentelemetry_demo/split/ND/6,graph,1,G0,,8.358499999872038e-05,solve,checkout,,,,,
v3-main-771601/opentelemetry_demo/split/ND/6,pmx,1,PMX_shared_variants,,4.68111282000001,native_projection,add_to_cart,,,,,
v3-main-771601/opentelemetry_demo/split/ND/6,pmx,1,PMX_shared_variants,,2.658029565000021,native_projection,browse_product,,,,,
v3-main-771601/opentelemetry_demo/split/ND/6,pmx,1,PMX_shared_variants,,12.387947744000002,native_projection,checkout,,,,,
v3-main-771601/opentelemetry_demo/split/ND/6,pmx,1,PMX_shared_variants,,21.219776024999987,input_and_projection_process_total,,True,,,,
v3-main-771601/opentelemetry_demo/split/ND/6,pmx,1,PMX_shared_variants,,12.95,derived_binary_build,,,javac 11.0.32,2322880b6447754528e201553bc4e2fac00334b7d6f3ac202cfe1e3742bbbcc6,True,"{""maximum_rss_bytes"": 227491840.0, ""path"": ""build-resource-usage.txt"", ""system_seconds"": 0.28, ""user_seconds"": 6.77, ""wall_seconds"": 12.95}"
v3-main-771601/opentelemetry_demo/split/ND/6,pmx,1,PMX_shared_variants,,26.094063032000008,independent_pmx_extraction_process,add_to_cart,,,,,
v3-main-771601/opentelemetry_demo/split/ND/6,pmx,1,PMX_shared_variants,,23.279622425000014,independent_pmx_extraction_process,browse_product,,,,,
v3-main-771601/opentelemetry_demo/split/ND/6,pmx,1,PMX_shared_variants,,33.92599714300002,independent_pmx_extraction_process,checkout,,,,,
v3-main-771601/opentelemetry_demo/split/ND/7,acquisition,1,shared_acquisition,True,2082.209007977,acquisition_and_export_process_total,,,,,,
v3-main-771601/opentelemetry_demo/split/ND/7,acquisition,1,shared_native_pool,,8.995578584000214,native_parse,,,,,,
v3-main-771601/opentelemetry_demo/split/ND/7,graph,1,B0,,0.006049336999993216,identification,,,,,,
v3-main-771601/opentelemetry_demo/split/ND/7,graph,1,shared_graph_family,,0.6020432809999932,extraction,add_to_cart,,,,,
v3-main-771601/opentelemetry_demo/split/ND/7,graph,1,shared_graph_family,,0.004723759999990307,identification,add_to_cart,,,,,
v3-main-771601/opentelemetry_demo/split/ND/7,graph,1,shared_graph_family,,0.0011717610000090417,solve,add_to_cart,,,,,
v3-main-771601/opentelemetry_demo/split/ND/7,graph,1,G0,,0.00032791099999940343,identification,add_to_cart,,,,,
v3-main-771601/opentelemetry_demo/split/ND/7,graph,1,G0,,9.153000000594602e-05,solve,add_to_cart,,,,,
v3-main-771601/opentelemetry_demo/split/ND/7,graph,1,shared_graph_family,,0.21862703600000088,extraction,browse_product,,,,,
v3-main-771601/opentelemetry_demo/split/ND/7,graph,1,shared_graph_family,,0.003934580999995774,identification,browse_product,,,,,
v3-main-771601/opentelemetry_demo/split/ND/7,graph,1,shared_graph_family,,0.0006244510000072978,solve,browse_product,,,,,
v3-main-771601/opentelemetry_demo/split/ND/7,graph,1,G0,,0.00022707300000490704,identification,browse_product,,,,,
v3-main-771601/opentelemetry_demo/split/ND/7,graph,1,G0,,7.089199999654738e-05,solve,browse_product,,,,,
v3-main-771601/opentelemetry_demo/split/ND/7,graph,1,shared_graph_family,,1.6080024670000057,extraction,checkout,,,,,
v3-main-771601/opentelemetry_demo/split/ND/7,graph,1,shared_graph_family,,0.006569283999994013,identification,checkout,,,,,
v3-main-771601/opentelemetry_demo/split/ND/7,graph,1,shared_graph_family,,0.0013694689999965703,solve,checkout,,,,,
v3-main-771601/opentelemetry_demo/split/ND/7,graph,1,G0,,0.0007275440000000799,identification,checkout,,,,,
v3-main-771601/opentelemetry_demo/split/ND/7,graph,1,G0,,0.00011348200000327324,solve,checkout,,,,,
v3-main-771601/opentelemetry_demo/split/ND/7,pmx,1,PMX_shared_variants,,4.754679125999928,native_projection,add_to_cart,,,,,
v3-main-771601/opentelemetry_demo/split/ND/7,pmx,1,PMX_shared_variants,,2.7556249399999615,native_projection,browse_product,,,,,
v3-main-771601/opentelemetry_demo/split/ND/7,pmx,1,PMX_shared_variants,,12.494865742000002,native_projection,checkout,,,,,
v3-main-771601/opentelemetry_demo/split/ND/7,pmx,1,PMX_shared_variants,,21.517641002000005,input_and_projection_process_total,,True,,,,
v3-main-771601/opentelemetry_demo/split/ND/7,pmx,1,PMX_shared_variants,,10.52,derived_binary_build,,,javac 11.0.32,2322880b6447754528e201553bc4e2fac00334b7d6f3ac202cfe1e3742bbbcc6,True,"{""maximum_rss_bytes"": 227749888.0, ""path"": ""build-resource-usage.txt"", ""system_seconds"": 0.32, ""user_seconds"": 7.02, ""wall_seconds"": 10.52}"
v3-main-771601/opentelemetry_demo/split/ND/7,pmx,1,PMX_shared_variants,,26.545002910999983,independent_pmx_extraction_process,add_to_cart,,,,,
v3-main-771601/opentelemetry_demo/split/ND/7,pmx,1,PMX_shared_variants,,23.43584010699999,independent_pmx_extraction_process,browse_product,,,,,
v3-main-771601/opentelemetry_demo/split/ND/7,pmx,1,PMX_shared_variants,,34.73071564500003,independent_pmx_extraction_process,checkout,,,,,
v3-main-771601/opentelemetry_demo/split/ND/8,acquisition,1,shared_acquisition,True,2083.003951651,acquisition_and_export_process_total,,,,,,
v3-main-771601/opentelemetry_demo/split/ND/8,acquisition,1,shared_native_pool,,9.373987851000038,native_parse,,,,,,
v3-main-771601/opentelemetry_demo/split/ND/8,graph,1,B0,,0.006198198999982196,identification,,,,,,
v3-main-771601/opentelemetry_demo/split/ND/8,graph,1,shared_graph_family,,0.6176410199999793,extraction,add_to_cart,,,,,
v3-main-771601/opentelemetry_demo/split/ND/8,graph,1,shared_graph_family,,0.004717628999998169,identification,add_to_cart,,,,,
v3-main-771601/opentelemetry_demo/split/ND/8,graph,1,shared_graph_family,,0.0009940900000060537,solve,add_to_cart,,,,,
v3-main-771601/opentelemetry_demo/split/ND/8,graph,1,G0,,0.0003303679999930864,identification,add_to_cart,,,,,
v3-main-771601/opentelemetry_demo/split/ND/8,graph,1,G0,,8.854600000063328e-05,solve,add_to_cart,,,,,
v3-main-771601/opentelemetry_demo/split/ND/8,graph,1,shared_graph_family,,0.21727809699999057,extraction,browse_product,,,,,
v3-main-771601/opentelemetry_demo/split/ND/8,graph,1,shared_graph_family,,0.004001318000007359,identification,browse_product,,,,,
v3-main-771601/opentelemetry_demo/split/ND/8,graph,1,shared_graph_family,,0.0005811869999945429,solve,browse_product,,,,,
v3-main-771601/opentelemetry_demo/split/ND/8,graph,1,G0,,0.00022689400000786009,identification,browse_product,,,,,
v3-main-771601/opentelemetry_demo/split/ND/8,graph,1,G0,,6.926900002213188e-05,solve,browse_product,,,,,
v3-main-771601/opentelemetry_demo/split/ND/8,graph,1,shared_graph_family,,1.617851131000009,extraction,checkout,,,,,
v3-main-771601/opentelemetry_demo/split/ND/8,graph,1,shared_graph_family,,0.006443939999996928,identification,checkout,,,,,
v3-main-771601/opentelemetry_demo/split/ND/8,graph,1,shared_graph_family,,0.0014527089999774034,solve,checkout,,,,,
v3-main-771601/opentelemetry_demo/split/ND/8,graph,1,G0,,0.000695532000008825,identification,checkout,,,,,
v3-main-771601/opentelemetry_demo/split/ND/8,graph,1,G0,,8.38370000053601e-05,solve,checkout,,,,,
v3-main-771601/opentelemetry_demo/split/ND/8,pmx,1,PMX_shared_variants,,3.8572494080000013,native_projection,add_to_cart,,,,,
v3-main-771601/opentelemetry_demo/split/ND/8,pmx,1,PMX_shared_variants,,2.1784994749999953,native_projection,browse_product,,,,,
v3-main-771601/opentelemetry_demo/split/ND/8,pmx,1,PMX_shared_variants,,10.379104448999996,native_projection,checkout,,,,,
v3-main-771601/opentelemetry_demo/split/ND/8,pmx,1,PMX_shared_variants,,17.707173772000004,input_and_projection_process_total,,True,,,,
v3-main-771601/opentelemetry_demo/split/ND/8,pmx,1,PMX_shared_variants,,8.84,derived_binary_build,,,javac 11.0.32,2322880b6447754528e201553bc4e2fac00334b7d6f3ac202cfe1e3742bbbcc6,True,"{""maximum_rss_bytes"": 225906688.0, ""path"": ""build-resource-usage.txt"", ""system_seconds"": 0.28, ""user_seconds"": 5.5, ""wall_seconds"": 8.84}"
v3-main-771601/opentelemetry_demo/split/ND/8,pmx,1,PMX_shared_variants,,24.594820409000008,independent_pmx_extraction_process,add_to_cart,,,,,
v3-main-771601/opentelemetry_demo/split/ND/8,pmx,1,PMX_shared_variants,,22.626721082000003,independent_pmx_extraction_process,browse_product,,,,,
v3-main-771601/opentelemetry_demo/split/ND/8,pmx,1,PMX_shared_variants,,31.26514791000001,independent_pmx_extraction_process,checkout,,,,,
v3-main-771601/opentelemetry_demo/split/ND/9,acquisition,1,shared_acquisition,True,2085.064432141,acquisition_and_export_process_total,,,,,,
v3-main-771601/opentelemetry_demo/split/ND/9,acquisition,1,shared_native_pool,,9.364700049000021,native_parse,,,,,,
v3-main-771601/opentelemetry_demo/split/ND/9,graph,1,B0,,0.005965953000000468,identification,,,,,,
v3-main-771601/opentelemetry_demo/split/ND/9,graph,1,shared_graph_family,,0.6141089489999985,extraction,add_to_cart,,,,,
v3-main-771601/opentelemetry_demo/split/ND/9,graph,1,shared_graph_family,,0.004473907000004829,identification,add_to_cart,,,,,
v3-main-771601/opentelemetry_demo/split/ND/9,graph,1,shared_graph_family,,0.0009870850000055498,solve,add_to_cart,,,,,
v3-main-771601/opentelemetry_demo/split/ND/9,graph,1,G0,,0.0003263770000003774,identification,add_to_cart,,,,,
v3-main-771601/opentelemetry_demo/split/ND/9,graph,1,G0,,8.826399999861678e-05,solve,add_to_cart,,,,,
v3-main-771601/opentelemetry_demo/split/ND/9,graph,1,shared_graph_family,,0.21450384699999603,extraction,browse_product,,,,,
v3-main-771601/opentelemetry_demo/split/ND/9,graph,1,shared_graph_family,,0.003789535000002786,identification,browse_product,,,,,
v3-main-771601/opentelemetry_demo/split/ND/9,graph,1,shared_graph_family,,0.0008212669999991817,solve,browse_product,,,,,
v3-main-771601/opentelemetry_demo/split/ND/9,graph,1,G0,,0.00021755400000245118,identification,browse_product,,,,,
v3-main-771601/opentelemetry_demo/split/ND/9,graph,1,G0,,6.315699999959179e-05,solve,browse_product,,,,,
v3-main-771601/opentelemetry_demo/split/ND/9,graph,1,shared_graph_family,,1.595576849000004,extraction,checkout,,,,,
v3-main-771601/opentelemetry_demo/split/ND/9,graph,1,shared_graph_family,,0.006444940999998039,identification,checkout,,,,,
v3-main-771601/opentelemetry_demo/split/ND/9,graph,1,shared_graph_family,,0.001875145999996164,solve,checkout,,,,,
v3-main-771601/opentelemetry_demo/split/ND/9,graph,1,G0,,0.000684391999996592,identification,checkout,,,,,
v3-main-771601/opentelemetry_demo/split/ND/9,graph,1,G0,,7.331700000179353e-05,solve,checkout,,,,,
v3-main-771601/opentelemetry_demo/split/ND/9,pmx,1,PMX_shared_variants,,4.6160155160000045,native_projection,add_to_cart,,,,,
v3-main-771601/opentelemetry_demo/split/ND/9,pmx,1,PMX_shared_variants,,2.6492441470000045,native_projection,browse_product,,,,,
v3-main-771601/opentelemetry_demo/split/ND/9,pmx,1,PMX_shared_variants,,12.378014547999996,native_projection,checkout,,,,,
v3-main-771601/opentelemetry_demo/split/ND/9,pmx,1,PMX_shared_variants,,21.165169667,input_and_projection_process_total,,True,,,,
v3-main-771601/opentelemetry_demo/split/ND/9,pmx,1,PMX_shared_variants,,11.04,derived_binary_build,,,javac 11.0.32,2322880b6447754528e201553bc4e2fac00334b7d6f3ac202cfe1e3742bbbcc6,True,"{""maximum_rss_bytes"": 227717120.0, ""path"": ""build-resource-usage.txt"", ""system_seconds"": 0.29, ""user_seconds"": 6.88, ""wall_seconds"": 11.04}"
v3-main-771601/opentelemetry_demo/split/ND/9,pmx,1,PMX_shared_variants,,26.150877262999998,independent_pmx_extraction_process,add_to_cart,,,,,
v3-main-771601/opentelemetry_demo/split/ND/9,pmx,1,PMX_shared_variants,,23.390990539,independent_pmx_extraction_process,browse_product,,,,,
v3-main-771601/opentelemetry_demo/split/ND/9,pmx,1,PMX_shared_variants,,36.49186616200001,independent_pmx_extraction_process,checkout,,,,,
v3-main-771601/opentelemetry_demo/split/NCD/0,acquisition,1,shared_acquisition,True,2073.0760773800002,acquisition_and_export_process_total,,,,,,
v3-main-771601/opentelemetry_demo/split/NCD/0,acquisition,1,shared_native_pool,,4.96274739699993,native_parse,,,,,,
v3-main-771601/opentelemetry_demo/split/NCD/0,graph,1,B0,,0.005135870000003706,identification,,,,,,
v3-main-771601/opentelemetry_demo/split/NCD/0,graph,1,shared_graph_family,,0.42205629499994757,extraction,add_to_cart,,,,,
v3-main-771601/opentelemetry_demo/split/NCD/0,graph,1,shared_graph_family,,0.003953153999873393,identification,add_to_cart,,,,,
v3-main-771601/opentelemetry_demo/split/NCD/0,graph,1,shared_graph_family,,0.0036051070001121843,solve,add_to_cart,,,,,
v3-main-771601/opentelemetry_demo/split/NCD/0,graph,1,G0,,0.00029679399995075073,identification,add_to_cart,,,,,
v3-main-771601/opentelemetry_demo/split/NCD/0,graph,1,G0,,0.00011245000018789142,solve,add_to_cart,,,,,
v3-main-771601/opentelemetry_demo/split/NCD/0,graph,1,shared_graph_family,,0.14565585900004407,extraction,browse_product,,,,,
v3-main-771601/opentelemetry_demo/split/NCD/0,graph,1,shared_graph_family,,0.003248674999895229,identification,browse_product,,,,,
v3-main-771601/opentelemetry_demo/split/NCD/0,graph,1,shared_graph_family,,0.0032935599999746046,solve,browse_product,,,,,
v3-main-771601/opentelemetry_demo/split/NCD/0,graph,1,G0,,0.0001980550000553194,identification,browse_product,,,,,
v3-main-771601/opentelemetry_demo/split/NCD/0,graph,1,G0,,7.965700001477671e-05,solve,browse_product,,,,,
v3-main-771601/opentelemetry_demo/split/NCD/0,graph,1,shared_graph_family,,1.0199093109999922,extraction,checkout,,,,,
v3-main-771601/opentelemetry_demo/split/NCD/0,graph,1,shared_graph_family,,0.005553297999995266,identification,checkout,,,,,
v3-main-771601/opentelemetry_demo/split/NCD/0,graph,1,shared_graph_family,,0.007504590000053213,solve,checkout,,,,,
v3-main-771601/opentelemetry_demo/split/NCD/0,graph,1,G0,,0.000597704000028898,identification,checkout,,,,,
v3-main-771601/opentelemetry_demo/split/NCD/0,graph,1,G0,,0.00010104900002261274,solve,checkout,,,,,
v3-main-771601/opentelemetry_demo/split/NCD/0,pmx,1,PMX_shared_variants,,4.722785513000019,native_projection,add_to_cart,,,,,
v3-main-771601/opentelemetry_demo/split/NCD/0,pmx,1,PMX_shared_variants,,2.589911887000028,native_projection,browse_product,,,,,
v3-main-771601/opentelemetry_demo/split/NCD/0,pmx,1,PMX_shared_variants,,11.740666744999999,native_projection,checkout,,,,,
v3-main-771601/opentelemetry_demo/split/NCD/0,pmx,1,PMX_shared_variants,,20.493915599000047,input_and_projection_process_total,,True,,,,
v3-main-771601/opentelemetry_demo/split/NCD/0,pmx,1,PMX_shared_variants,,12.08,derived_binary_build,,,javac 11.0.32,2322880b6447754528e201553bc4e2fac00334b7d6f3ac202cfe1e3742bbbcc6,True,"{""maximum_rss_bytes"": 228171776.0, ""path"": ""build-resource-usage.txt"", ""system_seconds"": 0.32, ""user_seconds"": 7.17, ""wall_seconds"": 12.08}"
v3-main-771601/opentelemetry_demo/split/NCD/0,pmx,1,PMX_shared_variants,,25.940381446999993,independent_pmx_extraction_process,add_to_cart,,,,,
v3-main-771601/opentelemetry_demo/split/NCD/0,pmx,1,PMX_shared_variants,,23.233895174999986,independent_pmx_extraction_process,browse_product,,,,,
v3-main-771601/opentelemetry_demo/split/NCD/0,pmx,1,PMX_shared_variants,,32.826756130000035,independent_pmx_extraction_process,checkout,,,,,
v3-main-771601/opentelemetry_demo/split/NCD/1,acquisition,1,shared_acquisition,True,2077.241416183,acquisition_and_export_process_total,,,,,,
v3-main-771601/opentelemetry_demo/split/NCD/1,acquisition,1,shared_native_pool,,6.863442534999649,native_parse,,,,,,
v3-main-771601/opentelemetry_demo/split/NCD/1,graph,1,B0,,0.004240277000000958,identification,,,,,,
v3-main-771601/opentelemetry_demo/split/NCD/1,graph,1,shared_graph_family,,0.3577884420000004,extraction,add_to_cart,,,,,
v3-main-771601/opentelemetry_demo/split/NCD/1,graph,1,shared_graph_family,,0.003391680000000008,identification,add_to_cart,,,,,
v3-main-771601/opentelemetry_demo/split/NCD/1,graph,1,shared_graph_family,,0.002889514999999676,solve,add_to_cart,,,,,
v3-main-771601/opentelemetry_demo/split/NCD/1,graph,1,G0,,0.00024169900000003963,identification,add_to_cart,,,,,
v3-main-771601/opentelemetry_demo/split/NCD/1,graph,1,G0,,0.00010238900000558715,solve,add_to_cart,,,,,
v3-main-771601/opentelemetry_demo/split/NCD/1,graph,1,shared_graph_family,,0.11773113999999651,extraction,browse_product,,,,,
v3-main-771601/opentelemetry_demo/split/NCD/1,graph,1,shared_graph_family,,0.0028284240000004957,identification,browse_product,,,,,
v3-main-771601/opentelemetry_demo/split/NCD/1,graph,1,shared_graph_family,,0.0025430569999969066,solve,browse_product,,,,,
v3-main-771601/opentelemetry_demo/split/NCD/1,graph,1,G0,,0.00016627600000163056,identification,browse_product,,,,,
v3-main-771601/opentelemetry_demo/split/NCD/1,graph,1,G0,,7.006500000272808e-05,solve,browse_product,,,,,
v3-main-771601/opentelemetry_demo/split/NCD/1,graph,1,shared_graph_family,,0.8031443759999988,extraction,checkout,,,,,
v3-main-771601/opentelemetry_demo/split/NCD/1,graph,1,shared_graph_family,,0.004817096000003573,identification,checkout,,,,,
v3-main-771601/opentelemetry_demo/split/NCD/1,graph,1,shared_graph_family,,0.008651096000001246,solve,checkout,,,,,
v3-main-771601/opentelemetry_demo/split/NCD/1,graph,1,G0,,0.0005059299999956579,identification,checkout,,,,,
v3-main-771601/opentelemetry_demo/split/NCD/1,graph,1,G0,,8.109899999908521e-05,solve,checkout,,,,,
v3-main-771601/opentelemetry_demo/split/NCD/1,pmx,1,PMX_shared_variants,,4.587433722000014,native_projection,add_to_cart,,,,,
v3-main-771601/opentelemetry_demo/split/NCD/1,pmx,1,PMX_shared_variants,,2.4922226589999923,native_projection,browse_product,,,,,
v3-main-771601/opentelemetry_demo/split/NCD/1,pmx,1,PMX_shared_variants,,10.757168586999967,native_projection,checkout,,,,,
v3-main-771601/opentelemetry_demo/split/NCD/1,pmx,1,PMX_shared_variants,,19.176250020999987,input_and_projection_process_total,,True,,,,
v3-main-771601/opentelemetry_demo/split/NCD/1,pmx,1,PMX_shared_variants,,11.2,derived_binary_build,,,javac 11.0.32,2322880b6447754528e201553bc4e2fac00334b7d6f3ac202cfe1e3742bbbcc6,True,"{""maximum_rss_bytes"": 227516416.0, ""path"": ""build-resource-usage.txt"", ""system_seconds"": 0.3, ""user_seconds"": 7.0, ""wall_seconds"": 11.2}"
v3-main-771601/opentelemetry_demo/split/NCD/1,pmx,1,PMX_shared_variants,,26.09992881100004,independent_pmx_extraction_process,add_to_cart,,,,,
v3-main-771601/opentelemetry_demo/split/NCD/1,pmx,1,PMX_shared_variants,,23.333262585,independent_pmx_extraction_process,browse_product,,,,,
v3-main-771601/opentelemetry_demo/split/NCD/1,pmx,1,PMX_shared_variants,,31.767857882999976,independent_pmx_extraction_process,checkout,,,,,
v3-main-771601/opentelemetry_demo/split/NCD/2,acquisition,1,shared_acquisition,True,2074.337567658,acquisition_and_export_process_total,,,,,,
v3-main-771601/opentelemetry_demo/split/NCD/2,acquisition,1,shared_native_pool,,5.7933710289999,native_parse,,,,,,
v3-main-771601/opentelemetry_demo/split/NCD/2,graph,1,B0,,0.0064376930000094035,identification,,,,,,
v3-main-771601/opentelemetry_demo/split/NCD/2,graph,1,shared_graph_family,,0.5477783050000085,extraction,add_to_cart,,,,,
v3-main-771601/opentelemetry_demo/split/NCD/2,graph,1,shared_graph_family,,0.004639322000002721,identification,add_to_cart,,,,,
v3-main-771601/opentelemetry_demo/split/NCD/2,graph,1,shared_graph_family,,0.0049637700000175755,solve,add_to_cart,,,,,
v3-main-771601/opentelemetry_demo/split/NCD/2,graph,1,G0,,0.00031423799998719915,identification,add_to_cart,,,,,
v3-main-771601/opentelemetry_demo/split/NCD/2,graph,1,G0,,9.50180000245382e-05,solve,add_to_cart,,,,,
v3-main-771601/opentelemetry_demo/split/NCD/2,graph,1,shared_graph_family,,0.1874950799999624,extraction,browse_product,,,,,
v3-main-771601/opentelemetry_demo/split/NCD/2,graph,1,shared_graph_family,,0.003923722000024554,identification,browse_product,,,,,
v3-main-771601/opentelemetry_demo/split/NCD/2,graph,1,shared_graph_family,,0.003370064000023376,solve,browse_product,,,,,
v3-main-771601/opentelemetry_demo/split/NCD/2,graph,1,G0,,0.000226053000005777,identification,browse_product,,,,,
v3-main-771601/opentelemetry_demo/split/NCD/2,graph,1,G0,,7.347700000082114e-05,solve,browse_product,,,,,
v3-main-771601/opentelemetry_demo/split/NCD/2,graph,1,shared_graph_family,,0.9833596149999835,extraction,checkout,,,,,
v3-main-771601/opentelemetry_demo/split/NCD/2,graph,1,shared_graph_family,,0.0063674410000089665,identification,checkout,,,,,
v3-main-771601/opentelemetry_demo/split/NCD/2,graph,1,shared_graph_family,,0.010970394999958444,solve,checkout,,,,,
v3-main-771601/opentelemetry_demo/split/NCD/2,graph,1,G0,,0.0006774899999868467,identification,checkout,,,,,
v3-main-771601/opentelemetry_demo/split/NCD/2,graph,1,G0,,9.097100002009029e-05,solve,checkout,,,,,
v3-main-771601/opentelemetry_demo/split/NCD/2,pmx,1,PMX_shared_variants,,4.424103856999977,native_projection,add_to_cart,,,,,
v3-main-771601/opentelemetry_demo/split/NCD/2,pmx,1,PMX_shared_variants,,2.4785448840000015,native_projection,browse_product,,,,,
v3-main-771601/opentelemetry_demo/split/NCD/2,pmx,1,PMX_shared_variants,,8.99142939799998,native_projection,checkout,,,,,
v3-main-771601/opentelemetry_demo/split/NCD/2,pmx,1,PMX_shared_variants,,17.033650354000002,input_and_projection_process_total,,True,,,,
v3-main-771601/opentelemetry_demo/split/NCD/2,pmx,1,PMX_shared_variants,,9.65,derived_binary_build,,,javac 11.0.32,2322880b6447754528e201553bc4e2fac00334b7d6f3ac202cfe1e3742bbbcc6,True,"{""maximum_rss_bytes"": 227577856.0, ""path"": ""build-resource-usage.txt"", ""system_seconds"": 0.31, ""user_seconds"": 6.98, ""wall_seconds"": 9.65}"
v3-main-771601/opentelemetry_demo/split/NCD/2,pmx,1,PMX_shared_variants,,26.391840054,independent_pmx_extraction_process,add_to_cart,,,,,
v3-main-771601/opentelemetry_demo/split/NCD/2,pmx,1,PMX_shared_variants,,23.33694145299998,independent_pmx_extraction_process,browse_product,,,,,
v3-main-771601/opentelemetry_demo/split/NCD/2,pmx,1,PMX_shared_variants,,29.614722715000028,independent_pmx_extraction_process,checkout,,,,,
v3-main-771601/opentelemetry_demo/split/NCD/3,acquisition,1,shared_acquisition,True,2080.0697302080002,acquisition_and_export_process_total,,,,,,
v3-main-771601/opentelemetry_demo/split/NCD/3,acquisition,1,shared_native_pool,,8.63926682300007,native_parse,,,,,,
v3-main-771601/opentelemetry_demo/split/NCD/3,graph,1,B0,,0.005936285999979418,identification,,,,,,
v3-main-771601/opentelemetry_demo/split/NCD/3,graph,1,shared_graph_family,,0.5508420559999934,extraction,add_to_cart,,,,,
v3-main-771601/opentelemetry_demo/split/NCD/3,graph,1,shared_graph_family,,0.004628838000002133,identification,add_to_cart,,,,,
v3-main-771601/opentelemetry_demo/split/NCD/3,graph,1,shared_graph_family,,0.003931632000018226,solve,add_to_cart,,,,,
v3-main-771601/opentelemetry_demo/split/NCD/3,graph,1,G0,,0.0003104310000026089,identification,add_to_cart,,,,,
v3-main-771601/opentelemetry_demo/split/NCD/3,graph,1,G0,,9.603999998830659e-05,solve,add_to_cart,,,,,
v3-main-771601/opentelemetry_demo/split/NCD/3,graph,1,shared_graph_family,,0.20451866900000937,extraction,browse_product,,,,,
v3-main-771601/opentelemetry_demo/split/NCD/3,graph,1,shared_graph_family,,0.0038730329999907553,identification,browse_product,,,,,
v3-main-771601/opentelemetry_demo/split/NCD/3,graph,1,shared_graph_family,,0.002627300000000332,solve,browse_product,,,,,
v3-main-771601/opentelemetry_demo/split/NCD/3,graph,1,G0,,0.00023384799999348616,identification,browse_product,,,,,
v3-main-771601/opentelemetry_demo/split/NCD/3,graph,1,G0,,6.731599998488491e-05,solve,browse_product,,,,,
v3-main-771601/opentelemetry_demo/split/NCD/3,graph,1,shared_graph_family,,1.4827190919999964,extraction,checkout,,,,,
v3-main-771601/opentelemetry_demo/split/NCD/3,graph,1,shared_graph_family,,0.006475996999995459,identification,checkout,,,,,
v3-main-771601/opentelemetry_demo/split/NCD/3,graph,1,shared_graph_family,,0.006749248999994961,solve,checkout,,,,,
v3-main-771601/opentelemetry_demo/split/NCD/3,graph,1,G0,,0.0006871759999853566,identification,checkout,,,,,
v3-main-771601/opentelemetry_demo/split/NCD/3,graph,1,G0,,8.775500000979264e-05,solve,checkout,,,,,
v3-main-771601/opentelemetry_demo/split/NCD/3,pmx,1,PMX_shared_variants,,4.668989283000002,native_projection,add_to_cart,,,,,
v3-main-771601/opentelemetry_demo/split/NCD/3,pmx,1,PMX_shared_variants,,2.707172995999997,native_projection,browse_product,,,,,
v3-main-771601/opentelemetry_demo/split/NCD/3,pmx,1,PMX_shared_variants,,11.744701075000023,native_projection,checkout,,,,,
v3-main-771601/opentelemetry_demo/split/NCD/3,pmx,1,PMX_shared_variants,,20.55731658199997,input_and_projection_process_total,,True,,,,
v3-main-771601/opentelemetry_demo/split/NCD/3,pmx,1,PMX_shared_variants,,11.53,derived_binary_build,,,javac 11.0.32,2322880b6447754528e201553bc4e2fac00334b7d6f3ac202cfe1e3742bbbcc6,True,"{""maximum_rss_bytes"": 228311040.0, ""path"": ""build-resource-usage.txt"", ""system_seconds"": 0.32, ""user_seconds"": 6.98, ""wall_seconds"": 11.53}"
v3-main-771601/opentelemetry_demo/split/NCD/3,pmx,1,PMX_shared_variants,,26.696514069000045,independent_pmx_extraction_process,add_to_cart,,,,,
v3-main-771601/opentelemetry_demo/split/NCD/3,pmx,1,PMX_shared_variants,,23.48888692999998,independent_pmx_extraction_process,browse_product,,,,,
v3-main-771601/opentelemetry_demo/split/NCD/3,pmx,1,PMX_shared_variants,,33.837262049,independent_pmx_extraction_process,checkout,,,,,
v3-main-771601/opentelemetry_demo/split/NCD/4,acquisition,1,shared_acquisition,True,2080.172181343,acquisition_and_export_process_total,,,,,,
v3-main-771601/opentelemetry_demo/split/NCD/4,acquisition,1,shared_native_pool,,8.476209410999672,native_parse,,,,,,
v3-main-771601/opentelemetry_demo/split/NCD/4,graph,1,B0,,0.0062766049999964935,identification,,,,,,
v3-main-771601/opentelemetry_demo/split/NCD/4,graph,1,shared_graph_family,,0.5955045780000034,extraction,add_to_cart,,,,,
v3-main-771601/opentelemetry_demo/split/NCD/4,graph,1,shared_graph_family,,0.004666820000004179,identification,add_to_cart,,,,,
v3-main-771601/opentelemetry_demo/split/NCD/4,graph,1,shared_graph_family,,0.004320155999998576,solve,add_to_cart,,,,,
v3-main-771601/opentelemetry_demo/split/NCD/4,graph,1,G0,,0.00034214700000489984,identification,add_to_cart,,,,,
v3-main-771601/opentelemetry_demo/split/NCD/4,graph,1,G0,,0.0001435069999971006,solve,add_to_cart,,,,,
v3-main-771601/opentelemetry_demo/split/NCD/4,graph,1,shared_graph_family,,0.1886735320000028,extraction,browse_product,,,,,
v3-main-771601/opentelemetry_demo/split/NCD/4,graph,1,shared_graph_family,,0.0038114089999936596,identification,browse_product,,,,,
v3-main-771601/opentelemetry_demo/split/NCD/4,graph,1,shared_graph_family,,0.003196946000002754,solve,browse_product,,,,,
v3-main-771601/opentelemetry_demo/split/NCD/4,graph,1,G0,,0.0002348070000053326,identification,browse_product,,,,,
v3-main-771601/opentelemetry_demo/split/NCD/4,graph,1,G0,,0.00010209999999943875,solve,browse_product,,,,,
v3-main-771601/opentelemetry_demo/split/NCD/4,graph,1,shared_graph_family,,1.3021233569999993,extraction,checkout,,,,,
v3-main-771601/opentelemetry_demo/split/NCD/4,graph,1,shared_graph_family,,0.0064765239999999835,identification,checkout,,,,,
v3-main-771601/opentelemetry_demo/split/NCD/4,graph,1,shared_graph_family,,0.007844203000004768,solve,checkout,,,,,
v3-main-771601/opentelemetry_demo/split/NCD/4,graph,1,G0,,0.0007284819999995307,identification,checkout,,,,,
v3-main-771601/opentelemetry_demo/split/NCD/4,graph,1,G0,,0.0001066179999966721,solve,checkout,,,,,
v3-main-771601/opentelemetry_demo/split/NCD/4,pmx,1,PMX_shared_variants,,3.4140214540000215,native_projection,add_to_cart,,,,,
v3-main-771601/opentelemetry_demo/split/NCD/4,pmx,1,PMX_shared_variants,,1.9441780220000169,native_projection,browse_product,,,,,
v3-main-771601/opentelemetry_demo/split/NCD/4,pmx,1,PMX_shared_variants,,8.67561661000002,native_projection,checkout,,,,,
v3-main-771601/opentelemetry_demo/split/NCD/4,pmx,1,PMX_shared_variants,,15.200442836000036,input_and_projection_process_total,,True,,,,
v3-main-771601/opentelemetry_demo/split/NCD/4,pmx,1,PMX_shared_variants,,6.9,derived_binary_build,,,javac 11.0.32,2322880b6447754528e201553bc4e2fac00334b7d6f3ac202cfe1e3742bbbcc6,True,"{""maximum_rss_bytes"": 225603584.0, ""path"": ""build-resource-usage.txt"", ""system_seconds"": 0.29, ""user_seconds"": 6.13, ""wall_seconds"": 6.9}"
v3-main-771601/opentelemetry_demo/split/NCD/4,pmx,1,PMX_shared_variants,,26.595836029000054,independent_pmx_extraction_process,add_to_cart,,,,,
v3-main-771601/opentelemetry_demo/split/NCD/4,pmx,1,PMX_shared_variants,,23.387954414999967,independent_pmx_extraction_process,browse_product,,,,,
v3-main-771601/opentelemetry_demo/split/NCD/4,pmx,1,PMX_shared_variants,,39.692592766000075,independent_pmx_extraction_process,checkout,,,,,
v3-main-771601/opentelemetry_demo/split/NCD/5,acquisition,1,shared_acquisition,True,2081.3766099540003,acquisition_and_export_process_total,,,,,,
v3-main-771601/opentelemetry_demo/split/NCD/5,acquisition,1,shared_native_pool,,8.663293937000162,native_parse,,,,,,
v3-main-771601/opentelemetry_demo/split/NCD/5,graph,1,B0,,0.004451556000020673,identification,,,,,,
v3-main-771601/opentelemetry_demo/split/NCD/5,graph,1,shared_graph_family,,0.39477135800001406,extraction,add_to_cart,,,,,
v3-main-771601/opentelemetry_demo/split/NCD/5,graph,1,shared_graph_family,,0.0034735999999782052,identification,add_to_cart,,,,,
v3-main-771601/opentelemetry_demo/split/NCD/5,graph,1,shared_graph_family,,0.0026424319999875934,solve,add_to_cart,,,,,
v3-main-771601/opentelemetry_demo/split/NCD/5,graph,1,G0,,0.00023645699999974568,identification,add_to_cart,,,,,
v3-main-771601/opentelemetry_demo/split/NCD/5,graph,1,G0,,9.359700001709825e-05,solve,add_to_cart,,,,,
v3-main-771601/opentelemetry_demo/split/NCD/5,graph,1,shared_graph_family,,0.15020130400000653,extraction,browse_product,,,,,
v3-main-771601/opentelemetry_demo/split/NCD/5,graph,1,shared_graph_family,,0.003072551000002477,identification,browse_product,,,,,
v3-main-771601/opentelemetry_demo/split/NCD/5,graph,1,shared_graph_family,,0.0020058949999963716,solve,browse_product,,,,,
v3-main-771601/opentelemetry_demo/split/NCD/5,graph,1,G0,,0.0001740109999843753,identification,browse_product,,,,,
v3-main-771601/opentelemetry_demo/split/NCD/5,graph,1,G0,,7.118400000649672e-05,solve,browse_product,,,,,
v3-main-771601/opentelemetry_demo/split/NCD/5,graph,1,shared_graph_family,,1.0503931150000199,extraction,checkout,,,,,
v3-main-771601/opentelemetry_demo/split/NCD/5,graph,1,shared_graph_family,,0.004867071999996142,identification,checkout,,,,,
v3-main-771601/opentelemetry_demo/split/NCD/5,graph,1,shared_graph_family,,0.005780775000005178,solve,checkout,,,,,
v3-main-771601/opentelemetry_demo/split/NCD/5,graph,1,G0,,0.000499928000010641,identification,checkout,,,,,
v3-main-771601/opentelemetry_demo/split/NCD/5,graph,1,G0,,8.670899998719506e-05,solve,checkout,,,,,
v3-main-771601/opentelemetry_demo/split/NCD/5,pmx,1,PMX_shared_variants,,3.8570858289999705,native_projection,add_to_cart,,,,,
v3-main-771601/opentelemetry_demo/split/NCD/5,pmx,1,PMX_shared_variants,,2.2295652699999664,native_projection,browse_product,,,,,
v3-main-771601/opentelemetry_demo/split/NCD/5,pmx,1,PMX_shared_variants,,9.438488731000007,native_projection,checkout,,,,,
v3-main-771601/opentelemetry_demo/split/NCD/5,pmx,1,PMX_shared_variants,,16.825580625000043,input_and_projection_process_total,,True,,,,
v3-main-771601/opentelemetry_demo/split/NCD/5,pmx,1,PMX_shared_variants,,14.21,derived_binary_build,,,javac 11.0.32,2322880b6447754528e201553bc4e2fac00334b7d6f3ac202cfe1e3742bbbcc6,True,"{""maximum_rss_bytes"": 225644544.0, ""path"": ""build-resource-usage.txt"", ""system_seconds"": 0.29, ""user_seconds"": 5.61, ""wall_seconds"": 14.21}"
v3-main-771601/opentelemetry_demo/split/NCD/5,pmx,1,PMX_shared_variants,,25.739145380999958,independent_pmx_extraction_process,add_to_cart,,,,,
v3-main-771601/opentelemetry_demo/split/NCD/5,pmx,1,PMX_shared_variants,,22.627532201000008,independent_pmx_extraction_process,browse_product,,,,,
v3-main-771601/opentelemetry_demo/split/NCD/5,pmx,1,PMX_shared_variants,,30.917983711000034,independent_pmx_extraction_process,checkout,,,,,
v3-main-771601/opentelemetry_demo/split/NCD/6,acquisition,1,shared_acquisition,True,2069.0058061090003,acquisition_and_export_process_total,,,,,,
v3-main-771601/opentelemetry_demo/split/NCD/6,acquisition,1,shared_native_pool,,4.145361915999729,native_parse,,,,,,
v3-main-771601/opentelemetry_demo/split/NCD/6,graph,1,B0,,0.00598509800001068,identification,,,,,,
v3-main-771601/opentelemetry_demo/split/NCD/6,graph,1,shared_graph_family,,0.4537709920000026,extraction,add_to_cart,,,,,
v3-main-771601/opentelemetry_demo/split/NCD/6,graph,1,shared_graph_family,,0.004665848000001915,identification,add_to_cart,,,,,
v3-main-771601/opentelemetry_demo/split/NCD/6,graph,1,shared_graph_family,,0.006583348000006595,solve,add_to_cart,,,,,
v3-main-771601/opentelemetry_demo/split/NCD/6,graph,1,G0,,0.0003118639999968309,identification,add_to_cart,,,,,
v3-main-771601/opentelemetry_demo/split/NCD/6,graph,1,G0,,9.615000000451346e-05,solve,add_to_cart,,,,,
v3-main-771601/opentelemetry_demo/split/NCD/6,graph,1,shared_graph_family,,0.16648590500000182,extraction,browse_product,,,,,
v3-main-771601/opentelemetry_demo/split/NCD/6,graph,1,shared_graph_family,,0.003856882999997424,identification,browse_product,,,,,
v3-main-771601/opentelemetry_demo/split/NCD/6,graph,1,shared_graph_family,,0.0029724369999968303,solve,browse_product,,,,,
v3-main-771601/opentelemetry_demo/split/NCD/6,graph,1,G0,,0.00021656599999175796,identification,browse_product,,,,,
v3-main-771601/opentelemetry_demo/split/NCD/6,graph,1,G0,,6.811699999786924e-05,solve,browse_product,,,,,
v3-main-771601/opentelemetry_demo/split/NCD/6,graph,1,shared_graph_family,,0.9753431600000084,extraction,checkout,,,,,
v3-main-771601/opentelemetry_demo/split/NCD/6,graph,1,shared_graph_family,,0.006554723999997236,identification,checkout,,,,,
v3-main-771601/opentelemetry_demo/split/NCD/6,graph,1,shared_graph_family,,0.007065641000011169,solve,checkout,,,,,
v3-main-771601/opentelemetry_demo/split/NCD/6,graph,1,G0,,0.0006756150000057914,identification,checkout,,,,,
v3-main-771601/opentelemetry_demo/split/NCD/6,graph,1,G0,,0.00010877399999742465,solve,checkout,,,,,
v3-main-771601/opentelemetry_demo/split/NCD/6,pmx,1,PMX_shared_variants,,3.960669292999995,native_projection,add_to_cart,,,,,
v3-main-771601/opentelemetry_demo/split/NCD/6,pmx,1,PMX_shared_variants,,2.4162520000000143,native_projection,browse_product,,,,,
v3-main-771601/opentelemetry_demo/split/NCD/6,pmx,1,PMX_shared_variants,,9.045531345,native_projection,checkout,,,,,
v3-main-771601/opentelemetry_demo/split/NCD/6,pmx,1,PMX_shared_variants,,16.627317411999996,input_and_projection_process_total,,True,,,,
v3-main-771601/opentelemetry_demo/split/NCD/6,pmx,1,PMX_shared_variants,,7.95,derived_binary_build,,,javac 11.0.32,2322880b6447754528e201553bc4e2fac00334b7d6f3ac202cfe1e3742bbbcc6,True,"{""maximum_rss_bytes"": 227692544.0, ""path"": ""build-resource-usage.txt"", ""system_seconds"": 0.35, ""user_seconds"": 7.03, ""wall_seconds"": 7.95}"
v3-main-771601/opentelemetry_demo/split/NCD/6,pmx,1,PMX_shared_variants,,25.29089562500002,independent_pmx_extraction_process,add_to_cart,,,,,
v3-main-771601/opentelemetry_demo/split/NCD/6,pmx,1,PMX_shared_variants,,23.28275303700002,independent_pmx_extraction_process,browse_product,,,,,
v3-main-771601/opentelemetry_demo/split/NCD/6,pmx,1,PMX_shared_variants,,28.461771967999994,independent_pmx_extraction_process,checkout,,,,,
v3-main-771601/opentelemetry_demo/split/NCD/7,acquisition,1,shared_acquisition,True,2081.793638626,acquisition_and_export_process_total,,,,,,
v3-main-771601/opentelemetry_demo/split/NCD/7,acquisition,1,shared_native_pool,,9.291377471000033,native_parse,,,,,,
v3-main-771601/opentelemetry_demo/split/NCD/7,graph,1,B0,,0.0035226179999767737,identification,,,,,,
v3-main-771601/opentelemetry_demo/split/NCD/7,graph,1,shared_graph_family,,0.3364760779999756,extraction,add_to_cart,,,,,
v3-main-771601/opentelemetry_demo/split/NCD/7,graph,1,shared_graph_family,,0.002799064000043927,identification,add_to_cart,,,,,
v3-main-771601/opentelemetry_demo/split/NCD/7,graph,1,shared_graph_family,,0.0013965739999548532,solve,add_to_cart,,,,,
v3-main-771601/opentelemetry_demo/split/NCD/7,graph,1,G0,,0.00021451200001365578,identification,add_to_cart,,,,,
v3-main-771601/opentelemetry_demo/split/NCD/7,graph,1,G0,,9.024199999885241e-05,solve,add_to_cart,,,,,
v3-main-771601/opentelemetry_demo/split/NCD/7,graph,1,shared_graph_family,,0.1253403819999903,extraction,browse_product,,,,,
v3-main-771601/opentelemetry_demo/split/NCD/7,graph,1,shared_graph_family,,0.002267736999954195,identification,browse_product,,,,,
v3-main-771601/opentelemetry_demo/split/NCD/7,graph,1,shared_graph_family,,0.0009787060000121528,solve,browse_product,,,,,
v3-main-771601/opentelemetry_demo/split/NCD/7,graph,1,G0,,0.00013956300000472766,identification,browse_product,,,,,
v3-main-771601/opentelemetry_demo/split/NCD/7,graph,1,G0,,6.496599996808072e-05,solve,browse_product,,,,,
v3-main-771601/opentelemetry_demo/split/NCD/7,graph,1,shared_graph_family,,0.9066537180000296,extraction,checkout,,,,,
v3-main-771601/opentelemetry_demo/split/NCD/7,graph,1,shared_graph_family,,0.003960253000002467,identification,checkout,,,,,
v3-main-771601/opentelemetry_demo/split/NCD/7,graph,1,shared_graph_family,,0.0030351610000138862,solve,checkout,,,,,
v3-main-771601/opentelemetry_demo/split/NCD/7,graph,1,G0,,0.0004484130000150799,identification,checkout,,,,,
v3-main-771601/opentelemetry_demo/split/NCD/7,graph,1,G0,,8.651799998915521e-05,solve,checkout,,,,,
v3-main-771601/opentelemetry_demo/split/NCD/7,pmx,1,PMX_shared_variants,,3.904380601000014,native_projection,add_to_cart,,,,,
v3-main-771601/opentelemetry_demo/split/NCD/7,pmx,1,PMX_shared_variants,,2.2001220429999933,native_projection,browse_product,,,,,
v3-main-771601/opentelemetry_demo/split/NCD/7,pmx,1,PMX_shared_variants,,10.058603347999991,native_projection,checkout,,,,,
v3-main-771601/opentelemetry_demo/split/NCD/7,pmx,1,PMX_shared_variants,,17.46708290799998,input_and_projection_process_total,,True,,,,
v3-main-771601/opentelemetry_demo/split/NCD/7,pmx,1,PMX_shared_variants,,10.38,derived_binary_build,,,javac 11.0.32,2322880b6447754528e201553bc4e2fac00334b7d6f3ac202cfe1e3742bbbcc6,True,"{""maximum_rss_bytes"": 225648640.0, ""path"": ""build-resource-usage.txt"", ""system_seconds"": 0.29, ""user_seconds"": 5.54, ""wall_seconds"": 10.38}"
v3-main-771601/opentelemetry_demo/split/NCD/7,pmx,1,PMX_shared_variants,,26.190329630000008,independent_pmx_extraction_process,add_to_cart,,,,,
v3-main-771601/opentelemetry_demo/split/NCD/7,pmx,1,PMX_shared_variants,,22.579500509000013,independent_pmx_extraction_process,browse_product,,,,,
v3-main-771601/opentelemetry_demo/split/NCD/7,pmx,1,PMX_shared_variants,,30.96125360000002,independent_pmx_extraction_process,checkout,,,,,
v3-main-771601/opentelemetry_demo/split/NCD/8,acquisition,1,shared_acquisition,True,2078.5091388,acquisition_and_export_process_total,,,,,,
v3-main-771601/opentelemetry_demo/split/NCD/8,acquisition,1,shared_native_pool,,8.262893341000108,native_parse,,,,,,
v3-main-771601/opentelemetry_demo/split/NCD/8,graph,1,B0,,0.006430311999999105,identification,,,,,,
v3-main-771601/opentelemetry_demo/split/NCD/8,graph,1,shared_graph_family,,0.556306333000002,extraction,add_to_cart,,,,,
v3-main-771601/opentelemetry_demo/split/NCD/8,graph,1,shared_graph_family,,0.004676836999998102,identification,add_to_cart,,,,,
v3-main-771601/opentelemetry_demo/split/NCD/8,graph,1,shared_graph_family,,0.004203936999999769,solve,add_to_cart,,,,,
v3-main-771601/opentelemetry_demo/split/NCD/8,graph,1,G0,,0.00032016600000162043,identification,add_to_cart,,,,,
v3-main-771601/opentelemetry_demo/split/NCD/8,graph,1,G0,,0.00010335199999644828,solve,add_to_cart,,,,,
v3-main-771601/opentelemetry_demo/split/NCD/8,graph,1,shared_graph_family,,0.17994668500000444,extraction,browse_product,,,,,
v3-main-771601/opentelemetry_demo/split/NCD/8,graph,1,shared_graph_family,,0.003987424000001738,identification,browse_product,,,,,
v3-main-771601/opentelemetry_demo/split/NCD/8,graph,1,shared_graph_family,,0.005482998999994493,solve,browse_product,,,,,
v3-main-771601/opentelemetry_demo/split/NCD/8,graph,1,G0,,0.00022747299999537063,identification,browse_product,,,,,
v3-main-771601/opentelemetry_demo/split/NCD/8,graph,1,G0,,7.347700000082114e-05,solve,browse_product,,,,,
v3-main-771601/opentelemetry_demo/split/NCD/8,graph,1,shared_graph_family,,1.2236577850000003,extraction,checkout,,,,,
v3-main-771601/opentelemetry_demo/split/NCD/8,graph,1,shared_graph_family,,0.006591272000001425,identification,checkout,,,,,
v3-main-771601/opentelemetry_demo/split/NCD/8,graph,1,shared_graph_family,,0.009890504000004796,solve,checkout,,,,,
v3-main-771601/opentelemetry_demo/split/NCD/8,graph,1,G0,,0.0007124360000005936,identification,checkout,,,,,
v3-main-771601/opentelemetry_demo/split/NCD/8,graph,1,G0,,0.00012362999999737667,solve,checkout,,,,,
v3-main-771601/opentelemetry_demo/split/NCD/8,pmx,1,PMX_shared_variants,,3.499853377000001,native_projection,add_to_cart,,,,,
v3-main-771601/opentelemetry_demo/split/NCD/8,pmx,1,PMX_shared_variants,,1.9415319849999975,native_projection,browse_product,,,,,
v3-main-771601/opentelemetry_demo/split/NCD/8,pmx,1,PMX_shared_variants,,8.613289178000002,native_projection,checkout,,,,,
v3-main-771601/opentelemetry_demo/split/NCD/8,pmx,1,PMX_shared_variants,,15.172972326,input_and_projection_process_total,,True,,,,
v3-main-771601/opentelemetry_demo/split/NCD/8,pmx,1,PMX_shared_variants,,8.53,derived_binary_build,,,javac 11.0.32,2322880b6447754528e201553bc4e2fac00334b7d6f3ac202cfe1e3742bbbcc6,True,"{""maximum_rss_bytes"": 225595392.0, ""path"": ""build-resource-usage.txt"", ""system_seconds"": 0.26, ""user_seconds"": 5.52, ""wall_seconds"": 8.53}"
v3-main-771601/opentelemetry_demo/split/NCD/8,pmx,1,PMX_shared_variants,,25.434814992,independent_pmx_extraction_process,add_to_cart,,,,,
v3-main-771601/opentelemetry_demo/split/NCD/8,pmx,1,PMX_shared_variants,,22.527306208,independent_pmx_extraction_process,browse_product,,,,,
v3-main-771601/opentelemetry_demo/split/NCD/8,pmx,1,PMX_shared_variants,,29.60865088700001,independent_pmx_extraction_process,checkout,,,,,
v3-main-771601/opentelemetry_demo/split/NCD/9,acquisition,1,shared_acquisition,True,2076.269354699,acquisition_and_export_process_total,,,,,,
v3-main-771601/opentelemetry_demo/split/NCD/9,acquisition,1,shared_native_pool,,7.070500855999853,native_parse,,,,,,
v3-main-771601/opentelemetry_demo/split/NCD/9,graph,1,B0,,0.006293193999994173,identification,,,,,,
v3-main-771601/opentelemetry_demo/split/NCD/9,graph,1,shared_graph_family,,0.5114997940000023,extraction,add_to_cart,,,,,
v3-main-771601/opentelemetry_demo/split/NCD/9,graph,1,shared_graph_family,,0.004573123000000123,identification,add_to_cart,,,,,
v3-main-771601/opentelemetry_demo/split/NCD/9,graph,1,shared_graph_family,,0.004451655999986315,solve,add_to_cart,,,,,
v3-main-771601/opentelemetry_demo/split/NCD/9,graph,1,G0,,0.0003441140000006726,identification,add_to_cart,,,,,
v3-main-771601/opentelemetry_demo/split/NCD/9,graph,1,G0,,0.00010155999999028609,solve,add_to_cart,,,,,
v3-main-771601/opentelemetry_demo/split/NCD/9,graph,1,shared_graph_family,,0.16408183599997983,extraction,browse_product,,,,,
v3-main-771601/opentelemetry_demo/split/NCD/9,graph,1,shared_graph_family,,0.003966176000005817,identification,browse_product,,,,,
v3-main-771601/opentelemetry_demo/split/NCD/9,graph,1,shared_graph_family,,0.003824670999989621,solve,browse_product,,,,,
v3-main-771601/opentelemetry_demo/split/NCD/9,graph,1,G0,,0.0002314029999865852,identification,browse_product,,,,,
v3-main-771601/opentelemetry_demo/split/NCD/9,graph,1,G0,,9.36149999972713e-05,solve,browse_product,,,,,
v3-main-771601/opentelemetry_demo/split/NCD/9,graph,1,shared_graph_family,,0.9629125509999881,extraction,checkout,,,,,
v3-main-771601/opentelemetry_demo/split/NCD/9,graph,1,shared_graph_family,,0.006527122999983703,identification,checkout,,,,,
v3-main-771601/opentelemetry_demo/split/NCD/9,graph,1,shared_graph_family,,0.011399496999985104,solve,checkout,,,,,
v3-main-771601/opentelemetry_demo/split/NCD/9,graph,1,G0,,0.0007261399999833884,identification,checkout,,,,,
v3-main-771601/opentelemetry_demo/split/NCD/9,graph,1,G0,,9.589999999093379e-05,solve,checkout,,,,,
v3-main-771601/opentelemetry_demo/split/NCD/9,pmx,1,PMX_shared_variants,,2.7070194540000045,native_projection,add_to_cart,,,,,
v3-main-771601/opentelemetry_demo/split/NCD/9,pmx,1,PMX_shared_variants,,1.508125758999995,native_projection,browse_product,,,,,
v3-main-771601/opentelemetry_demo/split/NCD/9,pmx,1,PMX_shared_variants,,5.921599431999994,native_projection,checkout,,,,,
v3-main-771601/opentelemetry_demo/split/NCD/9,pmx,1,PMX_shared_variants,,10.932218118000009,input_and_projection_process_total,,True,,,,
v3-main-771601/opentelemetry_demo/split/NCD/9,pmx,1,PMX_shared_variants,,5.48,derived_binary_build,,,javac 11.0.32,2322880b6447754528e201553bc4e2fac00334b7d6f3ac202cfe1e3742bbbcc6,True,"{""maximum_rss_bytes"": 225595392.0, ""path"": ""build-resource-usage.txt"", ""system_seconds"": 0.25, ""user_seconds"": 4.56, ""wall_seconds"": 5.48}"
v3-main-771601/opentelemetry_demo/split/NCD/9,pmx,1,PMX_shared_variants,,24.485932996999964,independent_pmx_extraction_process,add_to_cart,,,,,
v3-main-771601/opentelemetry_demo/split/NCD/9,pmx,1,PMX_shared_variants,,21.97956769800004,independent_pmx_extraction_process,browse_product,,,,,
v3-main-771601/opentelemetry_demo/split/NCD/9,pmx,1,PMX_shared_variants,,25.994483355,independent_pmx_extraction_process,checkout,,,,,
v3-main-771601/spring_petclinic_microservices/colocated/N/0,acquisition,1,shared_acquisition,True,2119.9702298449997,acquisition_and_export_process_total,,,,,,
v3-main-771601/spring_petclinic_microservices/colocated/N/0,acquisition,1,shared_native_pool,,3.362071560000004,native_parse,,,,,,
v3-main-771601/spring_petclinic_microservices/colocated/N/0,graph,1,B0,,0.005808849999993981,identification,,,,,,
v3-main-771601/spring_petclinic_microservices/colocated/N/0,graph,1,shared_graph_family,,0.16982317400001534,extraction,create_visit,,,,,
v3-main-771601/spring_petclinic_microservices/colocated/N/0,graph,1,shared_graph_family,,0.002989126000016995,identification,create_visit,,,,,
v3-main-771601/spring_petclinic_microservices/colocated/N/0,graph,1,shared_graph_family,,0.0017412480000018604,solve,create_visit,,,,,
v3-main-771601/spring_petclinic_microservices/colocated/N/0,graph,1,G0,,0.00020137799998565242,identification,create_visit,,,,,
v3-main-771601/spring_petclinic_microservices/colocated/N/0,graph,1,G0,,0.00015488900001514594,solve,create_visit,,,,,
v3-main-771601/spring_petclinic_microservices/colocated/N/0,graph,1,shared_graph_family,,0.3054226890000109,extraction,list_owners,,,,,
v3-main-771601/spring_petclinic_microservices/colocated/N/0,graph,1,shared_graph_family,,0.0024151149999909194,identification,list_owners,,,,,
v3-main-771601/spring_petclinic_microservices/colocated/N/0,graph,1,shared_graph_family,,0.00020782700002541787,solve,list_owners,,,,,
v3-main-771601/spring_petclinic_microservices/colocated/N/0,graph,1,G0,,0.0001799559999824396,identification,list_owners,,,,,
v3-main-771601/spring_petclinic_microservices/colocated/N/0,graph,1,G0,,0.0001364519999924596,solve,list_owners,,,,,
v3-main-771601/spring_petclinic_microservices/colocated/N/0,graph,1,shared_graph_family,,0.04940075800001864,extraction,list_vets,,,,,
v3-main-771601/spring_petclinic_microservices/colocated/N/0,graph,1,shared_graph_family,,0.00190033400002676,identification,list_vets,,,,,
v3-main-771601/spring_petclinic_microservices/colocated/N/0,graph,1,shared_graph_family,,0.00018174900000644811,solve,list_vets,,,,,
v3-main-771601/spring_petclinic_microservices/colocated/N/0,graph,1,G0,,0.0001266769999972439,identification,list_vets,,,,,
v3-main-771601/spring_petclinic_microservices/colocated/N/0,graph,1,G0,,5.01840000026732e-05,solve,list_vets,,,,,
v3-main-771601/spring_petclinic_microservices/colocated/N/0,graph,1,shared_graph_family,,0.18955698999999981,extraction,owner_details_with_visits,,,,,
v3-main-771601/spring_petclinic_microservices/colocated/N/0,graph,1,shared_graph_family,,0.003184695000015836,identification,owner_details_with_visits,,,,,
v3-main-771601/spring_petclinic_microservices/colocated/N/0,graph,1,shared_graph_family,,0.0018715909999968972,solve,owner_details_with_visits,,,,,
v3-main-771601/spring_petclinic_microservices/colocated/N/0,graph,1,G0,,0.00027400600001215025,identification,owner_details_with_visits,,,,,
v3-main-771601/spring_petclinic_microservices/colocated/N/0,graph,1,G0,,0.00013344699999606746,solve,owner_details_with_visits,,,,,
v3-main-771601/spring_petclinic_microservices/colocated/N/0,pmx,1,PMX_shared_variants,,1.677462632000001,native_projection,create_visit,,,,,
v3-main-771601/spring_petclinic_microservices/colocated/N/0,pmx,1,PMX_shared_variants,,5.6650163080000056,native_projection,list_owners,,,,,
v3-main-771601/spring_petclinic_microservices/colocated/N/0,pmx,1,PMX_shared_variants,,1.227783211000002,native_projection,list_vets,,,,,
v3-main-771601/spring_petclinic_microservices/colocated/N/0,pmx,1,PMX_shared_variants,,2.5690003469999994,native_projection,owner_details_with_visits,,,,,
v3-main-771601/spring_petclinic_microservices/colocated/N/0,pmx,1,PMX_shared_variants,,11.694458101000002,input_and_projection_process_total,,True,,,,
v3-main-771601/spring_petclinic_microservices/colocated/N/0,pmx,1,PMX_shared_variants,,6.79,derived_binary_build,,,javac 11.0.32,2322880b6447754528e201553bc4e2fac00334b7d6f3ac202cfe1e3742bbbcc6,True,"{""maximum_rss_bytes"": 228077568.0, ""path"": ""build-resource-usage.txt"", ""system_seconds"": 0.3, ""user_seconds"": 7.06, ""wall_seconds"": 6.79}"
v3-main-771601/spring_petclinic_microservices/colocated/N/0,pmx,1,PMX_shared_variants,,23.488297692000003,independent_pmx_extraction_process,create_visit,,,,,
v3-main-771601/spring_petclinic_microservices/colocated/N/0,pmx,1,PMX_shared_variants,,25.688382203000003,independent_pmx_extraction_process,list_owners,,,,,
v3-main-771601/spring_petclinic_microservices/colocated/N/0,pmx,1,PMX_shared_variants,,22.525062116,independent_pmx_extraction_process,list_vets,,,,,
v3-main-771601/spring_petclinic_microservices/colocated/N/0,pmx,1,PMX_shared_variants,,23.385566240000003,independent_pmx_extraction_process,owner_details_with_visits,,,,,
v3-main-771601/spring_petclinic_microservices/colocated/N/1,acquisition,1,shared_acquisition,True,2127.524403058,acquisition_and_export_process_total,,,,,,
v3-main-771601/spring_petclinic_microservices/colocated/N/1,acquisition,1,shared_native_pool,,3.490501698999651,native_parse,,,,,,
v3-main-771601/spring_petclinic_microservices/colocated/N/1,graph,1,B0,,0.0045667269999967175,identification,,,,,,
v3-main-771601/spring_petclinic_microservices/colocated/N/1,graph,1,shared_graph_family,,0.12113418300000234,extraction,create_visit,,,,,
v3-main-771601/spring_petclinic_microservices/colocated/N/1,graph,1,shared_graph_family,,0.0022254129999979,identification,create_visit,,,,,
v3-main-771601/spring_petclinic_microservices/colocated/N/1,graph,1,shared_graph_family,,0.0013870259999961831,solve,create_visit,,,,,
v3-main-771601/spring_petclinic_microservices/colocated/N/1,graph,1,G0,,0.000156210000000101,identification,create_visit,,,,,
v3-main-771601/spring_petclinic_microservices/colocated/N/1,graph,1,G0,,0.00010009800000432278,solve,create_visit,,,,,
v3-main-771601/spring_petclinic_microservices/colocated/N/1,graph,1,shared_graph_family,,0.23755980800000032,extraction,list_owners,,,,,
v3-main-771601/spring_petclinic_microservices/colocated/N/1,graph,1,shared_graph_family,,0.001683905000000152,identification,list_owners,,,,,
v3-main-771601/spring_petclinic_microservices/colocated/N/1,graph,1,shared_graph_family,,0.000152624999998352,solve,list_owners,,,,,
v3-main-771601/spring_petclinic_microservices/colocated/N/1,graph,1,G0,,0.00012984100000323906,identification,list_owners,,,,,
v3-main-771601/spring_petclinic_microservices/colocated/N/1,graph,1,G0,,9.1305000005093e-05,solve,list_owners,,,,,
v3-main-771601/spring_petclinic_microservices/colocated/N/1,graph,1,shared_graph_family,,0.03808782200000138,extraction,list_vets,,,,,
v3-main-771601/spring_petclinic_microservices/colocated/N/1,graph,1,shared_graph_family,,0.0015140240000022231,identification,list_vets,,,,,
v3-main-771601/spring_petclinic_microservices/colocated/N/1,graph,1,shared_graph_family,,0.00013829400000275882,solve,list_vets,,,,,
v3-main-771601/spring_petclinic_microservices/colocated/N/1,graph,1,G0,,8.927100000022392e-05,identification,list_vets,,,,,
v3-main-771601/spring_petclinic_microservices/colocated/N/1,graph,1,G0,,3.5682000003589565e-05,solve,list_vets,,,,,
v3-main-771601/spring_petclinic_microservices/colocated/N/1,graph,1,shared_graph_family,,0.14989380199999403,extraction,owner_details_with_visits,,,,,
v3-main-771601/spring_petclinic_microservices/colocated/N/1,graph,1,shared_graph_family,,0.0024691420000024777,identification,owner_details_with_visits,,,,,
v3-main-771601/spring_petclinic_microservices/colocated/N/1,graph,1,shared_graph_family,,0.0010780799999992041,solve,owner_details_with_visits,,,,,
v3-main-771601/spring_petclinic_microservices/colocated/N/1,graph,1,G0,,0.00018999999999635975,identification,owner_details_with_visits,,,,,
v3-main-771601/spring_petclinic_microservices/colocated/N/1,graph,1,G0,,8.349299999821369e-05,solve,owner_details_with_visits,,,,,
v3-main-771601/spring_petclinic_microservices/colocated/N/1,pmx,1,PMX_shared_variants,,1.1723922850000008,native_projection,create_visit,,,,,
v3-main-771601/spring_petclinic_microservices/colocated/N/1,pmx,1,PMX_shared_variants,,3.853548197000009,native_projection,list_owners,,,,,
v3-main-771601/spring_petclinic_microservices/colocated/N/1,pmx,1,PMX_shared_variants,,0.812001768000016,native_projection,list_vets,,,,,
v3-main-771601/spring_petclinic_microservices/colocated/N/1,pmx,1,PMX_shared_variants,,1.8312134640000295,native_projection,owner_details_with_visits,,,,,
v3-main-771601/spring_petclinic_microservices/colocated/N/1,pmx,1,PMX_shared_variants,,8.127318066999976,input_and_projection_process_total,,True,,,,
v3-main-771601/spring_petclinic_microservices/colocated/N/1,pmx,1,PMX_shared_variants,,9.26,derived_binary_build,,,javac 11.0.32,2322880b6447754528e201553bc4e2fac00334b7d6f3ac202cfe1e3742bbbcc6,True,"{""maximum_rss_bytes"": 225763328.0, ""path"": ""build-resource-usage.txt"", ""system_seconds"": 0.31, ""user_seconds"": 6.37, ""wall_seconds"": 9.26}"
v3-main-771601/spring_petclinic_microservices/colocated/N/1,pmx,1,PMX_shared_variants,,23.434959963999972,independent_pmx_extraction_process,create_visit,,,,,
v3-main-771601/spring_petclinic_microservices/colocated/N/1,pmx,1,PMX_shared_variants,,26.240286765999997,independent_pmx_extraction_process,list_owners,,,,,
v3-main-771601/spring_petclinic_microservices/colocated/N/1,pmx,1,PMX_shared_variants,,22.177159157000006,independent_pmx_extraction_process,list_vets,,,,,
v3-main-771601/spring_petclinic_microservices/colocated/N/1,pmx,1,PMX_shared_variants,,22.783029376,independent_pmx_extraction_process,owner_details_with_visits,,,,,
v3-main-771601/spring_petclinic_microservices/colocated/N/2,acquisition,1,shared_acquisition,True,2114.147277281,acquisition_and_export_process_total,,,,,,
v3-main-771601/spring_petclinic_microservices/colocated/N/2,acquisition,1,shared_native_pool,,2.6205713059998743,native_parse,,,,,,
v3-main-771601/spring_petclinic_microservices/colocated/N/2,graph,1,B0,,0.0042932159999793384,identification,,,,,,
v3-main-771601/spring_petclinic_microservices/colocated/N/2,graph,1,shared_graph_family,,0.11196494600000051,extraction,create_visit,,,,,
v3-main-771601/spring_petclinic_microservices/colocated/N/2,graph,1,shared_graph_family,,0.002055111000004217,identification,create_visit,,,,,
v3-main-771601/spring_petclinic_microservices/colocated/N/2,graph,1,shared_graph_family,,0.0013115970000114885,solve,create_visit,,,,,
v3-main-771601/spring_petclinic_microservices/colocated/N/2,graph,1,G0,,0.00014789400000836395,identification,create_visit,,,,,
v3-main-771601/spring_petclinic_microservices/colocated/N/2,graph,1,G0,,0.00013772400001244023,solve,create_visit,,,,,
v3-main-771601/spring_petclinic_microservices/colocated/N/2,graph,1,shared_graph_family,,0.22300007800001254,extraction,list_owners,,,,,
v3-main-771601/spring_petclinic_microservices/colocated/N/2,graph,1,shared_graph_family,,0.0014950769999870772,identification,list_owners,,,,,
v3-main-771601/spring_petclinic_microservices/colocated/N/2,graph,1,shared_graph_family,,0.00014234899998655237,solve,list_owners,,,,,
v3-main-771601/spring_petclinic_microservices/colocated/N/2,graph,1,G0,,0.00012565800000174931,identification,list_owners,,,,,
v3-main-771601/spring_petclinic_microservices/colocated/N/2,graph,1,G0,,8.481699998696968e-05,solve,list_owners,,,,,
v3-main-771601/spring_petclinic_microservices/colocated/N/2,graph,1,shared_graph_family,,0.036384937999997646,extraction,list_vets,,,,,
v3-main-771601/spring_petclinic_microservices/colocated/N/2,graph,1,shared_graph_family,,0.0013257139999893752,identification,list_vets,,,,,
v3-main-771601/spring_petclinic_microservices/colocated/N/2,graph,1,shared_graph_family,,0.00012616300000445335,solve,list_vets,,,,,
v3-main-771601/spring_petclinic_microservices/colocated/N/2,graph,1,G0,,9.24890000248979e-05,identification,list_vets,,,,,
v3-main-771601/spring_petclinic_microservices/colocated/N/2,graph,1,G0,,4.2473999997127976e-05,solve,list_vets,,,,,
v3-main-771601/spring_petclinic_microservices/colocated/N/2,graph,1,shared_graph_family,,0.1459168869999985,extraction,owner_details_with_visits,,,,,
v3-main-771601/spring_petclinic_microservices/colocated/N/2,graph,1,shared_graph_family,,0.002226606999983005,identification,owner_details_with_visits,,,,,
v3-main-771601/spring_petclinic_microservices/colocated/N/2,graph,1,shared_graph_family,,0.0014568969999970705,solve,owner_details_with_visits,,,,,
v3-main-771601/spring_petclinic_microservices/colocated/N/2,graph,1,G0,,0.00018705900001236841,identification,owner_details_with_visits,,,,,
v3-main-771601/spring_petclinic_microservices/colocated/N/2,graph,1,G0,,9.722400000100606e-05,solve,owner_details_with_visits,,,,,
v3-main-771601/spring_petclinic_microservices/colocated/N/2,pmx,1,PMX_shared_variants,,1.307064314999991,native_projection,create_visit,,,,,
v3-main-771601/spring_petclinic_microservices/colocated/N/2,pmx,1,PMX_shared_variants,,4.323611937999999,native_projection,list_owners,,,,,
v3-main-771601/spring_petclinic_microservices/colocated/N/2,pmx,1,PMX_shared_variants,,0.8928279330000066,native_projection,list_vets,,,,,
v3-main-771601/spring_petclinic_microservices/colocated/N/2,pmx,1,PMX_shared_variants,,1.9660421400000132,native_projection,owner_details_with_visits,,,,,
v3-main-771601/spring_petclinic_microservices/colocated/N/2,pmx,1,PMX_shared_variants,,8.986303727999996,input_and_projection_process_total,,True,,,,
v3-main-771601/spring_petclinic_microservices/colocated/N/2,pmx,1,PMX_shared_variants,,9.96,derived_binary_build,,,javac 11.0.32,2322880b6447754528e201553bc4e2fac00334b7d6f3ac202cfe1e3742bbbcc6,True,"{""maximum_rss_bytes"": 225988608.0, ""path"": ""build-resource-usage.txt"", ""system_seconds"": 0.31, ""user_seconds"": 7.03, ""wall_seconds"": 9.96}"
v3-main-771601/spring_petclinic_microservices/colocated/N/2,pmx,1,PMX_shared_variants,,24.136927219,independent_pmx_extraction_process,create_visit,,,,,
v3-main-771601/spring_petclinic_microservices/colocated/N/2,pmx,1,PMX_shared_variants,,26.952155542000014,independent_pmx_extraction_process,list_owners,,,,,
v3-main-771601/spring_petclinic_microservices/colocated/N/2,pmx,1,PMX_shared_variants,,22.42990918000004,independent_pmx_extraction_process,list_vets,,,,,
v3-main-771601/spring_petclinic_microservices/colocated/N/2,pmx,1,PMX_shared_variants,,23.23554050299998,independent_pmx_extraction_process,owner_details_with_visits,,,,,
v3-main-771601/spring_petclinic_microservices/colocated/N/3,acquisition,1,shared_acquisition,True,2115.497563891,acquisition_and_export_process_total,,,,,,
v3-main-771601/spring_petclinic_microservices/colocated/N/3,acquisition,1,shared_native_pool,,3.3007658919996175,native_parse,,,,,,
v3-main-771601/spring_petclinic_microservices/colocated/N/3,graph,1,B0,,0.006187176000004513,identification,,,,,,
v3-main-771601/spring_petclinic_microservices/colocated/N/3,graph,1,shared_graph_family,,0.1643921340000034,extraction,create_visit,,,,,
v3-main-771601/spring_petclinic_microservices/colocated/N/3,graph,1,shared_graph_family,,0.002920101000000841,identification,create_visit,,,,,
v3-main-771601/spring_petclinic_microservices/colocated/N/3,graph,1,shared_graph_family,,0.0018597879999973088,solve,create_visit,,,,,
v3-main-771601/spring_petclinic_microservices/colocated/N/3,graph,1,G0,,0.00019126599999452765,identification,create_visit,,,,,
v3-main-771601/spring_petclinic_microservices/colocated/N/3,graph,1,G0,,0.00011633700000146519,solve,create_visit,,,,,
v3-main-771601/spring_petclinic_microservices/colocated/N/3,graph,1,shared_graph_family,,0.34230776900000137,extraction,list_owners,,,,,
v3-main-771601/spring_petclinic_microservices/colocated/N/3,graph,1,shared_graph_family,,0.002173091000003069,identification,list_owners,,,,,
v3-main-771601/spring_petclinic_microservices/colocated/N/3,graph,1,shared_graph_family,,0.00017981399999911218,solve,list_owners,,,,,
v3-main-771601/spring_petclinic_microservices/colocated/N/3,graph,1,G0,,0.0001648869999968383,identification,list_owners,,,,,
v3-main-771601/spring_petclinic_microservices/colocated/N/3,graph,1,G0,,7.860599999531814e-05,solve,list_owners,,,,,
v3-main-771601/spring_petclinic_microservices/colocated/N/3,graph,1,shared_graph_family,,0.05450175100000365,extraction,list_vets,,,,,
v3-main-771601/spring_petclinic_microservices/colocated/N/3,graph,1,shared_graph_family,,0.0019198800000026495,identification,list_vets,,,,,
v3-main-771601/spring_petclinic_microservices/colocated/N/3,graph,1,shared_graph_family,,0.0001545770000035418,solve,list_vets,,,,,
v3-main-771601/spring_petclinic_microservices/colocated/N/3,graph,1,G0,,0.00011589600000405653,identification,list_vets,,,,,
v3-main-771601/spring_petclinic_microservices/colocated/N/3,graph,1,G0,,3.671800000404346e-05,solve,list_vets,,,,,
v3-main-771601/spring_petclinic_microservices/colocated/N/3,graph,1,shared_graph_family,,0.21365994099999597,extraction,owner_details_with_visits,,,,,
v3-main-771601/spring_petclinic_microservices/colocated/N/3,graph,1,shared_graph_family,,0.0030826529999998797,identification,owner_details_with_visits,,,,,
v3-main-771601/spring_petclinic_microservices/colocated/N/3,graph,1,shared_graph_family,,0.001892448999996077,solve,owner_details_with_visits,,,,,
v3-main-771601/spring_petclinic_microservices/colocated/N/3,graph,1,G0,,0.00026686600000402905,identification,owner_details_with_visits,,,,,
v3-main-771601/spring_petclinic_microservices/colocated/N/3,graph,1,G0,,9.193100000004506e-05,solve,owner_details_with_visits,,,,,
v3-main-771601/spring_petclinic_microservices/colocated/N/3,pmx,1,PMX_shared_variants,,1.658540692999992,native_projection,create_visit,,,,,
v3-main-771601/spring_petclinic_microservices/colocated/N/3,pmx,1,PMX_shared_variants,,5.5512087180000265,native_projection,list_owners,,,,,
v3-main-771601/spring_petclinic_microservices/colocated/N/3,pmx,1,PMX_shared_variants,,1.1825572379999585,native_projection,list_vets,,,,,
v3-main-771601/spring_petclinic_microservices/colocated/N/3,pmx,1,PMX_shared_variants,,2.5381394080000064,native_projection,owner_details_with_visits,,,,,
v3-main-771601/spring_petclinic_microservices/colocated/N/3,pmx,1,PMX_shared_variants,,11.477250494999993,input_and_projection_process_total,,True,,,,
v3-main-771601/spring_petclinic_microservices/colocated/N/3,pmx,1,PMX_shared_variants,,8.74,derived_binary_build,,,javac 11.0.32,2322880b6447754528e201553bc4e2fac00334b7d6f3ac202cfe1e3742bbbcc6,True,"{""maximum_rss_bytes"": 228114432.0, ""path"": ""build-resource-usage.txt"", ""system_seconds"": 0.29, ""user_seconds"": 6.63, ""wall_seconds"": 8.74}"
v3-main-771601/spring_petclinic_microservices/colocated/N/3,pmx,1,PMX_shared_variants,,24.236101388999998,independent_pmx_extraction_process,create_visit,,,,,
v3-main-771601/spring_petclinic_microservices/colocated/N/3,pmx,1,PMX_shared_variants,,25.59598945700003,independent_pmx_extraction_process,list_owners,,,,,
v3-main-771601/spring_petclinic_microservices/colocated/N/3,pmx,1,PMX_shared_variants,,22.730529122999997,independent_pmx_extraction_process,list_vets,,,,,
v3-main-771601/spring_petclinic_microservices/colocated/N/3,pmx,1,PMX_shared_variants,,23.288912777000007,independent_pmx_extraction_process,owner_details_with_visits,,,,,
v3-main-771601/spring_petclinic_microservices/colocated/N/4,acquisition,1,shared_acquisition,True,2120.361935341,acquisition_and_export_process_total,,,,,,
v3-main-771601/spring_petclinic_microservices/colocated/N/4,acquisition,1,shared_native_pool,,3.392453965000186,native_parse,,,,,,
v3-main-771601/spring_petclinic_microservices/colocated/N/4,graph,1,B0,,0.006039245000003746,identification,,,,,,
v3-main-771601/spring_petclinic_microservices/colocated/N/4,graph,1,shared_graph_family,,0.16496852899999936,extraction,create_visit,,,,,
v3-main-771601/spring_petclinic_microservices/colocated/N/4,graph,1,shared_graph_family,,0.0029284380000049737,identification,create_visit,,,,,
v3-main-771601/spring_petclinic_microservices/colocated/N/4,graph,1,shared_graph_family,,0.0019933580000000006,solve,create_visit,,,,,
v3-main-771601/spring_petclinic_microservices/colocated/N/4,graph,1,G0,,0.00018783000000155425,identification,create_visit,,,,,
v3-main-771601/spring_petclinic_microservices/colocated/N/4,graph,1,G0,,0.00012191599999766822,solve,create_visit,,,,,
v3-main-771601/spring_petclinic_microservices/colocated/N/4,graph,1,shared_graph_family,,0.3430500429999981,extraction,list_owners,,,,,
v3-main-771601/spring_petclinic_microservices/colocated/N/4,graph,1,shared_graph_family,,0.0022212820000007127,identification,list_owners,,,,,
v3-main-771601/spring_petclinic_microservices/colocated/N/4,graph,1,shared_graph_family,,0.0001890119999998774,solve,list_owners,,,,,
v3-main-771601/spring_petclinic_microservices/colocated/N/4,graph,1,G0,,0.00016250199999490178,identification,list_owners,,,,,
v3-main-771601/spring_petclinic_microservices/colocated/N/4,graph,1,G0,,8.5218000002385e-05,solve,list_owners,,,,,
v3-main-771601/spring_petclinic_microservices/colocated/N/4,graph,1,shared_graph_family,,0.054366528000002745,extraction,list_vets,,,,,
v3-main-771601/spring_petclinic_microservices/colocated/N/4,graph,1,shared_graph_family,,0.0019056249999991337,identification,list_vets,,,,,
v3-main-771601/spring_petclinic_microservices/colocated/N/4,graph,1,shared_graph_family,,0.00016774200000213568,solve,list_vets,,,,,
v3-main-771601/spring_petclinic_microservices/colocated/N/4,graph,1,G0,,0.000116297000005261,identification,list_vets,,,,,
v3-main-771601/spring_petclinic_microservices/colocated/N/4,graph,1,G0,,4.134699999980285e-05,solve,list_vets,,,,,
v3-main-771601/spring_petclinic_microservices/colocated/N/4,graph,1,shared_graph_family,,0.21436504100000064,extraction,owner_details_with_visits,,,,,
v3-main-771601/spring_petclinic_microservices/colocated/N/4,graph,1,shared_graph_family,,0.0031085029999999847,identification,owner_details_with_visits,,,,,
v3-main-771601/spring_petclinic_microservices/colocated/N/4,graph,1,shared_graph_family,,0.002175526999998567,solve,owner_details_with_visits,,,,,
v3-main-771601/spring_petclinic_microservices/colocated/N/4,graph,1,G0,,0.00024984400000249707,identification,owner_details_with_visits,,,,,
v3-main-771601/spring_petclinic_microservices/colocated/N/4,graph,1,G0,,9.302300000513242e-05,solve,owner_details_with_visits,,,,,
v3-main-771601/spring_petclinic_microservices/colocated/N/4,pmx,1,PMX_shared_variants,,1.6324900209999953,native_projection,create_visit,,,,,
v3-main-771601/spring_petclinic_microservices/colocated/N/4,pmx,1,PMX_shared_variants,,5.517070611999998,native_projection,list_owners,,,,,
v3-main-771601/spring_petclinic_microservices/colocated/N/4,pmx,1,PMX_shared_variants,,1.1899851609999814,native_projection,list_vets,,,,,
v3-main-771601/spring_petclinic_microservices/colocated/N/4,pmx,1,PMX_shared_variants,,2.5138647590000005,native_projection,owner_details_with_visits,,,,,
v3-main-771601/spring_petclinic_microservices/colocated/N/4,pmx,1,PMX_shared_variants,,11.384465312999993,input_and_projection_process_total,,True,,,,
v3-main-771601/spring_petclinic_microservices/colocated/N/4,pmx,1,PMX_shared_variants,,7.29,derived_binary_build,,,javac 11.0.32,2322880b6447754528e201553bc4e2fac00334b7d6f3ac202cfe1e3742bbbcc6,True,"{""maximum_rss_bytes"": 227598336.0, ""path"": ""build-resource-usage.txt"", ""system_seconds"": 0.28, ""user_seconds"": 7.0, ""wall_seconds"": 7.29}"
v3-main-771601/spring_petclinic_microservices/colocated/N/4,pmx,1,PMX_shared_variants,,23.837027543000005,independent_pmx_extraction_process,create_visit,,,,,
v3-main-771601/spring_petclinic_microservices/colocated/N/4,pmx,1,PMX_shared_variants,,25.335469613000015,independent_pmx_extraction_process,list_owners,,,,,
v3-main-771601/spring_petclinic_microservices/colocated/N/4,pmx,1,PMX_shared_variants,,22.424646660999997,independent_pmx_extraction_process,list_vets,,,,,
v3-main-771601/spring_petclinic_microservices/colocated/N/4,pmx,1,PMX_shared_variants,,22.880730015999973,independent_pmx_extraction_process,owner_details_with_visits,,,,,
v3-main-771601/spring_petclinic_microservices/colocated/N/5,acquisition,1,shared_acquisition,True,2120.084395284,acquisition_and_export_process_total,,,,,,
v3-main-771601/spring_petclinic_microservices/colocated/N/5,acquisition,1,shared_native_pool,,3.3242306299998745,native_parse,,,,,,
v3-main-771601/spring_petclinic_microservices/colocated/N/5,graph,1,B0,,0.006032607999998163,identification,,,,,,
v3-main-771601/spring_petclinic_microservices/colocated/N/5,graph,1,shared_graph_family,,0.17031599699998878,extraction,create_visit,,,,,
v3-main-771601/spring_petclinic_microservices/colocated/N/5,graph,1,shared_graph_family,,0.0029110979999984465,identification,create_visit,,,,,
v3-main-771601/spring_petclinic_microservices/colocated/N/5,graph,1,shared_graph_family,,0.001801298000003726,solve,create_visit,,,,,
v3-main-771601/spring_petclinic_microservices/colocated/N/5,graph,1,G0,,0.00021048199999995632,identification,create_visit,,,,,
v3-main-771601/spring_petclinic_microservices/colocated/N/5,graph,1,G0,,0.00011671799998680399,solve,create_visit,,,,,
v3-main-771601/spring_petclinic_microservices/colocated/N/5,graph,1,shared_graph_family,,0.3437223139999901,extraction,list_owners,,,,,
v3-main-771601/spring_petclinic_microservices/colocated/N/5,graph,1,shared_graph_family,,0.002179643999994596,identification,list_owners,,,,,
v3-main-771601/spring_petclinic_microservices/colocated/N/5,graph,1,shared_graph_family,,0.0001788940000153616,solve,list_owners,,,,,
v3-main-771601/spring_petclinic_microservices/colocated/N/5,graph,1,G0,,0.00015810499999702188,identification,list_owners,,,,,
v3-main-771601/spring_petclinic_microservices/colocated/N/5,graph,1,G0,,8.93959999928029e-05,solve,list_owners,,,,,
v3-main-771601/spring_petclinic_microservices/colocated/N/5,graph,1,shared_graph_family,,0.05507492799998204,extraction,list_vets,,,,,
v3-main-771601/spring_petclinic_microservices/colocated/N/5,graph,1,shared_graph_family,,0.001940036999997119,identification,list_vets,,,,,
v3-main-771601/spring_petclinic_microservices/colocated/N/5,graph,1,shared_graph_family,,0.0001708380000025045,solve,list_vets,,,,,
v3-main-771601/spring_petclinic_microservices/colocated/N/5,graph,1,G0,,0.00011612599999466511,identification,list_vets,,,,,
v3-main-771601/spring_petclinic_microservices/colocated/N/5,graph,1,G0,,4.531499999416155e-05,solve,list_vets,,,,,
v3-main-771601/spring_petclinic_microservices/colocated/N/5,graph,1,shared_graph_family,,0.21593916099999433,extraction,owner_details_with_visits,,,,,
v3-main-771601/spring_petclinic_microservices/colocated/N/5,graph,1,shared_graph_family,,0.0030881779999845094,identification,owner_details_with_visits,,,,,
v3-main-771601/spring_petclinic_microservices/colocated/N/5,graph,1,shared_graph_family,,0.0018963049999740633,solve,owner_details_with_visits,,,,,
v3-main-771601/spring_petclinic_microservices/colocated/N/5,graph,1,G0,,0.00024218199999381795,identification,owner_details_with_visits,,,,,
v3-main-771601/spring_petclinic_microservices/colocated/N/5,graph,1,G0,,0.00012226799998416027,solve,owner_details_with_visits,,,,,
v3-main-771601/spring_petclinic_microservices/colocated/N/5,pmx,1,PMX_shared_variants,,1.2216006799999946,native_projection,create_visit,,,,,
v3-main-771601/spring_petclinic_microservices/colocated/N/5,pmx,1,PMX_shared_variants,,4.210067729000002,native_projection,list_owners,,,,,
v3-main-771601/spring_petclinic_microservices/colocated/N/5,pmx,1,PMX_shared_variants,,0.8691875270000082,native_projection,list_vets,,,,,
v3-main-771601/spring_petclinic_microservices/colocated/N/5,pmx,1,PMX_shared_variants,,1.9098351060000027,native_projection,owner_details_with_visits,,,,,
v3-main-771601/spring_petclinic_microservices/colocated/N/5,pmx,1,PMX_shared_variants,,8.68674466699997,input_and_projection_process_total,,True,,,,
v3-main-771601/spring_petclinic_microservices/colocated/N/5,pmx,1,PMX_shared_variants,,9.64,derived_binary_build,,,javac 11.0.32,2322880b6447754528e201553bc4e2fac00334b7d6f3ac202cfe1e3742bbbcc6,True,"{""maximum_rss_bytes"": 225648640.0, ""path"": ""build-resource-usage.txt"", ""system_seconds"": 0.3, ""user_seconds"": 6.87, ""wall_seconds"": 9.64}"
v3-main-771601/spring_petclinic_microservices/colocated/N/5,pmx,1,PMX_shared_variants,,23.780602380999994,independent_pmx_extraction_process,create_visit,,,,,
v3-main-771601/spring_petclinic_microservices/colocated/N/5,pmx,1,PMX_shared_variants,,26.492240664999997,independent_pmx_extraction_process,list_owners,,,,,
v3-main-771601/spring_petclinic_microservices/colocated/N/5,pmx,1,PMX_shared_variants,,22.378940668999974,independent_pmx_extraction_process,list_vets,,,,,
v3-main-771601/spring_petclinic_microservices/colocated/N/5,pmx,1,PMX_shared_variants,,23.079070179999974,independent_pmx_extraction_process,owner_details_with_visits,,,,,
v3-main-771601/spring_petclinic_microservices/colocated/N/6,acquisition,1,shared_acquisition,True,2112.99601415,acquisition_and_export_process_total,,,,,,
v3-main-771601/spring_petclinic_microservices/colocated/N/6,acquisition,1,shared_native_pool,,3.2947769849997712,native_parse,,,,,,
v3-main-771601/spring_petclinic_microservices/colocated/N/6,graph,1,B0,,0.006144577999997125,identification,,,,,,
v3-main-771601/spring_petclinic_microservices/colocated/N/6,graph,1,shared_graph_family,,0.18492855899999938,extraction,create_visit,,,,,
v3-main-771601/spring_petclinic_microservices/colocated/N/6,graph,1,shared_graph_family,,0.0030477530000041497,identification,create_visit,,,,,
v3-main-771601/spring_petclinic_microservices/colocated/N/6,graph,1,shared_graph_family,,0.0018533080000011637,solve,create_visit,,,,,
v3-main-771601/spring_petclinic_microservices/colocated/N/6,graph,1,G0,,0.0001927799999990043,identification,create_visit,,,,,
v3-main-771601/spring_petclinic_microservices/colocated/N/6,graph,1,G0,,0.00012776900000233127,solve,create_visit,,,,,
v3-main-771601/spring_petclinic_microservices/colocated/N/6,graph,1,shared_graph_family,,0.3565001219999999,extraction,list_owners,,,,,
v3-main-771601/spring_petclinic_microservices/colocated/N/6,graph,1,shared_graph_family,,0.002205357000001129,identification,list_owners,,,,,
v3-main-771601/spring_petclinic_microservices/colocated/N/6,graph,1,shared_graph_family,,0.00019106699999582588,solve,list_owners,,,,,
v3-main-771601/spring_petclinic_microservices/colocated/N/6,graph,1,G0,,0.00016570999999743208,identification,list_owners,,,,,
v3-main-771601/spring_petclinic_microservices/colocated/N/6,graph,1,G0,,9.253300000011677e-05,solve,list_owners,,,,,
v3-main-771601/spring_petclinic_microservices/colocated/N/6,graph,1,shared_graph_family,,0.05714885699999428,extraction,list_vets,,,,,
v3-main-771601/spring_petclinic_microservices/colocated/N/6,graph,1,shared_graph_family,,0.0020398280000009095,identification,list_vets,,,,,
v3-main-771601/spring_petclinic_microservices/colocated/N/6,graph,1,shared_graph_family,,0.00018434500000097387,solve,list_vets,,,,,
v3-main-771601/spring_petclinic_microservices/colocated/N/6,graph,1,G0,,0.00013047399999521758,identification,list_vets,,,,,
v3-main-771601/spring_petclinic_microservices/colocated/N/6,graph,1,G0,,5.776799999779314e-05,solve,list_vets,,,,,
v3-main-771601/spring_petclinic_microservices/colocated/N/6,graph,1,shared_graph_family,,0.22547704899999843,extraction,owner_details_with_visits,,,,,
v3-main-771601/spring_petclinic_microservices/colocated/N/6,graph,1,shared_graph_family,,0.003254560999998546,identification,owner_details_with_visits,,,,,
v3-main-771601/spring_petclinic_microservices/colocated/N/6,graph,1,shared_graph_family,,0.002060025000005794,solve,owner_details_with_visits,,,,,
v3-main-771601/spring_petclinic_microservices/colocated/N/6,graph,1,G0,,0.00025164099999841483,identification,owner_details_with_visits,,,,,
v3-main-771601/spring_petclinic_microservices/colocated/N/6,graph,1,G0,,0.00010316300000567935,solve,owner_details_with_visits,,,,,
v3-main-771601/spring_petclinic_microservices/colocated/N/6,pmx,1,PMX_shared_variants,,1.595804072000007,native_projection,create_visit,,,,,
v3-main-771601/spring_petclinic_microservices/colocated/N/6,pmx,1,PMX_shared_variants,,5.4638152849999955,native_projection,list_owners,,,,,
v3-main-771601/spring_petclinic_microservices/colocated/N/6,pmx,1,PMX_shared_variants,,1.1221253209999986,native_projection,list_vets,,,,,
v3-main-771601/spring_petclinic_microservices/colocated/N/6,pmx,1,PMX_shared_variants,,2.475473557000001,native_projection,owner_details_with_visits,,,,,
v3-main-771601/spring_petclinic_microservices/colocated/N/6,pmx,1,PMX_shared_variants,,11.226542362000004,input_and_projection_process_total,,True,,,,
v3-main-771601/spring_petclinic_microservices/colocated/N/6,pmx,1,PMX_shared_variants,,10.98,derived_binary_build,,,javac 11.0.32,2322880b6447754528e201553bc4e2fac00334b7d6f3ac202cfe1e3742bbbcc6,True,"{""maximum_rss_bytes"": 227651584.0, ""path"": ""build-resource-usage.txt"", ""system_seconds"": 0.35, ""user_seconds"": 7.07, ""wall_seconds"": 10.98}"
v3-main-771601/spring_petclinic_microservices/colocated/N/6,pmx,1,PMX_shared_variants,,24.737060475999996,independent_pmx_extraction_process,create_visit,,,,,
v3-main-771601/spring_petclinic_microservices/colocated/N/6,pmx,1,PMX_shared_variants,,25.192837814,independent_pmx_extraction_process,list_owners,,,,,
v3-main-771601/spring_petclinic_microservices/colocated/N/6,pmx,1,PMX_shared_variants,,22.429151343,independent_pmx_extraction_process,list_vets,,,,,
v3-main-771601/spring_petclinic_microservices/colocated/N/6,pmx,1,PMX_shared_variants,,22.980472028999998,independent_pmx_extraction_process,owner_details_with_visits,,,,,
v3-main-771601/spring_petclinic_microservices/colocated/N/7,acquisition,1,shared_acquisition,True,2121.636634215,acquisition_and_export_process_total,,,,,,
v3-main-771601/spring_petclinic_microservices/colocated/N/7,acquisition,1,shared_native_pool,,3.4600104219998684,native_parse,,,,,,
v3-main-771601/spring_petclinic_microservices/colocated/N/7,graph,1,B0,,0.006071644000002152,identification,,,,,,
v3-main-771601/spring_petclinic_microservices/colocated/N/7,graph,1,shared_graph_family,,0.17853752199999917,extraction,create_visit,,,,,
v3-main-771601/spring_petclinic_microservices/colocated/N/7,graph,1,shared_graph_family,,0.002963721999996949,identification,create_visit,,,,,
v3-main-771601/spring_petclinic_microservices/colocated/N/7,graph,1,shared_graph_family,,0.0021569089999999846,solve,create_visit,,,,,
v3-main-771601/spring_petclinic_microservices/colocated/N/7,graph,1,G0,,0.00019457199999806107,identification,create_visit,,,,,
v3-main-771601/spring_petclinic_microservices/colocated/N/7,graph,1,G0,,0.00011652699999586957,solve,create_visit,,,,,
v3-main-771601/spring_petclinic_microservices/colocated/N/7,graph,1,shared_graph_family,,0.352787364000001,extraction,list_owners,,,,,
v3-main-771601/spring_petclinic_microservices/colocated/N/7,graph,1,shared_graph_family,,0.0021826069999946185,identification,list_owners,,,,,
v3-main-771601/spring_petclinic_microservices/colocated/N/7,graph,1,shared_graph_family,,0.00018486399999773084,solve,list_owners,,,,,
v3-main-771601/spring_petclinic_microservices/colocated/N/7,graph,1,G0,,0.00017116899999791713,identification,list_owners,,,,,
v3-main-771601/spring_petclinic_microservices/colocated/N/7,graph,1,G0,,9.356399999660425e-05,solve,list_owners,,,,,
v3-main-771601/spring_petclinic_microservices/colocated/N/7,graph,1,shared_graph_family,,0.05574784200000238,extraction,list_vets,,,,,
v3-main-771601/spring_petclinic_microservices/colocated/N/7,graph,1,shared_graph_family,,0.0019227430000015033,identification,list_vets,,,,,
v3-main-771601/spring_petclinic_microservices/colocated/N/7,graph,1,shared_graph_family,,0.00017178000000228622,solve,list_vets,,,,,
v3-main-771601/spring_petclinic_microservices/colocated/N/7,graph,1,G0,,0.00011808000000002039,identification,list_vets,,,,,
v3-main-771601/spring_petclinic_microservices/colocated/N/7,graph,1,G0,,6.05130000010945e-05,solve,list_vets,,,,,
v3-main-771601/spring_petclinic_microservices/colocated/N/7,graph,1,shared_graph_family,,0.21739373700000186,extraction,owner_details_with_visits,,,,,
v3-main-771601/spring_petclinic_microservices/colocated/N/7,graph,1,shared_graph_family,,0.0031489579999970374,identification,owner_details_with_visits,,,,,
v3-main-771601/spring_petclinic_microservices/colocated/N/7,graph,1,shared_graph_family,,0.0020796450000020172,solve,owner_details_with_visits,,,,,
v3-main-771601/spring_petclinic_microservices/colocated/N/7,graph,1,G0,,0.0002574399999986099,identification,owner_details_with_visits,,,,,
v3-main-771601/spring_petclinic_microservices/colocated/N/7,graph,1,G0,,0.00010424399999919842,solve,owner_details_with_visits,,,,,
v3-main-771601/spring_petclinic_microservices/colocated/N/7,pmx,1,PMX_shared_variants,,1.6094946489999984,native_projection,create_visit,,,,,
v3-main-771601/spring_petclinic_microservices/colocated/N/7,pmx,1,PMX_shared_variants,,5.474712988999997,native_projection,list_owners,,,,,
v3-main-771601/spring_petclinic_microservices/colocated/N/7,pmx,1,PMX_shared_variants,,1.127913680000006,native_projection,list_vets,,,,,
v3-main-771601/spring_petclinic_microservices/colocated/N/7,pmx,1,PMX_shared_variants,,2.4590887239999972,native_projection,owner_details_with_visits,,,,,
v3-main-771601/spring_petclinic_microservices/colocated/N/7,pmx,1,PMX_shared_variants,,11.256831707999993,input_and_projection_process_total,,True,,,,
v3-main-771601/spring_petclinic_microservices/colocated/N/7,pmx,1,PMX_shared_variants,,10.66,derived_binary_build,,,javac 11.0.32,2322880b6447754528e201553bc4e2fac00334b7d6f3ac202cfe1e3742bbbcc6,True,"{""maximum_rss_bytes"": 227622912.0, ""path"": ""build-resource-usage.txt"", ""system_seconds"": 0.36, ""user_seconds"": 6.85, ""wall_seconds"": 10.66}"
v3-main-771601/spring_petclinic_microservices/colocated/N/7,pmx,1,PMX_shared_variants,,23.636714745000006,independent_pmx_extraction_process,create_visit,,,,,
v3-main-771601/spring_petclinic_microservices/colocated/N/7,pmx,1,PMX_shared_variants,,25.040870539999986,independent_pmx_extraction_process,list_owners,,,,,
v3-main-771601/spring_petclinic_microservices/colocated/N/7,pmx,1,PMX_shared_variants,,22.47941798299999,independent_pmx_extraction_process,list_vets,,,,,
v3-main-771601/spring_petclinic_microservices/colocated/N/7,pmx,1,PMX_shared_variants,,22.933450531000005,independent_pmx_extraction_process,owner_details_with_visits,,,,,
v3-main-771601/spring_petclinic_microservices/colocated/N/8,acquisition,1,shared_acquisition,True,2117.435397403,acquisition_and_export_process_total,,,,,,
v3-main-771601/spring_petclinic_microservices/colocated/N/8,acquisition,1,shared_native_pool,,3.2381997659999797,native_parse,,,,,,
v3-main-771601/spring_petclinic_microservices/colocated/N/8,graph,1,B0,,0.003616709999988643,identification,,,,,,
v3-main-771601/spring_petclinic_microservices/colocated/N/8,graph,1,shared_graph_family,,0.10106073000000038,extraction,create_visit,,,,,
v3-main-771601/spring_petclinic_microservices/colocated/N/8,graph,1,shared_graph_family,,0.0017399879999970835,identification,create_visit,,,,,
v3-main-771601/spring_petclinic_microservices/colocated/N/8,graph,1,shared_graph_family,,0.0013163850000097455,solve,create_visit,,,,,
v3-main-771601/spring_petclinic_microservices/colocated/N/8,graph,1,G0,,0.00012983599999927264,identification,create_visit,,,,,
v3-main-771601/spring_petclinic_microservices/colocated/N/8,graph,1,G0,,0.000132531999994967,solve,create_visit,,,,,
v3-main-771601/spring_petclinic_microservices/colocated/N/8,graph,1,shared_graph_family,,0.19241181300000676,extraction,list_owners,,,,,
v3-main-771601/spring_petclinic_microservices/colocated/N/8,graph,1,shared_graph_family,,0.0013058319999998957,identification,list_owners,,,,,
v3-main-771601/spring_petclinic_microservices/colocated/N/8,graph,1,shared_graph_family,,0.00012743999999997868,solve,list_owners,,,,,
v3-main-771601/spring_petclinic_microservices/colocated/N/8,graph,1,G0,,0.0001011920000024702,identification,list_owners,,,,,
v3-main-771601/spring_petclinic_microservices/colocated/N/8,graph,1,G0,,9.589699999423829e-05,solve,list_owners,,,,,
v3-main-771601/spring_petclinic_microservices/colocated/N/8,graph,1,shared_graph_family,,0.03491630400000645,extraction,list_vets,,,,,
v3-main-771601/spring_petclinic_microservices/colocated/N/8,graph,1,shared_graph_family,,0.0011238860000020168,identification,list_vets,,,,,
v3-main-771601/spring_petclinic_microservices/colocated/N/8,graph,1,shared_graph_family,,0.00011914299999205014,solve,list_vets,,,,,
v3-main-771601/spring_petclinic_microservices/colocated/N/8,graph,1,G0,,7.727000000556927e-05,identification,list_vets,,,,,
v3-main-771601/spring_petclinic_microservices/colocated/N/8,graph,1,G0,,3.98450000034245e-05,solve,list_vets,,,,,
v3-main-771601/spring_petclinic_microservices/colocated/N/8,graph,1,shared_graph_family,,0.12858867799999985,extraction,owner_details_with_visits,,,,,
v3-main-771601/spring_petclinic_microservices/colocated/N/8,graph,1,shared_graph_family,,0.0018769600000041464,identification,owner_details_with_visits,,,,,
v3-main-771601/spring_petclinic_microservices/colocated/N/8,graph,1,shared_graph_family,,0.0011642970000025343,solve,owner_details_with_visits,,,,,
v3-main-771601/spring_petclinic_microservices/colocated/N/8,graph,1,G0,,0.0001522720000082245,identification,owner_details_with_visits,,,,,
v3-main-771601/spring_petclinic_microservices/colocated/N/8,graph,1,G0,,9.741999998880146e-05,solve,owner_details_with_visits,,,,,
v3-main-771601/spring_petclinic_microservices/colocated/N/8,pmx,1,PMX_shared_variants,,1.6854770959999996,native_projection,create_visit,,,,,
v3-main-771601/spring_petclinic_microservices/colocated/N/8,pmx,1,PMX_shared_variants,,5.514643575000008,native_projection,list_owners,,,,,
v3-main-771601/spring_petclinic_microservices/colocated/N/8,pmx,1,PMX_shared_variants,,1.1279436529999884,native_projection,list_vets,,,,,
v3-main-771601/spring_petclinic_microservices/colocated/N/8,pmx,1,PMX_shared_variants,,2.4826953559999936,native_projection,owner_details_with_visits,,,,,
v3-main-771601/spring_petclinic_microservices/colocated/N/8,pmx,1,PMX_shared_variants,,11.427243193999999,input_and_projection_process_total,,True,,,,
v3-main-771601/spring_petclinic_microservices/colocated/N/8,pmx,1,PMX_shared_variants,,8.23,derived_binary_build,,,javac 11.0.32,2322880b6447754528e201553bc4e2fac00334b7d6f3ac202cfe1e3742bbbcc6,True,"{""maximum_rss_bytes"": 227606528.0, ""path"": ""build-resource-usage.txt"", ""system_seconds"": 0.37, ""user_seconds"": 7.27, ""wall_seconds"": 8.23}"
v3-main-771601/spring_petclinic_microservices/colocated/N/8,pmx,1,PMX_shared_variants,,23.930310499,independent_pmx_extraction_process,create_visit,,,,,
v3-main-771601/spring_petclinic_microservices/colocated/N/8,pmx,1,PMX_shared_variants,,25.642927512,independent_pmx_extraction_process,list_owners,,,,,
v3-main-771601/spring_petclinic_microservices/colocated/N/8,pmx,1,PMX_shared_variants,,22.67868103799998,independent_pmx_extraction_process,list_vets,,,,,
v3-main-771601/spring_petclinic_microservices/colocated/N/8,pmx,1,PMX_shared_variants,,23.13813413700001,independent_pmx_extraction_process,owner_details_with_visits,,,,,
v3-main-771601/spring_petclinic_microservices/colocated/N/9,acquisition,1,shared_acquisition,True,2120.793552209,acquisition_and_export_process_total,,,,,,
v3-main-771601/spring_petclinic_microservices/colocated/N/9,acquisition,1,shared_native_pool,,3.3492525229999046,native_parse,,,,,,
v3-main-771601/spring_petclinic_microservices/colocated/N/9,graph,1,B0,,0.006084540999999888,identification,,,,,,
v3-main-771601/spring_petclinic_microservices/colocated/N/9,graph,1,shared_graph_family,,0.17280102400000175,extraction,create_visit,,,,,
v3-main-771601/spring_petclinic_microservices/colocated/N/9,graph,1,shared_graph_family,,0.0028512199999966015,identification,create_visit,,,,,
v3-main-771601/spring_petclinic_microservices/colocated/N/9,graph,1,shared_graph_family,,0.0019529010000027824,solve,create_visit,,,,,
v3-main-771601/spring_petclinic_microservices/colocated/N/9,graph,1,G0,,0.00019176700000400615,identification,create_visit,,,,,
v3-main-771601/spring_petclinic_microservices/colocated/N/9,graph,1,G0,,0.000118409999998903,solve,create_visit,,,,,
v3-main-771601/spring_petclinic_microservices/colocated/N/9,graph,1,shared_graph_family,,0.3551762179999969,extraction,list_owners,,,,,
v3-main-771601/spring_petclinic_microservices/colocated/N/9,graph,1,shared_graph_family,,0.0021683310000000233,identification,list_owners,,,,,
v3-main-771601/spring_petclinic_microservices/colocated/N/9,graph,1,shared_graph_family,,0.00020508200000080024,solve,list_owners,,,,,
v3-main-771601/spring_petclinic_microservices/colocated/N/9,graph,1,G0,,0.00016671000000201275,identification,list_owners,,,,,
v3-main-771601/spring_petclinic_microservices/colocated/N/9,graph,1,G0,,8.368600000352444e-05,solve,list_owners,,,,,
v3-main-771601/spring_petclinic_microservices/colocated/N/9,graph,1,shared_graph_family,,0.054730596999995385,extraction,list_vets,,,,,
v3-main-771601/spring_petclinic_microservices/colocated/N/9,graph,1,shared_graph_family,,0.0019963810000049875,identification,list_vets,,,,,
v3-main-771601/spring_petclinic_microservices/colocated/N/9,graph,1,shared_graph_family,,0.00017210000000034142,solve,list_vets,,,,,
v3-main-771601/spring_petclinic_microservices/colocated/N/9,graph,1,G0,,0.00011806900000266296,identification,list_vets,,,,,
v3-main-771601/spring_petclinic_microservices/colocated/N/9,graph,1,G0,,4.239900000158059e-05,solve,list_vets,,,,,
v3-main-771601/spring_petclinic_microservices/colocated/N/9,graph,1,shared_graph_family,,0.2197522689999971,extraction,owner_details_with_visits,,,,,
v3-main-771601/spring_petclinic_microservices/colocated/N/9,graph,1,shared_graph_family,,0.0031794909999973697,identification,owner_details_with_visits,,,,,
v3-main-771601/spring_petclinic_microservices/colocated/N/9,graph,1,shared_graph_family,,0.002061822999998242,solve,owner_details_with_visits,,,,,
v3-main-771601/spring_petclinic_microservices/colocated/N/9,graph,1,G0,,0.0002590510000004542,identification,owner_details_with_visits,,,,,
v3-main-771601/spring_petclinic_microservices/colocated/N/9,graph,1,G0,,0.0001008079999991196,solve,owner_details_with_visits,,,,,
v3-main-771601/spring_petclinic_microservices/colocated/N/9,pmx,1,PMX_shared_variants,,1.6140683050000035,native_projection,create_visit,,,,,
v3-main-771601/spring_petclinic_microservices/colocated/N/9,pmx,1,PMX_shared_variants,,5.448570939,native_projection,list_owners,,,,,
v3-main-771601/spring_petclinic_microservices/colocated/N/9,pmx,1,PMX_shared_variants,,1.1427903979999883,native_projection,list_vets,,,,,
v3-main-771601/spring_petclinic_microservices/colocated/N/9,pmx,1,PMX_shared_variants,,2.4997246570000016,native_projection,owner_details_with_visits,,,,,
v3-main-771601/spring_petclinic_microservices/colocated/N/9,pmx,1,PMX_shared_variants,,11.249864291000002,input_and_projection_process_total,,True,,,,
v3-main-771601/spring_petclinic_microservices/colocated/N/9,pmx,1,PMX_shared_variants,,9.44,derived_binary_build,,,javac 11.0.32,2322880b6447754528e201553bc4e2fac00334b7d6f3ac202cfe1e3742bbbcc6,True,"{""maximum_rss_bytes"": 227659776.0, ""path"": ""build-resource-usage.txt"", ""system_seconds"": 0.29, ""user_seconds"": 6.82, ""wall_seconds"": 9.44}"
v3-main-771601/spring_petclinic_microservices/colocated/N/9,pmx,1,PMX_shared_variants,,24.489728826000004,independent_pmx_extraction_process,create_visit,,,,,
v3-main-771601/spring_petclinic_microservices/colocated/N/9,pmx,1,PMX_shared_variants,,25.492043053999993,independent_pmx_extraction_process,list_owners,,,,,
v3-main-771601/spring_petclinic_microservices/colocated/N/9,pmx,1,PMX_shared_variants,,22.527407923999988,independent_pmx_extraction_process,list_vets,,,,,
v3-main-771601/spring_petclinic_microservices/colocated/N/9,pmx,1,PMX_shared_variants,,23.184107187999984,independent_pmx_extraction_process,owner_details_with_visits,,,,,
v3-main-771601/spring_petclinic_microservices/colocated/NC/0,acquisition,1,shared_acquisition,True,2120.5742916990002,acquisition_and_export_process_total,,,,,,
v3-main-771601/spring_petclinic_microservices/colocated/NC/0,acquisition,1,shared_native_pool,,3.3049528820001797,native_parse,,,,,,
v3-main-771601/spring_petclinic_microservices/colocated/NC/0,graph,1,B0,,0.006100944000003494,identification,,,,,,
v3-main-771601/spring_petclinic_microservices/colocated/NC/0,graph,1,shared_graph_family,,0.1741162770000031,extraction,create_visit,,,,,
v3-main-771601/spring_petclinic_microservices/colocated/NC/0,graph,1,shared_graph_family,,0.002982074000001944,identification,create_visit,,,,,
v3-main-771601/spring_petclinic_microservices/colocated/NC/0,graph,1,shared_graph_family,,0.002746644999994885,solve,create_visit,,,,,
v3-main-771601/spring_petclinic_microservices/colocated/NC/0,graph,1,G0,,0.0001937010000006012,identification,create_visit,,,,,
v3-main-771601/spring_petclinic_microservices/colocated/NC/0,graph,1,G0,,0.00011784899999867093,solve,create_visit,,,,,
v3-main-771601/spring_petclinic_microservices/colocated/NC/0,graph,1,shared_graph_family,,0.34949204400000156,extraction,list_owners,,,,,
v3-main-771601/spring_petclinic_microservices/colocated/NC/0,graph,1,shared_graph_family,,0.0021398129999994353,identification,list_owners,,,,,
v3-main-771601/spring_petclinic_microservices/colocated/NC/0,graph,1,shared_graph_family,,0.0001880709999966257,solve,list_owners,,,,,
v3-main-771601/spring_petclinic_microservices/colocated/NC/0,graph,1,G0,,0.00016489800000130117,identification,list_owners,,,,,
v3-main-771601/spring_petclinic_microservices/colocated/NC/0,graph,1,G0,,7.938799999607227e-05,solve,list_owners,,,,,
v3-main-771601/spring_petclinic_microservices/colocated/NC/0,graph,1,shared_graph_family,,0.05462829900000088,extraction,list_vets,,,,,
v3-main-771601/spring_petclinic_microservices/colocated/NC/0,graph,1,shared_graph_family,,0.0019470430000012584,identification,list_vets,,,,,
v3-main-771601/spring_petclinic_microservices/colocated/NC/0,graph,1,shared_graph_family,,0.00016144199999956754,solve,list_vets,,,,,
v3-main-771601/spring_petclinic_microservices/colocated/NC/0,graph,1,G0,,0.00011924199999668872,identification,list_vets,,,,,
v3-main-771601/spring_petclinic_microservices/colocated/NC/0,graph,1,G0,,3.804099999626942e-05,solve,list_vets,,,,,
v3-main-771601/spring_petclinic_microservices/colocated/NC/0,graph,1,shared_graph_family,,0.2167069349999977,extraction,owner_details_with_visits,,,,,
v3-main-771601/spring_petclinic_microservices/colocated/NC/0,graph,1,shared_graph_family,,0.0032171230000059836,identification,owner_details_with_visits,,,,,
v3-main-771601/spring_petclinic_microservices/colocated/NC/0,graph,1,shared_graph_family,,0.0022232990000006225,solve,owner_details_with_visits,,,,,
v3-main-771601/spring_petclinic_microservices/colocated/NC/0,graph,1,G0,,0.00027373000000352476,identification,owner_details_with_visits,,,,,
v3-main-771601/spring_petclinic_microservices/colocated/NC/0,graph,1,G0,,0.00010070799999795099,solve,owner_details_with_visits,,,,,
v3-main-771601/spring_petclinic_microservices/colocated/NC/0,pmx,1,PMX_shared_variants,,0.9147170440000139,native_projection,create_visit,,,,,
v3-main-771601/spring_petclinic_microservices/colocated/NC/0,pmx,1,PMX_shared_variants,,3.238811967999993,native_projection,list_owners,,,,,
v3-main-771601/spring_petclinic_microservices/colocated/NC/0,pmx,1,PMX_shared_variants,,0.7229590579999865,native_projection,list_vets,,,,,
v3-main-771601/spring_petclinic_microservices/colocated/NC/0,pmx,1,PMX_shared_variants,,1.45659927600002,native_projection,owner_details_with_visits,,,,,
v3-main-771601/spring_petclinic_microservices/colocated/NC/0,pmx,1,PMX_shared_variants,,6.732144371000004,input_and_projection_process_total,,True,,,,
v3-main-771601/spring_petclinic_microservices/colocated/NC/0,pmx,1,PMX_shared_variants,,8.73,derived_binary_build,,,javac 11.0.32,2322880b6447754528e201553bc4e2fac00334b7d6f3ac202cfe1e3742bbbcc6,True,"{""maximum_rss_bytes"": 225796096.0, ""path"": ""build-resource-usage.txt"", ""system_seconds"": 0.28, ""user_seconds"": 5.39, ""wall_seconds"": 8.73}"
v3-main-771601/spring_petclinic_microservices/colocated/NC/0,pmx,1,PMX_shared_variants,,25.983393880999984,independent_pmx_extraction_process,create_visit,,,,,
v3-main-771601/spring_petclinic_microservices/colocated/NC/0,pmx,1,PMX_shared_variants,,25.840443378999993,independent_pmx_extraction_process,list_owners,,,,,
v3-main-771601/spring_petclinic_microservices/colocated/NC/0,pmx,1,PMX_shared_variants,,21.921876924000003,independent_pmx_extraction_process,list_vets,,,,,
v3-main-771601/spring_petclinic_microservices/colocated/NC/0,pmx,1,PMX_shared_variants,,22.57612026000001,independent_pmx_extraction_process,owner_details_with_visits,,,,,
v3-main-771601/spring_petclinic_microservices/colocated/NC/1,acquisition,1,shared_acquisition,True,2121.909338582,acquisition_and_export_process_total,,,,,,
v3-main-771601/spring_petclinic_microservices/colocated/NC/1,acquisition,1,shared_native_pool,,3.3442489119997845,native_parse,,,,,,
v3-main-771601/spring_petclinic_microservices/colocated/NC/1,graph,1,B0,,0.0063999320000220905,identification,,,,,,
v3-main-771601/spring_petclinic_microservices/colocated/NC/1,graph,1,shared_graph_family,,0.19131495399994947,extraction,create_visit,,,,,
v3-main-771601/spring_petclinic_microservices/colocated/NC/1,graph,1,shared_graph_family,,0.0030161959999759347,identification,create_visit,,,,,
v3-main-771601/spring_petclinic_microservices/colocated/NC/1,graph,1,shared_graph_family,,0.0022406250000130967,solve,create_visit,,,,,
v3-main-771601/spring_petclinic_microservices/colocated/NC/1,graph,1,G0,,0.00019837100001041108,identification,create_visit,,,,,
v3-main-771601/spring_petclinic_microservices/colocated/NC/1,graph,1,G0,,0.00012144799995894573,solve,create_visit,,,,,
v3-main-771601/spring_petclinic_microservices/colocated/NC/1,graph,1,shared_graph_family,,0.35721484800001235,extraction,list_owners,,,,,
v3-main-771601/spring_petclinic_microservices/colocated/NC/1,graph,1,shared_graph_family,,0.0023098450000134108,identification,list_owners,,,,,
v3-main-771601/spring_petclinic_microservices/colocated/NC/1,graph,1,shared_graph_family,,0.00019287199995687843,solve,list_owners,,,,,
v3-main-771601/spring_petclinic_microservices/colocated/NC/1,graph,1,G0,,0.000178083000037077,identification,list_owners,,,,,
v3-main-771601/spring_petclinic_microservices/colocated/NC/1,graph,1,G0,,9.652100004586828e-05,solve,list_owners,,,,,
v3-main-771601/spring_petclinic_microservices/colocated/NC/1,graph,1,shared_graph_family,,0.05746883799997704,extraction,list_vets,,,,,
v3-main-771601/spring_petclinic_microservices/colocated/NC/1,graph,1,shared_graph_family,,0.001945392000038737,identification,list_vets,,,,,
v3-main-771601/spring_petclinic_microservices/colocated/NC/1,graph,1,shared_graph_family,,0.0001775319999524072,solve,list_vets,,,,,
v3-main-771601/spring_petclinic_microservices/colocated/NC/1,graph,1,G0,,0.00012205899997752567,identification,list_vets,,,,,
v3-main-771601/spring_petclinic_microservices/colocated/NC/1,graph,1,G0,,4.520400000274094e-05,solve,list_vets,,,,,
v3-main-771601/spring_petclinic_microservices/colocated/NC/1,graph,1,shared_graph_family,,0.22306234899997435,extraction,owner_details_with_visits,,,,,
v3-main-771601/spring_petclinic_microservices/colocated/NC/1,graph,1,shared_graph_family,,0.0031856540000489986,identification,owner_details_with_visits,,,,,
v3-main-771601/spring_petclinic_microservices/colocated/NC/1,graph,1,shared_graph_family,,0.0024523820000013075,solve,owner_details_with_visits,,,,,
v3-main-771601/spring_petclinic_microservices/colocated/NC/1,graph,1,G0,,0.00026165899998886744,identification,owner_details_with_visits,,,,,
v3-main-771601/spring_petclinic_microservices/colocated/NC/1,graph,1,G0,,0.0001111980000132462,solve,owner_details_with_visits,,,,,
v3-main-771601/spring_petclinic_microservices/colocated/NC/1,pmx,1,PMX_shared_variants,,1.2412819030000009,native_projection,create_visit,,,,,
v3-main-771601/spring_petclinic_microservices/colocated/NC/1,pmx,1,PMX_shared_variants,,4.315868766999998,native_projection,list_owners,,,,,
v3-main-771601/spring_petclinic_microservices/colocated/NC/1,pmx,1,PMX_shared_variants,,0.8679515139999978,native_projection,list_vets,,,,,
v3-main-771601/spring_petclinic_microservices/colocated/NC/1,pmx,1,PMX_shared_variants,,2.010550870000003,native_projection,owner_details_with_visits,,,,,
v3-main-771601/spring_petclinic_microservices/colocated/NC/1,pmx,1,PMX_shared_variants,,8.892068893000001,input_and_projection_process_total,,True,,,,
v3-main-771601/spring_petclinic_microservices/colocated/NC/1,pmx,1,PMX_shared_variants,,14.04,derived_binary_build,,,javac 11.0.32,2322880b6447754528e201553bc4e2fac00334b7d6f3ac202cfe1e3742bbbcc6,True,"{""maximum_rss_bytes"": 226234368.0, ""path"": ""build-resource-usage.txt"", ""system_seconds"": 0.31, ""user_seconds"": 5.66, ""wall_seconds"": 14.04}"
v3-main-771601/spring_petclinic_microservices/colocated/NC/1,pmx,1,PMX_shared_variants,,24.732760798,independent_pmx_extraction_process,create_visit,,,,,
v3-main-771601/spring_petclinic_microservices/colocated/NC/1,pmx,1,PMX_shared_variants,,24.283735262999997,independent_pmx_extraction_process,list_owners,,,,,
v3-main-771601/spring_petclinic_microservices/colocated/NC/1,pmx,1,PMX_shared_variants,,21.975965935000005,independent_pmx_extraction_process,list_vets,,,,,
v3-main-771601/spring_petclinic_microservices/colocated/NC/1,pmx,1,PMX_shared_variants,,22.325930994000004,independent_pmx_extraction_process,owner_details_with_visits,,,,,
v3-main-771601/spring_petclinic_microservices/colocated/NC/2,acquisition,1,shared_acquisition,True,2113.40377379,acquisition_and_export_process_total,,,,,,
v3-main-771601/spring_petclinic_microservices/colocated/NC/2,acquisition,1,shared_native_pool,,3.373783679999633,native_parse,,,,,,
v3-main-771601/spring_petclinic_microservices/colocated/NC/2,graph,1,B0,,0.0035637960000087787,identification,,,,,,
v3-main-771601/spring_petclinic_microservices/colocated/NC/2,graph,1,shared_graph_family,,0.11316986399998541,extraction,create_visit,,,,,
v3-main-771601/spring_petclinic_microservices/colocated/NC/2,graph,1,shared_graph_family,,0.0017656199999862565,identification,create_visit,,,,,
v3-main-771601/spring_petclinic_microservices/colocated/NC/2,graph,1,shared_graph_family,,0.0015128260000096816,solve,create_visit,,,,,
v3-main-771601/spring_petclinic_microservices/colocated/NC/2,graph,1,G0,,0.00012295600001266394,identification,create_visit,,,,,
v3-main-771601/spring_petclinic_microservices/colocated/NC/2,graph,1,G0,,0.00012007899999844085,solve,create_visit,,,,,
v3-main-771601/spring_petclinic_microservices/colocated/NC/2,graph,1,shared_graph_family,,0.20139888200000655,extraction,list_owners,,,,,
v3-main-771601/spring_petclinic_microservices/colocated/NC/2,graph,1,shared_graph_family,,0.0014855450000084147,identification,list_owners,,,,,
v3-main-771601/spring_petclinic_microservices/colocated/NC/2,graph,1,shared_graph_family,,0.00015102000000410953,solve,list_owners,,,,,
v3-main-771601/spring_petclinic_microservices/colocated/NC/2,graph,1,G0,,0.00013625799999772426,identification,list_owners,,,,,
v3-main-771601/spring_petclinic_microservices/colocated/NC/2,graph,1,G0,,0.00011578199999462413,solve,list_owners,,,,,
v3-main-771601/spring_petclinic_microservices/colocated/NC/2,graph,1,shared_graph_family,,0.04166524500001856,extraction,list_vets,,,,,
v3-main-771601/spring_petclinic_microservices/colocated/NC/2,graph,1,shared_graph_family,,0.0013146830000039245,identification,list_vets,,,,,
v3-main-771601/spring_petclinic_microservices/colocated/NC/2,graph,1,shared_graph_family,,0.0001398220000226047,solve,list_vets,,,,,
v3-main-771601/spring_petclinic_microservices/colocated/NC/2,graph,1,G0,,0.0001018809999777659,identification,list_vets,,,,,
v3-main-771601/spring_petclinic_microservices/colocated/NC/2,graph,1,G0,,5.158799999094299e-05,solve,list_vets,,,,,
v3-main-771601/spring_petclinic_microservices/colocated/NC/2,graph,1,shared_graph_family,,0.14370229399997925,extraction,owner_details_with_visits,,,,,
v3-main-771601/spring_petclinic_microservices/colocated/NC/2,graph,1,shared_graph_family,,0.001986958999992794,identification,owner_details_with_visits,,,,,
v3-main-771601/spring_petclinic_microservices/colocated/NC/2,graph,1,shared_graph_family,,0.0015132709999932104,solve,owner_details_with_visits,,,,,
v3-main-771601/spring_petclinic_microservices/colocated/NC/2,graph,1,G0,,0.0001769999999794436,identification,owner_details_with_visits,,,,,
v3-main-771601/spring_petclinic_microservices/colocated/NC/2,graph,1,G0,,0.00013315600000396444,solve,owner_details_with_visits,,,,,
v3-main-771601/spring_petclinic_microservices/colocated/NC/2,pmx,1,PMX_shared_variants,,1.6469159620000084,native_projection,create_visit,,,,,
v3-main-771601/spring_petclinic_microservices/colocated/NC/2,pmx,1,PMX_shared_variants,,5.602561283999989,native_projection,list_owners,,,,,
v3-main-771601/spring_petclinic_microservices/colocated/NC/2,pmx,1,PMX_shared_variants,,1.162835532999992,native_projection,list_vets,,,,,
v3-main-771601/spring_petclinic_microservices/colocated/NC/2,pmx,1,PMX_shared_variants,,2.4956363510000017,native_projection,owner_details_with_visits,,,,,
v3-main-771601/spring_petclinic_microservices/colocated/NC/2,pmx,1,PMX_shared_variants,,11.449496593999982,input_and_projection_process_total,,True,,,,
v3-main-771601/spring_petclinic_microservices/colocated/NC/2,pmx,1,PMX_shared_variants,,8.02,derived_binary_build,,,javac 11.0.32,2322880b6447754528e201553bc4e2fac00334b7d6f3ac202cfe1e3742bbbcc6,True,"{""maximum_rss_bytes"": 227831808.0, ""path"": ""build-resource-usage.txt"", ""system_seconds"": 0.29, ""user_seconds"": 6.91, ""wall_seconds"": 8.02}"
v3-main-771601/spring_petclinic_microservices/colocated/NC/2,pmx,1,PMX_shared_variants,,23.987584667999982,independent_pmx_extraction_process,create_visit,,,,,
v3-main-771601/spring_petclinic_microservices/colocated/NC/2,pmx,1,PMX_shared_variants,,25.593010351999993,independent_pmx_extraction_process,list_owners,,,,,
v3-main-771601/spring_petclinic_microservices/colocated/NC/2,pmx,1,PMX_shared_variants,,22.52577224800001,independent_pmx_extraction_process,list_vets,,,,,
v3-main-771601/spring_petclinic_microservices/colocated/NC/2,pmx,1,PMX_shared_variants,,23.230701899999985,independent_pmx_extraction_process,owner_details_with_visits,,,,,
v3-main-771601/spring_petclinic_microservices/colocated/NC/3,acquisition,1,shared_acquisition,True,2109.9279994199997,acquisition_and_export_process_total,,,,,,
v3-main-771601/spring_petclinic_microservices/colocated/NC/3,acquisition,1,shared_native_pool,,2.5708717930001512,native_parse,,,,,,
v3-main-771601/spring_petclinic_microservices/colocated/NC/3,graph,1,B0,,0.006237905999995519,identification,,,,,,
v3-main-771601/spring_petclinic_microservices/colocated/NC/3,graph,1,shared_graph_family,,0.15602199500000324,extraction,create_visit,,,,,
v3-main-771601/spring_petclinic_microservices/colocated/NC/3,graph,1,shared_graph_family,,0.0029532519999975193,identification,create_visit,,,,,
v3-main-771601/spring_petclinic_microservices/colocated/NC/3,graph,1,shared_graph_family,,0.002447192000005316,solve,create_visit,,,,,
v3-main-771601/spring_petclinic_microservices/colocated/NC/3,graph,1,G0,,0.00020436399999823607,identification,create_visit,,,,,
v3-main-771601/spring_petclinic_microservices/colocated/NC/3,graph,1,G0,,0.00012321300000905921,solve,create_visit,,,,,
v3-main-771601/spring_petclinic_microservices/colocated/NC/3,graph,1,shared_graph_family,,0.29773534800000334,extraction,list_owners,,,,,
v3-main-771601/spring_petclinic_microservices/colocated/NC/3,graph,1,shared_graph_family,,0.0021658840000071677,identification,list_owners,,,,,
v3-main-771601/spring_petclinic_microservices/colocated/NC/3,graph,1,shared_graph_family,,0.00018958200000440684,solve,list_owners,,,,,
v3-main-771601/spring_petclinic_microservices/colocated/NC/3,graph,1,G0,,0.00016171000000042568,identification,list_owners,,,,,
v3-main-771601/spring_petclinic_microservices/colocated/NC/3,graph,1,G0,,9.02740000015001e-05,solve,list_owners,,,,,
v3-main-771601/spring_petclinic_microservices/colocated/NC/3,graph,1,shared_graph_family,,0.04757723800000235,extraction,list_vets,,,,,
v3-main-771601/spring_petclinic_microservices/colocated/NC/3,graph,1,shared_graph_family,,0.001943963999991638,identification,list_vets,,,,,
v3-main-771601/spring_petclinic_microservices/colocated/NC/3,graph,1,shared_graph_family,,0.00019004199999983484,solve,list_vets,,,,,
v3-main-771601/spring_petclinic_microservices/colocated/NC/3,graph,1,G0,,0.0001306139999996958,identification,list_vets,,,,,
v3-main-771601/spring_petclinic_microservices/colocated/NC/3,graph,1,G0,,4.467600000168659e-05,solve,list_vets,,,,,
v3-main-771601/spring_petclinic_microservices/colocated/NC/3,graph,1,shared_graph_family,,0.1860220909999981,extraction,owner_details_with_visits,,,,,
v3-main-771601/spring_petclinic_microservices/colocated/NC/3,graph,1,shared_graph_family,,0.0033156599999983882,identification,owner_details_with_visits,,,,,
v3-main-771601/spring_petclinic_microservices/colocated/NC/3,graph,1,shared_graph_family,,0.002293553000001225,solve,owner_details_with_visits,,,,,
v3-main-771601/spring_petclinic_microservices/colocated/NC/3,graph,1,G0,,0.00025671000000215827,identification,owner_details_with_visits,,,,,
v3-main-771601/spring_petclinic_microservices/colocated/NC/3,graph,1,G0,,0.00011250699999720837,solve,owner_details_with_visits,,,,,
v3-main-771601/spring_petclinic_microservices/colocated/NC/3,pmx,1,PMX_shared_variants,,1.6248843289999968,native_projection,create_visit,,,,,
v3-main-771601/spring_petclinic_microservices/colocated/NC/3,pmx,1,PMX_shared_variants,,5.453387887000005,native_projection,list_owners,,,,,
v3-main-771601/spring_petclinic_microservices/colocated/NC/3,pmx,1,PMX_shared_variants,,1.152638183999997,native_projection,list_vets,,,,,
v3-main-771601/spring_petclinic_microservices/colocated/NC/3,pmx,1,PMX_shared_variants,,2.4779411479999993,native_projection,owner_details_with_visits,,,,,
v3-main-771601/spring_petclinic_microservices/colocated/NC/3,pmx,1,PMX_shared_variants,,11.26658310900001,input_and_projection_process_total,,True,,,,
v3-main-771601/spring_petclinic_microservices/colocated/NC/3,pmx,1,PMX_shared_variants,,9.29,derived_binary_build,,,javac 11.0.32,2322880b6447754528e201553bc4e2fac00334b7d6f3ac202cfe1e3742bbbcc6,True,"{""maximum_rss_bytes"": 227737600.0, ""path"": ""build-resource-usage.txt"", ""system_seconds"": 0.3, ""user_seconds"": 6.92, ""wall_seconds"": 9.29}"
v3-main-771601/spring_petclinic_microservices/colocated/NC/3,pmx,1,PMX_shared_variants,,23.839348317000002,independent_pmx_extraction_process,create_visit,,,,,
v3-main-771601/spring_petclinic_microservices/colocated/NC/3,pmx,1,PMX_shared_variants,,25.447739698000007,independent_pmx_extraction_process,list_owners,,,,,
v3-main-771601/spring_petclinic_microservices/colocated/NC/3,pmx,1,PMX_shared_variants,,22.679880136999998,independent_pmx_extraction_process,list_vets,,,,,
v3-main-771601/spring_petclinic_microservices/colocated/NC/3,pmx,1,PMX_shared_variants,,23.234514604999987,independent_pmx_extraction_process,owner_details_with_visits,,,,,
v3-main-771601/spring_petclinic_microservices/colocated/NC/4,acquisition,1,shared_acquisition,True,2120.9538441550003,acquisition_and_export_process_total,,,,,,
v3-main-771601/spring_petclinic_microservices/colocated/NC/4,acquisition,1,shared_native_pool,,3.3739125990000502,native_parse,,,,,,
v3-main-771601/spring_petclinic_microservices/colocated/NC/4,graph,1,B0,,0.006061072999955286,identification,,,,,,
v3-main-771601/spring_petclinic_microservices/colocated/NC/4,graph,1,shared_graph_family,,0.17024888600008126,extraction,create_visit,,,,,
v3-main-771601/spring_petclinic_microservices/colocated/NC/4,graph,1,shared_graph_family,,0.002993442000047253,identification,create_visit,,,,,
v3-main-771601/spring_petclinic_microservices/colocated/NC/4,graph,1,shared_graph_family,,0.002378201000055924,solve,create_visit,,,,,
v3-main-771601/spring_petclinic_microservices/colocated/NC/4,graph,1,G0,,0.00019691099998908612,identification,create_visit,,,,,
v3-main-771601/spring_petclinic_microservices/colocated/NC/4,graph,1,G0,,0.00013848500009316922,solve,create_visit,,,,,
v3-main-771601/spring_petclinic_microservices/colocated/NC/4,graph,1,shared_graph_family,,0.2986656909999965,extraction,list_owners,,,,,
v3-main-771601/spring_petclinic_microservices/colocated/NC/4,graph,1,shared_graph_family,,0.002186064000056831,identification,list_owners,,,,,
v3-main-771601/spring_petclinic_microservices/colocated/NC/4,graph,1,shared_graph_family,,0.00020401100005074113,solve,list_owners,,,,,
v3-main-771601/spring_petclinic_microservices/colocated/NC/4,graph,1,G0,,0.00018556399993485684,identification,list_owners,,,,,
v3-main-771601/spring_petclinic_microservices/colocated/NC/4,graph,1,G0,,0.00011668199999803619,solve,list_owners,,,,,
v3-main-771601/spring_petclinic_microservices/colocated/NC/4,graph,1,shared_graph_family,,0.048441776999993635,extraction,list_vets,,,,,
v3-main-771601/spring_petclinic_microservices/colocated/NC/4,graph,1,shared_graph_family,,0.0019157360000008339,identification,list_vets,,,,,
v3-main-771601/spring_petclinic_microservices/colocated/NC/4,graph,1,shared_graph_family,,0.00018046699995011295,solve,list_vets,,,,,
v3-main-771601/spring_petclinic_microservices/colocated/NC/4,graph,1,G0,,0.00011705300005360186,identification,list_vets,,,,,
v3-main-771601/spring_petclinic_microservices/colocated/NC/4,graph,1,G0,,5.692399997769826e-05,solve,list_vets,,,,,
v3-main-771601/spring_petclinic_microservices/colocated/NC/4,graph,1,shared_graph_family,,0.18659616200000073,extraction,owner_details_with_visits,,,,,
v3-main-771601/spring_petclinic_microservices/colocated/NC/4,graph,1,shared_graph_family,,0.003372345000002497,identification,owner_details_with_visits,,,,,
v3-main-771601/spring_petclinic_microservices/colocated/NC/4,graph,1,shared_graph_family,,0.0022742849999985992,solve,owner_details_with_visits,,,,,
v3-main-771601/spring_petclinic_microservices/colocated/NC/4,graph,1,G0,,0.0002558770000860022,identification,owner_details_with_visits,,,,,
v3-main-771601/spring_petclinic_microservices/colocated/NC/4,graph,1,G0,,0.00011484899994229636,solve,owner_details_with_visits,,,,,
v3-main-771601/spring_petclinic_microservices/colocated/NC/4,pmx,1,PMX_shared_variants,,0.8790163229999735,native_projection,create_visit,,,,,
v3-main-771601/spring_petclinic_microservices/colocated/NC/4,pmx,1,PMX_shared_variants,,3.070721705999972,native_projection,list_owners,,,,,
v3-main-771601/spring_petclinic_microservices/colocated/NC/4,pmx,1,PMX_shared_variants,,0.6073282440000298,native_projection,list_vets,,,,,
v3-main-771601/spring_petclinic_microservices/colocated/NC/4,pmx,1,PMX_shared_variants,,1.3876037250000195,native_projection,owner_details_with_visits,,,,,
v3-main-771601/spring_petclinic_microservices/colocated/NC/4,pmx,1,PMX_shared_variants,,6.2701081700000145,input_and_projection_process_total,,True,,,,
v3-main-771601/spring_petclinic_microservices/colocated/NC/4,pmx,1,PMX_shared_variants,,4.42,derived_binary_build,,,javac 11.0.32,2322880b6447754528e201553bc4e2fac00334b7d6f3ac202cfe1e3742bbbcc6,True,"{""maximum_rss_bytes"": 225812480.0, ""path"": ""build-resource-usage.txt"", ""system_seconds"": 0.21, ""user_seconds"": 4.16, ""wall_seconds"": 4.42}"
v3-main-771601/spring_petclinic_microservices/colocated/NC/4,pmx,1,PMX_shared_variants,,22.32397063799999,independent_pmx_extraction_process,create_visit,,,,,
v3-main-771601/spring_petclinic_microservices/colocated/NC/4,pmx,1,PMX_shared_variants,,23.134896311000034,independent_pmx_extraction_process,list_owners,,,,,
v3-main-771601/spring_petclinic_microservices/colocated/NC/4,pmx,1,PMX_shared_variants,,21.47389340000001,independent_pmx_extraction_process,list_vets,,,,,
v3-main-771601/spring_petclinic_microservices/colocated/NC/4,pmx,1,PMX_shared_variants,,21.92601743900002,independent_pmx_extraction_process,owner_details_with_visits,,,,,
v3-main-771601/spring_petclinic_microservices/colocated/NC/5,acquisition,1,shared_acquisition,True,2122.7492039189997,acquisition_and_export_process_total,,,,,,
v3-main-771601/spring_petclinic_microservices/colocated/NC/5,acquisition,1,shared_native_pool,,2.968279925000388,native_parse,,,,,,
v3-main-771601/spring_petclinic_microservices/colocated/NC/5,graph,1,B0,,0.006137805999969714,identification,,,,,,
v3-main-771601/spring_petclinic_microservices/colocated/NC/5,graph,1,shared_graph_family,,0.17061579599999277,extraction,create_visit,,,,,
v3-main-771601/spring_petclinic_microservices/colocated/NC/5,graph,1,shared_graph_family,,0.002951797000037004,identification,create_visit,,,,,
v3-main-771601/spring_petclinic_microservices/colocated/NC/5,graph,1,shared_graph_family,,0.002196933000050194,solve,create_visit,,,,,
v3-main-771601/spring_petclinic_microservices/colocated/NC/5,graph,1,G0,,0.00019364100000984763,identification,create_visit,,,,,
v3-main-771601/spring_petclinic_microservices/colocated/NC/5,graph,1,G0,,0.00016422599992438336,solve,create_visit,,,,,
v3-main-771601/spring_petclinic_microservices/colocated/NC/5,graph,1,shared_graph_family,,0.3010538700000325,extraction,list_owners,,,,,
v3-main-771601/spring_petclinic_microservices/colocated/NC/5,graph,1,shared_graph_family,,0.0022803479999993215,identification,list_owners,,,,,
v3-main-771601/spring_petclinic_microservices/colocated/NC/5,graph,1,shared_graph_family,,0.0001962649999995847,solve,list_owners,,,,,
v3-main-771601/spring_petclinic_microservices/colocated/NC/5,graph,1,G0,,0.0001725789999227345,identification,list_owners,,,,,
v3-main-771601/spring_petclinic_microservices/colocated/NC/5,graph,1,G0,,0.00013580400002410897,solve,list_owners,,,,,
v3-main-771601/spring_petclinic_microservices/colocated/NC/5,graph,1,shared_graph_family,,0.050119375000008404,extraction,list_vets,,,,,
v3-main-771601/spring_petclinic_microservices/colocated/NC/5,graph,1,shared_graph_family,,0.0019754299999021896,identification,list_vets,,,,,
v3-main-771601/spring_petclinic_microservices/colocated/NC/5,graph,1,shared_graph_family,,0.00019267999994099227,solve,list_vets,,,,,
v3-main-771601/spring_petclinic_microservices/colocated/NC/5,graph,1,G0,,0.0001231150000648995,identification,list_vets,,,,,
v3-main-771601/spring_petclinic_microservices/colocated/NC/5,graph,1,G0,,5.238899996129476e-05,solve,list_vets,,,,,
v3-main-771601/spring_petclinic_microservices/colocated/NC/5,graph,1,shared_graph_family,,0.1883671680000134,extraction,owner_details_with_visits,,,,,
v3-main-771601/spring_petclinic_microservices/colocated/NC/5,graph,1,shared_graph_family,,0.003203915999961282,identification,owner_details_with_visits,,,,,
v3-main-771601/spring_petclinic_microservices/colocated/NC/5,graph,1,shared_graph_family,,0.002246257000024343,solve,owner_details_with_visits,,,,,
v3-main-771601/spring_petclinic_microservices/colocated/NC/5,graph,1,G0,,0.000254954000070029,identification,owner_details_with_visits,,,,,
v3-main-771601/spring_petclinic_microservices/colocated/NC/5,graph,1,G0,,0.00010942500000510336,solve,owner_details_with_visits,,,,,
v3-main-771601/spring_petclinic_microservices/colocated/NC/5,pmx,1,PMX_shared_variants,,1.5655200789999952,native_projection,create_visit,,,,,
v3-main-771601/spring_petclinic_microservices/colocated/NC/5,pmx,1,PMX_shared_variants,,5.257181719000002,native_projection,list_owners,,,,,
v3-main-771601/spring_petclinic_microservices/colocated/NC/5,pmx,1,PMX_shared_variants,,1.0966675070000065,native_projection,list_vets,,,,,
v3-main-771601/spring_petclinic_microservices/colocated/NC/5,pmx,1,PMX_shared_variants,,2.400825038000008,native_projection,owner_details_with_visits,,,,,
v3-main-771601/spring_petclinic_microservices/colocated/NC/5,pmx,1,PMX_shared_variants,,10.885599630000002,input_and_projection_process_total,,True,,,,
v3-main-771601/spring_petclinic_microservices/colocated/NC/5,pmx,1,PMX_shared_variants,,12.68,derived_binary_build,,,javac 11.0.32,2322880b6447754528e201553bc4e2fac00334b7d6f3ac202cfe1e3742bbbcc6,True,"{""maximum_rss_bytes"": 227725312.0, ""path"": ""build-resource-usage.txt"", ""system_seconds"": 0.3, ""user_seconds"": 6.97, ""wall_seconds"": 12.68}"
v3-main-771601/spring_petclinic_microservices/colocated/NC/5,pmx,1,PMX_shared_variants,,23.98035077899999,independent_pmx_extraction_process,create_visit,,,,,
v3-main-771601/spring_petclinic_microservices/colocated/NC/5,pmx,1,PMX_shared_variants,,25.69124427,independent_pmx_extraction_process,list_owners,,,,,
v3-main-771601/spring_petclinic_microservices/colocated/NC/5,pmx,1,PMX_shared_variants,,22.683641291000015,independent_pmx_extraction_process,list_vets,,,,,
v3-main-771601/spring_petclinic_microservices/colocated/NC/5,pmx,1,PMX_shared_variants,,23.279853727999978,independent_pmx_extraction_process,owner_details_with_visits,,,,,
v3-main-771601/spring_petclinic_microservices/colocated/NC/6,acquisition,1,shared_acquisition,True,2116.713903863,acquisition_and_export_process_total,,,,,,
v3-main-771601/spring_petclinic_microservices/colocated/NC/6,acquisition,1,shared_native_pool,,3.4008992089998173,native_parse,,,,,,
v3-main-771601/spring_petclinic_microservices/colocated/NC/6,graph,1,B0,,0.006142647000004331,identification,,,,,,
v3-main-771601/spring_petclinic_microservices/colocated/NC/6,graph,1,shared_graph_family,,0.1617686569999961,extraction,create_visit,,,,,
v3-main-771601/spring_petclinic_microservices/colocated/NC/6,graph,1,shared_graph_family,,0.002865933000002485,identification,create_visit,,,,,
v3-main-771601/spring_petclinic_microservices/colocated/NC/6,graph,1,shared_graph_family,,0.002612311000000034,solve,create_visit,,,,,
v3-main-771601/spring_petclinic_microservices/colocated/NC/6,graph,1,G0,,0.0001838710000043875,identification,create_visit,,,,,
v3-main-771601/spring_petclinic_microservices/colocated/NC/6,graph,1,G0,,0.00011311000000091553,solve,create_visit,,,,,
v3-main-771601/spring_petclinic_microservices/colocated/NC/6,graph,1,shared_graph_family,,0.3383985610000053,extraction,list_owners,,,,,
v3-main-771601/spring_petclinic_microservices/colocated/NC/6,graph,1,shared_graph_family,,0.0020890999999991777,identification,list_owners,,,,,
v3-main-771601/spring_petclinic_microservices/colocated/NC/6,graph,1,shared_graph_family,,0.0001813970000057452,solve,list_owners,,,,,
v3-main-771601/spring_petclinic_microservices/colocated/NC/6,graph,1,G0,,0.00015513799999666844,identification,list_owners,,,,,
v3-main-771601/spring_petclinic_microservices/colocated/NC/6,graph,1,G0,,7.73339999966538e-05,solve,list_owners,,,,,
v3-main-771601/spring_petclinic_microservices/colocated/NC/6,graph,1,shared_graph_family,,0.0531871589999966,extraction,list_vets,,,,,
v3-main-771601/spring_petclinic_microservices/colocated/NC/6,graph,1,shared_graph_family,,0.001852259999999717,identification,list_vets,,,,,
v3-main-771601/spring_petclinic_microservices/colocated/NC/6,graph,1,shared_graph_family,,0.00018108599999777653,solve,list_vets,,,,,
v3-main-771601/spring_petclinic_microservices/colocated/NC/6,graph,1,G0,,0.00011363100000494342,identification,list_vets,,,,,
v3-main-771601/spring_petclinic_microservices/colocated/NC/6,graph,1,G0,,4.060500000235834e-05,solve,list_vets,,,,,
v3-main-771601/spring_petclinic_microservices/colocated/NC/6,graph,1,shared_graph_family,,0.20986676600000465,extraction,owner_details_with_visits,,,,,
v3-main-771601/spring_petclinic_microservices/colocated/NC/6,graph,1,shared_graph_family,,0.0030512969999989537,identification,owner_details_with_visits,,,,,
v3-main-771601/spring_petclinic_microservices/colocated/NC/6,graph,1,shared_graph_family,,0.002451122000003636,solve,owner_details_with_visits,,,,,
v3-main-771601/spring_petclinic_microservices/colocated/NC/6,graph,1,G0,,0.0002428819999948928,identification,owner_details_with_visits,,,,,
v3-main-771601/spring_petclinic_microservices/colocated/NC/6,graph,1,G0,,0.0001127299999978959,solve,owner_details_with_visits,,,,,
v3-main-771601/spring_petclinic_microservices/colocated/NC/6,pmx,1,PMX_shared_variants,,1.6741104599999943,native_projection,create_visit,,,,,
v3-main-771601/spring_petclinic_microservices/colocated/NC/6,pmx,1,PMX_shared_variants,,5.628962262000002,native_projection,list_owners,,,,,
v3-main-771601/spring_petclinic_microservices/colocated/NC/6,pmx,1,PMX_shared_variants,,1.1756846650000057,native_projection,list_vets,,,,,
v3-main-771601/spring_petclinic_microservices/colocated/NC/6,pmx,1,PMX_shared_variants,,2.568594328000003,native_projection,owner_details_with_visits,,,,,
v3-main-771601/spring_petclinic_microservices/colocated/NC/6,pmx,1,PMX_shared_variants,,11.645500682000005,input_and_projection_process_total,,True,,,,
v3-main-771601/spring_petclinic_microservices/colocated/NC/6,pmx,1,PMX_shared_variants,,7.15,derived_binary_build,,,javac 11.0.32,2322880b6447754528e201553bc4e2fac00334b7d6f3ac202cfe1e3742bbbcc6,True,"{""maximum_rss_bytes"": 227561472.0, ""path"": ""build-resource-usage.txt"", ""system_seconds"": 0.34, ""user_seconds"": 7.11, ""wall_seconds"": 7.15}"
v3-main-771601/spring_petclinic_microservices/colocated/NC/6,pmx,1,PMX_shared_variants,,23.532618552000002,independent_pmx_extraction_process,create_visit,,,,,
v3-main-771601/spring_petclinic_microservices/colocated/NC/6,pmx,1,PMX_shared_variants,,26.047289338,independent_pmx_extraction_process,list_owners,,,,,
v3-main-771601/spring_petclinic_microservices/colocated/NC/6,pmx,1,PMX_shared_variants,,22.828312859000008,independent_pmx_extraction_process,list_vets,,,,,
v3-main-771601/spring_petclinic_microservices/colocated/NC/6,pmx,1,PMX_shared_variants,,23.342006527999985,independent_pmx_extraction_process,owner_details_with_visits,,,,,
v3-main-771601/spring_petclinic_microservices/colocated/NC/7,acquisition,1,shared_acquisition,True,2111.167019346,acquisition_and_export_process_total,,,,,,
v3-main-771601/spring_petclinic_microservices/colocated/NC/7,acquisition,1,shared_native_pool,,2.5095910380000532,native_parse,,,,,,
v3-main-771601/spring_petclinic_microservices/colocated/NC/7,graph,1,B0,,0.006378627000003689,identification,,,,,,
v3-main-771601/spring_petclinic_microservices/colocated/NC/7,graph,1,shared_graph_family,,0.17626364000000194,extraction,create_visit,,,,,
v3-main-771601/spring_petclinic_microservices/colocated/NC/7,graph,1,shared_graph_family,,0.0029560409999760395,identification,create_visit,,,,,
v3-main-771601/spring_petclinic_microservices/colocated/NC/7,graph,1,shared_graph_family,,0.0029523039999901357,solve,create_visit,,,,,
v3-main-771601/spring_petclinic_microservices/colocated/NC/7,graph,1,G0,,0.00020852100001889085,identification,create_visit,,,,,
v3-main-771601/spring_petclinic_microservices/colocated/NC/7,graph,1,G0,,0.00012229999998680796,solve,create_visit,,,,,
v3-main-771601/spring_petclinic_microservices/colocated/NC/7,graph,1,shared_graph_family,,0.3492998589999843,extraction,list_owners,,,,,
v3-main-771601/spring_petclinic_microservices/colocated/NC/7,graph,1,shared_graph_family,,0.0022269220000055157,identification,list_owners,,,,,
v3-main-771601/spring_petclinic_microservices/colocated/NC/7,graph,1,shared_graph_family,,0.0001965800000220952,solve,list_owners,,,,,
v3-main-771601/spring_petclinic_microservices/colocated/NC/7,graph,1,G0,,0.00016629200001716526,identification,list_owners,,,,,
v3-main-771601/spring_petclinic_microservices/colocated/NC/7,graph,1,G0,,0.00010053899998752058,solve,list_owners,,,,,
v3-main-771601/spring_petclinic_microservices/colocated/NC/7,graph,1,shared_graph_family,,0.05610351799998625,extraction,list_vets,,,,,
v3-main-771601/spring_petclinic_microservices/colocated/NC/7,graph,1,shared_graph_family,,0.0020119680000050266,identification,list_vets,,,,,
v3-main-771601/spring_petclinic_microservices/colocated/NC/7,graph,1,shared_graph_family,,0.0001708409999992,solve,list_vets,,,,,
v3-main-771601/spring_petclinic_microservices/colocated/NC/7,graph,1,G0,,0.00011965500002020235,identification,list_vets,,,,,
v3-main-771601/spring_petclinic_microservices/colocated/NC/7,graph,1,G0,,4.25500000176271e-05,solve,list_vets,,,,,
v3-main-771601/spring_petclinic_microservices/colocated/NC/7,graph,1,shared_graph_family,,0.21495012500000144,extraction,owner_details_with_visits,,,,,
v3-main-771601/spring_petclinic_microservices/colocated/NC/7,graph,1,shared_graph_family,,0.003149454000009655,identification,owner_details_with_visits,,,,,
v3-main-771601/spring_petclinic_microservices/colocated/NC/7,graph,1,shared_graph_family,,0.0022818260000008195,solve,owner_details_with_visits,,,,,
v3-main-771601/spring_petclinic_microservices/colocated/NC/7,graph,1,G0,,0.0002744850000055976,identification,owner_details_with_visits,,,,,
v3-main-771601/spring_petclinic_microservices/colocated/NC/7,graph,1,G0,,0.00011522700000909936,solve,owner_details_with_visits,,,,,
v3-main-771601/spring_petclinic_microservices/colocated/NC/7,pmx,1,PMX_shared_variants,,1.2857297430000472,native_projection,create_visit,,,,,
v3-main-771601/spring_petclinic_microservices/colocated/NC/7,pmx,1,PMX_shared_variants,,4.477097803999868,native_projection,list_owners,,,,,
v3-main-771601/spring_petclinic_microservices/colocated/NC/7,pmx,1,PMX_shared_variants,,0.9495126499998605,native_projection,list_vets,,,,,
v3-main-771601/spring_petclinic_microservices/colocated/NC/7,pmx,1,PMX_shared_variants,,1.9932348390000243,native_projection,owner_details_with_visits,,,,,
v3-main-771601/spring_petclinic_microservices/colocated/NC/7,pmx,1,PMX_shared_variants,,9.21710564099999,input_and_projection_process_total,,True,,,,
v3-main-771601/spring_petclinic_microservices/colocated/NC/7,pmx,1,PMX_shared_variants,,9.82,derived_binary_build,,,javac 11.0.32,2322880b6447754528e201553bc4e2fac00334b7d6f3ac202cfe1e3742bbbcc6,True,"{""maximum_rss_bytes"": 225742848.0, ""path"": ""build-resource-usage.txt"", ""system_seconds"": 0.28, ""user_seconds"": 7.15, ""wall_seconds"": 9.82}"
v3-main-771601/spring_petclinic_microservices/colocated/NC/7,pmx,1,PMX_shared_variants,,24.54461064899988,independent_pmx_extraction_process,create_visit,,,,,
v3-main-771601/spring_petclinic_microservices/colocated/NC/7,pmx,1,PMX_shared_variants,,26.797529376000057,independent_pmx_extraction_process,list_owners,,,,,
v3-main-771601/spring_petclinic_microservices/colocated/NC/7,pmx,1,PMX_shared_variants,,22.48044710499994,independent_pmx_extraction_process,list_vets,,,,,
v3-main-771601/spring_petclinic_microservices/colocated/NC/7,pmx,1,PMX_shared_variants,,23.23653970700002,independent_pmx_extraction_process,owner_details_with_visits,,,,,
v3-main-771601/spring_petclinic_microservices/colocated/NC/8,acquisition,1,shared_acquisition,True,2107.510679623,acquisition_and_export_process_total,,,,,,
v3-main-771601/spring_petclinic_microservices/colocated/NC/8,acquisition,1,shared_native_pool,,2.7254275990003407,native_parse,,,,,,
v3-main-771601/spring_petclinic_microservices/colocated/NC/8,graph,1,B0,,0.00603442599998516,identification,,,,,,
v3-main-771601/spring_petclinic_microservices/colocated/NC/8,graph,1,shared_graph_family,,0.16273742300001004,extraction,create_visit,,,,,
v3-main-771601/spring_petclinic_microservices/colocated/NC/8,graph,1,shared_graph_family,,0.002878264000003128,identification,create_visit,,,,,
v3-main-771601/spring_petclinic_microservices/colocated/NC/8,graph,1,shared_graph_family,,0.0029020479999530835,solve,create_visit,,,,,
v3-main-771601/spring_petclinic_microservices/colocated/NC/8,graph,1,G0,,0.00030376699999123957,identification,create_visit,,,,,
v3-main-771601/spring_petclinic_microservices/colocated/NC/8,graph,1,G0,,0.00011785100002725812,solve,create_visit,,,,,
v3-main-771601/spring_petclinic_microservices/colocated/NC/8,graph,1,shared_graph_family,,0.34190245599995706,extraction,list_owners,,,,,
v3-main-771601/spring_petclinic_microservices/colocated/NC/8,graph,1,shared_graph_family,,0.00212634000001799,identification,list_owners,,,,,
v3-main-771601/spring_petclinic_microservices/colocated/NC/8,graph,1,shared_graph_family,,0.0001827309999953286,solve,list_owners,,,,,
v3-main-771601/spring_petclinic_microservices/colocated/NC/8,graph,1,G0,,0.00016235300000744246,identification,list_owners,,,,,
v3-main-771601/spring_petclinic_microservices/colocated/NC/8,graph,1,G0,,9.889500000781482e-05,solve,list_owners,,,,,
v3-main-771601/spring_petclinic_microservices/colocated/NC/8,graph,1,shared_graph_family,,0.054412232000004224,extraction,list_vets,,,,,
v3-main-771601/spring_petclinic_microservices/colocated/NC/8,graph,1,shared_graph_family,,0.0019216870000491326,identification,list_vets,,,,,
v3-main-771601/spring_petclinic_microservices/colocated/NC/8,graph,1,shared_graph_family,,0.00016805299998168266,solve,list_vets,,,,,
v3-main-771601/spring_petclinic_microservices/colocated/NC/8,graph,1,G0,,0.00013551299997516253,identification,list_vets,,,,,
v3-main-771601/spring_petclinic_microservices/colocated/NC/8,graph,1,G0,,4.730900002414273e-05,solve,list_vets,,,,,
v3-main-771601/spring_petclinic_microservices/colocated/NC/8,graph,1,shared_graph_family,,0.2098250209999719,extraction,owner_details_with_visits,,,,,
v3-main-771601/spring_petclinic_microservices/colocated/NC/8,graph,1,shared_graph_family,,0.003087074000006851,identification,owner_details_with_visits,,,,,
v3-main-771601/spring_petclinic_microservices/colocated/NC/8,graph,1,shared_graph_family,,0.002446476999978131,solve,owner_details_with_visits,,,,,
v3-main-771601/spring_petclinic_microservices/colocated/NC/8,graph,1,G0,,0.0002621389999717394,identification,owner_details_with_visits,,,,,
v3-main-771601/spring_petclinic_microservices/colocated/NC/8,graph,1,G0,,0.00010733999999956723,solve,owner_details_with_visits,,,,,
v3-main-771601/spring_petclinic_microservices/colocated/NC/8,pmx,1,PMX_shared_variants,,1.0911120860000096,native_projection,create_visit,,,,,
v3-main-771601/spring_petclinic_microservices/colocated/NC/8,pmx,1,PMX_shared_variants,,3.7952645370000084,native_projection,list_owners,,,,,
v3-main-771601/spring_petclinic_microservices/colocated/NC/8,pmx,1,PMX_shared_variants,,0.8121448440000023,native_projection,list_vets,,,,,
v3-main-771601/spring_petclinic_microservices/colocated/NC/8,pmx,1,PMX_shared_variants,,1.6828420700000066,native_projection,owner_details_with_visits,,,,,
v3-main-771601/spring_petclinic_microservices/colocated/NC/8,pmx,1,PMX_shared_variants,,7.822711814999991,input_and_projection_process_total,,True,,,,
v3-main-771601/spring_petclinic_microservices/colocated/NC/8,pmx,1,PMX_shared_variants,,11.31,derived_binary_build,,,javac 11.0.32,2322880b6447754528e201553bc4e2fac00334b7d6f3ac202cfe1e3742bbbcc6,True,"{""maximum_rss_bytes"": 225714176.0, ""path"": ""build-resource-usage.txt"", ""system_seconds"": 0.26, ""user_seconds"": 6.22, ""wall_seconds"": 11.31}"
v3-main-771601/spring_petclinic_microservices/colocated/NC/8,pmx,1,PMX_shared_variants,,24.18135121399999,independent_pmx_extraction_process,create_visit,,,,,
v3-main-771601/spring_petclinic_microservices/colocated/NC/8,pmx,1,PMX_shared_variants,,26.449792226,independent_pmx_extraction_process,list_owners,,,,,
v3-main-771601/spring_petclinic_microservices/colocated/NC/8,pmx,1,PMX_shared_variants,,22.12908036600001,independent_pmx_extraction_process,list_vets,,,,,
v3-main-771601/spring_petclinic_microservices/colocated/NC/8,pmx,1,PMX_shared_variants,,22.836984169000004,independent_pmx_extraction_process,owner_details_with_visits,,,,,
v3-main-771601/spring_petclinic_microservices/colocated/NC/9,acquisition,1,shared_acquisition,True,2115.1939583619996,acquisition_and_export_process_total,,,,,,
v3-main-771601/spring_petclinic_microservices/colocated/NC/9,acquisition,1,shared_native_pool,,3.26633522200018,native_parse,,,,,,
v3-main-771601/spring_petclinic_microservices/colocated/NC/9,graph,1,B0,,0.006051919000015005,identification,,,,,,
v3-main-771601/spring_petclinic_microservices/colocated/NC/9,graph,1,shared_graph_family,,0.1763791779999906,extraction,create_visit,,,,,
v3-main-771601/spring_petclinic_microservices/colocated/NC/9,graph,1,shared_graph_family,,0.0029090259999975387,identification,create_visit,,,,,
v3-main-771601/spring_petclinic_microservices/colocated/NC/9,graph,1,shared_graph_family,,0.0026121210000269457,solve,create_visit,,,,,
v3-main-771601/spring_petclinic_microservices/colocated/NC/9,graph,1,G0,,0.00019216900000174064,identification,create_visit,,,,,
v3-main-771601/spring_petclinic_microservices/colocated/NC/9,graph,1,G0,,0.0001134120000187977,solve,create_visit,,,,,
v3-main-771601/spring_petclinic_microservices/colocated/NC/9,graph,1,shared_graph_family,,0.3498394800000142,extraction,list_owners,,,,,
v3-main-771601/spring_petclinic_microservices/colocated/NC/9,graph,1,shared_graph_family,,0.002170535999994172,identification,list_owners,,,,,
v3-main-771601/spring_petclinic_microservices/colocated/NC/9,graph,1,shared_graph_family,,0.00018278099997814934,solve,list_owners,,,,,
v3-main-771601/spring_petclinic_microservices/colocated/NC/9,graph,1,G0,,0.00016851499998438157,identification,list_owners,,,,,
v3-main-771601/spring_petclinic_microservices/colocated/NC/9,graph,1,G0,,0.00010956500000247615,solve,list_owners,,,,,
v3-main-771601/spring_petclinic_microservices/colocated/NC/9,graph,1,shared_graph_family,,0.05584524299996474,extraction,list_vets,,,,,
v3-main-771601/spring_petclinic_microservices/colocated/NC/9,graph,1,shared_graph_family,,0.0019624280000130057,identification,list_vets,,,,,
v3-main-771601/spring_petclinic_microservices/colocated/NC/9,graph,1,shared_graph_family,,0.00016941600000563994,solve,list_vets,,,,,
v3-main-771601/spring_petclinic_microservices/colocated/NC/9,graph,1,G0,,0.00011810000000878063,identification,list_vets,,,,,
v3-main-771601/spring_petclinic_microservices/colocated/NC/9,graph,1,G0,,4.269999999451102e-05,solve,list_vets,,,,,
v3-main-771601/spring_petclinic_microservices/colocated/NC/9,graph,1,shared_graph_family,,0.21660210899995036,extraction,owner_details_with_visits,,,,,
v3-main-771601/spring_petclinic_microservices/colocated/NC/9,graph,1,shared_graph_family,,0.0031551049999620773,identification,owner_details_with_visits,,,,,
v3-main-771601/spring_petclinic_microservices/colocated/NC/9,graph,1,shared_graph_family,,0.002423679000003176,solve,owner_details_with_visits,,,,,
v3-main-771601/spring_petclinic_microservices/colocated/NC/9,graph,1,G0,,0.00025103899997702683,identification,owner_details_with_visits,,,,,
v3-main-771601/spring_petclinic_microservices/colocated/NC/9,graph,1,G0,,0.0001017000000160806,solve,owner_details_with_visits,,,,,
v3-main-771601/spring_petclinic_microservices/colocated/NC/9,pmx,1,PMX_shared_variants,,1.6618532240000263,native_projection,create_visit,,,,,
v3-main-771601/spring_petclinic_microservices/colocated/NC/9,pmx,1,PMX_shared_variants,,5.715931775999991,native_projection,list_owners,,,,,
v3-main-771601/spring_petclinic_microservices/colocated/NC/9,pmx,1,PMX_shared_variants,,1.1539812089999941,native_projection,list_vets,,,,,
v3-main-771601/spring_petclinic_microservices/colocated/NC/9,pmx,1,PMX_shared_variants,,2.6026154449999694,native_projection,owner_details_with_visits,,,,,
v3-main-771601/spring_petclinic_microservices/colocated/NC/9,pmx,1,PMX_shared_variants,,11.75901296500001,input_and_projection_process_total,,True,,,,
v3-main-771601/spring_petclinic_microservices/colocated/NC/9,pmx,1,PMX_shared_variants,,6.87,derived_binary_build,,,javac 11.0.32,2322880b6447754528e201553bc4e2fac00334b7d6f3ac202cfe1e3742bbbcc6,True,"{""maximum_rss_bytes"": 228167680.0, ""path"": ""build-resource-usage.txt"", ""system_seconds"": 0.33, ""user_seconds"": 6.98, ""wall_seconds"": 6.87}"
v3-main-771601/spring_petclinic_microservices/colocated/NC/9,pmx,1,PMX_shared_variants,,23.883416917999966,independent_pmx_extraction_process,create_visit,,,,,
v3-main-771601/spring_petclinic_microservices/colocated/NC/9,pmx,1,PMX_shared_variants,,25.343123456999933,independent_pmx_extraction_process,list_owners,,,,,
v3-main-771601/spring_petclinic_microservices/colocated/NC/9,pmx,1,PMX_shared_variants,,22.630770166000048,independent_pmx_extraction_process,list_vets,,,,,
v3-main-771601/spring_petclinic_microservices/colocated/NC/9,pmx,1,PMX_shared_variants,,23.089872743,independent_pmx_extraction_process,owner_details_with_visits,,,,,
v3-main-771601/spring_petclinic_microservices/colocated/ND/0,acquisition,1,shared_acquisition,True,2118.879665992,acquisition_and_export_process_total,,,,,,
v3-main-771601/spring_petclinic_microservices/colocated/ND/0,acquisition,1,shared_native_pool,,3.3389866939996864,native_parse,,,,,,
v3-main-771601/spring_petclinic_microservices/colocated/ND/0,graph,1,B0,,0.005045558999995592,identification,,,,,,
v3-main-771601/spring_petclinic_microservices/colocated/ND/0,graph,1,shared_graph_family,,0.13115547900000024,extraction,create_visit,,,,,
v3-main-771601/spring_petclinic_microservices/colocated/ND/0,graph,1,shared_graph_family,,0.0025602699999964784,identification,create_visit,,,,,
v3-main-771601/spring_petclinic_microservices/colocated/ND/0,graph,1,shared_graph_family,,0.0019302769999995917,solve,create_visit,,,,,
v3-main-771601/spring_petclinic_microservices/colocated/ND/0,graph,1,G0,,0.0001688560000019379,identification,create_visit,,,,,
v3-main-771601/spring_petclinic_microservices/colocated/ND/0,graph,1,G0,,0.00012882400000080452,solve,create_visit,,,,,
v3-main-771601/spring_petclinic_microservices/colocated/ND/0,graph,1,shared_graph_family,,0.28794066999999757,extraction,list_owners,,,,,
v3-main-771601/spring_petclinic_microservices/colocated/ND/0,graph,1,shared_graph_family,,0.001870515000000239,identification,list_owners,,,,,
v3-main-771601/spring_petclinic_microservices/colocated/ND/0,graph,1,shared_graph_family,,0.00016715600000338782,solve,list_owners,,,,,
v3-main-771601/spring_petclinic_microservices/colocated/ND/0,graph,1,G0,,0.00018050699999605513,identification,list_owners,,,,,
v3-main-771601/spring_petclinic_microservices/colocated/ND/0,graph,1,G0,,0.00010496699999862358,solve,list_owners,,,,,
v3-main-771601/spring_petclinic_microservices/colocated/ND/0,graph,1,shared_graph_family,,0.044831874999999854,extraction,list_vets,,,,,
v3-main-771601/spring_petclinic_microservices/colocated/ND/0,graph,1,shared_graph_family,,0.001594599000000585,identification,list_vets,,,,,
v3-main-771601/spring_petclinic_microservices/colocated/ND/0,graph,1,shared_graph_family,,0.0001569890000041596,solve,list_vets,,,,,
v3-main-771601/spring_petclinic_microservices/colocated/ND/0,graph,1,G0,,0.00010912599999812755,identification,list_vets,,,,,
v3-main-771601/spring_petclinic_microservices/colocated/ND/0,graph,1,G0,,5.133700000214958e-05,solve,list_vets,,,,,
v3-main-771601/spring_petclinic_microservices/colocated/ND/0,graph,1,shared_graph_family,,0.17779099399999865,extraction,owner_details_with_visits,,,,,
v3-main-771601/spring_petclinic_microservices/colocated/ND/0,graph,1,shared_graph_family,,0.0027616510000001426,identification,owner_details_with_visits,,,,,
v3-main-771601/spring_petclinic_microservices/colocated/ND/0,graph,1,shared_graph_family,,0.0019911649999997394,solve,owner_details_with_visits,,,,,
v3-main-771601/spring_petclinic_microservices/colocated/ND/0,graph,1,G0,,0.0002973730000022101,identification,owner_details_with_visits,,,,,
v3-main-771601/spring_petclinic_microservices/colocated/ND/0,graph,1,G0,,0.0001415819999976975,solve,owner_details_with_visits,,,,,
v3-main-771601/spring_petclinic_microservices/colocated/ND/0,pmx,1,PMX_shared_variants,,1.1168569009999771,native_projection,create_visit,,,,,
v3-main-771601/spring_petclinic_microservices/colocated/ND/0,pmx,1,PMX_shared_variants,,3.919170572000013,native_projection,list_owners,,,,,
v3-main-771601/spring_petclinic_microservices/colocated/ND/0,pmx,1,PMX_shared_variants,,0.8181257119999827,native_projection,list_vets,,,,,
v3-main-771601/spring_petclinic_microservices/colocated/ND/0,pmx,1,PMX_shared_variants,,1.7422271840000008,native_projection,owner_details_with_visits,,,,,
v3-main-771601/spring_petclinic_microservices/colocated/ND/0,pmx,1,PMX_shared_variants,,8.035543159000014,input_and_projection_process_total,,True,,,,
v3-main-771601/spring_petclinic_microservices/colocated/ND/0,pmx,1,PMX_shared_variants,,7.34,derived_binary_build,,,javac 11.0.32,2322880b6447754528e201553bc4e2fac00334b7d6f3ac202cfe1e3742bbbcc6,True,"{""maximum_rss_bytes"": 226140160.0, ""path"": ""build-resource-usage.txt"", ""system_seconds"": 0.26, ""user_seconds"": 6.49, ""wall_seconds"": 7.34}"
v3-main-771601/spring_petclinic_microservices/colocated/ND/0,pmx,1,PMX_shared_variants,,23.02710719700002,independent_pmx_extraction_process,create_visit,,,,,
v3-main-771601/spring_petclinic_microservices/colocated/ND/0,pmx,1,PMX_shared_variants,,26.489250338000005,independent_pmx_extraction_process,list_owners,,,,,
v3-main-771601/spring_petclinic_microservices/colocated/ND/0,pmx,1,PMX_shared_variants,,22.277565928,independent_pmx_extraction_process,list_vets,,,,,
v3-main-771601/spring_petclinic_microservices/colocated/ND/0,pmx,1,PMX_shared_variants,,22.983018625,independent_pmx_extraction_process,owner_details_with_visits,,,,,
v3-main-771601/spring_petclinic_microservices/colocated/ND/1,acquisition,1,shared_acquisition,True,2109.606932032,acquisition_and_export_process_total,,,,,,
v3-main-771601/spring_petclinic_microservices/colocated/ND/1,acquisition,1,shared_native_pool,,2.594205458999568,native_parse,,,,,,
v3-main-771601/spring_petclinic_microservices/colocated/ND/1,graph,1,B0,,0.00601241999999047,identification,,,,,,
v3-main-771601/spring_petclinic_microservices/colocated/ND/1,graph,1,shared_graph_family,,0.15286679600001207,extraction,create_visit,,,,,
v3-main-771601/spring_petclinic_microservices/colocated/ND/1,graph,1,shared_graph_family,,0.003043861000008974,identification,create_visit,,,,,
v3-main-771601/spring_petclinic_microservices/colocated/ND/1,graph,1,shared_graph_family,,0.0016644170000006397,solve,create_visit,,,,,
v3-main-771601/spring_petclinic_microservices/colocated/ND/1,graph,1,G0,,0.00018300299998941227,identification,create_visit,,,,,
v3-main-771601/spring_petclinic_microservices/colocated/ND/1,graph,1,G0,,0.0001146139999832485,solve,create_visit,,,,,
v3-main-771601/spring_petclinic_microservices/colocated/ND/1,graph,1,shared_graph_family,,0.32903400899999724,extraction,list_owners,,,,,
v3-main-771601/spring_petclinic_microservices/colocated/ND/1,graph,1,shared_graph_family,,0.0021116450000135956,identification,list_owners,,,,,
v3-main-771601/spring_petclinic_microservices/colocated/ND/1,graph,1,shared_graph_family,,0.00017443699999830642,solve,list_owners,,,,,
v3-main-771601/spring_petclinic_microservices/colocated/ND/1,graph,1,G0,,0.0001590980000116815,identification,list_owners,,,,,
v3-main-771601/spring_petclinic_microservices/colocated/ND/1,graph,1,G0,,8.086100001492014e-05,solve,list_owners,,,,,
v3-main-771601/spring_petclinic_microservices/colocated/ND/1,graph,1,shared_graph_family,,0.05262365600000862,extraction,list_vets,,,,,
v3-main-771601/spring_petclinic_microservices/colocated/ND/1,graph,1,shared_graph_family,,0.0018842389999917941,identification,list_vets,,,,,
v3-main-771601/spring_petclinic_microservices/colocated/ND/1,graph,1,shared_graph_family,,0.0001555409999980384,solve,list_vets,,,,,
v3-main-771601/spring_petclinic_microservices/colocated/ND/1,graph,1,G0,,0.00011227999999618987,identification,list_vets,,,,,
v3-main-771601/spring_petclinic_microservices/colocated/ND/1,graph,1,G0,,3.708899998855486e-05,solve,list_vets,,,,,
v3-main-771601/spring_petclinic_microservices/colocated/ND/1,graph,1,shared_graph_family,,0.2053989399999807,extraction,owner_details_with_visits,,,,,
v3-main-771601/spring_petclinic_microservices/colocated/ND/1,graph,1,shared_graph_family,,0.0030734260000144786,identification,owner_details_with_visits,,,,,
v3-main-771601/spring_petclinic_microservices/colocated/ND/1,graph,1,shared_graph_family,,0.0019398639999792522,solve,owner_details_with_visits,,,,,
v3-main-771601/spring_petclinic_microservices/colocated/ND/1,graph,1,G0,,0.00025657000000478547,identification,owner_details_with_visits,,,,,
v3-main-771601/spring_petclinic_microservices/colocated/ND/1,graph,1,G0,,9.068999997907667e-05,solve,owner_details_with_visits,,,,,
v3-main-771601/spring_petclinic_microservices/colocated/ND/1,pmx,1,PMX_shared_variants,,1.084167478000012,native_projection,create_visit,,,,,
v3-main-771601/spring_petclinic_microservices/colocated/ND/1,pmx,1,PMX_shared_variants,,3.760330159000006,native_projection,list_owners,,,,,
v3-main-771601/spring_petclinic_microservices/colocated/ND/1,pmx,1,PMX_shared_variants,,0.7672601030000124,native_projection,list_vets,,,,,
v3-main-771601/spring_petclinic_microservices/colocated/ND/1,pmx,1,PMX_shared_variants,,1.622449611999997,native_projection,owner_details_with_visits,,,,,
v3-main-771601/spring_petclinic_microservices/colocated/ND/1,pmx,1,PMX_shared_variants,,7.657502321999985,input_and_projection_process_total,,True,,,,
v3-main-771601/spring_petclinic_microservices/colocated/ND/1,pmx,1,PMX_shared_variants,,7.07,derived_binary_build,,,javac 11.0.32,2322880b6447754528e201553bc4e2fac00334b7d6f3ac202cfe1e3742bbbcc6,True,"{""maximum_rss_bytes"": 226078720.0, ""path"": ""build-resource-usage.txt"", ""system_seconds"": 0.27, ""user_seconds"": 6.06, ""wall_seconds"": 7.07}"
v3-main-771601/spring_petclinic_microservices/colocated/ND/1,pmx,1,PMX_shared_variants,,23.223958167999996,independent_pmx_extraction_process,create_visit,,,,,
v3-main-771601/spring_petclinic_microservices/colocated/ND/1,pmx,1,PMX_shared_variants,,26.343989815999976,independent_pmx_extraction_process,list_owners,,,,,
v3-main-771601/spring_petclinic_microservices/colocated/ND/1,pmx,1,PMX_shared_variants,,22.179471862999975,independent_pmx_extraction_process,list_vets,,,,,
v3-main-771601/spring_petclinic_microservices/colocated/ND/1,pmx,1,PMX_shared_variants,,22.830822622,independent_pmx_extraction_process,owner_details_with_visits,,,,,
v3-main-771601/spring_petclinic_microservices/colocated/ND/2,acquisition,1,shared_acquisition,True,2113.034834078,acquisition_and_export_process_total,,,,,,
v3-main-771601/spring_petclinic_microservices/colocated/ND/2,acquisition,1,shared_native_pool,,2.1861045440000453,native_parse,,,,,,
v3-main-771601/spring_petclinic_microservices/colocated/ND/2,graph,1,B0,,0.0055347979999851304,identification,,,,,,
v3-main-771601/spring_petclinic_microservices/colocated/ND/2,graph,1,shared_graph_family,,0.1397524910000243,extraction,create_visit,,,,,
v3-main-771601/spring_petclinic_microservices/colocated/ND/2,graph,1,shared_graph_family,,0.0025555729999950927,identification,create_visit,,,,,
v3-main-771601/spring_petclinic_microservices/colocated/ND/2,graph,1,shared_graph_family,,0.0018840729999851646,solve,create_visit,,,,,
v3-main-771601/spring_petclinic_microservices/colocated/ND/2,graph,1,G0,,0.0001803739999672871,identification,create_visit,,,,,
v3-main-771601/spring_petclinic_microservices/colocated/ND/2,graph,1,G0,,0.00012409600003593368,solve,create_visit,,,,,
v3-main-771601/spring_petclinic_microservices/colocated/ND/2,graph,1,shared_graph_family,,0.29628010900000845,extraction,list_owners,,,,,
v3-main-771601/spring_petclinic_microservices/colocated/ND/2,graph,1,shared_graph_family,,0.001978758999996444,identification,list_owners,,,,,
v3-main-771601/spring_petclinic_microservices/colocated/ND/2,graph,1,shared_graph_family,,0.00017046400000708672,solve,list_owners,,,,,
v3-main-771601/spring_petclinic_microservices/colocated/ND/2,graph,1,G0,,0.00014825499999915337,identification,list_owners,,,,,
v3-main-771601/spring_petclinic_microservices/colocated/ND/2,graph,1,G0,,9.449899999935951e-05,solve,list_owners,,,,,
v3-main-771601/spring_petclinic_microservices/colocated/ND/2,graph,1,shared_graph_family,,0.048394411000003856,extraction,list_vets,,,,,
v3-main-771601/spring_petclinic_microservices/colocated/ND/2,graph,1,shared_graph_family,,0.0016738229999759824,identification,list_vets,,,,,
v3-main-771601/spring_petclinic_microservices/colocated/ND/2,graph,1,shared_graph_family,,0.0001567040000054476,solve,list_vets,,,,,
v3-main-771601/spring_petclinic_microservices/colocated/ND/2,graph,1,G0,,0.00011134200002516081,identification,list_vets,,,,,
v3-main-771601/spring_petclinic_microservices/colocated/ND/2,graph,1,G0,,4.5290999992175784e-05,solve,list_vets,,,,,
v3-main-771601/spring_petclinic_microservices/colocated/ND/2,graph,1,shared_graph_family,,0.17714107599999807,extraction,owner_details_with_visits,,,,,
v3-main-771601/spring_petclinic_microservices/colocated/ND/2,graph,1,shared_graph_family,,0.0027783719999661116,identification,owner_details_with_visits,,,,,
v3-main-771601/spring_petclinic_microservices/colocated/ND/2,graph,1,shared_graph_family,,0.0018035279999821796,solve,owner_details_with_visits,,,,,
v3-main-771601/spring_petclinic_microservices/colocated/ND/2,graph,1,G0,,0.0002271769999993012,identification,owner_details_with_visits,,,,,
v3-main-771601/spring_petclinic_microservices/colocated/ND/2,graph,1,G0,,0.00012693299999000374,solve,owner_details_with_visits,,,,,
v3-main-771601/spring_petclinic_microservices/colocated/ND/2,pmx,1,PMX_shared_variants,,1.3259247649999963,native_projection,create_visit,,,,,
v3-main-771601/spring_petclinic_microservices/colocated/ND/2,pmx,1,PMX_shared_variants,,4.677200625000012,native_projection,list_owners,,,,,
v3-main-771601/spring_petclinic_microservices/colocated/ND/2,pmx,1,PMX_shared_variants,,0.9662083960000132,native_projection,list_vets,,,,,
v3-main-771601/spring_petclinic_microservices/colocated/ND/2,pmx,1,PMX_shared_variants,,2.042060636000002,native_projection,owner_details_with_visits,,,,,
v3-main-771601/spring_petclinic_microservices/colocated/ND/2,pmx,1,PMX_shared_variants,,9.53946253700002,input_and_projection_process_total,,True,,,,
v3-main-771601/spring_petclinic_microservices/colocated/ND/2,pmx,1,PMX_shared_variants,,7.27,derived_binary_build,,,javac 11.0.32,2322880b6447754528e201553bc4e2fac00334b7d6f3ac202cfe1e3742bbbcc6,True,"{""maximum_rss_bytes"": 225710080.0, ""path"": ""build-resource-usage.txt"", ""system_seconds"": 0.32, ""user_seconds"": 6.76, ""wall_seconds"": 7.27}"
v3-main-771601/spring_petclinic_microservices/colocated/ND/2,pmx,1,PMX_shared_variants,,23.584505620000016,independent_pmx_extraction_process,create_visit,,,,,
v3-main-771601/spring_petclinic_microservices/colocated/ND/2,pmx,1,PMX_shared_variants,,27.445663913000033,independent_pmx_extraction_process,list_owners,,,,,
v3-main-771601/spring_petclinic_microservices/colocated/ND/2,pmx,1,PMX_shared_variants,,22.631458776000045,independent_pmx_extraction_process,list_vets,,,,,
v3-main-771601/spring_petclinic_microservices/colocated/ND/2,pmx,1,PMX_shared_variants,,23.43644156900001,independent_pmx_extraction_process,owner_details_with_visits,,,,,
v3-main-771601/spring_petclinic_microservices/colocated/ND/3,acquisition,1,shared_acquisition,True,2116.1113515240004,acquisition_and_export_process_total,,,,,,
v3-main-771601/spring_petclinic_microservices/colocated/ND/3,acquisition,1,shared_native_pool,,3.316698917999929,native_parse,,,,,,
v3-main-771601/spring_petclinic_microservices/colocated/ND/3,graph,1,B0,,0.0059722470000167505,identification,,,,,,
v3-main-771601/spring_petclinic_microservices/colocated/ND/3,graph,1,shared_graph_family,,0.1540315430000021,extraction,create_visit,,,,,
v3-main-771601/spring_petclinic_microservices/colocated/ND/3,graph,1,shared_graph_family,,0.0030662919999997484,identification,create_visit,,,,,
v3-main-771601/spring_petclinic_microservices/colocated/ND/3,graph,1,shared_graph_family,,0.0022412780000138355,solve,create_visit,,,,,
v3-main-771601/spring_petclinic_microservices/colocated/ND/3,graph,1,G0,,0.0002014369999869814,identification,create_visit,,,,,
v3-main-771601/spring_petclinic_microservices/colocated/ND/3,graph,1,G0,,0.00011492900000575901,solve,create_visit,,,,,
v3-main-771601/spring_petclinic_microservices/colocated/ND/3,graph,1,shared_graph_family,,0.3003606230000173,extraction,list_owners,,,,,
v3-main-771601/spring_petclinic_microservices/colocated/ND/3,graph,1,shared_graph_family,,0.0022128159999965646,identification,list_owners,,,,,
v3-main-771601/spring_petclinic_microservices/colocated/ND/3,graph,1,shared_graph_family,,0.00020624399999746856,solve,list_owners,,,,,
v3-main-771601/spring_petclinic_microservices/colocated/ND/3,graph,1,G0,,0.00017189299998676688,identification,list_owners,,,,,
v3-main-771601/spring_petclinic_microservices/colocated/ND/3,graph,1,G0,,8.478399999489739e-05,solve,list_owners,,,,,
v3-main-771601/spring_petclinic_microservices/colocated/ND/3,graph,1,shared_graph_family,,0.0485349049999968,extraction,list_vets,,,,,
v3-main-771601/spring_petclinic_microservices/colocated/ND/3,graph,1,shared_graph_family,,0.0019499389999850791,identification,list_vets,,,,,
v3-main-771601/spring_petclinic_microservices/colocated/ND/3,graph,1,shared_graph_family,,0.00017621999998596038,solve,list_vets,,,,,
v3-main-771601/spring_petclinic_microservices/colocated/ND/3,graph,1,G0,,0.0001158400000065285,identification,list_vets,,,,,
v3-main-771601/spring_petclinic_microservices/colocated/ND/3,graph,1,G0,,4.470600001127423e-05,solve,list_vets,,,,,
v3-main-771601/spring_petclinic_microservices/colocated/ND/3,graph,1,shared_graph_family,,0.18313546600001018,extraction,owner_details_with_visits,,,,,
v3-main-771601/spring_petclinic_microservices/colocated/ND/3,graph,1,shared_graph_family,,0.0032712539999977253,identification,owner_details_with_visits,,,,,
v3-main-771601/spring_petclinic_microservices/colocated/ND/3,graph,1,shared_graph_family,,0.0026300899999966987,solve,owner_details_with_visits,,,,,
v3-main-771601/spring_petclinic_microservices/colocated/ND/3,graph,1,G0,,0.0002864010000109829,identification,owner_details_with_visits,,,,,
v3-main-771601/spring_petclinic_microservices/colocated/ND/3,graph,1,G0,,0.00013014099999963946,solve,owner_details_with_visits,,,,,
v3-main-771601/spring_petclinic_microservices/colocated/ND/3,pmx,1,PMX_shared_variants,,1.5256783060000032,native_projection,create_visit,,,,,
v3-main-771601/spring_petclinic_microservices/colocated/ND/3,pmx,1,PMX_shared_variants,,5.358902056000005,native_projection,list_owners,,,,,
v3-main-771601/spring_petclinic_microservices/colocated/ND/3,pmx,1,PMX_shared_variants,,1.130920642999996,native_projection,list_vets,,,,,
v3-main-771601/spring_petclinic_microservices/colocated/ND/3,pmx,1,PMX_shared_variants,,2.3757599270000043,native_projection,owner_details_with_visits,,,,,
v3-main-771601/spring_petclinic_microservices/colocated/ND/3,pmx,1,PMX_shared_variants,,10.936168166999991,input_and_projection_process_total,,True,,,,
v3-main-771601/spring_petclinic_microservices/colocated/ND/3,pmx,1,PMX_shared_variants,,11.37,derived_binary_build,,,javac 11.0.32,2322880b6447754528e201553bc4e2fac00334b7d6f3ac202cfe1e3742bbbcc6,True,"{""maximum_rss_bytes"": 227594240.0, ""path"": ""build-resource-usage.txt"", ""system_seconds"": 0.29, ""user_seconds"": 6.68, ""wall_seconds"": 11.37}"
v3-main-771601/spring_petclinic_microservices/colocated/ND/3,pmx,1,PMX_shared_variants,,24.384644968000003,independent_pmx_extraction_process,create_visit,,,,,
v3-main-771601/spring_petclinic_microservices/colocated/ND/3,pmx,1,PMX_shared_variants,,25.59502124400001,independent_pmx_extraction_process,list_owners,,,,,
v3-main-771601/spring_petclinic_microservices/colocated/ND/3,pmx,1,PMX_shared_variants,,22.478120302999997,independent_pmx_extraction_process,list_vets,,,,,
v3-main-771601/spring_petclinic_microservices/colocated/ND/3,pmx,1,PMX_shared_variants,,23.080352245,independent_pmx_extraction_process,owner_details_with_visits,,,,,
v3-main-771601/spring_petclinic_microservices/colocated/ND/4,acquisition,1,shared_acquisition,True,2116.485025698,acquisition_and_export_process_total,,,,,,
v3-main-771601/spring_petclinic_microservices/colocated/ND/4,acquisition,1,shared_native_pool,,3.2993501119999564,native_parse,,,,,,
v3-main-771601/spring_petclinic_microservices/colocated/ND/4,graph,1,B0,,0.0034102009999941174,identification,,,,,,
v3-main-771601/spring_petclinic_microservices/colocated/ND/4,graph,1,shared_graph_family,,0.11227365999999961,extraction,create_visit,,,,,
v3-main-771601/spring_petclinic_microservices/colocated/ND/4,graph,1,shared_graph_family,,0.0016703490000082866,identification,create_visit,,,,,
v3-main-771601/spring_petclinic_microservices/colocated/ND/4,graph,1,shared_graph_family,,0.0012145869999926617,solve,create_visit,,,,,
v3-main-771601/spring_petclinic_microservices/colocated/ND/4,graph,1,G0,,0.00014848200000017187,identification,create_visit,,,,,
v3-main-771601/spring_petclinic_microservices/colocated/ND/4,graph,1,G0,,0.00011054499999829659,solve,create_visit,,,,,
v3-main-771601/spring_petclinic_microservices/colocated/ND/4,graph,1,shared_graph_family,,0.17359461499999895,extraction,list_owners,,,,,
v3-main-771601/spring_petclinic_microservices/colocated/ND/4,graph,1,shared_graph_family,,0.001217902000007598,identification,list_owners,,,,,
v3-main-771601/spring_petclinic_microservices/colocated/ND/4,graph,1,shared_graph_family,,0.00012692999999330823,solve,list_owners,,,,,
v3-main-771601/spring_petclinic_microservices/colocated/ND/4,graph,1,G0,,0.00011616399999070381,identification,list_owners,,,,,
v3-main-771601/spring_petclinic_microservices/colocated/ND/4,graph,1,G0,,0.0001028629999950681,solve,list_owners,,,,,
v3-main-771601/spring_petclinic_microservices/colocated/ND/4,graph,1,shared_graph_family,,0.027960437999993815,extraction,list_vets,,,,,
v3-main-771601/spring_petclinic_microservices/colocated/ND/4,graph,1,shared_graph_family,,0.001079013999998324,identification,list_vets,,,,,
v3-main-771601/spring_petclinic_microservices/colocated/ND/4,graph,1,shared_graph_family,,0.00011088600000164206,solve,list_vets,,,,,
v3-main-771601/spring_petclinic_microservices/colocated/ND/4,graph,1,G0,,6.684000000234391e-05,identification,list_vets,,,,,
v3-main-771601/spring_petclinic_microservices/colocated/ND/4,graph,1,G0,,3.095599998914622e-05,solve,list_vets,,,,,
v3-main-771601/spring_petclinic_microservices/colocated/ND/4,graph,1,shared_graph_family,,0.10923802899999657,extraction,owner_details_with_visits,,,,,
v3-main-771601/spring_petclinic_microservices/colocated/ND/4,graph,1,shared_graph_family,,0.001651580000000763,identification,owner_details_with_visits,,,,,
v3-main-771601/spring_petclinic_microservices/colocated/ND/4,graph,1,shared_graph_family,,0.0011293590000036602,solve,owner_details_with_visits,,,,,
v3-main-771601/spring_petclinic_microservices/colocated/ND/4,graph,1,G0,,0.0001459780000061528,identification,owner_details_with_visits,,,,,
v3-main-771601/spring_petclinic_microservices/colocated/ND/4,graph,1,G0,,7.094599999390994e-05,solve,owner_details_with_visits,,,,,
v3-main-771601/spring_petclinic_microservices/colocated/ND/4,pmx,1,PMX_shared_variants,,1.6117420920000143,native_projection,create_visit,,,,,
v3-main-771601/spring_petclinic_microservices/colocated/ND/4,pmx,1,PMX_shared_variants,,5.523729161000006,native_projection,list_owners,,,,,
v3-main-771601/spring_petclinic_microservices/colocated/ND/4,pmx,1,PMX_shared_variants,,1.1706304159999945,native_projection,list_vets,,,,,
v3-main-771601/spring_petclinic_microservices/colocated/ND/4,pmx,1,PMX_shared_variants,,2.471869121999987,native_projection,owner_details_with_visits,,,,,
v3-main-771601/spring_petclinic_microservices/colocated/ND/4,pmx,1,PMX_shared_variants,,11.308406621999978,input_and_projection_process_total,,True,,,,
v3-main-771601/spring_petclinic_microservices/colocated/ND/4,pmx,1,PMX_shared_variants,,7.6,derived_binary_build,,,javac 11.0.32,2322880b6447754528e201553bc4e2fac00334b7d6f3ac202cfe1e3742bbbcc6,True,"{""maximum_rss_bytes"": 227610624.0, ""path"": ""build-resource-usage.txt"", ""system_seconds"": 0.3, ""user_seconds"": 6.76, ""wall_seconds"": 7.6}"
v3-main-771601/spring_petclinic_microservices/colocated/ND/4,pmx,1,PMX_shared_variants,,23.485648141000013,independent_pmx_extraction_process,create_visit,,,,,
v3-main-771601/spring_petclinic_microservices/colocated/ND/4,pmx,1,PMX_shared_variants,,25.24650326699998,independent_pmx_extraction_process,list_owners,,,,,
v3-main-771601/spring_petclinic_microservices/colocated/ND/4,pmx,1,PMX_shared_variants,,22.575790049000034,independent_pmx_extraction_process,list_vets,,,,,
v3-main-771601/spring_petclinic_microservices/colocated/ND/4,pmx,1,PMX_shared_variants,,22.977815803,independent_pmx_extraction_process,owner_details_with_visits,,,,,
v3-main-771601/spring_petclinic_microservices/colocated/ND/5,acquisition,1,shared_acquisition,True,2113.8028508099997,acquisition_and_export_process_total,,,,,,
v3-main-771601/spring_petclinic_microservices/colocated/ND/5,acquisition,1,shared_native_pool,,3.2693783529998655,native_parse,,,,,,
v3-main-771601/spring_petclinic_microservices/colocated/ND/5,graph,1,B0,,0.006272596999963298,identification,,,,,,
v3-main-771601/spring_petclinic_microservices/colocated/ND/5,graph,1,shared_graph_family,,0.17724715200000674,extraction,create_visit,,,,,
v3-main-771601/spring_petclinic_microservices/colocated/ND/5,graph,1,shared_graph_family,,0.003003254999953242,identification,create_visit,,,,,
v3-main-771601/spring_petclinic_microservices/colocated/ND/5,graph,1,shared_graph_family,,0.0023582219999980225,solve,create_visit,,,,,
v3-main-771601/spring_petclinic_microservices/colocated/ND/5,graph,1,G0,,0.00019246899995550848,identification,create_visit,,,,,
v3-main-771601/spring_petclinic_microservices/colocated/ND/5,graph,1,G0,,0.00011817099999689162,solve,create_visit,,,,,
v3-main-771601/spring_petclinic_microservices/colocated/ND/5,graph,1,shared_graph_family,,0.35608744699999306,extraction,list_owners,,,,,
v3-main-771601/spring_petclinic_microservices/colocated/ND/5,graph,1,shared_graph_family,,0.002148891000047115,identification,list_owners,,,,,
v3-main-771601/spring_petclinic_microservices/colocated/ND/5,graph,1,shared_graph_family,,0.0001988419999747748,solve,list_owners,,,,,
v3-main-771601/spring_petclinic_microservices/colocated/ND/5,graph,1,G0,,0.00016660099998944133,identification,list_owners,,,,,
v3-main-771601/spring_petclinic_microservices/colocated/ND/5,graph,1,G0,,0.00010213100000555642,solve,list_owners,,,,,
v3-main-771601/spring_petclinic_microservices/colocated/ND/5,graph,1,shared_graph_family,,0.05570386499999813,extraction,list_vets,,,,,
v3-main-771601/spring_petclinic_microservices/colocated/ND/5,graph,1,shared_graph_family,,0.0019173189999719398,identification,list_vets,,,,,
v3-main-771601/spring_petclinic_microservices/colocated/ND/5,graph,1,shared_graph_family,,0.0001654289999919456,solve,list_vets,,,,,
v3-main-771601/spring_petclinic_microservices/colocated/ND/5,graph,1,G0,,0.00011581600000454273,identification,list_vets,,,,,
v3-main-771601/spring_petclinic_microservices/colocated/ND/5,graph,1,G0,,4.174800000100731e-05,solve,list_vets,,,,,
v3-main-771601/spring_petclinic_microservices/colocated/ND/5,graph,1,shared_graph_family,,0.21494198499999584,extraction,owner_details_with_visits,,,,,
v3-main-771601/spring_petclinic_microservices/colocated/ND/5,graph,1,shared_graph_family,,0.0032870850000108476,identification,owner_details_with_visits,,,,,
v3-main-771601/spring_petclinic_microservices/colocated/ND/5,graph,1,shared_graph_family,,0.002154810999968504,solve,owner_details_with_visits,,,,,
v3-main-771601/spring_petclinic_microservices/colocated/ND/5,graph,1,G0,,0.00026088699996762443,identification,owner_details_with_visits,,,,,
v3-main-771601/spring_petclinic_microservices/colocated/ND/5,graph,1,G0,,0.00012073599998529971,solve,owner_details_with_visits,,,,,
v3-main-771601/spring_petclinic_microservices/colocated/ND/5,pmx,1,PMX_shared_variants,,1.0624031279999713,native_projection,create_visit,,,,,
v3-main-771601/spring_petclinic_microservices/colocated/ND/5,pmx,1,PMX_shared_variants,,3.7142185030000405,native_projection,list_owners,,,,,
v3-main-771601/spring_petclinic_microservices/colocated/ND/5,pmx,1,PMX_shared_variants,,0.7724913600000036,native_projection,list_vets,,,,,
v3-main-771601/spring_petclinic_microservices/colocated/ND/5,pmx,1,PMX_shared_variants,,1.6504740089999927,native_projection,owner_details_with_visits,,,,,
v3-main-771601/spring_petclinic_microservices/colocated/ND/5,pmx,1,PMX_shared_variants,,7.626499532000025,input_and_projection_process_total,,True,,,,
v3-main-771601/spring_petclinic_microservices/colocated/ND/5,pmx,1,PMX_shared_variants,,4.74,derived_binary_build,,,javac 11.0.32,2322880b6447754528e201553bc4e2fac00334b7d6f3ac202cfe1e3742bbbcc6,True,"{""maximum_rss_bytes"": 226140160.0, ""path"": ""build-resource-usage.txt"", ""system_seconds"": 0.28, ""user_seconds"": 6.09, ""wall_seconds"": 4.74}"
v3-main-771601/spring_petclinic_microservices/colocated/ND/5,pmx,1,PMX_shared_variants,,22.934251984000014,independent_pmx_extraction_process,create_visit,,,,,
v3-main-771601/spring_petclinic_microservices/colocated/ND/5,pmx,1,PMX_shared_variants,,26.339958630000012,independent_pmx_extraction_process,list_owners,,,,,
v3-main-771601/spring_petclinic_microservices/colocated/ND/5,pmx,1,PMX_shared_variants,,22.17906883500001,independent_pmx_extraction_process,list_vets,,,,,
v3-main-771601/spring_petclinic_microservices/colocated/ND/5,pmx,1,PMX_shared_variants,,22.786491694999995,independent_pmx_extraction_process,owner_details_with_visits,,,,,
v3-main-771601/spring_petclinic_microservices/colocated/ND/6,acquisition,1,shared_acquisition,True,2121.8708674950003,acquisition_and_export_process_total,,,,,,
v3-main-771601/spring_petclinic_microservices/colocated/ND/6,acquisition,1,shared_native_pool,,3.3207486820001577,native_parse,,,,,,
v3-main-771601/spring_petclinic_microservices/colocated/ND/6,graph,1,B0,,0.006606712999996489,identification,,,,,,
v3-main-771601/spring_petclinic_microservices/colocated/ND/6,graph,1,shared_graph_family,,0.18603114800001208,extraction,create_visit,,,,,
v3-main-771601/spring_petclinic_microservices/colocated/ND/6,graph,1,shared_graph_family,,0.0029537329999982376,identification,create_visit,,,,,
v3-main-771601/spring_petclinic_microservices/colocated/ND/6,graph,1,shared_graph_family,,0.002249866999989081,solve,create_visit,,,,,
v3-main-771601/spring_petclinic_microservices/colocated/ND/6,graph,1,G0,,0.00019875199998864446,identification,create_visit,,,,,
v3-main-771601/spring_petclinic_microservices/colocated/ND/6,graph,1,G0,,0.00016214299998296156,solve,create_visit,,,,,
v3-main-771601/spring_petclinic_microservices/colocated/ND/6,graph,1,shared_graph_family,,0.35465050999999903,extraction,list_owners,,,,,
v3-main-771601/spring_petclinic_microservices/colocated/ND/6,graph,1,shared_graph_family,,0.002179705000003196,identification,list_owners,,,,,
v3-main-771601/spring_petclinic_microservices/colocated/ND/6,graph,1,shared_graph_family,,0.00020550400000729496,solve,list_owners,,,,,
v3-main-771601/spring_petclinic_microservices/colocated/ND/6,graph,1,G0,,0.0001845250000087617,identification,list_owners,,,,,
v3-main-771601/spring_petclinic_microservices/colocated/ND/6,graph,1,G0,,0.0001107770000032815,solve,list_owners,,,,,
v3-main-771601/spring_petclinic_microservices/colocated/ND/6,graph,1,shared_graph_family,,0.056863012000007984,extraction,list_vets,,,,,
v3-main-771601/spring_petclinic_microservices/colocated/ND/6,graph,1,shared_graph_family,,0.002028894000005721,identification,list_vets,,,,,
v3-main-771601/spring_petclinic_microservices/colocated/ND/6,graph,1,shared_graph_family,,0.0001745359999745233,solve,list_vets,,,,,
v3-main-771601/spring_petclinic_microservices/colocated/ND/6,graph,1,G0,,0.00012571499999580737,identification,list_vets,,,,,
v3-main-771601/spring_petclinic_microservices/colocated/ND/6,graph,1,G0,,4.774900000370508e-05,solve,list_vets,,,,,
v3-main-771601/spring_petclinic_microservices/colocated/ND/6,graph,1,shared_graph_family,,0.21571562099998687,extraction,owner_details_with_visits,,,,,
v3-main-771601/spring_petclinic_microservices/colocated/ND/6,graph,1,shared_graph_family,,0.0032039399999916895,identification,owner_details_with_visits,,,,,
v3-main-771601/spring_petclinic_microservices/colocated/ND/6,graph,1,shared_graph_family,,0.0025961740000184363,solve,owner_details_with_visits,,,,,
v3-main-771601/spring_petclinic_microservices/colocated/ND/6,graph,1,G0,,0.0002566599999909158,identification,owner_details_with_visits,,,,,
v3-main-771601/spring_petclinic_microservices/colocated/ND/6,graph,1,G0,,0.0001053269999999884,solve,owner_details_with_visits,,,,,
v3-main-771601/spring_petclinic_microservices/colocated/ND/6,pmx,1,PMX_shared_variants,,1.5236966859999939,native_projection,create_visit,,,,,
v3-main-771601/spring_petclinic_microservices/colocated/ND/6,pmx,1,PMX_shared_variants,,5.502566275000049,native_projection,list_owners,,,,,
v3-main-771601/spring_petclinic_microservices/colocated/ND/6,pmx,1,PMX_shared_variants,,1.1450826820000088,native_projection,list_vets,,,,,
v3-main-771601/spring_petclinic_microservices/colocated/ND/6,pmx,1,PMX_shared_variants,,2.447739420000005,native_projection,owner_details_with_visits,,,,,
v3-main-771601/spring_petclinic_microservices/colocated/ND/6,pmx,1,PMX_shared_variants,,11.161838371000044,input_and_projection_process_total,,True,,,,
v3-main-771601/spring_petclinic_microservices/colocated/ND/6,pmx,1,PMX_shared_variants,,6.68,derived_binary_build,,,javac 11.0.32,2322880b6447754528e201553bc4e2fac00334b7d6f3ac202cfe1e3742bbbcc6,True,"{""maximum_rss_bytes"": 227688448.0, ""path"": ""build-resource-usage.txt"", ""system_seconds"": 0.29, ""user_seconds"": 6.79, ""wall_seconds"": 6.68}"
v3-main-771601/spring_petclinic_microservices/colocated/ND/6,pmx,1,PMX_shared_variants,,23.881297014999973,independent_pmx_extraction_process,create_visit,,,,,
v3-main-771601/spring_petclinic_microservices/colocated/ND/6,pmx,1,PMX_shared_variants,,26.550126197999987,independent_pmx_extraction_process,list_owners,,,,,
v3-main-771601/spring_petclinic_microservices/colocated/ND/6,pmx,1,PMX_shared_variants,,22.531359194000004,independent_pmx_extraction_process,list_vets,,,,,
v3-main-771601/spring_petclinic_microservices/colocated/ND/6,pmx,1,PMX_shared_variants,,23.185442369999976,independent_pmx_extraction_process,owner_details_with_visits,,,,,
v3-main-771601/spring_petclinic_microservices/colocated/ND/7,acquisition,1,shared_acquisition,True,2116.388973624,acquisition_and_export_process_total,,,,,,
v3-main-771601/spring_petclinic_microservices/colocated/ND/7,acquisition,1,shared_native_pool,,2.8470319210000525,native_parse,,,,,,
v3-main-771601/spring_petclinic_microservices/colocated/ND/7,graph,1,B0,,0.005646360000014283,identification,,,,,,
v3-main-771601/spring_petclinic_microservices/colocated/ND/7,graph,1,shared_graph_family,,0.15197498399999176,extraction,create_visit,,,,,
v3-main-771601/spring_petclinic_microservices/colocated/ND/7,graph,1,shared_graph_family,,0.0025385779999851366,identification,create_visit,,,,,
v3-main-771601/spring_petclinic_microservices/colocated/ND/7,graph,1,shared_graph_family,,0.0018402160000050571,solve,create_visit,,,,,
v3-main-771601/spring_petclinic_microservices/colocated/ND/7,graph,1,G0,,0.00017784899998218862,identification,create_visit,,,,,
v3-main-771601/spring_petclinic_microservices/colocated/ND/7,graph,1,G0,,0.00013238100001444764,solve,create_visit,,,,,
v3-main-771601/spring_petclinic_microservices/colocated/ND/7,graph,1,shared_graph_family,,0.2954173980000121,extraction,list_owners,,,,,
v3-main-771601/spring_petclinic_microservices/colocated/ND/7,graph,1,shared_graph_family,,0.0019306369999867456,identification,list_owners,,,,,
v3-main-771601/spring_petclinic_microservices/colocated/ND/7,graph,1,shared_graph_family,,0.00016861899999298657,solve,list_owners,,,,,
v3-main-771601/spring_petclinic_microservices/colocated/ND/7,graph,1,G0,,0.00015335699998786367,identification,list_owners,,,,,
v3-main-771601/spring_petclinic_microservices/colocated/ND/7,graph,1,G0,,0.00010766799999828436,solve,list_owners,,,,,
v3-main-771601/spring_petclinic_microservices/colocated/ND/7,graph,1,shared_graph_family,,0.04897767200000658,extraction,list_vets,,,,,
v3-main-771601/spring_petclinic_microservices/colocated/ND/7,graph,1,shared_graph_family,,0.0017028659999880347,identification,list_vets,,,,,
v3-main-771601/spring_petclinic_microservices/colocated/ND/7,graph,1,shared_graph_family,,0.00015629699998953583,solve,list_vets,,,,,
v3-main-771601/spring_petclinic_microservices/colocated/ND/7,graph,1,G0,,0.00011745200001200828,identification,list_vets,,,,,
v3-main-771601/spring_petclinic_microservices/colocated/ND/7,graph,1,G0,,5.0418000000718166e-05,solve,list_vets,,,,,
v3-main-771601/spring_petclinic_microservices/colocated/ND/7,graph,1,shared_graph_family,,0.17901176799998098,extraction,owner_details_with_visits,,,,,
v3-main-771601/spring_petclinic_microservices/colocated/ND/7,graph,1,shared_graph_family,,0.0028003490000116926,identification,owner_details_with_visits,,,,,
v3-main-771601/spring_petclinic_microservices/colocated/ND/7,graph,1,shared_graph_family,,0.002222620999987157,solve,owner_details_with_visits,,,,,
v3-main-771601/spring_petclinic_microservices/colocated/ND/7,graph,1,G0,,0.00022382200000947705,identification,owner_details_with_visits,,,,,
v3-main-771601/spring_petclinic_microservices/colocated/ND/7,graph,1,G0,,0.00011835999998766056,solve,owner_details_with_visits,,,,,
v3-main-771601/spring_petclinic_microservices/colocated/ND/7,pmx,1,PMX_shared_variants,,1.0130215389999933,native_projection,create_visit,,,,,
v3-main-771601/spring_petclinic_microservices/colocated/ND/7,pmx,1,PMX_shared_variants,,3.630731632999982,native_projection,list_owners,,,,,
v3-main-771601/spring_petclinic_microservices/colocated/ND/7,pmx,1,PMX_shared_variants,,0.7525961759999973,native_projection,list_vets,,,,,
v3-main-771601/spring_petclinic_microservices/colocated/ND/7,pmx,1,PMX_shared_variants,,1.5664122550000172,native_projection,owner_details_with_visits,,,,,
v3-main-771601/spring_petclinic_microservices/colocated/ND/7,pmx,1,PMX_shared_variants,,7.378334002000003,input_and_projection_process_total,,True,,,,
v3-main-771601/spring_petclinic_microservices/colocated/ND/7,pmx,1,PMX_shared_variants,,7.25,derived_binary_build,,,javac 11.0.32,2322880b6447754528e201553bc4e2fac00334b7d6f3ac202cfe1e3742bbbcc6,True,"{""maximum_rss_bytes"": 225714176.0, ""path"": ""build-resource-usage.txt"", ""system_seconds"": 0.25, ""user_seconds"": 6.08, ""wall_seconds"": 7.25}"
v3-main-771601/spring_petclinic_microservices/colocated/ND/7,pmx,1,PMX_shared_variants,,23.580659533999977,independent_pmx_extraction_process,create_visit,,,,,
v3-main-771601/spring_petclinic_microservices/colocated/ND/7,pmx,1,PMX_shared_variants,,26.247000426,independent_pmx_extraction_process,list_owners,,,,,
v3-main-771601/spring_petclinic_microservices/colocated/ND/7,pmx,1,PMX_shared_variants,,22.13037443999997,independent_pmx_extraction_process,list_vets,,,,,
v3-main-771601/spring_petclinic_microservices/colocated/ND/7,pmx,1,PMX_shared_variants,,22.729154757000003,independent_pmx_extraction_process,owner_details_with_visits,,,,,
v3-main-771601/spring_petclinic_microservices/colocated/ND/8,acquisition,1,shared_acquisition,True,2120.3849031199998,acquisition_and_export_process_total,,,,,,
v3-main-771601/spring_petclinic_microservices/colocated/ND/8,acquisition,1,shared_native_pool,,3.234352682000008,native_parse,,,,,,
v3-main-771601/spring_petclinic_microservices/colocated/ND/8,graph,1,B0,,0.006256831999998269,identification,,,,,,
v3-main-771601/spring_petclinic_microservices/colocated/ND/8,graph,1,shared_graph_family,,0.17800290699999977,extraction,create_visit,,,,,
v3-main-771601/spring_petclinic_microservices/colocated/ND/8,graph,1,shared_graph_family,,0.0029725189999965096,identification,create_visit,,,,,
v3-main-771601/spring_petclinic_microservices/colocated/ND/8,graph,1,shared_graph_family,,0.0024985740000005308,solve,create_visit,,,,,
v3-main-771601/spring_petclinic_microservices/colocated/ND/8,graph,1,G0,,0.0001948140000038734,identification,create_visit,,,,,
v3-main-771601/spring_petclinic_microservices/colocated/ND/8,graph,1,G0,,0.00011482499999715401,solve,create_visit,,,,,
v3-main-771601/spring_petclinic_microservices/colocated/ND/8,graph,1,shared_graph_family,,0.35714342800000054,extraction,list_owners,,,,,
v3-main-771601/spring_petclinic_microservices/colocated/ND/8,graph,1,shared_graph_family,,0.00220421499999901,identification,list_owners,,,,,
v3-main-771601/spring_petclinic_microservices/colocated/ND/8,graph,1,shared_graph_family,,0.00018991499999998496,solve,list_owners,,,,,
v3-main-771601/spring_petclinic_microservices/colocated/ND/8,graph,1,G0,,0.00017339400000082605,identification,list_owners,,,,,
v3-main-771601/spring_petclinic_microservices/colocated/ND/8,graph,1,G0,,0.00011267000000003691,solve,list_owners,,,,,
v3-main-771601/spring_petclinic_microservices/colocated/ND/8,graph,1,shared_graph_family,,0.05765138800000358,extraction,list_vets,,,,,
v3-main-771601/spring_petclinic_microservices/colocated/ND/8,graph,1,shared_graph_family,,0.0020737320000066006,identification,list_vets,,,,,
v3-main-771601/spring_petclinic_microservices/colocated/ND/8,graph,1,shared_graph_family,,0.00017837299999712286,solve,list_vets,,,,,
v3-main-771601/spring_petclinic_microservices/colocated/ND/8,graph,1,G0,,0.0001304040000036366,identification,list_vets,,,,,
v3-main-771601/spring_petclinic_microservices/colocated/ND/8,graph,1,G0,,5.1555999995400725e-05,solve,list_vets,,,,,
v3-main-771601/spring_petclinic_microservices/colocated/ND/8,graph,1,shared_graph_family,,0.21808420099999637,extraction,owner_details_with_visits,,,,,
v3-main-771601/spring_petclinic_microservices/colocated/ND/8,graph,1,shared_graph_family,,0.0031350329999995097,identification,owner_details_with_visits,,,,,
v3-main-771601/spring_petclinic_microservices/colocated/ND/8,graph,1,shared_graph_family,,0.002062129999998774,solve,owner_details_with_visits,,,,,
v3-main-771601/spring_petclinic_microservices/colocated/ND/8,graph,1,G0,,0.00026573599999579756,identification,owner_details_with_visits,,,,,
v3-main-771601/spring_petclinic_microservices/colocated/ND/8,graph,1,G0,,0.00013728699999404625,solve,owner_details_with_visits,,,,,
v3-main-771601/spring_petclinic_microservices/colocated/ND/8,pmx,1,PMX_shared_variants,,1.5562442439999984,native_projection,create_visit,,,,,
v3-main-771601/spring_petclinic_microservices/colocated/ND/8,pmx,1,PMX_shared_variants,,5.418080816,native_projection,list_owners,,,,,
v3-main-771601/spring_petclinic_microservices/colocated/ND/8,pmx,1,PMX_shared_variants,,1.1277700260000074,native_projection,list_vets,,,,,
v3-main-771601/spring_petclinic_microservices/colocated/ND/8,pmx,1,PMX_shared_variants,,2.452670823999995,native_projection,owner_details_with_visits,,,,,
v3-main-771601/spring_petclinic_microservices/colocated/ND/8,pmx,1,PMX_shared_variants,,11.141857473000002,input_and_projection_process_total,,True,,,,
v3-main-771601/spring_petclinic_microservices/colocated/ND/8,pmx,1,PMX_shared_variants,,12.71,derived_binary_build,,,javac 11.0.32,2322880b6447754528e201553bc4e2fac00334b7d6f3ac202cfe1e3742bbbcc6,True,"{""maximum_rss_bytes"": 227741696.0, ""path"": ""build-resource-usage.txt"", ""system_seconds"": 0.36, ""user_seconds"": 7.1, ""wall_seconds"": 12.71}"
v3-main-771601/spring_petclinic_microservices/colocated/ND/8,pmx,1,PMX_shared_variants,,24.833538202,independent_pmx_extraction_process,create_visit,,,,,
v3-main-771601/spring_petclinic_microservices/colocated/ND/8,pmx,1,PMX_shared_variants,,25.24313082100001,independent_pmx_extraction_process,list_owners,,,,,
v3-main-771601/spring_petclinic_microservices/colocated/ND/8,pmx,1,PMX_shared_variants,,22.53203333900001,independent_pmx_extraction_process,list_vets,,,,,
v3-main-771601/spring_petclinic_microservices/colocated/ND/8,pmx,1,PMX_shared_variants,,23.080173494000007,independent_pmx_extraction_process,owner_details_with_visits,,,,,
v3-main-771601/spring_petclinic_microservices/colocated/ND/9,acquisition,1,shared_acquisition,True,2127.23812611,acquisition_and_export_process_total,,,,,,
v3-main-771601/spring_petclinic_microservices/colocated/ND/9,acquisition,1,shared_native_pool,,3.0481455609997283,native_parse,,,,,,
v3-main-771601/spring_petclinic_microservices/colocated/ND/9,graph,1,B0,,0.006064102999999932,identification,,,,,,
v3-main-771601/spring_petclinic_microservices/colocated/ND/9,graph,1,shared_graph_family,,0.17812497599999944,extraction,create_visit,,,,,
v3-main-771601/spring_petclinic_microservices/colocated/ND/9,graph,1,shared_graph_family,,0.002901855000004616,identification,create_visit,,,,,
v3-main-771601/spring_petclinic_microservices/colocated/ND/9,graph,1,shared_graph_family,,0.0025191380000038066,solve,create_visit,,,,,
v3-main-771601/spring_petclinic_microservices/colocated/ND/9,graph,1,G0,,0.00018921899999924108,identification,create_visit,,,,,
v3-main-771601/spring_petclinic_microservices/colocated/ND/9,graph,1,G0,,0.00011354699999799323,solve,create_visit,,,,,
v3-main-771601/spring_petclinic_microservices/colocated/ND/9,graph,1,shared_graph_family,,0.34827173900000474,extraction,list_owners,,,,,
v3-main-771601/spring_petclinic_microservices/colocated/ND/9,graph,1,shared_graph_family,,0.002232413999998073,identification,list_owners,,,,,
v3-main-771601/spring_petclinic_microservices/colocated/ND/9,graph,1,shared_graph_family,,0.00021158399999876565,solve,list_owners,,,,,
v3-main-771601/spring_petclinic_microservices/colocated/ND/9,graph,1,G0,,0.00016304700000091543,identification,list_owners,,,,,
v3-main-771601/spring_petclinic_microservices/colocated/ND/9,graph,1,G0,,9.325599999954193e-05,solve,list_owners,,,,,
v3-main-771601/spring_petclinic_microservices/colocated/ND/9,graph,1,shared_graph_family,,0.055628259000002345,extraction,list_vets,,,,,
v3-main-771601/spring_petclinic_microservices/colocated/ND/9,graph,1,shared_graph_family,,0.0019167809999984797,identification,list_vets,,,,,
v3-main-771601/spring_petclinic_microservices/colocated/ND/9,graph,1,shared_graph_family,,0.00019652400000325088,solve,list_vets,,,,,
v3-main-771601/spring_petclinic_microservices/colocated/ND/9,graph,1,G0,,0.00011702500000154714,identification,list_vets,,,,,
v3-main-771601/spring_petclinic_microservices/colocated/ND/9,graph,1,G0,,4.4809999998562944e-05,solve,list_vets,,,,,
v3-main-771601/spring_petclinic_microservices/colocated/ND/9,graph,1,shared_graph_family,,0.21190229700000174,extraction,owner_details_with_visits,,,,,
v3-main-771601/spring_petclinic_microservices/colocated/ND/9,graph,1,shared_graph_family,,0.003122756999999865,identification,owner_details_with_visits,,,,,
v3-main-771601/spring_petclinic_microservices/colocated/ND/9,graph,1,shared_graph_family,,0.0023742679999969596,solve,owner_details_with_visits,,,,,
v3-main-771601/spring_petclinic_microservices/colocated/ND/9,graph,1,G0,,0.00025219500000162043,identification,owner_details_with_visits,,,,,
v3-main-771601/spring_petclinic_microservices/colocated/ND/9,graph,1,G0,,0.00010244499999600976,solve,owner_details_with_visits,,,,,
v3-main-771601/spring_petclinic_microservices/colocated/ND/9,pmx,1,PMX_shared_variants,,1.5570359069999995,native_projection,create_visit,,,,,
v3-main-771601/spring_petclinic_microservices/colocated/ND/9,pmx,1,PMX_shared_variants,,5.473113885999993,native_projection,list_owners,,,,,
v3-main-771601/spring_petclinic_microservices/colocated/ND/9,pmx,1,PMX_shared_variants,,1.1143607330000123,native_projection,list_vets,,,,,
v3-main-771601/spring_petclinic_microservices/colocated/ND/9,pmx,1,PMX_shared_variants,,2.3943364600000336,native_projection,owner_details_with_visits,,,,,
v3-main-771601/spring_petclinic_microservices/colocated/ND/9,pmx,1,PMX_shared_variants,,11.09048293799998,input_and_projection_process_total,,True,,,,
v3-main-771601/spring_petclinic_microservices/colocated/ND/9,pmx,1,PMX_shared_variants,,8.59,derived_binary_build,,,javac 11.0.32,2322880b6447754528e201553bc4e2fac00334b7d6f3ac202cfe1e3742bbbcc6,True,"{""maximum_rss_bytes"": 227672064.0, ""path"": ""build-resource-usage.txt"", ""system_seconds"": 0.35, ""user_seconds"": 6.96, ""wall_seconds"": 8.59}"
v3-main-771601/spring_petclinic_microservices/colocated/ND/9,pmx,1,PMX_shared_variants,,23.480946679999988,independent_pmx_extraction_process,create_visit,,,,,
v3-main-771601/spring_petclinic_microservices/colocated/ND/9,pmx,1,PMX_shared_variants,,25.090703257999962,independent_pmx_extraction_process,list_owners,,,,,
v3-main-771601/spring_petclinic_microservices/colocated/ND/9,pmx,1,PMX_shared_variants,,22.48029878599999,independent_pmx_extraction_process,list_vets,,,,,
v3-main-771601/spring_petclinic_microservices/colocated/ND/9,pmx,1,PMX_shared_variants,,22.933574787999987,independent_pmx_extraction_process,owner_details_with_visits,,,,,
v3-main-771601/spring_petclinic_microservices/colocated/NCD/0,acquisition,1,shared_acquisition,True,2123.277074661,acquisition_and_export_process_total,,,,,,
v3-main-771601/spring_petclinic_microservices/colocated/NCD/0,acquisition,1,shared_native_pool,,3.4517332780001198,native_parse,,,,,,
v3-main-771601/spring_petclinic_microservices/colocated/NCD/0,graph,1,B0,,0.004550490000042373,identification,,,,,,
v3-main-771601/spring_petclinic_microservices/colocated/NCD/0,graph,1,shared_graph_family,,0.12425604899999598,extraction,create_visit,,,,,
v3-main-771601/spring_petclinic_microservices/colocated/NCD/0,graph,1,shared_graph_family,,0.002592464000031214,identification,create_visit,,,,,
v3-main-771601/spring_petclinic_microservices/colocated/NCD/0,graph,1,shared_graph_family,,0.0023001830000453083,solve,create_visit,,,,,
v3-main-771601/spring_petclinic_microservices/colocated/NCD/0,graph,1,G0,,0.00018087900002683455,identification,create_visit,,,,,
v3-main-771601/spring_petclinic_microservices/colocated/NCD/0,graph,1,G0,,0.0001444669999841608,solve,create_visit,,,,,
v3-main-771601/spring_petclinic_microservices/colocated/NCD/0,graph,1,shared_graph_family,,0.24005426200000102,extraction,list_owners,,,,,
v3-main-771601/spring_petclinic_microservices/colocated/NCD/0,graph,1,shared_graph_family,,0.0017256120000297415,identification,list_owners,,,,,
v3-main-771601/spring_petclinic_microservices/colocated/NCD/0,graph,1,shared_graph_family,,0.00015803299999106457,solve,list_owners,,,,,
v3-main-771601/spring_petclinic_microservices/colocated/NCD/0,graph,1,G0,,0.00013357200003838443,identification,list_owners,,,,,
v3-main-771601/spring_petclinic_microservices/colocated/NCD/0,graph,1,G0,,0.00010867899999311703,solve,list_owners,,,,,
v3-main-771601/spring_petclinic_microservices/colocated/NCD/0,graph,1,shared_graph_family,,0.03811324200000854,extraction,list_vets,,,,,
v3-main-771601/spring_petclinic_microservices/colocated/NCD/0,graph,1,shared_graph_family,,0.00136733900001218,identification,list_vets,,,,,
v3-main-771601/spring_petclinic_microservices/colocated/NCD/0,graph,1,shared_graph_family,,0.00013918199999807257,solve,list_vets,,,,,
v3-main-771601/spring_petclinic_microservices/colocated/NCD/0,graph,1,G0,,9.42450000138706e-05,identification,list_vets,,,,,
v3-main-771601/spring_petclinic_microservices/colocated/NCD/0,graph,1,G0,,4.7251000012238364e-05,solve,list_vets,,,,,
v3-main-771601/spring_petclinic_microservices/colocated/NCD/0,graph,1,shared_graph_family,,0.1421530329999996,extraction,owner_details_with_visits,,,,,
v3-main-771601/spring_petclinic_microservices/colocated/NCD/0,graph,1,shared_graph_family,,0.002324153000017759,identification,owner_details_with_visits,,,,,
v3-main-771601/spring_petclinic_microservices/colocated/NCD/0,graph,1,shared_graph_family,,0.0017351259999713875,solve,owner_details_with_visits,,,,,
v3-main-771601/spring_petclinic_microservices/colocated/NCD/0,graph,1,G0,,0.00018476100001407758,identification,owner_details_with_visits,,,,,
v3-main-771601/spring_petclinic_microservices/colocated/NCD/0,graph,1,G0,,0.0001218510000171591,solve,owner_details_with_visits,,,,,
v3-main-771601/spring_petclinic_microservices/colocated/NCD/0,pmx,1,PMX_shared_variants,,1.644163653000021,native_projection,create_visit,,,,,
v3-main-771601/spring_petclinic_microservices/colocated/NCD/0,pmx,1,PMX_shared_variants,,5.770747437000011,native_projection,list_owners,,,,,
v3-main-771601/spring_petclinic_microservices/colocated/NCD/0,pmx,1,PMX_shared_variants,,1.2109493499999928,native_projection,list_vets,,,,,
v3-main-771601/spring_petclinic_microservices/colocated/NCD/0,pmx,1,PMX_shared_variants,,2.5226803750000215,native_projection,owner_details_with_visits,,,,,
v3-main-771601/spring_petclinic_microservices/colocated/NCD/0,pmx,1,PMX_shared_variants,,11.725341188000016,input_and_projection_process_total,,True,,,,
v3-main-771601/spring_petclinic_microservices/colocated/NCD/0,pmx,1,PMX_shared_variants,,10.78,derived_binary_build,,,javac 11.0.32,2322880b6447754528e201553bc4e2fac00334b7d6f3ac202cfe1e3742bbbcc6,True,"{""maximum_rss_bytes"": 227700736.0, ""path"": ""build-resource-usage.txt"", ""system_seconds"": 0.29, ""user_seconds"": 6.9, ""wall_seconds"": 10.78}"
v3-main-771601/spring_petclinic_microservices/colocated/NCD/0,pmx,1,PMX_shared_variants,,24.73958011099998,independent_pmx_extraction_process,create_visit,,,,,
v3-main-771601/spring_petclinic_microservices/colocated/NCD/0,pmx,1,PMX_shared_variants,,26.050797750000015,independent_pmx_extraction_process,list_owners,,,,,
v3-main-771601/spring_petclinic_microservices/colocated/NCD/0,pmx,1,PMX_shared_variants,,22.531857629,independent_pmx_extraction_process,list_vets,,,,,
v3-main-771601/spring_petclinic_microservices/colocated/NCD/0,pmx,1,PMX_shared_variants,,23.183397420999995,independent_pmx_extraction_process,owner_details_with_visits,,,,,
v3-main-771601/spring_petclinic_microservices/colocated/NCD/1,acquisition,1,shared_acquisition,True,2109.8397579350003,acquisition_and_export_process_total,,,,,,
v3-main-771601/spring_petclinic_microservices/colocated/NCD/1,acquisition,1,shared_native_pool,,2.5559671789997083,native_parse,,,,,,
v3-main-771601/spring_petclinic_microservices/colocated/NCD/1,graph,1,B0,,0.006111773999997183,identification,,,,,,
v3-main-771601/spring_petclinic_microservices/colocated/NCD/1,graph,1,shared_graph_family,,0.1527662800000016,extraction,create_visit,,,,,
v3-main-771601/spring_petclinic_microservices/colocated/NCD/1,graph,1,shared_graph_family,,0.0029478709999963826,identification,create_visit,,,,,
v3-main-771601/spring_petclinic_microservices/colocated/NCD/1,graph,1,shared_graph_family,,0.002803030999999123,solve,create_visit,,,,,
v3-main-771601/spring_petclinic_microservices/colocated/NCD/1,graph,1,G0,,0.00019098599999978205,identification,create_visit,,,,,
v3-main-771601/spring_petclinic_microservices/colocated/NCD/1,graph,1,G0,,0.00011070600000095965,solve,create_visit,,,,,
v3-main-771601/spring_petclinic_microservices/colocated/NCD/1,graph,1,shared_graph_family,,0.34473822000000354,extraction,list_owners,,,,,
v3-main-771601/spring_petclinic_microservices/colocated/NCD/1,graph,1,shared_graph_family,,0.0022175200000020823,identification,list_owners,,,,,
v3-main-771601/spring_petclinic_microservices/colocated/NCD/1,graph,1,shared_graph_family,,0.00018268000000176698,solve,list_owners,,,,,
v3-main-771601/spring_petclinic_microservices/colocated/NCD/1,graph,1,G0,,0.00016442699999430488,identification,list_owners,,,,,
v3-main-771601/spring_petclinic_microservices/colocated/NCD/1,graph,1,G0,,7.693300000255476e-05,solve,list_owners,,,,,
v3-main-771601/spring_petclinic_microservices/colocated/NCD/1,graph,1,shared_graph_family,,0.05459963399999879,extraction,list_vets,,,,,
v3-main-771601/spring_petclinic_microservices/colocated/NCD/1,graph,1,shared_graph_family,,0.0019465760000016985,identification,list_vets,,,,,
v3-main-771601/spring_petclinic_microservices/colocated/NCD/1,graph,1,shared_graph_family,,0.00015442699999823617,solve,list_vets,,,,,
v3-main-771601/spring_petclinic_microservices/colocated/NCD/1,graph,1,G0,,0.00013272700000044324,identification,list_vets,,,,,
v3-main-771601/spring_petclinic_microservices/colocated/NCD/1,graph,1,G0,,3.7289999994527534e-05,solve,list_vets,,,,,
v3-main-771601/spring_petclinic_microservices/colocated/NCD/1,graph,1,shared_graph_family,,0.2090115190000006,extraction,owner_details_with_visits,,,,,
v3-main-771601/spring_petclinic_microservices/colocated/NCD/1,graph,1,shared_graph_family,,0.003154005000006066,identification,owner_details_with_visits,,,,,
v3-main-771601/spring_petclinic_microservices/colocated/NCD/1,graph,1,shared_graph_family,,0.0023824279999971054,solve,owner_details_with_visits,,,,,
v3-main-771601/spring_petclinic_microservices/colocated/NCD/1,graph,1,G0,,0.00025341199999928676,identification,owner_details_with_visits,,,,,
v3-main-771601/spring_petclinic_microservices/colocated/NCD/1,graph,1,G0,,9.450700000002143e-05,solve,owner_details_with_visits,,,,,
v3-main-771601/spring_petclinic_microservices/colocated/NCD/1,pmx,1,PMX_shared_variants,,1.5468063449999931,native_projection,create_visit,,,,,
v3-main-771601/spring_petclinic_microservices/colocated/NCD/1,pmx,1,PMX_shared_variants,,5.498284075999976,native_projection,list_owners,,,,,
v3-main-771601/spring_petclinic_microservices/colocated/NCD/1,pmx,1,PMX_shared_variants,,1.1256154870000046,native_projection,list_vets,,,,,
v3-main-771601/spring_petclinic_microservices/colocated/NCD/1,pmx,1,PMX_shared_variants,,2.400197214000002,native_projection,owner_details_with_visits,,,,,
v3-main-771601/spring_petclinic_microservices/colocated/NCD/1,pmx,1,PMX_shared_variants,,11.19844208699999,input_and_projection_process_total,,True,,,,
v3-main-771601/spring_petclinic_microservices/colocated/NCD/1,pmx,1,PMX_shared_variants,,8.83,derived_binary_build,,,javac 11.0.32,2322880b6447754528e201553bc4e2fac00334b7d6f3ac202cfe1e3742bbbcc6,True,"{""maximum_rss_bytes"": 228065280.0, ""path"": ""build-resource-usage.txt"", ""system_seconds"": 0.42, ""user_seconds"": 7.07, ""wall_seconds"": 8.83}"
v3-main-771601/spring_petclinic_microservices/colocated/NCD/1,pmx,1,PMX_shared_variants,,23.686227793,independent_pmx_extraction_process,create_visit,,,,,
v3-main-771601/spring_petclinic_microservices/colocated/NCD/1,pmx,1,PMX_shared_variants,,25.40637072299998,independent_pmx_extraction_process,list_owners,,,,,
v3-main-771601/spring_petclinic_microservices/colocated/NCD/1,pmx,1,PMX_shared_variants,,22.631407260999993,independent_pmx_extraction_process,list_vets,,,,,
v3-main-771601/spring_petclinic_microservices/colocated/NCD/1,pmx,1,PMX_shared_variants,,23.081421626999997,independent_pmx_extraction_process,owner_details_with_visits,,,,,
v3-main-771601/spring_petclinic_microservices/colocated/NCD/2,acquisition,1,shared_acquisition,True,2108.705990196,acquisition_and_export_process_total,,,,,,
v3-main-771601/spring_petclinic_microservices/colocated/NCD/2,acquisition,1,shared_native_pool,,2.5220522900003743,native_parse,,,,,,
v3-main-771601/spring_petclinic_microservices/colocated/NCD/2,graph,1,B0,,0.006247424999997975,identification,,,,,,
v3-main-771601/spring_petclinic_microservices/colocated/NCD/2,graph,1,shared_graph_family,,0.17073736200001122,extraction,create_visit,,,,,
v3-main-771601/spring_petclinic_microservices/colocated/NCD/2,graph,1,shared_graph_family,,0.003007391000011239,identification,create_visit,,,,,
v3-main-771601/spring_petclinic_microservices/colocated/NCD/2,graph,1,shared_graph_family,,0.0028542739999863898,solve,create_visit,,,,,
v3-main-771601/spring_petclinic_microservices/colocated/NCD/2,graph,1,G0,,0.00019892099999196944,identification,create_visit,,,,,
v3-main-771601/spring_petclinic_microservices/colocated/NCD/2,graph,1,G0,,0.00013951999997630082,solve,create_visit,,,,,
v3-main-771601/spring_petclinic_microservices/colocated/NCD/2,graph,1,shared_graph_family,,0.3609914440000068,extraction,list_owners,,,,,
v3-main-771601/spring_petclinic_microservices/colocated/NCD/2,graph,1,shared_graph_family,,0.002129072000002452,identification,list_owners,,,,,
v3-main-771601/spring_petclinic_microservices/colocated/NCD/2,graph,1,shared_graph_family,,0.00018779999999196662,solve,list_owners,,,,,
v3-main-771601/spring_petclinic_microservices/colocated/NCD/2,graph,1,G0,,0.0001867080000010901,identification,list_owners,,,,,
v3-main-771601/spring_petclinic_microservices/colocated/NCD/2,graph,1,G0,,0.0001181610000173805,solve,list_owners,,,,,
v3-main-771601/spring_petclinic_microservices/colocated/NCD/2,graph,1,shared_graph_family,,0.05941174700001284,extraction,list_vets,,,,,
v3-main-771601/spring_petclinic_microservices/colocated/NCD/2,graph,1,shared_graph_family,,0.0019557889999930467,identification,list_vets,,,,,
v3-main-771601/spring_petclinic_microservices/colocated/NCD/2,graph,1,shared_graph_family,,0.0001791439999863087,solve,list_vets,,,,,
v3-main-771601/spring_petclinic_microservices/colocated/NCD/2,graph,1,G0,,0.0001274480000006406,identification,list_vets,,,,,
v3-main-771601/spring_petclinic_microservices/colocated/NCD/2,graph,1,G0,,5.147600001009778e-05,solve,list_vets,,,,,
v3-main-771601/spring_petclinic_microservices/colocated/NCD/2,graph,1,shared_graph_family,,0.20836506899999563,extraction,owner_details_with_visits,,,,,
v3-main-771601/spring_petclinic_microservices/colocated/NCD/2,graph,1,shared_graph_family,,0.003102437999984886,identification,owner_details_with_visits,,,,,
v3-main-771601/spring_petclinic_microservices/colocated/NCD/2,graph,1,shared_graph_family,,0.002587407000021358,solve,owner_details_with_visits,,,,,
v3-main-771601/spring_petclinic_microservices/colocated/NCD/2,graph,1,G0,,0.0002608760000271104,identification,owner_details_with_visits,,,,,
v3-main-771601/spring_petclinic_microservices/colocated/NCD/2,graph,1,G0,,0.00013100499998586201,solve,owner_details_with_visits,,,,,
v3-main-771601/spring_petclinic_microservices/colocated/NCD/2,pmx,1,PMX_shared_variants,,1.546648146999999,native_projection,create_visit,,,,,
v3-main-771601/spring_petclinic_microservices/colocated/NCD/2,pmx,1,PMX_shared_variants,,5.4888237239999995,native_projection,list_owners,,,,,
v3-main-771601/spring_petclinic_microservices/colocated/NCD/2,pmx,1,PMX_shared_variants,,1.1353097560000123,native_projection,list_vets,,,,,
v3-main-771601/spring_petclinic_microservices/colocated/NCD/2,pmx,1,PMX_shared_variants,,2.3957239060000006,native_projection,owner_details_with_visits,,,,,
v3-main-771601/spring_petclinic_microservices/colocated/NCD/2,pmx,1,PMX_shared_variants,,11.171018204999996,input_and_projection_process_total,,True,,,,
v3-main-771601/spring_petclinic_microservices/colocated/NCD/2,pmx,1,PMX_shared_variants,,14.61,derived_binary_build,,,javac 11.0.32,2322880b6447754528e201553bc4e2fac00334b7d6f3ac202cfe1e3742bbbcc6,True,"{""maximum_rss_bytes"": 227692544.0, ""path"": ""build-resource-usage.txt"", ""system_seconds"": 0.39, ""user_seconds"": 7.2, ""wall_seconds"": 14.61}"
v3-main-771601/spring_petclinic_microservices/colocated/NCD/2,pmx,1,PMX_shared_variants,,24.187725916000005,independent_pmx_extraction_process,create_visit,,,,,
v3-main-771601/spring_petclinic_microservices/colocated/NCD/2,pmx,1,PMX_shared_variants,,25.136577138000007,independent_pmx_extraction_process,list_owners,,,,,
v3-main-771601/spring_petclinic_microservices/colocated/NCD/2,pmx,1,PMX_shared_variants,,22.481175913000015,independent_pmx_extraction_process,list_vets,,,,,
v3-main-771601/spring_petclinic_microservices/colocated/NCD/2,pmx,1,PMX_shared_variants,,22.980643337000004,independent_pmx_extraction_process,owner_details_with_visits,,,,,
v3-main-771601/spring_petclinic_microservices/colocated/NCD/3,acquisition,1,shared_acquisition,True,2117.5817678569997,acquisition_and_export_process_total,,,,,,
v3-main-771601/spring_petclinic_microservices/colocated/NCD/3,acquisition,1,shared_native_pool,,3.159089775999746,native_parse,,,,,,
v3-main-771601/spring_petclinic_microservices/colocated/NCD/3,graph,1,B0,,0.006466862999999989,identification,,,,,,
v3-main-771601/spring_petclinic_microservices/colocated/NCD/3,graph,1,shared_graph_family,,0.1833454360000033,extraction,create_visit,,,,,
v3-main-771601/spring_petclinic_microservices/colocated/NCD/3,graph,1,shared_graph_family,,0.003113988999999151,identification,create_visit,,,,,
v3-main-771601/spring_petclinic_microservices/colocated/NCD/3,graph,1,shared_graph_family,,0.0025611820000008834,solve,create_visit,,,,,
v3-main-771601/spring_petclinic_microservices/colocated/NCD/3,graph,1,G0,,0.00021501999999884447,identification,create_visit,,,,,
v3-main-771601/spring_petclinic_microservices/colocated/NCD/3,graph,1,G0,,0.0001538459999963493,solve,create_visit,,,,,
v3-main-771601/spring_petclinic_microservices/colocated/NCD/3,graph,1,shared_graph_family,,0.3568741110000033,extraction,list_owners,,,,,
v3-main-771601/spring_petclinic_microservices/colocated/NCD/3,graph,1,shared_graph_family,,0.002177858999999671,identification,list_owners,,,,,
v3-main-771601/spring_petclinic_microservices/colocated/NCD/3,graph,1,shared_graph_family,,0.00019458199999888848,solve,list_owners,,,,,
v3-main-771601/spring_petclinic_microservices/colocated/NCD/3,graph,1,G0,,0.00017467500000378777,identification,list_owners,,,,,
v3-main-771601/spring_petclinic_microservices/colocated/NCD/3,graph,1,G0,,0.00014931700000175852,solve,list_owners,,,,,
v3-main-771601/spring_petclinic_microservices/colocated/NCD/3,graph,1,shared_graph_family,,0.058242530999997655,extraction,list_vets,,,,,
v3-main-771601/spring_petclinic_microservices/colocated/NCD/3,graph,1,shared_graph_family,,0.0020169999999950505,identification,list_vets,,,,,
v3-main-771601/spring_petclinic_microservices/colocated/NCD/3,graph,1,shared_graph_family,,0.00017764000000397573,solve,list_vets,,,,,
v3-main-771601/spring_petclinic_microservices/colocated/NCD/3,graph,1,G0,,0.00012959099999676482,identification,list_vets,,,,,
v3-main-771601/spring_petclinic_microservices/colocated/NCD/3,graph,1,G0,,5.322900000237496e-05,solve,list_vets,,,,,
v3-main-771601/spring_petclinic_microservices/colocated/NCD/3,graph,1,shared_graph_family,,0.21800444200000157,extraction,owner_details_with_visits,,,,,
v3-main-771601/spring_petclinic_microservices/colocated/NCD/3,graph,1,shared_graph_family,,0.003240474999998355,identification,owner_details_with_visits,,,,,
v3-main-771601/spring_petclinic_microservices/colocated/NCD/3,graph,1,shared_graph_family,,0.0026403390000027116,solve,owner_details_with_visits,,,,,
v3-main-771601/spring_petclinic_microservices/colocated/NCD/3,graph,1,G0,,0.0002595720000044821,identification,owner_details_with_visits,,,,,
v3-main-771601/spring_petclinic_microservices/colocated/NCD/3,graph,1,G0,,0.00015953700000181925,solve,owner_details_with_visits,,,,,
v3-main-771601/spring_petclinic_microservices/colocated/NCD/3,pmx,1,PMX_shared_variants,,1.5279756099999986,native_projection,create_visit,,,,,
v3-main-771601/spring_petclinic_microservices/colocated/NCD/3,pmx,1,PMX_shared_variants,,5.34019400599999,native_projection,list_owners,,,,,
v3-main-771601/spring_petclinic_microservices/colocated/NCD/3,pmx,1,PMX_shared_variants,,1.1324176359999996,native_projection,list_vets,,,,,
v3-main-771601/spring_petclinic_microservices/colocated/NCD/3,pmx,1,PMX_shared_variants,,2.3733412670000007,native_projection,owner_details_with_visits,,,,,
v3-main-771601/spring_petclinic_microservices/colocated/NCD/3,pmx,1,PMX_shared_variants,,10.922397529999998,input_and_projection_process_total,,True,,,,
v3-main-771601/spring_petclinic_microservices/colocated/NCD/3,pmx,1,PMX_shared_variants,,10.03,derived_binary_build,,,javac 11.0.32,2322880b6447754528e201553bc4e2fac00334b7d6f3ac202cfe1e3742bbbcc6,True,"{""maximum_rss_bytes"": 227565568.0, ""path"": ""build-resource-usage.txt"", ""system_seconds"": 0.29, ""user_seconds"": 6.77, ""wall_seconds"": 10.03}"
v3-main-771601/spring_petclinic_microservices/colocated/NCD/3,pmx,1,PMX_shared_variants,,24.636416658,independent_pmx_extraction_process,create_visit,,,,,
v3-main-771601/spring_petclinic_microservices/colocated/NCD/3,pmx,1,PMX_shared_variants,,25.593544492999996,independent_pmx_extraction_process,list_owners,,,,,
v3-main-771601/spring_petclinic_microservices/colocated/NCD/3,pmx,1,PMX_shared_variants,,22.527372641,independent_pmx_extraction_process,list_vets,,,,,
v3-main-771601/spring_petclinic_microservices/colocated/NCD/3,pmx,1,PMX_shared_variants,,22.979632379999998,independent_pmx_extraction_process,owner_details_with_visits,,,,,
v3-main-771601/spring_petclinic_microservices/colocated/NCD/4,acquisition,1,shared_acquisition,True,2101.354488766,acquisition_and_export_process_total,,,,,,
v3-main-771601/spring_petclinic_microservices/colocated/NCD/4,acquisition,1,shared_native_pool,,2.477029397000024,native_parse,,,,,,
v3-main-771601/spring_petclinic_microservices/colocated/NCD/4,graph,1,B0,,0.004410484999993969,identification,,,,,,
v3-main-771601/spring_petclinic_microservices/colocated/NCD/4,graph,1,shared_graph_family,,0.09901376900000969,extraction,create_visit,,,,,
v3-main-771601/spring_petclinic_microservices/colocated/NCD/4,graph,1,shared_graph_family,,0.002121678000008842,identification,create_visit,,,,,
v3-main-771601/spring_petclinic_microservices/colocated/NCD/4,graph,1,shared_graph_family,,0.0018300560000170663,solve,create_visit,,,,,
v3-main-771601/spring_petclinic_microservices/colocated/NCD/4,graph,1,G0,,0.0001458799999909388,identification,create_visit,,,,,
v3-main-771601/spring_petclinic_microservices/colocated/NCD/4,graph,1,G0,,0.00011736000001860702,solve,create_visit,,,,,
v3-main-771601/spring_petclinic_microservices/colocated/NCD/4,graph,1,shared_graph_family,,0.21715637599999127,extraction,list_owners,,,,,
v3-main-771601/spring_petclinic_microservices/colocated/NCD/4,graph,1,shared_graph_family,,0.0015245010000057846,identification,list_owners,,,,,
v3-main-771601/spring_petclinic_microservices/colocated/NCD/4,graph,1,shared_graph_family,,0.0001348700000107783,solve,list_owners,,,,,
v3-main-771601/spring_petclinic_microservices/colocated/NCD/4,graph,1,G0,,0.00012264500000469525,identification,list_owners,,,,,
v3-main-771601/spring_petclinic_microservices/colocated/NCD/4,graph,1,G0,,7.372300001406984e-05,solve,list_owners,,,,,
v3-main-771601/spring_petclinic_microservices/colocated/NCD/4,graph,1,shared_graph_family,,0.03441038800002616,extraction,list_vets,,,,,
v3-main-771601/spring_petclinic_microservices/colocated/NCD/4,graph,1,shared_graph_family,,0.001317960000022822,identification,list_vets,,,,,
v3-main-771601/spring_petclinic_microservices/colocated/NCD/4,graph,1,shared_graph_family,,0.00012134900001115057,solve,list_vets,,,,,
v3-main-771601/spring_petclinic_microservices/colocated/NCD/4,graph,1,G0,,8.377800000403113e-05,identification,list_vets,,,,,
v3-main-771601/spring_petclinic_microservices/colocated/NCD/4,graph,1,G0,,5.210399999100446e-05,solve,list_vets,,,,,
v3-main-771601/spring_petclinic_microservices/colocated/NCD/4,graph,1,shared_graph_family,,0.13380021599999736,extraction,owner_details_with_visits,,,,,
v3-main-771601/spring_petclinic_microservices/colocated/NCD/4,graph,1,shared_graph_family,,0.0021990970000160814,identification,owner_details_with_visits,,,,,
v3-main-771601/spring_petclinic_microservices/colocated/NCD/4,graph,1,shared_graph_family,,0.0016948840000168275,solve,owner_details_with_visits,,,,,
v3-main-771601/spring_petclinic_microservices/colocated/NCD/4,graph,1,G0,,0.00017905200002132915,identification,owner_details_with_visits,,,,,
v3-main-771601/spring_petclinic_microservices/colocated/NCD/4,graph,1,G0,,8.402299999943352e-05,solve,owner_details_with_visits,,,,,
v3-main-771601/spring_petclinic_microservices/colocated/NCD/4,pmx,1,PMX_shared_variants,,1.6108092890000023,native_projection,create_visit,,,,,
v3-main-771601/spring_petclinic_microservices/colocated/NCD/4,pmx,1,PMX_shared_variants,,5.7586375610000005,native_projection,list_owners,,,,,
v3-main-771601/spring_petclinic_microservices/colocated/NCD/4,pmx,1,PMX_shared_variants,,1.2043536019999976,native_projection,list_vets,,,,,
v3-main-771601/spring_petclinic_microservices/colocated/NCD/4,pmx,1,PMX_shared_variants,,2.5195235159999925,native_projection,owner_details_with_visits,,,,,
v3-main-771601/spring_petclinic_microservices/colocated/NCD/4,pmx,1,PMX_shared_variants,,11.640982008000009,input_and_projection_process_total,,True,,,,
v3-main-771601/spring_petclinic_microservices/colocated/NCD/4,pmx,1,PMX_shared_variants,,15.23,derived_binary_build,,,javac 11.0.32,2322880b6447754528e201553bc4e2fac00334b7d6f3ac202cfe1e3742bbbcc6,True,"{""maximum_rss_bytes"": 227627008.0, ""path"": ""build-resource-usage.txt"", ""system_seconds"": 0.35, ""user_seconds"": 7.02, ""wall_seconds"": 15.23}"
v3-main-771601/spring_petclinic_microservices/colocated/NCD/4,pmx,1,PMX_shared_variants,,24.732241114999994,independent_pmx_extraction_process,create_visit,,,,,
v3-main-771601/spring_petclinic_microservices/colocated/NCD/4,pmx,1,PMX_shared_variants,,25.54292313100001,independent_pmx_extraction_process,list_owners,,,,,
v3-main-771601/spring_petclinic_microservices/colocated/NCD/4,pmx,1,PMX_shared_variants,,22.531370363999997,independent_pmx_extraction_process,list_vets,,,,,
v3-main-771601/spring_petclinic_microservices/colocated/NCD/4,pmx,1,PMX_shared_variants,,23.080828097999984,independent_pmx_extraction_process,owner_details_with_visits,,,,,
v3-main-771601/spring_petclinic_microservices/colocated/NCD/5,acquisition,1,shared_acquisition,True,2113.513805136,acquisition_and_export_process_total,,,,,,
v3-main-771601/spring_petclinic_microservices/colocated/NCD/5,acquisition,1,shared_native_pool,,3.2785639849998915,native_parse,,,,,,
v3-main-771601/spring_petclinic_microservices/colocated/NCD/5,graph,1,B0,,0.006407424000002493,identification,,,,,,
v3-main-771601/spring_petclinic_microservices/colocated/NCD/5,graph,1,shared_graph_family,,0.15662069100000053,extraction,create_visit,,,,,
v3-main-771601/spring_petclinic_microservices/colocated/NCD/5,graph,1,shared_graph_family,,0.0029659070000036536,identification,create_visit,,,,,
v3-main-771601/spring_petclinic_microservices/colocated/NCD/5,graph,1,shared_graph_family,,0.0028574939999970184,solve,create_visit,,,,,
v3-main-771601/spring_petclinic_microservices/colocated/NCD/5,graph,1,G0,,0.00018711900000312198,identification,create_visit,,,,,
v3-main-771601/spring_petclinic_microservices/colocated/NCD/5,graph,1,G0,,0.00011648800000330084,solve,create_visit,,,,,
v3-main-771601/spring_petclinic_microservices/colocated/NCD/5,graph,1,shared_graph_family,,0.3411369250000007,extraction,list_owners,,,,,
v3-main-771601/spring_petclinic_microservices/colocated/NCD/5,graph,1,shared_graph_family,,0.0021761300000093797,identification,list_owners,,,,,
v3-main-771601/spring_petclinic_microservices/colocated/NCD/5,graph,1,shared_graph_family,,0.000182221000002869,solve,list_owners,,,,,
v3-main-771601/spring_petclinic_microservices/colocated/NCD/5,graph,1,G0,,0.0001581459999897561,identification,list_owners,,,,,
v3-main-771601/spring_petclinic_microservices/colocated/NCD/5,graph,1,G0,,8.356600000070102e-05,solve,list_owners,,,,,
v3-main-771601/spring_petclinic_microservices/colocated/NCD/5,graph,1,shared_graph_family,,0.054015794000008555,extraction,list_vets,,,,,
v3-main-771601/spring_petclinic_microservices/colocated/NCD/5,graph,1,shared_graph_family,,0.001849337999999534,identification,list_vets,,,,,
v3-main-771601/spring_petclinic_microservices/colocated/NCD/5,graph,1,shared_graph_family,,0.00015109199999585599,solve,list_vets,,,,,
v3-main-771601/spring_petclinic_microservices/colocated/NCD/5,graph,1,G0,,0.00011132899999211077,identification,list_vets,,,,,
v3-main-771601/spring_petclinic_microservices/colocated/NCD/5,graph,1,G0,,3.5306000000900895e-05,solve,list_vets,,,,,
v3-main-771601/spring_petclinic_microservices/colocated/NCD/5,graph,1,shared_graph_family,,0.2033437460000016,extraction,owner_details_with_visits,,,,,
v3-main-771601/spring_petclinic_microservices/colocated/NCD/5,graph,1,shared_graph_family,,0.003050004999991529,identification,owner_details_with_visits,,,,,
v3-main-771601/spring_petclinic_microservices/colocated/NCD/5,graph,1,shared_graph_family,,0.0023726170000060165,solve,owner_details_with_visits,,,,,
v3-main-771601/spring_petclinic_microservices/colocated/NCD/5,graph,1,G0,,0.00024483800000041356,identification,owner_details_with_visits,,,,,
v3-main-771601/spring_petclinic_microservices/colocated/NCD/5,graph,1,G0,,9.894499999063555e-05,solve,owner_details_with_visits,,,,,
v3-main-771601/spring_petclinic_microservices/colocated/NCD/5,pmx,1,PMX_shared_variants,,1.4884847419999971,native_projection,create_visit,,,,,
v3-main-771601/spring_petclinic_microservices/colocated/NCD/5,pmx,1,PMX_shared_variants,,5.386141202000005,native_projection,list_owners,,,,,
v3-main-771601/spring_petclinic_microservices/colocated/NCD/5,pmx,1,PMX_shared_variants,,1.1269230300000004,native_projection,list_vets,,,,,
v3-main-771601/spring_petclinic_microservices/colocated/NCD/5,pmx,1,PMX_shared_variants,,2.4092997900000057,native_projection,owner_details_with_visits,,,,,
v3-main-771601/spring_petclinic_microservices/colocated/NCD/5,pmx,1,PMX_shared_variants,,10.977506648000002,input_and_projection_process_total,,True,,,,
v3-main-771601/spring_petclinic_microservices/colocated/NCD/5,pmx,1,PMX_shared_variants,,13.88,derived_binary_build,,,javac 11.0.32,2322880b6447754528e201553bc4e2fac00334b7d6f3ac202cfe1e3742bbbcc6,True,"{""maximum_rss_bytes"": 227667968.0, ""path"": ""build-resource-usage.txt"", ""system_seconds"": 0.37, ""user_seconds"": 7.03, ""wall_seconds"": 13.88}"
v3-main-771601/spring_petclinic_microservices/colocated/NCD/5,pmx,1,PMX_shared_variants,,25.23246260099998,independent_pmx_extraction_process,create_visit,,,,,
v3-main-771601/spring_petclinic_microservices/colocated/NCD/5,pmx,1,PMX_shared_variants,,25.138182297000014,independent_pmx_extraction_process,list_owners,,,,,
v3-main-771601/spring_petclinic_microservices/colocated/NCD/5,pmx,1,PMX_shared_variants,,22.586906489,independent_pmx_extraction_process,list_vets,,,,,
v3-main-771601/spring_petclinic_microservices/colocated/NCD/5,pmx,1,PMX_shared_variants,,22.88459658399995,independent_pmx_extraction_process,owner_details_with_visits,,,,,
v3-main-771601/spring_petclinic_microservices/colocated/NCD/6,acquisition,1,shared_acquisition,True,2121.136002215,acquisition_and_export_process_total,,,,,,
v3-main-771601/spring_petclinic_microservices/colocated/NCD/6,acquisition,1,shared_native_pool,,3.2840188969998962,native_parse,,,,,,
v3-main-771601/spring_petclinic_microservices/colocated/NCD/6,graph,1,B0,,0.0062237600000045745,identification,,,,,,
v3-main-771601/spring_petclinic_microservices/colocated/NCD/6,graph,1,shared_graph_family,,0.16265020600000213,extraction,create_visit,,,,,
v3-main-771601/spring_petclinic_microservices/colocated/NCD/6,graph,1,shared_graph_family,,0.0031163829999982795,identification,create_visit,,,,,
v3-main-771601/spring_petclinic_microservices/colocated/NCD/6,graph,1,shared_graph_family,,0.0026845000000008667,solve,create_visit,,,,,
v3-main-771601/spring_petclinic_microservices/colocated/NCD/6,graph,1,G0,,0.0002033280000048876,identification,create_visit,,,,,
v3-main-771601/spring_petclinic_microservices/colocated/NCD/6,graph,1,G0,,0.00014378699999895161,solve,create_visit,,,,,
v3-main-771601/spring_petclinic_microservices/colocated/NCD/6,graph,1,shared_graph_family,,0.3459804830000053,extraction,list_owners,,,,,
v3-main-771601/spring_petclinic_microservices/colocated/NCD/6,graph,1,shared_graph_family,,0.0021544450000021698,identification,list_owners,,,,,
v3-main-771601/spring_petclinic_microservices/colocated/NCD/6,graph,1,shared_graph_family,,0.00018562500000030013,solve,list_owners,,,,,
v3-main-771601/spring_petclinic_microservices/colocated/NCD/6,graph,1,G0,,0.00016477599999831227,identification,list_owners,,,,,
v3-main-771601/spring_petclinic_microservices/colocated/NCD/6,graph,1,G0,,0.00010525500000113652,solve,list_owners,,,,,
v3-main-771601/spring_petclinic_microservices/colocated/NCD/6,graph,1,shared_graph_family,,0.055452940000002116,extraction,list_vets,,,,,
v3-main-771601/spring_petclinic_microservices/colocated/NCD/6,graph,1,shared_graph_family,,0.0019499849999959906,identification,list_vets,,,,,
v3-main-771601/spring_petclinic_microservices/colocated/NCD/6,graph,1,shared_graph_family,,0.00017415400000686532,solve,list_vets,,,,,
v3-main-771601/spring_petclinic_microservices/colocated/NCD/6,graph,1,G0,,0.00012437100000539658,identification,list_vets,,,,,
v3-main-771601/spring_petclinic_microservices/colocated/NCD/6,graph,1,G0,,4.737699999424194e-05,solve,list_vets,,,,,
v3-main-771601/spring_petclinic_microservices/colocated/NCD/6,graph,1,shared_graph_family,,0.22598331399999694,extraction,owner_details_with_visits,,,,,
v3-main-771601/spring_petclinic_microservices/colocated/NCD/6,graph,1,shared_graph_family,,0.003214786000000913,identification,owner_details_with_visits,,,,,
v3-main-771601/spring_petclinic_microservices/colocated/NCD/6,graph,1,shared_graph_family,,0.002694679000001088,solve,owner_details_with_visits,,,,,
v3-main-771601/spring_petclinic_microservices/colocated/NCD/6,graph,1,G0,,0.0002619070000022816,identification,owner_details_with_visits,,,,,
v3-main-771601/spring_petclinic_microservices/colocated/NCD/6,graph,1,G0,,0.00012030399999929386,solve,owner_details_with_visits,,,,,
v3-main-771601/spring_petclinic_microservices/colocated/NCD/6,pmx,1,PMX_shared_variants,,1.556381451,native_projection,create_visit,,,,,
v3-main-771601/spring_petclinic_microservices/colocated/NCD/6,pmx,1,PMX_shared_variants,,5.561806386000008,native_projection,list_owners,,,,,
v3-main-771601/spring_petclinic_microservices/colocated/NCD/6,pmx,1,PMX_shared_variants,,1.146312437000006,native_projection,list_vets,,,,,
v3-main-771601/spring_petclinic_microservices/colocated/NCD/6,pmx,1,PMX_shared_variants,,2.403908893999997,native_projection,owner_details_with_visits,,,,,
v3-main-771601/spring_petclinic_microservices/colocated/NCD/6,pmx,1,PMX_shared_variants,,11.206100749,input_and_projection_process_total,,True,,,,
v3-main-771601/spring_petclinic_microservices/colocated/NCD/6,pmx,1,PMX_shared_variants,,7.7,derived_binary_build,,,javac 11.0.32,2322880b6447754528e201553bc4e2fac00334b7d6f3ac202cfe1e3742bbbcc6,True,"{""maximum_rss_bytes"": 227586048.0, ""path"": ""build-resource-usage.txt"", ""system_seconds"": 0.29, ""user_seconds"": 6.9, ""wall_seconds"": 7.7}"
v3-main-771601/spring_petclinic_microservices/colocated/NCD/6,pmx,1,PMX_shared_variants,,23.435193292000008,independent_pmx_extraction_process,create_visit,,,,,
v3-main-771601/spring_petclinic_microservices/colocated/NCD/6,pmx,1,PMX_shared_variants,,25.438146984,independent_pmx_extraction_process,list_owners,,,,,
v3-main-771601/spring_petclinic_microservices/colocated/NCD/6,pmx,1,PMX_shared_variants,,22.732427257999987,independent_pmx_extraction_process,list_vets,,,,,
v3-main-771601/spring_petclinic_microservices/colocated/NCD/6,pmx,1,PMX_shared_variants,,23.139554099999998,independent_pmx_extraction_process,owner_details_with_visits,,,,,
v3-main-771601/spring_petclinic_microservices/colocated/NCD/7,acquisition,1,shared_acquisition,True,2107.953646929,acquisition_and_export_process_total,,,,,,
v3-main-771601/spring_petclinic_microservices/colocated/NCD/7,acquisition,1,shared_native_pool,,2.656010101999982,native_parse,,,,,,
v3-main-771601/spring_petclinic_microservices/colocated/NCD/7,graph,1,B0,,0.006093092000014622,identification,,,,,,
v3-main-771601/spring_petclinic_microservices/colocated/NCD/7,graph,1,shared_graph_family,,0.15939184600000544,extraction,create_visit,,,,,
v3-main-771601/spring_petclinic_microservices/colocated/NCD/7,graph,1,shared_graph_family,,0.002982715999962693,identification,create_visit,,,,,
v3-main-771601/spring_petclinic_microservices/colocated/NCD/7,graph,1,shared_graph_family,,0.0027743770000370205,solve,create_visit,,,,,
v3-main-771601/spring_petclinic_microservices/colocated/NCD/7,graph,1,G0,,0.00019313100000317718,identification,create_visit,,,,,
v3-main-771601/spring_petclinic_microservices/colocated/NCD/7,graph,1,G0,,0.0001105359999655775,solve,create_visit,,,,,
v3-main-771601/spring_petclinic_microservices/colocated/NCD/7,graph,1,shared_graph_family,,0.3534355759999812,extraction,list_owners,,,,,
v3-main-771601/spring_petclinic_microservices/colocated/NCD/7,graph,1,shared_graph_family,,0.002254203999996207,identification,list_owners,,,,,
v3-main-771601/spring_petclinic_microservices/colocated/NCD/7,graph,1,shared_graph_family,,0.00018270100002837353,solve,list_owners,,,,,
v3-main-771601/spring_petclinic_microservices/colocated/NCD/7,graph,1,G0,,0.00016637099997751648,identification,list_owners,,,,,
v3-main-771601/spring_petclinic_microservices/colocated/NCD/7,graph,1,G0,,0.0001034640000057152,solve,list_owners,,,,,
v3-main-771601/spring_petclinic_microservices/colocated/NCD/7,graph,1,shared_graph_family,,0.05540237899998601,extraction,list_vets,,,,,
v3-main-771601/spring_petclinic_microservices/colocated/NCD/7,graph,1,shared_graph_family,,0.0019095000000106666,identification,list_vets,,,,,
v3-main-771601/spring_petclinic_microservices/colocated/NCD/7,graph,1,shared_graph_family,,0.0001624340000034863,solve,list_vets,,,,,
v3-main-771601/spring_petclinic_microservices/colocated/NCD/7,graph,1,G0,,0.0001184420000299724,identification,list_vets,,,,,
v3-main-771601/spring_petclinic_microservices/colocated/NCD/7,graph,1,G0,,4.2831000030219e-05,solve,list_vets,,,,,
v3-main-771601/spring_petclinic_microservices/colocated/NCD/7,graph,1,shared_graph_family,,0.21285871700001735,extraction,owner_details_with_visits,,,,,
v3-main-771601/spring_petclinic_microservices/colocated/NCD/7,graph,1,shared_graph_family,,0.0031154640000181644,identification,owner_details_with_visits,,,,,
v3-main-771601/spring_petclinic_microservices/colocated/NCD/7,graph,1,shared_graph_family,,0.002270305000024564,solve,owner_details_with_visits,,,,,
v3-main-771601/spring_petclinic_microservices/colocated/NCD/7,graph,1,G0,,0.00025192100002868756,identification,owner_details_with_visits,,,,,
v3-main-771601/spring_petclinic_microservices/colocated/NCD/7,graph,1,G0,,0.00010461599998734528,solve,owner_details_with_visits,,,,,
v3-main-771601/spring_petclinic_microservices/colocated/NCD/7,pmx,1,PMX_shared_variants,,1.599538080000002,native_projection,create_visit,,,,,
v3-main-771601/spring_petclinic_microservices/colocated/NCD/7,pmx,1,PMX_shared_variants,,5.6059236830000145,native_projection,list_owners,,,,,
v3-main-771601/spring_petclinic_microservices/colocated/NCD/7,pmx,1,PMX_shared_variants,,1.2151019639999845,native_projection,list_vets,,,,,
v3-main-771601/spring_petclinic_microservices/colocated/NCD/7,pmx,1,PMX_shared_variants,,2.4872601090000046,native_projection,owner_details_with_visits,,,,,
v3-main-771601/spring_petclinic_microservices/colocated/NCD/7,pmx,1,PMX_shared_variants,,11.483863151000008,input_and_projection_process_total,,True,,,,
v3-main-771601/spring_petclinic_microservices/colocated/NCD/7,pmx,1,PMX_shared_variants,,9.06,derived_binary_build,,,javac 11.0.32,2322880b6447754528e201553bc4e2fac00334b7d6f3ac202cfe1e3742bbbcc6,True,"{""maximum_rss_bytes"": 227602432.0, ""path"": ""build-resource-usage.txt"", ""system_seconds"": 0.3, ""user_seconds"": 7.05, ""wall_seconds"": 9.06}"
v3-main-771601/spring_petclinic_microservices/colocated/NCD/7,pmx,1,PMX_shared_variants,,23.581953596999995,independent_pmx_extraction_process,create_visit,,,,,
v3-main-771601/spring_petclinic_microservices/colocated/NCD/7,pmx,1,PMX_shared_variants,,25.800427824999986,independent_pmx_extraction_process,list_owners,,,,,
v3-main-771601/spring_petclinic_microservices/colocated/NCD/7,pmx,1,PMX_shared_variants,,22.62995886599998,independent_pmx_extraction_process,list_vets,,,,,
v3-main-771601/spring_petclinic_microservices/colocated/NCD/7,pmx,1,PMX_shared_variants,,23.131801981999985,independent_pmx_extraction_process,owner_details_with_visits,,,,,
v3-main-771601/spring_petclinic_microservices/colocated/NCD/8,acquisition,1,shared_acquisition,True,2105.362531792,acquisition_and_export_process_total,,,,,,
v3-main-771601/spring_petclinic_microservices/colocated/NCD/8,acquisition,1,shared_native_pool,,2.5187232670000412,native_parse,,,,,,
v3-main-771601/spring_petclinic_microservices/colocated/NCD/8,graph,1,B0,,0.006171644000005472,identification,,,,,,
v3-main-771601/spring_petclinic_microservices/colocated/NCD/8,graph,1,shared_graph_family,,0.17769200599997248,extraction,create_visit,,,,,
v3-main-771601/spring_petclinic_microservices/colocated/NCD/8,graph,1,shared_graph_family,,0.0030313499999863325,identification,create_visit,,,,,
v3-main-771601/spring_petclinic_microservices/colocated/NCD/8,graph,1,shared_graph_family,,0.0027188359999854583,solve,create_visit,,,,,
v3-main-771601/spring_petclinic_microservices/colocated/NCD/8,graph,1,G0,,0.0001966570000035972,identification,create_visit,,,,,
v3-main-771601/spring_petclinic_microservices/colocated/NCD/8,graph,1,G0,,0.0001223480000192012,solve,create_visit,,,,,
v3-main-771601/spring_petclinic_microservices/colocated/NCD/8,graph,1,shared_graph_family,,0.3547032209999941,extraction,list_owners,,,,,
v3-main-771601/spring_petclinic_microservices/colocated/NCD/8,graph,1,shared_graph_family,,0.002225084000002653,identification,list_owners,,,,,
v3-main-771601/spring_petclinic_microservices/colocated/NCD/8,graph,1,shared_graph_family,,0.00019804000001499844,solve,list_owners,,,,,
v3-main-771601/spring_petclinic_microservices/colocated/NCD/8,graph,1,G0,,0.0001757679999911943,identification,list_owners,,,,,
v3-main-771601/spring_petclinic_microservices/colocated/NCD/8,graph,1,G0,,0.0001109170000006543,solve,list_owners,,,,,
v3-main-771601/spring_petclinic_microservices/colocated/NCD/8,graph,1,shared_graph_family,,0.05678489500002115,extraction,list_vets,,,,,
v3-main-771601/spring_petclinic_microservices/colocated/NCD/8,graph,1,shared_graph_family,,0.002092898000000787,identification,list_vets,,,,,
v3-main-771601/spring_petclinic_microservices/colocated/NCD/8,graph,1,shared_graph_family,,0.00018141900000046007,solve,list_vets,,,,,
v3-main-771601/spring_petclinic_microservices/colocated/NCD/8,graph,1,G0,,0.00012492299998712042,identification,list_vets,,,,,
v3-main-771601/spring_petclinic_microservices/colocated/NCD/8,graph,1,G0,,4.726800000298681e-05,solve,list_vets,,,,,
v3-main-771601/spring_petclinic_microservices/colocated/NCD/8,graph,1,shared_graph_family,,0.2106016230000023,extraction,owner_details_with_visits,,,,,
v3-main-771601/spring_petclinic_microservices/colocated/NCD/8,graph,1,shared_graph_family,,0.003199695000006386,identification,owner_details_with_visits,,,,,
v3-main-771601/spring_petclinic_microservices/colocated/NCD/8,graph,1,shared_graph_family,,0.002489880000013045,solve,owner_details_with_visits,,,,,
v3-main-771601/spring_petclinic_microservices/colocated/NCD/8,graph,1,G0,,0.00027807999998685773,identification,owner_details_with_visits,,,,,
v3-main-771601/spring_petclinic_microservices/colocated/NCD/8,graph,1,G0,,0.00011392300001489275,solve,owner_details_with_visits,,,,,
v3-main-771601/spring_petclinic_microservices/colocated/NCD/8,pmx,1,PMX_shared_variants,,1.564198666000003,native_projection,create_visit,,,,,
v3-main-771601/spring_petclinic_microservices/colocated/NCD/8,pmx,1,PMX_shared_variants,,5.595508224,native_projection,list_owners,,,,,
v3-main-771601/spring_petclinic_microservices/colocated/NCD/8,pmx,1,PMX_shared_variants,,1.1760355759999896,native_projection,list_vets,,,,,
v3-main-771601/spring_petclinic_microservices/colocated/NCD/8,pmx,1,PMX_shared_variants,,2.4400647239999955,native_projection,owner_details_with_visits,,,,,
v3-main-771601/spring_petclinic_microservices/colocated/NCD/8,pmx,1,PMX_shared_variants,,11.319688771000003,input_and_projection_process_total,,True,,,,
v3-main-771601/spring_petclinic_microservices/colocated/NCD/8,pmx,1,PMX_shared_variants,,7.44,derived_binary_build,,,javac 11.0.32,2322880b6447754528e201553bc4e2fac00334b7d6f3ac202cfe1e3742bbbcc6,True,"{""maximum_rss_bytes"": 227561472.0, ""path"": ""build-resource-usage.txt"", ""system_seconds"": 0.34, ""user_seconds"": 7.02, ""wall_seconds"": 7.44}"
v3-main-771601/spring_petclinic_microservices/colocated/NCD/8,pmx,1,PMX_shared_variants,,23.58222540700001,independent_pmx_extraction_process,create_visit,,,,,
v3-main-771601/spring_petclinic_microservices/colocated/NCD/8,pmx,1,PMX_shared_variants,,25.749365952999995,independent_pmx_extraction_process,list_owners,,,,,
v3-main-771601/spring_petclinic_microservices/colocated/NCD/8,pmx,1,PMX_shared_variants,,22.727830834000002,independent_pmx_extraction_process,list_vets,,,,,
v3-main-771601/spring_petclinic_microservices/colocated/NCD/8,pmx,1,PMX_shared_variants,,23.086027048000005,independent_pmx_extraction_process,owner_details_with_visits,,,,,
v3-main-771601/spring_petclinic_microservices/colocated/NCD/9,acquisition,1,shared_acquisition,True,2107.324859785,acquisition_and_export_process_total,,,,,,
v3-main-771601/spring_petclinic_microservices/colocated/NCD/9,acquisition,1,shared_native_pool,,2.393890898999871,native_parse,,,,,,
v3-main-771601/spring_petclinic_microservices/colocated/NCD/9,graph,1,B0,,0.0059470989999965695,identification,,,,,,
v3-main-771601/spring_petclinic_microservices/colocated/NCD/9,graph,1,shared_graph_family,,0.16426943500000846,extraction,create_visit,,,,,
v3-main-771601/spring_petclinic_microservices/colocated/NCD/9,graph,1,shared_graph_family,,0.003023213999995278,identification,create_visit,,,,,
v3-main-771601/spring_petclinic_microservices/colocated/NCD/9,graph,1,shared_graph_family,,0.0024589470000080382,solve,create_visit,,,,,
v3-main-771601/spring_petclinic_microservices/colocated/NCD/9,graph,1,G0,,0.00019445099999870763,identification,create_visit,,,,,
v3-main-771601/spring_petclinic_microservices/colocated/NCD/9,graph,1,G0,,0.00012588900000309877,solve,create_visit,,,,,
v3-main-771601/spring_petclinic_microservices/colocated/NCD/9,graph,1,shared_graph_family,,0.3045172560000111,extraction,list_owners,,,,,
v3-main-771601/spring_petclinic_microservices/colocated/NCD/9,graph,1,shared_graph_family,,0.0022442150000046013,identification,list_owners,,,,,
v3-main-771601/spring_petclinic_microservices/colocated/NCD/9,graph,1,shared_graph_family,,0.00019705599999042533,solve,list_owners,,,,,
v3-main-771601/spring_petclinic_microservices/colocated/NCD/9,graph,1,G0,,0.0001773359999930335,identification,list_owners,,,,,
v3-main-771601/spring_petclinic_microservices/colocated/NCD/9,graph,1,G0,,0.0001299449999976332,solve,list_owners,,,,,
v3-main-771601/spring_petclinic_microservices/colocated/NCD/9,graph,1,shared_graph_family,,0.049832220000013194,extraction,list_vets,,,,,
v3-main-771601/spring_petclinic_microservices/colocated/NCD/9,graph,1,shared_graph_family,,0.0020032439999937424,identification,list_vets,,,,,
v3-main-771601/spring_petclinic_microservices/colocated/NCD/9,graph,1,shared_graph_family,,0.00019149700000298253,solve,list_vets,,,,,
v3-main-771601/spring_petclinic_microservices/colocated/NCD/9,graph,1,G0,,0.00011712500000271575,identification,list_vets,,,,,
v3-main-771601/spring_petclinic_microservices/colocated/NCD/9,graph,1,G0,,4.7121000008587544e-05,solve,list_vets,,,,,
v3-main-771601/spring_petclinic_microservices/colocated/NCD/9,graph,1,shared_graph_family,,0.18189389600000538,extraction,owner_details_with_visits,,,,,
v3-main-771601/spring_petclinic_microservices/colocated/NCD/9,graph,1,shared_graph_family,,0.0032444349999991573,identification,owner_details_with_visits,,,,,
v3-main-771601/spring_petclinic_microservices/colocated/NCD/9,graph,1,shared_graph_family,,0.0020674200000030396,solve,owner_details_with_visits,,,,,
v3-main-771601/spring_petclinic_microservices/colocated/NCD/9,graph,1,G0,,0.000272978999987572,identification,owner_details_with_visits,,,,,
v3-main-771601/spring_petclinic_microservices/colocated/NCD/9,graph,1,G0,,0.00013463199999819153,solve,owner_details_with_visits,,,,,
v3-main-771601/spring_petclinic_microservices/colocated/NCD/9,pmx,1,PMX_shared_variants,,1.5412209090000104,native_projection,create_visit,,,,,
v3-main-771601/spring_petclinic_microservices/colocated/NCD/9,pmx,1,PMX_shared_variants,,5.5344115329999966,native_projection,list_owners,,,,,
v3-main-771601/spring_petclinic_microservices/colocated/NCD/9,pmx,1,PMX_shared_variants,,1.165324654999992,native_projection,list_vets,,,,,
v3-main-771601/spring_petclinic_microservices/colocated/NCD/9,pmx,1,PMX_shared_variants,,2.4102753989999997,native_projection,owner_details_with_visits,,,,,
v3-main-771601/spring_petclinic_microservices/colocated/NCD/9,pmx,1,PMX_shared_variants,,11.179813380999995,input_and_projection_process_total,,True,,,,
v3-main-771601/spring_petclinic_microservices/colocated/NCD/9,pmx,1,PMX_shared_variants,,9.83,derived_binary_build,,,javac 11.0.32,2322880b6447754528e201553bc4e2fac00334b7d6f3ac202cfe1e3742bbbcc6,True,"{""maximum_rss_bytes"": 227565568.0, ""path"": ""build-resource-usage.txt"", ""system_seconds"": 0.32, ""user_seconds"": 7.01, ""wall_seconds"": 9.83}"
v3-main-771601/spring_petclinic_microservices/colocated/NCD/9,pmx,1,PMX_shared_variants,,24.483642211999992,independent_pmx_extraction_process,create_visit,,,,,
v3-main-771601/spring_petclinic_microservices/colocated/NCD/9,pmx,1,PMX_shared_variants,,25.445184092999995,independent_pmx_extraction_process,list_owners,,,,,
v3-main-771601/spring_petclinic_microservices/colocated/NCD/9,pmx,1,PMX_shared_variants,,22.582293848999996,independent_pmx_extraction_process,list_vets,,,,,
v3-main-771601/spring_petclinic_microservices/colocated/NCD/9,pmx,1,PMX_shared_variants,,22.97864029599998,independent_pmx_extraction_process,owner_details_with_visits,,,,,
v3-main-771601/spring_petclinic_microservices/split/N/0,acquisition,1,shared_acquisition,True,2115.694908425,acquisition_and_export_process_total,,,,,,
v3-main-771601/spring_petclinic_microservices/split/N/0,acquisition,1,shared_native_pool,,3.3101260329999604,native_parse,,,,,,
v3-main-771601/spring_petclinic_microservices/split/N/0,graph,1,B0,,0.006072521000000108,identification,,,,,,
v3-main-771601/spring_petclinic_microservices/split/N/0,graph,1,shared_graph_family,,0.17099194800000106,extraction,create_visit,,,,,
v3-main-771601/spring_petclinic_microservices/split/N/0,graph,1,shared_graph_family,,0.002881222999995714,identification,create_visit,,,,,
v3-main-771601/spring_petclinic_microservices/split/N/0,graph,1,shared_graph_family,,0.0015226789999971402,solve,create_visit,,,,,
v3-main-771601/spring_petclinic_microservices/split/N/0,graph,1,G0,,0.00019117600000129187,identification,create_visit,,,,,
v3-main-771601/spring_petclinic_microservices/split/N/0,graph,1,G0,,0.0001096539999991819,solve,create_visit,,,,,
v3-main-771601/spring_petclinic_microservices/split/N/0,graph,1,shared_graph_family,,0.3989782469999952,extraction,list_owners,,,,,
v3-main-771601/spring_petclinic_microservices/split/N/0,graph,1,shared_graph_family,,0.002113557000001265,identification,list_owners,,,,,
v3-main-771601/spring_petclinic_microservices/split/N/0,graph,1,shared_graph_family,,0.00018049600000580313,solve,list_owners,,,,,
v3-main-771601/spring_petclinic_microservices/split/N/0,graph,1,G0,,0.0001638650000046482,identification,list_owners,,,,,
v3-main-771601/spring_petclinic_microservices/split/N/0,graph,1,G0,,8.950599999479891e-05,solve,list_owners,,,,,
v3-main-771601/spring_petclinic_microservices/split/N/0,graph,1,shared_graph_family,,0.055689074999996535,extraction,list_vets,,,,,
v3-main-771601/spring_petclinic_microservices/split/N/0,graph,1,shared_graph_family,,0.001973767000002624,identification,list_vets,,,,,
v3-main-771601/spring_petclinic_microservices/split/N/0,graph,1,shared_graph_family,,0.0001696150000043417,solve,list_vets,,,,,
v3-main-771601/spring_petclinic_microservices/split/N/0,graph,1,G0,,0.00016514699999703453,identification,list_vets,,,,,
v3-main-771601/spring_petclinic_microservices/split/N/0,graph,1,G0,,5.468199999825174e-05,solve,list_vets,,,,,
v3-main-771601/spring_petclinic_microservices/split/N/0,graph,1,shared_graph_family,,0.24956723399999703,extraction,owner_details_with_visits,,,,,
v3-main-771601/spring_petclinic_microservices/split/N/0,graph,1,shared_graph_family,,0.003165901999999221,identification,owner_details_with_visits,,,,,
v3-main-771601/spring_petclinic_microservices/split/N/0,graph,1,shared_graph_family,,0.0027430059999957734,solve,owner_details_with_visits,,,,,
v3-main-771601/spring_petclinic_microservices/split/N/0,graph,1,G0,,0.0002776760000031686,identification,owner_details_with_visits,,,,,
v3-main-771601/spring_petclinic_microservices/split/N/0,graph,1,G0,,0.0001349909999959209,solve,owner_details_with_visits,,,,,
v3-main-771601/spring_petclinic_microservices/split/N/0,pmx,1,PMX_shared_variants,,0.9715934900000036,native_projection,create_visit,,,,,
v3-main-771601/spring_petclinic_microservices/split/N/0,pmx,1,PMX_shared_variants,,3.2943586770000053,native_projection,list_owners,,,,,
v3-main-771601/spring_petclinic_microservices/split/N/0,pmx,1,PMX_shared_variants,,0.6587618320000104,native_projection,list_vets,,,,,
v3-main-771601/spring_petclinic_microservices/split/N/0,pmx,1,PMX_shared_variants,,1.549951422999996,native_projection,owner_details_with_visits,,,,,
v3-main-771601/spring_petclinic_microservices/split/N/0,pmx,1,PMX_shared_variants,,6.901125574000005,input_and_projection_process_total,,True,,,,
v3-main-771601/spring_petclinic_microservices/split/N/0,pmx,1,PMX_shared_variants,,11.6,derived_binary_build,,,javac 11.0.32,2322880b6447754528e201553bc4e2fac00334b7d6f3ac202cfe1e3742bbbcc6,True,"{""maximum_rss_bytes"": 226004992.0, ""path"": ""build-resource-usage.txt"", ""system_seconds"": 0.28, ""user_seconds"": 5.34, ""wall_seconds"": 11.6}"
v3-main-771601/spring_petclinic_microservices/split/N/0,pmx,1,PMX_shared_variants,,24.934684571999995,independent_pmx_extraction_process,create_visit,,,,,
v3-main-771601/spring_petclinic_microservices/split/N/0,pmx,1,PMX_shared_variants,,26.19716421000001,independent_pmx_extraction_process,list_owners,,,,,
v3-main-771601/spring_petclinic_microservices/split/N/0,pmx,1,PMX_shared_variants,,22.130859790000017,independent_pmx_extraction_process,list_vets,,,,,
v3-main-771601/spring_petclinic_microservices/split/N/0,pmx,1,PMX_shared_variants,,22.84000211,independent_pmx_extraction_process,owner_details_with_visits,,,,,
v3-main-771601/spring_petclinic_microservices/split/N/1,acquisition,1,shared_acquisition,True,2115.9501657150004,acquisition_and_export_process_total,,,,,,
v3-main-771601/spring_petclinic_microservices/split/N/1,acquisition,1,shared_native_pool,,3.2952513579998595,native_parse,,,,,,
v3-main-771601/spring_petclinic_microservices/split/N/1,graph,1,B0,,0.0046516019999955915,identification,,,,,,
v3-main-771601/spring_petclinic_microservices/split/N/1,graph,1,shared_graph_family,,0.1230200889999935,extraction,create_visit,,,,,
v3-main-771601/spring_petclinic_microservices/split/N/1,graph,1,shared_graph_family,,0.002315766000002384,identification,create_visit,,,,,
v3-main-771601/spring_petclinic_microservices/split/N/1,graph,1,shared_graph_family,,0.0011256949999989274,solve,create_visit,,,,,
v3-main-771601/spring_petclinic_microservices/split/N/1,graph,1,G0,,0.00014564499999636382,identification,create_visit,,,,,
v3-main-771601/spring_petclinic_microservices/split/N/1,graph,1,G0,,0.00010455500000006168,solve,create_visit,,,,,
v3-main-771601/spring_petclinic_microservices/split/N/1,graph,1,shared_graph_family,,0.23803292199999504,extraction,list_owners,,,,,
v3-main-771601/spring_petclinic_microservices/split/N/1,graph,1,shared_graph_family,,0.0018801209999992352,identification,list_owners,,,,,
v3-main-771601/spring_petclinic_microservices/split/N/1,graph,1,shared_graph_family,,0.00015195499999975937,solve,list_owners,,,,,
v3-main-771601/spring_petclinic_microservices/split/N/1,graph,1,G0,,0.00012594599999715683,identification,list_owners,,,,,
v3-main-771601/spring_petclinic_microservices/split/N/1,graph,1,G0,,8.224200000483961e-05,solve,list_owners,,,,,
v3-main-771601/spring_petclinic_microservices/split/N/1,graph,1,shared_graph_family,,0.03778458599999368,extraction,list_vets,,,,,
v3-main-771601/spring_petclinic_microservices/split/N/1,graph,1,shared_graph_family,,0.0015177449999939086,identification,list_vets,,,,,
v3-main-771601/spring_petclinic_microservices/split/N/1,graph,1,shared_graph_family,,0.0001425009999991289,solve,list_vets,,,,,
v3-main-771601/spring_petclinic_microservices/split/N/1,graph,1,G0,,9.184599999656484e-05,identification,list_vets,,,,,
v3-main-771601/spring_petclinic_microservices/split/N/1,graph,1,G0,,3.653399999592466e-05,solve,list_vets,,,,,
v3-main-771601/spring_petclinic_microservices/split/N/1,graph,1,shared_graph_family,,0.14632900099999802,extraction,owner_details_with_visits,,,,,
v3-main-771601/spring_petclinic_microservices/split/N/1,graph,1,shared_graph_family,,0.002491956000000073,identification,owner_details_with_visits,,,,,
v3-main-771601/spring_petclinic_microservices/split/N/1,graph,1,shared_graph_family,,0.0012736239999995291,solve,owner_details_with_visits,,,,,
v3-main-771601/spring_petclinic_microservices/split/N/1,graph,1,G0,,0.00020126700000133724,identification,owner_details_with_visits,,,,,
v3-main-771601/spring_petclinic_microservices/split/N/1,graph,1,G0,,8.442499999716802e-05,solve,owner_details_with_visits,,,,,
v3-main-771601/spring_petclinic_microservices/split/N/1,pmx,1,PMX_shared_variants,,1.4389416600000118,native_projection,create_visit,,,,,
v3-main-771601/spring_petclinic_microservices/split/N/1,pmx,1,PMX_shared_variants,,4.676661003999982,native_projection,list_owners,,,,,
v3-main-771601/spring_petclinic_microservices/split/N/1,pmx,1,PMX_shared_variants,,0.9679370779999772,native_projection,list_vets,,,,,
v3-main-771601/spring_petclinic_microservices/split/N/1,pmx,1,PMX_shared_variants,,2.1401836659999844,native_projection,owner_details_with_visits,,,,,
v3-main-771601/spring_petclinic_microservices/split/N/1,pmx,1,PMX_shared_variants,,9.76985455800002,input_and_projection_process_total,,True,,,,
v3-main-771601/spring_petclinic_microservices/split/N/1,pmx,1,PMX_shared_variants,,11.15,derived_binary_build,,,javac 11.0.32,2322880b6447754528e201553bc4e2fac00334b7d6f3ac202cfe1e3742bbbcc6,True,"{""maximum_rss_bytes"": 225574912.0, ""path"": ""build-resource-usage.txt"", ""system_seconds"": 0.33, ""user_seconds"": 6.94, ""wall_seconds"": 11.15}"
v3-main-771601/spring_petclinic_microservices/split/N/1,pmx,1,PMX_shared_variants,,24.63662892100001,independent_pmx_extraction_process,create_visit,,,,,
v3-main-771601/spring_petclinic_microservices/split/N/1,pmx,1,PMX_shared_variants,,27.09651420800003,independent_pmx_extraction_process,list_owners,,,,,
v3-main-771601/spring_petclinic_microservices/split/N/1,pmx,1,PMX_shared_variants,,22.58285520300001,independent_pmx_extraction_process,list_vets,,,,,
v3-main-771601/spring_petclinic_microservices/split/N/1,pmx,1,PMX_shared_variants,,23.386371082999972,independent_pmx_extraction_process,owner_details_with_visits,,,,,
v3-main-771601/spring_petclinic_microservices/split/N/2,acquisition,1,shared_acquisition,True,2110.6042983290004,acquisition_and_export_process_total,,,,,,
v3-main-771601/spring_petclinic_microservices/split/N/2,acquisition,1,shared_native_pool,,2.5655110549996607,native_parse,,,,,,
v3-main-771601/spring_petclinic_microservices/split/N/2,graph,1,B0,,0.0059264940000005595,identification,,,,,,
v3-main-771601/spring_petclinic_microservices/split/N/2,graph,1,shared_graph_family,,0.17133353700000242,extraction,create_visit,,,,,
v3-main-771601/spring_petclinic_microservices/split/N/2,graph,1,shared_graph_family,,0.002826513000002251,identification,create_visit,,,,,
v3-main-771601/spring_petclinic_microservices/split/N/2,graph,1,shared_graph_family,,0.0022152869999985114,solve,create_visit,,,,,
v3-main-771601/spring_petclinic_microservices/split/N/2,graph,1,G0,,0.00019533300000063036,identification,create_visit,,,,,
v3-main-771601/spring_petclinic_microservices/split/N/2,graph,1,G0,,0.00010985400000151913,solve,create_visit,,,,,
v3-main-771601/spring_petclinic_microservices/split/N/2,graph,1,shared_graph_family,,0.3431882339999959,extraction,list_owners,,,,,
v3-main-771601/spring_petclinic_microservices/split/N/2,graph,1,shared_graph_family,,0.002174961999998004,identification,list_owners,,,,,
v3-main-771601/spring_petclinic_microservices/split/N/2,graph,1,shared_graph_family,,0.00019069399999693815,solve,list_owners,,,,,
v3-main-771601/spring_petclinic_microservices/split/N/2,graph,1,G0,,0.00017710899999912044,identification,list_owners,,,,,
v3-main-771601/spring_petclinic_microservices/split/N/2,graph,1,G0,,8.668099999908918e-05,solve,list_owners,,,,,
v3-main-771601/spring_petclinic_microservices/split/N/2,graph,1,shared_graph_family,,0.054220811000000424,extraction,list_vets,,,,,
v3-main-771601/spring_petclinic_microservices/split/N/2,graph,1,shared_graph_family,,0.001869673999998156,identification,list_vets,,,,,
v3-main-771601/spring_petclinic_microservices/split/N/2,graph,1,shared_graph_family,,0.00016463599999383405,solve,list_vets,,,,,
v3-main-771601/spring_petclinic_microservices/split/N/2,graph,1,G0,,0.00013150400000228046,identification,list_vets,,,,,
v3-main-771601/spring_petclinic_microservices/split/N/2,graph,1,G0,,4.2039000000215765e-05,solve,list_vets,,,,,
v3-main-771601/spring_petclinic_microservices/split/N/2,graph,1,shared_graph_family,,0.21322404200000022,extraction,owner_details_with_visits,,,,,
v3-main-771601/spring_petclinic_microservices/split/N/2,graph,1,shared_graph_family,,0.0030800440000007256,identification,owner_details_with_visits,,,,,
v3-main-771601/spring_petclinic_microservices/split/N/2,graph,1,shared_graph_family,,0.001669061999997723,solve,owner_details_with_visits,,,,,
v3-main-771601/spring_petclinic_microservices/split/N/2,graph,1,G0,,0.0002432409999997276,identification,owner_details_with_visits,,,,,
v3-main-771601/spring_petclinic_microservices/split/N/2,graph,1,G0,,0.00010843100000101913,solve,owner_details_with_visits,,,,,
v3-main-771601/spring_petclinic_microservices/split/N/2,pmx,1,PMX_shared_variants,,1.652797229999976,native_projection,create_visit,,,,,
v3-main-771601/spring_petclinic_microservices/split/N/2,pmx,1,PMX_shared_variants,,5.537986848999992,native_projection,list_owners,,,,,
v3-main-771601/spring_petclinic_microservices/split/N/2,pmx,1,PMX_shared_variants,,1.1614997549999941,native_projection,list_vets,,,,,
v3-main-771601/spring_petclinic_microservices/split/N/2,pmx,1,PMX_shared_variants,,2.5031243159999974,native_projection,owner_details_with_visits,,,,,
v3-main-771601/spring_petclinic_microservices/split/N/2,pmx,1,PMX_shared_variants,,11.391791337,input_and_projection_process_total,,True,,,,
v3-main-771601/spring_petclinic_microservices/split/N/2,pmx,1,PMX_shared_variants,,8.99,derived_binary_build,,,javac 11.0.32,2322880b6447754528e201553bc4e2fac00334b7d6f3ac202cfe1e3742bbbcc6,True,"{""maximum_rss_bytes"": 227667968.0, ""path"": ""build-resource-usage.txt"", ""system_seconds"": 0.31, ""user_seconds"": 6.67, ""wall_seconds"": 8.99}"
v3-main-771601/spring_petclinic_microservices/split/N/2,pmx,1,PMX_shared_variants,,23.73019094899999,independent_pmx_extraction_process,create_visit,,,,,
v3-main-771601/spring_petclinic_microservices/split/N/2,pmx,1,PMX_shared_variants,,25.595334245000004,independent_pmx_extraction_process,list_owners,,,,,
v3-main-771601/spring_petclinic_microservices/split/N/2,pmx,1,PMX_shared_variants,,22.480650413000006,independent_pmx_extraction_process,list_vets,,,,,
v3-main-771601/spring_petclinic_microservices/split/N/2,pmx,1,PMX_shared_variants,,23.031270825999997,independent_pmx_extraction_process,owner_details_with_visits,,,,,
v3-main-771601/spring_petclinic_microservices/split/N/3,acquisition,1,shared_acquisition,True,2119.237157692,acquisition_and_export_process_total,,,,,,
v3-main-771601/spring_petclinic_microservices/split/N/3,acquisition,1,shared_native_pool,,3.3957239149999623,native_parse,,,,,,
v3-main-771601/spring_petclinic_microservices/split/N/3,graph,1,B0,,0.004800956999993389,identification,,,,,,
v3-main-771601/spring_petclinic_microservices/split/N/3,graph,1,shared_graph_family,,0.11671693800000327,extraction,create_visit,,,,,
v3-main-771601/spring_petclinic_microservices/split/N/3,graph,1,shared_graph_family,,0.002327360999998973,identification,create_visit,,,,,
v3-main-771601/spring_petclinic_microservices/split/N/3,graph,1,shared_graph_family,,0.0016195379999999204,solve,create_visit,,,,,
v3-main-771601/spring_petclinic_microservices/split/N/3,graph,1,G0,,0.0001640720000040119,identification,create_visit,,,,,
v3-main-771601/spring_petclinic_microservices/split/N/3,graph,1,G0,,0.00011617799999896761,solve,create_visit,,,,,
v3-main-771601/spring_petclinic_microservices/split/N/3,graph,1,shared_graph_family,,0.2465195150000028,extraction,list_owners,,,,,
v3-main-771601/spring_petclinic_microservices/split/N/3,graph,1,shared_graph_family,,0.0017187850000013327,identification,list_owners,,,,,
v3-main-771601/spring_petclinic_microservices/split/N/3,graph,1,shared_graph_family,,0.00015931200000096624,solve,list_owners,,,,,
v3-main-771601/spring_petclinic_microservices/split/N/3,graph,1,G0,,0.00013692799999631688,identification,list_owners,,,,,
v3-main-771601/spring_petclinic_microservices/split/N/3,graph,1,G0,,7.96030000032033e-05,solve,list_owners,,,,,
v3-main-771601/spring_petclinic_microservices/split/N/3,graph,1,shared_graph_family,,0.03855204799999967,extraction,list_vets,,,,,
v3-main-771601/spring_petclinic_microservices/split/N/3,graph,1,shared_graph_family,,0.0014816739999972128,identification,list_vets,,,,,
v3-main-771601/spring_petclinic_microservices/split/N/3,graph,1,shared_graph_family,,0.00014298100000331715,solve,list_vets,,,,,
v3-main-771601/spring_petclinic_microservices/split/N/3,graph,1,G0,,9.698999999585567e-05,identification,list_vets,,,,,
v3-main-771601/spring_petclinic_microservices/split/N/3,graph,1,G0,,4.0458000000853644e-05,solve,list_vets,,,,,
v3-main-771601/spring_petclinic_microservices/split/N/3,graph,1,shared_graph_family,,0.1640117920000037,extraction,owner_details_with_visits,,,,,
v3-main-771601/spring_petclinic_microservices/split/N/3,graph,1,shared_graph_family,,0.002734000000003789,identification,owner_details_with_visits,,,,,
v3-main-771601/spring_petclinic_microservices/split/N/3,graph,1,shared_graph_family,,0.0017200919999993403,solve,owner_details_with_visits,,,,,
v3-main-771601/spring_petclinic_microservices/split/N/3,graph,1,G0,,0.0002388640000035025,identification,owner_details_with_visits,,,,,
v3-main-771601/spring_petclinic_microservices/split/N/3,graph,1,G0,,9.470399999855772e-05,solve,owner_details_with_visits,,,,,
v3-main-771601/spring_petclinic_microservices/split/N/3,pmx,1,PMX_shared_variants,,1.6796848700000027,native_projection,create_visit,,,,,
v3-main-771601/spring_petclinic_microservices/split/N/3,pmx,1,PMX_shared_variants,,5.528571625000012,native_projection,list_owners,,,,,
v3-main-771601/spring_petclinic_microservices/split/N/3,pmx,1,PMX_shared_variants,,1.1621243579999998,native_projection,list_vets,,,,,
v3-main-771601/spring_petclinic_microservices/split/N/3,pmx,1,PMX_shared_variants,,2.5300125750000007,native_projection,owner_details_with_visits,,,,,
v3-main-771601/spring_petclinic_microservices/split/N/3,pmx,1,PMX_shared_variants,,11.490134751999989,input_and_projection_process_total,,True,,,,
v3-main-771601/spring_petclinic_microservices/split/N/3,pmx,1,PMX_shared_variants,,8.81,derived_binary_build,,,javac 11.0.32,2322880b6447754528e201553bc4e2fac00334b7d6f3ac202cfe1e3742bbbcc6,True,"{""maximum_rss_bytes"": 228290560.0, ""path"": ""build-resource-usage.txt"", ""system_seconds"": 0.33, ""user_seconds"": 7.06, ""wall_seconds"": 8.81}"
v3-main-771601/spring_petclinic_microservices/split/N/3,pmx,1,PMX_shared_variants,,23.68594041899999,independent_pmx_extraction_process,create_visit,,,,,
v3-main-771601/spring_petclinic_microservices/split/N/3,pmx,1,PMX_shared_variants,,25.693853366,independent_pmx_extraction_process,list_owners,,,,,
v3-main-771601/spring_petclinic_microservices/split/N/3,pmx,1,PMX_shared_variants,,22.775103379,independent_pmx_extraction_process,list_vets,,,,,
v3-main-771601/spring_petclinic_microservices/split/N/3,pmx,1,PMX_shared_variants,,23.283707616000015,independent_pmx_extraction_process,owner_details_with_visits,,,,,
v3-main-771601/spring_petclinic_microservices/split/N/4,acquisition,1,shared_acquisition,True,2115.838884303,acquisition_and_export_process_total,,,,,,
v3-main-771601/spring_petclinic_microservices/split/N/4,acquisition,1,shared_native_pool,,3.3086333739997826,native_parse,,,,,,
v3-main-771601/spring_petclinic_microservices/split/N/4,graph,1,B0,,0.005998120000000995,identification,,,,,,
v3-main-771601/spring_petclinic_microservices/split/N/4,graph,1,shared_graph_family,,0.18706493900000254,extraction,create_visit,,,,,
v3-main-771601/spring_petclinic_microservices/split/N/4,graph,1,shared_graph_family,,0.0029552869999989184,identification,create_visit,,,,,
v3-main-771601/spring_petclinic_microservices/split/N/4,graph,1,shared_graph_family,,0.0018188660000006962,solve,create_visit,,,,,
v3-main-771601/spring_petclinic_microservices/split/N/4,graph,1,G0,,0.0001832969999995271,identification,create_visit,,,,,
v3-main-771601/spring_petclinic_microservices/split/N/4,graph,1,G0,,0.0001397690000004559,solve,create_visit,,,,,
v3-main-771601/spring_petclinic_microservices/split/N/4,graph,1,shared_graph_family,,0.34616283200000453,extraction,list_owners,,,,,
v3-main-771601/spring_petclinic_microservices/split/N/4,graph,1,shared_graph_family,,0.0021055899999993244,identification,list_owners,,,,,
v3-main-771601/spring_petclinic_microservices/split/N/4,graph,1,shared_graph_family,,0.00021767599999833465,solve,list_owners,,,,,
v3-main-771601/spring_petclinic_microservices/split/N/4,graph,1,G0,,0.00016173099999861051,identification,list_owners,,,,,
v3-main-771601/spring_petclinic_microservices/split/N/4,graph,1,G0,,0.00011826099999723283,solve,list_owners,,,,,
v3-main-771601/spring_petclinic_microservices/split/N/4,graph,1,shared_graph_family,,0.055609567000004745,extraction,list_vets,,,,,
v3-main-771601/spring_petclinic_microservices/split/N/4,graph,1,shared_graph_family,,0.0018557550000011247,identification,list_vets,,,,,
v3-main-771601/spring_petclinic_microservices/split/N/4,graph,1,shared_graph_family,,0.00019088599999861344,solve,list_vets,,,,,
v3-main-771601/spring_petclinic_microservices/split/N/4,graph,1,G0,,0.00011757900000475274,identification,list_vets,,,,,
v3-main-771601/spring_petclinic_microservices/split/N/4,graph,1,G0,,4.672699999730412e-05,solve,list_vets,,,,,
v3-main-771601/spring_petclinic_microservices/split/N/4,graph,1,shared_graph_family,,0.2187824449999951,extraction,owner_details_with_visits,,,,,
v3-main-771601/spring_petclinic_microservices/split/N/4,graph,1,shared_graph_family,,0.0030992200000028447,identification,owner_details_with_visits,,,,,
v3-main-771601/spring_petclinic_microservices/split/N/4,graph,1,shared_graph_family,,0.0017846930000047223,solve,owner_details_with_visits,,,,,
v3-main-771601/spring_petclinic_microservices/split/N/4,graph,1,G0,,0.00024226099999680173,identification,owner_details_with_visits,,,,,
v3-main-771601/spring_petclinic_microservices/split/N/4,graph,1,G0,,0.00012593400000326938,solve,owner_details_with_visits,,,,,
v3-main-771601/spring_petclinic_microservices/split/N/4,pmx,1,PMX_shared_variants,,0.912012844000003,native_projection,create_visit,,,,,
v3-main-771601/spring_petclinic_microservices/split/N/4,pmx,1,PMX_shared_variants,,3.102782120999997,native_projection,list_owners,,,,,
v3-main-771601/spring_petclinic_microservices/split/N/4,pmx,1,PMX_shared_variants,,0.6108246090000051,native_projection,list_vets,,,,,
v3-main-771601/spring_petclinic_microservices/split/N/4,pmx,1,PMX_shared_variants,,1.451471742999999,native_projection,owner_details_with_visits,,,,,
v3-main-771601/spring_petclinic_microservices/split/N/4,pmx,1,PMX_shared_variants,,6.4115589080000035,input_and_projection_process_total,,True,,,,
v3-main-771601/spring_petclinic_microservices/split/N/4,pmx,1,PMX_shared_variants,,5.81,derived_binary_build,,,javac 11.0.32,2322880b6447754528e201553bc4e2fac00334b7d6f3ac202cfe1e3742bbbcc6,True,"{""maximum_rss_bytes"": 225705984.0, ""path"": ""build-resource-usage.txt"", ""system_seconds"": 0.23, ""user_seconds"": 4.26, ""wall_seconds"": 5.81}"
v3-main-771601/spring_petclinic_microservices/split/N/4,pmx,1,PMX_shared_variants,,23.175730605,independent_pmx_extraction_process,create_visit,,,,,
v3-main-771601/spring_petclinic_microservices/split/N/4,pmx,1,PMX_shared_variants,,23.237586464000003,independent_pmx_extraction_process,list_owners,,,,,
v3-main-771601/spring_petclinic_microservices/split/N/4,pmx,1,PMX_shared_variants,,21.625247287999983,independent_pmx_extraction_process,list_vets,,,,,
v3-main-771601/spring_petclinic_microservices/split/N/4,pmx,1,PMX_shared_variants,,21.975787370999996,independent_pmx_extraction_process,owner_details_with_visits,,,,,
v3-main-771601/spring_petclinic_microservices/split/N/5,acquisition,1,shared_acquisition,True,2113.234462337,acquisition_and_export_process_total,,,,,,
v3-main-771601/spring_petclinic_microservices/split/N/5,acquisition,1,shared_native_pool,,3.3032539840000936,native_parse,,,,,,
v3-main-771601/spring_petclinic_microservices/split/N/5,graph,1,B0,,0.0044757510000010825,identification,,,,,,
v3-main-771601/spring_petclinic_microservices/split/N/5,graph,1,shared_graph_family,,0.12896911900000418,extraction,create_visit,,,,,
v3-main-771601/spring_petclinic_microservices/split/N/5,graph,1,shared_graph_family,,0.0022326929999962886,identification,create_visit,,,,,
v3-main-771601/spring_petclinic_microservices/split/N/5,graph,1,shared_graph_family,,0.001170901999984153,solve,create_visit,,,,,
v3-main-771601/spring_petclinic_microservices/split/N/5,graph,1,G0,,0.000147567999988496,identification,create_visit,,,,,
v3-main-771601/spring_petclinic_microservices/split/N/5,graph,1,G0,,0.00010224100000755243,solve,create_visit,,,,,
v3-main-771601/spring_petclinic_microservices/split/N/5,graph,1,shared_graph_family,,0.23513914699998395,extraction,list_owners,,,,,
v3-main-771601/spring_petclinic_microservices/split/N/5,graph,1,shared_graph_family,,0.0016506110000023,identification,list_owners,,,,,
v3-main-771601/spring_petclinic_microservices/split/N/5,graph,1,shared_graph_family,,0.00015644100000145045,solve,list_owners,,,,,
v3-main-771601/spring_petclinic_microservices/split/N/5,graph,1,G0,,0.00013281699997946816,identification,list_owners,,,,,
v3-main-771601/spring_petclinic_microservices/split/N/5,graph,1,G0,,8.783999999195657e-05,solve,list_owners,,,,,
v3-main-771601/spring_petclinic_microservices/split/N/5,graph,1,shared_graph_family,,0.0378484629999889,extraction,list_vets,,,,,
v3-main-771601/spring_petclinic_microservices/split/N/5,graph,1,shared_graph_family,,0.001530573999986018,identification,list_vets,,,,,
v3-main-771601/spring_petclinic_microservices/split/N/5,graph,1,shared_graph_family,,0.00014577500002133092,solve,list_vets,,,,,
v3-main-771601/spring_petclinic_microservices/split/N/5,graph,1,G0,,9.960799999930714e-05,identification,list_vets,,,,,
v3-main-771601/spring_petclinic_microservices/split/N/5,graph,1,G0,,3.681499998720028e-05,solve,list_vets,,,,,
v3-main-771601/spring_petclinic_microservices/split/N/5,graph,1,shared_graph_family,,0.1482390369999962,extraction,owner_details_with_visits,,,,,
v3-main-771601/spring_petclinic_microservices/split/N/5,graph,1,shared_graph_family,,0.002443013999993582,identification,owner_details_with_visits,,,,,
v3-main-771601/spring_petclinic_microservices/split/N/5,graph,1,shared_graph_family,,0.0012485569999967083,solve,owner_details_with_visits,,,,,
v3-main-771601/spring_petclinic_microservices/split/N/5,graph,1,G0,,0.00019321599998534111,identification,owner_details_with_visits,,,,,
v3-main-771601/spring_petclinic_microservices/split/N/5,graph,1,G0,,0.00013104399999974703,solve,owner_details_with_visits,,,,,
v3-main-771601/spring_petclinic_microservices/split/N/5,pmx,1,PMX_shared_variants,,1.6612961840000082,native_projection,create_visit,,,,,
v3-main-771601/spring_petclinic_microservices/split/N/5,pmx,1,PMX_shared_variants,,5.510013579000002,native_projection,list_owners,,,,,
v3-main-771601/spring_petclinic_microservices/split/N/5,pmx,1,PMX_shared_variants,,1.1486971710000091,native_projection,list_vets,,,,,
v3-main-771601/spring_petclinic_microservices/split/N/5,pmx,1,PMX_shared_variants,,2.5468298929999946,native_projection,owner_details_with_visits,,,,,
v3-main-771601/spring_petclinic_microservices/split/N/5,pmx,1,PMX_shared_variants,,11.443230709999995,input_and_projection_process_total,,True,,,,
v3-main-771601/spring_petclinic_microservices/split/N/5,pmx,1,PMX_shared_variants,,8.76,derived_binary_build,,,javac 11.0.32,2322880b6447754528e201553bc4e2fac00334b7d6f3ac202cfe1e3742bbbcc6,True,"{""maximum_rss_bytes"": 227725312.0, ""path"": ""build-resource-usage.txt"", ""system_seconds"": 0.3, ""user_seconds"": 6.9, ""wall_seconds"": 8.76}"
v3-main-771601/spring_petclinic_microservices/split/N/5,pmx,1,PMX_shared_variants,,24.032645326999955,independent_pmx_extraction_process,create_visit,,,,,
v3-main-771601/spring_petclinic_microservices/split/N/5,pmx,1,PMX_shared_variants,,26.003329581999992,independent_pmx_extraction_process,list_owners,,,,,
v3-main-771601/spring_petclinic_microservices/split/N/5,pmx,1,PMX_shared_variants,,22.729783370999996,independent_pmx_extraction_process,list_vets,,,,,
v3-main-771601/spring_petclinic_microservices/split/N/5,pmx,1,PMX_shared_variants,,23.231584584000018,independent_pmx_extraction_process,owner_details_with_visits,,,,,
v3-main-771601/spring_petclinic_microservices/split/N/6,acquisition,1,shared_acquisition,True,2119.671838676,acquisition_and_export_process_total,,,,,,
v3-main-771601/spring_petclinic_microservices/split/N/6,acquisition,1,shared_native_pool,,3.508021357999951,native_parse,,,,,,
v3-main-771601/spring_petclinic_microservices/split/N/6,graph,1,B0,,0.003192486999999744,identification,,,,,,
v3-main-771601/spring_petclinic_microservices/split/N/6,graph,1,shared_graph_family,,0.09890196700000331,extraction,create_visit,,,,,
v3-main-771601/spring_petclinic_microservices/split/N/6,graph,1,shared_graph_family,,0.0016409099999989962,identification,create_visit,,,,,
v3-main-771601/spring_petclinic_microservices/split/N/6,graph,1,shared_graph_family,,0.0010275199999938422,solve,create_visit,,,,,
v3-main-771601/spring_petclinic_microservices/split/N/6,graph,1,G0,,0.00012446899999929428,identification,create_visit,,,,,
v3-main-771601/spring_petclinic_microservices/split/N/6,graph,1,G0,,9.015700000247762e-05,solve,create_visit,,,,,
v3-main-771601/spring_petclinic_microservices/split/N/6,graph,1,shared_graph_family,,0.18063102800000053,extraction,list_owners,,,,,
v3-main-771601/spring_petclinic_microservices/split/N/6,graph,1,shared_graph_family,,0.0017623839999956203,identification,list_owners,,,,,
v3-main-771601/spring_petclinic_microservices/split/N/6,graph,1,shared_graph_family,,0.00013399300000571657,solve,list_owners,,,,,
v3-main-771601/spring_petclinic_microservices/split/N/6,graph,1,G0,,0.00010195400000156951,identification,list_owners,,,,,
v3-main-771601/spring_petclinic_microservices/split/N/6,graph,1,G0,,6.72119999975962e-05,solve,list_owners,,,,,
v3-main-771601/spring_petclinic_microservices/split/N/6,graph,1,shared_graph_family,,0.029164823000002116,extraction,list_vets,,,,,
v3-main-771601/spring_petclinic_microservices/split/N/6,graph,1,shared_graph_family,,0.0010897940000020867,identification,list_vets,,,,,
v3-main-771601/spring_petclinic_microservices/split/N/6,graph,1,shared_graph_family,,0.00010480899999976145,solve,list_vets,,,,,
v3-main-771601/spring_petclinic_microservices/split/N/6,graph,1,G0,,7.024700000357598e-05,identification,list_vets,,,,,
v3-main-771601/spring_petclinic_microservices/split/N/6,graph,1,G0,,3.1878000001484e-05,solve,list_vets,,,,,
v3-main-771601/spring_petclinic_microservices/split/N/6,graph,1,shared_graph_family,,0.11562135600000545,extraction,owner_details_with_visits,,,,,
v3-main-771601/spring_petclinic_microservices/split/N/6,graph,1,shared_graph_family,,0.0017637059999984217,identification,owner_details_with_visits,,,,,
v3-main-771601/spring_petclinic_microservices/split/N/6,graph,1,shared_graph_family,,0.0010632340000000795,solve,owner_details_with_visits,,,,,
v3-main-771601/spring_petclinic_microservices/split/N/6,graph,1,G0,,0.00015031899999939924,identification,owner_details_with_visits,,,,,
v3-main-771601/spring_petclinic_microservices/split/N/6,graph,1,G0,,7.475299999981644e-05,solve,owner_details_with_visits,,,,,
v3-main-771601/spring_petclinic_microservices/split/N/6,pmx,1,PMX_shared_variants,,1.6787110560000116,native_projection,create_visit,,,,,
v3-main-771601/spring_petclinic_microservices/split/N/6,pmx,1,PMX_shared_variants,,5.556253923999989,native_projection,list_owners,,,,,
v3-main-771601/spring_petclinic_microservices/split/N/6,pmx,1,PMX_shared_variants,,1.1756143850000171,native_projection,list_vets,,,,,
v3-main-771601/spring_petclinic_microservices/split/N/6,pmx,1,PMX_shared_variants,,2.5328473829999893,native_projection,owner_details_with_visits,,,,,
v3-main-771601/spring_petclinic_microservices/split/N/6,pmx,1,PMX_shared_variants,,11.543760041000013,input_and_projection_process_total,,True,,,,
v3-main-771601/spring_petclinic_microservices/split/N/6,pmx,1,PMX_shared_variants,,7.21,derived_binary_build,,,javac 11.0.32,2322880b6447754528e201553bc4e2fac00334b7d6f3ac202cfe1e3742bbbcc6,True,"{""maximum_rss_bytes"": 227753984.0, ""path"": ""build-resource-usage.txt"", ""system_seconds"": 0.29, ""user_seconds"": 7.03, ""wall_seconds"": 7.21}"
v3-main-771601/spring_petclinic_microservices/split/N/6,pmx,1,PMX_shared_variants,,23.182311150000004,independent_pmx_extraction_process,create_visit,,,,,
v3-main-771601/spring_petclinic_microservices/split/N/6,pmx,1,PMX_shared_variants,,25.540253984000003,independent_pmx_extraction_process,list_owners,,,,,
v3-main-771601/spring_petclinic_microservices/split/N/6,pmx,1,PMX_shared_variants,,22.474735600999992,independent_pmx_extraction_process,list_vets,,,,,
v3-main-771601/spring_petclinic_microservices/split/N/6,pmx,1,PMX_shared_variants,,23.24156856799999,independent_pmx_extraction_process,owner_details_with_visits,,,,,
v3-main-771601/spring_petclinic_microservices/split/N/7,acquisition,1,shared_acquisition,True,2120.7917134279996,acquisition_and_export_process_total,,,,,,
v3-main-771601/spring_petclinic_microservices/split/N/7,acquisition,1,shared_native_pool,,3.3546741269997256,native_parse,,,,,,
v3-main-771601/spring_petclinic_microservices/split/N/7,graph,1,B0,,0.0043401490000007925,identification,,,,,,
v3-main-771601/spring_petclinic_microservices/split/N/7,graph,1,shared_graph_family,,0.10723227200000451,extraction,create_visit,,,,,
v3-main-771601/spring_petclinic_microservices/split/N/7,graph,1,shared_graph_family,,0.0020637349999930166,identification,create_visit,,,,,
v3-main-771601/spring_petclinic_microservices/split/N/7,graph,1,shared_graph_family,,0.001320731999996383,solve,create_visit,,,,,
v3-main-771601/spring_petclinic_microservices/split/N/7,graph,1,G0,,0.0001467550000029405,identification,create_visit,,,,,
v3-main-771601/spring_petclinic_microservices/split/N/7,graph,1,G0,,0.00011793600000942206,solve,create_visit,,,,,
v3-main-771601/spring_petclinic_microservices/split/N/7,graph,1,shared_graph_family,,0.21853122299999939,extraction,list_owners,,,,,
v3-main-771601/spring_petclinic_microservices/split/N/7,graph,1,shared_graph_family,,0.0015239909999991141,identification,list_owners,,,,,
v3-main-771601/spring_petclinic_microservices/split/N/7,graph,1,shared_graph_family,,0.00013427899999385318,solve,list_owners,,,,,
v3-main-771601/spring_petclinic_microservices/split/N/7,graph,1,G0,,0.00012229300000399235,identification,list_owners,,,,,
v3-main-771601/spring_petclinic_microservices/split/N/7,graph,1,G0,,7.377100000383052e-05,solve,list_owners,,,,,
v3-main-771601/spring_petclinic_microservices/split/N/7,graph,1,shared_graph_family,,0.03420690000000093,extraction,list_vets,,,,,
v3-main-771601/spring_petclinic_microservices/split/N/7,graph,1,shared_graph_family,,0.0013171509999949649,identification,list_vets,,,,,
v3-main-771601/spring_petclinic_microservices/split/N/7,graph,1,shared_graph_family,,0.0001235579999985248,solve,list_vets,,,,,
v3-main-771601/spring_petclinic_microservices/split/N/7,graph,1,G0,,8.801600000651888e-05,identification,list_vets,,,,,
v3-main-771601/spring_petclinic_microservices/split/N/7,graph,1,G0,,3.6948000001757464e-05,solve,list_vets,,,,,
v3-main-771601/spring_petclinic_microservices/split/N/7,graph,1,shared_graph_family,,0.14047989700000585,extraction,owner_details_with_visits,,,,,
v3-main-771601/spring_petclinic_microservices/split/N/7,graph,1,shared_graph_family,,0.002227326000010521,identification,owner_details_with_visits,,,,,
v3-main-771601/spring_petclinic_microservices/split/N/7,graph,1,shared_graph_family,,0.0012109799999961979,solve,owner_details_with_visits,,,,,
v3-main-771601/spring_petclinic_microservices/split/N/7,graph,1,G0,,0.00017878599999221478,identification,owner_details_with_visits,,,,,
v3-main-771601/spring_petclinic_microservices/split/N/7,graph,1,G0,,8.379899999511053e-05,solve,owner_details_with_visits,,,,,
v3-main-771601/spring_petclinic_microservices/split/N/7,pmx,1,PMX_shared_variants,,1.6110845400000073,native_projection,create_visit,,,,,
v3-main-771601/spring_petclinic_microservices/split/N/7,pmx,1,PMX_shared_variants,,5.452377093000024,native_projection,list_owners,,,,,
v3-main-771601/spring_petclinic_microservices/split/N/7,pmx,1,PMX_shared_variants,,1.1238767460000076,native_projection,list_vets,,,,,
v3-main-771601/spring_petclinic_microservices/split/N/7,pmx,1,PMX_shared_variants,,2.4380948820000015,native_projection,owner_details_with_visits,,,,,
v3-main-771601/spring_petclinic_microservices/split/N/7,pmx,1,PMX_shared_variants,,11.164508078000011,input_and_projection_process_total,,True,,,,
v3-main-771601/spring_petclinic_microservices/split/N/7,pmx,1,PMX_shared_variants,,12.25,derived_binary_build,,,javac 11.0.32,2322880b6447754528e201553bc4e2fac00334b7d6f3ac202cfe1e3742bbbcc6,True,"{""maximum_rss_bytes"": 228151296.0, ""path"": ""build-resource-usage.txt"", ""system_seconds"": 0.31, ""user_seconds"": 6.8, ""wall_seconds"": 12.25}"
v3-main-771601/spring_petclinic_microservices/split/N/7,pmx,1,PMX_shared_variants,,23.882646676000007,independent_pmx_extraction_process,create_visit,,,,,
v3-main-771601/spring_petclinic_microservices/split/N/7,pmx,1,PMX_shared_variants,,25.49024430900002,independent_pmx_extraction_process,list_owners,,,,,
v3-main-771601/spring_petclinic_microservices/split/N/7,pmx,1,PMX_shared_variants,,22.579395022,independent_pmx_extraction_process,list_vets,,,,,
v3-main-771601/spring_petclinic_microservices/split/N/7,pmx,1,PMX_shared_variants,,23.12792369600001,independent_pmx_extraction_process,owner_details_with_visits,,,,,
v3-main-771601/spring_petclinic_microservices/split/N/8,acquisition,1,shared_acquisition,True,2121.4131241940004,acquisition_and_export_process_total,,,,,,
v3-main-771601/spring_petclinic_microservices/split/N/8,acquisition,1,shared_native_pool,,3.3862605869999243,native_parse,,,,,,
v3-main-771601/spring_petclinic_microservices/split/N/8,graph,1,B0,,0.005995377999994389,identification,,,,,,
v3-main-771601/spring_petclinic_microservices/split/N/8,graph,1,shared_graph_family,,0.1708039890000066,extraction,create_visit,,,,,
v3-main-771601/spring_petclinic_microservices/split/N/8,graph,1,shared_graph_family,,0.0029455170000005637,identification,create_visit,,,,,
v3-main-771601/spring_petclinic_microservices/split/N/8,graph,1,shared_graph_family,,0.0019444429999850854,solve,create_visit,,,,,
v3-main-771601/spring_petclinic_microservices/split/N/8,graph,1,G0,,0.00019337500000915497,identification,create_visit,,,,,
v3-main-771601/spring_petclinic_microservices/split/N/8,graph,1,G0,,0.00013056200000960416,solve,create_visit,,,,,
v3-main-771601/spring_petclinic_microservices/split/N/8,graph,1,shared_graph_family,,0.30330625900000996,extraction,list_owners,,,,,
v3-main-771601/spring_petclinic_microservices/split/N/8,graph,1,shared_graph_family,,0.0022352220000243506,identification,list_owners,,,,,
v3-main-771601/spring_petclinic_microservices/split/N/8,graph,1,shared_graph_family,,0.00019609800000353061,solve,list_owners,,,,,
v3-main-771601/spring_petclinic_microservices/split/N/8,graph,1,G0,,0.0001862139999957435,identification,list_owners,,,,,
v3-main-771601/spring_petclinic_microservices/split/N/8,graph,1,G0,,0.0001284690000034061,solve,list_owners,,,,,
v3-main-771601/spring_petclinic_microservices/split/N/8,graph,1,shared_graph_family,,0.04898767800000314,extraction,list_vets,,,,,
v3-main-771601/spring_petclinic_microservices/split/N/8,graph,1,shared_graph_family,,0.0019255859999987024,identification,list_vets,,,,,
v3-main-771601/spring_petclinic_microservices/split/N/8,graph,1,shared_graph_family,,0.00018008500001087668,solve,list_vets,,,,,
v3-main-771601/spring_petclinic_microservices/split/N/8,graph,1,G0,,0.00012133900000321773,identification,list_vets,,,,,
v3-main-771601/spring_petclinic_microservices/split/N/8,graph,1,G0,,4.597800000283314e-05,solve,list_vets,,,,,
v3-main-771601/spring_petclinic_microservices/split/N/8,graph,1,shared_graph_family,,0.18976349800001913,extraction,owner_details_with_visits,,,,,
v3-main-771601/spring_petclinic_microservices/split/N/8,graph,1,shared_graph_family,,0.003158232000004091,identification,owner_details_with_visits,,,,,
v3-main-771601/spring_petclinic_microservices/split/N/8,graph,1,shared_graph_family,,0.001796065999997154,solve,owner_details_with_visits,,,,,
v3-main-771601/spring_petclinic_microservices/split/N/8,graph,1,G0,,0.00025666800001999945,identification,owner_details_with_visits,,,,,
v3-main-771601/spring_petclinic_microservices/split/N/8,graph,1,G0,,0.00013056299999902876,solve,owner_details_with_visits,,,,,
v3-main-771601/spring_petclinic_microservices/split/N/8,pmx,1,PMX_shared_variants,,1.6710485979999987,native_projection,create_visit,,,,,
v3-main-771601/spring_petclinic_microservices/split/N/8,pmx,1,PMX_shared_variants,,5.69345899599999,native_projection,list_owners,,,,,
v3-main-771601/spring_petclinic_microservices/split/N/8,pmx,1,PMX_shared_variants,,1.175662336000002,native_projection,list_vets,,,,,
v3-main-771601/spring_petclinic_microservices/split/N/8,pmx,1,PMX_shared_variants,,2.601191545000006,native_projection,owner_details_with_visits,,,,,
v3-main-771601/spring_petclinic_microservices/split/N/8,pmx,1,PMX_shared_variants,,11.696577070000004,input_and_projection_process_total,,True,,,,
v3-main-771601/spring_petclinic_microservices/split/N/8,pmx,1,PMX_shared_variants,,7.09,derived_binary_build,,,javac 11.0.32,2322880b6447754528e201553bc4e2fac00334b7d6f3ac202cfe1e3742bbbcc6,True,"{""maximum_rss_bytes"": 227696640.0, ""path"": ""build-resource-usage.txt"", ""system_seconds"": 0.32, ""user_seconds"": 6.88, ""wall_seconds"": 7.09}"
v3-main-771601/spring_petclinic_microservices/split/N/8,pmx,1,PMX_shared_variants,,23.736213475000014,independent_pmx_extraction_process,create_visit,,,,,
v3-main-771601/spring_petclinic_microservices/split/N/8,pmx,1,PMX_shared_variants,,25.994885873,independent_pmx_extraction_process,list_owners,,,,,
v3-main-771601/spring_petclinic_microservices/split/N/8,pmx,1,PMX_shared_variants,,22.637775222000016,independent_pmx_extraction_process,list_vets,,,,,
v3-main-771601/spring_petclinic_microservices/split/N/8,pmx,1,PMX_shared_variants,,23.234365560000015,independent_pmx_extraction_process,owner_details_with_visits,,,,,
v3-main-771601/spring_petclinic_microservices/split/N/9,acquisition,1,shared_acquisition,True,2119.185763503,acquisition_and_export_process_total,,,,,,
v3-main-771601/spring_petclinic_microservices/split/N/9,acquisition,1,shared_native_pool,,3.427066502999878,native_parse,,,,,,
v3-main-771601/spring_petclinic_microservices/split/N/9,graph,1,B0,,0.005329344000003289,identification,,,,,,
v3-main-771601/spring_petclinic_microservices/split/N/9,graph,1,shared_graph_family,,0.1505910399999948,extraction,create_visit,,,,,
v3-main-771601/spring_petclinic_microservices/split/N/9,graph,1,shared_graph_family,,0.0024278920000000426,identification,create_visit,,,,,
v3-main-771601/spring_petclinic_microservices/split/N/9,graph,1,shared_graph_family,,0.0015838329999979806,solve,create_visit,,,,,
v3-main-771601/spring_petclinic_microservices/split/N/9,graph,1,G0,,0.00016927000000066528,identification,create_visit,,,,,
v3-main-771601/spring_petclinic_microservices/split/N/9,graph,1,G0,,0.00014578500000084205,solve,create_visit,,,,,
v3-main-771601/spring_petclinic_microservices/split/N/9,graph,1,shared_graph_family,,0.25042698400000063,extraction,list_owners,,,,,
v3-main-771601/spring_petclinic_microservices/split/N/9,graph,1,shared_graph_family,,0.0018515889999974888,identification,list_owners,,,,,
v3-main-771601/spring_petclinic_microservices/split/N/9,graph,1,shared_graph_family,,0.00016776900000081696,solve,list_owners,,,,,
v3-main-771601/spring_petclinic_microservices/split/N/9,graph,1,G0,,0.0001353000000037241,identification,list_owners,,,,,
v3-main-771601/spring_petclinic_microservices/split/N/9,graph,1,G0,,8.097899999626179e-05,solve,list_owners,,,,,
v3-main-771601/spring_petclinic_microservices/split/N/9,graph,1,shared_graph_family,,0.038921438999999225,extraction,list_vets,,,,,
v3-main-771601/spring_petclinic_microservices/split/N/9,graph,1,shared_graph_family,,0.0015225029999967887,identification,list_vets,,,,,
v3-main-771601/spring_petclinic_microservices/split/N/9,graph,1,shared_graph_family,,0.0001354699999964737,solve,list_vets,,,,,
v3-main-771601/spring_petclinic_microservices/split/N/9,graph,1,G0,,8.85410000037723e-05,identification,list_vets,,,,,
v3-main-771601/spring_petclinic_microservices/split/N/9,graph,1,G0,,3.25579999937986e-05,solve,list_vets,,,,,
v3-main-771601/spring_petclinic_microservices/split/N/9,graph,1,shared_graph_family,,0.1553086789999938,extraction,owner_details_with_visits,,,,,
v3-main-771601/spring_petclinic_microservices/split/N/9,graph,1,shared_graph_family,,0.0025220610000005195,identification,owner_details_with_visits,,,,,
v3-main-771601/spring_petclinic_microservices/split/N/9,graph,1,shared_graph_family,,0.0012998230000036415,solve,owner_details_with_visits,,,,,
v3-main-771601/spring_petclinic_microservices/split/N/9,graph,1,G0,,0.00019947499999517504,identification,owner_details_with_visits,,,,,
v3-main-771601/spring_petclinic_microservices/split/N/9,graph,1,G0,,9.106499999944617e-05,solve,owner_details_with_visits,,,,,
v3-main-771601/spring_petclinic_microservices/split/N/9,pmx,1,PMX_shared_variants,,1.2625025880000038,native_projection,create_visit,,,,,
v3-main-771601/spring_petclinic_microservices/split/N/9,pmx,1,PMX_shared_variants,,4.415219581000002,native_projection,list_owners,,,,,
v3-main-771601/spring_petclinic_microservices/split/N/9,pmx,1,PMX_shared_variants,,0.8986818500000027,native_projection,list_vets,,,,,
v3-main-771601/spring_petclinic_microservices/split/N/9,pmx,1,PMX_shared_variants,,2.066270552000006,native_projection,owner_details_with_visits,,,,,
v3-main-771601/spring_petclinic_microservices/split/N/9,pmx,1,PMX_shared_variants,,9.104856394000002,input_and_projection_process_total,,True,,,,
v3-main-771601/spring_petclinic_microservices/split/N/9,pmx,1,PMX_shared_variants,,10.89,derived_binary_build,,,javac 11.0.32,2322880b6447754528e201553bc4e2fac00334b7d6f3ac202cfe1e3742bbbcc6,True,"{""maximum_rss_bytes"": 225701888.0, ""path"": ""build-resource-usage.txt"", ""system_seconds"": 0.27, ""user_seconds"": 5.58, ""wall_seconds"": 10.89}"
v3-main-771601/spring_petclinic_microservices/split/N/9,pmx,1,PMX_shared_variants,,23.978644774000003,independent_pmx_extraction_process,create_visit,,,,,
v3-main-771601/spring_petclinic_microservices/split/N/9,pmx,1,PMX_shared_variants,,24.53764570899999,independent_pmx_extraction_process,list_owners,,,,,
v3-main-771601/spring_petclinic_microservices/split/N/9,pmx,1,PMX_shared_variants,,22.027105355000003,independent_pmx_extraction_process,list_vets,,,,,
v3-main-771601/spring_petclinic_microservices/split/N/9,pmx,1,PMX_shared_variants,,22.433278150000007,independent_pmx_extraction_process,owner_details_with_visits,,,,,
v3-main-771601/spring_petclinic_microservices/split/NC/0,acquisition,1,shared_acquisition,True,2116.4206970170003,acquisition_and_export_process_total,,,,,,
v3-main-771601/spring_petclinic_microservices/split/NC/0,acquisition,1,shared_native_pool,,3.394578879999699,native_parse,,,,,,
v3-main-771601/spring_petclinic_microservices/split/NC/0,graph,1,B0,,0.006030774999999267,identification,,,,,,
v3-main-771601/spring_petclinic_microservices/split/NC/0,graph,1,shared_graph_family,,0.17053675199999674,extraction,create_visit,,,,,
v3-main-771601/spring_petclinic_microservices/split/NC/0,graph,1,shared_graph_family,,0.0030087299999976835,identification,create_visit,,,,,
v3-main-771601/spring_petclinic_microservices/split/NC/0,graph,1,shared_graph_family,,0.00257603600000067,solve,create_visit,,,,,
v3-main-771601/spring_petclinic_microservices/split/NC/0,graph,1,G0,,0.00019208700000206136,identification,create_visit,,,,,
v3-main-771601/spring_petclinic_microservices/split/NC/0,graph,1,G0,,0.00013585299999618883,solve,create_visit,,,,,
v3-main-771601/spring_petclinic_microservices/split/NC/0,graph,1,shared_graph_family,,0.3522534140000033,extraction,list_owners,,,,,
v3-main-771601/spring_petclinic_microservices/split/NC/0,graph,1,shared_graph_family,,0.002255069000000276,identification,list_owners,,,,,
v3-main-771601/spring_petclinic_microservices/split/NC/0,graph,1,shared_graph_family,,0.00018920099999775175,solve,list_owners,,,,,
v3-main-771601/spring_petclinic_microservices/split/NC/0,graph,1,G0,,0.00019139500000164844,identification,list_owners,,,,,
v3-main-771601/spring_petclinic_microservices/split/NC/0,graph,1,G0,,0.00011749800000160349,solve,list_owners,,,,,
v3-main-771601/spring_petclinic_microservices/split/NC/0,graph,1,shared_graph_family,,0.05683015099999977,extraction,list_vets,,,,,
v3-main-771601/spring_petclinic_microservices/split/NC/0,graph,1,shared_graph_family,,0.001994855999996048,identification,list_vets,,,,,
v3-main-771601/spring_petclinic_microservices/split/NC/0,graph,1,shared_graph_family,,0.00018055500000002667,solve,list_vets,,,,,
v3-main-771601/spring_petclinic_microservices/split/NC/0,graph,1,G0,,0.00012428100000505538,identification,list_vets,,,,,
v3-main-771601/spring_petclinic_microservices/split/NC/0,graph,1,G0,,4.784900000487369e-05,solve,list_vets,,,,,
v3-main-771601/spring_petclinic_microservices/split/NC/0,graph,1,shared_graph_family,,0.21649460500000117,extraction,owner_details_with_visits,,,,,
v3-main-771601/spring_petclinic_microservices/split/NC/0,graph,1,shared_graph_family,,0.003274722999996982,identification,owner_details_with_visits,,,,,
v3-main-771601/spring_petclinic_microservices/split/NC/0,graph,1,shared_graph_family,,0.002490848000000767,solve,owner_details_with_visits,,,,,
v3-main-771601/spring_petclinic_microservices/split/NC/0,graph,1,G0,,0.0002601740000045538,identification,owner_details_with_visits,,,,,
v3-main-771601/spring_petclinic_microservices/split/NC/0,graph,1,G0,,0.00012755699999900116,solve,owner_details_with_visits,,,,,
v3-main-771601/spring_petclinic_microservices/split/NC/0,pmx,1,PMX_shared_variants,,0.9239904780000074,native_projection,create_visit,,,,,
v3-main-771601/spring_petclinic_microservices/split/NC/0,pmx,1,PMX_shared_variants,,3.1939308629999914,native_projection,list_owners,,,,,
v3-main-771601/spring_petclinic_microservices/split/NC/0,pmx,1,PMX_shared_variants,,0.6440698659999953,native_projection,list_vets,,,,,
v3-main-771601/spring_petclinic_microservices/split/NC/0,pmx,1,PMX_shared_variants,,1.4828356160000027,native_projection,owner_details_with_visits,,,,,
v3-main-771601/spring_petclinic_microservices/split/NC/0,pmx,1,PMX_shared_variants,,6.652557017999996,input_and_projection_process_total,,True,,,,
v3-main-771601/spring_petclinic_microservices/split/NC/0,pmx,1,PMX_shared_variants,,9.56,derived_binary_build,,,javac 11.0.32,2322880b6447754528e201553bc4e2fac00334b7d6f3ac202cfe1e3742bbbcc6,True,"{""maximum_rss_bytes"": 225656832.0, ""path"": ""build-resource-usage.txt"", ""system_seconds"": 0.28, ""user_seconds"": 5.34, ""wall_seconds"": 9.56}"
v3-main-771601/spring_petclinic_microservices/split/NC/0,pmx,1,PMX_shared_variants,,25.086912154000004,independent_pmx_extraction_process,create_visit,,,,,
v3-main-771601/spring_petclinic_microservices/split/NC/0,pmx,1,PMX_shared_variants,,26.038858492000003,independent_pmx_extraction_process,list_owners,,,,,
v3-main-771601/spring_petclinic_microservices/split/NC/0,pmx,1,PMX_shared_variants,,22.030987458,independent_pmx_extraction_process,list_vets,,,,,
v3-main-771601/spring_petclinic_microservices/split/NC/0,pmx,1,PMX_shared_variants,,22.579102465000005,independent_pmx_extraction_process,owner_details_with_visits,,,,,
v3-main-771601/spring_petclinic_microservices/split/NC/1,acquisition,1,shared_acquisition,True,2117.3773671999998,acquisition_and_export_process_total,,,,,,
v3-main-771601/spring_petclinic_microservices/split/NC/1,acquisition,1,shared_native_pool,,3.3255697640001927,native_parse,,,,,,
v3-main-771601/spring_petclinic_microservices/split/NC/1,graph,1,B0,,0.006378638000001047,identification,,,,,,
v3-main-771601/spring_petclinic_microservices/split/NC/1,graph,1,shared_graph_family,,0.1781355789999992,extraction,create_visit,,,,,
v3-main-771601/spring_petclinic_microservices/split/NC/1,graph,1,shared_graph_family,,0.0030043769999963388,identification,create_visit,,,,,
v3-main-771601/spring_petclinic_microservices/split/NC/1,graph,1,shared_graph_family,,0.0027033020000004626,solve,create_visit,,,,,
v3-main-771601/spring_petclinic_microservices/split/NC/1,graph,1,G0,,0.00019794199999978446,identification,create_visit,,,,,
v3-main-771601/spring_petclinic_microservices/split/NC/1,graph,1,G0,,0.00014791699999960883,solve,create_visit,,,,,
v3-main-771601/spring_petclinic_microservices/split/NC/1,graph,1,shared_graph_family,,0.3477084330000011,extraction,list_owners,,,,,
v3-main-771601/spring_petclinic_microservices/split/NC/1,graph,1,shared_graph_family,,0.0021612150000009933,identification,list_owners,,,,,
v3-main-771601/spring_petclinic_microservices/split/NC/1,graph,1,shared_graph_family,,0.00018779199999841012,solve,list_owners,,,,,
v3-main-771601/spring_petclinic_microservices/split/NC/1,graph,1,G0,,0.00016008099999709202,identification,list_owners,,,,,
v3-main-771601/spring_petclinic_microservices/split/NC/1,graph,1,G0,,8.159299999732639e-05,solve,list_owners,,,,,
v3-main-771601/spring_petclinic_microservices/split/NC/1,graph,1,shared_graph_family,,0.05464647799999511,extraction,list_vets,,,,,
v3-main-771601/spring_petclinic_microservices/split/NC/1,graph,1,shared_graph_family,,0.0019324550000021645,identification,list_vets,,,,,
v3-main-771601/spring_petclinic_microservices/split/NC/1,graph,1,shared_graph_family,,0.00017551900000256637,solve,list_vets,,,,,
v3-main-771601/spring_petclinic_microservices/split/NC/1,graph,1,G0,,0.00011715000000123155,identification,list_vets,,,,,
v3-main-771601/spring_petclinic_microservices/split/NC/1,graph,1,G0,,6.031299999875728e-05,solve,list_vets,,,,,
v3-main-771601/spring_petclinic_microservices/split/NC/1,graph,1,shared_graph_family,,0.21658007900000342,extraction,owner_details_with_visits,,,,,
v3-main-771601/spring_petclinic_microservices/split/NC/1,graph,1,shared_graph_family,,0.0031164970000006065,identification,owner_details_with_visits,,,,,
v3-main-771601/spring_petclinic_microservices/split/NC/1,graph,1,shared_graph_family,,0.002411713999997289,solve,owner_details_with_visits,,,,,
v3-main-771601/spring_petclinic_microservices/split/NC/1,graph,1,G0,,0.000252813999999546,identification,owner_details_with_visits,,,,,
v3-main-771601/spring_petclinic_microservices/split/NC/1,graph,1,G0,,9.969700000311832e-05,solve,owner_details_with_visits,,,,,
v3-main-771601/spring_petclinic_microservices/split/NC/1,pmx,1,PMX_shared_variants,,1.6320033540000622,native_projection,create_visit,,,,,
v3-main-771601/spring_petclinic_microservices/split/NC/1,pmx,1,PMX_shared_variants,,5.585673830000019,native_projection,list_owners,,,,,
v3-main-771601/spring_petclinic_microservices/split/NC/1,pmx,1,PMX_shared_variants,,1.1352659340000173,native_projection,list_vets,,,,,
v3-main-771601/spring_petclinic_microservices/split/NC/1,pmx,1,PMX_shared_variants,,2.4518537689999675,native_projection,owner_details_with_visits,,,,,
v3-main-771601/spring_petclinic_microservices/split/NC/1,pmx,1,PMX_shared_variants,,11.413979643000062,input_and_projection_process_total,,True,,,,
v3-main-771601/spring_petclinic_microservices/split/NC/1,pmx,1,PMX_shared_variants,,9.3,derived_binary_build,,,javac 11.0.32,2322880b6447754528e201553bc4e2fac00334b7d6f3ac202cfe1e3742bbbcc6,True,"{""maximum_rss_bytes"": 227647488.0, ""path"": ""build-resource-usage.txt"", ""system_seconds"": 0.37, ""user_seconds"": 7.07, ""wall_seconds"": 9.3}"
v3-main-771601/spring_petclinic_microservices/split/NC/1,pmx,1,PMX_shared_variants,,23.93831205999993,independent_pmx_extraction_process,create_visit,,,,,
v3-main-771601/spring_petclinic_microservices/split/NC/1,pmx,1,PMX_shared_variants,,25.340603363000014,independent_pmx_extraction_process,list_owners,,,,,
v3-main-771601/spring_petclinic_microservices/split/NC/1,pmx,1,PMX_shared_variants,,22.48194313199997,independent_pmx_extraction_process,list_vets,,,,,
v3-main-771601/spring_petclinic_microservices/split/NC/1,pmx,1,PMX_shared_variants,,22.936782167000047,independent_pmx_extraction_process,owner_details_with_visits,,,,,
v3-main-771601/spring_petclinic_microservices/split/NC/2,acquisition,1,shared_acquisition,True,2114.136618724,acquisition_and_export_process_total,,,,,,
v3-main-771601/spring_petclinic_microservices/split/NC/2,acquisition,1,shared_native_pool,,3.321777667999868,native_parse,,,,,,
v3-main-771601/spring_petclinic_microservices/split/NC/2,graph,1,B0,,0.006172118999998588,identification,,,,,,
v3-main-771601/spring_petclinic_microservices/split/NC/2,graph,1,shared_graph_family,,0.16785394099999706,extraction,create_visit,,,,,
v3-main-771601/spring_petclinic_microservices/split/NC/2,graph,1,shared_graph_family,,0.0029358250000015573,identification,create_visit,,,,,
v3-main-771601/spring_petclinic_microservices/split/NC/2,graph,1,shared_graph_family,,0.0027789740000017105,solve,create_visit,,,,,
v3-main-771601/spring_petclinic_microservices/split/NC/2,graph,1,G0,,0.00019716599999952678,identification,create_visit,,,,,
v3-main-771601/spring_petclinic_microservices/split/NC/2,graph,1,G0,,0.00012686499999858825,solve,create_visit,,,,,
v3-main-771601/spring_petclinic_microservices/split/NC/2,graph,1,shared_graph_family,,0.35507795599999525,extraction,list_owners,,,,,
v3-main-771601/spring_petclinic_microservices/split/NC/2,graph,1,shared_graph_family,,0.0022117900000040436,identification,list_owners,,,,,
v3-main-771601/spring_petclinic_microservices/split/NC/2,graph,1,shared_graph_family,,0.0002165119999943954,solve,list_owners,,,,,
v3-main-771601/spring_petclinic_microservices/split/NC/2,graph,1,G0,,0.00018254900000158614,identification,list_owners,,,,,
v3-main-771601/spring_petclinic_microservices/split/NC/2,graph,1,G0,,8.87439999956996e-05,solve,list_owners,,,,,
v3-main-771601/spring_petclinic_microservices/split/NC/2,graph,1,shared_graph_family,,0.056837764000000845,extraction,list_vets,,,,,
v3-main-771601/spring_petclinic_microservices/split/NC/2,graph,1,shared_graph_family,,0.0019465669999974011,identification,list_vets,,,,,
v3-main-771601/spring_petclinic_microservices/split/NC/2,graph,1,shared_graph_family,,0.00019254800000112482,solve,list_vets,,,,,
v3-main-771601/spring_petclinic_microservices/split/NC/2,graph,1,G0,,0.00013670399999909932,identification,list_vets,,,,,
v3-main-771601/spring_petclinic_microservices/split/NC/2,graph,1,G0,,4.492300000435989e-05,solve,list_vets,,,,,
v3-main-771601/spring_petclinic_microservices/split/NC/2,graph,1,shared_graph_family,,0.21724965700000354,extraction,owner_details_with_visits,,,,,
v3-main-771601/spring_petclinic_microservices/split/NC/2,graph,1,shared_graph_family,,0.00324077199999806,identification,owner_details_with_visits,,,,,
v3-main-771601/spring_petclinic_microservices/split/NC/2,graph,1,shared_graph_family,,0.0024798379999992903,solve,owner_details_with_visits,,,,,
v3-main-771601/spring_petclinic_microservices/split/NC/2,graph,1,G0,,0.00026340899999865997,identification,owner_details_with_visits,,,,,
v3-main-771601/spring_petclinic_microservices/split/NC/2,graph,1,G0,,0.00013636300000285928,solve,owner_details_with_visits,,,,,
v3-main-771601/spring_petclinic_microservices/split/NC/2,pmx,1,PMX_shared_variants,,1.3768912120000039,native_projection,create_visit,,,,,
v3-main-771601/spring_petclinic_microservices/split/NC/2,pmx,1,PMX_shared_variants,,4.871154820000001,native_projection,list_owners,,,,,
v3-main-771601/spring_petclinic_microservices/split/NC/2,pmx,1,PMX_shared_variants,,1.0219182740000008,native_projection,list_vets,,,,,
v3-main-771601/spring_petclinic_microservices/split/NC/2,pmx,1,PMX_shared_variants,,2.1886784259999956,native_projection,owner_details_with_visits,,,,,
v3-main-771601/spring_petclinic_microservices/split/NC/2,pmx,1,PMX_shared_variants,,9.959519266000001,input_and_projection_process_total,,True,,,,
v3-main-771601/spring_petclinic_microservices/split/NC/2,pmx,1,PMX_shared_variants,,8.92,derived_binary_build,,,javac 11.0.32,2322880b6447754528e201553bc4e2fac00334b7d6f3ac202cfe1e3742bbbcc6,True,"{""maximum_rss_bytes"": 225452032.0, ""path"": ""build-resource-usage.txt"", ""system_seconds"": 0.3, ""user_seconds"": 6.62, ""wall_seconds"": 8.92}"
v3-main-771601/spring_petclinic_microservices/split/NC/2,pmx,1,PMX_shared_variants,,23.832205629,independent_pmx_extraction_process,create_visit,,,,,
v3-main-771601/spring_petclinic_microservices/split/NC/2,pmx,1,PMX_shared_variants,,26.995418540999992,independent_pmx_extraction_process,list_owners,,,,,
v3-main-771601/spring_petclinic_microservices/split/NC/2,pmx,1,PMX_shared_variants,,22.48331913300001,independent_pmx_extraction_process,list_vets,,,,,
v3-main-771601/spring_petclinic_microservices/split/NC/2,pmx,1,PMX_shared_variants,,23.236891646999993,independent_pmx_extraction_process,owner_details_with_visits,,,,,
v3-main-771601/spring_petclinic_microservices/split/NC/3,acquisition,1,shared_acquisition,True,2115.1050159730003,acquisition_and_export_process_total,,,,,,
v3-main-771601/spring_petclinic_microservices/split/NC/3,acquisition,1,shared_native_pool,,3.3937018840001656,native_parse,,,,,,
v3-main-771601/spring_petclinic_microservices/split/NC/3,graph,1,B0,,0.004504200999996044,identification,,,,,,
v3-main-771601/spring_petclinic_microservices/split/NC/3,graph,1,shared_graph_family,,0.11717326299999797,extraction,create_visit,,,,,
v3-main-771601/spring_petclinic_microservices/split/NC/3,graph,1,shared_graph_family,,0.0021988720000010176,identification,create_visit,,,,,
v3-main-771601/spring_petclinic_microservices/split/NC/3,graph,1,shared_graph_family,,0.0019026750000037396,solve,create_visit,,,,,
v3-main-771601/spring_petclinic_microservices/split/NC/3,graph,1,G0,,0.0001519439999952965,identification,create_visit,,,,,
v3-main-771601/spring_petclinic_microservices/split/NC/3,graph,1,G0,,9.830500000163056e-05,solve,create_visit,,,,,
v3-main-771601/spring_petclinic_microservices/split/NC/3,graph,1,shared_graph_family,,0.233307982999996,extraction,list_owners,,,,,
v3-main-771601/spring_petclinic_microservices/split/NC/3,graph,1,shared_graph_family,,0.0017577019999990284,identification,list_owners,,,,,
v3-main-771601/spring_petclinic_microservices/split/NC/3,graph,1,shared_graph_family,,0.00015307599999658805,solve,list_owners,,,,,
v3-main-771601/spring_petclinic_microservices/split/NC/3,graph,1,G0,,0.00013227499999857173,identification,list_owners,,,,,
v3-main-771601/spring_petclinic_microservices/split/NC/3,graph,1,G0,,0.00011010200000072246,solve,list_owners,,,,,
v3-main-771601/spring_petclinic_microservices/split/NC/3,graph,1,shared_graph_family,,0.0373977200000013,extraction,list_vets,,,,,
v3-main-771601/spring_petclinic_microservices/split/NC/3,graph,1,shared_graph_family,,0.0015749120000023709,identification,list_vets,,,,,
v3-main-771601/spring_petclinic_microservices/split/NC/3,graph,1,shared_graph_family,,0.00014508299999960172,solve,list_vets,,,,,
v3-main-771601/spring_petclinic_microservices/split/NC/3,graph,1,G0,,9.248599999978069e-05,identification,list_vets,,,,,
v3-main-771601/spring_petclinic_microservices/split/NC/3,graph,1,G0,,5.054500000056805e-05,solve,list_vets,,,,,
v3-main-771601/spring_petclinic_microservices/split/NC/3,graph,1,shared_graph_family,,0.14828856900000176,extraction,owner_details_with_visits,,,,,
v3-main-771601/spring_petclinic_microservices/split/NC/3,graph,1,shared_graph_family,,0.002499284999998963,identification,owner_details_with_visits,,,,,
v3-main-771601/spring_petclinic_microservices/split/NC/3,graph,1,shared_graph_family,,0.0018451810000001956,solve,owner_details_with_visits,,,,,
v3-main-771601/spring_petclinic_microservices/split/NC/3,graph,1,G0,,0.00020209800000259293,identification,owner_details_with_visits,,,,,
v3-main-771601/spring_petclinic_microservices/split/NC/3,graph,1,G0,,0.00010500399999813226,solve,owner_details_with_visits,,,,,
v3-main-771601/spring_petclinic_microservices/split/NC/3,pmx,1,PMX_shared_variants,,1.5568712940000182,native_projection,create_visit,,,,,
v3-main-771601/spring_petclinic_microservices/split/NC/3,pmx,1,PMX_shared_variants,,5.52465539100001,native_projection,list_owners,,,,,
v3-main-771601/spring_petclinic_microservices/split/NC/3,pmx,1,PMX_shared_variants,,1.111806204000004,native_projection,list_vets,,,,,
v3-main-771601/spring_petclinic_microservices/split/NC/3,pmx,1,PMX_shared_variants,,2.412105089000022,native_projection,owner_details_with_visits,,,,,
v3-main-771601/spring_petclinic_microservices/split/NC/3,pmx,1,PMX_shared_variants,,11.161370131000012,input_and_projection_process_total,,True,,,,
v3-main-771601/spring_petclinic_microservices/split/NC/3,pmx,1,PMX_shared_variants,,8.63,derived_binary_build,,,javac 11.0.32,2322880b6447754528e201553bc4e2fac00334b7d6f3ac202cfe1e3742bbbcc6,True,"{""maximum_rss_bytes"": 227745792.0, ""path"": ""build-resource-usage.txt"", ""system_seconds"": 0.35, ""user_seconds"": 7.12, ""wall_seconds"": 8.63}"
v3-main-771601/spring_petclinic_microservices/split/NC/3,pmx,1,PMX_shared_variants,,23.437766521000015,independent_pmx_extraction_process,create_visit,,,,,
v3-main-771601/spring_petclinic_microservices/split/NC/3,pmx,1,PMX_shared_variants,,25.345562457000028,independent_pmx_extraction_process,list_owners,,,,,
v3-main-771601/spring_petclinic_microservices/split/NC/3,pmx,1,PMX_shared_variants,,22.53259117799996,independent_pmx_extraction_process,list_vets,,,,,
v3-main-771601/spring_petclinic_microservices/split/NC/3,pmx,1,PMX_shared_variants,,23.136675550999996,independent_pmx_extraction_process,owner_details_with_visits,,,,,
v3-main-771601/spring_petclinic_microservices/split/NC/4,acquisition,1,shared_acquisition,True,2120.3566558069997,acquisition_and_export_process_total,,,,,,
v3-main-771601/spring_petclinic_microservices/split/NC/4,acquisition,1,shared_native_pool,,3.3733534139996664,native_parse,,,,,,
v3-main-771601/spring_petclinic_microservices/split/NC/4,graph,1,B0,,0.004712034999997172,identification,,,,,,
v3-main-771601/spring_petclinic_microservices/split/NC/4,graph,1,shared_graph_family,,0.13630706600000053,extraction,create_visit,,,,,
v3-main-771601/spring_petclinic_microservices/split/NC/4,graph,1,shared_graph_family,,0.0023401999999990153,identification,create_visit,,,,,
v3-main-771601/spring_petclinic_microservices/split/NC/4,graph,1,shared_graph_family,,0.0017490130000012982,solve,create_visit,,,,,
v3-main-771601/spring_petclinic_microservices/split/NC/4,graph,1,G0,,0.00016362200000230587,identification,create_visit,,,,,
v3-main-771601/spring_petclinic_microservices/split/NC/4,graph,1,G0,,0.00012539600000138762,solve,create_visit,,,,,
v3-main-771601/spring_petclinic_microservices/split/NC/4,graph,1,shared_graph_family,,0.2411362679999982,extraction,list_owners,,,,,
v3-main-771601/spring_petclinic_microservices/split/NC/4,graph,1,shared_graph_family,,0.0017277310000025636,identification,list_owners,,,,,
v3-main-771601/spring_petclinic_microservices/split/NC/4,graph,1,shared_graph_family,,0.00015900500000043394,solve,list_owners,,,,,
v3-main-771601/spring_petclinic_microservices/split/NC/4,graph,1,G0,,0.00013190600000001496,identification,list_owners,,,,,
v3-main-771601/spring_petclinic_microservices/split/NC/4,graph,1,G0,,7.973800000371511e-05,solve,list_owners,,,,,
v3-main-771601/spring_petclinic_microservices/split/NC/4,graph,1,shared_graph_family,,0.037966662999998846,extraction,list_vets,,,,,
v3-main-771601/spring_petclinic_microservices/split/NC/4,graph,1,shared_graph_family,,0.0014936439999999607,identification,list_vets,,,,,
v3-main-771601/spring_petclinic_microservices/split/NC/4,graph,1,shared_graph_family,,0.00014651700000456458,solve,list_vets,,,,,
v3-main-771601/spring_petclinic_microservices/split/NC/4,graph,1,G0,,9.84160000001566e-05,identification,list_vets,,,,,
v3-main-771601/spring_petclinic_microservices/split/NC/4,graph,1,G0,,3.7945999999067226e-05,solve,list_vets,,,,,
v3-main-771601/spring_petclinic_microservices/split/NC/4,graph,1,shared_graph_family,,0.14818716700000323,extraction,owner_details_with_visits,,,,,
v3-main-771601/spring_petclinic_microservices/split/NC/4,graph,1,shared_graph_family,,0.0023944889999967245,identification,owner_details_with_visits,,,,,
v3-main-771601/spring_petclinic_microservices/split/NC/4,graph,1,shared_graph_family,,0.0017440060000026847,solve,owner_details_with_visits,,,,,
v3-main-771601/spring_petclinic_microservices/split/NC/4,graph,1,G0,,0.00019615100000436314,identification,owner_details_with_visits,,,,,
v3-main-771601/spring_petclinic_microservices/split/NC/4,graph,1,G0,,9.441000000265376e-05,solve,owner_details_with_visits,,,,,
v3-main-771601/spring_petclinic_microservices/split/NC/4,pmx,1,PMX_shared_variants,,1.5453117400000167,native_projection,create_visit,,,,,
v3-main-771601/spring_petclinic_microservices/split/NC/4,pmx,1,PMX_shared_variants,,5.2847578109999915,native_projection,list_owners,,,,,
v3-main-771601/spring_petclinic_microservices/split/NC/4,pmx,1,PMX_shared_variants,,1.0950857600000177,native_projection,list_vets,,,,,
v3-main-771601/spring_petclinic_microservices/split/NC/4,pmx,1,PMX_shared_variants,,2.3816580250000072,native_projection,owner_details_with_visits,,,,,
v3-main-771601/spring_petclinic_microservices/split/NC/4,pmx,1,PMX_shared_variants,,10.829677531000016,input_and_projection_process_total,,True,,,,
v3-main-771601/spring_petclinic_microservices/split/NC/4,pmx,1,PMX_shared_variants,,8.67,derived_binary_build,,,javac 11.0.32,2322880b6447754528e201553bc4e2fac00334b7d6f3ac202cfe1e3742bbbcc6,True,"{""maximum_rss_bytes"": 227680256.0, ""path"": ""build-resource-usage.txt"", ""system_seconds"": 0.28, ""user_seconds"": 6.73, ""wall_seconds"": 8.67}"
v3-main-771601/spring_petclinic_microservices/split/NC/4,pmx,1,PMX_shared_variants,,23.68895371900001,independent_pmx_extraction_process,create_visit,,,,,
v3-main-771601/spring_petclinic_microservices/split/NC/4,pmx,1,PMX_shared_variants,,25.385863755999992,independent_pmx_extraction_process,list_owners,,,,,
v3-main-771601/spring_petclinic_microservices/split/NC/4,pmx,1,PMX_shared_variants,,22.425651749999986,independent_pmx_extraction_process,list_vets,,,,,
v3-main-771601/spring_petclinic_microservices/split/NC/4,pmx,1,PMX_shared_variants,,22.92989013899995,independent_pmx_extraction_process,owner_details_with_visits,,,,,
v3-main-771601/spring_petclinic_microservices/split/NC/5,acquisition,1,shared_acquisition,True,2121.599873984,acquisition_and_export_process_total,,,,,,
v3-main-771601/spring_petclinic_microservices/split/NC/5,acquisition,1,shared_native_pool,,2.9971651209998527,native_parse,,,,,,
v3-main-771601/spring_petclinic_microservices/split/NC/5,graph,1,B0,,0.006235666000009132,identification,,,,,,
v3-main-771601/spring_petclinic_microservices/split/NC/5,graph,1,shared_graph_family,,0.1761897210000143,extraction,create_visit,,,,,
v3-main-771601/spring_petclinic_microservices/split/NC/5,graph,1,shared_graph_family,,0.0029621900000051937,identification,create_visit,,,,,
v3-main-771601/spring_petclinic_microservices/split/NC/5,graph,1,shared_graph_family,,0.0027187729999980093,solve,create_visit,,,,,
v3-main-771601/spring_petclinic_microservices/split/NC/5,graph,1,G0,,0.00019760099999643899,identification,create_visit,,,,,
v3-main-771601/spring_petclinic_microservices/split/NC/5,graph,1,G0,,0.00011872299998572089,solve,create_visit,,,,,
v3-main-771601/spring_petclinic_microservices/split/NC/5,graph,1,shared_graph_family,,0.3512300540000126,extraction,list_owners,,,,,
v3-main-771601/spring_petclinic_microservices/split/NC/5,graph,1,shared_graph_family,,0.0021758750000060445,identification,list_owners,,,,,
v3-main-771601/spring_petclinic_microservices/split/NC/5,graph,1,shared_graph_family,,0.00018356399999674977,solve,list_owners,,,,,
v3-main-771601/spring_petclinic_microservices/split/NC/5,graph,1,G0,,0.000167645000004768,identification,list_owners,,,,,
v3-main-771601/spring_petclinic_microservices/split/NC/5,graph,1,G0,,8.515999999758606e-05,solve,list_owners,,,,,
v3-main-771601/spring_petclinic_microservices/split/NC/5,graph,1,shared_graph_family,,0.0557026399999927,extraction,list_vets,,,,,
v3-main-771601/spring_petclinic_microservices/split/NC/5,graph,1,shared_graph_family,,0.001991919999994707,identification,list_vets,,,,,
v3-main-771601/spring_petclinic_microservices/split/NC/5,graph,1,shared_graph_family,,0.0001751290000129302,solve,list_vets,,,,,
v3-main-771601/spring_petclinic_microservices/split/NC/5,graph,1,G0,,0.0001212569999893276,identification,list_vets,,,,,
v3-main-771601/spring_petclinic_microservices/split/NC/5,graph,1,G0,,4.120700000953548e-05,solve,list_vets,,,,,
v3-main-771601/spring_petclinic_microservices/split/NC/5,graph,1,shared_graph_family,,0.2163764130000061,extraction,owner_details_with_visits,,,,,
v3-main-771601/spring_petclinic_microservices/split/NC/5,graph,1,shared_graph_family,,0.0031585199999994984,identification,owner_details_with_visits,,,,,
v3-main-771601/spring_petclinic_microservices/split/NC/5,graph,1,shared_graph_family,,0.0022745699999973112,solve,owner_details_with_visits,,,,,
v3-main-771601/spring_petclinic_microservices/split/NC/5,graph,1,G0,,0.000268363999992971,identification,owner_details_with_visits,,,,,
v3-main-771601/spring_petclinic_microservices/split/NC/5,graph,1,G0,,9.820400001103735e-05,solve,owner_details_with_visits,,,,,
v3-main-771601/spring_petclinic_microservices/split/NC/5,pmx,1,PMX_shared_variants,,1.0781681330000055,native_projection,create_visit,,,,,
v3-main-771601/spring_petclinic_microservices/split/NC/5,pmx,1,PMX_shared_variants,,3.7997225999999955,native_projection,list_owners,,,,,
v3-main-771601/spring_petclinic_microservices/split/NC/5,pmx,1,PMX_shared_variants,,0.7831788080000024,native_projection,list_vets,,,,,
v3-main-771601/spring_petclinic_microservices/split/NC/5,pmx,1,PMX_shared_variants,,1.6578198740000119,native_projection,owner_details_with_visits,,,,,
v3-main-771601/spring_petclinic_microservices/split/NC/5,pmx,1,PMX_shared_variants,,7.7700175379999905,input_and_projection_process_total,,True,,,,
v3-main-771601/spring_petclinic_microservices/split/NC/5,pmx,1,PMX_shared_variants,,6.82,derived_binary_build,,,javac 11.0.32,2322880b6447754528e201553bc4e2fac00334b7d6f3ac202cfe1e3742bbbcc6,True,"{""maximum_rss_bytes"": 225726464.0, ""path"": ""build-resource-usage.txt"", ""system_seconds"": 0.24, ""user_seconds"": 6.02, ""wall_seconds"": 6.82}"
v3-main-771601/spring_petclinic_microservices/split/NC/5,pmx,1,PMX_shared_variants,,23.081921138000013,independent_pmx_extraction_process,create_visit,,,,,
v3-main-771601/spring_petclinic_microservices/split/NC/5,pmx,1,PMX_shared_variants,,26.49451687299998,independent_pmx_extraction_process,list_owners,,,,,
v3-main-771601/spring_petclinic_microservices/split/NC/5,pmx,1,PMX_shared_variants,,22.280492632000005,independent_pmx_extraction_process,list_vets,,,,,
v3-main-771601/spring_petclinic_microservices/split/NC/5,pmx,1,PMX_shared_variants,,22.93290514199998,independent_pmx_extraction_process,owner_details_with_visits,,,,,
v3-main-771601/spring_petclinic_microservices/split/NC/6,acquisition,1,shared_acquisition,True,2114.966805143,acquisition_and_export_process_total,,,,,,
v3-main-771601/spring_petclinic_microservices/split/NC/6,acquisition,1,shared_native_pool,,3.3788920179999877,native_parse,,,,,,
v3-main-771601/spring_petclinic_microservices/split/NC/6,graph,1,B0,,0.005993696999993858,identification,,,,,,
v3-main-771601/spring_petclinic_microservices/split/NC/6,graph,1,shared_graph_family,,0.18185779000000935,extraction,create_visit,,,,,
v3-main-771601/spring_petclinic_microservices/split/NC/6,graph,1,shared_graph_family,,0.003053975000000264,identification,create_visit,,,,,
v3-main-771601/spring_petclinic_microservices/split/NC/6,graph,1,shared_graph_family,,0.0028570569999999407,solve,create_visit,,,,,
v3-main-771601/spring_petclinic_microservices/split/NC/6,graph,1,G0,,0.00019891300000551837,identification,create_visit,,,,,
v3-main-771601/spring_petclinic_microservices/split/NC/6,graph,1,G0,,0.00014215699999908793,solve,create_visit,,,,,
v3-main-771601/spring_petclinic_microservices/split/NC/6,graph,1,shared_graph_family,,0.3564739840000044,extraction,list_owners,,,,,
v3-main-771601/spring_petclinic_microservices/split/NC/6,graph,1,shared_graph_family,,0.002222115999998664,identification,list_owners,,,,,
v3-main-771601/spring_petclinic_microservices/split/NC/6,graph,1,shared_graph_family,,0.00018778199999758272,solve,list_owners,,,,,
v3-main-771601/spring_petclinic_microservices/split/NC/6,graph,1,G0,,0.00017997700000194072,identification,list_owners,,,,,
v3-main-771601/spring_petclinic_microservices/split/NC/6,graph,1,G0,,0.00013473200000646557,solve,list_owners,,,,,
v3-main-771601/spring_petclinic_microservices/split/NC/6,graph,1,shared_graph_family,,0.0574206099999941,extraction,list_vets,,,,,
v3-main-771601/spring_petclinic_microservices/split/NC/6,graph,1,shared_graph_family,,0.0020021839999913027,identification,list_vets,,,,,
v3-main-771601/spring_petclinic_microservices/split/NC/6,graph,1,shared_graph_family,,0.00020860099999708837,solve,list_vets,,,,,
v3-main-771601/spring_petclinic_microservices/split/NC/6,graph,1,G0,,0.00012675799999328774,identification,list_vets,,,,,
v3-main-771601/spring_petclinic_microservices/split/NC/6,graph,1,G0,,4.993299999966894e-05,solve,list_vets,,,,,
v3-main-771601/spring_petclinic_microservices/split/NC/6,graph,1,shared_graph_family,,0.2173814880000009,extraction,owner_details_with_visits,,,,,
v3-main-771601/spring_petclinic_microservices/split/NC/6,graph,1,shared_graph_family,,0.0031789199999963103,identification,owner_details_with_visits,,,,,
v3-main-771601/spring_petclinic_microservices/split/NC/6,graph,1,shared_graph_family,,0.002385051999993948,solve,owner_details_with_visits,,,,,
v3-main-771601/spring_petclinic_microservices/split/NC/6,graph,1,G0,,0.0002827999999936992,identification,owner_details_with_visits,,,,,
v3-main-771601/spring_petclinic_microservices/split/NC/6,graph,1,G0,,0.00012840099999777976,solve,owner_details_with_visits,,,,,
v3-main-771601/spring_petclinic_microservices/split/NC/6,pmx,1,PMX_shared_variants,,1.551353904999928,native_projection,create_visit,,,,,
v3-main-771601/spring_petclinic_microservices/split/NC/6,pmx,1,PMX_shared_variants,,5.307231667999986,native_projection,list_owners,,,,,
v3-main-771601/spring_petclinic_microservices/split/NC/6,pmx,1,PMX_shared_variants,,1.1214932249999947,native_projection,list_vets,,,,,
v3-main-771601/spring_petclinic_microservices/split/NC/6,pmx,1,PMX_shared_variants,,2.366554298999972,native_projection,owner_details_with_visits,,,,,
v3-main-771601/spring_petclinic_microservices/split/NC/6,pmx,1,PMX_shared_variants,,10.883264716999975,input_and_projection_process_total,,True,,,,
v3-main-771601/spring_petclinic_microservices/split/NC/6,pmx,1,PMX_shared_variants,,10.43,derived_binary_build,,,javac 11.0.32,2322880b6447754528e201553bc4e2fac00334b7d6f3ac202cfe1e3742bbbcc6,True,"{""maximum_rss_bytes"": 227627008.0, ""path"": ""build-resource-usage.txt"", ""system_seconds"": 0.31, ""user_seconds"": 6.58, ""wall_seconds"": 10.43}"
v3-main-771601/spring_petclinic_microservices/split/NC/6,pmx,1,PMX_shared_variants,,24.432075505000057,independent_pmx_extraction_process,create_visit,,,,,
v3-main-771601/spring_petclinic_microservices/split/NC/6,pmx,1,PMX_shared_variants,,25.144569444000012,independent_pmx_extraction_process,list_owners,,,,,
v3-main-771601/spring_petclinic_microservices/split/NC/6,pmx,1,PMX_shared_variants,,22.52457524800002,independent_pmx_extraction_process,list_vets,,,,,
v3-main-771601/spring_petclinic_microservices/split/NC/6,pmx,1,PMX_shared_variants,,23.039090647999956,independent_pmx_extraction_process,owner_details_with_visits,,,,,
v3-main-771601/spring_petclinic_microservices/split/NC/7,acquisition,1,shared_acquisition,True,2121.130241557,acquisition_and_export_process_total,,,,,,
v3-main-771601/spring_petclinic_microservices/split/NC/7,acquisition,1,shared_native_pool,,3.3350739130000875,native_parse,,,,,,
v3-main-771601/spring_petclinic_microservices/split/NC/7,graph,1,B0,,0.0047443110000244815,identification,,,,,,
v3-main-771601/spring_petclinic_microservices/split/NC/7,graph,1,shared_graph_family,,0.12859757100000024,extraction,create_visit,,,,,
v3-main-771601/spring_petclinic_microservices/split/NC/7,graph,1,shared_graph_family,,0.0022478509999928065,identification,create_visit,,,,,
v3-main-771601/spring_petclinic_microservices/split/NC/7,graph,1,shared_graph_family,,0.0017953000000261454,solve,create_visit,,,,,
v3-main-771601/spring_petclinic_microservices/split/NC/7,graph,1,G0,,0.0001592759999766713,identification,create_visit,,,,,
v3-main-771601/spring_petclinic_microservices/split/NC/7,graph,1,G0,,0.0001104639999880419,solve,create_visit,,,,,
v3-main-771601/spring_petclinic_microservices/split/NC/7,graph,1,shared_graph_family,,0.23924496000000772,extraction,list_owners,,,,,
v3-main-771601/spring_petclinic_microservices/split/NC/7,graph,1,shared_graph_family,,0.0017013020000149481,identification,list_owners,,,,,
v3-main-771601/spring_petclinic_microservices/split/NC/7,graph,1,shared_graph_family,,0.00015386799998395873,solve,list_owners,,,,,
v3-main-771601/spring_petclinic_microservices/split/NC/7,graph,1,G0,,0.00013297699996428491,identification,list_owners,,,,,
v3-main-771601/spring_petclinic_microservices/split/NC/7,graph,1,G0,,0.00010721900002863549,solve,list_owners,,,,,
v3-main-771601/spring_petclinic_microservices/split/NC/7,graph,1,shared_graph_family,,0.03950918300000694,extraction,list_vets,,,,,
v3-main-771601/spring_petclinic_microservices/split/NC/7,graph,1,shared_graph_family,,0.0015292770000314704,identification,list_vets,,,,,
v3-main-771601/spring_petclinic_microservices/split/NC/7,graph,1,shared_graph_family,,0.00014741799998319038,solve,list_vets,,,,,
v3-main-771601/spring_petclinic_microservices/split/NC/7,graph,1,G0,,9.654299998373972e-05,identification,list_vets,,,,,
v3-main-771601/spring_petclinic_microservices/split/NC/7,graph,1,G0,,4.259299998921051e-05,solve,list_vets,,,,,
v3-main-771601/spring_petclinic_microservices/split/NC/7,graph,1,shared_graph_family,,0.14818896499997436,extraction,owner_details_with_visits,,,,,
v3-main-771601/spring_petclinic_microservices/split/NC/7,graph,1,shared_graph_family,,0.0024921230000245487,identification,owner_details_with_visits,,,,,
v3-main-771601/spring_petclinic_microservices/split/NC/7,graph,1,shared_graph_family,,0.0016574759999912203,solve,owner_details_with_visits,,,,,
v3-main-771601/spring_petclinic_microservices/split/NC/7,graph,1,G0,,0.0002050940000231094,identification,owner_details_with_visits,,,,,
v3-main-771601/spring_petclinic_microservices/split/NC/7,graph,1,G0,,0.00014174099999308964,solve,owner_details_with_visits,,,,,
v3-main-771601/spring_petclinic_microservices/split/NC/7,pmx,1,PMX_shared_variants,,1.6840611639999992,native_projection,create_visit,,,,,
v3-main-771601/spring_petclinic_microservices/split/NC/7,pmx,1,PMX_shared_variants,,5.685259955999996,native_projection,list_owners,,,,,
v3-main-771601/spring_petclinic_microservices/split/NC/7,pmx,1,PMX_shared_variants,,1.1891175749999974,native_projection,list_vets,,,,,
v3-main-771601/spring_petclinic_microservices/split/NC/7,pmx,1,PMX_shared_variants,,2.530642909000008,native_projection,owner_details_with_visits,,,,,
v3-main-771601/spring_petclinic_microservices/split/NC/7,pmx,1,PMX_shared_variants,,11.661859241000002,input_and_projection_process_total,,True,,,,
v3-main-771601/spring_petclinic_microservices/split/NC/7,pmx,1,PMX_shared_variants,,11.08,derived_binary_build,,,javac 11.0.32,2322880b6447754528e201553bc4e2fac00334b7d6f3ac202cfe1e3742bbbcc6,True,"{""maximum_rss_bytes"": 227725312.0, ""path"": ""build-resource-usage.txt"", ""system_seconds"": 0.33, ""user_seconds"": 7.06, ""wall_seconds"": 11.08}"
v3-main-771601/spring_petclinic_microservices/split/NC/7,pmx,1,PMX_shared_variants,,24.785084952999995,independent_pmx_extraction_process,create_visit,,,,,
v3-main-771601/spring_petclinic_microservices/split/NC/7,pmx,1,PMX_shared_variants,,25.549340165000004,independent_pmx_extraction_process,list_owners,,,,,
v3-main-771601/spring_petclinic_microservices/split/NC/7,pmx,1,PMX_shared_variants,,22.67957557599999,independent_pmx_extraction_process,list_vets,,,,,
v3-main-771601/spring_petclinic_microservices/split/NC/7,pmx,1,PMX_shared_variants,,23.283011850999998,independent_pmx_extraction_process,owner_details_with_visits,,,,,
v3-main-771601/spring_petclinic_microservices/split/NC/8,acquisition,1,shared_acquisition,True,2122.1252054829997,acquisition_and_export_process_total,,,,,,
v3-main-771601/spring_petclinic_microservices/split/NC/8,acquisition,1,shared_native_pool,,3.35183318899999,native_parse,,,,,,
v3-main-771601/spring_petclinic_microservices/split/NC/8,graph,1,B0,,0.00617603699998881,identification,,,,,,
v3-main-771601/spring_petclinic_microservices/split/NC/8,graph,1,shared_graph_family,,0.15539155500000845,extraction,create_visit,,,,,
v3-main-771601/spring_petclinic_microservices/split/NC/8,graph,1,shared_graph_family,,0.002905727999987562,identification,create_visit,,,,,
v3-main-771601/spring_petclinic_microservices/split/NC/8,graph,1,shared_graph_family,,0.00248523199999795,solve,create_visit,,,,,
v3-main-771601/spring_petclinic_microservices/split/NC/8,graph,1,G0,,0.00019219899999711743,identification,create_visit,,,,,
v3-main-771601/spring_petclinic_microservices/split/NC/8,graph,1,G0,,0.00011246100000050774,solve,create_visit,,,,,
v3-main-771601/spring_petclinic_microservices/split/NC/8,graph,1,shared_graph_family,,0.33961797899999624,extraction,list_owners,,,,,
v3-main-771601/spring_petclinic_microservices/split/NC/8,graph,1,shared_graph_family,,0.0021742419999952745,identification,list_owners,,,,,
v3-main-771601/spring_petclinic_microservices/split/NC/8,graph,1,shared_graph_family,,0.0001797749999923326,solve,list_owners,,,,,
v3-main-771601/spring_petclinic_microservices/split/NC/8,graph,1,G0,,0.00017669000000353208,identification,list_owners,,,,,
v3-main-771601/spring_petclinic_microservices/split/NC/8,graph,1,G0,,7.808600000203114e-05,solve,list_owners,,,,,
v3-main-771601/spring_petclinic_microservices/split/NC/8,graph,1,shared_graph_family,,0.053014455999999655,extraction,list_vets,,,,,
v3-main-771601/spring_petclinic_microservices/split/NC/8,graph,1,shared_graph_family,,0.0019071830000001455,identification,list_vets,,,,,
v3-main-771601/spring_petclinic_microservices/split/NC/8,graph,1,shared_graph_family,,0.00015197400000488415,solve,list_vets,,,,,
v3-main-771601/spring_petclinic_microservices/split/NC/8,graph,1,G0,,0.00011303099999793176,identification,list_vets,,,,,
v3-main-771601/spring_petclinic_microservices/split/NC/8,graph,1,G0,,3.459399999883317e-05,solve,list_vets,,,,,
v3-main-771601/spring_petclinic_microservices/split/NC/8,graph,1,shared_graph_family,,0.20867300099999397,extraction,owner_details_with_visits,,,,,
v3-main-771601/spring_petclinic_microservices/split/NC/8,graph,1,shared_graph_family,,0.003065105999993989,identification,owner_details_with_visits,,,,,
v3-main-771601/spring_petclinic_microservices/split/NC/8,graph,1,shared_graph_family,,0.0023575240000042186,solve,owner_details_with_visits,,,,,
v3-main-771601/spring_petclinic_microservices/split/NC/8,graph,1,G0,,0.00024983699999836517,identification,owner_details_with_visits,,,,,
v3-main-771601/spring_petclinic_microservices/split/NC/8,graph,1,G0,,9.1190000006236e-05,solve,owner_details_with_visits,,,,,
v3-main-771601/spring_petclinic_microservices/split/NC/8,pmx,1,PMX_shared_variants,,1.5929941930000098,native_projection,create_visit,,,,,
v3-main-771601/spring_petclinic_microservices/split/NC/8,pmx,1,PMX_shared_variants,,5.431446022999992,native_projection,list_owners,,,,,
v3-main-771601/spring_petclinic_microservices/split/NC/8,pmx,1,PMX_shared_variants,,1.1474145939999971,native_projection,list_vets,,,,,
v3-main-771601/spring_petclinic_microservices/split/NC/8,pmx,1,PMX_shared_variants,,2.42873982399999,native_projection,owner_details_with_visits,,,,,
v3-main-771601/spring_petclinic_microservices/split/NC/8,pmx,1,PMX_shared_variants,,11.161301632000004,input_and_projection_process_total,,True,,,,
v3-main-771601/spring_petclinic_microservices/split/NC/8,pmx,1,PMX_shared_variants,,6.86,derived_binary_build,,,javac 11.0.32,2322880b6447754528e201553bc4e2fac00334b7d6f3ac202cfe1e3742bbbcc6,True,"{""maximum_rss_bytes"": 227807232.0, ""path"": ""build-resource-usage.txt"", ""system_seconds"": 0.31, ""user_seconds"": 6.82, ""wall_seconds"": 6.86}"
v3-main-771601/spring_petclinic_microservices/split/NC/8,pmx,1,PMX_shared_variants,,23.781626740999997,independent_pmx_extraction_process,create_visit,,,,,
v3-main-771601/spring_petclinic_microservices/split/NC/8,pmx,1,PMX_shared_variants,,25.597612579000014,independent_pmx_extraction_process,list_owners,,,,,
v3-main-771601/spring_petclinic_microservices/split/NC/8,pmx,1,PMX_shared_variants,,22.47827029000001,independent_pmx_extraction_process,list_vets,,,,,
v3-main-771601/spring_petclinic_microservices/split/NC/8,pmx,1,PMX_shared_variants,,23.23100083999998,independent_pmx_extraction_process,owner_details_with_visits,,,,,
v3-main-771601/spring_petclinic_microservices/split/NC/9,acquisition,1,shared_acquisition,True,2113.841308642,acquisition_and_export_process_total,,,,,,
v3-main-771601/spring_petclinic_microservices/split/NC/9,acquisition,1,shared_native_pool,,3.2861916930000916,native_parse,,,,,,
v3-main-771601/spring_petclinic_microservices/split/NC/9,graph,1,B0,,0.0061539179999954285,identification,,,,,,
v3-main-771601/spring_petclinic_microservices/split/NC/9,graph,1,shared_graph_family,,0.18163867700000225,extraction,create_visit,,,,,
v3-main-771601/spring_petclinic_microservices/split/NC/9,graph,1,shared_graph_family,,0.0028938880000026757,identification,create_visit,,,,,
v3-main-771601/spring_petclinic_microservices/split/NC/9,graph,1,shared_graph_family,,0.0026915720000033616,solve,create_visit,,,,,
v3-main-771601/spring_petclinic_microservices/split/NC/9,graph,1,G0,,0.0002056129999985501,identification,create_visit,,,,,
v3-main-771601/spring_petclinic_microservices/split/NC/9,graph,1,G0,,0.00011796999999802438,solve,create_visit,,,,,
v3-main-771601/spring_petclinic_microservices/split/NC/9,graph,1,shared_graph_family,,0.34634941299999866,extraction,list_owners,,,,,
v3-main-771601/spring_petclinic_microservices/split/NC/9,graph,1,shared_graph_family,,0.0021116019999993796,identification,list_owners,,,,,
v3-main-771601/spring_petclinic_microservices/split/NC/9,graph,1,shared_graph_family,,0.00018641700000188166,solve,list_owners,,,,,
v3-main-771601/spring_petclinic_microservices/split/NC/9,graph,1,G0,,0.0001614210000013827,identification,list_owners,,,,,
v3-main-771601/spring_petclinic_microservices/split/NC/9,graph,1,G0,,9.13800000006404e-05,solve,list_owners,,,,,
v3-main-771601/spring_petclinic_microservices/split/NC/9,graph,1,shared_graph_family,,0.05529886200000078,extraction,list_vets,,,,,
v3-main-771601/spring_petclinic_microservices/split/NC/9,graph,1,shared_graph_family,,0.0018910619999985556,identification,list_vets,,,,,
v3-main-771601/spring_petclinic_microservices/split/NC/9,graph,1,shared_graph_family,,0.00018801000000223667,solve,list_vets,,,,,
v3-main-771601/spring_petclinic_microservices/split/NC/9,graph,1,G0,,0.0001355929999959926,identification,list_vets,,,,,
v3-main-771601/spring_petclinic_microservices/split/NC/9,graph,1,G0,,4.4944000002544726e-05,solve,list_vets,,,,,
v3-main-771601/spring_petclinic_microservices/split/NC/9,graph,1,shared_graph_family,,0.2129983849999988,extraction,owner_details_with_visits,,,,,
v3-main-771601/spring_petclinic_microservices/split/NC/9,graph,1,shared_graph_family,,0.003158671000001334,identification,owner_details_with_visits,,,,,
v3-main-771601/spring_petclinic_microservices/split/NC/9,graph,1,shared_graph_family,,0.0023471599999993487,solve,owner_details_with_visits,,,,,
v3-main-771601/spring_petclinic_microservices/split/NC/9,graph,1,G0,,0.00024950400000278705,identification,owner_details_with_visits,,,,,
v3-main-771601/spring_petclinic_microservices/split/NC/9,graph,1,G0,,0.00010642799999516228,solve,owner_details_with_visits,,,,,
v3-main-771601/spring_petclinic_microservices/split/NC/9,pmx,1,PMX_shared_variants,,1.2785297200000088,native_projection,create_visit,,,,,
v3-main-771601/spring_petclinic_microservices/split/NC/9,pmx,1,PMX_shared_variants,,4.458530250999985,native_projection,list_owners,,,,,
v3-main-771601/spring_petclinic_microservices/split/NC/9,pmx,1,PMX_shared_variants,,0.8779939070000182,native_projection,list_vets,,,,,
v3-main-771601/spring_petclinic_microservices/split/NC/9,pmx,1,PMX_shared_variants,,1.9881067630000189,native_projection,owner_details_with_visits,,,,,
v3-main-771601/spring_petclinic_microservices/split/NC/9,pmx,1,PMX_shared_variants,,9.072549712000011,input_and_projection_process_total,,True,,,,
v3-main-771601/spring_petclinic_microservices/split/NC/9,pmx,1,PMX_shared_variants,,6.12,derived_binary_build,,,javac 11.0.32,2322880b6447754528e201553bc4e2fac00334b7d6f3ac202cfe1e3742bbbcc6,True,"{""maximum_rss_bytes"": 225738752.0, ""path"": ""build-resource-usage.txt"", ""system_seconds"": 0.27, ""user_seconds"": 5.49, ""wall_seconds"": 6.12}"
v3-main-771601/spring_petclinic_microservices/split/NC/9,pmx,1,PMX_shared_variants,,24.236873360000004,independent_pmx_extraction_process,create_visit,,,,,
v3-main-771601/spring_petclinic_microservices/split/NC/9,pmx,1,PMX_shared_variants,,24.490804179999998,independent_pmx_extraction_process,list_owners,,,,,
v3-main-771601/spring_petclinic_microservices/split/NC/9,pmx,1,PMX_shared_variants,,22.07755100099999,independent_pmx_extraction_process,list_vets,,,,,
v3-main-771601/spring_petclinic_microservices/split/NC/9,pmx,1,PMX_shared_variants,,22.47696828400001,independent_pmx_extraction_process,owner_details_with_visits,,,,,
v3-main-771601/spring_petclinic_microservices/split/ND/0,acquisition,1,shared_acquisition,True,2115.72392893,acquisition_and_export_process_total,,,,,,
v3-main-771601/spring_petclinic_microservices/split/ND/0,acquisition,1,shared_native_pool,,3.279875807999815,native_parse,,,,,,
v3-main-771601/spring_petclinic_microservices/split/ND/0,graph,1,B0,,0.0043527590000280725,identification,,,,,,
v3-main-771601/spring_petclinic_microservices/split/ND/0,graph,1,shared_graph_family,,0.11482024299999694,extraction,create_visit,,,,,
v3-main-771601/spring_petclinic_microservices/split/ND/0,graph,1,shared_graph_family,,0.002245143999971333,identification,create_visit,,,,,
v3-main-771601/spring_petclinic_microservices/split/ND/0,graph,1,shared_graph_family,,0.001584016000037991,solve,create_visit,,,,,
v3-main-771601/spring_petclinic_microservices/split/ND/0,graph,1,G0,,0.00015070099999547892,identification,create_visit,,,,,
v3-main-771601/spring_petclinic_microservices/split/ND/0,graph,1,G0,,0.00012731499998608342,solve,create_visit,,,,,
v3-main-771601/spring_petclinic_microservices/split/ND/0,graph,1,shared_graph_family,,0.22598746399995662,extraction,list_owners,,,,,
v3-main-771601/spring_petclinic_microservices/split/ND/0,graph,1,shared_graph_family,,0.0015375189999531358,identification,list_owners,,,,,
v3-main-771601/spring_petclinic_microservices/split/ND/0,graph,1,shared_graph_family,,0.00015398499999719206,solve,list_owners,,,,,
v3-main-771601/spring_petclinic_microservices/split/ND/0,graph,1,G0,,0.0001319090000038159,identification,list_owners,,,,,
v3-main-771601/spring_petclinic_microservices/split/ND/0,graph,1,G0,,9.152299998049784e-05,solve,list_owners,,,,,
v3-main-771601/spring_petclinic_microservices/split/ND/0,graph,1,shared_graph_family,,0.0370453150000003,extraction,list_vets,,,,,
v3-main-771601/spring_petclinic_microservices/split/ND/0,graph,1,shared_graph_family,,0.0013379480000139665,identification,list_vets,,,,,
v3-main-771601/spring_petclinic_microservices/split/ND/0,graph,1,shared_graph_family,,0.00013203800000383126,solve,list_vets,,,,,
v3-main-771601/spring_petclinic_microservices/split/ND/0,graph,1,G0,,8.954800000537944e-05,identification,list_vets,,,,,
v3-main-771601/spring_petclinic_microservices/split/ND/0,graph,1,G0,,4.321099999060607e-05,solve,list_vets,,,,,
v3-main-771601/spring_petclinic_microservices/split/ND/0,graph,1,shared_graph_family,,0.14807749900001,extraction,owner_details_with_visits,,,,,
v3-main-771601/spring_petclinic_microservices/split/ND/0,graph,1,shared_graph_family,,0.0022881190000134666,identification,owner_details_with_visits,,,,,
v3-main-771601/spring_petclinic_microservices/split/ND/0,graph,1,shared_graph_family,,0.0013602170000126534,solve,owner_details_with_visits,,,,,
v3-main-771601/spring_petclinic_microservices/split/ND/0,graph,1,G0,,0.00020110900004510768,identification,owner_details_with_visits,,,,,
v3-main-771601/spring_petclinic_microservices/split/ND/0,graph,1,G0,,0.00011636599998610109,solve,owner_details_with_visits,,,,,
v3-main-771601/spring_petclinic_microservices/split/ND/0,pmx,1,PMX_shared_variants,,1.5376379839999998,native_projection,create_visit,,,,,
v3-main-771601/spring_petclinic_microservices/split/ND/0,pmx,1,PMX_shared_variants,,5.309817741000003,native_projection,list_owners,,,,,
v3-main-771601/spring_petclinic_microservices/split/ND/0,pmx,1,PMX_shared_variants,,1.0950137739999946,native_projection,list_vets,,,,,
v3-main-771601/spring_petclinic_microservices/split/ND/0,pmx,1,PMX_shared_variants,,2.4411327370000038,native_projection,owner_details_with_visits,,,,,
v3-main-771601/spring_petclinic_microservices/split/ND/0,pmx,1,PMX_shared_variants,,10.940636484999999,input_and_projection_process_total,,True,,,,
v3-main-771601/spring_petclinic_microservices/split/ND/0,pmx,1,PMX_shared_variants,,8.34,derived_binary_build,,,javac 11.0.32,2322880b6447754528e201553bc4e2fac00334b7d6f3ac202cfe1e3742bbbcc6,True,"{""maximum_rss_bytes"": 227700736.0, ""path"": ""build-resource-usage.txt"", ""system_seconds"": 0.33, ""user_seconds"": 6.96, ""wall_seconds"": 8.34}"
v3-main-771601/spring_petclinic_microservices/split/ND/0,pmx,1,PMX_shared_variants,,23.380068214999994,independent_pmx_extraction_process,create_visit,,,,,
v3-main-771601/spring_petclinic_microservices/split/ND/0,pmx,1,PMX_shared_variants,,25.19012170500001,independent_pmx_extraction_process,list_owners,,,,,
v3-main-771601/spring_petclinic_microservices/split/ND/0,pmx,1,PMX_shared_variants,,22.483065151000005,independent_pmx_extraction_process,list_vets,,,,,
v3-main-771601/spring_petclinic_microservices/split/ND/0,pmx,1,PMX_shared_variants,,23.189334676000016,independent_pmx_extraction_process,owner_details_with_visits,,,,,
v3-main-771601/spring_petclinic_microservices/split/ND/1,acquisition,1,shared_acquisition,True,2125.18372834,acquisition_and_export_process_total,,,,,,
v3-main-771601/spring_petclinic_microservices/split/ND/1,acquisition,1,shared_native_pool,,3.397212699999727,native_parse,,,,,,
v3-main-771601/spring_petclinic_microservices/split/ND/1,graph,1,B0,,0.005932084000008331,identification,,,,,,
v3-main-771601/spring_petclinic_microservices/split/ND/1,graph,1,shared_graph_family,,0.16143747699999267,extraction,create_visit,,,,,
v3-main-771601/spring_petclinic_microservices/split/ND/1,graph,1,shared_graph_family,,0.0029957370000062156,identification,create_visit,,,,,
v3-main-771601/spring_petclinic_microservices/split/ND/1,graph,1,shared_graph_family,,0.002257091000004152,solve,create_visit,,,,,
v3-main-771601/spring_petclinic_microservices/split/ND/1,graph,1,G0,,0.00020343799999977819,identification,create_visit,,,,,
v3-main-771601/spring_petclinic_microservices/split/ND/1,graph,1,G0,,0.0001562659999905236,solve,create_visit,,,,,
v3-main-771601/spring_petclinic_microservices/split/ND/1,graph,1,shared_graph_family,,0.3009525869999976,extraction,list_owners,,,,,
v3-main-771601/spring_petclinic_microservices/split/ND/1,graph,1,shared_graph_family,,0.0022487880000028326,identification,list_owners,,,,,
v3-main-771601/spring_petclinic_microservices/split/ND/1,graph,1,shared_graph_family,,0.00020383799999024177,solve,list_owners,,,,,
v3-main-771601/spring_petclinic_microservices/split/ND/1,graph,1,G0,,0.00017884999999751017,identification,list_owners,,,,,
v3-main-771601/spring_petclinic_microservices/split/ND/1,graph,1,G0,,0.00012957600000618186,solve,list_owners,,,,,
v3-main-771601/spring_petclinic_microservices/split/ND/1,graph,1,shared_graph_family,,0.049481407999991234,extraction,list_vets,,,,,
v3-main-771601/spring_petclinic_microservices/split/ND/1,graph,1,shared_graph_family,,0.0020634680000028993,identification,list_vets,,,,,
v3-main-771601/spring_petclinic_microservices/split/ND/1,graph,1,shared_graph_family,,0.000188093999994976,solve,list_vets,,,,,
v3-main-771601/spring_petclinic_microservices/split/ND/1,graph,1,G0,,0.00012339699999586173,identification,list_vets,,,,,
v3-main-771601/spring_petclinic_microservices/split/ND/1,graph,1,G0,,5.243999999038351e-05,solve,list_vets,,,,,
v3-main-771601/spring_petclinic_microservices/split/ND/1,graph,1,shared_graph_family,,0.1864726560000065,extraction,owner_details_with_visits,,,,,
v3-main-771601/spring_petclinic_microservices/split/ND/1,graph,1,shared_graph_family,,0.003268108000000325,identification,owner_details_with_visits,,,,,
v3-main-771601/spring_petclinic_microservices/split/ND/1,graph,1,shared_graph_family,,0.002140062999998804,solve,owner_details_with_visits,,,,,
v3-main-771601/spring_petclinic_microservices/split/ND/1,graph,1,G0,,0.0002688459999973247,identification,owner_details_with_visits,,,,,
v3-main-771601/spring_petclinic_microservices/split/ND/1,graph,1,G0,,0.0001426550000047655,solve,owner_details_with_visits,,,,,
v3-main-771601/spring_petclinic_microservices/split/ND/1,pmx,1,PMX_shared_variants,,1.659451157999996,native_projection,create_visit,,,,,
v3-main-771601/spring_petclinic_microservices/split/ND/1,pmx,1,PMX_shared_variants,,5.619516475999987,native_projection,list_owners,,,,,
v3-main-771601/spring_petclinic_microservices/split/ND/1,pmx,1,PMX_shared_variants,,1.1570459819999996,native_projection,list_vets,,,,,
v3-main-771601/spring_petclinic_microservices/split/ND/1,pmx,1,PMX_shared_variants,,2.5493984610000098,native_projection,owner_details_with_visits,,,,,
v3-main-771601/spring_petclinic_microservices/split/ND/1,pmx,1,PMX_shared_variants,,11.604074948000004,input_and_projection_process_total,,True,,,,
v3-main-771601/spring_petclinic_microservices/split/ND/1,pmx,1,PMX_shared_variants,,7.04,derived_binary_build,,,javac 11.0.32,2322880b6447754528e201553bc4e2fac00334b7d6f3ac202cfe1e3742bbbcc6,True,"{""maximum_rss_bytes"": 227840000.0, ""path"": ""build-resource-usage.txt"", ""system_seconds"": 0.36, ""user_seconds"": 6.96, ""wall_seconds"": 7.04}"
v3-main-771601/spring_petclinic_microservices/split/ND/1,pmx,1,PMX_shared_variants,,23.330122083999996,independent_pmx_extraction_process,create_visit,,,,,
v3-main-771601/spring_petclinic_microservices/split/ND/1,pmx,1,PMX_shared_variants,,25.491387563000004,independent_pmx_extraction_process,list_owners,,,,,
v3-main-771601/spring_petclinic_microservices/split/ND/1,pmx,1,PMX_shared_variants,,22.631045471999997,independent_pmx_extraction_process,list_vets,,,,,
v3-main-771601/spring_petclinic_microservices/split/ND/1,pmx,1,PMX_shared_variants,,23.087426668000006,independent_pmx_extraction_process,owner_details_with_visits,,,,,
v3-main-771601/spring_petclinic_microservices/split/ND/2,acquisition,1,shared_acquisition,True,2117.017048074,acquisition_and_export_process_total,,,,,,
v3-main-771601/spring_petclinic_microservices/split/ND/2,acquisition,1,shared_native_pool,,3.3914322440000433,native_parse,,,,,,
v3-main-771601/spring_petclinic_microservices/split/ND/2,graph,1,B0,,0.004605914999999072,identification,,,,,,
v3-main-771601/spring_petclinic_microservices/split/ND/2,graph,1,shared_graph_family,,0.12487917000000692,extraction,create_visit,,,,,
v3-main-771601/spring_petclinic_microservices/split/ND/2,graph,1,shared_graph_family,,0.0036339980000050787,identification,create_visit,,,,,
v3-main-771601/spring_petclinic_microservices/split/ND/2,graph,1,shared_graph_family,,0.0015163939999993659,solve,create_visit,,,,,
v3-main-771601/spring_petclinic_microservices/split/ND/2,graph,1,G0,,0.00014430299999901308,identification,create_visit,,,,,
v3-main-771601/spring_petclinic_microservices/split/ND/2,graph,1,G0,,9.739500000449652e-05,solve,create_visit,,,,,
v3-main-771601/spring_petclinic_microservices/split/ND/2,graph,1,shared_graph_family,,0.2504641550000031,extraction,list_owners,,,,,
v3-main-771601/spring_petclinic_microservices/split/ND/2,graph,1,shared_graph_family,,0.0016672670000019707,identification,list_owners,,,,,
v3-main-771601/spring_petclinic_microservices/split/ND/2,graph,1,shared_graph_family,,0.00015558999999853995,solve,list_owners,,,,,
v3-main-771601/spring_petclinic_microservices/split/ND/2,graph,1,G0,,0.0001346589999968728,identification,list_owners,,,,,
v3-main-771601/spring_petclinic_microservices/split/ND/2,graph,1,G0,,8.301300000113088e-05,solve,list_owners,,,,,
v3-main-771601/spring_petclinic_microservices/split/ND/2,graph,1,shared_graph_family,,0.037804755000003354,extraction,list_vets,,,,,
v3-main-771601/spring_petclinic_microservices/split/ND/2,graph,1,shared_graph_family,,0.0015567039999950794,identification,list_vets,,,,,
v3-main-771601/spring_petclinic_microservices/split/ND/2,graph,1,shared_graph_family,,0.00014265200000096456,solve,list_vets,,,,,
v3-main-771601/spring_petclinic_microservices/split/ND/2,graph,1,G0,,8.90809999987141e-05,identification,list_vets,,,,,
v3-main-771601/spring_petclinic_microservices/split/ND/2,graph,1,G0,,3.615399999290503e-05,solve,list_vets,,,,,
v3-main-771601/spring_petclinic_microservices/split/ND/2,graph,1,shared_graph_family,,0.1467293960000049,extraction,owner_details_with_visits,,,,,
v3-main-771601/spring_petclinic_microservices/split/ND/2,graph,1,shared_graph_family,,0.002685033999995312,identification,owner_details_with_visits,,,,,
v3-main-771601/spring_petclinic_microservices/split/ND/2,graph,1,shared_graph_family,,0.0017255340000019714,solve,owner_details_with_visits,,,,,
v3-main-771601/spring_petclinic_microservices/split/ND/2,graph,1,G0,,0.00019526899999533498,identification,owner_details_with_visits,,,,,
v3-main-771601/spring_petclinic_microservices/split/ND/2,graph,1,G0,,9.665299999994659e-05,solve,owner_details_with_visits,,,,,
v3-main-771601/spring_petclinic_microservices/split/ND/2,pmx,1,PMX_shared_variants,,1.1407955600000008,native_projection,create_visit,,,,,
v3-main-771601/spring_petclinic_microservices/split/ND/2,pmx,1,PMX_shared_variants,,3.9348284959999944,native_projection,list_owners,,,,,
v3-main-771601/spring_petclinic_microservices/split/ND/2,pmx,1,PMX_shared_variants,,0.7912899089999996,native_projection,list_vets,,,,,
v3-main-771601/spring_petclinic_microservices/split/ND/2,pmx,1,PMX_shared_variants,,1.7721230779999928,native_projection,owner_details_with_visits,,,,,
v3-main-771601/spring_petclinic_microservices/split/ND/2,pmx,1,PMX_shared_variants,,8.08668587199999,input_and_projection_process_total,,True,,,,
v3-main-771601/spring_petclinic_microservices/split/ND/2,pmx,1,PMX_shared_variants,,8.84,derived_binary_build,,,javac 11.0.32,2322880b6447754528e201553bc4e2fac00334b7d6f3ac202cfe1e3742bbbcc6,True,"{""maximum_rss_bytes"": 225660928.0, ""path"": ""build-resource-usage.txt"", ""system_seconds"": 0.27, ""user_seconds"": 6.46, ""wall_seconds"": 8.84}"
v3-main-771601/spring_petclinic_microservices/split/ND/2,pmx,1,PMX_shared_variants,,24.030428273000012,independent_pmx_extraction_process,create_visit,,,,,
v3-main-771601/spring_petclinic_microservices/split/ND/2,pmx,1,PMX_shared_variants,,26.39522671200001,independent_pmx_extraction_process,list_owners,,,,,
v3-main-771601/spring_petclinic_microservices/split/ND/2,pmx,1,PMX_shared_variants,,22.280490107999995,independent_pmx_extraction_process,list_vets,,,,,
v3-main-771601/spring_petclinic_microservices/split/ND/2,pmx,1,PMX_shared_variants,,23.084353970000024,independent_pmx_extraction_process,owner_details_with_visits,,,,,
v3-main-771601/spring_petclinic_microservices/split/ND/3,acquisition,1,shared_acquisition,True,2116.8822821199997,acquisition_and_export_process_total,,,,,,
v3-main-771601/spring_petclinic_microservices/split/ND/3,acquisition,1,shared_native_pool,,3.2672382170003402,native_parse,,,,,,
v3-main-771601/spring_petclinic_microservices/split/ND/3,graph,1,B0,,0.004558295000038015,identification,,,,,,
v3-main-771601/spring_petclinic_microservices/split/ND/3,graph,1,shared_graph_family,,0.1146100830000023,extraction,create_visit,,,,,
v3-main-771601/spring_petclinic_microservices/split/ND/3,graph,1,shared_graph_family,,0.00223869299998114,identification,create_visit,,,,,
v3-main-771601/spring_petclinic_microservices/split/ND/3,graph,1,shared_graph_family,,0.0014806279999675098,solve,create_visit,,,,,
v3-main-771601/spring_petclinic_microservices/split/ND/3,graph,1,G0,,0.0001477079999858688,identification,create_visit,,,,,
v3-main-771601/spring_petclinic_microservices/split/ND/3,graph,1,G0,,9.587099998498161e-05,solve,create_visit,,,,,
v3-main-771601/spring_petclinic_microservices/split/ND/3,graph,1,shared_graph_family,,0.2316115329999775,extraction,list_owners,,,,,
v3-main-771601/spring_petclinic_microservices/split/ND/3,graph,1,shared_graph_family,,0.0017098350000424034,identification,list_owners,,,,,
v3-main-771601/spring_petclinic_microservices/split/ND/3,graph,1,shared_graph_family,,0.00015802199993686372,solve,list_owners,,,,,
v3-main-771601/spring_petclinic_microservices/split/ND/3,graph,1,G0,,0.00012678699999923992,identification,list_owners,,,,,
v3-main-771601/spring_petclinic_microservices/split/ND/3,graph,1,G0,,7.06140000374944e-05,solve,list_owners,,,,,
v3-main-771601/spring_petclinic_microservices/split/ND/3,graph,1,shared_graph_family,,0.03631419599992114,extraction,list_vets,,,,,
v3-main-771601/spring_petclinic_microservices/split/ND/3,graph,1,shared_graph_family,,0.001510272000018631,identification,list_vets,,,,,
v3-main-771601/spring_petclinic_microservices/split/ND/3,graph,1,shared_graph_family,,0.00013122300003942655,solve,list_vets,,,,,
v3-main-771601/spring_petclinic_microservices/split/ND/3,graph,1,G0,,8.875999992596917e-05,identification,list_vets,,,,,
v3-main-771601/spring_petclinic_microservices/split/ND/3,graph,1,G0,,4.0820999970492267e-05,solve,list_vets,,,,,
v3-main-771601/spring_petclinic_microservices/split/ND/3,graph,1,shared_graph_family,,0.1423191510000379,extraction,owner_details_with_visits,,,,,
v3-main-771601/spring_petclinic_microservices/split/ND/3,graph,1,shared_graph_family,,0.002400531000034789,identification,owner_details_with_visits,,,,,
v3-main-771601/spring_petclinic_microservices/split/ND/3,graph,1,shared_graph_family,,0.001537121000069419,solve,owner_details_with_visits,,,,,
v3-main-771601/spring_petclinic_microservices/split/ND/3,graph,1,G0,,0.00019252399999913905,identification,owner_details_with_visits,,,,,
v3-main-771601/spring_petclinic_microservices/split/ND/3,graph,1,G0,,8.238100008384208e-05,solve,owner_details_with_visits,,,,,
v3-main-771601/spring_petclinic_microservices/split/ND/3,pmx,1,PMX_shared_variants,,1.3079360340000221,native_projection,create_visit,,,,,
v3-main-771601/spring_petclinic_microservices/split/ND/3,pmx,1,PMX_shared_variants,,4.376714340000007,native_projection,list_owners,,,,,
v3-main-771601/spring_petclinic_microservices/split/ND/3,pmx,1,PMX_shared_variants,,0.910350488000006,native_projection,list_vets,,,,,
v3-main-771601/spring_petclinic_microservices/split/ND/3,pmx,1,PMX_shared_variants,,2.016403636000007,native_projection,owner_details_with_visits,,,,,
v3-main-771601/spring_petclinic_microservices/split/ND/3,pmx,1,PMX_shared_variants,,9.13427262899998,input_and_projection_process_total,,True,,,,
v3-main-771601/spring_petclinic_microservices/split/ND/3,pmx,1,PMX_shared_variants,,13.04,derived_binary_build,,,javac 11.0.32,2322880b6447754528e201553bc4e2fac00334b7d6f3ac202cfe1e3742bbbcc6,True,"{""maximum_rss_bytes"": 225697792.0, ""path"": ""build-resource-usage.txt"", ""system_seconds"": 0.29, ""user_seconds"": 7.13, ""wall_seconds"": 13.04}"
v3-main-771601/spring_petclinic_microservices/split/ND/3,pmx,1,PMX_shared_variants,,24.087245011999983,independent_pmx_extraction_process,create_visit,,,,,
v3-main-771601/spring_petclinic_microservices/split/ND/3,pmx,1,PMX_shared_variants,,27.049389356000006,independent_pmx_extraction_process,list_owners,,,,,
v3-main-771601/spring_petclinic_microservices/split/ND/3,pmx,1,PMX_shared_variants,,22.530963636999957,independent_pmx_extraction_process,list_vets,,,,,
v3-main-771601/spring_petclinic_microservices/split/ND/3,pmx,1,PMX_shared_variants,,23.236832477000007,independent_pmx_extraction_process,owner_details_with_visits,,,,,
v3-main-771601/spring_petclinic_microservices/split/ND/4,acquisition,1,shared_acquisition,True,2111.892310697,acquisition_and_export_process_total,,,,,,
v3-main-771601/spring_petclinic_microservices/split/ND/4,acquisition,1,shared_native_pool,,2.5817373559998487,native_parse,,,,,,
v3-main-771601/spring_petclinic_microservices/split/ND/4,graph,1,B0,,0.005813764999999194,identification,,,,,,
v3-main-771601/spring_petclinic_microservices/split/ND/4,graph,1,shared_graph_family,,0.16131841099999633,extraction,create_visit,,,,,
v3-main-771601/spring_petclinic_microservices/split/ND/4,graph,1,shared_graph_family,,0.0030541280000022653,identification,create_visit,,,,,
v3-main-771601/spring_petclinic_microservices/split/ND/4,graph,1,shared_graph_family,,0.0020964500000104636,solve,create_visit,,,,,
v3-main-771601/spring_petclinic_microservices/split/ND/4,graph,1,G0,,0.00019473300000072413,identification,create_visit,,,,,
v3-main-771601/spring_petclinic_microservices/split/ND/4,graph,1,G0,,0.00013900900000862748,solve,create_visit,,,,,
v3-main-771601/spring_petclinic_microservices/split/ND/4,graph,1,shared_graph_family,,0.29743966100002694,extraction,list_owners,,,,,
v3-main-771601/spring_petclinic_microservices/split/ND/4,graph,1,shared_graph_family,,0.0021562200000175835,identification,list_owners,,,,,
v3-main-771601/spring_petclinic_microservices/split/ND/4,graph,1,shared_graph_family,,0.00019772800001760515,solve,list_owners,,,,,
v3-main-771601/spring_petclinic_microservices/split/ND/4,graph,1,G0,,0.00017262000000073385,identification,list_owners,,,,,
v3-main-771601/spring_petclinic_microservices/split/ND/4,graph,1,G0,,0.00010678999998958716,solve,list_owners,,,,,
v3-main-771601/spring_petclinic_microservices/split/ND/4,graph,1,shared_graph_family,,0.047452237000015884,extraction,list_vets,,,,,
v3-main-771601/spring_petclinic_microservices/split/ND/4,graph,1,shared_graph_family,,0.0019222379999916939,identification,list_vets,,,,,
v3-main-771601/spring_petclinic_microservices/split/ND/4,graph,1,shared_graph_family,,0.00019042599998897458,solve,list_vets,,,,,
v3-main-771601/spring_petclinic_microservices/split/ND/4,graph,1,G0,,0.0001278720000073008,identification,list_vets,,,,,
v3-main-771601/spring_petclinic_microservices/split/ND/4,graph,1,G0,,4.4788000025164365e-05,solve,list_vets,,,,,
v3-main-771601/spring_petclinic_microservices/split/ND/4,graph,1,shared_graph_family,,0.18322902000002728,extraction,owner_details_with_visits,,,,,
v3-main-771601/spring_petclinic_microservices/split/ND/4,graph,1,shared_graph_family,,0.00314609700001256,identification,owner_details_with_visits,,,,,
v3-main-771601/spring_petclinic_microservices/split/ND/4,graph,1,shared_graph_family,,0.0019988329999875987,solve,owner_details_with_visits,,,,,
v3-main-771601/spring_petclinic_microservices/split/ND/4,graph,1,G0,,0.0002585180000096443,identification,owner_details_with_visits,,,,,
v3-main-771601/spring_petclinic_microservices/split/ND/4,graph,1,G0,,0.00010942500000510336,solve,owner_details_with_visits,,,,,
v3-main-771601/spring_petclinic_microservices/split/ND/4,pmx,1,PMX_shared_variants,,1.3356979039999999,native_projection,create_visit,,,,,
v3-main-771601/spring_petclinic_microservices/split/ND/4,pmx,1,PMX_shared_variants,,4.388846617000013,native_projection,list_owners,,,,,
v3-main-771601/spring_petclinic_microservices/split/ND/4,pmx,1,PMX_shared_variants,,0.876617987000003,native_projection,list_vets,,,,,
v3-main-771601/spring_petclinic_microservices/split/ND/4,pmx,1,PMX_shared_variants,,1.9094826059999832,native_projection,owner_details_with_visits,,,,,
v3-main-771601/spring_petclinic_microservices/split/ND/4,pmx,1,PMX_shared_variants,,9.019985041000012,input_and_projection_process_total,,True,,,,
v3-main-771601/spring_petclinic_microservices/split/ND/4,pmx,1,PMX_shared_variants,,10.25,derived_binary_build,,,javac 11.0.32,2322880b6447754528e201553bc4e2fac00334b7d6f3ac202cfe1e3742bbbcc6,True,"{""maximum_rss_bytes"": 225755136.0, ""path"": ""build-resource-usage.txt"", ""system_seconds"": 0.28, ""user_seconds"": 6.7, ""wall_seconds"": 10.25}"
v3-main-771601/spring_petclinic_microservices/split/ND/4,pmx,1,PMX_shared_variants,,25.087859087999988,independent_pmx_extraction_process,create_visit,,,,,
v3-main-771601/spring_petclinic_microservices/split/ND/4,pmx,1,PMX_shared_variants,,26.95045717299999,independent_pmx_extraction_process,list_owners,,,,,
v3-main-771601/spring_petclinic_microservices/split/ND/4,pmx,1,PMX_shared_variants,,22.325593833,independent_pmx_extraction_process,list_vets,,,,,
v3-main-771601/spring_petclinic_microservices/split/ND/4,pmx,1,PMX_shared_variants,,23.08638123099999,independent_pmx_extraction_process,owner_details_with_visits,,,,,
v3-main-771601/spring_petclinic_microservices/split/ND/5,acquisition,1,shared_acquisition,True,2116.76233614,acquisition_and_export_process_total,,,,,,
v3-main-771601/spring_petclinic_microservices/split/ND/5,acquisition,1,shared_native_pool,,3.3138955220001662,native_parse,,,,,,
v3-main-771601/spring_petclinic_microservices/split/ND/5,graph,1,B0,,0.0045307999999977255,identification,,,,,,
v3-main-771601/spring_petclinic_microservices/split/ND/5,graph,1,shared_graph_family,,0.11410253200000398,extraction,create_visit,,,,,
v3-main-771601/spring_petclinic_microservices/split/ND/5,graph,1,shared_graph_family,,0.0022049639999863757,identification,create_visit,,,,,
v3-main-771601/spring_petclinic_microservices/split/ND/5,graph,1,shared_graph_family,,0.0013266839999914737,solve,create_visit,,,,,
v3-main-771601/spring_petclinic_microservices/split/ND/5,graph,1,G0,,0.00015536299997620517,identification,create_visit,,,,,
v3-main-771601/spring_petclinic_microservices/split/ND/5,graph,1,G0,,9.807800000771749e-05,solve,create_visit,,,,,
v3-main-771601/spring_petclinic_microservices/split/ND/5,graph,1,shared_graph_family,,0.22715756999997438,extraction,list_owners,,,,,
v3-main-771601/spring_petclinic_microservices/split/ND/5,graph,1,shared_graph_family,,0.0017078170000104365,identification,list_owners,,,,,
v3-main-771601/spring_petclinic_microservices/split/ND/5,graph,1,shared_graph_family,,0.0001572360000068329,solve,list_owners,,,,,
v3-main-771601/spring_petclinic_microservices/split/ND/5,graph,1,G0,,0.00012613000001238106,identification,list_owners,,,,,
v3-main-771601/spring_petclinic_microservices/split/ND/5,graph,1,G0,,7.44519999784643e-05,solve,list_owners,,,,,
v3-main-771601/spring_petclinic_microservices/split/ND/5,graph,1,shared_graph_family,,0.03586056699998608,extraction,list_vets,,,,,
v3-main-771601/spring_petclinic_microservices/split/ND/5,graph,1,shared_graph_family,,0.001445902999989812,identification,list_vets,,,,,
v3-main-771601/spring_petclinic_microservices/split/ND/5,graph,1,shared_graph_family,,0.00013218899999856148,solve,list_vets,,,,,
v3-main-771601/spring_petclinic_microservices/split/ND/5,graph,1,G0,,8.801199999197706e-05,identification,list_vets,,,,,
v3-main-771601/spring_petclinic_microservices/split/ND/5,graph,1,G0,,3.062600001157989e-05,solve,list_vets,,,,,
v3-main-771601/spring_petclinic_microservices/split/ND/5,graph,1,shared_graph_family,,0.1417439859999945,extraction,owner_details_with_visits,,,,,
v3-main-771601/spring_petclinic_microservices/split/ND/5,graph,1,shared_graph_family,,0.002384082999981274,identification,owner_details_with_visits,,,,,
v3-main-771601/spring_petclinic_microservices/split/ND/5,graph,1,shared_graph_family,,0.0015044809999835707,solve,owner_details_with_visits,,,,,
v3-main-771601/spring_petclinic_microservices/split/ND/5,graph,1,G0,,0.00018833299998277653,identification,owner_details_with_visits,,,,,
v3-main-771601/spring_petclinic_microservices/split/ND/5,graph,1,G0,,8.192299998199815e-05,solve,owner_details_with_visits,,,,,
v3-main-771601/spring_petclinic_microservices/split/ND/5,pmx,1,PMX_shared_variants,,1.3351630270000001,native_projection,create_visit,,,,,
v3-main-771601/spring_petclinic_microservices/split/ND/5,pmx,1,PMX_shared_variants,,4.5505768029999984,native_projection,list_owners,,,,,
v3-main-771601/spring_petclinic_microservices/split/ND/5,pmx,1,PMX_shared_variants,,0.8978165440000083,native_projection,list_vets,,,,,
v3-main-771601/spring_petclinic_microservices/split/ND/5,pmx,1,PMX_shared_variants,,2.037052063999994,native_projection,owner_details_with_visits,,,,,
v3-main-771601/spring_petclinic_microservices/split/ND/5,pmx,1,PMX_shared_variants,,9.316568086000004,input_and_projection_process_total,,True,,,,
v3-main-771601/spring_petclinic_microservices/split/ND/5,pmx,1,PMX_shared_variants,,11.28,derived_binary_build,,,javac 11.0.32,2322880b6447754528e201553bc4e2fac00334b7d6f3ac202cfe1e3742bbbcc6,True,"{""maximum_rss_bytes"": 225685504.0, ""path"": ""build-resource-usage.txt"", ""system_seconds"": 0.29, ""user_seconds"": 5.78, ""wall_seconds"": 11.28}"
v3-main-771601/spring_petclinic_microservices/split/ND/5,pmx,1,PMX_shared_variants,,24.329910408000003,independent_pmx_extraction_process,create_visit,,,,,
v3-main-771601/spring_petclinic_microservices/split/ND/5,pmx,1,PMX_shared_variants,,24.643615373000003,independent_pmx_extraction_process,list_owners,,,,,
v3-main-771601/spring_petclinic_microservices/split/ND/5,pmx,1,PMX_shared_variants,,22.082082193000005,independent_pmx_extraction_process,list_vets,,,,,
v3-main-771601/spring_petclinic_microservices/split/ND/5,pmx,1,PMX_shared_variants,,22.72909397700002,independent_pmx_extraction_process,owner_details_with_visits,,,,,
v3-main-771601/spring_petclinic_microservices/split/ND/6,acquisition,1,shared_acquisition,True,2115.5247349640003,acquisition_and_export_process_total,,,,,,
v3-main-771601/spring_petclinic_microservices/split/ND/6,acquisition,1,shared_native_pool,,3.307031616000131,native_parse,,,,,,
v3-main-771601/spring_petclinic_microservices/split/ND/6,graph,1,B0,,0.005845148000048539,identification,,,,,,
v3-main-771601/spring_petclinic_microservices/split/ND/6,graph,1,shared_graph_family,,0.16901926200000617,extraction,create_visit,,,,,
v3-main-771601/spring_petclinic_microservices/split/ND/6,graph,1,shared_graph_family,,0.0031220619999885457,identification,create_visit,,,,,
v3-main-771601/spring_petclinic_microservices/split/ND/6,graph,1,shared_graph_family,,0.0021611839999877702,solve,create_visit,,,,,
v3-main-771601/spring_petclinic_microservices/split/ND/6,graph,1,G0,,0.00020108499995785678,identification,create_visit,,,,,
v3-main-771601/spring_petclinic_microservices/split/ND/6,graph,1,G0,,0.00014416099998015852,solve,create_visit,,,,,
v3-main-771601/spring_petclinic_microservices/split/ND/6,graph,1,shared_graph_family,,0.2967271569999639,extraction,list_owners,,,,,
v3-main-771601/spring_petclinic_microservices/split/ND/6,graph,1,shared_graph_family,,0.0022603790000630397,identification,list_owners,,,,,
v3-main-771601/spring_petclinic_microservices/split/ND/6,graph,1,shared_graph_family,,0.00020821399994019885,solve,list_owners,,,,,
v3-main-771601/spring_petclinic_microservices/split/ND/6,graph,1,G0,,0.00016712499996174301,identification,list_owners,,,,,
v3-main-771601/spring_petclinic_microservices/split/ND/6,graph,1,G0,,9.78340000301614e-05,solve,list_owners,,,,,
v3-main-771601/spring_petclinic_microservices/split/ND/6,graph,1,shared_graph_family,,0.046109200999921995,extraction,list_vets,,,,,
v3-main-771601/spring_petclinic_microservices/split/ND/6,graph,1,shared_graph_family,,0.0018550560000676342,identification,list_vets,,,,,
v3-main-771601/spring_petclinic_microservices/split/ND/6,graph,1,shared_graph_family,,0.00017445599996790406,solve,list_vets,,,,,
v3-main-771601/spring_petclinic_microservices/split/ND/6,graph,1,G0,,0.0001158690000693241,identification,list_vets,,,,,
v3-main-771601/spring_petclinic_microservices/split/ND/6,graph,1,G0,,3.973799994128058e-05,solve,list_vets,,,,,
v3-main-771601/spring_petclinic_microservices/split/ND/6,graph,1,shared_graph_family,,0.18064957100000356,extraction,owner_details_with_visits,,,,,
v3-main-771601/spring_petclinic_microservices/split/ND/6,graph,1,shared_graph_family,,0.003162550999945779,identification,owner_details_with_visits,,,,,
v3-main-771601/spring_petclinic_microservices/split/ND/6,graph,1,shared_graph_family,,0.002002572000037617,solve,owner_details_with_visits,,,,,
v3-main-771601/spring_petclinic_microservices/split/ND/6,graph,1,G0,,0.00024532900010854064,identification,owner_details_with_visits,,,,,
v3-main-771601/spring_petclinic_microservices/split/ND/6,graph,1,G0,,0.00010188900000684953,solve,owner_details_with_visits,,,,,
v3-main-771601/spring_petclinic_microservices/split/ND/6,pmx,1,PMX_shared_variants,,1.6099576999999954,native_projection,create_visit,,,,,
v3-main-771601/spring_petclinic_microservices/split/ND/6,pmx,1,PMX_shared_variants,,5.381803336000075,native_projection,list_owners,,,,,
v3-main-771601/spring_petclinic_microservices/split/ND/6,pmx,1,PMX_shared_variants,,1.1256510489999982,native_projection,list_vets,,,,,
v3-main-771601/spring_petclinic_microservices/split/ND/6,pmx,1,PMX_shared_variants,,2.4302368529999967,native_projection,owner_details_with_visits,,,,,
v3-main-771601/spring_petclinic_microservices/split/ND/6,pmx,1,PMX_shared_variants,,11.09114474699993,input_and_projection_process_total,,True,,,,
v3-main-771601/spring_petclinic_microservices/split/ND/6,pmx,1,PMX_shared_variants,,7.51,derived_binary_build,,,javac 11.0.32,2322880b6447754528e201553bc4e2fac00334b7d6f3ac202cfe1e3742bbbcc6,True,"{""maximum_rss_bytes"": 227741696.0, ""path"": ""build-resource-usage.txt"", ""system_seconds"": 0.29, ""user_seconds"": 6.7, ""wall_seconds"": 7.51}"
v3-main-771601/spring_petclinic_microservices/split/ND/6,pmx,1,PMX_shared_variants,,23.68350103299997,independent_pmx_extraction_process,create_visit,,,,,
v3-main-771601/spring_petclinic_microservices/split/ND/6,pmx,1,PMX_shared_variants,,25.645937159000027,independent_pmx_extraction_process,list_owners,,,,,
v3-main-771601/spring_petclinic_microservices/split/ND/6,pmx,1,PMX_shared_variants,,22.63384961199995,independent_pmx_extraction_process,list_vets,,,,,
v3-main-771601/spring_petclinic_microservices/split/ND/6,pmx,1,PMX_shared_variants,,23.235258671999986,independent_pmx_extraction_process,owner_details_with_visits,,,,,
v3-main-771601/spring_petclinic_microservices/split/ND/7,acquisition,1,shared_acquisition,True,2133.307296721,acquisition_and_export_process_total,,,,,,
v3-main-771601/spring_petclinic_microservices/split/ND/7,acquisition,1,shared_native_pool,,3.398847763000049,native_parse,,,,,,
v3-main-771601/spring_petclinic_microservices/split/ND/7,graph,1,B0,,0.005879918000005091,identification,,,,,,
v3-main-771601/spring_petclinic_microservices/split/ND/7,graph,1,shared_graph_family,,0.16170715499998778,extraction,create_visit,,,,,
v3-main-771601/spring_petclinic_microservices/split/ND/7,graph,1,shared_graph_family,,0.0030393310000249585,identification,create_visit,,,,,
v3-main-771601/spring_petclinic_microservices/split/ND/7,graph,1,shared_graph_family,,0.0019260860000258617,solve,create_visit,,,,,
v3-main-771601/spring_petclinic_microservices/split/ND/7,graph,1,G0,,0.00018911000000798595,identification,create_visit,,,,,
v3-main-771601/spring_petclinic_microservices/split/ND/7,graph,1,G0,,0.00013547999998309024,solve,create_visit,,,,,
v3-main-771601/spring_petclinic_microservices/split/ND/7,graph,1,shared_graph_family,,0.29807946300002186,extraction,list_owners,,,,,
v3-main-771601/spring_petclinic_microservices/split/ND/7,graph,1,shared_graph_family,,0.002116778000015529,identification,list_owners,,,,,
v3-main-771601/spring_petclinic_microservices/split/ND/7,graph,1,shared_graph_family,,0.00020069699996838608,solve,list_owners,,,,,
v3-main-771601/spring_petclinic_microservices/split/ND/7,graph,1,G0,,0.0001580139999646235,identification,list_owners,,,,,
v3-main-771601/spring_petclinic_microservices/split/ND/7,graph,1,G0,,9.103399997911765e-05,solve,list_owners,,,,,
v3-main-771601/spring_petclinic_microservices/split/ND/7,graph,1,shared_graph_family,,0.04786702000001242,extraction,list_vets,,,,,
v3-main-771601/spring_petclinic_microservices/split/ND/7,graph,1,shared_graph_family,,0.001958074000015131,identification,list_vets,,,,,
v3-main-771601/spring_petclinic_microservices/split/ND/7,graph,1,shared_graph_family,,0.0001802360000056069,solve,list_vets,,,,,
v3-main-771601/spring_petclinic_microservices/split/ND/7,graph,1,G0,,0.0001151399999912428,identification,list_vets,,,,,
v3-main-771601/spring_petclinic_microservices/split/ND/7,graph,1,G0,,4.62090000041826e-05,solve,list_vets,,,,,
v3-main-771601/spring_petclinic_microservices/split/ND/7,graph,1,shared_graph_family,,0.18785486100000526,extraction,owner_details_with_visits,,,,,
v3-main-771601/spring_petclinic_microservices/split/ND/7,graph,1,shared_graph_family,,0.0032076299999630464,identification,owner_details_with_visits,,,,,
v3-main-771601/spring_petclinic_microservices/split/ND/7,graph,1,shared_graph_family,,0.001713402000007136,solve,owner_details_with_visits,,,,,
v3-main-771601/spring_petclinic_microservices/split/ND/7,graph,1,G0,,0.0002488080000375703,identification,owner_details_with_visits,,,,,
v3-main-771601/spring_petclinic_microservices/split/ND/7,graph,1,G0,,0.00010496499999135267,solve,owner_details_with_visits,,,,,
v3-main-771601/spring_petclinic_microservices/split/ND/7,pmx,1,PMX_shared_variants,,1.5751267619999965,native_projection,create_visit,,,,,
v3-main-771601/spring_petclinic_microservices/split/ND/7,pmx,1,PMX_shared_variants,,5.358350389999998,native_projection,list_owners,,,,,
v3-main-771601/spring_petclinic_microservices/split/ND/7,pmx,1,PMX_shared_variants,,1.1055318040000088,native_projection,list_vets,,,,,
v3-main-771601/spring_petclinic_microservices/split/ND/7,pmx,1,PMX_shared_variants,,2.59633788699999,native_projection,owner_details_with_visits,,,,,
v3-main-771601/spring_petclinic_microservices/split/ND/7,pmx,1,PMX_shared_variants,,11.190922820000011,input_and_projection_process_total,,True,,,,
v3-main-771601/spring_petclinic_microservices/split/ND/7,pmx,1,PMX_shared_variants,,12.43,derived_binary_build,,,javac 11.0.32,2322880b6447754528e201553bc4e2fac00334b7d6f3ac202cfe1e3742bbbcc6,True,"{""maximum_rss_bytes"": 227561472.0, ""path"": ""build-resource-usage.txt"", ""system_seconds"": 0.35, ""user_seconds"": 6.94, ""wall_seconds"": 12.43}"
v3-main-771601/spring_petclinic_microservices/split/ND/7,pmx,1,PMX_shared_variants,,24.482563786,independent_pmx_extraction_process,create_visit,,,,,
v3-main-771601/spring_petclinic_microservices/split/ND/7,pmx,1,PMX_shared_variants,,25.242745907,independent_pmx_extraction_process,list_owners,,,,,
v3-main-771601/spring_petclinic_microservices/split/ND/7,pmx,1,PMX_shared_variants,,22.52806044099998,independent_pmx_extraction_process,list_vets,,,,,
v3-main-771601/spring_petclinic_microservices/split/ND/7,pmx,1,PMX_shared_variants,,22.828243606,independent_pmx_extraction_process,owner_details_with_visits,,,,,
v3-main-771601/spring_petclinic_microservices/split/ND/8,acquisition,1,shared_acquisition,True,2127.862355127,acquisition_and_export_process_total,,,,,,
v3-main-771601/spring_petclinic_microservices/split/ND/8,acquisition,1,shared_native_pool,,3.3620005309999215,native_parse,,,,,,
v3-main-771601/spring_petclinic_microservices/split/ND/8,graph,1,B0,,0.006076746000019284,identification,,,,,,
v3-main-771601/spring_petclinic_microservices/split/ND/8,graph,1,shared_graph_family,,0.17910164299999565,extraction,create_visit,,,,,
v3-main-771601/spring_petclinic_microservices/split/ND/8,graph,1,shared_graph_family,,0.0029266530000029434,identification,create_visit,,,,,
v3-main-771601/spring_petclinic_microservices/split/ND/8,graph,1,shared_graph_family,,0.0022765899999797057,solve,create_visit,,,,,
v3-main-771601/spring_petclinic_microservices/split/ND/8,graph,1,G0,,0.0001946159999874908,identification,create_visit,,,,,
v3-main-771601/spring_petclinic_microservices/split/ND/8,graph,1,G0,,0.0001392609999868455,solve,create_visit,,,,,
v3-main-771601/spring_petclinic_microservices/split/ND/8,graph,1,shared_graph_family,,0.353146296999995,extraction,list_owners,,,,,
v3-main-771601/spring_petclinic_microservices/split/ND/8,graph,1,shared_graph_family,,0.0022304740000151924,identification,list_owners,,,,,
v3-main-771601/spring_petclinic_microservices/split/ND/8,graph,1,shared_graph_family,,0.00020519500000659718,solve,list_owners,,,,,
v3-main-771601/spring_petclinic_microservices/split/ND/8,graph,1,G0,,0.00017247400000997004,identification,list_owners,,,,,
v3-main-771601/spring_petclinic_microservices/split/ND/8,graph,1,G0,,0.00011013699997874937,solve,list_owners,,,,,
v3-main-771601/spring_petclinic_microservices/split/ND/8,graph,1,shared_graph_family,,0.056178641999991896,extraction,list_vets,,,,,
v3-main-771601/spring_petclinic_microservices/split/ND/8,graph,1,shared_graph_family,,0.0019976359999986926,identification,list_vets,,,,,
v3-main-771601/spring_petclinic_microservices/split/ND/8,graph,1,shared_graph_family,,0.00017290499999944586,solve,list_vets,,,,,
v3-main-771601/spring_petclinic_microservices/split/ND/8,graph,1,G0,,0.00012127799999461786,identification,list_vets,,,,,
v3-main-771601/spring_petclinic_microservices/split/ND/8,graph,1,G0,,4.636700001015015e-05,solve,list_vets,,,,,
v3-main-771601/spring_petclinic_microservices/split/ND/8,graph,1,shared_graph_family,,0.22139922499999898,extraction,owner_details_with_visits,,,,,
v3-main-771601/spring_petclinic_microservices/split/ND/8,graph,1,shared_graph_family,,0.0032209660000148688,identification,owner_details_with_visits,,,,,
v3-main-771601/spring_petclinic_microservices/split/ND/8,graph,1,shared_graph_family,,0.002200096999985135,solve,owner_details_with_visits,,,,,
v3-main-771601/spring_petclinic_microservices/split/ND/8,graph,1,G0,,0.0002532459999997627,identification,owner_details_with_visits,,,,,
v3-main-771601/spring_petclinic_microservices/split/ND/8,graph,1,G0,,0.00012378299999227238,solve,owner_details_with_visits,,,,,
v3-main-771601/spring_petclinic_microservices/split/ND/8,pmx,1,PMX_shared_variants,,1.7338296960000008,native_projection,create_visit,,,,,
v3-main-771601/spring_petclinic_microservices/split/ND/8,pmx,1,PMX_shared_variants,,5.772710399999994,native_projection,list_owners,,,,,
v3-main-771601/spring_petclinic_microservices/split/ND/8,pmx,1,PMX_shared_variants,,1.184834175000006,native_projection,list_vets,,,,,
v3-main-771601/spring_petclinic_microservices/split/ND/8,pmx,1,PMX_shared_variants,,2.578539809999995,native_projection,owner_details_with_visits,,,,,
v3-main-771601/spring_petclinic_microservices/split/ND/8,pmx,1,PMX_shared_variants,,11.869464528999998,input_and_projection_process_total,,True,,,,
v3-main-771601/spring_petclinic_microservices/split/ND/8,pmx,1,PMX_shared_variants,,8.03,derived_binary_build,,,javac 11.0.32,2322880b6447754528e201553bc4e2fac00334b7d6f3ac202cfe1e3742bbbcc6,True,"{""maximum_rss_bytes"": 227688448.0, ""path"": ""build-resource-usage.txt"", ""system_seconds"": 0.32, ""user_seconds"": 7.08, ""wall_seconds"": 8.03}"
v3-main-771601/spring_petclinic_microservices/split/ND/8,pmx,1,PMX_shared_variants,,23.638864955000003,independent_pmx_extraction_process,create_visit,,,,,
v3-main-771601/spring_petclinic_microservices/split/ND/8,pmx,1,PMX_shared_variants,,25.998539811000015,independent_pmx_extraction_process,list_owners,,,,,
v3-main-771601/spring_petclinic_microservices/split/ND/8,pmx,1,PMX_shared_variants,,22.631910546,independent_pmx_extraction_process,list_vets,,,,,
v3-main-771601/spring_petclinic_microservices/split/ND/8,pmx,1,PMX_shared_variants,,23.13472697199998,independent_pmx_extraction_process,owner_details_with_visits,,,,,
v3-main-771601/spring_petclinic_microservices/split/ND/9,acquisition,1,shared_acquisition,True,2115.9688249630003,acquisition_and_export_process_total,,,,,,
v3-main-771601/spring_petclinic_microservices/split/ND/9,acquisition,1,shared_native_pool,,3.2010366119998253,native_parse,,,,,,
v3-main-771601/spring_petclinic_microservices/split/ND/9,graph,1,B0,,0.006195724999997765,identification,,,,,,
v3-main-771601/spring_petclinic_microservices/split/ND/9,graph,1,shared_graph_family,,0.1824866620000023,extraction,create_visit,,,,,
v3-main-771601/spring_petclinic_microservices/split/ND/9,graph,1,shared_graph_family,,0.0031802930000139895,identification,create_visit,,,,,
v3-main-771601/spring_petclinic_microservices/split/ND/9,graph,1,shared_graph_family,,0.0026252079999835587,solve,create_visit,,,,,
v3-main-771601/spring_petclinic_microservices/split/ND/9,graph,1,G0,,0.00021630699998809177,identification,create_visit,,,,,
v3-main-771601/spring_petclinic_microservices/split/ND/9,graph,1,G0,,0.00011838300000022173,solve,create_visit,,,,,
v3-main-771601/spring_petclinic_microservices/split/ND/9,graph,1,shared_graph_family,,0.39915475199998696,extraction,list_owners,,,,,
v3-main-771601/spring_petclinic_microservices/split/ND/9,graph,1,shared_graph_family,,0.0023081420000039543,identification,list_owners,,,,,
v3-main-771601/spring_petclinic_microservices/split/ND/9,graph,1,shared_graph_family,,0.0001974310000036894,solve,list_owners,,,,,
v3-main-771601/spring_petclinic_microservices/split/ND/9,graph,1,G0,,0.0001688069999943309,identification,list_owners,,,,,
v3-main-771601/spring_petclinic_microservices/split/ND/9,graph,1,G0,,0.00010073999999349326,solve,list_owners,,,,,
v3-main-771601/spring_petclinic_microservices/split/ND/9,graph,1,shared_graph_family,,0.06065857400000141,extraction,list_vets,,,,,
v3-main-771601/spring_petclinic_microservices/split/ND/9,graph,1,shared_graph_family,,0.0020585620000019844,identification,list_vets,,,,,
v3-main-771601/spring_petclinic_microservices/split/ND/9,graph,1,shared_graph_family,,0.000168838000007554,solve,list_vets,,,,,
v3-main-771601/spring_petclinic_microservices/split/ND/9,graph,1,G0,,0.00012101699999789162,identification,list_vets,,,,,
v3-main-771601/spring_petclinic_microservices/split/ND/9,graph,1,G0,,3.916399998615816e-05,solve,list_vets,,,,,
v3-main-771601/spring_petclinic_microservices/split/ND/9,graph,1,shared_graph_family,,0.24263778100001332,extraction,owner_details_with_visits,,,,,
v3-main-771601/spring_petclinic_microservices/split/ND/9,graph,1,shared_graph_family,,0.0032912009999961356,identification,owner_details_with_visits,,,,,
v3-main-771601/spring_petclinic_microservices/split/ND/9,graph,1,shared_graph_family,,0.0024744240000131867,solve,owner_details_with_visits,,,,,
v3-main-771601/spring_petclinic_microservices/split/ND/9,graph,1,G0,,0.0002799960000174906,identification,owner_details_with_visits,,,,,
v3-main-771601/spring_petclinic_microservices/split/ND/9,graph,1,G0,,9.846599999718819e-05,solve,owner_details_with_visits,,,,,
v3-main-771601/spring_petclinic_microservices/split/ND/9,pmx,1,PMX_shared_variants,,1.605938595000005,native_projection,create_visit,,,,,
v3-main-771601/spring_petclinic_microservices/split/ND/9,pmx,1,PMX_shared_variants,,5.4617993100000035,native_projection,list_owners,,,,,
v3-main-771601/spring_petclinic_microservices/split/ND/9,pmx,1,PMX_shared_variants,,1.18077993,native_projection,list_vets,,,,,
v3-main-771601/spring_petclinic_microservices/split/ND/9,pmx,1,PMX_shared_variants,,2.5190177389999917,native_projection,owner_details_with_visits,,,,,
v3-main-771601/spring_petclinic_microservices/split/ND/9,pmx,1,PMX_shared_variants,,11.302773439,input_and_projection_process_total,,True,,,,
v3-main-771601/spring_petclinic_microservices/split/ND/9,pmx,1,PMX_shared_variants,,9.57,derived_binary_build,,,javac 11.0.32,2322880b6447754528e201553bc4e2fac00334b7d6f3ac202cfe1e3742bbbcc6,True,"{""maximum_rss_bytes"": 227770368.0, ""path"": ""build-resource-usage.txt"", ""system_seconds"": 0.31, ""user_seconds"": 6.98, ""wall_seconds"": 9.57}"
v3-main-771601/spring_petclinic_microservices/split/ND/9,pmx,1,PMX_shared_variants,,24.487375368000002,independent_pmx_extraction_process,create_visit,,,,,
v3-main-771601/spring_petclinic_microservices/split/ND/9,pmx,1,PMX_shared_variants,,25.596405341999997,independent_pmx_extraction_process,list_owners,,,,,
v3-main-771601/spring_petclinic_microservices/split/ND/9,pmx,1,PMX_shared_variants,,22.479060927000006,independent_pmx_extraction_process,list_vets,,,,,
v3-main-771601/spring_petclinic_microservices/split/ND/9,pmx,1,PMX_shared_variants,,23.282225124000007,independent_pmx_extraction_process,owner_details_with_visits,,,,,
v3-main-771601/spring_petclinic_microservices/split/NCD/0,acquisition,1,shared_acquisition,True,2122.8203067679997,acquisition_and_export_process_total,,,,,,
v3-main-771601/spring_petclinic_microservices/split/NCD/0,acquisition,1,shared_native_pool,,3.4473062410002058,native_parse,,,,,,
v3-main-771601/spring_petclinic_microservices/split/NCD/0,graph,1,B0,,0.005881265999988727,identification,,,,,,
v3-main-771601/spring_petclinic_microservices/split/NCD/0,graph,1,shared_graph_family,,0.15597455100001412,extraction,create_visit,,,,,
v3-main-771601/spring_petclinic_microservices/split/NCD/0,graph,1,shared_graph_family,,0.0028980280000041603,identification,create_visit,,,,,
v3-main-771601/spring_petclinic_microservices/split/NCD/0,graph,1,shared_graph_family,,0.0027816000000200347,solve,create_visit,,,,,
v3-main-771601/spring_petclinic_microservices/split/NCD/0,graph,1,G0,,0.00018883300000993586,identification,create_visit,,,,,
v3-main-771601/spring_petclinic_microservices/split/NCD/0,graph,1,G0,,0.0001144650000242109,solve,create_visit,,,,,
v3-main-771601/spring_petclinic_microservices/split/NCD/0,graph,1,shared_graph_family,,0.3433267320000084,extraction,list_owners,,,,,
v3-main-771601/spring_petclinic_microservices/split/NCD/0,graph,1,shared_graph_family,,0.002118527999982689,identification,list_owners,,,,,
v3-main-771601/spring_petclinic_microservices/split/NCD/0,graph,1,shared_graph_family,,0.0002034110000010969,solve,list_owners,,,,,
v3-main-771601/spring_petclinic_microservices/split/NCD/0,graph,1,G0,,0.0001632860000029268,identification,list_owners,,,,,
v3-main-771601/spring_petclinic_microservices/split/NCD/0,graph,1,G0,,8.897699999010911e-05,solve,list_owners,,,,,
v3-main-771601/spring_petclinic_microservices/split/NCD/0,graph,1,shared_graph_family,,0.05416665499998885,extraction,list_vets,,,,,
v3-main-771601/spring_petclinic_microservices/split/NCD/0,graph,1,shared_graph_family,,0.0019495210000002317,identification,list_vets,,,,,
v3-main-771601/spring_petclinic_microservices/split/NCD/0,graph,1,shared_graph_family,,0.00018611900000564674,solve,list_vets,,,,,
v3-main-771601/spring_petclinic_microservices/split/NCD/0,graph,1,G0,,0.00011474400000111018,identification,list_vets,,,,,
v3-main-771601/spring_petclinic_microservices/split/NCD/0,graph,1,G0,,4.153800000494812e-05,solve,list_vets,,,,,
v3-main-771601/spring_petclinic_microservices/split/NCD/0,graph,1,shared_graph_family,,0.20982540399998584,extraction,owner_details_with_visits,,,,,
v3-main-771601/spring_petclinic_microservices/split/NCD/0,graph,1,shared_graph_family,,0.0030323699999996734,identification,owner_details_with_visits,,,,,
v3-main-771601/spring_petclinic_microservices/split/NCD/0,graph,1,shared_graph_family,,0.002317861999983961,solve,owner_details_with_visits,,,,,
v3-main-771601/spring_petclinic_microservices/split/NCD/0,graph,1,G0,,0.0002654070000005504,identification,owner_details_with_visits,,,,,
v3-main-771601/spring_petclinic_microservices/split/NCD/0,graph,1,G0,,9.816299998988143e-05,solve,owner_details_with_visits,,,,,
v3-main-771601/spring_petclinic_microservices/split/NCD/0,pmx,1,PMX_shared_variants,,1.588724453999994,native_projection,create_visit,,,,,
v3-main-771601/spring_petclinic_microservices/split/NCD/0,pmx,1,PMX_shared_variants,,5.470576711000007,native_projection,list_owners,,,,,
v3-main-771601/spring_petclinic_microservices/split/NCD/0,pmx,1,PMX_shared_variants,,1.1406779649999947,native_projection,list_vets,,,,,
v3-main-771601/spring_petclinic_microservices/split/NCD/0,pmx,1,PMX_shared_variants,,2.5026298679999996,native_projection,owner_details_with_visits,,,,,
v3-main-771601/spring_petclinic_microservices/split/NCD/0,pmx,1,PMX_shared_variants,,11.329274610999995,input_and_projection_process_total,,True,,,,
v3-main-771601/spring_petclinic_microservices/split/NCD/0,pmx,1,PMX_shared_variants,,7.77,derived_binary_build,,,javac 11.0.32,2322880b6447754528e201553bc4e2fac00334b7d6f3ac202cfe1e3742bbbcc6,True,"{""maximum_rss_bytes"": 227590144.0, ""path"": ""build-resource-usage.txt"", ""system_seconds"": 0.35, ""user_seconds"": 7.09, ""wall_seconds"": 7.77}"
v3-main-771601/spring_petclinic_microservices/split/NCD/0,pmx,1,PMX_shared_variants,,23.729129821,independent_pmx_extraction_process,create_visit,,,,,
v3-main-771601/spring_petclinic_microservices/split/NCD/0,pmx,1,PMX_shared_variants,,25.392072639999995,independent_pmx_extraction_process,list_owners,,,,,
v3-main-771601/spring_petclinic_microservices/split/NCD/0,pmx,1,PMX_shared_variants,,22.575608231000004,independent_pmx_extraction_process,list_vets,,,,,
v3-main-771601/spring_petclinic_microservices/split/NCD/0,pmx,1,PMX_shared_variants,,23.131417752999994,independent_pmx_extraction_process,owner_details_with_visits,,,,,
v3-main-771601/spring_petclinic_microservices/split/NCD/1,acquisition,1,shared_acquisition,True,2109.622648215,acquisition_and_export_process_total,,,,,,
v3-main-771601/spring_petclinic_microservices/split/NCD/1,acquisition,1,shared_native_pool,,2.638170786000046,native_parse,,,,,,
v3-main-771601/spring_petclinic_microservices/split/NCD/1,graph,1,B0,,0.006317383999999038,identification,,,,,,
v3-main-771601/spring_petclinic_microservices/split/NCD/1,graph,1,shared_graph_family,,0.18312450400000557,extraction,create_visit,,,,,
v3-main-771601/spring_petclinic_microservices/split/NCD/1,graph,1,shared_graph_family,,0.0029159369999973705,identification,create_visit,,,,,
v3-main-771601/spring_petclinic_microservices/split/NCD/1,graph,1,shared_graph_family,,0.0024587670000002504,solve,create_visit,,,,,
v3-main-771601/spring_petclinic_microservices/split/NCD/1,graph,1,G0,,0.0001965450000014357,identification,create_visit,,,,,
v3-main-771601/spring_petclinic_microservices/split/NCD/1,graph,1,G0,,0.00016749099999913142,solve,create_visit,,,,,
v3-main-771601/spring_petclinic_microservices/split/NCD/1,graph,1,shared_graph_family,,0.351369751,extraction,list_owners,,,,,
v3-main-771601/spring_petclinic_microservices/split/NCD/1,graph,1,shared_graph_family,,0.0021688580000045476,identification,list_owners,,,,,
v3-main-771601/spring_petclinic_microservices/split/NCD/1,graph,1,shared_graph_family,,0.00018182799999522103,solve,list_owners,,,,,
v3-main-771601/spring_petclinic_microservices/split/NCD/1,graph,1,G0,,0.00016291200000040362,identification,list_owners,,,,,
v3-main-771601/spring_petclinic_microservices/split/NCD/1,graph,1,G0,,0.00011502399999585577,solve,list_owners,,,,,
v3-main-771601/spring_petclinic_microservices/split/NCD/1,graph,1,shared_graph_family,,0.05509689999999523,extraction,list_vets,,,,,
v3-main-771601/spring_petclinic_microservices/split/NCD/1,graph,1,shared_graph_family,,0.0020211539999976935,identification,list_vets,,,,,
v3-main-771601/spring_petclinic_microservices/split/NCD/1,graph,1,shared_graph_family,,0.000167140999998594,solve,list_vets,,,,,
v3-main-771601/spring_petclinic_microservices/split/NCD/1,graph,1,G0,,0.00011764900000343914,identification,list_vets,,,,,
v3-main-771601/spring_petclinic_microservices/split/NCD/1,graph,1,G0,,4.366099999941753e-05,solve,list_vets,,,,,
v3-main-771601/spring_petclinic_microservices/split/NCD/1,graph,1,shared_graph_family,,0.20766698999999988,extraction,owner_details_with_visits,,,,,
v3-main-771601/spring_petclinic_microservices/split/NCD/1,graph,1,shared_graph_family,,0.0031226699999962193,identification,owner_details_with_visits,,,,,
v3-main-771601/spring_petclinic_microservices/split/NCD/1,graph,1,shared_graph_family,,0.002331630999997003,solve,owner_details_with_visits,,,,,
v3-main-771601/spring_petclinic_microservices/split/NCD/1,graph,1,G0,,0.00026333899999997357,identification,owner_details_with_visits,,,,,
v3-main-771601/spring_petclinic_microservices/split/NCD/1,graph,1,G0,,0.00010572699999755741,solve,owner_details_with_visits,,,,,
v3-main-771601/spring_petclinic_microservices/split/NCD/1,pmx,1,PMX_shared_variants,,1.2369009509999955,native_projection,create_visit,,,,,
v3-main-771601/spring_petclinic_microservices/split/NCD/1,pmx,1,PMX_shared_variants,,4.376124021999999,native_projection,list_owners,,,,,
v3-main-771601/spring_petclinic_microservices/split/NCD/1,pmx,1,PMX_shared_variants,,0.8651601040000116,native_projection,list_vets,,,,,
v3-main-771601/spring_petclinic_microservices/split/NCD/1,pmx,1,PMX_shared_variants,,1.9224060249999866,native_projection,owner_details_with_visits,,,,,
v3-main-771601/spring_petclinic_microservices/split/NCD/1,pmx,1,PMX_shared_variants,,8.84353588899998,input_and_projection_process_total,,True,,,,
v3-main-771601/spring_petclinic_microservices/split/NCD/1,pmx,1,PMX_shared_variants,,9.31,derived_binary_build,,,javac 11.0.32,2322880b6447754528e201553bc4e2fac00334b7d6f3ac202cfe1e3742bbbcc6,True,"{""maximum_rss_bytes"": 225550336.0, ""path"": ""build-resource-usage.txt"", ""system_seconds"": 0.27, ""user_seconds"": 5.6, ""wall_seconds"": 9.31}"
v3-main-771601/spring_petclinic_microservices/split/NCD/1,pmx,1,PMX_shared_variants,,24.280029849000016,independent_pmx_extraction_process,create_visit,,,,,
v3-main-771601/spring_petclinic_microservices/split/NCD/1,pmx,1,PMX_shared_variants,,24.345056798999963,independent_pmx_extraction_process,list_owners,,,,,
v3-main-771601/spring_petclinic_microservices/split/NCD/1,pmx,1,PMX_shared_variants,,21.978122729999995,independent_pmx_extraction_process,list_vets,,,,,
v3-main-771601/spring_petclinic_microservices/split/NCD/1,pmx,1,PMX_shared_variants,,22.429106320000017,independent_pmx_extraction_process,owner_details_with_visits,,,,,
v3-main-771601/spring_petclinic_microservices/split/NCD/2,acquisition,1,shared_acquisition,True,2112.924033077,acquisition_and_export_process_total,,,,,,
v3-main-771601/spring_petclinic_microservices/split/NCD/2,acquisition,1,shared_native_pool,,2.593875399999888,native_parse,,,,,,
v3-main-771601/spring_petclinic_microservices/split/NCD/2,graph,1,B0,,0.006058258999999566,identification,,,,,,
v3-main-771601/spring_petclinic_microservices/split/NCD/2,graph,1,shared_graph_family,,0.1696216870000029,extraction,create_visit,,,,,
v3-main-771601/spring_petclinic_microservices/split/NCD/2,graph,1,shared_graph_family,,0.002981160000004479,identification,create_visit,,,,,
v3-main-771601/spring_petclinic_microservices/split/NCD/2,graph,1,shared_graph_family,,0.002928291999999999,solve,create_visit,,,,,
v3-main-771601/spring_petclinic_microservices/split/NCD/2,graph,1,G0,,0.00018513399999875446,identification,create_visit,,,,,
v3-main-771601/spring_petclinic_microservices/split/NCD/2,graph,1,G0,,0.0001356719999989764,solve,create_visit,,,,,
v3-main-771601/spring_petclinic_microservices/split/NCD/2,graph,1,shared_graph_family,,0.3406421939999973,extraction,list_owners,,,,,
v3-main-771601/spring_petclinic_microservices/split/NCD/2,graph,1,shared_graph_family,,0.0021110029999960034,identification,list_owners,,,,,
v3-main-771601/spring_petclinic_microservices/split/NCD/2,graph,1,shared_graph_family,,0.00018159799999750703,solve,list_owners,,,,,
v3-main-771601/spring_petclinic_microservices/split/NCD/2,graph,1,G0,,0.0001621620000022972,identification,list_owners,,,,,
v3-main-771601/spring_petclinic_microservices/split/NCD/2,graph,1,G0,,0.00011339099999929658,solve,list_owners,,,,,
v3-main-771601/spring_petclinic_microservices/split/NCD/2,graph,1,shared_graph_family,,0.053521227999993926,extraction,list_vets,,,,,
v3-main-771601/spring_petclinic_microservices/split/NCD/2,graph,1,shared_graph_family,,0.001918685999996228,identification,list_vets,,,,,
v3-main-771601/spring_petclinic_microservices/split/NCD/2,graph,1,shared_graph_family,,0.00016164100000537474,solve,list_vets,,,,,
v3-main-771601/spring_petclinic_microservices/split/NCD/2,graph,1,G0,,0.00011310000000008813,identification,list_vets,,,,,
v3-main-771601/spring_petclinic_microservices/split/NCD/2,graph,1,G0,,4.0675000001044737e-05,solve,list_vets,,,,,
v3-main-771601/spring_petclinic_microservices/split/NCD/2,graph,1,shared_graph_family,,0.20161610499999938,extraction,owner_details_with_visits,,,,,
v3-main-771601/spring_petclinic_microservices/split/NCD/2,graph,1,shared_graph_family,,0.0030404330000024515,identification,owner_details_with_visits,,,,,
v3-main-771601/spring_petclinic_microservices/split/NCD/2,graph,1,shared_graph_family,,0.00234943999999615,solve,owner_details_with_visits,,,,,
v3-main-771601/spring_petclinic_microservices/split/NCD/2,graph,1,G0,,0.0002560299999956328,identification,owner_details_with_visits,,,,,
v3-main-771601/spring_petclinic_microservices/split/NCD/2,graph,1,G0,,0.00010833000000332049,solve,owner_details_with_visits,,,,,
v3-main-771601/spring_petclinic_microservices/split/NCD/2,pmx,1,PMX_shared_variants,,1.5554385140000022,native_projection,create_visit,,,,,
v3-main-771601/spring_petclinic_microservices/split/NCD/2,pmx,1,PMX_shared_variants,,5.500648770999987,native_projection,list_owners,,,,,
v3-main-771601/spring_petclinic_microservices/split/NCD/2,pmx,1,PMX_shared_variants,,1.1461551670000176,native_projection,list_vets,,,,,
v3-main-771601/spring_petclinic_microservices/split/NCD/2,pmx,1,PMX_shared_variants,,2.392123801000025,native_projection,owner_details_with_visits,,,,,
v3-main-771601/spring_petclinic_microservices/split/NCD/2,pmx,1,PMX_shared_variants,,11.13233409899999,input_and_projection_process_total,,True,,,,
v3-main-771601/spring_petclinic_microservices/split/NCD/2,pmx,1,PMX_shared_variants,,7.18,derived_binary_build,,,javac 11.0.32,2322880b6447754528e201553bc4e2fac00334b7d6f3ac202cfe1e3742bbbcc6,True,"{""maximum_rss_bytes"": 227639296.0, ""path"": ""build-resource-usage.txt"", ""system_seconds"": 0.33, ""user_seconds"": 7.06, ""wall_seconds"": 7.18}"
v3-main-771601/spring_petclinic_microservices/split/NCD/2,pmx,1,PMX_shared_variants,,23.93806431500002,independent_pmx_extraction_process,create_visit,,,,,
v3-main-771601/spring_petclinic_microservices/split/NCD/2,pmx,1,PMX_shared_variants,,25.58860381599999,independent_pmx_extraction_process,list_owners,,,,,
v3-main-771601/spring_petclinic_microservices/split/NCD/2,pmx,1,PMX_shared_variants,,22.480905397000015,independent_pmx_extraction_process,list_vets,,,,,
v3-main-771601/spring_petclinic_microservices/split/NCD/2,pmx,1,PMX_shared_variants,,23.028902005999953,independent_pmx_extraction_process,owner_details_with_visits,,,,,
v3-main-771601/spring_petclinic_microservices/split/NCD/3,acquisition,1,shared_acquisition,True,2120.457625091,acquisition_and_export_process_total,,,,,,
v3-main-771601/spring_petclinic_microservices/split/NCD/3,acquisition,1,shared_native_pool,,3.356115291000151,native_parse,,,,,,
v3-main-771601/spring_petclinic_microservices/split/NCD/3,graph,1,B0,,0.006260880999988672,identification,,,,,,
v3-main-771601/spring_petclinic_microservices/split/NCD/3,graph,1,shared_graph_family,,0.18819188000000509,extraction,create_visit,,,,,
v3-main-771601/spring_petclinic_microservices/split/NCD/3,graph,1,shared_graph_family,,0.002979597999996031,identification,create_visit,,,,,
v3-main-771601/spring_petclinic_microservices/split/NCD/3,graph,1,shared_graph_family,,0.0026759840000067925,solve,create_visit,,,,,
v3-main-771601/spring_petclinic_microservices/split/NCD/3,graph,1,G0,,0.00019292200001075344,identification,create_visit,,,,,
v3-main-771601/spring_petclinic_microservices/split/NCD/3,graph,1,G0,,0.00011942400000464204,solve,create_visit,,,,,
v3-main-771601/spring_petclinic_microservices/split/NCD/3,graph,1,shared_graph_family,,0.3586902950000024,extraction,list_owners,,,,,
v3-main-771601/spring_petclinic_microservices/split/NCD/3,graph,1,shared_graph_family,,0.0021251459999973576,identification,list_owners,,,,,
v3-main-771601/spring_petclinic_microservices/split/NCD/3,graph,1,shared_graph_family,,0.00019217100000901155,solve,list_owners,,,,,
v3-main-771601/spring_petclinic_microservices/split/NCD/3,graph,1,G0,,0.00018351500000335363,identification,list_owners,,,,,
v3-main-771601/spring_petclinic_microservices/split/NCD/3,graph,1,G0,,0.00011598800000456322,solve,list_owners,,,,,
v3-main-771601/spring_petclinic_microservices/split/NCD/3,graph,1,shared_graph_family,,0.057106165000007536,extraction,list_vets,,,,,
v3-main-771601/spring_petclinic_microservices/split/NCD/3,graph,1,shared_graph_family,,0.0019525310000005902,identification,list_vets,,,,,
v3-main-771601/spring_petclinic_microservices/split/NCD/3,graph,1,shared_graph_family,,0.00017847499999845695,solve,list_vets,,,,,
v3-main-771601/spring_petclinic_microservices/split/NCD/3,graph,1,G0,,0.00011663899999803107,identification,list_vets,,,,,
v3-main-771601/spring_petclinic_microservices/split/NCD/3,graph,1,G0,,4.5174999996788756e-05,solve,list_vets,,,,,
v3-main-771601/spring_petclinic_microservices/split/NCD/3,graph,1,shared_graph_family,,0.21860412899999915,extraction,owner_details_with_visits,,,,,
v3-main-771601/spring_petclinic_microservices/split/NCD/3,graph,1,shared_graph_family,,0.003148128999995947,identification,owner_details_with_visits,,,,,
v3-main-771601/spring_petclinic_microservices/split/NCD/3,graph,1,shared_graph_family,,0.002514646999998149,solve,owner_details_with_visits,,,,,
v3-main-771601/spring_petclinic_microservices/split/NCD/3,graph,1,G0,,0.0002695160000030228,identification,owner_details_with_visits,,,,,
v3-main-771601/spring_petclinic_microservices/split/NCD/3,graph,1,G0,,0.00011613899999929345,solve,owner_details_with_visits,,,,,
v3-main-771601/spring_petclinic_microservices/split/NCD/3,pmx,1,PMX_shared_variants,,1.5324441040000067,native_projection,create_visit,,,,,
v3-main-771601/spring_petclinic_microservices/split/NCD/3,pmx,1,PMX_shared_variants,,5.4290369769999955,native_projection,list_owners,,,,,
v3-main-771601/spring_petclinic_microservices/split/NCD/3,pmx,1,PMX_shared_variants,,1.1227625329999995,native_projection,list_vets,,,,,
v3-main-771601/spring_petclinic_microservices/split/NCD/3,pmx,1,PMX_shared_variants,,2.4437678670000054,native_projection,owner_details_with_visits,,,,,
v3-main-771601/spring_petclinic_microservices/split/NCD/3,pmx,1,PMX_shared_variants,,11.10556089699999,input_and_projection_process_total,,True,,,,
v3-main-771601/spring_petclinic_microservices/split/NCD/3,pmx,1,PMX_shared_variants,,11.65,derived_binary_build,,,javac 11.0.32,2322880b6447754528e201553bc4e2fac00334b7d6f3ac202cfe1e3742bbbcc6,True,"{""maximum_rss_bytes"": 227659776.0, ""path"": ""build-resource-usage.txt"", ""system_seconds"": 0.36, ""user_seconds"": 6.94, ""wall_seconds"": 11.65}"
v3-main-771601/spring_petclinic_microservices/split/NCD/3,pmx,1,PMX_shared_variants,,24.440529773999998,independent_pmx_extraction_process,create_visit,,,,,
v3-main-771601/spring_petclinic_microservices/split/NCD/3,pmx,1,PMX_shared_variants,,25.442167466,independent_pmx_extraction_process,list_owners,,,,,
v3-main-771601/spring_petclinic_microservices/split/NCD/3,pmx,1,PMX_shared_variants,,22.477427180999996,independent_pmx_extraction_process,list_vets,,,,,
v3-main-771601/spring_petclinic_microservices/split/NCD/3,pmx,1,PMX_shared_variants,,22.983346522000005,independent_pmx_extraction_process,owner_details_with_visits,,,,,
v3-main-771601/spring_petclinic_microservices/split/NCD/4,acquisition,1,shared_acquisition,True,2121.135095383,acquisition_and_export_process_total,,,,,,
v3-main-771601/spring_petclinic_microservices/split/NCD/4,acquisition,1,shared_native_pool,,1.9772205540002687,native_parse,,,,,,
v3-main-771601/spring_petclinic_microservices/split/NCD/4,graph,1,B0,,0.006309569000009674,identification,,,,,,
v3-main-771601/spring_petclinic_microservices/split/NCD/4,graph,1,shared_graph_family,,0.18004125399998827,extraction,create_visit,,,,,
v3-main-771601/spring_petclinic_microservices/split/NCD/4,graph,1,shared_graph_family,,0.0029773680000033664,identification,create_visit,,,,,
v3-main-771601/spring_petclinic_microservices/split/NCD/4,graph,1,shared_graph_family,,0.002587638999997921,solve,create_visit,,,,,
v3-main-771601/spring_petclinic_microservices/split/NCD/4,graph,1,G0,,0.0001951240000011012,identification,create_visit,,,,,
v3-main-771601/spring_petclinic_microservices/split/NCD/4,graph,1,G0,,0.00011999500000570151,solve,create_visit,,,,,
v3-main-771601/spring_petclinic_microservices/split/NCD/4,graph,1,shared_graph_family,,0.3527322609999999,extraction,list_owners,,,,,
v3-main-771601/spring_petclinic_microservices/split/NCD/4,graph,1,shared_graph_family,,0.0021555409999933772,identification,list_owners,,,,,
v3-main-771601/spring_petclinic_microservices/split/NCD/4,graph,1,shared_graph_family,,0.00018859200000065357,solve,list_owners,,,,,
v3-main-771601/spring_petclinic_microservices/split/NCD/4,graph,1,G0,,0.0001679040000084342,identification,list_owners,,,,,
v3-main-771601/spring_petclinic_microservices/split/NCD/4,graph,1,G0,,9.209200000270812e-05,solve,list_owners,,,,,
v3-main-771601/spring_petclinic_microservices/split/NCD/4,graph,1,shared_graph_family,,0.05634770200001071,extraction,list_vets,,,,,
v3-main-771601/spring_petclinic_microservices/split/NCD/4,graph,1,shared_graph_family,,0.0019466200000124445,identification,list_vets,,,,,
v3-main-771601/spring_petclinic_microservices/split/NCD/4,graph,1,shared_graph_family,,0.0001925199999988081,solve,list_vets,,,,,
v3-main-771601/spring_petclinic_microservices/split/NCD/4,graph,1,G0,,0.00011802100000579685,identification,list_vets,,,,,
v3-main-771601/spring_petclinic_microservices/split/NCD/4,graph,1,G0,,5.946099999221133e-05,solve,list_vets,,,,,
v3-main-771601/spring_petclinic_microservices/split/NCD/4,graph,1,shared_graph_family,,0.21895853899999906,extraction,owner_details_with_visits,,,,,
v3-main-771601/spring_petclinic_microservices/split/NCD/4,graph,1,shared_graph_family,,0.0031774410000053877,identification,owner_details_with_visits,,,,,
v3-main-771601/spring_petclinic_microservices/split/NCD/4,graph,1,shared_graph_family,,0.0024279409999934387,solve,owner_details_with_visits,,,,,
v3-main-771601/spring_petclinic_microservices/split/NCD/4,graph,1,G0,,0.0002636929999937365,identification,owner_details_with_visits,,,,,
v3-main-771601/spring_petclinic_microservices/split/NCD/4,graph,1,G0,,0.00010111999999651289,solve,owner_details_with_visits,,,,,
v3-main-771601/spring_petclinic_microservices/split/NCD/4,pmx,1,PMX_shared_variants,,1.6488695479999933,native_projection,create_visit,,,,,
v3-main-771601/spring_petclinic_microservices/split/NCD/4,pmx,1,PMX_shared_variants,,5.590263897999989,native_projection,list_owners,,,,,
v3-main-771601/spring_petclinic_microservices/split/NCD/4,pmx,1,PMX_shared_variants,,1.1723463859999583,native_projection,list_vets,,,,,
v3-main-771601/spring_petclinic_microservices/split/NCD/4,pmx,1,PMX_shared_variants,,2.5380231560000084,native_projection,owner_details_with_visits,,,,,
v3-main-771601/spring_petclinic_microservices/split/NCD/4,pmx,1,PMX_shared_variants,,11.517417777999981,input_and_projection_process_total,,True,,,,
v3-main-771601/spring_petclinic_microservices/split/NCD/4,pmx,1,PMX_shared_variants,,4.87,derived_binary_build,,,javac 11.0.32,2322880b6447754528e201553bc4e2fac00334b7d6f3ac202cfe1e3742bbbcc6,True,"{""maximum_rss_bytes"": 227663872.0, ""path"": ""build-resource-usage.txt"", ""system_seconds"": 0.35, ""user_seconds"": 6.97, ""wall_seconds"": 4.87}"
v3-main-771601/spring_petclinic_microservices/split/NCD/4,pmx,1,PMX_shared_variants,,22.98174536199997,independent_pmx_extraction_process,create_visit,,,,,
v3-main-771601/spring_petclinic_microservices/split/NCD/4,pmx,1,PMX_shared_variants,,25.746175049000044,independent_pmx_extraction_process,list_owners,,,,,
v3-main-771601/spring_petclinic_microservices/split/NCD/4,pmx,1,PMX_shared_variants,,22.63084939199996,independent_pmx_extraction_process,list_vets,,,,,
v3-main-771601/spring_petclinic_microservices/split/NCD/4,pmx,1,PMX_shared_variants,,23.13140010199993,independent_pmx_extraction_process,owner_details_with_visits,,,,,
v3-main-771601/spring_petclinic_microservices/split/NCD/5,acquisition,1,shared_acquisition,True,2126.085424084,acquisition_and_export_process_total,,,,,,
v3-main-771601/spring_petclinic_microservices/split/NCD/5,acquisition,1,shared_native_pool,,3.438507171999845,native_parse,,,,,,
v3-main-771601/spring_petclinic_microservices/split/NCD/5,graph,1,B0,,0.004485353000006853,identification,,,,,,
v3-main-771601/spring_petclinic_microservices/split/NCD/5,graph,1,shared_graph_family,,0.13039201700001968,extraction,create_visit,,,,,
v3-main-771601/spring_petclinic_microservices/split/NCD/5,graph,1,shared_graph_family,,0.0023108599999943635,identification,create_visit,,,,,
v3-main-771601/spring_petclinic_microservices/split/NCD/5,graph,1,shared_graph_family,,0.001799580000010792,solve,create_visit,,,,,
v3-main-771601/spring_petclinic_microservices/split/NCD/5,graph,1,G0,,0.00014881399999921996,identification,create_visit,,,,,
v3-main-771601/spring_petclinic_microservices/split/NCD/5,graph,1,G0,,9.747699999707038e-05,solve,create_visit,,,,,
v3-main-771601/spring_petclinic_microservices/split/NCD/5,graph,1,shared_graph_family,,0.23581848699998886,extraction,list_owners,,,,,
v3-main-771601/spring_petclinic_microservices/split/NCD/5,graph,1,shared_graph_family,,0.0017381170000021484,identification,list_owners,,,,,
v3-main-771601/spring_petclinic_microservices/split/NCD/5,graph,1,shared_graph_family,,0.00015693599999622165,solve,list_owners,,,,,
v3-main-771601/spring_petclinic_microservices/split/NCD/5,graph,1,G0,,0.0001376479999919411,identification,list_owners,,,,,
v3-main-771601/spring_petclinic_microservices/split/NCD/5,graph,1,G0,,7.931900000812675e-05,solve,list_owners,,,,,
v3-main-771601/spring_petclinic_microservices/split/NCD/5,graph,1,shared_graph_family,,0.037998140000013336,extraction,list_vets,,,,,
v3-main-771601/spring_petclinic_microservices/split/NCD/5,graph,1,shared_graph_family,,0.0015484110000159035,identification,list_vets,,,,,
v3-main-771601/spring_petclinic_microservices/split/NCD/5,graph,1,shared_graph_family,,0.0001499159999980293,solve,list_vets,,,,,
v3-main-771601/spring_petclinic_microservices/split/NCD/5,graph,1,G0,,8.986599999616374e-05,identification,list_vets,,,,,
v3-main-771601/spring_petclinic_microservices/split/NCD/5,graph,1,G0,,3.9979999996830884e-05,solve,list_vets,,,,,
v3-main-771601/spring_petclinic_microservices/split/NCD/5,graph,1,shared_graph_family,,0.1470960869999942,extraction,owner_details_with_visits,,,,,
v3-main-771601/spring_petclinic_microservices/split/NCD/5,graph,1,shared_graph_family,,0.0024799830000006295,identification,owner_details_with_visits,,,,,
v3-main-771601/spring_petclinic_microservices/split/NCD/5,graph,1,shared_graph_family,,0.0017108749999863448,solve,owner_details_with_visits,,,,,
v3-main-771601/spring_petclinic_microservices/split/NCD/5,graph,1,G0,,0.000198839000006501,identification,owner_details_with_visits,,,,,
v3-main-771601/spring_petclinic_microservices/split/NCD/5,graph,1,G0,,0.00011101799998414208,solve,owner_details_with_visits,,,,,
v3-main-771601/spring_petclinic_microservices/split/NCD/5,pmx,1,PMX_shared_variants,,1.5888073620000114,native_projection,create_visit,,,,,
v3-main-771601/spring_petclinic_microservices/split/NCD/5,pmx,1,PMX_shared_variants,,5.400688570000057,native_projection,list_owners,,,,,
v3-main-771601/spring_petclinic_microservices/split/NCD/5,pmx,1,PMX_shared_variants,,1.152325549000011,native_projection,list_vets,,,,,
v3-main-771601/spring_petclinic_microservices/split/NCD/5,pmx,1,PMX_shared_variants,,2.408636849000004,native_projection,owner_details_with_visits,,,,,
v3-main-771601/spring_petclinic_microservices/split/NCD/5,pmx,1,PMX_shared_variants,,11.097890000000007,input_and_projection_process_total,,True,,,,
v3-main-771601/spring_petclinic_microservices/split/NCD/5,pmx,1,PMX_shared_variants,,12.07,derived_binary_build,,,javac 11.0.32,2322880b6447754528e201553bc4e2fac00334b7d6f3ac202cfe1e3742bbbcc6,True,"{""maximum_rss_bytes"": 228134912.0, ""path"": ""build-resource-usage.txt"", ""system_seconds"": 0.3, ""user_seconds"": 6.89, ""wall_seconds"": 12.07}"
v3-main-771601/spring_petclinic_microservices/split/NCD/5,pmx,1,PMX_shared_variants,,23.787036655000065,independent_pmx_extraction_process,create_visit,,,,,
v3-main-771601/spring_petclinic_microservices/split/NCD/5,pmx,1,PMX_shared_variants,,25.595592844999942,independent_pmx_extraction_process,list_owners,,,,,
v3-main-771601/spring_petclinic_microservices/split/NCD/5,pmx,1,PMX_shared_variants,,22.583680514000093,independent_pmx_extraction_process,list_vets,,,,,
v3-main-771601/spring_petclinic_microservices/split/NCD/5,pmx,1,PMX_shared_variants,,22.98097580500007,independent_pmx_extraction_process,owner_details_with_visits,,,,,
v3-main-771601/spring_petclinic_microservices/split/NCD/6,acquisition,1,shared_acquisition,True,2115.554738695,acquisition_and_export_process_total,,,,,,
v3-main-771601/spring_petclinic_microservices/split/NCD/6,acquisition,1,shared_native_pool,,3.3205547779998597,native_parse,,,,,,
v3-main-771601/spring_petclinic_microservices/split/NCD/6,graph,1,B0,,0.006120417000005318,identification,,,,,,
v3-main-771601/spring_petclinic_microservices/split/NCD/6,graph,1,shared_graph_family,,0.16886084899999787,extraction,create_visit,,,,,
v3-main-771601/spring_petclinic_microservices/split/NCD/6,graph,1,shared_graph_family,,0.0028471960000047147,identification,create_visit,,,,,
v3-main-771601/spring_petclinic_microservices/split/NCD/6,graph,1,shared_graph_family,,0.002595347000010406,solve,create_visit,,,,,
v3-main-771601/spring_petclinic_microservices/split/NCD/6,graph,1,G0,,0.00020688499998300358,identification,create_visit,,,,,
v3-main-771601/spring_petclinic_microservices/split/NCD/6,graph,1,G0,,0.00011742899999944711,solve,create_visit,,,,,
v3-main-771601/spring_petclinic_microservices/split/NCD/6,graph,1,shared_graph_family,,0.349610867999985,extraction,list_owners,,,,,
v3-main-771601/spring_petclinic_microservices/split/NCD/6,graph,1,shared_graph_family,,0.0022140959999887855,identification,list_owners,,,,,
v3-main-771601/spring_petclinic_microservices/split/NCD/6,graph,1,shared_graph_family,,0.0001900839999962045,solve,list_owners,,,,,
v3-main-771601/spring_petclinic_microservices/split/NCD/6,graph,1,G0,,0.0001729530000034174,identification,list_owners,,,,,
v3-main-771601/spring_petclinic_microservices/split/NCD/6,graph,1,G0,,8.590999999569249e-05,solve,list_owners,,,,,
v3-main-771601/spring_petclinic_microservices/split/NCD/6,graph,1,shared_graph_family,,0.054795527000010225,extraction,list_vets,,,,,
v3-main-771601/spring_petclinic_microservices/split/NCD/6,graph,1,shared_graph_family,,0.0020072909999839794,identification,list_vets,,,,,
v3-main-771601/spring_petclinic_microservices/split/NCD/6,graph,1,shared_graph_family,,0.0001606089999768301,solve,list_vets,,,,,
v3-main-771601/spring_petclinic_microservices/split/NCD/6,graph,1,G0,,0.00011589600001116196,identification,list_vets,,,,,
v3-main-771601/spring_petclinic_microservices/split/NCD/6,graph,1,G0,,3.975399999944784e-05,solve,list_vets,,,,,
v3-main-771601/spring_petclinic_microservices/split/NCD/6,graph,1,shared_graph_family,,0.2122780599999885,extraction,owner_details_with_visits,,,,,
v3-main-771601/spring_petclinic_microservices/split/NCD/6,graph,1,shared_graph_family,,0.0030673170000170558,identification,owner_details_with_visits,,,,,
v3-main-771601/spring_petclinic_microservices/split/NCD/6,graph,1,shared_graph_family,,0.0023300929999834352,solve,owner_details_with_visits,,,,,
v3-main-771601/spring_petclinic_microservices/split/NCD/6,graph,1,G0,,0.0002522200000214525,identification,owner_details_with_visits,,,,,
v3-main-771601/spring_petclinic_microservices/split/NCD/6,graph,1,G0,,9.968500000923086e-05,solve,owner_details_with_visits,,,,,
v3-main-771601/spring_petclinic_microservices/split/NCD/6,pmx,1,PMX_shared_variants,,1.615292690000004,native_projection,create_visit,,,,,
v3-main-771601/spring_petclinic_microservices/split/NCD/6,pmx,1,PMX_shared_variants,,5.437019311,native_projection,list_owners,,,,,
v3-main-771601/spring_petclinic_microservices/split/NCD/6,pmx,1,PMX_shared_variants,,1.16782113699999,native_projection,list_vets,,,,,
v3-main-771601/spring_petclinic_microservices/split/NCD/6,pmx,1,PMX_shared_variants,,2.4617038920000027,native_projection,owner_details_with_visits,,,,,
v3-main-771601/spring_petclinic_microservices/split/NCD/6,pmx,1,PMX_shared_variants,,11.223464742999994,input_and_projection_process_total,,True,,,,
v3-main-771601/spring_petclinic_microservices/split/NCD/6,pmx,1,PMX_shared_variants,,17.61,derived_binary_build,,,javac 11.0.32,2322880b6447754528e201553bc4e2fac00334b7d6f3ac202cfe1e3742bbbcc6,True,"{""maximum_rss_bytes"": 227631104.0, ""path"": ""build-resource-usage.txt"", ""system_seconds"": 0.34, ""user_seconds"": 6.85, ""wall_seconds"": 17.61}"
v3-main-771601/spring_petclinic_microservices/split/NCD/6,pmx,1,PMX_shared_variants,,25.789547825,independent_pmx_extraction_process,create_visit,,,,,
v3-main-771601/spring_petclinic_microservices/split/NCD/6,pmx,1,PMX_shared_variants,,25.393563484999987,independent_pmx_extraction_process,list_owners,,,,,
v3-main-771601/spring_petclinic_microservices/split/NCD/6,pmx,1,PMX_shared_variants,,22.628675864,independent_pmx_extraction_process,list_vets,,,,,
v3-main-771601/spring_petclinic_microservices/split/NCD/6,pmx,1,PMX_shared_variants,,23.032340419999997,independent_pmx_extraction_process,owner_details_with_visits,,,,,
v3-main-771601/spring_petclinic_microservices/split/NCD/7,acquisition,1,shared_acquisition,True,2127.20183607,acquisition_and_export_process_total,,,,,,
v3-main-771601/spring_petclinic_microservices/split/NCD/7,acquisition,1,shared_native_pool,,3.336950381999941,native_parse,,,,,,
v3-main-771601/spring_petclinic_microservices/split/NCD/7,graph,1,B0,,0.005147884999985308,identification,,,,,,
v3-main-771601/spring_petclinic_microservices/split/NCD/7,graph,1,shared_graph_family,,0.13833520399998633,extraction,create_visit,,,,,
v3-main-771601/spring_petclinic_microservices/split/NCD/7,graph,1,shared_graph_family,,0.0025654930000200693,identification,create_visit,,,,,
v3-main-771601/spring_petclinic_microservices/split/NCD/7,graph,1,shared_graph_family,,0.0022804559999940466,solve,create_visit,,,,,
v3-main-771601/spring_petclinic_microservices/split/NCD/7,graph,1,G0,,0.00017839800000274408,identification,create_visit,,,,,
v3-main-771601/spring_petclinic_microservices/split/NCD/7,graph,1,G0,,0.00014240100000506573,solve,create_visit,,,,,
v3-main-771601/spring_petclinic_microservices/split/NCD/7,graph,1,shared_graph_family,,0.26728367900000194,extraction,list_owners,,,,,
v3-main-771601/spring_petclinic_microservices/split/NCD/7,graph,1,shared_graph_family,,0.00197225800002343,identification,list_owners,,,,,
v3-main-771601/spring_petclinic_microservices/split/NCD/7,graph,1,shared_graph_family,,0.00017885099998693477,solve,list_owners,,,,,
v3-main-771601/spring_petclinic_microservices/split/NCD/7,graph,1,G0,,0.0001891630000159239,identification,list_owners,,,,,
v3-main-771601/spring_petclinic_microservices/split/NCD/7,graph,1,G0,,0.0001183740000101352,solve,list_owners,,,,,
v3-main-771601/spring_petclinic_microservices/split/NCD/7,graph,1,shared_graph_family,,0.046643476999975064,extraction,list_vets,,,,,
v3-main-771601/spring_petclinic_microservices/split/NCD/7,graph,1,shared_graph_family,,0.001667419999989761,identification,list_vets,,,,,
v3-main-771601/spring_petclinic_microservices/split/NCD/7,graph,1,shared_graph_family,,0.0001653989999681471,solve,list_vets,,,,,
v3-main-771601/spring_petclinic_microservices/split/NCD/7,graph,1,G0,,0.00011059599995633107,identification,list_vets,,,,,
v3-main-771601/spring_petclinic_microservices/split/NCD/7,graph,1,G0,,5.575199998020253e-05,solve,list_vets,,,,,
v3-main-771601/spring_petclinic_microservices/split/NCD/7,graph,1,shared_graph_family,,0.17304141500000014,extraction,owner_details_with_visits,,,,,
v3-main-771601/spring_petclinic_microservices/split/NCD/7,graph,1,shared_graph_family,,0.002757157000019106,identification,owner_details_with_visits,,,,,
v3-main-771601/spring_petclinic_microservices/split/NCD/7,graph,1,shared_graph_family,,0.001981938000028549,solve,owner_details_with_visits,,,,,
v3-main-771601/spring_petclinic_microservices/split/NCD/7,graph,1,G0,,0.00022747100001652143,identification,owner_details_with_visits,,,,,
v3-main-771601/spring_petclinic_microservices/split/NCD/7,graph,1,G0,,0.00013752600000316306,solve,owner_details_with_visits,,,,,
v3-main-771601/spring_petclinic_microservices/split/NCD/7,pmx,1,PMX_shared_variants,,1.0476617510000779,native_projection,create_visit,,,,,
v3-main-771601/spring_petclinic_microservices/split/NCD/7,pmx,1,PMX_shared_variants,,3.6750974870000164,native_projection,list_owners,,,,,
v3-main-771601/spring_petclinic_microservices/split/NCD/7,pmx,1,PMX_shared_variants,,0.7550225149999505,native_projection,list_vets,,,,,
v3-main-771601/spring_petclinic_microservices/split/NCD/7,pmx,1,PMX_shared_variants,,1.5989666320000424,native_projection,owner_details_with_visits,,,,,
v3-main-771601/spring_petclinic_microservices/split/NCD/7,pmx,1,PMX_shared_variants,,7.4945585640000445,input_and_projection_process_total,,True,,,,
v3-main-771601/spring_petclinic_microservices/split/NCD/7,pmx,1,PMX_shared_variants,,5.89,derived_binary_build,,,javac 11.0.32,2322880b6447754528e201553bc4e2fac00334b7d6f3ac202cfe1e3742bbbcc6,True,"{""maximum_rss_bytes"": 225685504.0, ""path"": ""build-resource-usage.txt"", ""system_seconds"": 0.23, ""user_seconds"": 5.93, ""wall_seconds"": 5.89}"
v3-main-771601/spring_petclinic_microservices/split/NCD/7,pmx,1,PMX_shared_variants,,22.87613240999997,independent_pmx_extraction_process,create_visit,,,,,
v3-main-771601/spring_petclinic_microservices/split/NCD/7,pmx,1,PMX_shared_variants,,26.03982618300006,independent_pmx_extraction_process,list_owners,,,,,
v3-main-771601/spring_petclinic_microservices/split/NCD/7,pmx,1,PMX_shared_variants,,22.022434513999997,independent_pmx_extraction_process,list_vets,,,,,
v3-main-771601/spring_petclinic_microservices/split/NCD/7,pmx,1,PMX_shared_variants,,22.67978184399999,independent_pmx_extraction_process,owner_details_with_visits,,,,,
v3-main-771601/spring_petclinic_microservices/split/NCD/8,acquisition,1,shared_acquisition,True,2117.798989661,acquisition_and_export_process_total,,,,,,
v3-main-771601/spring_petclinic_microservices/split/NCD/8,acquisition,1,shared_native_pool,,3.1019406740001614,native_parse,,,,,,
v3-main-771601/spring_petclinic_microservices/split/NCD/8,graph,1,B0,,0.006196035000002098,identification,,,,,,
v3-main-771601/spring_petclinic_microservices/split/NCD/8,graph,1,shared_graph_family,,0.16310129299999687,extraction,create_visit,,,,,
v3-main-771601/spring_petclinic_microservices/split/NCD/8,graph,1,shared_graph_family,,0.0029387310000004163,identification,create_visit,,,,,
v3-main-771601/spring_petclinic_microservices/split/NCD/8,graph,1,shared_graph_family,,0.0024166189999945686,solve,create_visit,,,,,
v3-main-771601/spring_petclinic_microservices/split/NCD/8,graph,1,G0,,0.00018830100000144512,identification,create_visit,,,,,
v3-main-771601/spring_petclinic_microservices/split/NCD/8,graph,1,G0,,0.00013156499999666948,solve,create_visit,,,,,
v3-main-771601/spring_petclinic_microservices/split/NCD/8,graph,1,shared_graph_family,,0.3701044759999945,extraction,list_owners,,,,,
v3-main-771601/spring_petclinic_microservices/split/NCD/8,graph,1,shared_graph_family,,0.0021498229999963314,identification,list_owners,,,,,
v3-main-771601/spring_petclinic_microservices/split/NCD/8,graph,1,shared_graph_family,,0.0002103619999971329,solve,list_owners,,,,,
v3-main-771601/spring_petclinic_microservices/split/NCD/8,graph,1,G0,,0.0001773299999996425,identification,list_owners,,,,,
v3-main-771601/spring_petclinic_microservices/split/NCD/8,graph,1,G0,,0.00011208800000162,solve,list_owners,,,,,
v3-main-771601/spring_petclinic_microservices/split/NCD/8,graph,1,shared_graph_family,,0.056927802000004135,extraction,list_vets,,,,,
v3-main-771601/spring_petclinic_microservices/split/NCD/8,graph,1,shared_graph_family,,0.0022272759999992786,identification,list_vets,,,,,
v3-main-771601/spring_petclinic_microservices/split/NCD/8,graph,1,shared_graph_family,,0.00027911000000102604,solve,list_vets,,,,,
v3-main-771601/spring_petclinic_microservices/split/NCD/8,graph,1,G0,,0.00012097500000152195,identification,list_vets,,,,,
v3-main-771601/spring_petclinic_microservices/split/NCD/8,graph,1,G0,,4.8499999998341536e-05,solve,list_vets,,,,,
v3-main-771601/spring_petclinic_microservices/split/NCD/8,graph,1,shared_graph_family,,0.2195084040000026,extraction,owner_details_with_visits,,,,,
v3-main-771601/spring_petclinic_microservices/split/NCD/8,graph,1,shared_graph_family,,0.003065806999998699,identification,owner_details_with_visits,,,,,
v3-main-771601/spring_petclinic_microservices/split/NCD/8,graph,1,shared_graph_family,,0.0023668960000051698,solve,owner_details_with_visits,,,,,
v3-main-771601/spring_petclinic_microservices/split/NCD/8,graph,1,G0,,0.0002829270000006545,identification,owner_details_with_visits,,,,,
v3-main-771601/spring_petclinic_microservices/split/NCD/8,graph,1,G0,,0.00013584300000246685,solve,owner_details_with_visits,,,,,
v3-main-771601/spring_petclinic_microservices/split/NCD/8,pmx,1,PMX_shared_variants,,1.5754388889999973,native_projection,create_visit,,,,,
v3-main-771601/spring_petclinic_microservices/split/NCD/8,pmx,1,PMX_shared_variants,,5.618617806000003,native_projection,list_owners,,,,,
v3-main-771601/spring_petclinic_microservices/split/NCD/8,pmx,1,PMX_shared_variants,,1.1716939600000273,native_projection,list_vets,,,,,
v3-main-771601/spring_petclinic_microservices/split/NCD/8,pmx,1,PMX_shared_variants,,2.470560570999993,native_projection,owner_details_with_visits,,,,,
v3-main-771601/spring_petclinic_microservices/split/NCD/8,pmx,1,PMX_shared_variants,,11.386720204999989,input_and_projection_process_total,,True,,,,
v3-main-771601/spring_petclinic_microservices/split/NCD/8,pmx,1,PMX_shared_variants,,7.93,derived_binary_build,,,javac 11.0.32,2322880b6447754528e201553bc4e2fac00334b7d6f3ac202cfe1e3742bbbcc6,True,"{""maximum_rss_bytes"": 227647488.0, ""path"": ""build-resource-usage.txt"", ""system_seconds"": 0.33, ""user_seconds"": 6.95, ""wall_seconds"": 7.93}"
v3-main-771601/spring_petclinic_microservices/split/NCD/8,pmx,1,PMX_shared_variants,,23.78975002300001,independent_pmx_extraction_process,create_visit,,,,,
v3-main-771601/spring_petclinic_microservices/split/NCD/8,pmx,1,PMX_shared_variants,,25.645976907000005,independent_pmx_extraction_process,list_owners,,,,,
v3-main-771601/spring_petclinic_microservices/split/NCD/8,pmx,1,PMX_shared_variants,,22.584526767,independent_pmx_extraction_process,list_vets,,,,,
v3-main-771601/spring_petclinic_microservices/split/NCD/8,pmx,1,PMX_shared_variants,,23.080167736999982,independent_pmx_extraction_process,owner_details_with_visits,,,,,
v3-main-771601/spring_petclinic_microservices/split/NCD/9,acquisition,1,shared_acquisition,True,2115.945354829,acquisition_and_export_process_total,,,,,,
v3-main-771601/spring_petclinic_microservices/split/NCD/9,acquisition,1,shared_native_pool,,2.1418691769999896,native_parse,,,,,,
v3-main-771601/spring_petclinic_microservices/split/NCD/9,graph,1,B0,,0.005996659000004456,identification,,,,,,
v3-main-771601/spring_petclinic_microservices/split/NCD/9,graph,1,shared_graph_family,,0.16957830399999807,extraction,create_visit,,,,,
v3-main-771601/spring_petclinic_microservices/split/NCD/9,graph,1,shared_graph_family,,0.002921975999996107,identification,create_visit,,,,,
v3-main-771601/spring_petclinic_microservices/split/NCD/9,graph,1,shared_graph_family,,0.002857194000000618,solve,create_visit,,,,,
v3-main-771601/spring_petclinic_microservices/split/NCD/9,graph,1,G0,,0.00019512700000490213,identification,create_visit,,,,,
v3-main-771601/spring_petclinic_microservices/split/NCD/9,graph,1,G0,,0.0001382589999963102,solve,create_visit,,,,,
v3-main-771601/spring_petclinic_microservices/split/NCD/9,graph,1,shared_graph_family,,0.34750258800000466,extraction,list_owners,,,,,
v3-main-771601/spring_petclinic_microservices/split/NCD/9,graph,1,shared_graph_family,,0.0021345469999971556,identification,list_owners,,,,,
v3-main-771601/spring_petclinic_microservices/split/NCD/9,graph,1,shared_graph_family,,0.0001843060000012997,solve,list_owners,,,,,
v3-main-771601/spring_petclinic_microservices/split/NCD/9,graph,1,G0,,0.00016401799999954392,identification,list_owners,,,,,
v3-main-771601/spring_petclinic_microservices/split/NCD/9,graph,1,G0,,9.110100000242483e-05,solve,list_owners,,,,,
v3-main-771601/spring_petclinic_microservices/split/NCD/9,graph,1,shared_graph_family,,0.056093773000000624,extraction,list_vets,,,,,
v3-main-771601/spring_petclinic_microservices/split/NCD/9,graph,1,shared_graph_family,,0.0019276889999986224,identification,list_vets,,,,,
v3-main-771601/spring_petclinic_microservices/split/NCD/9,graph,1,shared_graph_family,,0.0001741270000010786,solve,list_vets,,,,,
v3-main-771601/spring_petclinic_microservices/split/NCD/9,graph,1,G0,,0.00011956400000201484,identification,list_vets,,,,,
v3-main-771601/spring_petclinic_microservices/split/NCD/9,graph,1,G0,,4.375199999628876e-05,solve,list_vets,,,,,
v3-main-771601/spring_petclinic_microservices/split/NCD/9,graph,1,shared_graph_family,,0.21356179200000014,extraction,owner_details_with_visits,,,,,
v3-main-771601/spring_petclinic_microservices/split/NCD/9,graph,1,shared_graph_family,,0.003233940999997742,identification,owner_details_with_visits,,,,,
v3-main-771601/spring_petclinic_microservices/split/NCD/9,graph,1,shared_graph_family,,0.002381231000001094,solve,owner_details_with_visits,,,,,
v3-main-771601/spring_petclinic_microservices/split/NCD/9,graph,1,G0,,0.0002474950000035392,identification,owner_details_with_visits,,,,,
v3-main-771601/spring_petclinic_microservices/split/NCD/9,graph,1,G0,,9.686199999947576e-05,solve,owner_details_with_visits,,,,,
v3-main-771601/spring_petclinic_microservices/split/NCD/9,pmx,1,PMX_shared_variants,,1.5734675580000044,native_projection,create_visit,,,,,
v3-main-771601/spring_petclinic_microservices/split/NCD/9,pmx,1,PMX_shared_variants,,5.442623620999996,native_projection,list_owners,,,,,
v3-main-771601/spring_petclinic_microservices/split/NCD/9,pmx,1,PMX_shared_variants,,1.1505005939999933,native_projection,list_vets,,,,,
v3-main-771601/spring_petclinic_microservices/split/NCD/9,pmx,1,PMX_shared_variants,,2.437513935999988,native_projection,owner_details_with_visits,,,,,
v3-main-771601/spring_petclinic_microservices/split/NCD/9,pmx,1,PMX_shared_variants,,11.14663965699998,input_and_projection_process_total,,True,,,,
v3-main-771601/spring_petclinic_microservices/split/NCD/9,pmx,1,PMX_shared_variants,,8.21,derived_binary_build,,,javac 11.0.32,2322880b6447754528e201553bc4e2fac00334b7d6f3ac202cfe1e3742bbbcc6,True,"{""maximum_rss_bytes"": 227536896.0, ""path"": ""build-resource-usage.txt"", ""system_seconds"": 0.33, ""user_seconds"": 6.91, ""wall_seconds"": 8.21}"
v3-main-771601/spring_petclinic_microservices/split/NCD/9,pmx,1,PMX_shared_variants,,23.935756881999993,independent_pmx_extraction_process,create_visit,,,,,
v3-main-771601/spring_petclinic_microservices/split/NCD/9,pmx,1,PMX_shared_variants,,25.596111147000016,independent_pmx_extraction_process,list_owners,,,,,
v3-main-771601/spring_petclinic_microservices/split/NCD/9,pmx,1,PMX_shared_variants,,22.587036090999987,independent_pmx_extraction_process,list_vets,,,,,
v3-main-771601/spring_petclinic_microservices/split/NCD/9,pmx,1,PMX_shared_variants,,23.133258081000008,independent_pmx_extraction_process,owner_details_with_visits,,,,,
