profile,case_id,method,representation,round,returncode,timed_out,wall_seconds,cpu_seconds,peak_rss_mib
deathstarbench_social_network,deathstarbench_social_network--colocated--N--r0--compose_post,ours_direct,original,0,0,False,0.12,0.11,36.15234375
deathstarbench_social_network,deathstarbench_social_network--colocated--N--r0--compose_post,ours_direct,completion_projected,0,0,False,0.12,0.12,36.09765625
deathstarbench_social_network,deathstarbench_social_network--colocated--N--r0--compose_post,ours_prepared,original,0,0,False,0.12,0.12,36.1015625
deathstarbench_social_network,deathstarbench_social_network--colocated--N--r0--compose_post,ours_prepared,completion_projected,0,0,False,0.12,0.12,36.19921875
deathstarbench_social_network,deathstarbench_social_network--colocated--N--r0--compose_post,cudd_fixed,original,0,0,False,0.24,0.24,61.4375
deathstarbench_social_network,deathstarbench_social_network--colocated--N--r0--compose_post,cudd_fixed,completion_projected,0,0,False,0.25,0.24,61.39453125
deathstarbench_social_network,deathstarbench_social_network--colocated--N--r0--compose_post,cudd_sift,original,0,0,False,0.25,0.24,61.23046875
deathstarbench_social_network,deathstarbench_social_network--colocated--N--r0--compose_post,cudd_sift,completion_projected,0,0,False,0.25,0.24,61.4609375
deathstarbench_social_network,deathstarbench_social_network--colocated--N--r0--compose_post,agrum_conditioned,original,0,0,False,0.23,0.22999999999999998,48.3125
deathstarbench_social_network,deathstarbench_social_network--colocated--N--r0--compose_post,agrum_conditioned,completion_projected,0,0,False,0.21,0.2,47.8515625
deathstarbench_social_network,deathstarbench_social_network--colocated--N--r0--compose_post,agrum_joint,original,0,0,False,0.19,0.19,48.265625
deathstarbench_social_network,deathstarbench_social_network--colocated--N--r0--compose_post,agrum_joint,completion_projected,0,0,False,0.18,0.18,48.0390625
deathstarbench_social_network,deathstarbench_social_network--colocated--N--r0--compose_post,storm_sparse,original,0,0,False,0.25,0.25,94.609375
deathstarbench_social_network,deathstarbench_social_network--colocated--N--r0--compose_post,storm_sparse,completion_projected,0,0,False,0.24,0.24,94.6171875
deathstarbench_social_network,deathstarbench_social_network--colocated--N--r0--compose_post,storm_compact,original,0,0,False,0.25,0.24,94.515625
deathstarbench_social_network,deathstarbench_social_network--colocated--N--r0--compose_post,storm_compact,completion_projected,0,0,False,0.24,0.24,94.6015625
deathstarbench_social_network,deathstarbench_social_network--colocated--N--r0--read_home_timeline,ours_direct,completion_projected,0,0,False,0.11,0.11,35.9921875
deathstarbench_social_network,deathstarbench_social_network--colocated--N--r0--read_home_timeline,ours_prepared,original,0,0,False,0.11,0.11,35.98828125
deathstarbench_social_network,deathstarbench_social_network--colocated--N--r0--read_home_timeline,ours_prepared,completion_projected,0,0,False,0.12,0.11,36.1015625
deathstarbench_social_network,deathstarbench_social_network--colocated--N--r0--read_home_timeline,cudd_fixed,original,0,0,False,0.25,0.24000000000000002,61.1328125
deathstarbench_social_network,deathstarbench_social_network--colocated--N--r0--read_home_timeline,cudd_fixed,completion_projected,0,0,False,0.24,0.24000000000000002,61.41796875
deathstarbench_social_network,deathstarbench_social_network--colocated--N--r0--read_home_timeline,cudd_sift,original,0,0,False,0.24,0.24000000000000002,61.26953125
deathstarbench_social_network,deathstarbench_social_network--colocated--N--r0--read_home_timeline,cudd_sift,completion_projected,0,0,False,0.24,0.24,61.1953125
deathstarbench_social_network,deathstarbench_social_network--colocated--N--r0--read_home_timeline,agrum_conditioned,original,0,0,False,0.15,0.15,47.6796875
deathstarbench_social_network,deathstarbench_social_network--colocated--N--r0--read_home_timeline,agrum_conditioned,completion_projected,0,0,False,0.15,0.13999999999999999,47.53515625
deathstarbench_social_network,deathstarbench_social_network--colocated--N--r0--read_home_timeline,agrum_joint,original,0,0,False,0.15,0.15,47.5078125
deathstarbench_social_network,deathstarbench_social_network--colocated--N--r0--read_home_timeline,agrum_joint,completion_projected,0,0,False,0.15,0.13999999999999999,47.55078125
deathstarbench_social_network,deathstarbench_social_network--colocated--N--r0--read_home_timeline,storm_sparse,original,0,0,False,0.23,0.23,93.1640625
deathstarbench_social_network,deathstarbench_social_network--colocated--N--r0--read_home_timeline,storm_sparse,completion_projected,0,0,False,0.23,0.22,93.23828125
deathstarbench_social_network,deathstarbench_social_network--colocated--N--r0--read_home_timeline,storm_compact,original,0,0,False,0.23,0.23,93.53125
deathstarbench_social_network,deathstarbench_social_network--colocated--N--r0--read_home_timeline,storm_compact,completion_projected,0,0,False,0.23,0.22,93.4375
deathstarbench_social_network,deathstarbench_social_network--colocated--N--r0--read_home_timeline,ours_direct,original,0,0,False,0.11,0.11,36.09765625
deathstarbench_social_network,deathstarbench_social_network--colocated--N--r0--read_user_timeline,ours_prepared,original,0,0,False,0.12,0.12000000000000001,35.9921875
deathstarbench_social_network,deathstarbench_social_network--colocated--N--r0--read_user_timeline,ours_prepared,completion_projected,0,0,False,0.12,0.12000000000000001,36.0234375
deathstarbench_social_network,deathstarbench_social_network--colocated--N--r0--read_user_timeline,cudd_fixed,original,0,0,False,0.25,0.24000000000000002,61.1875
deathstarbench_social_network,deathstarbench_social_network--colocated--N--r0--read_user_timeline,cudd_fixed,completion_projected,0,0,False,0.25,0.24000000000000002,61.2890625
deathstarbench_social_network,deathstarbench_social_network--colocated--N--r0--read_user_timeline,cudd_sift,original,0,0,False,0.25,0.25,61.296875
deathstarbench_social_network,deathstarbench_social_network--colocated--N--r0--read_user_timeline,cudd_sift,completion_projected,0,0,False,0.25,0.24000000000000002,61.26171875
deathstarbench_social_network,deathstarbench_social_network--colocated--N--r0--read_user_timeline,agrum_conditioned,original,0,0,False,0.2,0.19,47.8203125
deathstarbench_social_network,deathstarbench_social_network--colocated--N--r0--read_user_timeline,agrum_conditioned,completion_projected,0,0,False,0.2,0.2,47.8046875
deathstarbench_social_network,deathstarbench_social_network--colocated--N--r0--read_user_timeline,agrum_joint,original,0,0,False,0.18,0.17,47.97265625
deathstarbench_social_network,deathstarbench_social_network--colocated--N--r0--read_user_timeline,agrum_joint,completion_projected,0,0,False,0.18,0.17,47.8125
deathstarbench_social_network,deathstarbench_social_network--colocated--N--r0--read_user_timeline,storm_sparse,original,0,0,False,0.25,0.25,95.08984375
deathstarbench_social_network,deathstarbench_social_network--colocated--N--r0--read_user_timeline,storm_sparse,completion_projected,0,0,False,0.24,0.24,94.73828125
deathstarbench_social_network,deathstarbench_social_network--colocated--N--r0--read_user_timeline,storm_compact,original,0,0,False,0.24,0.24,94.7421875
deathstarbench_social_network,deathstarbench_social_network--colocated--N--r0--read_user_timeline,storm_compact,completion_projected,0,0,False,0.25,0.24,94.8828125
deathstarbench_social_network,deathstarbench_social_network--colocated--N--r0--read_user_timeline,ours_direct,original,0,0,False,0.12,0.11,36.05078125
deathstarbench_social_network,deathstarbench_social_network--colocated--N--r0--read_user_timeline,ours_direct,completion_projected,0,0,False,0.12,0.12000000000000001,36.06640625
deathstarbench_social_network,deathstarbench_social_network--colocated--NC--r0--compose_post,ours_prepared,completion_projected,0,0,False,0.14,0.13,36.12109375
deathstarbench_social_network,deathstarbench_social_network--colocated--NC--r0--compose_post,cudd_fixed,original,0,0,False,0.26,0.25,61.23828125
deathstarbench_social_network,deathstarbench_social_network--colocated--NC--r0--compose_post,cudd_fixed,completion_projected,0,0,False,0.27,0.26,61.40625
deathstarbench_social_network,deathstarbench_social_network--colocated--NC--r0--compose_post,cudd_sift,original,0,0,False,0.26,0.26,61.44140625
deathstarbench_social_network,deathstarbench_social_network--colocated--NC--r0--compose_post,cudd_sift,completion_projected,0,0,False,0.26,0.26,61.2890625
deathstarbench_social_network,deathstarbench_social_network--colocated--NC--r0--compose_post,agrum_conditioned,original,0,0,False,0.52,0.51,48.50390625
deathstarbench_social_network,deathstarbench_social_network--colocated--NC--r0--compose_post,agrum_conditioned,completion_projected,0,0,False,0.4,0.4,48.0546875
deathstarbench_social_network,deathstarbench_social_network--colocated--NC--r0--compose_post,agrum_joint,original,0,0,False,0.29,0.28,48.484375
deathstarbench_social_network,deathstarbench_social_network--colocated--NC--r0--compose_post,agrum_joint,completion_projected,0,0,False,0.26,0.25,48.0625
deathstarbench_social_network,deathstarbench_social_network--colocated--NC--r0--compose_post,storm_sparse,original,0,0,False,0.31,0.30000000000000004,95.13671875
deathstarbench_social_network,deathstarbench_social_network--colocated--NC--r0--compose_post,storm_sparse,completion_projected,0,0,False,0.27,0.27,95.015625
deathstarbench_social_network,deathstarbench_social_network--colocated--NC--r0--compose_post,storm_compact,original,0,0,False,0.27,0.26,95.734375
deathstarbench_social_network,deathstarbench_social_network--colocated--NC--r0--compose_post,storm_compact,completion_projected,0,0,False,0.27,0.26,94.80078125
deathstarbench_social_network,deathstarbench_social_network--colocated--NC--r0--compose_post,ours_direct,original,0,0,False,0.15,0.13999999999999999,36.125
deathstarbench_social_network,deathstarbench_social_network--colocated--NC--r0--compose_post,ours_direct,completion_projected,0,0,False,0.15,0.15,36.234375
deathstarbench_social_network,deathstarbench_social_network--colocated--NC--r0--compose_post,ours_prepared,original,0,0,False,0.14,0.13,36.22265625
deathstarbench_social_network,deathstarbench_social_network--colocated--NC--r0--read_home_timeline,cudd_fixed,original,0,0,False,0.26,0.25,61.25
deathstarbench_social_network,deathstarbench_social_network--colocated--NC--r0--read_home_timeline,cudd_fixed,completion_projected,0,0,False,0.25,0.24000000000000002,61.296875
deathstarbench_social_network,deathstarbench_social_network--colocated--NC--r0--read_home_timeline,cudd_sift,original,0,0,False,0.26,0.26,61.26953125
deathstarbench_social_network,deathstarbench_social_network--colocated--NC--r0--read_home_timeline,cudd_sift,completion_projected,0,0,False,0.27,0.26,61.2890625
deathstarbench_social_network,deathstarbench_social_network--colocated--NC--r0--read_home_timeline,agrum_conditioned,original,0,0,False,0.15,0.15,47.59765625
deathstarbench_social_network,deathstarbench_social_network--colocated--NC--r0--read_home_timeline,agrum_conditioned,completion_projected,0,0,False,0.15,0.13999999999999999,47.55859375
deathstarbench_social_network,deathstarbench_social_network--colocated--NC--r0--read_home_timeline,agrum_joint,original,0,0,False,0.15,0.15,47.6171875
deathstarbench_social_network,deathstarbench_social_network--colocated--NC--r0--read_home_timeline,agrum_joint,completion_projected,0,0,False,0.16,0.15,47.4453125
deathstarbench_social_network,deathstarbench_social_network--colocated--NC--r0--read_home_timeline,storm_sparse,original,0,0,False,0.26,0.25,93.31640625
deathstarbench_social_network,deathstarbench_social_network--colocated--NC--r0--read_home_timeline,storm_sparse,completion_projected,0,0,False,0.25,0.24,93.3671875
deathstarbench_social_network,deathstarbench_social_network--colocated--NC--r0--read_home_timeline,storm_compact,original,0,0,False,0.25,0.24,93.3828125
deathstarbench_social_network,deathstarbench_social_network--colocated--NC--r0--read_home_timeline,storm_compact,completion_projected,0,0,False,0.24,0.24,93.32421875
deathstarbench_social_network,deathstarbench_social_network--colocated--NC--r0--read_home_timeline,ours_direct,original,0,0,False,0.13,0.12,36.10546875
deathstarbench_social_network,deathstarbench_social_network--colocated--NC--r0--read_home_timeline,ours_direct,completion_projected,0,0,False,0.12,0.12,35.984375
deathstarbench_social_network,deathstarbench_social_network--colocated--NC--r0--read_home_timeline,ours_prepared,original,0,0,False,0.12,0.11,35.99609375
deathstarbench_social_network,deathstarbench_social_network--colocated--NC--r0--read_home_timeline,ours_prepared,completion_projected,0,0,False,0.12,0.12,35.99609375
deathstarbench_social_network,deathstarbench_social_network--colocated--NC--r0--read_user_timeline,cudd_fixed,completion_projected,0,0,False,0.28,0.27,61.4140625
deathstarbench_social_network,deathstarbench_social_network--colocated--NC--r0--read_user_timeline,cudd_sift,original,0,0,False,0.28,0.28,61.40625
deathstarbench_social_network,deathstarbench_social_network--colocated--NC--r0--read_user_timeline,cudd_sift,completion_projected,0,0,False,0.27,0.26,61.34375
deathstarbench_social_network,deathstarbench_social_network--colocated--NC--r0--read_user_timeline,agrum_conditioned,original,0,0,False,0.44,0.43,47.9453125
deathstarbench_social_network,deathstarbench_social_network--colocated--NC--r0--read_user_timeline,agrum_conditioned,completion_projected,0,0,False,0.4,0.4,47.8515625
deathstarbench_social_network,deathstarbench_social_network--colocated--NC--r0--read_user_timeline,agrum_joint,original,0,0,False,0.26,0.25,48.03125
deathstarbench_social_network,deathstarbench_social_network--colocated--NC--r0--read_user_timeline,agrum_joint,completion_projected,0,0,False,0.25,0.25,47.94921875
deathstarbench_social_network,deathstarbench_social_network--colocated--NC--r0--read_user_timeline,storm_sparse,original,0,0,False,0.28,0.27,94.6875
deathstarbench_social_network,deathstarbench_social_network--colocated--NC--r0--read_user_timeline,storm_sparse,completion_projected,0,0,False,0.28,0.27999999999999997,95.01171875
deathstarbench_social_network,deathstarbench_social_network--colocated--NC--r0--read_user_timeline,storm_compact,original,0,0,False,0.29,0.27999999999999997,95.07421875
deathstarbench_social_network,deathstarbench_social_network--colocated--NC--r0--read_user_timeline,storm_compact,completion_projected,0,0,False,0.28,0.28,94.55078125
deathstarbench_social_network,deathstarbench_social_network--colocated--NC--r0--read_user_timeline,ours_direct,original,0,0,False,0.14,0.13,36.140625
deathstarbench_social_network,deathstarbench_social_network--colocated--NC--r0--read_user_timeline,ours_direct,completion_projected,0,0,False,0.13,0.13,36.08984375
deathstarbench_social_network,deathstarbench_social_network--colocated--NC--r0--read_user_timeline,ours_prepared,original,0,0,False,0.14,0.13999999999999999,36.08984375
deathstarbench_social_network,deathstarbench_social_network--colocated--NC--r0--read_user_timeline,ours_prepared,completion_projected,0,0,False,0.14,0.13,36.16015625
deathstarbench_social_network,deathstarbench_social_network--colocated--NC--r0--read_user_timeline,cudd_fixed,original,0,0,False,0.29,0.27999999999999997,61.3515625
deathstarbench_social_network,deathstarbench_social_network--colocated--NCD--r0--read_home_timeline,cudd_sift,original,0,0,False,0.26,0.26,61.38671875
deathstarbench_social_network,deathstarbench_social_network--colocated--NCD--r0--read_home_timeline,cudd_sift,completion_projected,0,0,False,0.27,0.27,61.2109375
deathstarbench_social_network,deathstarbench_social_network--colocated--NCD--r0--read_home_timeline,agrum_conditioned,original,0,0,False,0.16,0.15000000000000002,47.57421875
deathstarbench_social_network,deathstarbench_social_network--colocated--NCD--r0--read_home_timeline,agrum_conditioned,completion_projected,0,0,False,0.16,0.15,47.515625
deathstarbench_social_network,deathstarbench_social_network--colocated--NCD--r0--read_home_timeline,agrum_joint,original,0,0,False,0.15,0.15,47.59765625
deathstarbench_social_network,deathstarbench_social_network--colocated--NCD--r0--read_home_timeline,agrum_joint,completion_projected,0,0,False,0.15,0.15,47.5625
deathstarbench_social_network,deathstarbench_social_network--colocated--NCD--r0--read_home_timeline,storm_sparse,original,0,0,False,0.26,0.26,93.5859375
deathstarbench_social_network,deathstarbench_social_network--colocated--NCD--r0--read_home_timeline,storm_sparse,completion_projected,0,0,False,0.28,0.27,93.2265625
deathstarbench_social_network,deathstarbench_social_network--colocated--NCD--r0--read_home_timeline,storm_compact,original,0,0,False,0.24,0.24000000000000002,93.4609375
deathstarbench_social_network,deathstarbench_social_network--colocated--NCD--r0--read_home_timeline,storm_compact,completion_projected,0,0,False,0.26,0.26,93.19140625
deathstarbench_social_network,deathstarbench_social_network--colocated--NCD--r0--read_home_timeline,ours_direct,original,0,0,False,0.13,0.12000000000000001,36.09765625
deathstarbench_social_network,deathstarbench_social_network--colocated--NCD--r0--read_home_timeline,ours_direct,completion_projected,0,0,False,0.12,0.12000000000000001,36.01953125
deathstarbench_social_network,deathstarbench_social_network--colocated--NCD--r0--read_home_timeline,ours_prepared,original,0,0,False,0.12,0.12000000000000001,35.9921875
deathstarbench_social_network,deathstarbench_social_network--colocated--NCD--r0--read_home_timeline,ours_prepared,completion_projected,0,0,False,0.12,0.11,36.1015625
deathstarbench_social_network,deathstarbench_social_network--colocated--NCD--r0--read_home_timeline,cudd_fixed,original,0,0,False,0.25,0.24000000000000002,61.19921875
deathstarbench_social_network,deathstarbench_social_network--colocated--NCD--r0--read_home_timeline,cudd_fixed,completion_projected,0,0,False,0.27,0.26,61.2734375
deathstarbench_social_network,deathstarbench_social_network--colocated--ND--r0--compose_post,cudd_sift,completion_projected,0,0,False,0.27,0.27,61.37109375
deathstarbench_social_network,deathstarbench_social_network--colocated--ND--r0--compose_post,agrum_conditioned,original,0,0,False,0.27,0.27,48.203125
deathstarbench_social_network,deathstarbench_social_network--colocated--ND--r0--compose_post,agrum_conditioned,completion_projected,0,0,False,0.24,0.22999999999999998,48.03515625
deathstarbench_social_network,deathstarbench_social_network--colocated--ND--r0--compose_post,agrum_joint,original,0,0,False,0.21,0.19999999999999998,48.30078125
deathstarbench_social_network,deathstarbench_social_network--colocated--ND--r0--compose_post,agrum_joint,completion_projected,0,0,False,0.19,0.19,47.92578125
deathstarbench_social_network,deathstarbench_social_network--colocated--ND--r0--compose_post,storm_sparse,original,0,0,False,0.26,0.25,94.66796875
deathstarbench_social_network,deathstarbench_social_network--colocated--ND--r0--compose_post,storm_sparse,completion_projected,0,0,False,0.25,0.25,94.46875
deathstarbench_social_network,deathstarbench_social_network--colocated--ND--r0--compose_post,storm_compact,original,0,0,False,0.25,0.25,94.74609375
deathstarbench_social_network,deathstarbench_social_network--colocated--ND--r0--compose_post,storm_compact,completion_projected,0,0,False,0.24,0.24,94.82421875
deathstarbench_social_network,deathstarbench_social_network--colocated--ND--r0--compose_post,ours_direct,original,0,0,False,0.12,0.11,36.0390625
deathstarbench_social_network,deathstarbench_social_network--colocated--ND--r0--compose_post,ours_direct,completion_projected,0,0,False,0.13,0.12,36.21484375
deathstarbench_social_network,deathstarbench_social_network--colocated--ND--r0--compose_post,ours_prepared,original,0,0,False,0.13,0.12,36.22265625
deathstarbench_social_network,deathstarbench_social_network--colocated--ND--r0--compose_post,ours_prepared,completion_projected,0,0,False,0.13,0.13,36.12890625
deathstarbench_social_network,deathstarbench_social_network--colocated--ND--r0--compose_post,cudd_fixed,original,0,0,False,0.25,0.24,61.25390625
deathstarbench_social_network,deathstarbench_social_network--colocated--ND--r0--compose_post,cudd_fixed,completion_projected,0,0,False,0.25,0.25,61.25390625
deathstarbench_social_network,deathstarbench_social_network--colocated--ND--r0--compose_post,cudd_sift,original,0,0,False,0.27,0.26,61.3671875
deathstarbench_social_network,deathstarbench_social_network--colocated--ND--r0--read_home_timeline,agrum_conditioned,original,0,0,False,0.16,0.15,47.5390625
deathstarbench_social_network,deathstarbench_social_network--colocated--ND--r0--read_home_timeline,agrum_conditioned,completion_projected,0,0,False,0.15,0.14,47.50390625
deathstarbench_social_network,deathstarbench_social_network--colocated--ND--r0--read_home_timeline,agrum_joint,original,0,0,False,0.15,0.13999999999999999,47.58984375
deathstarbench_social_network,deathstarbench_social_network--colocated--ND--r0--read_home_timeline,agrum_joint,completion_projected,0,0,False,0.15,0.13999999999999999,47.4453125
deathstarbench_social_network,deathstarbench_social_network--colocated--ND--r0--read_home_timeline,storm_sparse,original,0,0,False,0.24,0.23,93.51171875
deathstarbench_social_network,deathstarbench_social_network--colocated--ND--r0--read_home_timeline,storm_sparse,completion_projected,0,0,False,0.23,0.22,93.64453125
deathstarbench_social_network,deathstarbench_social_network--colocated--ND--r0--read_home_timeline,storm_compact,original,0,0,False,0.25,0.24,93.26171875
deathstarbench_social_network,deathstarbench_social_network--colocated--ND--r0--read_home_timeline,storm_compact,completion_projected,0,0,False,0.24,0.23,93.2265625
deathstarbench_social_network,deathstarbench_social_network--colocated--ND--r0--read_home_timeline,ours_direct,original,0,0,False,0.12,0.12000000000000001,36.1015625
deathstarbench_social_network,deathstarbench_social_network--colocated--ND--r0--read_home_timeline,ours_direct,completion_projected,0,0,False,0.12,0.11,36.02734375
deathstarbench_social_network,deathstarbench_social_network--colocated--ND--r0--read_home_timeline,ours_prepared,original,0,0,False,0.12,0.12000000000000001,35.984375
deathstarbench_social_network,deathstarbench_social_network--colocated--ND--r0--read_home_timeline,ours_prepared,completion_projected,0,0,False,0.12,0.11,36.00390625
deathstarbench_social_network,deathstarbench_social_network--colocated--ND--r0--read_home_timeline,cudd_fixed,original,0,0,False,0.24,0.24,61.38671875
deathstarbench_social_network,deathstarbench_social_network--colocated--ND--r0--read_home_timeline,cudd_fixed,completion_projected,0,0,False,0.25,0.24,61.26171875
deathstarbench_social_network,deathstarbench_social_network--colocated--ND--r0--read_home_timeline,cudd_sift,original,0,0,False,0.25,0.25,61.203125
deathstarbench_social_network,deathstarbench_social_network--colocated--ND--r0--read_home_timeline,cudd_sift,completion_projected,0,0,False,0.25,0.24000000000000002,61.390625
deathstarbench_social_network,deathstarbench_social_network--colocated--ND--r0--read_user_timeline,agrum_conditioned,completion_projected,0,0,False,0.22,0.22,47.91015625
deathstarbench_social_network,deathstarbench_social_network--colocated--ND--r0--read_user_timeline,agrum_joint,original,0,0,False,0.2,0.19,47.8046875
deathstarbench_social_network,deathstarbench_social_network--colocated--ND--r0--read_user_timeline,agrum_joint,completion_projected,0,0,False,0.19,0.18,47.9609375
deathstarbench_social_network,deathstarbench_social_network--colocated--ND--r0--read_user_timeline,storm_sparse,original,0,0,False,0.25,0.25,94.58203125
deathstarbench_social_network,deathstarbench_social_network--colocated--ND--r0--read_user_timeline,storm_sparse,completion_projected,0,0,False,0.24,0.24,94.72265625
deathstarbench_social_network,deathstarbench_social_network--colocated--ND--r0--read_user_timeline,storm_compact,original,0,0,False,0.25,0.24,94.984375
deathstarbench_social_network,deathstarbench_social_network--colocated--ND--r0--read_user_timeline,storm_compact,completion_projected,0,0,False,0.24,0.23,94.765625
deathstarbench_social_network,deathstarbench_social_network--colocated--ND--r0--read_user_timeline,ours_direct,original,0,0,False,0.13,0.12000000000000001,35.99609375
deathstarbench_social_network,deathstarbench_social_network--colocated--ND--r0--read_user_timeline,ours_direct,completion_projected,0,0,False,0.12,0.12000000000000001,36.03515625
deathstarbench_social_network,deathstarbench_social_network--colocated--ND--r0--read_user_timeline,ours_prepared,original,0,0,False,0.12,0.12,36.078125
deathstarbench_social_network,deathstarbench_social_network--colocated--ND--r0--read_user_timeline,ours_prepared,completion_projected,0,0,False,0.13,0.12,36.04296875
deathstarbench_social_network,deathstarbench_social_network--colocated--ND--r0--read_user_timeline,cudd_fixed,original,0,0,False,0.26,0.26,61.38671875
deathstarbench_social_network,deathstarbench_social_network--colocated--ND--r0--read_user_timeline,cudd_fixed,completion_projected,0,0,False,0.25,0.25,61.3984375
deathstarbench_social_network,deathstarbench_social_network--colocated--ND--r0--read_user_timeline,cudd_sift,original,0,0,False,0.25,0.24000000000000002,61.18359375
deathstarbench_social_network,deathstarbench_social_network--colocated--ND--r0--read_user_timeline,cudd_sift,completion_projected,0,0,False,0.25,0.25,61.20703125
deathstarbench_social_network,deathstarbench_social_network--colocated--ND--r0--read_user_timeline,agrum_conditioned,original,0,0,False,0.23,0.22,47.94140625
deathstarbench_social_network,deathstarbench_social_network--split--N--r0--compose_post,agrum_joint,original,0,0,False,0.19,0.19,48.16015625
deathstarbench_social_network,deathstarbench_social_network--split--N--r0--compose_post,agrum_joint,completion_projected,0,0,False,0.19,0.19,47.828125
deathstarbench_social_network,deathstarbench_social_network--split--N--r0--compose_post,storm_sparse,original,0,0,False,0.26,0.25,94.8515625
deathstarbench_social_network,deathstarbench_social_network--split--N--r0--compose_post,storm_sparse,completion_projected,0,0,False,0.26,0.25,94.5
deathstarbench_social_network,deathstarbench_social_network--split--N--r0--compose_post,storm_compact,original,0,0,False,0.25,0.24,94.55078125
deathstarbench_social_network,deathstarbench_social_network--split--N--r0--compose_post,storm_compact,completion_projected,0,0,False,0.26,0.25,94.45703125
deathstarbench_social_network,deathstarbench_social_network--split--N--r0--compose_post,ours_direct,original,0,0,False,0.13,0.12000000000000001,36.1015625
deathstarbench_social_network,deathstarbench_social_network--split--N--r0--compose_post,ours_direct,completion_projected,0,0,False,0.13,0.12,35.99609375
deathstarbench_social_network,deathstarbench_social_network--split--N--r0--compose_post,ours_prepared,original,0,0,False,0.12,0.11,36.09765625
deathstarbench_social_network,deathstarbench_social_network--split--N--r0--compose_post,ours_prepared,completion_projected,0,0,False,0.13,0.13,36.171875
deathstarbench_social_network,deathstarbench_social_network--split--N--r0--compose_post,cudd_fixed,original,0,0,False,0.25,0.25,61.32421875
deathstarbench_social_network,deathstarbench_social_network--split--N--r0--compose_post,cudd_fixed,completion_projected,0,0,False,0.25,0.25,61.4453125
deathstarbench_social_network,deathstarbench_social_network--split--N--r0--compose_post,cudd_sift,original,0,0,False,0.25,0.24,61.4375
deathstarbench_social_network,deathstarbench_social_network--split--N--r0--compose_post,cudd_sift,completion_projected,0,0,False,0.24,0.24000000000000002,61.37890625
deathstarbench_social_network,deathstarbench_social_network--split--N--r0--compose_post,agrum_conditioned,original,0,0,False,0.24,0.22999999999999998,48.1484375
deathstarbench_social_network,deathstarbench_social_network--split--N--r0--compose_post,agrum_conditioned,completion_projected,0,0,False,0.22,0.21,47.92578125
deathstarbench_social_network,deathstarbench_social_network--split--N--r0--read_home_timeline,agrum_joint,completion_projected,0,0,False,0.14,0.13,47.55078125
deathstarbench_social_network,deathstarbench_social_network--split--N--r0--read_home_timeline,storm_sparse,original,0,0,False,0.23,0.23,93.421875
deathstarbench_social_network,deathstarbench_social_network--split--N--r0--read_home_timeline,storm_sparse,completion_projected,0,0,False,0.24,0.24,93.203125
deathstarbench_social_network,deathstarbench_social_network--split--N--r0--read_home_timeline,storm_compact,original,0,0,False,0.25,0.25,93.44140625
deathstarbench_social_network,deathstarbench_social_network--split--N--r0--read_home_timeline,storm_compact,completion_projected,0,0,False,0.24,0.23,93.1875
deathstarbench_social_network,deathstarbench_social_network--split--N--r0--read_home_timeline,ours_direct,original,0,0,False,0.12,0.11,36.1015625
deathstarbench_social_network,deathstarbench_social_network--split--N--r0--read_home_timeline,ours_direct,completion_projected,0,0,False,0.13,0.12000000000000001,36.00390625
deathstarbench_social_network,deathstarbench_social_network--split--N--r0--read_home_timeline,ours_prepared,original,0,0,False,0.12,0.12000000000000001,36.02734375
deathstarbench_social_network,deathstarbench_social_network--split--N--r0--read_home_timeline,ours_prepared,completion_projected,0,0,False,0.13,0.12,36.15234375
deathstarbench_social_network,deathstarbench_social_network--split--N--r0--read_home_timeline,cudd_fixed,original,0,0,False,0.26,0.26,61.3828125
deathstarbench_social_network,deathstarbench_social_network--split--N--r0--read_home_timeline,cudd_fixed,completion_projected,0,0,False,0.27,0.26,61.1953125
deathstarbench_social_network,deathstarbench_social_network--split--N--r0--read_home_timeline,cudd_sift,original,0,0,False,0.28,0.27999999999999997,61.37890625
deathstarbench_social_network,deathstarbench_social_network--split--N--r0--read_home_timeline,cudd_sift,completion_projected,0,0,False,0.27,0.26,61.41015625
deathstarbench_social_network,deathstarbench_social_network--split--N--r0--read_home_timeline,agrum_conditioned,original,0,0,False,0.16,0.15000000000000002,47.43359375
deathstarbench_social_network,deathstarbench_social_network--split--N--r0--read_home_timeline,agrum_conditioned,completion_projected,0,0,False,0.15,0.15,47.4921875
deathstarbench_social_network,deathstarbench_social_network--split--N--r0--read_home_timeline,agrum_joint,original,0,0,False,0.17,0.17,47.58203125
deathstarbench_social_network,deathstarbench_social_network--split--N--r0--read_user_timeline,storm_sparse,original,0,0,False,0.28,0.28,94.9765625
deathstarbench_social_network,deathstarbench_social_network--split--N--r0--read_user_timeline,storm_sparse,completion_projected,0,0,False,0.26,0.26,94.8046875
deathstarbench_social_network,deathstarbench_social_network--split--N--r0--read_user_timeline,storm_compact,original,0,0,False,0.27,0.26,95.01953125
deathstarbench_social_network,deathstarbench_social_network--split--N--r0--read_user_timeline,storm_compact,completion_projected,0,0,False,0.27,0.27,94.70703125
deathstarbench_social_network,deathstarbench_social_network--split--N--r0--read_user_timeline,ours_direct,original,0,0,False,0.12,0.12000000000000001,36.02734375
deathstarbench_social_network,deathstarbench_social_network--split--N--r0--read_user_timeline,ours_direct,completion_projected,0,0,False,0.12,0.12000000000000001,36.1015625
deathstarbench_social_network,deathstarbench_social_network--split--N--r0--read_user_timeline,ours_prepared,original,0,0,False,0.12,0.12,36.02734375
deathstarbench_social_network,deathstarbench_social_network--split--N--r0--read_user_timeline,ours_prepared,completion_projected,0,0,False,0.13,0.12,36.015625
deathstarbench_social_network,deathstarbench_social_network--split--N--r0--read_user_timeline,cudd_fixed,original,0,0,False,0.26,0.26,61.171875
deathstarbench_social_network,deathstarbench_social_network--split--N--r0--read_user_timeline,cudd_fixed,completion_projected,0,0,False,0.27,0.27,61.29296875
deathstarbench_social_network,deathstarbench_social_network--split--N--r0--read_user_timeline,cudd_sift,original,0,0,False,0.26,0.26,61.19140625
deathstarbench_social_network,deathstarbench_social_network--split--N--r0--read_user_timeline,cudd_sift,completion_projected,0,0,False,0.27,0.26,61.34375
deathstarbench_social_network,deathstarbench_social_network--split--N--r0--read_user_timeline,agrum_conditioned,original,0,0,False,0.21,0.21,47.89453125
deathstarbench_social_network,deathstarbench_social_network--split--N--r0--read_user_timeline,agrum_conditioned,completion_projected,0,0,False,0.2,0.19999999999999998,47.8125
deathstarbench_social_network,deathstarbench_social_network--split--N--r0--read_user_timeline,agrum_joint,original,0,0,False,0.2,0.19,47.8359375
deathstarbench_social_network,deathstarbench_social_network--split--N--r0--read_user_timeline,agrum_joint,completion_projected,0,0,False,0.18,0.17,47.92578125
deathstarbench_social_network,deathstarbench_social_network--split--NC--r0--compose_post,storm_sparse,completion_projected,0,0,False,0.28,0.27,95.04296875
deathstarbench_social_network,deathstarbench_social_network--split--NC--r0--compose_post,storm_compact,original,0,0,False,0.28,0.27999999999999997,95.25390625
deathstarbench_social_network,deathstarbench_social_network--split--NC--r0--compose_post,storm_compact,completion_projected,0,0,False,0.26,0.26,94.953125
deathstarbench_social_network,deathstarbench_social_network--split--NC--r0--compose_post,ours_direct,original,0,0,False,0.15,0.15,36.18359375
deathstarbench_social_network,deathstarbench_social_network--split--NC--r0--compose_post,ours_direct,completion_projected,0,0,False,0.15,0.13999999999999999,36.22265625
deathstarbench_social_network,deathstarbench_social_network--split--NC--r0--compose_post,ours_prepared,original,0,0,False,0.14,0.13,36.12890625
deathstarbench_social_network,deathstarbench_social_network--split--NC--r0--compose_post,ours_prepared,completion_projected,0,0,False,0.14,0.13,36.1328125
deathstarbench_social_network,deathstarbench_social_network--split--NC--r0--compose_post,cudd_fixed,original,0,0,False,0.28,0.27,61.453125
deathstarbench_social_network,deathstarbench_social_network--split--NC--r0--compose_post,cudd_fixed,completion_projected,0,0,False,0.28,0.27999999999999997,61.26171875
deathstarbench_social_network,deathstarbench_social_network--split--NC--r0--compose_post,cudd_sift,original,0,0,False,0.27,0.26,61.421875
deathstarbench_social_network,deathstarbench_social_network--split--NC--r0--compose_post,cudd_sift,completion_projected,0,0,False,0.28,0.27999999999999997,61.25390625
deathstarbench_social_network,deathstarbench_social_network--split--NC--r0--compose_post,agrum_conditioned,original,0,0,False,0.44,0.43,48.51953125
deathstarbench_social_network,deathstarbench_social_network--split--NC--r0--compose_post,agrum_conditioned,completion_projected,0,0,False,0.35,0.35,48.0546875
deathstarbench_social_network,deathstarbench_social_network--split--NC--r0--compose_post,agrum_joint,original,0,0,False,0.26,0.26,48.32421875
deathstarbench_social_network,deathstarbench_social_network--split--NC--r0--compose_post,agrum_joint,completion_projected,0,0,False,0.24,0.23,48.0546875
deathstarbench_social_network,deathstarbench_social_network--split--NC--r0--compose_post,storm_sparse,original,0,0,False,0.29,0.27999999999999997,95.16796875
deathstarbench_social_network,deathstarbench_social_network--split--NC--r0--read_home_timeline,storm_compact,original,0,0,False,0.24,0.23,93.19921875
deathstarbench_social_network,deathstarbench_social_network--split--NC--r0--read_home_timeline,storm_compact,completion_projected,0,0,False,0.24,0.24000000000000002,93.37890625
deathstarbench_social_network,deathstarbench_social_network--split--NC--r0--read_home_timeline,ours_direct,original,0,0,False,0.12,0.11,36.078125
deathstarbench_social_network,deathstarbench_social_network--split--NC--r0--read_home_timeline,ours_direct,completion_projected,0,0,False,0.12,0.12000000000000001,36.05078125
deathstarbench_social_network,deathstarbench_social_network--split--NC--r0--read_home_timeline,ours_prepared,original,0,0,False,0.12,0.11,36.04296875
deathstarbench_social_network,deathstarbench_social_network--split--NC--r0--read_home_timeline,ours_prepared,completion_projected,0,0,False,0.12,0.11,35.99609375
deathstarbench_social_network,deathstarbench_social_network--split--NC--r0--read_home_timeline,cudd_fixed,original,0,0,False,0.27,0.27,61.26171875
deathstarbench_social_network,deathstarbench_social_network--split--NC--r0--read_home_timeline,cudd_fixed,completion_projected,0,0,False,0.26,0.26,61.1875
deathstarbench_social_network,deathstarbench_social_network--split--NC--r0--read_home_timeline,cudd_sift,original,0,0,False,0.25,0.24000000000000002,61.25390625
deathstarbench_social_network,deathstarbench_social_network--split--NC--r0--read_home_timeline,cudd_sift,completion_projected,0,0,False,0.25,0.25,61.42578125
deathstarbench_social_network,deathstarbench_social_network--split--NC--r0--read_home_timeline,agrum_conditioned,original,0,0,False,0.15,0.13999999999999999,47.6171875
deathstarbench_social_network,deathstarbench_social_network--split--NC--r0--read_home_timeline,agrum_conditioned,completion_projected,0,0,False,0.15,0.13999999999999999,47.5546875
deathstarbench_social_network,deathstarbench_social_network--split--NC--r0--read_home_timeline,agrum_joint,original,0,0,False,0.15,0.15,47.55078125
deathstarbench_social_network,deathstarbench_social_network--split--NC--r0--read_home_timeline,agrum_joint,completion_projected,0,0,False,0.15,0.13999999999999999,47.4765625
deathstarbench_social_network,deathstarbench_social_network--split--NC--r0--read_home_timeline,storm_sparse,original,0,0,False,0.25,0.25,93.578125
deathstarbench_social_network,deathstarbench_social_network--split--NC--r0--read_home_timeline,storm_sparse,completion_projected,0,0,False,0.24,0.24,93.19921875
deathstarbench_social_network,deathstarbench_social_network--split--NC--r0--read_user_timeline,storm_compact,completion_projected,0,0,False,0.27,0.26,94.9296875
deathstarbench_social_network,deathstarbench_social_network--split--NC--r0--read_user_timeline,ours_direct,original,0,0,False,0.13,0.13,36.05859375
deathstarbench_social_network,deathstarbench_social_network--split--NC--r0--read_user_timeline,ours_direct,completion_projected,0,0,False,0.14,0.13,36.0703125
deathstarbench_social_network,deathstarbench_social_network--split--NC--r0--read_user_timeline,ours_prepared,original,0,0,False,0.13,0.12,36.16015625
deathstarbench_social_network,deathstarbench_social_network--split--NC--r0--read_user_timeline,ours_prepared,completion_projected,0,0,False,0.13,0.13,35.984375
deathstarbench_social_network,deathstarbench_social_network--split--NC--r0--read_user_timeline,cudd_fixed,original,0,0,False,0.26,0.25,61.34765625
deathstarbench_social_network,deathstarbench_social_network--split--NC--r0--read_user_timeline,cudd_fixed,completion_projected,0,0,False,0.26,0.25,61.37109375
deathstarbench_social_network,deathstarbench_social_network--split--NC--r0--read_user_timeline,cudd_sift,original,0,0,False,0.26,0.25,61.35546875
deathstarbench_social_network,deathstarbench_social_network--split--NC--r0--read_user_timeline,cudd_sift,completion_projected,0,0,False,0.26,0.26,61.42578125
deathstarbench_social_network,deathstarbench_social_network--split--NC--r0--read_user_timeline,agrum_conditioned,original,0,0,False,0.38,0.37,47.95703125
deathstarbench_social_network,deathstarbench_social_network--split--NC--r0--read_user_timeline,agrum_conditioned,completion_projected,0,0,False,0.35,0.35000000000000003,48.03125
deathstarbench_social_network,deathstarbench_social_network--split--NC--r0--read_user_timeline,agrum_joint,original,0,0,False,0.24,0.24,47.95703125
deathstarbench_social_network,deathstarbench_social_network--split--NC--r0--read_user_timeline,agrum_joint,completion_projected,0,0,False,0.23,0.22999999999999998,48.10546875
deathstarbench_social_network,deathstarbench_social_network--split--NC--r0--read_user_timeline,storm_sparse,original,0,0,False,0.28,0.27,94.93359375
deathstarbench_social_network,deathstarbench_social_network--split--NC--r0--read_user_timeline,storm_sparse,completion_projected,0,0,False,0.27,0.27,94.8828125
deathstarbench_social_network,deathstarbench_social_network--split--NC--r0--read_user_timeline,storm_compact,original,0,0,False,0.26,0.26,94.5234375
deathstarbench_social_network,deathstarbench_social_network--split--NCD--r0--compose_post,ours_direct,original,0,0,False,0.15,0.14,36.2734375
deathstarbench_social_network,deathstarbench_social_network--split--NCD--r0--compose_post,ours_direct,completion_projected,0,0,False,0.15,0.15000000000000002,36.16015625
deathstarbench_social_network,deathstarbench_social_network--split--NCD--r0--compose_post,ours_prepared,original,0,0,False,0.15,0.13999999999999999,36.11328125
deathstarbench_social_network,deathstarbench_social_network--split--NCD--r0--compose_post,ours_prepared,completion_projected,0,0,False,0.14,0.13,36.21484375
deathstarbench_social_network,deathstarbench_social_network--split--NCD--r0--compose_post,cudd_fixed,original,0,0,False,0.27,0.27,61.24609375
deathstarbench_social_network,deathstarbench_social_network--split--NCD--r0--compose_post,cudd_fixed,completion_projected,0,0,False,0.27,0.27,61.49609375
deathstarbench_social_network,deathstarbench_social_network--split--NCD--r0--compose_post,cudd_sift,original,0,0,False,0.27,0.26,61.27734375
deathstarbench_social_network,deathstarbench_social_network--split--NCD--r0--compose_post,cudd_sift,completion_projected,0,0,False,0.28,0.27,61.484375
deathstarbench_social_network,deathstarbench_social_network--split--NCD--r0--compose_post,agrum_conditioned,original,0,0,False,0.56,0.56,48.42578125
deathstarbench_social_network,deathstarbench_social_network--split--NCD--r0--compose_post,agrum_conditioned,completion_projected,0,0,False,0.42,0.42000000000000004,48.2734375
deathstarbench_social_network,deathstarbench_social_network--split--NCD--r0--compose_post,agrum_joint,original,0,0,False,0.31,0.30000000000000004,48.58203125
deathstarbench_social_network,deathstarbench_social_network--split--NCD--r0--compose_post,agrum_joint,completion_projected,0,0,False,0.26,0.26,48.125
deathstarbench_social_network,deathstarbench_social_network--split--NCD--r0--compose_post,storm_sparse,original,0,0,False,0.34,0.33999999999999997,95.21484375
deathstarbench_social_network,deathstarbench_social_network--split--NCD--r0--compose_post,storm_sparse,completion_projected,0,0,False,0.28,0.27,94.74609375
deathstarbench_social_network,deathstarbench_social_network--split--NCD--r0--compose_post,storm_compact,original,0,0,False,0.29,0.28,95.79296875
deathstarbench_social_network,deathstarbench_social_network--split--NCD--r0--compose_post,storm_compact,completion_projected,0,0,False,0.27,0.26,94.6328125
deathstarbench_social_network,deathstarbench_social_network--split--NCD--r0--read_home_timeline,ours_direct,completion_projected,0,0,False,0.12,0.12000000000000001,36.09765625
deathstarbench_social_network,deathstarbench_social_network--split--NCD--r0--read_home_timeline,ours_prepared,original,0,0,False,0.12,0.12000000000000001,35.96875
deathstarbench_social_network,deathstarbench_social_network--split--NCD--r0--read_home_timeline,ours_prepared,completion_projected,0,0,False,0.13,0.12000000000000001,36.13671875
deathstarbench_social_network,deathstarbench_social_network--split--NCD--r0--read_home_timeline,cudd_fixed,original,0,0,False,0.26,0.26,61.390625
deathstarbench_social_network,deathstarbench_social_network--split--NCD--r0--read_home_timeline,cudd_fixed,completion_projected,0,0,False,0.26,0.25,61.17578125
deathstarbench_social_network,deathstarbench_social_network--split--NCD--r0--read_home_timeline,cudd_sift,original,0,0,False,0.26,0.25,61.40625
deathstarbench_social_network,deathstarbench_social_network--split--NCD--r0--read_home_timeline,cudd_sift,completion_projected,0,0,False,0.28,0.27,61.390625
deathstarbench_social_network,deathstarbench_social_network--split--NCD--r0--read_home_timeline,agrum_conditioned,original,0,0,False,0.16,0.16,47.45703125
deathstarbench_social_network,deathstarbench_social_network--split--NCD--r0--read_home_timeline,agrum_conditioned,completion_projected,0,0,False,0.16,0.16,47.40625
deathstarbench_social_network,deathstarbench_social_network--split--NCD--r0--read_home_timeline,agrum_joint,original,0,0,False,0.16,0.15,47.5625
deathstarbench_social_network,deathstarbench_social_network--split--NCD--r0--read_home_timeline,agrum_joint,completion_projected,0,0,False,0.16,0.15,47.4375
deathstarbench_social_network,deathstarbench_social_network--split--NCD--r0--read_home_timeline,storm_sparse,original,0,0,False,0.25,0.24,93.18359375
deathstarbench_social_network,deathstarbench_social_network--split--NCD--r0--read_home_timeline,storm_sparse,completion_projected,0,0,False,0.25,0.24,93.43359375
deathstarbench_social_network,deathstarbench_social_network--split--NCD--r0--read_home_timeline,storm_compact,original,0,0,False,0.24,0.22999999999999998,93.39453125
deathstarbench_social_network,deathstarbench_social_network--split--NCD--r0--read_home_timeline,storm_compact,completion_projected,0,0,False,0.25,0.25,93.55078125
deathstarbench_social_network,deathstarbench_social_network--split--NCD--r0--read_home_timeline,ours_direct,original,0,0,False,0.12,0.11,36.04296875
deathstarbench_social_network,deathstarbench_social_network--split--NCD--r0--read_user_timeline,ours_prepared,original,0,0,False,0.13,0.12,36.03515625
deathstarbench_social_network,deathstarbench_social_network--split--NCD--r0--read_user_timeline,ours_prepared,completion_projected,0,0,False,0.14,0.13,36.15234375
deathstarbench_social_network,deathstarbench_social_network--split--NCD--r0--read_user_timeline,cudd_fixed,original,0,0,False,0.27,0.27,61.4453125
deathstarbench_social_network,deathstarbench_social_network--split--NCD--r0--read_user_timeline,cudd_fixed,completion_projected,0,0,False,0.27,0.27,61.41796875
deathstarbench_social_network,deathstarbench_social_network--split--NCD--r0--read_user_timeline,cudd_sift,original,0,0,False,0.27,0.26,61.390625
deathstarbench_social_network,deathstarbench_social_network--split--NCD--r0--read_user_timeline,cudd_sift,completion_projected,0,0,False,0.28,0.27,61.390625
deathstarbench_social_network,deathstarbench_social_network--split--NCD--r0--read_user_timeline,agrum_conditioned,original,0,0,False,0.45,0.45,48.0546875
deathstarbench_social_network,deathstarbench_social_network--split--NCD--r0--read_user_timeline,agrum_conditioned,completion_projected,0,0,False,0.41,0.4,47.8125
deathstarbench_social_network,deathstarbench_social_network--split--NCD--r0--read_user_timeline,agrum_joint,original,0,0,False,0.26,0.26,47.953125
deathstarbench_social_network,deathstarbench_social_network--split--NCD--r0--read_user_timeline,agrum_joint,completion_projected,0,0,False,0.25,0.25,48.0703125
deathstarbench_social_network,deathstarbench_social_network--split--NCD--r0--read_user_timeline,storm_sparse,original,0,0,False,0.28,0.28,95.015625
deathstarbench_social_network,deathstarbench_social_network--split--NCD--r0--read_user_timeline,storm_sparse,completion_projected,0,0,False,0.28,0.27999999999999997,94.84375
deathstarbench_social_network,deathstarbench_social_network--split--NCD--r0--read_user_timeline,storm_compact,original,0,0,False,0.27,0.27,94.87109375
deathstarbench_social_network,deathstarbench_social_network--split--NCD--r0--read_user_timeline,storm_compact,completion_projected,0,0,False,0.26,0.26,94.546875
deathstarbench_social_network,deathstarbench_social_network--split--NCD--r0--read_user_timeline,ours_direct,original,0,0,False,0.14,0.13,36.15234375
deathstarbench_social_network,deathstarbench_social_network--split--NCD--r0--read_user_timeline,ours_direct,completion_projected,0,0,False,0.14,0.13999999999999999,36.078125
deathstarbench_social_network,deathstarbench_social_network--split--ND--r0--compose_post,ours_prepared,completion_projected,0,0,False,0.13,0.13,36.16796875
deathstarbench_social_network,deathstarbench_social_network--split--ND--r0--compose_post,cudd_fixed,original,0,0,False,0.25,0.24000000000000002,61.43359375
deathstarbench_social_network,deathstarbench_social_network--split--ND--r0--compose_post,cudd_fixed,completion_projected,0,0,False,0.26,0.25,61.46875
deathstarbench_social_network,deathstarbench_social_network--split--ND--r0--compose_post,cudd_sift,original,0,0,False,0.25,0.25,61.44921875
deathstarbench_social_network,deathstarbench_social_network--split--ND--r0--compose_post,cudd_sift,completion_projected,0,0,False,0.26,0.25,61.4453125
deathstarbench_social_network,deathstarbench_social_network--split--ND--r0--compose_post,agrum_conditioned,original,0,0,False,0.27,0.27,48.203125
deathstarbench_social_network,deathstarbench_social_network--split--ND--r0--compose_post,agrum_conditioned,completion_projected,0,0,False,0.23,0.22,48.08203125
deathstarbench_social_network,deathstarbench_social_network--split--ND--r0--compose_post,agrum_joint,original,0,0,False,0.21,0.19999999999999998,48.22265625
deathstarbench_social_network,deathstarbench_social_network--split--ND--r0--compose_post,agrum_joint,completion_projected,0,0,False,0.19,0.19,48.05859375
deathstarbench_social_network,deathstarbench_social_network--split--ND--r0--compose_post,storm_sparse,original,0,0,False,0.26,0.26,94.54296875
deathstarbench_social_network,deathstarbench_social_network--split--ND--r0--compose_post,storm_sparse,completion_projected,0,0,False,0.25,0.24,94.70703125
deathstarbench_social_network,deathstarbench_social_network--split--ND--r0--compose_post,storm_compact,original,0,0,False,0.26,0.25,94.79296875
deathstarbench_social_network,deathstarbench_social_network--split--ND--r0--compose_post,storm_compact,completion_projected,0,0,False,0.25,0.24,94.64453125
deathstarbench_social_network,deathstarbench_social_network--split--ND--r0--compose_post,ours_direct,original,0,0,False,0.13,0.12000000000000001,36.01953125
deathstarbench_social_network,deathstarbench_social_network--split--ND--r0--compose_post,ours_direct,completion_projected,0,0,False,0.13,0.12,36.1171875
deathstarbench_social_network,deathstarbench_social_network--split--ND--r0--compose_post,ours_prepared,original,0,0,False,0.13,0.13,36.22265625
deathstarbench_social_network,deathstarbench_social_network--split--ND--r0--read_home_timeline,cudd_fixed,original,0,0,False,0.25,0.25,61.30859375
deathstarbench_social_network,deathstarbench_social_network--split--ND--r0--read_home_timeline,cudd_fixed,completion_projected,0,0,False,0.25,0.25,61.3515625
deathstarbench_social_network,deathstarbench_social_network--split--ND--r0--read_home_timeline,cudd_sift,original,0,0,False,0.25,0.24,61.390625
deathstarbench_social_network,deathstarbench_social_network--split--ND--r0--read_home_timeline,cudd_sift,completion_projected,0,0,False,0.25,0.24,61.390625
deathstarbench_social_network,deathstarbench_social_network--split--ND--r0--read_home_timeline,agrum_conditioned,original,0,0,False,0.16,0.15,47.51171875
deathstarbench_social_network,deathstarbench_social_network--split--ND--r0--read_home_timeline,agrum_conditioned,completion_projected,0,0,False,0.15,0.15,47.5546875
deathstarbench_social_network,deathstarbench_social_network--split--ND--r0--read_home_timeline,agrum_joint,original,0,0,False,0.15,0.15,47.4921875
deathstarbench_social_network,deathstarbench_social_network--split--ND--r0--read_home_timeline,agrum_joint,completion_projected,0,0,False,0.15,0.13999999999999999,47.4453125
deathstarbench_social_network,deathstarbench_social_network--split--ND--r0--read_home_timeline,storm_sparse,original,0,0,False,0.24,0.22999999999999998,93.18359375
deathstarbench_social_network,deathstarbench_social_network--split--ND--r0--read_home_timeline,storm_sparse,completion_projected,0,0,False,0.23,0.23,93.57421875
deathstarbench_social_network,deathstarbench_social_network--split--ND--r0--read_home_timeline,storm_compact,original,0,0,False,0.25,0.24000000000000002,93.33203125
deathstarbench_social_network,deathstarbench_social_network--split--ND--r0--read_home_timeline,storm_compact,completion_projected,0,0,False,0.24,0.24,93.51953125
deathstarbench_social_network,deathstarbench_social_network--split--ND--r0--read_home_timeline,ours_direct,original,0,0,False,0.12,0.12000000000000001,36.01953125
deathstarbench_social_network,deathstarbench_social_network--split--ND--r0--read_home_timeline,ours_direct,completion_projected,0,0,False,0.12,0.11,36.0625
deathstarbench_social_network,deathstarbench_social_network--split--ND--r0--read_home_timeline,ours_prepared,original,0,0,False,0.12,0.12000000000000001,36.0
deathstarbench_social_network,deathstarbench_social_network--split--ND--r0--read_home_timeline,ours_prepared,completion_projected,0,0,False,0.12,0.12000000000000001,36.1015625
deathstarbench_social_network,deathstarbench_social_network--split--ND--r0--read_user_timeline,cudd_fixed,completion_projected,0,0,False,0.25,0.25,61.26953125
deathstarbench_social_network,deathstarbench_social_network--split--ND--r0--read_user_timeline,cudd_sift,original,0,0,False,0.26,0.26,61.29296875
deathstarbench_social_network,deathstarbench_social_network--split--ND--r0--read_user_timeline,cudd_sift,completion_projected,0,0,False,0.26,0.25,61.40625
deathstarbench_social_network,deathstarbench_social_network--split--ND--r0--read_user_timeline,agrum_conditioned,original,0,0,False,0.23,0.22,47.8046875
deathstarbench_social_network,deathstarbench_social_network--split--ND--r0--read_user_timeline,agrum_conditioned,completion_projected,0,0,False,0.22,0.22,47.91015625
deathstarbench_social_network,deathstarbench_social_network--split--ND--r0--read_user_timeline,agrum_joint,original,0,0,False,0.19,0.19,47.8046875
deathstarbench_social_network,deathstarbench_social_network--split--ND--r0--read_user_timeline,agrum_joint,completion_projected,0,0,False,0.19,0.18,47.96875
deathstarbench_social_network,deathstarbench_social_network--split--ND--r0--read_user_timeline,storm_sparse,original,0,0,False,0.25,0.24,94.26171875
deathstarbench_social_network,deathstarbench_social_network--split--ND--r0--read_user_timeline,storm_sparse,completion_projected,0,0,False,0.24,0.22999999999999998,94.76171875
deathstarbench_social_network,deathstarbench_social_network--split--ND--r0--read_user_timeline,storm_compact,original,0,0,False,0.24,0.23,94.671875
deathstarbench_social_network,deathstarbench_social_network--split--ND--r0--read_user_timeline,storm_compact,completion_projected,0,0,False,0.25,0.24,95.046875
deathstarbench_social_network,deathstarbench_social_network--split--ND--r0--read_user_timeline,ours_direct,original,0,0,False,0.12,0.11,36.078125
deathstarbench_social_network,deathstarbench_social_network--split--ND--r0--read_user_timeline,ours_direct,completion_projected,0,0,False,0.13,0.13,36.09375
deathstarbench_social_network,deathstarbench_social_network--split--ND--r0--read_user_timeline,ours_prepared,original,0,0,False,0.13,0.13,35.95703125
deathstarbench_social_network,deathstarbench_social_network--split--ND--r0--read_user_timeline,ours_prepared,completion_projected,0,0,False,0.13,0.12000000000000001,36.203125
deathstarbench_social_network,deathstarbench_social_network--split--ND--r0--read_user_timeline,cudd_fixed,original,0,0,False,0.25,0.25,61.33984375
deathstarbench_social_network,deathstarbench_social_network--colocated--N--r0--compose_post,ours_direct,completion_projected,1,0,False,0.13,0.12000000000000001,36.08984375
deathstarbench_social_network,deathstarbench_social_network--colocated--N--r0--compose_post,ours_prepared,original,1,0,False,0.13,0.13,36.02734375
deathstarbench_social_network,deathstarbench_social_network--colocated--N--r0--compose_post,ours_prepared,completion_projected,1,0,False,0.13,0.13,36.2265625
deathstarbench_social_network,deathstarbench_social_network--colocated--N--r0--compose_post,cudd_fixed,original,1,0,False,0.27,0.26,61.4296875
deathstarbench_social_network,deathstarbench_social_network--colocated--N--r0--compose_post,cudd_fixed,completion_projected,1,0,False,0.26,0.26,61.453125
deathstarbench_social_network,deathstarbench_social_network--colocated--N--r0--compose_post,cudd_sift,original,1,0,False,0.26,0.26,61.26171875
deathstarbench_social_network,deathstarbench_social_network--colocated--N--r0--compose_post,cudd_sift,completion_projected,1,0,False,0.26,0.26,61.32421875
deathstarbench_social_network,deathstarbench_social_network--colocated--N--r0--compose_post,agrum_conditioned,original,1,0,False,0.24,0.22999999999999998,48.2421875
deathstarbench_social_network,deathstarbench_social_network--colocated--N--r0--compose_post,agrum_conditioned,completion_projected,1,0,False,0.21,0.21,47.83203125
deathstarbench_social_network,deathstarbench_social_network--colocated--N--r0--compose_post,agrum_joint,original,1,0,False,0.2,0.19999999999999998,48.26953125
deathstarbench_social_network,deathstarbench_social_network--colocated--N--r0--compose_post,agrum_joint,completion_projected,1,0,False,0.18,0.18,47.95703125
deathstarbench_social_network,deathstarbench_social_network--colocated--N--r0--compose_post,storm_sparse,original,1,0,False,0.26,0.26,94.69921875
deathstarbench_social_network,deathstarbench_social_network--colocated--N--r0--compose_post,storm_sparse,completion_projected,1,0,False,0.25,0.25,94.625
deathstarbench_social_network,deathstarbench_social_network--colocated--N--r0--compose_post,storm_compact,original,1,0,False,0.26,0.26,94.59765625
deathstarbench_social_network,deathstarbench_social_network--colocated--N--r0--compose_post,storm_compact,completion_projected,1,0,False,0.26,0.25,94.7734375
deathstarbench_social_network,deathstarbench_social_network--colocated--N--r0--compose_post,ours_direct,original,1,0,False,0.13,0.12,36.09375
deathstarbench_social_network,deathstarbench_social_network--colocated--N--r0--read_home_timeline,ours_prepared,original,1,0,False,0.12,0.12000000000000001,36.08984375
deathstarbench_social_network,deathstarbench_social_network--colocated--N--r0--read_home_timeline,ours_prepared,completion_projected,1,0,False,0.13,0.12,36.09765625
deathstarbench_social_network,deathstarbench_social_network--colocated--N--r0--read_home_timeline,cudd_fixed,original,1,0,False,0.25,0.25,61.265625
deathstarbench_social_network,deathstarbench_social_network--colocated--N--r0--read_home_timeline,cudd_fixed,completion_projected,1,0,False,0.25,0.25,61.421875
deathstarbench_social_network,deathstarbench_social_network--colocated--N--r0--read_home_timeline,cudd_sift,original,1,0,False,0.26,0.25,61.26171875
deathstarbench_social_network,deathstarbench_social_network--colocated--N--r0--read_home_timeline,cudd_sift,completion_projected,1,0,False,0.26,0.26,61.18359375
deathstarbench_social_network,deathstarbench_social_network--colocated--N--r0--read_home_timeline,agrum_conditioned,original,1,0,False,0.16,0.15,47.48828125
deathstarbench_social_network,deathstarbench_social_network--colocated--N--r0--read_home_timeline,agrum_conditioned,completion_projected,1,0,False,0.15,0.15,47.55859375
deathstarbench_social_network,deathstarbench_social_network--colocated--N--r0--read_home_timeline,agrum_joint,original,1,0,False,0.15,0.13999999999999999,47.54296875
deathstarbench_social_network,deathstarbench_social_network--colocated--N--r0--read_home_timeline,agrum_joint,completion_projected,1,0,False,0.15,0.15,47.26953125
deathstarbench_social_network,deathstarbench_social_network--colocated--N--r0--read_home_timeline,storm_sparse,original,1,0,False,0.25,0.25,93.15625
deathstarbench_social_network,deathstarbench_social_network--colocated--N--r0--read_home_timeline,storm_sparse,completion_projected,1,0,False,0.24,0.24,93.5703125
deathstarbench_social_network,deathstarbench_social_network--colocated--N--r0--read_home_timeline,storm_compact,original,1,0,False,0.24,0.24000000000000002,93.38671875
deathstarbench_social_network,deathstarbench_social_network--colocated--N--r0--read_home_timeline,storm_compact,completion_projected,1,0,False,0.24,0.24,93.3359375
deathstarbench_social_network,deathstarbench_social_network--colocated--N--r0--read_home_timeline,ours_direct,original,1,0,False,0.12,0.11,36.01953125
deathstarbench_social_network,deathstarbench_social_network--colocated--N--r0--read_home_timeline,ours_direct,completion_projected,1,0,False,0.12,0.11,36.08984375
deathstarbench_social_network,deathstarbench_social_network--colocated--N--r0--read_user_timeline,ours_prepared,completion_projected,1,0,False,0.13,0.12000000000000001,36.06640625
deathstarbench_social_network,deathstarbench_social_network--colocated--N--r0--read_user_timeline,cudd_fixed,original,1,0,False,0.26,0.25,61.3984375
deathstarbench_social_network,deathstarbench_social_network--colocated--N--r0--read_user_timeline,cudd_fixed,completion_projected,1,0,False,0.25,0.24,61.1796875
deathstarbench_social_network,deathstarbench_social_network--colocated--N--r0--read_user_timeline,cudd_sift,original,1,0,False,0.25,0.24,61.38671875
deathstarbench_social_network,deathstarbench_social_network--colocated--N--r0--read_user_timeline,cudd_sift,completion_projected,1,0,False,0.25,0.25,61.34765625
deathstarbench_social_network,deathstarbench_social_network--colocated--N--r0--read_user_timeline,agrum_conditioned,original,1,0,False,0.2,0.2,47.7890625
deathstarbench_social_network,deathstarbench_social_network--colocated--N--r0--read_user_timeline,agrum_conditioned,completion_projected,1,0,False,0.2,0.19999999999999998,47.91796875
deathstarbench_social_network,deathstarbench_social_network--colocated--N--r0--read_user_timeline,agrum_joint,original,1,0,False,0.18,0.16999999999999998,47.91796875
deathstarbench_social_network,deathstarbench_social_network--colocated--N--r0--read_user_timeline,agrum_joint,completion_projected,1,0,False,0.18,0.18,47.92578125
deathstarbench_social_network,deathstarbench_social_network--colocated--N--r0--read_user_timeline,storm_sparse,original,1,0,False,0.25,0.24,95.015625
deathstarbench_social_network,deathstarbench_social_network--colocated--N--r0--read_user_timeline,storm_sparse,completion_projected,1,0,False,0.24,0.22999999999999998,95.0
deathstarbench_social_network,deathstarbench_social_network--colocated--N--r0--read_user_timeline,storm_compact,original,1,0,False,0.25,0.24,94.734375
deathstarbench_social_network,deathstarbench_social_network--colocated--N--r0--read_user_timeline,storm_compact,completion_projected,1,0,False,0.24,0.24,94.765625
deathstarbench_social_network,deathstarbench_social_network--colocated--N--r0--read_user_timeline,ours_direct,original,1,0,False,0.12,0.12000000000000001,36.0
deathstarbench_social_network,deathstarbench_social_network--colocated--N--r0--read_user_timeline,ours_direct,completion_projected,1,0,False,0.13,0.12000000000000001,36.0
deathstarbench_social_network,deathstarbench_social_network--colocated--N--r0--read_user_timeline,ours_prepared,original,1,0,False,0.12,0.12,36.00390625
deathstarbench_social_network,deathstarbench_social_network--colocated--NC--r0--compose_post,cudd_fixed,original,1,0,False,0.28,0.27,61.4453125
deathstarbench_social_network,deathstarbench_social_network--colocated--NC--r0--compose_post,cudd_fixed,completion_projected,1,0,False,0.27,0.26,61.37890625
deathstarbench_social_network,deathstarbench_social_network--colocated--NC--r0--compose_post,cudd_sift,original,1,0,False,0.26,0.26,61.40234375
deathstarbench_social_network,deathstarbench_social_network--colocated--NC--r0--compose_post,cudd_sift,completion_projected,1,0,False,0.26,0.25,61.35546875
deathstarbench_social_network,deathstarbench_social_network--colocated--NC--r0--compose_post,agrum_conditioned,original,1,0,False,0.51,0.51,48.5234375
deathstarbench_social_network,deathstarbench_social_network--colocated--NC--r0--compose_post,agrum_conditioned,completion_projected,1,0,False,0.4,0.4,48.0625
deathstarbench_social_network,deathstarbench_social_network--colocated--NC--r0--compose_post,agrum_joint,original,1,0,False,0.29,0.29000000000000004,48.42578125
deathstarbench_social_network,deathstarbench_social_network--colocated--NC--r0--compose_post,agrum_joint,completion_projected,1,0,False,0.25,0.25,48.08984375
deathstarbench_social_network,deathstarbench_social_network--colocated--NC--r0--compose_post,storm_sparse,original,1,0,False,0.3,0.3,95.375
deathstarbench_social_network,deathstarbench_social_network--colocated--NC--r0--compose_post,storm_sparse,completion_projected,1,0,False,0.27,0.27,95.16015625
deathstarbench_social_network,deathstarbench_social_network--colocated--NC--r0--compose_post,storm_compact,original,1,0,False,0.28,0.28,95.4375
deathstarbench_social_network,deathstarbench_social_network--colocated--NC--r0--compose_post,storm_compact,completion_projected,1,0,False,0.27,0.26,94.94140625
deathstarbench_social_network,deathstarbench_social_network--colocated--NC--r0--compose_post,ours_direct,original,1,0,False,0.15,0.15,36.22265625
deathstarbench_social_network,deathstarbench_social_network--colocated--NC--r0--compose_post,ours_direct,completion_projected,1,0,False,0.14,0.13999999999999999,36.265625
deathstarbench_social_network,deathstarbench_social_network--colocated--NC--r0--compose_post,ours_prepared,original,1,0,False,0.14,0.13999999999999999,36.1640625
deathstarbench_social_network,deathstarbench_social_network--colocated--NC--r0--compose_post,ours_prepared,completion_projected,1,0,False,0.14,0.13,36.12890625
deathstarbench_social_network,deathstarbench_social_network--colocated--NC--r0--read_home_timeline,cudd_fixed,completion_projected,1,0,False,0.25,0.24000000000000002,61.3515625
deathstarbench_social_network,deathstarbench_social_network--colocated--NC--r0--read_home_timeline,cudd_sift,original,1,0,False,0.25,0.24000000000000002,61.39453125
deathstarbench_social_network,deathstarbench_social_network--colocated--NC--r0--read_home_timeline,cudd_sift,completion_projected,1,0,False,0.25,0.25,61.39453125
deathstarbench_social_network,deathstarbench_social_network--colocated--NC--r0--read_home_timeline,agrum_conditioned,original,1,0,False,0.15,0.13999999999999999,47.59765625
deathstarbench_social_network,deathstarbench_social_network--colocated--NC--r0--read_home_timeline,agrum_conditioned,completion_projected,1,0,False,0.15,0.15,47.515625
deathstarbench_social_network,deathstarbench_social_network--colocated--NC--r0--read_home_timeline,agrum_joint,original,1,0,False,0.16,0.15,47.46484375
deathstarbench_social_network,deathstarbench_social_network--colocated--NC--r0--read_home_timeline,agrum_joint,completion_projected,1,0,False,0.15,0.15,47.44921875
deathstarbench_social_network,deathstarbench_social_network--colocated--NC--r0--read_home_timeline,storm_sparse,original,1,0,False,0.24,0.24,93.27734375
deathstarbench_social_network,deathstarbench_social_network--colocated--NC--r0--read_home_timeline,storm_sparse,completion_projected,1,0,False,0.24,0.24,93.65234375
deathstarbench_social_network,deathstarbench_social_network--colocated--NC--r0--read_home_timeline,storm_compact,original,1,0,False,0.23,0.23,93.53125
deathstarbench_social_network,deathstarbench_social_network--colocated--NC--r0--read_home_timeline,storm_compact,completion_projected,1,0,False,0.24,0.24000000000000002,93.3359375
deathstarbench_social_network,deathstarbench_social_network--colocated--NC--r0--read_home_timeline,ours_direct,original,1,0,False,0.12,0.12000000000000001,36.0390625
deathstarbench_social_network,deathstarbench_social_network--colocated--NC--r0--read_home_timeline,ours_direct,completion_projected,1,0,False,0.12,0.12000000000000001,36.10546875
deathstarbench_social_network,deathstarbench_social_network--colocated--NC--r0--read_home_timeline,ours_prepared,original,1,0,False,0.12,0.11,36.0859375
deathstarbench_social_network,deathstarbench_social_network--colocated--NC--r0--read_home_timeline,ours_prepared,completion_projected,1,0,False,0.12,0.11,36.0859375
deathstarbench_social_network,deathstarbench_social_network--colocated--NC--r0--read_home_timeline,cudd_fixed,original,1,0,False,0.25,0.25,61.26953125
deathstarbench_social_network,deathstarbench_social_network--colocated--NC--r0--read_user_timeline,cudd_sift,original,1,0,False,0.26,0.25,61.33203125
deathstarbench_social_network,deathstarbench_social_network--colocated--NC--r0--read_user_timeline,cudd_sift,completion_projected,1,0,False,0.26,0.25,61.24609375
deathstarbench_social_network,deathstarbench_social_network--colocated--NC--r0--read_user_timeline,agrum_conditioned,original,1,0,False,0.43,0.42000000000000004,48.08984375
deathstarbench_social_network,deathstarbench_social_network--colocated--NC--r0--read_user_timeline,agrum_conditioned,completion_projected,1,0,False,0.4,0.39,48.03125
deathstarbench_social_network,deathstarbench_social_network--colocated--NC--r0--read_user_timeline,agrum_joint,original,1,0,False,0.25,0.24,48.02734375
deathstarbench_social_network,deathstarbench_social_network--colocated--NC--r0--read_user_timeline,agrum_joint,completion_projected,1,0,False,0.26,0.25,48.1015625
deathstarbench_social_network,deathstarbench_social_network--colocated--NC--r0--read_user_timeline,storm_sparse,original,1,0,False,0.3,0.29000000000000004,94.73046875
deathstarbench_social_network,deathstarbench_social_network--colocated--NC--r0--read_user_timeline,storm_sparse,completion_projected,1,0,False,0.28,0.27,94.5625
deathstarbench_social_network,deathstarbench_social_network--colocated--NC--r0--read_user_timeline,storm_compact,original,1,0,False,0.27,0.26,94.68359375
deathstarbench_social_network,deathstarbench_social_network--colocated--NC--r0--read_user_timeline,storm_compact,completion_projected,1,0,False,0.28,0.27999999999999997,94.859375
deathstarbench_social_network,deathstarbench_social_network--colocated--NC--r0--read_user_timeline,ours_direct,original,1,0,False,0.14,0.13,36.1015625
deathstarbench_social_network,deathstarbench_social_network--colocated--NC--r0--read_user_timeline,ours_direct,completion_projected,1,0,False,0.14,0.13999999999999999,36.05859375
deathstarbench_social_network,deathstarbench_social_network--colocated--NC--r0--read_user_timeline,ours_prepared,original,1,0,False,0.14,0.13,35.98828125
deathstarbench_social_network,deathstarbench_social_network--colocated--NC--r0--read_user_timeline,ours_prepared,completion_projected,1,0,False,0.14,0.13,36.09375
deathstarbench_social_network,deathstarbench_social_network--colocated--NC--r0--read_user_timeline,cudd_fixed,original,1,0,False,0.27,0.27,61.40234375
deathstarbench_social_network,deathstarbench_social_network--colocated--NC--r0--read_user_timeline,cudd_fixed,completion_projected,1,0,False,0.27,0.27,61.3671875
deathstarbench_social_network,deathstarbench_social_network--colocated--NCD--r0--read_home_timeline,cudd_sift,completion_projected,1,0,False,0.26,0.25,61.3515625
deathstarbench_social_network,deathstarbench_social_network--colocated--NCD--r0--read_home_timeline,agrum_conditioned,original,1,0,False,0.16,0.15,47.5703125
deathstarbench_social_network,deathstarbench_social_network--colocated--NCD--r0--read_home_timeline,agrum_conditioned,completion_projected,1,0,False,0.15,0.13999999999999999,47.5546875
deathstarbench_social_network,deathstarbench_social_network--colocated--NCD--r0--read_home_timeline,agrum_joint,original,1,0,False,0.16,0.15,47.4921875
deathstarbench_social_network,deathstarbench_social_network--colocated--NCD--r0--read_home_timeline,agrum_joint,completion_projected,1,0,False,0.16,0.15,47.4765625
deathstarbench_social_network,deathstarbench_social_network--colocated--NCD--r0--read_home_timeline,storm_sparse,original,1,0,False,0.26,0.25,93.44921875
deathstarbench_social_network,deathstarbench_social_network--colocated--NCD--r0--read_home_timeline,storm_sparse,completion_projected,1,0,False,0.25,0.24,93.33984375
deathstarbench_social_network,deathstarbench_social_network--colocated--NCD--r0--read_home_timeline,storm_compact,original,1,0,False,0.25,0.24,93.26171875
deathstarbench_social_network,deathstarbench_social_network--colocated--NCD--r0--read_home_timeline,storm_compact,completion_projected,1,0,False,0.25,0.25,93.44921875
deathstarbench_social_network,deathstarbench_social_network--colocated--NCD--r0--read_home_timeline,ours_direct,original,1,0,False,0.13,0.12000000000000001,36.15625
deathstarbench_social_network,deathstarbench_social_network--colocated--NCD--r0--read_home_timeline,ours_direct,completion_projected,1,0,False,0.13,0.12,35.7109375
deathstarbench_social_network,deathstarbench_social_network--colocated--NCD--r0--read_home_timeline,ours_prepared,original,1,0,False,0.13,0.12000000000000001,35.9765625
deathstarbench_social_network,deathstarbench_social_network--colocated--NCD--r0--read_home_timeline,ours_prepared,completion_projected,1,0,False,0.12,0.12000000000000001,36.1015625
deathstarbench_social_network,deathstarbench_social_network--colocated--NCD--r0--read_home_timeline,cudd_fixed,original,1,0,False,0.27,0.27,61.2109375
deathstarbench_social_network,deathstarbench_social_network--colocated--NCD--r0--read_home_timeline,cudd_fixed,completion_projected,1,0,False,0.26,0.26,61.2734375
deathstarbench_social_network,deathstarbench_social_network--colocated--NCD--r0--read_home_timeline,cudd_sift,original,1,0,False,0.26,0.25,61.390625
deathstarbench_social_network,deathstarbench_social_network--colocated--ND--r0--compose_post,agrum_conditioned,original,1,0,False,0.28,0.27,48.3984375
deathstarbench_social_network,deathstarbench_social_network--colocated--ND--r0--compose_post,agrum_conditioned,completion_projected,1,0,False,0.24,0.24,47.98046875
deathstarbench_social_network,deathstarbench_social_network--colocated--ND--r0--compose_post,agrum_joint,original,1,0,False,0.21,0.21,48.29296875
deathstarbench_social_network,deathstarbench_social_network--colocated--ND--r0--compose_post,agrum_joint,completion_projected,1,0,False,0.2,0.2,48.046875
deathstarbench_social_network,deathstarbench_social_network--colocated--ND--r0--compose_post,storm_sparse,original,1,0,False,0.28,0.28,94.69140625
deathstarbench_social_network,deathstarbench_social_network--colocated--ND--r0--compose_post,storm_sparse,completion_projected,1,0,False,0.27,0.26,94.84765625
deathstarbench_social_network,deathstarbench_social_network--colocated--ND--r0--compose_post,storm_compact,original,1,0,False,0.27,0.27,94.84765625
deathstarbench_social_network,deathstarbench_social_network--colocated--ND--r0--compose_post,storm_compact,completion_projected,1,0,False,0.26,0.26,94.69140625
deathstarbench_social_network,deathstarbench_social_network--colocated--ND--r0--compose_post,ours_direct,original,1,0,False,0.13,0.13,36.09375
deathstarbench_social_network,deathstarbench_social_network--colocated--ND--r0--compose_post,ours_direct,completion_projected,1,0,False,0.13,0.13,36.28125
deathstarbench_social_network,deathstarbench_social_network--colocated--ND--r0--compose_post,ours_prepared,original,1,0,False,0.13,0.13,36.078125
deathstarbench_social_network,deathstarbench_social_network--colocated--ND--r0--compose_post,ours_prepared,completion_projected,1,0,False,0.13,0.13,36.2265625
deathstarbench_social_network,deathstarbench_social_network--colocated--ND--r0--compose_post,cudd_fixed,original,1,0,False,0.26,0.26,61.43359375
deathstarbench_social_network,deathstarbench_social_network--colocated--ND--r0--compose_post,cudd_fixed,completion_projected,1,0,False,0.27,0.26,61.390625
deathstarbench_social_network,deathstarbench_social_network--colocated--ND--r0--compose_post,cudd_sift,original,1,0,False,0.27,0.27,61.30859375
deathstarbench_social_network,deathstarbench_social_network--colocated--ND--r0--compose_post,cudd_sift,completion_projected,1,0,False,0.26,0.26,61.28125
deathstarbench_social_network,deathstarbench_social_network--colocated--ND--r0--read_home_timeline,agrum_conditioned,completion_projected,1,0,False,0.16,0.16,47.53125
deathstarbench_social_network,deathstarbench_social_network--colocated--ND--r0--read_home_timeline,agrum_joint,original,1,0,False,0.16,0.16,47.44140625
deathstarbench_social_network,deathstarbench_social_network--colocated--ND--r0--read_home_timeline,agrum_joint,completion_projected,1,0,False,0.16,0.16,47.33984375
deathstarbench_social_network,deathstarbench_social_network--colocated--ND--r0--read_home_timeline,storm_sparse,original,1,0,False,0.24,0.24000000000000002,93.42578125
deathstarbench_social_network,deathstarbench_social_network--colocated--ND--r0--read_home_timeline,storm_sparse,completion_projected,1,0,False,0.26,0.25,93.41015625
deathstarbench_social_network,deathstarbench_social_network--colocated--ND--r0--read_home_timeline,storm_compact,original,1,0,False,0.26,0.25,93.34765625
deathstarbench_social_network,deathstarbench_social_network--colocated--ND--r0--read_home_timeline,storm_compact,completion_projected,1,0,False,0.27,0.27,93.39453125
deathstarbench_social_network,deathstarbench_social_network--colocated--ND--r0--read_home_timeline,ours_direct,original,1,0,False,0.12,0.11,36.1484375
deathstarbench_social_network,deathstarbench_social_network--colocated--ND--r0--read_home_timeline,ours_direct,completion_projected,1,0,False,0.12,0.12000000000000001,36.05859375
deathstarbench_social_network,deathstarbench_social_network--colocated--ND--r0--read_home_timeline,ours_prepared,original,1,0,False,0.13,0.13,36.01171875
deathstarbench_social_network,deathstarbench_social_network--colocated--ND--r0--read_home_timeline,ours_prepared,completion_projected,1,0,False,0.12,0.12000000000000001,36.15625
deathstarbench_social_network,deathstarbench_social_network--colocated--ND--r0--read_home_timeline,cudd_fixed,original,1,0,False,0.27,0.27,61.40234375
deathstarbench_social_network,deathstarbench_social_network--colocated--ND--r0--read_home_timeline,cudd_fixed,completion_projected,1,0,False,0.27,0.26,61.3984375
deathstarbench_social_network,deathstarbench_social_network--colocated--ND--r0--read_home_timeline,cudd_sift,original,1,0,False,0.28,0.27,61.34375
deathstarbench_social_network,deathstarbench_social_network--colocated--ND--r0--read_home_timeline,cudd_sift,completion_projected,1,0,False,0.27,0.27,61.3984375
deathstarbench_social_network,deathstarbench_social_network--colocated--ND--r0--read_home_timeline,agrum_conditioned,original,1,0,False,0.16,0.15,47.4921875
deathstarbench_social_network,deathstarbench_social_network--colocated--ND--r0--read_user_timeline,agrum_joint,original,1,0,False,0.2,0.19,47.8125
deathstarbench_social_network,deathstarbench_social_network--colocated--ND--r0--read_user_timeline,agrum_joint,completion_projected,1,0,False,0.2,0.19,47.82421875
deathstarbench_social_network,deathstarbench_social_network--colocated--ND--r0--read_user_timeline,storm_sparse,original,1,0,False,0.27,0.25,94.55078125
deathstarbench_social_network,deathstarbench_social_network--colocated--ND--r0--read_user_timeline,storm_sparse,completion_projected,1,0,False,0.26,0.25,95.12109375
deathstarbench_social_network,deathstarbench_social_network--colocated--ND--r0--read_user_timeline,storm_compact,original,1,0,False,0.28,0.27,94.88671875
deathstarbench_social_network,deathstarbench_social_network--colocated--ND--r0--read_user_timeline,storm_compact,completion_projected,1,0,False,0.26,0.25,95.046875
deathstarbench_social_network,deathstarbench_social_network--colocated--ND--r0--read_user_timeline,ours_direct,original,1,0,False,0.13,0.13,35.98046875
deathstarbench_social_network,deathstarbench_social_network--colocated--ND--r0--read_user_timeline,ours_direct,completion_projected,1,0,False,0.12,0.11,36.15625
deathstarbench_social_network,deathstarbench_social_network--colocated--ND--r0--read_user_timeline,ours_prepared,original,1,0,False,0.13,0.12000000000000001,36.1015625
deathstarbench_social_network,deathstarbench_social_network--colocated--ND--r0--read_user_timeline,ours_prepared,completion_projected,1,0,False,0.13,0.12,35.98046875
deathstarbench_social_network,deathstarbench_social_network--colocated--ND--r0--read_user_timeline,cudd_fixed,original,1,0,False,0.26,0.25,61.35546875
deathstarbench_social_network,deathstarbench_social_network--colocated--ND--r0--read_user_timeline,cudd_fixed,completion_projected,1,0,False,0.25,0.25,61.4140625
deathstarbench_social_network,deathstarbench_social_network--colocated--ND--r0--read_user_timeline,cudd_sift,original,1,0,False,0.26,0.25,61.34375
deathstarbench_social_network,deathstarbench_social_network--colocated--ND--r0--read_user_timeline,cudd_sift,completion_projected,1,0,False,0.26,0.26,61.1796875
deathstarbench_social_network,deathstarbench_social_network--colocated--ND--r0--read_user_timeline,agrum_conditioned,original,1,0,False,0.23,0.22,47.890625
deathstarbench_social_network,deathstarbench_social_network--colocated--ND--r0--read_user_timeline,agrum_conditioned,completion_projected,1,0,False,0.22,0.21,47.84375
deathstarbench_social_network,deathstarbench_social_network--split--N--r0--compose_post,agrum_joint,completion_projected,1,0,False,0.18,0.18,47.92578125
deathstarbench_social_network,deathstarbench_social_network--split--N--r0--compose_post,storm_sparse,original,1,0,False,0.27,0.26,94.8046875
deathstarbench_social_network,deathstarbench_social_network--split--N--r0--compose_post,storm_sparse,completion_projected,1,0,False,0.25,0.24,94.578125
deathstarbench_social_network,deathstarbench_social_network--split--N--r0--compose_post,storm_compact,original,1,0,False,0.25,0.24,94.5078125
deathstarbench_social_network,deathstarbench_social_network--split--N--r0--compose_post,storm_compact,completion_projected,1,0,False,0.25,0.25,94.6640625
deathstarbench_social_network,deathstarbench_social_network--split--N--r0--compose_post,ours_direct,original,1,0,False,0.13,0.12000000000000001,36.203125
deathstarbench_social_network,deathstarbench_social_network--split--N--r0--compose_post,ours_direct,completion_projected,1,0,False,0.13,0.12000000000000001,36.0234375
deathstarbench_social_network,deathstarbench_social_network--split--N--r0--compose_post,ours_prepared,original,1,0,False,0.13,0.12,36.02734375
deathstarbench_social_network,deathstarbench_social_network--split--N--r0--compose_post,ours_prepared,completion_projected,1,0,False,0.13,0.13,36.15625
deathstarbench_social_network,deathstarbench_social_network--split--N--r0--compose_post,cudd_fixed,original,1,0,False,0.27,0.27,61.37890625
deathstarbench_social_network,deathstarbench_social_network--split--N--r0--compose_post,cudd_fixed,completion_projected,1,0,False,0.27,0.26,61.06640625
deathstarbench_social_network,deathstarbench_social_network--split--N--r0--compose_post,cudd_sift,original,1,0,False,0.25,0.24,61.3828125
deathstarbench_social_network,deathstarbench_social_network--split--N--r0--compose_post,cudd_sift,completion_projected,1,0,False,0.26,0.26,61.2265625
deathstarbench_social_network,deathstarbench_social_network--split--N--r0--compose_post,agrum_conditioned,original,1,0,False,0.24,0.24,48.28515625
deathstarbench_social_network,deathstarbench_social_network--split--N--r0--compose_post,agrum_conditioned,completion_projected,1,0,False,0.22,0.21,48.1015625
deathstarbench_social_network,deathstarbench_social_network--split--N--r0--compose_post,agrum_joint,original,1,0,False,0.2,0.19,48.28125
deathstarbench_social_network,deathstarbench_social_network--split--N--r0--read_home_timeline,storm_sparse,original,1,0,False,0.23,0.23,93.51171875
deathstarbench_social_network,deathstarbench_social_network--split--N--r0--read_home_timeline,storm_sparse,completion_projected,1,0,False,0.24,0.23,93.5234375
deathstarbench_social_network,deathstarbench_social_network--split--N--r0--read_home_timeline,storm_compact,original,1,0,False,0.25,0.25,93.17578125
deathstarbench_social_network,deathstarbench_social_network--split--N--r0--read_home_timeline,storm_compact,completion_projected,1,0,False,0.24,0.23,93.19921875
deathstarbench_social_network,deathstarbench_social_network--split--N--r0--read_home_timeline,ours_direct,original,1,0,False,0.13,0.12000000000000001,36.1953125
deathstarbench_social_network,deathstarbench_social_network--split--N--r0--read_home_timeline,ours_direct,completion_projected,1,0,False,0.13,0.13,35.99609375
deathstarbench_social_network,deathstarbench_social_network--split--N--r0--read_home_timeline,ours_prepared,original,1,0,False,0.13,0.12000000000000001,36.02734375
deathstarbench_social_network,deathstarbench_social_network--split--N--r0--read_home_timeline,ours_prepared,completion_projected,1,0,False,0.12,0.11,36.1015625
deathstarbench_social_network,deathstarbench_social_network--split--N--r0--read_home_timeline,cudd_fixed,original,1,0,False,0.26,0.26,61.390625
deathstarbench_social_network,deathstarbench_social_network--split--N--r0--read_home_timeline,cudd_fixed,completion_projected,1,0,False,0.25,0.25,61.18359375
deathstarbench_social_network,deathstarbench_social_network--split--N--r0--read_home_timeline,cudd_sift,original,1,0,False,0.26,0.25,61.11328125
deathstarbench_social_network,deathstarbench_social_network--split--N--r0--read_home_timeline,cudd_sift,completion_projected,1,0,False,0.25,0.25,61.20703125
deathstarbench_social_network,deathstarbench_social_network--split--N--r0--read_home_timeline,agrum_conditioned,original,1,0,False,0.16,0.15,47.55859375
deathstarbench_social_network,deathstarbench_social_network--split--N--r0--read_home_timeline,agrum_conditioned,completion_projected,1,0,False,0.15,0.14,47.5546875
deathstarbench_social_network,deathstarbench_social_network--split--N--r0--read_home_timeline,agrum_joint,original,1,0,False,0.15,0.13999999999999999,47.59765625
deathstarbench_social_network,deathstarbench_social_network--split--N--r0--read_home_timeline,agrum_joint,completion_projected,1,0,False,0.15,0.15,47.40625
deathstarbench_social_network,deathstarbench_social_network--split--N--r0--read_user_timeline,storm_sparse,completion_projected,1,0,False,0.25,0.24,95.09765625
deathstarbench_social_network,deathstarbench_social_network--split--N--r0--read_user_timeline,storm_compact,original,1,0,False,0.24,0.24,94.890625
deathstarbench_social_network,deathstarbench_social_network--split--N--r0--read_user_timeline,storm_compact,completion_projected,1,0,False,0.25,0.25,94.87890625
deathstarbench_social_network,deathstarbench_social_network--split--N--r0--read_user_timeline,ours_direct,original,1,0,False,0.12,0.12000000000000001,35.921875
deathstarbench_social_network,deathstarbench_social_network--split--N--r0--read_user_timeline,ours_direct,completion_projected,1,0,False,0.12,0.12000000000000001,36.16015625
deathstarbench_social_network,deathstarbench_social_network--split--N--r0--read_user_timeline,ours_prepared,original,1,0,False,0.12,0.12000000000000001,36.04296875
deathstarbench_social_network,deathstarbench_social_network--split--N--r0--read_user_timeline,ours_prepared,completion_projected,1,0,False,0.13,0.12,36.15234375
deathstarbench_social_network,deathstarbench_social_network--split--N--r0--read_user_timeline,cudd_fixed,original,1,0,False,0.26,0.25,61.41015625
deathstarbench_social_network,deathstarbench_social_network--split--N--r0--read_user_timeline,cudd_fixed,completion_projected,1,0,False,0.25,0.24000000000000002,61.21875
deathstarbench_social_network,deathstarbench_social_network--split--N--r0--read_user_timeline,cudd_sift,original,1,0,False,0.25,0.25,61.3828125
deathstarbench_social_network,deathstarbench_social_network--split--N--r0--read_user_timeline,cudd_sift,completion_projected,1,0,False,0.26,0.26,61.2734375
deathstarbench_social_network,deathstarbench_social_network--split--N--r0--read_user_timeline,agrum_conditioned,original,1,0,False,0.21,0.2,47.890625
deathstarbench_social_network,deathstarbench_social_network--split--N--r0--read_user_timeline,agrum_conditioned,completion_projected,1,0,False,0.2,0.19,47.80859375
deathstarbench_social_network,deathstarbench_social_network--split--N--r0--read_user_timeline,agrum_joint,original,1,0,False,0.18,0.18,47.9609375
deathstarbench_social_network,deathstarbench_social_network--split--N--r0--read_user_timeline,agrum_joint,completion_projected,1,0,False,0.17,0.16999999999999998,47.94140625
deathstarbench_social_network,deathstarbench_social_network--split--N--r0--read_user_timeline,storm_sparse,original,1,0,False,0.24,0.23,95.046875
deathstarbench_social_network,deathstarbench_social_network--split--NC--r0--compose_post,storm_compact,original,1,0,False,0.27,0.26,95.40234375
deathstarbench_social_network,deathstarbench_social_network--split--NC--r0--compose_post,storm_compact,completion_projected,1,0,False,0.27,0.27,94.61328125
deathstarbench_social_network,deathstarbench_social_network--split--NC--r0--compose_post,ours_direct,original,1,0,False,0.14,0.14,36.2265625
deathstarbench_social_network,deathstarbench_social_network--split--NC--r0--compose_post,ours_direct,completion_projected,1,0,False,0.14,0.13999999999999999,36.2265625
deathstarbench_social_network,deathstarbench_social_network--split--NC--r0--compose_post,ours_prepared,original,1,0,False,0.13,0.13,36.18359375
deathstarbench_social_network,deathstarbench_social_network--split--NC--r0--compose_post,ours_prepared,completion_projected,1,0,False,0.13,0.13,36.2265625
deathstarbench_social_network,deathstarbench_social_network--split--NC--r0--compose_post,cudd_fixed,original,1,0,False,0.28,0.27,61.36328125
deathstarbench_social_network,deathstarbench_social_network--split--NC--r0--compose_post,cudd_fixed,completion_projected,1,0,False,0.26,0.26,61.5078125
deathstarbench_social_network,deathstarbench_social_network--split--NC--r0--compose_post,cudd_sift,original,1,0,False,0.27,0.26,61.3984375
deathstarbench_social_network,deathstarbench_social_network--split--NC--r0--compose_post,cudd_sift,completion_projected,1,0,False,0.28,0.27999999999999997,61.46875
deathstarbench_social_network,deathstarbench_social_network--split--NC--r0--compose_post,agrum_conditioned,original,1,0,False,0.45,0.44,48.328125
deathstarbench_social_network,deathstarbench_social_network--split--NC--r0--compose_post,agrum_conditioned,completion_projected,1,0,False,0.37,0.36,48.0625
deathstarbench_social_network,deathstarbench_social_network--split--NC--r0--compose_post,agrum_joint,original,1,0,False,0.27,0.27,48.4296875
deathstarbench_social_network,deathstarbench_social_network--split--NC--r0--compose_post,agrum_joint,completion_projected,1,0,False,0.24,0.24,48.1640625
deathstarbench_social_network,deathstarbench_social_network--split--NC--r0--compose_post,storm_sparse,original,1,0,False,0.3,0.29,94.89453125
deathstarbench_social_network,deathstarbench_social_network--split--NC--r0--compose_post,storm_sparse,completion_projected,1,0,False,0.28,0.27,94.6328125
deathstarbench_social_network,deathstarbench_social_network--split--NC--r0--read_home_timeline,storm_compact,completion_projected,1,0,False,0.26,0.25,93.2421875
deathstarbench_social_network,deathstarbench_social_network--split--NC--r0--read_home_timeline,ours_direct,original,1,0,False,0.12,0.11,36.1484375
deathstarbench_social_network,deathstarbench_social_network--split--NC--r0--read_home_timeline,ours_direct,completion_projected,1,0,False,0.12,0.11,35.99609375
deathstarbench_social_network,deathstarbench_social_network--split--NC--r0--read_home_timeline,ours_prepared,original,1,0,False,0.13,0.13,36.09765625
deathstarbench_social_network,deathstarbench_social_network--split--NC--r0--read_home_timeline,ours_prepared,completion_projected,1,0,False,0.13,0.13,36.02734375
deathstarbench_social_network,deathstarbench_social_network--split--NC--r0--read_home_timeline,cudd_fixed,original,1,0,False,0.26,0.26,61.40234375
deathstarbench_social_network,deathstarbench_social_network--split--NC--r0--read_home_timeline,cudd_fixed,completion_projected,1,0,False,0.27,0.27,61.2890625
deathstarbench_social_network,deathstarbench_social_network--split--NC--r0--read_home_timeline,cudd_sift,original,1,0,False,0.25,0.25,61.37890625
deathstarbench_social_network,deathstarbench_social_network--split--NC--r0--read_home_timeline,cudd_sift,completion_projected,1,0,False,0.26,0.25,61.203125
deathstarbench_social_network,deathstarbench_social_network--split--NC--r0--read_home_timeline,agrum_conditioned,original,1,0,False,0.16,0.16,47.5625
deathstarbench_social_network,deathstarbench_social_network--split--NC--r0--read_home_timeline,agrum_conditioned,completion_projected,1,0,False,0.17,0.16,47.42578125
deathstarbench_social_network,deathstarbench_social_network--split--NC--r0--read_home_timeline,agrum_joint,original,1,0,False,0.17,0.16,47.546875
deathstarbench_social_network,deathstarbench_social_network--split--NC--r0--read_home_timeline,agrum_joint,completion_projected,1,0,False,0.16,0.15,47.55859375
deathstarbench_social_network,deathstarbench_social_network--split--NC--r0--read_home_timeline,storm_sparse,original,1,0,False,0.25,0.24000000000000002,93.15234375
deathstarbench_social_network,deathstarbench_social_network--split--NC--r0--read_home_timeline,storm_sparse,completion_projected,1,0,False,0.24,0.23,93.296875
deathstarbench_social_network,deathstarbench_social_network--split--NC--r0--read_home_timeline,storm_compact,original,1,0,False,0.24,0.23,93.51953125
deathstarbench_social_network,deathstarbench_social_network--split--NC--r0--read_user_timeline,ours_direct,original,1,0,False,0.13,0.13,36.01953125
deathstarbench_social_network,deathstarbench_social_network--split--NC--r0--read_user_timeline,ours_direct,completion_projected,1,0,False,0.13,0.13,36.0625
deathstarbench_social_network,deathstarbench_social_network--split--NC--r0--read_user_timeline,ours_prepared,original,1,0,False,0.13,0.13,36.05078125
deathstarbench_social_network,deathstarbench_social_network--split--NC--r0--read_user_timeline,ours_prepared,completion_projected,1,0,False,0.14,0.13,36.10546875
deathstarbench_social_network,deathstarbench_social_network--split--NC--r0--read_user_timeline,cudd_fixed,original,1,0,False,0.26,0.26,61.43359375
deathstarbench_social_network,deathstarbench_social_network--split--NC--r0--read_user_timeline,cudd_fixed,completion_projected,1,0,False,0.27,0.26,61.3984375
deathstarbench_social_network,deathstarbench_social_network--split--NC--r0--read_user_timeline,cudd_sift,original,1,0,False,0.27,0.26,61.18359375
deathstarbench_social_network,deathstarbench_social_network--split--NC--r0--read_user_timeline,cudd_sift,completion_projected,1,0,False,0.26,0.26,61.41796875
deathstarbench_social_network,deathstarbench_social_network--split--NC--r0--read_user_timeline,agrum_conditioned,original,1,0,False,0.37,0.37,47.921875
deathstarbench_social_network,deathstarbench_social_network--split--NC--r0--read_user_timeline,agrum_conditioned,completion_projected,1,0,False,0.35,0.35000000000000003,47.8203125
deathstarbench_social_network,deathstarbench_social_network--split--NC--r0--read_user_timeline,agrum_joint,original,1,0,False,0.24,0.22999999999999998,48.03125
deathstarbench_social_network,deathstarbench_social_network--split--NC--r0--read_user_timeline,agrum_joint,completion_projected,1,0,False,0.23,0.22999999999999998,47.953125
deathstarbench_social_network,deathstarbench_social_network--split--NC--r0--read_user_timeline,storm_sparse,original,1,0,False,0.27,0.27,94.59375
deathstarbench_social_network,deathstarbench_social_network--split--NC--r0--read_user_timeline,storm_sparse,completion_projected,1,0,False,0.26,0.26,94.5859375
deathstarbench_social_network,deathstarbench_social_network--split--NC--r0--read_user_timeline,storm_compact,original,1,0,False,0.26,0.26,94.88671875
deathstarbench_social_network,deathstarbench_social_network--split--NC--r0--read_user_timeline,storm_compact,completion_projected,1,0,False,0.27,0.27,94.5625
deathstarbench_social_network,deathstarbench_social_network--split--NCD--r0--compose_post,ours_direct,completion_projected,1,0,False,0.15,0.15,36.22265625
deathstarbench_social_network,deathstarbench_social_network--split--NCD--r0--compose_post,ours_prepared,original,1,0,False,0.14,0.13999999999999999,36.2109375
deathstarbench_social_network,deathstarbench_social_network--split--NCD--r0--compose_post,ours_prepared,completion_projected,1,0,False,0.14,0.13,36.12109375
deathstarbench_social_network,deathstarbench_social_network--split--NCD--r0--compose_post,cudd_fixed,original,1,0,False,0.29,0.28,61.33984375
deathstarbench_social_network,deathstarbench_social_network--split--NCD--r0--compose_post,cudd_fixed,completion_projected,1,0,False,0.28,0.27999999999999997,61.51953125
deathstarbench_social_network,deathstarbench_social_network--split--NCD--r0--compose_post,cudd_sift,original,1,0,False,0.28,0.27,61.4921875
deathstarbench_social_network,deathstarbench_social_network--split--NCD--r0--compose_post,cudd_sift,completion_projected,1,0,False,0.27,0.26,61.4609375
deathstarbench_social_network,deathstarbench_social_network--split--NCD--r0--compose_post,agrum_conditioned,original,1,0,False,0.56,0.56,48.39453125
deathstarbench_social_network,deathstarbench_social_network--split--NCD--r0--compose_post,agrum_conditioned,completion_projected,1,0,False,0.44,0.43999999999999995,48.1796875
deathstarbench_social_network,deathstarbench_social_network--split--NCD--r0--compose_post,agrum_joint,original,1,0,False,0.31,0.30000000000000004,48.5546875
deathstarbench_social_network,deathstarbench_social_network--split--NCD--r0--compose_post,agrum_joint,completion_projected,1,0,False,0.26,0.25,48.30078125
deathstarbench_social_network,deathstarbench_social_network--split--NCD--r0--compose_post,storm_sparse,original,1,0,False,0.3,0.30000000000000004,95.1796875
deathstarbench_social_network,deathstarbench_social_network--split--NCD--r0--compose_post,storm_sparse,completion_projected,1,0,False,0.28,0.28,95.09375
deathstarbench_social_network,deathstarbench_social_network--split--NCD--r0--compose_post,storm_compact,original,1,0,False,0.28,0.28,95.82421875
deathstarbench_social_network,deathstarbench_social_network--split--NCD--r0--compose_post,storm_compact,completion_projected,1,0,False,0.27,0.26,94.74609375
deathstarbench_social_network,deathstarbench_social_network--split--NCD--r0--compose_post,ours_direct,original,1,0,False,0.15,0.13999999999999999,36.15625
deathstarbench_social_network,deathstarbench_social_network--split--NCD--r0--read_home_timeline,ours_prepared,original,1,0,False,0.12,0.12000000000000001,36.1015625
deathstarbench_social_network,deathstarbench_social_network--split--NCD--r0--read_home_timeline,ours_prepared,completion_projected,1,0,False,0.12,0.12000000000000001,36.1015625
deathstarbench_social_network,deathstarbench_social_network--split--NCD--r0--read_home_timeline,cudd_fixed,original,1,0,False,0.25,0.24,61.4375
deathstarbench_social_network,deathstarbench_social_network--split--NCD--r0--read_home_timeline,cudd_fixed,completion_projected,1,0,False,0.25,0.24,61.28125
deathstarbench_social_network,deathstarbench_social_network--split--NCD--r0--read_home_timeline,cudd_sift,original,1,0,False,0.25,0.25,61.390625
deathstarbench_social_network,deathstarbench_social_network--split--NCD--r0--read_home_timeline,cudd_sift,completion_projected,1,0,False,0.25,0.25,61.3359375
deathstarbench_social_network,deathstarbench_social_network--split--NCD--r0--read_home_timeline,agrum_conditioned,original,1,0,False,0.16,0.16,47.46484375
deathstarbench_social_network,deathstarbench_social_network--split--NCD--r0--read_home_timeline,agrum_conditioned,completion_projected,1,0,False,0.15,0.15,47.421875
deathstarbench_social_network,deathstarbench_social_network--split--NCD--r0--read_home_timeline,agrum_joint,original,1,0,False,0.15,0.15,47.5078125
deathstarbench_social_network,deathstarbench_social_network--split--NCD--r0--read_home_timeline,agrum_joint,completion_projected,1,0,False,0.15,0.13999999999999999,47.453125
deathstarbench_social_network,deathstarbench_social_network--split--NCD--r0--read_home_timeline,storm_sparse,original,1,0,False,0.24,0.23,93.55859375
deathstarbench_social_network,deathstarbench_social_network--split--NCD--r0--read_home_timeline,storm_sparse,completion_projected,1,0,False,0.25,0.24000000000000002,93.3046875
deathstarbench_social_network,deathstarbench_social_network--split--NCD--r0--read_home_timeline,storm_compact,original,1,0,False,0.24,0.24000000000000002,93.67578125
deathstarbench_social_network,deathstarbench_social_network--split--NCD--r0--read_home_timeline,storm_compact,completion_projected,1,0,False,0.25,0.24,93.22265625
deathstarbench_social_network,deathstarbench_social_network--split--NCD--r0--read_home_timeline,ours_direct,original,1,0,False,0.12,0.11,36.0
deathstarbench_social_network,deathstarbench_social_network--split--NCD--r0--read_home_timeline,ours_direct,completion_projected,1,0,False,0.12,0.11,36.14453125
deathstarbench_social_network,deathstarbench_social_network--split--NCD--r0--read_user_timeline,ours_prepared,completion_projected,1,0,False,0.14,0.13,36.1015625
deathstarbench_social_network,deathstarbench_social_network--split--NCD--r0--read_user_timeline,cudd_fixed,original,1,0,False,0.27,0.27,61.41796875
deathstarbench_social_network,deathstarbench_social_network--split--NCD--r0--read_user_timeline,cudd_fixed,completion_projected,1,0,False,0.27,0.27,61.40625
deathstarbench_social_network,deathstarbench_social_network--split--NCD--r0--read_user_timeline,cudd_sift,original,1,0,False,0.27,0.27,61.3125
deathstarbench_social_network,deathstarbench_social_network--split--NCD--r0--read_user_timeline,cudd_sift,completion_projected,1,0,False,0.27,0.26,61.2109375
deathstarbench_social_network,deathstarbench_social_network--split--NCD--r0--read_user_timeline,agrum_conditioned,original,1,0,False,0.45,0.44,47.953125
deathstarbench_social_network,deathstarbench_social_network--split--NCD--r0--read_user_timeline,agrum_conditioned,completion_projected,1,0,False,0.41,0.41000000000000003,48.05859375
deathstarbench_social_network,deathstarbench_social_network--split--NCD--r0--read_user_timeline,agrum_joint,original,1,0,False,0.26,0.26,48.0703125
deathstarbench_social_network,deathstarbench_social_network--split--NCD--r0--read_user_timeline,agrum_joint,completion_projected,1,0,False,0.25,0.24,48.0859375
deathstarbench_social_network,deathstarbench_social_network--split--NCD--r0--read_user_timeline,storm_sparse,original,1,0,False,0.28,0.27,94.7578125
deathstarbench_social_network,deathstarbench_social_network--split--NCD--r0--read_user_timeline,storm_sparse,completion_projected,1,0,False,0.28,0.27,94.62890625
deathstarbench_social_network,deathstarbench_social_network--split--NCD--r0--read_user_timeline,storm_compact,original,1,0,False,0.27,0.26,95.1171875
deathstarbench_social_network,deathstarbench_social_network--split--NCD--r0--read_user_timeline,storm_compact,completion_projected,1,0,False,0.26,0.26,94.890625
deathstarbench_social_network,deathstarbench_social_network--split--NCD--r0--read_user_timeline,ours_direct,original,1,0,False,0.14,0.13999999999999999,36.09765625
deathstarbench_social_network,deathstarbench_social_network--split--NCD--r0--read_user_timeline,ours_direct,completion_projected,1,0,False,0.14,0.13,35.890625
deathstarbench_social_network,deathstarbench_social_network--split--NCD--r0--read_user_timeline,ours_prepared,original,1,0,False,0.13,0.13,35.98046875
deathstarbench_social_network,deathstarbench_social_network--split--ND--r0--compose_post,cudd_fixed,original,1,0,False,0.25,0.24000000000000002,61.2109375
deathstarbench_social_network,deathstarbench_social_network--split--ND--r0--compose_post,cudd_fixed,completion_projected,1,0,False,0.25,0.24,61.43359375
deathstarbench_social_network,deathstarbench_social_network--split--ND--r0--compose_post,cudd_sift,original,1,0,False,0.25,0.24,61.37109375
deathstarbench_social_network,deathstarbench_social_network--split--ND--r0--compose_post,cudd_sift,completion_projected,1,0,False,0.26,0.26,61.25390625
deathstarbench_social_network,deathstarbench_social_network--split--ND--r0--compose_post,agrum_conditioned,original,1,0,False,0.28,0.27,48.3046875
deathstarbench_social_network,deathstarbench_social_network--split--ND--r0--compose_post,agrum_conditioned,completion_projected,1,0,False,0.23,0.23,47.92578125
deathstarbench_social_network,deathstarbench_social_network--split--ND--r0--compose_post,agrum_joint,original,1,0,False,0.22,0.22,48.32421875
deathstarbench_social_network,deathstarbench_social_network--split--ND--r0--compose_post,agrum_joint,completion_projected,1,0,False,0.19,0.19,47.9453125
deathstarbench_social_network,deathstarbench_social_network--split--ND--r0--compose_post,storm_sparse,original,1,0,False,0.28,0.27,94.9296875
deathstarbench_social_network,deathstarbench_social_network--split--ND--r0--compose_post,storm_sparse,completion_projected,1,0,False,0.27,0.27,94.578125
deathstarbench_social_network,deathstarbench_social_network--split--ND--r0--compose_post,storm_compact,original,1,0,False,0.28,0.27,94.95703125
deathstarbench_social_network,deathstarbench_social_network--split--ND--r0--compose_post,storm_compact,completion_projected,1,0,False,0.26,0.25,94.5390625
deathstarbench_social_network,deathstarbench_social_network--split--ND--r0--compose_post,ours_direct,original,1,0,False,0.12,0.12000000000000001,36.03125
deathstarbench_social_network,deathstarbench_social_network--split--ND--r0--compose_post,ours_direct,completion_projected,1,0,False,0.13,0.12000000000000001,36.125
deathstarbench_social_network,deathstarbench_social_network--split--ND--r0--compose_post,ours_prepared,original,1,0,False,0.13,0.12,36.1875
deathstarbench_social_network,deathstarbench_social_network--split--ND--r0--compose_post,ours_prepared,completion_projected,1,0,False,0.13,0.13,36.14453125
deathstarbench_social_network,deathstarbench_social_network--split--ND--r0--read_home_timeline,cudd_fixed,completion_projected,1,0,False,0.25,0.25,61.390625
deathstarbench_social_network,deathstarbench_social_network--split--ND--r0--read_home_timeline,cudd_sift,original,1,0,False,0.24,0.24000000000000002,61.3125
deathstarbench_social_network,deathstarbench_social_network--split--ND--r0--read_home_timeline,cudd_sift,completion_projected,1,0,False,0.25,0.24000000000000002,61.421875
deathstarbench_social_network,deathstarbench_social_network--split--ND--r0--read_home_timeline,agrum_conditioned,original,1,0,False,0.15,0.13999999999999999,47.59765625
deathstarbench_social_network,deathstarbench_social_network--split--ND--r0--read_home_timeline,agrum_conditioned,completion_projected,1,0,False,0.15,0.15,47.43359375
deathstarbench_social_network,deathstarbench_social_network--split--ND--r0--read_home_timeline,agrum_joint,original,1,0,False,0.15,0.13999999999999999,47.59765625
deathstarbench_social_network,deathstarbench_social_network--split--ND--r0--read_home_timeline,agrum_joint,completion_projected,1,0,False,0.15,0.15000000000000002,47.45703125
deathstarbench_social_network,deathstarbench_social_network--split--ND--r0--read_home_timeline,storm_sparse,original,1,0,False,0.25,0.24000000000000002,93.5625
deathstarbench_social_network,deathstarbench_social_network--split--ND--r0--read_home_timeline,storm_sparse,completion_projected,1,0,False,0.25,0.24,93.4453125
deathstarbench_social_network,deathstarbench_social_network--split--ND--r0--read_home_timeline,storm_compact,original,1,0,False,0.24,0.24,93.58203125
deathstarbench_social_network,deathstarbench_social_network--split--ND--r0--read_home_timeline,storm_compact,completion_projected,1,0,False,0.24,0.23,93.21484375
deathstarbench_social_network,deathstarbench_social_network--split--ND--r0--read_home_timeline,ours_direct,original,1,0,False,0.12,0.11,36.08984375
deathstarbench_social_network,deathstarbench_social_network--split--ND--r0--read_home_timeline,ours_direct,completion_projected,1,0,False,0.12,0.11,36.1015625
deathstarbench_social_network,deathstarbench_social_network--split--ND--r0--read_home_timeline,ours_prepared,original,1,0,False,0.12,0.11,36.09375
deathstarbench_social_network,deathstarbench_social_network--split--ND--r0--read_home_timeline,ours_prepared,completion_projected,1,0,False,0.12,0.12000000000000001,36.00390625
deathstarbench_social_network,deathstarbench_social_network--split--ND--r0--read_home_timeline,cudd_fixed,original,1,0,False,0.25,0.24,61.375
deathstarbench_social_network,deathstarbench_social_network--split--ND--r0--read_user_timeline,cudd_sift,original,1,0,False,0.25,0.25,61.38671875
deathstarbench_social_network,deathstarbench_social_network--split--ND--r0--read_user_timeline,cudd_sift,completion_projected,1,0,False,0.25,0.25,61.19140625
deathstarbench_social_network,deathstarbench_social_network--split--ND--r0--read_user_timeline,agrum_conditioned,original,1,0,False,0.22,0.21,47.890625
deathstarbench_social_network,deathstarbench_social_network--split--ND--r0--read_user_timeline,agrum_conditioned,completion_projected,1,0,False,0.22,0.21,47.6875
deathstarbench_social_network,deathstarbench_social_network--split--ND--r0--read_user_timeline,agrum_joint,original,1,0,False,0.19,0.18,47.81640625
deathstarbench_social_network,deathstarbench_social_network--split--ND--r0--read_user_timeline,agrum_joint,completion_projected,1,0,False,0.18,0.18,47.8671875
deathstarbench_social_network,deathstarbench_social_network--split--ND--r0--read_user_timeline,storm_sparse,original,1,0,False,0.25,0.25,94.453125
deathstarbench_social_network,deathstarbench_social_network--split--ND--r0--read_user_timeline,storm_sparse,completion_projected,1,0,False,0.24,0.23,94.75390625
deathstarbench_social_network,deathstarbench_social_network--split--ND--r0--read_user_timeline,storm_compact,original,1,0,False,0.25,0.24,94.7421875
deathstarbench_social_network,deathstarbench_social_network--split--ND--r0--read_user_timeline,storm_compact,completion_projected,1,0,False,0.24,0.24,95.11328125
deathstarbench_social_network,deathstarbench_social_network--split--ND--r0--read_user_timeline,ours_direct,original,1,0,False,0.12,0.12000000000000001,35.98828125
deathstarbench_social_network,deathstarbench_social_network--split--ND--r0--read_user_timeline,ours_direct,completion_projected,1,0,False,0.12,0.11,35.984375
deathstarbench_social_network,deathstarbench_social_network--split--ND--r0--read_user_timeline,ours_prepared,original,1,0,False,0.12,0.12000000000000001,36.10546875
deathstarbench_social_network,deathstarbench_social_network--split--ND--r0--read_user_timeline,ours_prepared,completion_projected,1,0,False,0.13,0.12000000000000001,36.1015625
deathstarbench_social_network,deathstarbench_social_network--split--ND--r0--read_user_timeline,cudd_fixed,original,1,0,False,0.25,0.24000000000000002,61.40234375
deathstarbench_social_network,deathstarbench_social_network--split--ND--r0--read_user_timeline,cudd_fixed,completion_projected,1,0,False,0.25,0.25,61.3203125
deathstarbench_social_network,deathstarbench_social_network--colocated--N--r0--compose_post,ours_prepared,original,2,0,False,0.13,0.12,36.15625
deathstarbench_social_network,deathstarbench_social_network--colocated--N--r0--compose_post,ours_prepared,completion_projected,2,0,False,0.13,0.12000000000000001,36.2265625
deathstarbench_social_network,deathstarbench_social_network--colocated--N--r0--compose_post,cudd_fixed,original,2,0,False,0.26,0.25,61.2421875
deathstarbench_social_network,deathstarbench_social_network--colocated--N--r0--compose_post,cudd_fixed,completion_projected,2,0,False,0.26,0.25,61.328125
deathstarbench_social_network,deathstarbench_social_network--colocated--N--r0--compose_post,cudd_sift,original,2,0,False,0.26,0.25,61.33203125
deathstarbench_social_network,deathstarbench_social_network--colocated--N--r0--compose_post,cudd_sift,completion_projected,2,0,False,0.25,0.25,61.33203125
deathstarbench_social_network,deathstarbench_social_network--colocated--N--r0--compose_post,agrum_conditioned,original,2,0,False,0.25,0.24,48.18359375
deathstarbench_social_network,deathstarbench_social_network--colocated--N--r0--compose_post,agrum_conditioned,completion_projected,2,0,False,0.22,0.21,47.9375
deathstarbench_social_network,deathstarbench_social_network--colocated--N--r0--compose_post,agrum_joint,original,2,0,False,0.2,0.19999999999999998,48.3203125
deathstarbench_social_network,deathstarbench_social_network--colocated--N--r0--compose_post,agrum_joint,completion_projected,2,0,False,0.19,0.18,47.8984375
deathstarbench_social_network,deathstarbench_social_network--colocated--N--r0--compose_post,storm_sparse,original,2,0,False,0.27,0.26,94.5859375
deathstarbench_social_network,deathstarbench_social_network--colocated--N--r0--compose_post,storm_sparse,completion_projected,2,0,False,0.26,0.25,94.45703125
deathstarbench_social_network,deathstarbench_social_network--colocated--N--r0--compose_post,storm_compact,original,2,0,False,0.26,0.25,94.8984375
deathstarbench_social_network,deathstarbench_social_network--colocated--N--r0--compose_post,storm_compact,completion_projected,2,0,False,0.26,0.25,94.78125
deathstarbench_social_network,deathstarbench_social_network--colocated--N--r0--compose_post,ours_direct,original,2,0,False,0.13,0.12,36.0625
deathstarbench_social_network,deathstarbench_social_network--colocated--N--r0--compose_post,ours_direct,completion_projected,2,0,False,0.13,0.12000000000000001,36.03515625
deathstarbench_social_network,deathstarbench_social_network--colocated--N--r0--read_home_timeline,ours_prepared,completion_projected,2,0,False,0.12,0.11,36.16015625
deathstarbench_social_network,deathstarbench_social_network--colocated--N--r0--read_home_timeline,cudd_fixed,original,2,0,False,0.25,0.25,61.3828125
deathstarbench_social_network,deathstarbench_social_network--colocated--N--r0--read_home_timeline,cudd_fixed,completion_projected,2,0,False,0.26,0.26,61.39453125
deathstarbench_social_network,deathstarbench_social_network--colocated--N--r0--read_home_timeline,cudd_sift,original,2,0,False,0.26,0.25,61.171875
deathstarbench_social_network,deathstarbench_social_network--colocated--N--r0--read_home_timeline,cudd_sift,completion_projected,2,0,False,0.26,0.25,61.20703125
deathstarbench_social_network,deathstarbench_social_network--colocated--N--r0--read_home_timeline,agrum_conditioned,original,2,0,False,0.15,0.15,47.65234375
deathstarbench_social_network,deathstarbench_social_network--colocated--N--r0--read_home_timeline,agrum_conditioned,completion_projected,2,0,False,0.16,0.15,47.5703125
deathstarbench_social_network,deathstarbench_social_network--colocated--N--r0--read_home_timeline,agrum_joint,original,2,0,False,0.15,0.15,47.625
deathstarbench_social_network,deathstarbench_social_network--colocated--N--r0--read_home_timeline,agrum_joint,completion_projected,2,0,False,0.15,0.15,47.5546875
deathstarbench_social_network,deathstarbench_social_network--colocated--N--r0--read_home_timeline,storm_sparse,original,2,0,False,0.26,0.25,93.58203125
deathstarbench_social_network,deathstarbench_social_network--colocated--N--r0--read_home_timeline,storm_sparse,completion_projected,2,0,False,0.24,0.24,93.28515625
deathstarbench_social_network,deathstarbench_social_network--colocated--N--r0--read_home_timeline,storm_compact,original,2,0,False,0.24,0.22999999999999998,93.33203125
deathstarbench_social_network,deathstarbench_social_network--colocated--N--r0--read_home_timeline,storm_compact,completion_projected,2,0,False,0.24,0.24,93.296875
deathstarbench_social_network,deathstarbench_social_network--colocated--N--r0--read_home_timeline,ours_direct,original,2,0,False,0.12,0.12000000000000001,35.9765625
deathstarbench_social_network,deathstarbench_social_network--colocated--N--r0--read_home_timeline,ours_direct,completion_projected,2,0,False,0.12,0.11,36.140625
deathstarbench_social_network,deathstarbench_social_network--colocated--N--r0--read_home_timeline,ours_prepared,original,2,0,False,0.12,0.11,35.984375
deathstarbench_social_network,deathstarbench_social_network--colocated--N--r0--read_user_timeline,cudd_fixed,original,2,0,False,0.26,0.25,61.328125
deathstarbench_social_network,deathstarbench_social_network--colocated--N--r0--read_user_timeline,cudd_fixed,completion_projected,2,0,False,0.25,0.24,61.39453125
deathstarbench_social_network,deathstarbench_social_network--colocated--N--r0--read_user_timeline,cudd_sift,original,2,0,False,0.26,0.26,61.39453125
deathstarbench_social_network,deathstarbench_social_network--colocated--N--r0--read_user_timeline,cudd_sift,completion_projected,2,0,False,0.26,0.26,61.3359375
deathstarbench_social_network,deathstarbench_social_network--colocated--N--r0--read_user_timeline,agrum_conditioned,original,2,0,False,0.2,0.19999999999999998,47.82421875
deathstarbench_social_network,deathstarbench_social_network--colocated--N--r0--read_user_timeline,agrum_conditioned,completion_projected,2,0,False,0.2,0.19,47.80078125
deathstarbench_social_network,deathstarbench_social_network--colocated--N--r0--read_user_timeline,agrum_joint,original,2,0,False,0.17,0.17,47.95703125
deathstarbench_social_network,deathstarbench_social_network--colocated--N--r0--read_user_timeline,agrum_joint,completion_projected,2,0,False,0.17,0.16999999999999998,47.921875
deathstarbench_social_network,deathstarbench_social_network--colocated--N--r0--read_user_timeline,storm_sparse,original,2,0,False,0.24,0.24000000000000002,94.83203125
deathstarbench_social_network,deathstarbench_social_network--colocated--N--r0--read_user_timeline,storm_sparse,completion_projected,2,0,False,0.24,0.24,94.8515625
deathstarbench_social_network,deathstarbench_social_network--colocated--N--r0--read_user_timeline,storm_compact,original,2,0,False,0.24,0.24,94.765625
deathstarbench_social_network,deathstarbench_social_network--colocated--N--r0--read_user_timeline,storm_compact,completion_projected,2,0,False,0.24,0.24,95.0234375
deathstarbench_social_network,deathstarbench_social_network--colocated--N--r0--read_user_timeline,ours_direct,original,2,0,False,0.12,0.11,36.1015625
deathstarbench_social_network,deathstarbench_social_network--colocated--N--r0--read_user_timeline,ours_direct,completion_projected,2,0,False,0.12,0.11,36.01953125
deathstarbench_social_network,deathstarbench_social_network--colocated--N--r0--read_user_timeline,ours_prepared,original,2,0,False,0.12,0.11,36.0625
deathstarbench_social_network,deathstarbench_social_network--colocated--N--r0--read_user_timeline,ours_prepared,completion_projected,2,0,False,0.12,0.11,36.046875
deathstarbench_social_network,deathstarbench_social_network--colocated--NC--r0--compose_post,cudd_fixed,completion_projected,2,0,False,0.26,0.25,61.49609375
deathstarbench_social_network,deathstarbench_social_network--colocated--NC--r0--compose_post,cudd_sift,original,2,0,False,0.26,0.26,61.32421875
deathstarbench_social_network,deathstarbench_social_network--colocated--NC--r0--compose_post,cudd_sift,completion_projected,2,0,False,0.26,0.26,61.38671875
deathstarbench_social_network,deathstarbench_social_network--colocated--NC--r0--compose_post,agrum_conditioned,original,2,0,False,0.51,0.51,48.51953125
deathstarbench_social_network,deathstarbench_social_network--colocated--NC--r0--compose_post,agrum_conditioned,completion_projected,2,0,False,0.4,0.39,48.0390625
deathstarbench_social_network,deathstarbench_social_network--colocated--NC--r0--compose_post,agrum_joint,original,2,0,False,0.29,0.29000000000000004,48.45703125
deathstarbench_social_network,deathstarbench_social_network--colocated--NC--r0--compose_post,agrum_joint,completion_projected,2,0,False,0.25,0.25,48.3515625
deathstarbench_social_network,deathstarbench_social_network--colocated--NC--r0--compose_post,storm_sparse,original,2,0,False,0.3,0.29000000000000004,95.3125
deathstarbench_social_network,deathstarbench_social_network--colocated--NC--r0--compose_post,storm_sparse,completion_projected,2,0,False,0.28,0.27,94.7109375
deathstarbench_social_network,deathstarbench_social_network--colocated--NC--r0--compose_post,storm_compact,original,2,0,False,0.27,0.27,95.7734375
deathstarbench_social_network,deathstarbench_social_network--colocated--NC--r0--compose_post,storm_compact,completion_projected,2,0,False,0.27,0.26,94.6953125
deathstarbench_social_network,deathstarbench_social_network--colocated--NC--r0--compose_post,ours_direct,original,2,0,False,0.15,0.14,36.203125
deathstarbench_social_network,deathstarbench_social_network--colocated--NC--r0--compose_post,ours_direct,completion_projected,2,0,False,0.15,0.13999999999999999,36.125
deathstarbench_social_network,deathstarbench_social_network--colocated--NC--r0--compose_post,ours_prepared,original,2,0,False,0.13,0.13,36.28125
deathstarbench_social_network,deathstarbench_social_network--colocated--NC--r0--compose_post,ours_prepared,completion_projected,2,0,False,0.14,0.13999999999999999,36.19140625
deathstarbench_social_network,deathstarbench_social_network--colocated--NC--r0--compose_post,cudd_fixed,original,2,0,False,0.27,0.26,61.453125
deathstarbench_social_network,deathstarbench_social_network--colocated--NC--r0--read_home_timeline,cudd_sift,original,2,0,False,0.25,0.25,61.26953125
deathstarbench_social_network,deathstarbench_social_network--colocated--NC--r0--read_home_timeline,cudd_sift,completion_projected,2,0,False,0.26,0.25,61.33984375
deathstarbench_social_network,deathstarbench_social_network--colocated--NC--r0--read_home_timeline,agrum_conditioned,original,2,0,False,0.16,0.15,47.65234375
deathstarbench_social_network,deathstarbench_social_network--colocated--NC--r0--read_home_timeline,agrum_conditioned,completion_projected,2,0,False,0.15,0.15,47.53515625
deathstarbench_social_network,deathstarbench_social_network--colocated--NC--r0--read_home_timeline,agrum_joint,original,2,0,False,0.16,0.15,47.47265625
deathstarbench_social_network,deathstarbench_social_network--colocated--NC--r0--read_home_timeline,agrum_joint,completion_projected,2,0,False,0.16,0.15,47.52734375
deathstarbench_social_network,deathstarbench_social_network--colocated--NC--r0--read_home_timeline,storm_sparse,original,2,0,False,0.24,0.24,93.2578125
deathstarbench_social_network,deathstarbench_social_network--colocated--NC--r0--read_home_timeline,storm_sparse,completion_projected,2,0,False,0.24,0.23,93.31640625
deathstarbench_social_network,deathstarbench_social_network--colocated--NC--r0--read_home_timeline,storm_compact,original,2,0,False,0.24,0.23,93.33984375
deathstarbench_social_network,deathstarbench_social_network--colocated--NC--r0--read_home_timeline,storm_compact,completion_projected,2,0,False,0.24,0.23,93.203125
deathstarbench_social_network,deathstarbench_social_network--colocated--NC--r0--read_home_timeline,ours_direct,original,2,0,False,0.12,0.12000000000000001,36.10546875
deathstarbench_social_network,deathstarbench_social_network--colocated--NC--r0--read_home_timeline,ours_direct,completion_projected,2,0,False,0.12,0.11,35.96875
deathstarbench_social_network,deathstarbench_social_network--colocated--NC--r0--read_home_timeline,ours_prepared,original,2,0,False,0.12,0.12,36.046875
deathstarbench_social_network,deathstarbench_social_network--colocated--NC--r0--read_home_timeline,ours_prepared,completion_projected,2,0,False,0.12,0.12000000000000001,35.984375
deathstarbench_social_network,deathstarbench_social_network--colocated--NC--r0--read_home_timeline,cudd_fixed,original,2,0,False,0.26,0.25,61.32421875
deathstarbench_social_network,deathstarbench_social_network--colocated--NC--r0--read_home_timeline,cudd_fixed,completion_projected,2,0,False,0.26,0.25,61.26953125
deathstarbench_social_network,deathstarbench_social_network--colocated--NC--r0--read_user_timeline,cudd_sift,completion_projected,2,0,False,0.27,0.26,61.4296875
deathstarbench_social_network,deathstarbench_social_network--colocated--NC--r0--read_user_timeline,agrum_conditioned,original,2,0,False,0.43,0.42000000000000004,47.953125
deathstarbench_social_network,deathstarbench_social_network--colocated--NC--r0--read_user_timeline,agrum_conditioned,completion_projected,2,0,False,0.4,0.4,47.93359375
deathstarbench_social_network,deathstarbench_social_network--colocated--NC--r0--read_user_timeline,agrum_joint,original,2,0,False,0.26,0.25,47.9296875
deathstarbench_social_network,deathstarbench_social_network--colocated--NC--r0--read_user_timeline,agrum_joint,completion_projected,2,0,False,0.25,0.25,48.046875
deathstarbench_social_network,deathstarbench_social_network--colocated--NC--r0--read_user_timeline,storm_sparse,original,2,0,False,0.27,0.27,94.50390625
deathstarbench_social_network,deathstarbench_social_network--colocated--NC--r0--read_user_timeline,storm_sparse,completion_projected,2,0,False,0.27,0.26,94.5859375
deathstarbench_social_network,deathstarbench_social_network--colocated--NC--r0--read_user_timeline,storm_compact,original,2,0,False,0.26,0.25,94.83984375
deathstarbench_social_network,deathstarbench_social_network--colocated--NC--r0--read_user_timeline,storm_compact,completion_projected,2,0,False,0.26,0.26,94.58203125
deathstarbench_social_network,deathstarbench_social_network--colocated--NC--r0--read_user_timeline,ours_direct,original,2,0,False,0.14,0.13999999999999999,36.1015625
deathstarbench_social_network,deathstarbench_social_network--colocated--NC--r0--read_user_timeline,ours_direct,completion_projected,2,0,False,0.14,0.13,36.0
deathstarbench_social_network,deathstarbench_social_network--colocated--NC--r0--read_user_timeline,ours_prepared,original,2,0,False,0.13,0.13,35.98828125
deathstarbench_social_network,deathstarbench_social_network--colocated--NC--r0--read_user_timeline,ours_prepared,completion_projected,2,0,False,0.14,0.13,36.078125
deathstarbench_social_network,deathstarbench_social_network--colocated--NC--r0--read_user_timeline,cudd_fixed,original,2,0,False,0.26,0.26,61.3515625
deathstarbench_social_network,deathstarbench_social_network--colocated--NC--r0--read_user_timeline,cudd_fixed,completion_projected,2,0,False,0.26,0.26,61.42578125
deathstarbench_social_network,deathstarbench_social_network--colocated--NC--r0--read_user_timeline,cudd_sift,original,2,0,False,0.26,0.25,61.40625
deathstarbench_social_network,deathstarbench_social_network--colocated--NCD--r0--read_home_timeline,agrum_conditioned,original,2,0,False,0.15,0.13999999999999999,47.5625
deathstarbench_social_network,deathstarbench_social_network--colocated--NCD--r0--read_home_timeline,agrum_conditioned,completion_projected,2,0,False,0.15,0.14,47.4609375
deathstarbench_social_network,deathstarbench_social_network--colocated--NCD--r0--read_home_timeline,agrum_joint,original,2,0,False,0.15,0.15,47.42578125
deathstarbench_social_network,deathstarbench_social_network--colocated--NCD--r0--read_home_timeline,agrum_joint,completion_projected,2,0,False,0.15,0.15,47.55078125
deathstarbench_social_network,deathstarbench_social_network--colocated--NCD--r0--read_home_timeline,storm_sparse,original,2,0,False,0.24,0.24,93.43359375
deathstarbench_social_network,deathstarbench_social_network--colocated--NCD--r0--read_home_timeline,storm_sparse,completion_projected,2,0,False,0.23,0.23,93.45703125
deathstarbench_social_network,deathstarbench_social_network--colocated--NCD--r0--read_home_timeline,storm_compact,original,2,0,False,0.24,0.24,93.3515625
deathstarbench_social_network,deathstarbench_social_network--colocated--NCD--r0--read_home_timeline,storm_compact,completion_projected,2,0,False,0.24,0.24,93.54296875
deathstarbench_social_network,deathstarbench_social_network--colocated--NCD--r0--read_home_timeline,ours_direct,original,2,0,False,0.12,0.11,36.05859375
deathstarbench_social_network,deathstarbench_social_network--colocated--NCD--r0--read_home_timeline,ours_direct,completion_projected,2,0,False,0.12,0.11,36.11328125
deathstarbench_social_network,deathstarbench_social_network--colocated--NCD--r0--read_home_timeline,ours_prepared,original,2,0,False,0.12,0.12000000000000001,35.94140625
deathstarbench_social_network,deathstarbench_social_network--colocated--NCD--r0--read_home_timeline,ours_prepared,completion_projected,2,0,False,0.12,0.11,36.10546875
deathstarbench_social_network,deathstarbench_social_network--colocated--NCD--r0--read_home_timeline,cudd_fixed,original,2,0,False,0.25,0.25,61.1796875
deathstarbench_social_network,deathstarbench_social_network--colocated--NCD--r0--read_home_timeline,cudd_fixed,completion_projected,2,0,False,0.26,0.25,61.40234375
deathstarbench_social_network,deathstarbench_social_network--colocated--NCD--r0--read_home_timeline,cudd_sift,original,2,0,False,0.24,0.24000000000000002,61.390625
deathstarbench_social_network,deathstarbench_social_network--colocated--NCD--r0--read_home_timeline,cudd_sift,completion_projected,2,0,False,0.25,0.24000000000000002,61.26171875
deathstarbench_social_network,deathstarbench_social_network--colocated--ND--r0--compose_post,agrum_conditioned,completion_projected,2,0,False,0.23,0.22999999999999998,47.953125
deathstarbench_social_network,deathstarbench_social_network--colocated--ND--r0--compose_post,agrum_joint,original,2,0,False,0.21,0.19999999999999998,48.29296875
deathstarbench_social_network,deathstarbench_social_network--colocated--ND--r0--compose_post,agrum_joint,completion_projected,2,0,False,0.2,0.19,48.02734375
deathstarbench_social_network,deathstarbench_social_network--colocated--ND--r0--compose_post,storm_sparse,original,2,0,False,0.26,0.26,94.91015625
deathstarbench_social_network,deathstarbench_social_network--colocated--ND--r0--compose_post,storm_sparse,completion_projected,2,0,False,0.27,0.26,94.5546875
deathstarbench_social_network,deathstarbench_social_network--colocated--ND--r0--compose_post,storm_compact,original,2,0,False,0.26,0.25,94.73046875
deathstarbench_social_network,deathstarbench_social_network--colocated--ND--r0--compose_post,storm_compact,completion_projected,2,0,False,0.25,0.24,94.90234375
deathstarbench_social_network,deathstarbench_social_network--colocated--ND--r0--compose_post,ours_direct,original,2,0,False,0.13,0.12,35.98828125
deathstarbench_social_network,deathstarbench_social_network--colocated--ND--r0--compose_post,ours_direct,completion_projected,2,0,False,0.13,0.13,36.22265625
deathstarbench_social_network,deathstarbench_social_network--colocated--ND--r0--compose_post,ours_prepared,original,2,0,False,0.13,0.12,36.125
deathstarbench_social_network,deathstarbench_social_network--colocated--ND--r0--compose_post,ours_prepared,completion_projected,2,0,False,0.13,0.13,36.265625
deathstarbench_social_network,deathstarbench_social_network--colocated--ND--r0--compose_post,cudd_fixed,original,2,0,False,0.25,0.25,61.37109375
deathstarbench_social_network,deathstarbench_social_network--colocated--ND--r0--compose_post,cudd_fixed,completion_projected,2,0,False,0.25,0.24000000000000002,61.515625
deathstarbench_social_network,deathstarbench_social_network--colocated--ND--r0--compose_post,cudd_sift,original,2,0,False,0.26,0.26,61.39453125
deathstarbench_social_network,deathstarbench_social_network--colocated--ND--r0--compose_post,cudd_sift,completion_projected,2,0,False,0.25,0.24,61.44921875
deathstarbench_social_network,deathstarbench_social_network--colocated--ND--r0--compose_post,agrum_conditioned,original,2,0,False,0.28,0.27,48.09765625
deathstarbench_social_network,deathstarbench_social_network--colocated--ND--r0--read_home_timeline,agrum_joint,original,2,0,False,0.15,0.13999999999999999,47.6015625
deathstarbench_social_network,deathstarbench_social_network--colocated--ND--r0--read_home_timeline,agrum_joint,completion_projected,2,0,False,0.15,0.15,47.546875
deathstarbench_social_network,deathstarbench_social_network--colocated--ND--r0--read_home_timeline,storm_sparse,original,2,0,False,0.25,0.25,93.1953125
deathstarbench_social_network,deathstarbench_social_network--colocated--ND--r0--read_home_timeline,storm_sparse,completion_projected,2,0,False,0.25,0.24,93.59375
deathstarbench_social_network,deathstarbench_social_network--colocated--ND--r0--read_home_timeline,storm_compact,original,2,0,False,0.25,0.24,93.51953125
deathstarbench_social_network,deathstarbench_social_network--colocated--ND--r0--read_home_timeline,storm_compact,completion_projected,2,0,False,0.25,0.24,93.484375
deathstarbench_social_network,deathstarbench_social_network--colocated--ND--r0--read_home_timeline,ours_direct,original,2,0,False,0.12,0.12000000000000001,36.09375
deathstarbench_social_network,deathstarbench_social_network--colocated--ND--r0--read_home_timeline,ours_direct,completion_projected,2,0,False,0.12,0.12000000000000001,36.16015625
deathstarbench_social_network,deathstarbench_social_network--colocated--ND--r0--read_home_timeline,ours_prepared,original,2,0,False,0.12,0.11,35.9765625
deathstarbench_social_network,deathstarbench_social_network--colocated--ND--r0--read_home_timeline,ours_prepared,completion_projected,2,0,False,0.12,0.12000000000000001,36.09375
deathstarbench_social_network,deathstarbench_social_network--colocated--ND--r0--read_home_timeline,cudd_fixed,original,2,0,False,0.26,0.25,61.21875
deathstarbench_social_network,deathstarbench_social_network--colocated--ND--r0--read_home_timeline,cudd_fixed,completion_projected,2,0,False,0.26,0.25,61.09375
deathstarbench_social_network,deathstarbench_social_network--colocated--ND--r0--read_home_timeline,cudd_sift,original,2,0,False,0.25,0.25,61.2265625
deathstarbench_social_network,deathstarbench_social_network--colocated--ND--r0--read_home_timeline,cudd_sift,completion_projected,2,0,False,0.25,0.25,61.2890625
deathstarbench_social_network,deathstarbench_social_network--colocated--ND--r0--read_home_timeline,agrum_conditioned,original,2,0,False,0.15,0.15,47.56640625
deathstarbench_social_network,deathstarbench_social_network--colocated--ND--r0--read_home_timeline,agrum_conditioned,completion_projected,2,0,False,0.16,0.16,47.53125
deathstarbench_social_network,deathstarbench_social_network--colocated--ND--r0--read_user_timeline,agrum_joint,completion_projected,2,0,False,0.19,0.19,47.9296875
deathstarbench_social_network,deathstarbench_social_network--colocated--ND--r0--read_user_timeline,storm_sparse,original,2,0,False,0.27,0.26,94.453125
deathstarbench_social_network,deathstarbench_social_network--colocated--ND--r0--read_user_timeline,storm_sparse,completion_projected,2,0,False,0.26,0.25,94.81640625
deathstarbench_social_network,deathstarbench_social_network--colocated--ND--r0--read_user_timeline,storm_compact,original,2,0,False,0.25,0.25,94.875
deathstarbench_social_network,deathstarbench_social_network--colocated--ND--r0--read_user_timeline,storm_compact,completion_projected,2,0,False,0.24,0.24,94.7109375
deathstarbench_social_network,deathstarbench_social_network--colocated--ND--r0--read_user_timeline,ours_direct,original,2,0,False,0.12,0.12,36.10546875
deathstarbench_social_network,deathstarbench_social_network--colocated--ND--r0--read_user_timeline,ours_direct,completion_projected,2,0,False,0.12,0.11,36.08984375
deathstarbench_social_network,deathstarbench_social_network--colocated--ND--r0--read_user_timeline,ours_prepared,original,2,0,False,0.13,0.12,36.03515625
deathstarbench_social_network,deathstarbench_social_network--colocated--ND--r0--read_user_timeline,ours_prepared,completion_projected,2,0,False,0.13,0.13,35.9921875
deathstarbench_social_network,deathstarbench_social_network--colocated--ND--r0--read_user_timeline,cudd_fixed,original,2,0,False,0.25,0.25,61.17578125
deathstarbench_social_network,deathstarbench_social_network--colocated--ND--r0--read_user_timeline,cudd_fixed,completion_projected,2,0,False,0.25,0.24,61.3984375
deathstarbench_social_network,deathstarbench_social_network--colocated--ND--r0--read_user_timeline,cudd_sift,original,2,0,False,0.24,0.24000000000000002,61.3984375
deathstarbench_social_network,deathstarbench_social_network--colocated--ND--r0--read_user_timeline,cudd_sift,completion_projected,2,0,False,0.25,0.25,61.30078125
deathstarbench_social_network,deathstarbench_social_network--colocated--ND--r0--read_user_timeline,agrum_conditioned,original,2,0,False,0.22,0.22,47.90234375
deathstarbench_social_network,deathstarbench_social_network--colocated--ND--r0--read_user_timeline,agrum_conditioned,completion_projected,2,0,False,0.22,0.21,47.94140625
deathstarbench_social_network,deathstarbench_social_network--colocated--ND--r0--read_user_timeline,agrum_joint,original,2,0,False,0.18,0.18,47.80859375
deathstarbench_social_network,deathstarbench_social_network--split--N--r0--compose_post,storm_sparse,original,2,0,False,0.26,0.26,94.62890625
deathstarbench_social_network,deathstarbench_social_network--split--N--r0--compose_post,storm_sparse,completion_projected,2,0,False,0.25,0.24,94.55859375
deathstarbench_social_network,deathstarbench_social_network--split--N--r0--compose_post,storm_compact,original,2,0,False,0.25,0.25,94.78515625
deathstarbench_social_network,deathstarbench_social_network--split--N--r0--compose_post,storm_compact,completion_projected,2,0,False,0.25,0.25,94.859375
deathstarbench_social_network,deathstarbench_social_network--split--N--r0--compose_post,ours_direct,original,2,0,False,0.13,0.12,35.88671875
deathstarbench_social_network,deathstarbench_social_network--split--N--r0--compose_post,ours_direct,completion_projected,2,0,False,0.12,0.12000000000000001,36.02734375
deathstarbench_social_network,deathstarbench_social_network--split--N--r0--compose_post,ours_prepared,original,2,0,False,0.13,0.12000000000000001,36.03515625
deathstarbench_social_network,deathstarbench_social_network--split--N--r0--compose_post,ours_prepared,completion_projected,2,0,False,0.12,0.12000000000000001,36.1328125
deathstarbench_social_network,deathstarbench_social_network--split--N--r0--compose_post,cudd_fixed,original,2,0,False,0.25,0.25,61.4375
deathstarbench_social_network,deathstarbench_social_network--split--N--r0--compose_post,cudd_fixed,completion_projected,2,0,False,0.25,0.25,61.3203125
deathstarbench_social_network,deathstarbench_social_network--split--N--r0--compose_post,cudd_sift,original,2,0,False,0.25,0.25,61.3125
deathstarbench_social_network,deathstarbench_social_network--split--N--r0--compose_post,cudd_sift,completion_projected,2,0,False,0.26,0.25,61.234375
deathstarbench_social_network,deathstarbench_social_network--split--N--r0--compose_post,agrum_conditioned,original,2,0,False,0.24,0.24,48.265625
deathstarbench_social_network,deathstarbench_social_network--split--N--r0--compose_post,agrum_conditioned,completion_projected,2,0,False,0.22,0.21,47.7578125
deathstarbench_social_network,deathstarbench_social_network--split--N--r0--compose_post,agrum_joint,original,2,0,False,0.19,0.19,48.203125
deathstarbench_social_network,deathstarbench_social_network--split--N--r0--compose_post,agrum_joint,completion_projected,2,0,False,0.18,0.18,47.81640625
deathstarbench_social_network,deathstarbench_social_network--split--N--r0--read_home_timeline,storm_sparse,completion_projected,2,0,False,0.24,0.23,93.56640625
deathstarbench_social_network,deathstarbench_social_network--split--N--r0--read_home_timeline,storm_compact,original,2,0,False,0.23,0.22,93.19921875
deathstarbench_social_network,deathstarbench_social_network--split--N--r0--read_home_timeline,storm_compact,completion_projected,2,0,False,0.23,0.23,93.328125
deathstarbench_social_network,deathstarbench_social_network--split--N--r0--read_home_timeline,ours_direct,original,2,0,False,0.12,0.11,36.03515625
deathstarbench_social_network,deathstarbench_social_network--split--N--r0--read_home_timeline,ours_direct,completion_projected,2,0,False,0.12,0.11,35.82421875
deathstarbench_social_network,deathstarbench_social_network--split--N--r0--read_home_timeline,ours_prepared,original,2,0,False,0.12,0.11,35.98828125
deathstarbench_social_network,deathstarbench_social_network--split--N--r0--read_home_timeline,ours_prepared,completion_projected,2,0,False,0.12,0.11,36.00390625
deathstarbench_social_network,deathstarbench_social_network--split--N--r0--read_home_timeline,cudd_fixed,original,2,0,False,0.24,0.24000000000000002,61.390625
deathstarbench_social_network,deathstarbench_social_network--split--N--r0--read_home_timeline,cudd_fixed,completion_projected,2,0,False,0.25,0.24,61.421875
deathstarbench_social_network,deathstarbench_social_network--split--N--r0--read_home_timeline,cudd_sift,original,2,0,False,0.24,0.24000000000000002,61.2109375
deathstarbench_social_network,deathstarbench_social_network--split--N--r0--read_home_timeline,cudd_sift,completion_projected,2,0,False,0.25,0.24,61.21484375
deathstarbench_social_network,deathstarbench_social_network--split--N--r0--read_home_timeline,agrum_conditioned,original,2,0,False,0.15,0.15,47.6796875
deathstarbench_social_network,deathstarbench_social_network--split--N--r0--read_home_timeline,agrum_conditioned,completion_projected,2,0,False,0.15,0.13999999999999999,47.41015625
deathstarbench_social_network,deathstarbench_social_network--split--N--r0--read_home_timeline,agrum_joint,original,2,0,False,0.15,0.15,47.3828125
deathstarbench_social_network,deathstarbench_social_network--split--N--r0--read_home_timeline,agrum_joint,completion_projected,2,0,False,0.15,0.15,47.5546875
deathstarbench_social_network,deathstarbench_social_network--split--N--r0--read_home_timeline,storm_sparse,original,2,0,False,0.24,0.23,93.5703125
deathstarbench_social_network,deathstarbench_social_network--split--N--r0--read_user_timeline,storm_compact,original,2,0,False,0.24,0.23,94.8203125
deathstarbench_social_network,deathstarbench_social_network--split--N--r0--read_user_timeline,storm_compact,completion_projected,2,0,False,0.24,0.24000000000000002,94.984375
deathstarbench_social_network,deathstarbench_social_network--split--N--r0--read_user_timeline,ours_direct,original,2,0,False,0.12,0.11,36.1015625
deathstarbench_social_network,deathstarbench_social_network--split--N--r0--read_user_timeline,ours_direct,completion_projected,2,0,False,0.12,0.11,36.08984375
deathstarbench_social_network,deathstarbench_social_network--split--N--r0--read_user_timeline,ours_prepared,original,2,0,False,0.12,0.12,36.03125
deathstarbench_social_network,deathstarbench_social_network--split--N--r0--read_user_timeline,ours_prepared,completion_projected,2,0,False,0.12,0.11,36.1015625
deathstarbench_social_network,deathstarbench_social_network--split--N--r0--read_user_timeline,cudd_fixed,original,2,0,False,0.25,0.25,61.265625
deathstarbench_social_network,deathstarbench_social_network--split--N--r0--read_user_timeline,cudd_fixed,completion_projected,2,0,False,0.25,0.24000000000000002,61.33984375
deathstarbench_social_network,deathstarbench_social_network--split--N--r0--read_user_timeline,cudd_sift,original,2,0,False,0.26,0.25,61.3828125
deathstarbench_social_network,deathstarbench_social_network--split--N--r0--read_user_timeline,cudd_sift,completion_projected,2,0,False,0.25,0.24,61.2890625
deathstarbench_social_network,deathstarbench_social_network--split--N--r0--read_user_timeline,agrum_conditioned,original,2,0,False,0.21,0.21,47.78515625
deathstarbench_social_network,deathstarbench_social_network--split--N--r0--read_user_timeline,agrum_conditioned,completion_projected,2,0,False,0.21,0.19999999999999998,47.75
deathstarbench_social_network,deathstarbench_social_network--split--N--r0--read_user_timeline,agrum_joint,original,2,0,False,0.18,0.16999999999999998,47.81640625
deathstarbench_social_network,deathstarbench_social_network--split--N--r0--read_user_timeline,agrum_joint,completion_projected,2,0,False,0.17,0.17,47.9140625
deathstarbench_social_network,deathstarbench_social_network--split--N--r0--read_user_timeline,storm_sparse,original,2,0,False,0.25,0.25,94.9140625
deathstarbench_social_network,deathstarbench_social_network--split--N--r0--read_user_timeline,storm_sparse,completion_projected,2,0,False,0.25,0.25,94.703125
deathstarbench_social_network,deathstarbench_social_network--split--NC--r0--compose_post,storm_compact,completion_projected,2,0,False,0.26,0.25,94.98828125
deathstarbench_social_network,deathstarbench_social_network--split--NC--r0--compose_post,ours_direct,original,2,0,False,0.14,0.13,36.234375
deathstarbench_social_network,deathstarbench_social_network--split--NC--r0--compose_post,ours_direct,completion_projected,2,0,False,0.14,0.13,36.2421875
deathstarbench_social_network,deathstarbench_social_network--split--NC--r0--compose_post,ours_prepared,original,2,0,False,0.13,0.13,36.1171875
deathstarbench_social_network,deathstarbench_social_network--split--NC--r0--compose_post,ours_prepared,completion_projected,2,0,False,0.13,0.13,36.078125
deathstarbench_social_network,deathstarbench_social_network--split--NC--r0--compose_post,cudd_fixed,original,2,0,False,0.26,0.25,61.45703125
deathstarbench_social_network,deathstarbench_social_network--split--NC--r0--compose_post,cudd_fixed,completion_projected,2,0,False,0.26,0.25,61.46875
deathstarbench_social_network,deathstarbench_social_network--split--NC--r0--compose_post,cudd_sift,original,2,0,False,0.26,0.25,61.34765625
deathstarbench_social_network,deathstarbench_social_network--split--NC--r0--compose_post,cudd_sift,completion_projected,2,0,False,0.26,0.26,61.28515625
deathstarbench_social_network,deathstarbench_social_network--split--NC--r0--compose_post,agrum_conditioned,original,2,0,False,0.43,0.42,48.359375
deathstarbench_social_network,deathstarbench_social_network--split--NC--r0--compose_post,agrum_conditioned,completion_projected,2,0,False,0.35,0.35,47.95703125
deathstarbench_social_network,deathstarbench_social_network--split--NC--r0--compose_post,agrum_joint,original,2,0,False,0.27,0.26,48.3671875
deathstarbench_social_network,deathstarbench_social_network--split--NC--r0--compose_post,agrum_joint,completion_projected,2,0,False,0.23,0.22999999999999998,48.22265625
deathstarbench_social_network,deathstarbench_social_network--split--NC--r0--compose_post,storm_sparse,original,2,0,False,0.29,0.29000000000000004,94.875
deathstarbench_social_network,deathstarbench_social_network--split--NC--r0--compose_post,storm_sparse,completion_projected,2,0,False,0.27,0.27,94.60546875
deathstarbench_social_network,deathstarbench_social_network--split--NC--r0--compose_post,storm_compact,original,2,0,False,0.28,0.27999999999999997,95.60546875
deathstarbench_social_network,deathstarbench_social_network--split--NC--r0--read_home_timeline,ours_direct,original,2,0,False,0.12,0.11,36.08984375
deathstarbench_social_network,deathstarbench_social_network--split--NC--r0--read_home_timeline,ours_direct,completion_projected,2,0,False,0.12,0.11,36.0
deathstarbench_social_network,deathstarbench_social_network--split--NC--r0--read_home_timeline,ours_prepared,original,2,0,False,0.12,0.11,36.05078125
deathstarbench_social_network,deathstarbench_social_network--split--NC--r0--read_home_timeline,ours_prepared,completion_projected,2,0,False,0.12,0.12000000000000001,36.09765625
deathstarbench_social_network,deathstarbench_social_network--split--NC--r0--read_home_timeline,cudd_fixed,original,2,0,False,0.25,0.24000000000000002,61.28125
deathstarbench_social_network,deathstarbench_social_network--split--NC--r0--read_home_timeline,cudd_fixed,completion_projected,2,0,False,0.24,0.24000000000000002,61.421875
deathstarbench_social_network,deathstarbench_social_network--split--NC--r0--read_home_timeline,cudd_sift,original,2,0,False,0.25,0.24000000000000002,61.06640625
deathstarbench_social_network,deathstarbench_social_network--split--NC--r0--read_home_timeline,cudd_sift,completion_projected,2,0,False,0.24,0.24,61.39453125
deathstarbench_social_network,deathstarbench_social_network--split--NC--r0--read_home_timeline,agrum_conditioned,original,2,0,False,0.15,0.15,47.55078125
deathstarbench_social_network,deathstarbench_social_network--split--NC--r0--read_home_timeline,agrum_conditioned,completion_projected,2,0,False,0.15,0.15,47.55859375
deathstarbench_social_network,deathstarbench_social_network--split--NC--r0--read_home_timeline,agrum_joint,original,2,0,False,0.15,0.15,47.47265625
deathstarbench_social_network,deathstarbench_social_network--split--NC--r0--read_home_timeline,agrum_joint,completion_projected,2,0,False,0.15,0.15,47.44921875
deathstarbench_social_network,deathstarbench_social_network--split--NC--r0--read_home_timeline,storm_sparse,original,2,0,False,0.24,0.24,93.33203125
deathstarbench_social_network,deathstarbench_social_network--split--NC--r0--read_home_timeline,storm_sparse,completion_projected,2,0,False,0.23,0.23,93.34375
deathstarbench_social_network,deathstarbench_social_network--split--NC--r0--read_home_timeline,storm_compact,original,2,0,False,0.23,0.23,93.37890625
deathstarbench_social_network,deathstarbench_social_network--split--NC--r0--read_home_timeline,storm_compact,completion_projected,2,0,False,0.23,0.23,93.65234375
deathstarbench_social_network,deathstarbench_social_network--split--NC--r0--read_user_timeline,ours_direct,completion_projected,2,0,False,0.13,0.13,36.03125
deathstarbench_social_network,deathstarbench_social_network--split--NC--r0--read_user_timeline,ours_prepared,original,2,0,False,0.13,0.12,35.9921875
deathstarbench_social_network,deathstarbench_social_network--split--NC--r0--read_user_timeline,ours_prepared,completion_projected,2,0,False,0.13,0.13,36.15234375
deathstarbench_social_network,deathstarbench_social_network--split--NC--r0--read_user_timeline,cudd_fixed,original,2,0,False,0.25,0.25,61.40234375
deathstarbench_social_network,deathstarbench_social_network--split--NC--r0--read_user_timeline,cudd_fixed,completion_projected,2,0,False,0.26,0.26,61.43359375
deathstarbench_social_network,deathstarbench_social_network--split--NC--r0--read_user_timeline,cudd_sift,original,2,0,False,0.27,0.26,61.42578125
deathstarbench_social_network,deathstarbench_social_network--split--NC--r0--read_user_timeline,cudd_sift,completion_projected,2,0,False,0.26,0.25,61.22265625
deathstarbench_social_network,deathstarbench_social_network--split--NC--r0--read_user_timeline,agrum_conditioned,original,2,0,False,0.38,0.37,47.82421875
deathstarbench_social_network,deathstarbench_social_network--split--NC--r0--read_user_timeline,agrum_conditioned,completion_projected,2,0,False,0.35,0.35000000000000003,47.92578125
deathstarbench_social_network,deathstarbench_social_network--split--NC--r0--read_user_timeline,agrum_joint,original,2,0,False,0.24,0.22999999999999998,47.953125
deathstarbench_social_network,deathstarbench_social_network--split--NC--r0--read_user_timeline,agrum_joint,completion_projected,2,0,False,0.23,0.22999999999999998,47.796875
deathstarbench_social_network,deathstarbench_social_network--split--NC--r0--read_user_timeline,storm_sparse,original,2,0,False,0.28,0.28,94.74609375
deathstarbench_social_network,deathstarbench_social_network--split--NC--r0--read_user_timeline,storm_sparse,completion_projected,2,0,False,0.28,0.27999999999999997,94.8984375
deathstarbench_social_network,deathstarbench_social_network--split--NC--r0--read_user_timeline,storm_compact,original,2,0,False,0.26,0.26,94.51953125
deathstarbench_social_network,deathstarbench_social_network--split--NC--r0--read_user_timeline,storm_compact,completion_projected,2,0,False,0.26,0.25,94.5546875
deathstarbench_social_network,deathstarbench_social_network--split--NC--r0--read_user_timeline,ours_direct,original,2,0,False,0.13,0.13,36.09765625
deathstarbench_social_network,deathstarbench_social_network--split--NCD--r0--compose_post,ours_prepared,original,2,0,False,0.15,0.13999999999999999,36.28515625
deathstarbench_social_network,deathstarbench_social_network--split--NCD--r0--compose_post,ours_prepared,completion_projected,2,0,False,0.14,0.13,36.21875
deathstarbench_social_network,deathstarbench_social_network--split--NCD--r0--compose_post,cudd_fixed,original,2,0,False,0.26,0.25,61.4453125
deathstarbench_social_network,deathstarbench_social_network--split--NCD--r0--compose_post,cudd_fixed,completion_projected,2,0,False,0.27,0.26,61.4765625
deathstarbench_social_network,deathstarbench_social_network--split--NCD--r0--compose_post,cudd_sift,original,2,0,False,0.27,0.27,61.453125
deathstarbench_social_network,deathstarbench_social_network--split--NCD--r0--compose_post,cudd_sift,completion_projected,2,0,False,0.28,0.27,61.48828125
deathstarbench_social_network,deathstarbench_social_network--split--NCD--r0--compose_post,agrum_conditioned,original,2,0,False,0.55,0.55,48.37109375
deathstarbench_social_network,deathstarbench_social_network--split--NCD--r0--compose_post,agrum_conditioned,completion_projected,2,0,False,0.42,0.42000000000000004,48.109375
deathstarbench_social_network,deathstarbench_social_network--split--NCD--r0--compose_post,agrum_joint,original,2,0,False,0.3,0.29000000000000004,48.4453125
deathstarbench_social_network,deathstarbench_social_network--split--NCD--r0--compose_post,agrum_joint,completion_projected,2,0,False,0.26,0.25,48.078125
deathstarbench_social_network,deathstarbench_social_network--split--NCD--r0--compose_post,storm_sparse,original,2,0,False,0.32,0.31000000000000005,95.4609375
deathstarbench_social_network,deathstarbench_social_network--split--NCD--r0--compose_post,storm_sparse,completion_projected,2,0,False,0.27,0.27,94.76171875
deathstarbench_social_network,deathstarbench_social_network--split--NCD--r0--compose_post,storm_compact,original,2,0,False,0.28,0.27,95.8359375
deathstarbench_social_network,deathstarbench_social_network--split--NCD--r0--compose_post,storm_compact,completion_projected,2,0,False,0.27,0.27,94.67578125
deathstarbench_social_network,deathstarbench_social_network--split--NCD--r0--compose_post,ours_direct,original,2,0,False,0.15,0.15000000000000002,36.23828125
deathstarbench_social_network,deathstarbench_social_network--split--NCD--r0--compose_post,ours_direct,completion_projected,2,0,False,0.15,0.15,36.23828125
deathstarbench_social_network,deathstarbench_social_network--split--NCD--r0--read_home_timeline,ours_prepared,completion_projected,2,0,False,0.12,0.11,36.1015625
deathstarbench_social_network,deathstarbench_social_network--split--NCD--r0--read_home_timeline,cudd_fixed,original,2,0,False,0.25,0.24000000000000002,61.3984375
deathstarbench_social_network,deathstarbench_social_network--split--NCD--r0--read_home_timeline,cudd_fixed,completion_projected,2,0,False,0.25,0.25,61.3515625
deathstarbench_social_network,deathstarbench_social_network--split--NCD--r0--read_home_timeline,cudd_sift,original,2,0,False,0.25,0.24000000000000002,61.41796875
deathstarbench_social_network,deathstarbench_social_network--split--NCD--r0--read_home_timeline,cudd_sift,completion_projected,2,0,False,0.24,0.23,61.390625
deathstarbench_social_network,deathstarbench_social_network--split--NCD--r0--read_home_timeline,agrum_conditioned,original,2,0,False,0.15,0.13999999999999999,47.59765625
deathstarbench_social_network,deathstarbench_social_network--split--NCD--r0--read_home_timeline,agrum_conditioned,completion_projected,2,0,False,0.15,0.14,47.41796875
deathstarbench_social_network,deathstarbench_social_network--split--NCD--r0--read_home_timeline,agrum_joint,original,2,0,False,0.15,0.13999999999999999,47.6015625
deathstarbench_social_network,deathstarbench_social_network--split--NCD--r0--read_home_timeline,agrum_joint,completion_projected,2,0,False,0.15,0.13999999999999999,47.55078125
deathstarbench_social_network,deathstarbench_social_network--split--NCD--r0--read_home_timeline,storm_sparse,original,2,0,False,0.25,0.24,93.59765625
deathstarbench_social_network,deathstarbench_social_network--split--NCD--r0--read_home_timeline,storm_sparse,completion_projected,2,0,False,0.24,0.24000000000000002,93.1640625
deathstarbench_social_network,deathstarbench_social_network--split--NCD--r0--read_home_timeline,storm_compact,original,2,0,False,0.24,0.23,93.23828125
deathstarbench_social_network,deathstarbench_social_network--split--NCD--r0--read_home_timeline,storm_compact,completion_projected,2,0,False,0.24,0.24000000000000002,93.2265625
deathstarbench_social_network,deathstarbench_social_network--split--NCD--r0--read_home_timeline,ours_direct,original,2,0,False,0.13,0.13,35.95703125
deathstarbench_social_network,deathstarbench_social_network--split--NCD--r0--read_home_timeline,ours_direct,completion_projected,2,0,False,0.12,0.11,36.04296875
deathstarbench_social_network,deathstarbench_social_network--split--NCD--r0--read_home_timeline,ours_prepared,original,2,0,False,0.13,0.13,35.98828125
deathstarbench_social_network,deathstarbench_social_network--split--NCD--r0--read_user_timeline,cudd_fixed,original,2,0,False,0.29,0.29,61.41796875
deathstarbench_social_network,deathstarbench_social_network--split--NCD--r0--read_user_timeline,cudd_fixed,completion_projected,2,0,False,0.27,0.27,61.2265625
deathstarbench_social_network,deathstarbench_social_network--split--NCD--r0--read_user_timeline,cudd_sift,original,2,0,False,0.26,0.26,61.1953125
deathstarbench_social_network,deathstarbench_social_network--split--NCD--r0--read_user_timeline,cudd_sift,completion_projected,2,0,False,0.27,0.27,61.2890625
deathstarbench_social_network,deathstarbench_social_network--split--NCD--r0--read_user_timeline,agrum_conditioned,original,2,0,False,0.44,0.44,48.05078125
deathstarbench_social_network,deathstarbench_social_network--split--NCD--r0--read_user_timeline,agrum_conditioned,completion_projected,2,0,False,0.42,0.42000000000000004,48.1796875
deathstarbench_social_network,deathstarbench_social_network--split--NCD--r0--read_user_timeline,agrum_joint,original,2,0,False,0.26,0.26,48.0546875
deathstarbench_social_network,deathstarbench_social_network--split--NCD--r0--read_user_timeline,agrum_joint,completion_projected,2,0,False,0.26,0.26,47.80078125
deathstarbench_social_network,deathstarbench_social_network--split--NCD--r0--read_user_timeline,storm_sparse,original,2,0,False,0.28,0.27999999999999997,94.68359375
deathstarbench_social_network,deathstarbench_social_network--split--NCD--r0--read_user_timeline,storm_sparse,completion_projected,2,0,False,0.29,0.28,95.16796875
deathstarbench_social_network,deathstarbench_social_network--split--NCD--r0--read_user_timeline,storm_compact,original,2,0,False,0.26,0.25,95.234375
deathstarbench_social_network,deathstarbench_social_network--split--NCD--r0--read_user_timeline,storm_compact,completion_projected,2,0,False,0.27,0.26,94.859375
deathstarbench_social_network,deathstarbench_social_network--split--NCD--r0--read_user_timeline,ours_direct,original,2,0,False,0.14,0.13,35.9921875
deathstarbench_social_network,deathstarbench_social_network--split--NCD--r0--read_user_timeline,ours_direct,completion_projected,2,0,False,0.14,0.13999999999999999,36.0625
deathstarbench_social_network,deathstarbench_social_network--split--NCD--r0--read_user_timeline,ours_prepared,original,2,0,False,0.13,0.13,36.0
deathstarbench_social_network,deathstarbench_social_network--split--NCD--r0--read_user_timeline,ours_prepared,completion_projected,2,0,False,0.14,0.12,36.1015625
deathstarbench_social_network,deathstarbench_social_network--split--ND--r0--compose_post,cudd_fixed,completion_projected,2,0,False,0.26,0.25,61.2734375
deathstarbench_social_network,deathstarbench_social_network--split--ND--r0--compose_post,cudd_sift,original,2,0,False,0.26,0.26,61.36328125
deathstarbench_social_network,deathstarbench_social_network--split--ND--r0--compose_post,cudd_sift,completion_projected,2,0,False,0.27,0.26,61.04296875
deathstarbench_social_network,deathstarbench_social_network--split--ND--r0--compose_post,agrum_conditioned,original,2,0,False,0.27,0.27,48.296875
deathstarbench_social_network,deathstarbench_social_network--split--ND--r0--compose_post,agrum_conditioned,completion_projected,2,0,False,0.23,0.22,47.99609375
deathstarbench_social_network,deathstarbench_social_network--split--ND--r0--compose_post,agrum_joint,original,2,0,False,0.21,0.21,48.3046875
deathstarbench_social_network,deathstarbench_social_network--split--ND--r0--compose_post,agrum_joint,completion_projected,2,0,False,0.2,0.19,47.94140625
deathstarbench_social_network,deathstarbench_social_network--split--ND--r0--compose_post,storm_sparse,original,2,0,False,0.26,0.25,94.796875
deathstarbench_social_network,deathstarbench_social_network--split--ND--r0--compose_post,storm_sparse,completion_projected,2,0,False,0.26,0.26,94.38671875
deathstarbench_social_network,deathstarbench_social_network--split--ND--r0--compose_post,storm_compact,original,2,0,False,0.26,0.25,94.66015625
deathstarbench_social_network,deathstarbench_social_network--split--ND--r0--compose_post,storm_compact,completion_projected,2,0,False,0.26,0.26,94.8125
deathstarbench_social_network,deathstarbench_social_network--split--ND--r0--compose_post,ours_direct,original,2,0,False,0.13,0.12000000000000001,36.1171875
deathstarbench_social_network,deathstarbench_social_network--split--ND--r0--compose_post,ours_direct,completion_projected,2,0,False,0.13,0.13,36.296875
deathstarbench_social_network,deathstarbench_social_network--split--ND--r0--compose_post,ours_prepared,original,2,0,False,0.13,0.12000000000000001,36.08984375
deathstarbench_social_network,deathstarbench_social_network--split--ND--r0--compose_post,ours_prepared,completion_projected,2,0,False,0.13,0.12000000000000001,36.0234375
deathstarbench_social_network,deathstarbench_social_network--split--ND--r0--compose_post,cudd_fixed,original,2,0,False,0.26,0.25,61.44140625
deathstarbench_social_network,deathstarbench_social_network--split--ND--r0--read_home_timeline,cudd_sift,original,2,0,False,0.25,0.25,61.421875
deathstarbench_social_network,deathstarbench_social_network--split--ND--r0--read_home_timeline,cudd_sift,completion_projected,2,0,False,0.25,0.24,61.19140625
deathstarbench_social_network,deathstarbench_social_network--split--ND--r0--read_home_timeline,agrum_conditioned,original,2,0,False,0.16,0.15,47.3125
deathstarbench_social_network,deathstarbench_social_network--split--ND--r0--read_home_timeline,agrum_conditioned,completion_projected,2,0,False,0.15,0.15,47.40625
deathstarbench_social_network,deathstarbench_social_network--split--ND--r0--read_home_timeline,agrum_joint,original,2,0,False,0.16,0.15,47.41796875
deathstarbench_social_network,deathstarbench_social_network--split--ND--r0--read_home_timeline,agrum_joint,completion_projected,2,0,False,0.15,0.15,47.515625
deathstarbench_social_network,deathstarbench_social_network--split--ND--r0--read_home_timeline,storm_sparse,original,2,0,False,0.25,0.24000000000000002,93.33203125
deathstarbench_social_network,deathstarbench_social_network--split--ND--r0--read_home_timeline,storm_sparse,completion_projected,2,0,False,0.24,0.23,93.546875
deathstarbench_social_network,deathstarbench_social_network--split--ND--r0--read_home_timeline,storm_compact,original,2,0,False,0.24,0.24,93.22265625
deathstarbench_social_network,deathstarbench_social_network--split--ND--r0--read_home_timeline,storm_compact,completion_projected,2,0,False,0.23,0.23,93.55078125
deathstarbench_social_network,deathstarbench_social_network--split--ND--r0--read_home_timeline,ours_direct,original,2,0,False,0.12,0.12000000000000001,36.01953125
deathstarbench_social_network,deathstarbench_social_network--split--ND--r0--read_home_timeline,ours_direct,completion_projected,2,0,False,0.12,0.11,36.0859375
deathstarbench_social_network,deathstarbench_social_network--split--ND--r0--read_home_timeline,ours_prepared,original,2,0,False,0.12,0.11,35.98828125
deathstarbench_social_network,deathstarbench_social_network--split--ND--r0--read_home_timeline,ours_prepared,completion_projected,2,0,False,0.12,0.12000000000000001,36.0390625
deathstarbench_social_network,deathstarbench_social_network--split--ND--r0--read_home_timeline,cudd_fixed,original,2,0,False,0.25,0.25,61.17578125
deathstarbench_social_network,deathstarbench_social_network--split--ND--r0--read_home_timeline,cudd_fixed,completion_projected,2,0,False,0.25,0.24,61.2578125
deathstarbench_social_network,deathstarbench_social_network--split--ND--r0--read_user_timeline,cudd_sift,completion_projected,2,0,False,0.25,0.25,61.22265625
deathstarbench_social_network,deathstarbench_social_network--split--ND--r0--read_user_timeline,agrum_conditioned,original,2,0,False,0.23,0.22999999999999998,48.03515625
deathstarbench_social_network,deathstarbench_social_network--split--ND--r0--read_user_timeline,agrum_conditioned,completion_projected,2,0,False,0.22,0.22,47.87890625
deathstarbench_social_network,deathstarbench_social_network--split--ND--r0--read_user_timeline,agrum_joint,original,2,0,False,0.19,0.18000000000000002,47.8203125
deathstarbench_social_network,deathstarbench_social_network--split--ND--r0--read_user_timeline,agrum_joint,completion_projected,2,0,False,0.19,0.18,47.92578125
deathstarbench_social_network,deathstarbench_social_network--split--ND--r0--read_user_timeline,storm_sparse,original,2,0,False,0.26,0.26,94.71484375
deathstarbench_social_network,deathstarbench_social_network--split--ND--r0--read_user_timeline,storm_sparse,completion_projected,2,0,False,0.25,0.24,95.08203125
deathstarbench_social_network,deathstarbench_social_network--split--ND--r0--read_user_timeline,storm_compact,original,2,0,False,0.26,0.25,94.61328125
deathstarbench_social_network,deathstarbench_social_network--split--ND--r0--read_user_timeline,storm_compact,completion_projected,2,0,False,0.27,0.26,94.921875
deathstarbench_social_network,deathstarbench_social_network--split--ND--r0--read_user_timeline,ours_direct,original,2,0,False,0.12,0.12000000000000001,36.16015625
deathstarbench_social_network,deathstarbench_social_network--split--ND--r0--read_user_timeline,ours_direct,completion_projected,2,0,False,0.13,0.12,36.0625
deathstarbench_social_network,deathstarbench_social_network--split--ND--r0--read_user_timeline,ours_prepared,original,2,0,False,0.13,0.12000000000000001,36.14453125
deathstarbench_social_network,deathstarbench_social_network--split--ND--r0--read_user_timeline,ours_prepared,completion_projected,2,0,False,0.13,0.12,36.1015625
deathstarbench_social_network,deathstarbench_social_network--split--ND--r0--read_user_timeline,cudd_fixed,original,2,0,False,0.27,0.26,61.203125
deathstarbench_social_network,deathstarbench_social_network--split--ND--r0--read_user_timeline,cudd_fixed,completion_projected,2,0,False,0.27,0.27,61.26953125
deathstarbench_social_network,deathstarbench_social_network--split--ND--r0--read_user_timeline,cudd_sift,original,2,0,False,0.27,0.26,61.42578125
opentelemetry_demo,opentelemetry_demo--colocated--N--r0--add_to_cart,ours_direct,original,0,0,False,0.14,0.08,34.38671875
opentelemetry_demo,opentelemetry_demo--colocated--N--r0--add_to_cart,ours_direct,completion_projected,0,0,False,0.09,0.09,34.35546875
opentelemetry_demo,opentelemetry_demo--colocated--N--r0--add_to_cart,ours_prepared,original,0,0,False,0.1,0.09,34.328125
opentelemetry_demo,opentelemetry_demo--colocated--N--r0--add_to_cart,ours_prepared,completion_projected,0,0,False,0.1,0.09,34.375
opentelemetry_demo,opentelemetry_demo--colocated--N--r0--add_to_cart,cudd_fixed,original,0,0,False,0.19,0.19,59.63671875
opentelemetry_demo,opentelemetry_demo--colocated--N--r0--add_to_cart,cudd_fixed,completion_projected,0,0,False,0.2,0.2,59.546875
opentelemetry_demo,opentelemetry_demo--colocated--N--r0--add_to_cart,cudd_sift,original,0,0,False,0.2,0.19,59.3828125
opentelemetry_demo,opentelemetry_demo--colocated--N--r0--add_to_cart,cudd_sift,completion_projected,0,0,False,0.2,0.2,59.40625
opentelemetry_demo,opentelemetry_demo--colocated--N--r0--add_to_cart,agrum_conditioned,original,0,0,False,0.16,0.16,46.41796875
opentelemetry_demo,opentelemetry_demo--colocated--N--r0--add_to_cart,agrum_conditioned,completion_projected,0,0,False,0.15,0.15000000000000002,46.06640625
opentelemetry_demo,opentelemetry_demo--colocated--N--r0--add_to_cart,agrum_joint,original,0,0,False,0.13,0.13,46.34375
opentelemetry_demo,opentelemetry_demo--colocated--N--r0--add_to_cart,agrum_joint,completion_projected,0,0,False,0.13,0.13,46.3046875
opentelemetry_demo,opentelemetry_demo--colocated--N--r0--add_to_cart,storm_sparse,original,0,0,False,0.19,0.19,92.8359375
opentelemetry_demo,opentelemetry_demo--colocated--N--r0--add_to_cart,storm_sparse,completion_projected,0,0,False,0.19,0.19,93.30078125
opentelemetry_demo,opentelemetry_demo--colocated--N--r0--add_to_cart,storm_compact,original,0,0,False,0.18,0.18,93.3515625
opentelemetry_demo,opentelemetry_demo--colocated--N--r0--add_to_cart,storm_compact,completion_projected,0,0,False,0.18,0.16999999999999998,93.4609375
opentelemetry_demo,opentelemetry_demo--colocated--N--r0--browse_product,ours_direct,completion_projected,0,0,False,0.1,0.09,34.2578125
opentelemetry_demo,opentelemetry_demo--colocated--N--r0--browse_product,ours_prepared,original,0,0,False,0.1,0.09,34.3046875
opentelemetry_demo,opentelemetry_demo--colocated--N--r0--browse_product,ours_prepared,completion_projected,0,0,False,0.1,0.09,34.3828125
opentelemetry_demo,opentelemetry_demo--colocated--N--r0--browse_product,cudd_fixed,original,0,0,False,0.2,0.19,59.53515625
opentelemetry_demo,opentelemetry_demo--colocated--N--r0--browse_product,cudd_fixed,completion_projected,0,0,False,0.2,0.19,59.609375
opentelemetry_demo,opentelemetry_demo--colocated--N--r0--browse_product,cudd_sift,original,0,0,False,0.19,0.18000000000000002,59.625
opentelemetry_demo,opentelemetry_demo--colocated--N--r0--browse_product,cudd_sift,completion_projected,0,0,False,0.19,0.18,59.62890625
opentelemetry_demo,opentelemetry_demo--colocated--N--r0--browse_product,agrum_conditioned,original,0,0,False,0.16,0.15000000000000002,46.3046875
opentelemetry_demo,opentelemetry_demo--colocated--N--r0--browse_product,agrum_conditioned,completion_projected,0,0,False,0.16,0.15000000000000002,46.34375
opentelemetry_demo,opentelemetry_demo--colocated--N--r0--browse_product,agrum_joint,original,0,0,False,0.14,0.13,46.33203125
opentelemetry_demo,opentelemetry_demo--colocated--N--r0--browse_product,agrum_joint,completion_projected,0,0,False,0.14,0.13,46.30078125
opentelemetry_demo,opentelemetry_demo--colocated--N--r0--browse_product,storm_sparse,original,0,0,False,0.19,0.18,93.44140625
opentelemetry_demo,opentelemetry_demo--colocated--N--r0--browse_product,storm_sparse,completion_projected,0,0,False,0.19,0.19,93.28125
opentelemetry_demo,opentelemetry_demo--colocated--N--r0--browse_product,storm_compact,original,0,0,False,0.19,0.19,93.32421875
opentelemetry_demo,opentelemetry_demo--colocated--N--r0--browse_product,storm_compact,completion_projected,0,0,False,0.19,0.19,93.296875
opentelemetry_demo,opentelemetry_demo--colocated--N--r0--browse_product,ours_direct,original,0,0,False,0.09,0.09,34.21484375
opentelemetry_demo,opentelemetry_demo--colocated--N--r0--checkout,ours_prepared,original,0,0,False,0.1,0.09,34.46484375
opentelemetry_demo,opentelemetry_demo--colocated--N--r0--checkout,ours_prepared,completion_projected,0,0,False,0.1,0.09,34.3671875
opentelemetry_demo,opentelemetry_demo--colocated--N--r0--checkout,cudd_fixed,original,0,0,False,0.2,0.2,59.6796875
opentelemetry_demo,opentelemetry_demo--colocated--N--r0--checkout,cudd_fixed,completion_projected,0,0,False,0.2,0.19,59.65625
opentelemetry_demo,opentelemetry_demo--colocated--N--r0--checkout,cudd_sift,original,0,0,False,0.19,0.19,59.65234375
opentelemetry_demo,opentelemetry_demo--colocated--N--r0--checkout,cudd_sift,completion_projected,0,0,False,0.2,0.19,59.64453125
opentelemetry_demo,opentelemetry_demo--colocated--N--r0--checkout,agrum_conditioned,original,0,0,False,0.23,0.22999999999999998,46.47265625
opentelemetry_demo,opentelemetry_demo--colocated--N--r0--checkout,agrum_conditioned,completion_projected,0,0,False,0.2,0.19,45.98046875
opentelemetry_demo,opentelemetry_demo--colocated--N--r0--checkout,agrum_joint,original,0,0,False,0.17,0.16999999999999998,46.64453125
opentelemetry_demo,opentelemetry_demo--colocated--N--r0--checkout,agrum_joint,completion_projected,0,0,False,0.15,0.13999999999999999,46.48046875
opentelemetry_demo,opentelemetry_demo--colocated--N--r0--checkout,storm_sparse,original,0,0,False,0.2,0.2,93.18359375
opentelemetry_demo,opentelemetry_demo--colocated--N--r0--checkout,storm_sparse,completion_projected,0,0,False,0.19,0.19,93.109375
opentelemetry_demo,opentelemetry_demo--colocated--N--r0--checkout,storm_compact,original,0,0,False,0.21,0.2,93.41796875
opentelemetry_demo,opentelemetry_demo--colocated--N--r0--checkout,storm_compact,completion_projected,0,0,False,0.21,0.2,93.4921875
opentelemetry_demo,opentelemetry_demo--colocated--N--r0--checkout,ours_direct,original,0,0,False,0.13,0.13,34.4375
opentelemetry_demo,opentelemetry_demo--colocated--N--r0--checkout,ours_direct,completion_projected,0,0,False,0.11,0.1,34.49609375
opentelemetry_demo,opentelemetry_demo--colocated--NC--r0--add_to_cart,ours_prepared,completion_projected,0,0,False,0.11,0.11,34.5625
opentelemetry_demo,opentelemetry_demo--colocated--NC--r0--add_to_cart,cudd_fixed,original,0,0,False,0.21,0.2,59.5625
opentelemetry_demo,opentelemetry_demo--colocated--NC--r0--add_to_cart,cudd_fixed,completion_projected,0,0,False,0.21,0.21,59.4375
opentelemetry_demo,opentelemetry_demo--colocated--NC--r0--add_to_cart,cudd_sift,original,0,0,False,0.22,0.21,59.515625
opentelemetry_demo,opentelemetry_demo--colocated--NC--r0--add_to_cart,cudd_sift,completion_projected,0,0,False,0.22,0.22,59.3671875
opentelemetry_demo,opentelemetry_demo--colocated--NC--r0--add_to_cart,agrum_conditioned,original,0,0,False,0.32,0.32,46.265625
opentelemetry_demo,opentelemetry_demo--colocated--NC--r0--add_to_cart,agrum_conditioned,completion_projected,0,0,False,0.28,0.27,46.2578125
opentelemetry_demo,opentelemetry_demo--colocated--NC--r0--add_to_cart,agrum_joint,original,0,0,False,0.2,0.19,46.58984375
opentelemetry_demo,opentelemetry_demo--colocated--NC--r0--add_to_cart,agrum_joint,completion_projected,0,0,False,0.18,0.18,46.46875
opentelemetry_demo,opentelemetry_demo--colocated--NC--r0--add_to_cart,storm_sparse,original,0,0,False,0.23,0.22,93.29296875
opentelemetry_demo,opentelemetry_demo--colocated--NC--r0--add_to_cart,storm_sparse,completion_projected,0,0,False,0.22,0.22,93.3359375
opentelemetry_demo,opentelemetry_demo--colocated--NC--r0--add_to_cart,storm_compact,original,0,0,False,0.21,0.21,93.32421875
opentelemetry_demo,opentelemetry_demo--colocated--NC--r0--add_to_cart,storm_compact,completion_projected,0,0,False,0.22,0.21,93.2734375
opentelemetry_demo,opentelemetry_demo--colocated--NC--r0--add_to_cart,ours_direct,original,0,0,False,0.11,0.11,34.359375
opentelemetry_demo,opentelemetry_demo--colocated--NC--r0--add_to_cart,ours_direct,completion_projected,0,0,False,0.11,0.09999999999999999,34.43359375
opentelemetry_demo,opentelemetry_demo--colocated--NC--r0--add_to_cart,ours_prepared,original,0,0,False,0.1,0.1,34.23046875
opentelemetry_demo,opentelemetry_demo--colocated--NC--r0--browse_product,cudd_fixed,original,0,0,False,0.2,0.2,59.609375
opentelemetry_demo,opentelemetry_demo--colocated--NC--r0--browse_product,cudd_fixed,completion_projected,0,0,False,0.2,0.2,59.484375
opentelemetry_demo,opentelemetry_demo--colocated--NC--r0--browse_product,cudd_sift,original,0,0,False,0.2,0.19,59.58203125
opentelemetry_demo,opentelemetry_demo--colocated--NC--r0--browse_product,cudd_sift,completion_projected,0,0,False,0.2,0.2,59.59765625
opentelemetry_demo,opentelemetry_demo--colocated--NC--r0--browse_product,agrum_conditioned,original,0,0,False,0.29,0.28,46.21484375
opentelemetry_demo,opentelemetry_demo--colocated--NC--r0--browse_product,agrum_conditioned,completion_projected,0,0,False,0.25,0.25,46.11328125
opentelemetry_demo,opentelemetry_demo--colocated--NC--r0--browse_product,agrum_joint,original,0,0,False,0.18,0.18,46.265625
opentelemetry_demo,opentelemetry_demo--colocated--NC--r0--browse_product,agrum_joint,completion_projected,0,0,False,0.17,0.16999999999999998,46.44921875
opentelemetry_demo,opentelemetry_demo--colocated--NC--r0--browse_product,storm_sparse,original,0,0,False,0.22,0.21,93.09375
opentelemetry_demo,opentelemetry_demo--colocated--NC--r0--browse_product,storm_sparse,completion_projected,0,0,False,0.21,0.2,93.0625
opentelemetry_demo,opentelemetry_demo--colocated--NC--r0--browse_product,storm_compact,original,0,0,False,0.21,0.19999999999999998,93.171875
opentelemetry_demo,opentelemetry_demo--colocated--NC--r0--browse_product,storm_compact,completion_projected,0,0,False,0.21,0.21,93.14453125
opentelemetry_demo,opentelemetry_demo--colocated--NC--r0--browse_product,ours_direct,original,0,0,False,0.11,0.09999999999999999,34.296875
opentelemetry_demo,opentelemetry_demo--colocated--NC--r0--browse_product,ours_direct,completion_projected,0,0,False,0.11,0.11,34.31640625
opentelemetry_demo,opentelemetry_demo--colocated--NC--r0--browse_product,ours_prepared,original,0,0,False,0.1,0.09999999999999999,34.26953125
opentelemetry_demo,opentelemetry_demo--colocated--NC--r0--browse_product,ours_prepared,completion_projected,0,0,False,0.11,0.11,34.4140625
opentelemetry_demo,opentelemetry_demo--colocated--NC--r0--checkout,cudd_fixed,completion_projected,0,0,False,0.22,0.21,59.51171875
opentelemetry_demo,opentelemetry_demo--colocated--NC--r0--checkout,cudd_sift,original,0,0,False,0.21,0.21000000000000002,59.50390625
opentelemetry_demo,opentelemetry_demo--colocated--NC--r0--checkout,cudd_sift,completion_projected,0,0,False,0.23,0.22,59.59765625
opentelemetry_demo,opentelemetry_demo--colocated--NC--r0--checkout,agrum_conditioned,original,0,0,False,0.51,0.5,46.96875
opentelemetry_demo,opentelemetry_demo--colocated--NC--r0--checkout,agrum_conditioned,completion_projected,0,0,False,0.32,0.31,46.41015625
opentelemetry_demo,opentelemetry_demo--colocated--NC--r0--checkout,agrum_joint,original,0,0,False,0.26,0.25,46.98828125
opentelemetry_demo,opentelemetry_demo--colocated--NC--r0--checkout,agrum_joint,completion_projected,0,0,False,0.2,0.19,46.6640625
opentelemetry_demo,opentelemetry_demo--colocated--NC--r0--checkout,storm_sparse,original,0,0,False,0.28,0.27,93.953125
opentelemetry_demo,opentelemetry_demo--colocated--NC--r0--checkout,storm_sparse,completion_projected,0,0,False,0.24,0.23,93.29296875
opentelemetry_demo,opentelemetry_demo--colocated--NC--r0--checkout,storm_compact,original,0,0,False,0.25,0.24,93.9453125
opentelemetry_demo,opentelemetry_demo--colocated--NC--r0--checkout,storm_compact,completion_projected,0,0,False,0.22,0.21,93.6953125
opentelemetry_demo,opentelemetry_demo--colocated--NC--r0--checkout,ours_direct,original,0,0,False,0.13,0.12,34.4609375
opentelemetry_demo,opentelemetry_demo--colocated--NC--r0--checkout,ours_direct,completion_projected,0,0,False,0.12,0.11,34.53515625
opentelemetry_demo,opentelemetry_demo--colocated--NC--r0--checkout,ours_prepared,original,0,0,False,0.11,0.09999999999999999,34.48828125
opentelemetry_demo,opentelemetry_demo--colocated--NC--r0--checkout,ours_prepared,completion_projected,0,0,False,0.11,0.09999999999999999,34.5234375
opentelemetry_demo,opentelemetry_demo--colocated--NC--r0--checkout,cudd_fixed,original,0,0,False,0.22,0.22,59.55078125
opentelemetry_demo,opentelemetry_demo--colocated--NCD--r0--add_to_cart,cudd_sift,original,0,0,False,0.22,0.22,59.55859375
opentelemetry_demo,opentelemetry_demo--colocated--NCD--r0--add_to_cart,cudd_sift,completion_projected,0,0,False,0.2,0.2,59.4375
opentelemetry_demo,opentelemetry_demo--colocated--NCD--r0--add_to_cart,agrum_conditioned,original,0,0,False,0.32,0.32,46.3671875
opentelemetry_demo,opentelemetry_demo--colocated--NCD--r0--add_to_cart,agrum_conditioned,completion_projected,0,0,False,0.29,0.28,46.12890625
opentelemetry_demo,opentelemetry_demo--colocated--NCD--r0--add_to_cart,agrum_joint,original,0,0,False,0.2,0.19999999999999998,46.6171875
opentelemetry_demo,opentelemetry_demo--colocated--NCD--r0--add_to_cart,agrum_joint,completion_projected,0,0,False,0.19,0.18,46.484375
opentelemetry_demo,opentelemetry_demo--colocated--NCD--r0--add_to_cart,storm_sparse,original,0,0,False,0.24,0.24,93.3125
opentelemetry_demo,opentelemetry_demo--colocated--NCD--r0--add_to_cart,storm_sparse,completion_projected,0,0,False,0.23,0.22,93.26171875
opentelemetry_demo,opentelemetry_demo--colocated--NCD--r0--add_to_cart,storm_compact,original,0,0,False,0.21,0.2,93.37109375
opentelemetry_demo,opentelemetry_demo--colocated--NCD--r0--add_to_cart,storm_compact,completion_projected,0,0,False,0.2,0.2,93.07421875
opentelemetry_demo,opentelemetry_demo--colocated--NCD--r0--add_to_cart,ours_direct,original,0,0,False,0.12,0.11,34.3203125
opentelemetry_demo,opentelemetry_demo--colocated--NCD--r0--add_to_cart,ours_direct,completion_projected,0,0,False,0.11,0.11,34.35546875
opentelemetry_demo,opentelemetry_demo--colocated--NCD--r0--add_to_cart,ours_prepared,original,0,0,False,0.11,0.09999999999999999,34.37890625
opentelemetry_demo,opentelemetry_demo--colocated--NCD--r0--add_to_cart,ours_prepared,completion_projected,0,0,False,0.1,0.09999999999999999,34.34765625
opentelemetry_demo,opentelemetry_demo--colocated--NCD--r0--add_to_cart,cudd_fixed,original,0,0,False,0.21,0.2,59.48046875
opentelemetry_demo,opentelemetry_demo--colocated--NCD--r0--add_to_cart,cudd_fixed,completion_projected,0,0,False,0.2,0.19,59.5390625
opentelemetry_demo,opentelemetry_demo--colocated--NCD--r0--browse_product,cudd_sift,completion_projected,0,0,False,0.2,0.19,59.625
opentelemetry_demo,opentelemetry_demo--colocated--NCD--r0--browse_product,agrum_conditioned,original,0,0,False,0.31,0.30000000000000004,46.23046875
opentelemetry_demo,opentelemetry_demo--colocated--NCD--r0--browse_product,agrum_conditioned,completion_projected,0,0,False,0.27,0.27,46.1484375
opentelemetry_demo,opentelemetry_demo--colocated--NCD--r0--browse_product,agrum_joint,original,0,0,False,0.2,0.19,46.45703125
opentelemetry_demo,opentelemetry_demo--colocated--NCD--r0--browse_product,agrum_joint,completion_projected,0,0,False,0.19,0.18000000000000002,46.15234375
opentelemetry_demo,opentelemetry_demo--colocated--NCD--r0--browse_product,storm_sparse,original,0,0,False,0.23,0.23,93.08984375
opentelemetry_demo,opentelemetry_demo--colocated--NCD--r0--browse_product,storm_sparse,completion_projected,0,0,False,0.22,0.21,93.21484375
opentelemetry_demo,opentelemetry_demo--colocated--NCD--r0--browse_product,storm_compact,original,0,0,False,0.21,0.19999999999999998,93.4140625
opentelemetry_demo,opentelemetry_demo--colocated--NCD--r0--browse_product,storm_compact,completion_projected,0,0,False,0.2,0.19999999999999998,93.0
opentelemetry_demo,opentelemetry_demo--colocated--NCD--r0--browse_product,ours_direct,original,0,0,False,0.11,0.09999999999999999,34.43359375
opentelemetry_demo,opentelemetry_demo--colocated--NCD--r0--browse_product,ours_direct,completion_projected,0,0,False,0.11,0.09999999999999999,34.32421875
opentelemetry_demo,opentelemetry_demo--colocated--NCD--r0--browse_product,ours_prepared,original,0,0,False,0.1,0.09999999999999999,34.390625
opentelemetry_demo,opentelemetry_demo--colocated--NCD--r0--browse_product,ours_prepared,completion_projected,0,0,False,0.11,0.11,34.32421875
opentelemetry_demo,opentelemetry_demo--colocated--NCD--r0--browse_product,cudd_fixed,original,0,0,False,0.21,0.21000000000000002,59.62109375
opentelemetry_demo,opentelemetry_demo--colocated--NCD--r0--browse_product,cudd_fixed,completion_projected,0,0,False,0.21,0.21,59.6640625
opentelemetry_demo,opentelemetry_demo--colocated--NCD--r0--browse_product,cudd_sift,original,0,0,False,0.21,0.21000000000000002,59.60546875
opentelemetry_demo,opentelemetry_demo--colocated--NCD--r0--checkout,agrum_conditioned,original,0,0,False,0.54,0.53,47.02734375
opentelemetry_demo,opentelemetry_demo--colocated--NCD--r0--checkout,agrum_conditioned,completion_projected,0,0,False,0.35,0.34,46.58984375
opentelemetry_demo,opentelemetry_demo--colocated--NCD--r0--checkout,agrum_joint,original,0,0,False,0.28,0.27,46.96875
opentelemetry_demo,opentelemetry_demo--colocated--NCD--r0--checkout,agrum_joint,completion_projected,0,0,False,0.22,0.21,46.7578125
opentelemetry_demo,opentelemetry_demo--colocated--NCD--r0--checkout,storm_sparse,original,0,0,False,0.3,0.29000000000000004,94.4140625
opentelemetry_demo,opentelemetry_demo--colocated--NCD--r0--checkout,storm_sparse,completion_projected,0,0,False,0.24,0.24000000000000002,93.55859375
opentelemetry_demo,opentelemetry_demo--colocated--NCD--r0--checkout,storm_compact,original,0,0,False,0.24,0.24,94.265625
opentelemetry_demo,opentelemetry_demo--colocated--NCD--r0--checkout,storm_compact,completion_projected,0,0,False,0.22,0.21,93.46875
opentelemetry_demo,opentelemetry_demo--colocated--NCD--r0--checkout,ours_direct,original,0,0,False,0.14,0.13,34.5859375
opentelemetry_demo,opentelemetry_demo--colocated--NCD--r0--checkout,ours_direct,completion_projected,0,0,False,0.12,0.12000000000000001,34.62890625
opentelemetry_demo,opentelemetry_demo--colocated--NCD--r0--checkout,ours_prepared,original,0,0,False,0.11,0.09999999999999999,34.58203125
opentelemetry_demo,opentelemetry_demo--colocated--NCD--r0--checkout,ours_prepared,completion_projected,0,0,False,0.11,0.09999999999999999,34.609375
opentelemetry_demo,opentelemetry_demo--colocated--NCD--r0--checkout,cudd_fixed,original,0,0,False,0.22,0.22,59.66015625
opentelemetry_demo,opentelemetry_demo--colocated--NCD--r0--checkout,cudd_fixed,completion_projected,0,0,False,0.21,0.21,59.59375
opentelemetry_demo,opentelemetry_demo--colocated--NCD--r0--checkout,cudd_sift,original,0,0,False,0.21,0.21,59.56640625
opentelemetry_demo,opentelemetry_demo--colocated--NCD--r0--checkout,cudd_sift,completion_projected,0,0,False,0.21,0.21,59.640625
opentelemetry_demo,opentelemetry_demo--colocated--ND--r0--add_to_cart,agrum_conditioned,completion_projected,0,0,False,0.15,0.15,46.2890625
opentelemetry_demo,opentelemetry_demo--colocated--ND--r0--add_to_cart,agrum_joint,original,0,0,False,0.15,0.14,46.38671875
opentelemetry_demo,opentelemetry_demo--colocated--ND--r0--add_to_cart,agrum_joint,completion_projected,0,0,False,0.14,0.14,46.27734375
opentelemetry_demo,opentelemetry_demo--colocated--ND--r0--add_to_cart,storm_sparse,original,0,0,False,0.2,0.2,93.09765625
opentelemetry_demo,opentelemetry_demo--colocated--ND--r0--add_to_cart,storm_sparse,completion_projected,0,0,False,0.19,0.19,93.171875
opentelemetry_demo,opentelemetry_demo--colocated--ND--r0--add_to_cart,storm_compact,original,0,0,False,0.19,0.19,93.3203125
opentelemetry_demo,opentelemetry_demo--colocated--ND--r0--add_to_cart,storm_compact,completion_projected,0,0,False,0.19,0.18,93.19921875
opentelemetry_demo,opentelemetry_demo--colocated--ND--r0--add_to_cart,ours_direct,original,0,0,False,0.1,0.1,34.3515625
opentelemetry_demo,opentelemetry_demo--colocated--ND--r0--add_to_cart,ours_direct,completion_projected,0,0,False,0.1,0.1,34.265625
opentelemetry_demo,opentelemetry_demo--colocated--ND--r0--add_to_cart,ours_prepared,original,0,0,False,0.1,0.1,34.3671875
opentelemetry_demo,opentelemetry_demo--colocated--ND--r0--add_to_cart,ours_prepared,completion_projected,0,0,False,0.1,0.09,34.2578125
opentelemetry_demo,opentelemetry_demo--colocated--ND--r0--add_to_cart,cudd_fixed,original,0,0,False,0.21,0.2,59.55078125
opentelemetry_demo,opentelemetry_demo--colocated--ND--r0--add_to_cart,cudd_fixed,completion_projected,0,0,False,0.22,0.21,59.609375
opentelemetry_demo,opentelemetry_demo--colocated--ND--r0--add_to_cart,cudd_sift,original,0,0,False,0.21,0.19999999999999998,59.60546875
opentelemetry_demo,opentelemetry_demo--colocated--ND--r0--add_to_cart,cudd_sift,completion_projected,0,0,False,0.21,0.2,59.609375
opentelemetry_demo,opentelemetry_demo--colocated--ND--r0--add_to_cart,agrum_conditioned,original,0,0,False,0.17,0.16,46.32421875
opentelemetry_demo,opentelemetry_demo--colocated--ND--r0--browse_product,agrum_joint,original,0,0,False,0.14,0.13999999999999999,46.4453125
opentelemetry_demo,opentelemetry_demo--colocated--ND--r0--browse_product,agrum_joint,completion_projected,0,0,False,0.14,0.13,46.171875
opentelemetry_demo,opentelemetry_demo--colocated--ND--r0--browse_product,storm_sparse,original,0,0,False,0.21,0.19999999999999998,93.41015625
opentelemetry_demo,opentelemetry_demo--colocated--ND--r0--browse_product,storm_sparse,completion_projected,0,0,False,0.2,0.19,93.18359375
opentelemetry_demo,opentelemetry_demo--colocated--ND--r0--browse_product,storm_compact,original,0,0,False,0.2,0.19999999999999998,93.44140625
opentelemetry_demo,opentelemetry_demo--colocated--ND--r0--browse_product,storm_compact,completion_projected,0,0,False,0.19,0.19,93.375
opentelemetry_demo,opentelemetry_demo--colocated--ND--r0--browse_product,ours_direct,original,0,0,False,0.09,0.09,34.33203125
opentelemetry_demo,opentelemetry_demo--colocated--ND--r0--browse_product,ours_direct,completion_projected,0,0,False,0.1,0.09,34.2578125
opentelemetry_demo,opentelemetry_demo--colocated--ND--r0--browse_product,ours_prepared,original,0,0,False,0.1,0.09999999999999999,34.3359375
opentelemetry_demo,opentelemetry_demo--colocated--ND--r0--browse_product,ours_prepared,completion_projected,0,0,False,0.1,0.09,34.34375
opentelemetry_demo,opentelemetry_demo--colocated--ND--r0--browse_product,cudd_fixed,original,0,0,False,0.2,0.19,59.59375
opentelemetry_demo,opentelemetry_demo--colocated--ND--r0--browse_product,cudd_fixed,completion_projected,0,0,False,0.2,0.19,59.40234375
opentelemetry_demo,opentelemetry_demo--colocated--ND--r0--browse_product,cudd_sift,original,0,0,False,0.2,0.2,59.3984375
opentelemetry_demo,opentelemetry_demo--colocated--ND--r0--browse_product,cudd_sift,completion_projected,0,0,False,0.21,0.2,59.4765625
opentelemetry_demo,opentelemetry_demo--colocated--ND--r0--browse_product,agrum_conditioned,original,0,0,False,0.17,0.16,46.390625
opentelemetry_demo,opentelemetry_demo--colocated--ND--r0--browse_product,agrum_conditioned,completion_projected,0,0,False,0.15,0.15,46.265625
opentelemetry_demo,opentelemetry_demo--colocated--ND--r0--checkout,agrum_joint,completion_projected,0,0,False,0.15,0.14,46.2109375
opentelemetry_demo,opentelemetry_demo--colocated--ND--r0--checkout,storm_sparse,original,0,0,False,0.21,0.21,93.0
opentelemetry_demo,opentelemetry_demo--colocated--ND--r0--checkout,storm_sparse,completion_projected,0,0,False,0.21,0.21,93.18359375
opentelemetry_demo,opentelemetry_demo--colocated--ND--r0--checkout,storm_compact,original,0,0,False,0.21,0.21,93.2109375
opentelemetry_demo,opentelemetry_demo--colocated--ND--r0--checkout,storm_compact,completion_projected,0,0,False,0.21,0.2,93.19140625
opentelemetry_demo,opentelemetry_demo--colocated--ND--r0--checkout,ours_direct,original,0,0,False,0.1,0.09,34.45703125
opentelemetry_demo,opentelemetry_demo--colocated--ND--r0--checkout,ours_direct,completion_projected,0,0,False,0.11,0.09999999999999999,34.39453125
opentelemetry_demo,opentelemetry_demo--colocated--ND--r0--checkout,ours_prepared,original,0,0,False,0.1,0.09999999999999999,34.31640625
opentelemetry_demo,opentelemetry_demo--colocated--ND--r0--checkout,ours_prepared,completion_projected,0,0,False,0.11,0.1,34.39453125
opentelemetry_demo,opentelemetry_demo--colocated--ND--r0--checkout,cudd_fixed,original,0,0,False,0.21,0.2,59.5859375
opentelemetry_demo,opentelemetry_demo--colocated--ND--r0--checkout,cudd_fixed,completion_projected,0,0,False,0.22,0.21,59.59765625
opentelemetry_demo,opentelemetry_demo--colocated--ND--r0--checkout,cudd_sift,original,0,0,False,0.21,0.2,59.5625
opentelemetry_demo,opentelemetry_demo--colocated--ND--r0--checkout,cudd_sift,completion_projected,0,0,False,0.21,0.2,59.625
opentelemetry_demo,opentelemetry_demo--colocated--ND--r0--checkout,agrum_conditioned,original,0,0,False,0.22,0.21000000000000002,46.38671875
opentelemetry_demo,opentelemetry_demo--colocated--ND--r0--checkout,agrum_conditioned,completion_projected,0,0,False,0.18,0.18,46.0
opentelemetry_demo,opentelemetry_demo--colocated--ND--r0--checkout,agrum_joint,original,0,0,False,0.17,0.16,46.6875
opentelemetry_demo,opentelemetry_demo--split--N--r0--add_to_cart,storm_sparse,original,0,0,False,0.2,0.2,92.87890625
opentelemetry_demo,opentelemetry_demo--split--N--r0--add_to_cart,storm_sparse,completion_projected,0,0,False,0.2,0.19,93.27734375
opentelemetry_demo,opentelemetry_demo--split--N--r0--add_to_cart,storm_compact,original,0,0,False,0.2,0.19,93.3359375
opentelemetry_demo,opentelemetry_demo--split--N--r0--add_to_cart,storm_compact,completion_projected,0,0,False,0.2,0.19,93.46875
opentelemetry_demo,opentelemetry_demo--split--N--r0--add_to_cart,ours_direct,original,0,0,False,0.1,0.09,34.2109375
opentelemetry_demo,opentelemetry_demo--split--N--r0--add_to_cart,ours_direct,completion_projected,0,0,False,0.1,0.09,34.3515625
opentelemetry_demo,opentelemetry_demo--split--N--r0--add_to_cart,ours_prepared,original,0,0,False,0.1,0.09,34.2890625
opentelemetry_demo,opentelemetry_demo--split--N--r0--add_to_cart,ours_prepared,completion_projected,0,0,False,0.1,0.09,34.29296875
opentelemetry_demo,opentelemetry_demo--split--N--r0--add_to_cart,cudd_fixed,original,0,0,False,0.21,0.21,59.51171875
opentelemetry_demo,opentelemetry_demo--split--N--r0--add_to_cart,cudd_fixed,completion_projected,0,0,False,0.2,0.2,59.52734375
opentelemetry_demo,opentelemetry_demo--split--N--r0--add_to_cart,cudd_sift,original,0,0,False,0.2,0.2,59.60546875
opentelemetry_demo,opentelemetry_demo--split--N--r0--add_to_cart,cudd_sift,completion_projected,0,0,False,0.2,0.2,59.625
opentelemetry_demo,opentelemetry_demo--split--N--r0--add_to_cart,agrum_conditioned,original,0,0,False,0.17,0.16,46.34765625
opentelemetry_demo,opentelemetry_demo--split--N--r0--add_to_cart,agrum_conditioned,completion_projected,0,0,False,0.15,0.15,46.17578125
opentelemetry_demo,opentelemetry_demo--split--N--r0--add_to_cart,agrum_joint,original,0,0,False,0.15,0.14,46.51171875
opentelemetry_demo,opentelemetry_demo--split--N--r0--add_to_cart,agrum_joint,completion_projected,0,0,False,0.14,0.13,46.18359375
opentelemetry_demo,opentelemetry_demo--split--N--r0--browse_product,storm_sparse,completion_projected,0,0,False,0.2,0.2,93.12890625
opentelemetry_demo,opentelemetry_demo--split--N--r0--browse_product,storm_compact,original,0,0,False,0.2,0.2,93.33984375
opentelemetry_demo,opentelemetry_demo--split--N--r0--browse_product,storm_compact,completion_projected,0,0,False,0.2,0.19,93.4609375
opentelemetry_demo,opentelemetry_demo--split--N--r0--browse_product,ours_direct,original,0,0,False,0.09,0.09,34.30078125
opentelemetry_demo,opentelemetry_demo--split--N--r0--browse_product,ours_direct,completion_projected,0,0,False,0.1,0.09,34.375
opentelemetry_demo,opentelemetry_demo--split--N--r0--browse_product,ours_prepared,original,0,0,False,0.1,0.09,34.26171875
opentelemetry_demo,opentelemetry_demo--split--N--r0--browse_product,ours_prepared,completion_projected,0,0,False,0.1,0.09,34.34765625
opentelemetry_demo,opentelemetry_demo--split--N--r0--browse_product,cudd_fixed,original,0,0,False,0.2,0.19,59.625
opentelemetry_demo,opentelemetry_demo--split--N--r0--browse_product,cudd_fixed,completion_projected,0,0,False,0.2,0.19,59.4765625
opentelemetry_demo,opentelemetry_demo--split--N--r0--browse_product,cudd_sift,original,0,0,False,0.2,0.19,59.58984375
opentelemetry_demo,opentelemetry_demo--split--N--r0--browse_product,cudd_sift,completion_projected,0,0,False,0.2,0.19,59.578125
opentelemetry_demo,opentelemetry_demo--split--N--r0--browse_product,agrum_conditioned,original,0,0,False,0.16,0.16,46.125
opentelemetry_demo,opentelemetry_demo--split--N--r0--browse_product,agrum_conditioned,completion_projected,0,0,False,0.16,0.16,46.10546875
opentelemetry_demo,opentelemetry_demo--split--N--r0--browse_product,agrum_joint,original,0,0,False,0.14,0.13999999999999999,46.203125
opentelemetry_demo,opentelemetry_demo--split--N--r0--browse_product,agrum_joint,completion_projected,0,0,False,0.14,0.13,46.28515625
opentelemetry_demo,opentelemetry_demo--split--N--r0--browse_product,storm_sparse,original,0,0,False,0.19,0.19,93.125
opentelemetry_demo,opentelemetry_demo--split--N--r0--checkout,storm_compact,original,0,0,False,0.2,0.19,93.32421875
opentelemetry_demo,opentelemetry_demo--split--N--r0--checkout,storm_compact,completion_projected,0,0,False,0.2,0.2,92.796875
opentelemetry_demo,opentelemetry_demo--split--N--r0--checkout,ours_direct,original,0,0,False,0.1,0.1,34.28515625
opentelemetry_demo,opentelemetry_demo--split--N--r0--checkout,ours_direct,completion_projected,0,0,False,0.1,0.1,34.484375
opentelemetry_demo,opentelemetry_demo--split--N--r0--checkout,ours_prepared,original,0,0,False,0.1,0.09999999999999999,34.46875
opentelemetry_demo,opentelemetry_demo--split--N--r0--checkout,ours_prepared,completion_projected,0,0,False,0.1,0.09,34.46875
opentelemetry_demo,opentelemetry_demo--split--N--r0--checkout,cudd_fixed,original,0,0,False,0.21,0.21000000000000002,59.546875
opentelemetry_demo,opentelemetry_demo--split--N--r0--checkout,cudd_fixed,completion_projected,0,0,False,0.21,0.21000000000000002,59.546875
opentelemetry_demo,opentelemetry_demo--split--N--r0--checkout,cudd_sift,original,0,0,False,0.2,0.19,59.53125
opentelemetry_demo,opentelemetry_demo--split--N--r0--checkout,cudd_sift,completion_projected,0,0,False,0.2,0.2,59.67578125
opentelemetry_demo,opentelemetry_demo--split--N--r0--checkout,agrum_conditioned,original,0,0,False,0.26,0.25,46.46875
opentelemetry_demo,opentelemetry_demo--split--N--r0--checkout,agrum_conditioned,completion_projected,0,0,False,0.19,0.18000000000000002,46.01953125
opentelemetry_demo,opentelemetry_demo--split--N--r0--checkout,agrum_joint,original,0,0,False,0.17,0.16,46.69140625
opentelemetry_demo,opentelemetry_demo--split--N--r0--checkout,agrum_joint,completion_projected,0,0,False,0.15,0.14,46.5234375
opentelemetry_demo,opentelemetry_demo--split--N--r0--checkout,storm_sparse,original,0,0,False,0.22,0.21,93.26953125
opentelemetry_demo,opentelemetry_demo--split--N--r0--checkout,storm_sparse,completion_projected,0,0,False,0.2,0.19,92.9921875
opentelemetry_demo,opentelemetry_demo--split--NC--r0--add_to_cart,storm_compact,completion_projected,0,0,False,0.22,0.21,93.26953125
opentelemetry_demo,opentelemetry_demo--split--NC--r0--add_to_cart,ours_direct,original,0,0,False,0.11,0.11,34.40625
opentelemetry_demo,opentelemetry_demo--split--NC--r0--add_to_cart,ours_direct,completion_projected,0,0,False,0.11,0.11,34.4609375
opentelemetry_demo,opentelemetry_demo--split--NC--r0--add_to_cart,ours_prepared,original,0,0,False,0.1,0.09999999999999999,34.33984375
opentelemetry_demo,opentelemetry_demo--split--NC--r0--add_to_cart,ours_prepared,completion_projected,0,0,False,0.11,0.09999999999999999,34.4921875
opentelemetry_demo,opentelemetry_demo--split--NC--r0--add_to_cart,cudd_fixed,original,0,0,False,0.21,0.2,59.65234375
opentelemetry_demo,opentelemetry_demo--split--NC--r0--add_to_cart,cudd_fixed,completion_projected,0,0,False,0.21,0.21000000000000002,59.6484375
opentelemetry_demo,opentelemetry_demo--split--NC--r0--add_to_cart,cudd_sift,original,0,0,False,0.22,0.21,59.3984375
opentelemetry_demo,opentelemetry_demo--split--NC--r0--add_to_cart,cudd_sift,completion_projected,0,0,False,0.21,0.21000000000000002,59.58203125
opentelemetry_demo,opentelemetry_demo--split--NC--r0--add_to_cart,agrum_conditioned,original,0,0,False,0.33,0.33,46.33984375
opentelemetry_demo,opentelemetry_demo--split--NC--r0--add_to_cart,agrum_conditioned,completion_projected,0,0,False,0.29,0.29000000000000004,46.24609375
opentelemetry_demo,opentelemetry_demo--split--NC--r0--add_to_cart,agrum_joint,original,0,0,False,0.2,0.19999999999999998,46.61328125
opentelemetry_demo,opentelemetry_demo--split--NC--r0--add_to_cart,agrum_joint,completion_projected,0,0,False,0.19,0.19,46.41796875
opentelemetry_demo,opentelemetry_demo--split--NC--r0--add_to_cart,storm_sparse,original,0,0,False,0.24,0.22999999999999998,93.46875
opentelemetry_demo,opentelemetry_demo--split--NC--r0--add_to_cart,storm_sparse,completion_projected,0,0,False,0.23,0.22,93.4296875
opentelemetry_demo,opentelemetry_demo--split--NC--r0--add_to_cart,storm_compact,original,0,0,False,0.22,0.22,93.61328125
opentelemetry_demo,opentelemetry_demo--split--NC--r0--browse_product,ours_direct,original,0,0,False,0.11,0.09999999999999999,34.4296875
opentelemetry_demo,opentelemetry_demo--split--NC--r0--browse_product,ours_direct,completion_projected,0,0,False,0.11,0.11,34.3828125
opentelemetry_demo,opentelemetry_demo--split--NC--r0--browse_product,ours_prepared,original,0,0,False,0.1,0.09999999999999999,34.3828125
opentelemetry_demo,opentelemetry_demo--split--NC--r0--browse_product,ours_prepared,completion_projected,0,0,False,0.11,0.1,34.3046875
opentelemetry_demo,opentelemetry_demo--split--NC--r0--browse_product,cudd_fixed,original,0,0,False,0.21,0.2,59.39453125
opentelemetry_demo,opentelemetry_demo--split--NC--r0--browse_product,cudd_fixed,completion_projected,0,0,False,0.22,0.21,59.62109375
opentelemetry_demo,opentelemetry_demo--split--NC--r0--browse_product,cudd_sift,original,0,0,False,0.21,0.21,59.578125
opentelemetry_demo,opentelemetry_demo--split--NC--r0--browse_product,cudd_sift,completion_projected,0,0,False,0.22,0.22,59.62109375
opentelemetry_demo,opentelemetry_demo--split--NC--r0--browse_product,agrum_conditioned,original,0,0,False,0.3,0.29000000000000004,46.140625
opentelemetry_demo,opentelemetry_demo--split--NC--r0--browse_product,agrum_conditioned,completion_projected,0,0,False,0.27,0.27,46.04296875
opentelemetry_demo,opentelemetry_demo--split--NC--r0--browse_product,agrum_joint,original,0,0,False,0.19,0.19,46.34375
opentelemetry_demo,opentelemetry_demo--split--NC--r0--browse_product,agrum_joint,completion_projected,0,0,False,0.18,0.16999999999999998,46.37109375
opentelemetry_demo,opentelemetry_demo--split--NC--r0--browse_product,storm_sparse,original,0,0,False,0.24,0.23,93.2734375
opentelemetry_demo,opentelemetry_demo--split--NC--r0--browse_product,storm_sparse,completion_projected,0,0,False,0.23,0.22,93.08984375
opentelemetry_demo,opentelemetry_demo--split--NC--r0--browse_product,storm_compact,original,0,0,False,0.23,0.22,93.26953125
opentelemetry_demo,opentelemetry_demo--split--NC--r0--browse_product,storm_compact,completion_projected,0,0,False,0.22,0.22,93.0390625
opentelemetry_demo,opentelemetry_demo--split--NC--r0--checkout,ours_direct,completion_projected,0,0,False,0.12,0.12000000000000001,34.72265625
opentelemetry_demo,opentelemetry_demo--split--NC--r0--checkout,ours_prepared,original,0,0,False,0.14,0.13,34.5234375
opentelemetry_demo,opentelemetry_demo--split--NC--r0--checkout,ours_prepared,completion_projected,0,0,False,0.12,0.11,34.61328125
opentelemetry_demo,opentelemetry_demo--split--NC--r0--checkout,cudd_fixed,original,0,0,False,0.23,0.22,59.6640625
opentelemetry_demo,opentelemetry_demo--split--NC--r0--checkout,cudd_fixed,completion_projected,0,0,False,0.22,0.22,59.69140625
opentelemetry_demo,opentelemetry_demo--split--NC--r0--checkout,cudd_sift,original,0,0,False,0.23,0.23,59.4609375
opentelemetry_demo,opentelemetry_demo--split--NC--r0--checkout,cudd_sift,completion_projected,0,0,False,0.25,0.24,59.64453125
opentelemetry_demo,opentelemetry_demo--split--NC--r0--checkout,agrum_conditioned,original,0,0,False,0.53,0.53,46.94921875
opentelemetry_demo,opentelemetry_demo--split--NC--r0--checkout,agrum_conditioned,completion_projected,0,0,False,0.3,0.29000000000000004,46.59765625
opentelemetry_demo,opentelemetry_demo--split--NC--r0--checkout,agrum_joint,original,0,0,False,0.28,0.27,46.9609375
opentelemetry_demo,opentelemetry_demo--split--NC--r0--checkout,agrum_joint,completion_projected,0,0,False,0.2,0.19999999999999998,46.5078125
opentelemetry_demo,opentelemetry_demo--split--NC--r0--checkout,storm_sparse,original,0,0,False,0.29,0.28,94.04296875
opentelemetry_demo,opentelemetry_demo--split--NC--r0--checkout,storm_sparse,completion_projected,0,0,False,0.24,0.24,93.296875
opentelemetry_demo,opentelemetry_demo--split--NC--r0--checkout,storm_compact,original,0,0,False,0.25,0.25,94.4609375
opentelemetry_demo,opentelemetry_demo--split--NC--r0--checkout,storm_compact,completion_projected,0,0,False,0.23,0.22,93.36328125
opentelemetry_demo,opentelemetry_demo--split--NC--r0--checkout,ours_direct,original,0,0,False,0.14,0.14,34.55078125
opentelemetry_demo,opentelemetry_demo--split--NCD--r0--add_to_cart,ours_prepared,original,0,0,False,0.11,0.09999999999999999,34.3828125
opentelemetry_demo,opentelemetry_demo--split--NCD--r0--add_to_cart,ours_prepared,completion_projected,0,0,False,0.11,0.11,34.43359375
opentelemetry_demo,opentelemetry_demo--split--NCD--r0--add_to_cart,cudd_fixed,original,0,0,False,0.22,0.22,59.609375
opentelemetry_demo,opentelemetry_demo--split--NCD--r0--add_to_cart,cudd_fixed,completion_projected,0,0,False,0.22,0.21000000000000002,59.44140625
opentelemetry_demo,opentelemetry_demo--split--NCD--r0--add_to_cart,cudd_sift,original,0,0,False,0.21,0.21,59.57421875
opentelemetry_demo,opentelemetry_demo--split--NCD--r0--add_to_cart,cudd_sift,completion_projected,0,0,False,0.21,0.21,59.6328125
opentelemetry_demo,opentelemetry_demo--split--NCD--r0--add_to_cart,agrum_conditioned,original,0,0,False,0.33,0.33,46.3671875
opentelemetry_demo,opentelemetry_demo--split--NCD--r0--add_to_cart,agrum_conditioned,completion_projected,0,0,False,0.28,0.27,46.2578125
opentelemetry_demo,opentelemetry_demo--split--NCD--r0--add_to_cart,agrum_joint,original,0,0,False,0.2,0.2,46.61328125
opentelemetry_demo,opentelemetry_demo--split--NCD--r0--add_to_cart,agrum_joint,completion_projected,0,0,False,0.19,0.18,46.40234375
opentelemetry_demo,opentelemetry_demo--split--NCD--r0--add_to_cart,storm_sparse,original,0,0,False,0.25,0.24,93.31640625
opentelemetry_demo,opentelemetry_demo--split--NCD--r0--add_to_cart,storm_sparse,completion_projected,0,0,False,0.23,0.22,93.26171875
opentelemetry_demo,opentelemetry_demo--split--NCD--r0--add_to_cart,storm_compact,original,0,0,False,0.23,0.22,93.390625
opentelemetry_demo,opentelemetry_demo--split--NCD--r0--add_to_cart,storm_compact,completion_projected,0,0,False,0.22,0.22,93.234375
opentelemetry_demo,opentelemetry_demo--split--NCD--r0--add_to_cart,ours_direct,original,0,0,False,0.12,0.11,34.32421875
opentelemetry_demo,opentelemetry_demo--split--NCD--r0--add_to_cart,ours_direct,completion_projected,0,0,False,0.11,0.11,34.4296875
opentelemetry_demo,opentelemetry_demo--split--NCD--r0--browse_product,ours_prepared,completion_projected,0,0,False,0.11,0.09999999999999999,34.546875
opentelemetry_demo,opentelemetry_demo--split--NCD--r0--browse_product,cudd_fixed,original,0,0,False,0.22,0.22,59.546875
opentelemetry_demo,opentelemetry_demo--split--NCD--r0--browse_product,cudd_fixed,completion_projected,0,0,False,0.22,0.21,59.6640625
opentelemetry_demo,opentelemetry_demo--split--NCD--r0--browse_product,cudd_sift,original,0,0,False,0.22,0.21000000000000002,59.64453125
opentelemetry_demo,opentelemetry_demo--split--NCD--r0--browse_product,cudd_sift,completion_projected,0,0,False,0.22,0.22,59.52734375
opentelemetry_demo,opentelemetry_demo--split--NCD--r0--browse_product,agrum_conditioned,original,0,0,False,0.34,0.33,46.25
opentelemetry_demo,opentelemetry_demo--split--NCD--r0--browse_product,agrum_conditioned,completion_projected,0,0,False,0.29,0.29000000000000004,46.15234375
opentelemetry_demo,opentelemetry_demo--split--NCD--r0--browse_product,agrum_joint,original,0,0,False,0.21,0.19999999999999998,46.5546875
opentelemetry_demo,opentelemetry_demo--split--NCD--r0--browse_product,agrum_joint,completion_projected,0,0,False,0.2,0.19,46.37890625
opentelemetry_demo,opentelemetry_demo--split--NCD--r0--browse_product,storm_sparse,original,0,0,False,0.25,0.24,93.265625
opentelemetry_demo,opentelemetry_demo--split--NCD--r0--browse_product,storm_sparse,completion_projected,0,0,False,0.24,0.24,93.31640625
opentelemetry_demo,opentelemetry_demo--split--NCD--r0--browse_product,storm_compact,original,0,0,False,0.23,0.22,93.16796875
opentelemetry_demo,opentelemetry_demo--split--NCD--r0--browse_product,storm_compact,completion_projected,0,0,False,0.22,0.21,93.38671875
opentelemetry_demo,opentelemetry_demo--split--NCD--r0--browse_product,ours_direct,original,0,0,False,0.12,0.12000000000000001,34.36328125
opentelemetry_demo,opentelemetry_demo--split--NCD--r0--browse_product,ours_direct,completion_projected,0,0,False,0.11,0.11,34.34375
opentelemetry_demo,opentelemetry_demo--split--NCD--r0--browse_product,ours_prepared,original,0,0,False,0.11,0.09999999999999999,34.28515625
opentelemetry_demo,opentelemetry_demo--split--NCD--r0--checkout,cudd_fixed,original,0,0,False,0.23,0.22,59.703125
opentelemetry_demo,opentelemetry_demo--split--NCD--r0--checkout,cudd_fixed,completion_projected,0,0,False,0.22,0.21,59.59765625
opentelemetry_demo,opentelemetry_demo--split--NCD--r0--checkout,cudd_sift,original,0,0,False,0.22,0.21,59.46875
opentelemetry_demo,opentelemetry_demo--split--NCD--r0--checkout,cudd_sift,completion_projected,0,0,False,0.23,0.22,59.6953125
opentelemetry_demo,opentelemetry_demo--split--NCD--r0--checkout,agrum_conditioned,original,0,0,False,0.54,0.54,46.99609375
opentelemetry_demo,opentelemetry_demo--split--NCD--r0--checkout,agrum_conditioned,completion_projected,0,0,False,0.35,0.35000000000000003,46.55078125
opentelemetry_demo,opentelemetry_demo--split--NCD--r0--checkout,agrum_joint,original,0,0,False,0.27,0.27,46.890625
opentelemetry_demo,opentelemetry_demo--split--NCD--r0--checkout,agrum_joint,completion_projected,0,0,False,0.21,0.21,46.5859375
opentelemetry_demo,opentelemetry_demo--split--NCD--r0--checkout,storm_sparse,original,0,0,False,0.28,0.28,94.05859375
opentelemetry_demo,opentelemetry_demo--split--NCD--r0--checkout,storm_sparse,completion_projected,0,0,False,0.24,0.24,93.53125
opentelemetry_demo,opentelemetry_demo--split--NCD--r0--checkout,storm_compact,original,0,0,False,0.24,0.24,93.84765625
opentelemetry_demo,opentelemetry_demo--split--NCD--r0--checkout,storm_compact,completion_projected,0,0,False,0.22,0.22,93.609375
opentelemetry_demo,opentelemetry_demo--split--NCD--r0--checkout,ours_direct,original,0,0,False,0.14,0.13,34.5078125
opentelemetry_demo,opentelemetry_demo--split--NCD--r0--checkout,ours_direct,completion_projected,0,0,False,0.13,0.12000000000000001,34.609375
opentelemetry_demo,opentelemetry_demo--split--NCD--r0--checkout,ours_prepared,original,0,0,False,0.11,0.11,34.5859375
opentelemetry_demo,opentelemetry_demo--split--NCD--r0--checkout,ours_prepared,completion_projected,0,0,False,0.11,0.11,34.50390625
opentelemetry_demo,opentelemetry_demo--split--ND--r0--add_to_cart,cudd_fixed,completion_projected,0,0,False,0.2,0.2,59.61328125
opentelemetry_demo,opentelemetry_demo--split--ND--r0--add_to_cart,cudd_sift,original,0,0,False,0.2,0.2,59.39453125
opentelemetry_demo,opentelemetry_demo--split--ND--r0--add_to_cart,cudd_sift,completion_projected,0,0,False,0.2,0.19,59.5625
opentelemetry_demo,opentelemetry_demo--split--ND--r0--add_to_cart,agrum_conditioned,original,0,0,False,0.19,0.18,46.36328125
opentelemetry_demo,opentelemetry_demo--split--ND--r0--add_to_cart,agrum_conditioned,completion_projected,0,0,False,0.16,0.15,46.30078125
opentelemetry_demo,opentelemetry_demo--split--ND--r0--add_to_cart,agrum_joint,original,0,0,False,0.14,0.13999999999999999,46.47265625
opentelemetry_demo,opentelemetry_demo--split--ND--r0--add_to_cart,agrum_joint,completion_projected,0,0,False,0.14,0.13,46.30078125
opentelemetry_demo,opentelemetry_demo--split--ND--r0--add_to_cart,storm_sparse,original,0,0,False,0.21,0.2,92.953125
opentelemetry_demo,opentelemetry_demo--split--ND--r0--add_to_cart,storm_sparse,completion_projected,0,0,False,0.21,0.2,93.21484375
opentelemetry_demo,opentelemetry_demo--split--ND--r0--add_to_cart,storm_compact,original,0,0,False,0.2,0.19,93.3515625
opentelemetry_demo,opentelemetry_demo--split--ND--r0--add_to_cart,storm_compact,completion_projected,0,0,False,0.21,0.2,93.19921875
opentelemetry_demo,opentelemetry_demo--split--ND--r0--add_to_cart,ours_direct,original,0,0,False,0.1,0.1,34.375
opentelemetry_demo,opentelemetry_demo--split--ND--r0--add_to_cart,ours_direct,completion_projected,0,0,False,0.1,0.09,34.30078125
opentelemetry_demo,opentelemetry_demo--split--ND--r0--add_to_cart,ours_prepared,original,0,0,False,0.1,0.1,34.37109375
opentelemetry_demo,opentelemetry_demo--split--ND--r0--add_to_cart,ours_prepared,completion_projected,0,0,False,0.1,0.09999999999999999,34.3046875
opentelemetry_demo,opentelemetry_demo--split--ND--r0--add_to_cart,cudd_fixed,original,0,0,False,0.21,0.21000000000000002,59.53125
opentelemetry_demo,opentelemetry_demo--split--ND--r0--browse_product,cudd_sift,original,0,0,False,0.21,0.21,59.5
opentelemetry_demo,opentelemetry_demo--split--ND--r0--browse_product,cudd_sift,completion_projected,0,0,False,0.21,0.21,59.5859375
opentelemetry_demo,opentelemetry_demo--split--ND--r0--browse_product,agrum_conditioned,original,0,0,False,0.16,0.15000000000000002,46.28515625
opentelemetry_demo,opentelemetry_demo--split--ND--r0--browse_product,agrum_conditioned,completion_projected,0,0,False,0.16,0.16,46.265625
opentelemetry_demo,opentelemetry_demo--split--ND--r0--browse_product,agrum_joint,original,0,0,False,0.14,0.13999999999999999,46.359375
opentelemetry_demo,opentelemetry_demo--split--ND--r0--browse_product,agrum_joint,completion_projected,0,0,False,0.14,0.14,46.109375
opentelemetry_demo,opentelemetry_demo--split--ND--r0--browse_product,storm_sparse,original,0,0,False,0.2,0.19,93.35546875
opentelemetry_demo,opentelemetry_demo--split--ND--r0--browse_product,storm_sparse,completion_projected,0,0,False,0.2,0.19,93.16015625
opentelemetry_demo,opentelemetry_demo--split--ND--r0--browse_product,storm_compact,original,0,0,False,0.21,0.2,93.33203125
opentelemetry_demo,opentelemetry_demo--split--ND--r0--browse_product,storm_compact,completion_projected,0,0,False,0.21,0.19999999999999998,93.24609375
opentelemetry_demo,opentelemetry_demo--split--ND--r0--browse_product,ours_direct,original,0,0,False,0.1,0.09,34.2109375
opentelemetry_demo,opentelemetry_demo--split--ND--r0--browse_product,ours_direct,completion_projected,0,0,False,0.1,0.09,34.28125
opentelemetry_demo,opentelemetry_demo--split--ND--r0--browse_product,ours_prepared,original,0,0,False,0.1,0.09999999999999999,34.3828125
opentelemetry_demo,opentelemetry_demo--split--ND--r0--browse_product,ours_prepared,completion_projected,0,0,False,0.1,0.1,34.26171875
opentelemetry_demo,opentelemetry_demo--split--ND--r0--browse_product,cudd_fixed,original,0,0,False,0.2,0.2,59.3671875
opentelemetry_demo,opentelemetry_demo--split--ND--r0--browse_product,cudd_fixed,completion_projected,0,0,False,0.2,0.2,59.5703125
opentelemetry_demo,opentelemetry_demo--split--ND--r0--checkout,cudd_sift,completion_projected,0,0,False,0.2,0.2,59.54296875
opentelemetry_demo,opentelemetry_demo--split--ND--r0--checkout,agrum_conditioned,original,0,0,False,0.23,0.22999999999999998,46.36328125
opentelemetry_demo,opentelemetry_demo--split--ND--r0--checkout,agrum_conditioned,completion_projected,0,0,False,0.18,0.17,45.99609375
opentelemetry_demo,opentelemetry_demo--split--ND--r0--checkout,agrum_joint,original,0,0,False,0.17,0.16999999999999998,46.73828125
opentelemetry_demo,opentelemetry_demo--split--ND--r0--checkout,agrum_joint,completion_projected,0,0,False,0.17,0.16999999999999998,46.234375
opentelemetry_demo,opentelemetry_demo--split--ND--r0--checkout,storm_sparse,original,0,0,False,0.22,0.21,93.23046875
opentelemetry_demo,opentelemetry_demo--split--ND--r0--checkout,storm_sparse,completion_projected,0,0,False,0.2,0.19999999999999998,92.9453125
opentelemetry_demo,opentelemetry_demo--split--ND--r0--checkout,storm_compact,original,0,0,False,0.2,0.2,93.25390625
opentelemetry_demo,opentelemetry_demo--split--ND--r0--checkout,storm_compact,completion_projected,0,0,False,0.2,0.19,93.15625
opentelemetry_demo,opentelemetry_demo--split--ND--r0--checkout,ours_direct,original,0,0,False,0.1,0.09,34.3125
opentelemetry_demo,opentelemetry_demo--split--ND--r0--checkout,ours_direct,completion_projected,0,0,False,0.12,0.11,34.50390625
opentelemetry_demo,opentelemetry_demo--split--ND--r0--checkout,ours_prepared,original,0,0,False,0.1,0.1,34.4453125
opentelemetry_demo,opentelemetry_demo--split--ND--r0--checkout,ours_prepared,completion_projected,0,0,False,0.1,0.1,34.47265625
opentelemetry_demo,opentelemetry_demo--split--ND--r0--checkout,cudd_fixed,original,0,0,False,0.19,0.19,59.6640625
opentelemetry_demo,opentelemetry_demo--split--ND--r0--checkout,cudd_fixed,completion_projected,0,0,False,0.19,0.19,59.66796875
opentelemetry_demo,opentelemetry_demo--split--ND--r0--checkout,cudd_sift,original,0,0,False,0.2,0.19,59.47265625
opentelemetry_demo,opentelemetry_demo--colocated--N--r0--add_to_cart,ours_direct,completion_projected,1,0,False,0.09,0.09,34.26171875
opentelemetry_demo,opentelemetry_demo--colocated--N--r0--add_to_cart,ours_prepared,original,1,0,False,0.1,0.09,34.25390625
opentelemetry_demo,opentelemetry_demo--colocated--N--r0--add_to_cart,ours_prepared,completion_projected,1,0,False,0.1,0.1,34.28125
opentelemetry_demo,opentelemetry_demo--colocated--N--r0--add_to_cart,cudd_fixed,original,1,0,False,0.19,0.19,59.40625
opentelemetry_demo,opentelemetry_demo--colocated--N--r0--add_to_cart,cudd_fixed,completion_projected,1,0,False,0.2,0.2,59.5
opentelemetry_demo,opentelemetry_demo--colocated--N--r0--add_to_cart,cudd_sift,original,1,0,False,0.2,0.19,59.6015625
opentelemetry_demo,opentelemetry_demo--colocated--N--r0--add_to_cart,cudd_sift,completion_projected,1,0,False,0.2,0.19,59.3984375
opentelemetry_demo,opentelemetry_demo--colocated--N--r0--add_to_cart,agrum_conditioned,original,1,0,False,0.16,0.15000000000000002,46.39453125
opentelemetry_demo,opentelemetry_demo--colocated--N--r0--add_to_cart,agrum_conditioned,completion_projected,1,0,False,0.15,0.13999999999999999,46.0859375
opentelemetry_demo,opentelemetry_demo--colocated--N--r0--add_to_cart,agrum_joint,original,1,0,False,0.14,0.13999999999999999,46.4296875
opentelemetry_demo,opentelemetry_demo--colocated--N--r0--add_to_cart,agrum_joint,completion_projected,1,0,False,0.14,0.13,45.83984375
opentelemetry_demo,opentelemetry_demo--colocated--N--r0--add_to_cart,storm_sparse,original,1,0,False,0.19,0.18,92.9453125
opentelemetry_demo,opentelemetry_demo--colocated--N--r0--add_to_cart,storm_sparse,completion_projected,1,0,False,0.19,0.19,93.33203125
opentelemetry_demo,opentelemetry_demo--colocated--N--r0--add_to_cart,storm_compact,original,1,0,False,0.19,0.19,93.31640625
opentelemetry_demo,opentelemetry_demo--colocated--N--r0--add_to_cart,storm_compact,completion_projected,1,0,False,0.19,0.19,93.23828125
opentelemetry_demo,opentelemetry_demo--colocated--N--r0--add_to_cart,ours_direct,original,1,0,False,0.09,0.08,34.27734375
opentelemetry_demo,opentelemetry_demo--colocated--N--r0--browse_product,ours_prepared,original,1,0,False,0.1,0.09,34.3671875
opentelemetry_demo,opentelemetry_demo--colocated--N--r0--browse_product,ours_prepared,completion_projected,1,0,False,0.1,0.1,34.34765625
opentelemetry_demo,opentelemetry_demo--colocated--N--r0--browse_product,cudd_fixed,original,1,0,False,0.19,0.18,59.546875
opentelemetry_demo,opentelemetry_demo--colocated--N--r0--browse_product,cudd_fixed,completion_projected,1,0,False,0.19,0.19,59.6015625
opentelemetry_demo,opentelemetry_demo--colocated--N--r0--browse_product,cudd_sift,original,1,0,False,0.19,0.18,59.47265625
opentelemetry_demo,opentelemetry_demo--colocated--N--r0--browse_product,cudd_sift,completion_projected,1,0,False,0.2,0.19,59.47265625
opentelemetry_demo,opentelemetry_demo--colocated--N--r0--browse_product,agrum_conditioned,original,1,0,False,0.16,0.16,46.28125
opentelemetry_demo,opentelemetry_demo--colocated--N--r0--browse_product,agrum_conditioned,completion_projected,1,0,False,0.16,0.15000000000000002,46.33984375
opentelemetry_demo,opentelemetry_demo--colocated--N--r0--browse_product,agrum_joint,original,1,0,False,0.15,0.13999999999999999,46.32421875
opentelemetry_demo,opentelemetry_demo--colocated--N--r0--browse_product,agrum_joint,completion_projected,1,0,False,0.14,0.13,46.2890625
opentelemetry_demo,opentelemetry_demo--colocated--N--r0--browse_product,storm_sparse,original,1,0,False,0.2,0.19,93.171875
opentelemetry_demo,opentelemetry_demo--colocated--N--r0--browse_product,storm_sparse,completion_projected,1,0,False,0.2,0.19,93.43359375
opentelemetry_demo,opentelemetry_demo--colocated--N--r0--browse_product,storm_compact,original,1,0,False,0.2,0.19,93.24609375
opentelemetry_demo,opentelemetry_demo--colocated--N--r0--browse_product,storm_compact,completion_projected,1,0,False,0.19,0.18,93.3203125
opentelemetry_demo,opentelemetry_demo--colocated--N--r0--browse_product,ours_direct,original,1,0,False,0.09,0.09000000000000001,34.3671875
opentelemetry_demo,opentelemetry_demo--colocated--N--r0--browse_product,ours_direct,completion_projected,1,0,False,0.1,0.1,34.16015625
opentelemetry_demo,opentelemetry_demo--colocated--N--r0--checkout,ours_prepared,completion_projected,1,0,False,0.1,0.09,34.609375
opentelemetry_demo,opentelemetry_demo--colocated--N--r0--checkout,cudd_fixed,original,1,0,False,0.2,0.19,59.58203125
opentelemetry_demo,opentelemetry_demo--colocated--N--r0--checkout,cudd_fixed,completion_projected,1,0,False,0.19,0.19,59.640625
opentelemetry_demo,opentelemetry_demo--colocated--N--r0--checkout,cudd_sift,original,1,0,False,0.2,0.2,59.64453125
opentelemetry_demo,opentelemetry_demo--colocated--N--r0--checkout,cudd_sift,completion_projected,1,0,False,0.2,0.2,59.64453125
opentelemetry_demo,opentelemetry_demo--colocated--N--r0--checkout,agrum_conditioned,original,1,0,False,0.23,0.22999999999999998,46.5
opentelemetry_demo,opentelemetry_demo--colocated--N--r0--checkout,agrum_conditioned,completion_projected,1,0,False,0.18,0.18,46.11328125
opentelemetry_demo,opentelemetry_demo--colocated--N--r0--checkout,agrum_joint,original,1,0,False,0.17,0.16999999999999998,46.65234375
opentelemetry_demo,opentelemetry_demo--colocated--N--r0--checkout,agrum_joint,completion_projected,1,0,False,0.15,0.15,46.39453125
opentelemetry_demo,opentelemetry_demo--colocated--N--r0--checkout,storm_sparse,original,1,0,False,0.21,0.19999999999999998,93.19921875
opentelemetry_demo,opentelemetry_demo--colocated--N--r0--checkout,storm_sparse,completion_projected,1,0,False,0.23,0.23,92.96875
opentelemetry_demo,opentelemetry_demo--colocated--N--r0--checkout,storm_compact,original,1,0,False,0.19,0.19,93.640625
opentelemetry_demo,opentelemetry_demo--colocated--N--r0--checkout,storm_compact,completion_projected,1,0,False,0.2,0.19,93.484375
opentelemetry_demo,opentelemetry_demo--colocated--N--r0--checkout,ours_direct,original,1,0,False,0.1,0.09,34.4453125
opentelemetry_demo,opentelemetry_demo--colocated--N--r0--checkout,ours_direct,completion_projected,1,0,False,0.1,0.1,34.390625
opentelemetry_demo,opentelemetry_demo--colocated--N--r0--checkout,ours_prepared,original,1,0,False,0.1,0.1,34.34765625
opentelemetry_demo,opentelemetry_demo--colocated--NC--r0--add_to_cart,cudd_fixed,original,1,0,False,0.2,0.19,59.4921875
opentelemetry_demo,opentelemetry_demo--colocated--NC--r0--add_to_cart,cudd_fixed,completion_projected,1,0,False,0.21,0.2,59.5625
opentelemetry_demo,opentelemetry_demo--colocated--NC--r0--add_to_cart,cudd_sift,original,1,0,False,0.2,0.19,59.56640625
opentelemetry_demo,opentelemetry_demo--colocated--NC--r0--add_to_cart,cudd_sift,completion_projected,1,0,False,0.21,0.2,59.55859375
opentelemetry_demo,opentelemetry_demo--colocated--NC--r0--add_to_cart,agrum_conditioned,original,1,0,False,0.32,0.31,46.47265625
opentelemetry_demo,opentelemetry_demo--colocated--NC--r0--add_to_cart,agrum_conditioned,completion_projected,1,0,False,0.27,0.26,46.24609375
opentelemetry_demo,opentelemetry_demo--colocated--NC--r0--add_to_cart,agrum_joint,original,1,0,False,0.2,0.19,46.62890625
opentelemetry_demo,opentelemetry_demo--colocated--NC--r0--add_to_cart,agrum_joint,completion_projected,1,0,False,0.18,0.18,46.3515625
opentelemetry_demo,opentelemetry_demo--colocated--NC--r0--add_to_cart,storm_sparse,original,1,0,False,0.22,0.22,93.35546875
opentelemetry_demo,opentelemetry_demo--colocated--NC--r0--add_to_cart,storm_sparse,completion_projected,1,0,False,0.21,0.21,93.1015625
opentelemetry_demo,opentelemetry_demo--colocated--NC--r0--add_to_cart,storm_compact,original,1,0,False,0.2,0.19999999999999998,93.26953125
opentelemetry_demo,opentelemetry_demo--colocated--NC--r0--add_to_cart,storm_compact,completion_projected,1,0,False,0.21,0.2,93.17578125
opentelemetry_demo,opentelemetry_demo--colocated--NC--r0--add_to_cart,ours_direct,original,1,0,False,0.11,0.09999999999999999,34.203125
opentelemetry_demo,opentelemetry_demo--colocated--NC--r0--add_to_cart,ours_direct,completion_projected,1,0,False,0.11,0.09999999999999999,34.3203125
opentelemetry_demo,opentelemetry_demo--colocated--NC--r0--add_to_cart,ours_prepared,original,1,0,False,0.1,0.09999999999999999,34.34375
opentelemetry_demo,opentelemetry_demo--colocated--NC--r0--add_to_cart,ours_prepared,completion_projected,1,0,False,0.1,0.09999999999999999,34.42578125
opentelemetry_demo,opentelemetry_demo--colocated--NC--r0--browse_product,cudd_fixed,completion_projected,1,0,False,0.22,0.21000000000000002,59.64453125
opentelemetry_demo,opentelemetry_demo--colocated--NC--r0--browse_product,cudd_sift,original,1,0,False,0.2,0.19,59.515625
opentelemetry_demo,opentelemetry_demo--colocated--NC--r0--browse_product,cudd_sift,completion_projected,1,0,False,0.2,0.2,59.6171875
opentelemetry_demo,opentelemetry_demo--colocated--NC--r0--browse_product,agrum_conditioned,original,1,0,False,0.28,0.28,46.2421875
opentelemetry_demo,opentelemetry_demo--colocated--NC--r0--browse_product,agrum_conditioned,completion_projected,1,0,False,0.25,0.25,46.21875
opentelemetry_demo,opentelemetry_demo--colocated--NC--r0--browse_product,agrum_joint,original,1,0,False,0.18,0.17,46.375
opentelemetry_demo,opentelemetry_demo--colocated--NC--r0--browse_product,agrum_joint,completion_projected,1,0,False,0.17,0.17,46.44921875
opentelemetry_demo,opentelemetry_demo--colocated--NC--r0--browse_product,storm_sparse,original,1,0,False,0.21,0.21,93.2421875
opentelemetry_demo,opentelemetry_demo--colocated--NC--r0--browse_product,storm_sparse,completion_projected,1,0,False,0.21,0.19999999999999998,93.20703125
opentelemetry_demo,opentelemetry_demo--colocated--NC--r0--browse_product,storm_compact,original,1,0,False,0.2,0.19,93.0859375
opentelemetry_demo,opentelemetry_demo--colocated--NC--r0--browse_product,storm_compact,completion_projected,1,0,False,0.19,0.19,93.1171875
opentelemetry_demo,opentelemetry_demo--colocated--NC--r0--browse_product,ours_direct,original,1,0,False,0.1,0.09999999999999999,34.37109375
opentelemetry_demo,opentelemetry_demo--colocated--NC--r0--browse_product,ours_direct,completion_projected,1,0,False,0.1,0.09,34.51171875
opentelemetry_demo,opentelemetry_demo--colocated--NC--r0--browse_product,ours_prepared,original,1,0,False,0.1,0.09999999999999999,34.328125
opentelemetry_demo,opentelemetry_demo--colocated--NC--r0--browse_product,ours_prepared,completion_projected,1,0,False,0.1,0.09,34.42578125
opentelemetry_demo,opentelemetry_demo--colocated--NC--r0--browse_product,cudd_fixed,original,1,0,False,0.21,0.2,59.58203125
opentelemetry_demo,opentelemetry_demo--colocated--NC--r0--checkout,cudd_sift,original,1,0,False,0.22,0.21,59.671875
opentelemetry_demo,opentelemetry_demo--colocated--NC--r0--checkout,cudd_sift,completion_projected,1,0,False,0.22,0.22,59.69921875
opentelemetry_demo,opentelemetry_demo--colocated--NC--r0--checkout,agrum_conditioned,original,1,0,False,0.5,0.5,47.0390625
opentelemetry_demo,opentelemetry_demo--colocated--NC--r0--checkout,agrum_conditioned,completion_projected,1,0,False,0.32,0.31,46.58984375
opentelemetry_demo,opentelemetry_demo--colocated--NC--r0--checkout,agrum_joint,original,1,0,False,0.27,0.27,47.06640625
opentelemetry_demo,opentelemetry_demo--colocated--NC--r0--checkout,agrum_joint,completion_projected,1,0,False,0.2,0.19999999999999998,46.78515625
opentelemetry_demo,opentelemetry_demo--colocated--NC--r0--checkout,storm_sparse,original,1,0,False,0.29,0.28,94.13671875
opentelemetry_demo,opentelemetry_demo--colocated--NC--r0--checkout,storm_sparse,completion_projected,1,0,False,0.24,0.23,93.44140625
opentelemetry_demo,opentelemetry_demo--colocated--NC--r0--checkout,storm_compact,original,1,0,False,0.25,0.24,93.9453125
opentelemetry_demo,opentelemetry_demo--colocated--NC--r0--checkout,storm_compact,completion_projected,1,0,False,0.23,0.23,93.546875
opentelemetry_demo,opentelemetry_demo--colocated--NC--r0--checkout,ours_direct,original,1,0,False,0.14,0.13999999999999999,34.37109375
opentelemetry_demo,opentelemetry_demo--colocated--NC--r0--checkout,ours_direct,completion_projected,1,0,False,0.12,0.12,34.609375
opentelemetry_demo,opentelemetry_demo--colocated--NC--r0--checkout,ours_prepared,original,1,0,False,0.12,0.12000000000000001,34.484375
opentelemetry_demo,opentelemetry_demo--colocated--NC--r0--checkout,ours_prepared,completion_projected,1,0,False,0.12,0.11,34.4921875
opentelemetry_demo,opentelemetry_demo--colocated--NC--r0--checkout,cudd_fixed,original,1,0,False,0.23,0.22,59.3671875
opentelemetry_demo,opentelemetry_demo--colocated--NC--r0--checkout,cudd_fixed,completion_projected,1,0,False,0.22,0.22,59.64453125
opentelemetry_demo,opentelemetry_demo--colocated--NCD--r0--add_to_cart,cudd_sift,completion_projected,1,0,False,0.22,0.22,59.45703125
opentelemetry_demo,opentelemetry_demo--colocated--NCD--r0--add_to_cart,agrum_conditioned,original,1,0,False,0.33,0.33,46.26171875
opentelemetry_demo,opentelemetry_demo--colocated--NCD--r0--add_to_cart,agrum_conditioned,completion_projected,1,0,False,0.27,0.27,46.34765625
opentelemetry_demo,opentelemetry_demo--colocated--NCD--r0--add_to_cart,agrum_joint,original,1,0,False,0.2,0.19999999999999998,46.59375
opentelemetry_demo,opentelemetry_demo--colocated--NCD--r0--add_to_cart,agrum_joint,completion_projected,1,0,False,0.18,0.18,46.56640625
opentelemetry_demo,opentelemetry_demo--colocated--NCD--r0--add_to_cart,storm_sparse,original,1,0,False,0.24,0.23,93.47265625
opentelemetry_demo,opentelemetry_demo--colocated--NCD--r0--add_to_cart,storm_sparse,completion_projected,1,0,False,0.22,0.21,93.21875
opentelemetry_demo,opentelemetry_demo--colocated--NCD--r0--add_to_cart,storm_compact,original,1,0,False,0.22,0.22,93.234375
opentelemetry_demo,opentelemetry_demo--colocated--NCD--r0--add_to_cart,storm_compact,completion_projected,1,0,False,0.21,0.21,93.19921875
opentelemetry_demo,opentelemetry_demo--colocated--NCD--r0--add_to_cart,ours_direct,original,1,0,False,0.12,0.11,34.4296875
opentelemetry_demo,opentelemetry_demo--colocated--NCD--r0--add_to_cart,ours_direct,completion_projected,1,0,False,0.11,0.11,34.39453125
opentelemetry_demo,opentelemetry_demo--colocated--NCD--r0--add_to_cart,ours_prepared,original,1,0,False,0.11,0.09999999999999999,34.44140625
opentelemetry_demo,opentelemetry_demo--colocated--NCD--r0--add_to_cart,ours_prepared,completion_projected,1,0,False,0.11,0.1,34.4375
opentelemetry_demo,opentelemetry_demo--colocated--NCD--r0--add_to_cart,cudd_fixed,original,1,0,False,0.21,0.2,59.55859375
opentelemetry_demo,opentelemetry_demo--colocated--NCD--r0--add_to_cart,cudd_fixed,completion_projected,1,0,False,0.21,0.2,59.43359375
opentelemetry_demo,opentelemetry_demo--colocated--NCD--r0--add_to_cart,cudd_sift,original,1,0,False,0.21,0.2,59.43359375
opentelemetry_demo,opentelemetry_demo--colocated--NCD--r0--browse_product,agrum_conditioned,original,1,0,False,0.32,0.31,46.1328125
opentelemetry_demo,opentelemetry_demo--colocated--NCD--r0--browse_product,agrum_conditioned,completion_projected,1,0,False,0.28,0.27,46.34375
opentelemetry_demo,opentelemetry_demo--colocated--NCD--r0--browse_product,agrum_joint,original,1,0,False,0.2,0.19,46.53515625
opentelemetry_demo,opentelemetry_demo--colocated--NCD--r0--browse_product,agrum_joint,completion_projected,1,0,False,0.18,0.18,46.4765625
opentelemetry_demo,opentelemetry_demo--colocated--NCD--r0--browse_product,storm_sparse,original,1,0,False,0.23,0.23,93.3828125
opentelemetry_demo,opentelemetry_demo--colocated--NCD--r0--browse_product,storm_sparse,completion_projected,1,0,False,0.23,0.22,92.9453125
opentelemetry_demo,opentelemetry_demo--colocated--NCD--r0--browse_product,storm_compact,original,1,0,False,0.22,0.21,93.3828125
opentelemetry_demo,opentelemetry_demo--colocated--NCD--r0--browse_product,storm_compact,completion_projected,1,0,False,0.22,0.21,93.24609375
opentelemetry_demo,opentelemetry_demo--colocated--NCD--r0--browse_product,ours_direct,original,1,0,False,0.11,0.09999999999999999,34.37890625
opentelemetry_demo,opentelemetry_demo--colocated--NCD--r0--browse_product,ours_direct,completion_projected,1,0,False,0.11,0.09999999999999999,34.44140625
opentelemetry_demo,opentelemetry_demo--colocated--NCD--r0--browse_product,ours_prepared,original,1,0,False,0.1,0.1,34.3046875
opentelemetry_demo,opentelemetry_demo--colocated--NCD--r0--browse_product,ours_prepared,completion_projected,1,0,False,0.11,0.11,34.2734375
opentelemetry_demo,opentelemetry_demo--colocated--NCD--r0--browse_product,cudd_fixed,original,1,0,False,0.24,0.23,59.609375
opentelemetry_demo,opentelemetry_demo--colocated--NCD--r0--browse_product,cudd_fixed,completion_projected,1,0,False,0.21,0.21,59.41796875
opentelemetry_demo,opentelemetry_demo--colocated--NCD--r0--browse_product,cudd_sift,original,1,0,False,0.21,0.2,59.51953125
opentelemetry_demo,opentelemetry_demo--colocated--NCD--r0--browse_product,cudd_sift,completion_projected,1,0,False,0.22,0.21,59.5390625
opentelemetry_demo,opentelemetry_demo--colocated--NCD--r0--checkout,agrum_conditioned,completion_projected,1,0,False,0.35,0.35000000000000003,46.62890625
opentelemetry_demo,opentelemetry_demo--colocated--NCD--r0--checkout,agrum_joint,original,1,0,False,0.28,0.28,46.96484375
opentelemetry_demo,opentelemetry_demo--colocated--NCD--r0--checkout,agrum_joint,completion_projected,1,0,False,0.22,0.22,46.44921875
opentelemetry_demo,opentelemetry_demo--colocated--NCD--r0--checkout,storm_sparse,original,1,0,False,0.29,0.29000000000000004,94.18359375
opentelemetry_demo,opentelemetry_demo--colocated--NCD--r0--checkout,storm_sparse,completion_projected,1,0,False,0.25,0.24,93.6171875
opentelemetry_demo,opentelemetry_demo--colocated--NCD--r0--checkout,storm_compact,original,1,0,False,0.23,0.23,94.24609375
opentelemetry_demo,opentelemetry_demo--colocated--NCD--r0--checkout,storm_compact,completion_projected,1,0,False,0.21,0.21,93.484375
opentelemetry_demo,opentelemetry_demo--colocated--NCD--r0--checkout,ours_direct,original,1,0,False,0.13,0.13,34.43359375
opentelemetry_demo,opentelemetry_demo--colocated--NCD--r0--checkout,ours_direct,completion_projected,1,0,False,0.12,0.12000000000000001,34.62890625
opentelemetry_demo,opentelemetry_demo--colocated--NCD--r0--checkout,ours_prepared,original,1,0,False,0.11,0.09999999999999999,34.57421875
opentelemetry_demo,opentelemetry_demo--colocated--NCD--r0--checkout,ours_prepared,completion_projected,1,0,False,0.11,0.09999999999999999,34.53515625
opentelemetry_demo,opentelemetry_demo--colocated--NCD--r0--checkout,cudd_fixed,original,1,0,False,0.21,0.21,59.671875
opentelemetry_demo,opentelemetry_demo--colocated--NCD--r0--checkout,cudd_fixed,completion_projected,1,0,False,0.21,0.2,59.6484375
opentelemetry_demo,opentelemetry_demo--colocated--NCD--r0--checkout,cudd_sift,original,1,0,False,0.22,0.22,59.70703125
opentelemetry_demo,opentelemetry_demo--colocated--NCD--r0--checkout,cudd_sift,completion_projected,1,0,False,0.22,0.21,59.6875
opentelemetry_demo,opentelemetry_demo--colocated--NCD--r0--checkout,agrum_conditioned,original,1,0,False,0.54,0.54,46.98046875
opentelemetry_demo,opentelemetry_demo--colocated--ND--r0--add_to_cart,agrum_joint,original,1,0,False,0.14,0.13999999999999999,46.3046875
opentelemetry_demo,opentelemetry_demo--colocated--ND--r0--add_to_cart,agrum_joint,completion_projected,1,0,False,0.13,0.13,46.421875
opentelemetry_demo,opentelemetry_demo--colocated--ND--r0--add_to_cart,storm_sparse,original,1,0,False,0.19,0.18,93.0703125
opentelemetry_demo,opentelemetry_demo--colocated--ND--r0--add_to_cart,storm_sparse,completion_projected,1,0,False,0.19,0.19,93.2734375
opentelemetry_demo,opentelemetry_demo--colocated--ND--r0--add_to_cart,storm_compact,original,1,0,False,0.19,0.19,93.296875
opentelemetry_demo,opentelemetry_demo--colocated--ND--r0--add_to_cart,storm_compact,completion_projected,1,0,False,0.2,0.19,93.35546875
opentelemetry_demo,opentelemetry_demo--colocated--ND--r0--add_to_cart,ours_direct,original,1,0,False,0.1,0.09,34.26171875
opentelemetry_demo,opentelemetry_demo--colocated--ND--r0--add_to_cart,ours_direct,completion_projected,1,0,False,0.1,0.09,34.46875
opentelemetry_demo,opentelemetry_demo--colocated--ND--r0--add_to_cart,ours_prepared,original,1,0,False,0.1,0.09999999999999999,34.23828125
opentelemetry_demo,opentelemetry_demo--colocated--ND--r0--add_to_cart,ours_prepared,completion_projected,1,0,False,0.1,0.09,34.24609375
opentelemetry_demo,opentelemetry_demo--colocated--ND--r0--add_to_cart,cudd_fixed,original,1,0,False,0.2,0.2,59.60546875
opentelemetry_demo,opentelemetry_demo--colocated--ND--r0--add_to_cart,cudd_fixed,completion_projected,1,0,False,0.24,0.23,59.60546875
opentelemetry_demo,opentelemetry_demo--colocated--ND--r0--add_to_cart,cudd_sift,original,1,0,False,0.2,0.19,59.48046875
opentelemetry_demo,opentelemetry_demo--colocated--ND--r0--add_to_cart,cudd_sift,completion_projected,1,0,False,0.2,0.19,59.609375
opentelemetry_demo,opentelemetry_demo--colocated--ND--r0--add_to_cart,agrum_conditioned,original,1,0,False,0.16,0.16,46.39453125
opentelemetry_demo,opentelemetry_demo--colocated--ND--r0--add_to_cart,agrum_conditioned,completion_projected,1,0,False,0.15,0.15,46.23828125
opentelemetry_demo,opentelemetry_demo--colocated--ND--r0--browse_product,agrum_joint,completion_projected,1,0,False,0.13,0.13,46.22265625
opentelemetry_demo,opentelemetry_demo--colocated--ND--r0--browse_product,storm_sparse,original,1,0,False,0.19,0.18,93.39453125
opentelemetry_demo,opentelemetry_demo--colocated--ND--r0--browse_product,storm_sparse,completion_projected,1,0,False,0.2,0.2,93.33203125
opentelemetry_demo,opentelemetry_demo--colocated--ND--r0--browse_product,storm_compact,original,1,0,False,0.19,0.19,93.3671875
opentelemetry_demo,opentelemetry_demo--colocated--ND--r0--browse_product,storm_compact,completion_projected,1,0,False,0.2,0.2,93.21484375
opentelemetry_demo,opentelemetry_demo--colocated--ND--r0--browse_product,ours_direct,original,1,0,False,0.1,0.09,34.23046875
opentelemetry_demo,opentelemetry_demo--colocated--ND--r0--browse_product,ours_direct,completion_projected,1,0,False,0.1,0.09000000000000001,34.09375
opentelemetry_demo,opentelemetry_demo--colocated--ND--r0--browse_product,ours_prepared,original,1,0,False,0.1,0.1,34.3828125
opentelemetry_demo,opentelemetry_demo--colocated--ND--r0--browse_product,ours_prepared,completion_projected,1,0,False,0.1,0.09,34.19140625
opentelemetry_demo,opentelemetry_demo--colocated--ND--r0--browse_product,cudd_fixed,original,1,0,False,0.2,0.19,59.47265625
opentelemetry_demo,opentelemetry_demo--colocated--ND--r0--browse_product,cudd_fixed,completion_projected,1,0,False,0.2,0.2,59.58203125
opentelemetry_demo,opentelemetry_demo--colocated--ND--r0--browse_product,cudd_sift,original,1,0,False,0.2,0.2,59.59765625
opentelemetry_demo,opentelemetry_demo--colocated--ND--r0--browse_product,cudd_sift,completion_projected,1,0,False,0.2,0.19,59.49609375
opentelemetry_demo,opentelemetry_demo--colocated--ND--r0--browse_product,agrum_conditioned,original,1,0,False,0.17,0.16,46.296875
opentelemetry_demo,opentelemetry_demo--colocated--ND--r0--browse_product,agrum_conditioned,completion_projected,1,0,False,0.15,0.15,46.1171875
opentelemetry_demo,opentelemetry_demo--colocated--ND--r0--browse_product,agrum_joint,original,1,0,False,0.14,0.13999999999999999,46.2421875
opentelemetry_demo,opentelemetry_demo--colocated--ND--r0--checkout,storm_sparse,original,1,0,False,0.23,0.23,93.1796875
opentelemetry_demo,opentelemetry_demo--colocated--ND--r0--checkout,storm_sparse,completion_projected,1,0,False,0.2,0.19999999999999998,93.0859375
opentelemetry_demo,opentelemetry_demo--colocated--ND--r0--checkout,storm_compact,original,1,0,False,0.2,0.2,93.1875
opentelemetry_demo,opentelemetry_demo--colocated--ND--r0--checkout,storm_compact,completion_projected,1,0,False,0.19,0.18,93.109375
opentelemetry_demo,opentelemetry_demo--colocated--ND--r0--checkout,ours_direct,original,1,0,False,0.1,0.09,34.4453125
opentelemetry_demo,opentelemetry_demo--colocated--ND--r0--checkout,ours_direct,completion_projected,1,0,False,0.1,0.09,34.33984375
opentelemetry_demo,opentelemetry_demo--colocated--ND--r0--checkout,ours_prepared,original,1,0,False,0.1,0.09,34.4140625
opentelemetry_demo,opentelemetry_demo--colocated--ND--r0--checkout,ours_prepared,completion_projected,1,0,False,0.11,0.09999999999999999,34.33984375
opentelemetry_demo,opentelemetry_demo--colocated--ND--r0--checkout,cudd_fixed,original,1,0,False,0.21,0.2,59.5625
opentelemetry_demo,opentelemetry_demo--colocated--ND--r0--checkout,cudd_fixed,completion_projected,1,0,False,0.21,0.2,59.55859375
opentelemetry_demo,opentelemetry_demo--colocated--ND--r0--checkout,cudd_sift,original,1,0,False,0.21,0.2,59.54296875
opentelemetry_demo,opentelemetry_demo--colocated--ND--r0--checkout,cudd_sift,completion_projected,1,0,False,0.19,0.19,59.6640625
opentelemetry_demo,opentelemetry_demo--colocated--ND--r0--checkout,agrum_conditioned,original,1,0,False,0.21,0.21,46.3828125
opentelemetry_demo,opentelemetry_demo--colocated--ND--r0--checkout,agrum_conditioned,completion_projected,1,0,False,0.18,0.16999999999999998,46.11328125
opentelemetry_demo,opentelemetry_demo--colocated--ND--r0--checkout,agrum_joint,original,1,0,False,0.17,0.16999999999999998,46.578125
opentelemetry_demo,opentelemetry_demo--colocated--ND--r0--checkout,agrum_joint,completion_projected,1,0,False,0.15,0.13999999999999999,46.2109375
opentelemetry_demo,opentelemetry_demo--split--N--r0--add_to_cart,storm_sparse,completion_projected,1,0,False,0.2,0.19,93.33203125
opentelemetry_demo,opentelemetry_demo--split--N--r0--add_to_cart,storm_compact,original,1,0,False,0.21,0.2,93.41015625
opentelemetry_demo,opentelemetry_demo--split--N--r0--add_to_cart,storm_compact,completion_projected,1,0,False,0.19,0.18,93.3203125
opentelemetry_demo,opentelemetry_demo--split--N--r0--add_to_cart,ours_direct,original,1,0,False,0.1,0.09,34.38671875
opentelemetry_demo,opentelemetry_demo--split--N--r0--add_to_cart,ours_direct,completion_projected,1,0,False,0.1,0.09000000000000001,34.28125
opentelemetry_demo,opentelemetry_demo--split--N--r0--add_to_cart,ours_prepared,original,1,0,False,0.1,0.09999999999999999,34.375
opentelemetry_demo,opentelemetry_demo--split--N--r0--add_to_cart,ours_prepared,completion_projected,1,0,False,0.1,0.09,34.3203125
opentelemetry_demo,opentelemetry_demo--split--N--r0--add_to_cart,cudd_fixed,original,1,0,False,0.2,0.2,59.46875
opentelemetry_demo,opentelemetry_demo--split--N--r0--add_to_cart,cudd_fixed,completion_projected,1,0,False,0.21,0.2,59.63671875
opentelemetry_demo,opentelemetry_demo--split--N--r0--add_to_cart,cudd_sift,original,1,0,False,0.21,0.21000000000000002,59.56640625
opentelemetry_demo,opentelemetry_demo--split--N--r0--add_to_cart,cudd_sift,completion_projected,1,0,False,0.21,0.21,59.609375
opentelemetry_demo,opentelemetry_demo--split--N--r0--add_to_cart,agrum_conditioned,original,1,0,False,0.18,0.17,46.46875
opentelemetry_demo,opentelemetry_demo--split--N--r0--add_to_cart,agrum_conditioned,completion_projected,1,0,False,0.16,0.15,46.19921875
opentelemetry_demo,opentelemetry_demo--split--N--r0--add_to_cart,agrum_joint,original,1,0,False,0.15,0.15,46.421875
opentelemetry_demo,opentelemetry_demo--split--N--r0--add_to_cart,agrum_joint,completion_projected,1,0,False,0.14,0.13,46.30859375
opentelemetry_demo,opentelemetry_demo--split--N--r0--add_to_cart,storm_sparse,original,1,0,False,0.2,0.2,93.01171875
opentelemetry_demo,opentelemetry_demo--split--N--r0--browse_product,storm_compact,original,1,0,False,0.2,0.19,93.234375
opentelemetry_demo,opentelemetry_demo--split--N--r0--browse_product,storm_compact,completion_projected,1,0,False,0.2,0.19,93.33984375
opentelemetry_demo,opentelemetry_demo--split--N--r0--browse_product,ours_direct,original,1,0,False,0.1,0.09,34.33984375
opentelemetry_demo,opentelemetry_demo--split--N--r0--browse_product,ours_direct,completion_projected,1,0,False,0.09,0.09,34.375
opentelemetry_demo,opentelemetry_demo--split--N--r0--browse_product,ours_prepared,original,1,0,False,0.09,0.08,34.33984375
opentelemetry_demo,opentelemetry_demo--split--N--r0--browse_product,ours_prepared,completion_projected,1,0,False,0.1,0.09,34.2578125
opentelemetry_demo,opentelemetry_demo--split--N--r0--browse_product,cudd_fixed,original,1,0,False,0.2,0.19,59.59375
opentelemetry_demo,opentelemetry_demo--split--N--r0--browse_product,cudd_fixed,completion_projected,1,0,False,0.19,0.18,59.5078125
opentelemetry_demo,opentelemetry_demo--split--N--r0--browse_product,cudd_sift,original,1,0,False,0.19,0.19,59.53515625
opentelemetry_demo,opentelemetry_demo--split--N--r0--browse_product,cudd_sift,completion_projected,1,0,False,0.2,0.19,59.55078125
opentelemetry_demo,opentelemetry_demo--split--N--r0--browse_product,agrum_conditioned,original,1,0,False,0.16,0.15000000000000002,46.33203125
opentelemetry_demo,opentelemetry_demo--split--N--r0--browse_product,agrum_conditioned,completion_projected,1,0,False,0.16,0.15000000000000002,46.3359375
opentelemetry_demo,opentelemetry_demo--split--N--r0--browse_product,agrum_joint,original,1,0,False,0.14,0.13999999999999999,46.21484375
opentelemetry_demo,opentelemetry_demo--split--N--r0--browse_product,agrum_joint,completion_projected,1,0,False,0.13,0.13,46.28515625
opentelemetry_demo,opentelemetry_demo--split--N--r0--browse_product,storm_sparse,original,1,0,False,0.2,0.2,93.4375
opentelemetry_demo,opentelemetry_demo--split--N--r0--browse_product,storm_sparse,completion_projected,1,0,False,0.2,0.2,93.30859375
opentelemetry_demo,opentelemetry_demo--split--N--r0--checkout,storm_compact,completion_projected,1,0,False,0.2,0.2,93.09375
opentelemetry_demo,opentelemetry_demo--split--N--r0--checkout,ours_direct,original,1,0,False,0.11,0.09999999999999999,34.3671875
opentelemetry_demo,opentelemetry_demo--split--N--r0--checkout,ours_direct,completion_projected,1,0,False,0.1,0.09999999999999999,34.40234375
opentelemetry_demo,opentelemetry_demo--split--N--r0--checkout,ours_prepared,original,1,0,False,0.1,0.1,34.5078125
opentelemetry_demo,opentelemetry_demo--split--N--r0--checkout,ours_prepared,completion_projected,1,0,False,0.1,0.09,34.359375
opentelemetry_demo,opentelemetry_demo--split--N--r0--checkout,cudd_fixed,original,1,0,False,0.2,0.2,59.6484375
opentelemetry_demo,opentelemetry_demo--split--N--r0--checkout,cudd_fixed,completion_projected,1,0,False,0.2,0.2,59.65625
opentelemetry_demo,opentelemetry_demo--split--N--r0--checkout,cudd_sift,original,1,0,False,0.2,0.2,59.51953125
opentelemetry_demo,opentelemetry_demo--split--N--r0--checkout,cudd_sift,completion_projected,1,0,False,0.2,0.19,59.59765625
opentelemetry_demo,opentelemetry_demo--split--N--r0--checkout,agrum_conditioned,original,1,0,False,0.23,0.22999999999999998,46.44921875
opentelemetry_demo,opentelemetry_demo--split--N--r0--checkout,agrum_conditioned,completion_projected,1,0,False,0.18,0.18000000000000002,46.015625
opentelemetry_demo,opentelemetry_demo--split--N--r0--checkout,agrum_joint,original,1,0,False,0.17,0.17,46.69921875
opentelemetry_demo,opentelemetry_demo--split--N--r0--checkout,agrum_joint,completion_projected,1,0,False,0.16,0.16,46.4375
opentelemetry_demo,opentelemetry_demo--split--N--r0--checkout,storm_sparse,original,1,0,False,0.21,0.19999999999999998,93.140625
opentelemetry_demo,opentelemetry_demo--split--N--r0--checkout,storm_sparse,completion_projected,1,0,False,0.21,0.21,92.98046875
opentelemetry_demo,opentelemetry_demo--split--N--r0--checkout,storm_compact,original,1,0,False,0.2,0.19999999999999998,93.42578125
opentelemetry_demo,opentelemetry_demo--split--NC--r0--add_to_cart,ours_direct,original,1,0,False,0.11,0.09999999999999999,34.37109375
opentelemetry_demo,opentelemetry_demo--split--NC--r0--add_to_cart,ours_direct,completion_projected,1,0,False,0.11,0.09999999999999999,34.421875
opentelemetry_demo,opentelemetry_demo--split--NC--r0--add_to_cart,ours_prepared,original,1,0,False,0.11,0.09999999999999999,34.33203125
opentelemetry_demo,opentelemetry_demo--split--NC--r0--add_to_cart,ours_prepared,completion_projected,1,0,False,0.11,0.09999999999999999,34.4140625
opentelemetry_demo,opentelemetry_demo--split--NC--r0--add_to_cart,cudd_fixed,original,1,0,False,0.2,0.2,59.53125
opentelemetry_demo,opentelemetry_demo--split--NC--r0--add_to_cart,cudd_fixed,completion_projected,1,0,False,0.21,0.2,59.515625
opentelemetry_demo,opentelemetry_demo--split--NC--r0--add_to_cart,cudd_sift,original,1,0,False,0.21,0.2,59.6015625
opentelemetry_demo,opentelemetry_demo--split--NC--r0--add_to_cart,cudd_sift,completion_projected,1,0,False,0.21,0.21,59.5859375
opentelemetry_demo,opentelemetry_demo--split--NC--r0--add_to_cart,agrum_conditioned,original,1,0,False,0.33,0.33,46.2578125
opentelemetry_demo,opentelemetry_demo--split--NC--r0--add_to_cart,agrum_conditioned,completion_projected,1,0,False,0.29,0.29000000000000004,46.24609375
opentelemetry_demo,opentelemetry_demo--split--NC--r0--add_to_cart,agrum_joint,original,1,0,False,0.2,0.19999999999999998,46.546875
opentelemetry_demo,opentelemetry_demo--split--NC--r0--add_to_cart,agrum_joint,completion_projected,1,0,False,0.18,0.18,46.484375
opentelemetry_demo,opentelemetry_demo--split--NC--r0--add_to_cart,storm_sparse,original,1,0,False,0.24,0.22999999999999998,93.39453125
opentelemetry_demo,opentelemetry_demo--split--NC--r0--add_to_cart,storm_sparse,completion_projected,1,0,False,0.23,0.22,93.44140625
opentelemetry_demo,opentelemetry_demo--split--NC--r0--add_to_cart,storm_compact,original,1,0,False,0.22,0.21,93.65234375
opentelemetry_demo,opentelemetry_demo--split--NC--r0--add_to_cart,storm_compact,completion_projected,1,0,False,0.22,0.22,93.2734375
opentelemetry_demo,opentelemetry_demo--split--NC--r0--browse_product,ours_direct,completion_projected,1,0,False,0.11,0.11,34.3359375
opentelemetry_demo,opentelemetry_demo--split--NC--r0--browse_product,ours_prepared,original,1,0,False,0.1,0.1,34.3046875
opentelemetry_demo,opentelemetry_demo--split--NC--r0--browse_product,ours_prepared,completion_projected,1,0,False,0.1,0.09,34.42578125
opentelemetry_demo,opentelemetry_demo--split--NC--r0--browse_product,cudd_fixed,original,1,0,False,0.21,0.21000000000000002,59.44140625
opentelemetry_demo,opentelemetry_demo--split--NC--r0--browse_product,cudd_fixed,completion_projected,1,0,False,0.21,0.21,59.60546875
opentelemetry_demo,opentelemetry_demo--split--NC--r0--browse_product,cudd_sift,original,1,0,False,0.21,0.21000000000000002,59.53515625
opentelemetry_demo,opentelemetry_demo--split--NC--r0--browse_product,cudd_sift,completion_projected,1,0,False,0.22,0.21000000000000002,59.6171875
opentelemetry_demo,opentelemetry_demo--split--NC--r0--browse_product,agrum_conditioned,original,1,0,False,0.3,0.29000000000000004,46.33984375
opentelemetry_demo,opentelemetry_demo--split--NC--r0--browse_product,agrum_conditioned,completion_projected,1,0,False,0.27,0.26,46.21875
opentelemetry_demo,opentelemetry_demo--split--NC--r0--browse_product,agrum_joint,original,1,0,False,0.19,0.18000000000000002,46.35546875
opentelemetry_demo,opentelemetry_demo--split--NC--r0--browse_product,agrum_joint,completion_projected,1,0,False,0.18,0.16999999999999998,46.34375
opentelemetry_demo,opentelemetry_demo--split--NC--r0--browse_product,storm_sparse,original,1,0,False,0.23,0.22999999999999998,93.390625
opentelemetry_demo,opentelemetry_demo--split--NC--r0--browse_product,storm_sparse,completion_projected,1,0,False,0.23,0.23,93.36328125
opentelemetry_demo,opentelemetry_demo--split--NC--r0--browse_product,storm_compact,original,1,0,False,0.22,0.21,93.234375
opentelemetry_demo,opentelemetry_demo--split--NC--r0--browse_product,storm_compact,completion_projected,1,0,False,0.22,0.21,93.26953125
opentelemetry_demo,opentelemetry_demo--split--NC--r0--browse_product,ours_direct,original,1,0,False,0.11,0.09999999999999999,34.390625
opentelemetry_demo,opentelemetry_demo--split--NC--r0--checkout,ours_prepared,original,1,0,False,0.11,0.09999999999999999,34.5625
opentelemetry_demo,opentelemetry_demo--split--NC--r0--checkout,ours_prepared,completion_projected,1,0,False,0.11,0.09999999999999999,34.6015625
opentelemetry_demo,opentelemetry_demo--split--NC--r0--checkout,cudd_fixed,original,1,0,False,0.22,0.21,59.48046875
opentelemetry_demo,opentelemetry_demo--split--NC--r0--checkout,cudd_fixed,completion_projected,1,0,False,0.21,0.2,59.64453125
opentelemetry_demo,opentelemetry_demo--split--NC--r0--checkout,cudd_sift,original,1,0,False,0.22,0.21000000000000002,59.46484375
opentelemetry_demo,opentelemetry_demo--split--NC--r0--checkout,cudd_sift,completion_projected,1,0,False,0.22,0.22,59.703125
opentelemetry_demo,opentelemetry_demo--split--NC--r0--checkout,agrum_conditioned,original,1,0,False,0.52,0.52,46.8671875
opentelemetry_demo,opentelemetry_demo--split--NC--r0--checkout,agrum_conditioned,completion_projected,1,0,False,0.29,0.28,46.625
opentelemetry_demo,opentelemetry_demo--split--NC--r0--checkout,agrum_joint,original,1,0,False,0.27,0.26,46.91796875
opentelemetry_demo,opentelemetry_demo--split--NC--r0--checkout,agrum_joint,completion_projected,1,0,False,0.19,0.19,46.63671875
opentelemetry_demo,opentelemetry_demo--split--NC--r0--checkout,storm_sparse,original,1,0,False,0.28,0.27,94.1484375
opentelemetry_demo,opentelemetry_demo--split--NC--r0--checkout,storm_sparse,completion_projected,1,0,False,0.23,0.23,93.4765625
opentelemetry_demo,opentelemetry_demo--split--NC--r0--checkout,storm_compact,original,1,0,False,0.24,0.23,94.34765625
opentelemetry_demo,opentelemetry_demo--split--NC--r0--checkout,storm_compact,completion_projected,1,0,False,0.22,0.21,93.3515625
opentelemetry_demo,opentelemetry_demo--split--NC--r0--checkout,ours_direct,original,1,0,False,0.14,0.13999999999999999,34.53515625
opentelemetry_demo,opentelemetry_demo--split--NC--r0--checkout,ours_direct,completion_projected,1,0,False,0.12,0.11,34.65625
opentelemetry_demo,opentelemetry_demo--split--NCD--r0--add_to_cart,ours_prepared,completion_projected,1,0,False,0.1,0.09,34.34375
opentelemetry_demo,opentelemetry_demo--split--NCD--r0--add_to_cart,cudd_fixed,original,1,0,False,0.2,0.19,59.4921875
opentelemetry_demo,opentelemetry_demo--split--NCD--r0--add_to_cart,cudd_fixed,completion_projected,1,0,False,0.21,0.19999999999999998,59.671875
opentelemetry_demo,opentelemetry_demo--split--NCD--r0--add_to_cart,cudd_sift,original,1,0,False,0.21,0.2,59.6484375
opentelemetry_demo,opentelemetry_demo--split--NCD--r0--add_to_cart,cudd_sift,completion_projected,1,0,False,0.21,0.21000000000000002,59.64453125
opentelemetry_demo,opentelemetry_demo--split--NCD--r0--add_to_cart,agrum_conditioned,original,1,0,False,0.33,0.33,46.359375
opentelemetry_demo,opentelemetry_demo--split--NCD--r0--add_to_cart,agrum_conditioned,completion_projected,1,0,False,0.27,0.27,46.15234375
opentelemetry_demo,opentelemetry_demo--split--NCD--r0--add_to_cart,agrum_joint,original,1,0,False,0.2,0.19,46.6015625
opentelemetry_demo,opentelemetry_demo--split--NCD--r0--add_to_cart,agrum_joint,completion_projected,1,0,False,0.19,0.19,46.421875
opentelemetry_demo,opentelemetry_demo--split--NCD--r0--add_to_cart,storm_sparse,original,1,0,False,0.24,0.22999999999999998,93.375
opentelemetry_demo,opentelemetry_demo--split--NCD--r0--add_to_cart,storm_sparse,completion_projected,1,0,False,0.22,0.22,93.125
opentelemetry_demo,opentelemetry_demo--split--NCD--r0--add_to_cart,storm_compact,original,1,0,False,0.23,0.22,93.3359375
opentelemetry_demo,opentelemetry_demo--split--NCD--r0--add_to_cart,storm_compact,completion_projected,1,0,False,0.21,0.21,93.07421875
opentelemetry_demo,opentelemetry_demo--split--NCD--r0--add_to_cart,ours_direct,original,1,0,False,0.11,0.11,34.33984375
opentelemetry_demo,opentelemetry_demo--split--NCD--r0--add_to_cart,ours_direct,completion_projected,1,0,False,0.11,0.11,34.359375
opentelemetry_demo,opentelemetry_demo--split--NCD--r0--add_to_cart,ours_prepared,original,1,0,False,0.11,0.09999999999999999,34.43359375
opentelemetry_demo,opentelemetry_demo--split--NCD--r0--browse_product,cudd_fixed,original,1,0,False,0.22,0.22,59.42578125
opentelemetry_demo,opentelemetry_demo--split--NCD--r0--browse_product,cudd_fixed,completion_projected,1,0,False,0.21,0.21,59.65625
opentelemetry_demo,opentelemetry_demo--split--NCD--r0--browse_product,cudd_sift,original,1,0,False,0.21,0.21,59.625
opentelemetry_demo,opentelemetry_demo--split--NCD--r0--browse_product,cudd_sift,completion_projected,1,0,False,0.21,0.21,59.62890625
opentelemetry_demo,opentelemetry_demo--split--NCD--r0--browse_product,agrum_conditioned,original,1,0,False,0.33,0.32,46.2421875
opentelemetry_demo,opentelemetry_demo--split--NCD--r0--browse_product,agrum_conditioned,completion_projected,1,0,False,0.29,0.29000000000000004,46.2421875
opentelemetry_demo,opentelemetry_demo--split--NCD--r0--browse_product,agrum_joint,original,1,0,False,0.2,0.19,46.453125
opentelemetry_demo,opentelemetry_demo--split--NCD--r0--browse_product,agrum_joint,completion_projected,1,0,False,0.19,0.18000000000000002,46.40234375
opentelemetry_demo,opentelemetry_demo--split--NCD--r0--browse_product,storm_sparse,original,1,0,False,0.22,0.22,93.25390625
opentelemetry_demo,opentelemetry_demo--split--NCD--r0--browse_product,storm_sparse,completion_projected,1,0,False,0.22,0.21,93.36328125
opentelemetry_demo,opentelemetry_demo--split--NCD--r0--browse_product,storm_compact,original,1,0,False,0.21,0.21,93.28515625
opentelemetry_demo,opentelemetry_demo--split--NCD--r0--browse_product,storm_compact,completion_projected,1,0,False,0.21,0.21,93.4296875
opentelemetry_demo,opentelemetry_demo--split--NCD--r0--browse_product,ours_direct,original,1,0,False,0.11,0.11,34.26953125
opentelemetry_demo,opentelemetry_demo--split--NCD--r0--browse_product,ours_direct,completion_projected,1,0,False,0.11,0.11,34.4453125
opentelemetry_demo,opentelemetry_demo--split--NCD--r0--browse_product,ours_prepared,original,1,0,False,0.1,0.09,34.3203125
opentelemetry_demo,opentelemetry_demo--split--NCD--r0--browse_product,ours_prepared,completion_projected,1,0,False,0.13,0.12,34.3671875
opentelemetry_demo,opentelemetry_demo--split--NCD--r0--checkout,cudd_fixed,completion_projected,1,0,False,0.21,0.21,59.578125
opentelemetry_demo,opentelemetry_demo--split--NCD--r0--checkout,cudd_sift,original,1,0,False,0.21,0.2,59.4921875
opentelemetry_demo,opentelemetry_demo--split--NCD--r0--checkout,cudd_sift,completion_projected,1,0,False,0.21,0.21,59.5703125
opentelemetry_demo,opentelemetry_demo--split--NCD--r0--checkout,agrum_conditioned,original,1,0,False,0.53,0.53,47.01953125
opentelemetry_demo,opentelemetry_demo--split--NCD--r0--checkout,agrum_conditioned,completion_projected,1,0,False,0.35,0.34,46.4921875
opentelemetry_demo,opentelemetry_demo--split--NCD--r0--checkout,agrum_joint,original,1,0,False,0.27,0.26,47.03515625
opentelemetry_demo,opentelemetry_demo--split--NCD--r0--checkout,agrum_joint,completion_projected,1,0,False,0.21,0.21,46.546875
opentelemetry_demo,opentelemetry_demo--split--NCD--r0--checkout,storm_sparse,original,1,0,False,0.28,0.28,94.18359375
opentelemetry_demo,opentelemetry_demo--split--NCD--r0--checkout,storm_sparse,completion_projected,1,0,False,0.23,0.23,93.5078125
opentelemetry_demo,opentelemetry_demo--split--NCD--r0--checkout,storm_compact,original,1,0,False,0.23,0.22,93.640625
opentelemetry_demo,opentelemetry_demo--split--NCD--r0--checkout,storm_compact,completion_projected,1,0,False,0.22,0.21,93.3359375
opentelemetry_demo,opentelemetry_demo--split--NCD--r0--checkout,ours_direct,original,1,0,False,0.13,0.12,34.54296875
opentelemetry_demo,opentelemetry_demo--split--NCD--r0--checkout,ours_direct,completion_projected,1,0,False,0.12,0.12000000000000001,34.515625
opentelemetry_demo,opentelemetry_demo--split--NCD--r0--checkout,ours_prepared,original,1,0,False,0.11,0.09999999999999999,34.58984375
opentelemetry_demo,opentelemetry_demo--split--NCD--r0--checkout,ours_prepared,completion_projected,1,0,False,0.11,0.09999999999999999,34.6171875
opentelemetry_demo,opentelemetry_demo--split--NCD--r0--checkout,cudd_fixed,original,1,0,False,0.21,0.2,59.6640625
opentelemetry_demo,opentelemetry_demo--split--ND--r0--add_to_cart,cudd_sift,original,1,0,False,0.19,0.19,59.62109375
opentelemetry_demo,opentelemetry_demo--split--ND--r0--add_to_cart,cudd_sift,completion_projected,1,0,False,0.19,0.18,59.55859375
opentelemetry_demo,opentelemetry_demo--split--ND--r0--add_to_cart,agrum_conditioned,original,1,0,False,0.17,0.16,46.390625
opentelemetry_demo,opentelemetry_demo--split--ND--r0--add_to_cart,agrum_conditioned,completion_projected,1,0,False,0.15,0.15,46.22265625
opentelemetry_demo,opentelemetry_demo--split--ND--r0--add_to_cart,agrum_joint,original,1,0,False,0.14,0.13,46.265625
opentelemetry_demo,opentelemetry_demo--split--ND--r0--add_to_cart,agrum_joint,completion_projected,1,0,False,0.14,0.13,46.18359375
opentelemetry_demo,opentelemetry_demo--split--ND--r0--add_to_cart,storm_sparse,original,1,0,False,0.19,0.19,92.8671875
opentelemetry_demo,opentelemetry_demo--split--ND--r0--add_to_cart,storm_sparse,completion_projected,1,0,False,0.19,0.19,93.3125
opentelemetry_demo,opentelemetry_demo--split--ND--r0--add_to_cart,storm_compact,original,1,0,False,0.19,0.19,93.2109375
opentelemetry_demo,opentelemetry_demo--split--ND--r0--add_to_cart,storm_compact,completion_projected,1,0,False,0.19,0.19,93.375
opentelemetry_demo,opentelemetry_demo--split--ND--r0--add_to_cart,ours_direct,original,1,0,False,0.09,0.08,34.3515625
opentelemetry_demo,opentelemetry_demo--split--ND--r0--add_to_cart,ours_direct,completion_projected,1,0,False,0.09,0.09,34.34765625
opentelemetry_demo,opentelemetry_demo--split--ND--r0--add_to_cart,ours_prepared,original,1,0,False,0.09,0.09,34.25390625
opentelemetry_demo,opentelemetry_demo--split--ND--r0--add_to_cart,ours_prepared,completion_projected,1,0,False,0.1,0.09,34.2578125
opentelemetry_demo,opentelemetry_demo--split--ND--r0--add_to_cart,cudd_fixed,original,1,0,False,0.19,0.19,59.3984375
opentelemetry_demo,opentelemetry_demo--split--ND--r0--add_to_cart,cudd_fixed,completion_projected,1,0,False,0.19,0.18,59.56640625
opentelemetry_demo,opentelemetry_demo--split--ND--r0--browse_product,cudd_sift,completion_projected,1,0,False,0.19,0.19,59.46484375
opentelemetry_demo,opentelemetry_demo--split--ND--r0--browse_product,agrum_conditioned,original,1,0,False,0.15,0.15,46.37109375
opentelemetry_demo,opentelemetry_demo--split--ND--r0--browse_product,agrum_conditioned,completion_projected,1,0,False,0.15,0.15,46.12890625
opentelemetry_demo,opentelemetry_demo--split--ND--r0--browse_product,agrum_joint,original,1,0,False,0.13,0.13,46.359375
opentelemetry_demo,opentelemetry_demo--split--ND--r0--browse_product,agrum_joint,completion_projected,1,0,False,0.14,0.13,46.30078125
opentelemetry_demo,opentelemetry_demo--split--ND--r0--browse_product,storm_sparse,original,1,0,False,0.2,0.19999999999999998,93.30078125
opentelemetry_demo,opentelemetry_demo--split--ND--r0--browse_product,storm_sparse,completion_projected,1,0,False,0.2,0.19,92.9453125
opentelemetry_demo,opentelemetry_demo--split--ND--r0--browse_product,storm_compact,original,1,0,False,0.2,0.19,93.30078125
opentelemetry_demo,opentelemetry_demo--split--ND--r0--browse_product,storm_compact,completion_projected,1,0,False,0.2,0.2,93.31640625
opentelemetry_demo,opentelemetry_demo--split--ND--r0--browse_product,ours_direct,original,1,0,False,0.1,0.09,34.21484375
opentelemetry_demo,opentelemetry_demo--split--ND--r0--browse_product,ours_direct,completion_projected,1,0,False,0.1,0.09000000000000001,34.21875
opentelemetry_demo,opentelemetry_demo--split--ND--r0--browse_product,ours_prepared,original,1,0,False,0.1,0.09999999999999999,34.234375
opentelemetry_demo,opentelemetry_demo--split--ND--r0--browse_product,ours_prepared,completion_projected,1,0,False,0.1,0.09999999999999999,34.34375
opentelemetry_demo,opentelemetry_demo--split--ND--r0--browse_product,cudd_fixed,original,1,0,False,0.21,0.2,59.59375
opentelemetry_demo,opentelemetry_demo--split--ND--r0--browse_product,cudd_fixed,completion_projected,1,0,False,0.21,0.21000000000000002,59.453125
opentelemetry_demo,opentelemetry_demo--split--ND--r0--browse_product,cudd_sift,original,1,0,False,0.21,0.21000000000000002,59.59375
opentelemetry_demo,opentelemetry_demo--split--ND--r0--checkout,agrum_conditioned,original,1,0,False,0.23,0.22999999999999998,46.4921875
opentelemetry_demo,opentelemetry_demo--split--ND--r0--checkout,agrum_conditioned,completion_projected,1,0,False,0.18,0.18,46.01171875
opentelemetry_demo,opentelemetry_demo--split--ND--r0--checkout,agrum_joint,original,1,0,False,0.17,0.16,46.66015625
opentelemetry_demo,opentelemetry_demo--split--ND--r0--checkout,agrum_joint,completion_projected,1,0,False,0.15,0.13999999999999999,46.2421875
opentelemetry_demo,opentelemetry_demo--split--ND--r0--checkout,storm_sparse,original,1,0,False,0.21,0.2,93.1953125
opentelemetry_demo,opentelemetry_demo--split--ND--r0--checkout,storm_sparse,completion_projected,1,0,False,0.2,0.2,93.1484375
opentelemetry_demo,opentelemetry_demo--split--ND--r0--checkout,storm_compact,original,1,0,False,0.21,0.2,93.08984375
opentelemetry_demo,opentelemetry_demo--split--ND--r0--checkout,storm_compact,completion_projected,1,0,False,0.2,0.19,93.234375
opentelemetry_demo,opentelemetry_demo--split--ND--r0--checkout,ours_direct,original,1,0,False,0.1,0.09,34.47265625
opentelemetry_demo,opentelemetry_demo--split--ND--r0--checkout,ours_direct,completion_projected,1,0,False,0.1,0.09999999999999999,34.296875
opentelemetry_demo,opentelemetry_demo--split--ND--r0--checkout,ours_prepared,original,1,0,False,0.1,0.1,34.33203125
opentelemetry_demo,opentelemetry_demo--split--ND--r0--checkout,ours_prepared,completion_projected,1,0,False,0.1,0.09,34.390625
opentelemetry_demo,opentelemetry_demo--split--ND--r0--checkout,cudd_fixed,original,1,0,False,0.22,0.22,59.4375
opentelemetry_demo,opentelemetry_demo--split--ND--r0--checkout,cudd_fixed,completion_projected,1,0,False,0.2,0.19,59.66796875
opentelemetry_demo,opentelemetry_demo--split--ND--r0--checkout,cudd_sift,original,1,0,False,0.21,0.2,59.6328125
opentelemetry_demo,opentelemetry_demo--split--ND--r0--checkout,cudd_sift,completion_projected,1,0,False,0.21,0.2,59.5234375
opentelemetry_demo,opentelemetry_demo--colocated--N--r0--add_to_cart,ours_prepared,original,2,0,False,0.1,0.09,34.203125
opentelemetry_demo,opentelemetry_demo--colocated--N--r0--add_to_cart,ours_prepared,completion_projected,2,0,False,0.1,0.09,34.3828125
opentelemetry_demo,opentelemetry_demo--colocated--N--r0--add_to_cart,cudd_fixed,original,2,0,False,0.21,0.21000000000000002,59.63671875
opentelemetry_demo,opentelemetry_demo--colocated--N--r0--add_to_cart,cudd_fixed,completion_projected,2,0,False,0.2,0.2,59.60546875
opentelemetry_demo,opentelemetry_demo--colocated--N--r0--add_to_cart,cudd_sift,original,2,0,False,0.2,0.19,59.60546875
opentelemetry_demo,opentelemetry_demo--colocated--N--r0--add_to_cart,cudd_sift,completion_projected,2,0,False,0.2,0.2,59.5078125
opentelemetry_demo,opentelemetry_demo--colocated--N--r0--add_to_cart,agrum_conditioned,original,2,0,False,0.18,0.18,46.21484375
opentelemetry_demo,opentelemetry_demo--colocated--N--r0--add_to_cart,agrum_conditioned,completion_projected,2,0,False,0.15,0.14,46.20703125
opentelemetry_demo,opentelemetry_demo--colocated--N--r0--add_to_cart,agrum_joint,original,2,0,False,0.14,0.13,46.30078125
opentelemetry_demo,opentelemetry_demo--colocated--N--r0--add_to_cart,agrum_joint,completion_projected,2,0,False,0.13,0.13,46.30859375
opentelemetry_demo,opentelemetry_demo--colocated--N--r0--add_to_cart,storm_sparse,original,2,0,False,0.19,0.19,93.01171875
opentelemetry_demo,opentelemetry_demo--colocated--N--r0--add_to_cart,storm_sparse,completion_projected,2,0,False,0.19,0.19,93.3359375
opentelemetry_demo,opentelemetry_demo--colocated--N--r0--add_to_cart,storm_compact,original,2,0,False,0.19,0.19,93.35546875
opentelemetry_demo,opentelemetry_demo--colocated--N--r0--add_to_cart,storm_compact,completion_projected,2,0,False,0.19,0.19,93.23046875
opentelemetry_demo,opentelemetry_demo--colocated--N--r0--add_to_cart,ours_direct,original,2,0,False,0.1,0.09,34.34765625
opentelemetry_demo,opentelemetry_demo--colocated--N--r0--add_to_cart,ours_direct,completion_projected,2,0,False,0.09,0.09,34.32421875
opentelemetry_demo,opentelemetry_demo--colocated--N--r0--browse_product,ours_prepared,completion_projected,2,0,False,0.09,0.09000000000000001,34.3359375
opentelemetry_demo,opentelemetry_demo--colocated--N--r0--browse_product,cudd_fixed,original,2,0,False,0.19,0.19,59.4921875
opentelemetry_demo,opentelemetry_demo--colocated--N--r0--browse_product,cudd_fixed,completion_projected,2,0,False,0.19,0.18,59.46484375
opentelemetry_demo,opentelemetry_demo--colocated--N--r0--browse_product,cudd_sift,original,2,0,False,0.19,0.19,59.421875
opentelemetry_demo,opentelemetry_demo--colocated--N--r0--browse_product,cudd_sift,completion_projected,2,0,False,0.19,0.19,59.51171875
opentelemetry_demo,opentelemetry_demo--colocated--N--r0--browse_product,agrum_conditioned,original,2,0,False,0.16,0.16,46.3125
opentelemetry_demo,opentelemetry_demo--colocated--N--r0--browse_product,agrum_conditioned,completion_projected,2,0,False,0.16,0.16,46.1875
opentelemetry_demo,opentelemetry_demo--colocated--N--r0--browse_product,agrum_joint,original,2,0,False,0.14,0.13999999999999999,46.3828125
opentelemetry_demo,opentelemetry_demo--colocated--N--r0--browse_product,agrum_joint,completion_projected,2,0,False,0.14,0.13999999999999999,46.21484375
opentelemetry_demo,opentelemetry_demo--colocated--N--r0--browse_product,storm_sparse,original,2,0,False,0.2,0.2,93.32421875
opentelemetry_demo,opentelemetry_demo--colocated--N--r0--browse_product,storm_sparse,completion_projected,2,0,False,0.2,0.2,93.31640625
opentelemetry_demo,opentelemetry_demo--colocated--N--r0--browse_product,storm_compact,original,2,0,False,0.19,0.18,93.20703125
opentelemetry_demo,opentelemetry_demo--colocated--N--r0--browse_product,storm_compact,completion_projected,2,0,False,0.2,0.2,93.2109375
opentelemetry_demo,opentelemetry_demo--colocated--N--r0--browse_product,ours_direct,original,2,0,False,0.1,0.09999999999999999,34.2265625
opentelemetry_demo,opentelemetry_demo--colocated--N--r0--browse_product,ours_direct,completion_projected,2,0,False,0.1,0.09,34.375
opentelemetry_demo,opentelemetry_demo--colocated--N--r0--browse_product,ours_prepared,original,2,0,False,0.1,0.09000000000000001,34.38671875
opentelemetry_demo,opentelemetry_demo--colocated--N--r0--checkout,cudd_fixed,original,2,0,False,0.22,0.21,59.65234375
opentelemetry_demo,opentelemetry_demo--colocated--N--r0--checkout,cudd_fixed,completion_projected,2,0,False,0.21,0.21000000000000002,59.6640625
opentelemetry_demo,opentelemetry_demo--colocated--N--r0--checkout,cudd_sift,original,2,0,False,0.2,0.19,59.64453125
opentelemetry_demo,opentelemetry_demo--colocated--N--r0--checkout,cudd_sift,completion_projected,2,0,False,0.2,0.2,59.59765625
opentelemetry_demo,opentelemetry_demo--colocated--N--r0--checkout,agrum_conditioned,original,2,0,False,0.24,0.23,46.49609375
opentelemetry_demo,opentelemetry_demo--colocated--N--r0--checkout,agrum_conditioned,completion_projected,2,0,False,0.19,0.16999999999999998,46.22265625
opentelemetry_demo,opentelemetry_demo--colocated--N--r0--checkout,agrum_joint,original,2,0,False,0.17,0.16,46.68359375
opentelemetry_demo,opentelemetry_demo--colocated--N--r0--checkout,agrum_joint,completion_projected,2,0,False,0.15,0.15,46.3828125
opentelemetry_demo,opentelemetry_demo--colocated--N--r0--checkout,storm_sparse,original,2,0,False,0.21,0.2,93.11328125
opentelemetry_demo,opentelemetry_demo--colocated--N--r0--checkout,storm_sparse,completion_projected,2,0,False,0.21,0.2,93.16015625
opentelemetry_demo,opentelemetry_demo--colocated--N--r0--checkout,storm_compact,original,2,0,False,0.21,0.2,93.58984375
opentelemetry_demo,opentelemetry_demo--colocated--N--r0--checkout,storm_compact,completion_projected,2,0,False,0.2,0.19,93.609375
opentelemetry_demo,opentelemetry_demo--colocated--N--r0--checkout,ours_direct,original,2,0,False,0.11,0.09999999999999999,34.4296875
opentelemetry_demo,opentelemetry_demo--colocated--N--r0--checkout,ours_direct,completion_projected,2,0,False,0.1,0.09999999999999999,34.34375
opentelemetry_demo,opentelemetry_demo--colocated--N--r0--checkout,ours_prepared,original,2,0,False,0.1,0.09999999999999999,34.50390625
opentelemetry_demo,opentelemetry_demo--colocated--N--r0--checkout,ours_prepared,completion_projected,2,0,False,0.1,0.09,34.36328125
opentelemetry_demo,opentelemetry_demo--colocated--NC--r0--add_to_cart,cudd_fixed,completion_projected,2,0,False,0.2,0.2,59.63671875
opentelemetry_demo,opentelemetry_demo--colocated--NC--r0--add_to_cart,cudd_sift,original,2,0,False,0.21,0.2,59.42578125
opentelemetry_demo,opentelemetry_demo--colocated--NC--r0--add_to_cart,cudd_sift,completion_projected,2,0,False,0.2,0.2,59.44921875
opentelemetry_demo,opentelemetry_demo--colocated--NC--r0--add_to_cart,agrum_conditioned,original,2,0,False,0.32,0.31,46.35546875
opentelemetry_demo,opentelemetry_demo--colocated--NC--r0--add_to_cart,agrum_conditioned,completion_projected,2,0,False,0.27,0.26,46.2421875
opentelemetry_demo,opentelemetry_demo--colocated--NC--r0--add_to_cart,agrum_joint,original,2,0,False,0.19,0.19,46.5078125
opentelemetry_demo,opentelemetry_demo--colocated--NC--r0--add_to_cart,agrum_joint,completion_projected,2,0,False,0.18,0.17,46.46875
opentelemetry_demo,opentelemetry_demo--colocated--NC--r0--add_to_cart,storm_sparse,original,2,0,False,0.23,0.23,93.33984375
opentelemetry_demo,opentelemetry_demo--colocated--NC--r0--add_to_cart,storm_sparse,completion_projected,2,0,False,0.21,0.2,93.2421875
opentelemetry_demo,opentelemetry_demo--colocated--NC--r0--add_to_cart,storm_compact,original,2,0,False,0.2,0.2,93.2578125
opentelemetry_demo,opentelemetry_demo--colocated--NC--r0--add_to_cart,storm_compact,completion_projected,2,0,False,0.2,0.2,93.28515625
opentelemetry_demo,opentelemetry_demo--colocated--NC--r0--add_to_cart,ours_direct,original,2,0,False,0.11,0.09999999999999999,34.2890625
opentelemetry_demo,opentelemetry_demo--colocated--NC--r0--add_to_cart,ours_direct,completion_projected,2,0,False,0.11,0.09999999999999999,34.4296875
opentelemetry_demo,opentelemetry_demo--colocated--NC--r0--add_to_cart,ours_prepared,original,2,0,False,0.1,0.1,34.36328125
opentelemetry_demo,opentelemetry_demo--colocated--NC--r0--add_to_cart,ours_prepared,completion_projected,2,0,False,0.1,0.09,34.4375
opentelemetry_demo,opentelemetry_demo--colocated--NC--r0--add_to_cart,cudd_fixed,original,2,0,False,0.2,0.19,59.55859375
opentelemetry_demo,opentelemetry_demo--colocated--NC--r0--browse_product,cudd_sift,original,2,0,False,0.2,0.19,59.55078125
opentelemetry_demo,opentelemetry_demo--colocated--NC--r0--browse_product,cudd_sift,completion_projected,2,0,False,0.2,0.19,59.6484375
opentelemetry_demo,opentelemetry_demo--colocated--NC--r0--browse_product,agrum_conditioned,original,2,0,False,0.29,0.29000000000000004,46.08203125
opentelemetry_demo,opentelemetry_demo--colocated--NC--r0--browse_product,agrum_conditioned,completion_projected,2,0,False,0.26,0.25,46.1328125
opentelemetry_demo,opentelemetry_demo--colocated--NC--r0--browse_product,agrum_joint,original,2,0,False,0.18,0.18,46.23828125
opentelemetry_demo,opentelemetry_demo--colocated--NC--r0--browse_product,agrum_joint,completion_projected,2,0,False,0.19,0.18000000000000002,46.453125
opentelemetry_demo,opentelemetry_demo--colocated--NC--r0--browse_product,storm_sparse,original,2,0,False,0.22,0.22,93.22265625
opentelemetry_demo,opentelemetry_demo--colocated--NC--r0--browse_product,storm_sparse,completion_projected,2,0,False,0.22,0.21,93.15234375
opentelemetry_demo,opentelemetry_demo--colocated--NC--r0--browse_product,storm_compact,original,2,0,False,0.21,0.21,93.15625
opentelemetry_demo,opentelemetry_demo--colocated--NC--r0--browse_product,storm_compact,completion_projected,2,0,False,0.2,0.2,93.171875
opentelemetry_demo,opentelemetry_demo--colocated--NC--r0--browse_product,ours_direct,original,2,0,False,0.11,0.09999999999999999,34.26953125
opentelemetry_demo,opentelemetry_demo--colocated--NC--r0--browse_product,ours_direct,completion_projected,2,0,False,0.1,0.1,34.27734375
opentelemetry_demo,opentelemetry_demo--colocated--NC--r0--browse_product,ours_prepared,original,2,0,False,0.1,0.1,34.28515625
opentelemetry_demo,opentelemetry_demo--colocated--NC--r0--browse_product,ours_prepared,completion_projected,2,0,False,0.12,0.12000000000000001,34.4140625
opentelemetry_demo,opentelemetry_demo--colocated--NC--r0--browse_product,cudd_fixed,original,2,0,False,0.19,0.19,59.61328125
opentelemetry_demo,opentelemetry_demo--colocated--NC--r0--browse_product,cudd_fixed,completion_projected,2,0,False,0.2,0.19,59.51953125
opentelemetry_demo,opentelemetry_demo--colocated--NC--r0--checkout,cudd_sift,completion_projected,2,0,False,0.2,0.19,59.703125
opentelemetry_demo,opentelemetry_demo--colocated--NC--r0--checkout,agrum_conditioned,original,2,0,False,0.5,0.49,46.85546875
opentelemetry_demo,opentelemetry_demo--colocated--NC--r0--checkout,agrum_conditioned,completion_projected,2,0,False,0.31,0.30000000000000004,46.546875
opentelemetry_demo,opentelemetry_demo--colocated--NC--r0--checkout,agrum_joint,original,2,0,False,0.25,0.25,46.9453125
opentelemetry_demo,opentelemetry_demo--colocated--NC--r0--checkout,agrum_joint,completion_projected,2,0,False,0.22,0.21,46.67578125
opentelemetry_demo,opentelemetry_demo--colocated--NC--r0--checkout,storm_sparse,original,2,0,False,0.27,0.27,94.203125
opentelemetry_demo,opentelemetry_demo--colocated--NC--r0--checkout,storm_sparse,completion_projected,2,0,False,0.23,0.22,93.41015625
opentelemetry_demo,opentelemetry_demo--colocated--NC--r0--checkout,storm_compact,original,2,0,False,0.23,0.22,93.96875
opentelemetry_demo,opentelemetry_demo--colocated--NC--r0--checkout,storm_compact,completion_projected,2,0,False,0.24,0.23,93.33203125
opentelemetry_demo,opentelemetry_demo--colocated--NC--r0--checkout,ours_direct,original,2,0,False,0.13,0.13,34.46484375
opentelemetry_demo,opentelemetry_demo--colocated--NC--r0--checkout,ours_direct,completion_projected,2,0,False,0.12,0.11,34.640625
opentelemetry_demo,opentelemetry_demo--colocated--NC--r0--checkout,ours_prepared,original,2,0,False,0.11,0.11,34.5078125
opentelemetry_demo,opentelemetry_demo--colocated--NC--r0--checkout,ours_prepared,completion_projected,2,0,False,0.11,0.09999999999999999,34.46875
opentelemetry_demo,opentelemetry_demo--colocated--NC--r0--checkout,cudd_fixed,original,2,0,False,0.22,0.22,59.4921875
opentelemetry_demo,opentelemetry_demo--colocated--NC--r0--checkout,cudd_fixed,completion_projected,2,0,False,0.21,0.2,59.69140625
opentelemetry_demo,opentelemetry_demo--colocated--NC--r0--checkout,cudd_sift,original,2,0,False,0.22,0.21,59.578125
opentelemetry_demo,opentelemetry_demo--colocated--NCD--r0--add_to_cart,agrum_conditioned,original,2,0,False,0.33,0.32,46.328125
opentelemetry_demo,opentelemetry_demo--colocated--NCD--r0--add_to_cart,agrum_conditioned,completion_projected,2,0,False,0.27,0.26,46.12890625
opentelemetry_demo,opentelemetry_demo--colocated--NCD--r0--add_to_cart,agrum_joint,original,2,0,False,0.19,0.19,46.5703125
opentelemetry_demo,opentelemetry_demo--colocated--NCD--r0--add_to_cart,agrum_joint,completion_projected,2,0,False,0.18,0.16999999999999998,46.609375
opentelemetry_demo,opentelemetry_demo--colocated--NCD--r0--add_to_cart,storm_sparse,original,2,0,False,0.23,0.23,93.41015625
opentelemetry_demo,opentelemetry_demo--colocated--NCD--r0--add_to_cart,storm_sparse,completion_projected,2,0,False,0.23,0.22,93.09765625
opentelemetry_demo,opentelemetry_demo--colocated--NCD--r0--add_to_cart,storm_compact,original,2,0,False,0.22,0.22,93.171875
opentelemetry_demo,opentelemetry_demo--colocated--NCD--r0--add_to_cart,storm_compact,completion_projected,2,0,False,0.21,0.21,93.23046875
opentelemetry_demo,opentelemetry_demo--colocated--NCD--r0--add_to_cart,ours_direct,original,2,0,False,0.11,0.11,34.35546875
opentelemetry_demo,opentelemetry_demo--colocated--NCD--r0--add_to_cart,ours_direct,completion_projected,2,0,False,0.11,0.09999999999999999,34.48828125
opentelemetry_demo,opentelemetry_demo--colocated--NCD--r0--add_to_cart,ours_prepared,original,2,0,False,0.1,0.1,34.41796875
opentelemetry_demo,opentelemetry_demo--colocated--NCD--r0--add_to_cart,ours_prepared,completion_projected,2,0,False,0.1,0.09999999999999999,34.40234375
opentelemetry_demo,opentelemetry_demo--colocated--NCD--r0--add_to_cart,cudd_fixed,original,2,0,False,0.2,0.2,59.49609375
opentelemetry_demo,opentelemetry_demo--colocated--NCD--r0--add_to_cart,cudd_fixed,completion_projected,2,0,False,0.2,0.19,59.41796875
opentelemetry_demo,opentelemetry_demo--colocated--NCD--r0--add_to_cart,cudd_sift,original,2,0,False,0.2,0.19,59.60546875
opentelemetry_demo,opentelemetry_demo--colocated--NCD--r0--add_to_cart,cudd_sift,completion_projected,2,0,False,0.21,0.19,59.5234375
opentelemetry_demo,opentelemetry_demo--colocated--NCD--r0--browse_product,agrum_conditioned,completion_projected,2,0,False,0.27,0.26,46.1484375
opentelemetry_demo,opentelemetry_demo--colocated--NCD--r0--browse_product,agrum_joint,original,2,0,False,0.19,0.19,46.51953125
opentelemetry_demo,opentelemetry_demo--colocated--NCD--r0--browse_product,agrum_joint,completion_projected,2,0,False,0.18,0.16999999999999998,46.3359375
opentelemetry_demo,opentelemetry_demo--colocated--NCD--r0--browse_product,storm_sparse,original,2,0,False,0.22,0.21,93.1796875
opentelemetry_demo,opentelemetry_demo--colocated--NCD--r0--browse_product,storm_sparse,completion_projected,2,0,False,0.22,0.21,93.28125
opentelemetry_demo,opentelemetry_demo--colocated--NCD--r0--browse_product,storm_compact,original,2,0,False,0.21,0.19999999999999998,93.453125
opentelemetry_demo,opentelemetry_demo--colocated--NCD--r0--browse_product,storm_compact,completion_projected,2,0,False,0.21,0.21,93.17578125
opentelemetry_demo,opentelemetry_demo--colocated--NCD--r0--browse_product,ours_direct,original,2,0,False,0.11,0.09999999999999999,34.40625
opentelemetry_demo,opentelemetry_demo--colocated--NCD--r0--browse_product,ours_direct,completion_projected,2,0,False,0.11,0.11,34.41015625
opentelemetry_demo,opentelemetry_demo--colocated--NCD--r0--browse_product,ours_prepared,original,2,0,False,0.1,0.09999999999999999,34.41796875
opentelemetry_demo,opentelemetry_demo--colocated--NCD--r0--browse_product,ours_prepared,completion_projected,2,0,False,0.1,0.09999999999999999,34.2890625
opentelemetry_demo,opentelemetry_demo--colocated--NCD--r0--browse_product,cudd_fixed,original,2,0,False,0.21,0.21000000000000002,59.60546875
opentelemetry_demo,opentelemetry_demo--colocated--NCD--r0--browse_product,cudd_fixed,completion_projected,2,0,False,0.21,0.2,59.609375
opentelemetry_demo,opentelemetry_demo--colocated--NCD--r0--browse_product,cudd_sift,original,2,0,False,0.21,0.2,59.58984375
opentelemetry_demo,opentelemetry_demo--colocated--NCD--r0--browse_product,cudd_sift,completion_projected,2,0,False,0.21,0.2,59.44921875
opentelemetry_demo,opentelemetry_demo--colocated--NCD--r0--browse_product,agrum_conditioned,original,2,0,False,0.31,0.30000000000000004,46.16796875
opentelemetry_demo,opentelemetry_demo--colocated--NCD--r0--checkout,agrum_joint,original,2,0,False,0.27,0.27,47.05078125
opentelemetry_demo,opentelemetry_demo--colocated--NCD--r0--checkout,agrum_joint,completion_projected,2,0,False,0.22,0.22,46.74609375
opentelemetry_demo,opentelemetry_demo--colocated--NCD--r0--checkout,storm_sparse,original,2,0,False,0.28,0.28,94.08984375
opentelemetry_demo,opentelemetry_demo--colocated--NCD--r0--checkout,storm_sparse,completion_projected,2,0,False,0.24,0.22999999999999998,93.49609375
opentelemetry_demo,opentelemetry_demo--colocated--NCD--r0--checkout,storm_compact,original,2,0,False,0.25,0.25,94.3125
opentelemetry_demo,opentelemetry_demo--colocated--NCD--r0--checkout,storm_compact,completion_projected,2,0,False,0.23,0.22,93.609375
opentelemetry_demo,opentelemetry_demo--colocated--NCD--r0--checkout,ours_direct,original,2,0,False,0.14,0.13,34.53125
opentelemetry_demo,opentelemetry_demo--colocated--NCD--r0--checkout,ours_direct,completion_projected,2,0,False,0.13,0.13,34.62890625
opentelemetry_demo,opentelemetry_demo--colocated--NCD--r0--checkout,ours_prepared,original,2,0,False,0.12,0.11,34.44921875
opentelemetry_demo,opentelemetry_demo--colocated--NCD--r0--checkout,ours_prepared,completion_projected,2,0,False,0.11,0.11,34.609375
opentelemetry_demo,opentelemetry_demo--colocated--NCD--r0--checkout,cudd_fixed,original,2,0,False,0.22,0.22,59.65625
opentelemetry_demo,opentelemetry_demo--colocated--NCD--r0--checkout,cudd_fixed,completion_projected,2,0,False,0.22,0.22,59.640625
opentelemetry_demo,opentelemetry_demo--colocated--NCD--r0--checkout,cudd_sift,original,2,0,False,0.23,0.23,59.61328125
opentelemetry_demo,opentelemetry_demo--colocated--NCD--r0--checkout,cudd_sift,completion_projected,2,0,False,0.25,0.25,59.69921875
opentelemetry_demo,opentelemetry_demo--colocated--NCD--r0--checkout,agrum_conditioned,original,2,0,False,0.55,0.55,46.88671875
opentelemetry_demo,opentelemetry_demo--colocated--NCD--r0--checkout,agrum_conditioned,completion_projected,2,0,False,0.35,0.34,46.52734375
opentelemetry_demo,opentelemetry_demo--colocated--ND--r0--add_to_cart,agrum_joint,completion_projected,2,0,False,0.14,0.13999999999999999,46.3125
opentelemetry_demo,opentelemetry_demo--colocated--ND--r0--add_to_cart,storm_sparse,original,2,0,False,0.2,0.2,92.77734375
opentelemetry_demo,opentelemetry_demo--colocated--ND--r0--add_to_cart,storm_sparse,completion_projected,2,0,False,0.21,0.19999999999999998,93.3359375
opentelemetry_demo,opentelemetry_demo--colocated--ND--r0--add_to_cart,storm_compact,original,2,0,False,0.2,0.2,93.34375
opentelemetry_demo,opentelemetry_demo--colocated--ND--r0--add_to_cart,storm_compact,completion_projected,2,0,False,0.2,0.19,93.328125
opentelemetry_demo,opentelemetry_demo--colocated--ND--r0--add_to_cart,ours_direct,original,2,0,False,0.1,0.1,34.3671875
opentelemetry_demo,opentelemetry_demo--colocated--ND--r0--add_to_cart,ours_direct,completion_projected,2,0,False,0.1,0.09,34.36328125
opentelemetry_demo,opentelemetry_demo--colocated--ND--r0--add_to_cart,ours_prepared,original,2,0,False,0.1,0.09,34.375
opentelemetry_demo,opentelemetry_demo--colocated--ND--r0--add_to_cart,ours_prepared,completion_projected,2,0,False,0.1,0.09,34.29296875
opentelemetry_demo,opentelemetry_demo--colocated--ND--r0--add_to_cart,cudd_fixed,original,2,0,False,0.21,0.21,59.61328125
opentelemetry_demo,opentelemetry_demo--colocated--ND--r0--add_to_cart,cudd_fixed,completion_projected,2,0,False,0.2,0.2,59.6171875
opentelemetry_demo,opentelemetry_demo--colocated--ND--r0--add_to_cart,cudd_sift,original,2,0,False,0.19,0.19,59.59765625
opentelemetry_demo,opentelemetry_demo--colocated--ND--r0--add_to_cart,cudd_sift,completion_projected,2,0,False,0.2,0.19,59.38671875
opentelemetry_demo,opentelemetry_demo--colocated--ND--r0--add_to_cart,agrum_conditioned,original,2,0,False,0.17,0.16999999999999998,46.24609375
opentelemetry_demo,opentelemetry_demo--colocated--ND--r0--add_to_cart,agrum_conditioned,completion_projected,2,0,False,0.15,0.15,46.20703125
opentelemetry_demo,opentelemetry_demo--colocated--ND--r0--add_to_cart,agrum_joint,original,2,0,False,0.14,0.13999999999999999,46.40234375
opentelemetry_demo,opentelemetry_demo--colocated--ND--r0--browse_product,storm_sparse,original,2,0,False,0.19,0.19,93.3125
opentelemetry_demo,opentelemetry_demo--colocated--ND--r0--browse_product,storm_sparse,completion_projected,2,0,False,0.19,0.19,93.41796875
opentelemetry_demo,opentelemetry_demo--colocated--ND--r0--browse_product,storm_compact,original,2,0,False,0.19,0.18,93.30859375
opentelemetry_demo,opentelemetry_demo--colocated--ND--r0--browse_product,storm_compact,completion_projected,2,0,False,0.19,0.18,93.31640625
opentelemetry_demo,opentelemetry_demo--colocated--ND--r0--browse_product,ours_direct,original,2,0,False,0.09,0.08,34.33203125
opentelemetry_demo,opentelemetry_demo--colocated--ND--r0--browse_product,ours_direct,completion_projected,2,0,False,0.09,0.09000000000000001,34.30859375
opentelemetry_demo,opentelemetry_demo--colocated--ND--r0--browse_product,ours_prepared,original,2,0,False,0.09,0.09000000000000001,34.23828125
opentelemetry_demo,opentelemetry_demo--colocated--ND--r0--browse_product,ours_prepared,completion_projected,2,0,False,0.09,0.09,34.265625
opentelemetry_demo,opentelemetry_demo--colocated--ND--r0--browse_product,cudd_fixed,original,2,0,False,0.19,0.18,59.41015625
opentelemetry_demo,opentelemetry_demo--colocated--ND--r0--browse_product,cudd_fixed,completion_projected,2,0,False,0.19,0.19,59.546875
opentelemetry_demo,opentelemetry_demo--colocated--ND--r0--browse_product,cudd_sift,original,2,0,False,0.19,0.19,59.6171875
opentelemetry_demo,opentelemetry_demo--colocated--ND--r0--browse_product,cudd_sift,completion_projected,2,0,False,0.19,0.19,59.50390625
opentelemetry_demo,opentelemetry_demo--colocated--ND--r0--browse_product,agrum_conditioned,original,2,0,False,0.16,0.15000000000000002,46.3359375
opentelemetry_demo,opentelemetry_demo--colocated--ND--r0--browse_product,agrum_conditioned,completion_projected,2,0,False,0.15,0.14,46.05078125
opentelemetry_demo,opentelemetry_demo--colocated--ND--r0--browse_product,agrum_joint,original,2,0,False,0.14,0.13,46.21875
opentelemetry_demo,opentelemetry_demo--colocated--ND--r0--browse_product,agrum_joint,completion_projected,2,0,False,0.14,0.13,46.16015625
opentelemetry_demo,opentelemetry_demo--colocated--ND--r0--checkout,storm_sparse,completion_projected,2,0,False,0.2,0.19,92.96875
opentelemetry_demo,opentelemetry_demo--colocated--ND--r0--checkout,storm_compact,original,2,0,False,0.2,0.19,93.015625
opentelemetry_demo,opentelemetry_demo--colocated--ND--r0--checkout,storm_compact,completion_projected,2,0,False,0.2,0.2,93.15625
opentelemetry_demo,opentelemetry_demo--colocated--ND--r0--checkout,ours_direct,original,2,0,False,0.1,0.09,34.35546875
opentelemetry_demo,opentelemetry_demo--colocated--ND--r0--checkout,ours_direct,completion_projected,2,0,False,0.1,0.09,34.45703125
opentelemetry_demo,opentelemetry_demo--colocated--ND--r0--checkout,ours_prepared,original,2,0,False,0.1,0.09,34.35546875
opentelemetry_demo,opentelemetry_demo--colocated--ND--r0--checkout,ours_prepared,completion_projected,2,0,False,0.1,0.09,34.4609375
opentelemetry_demo,opentelemetry_demo--colocated--ND--r0--checkout,cudd_fixed,original,2,0,False,0.19,0.18,59.66015625
opentelemetry_demo,opentelemetry_demo--colocated--ND--r0--checkout,cudd_fixed,completion_projected,2,0,False,0.19,0.18,59.44140625
opentelemetry_demo,opentelemetry_demo--colocated--ND--r0--checkout,cudd_sift,original,2,0,False,0.19,0.19,59.67578125
opentelemetry_demo,opentelemetry_demo--colocated--ND--r0--checkout,cudd_sift,completion_projected,2,0,False,0.22,0.21,59.45703125
opentelemetry_demo,opentelemetry_demo--colocated--ND--r0--checkout,agrum_conditioned,original,2,0,False,0.21,0.21,46.4140625
opentelemetry_demo,opentelemetry_demo--colocated--ND--r0--checkout,agrum_conditioned,completion_projected,2,0,False,0.18,0.16999999999999998,46.15625
opentelemetry_demo,opentelemetry_demo--colocated--ND--r0--checkout,agrum_joint,original,2,0,False,0.16,0.15000000000000002,46.6875
opentelemetry_demo,opentelemetry_demo--colocated--ND--r0--checkout,agrum_joint,completion_projected,2,0,False,0.14,0.13999999999999999,46.125
opentelemetry_demo,opentelemetry_demo--colocated--ND--r0--checkout,storm_sparse,original,2,0,False,0.21,0.21,93.00390625
opentelemetry_demo,opentelemetry_demo--split--N--r0--add_to_cart,storm_compact,original,2,0,False,0.2,0.19,93.34375
opentelemetry_demo,opentelemetry_demo--split--N--r0--add_to_cart,storm_compact,completion_projected,2,0,False,0.2,0.2,93.3203125
opentelemetry_demo,opentelemetry_demo--split--N--r0--add_to_cart,ours_direct,original,2,0,False,0.09,0.09,34.35546875
opentelemetry_demo,opentelemetry_demo--split--N--r0--add_to_cart,ours_direct,completion_projected,2,0,False,0.1,0.09,34.1953125
opentelemetry_demo,opentelemetry_demo--split--N--r0--add_to_cart,ours_prepared,original,2,0,False,0.09,0.09,34.375
opentelemetry_demo,opentelemetry_demo--split--N--r0--add_to_cart,ours_prepared,completion_projected,2,0,False,0.1,0.09,34.21484375
opentelemetry_demo,opentelemetry_demo--split--N--r0--add_to_cart,cudd_fixed,original,2,0,False,0.2,0.19,59.6015625
opentelemetry_demo,opentelemetry_demo--split--N--r0--add_to_cart,cudd_fixed,completion_projected,2,0,False,0.2,0.19,59.53125
opentelemetry_demo,opentelemetry_demo--split--N--r0--add_to_cart,cudd_sift,original,2,0,False,0.2,0.19,59.59765625
opentelemetry_demo,opentelemetry_demo--split--N--r0--add_to_cart,cudd_sift,completion_projected,2,0,False,0.2,0.2,59.5078125
opentelemetry_demo,opentelemetry_demo--split--N--r0--add_to_cart,agrum_conditioned,original,2,0,False,0.17,0.16999999999999998,46.37890625
opentelemetry_demo,opentelemetry_demo--split--N--r0--add_to_cart,agrum_conditioned,completion_projected,2,0,False,0.16,0.15,46.19140625
opentelemetry_demo,opentelemetry_demo--split--N--r0--add_to_cart,agrum_joint,original,2,0,False,0.14,0.14,46.3359375
opentelemetry_demo,opentelemetry_demo--split--N--r0--add_to_cart,agrum_joint,completion_projected,2,0,False,0.14,0.13,46.2578125
opentelemetry_demo,opentelemetry_demo--split--N--r0--add_to_cart,storm_sparse,original,2,0,False,0.19,0.18,93.06640625
opentelemetry_demo,opentelemetry_demo--split--N--r0--add_to_cart,storm_sparse,completion_projected,2,0,False,0.2,0.19,93.23046875
opentelemetry_demo,opentelemetry_demo--split--N--r0--browse_product,storm_compact,completion_projected,2,0,False,0.2,0.19,93.47265625
opentelemetry_demo,opentelemetry_demo--split--N--r0--browse_product,ours_direct,original,2,0,False,0.1,0.09,34.1875
opentelemetry_demo,opentelemetry_demo--split--N--r0--browse_product,ours_direct,completion_projected,2,0,False,0.09,0.09,34.33203125
opentelemetry_demo,opentelemetry_demo--split--N--r0--browse_product,ours_prepared,original,2,0,False,0.1,0.1,34.25390625
opentelemetry_demo,opentelemetry_demo--split--N--r0--browse_product,ours_prepared,completion_projected,2,0,False,0.1,0.09999999999999999,34.375
opentelemetry_demo,opentelemetry_demo--split--N--r0--browse_product,cudd_fixed,original,2,0,False,0.2,0.19,59.62109375
opentelemetry_demo,opentelemetry_demo--split--N--r0--browse_product,cudd_fixed,completion_projected,2,0,False,0.19,0.18,59.59765625
opentelemetry_demo,opentelemetry_demo--split--N--r0--browse_product,cudd_sift,original,2,0,False,0.19,0.18,59.4140625
opentelemetry_demo,opentelemetry_demo--split--N--r0--browse_product,cudd_sift,completion_projected,2,0,False,0.2,0.19,59.49609375
opentelemetry_demo,opentelemetry_demo--split--N--r0--browse_product,agrum_conditioned,original,2,0,False,0.16,0.16,46.39453125
opentelemetry_demo,opentelemetry_demo--split--N--r0--browse_product,agrum_conditioned,completion_projected,2,0,False,0.16,0.15000000000000002,46.2578125
opentelemetry_demo,opentelemetry_demo--split--N--r0--browse_product,agrum_joint,original,2,0,False,0.14,0.13,46.11328125
opentelemetry_demo,opentelemetry_demo--split--N--r0--browse_product,agrum_joint,completion_projected,2,0,False,0.14,0.13,46.28515625
opentelemetry_demo,opentelemetry_demo--split--N--r0--browse_product,storm_sparse,original,2,0,False,0.19,0.18,93.453125
opentelemetry_demo,opentelemetry_demo--split--N--r0--browse_product,storm_sparse,completion_projected,2,0,False,0.2,0.19,93.19921875
opentelemetry_demo,opentelemetry_demo--split--N--r0--browse_product,storm_compact,original,2,0,False,0.19,0.19,93.265625
opentelemetry_demo,opentelemetry_demo--split--N--r0--checkout,ours_direct,original,2,0,False,0.1,0.09,34.33203125
opentelemetry_demo,opentelemetry_demo--split--N--r0--checkout,ours_direct,completion_projected,2,0,False,0.1,0.09,34.4609375
opentelemetry_demo,opentelemetry_demo--split--N--r0--checkout,ours_prepared,original,2,0,False,0.1,0.1,34.50390625
opentelemetry_demo,opentelemetry_demo--split--N--r0--checkout,ours_prepared,completion_projected,2,0,False,0.1,0.1,34.4765625
opentelemetry_demo,opentelemetry_demo--split--N--r0--checkout,cudd_fixed,original,2,0,False,0.2,0.19,59.66015625
opentelemetry_demo,opentelemetry_demo--split--N--r0--checkout,cudd_fixed,completion_projected,2,0,False,0.21,0.21,59.59765625
opentelemetry_demo,opentelemetry_demo--split--N--r0--checkout,cudd_sift,original,2,0,False,0.21,0.2,59.51171875
opentelemetry_demo,opentelemetry_demo--split--N--r0--checkout,cudd_sift,completion_projected,2,0,False,0.2,0.2,59.58984375
opentelemetry_demo,opentelemetry_demo--split--N--r0--checkout,agrum_conditioned,original,2,0,False,0.24,0.22999999999999998,46.58203125
opentelemetry_demo,opentelemetry_demo--split--N--r0--checkout,agrum_conditioned,completion_projected,2,0,False,0.18,0.18,46.1328125
opentelemetry_demo,opentelemetry_demo--split--N--r0--checkout,agrum_joint,original,2,0,False,0.17,0.16,46.71484375
opentelemetry_demo,opentelemetry_demo--split--N--r0--checkout,agrum_joint,completion_projected,2,0,False,0.15,0.15,46.3203125
opentelemetry_demo,opentelemetry_demo--split--N--r0--checkout,storm_sparse,original,2,0,False,0.2,0.19999999999999998,93.21484375
opentelemetry_demo,opentelemetry_demo--split--N--r0--checkout,storm_sparse,completion_projected,2,0,False,0.2,0.19,93.0625
opentelemetry_demo,opentelemetry_demo--split--N--r0--checkout,storm_compact,original,2,0,False,0.2,0.19,93.34765625
opentelemetry_demo,opentelemetry_demo--split--N--r0--checkout,storm_compact,completion_projected,2,0,False,0.2,0.19,93.0
opentelemetry_demo,opentelemetry_demo--split--NC--r0--add_to_cart,ours_direct,completion_projected,2,0,False,0.11,0.09999999999999999,34.4375
opentelemetry_demo,opentelemetry_demo--split--NC--r0--add_to_cart,ours_prepared,original,2,0,False,0.1,0.09,34.33203125
opentelemetry_demo,opentelemetry_demo--split--NC--r0--add_to_cart,ours_prepared,completion_projected,2,0,False,0.11,0.11,34.390625
opentelemetry_demo,opentelemetry_demo--split--NC--r0--add_to_cart,cudd_fixed,original,2,0,False,0.2,0.19,59.5078125
opentelemetry_demo,opentelemetry_demo--split--NC--r0--add_to_cart,cudd_fixed,completion_projected,2,0,False,0.21,0.2,59.5390625
opentelemetry_demo,opentelemetry_demo--split--NC--r0--add_to_cart,cudd_sift,original,2,0,False,0.2,0.2,59.4296875
opentelemetry_demo,opentelemetry_demo--split--NC--r0--add_to_cart,cudd_sift,completion_projected,2,0,False,0.21,0.19999999999999998,59.6328125
opentelemetry_demo,opentelemetry_demo--split--NC--r0--add_to_cart,agrum_conditioned,original,2,0,False,0.33,0.32,46.25390625
opentelemetry_demo,opentelemetry_demo--split--NC--r0--add_to_cart,agrum_conditioned,completion_projected,2,0,False,0.28,0.28,46.1328125
opentelemetry_demo,opentelemetry_demo--split--NC--r0--add_to_cart,agrum_joint,original,2,0,False,0.2,0.19,46.58984375
opentelemetry_demo,opentelemetry_demo--split--NC--r0--add_to_cart,agrum_joint,completion_projected,2,0,False,0.18,0.18,46.546875
opentelemetry_demo,opentelemetry_demo--split--NC--r0--add_to_cart,storm_sparse,original,2,0,False,0.24,0.23,93.48828125
opentelemetry_demo,opentelemetry_demo--split--NC--r0--add_to_cart,storm_sparse,completion_projected,2,0,False,0.22,0.21,93.3359375
opentelemetry_demo,opentelemetry_demo--split--NC--r0--add_to_cart,storm_compact,original,2,0,False,0.22,0.22,93.6484375
opentelemetry_demo,opentelemetry_demo--split--NC--r0--add_to_cart,storm_compact,completion_projected,2,0,False,0.21,0.19999999999999998,93.1796875
opentelemetry_demo,opentelemetry_demo--split--NC--r0--add_to_cart,ours_direct,original,2,0,False,0.11,0.11,34.3515625
opentelemetry_demo,opentelemetry_demo--split--NC--r0--browse_product,ours_prepared,original,2,0,False,0.1,0.1,34.390625
opentelemetry_demo,opentelemetry_demo--split--NC--r0--browse_product,ours_prepared,completion_projected,2,0,False,0.1,0.09,34.296875
opentelemetry_demo,opentelemetry_demo--split--NC--r0--browse_product,cudd_fixed,original,2,0,False,0.21,0.21000000000000002,59.39453125
opentelemetry_demo,opentelemetry_demo--split--NC--r0--browse_product,cudd_fixed,completion_projected,2,0,False,0.21,0.19999999999999998,59.609375
opentelemetry_demo,opentelemetry_demo--split--NC--r0--browse_product,cudd_sift,original,2,0,False,0.21,0.21,59.42578125
opentelemetry_demo,opentelemetry_demo--split--NC--r0--browse_product,cudd_sift,completion_projected,2,0,False,0.21,0.2,59.609375
opentelemetry_demo,opentelemetry_demo--split--NC--r0--browse_product,agrum_conditioned,original,2,0,False,0.29,0.29000000000000004,46.234375
opentelemetry_demo,opentelemetry_demo--split--NC--r0--browse_product,agrum_conditioned,completion_projected,2,0,False,0.26,0.26,46.11328125
opentelemetry_demo,opentelemetry_demo--split--NC--r0--browse_product,agrum_joint,original,2,0,False,0.19,0.19,46.3671875
opentelemetry_demo,opentelemetry_demo--split--NC--r0--browse_product,agrum_joint,completion_projected,2,0,False,0.18,0.17,46.30859375
opentelemetry_demo,opentelemetry_demo--split--NC--r0--browse_product,storm_sparse,original,2,0,False,0.23,0.22,93.36328125
opentelemetry_demo,opentelemetry_demo--split--NC--r0--browse_product,storm_sparse,completion_projected,2,0,False,0.23,0.23,93.0234375
opentelemetry_demo,opentelemetry_demo--split--NC--r0--browse_product,storm_compact,original,2,0,False,0.21,0.21,93.28515625
opentelemetry_demo,opentelemetry_demo--split--NC--r0--browse_product,storm_compact,completion_projected,2,0,False,0.23,0.23,93.2734375
opentelemetry_demo,opentelemetry_demo--split--NC--r0--browse_product,ours_direct,original,2,0,False,0.11,0.09999999999999999,34.3046875
opentelemetry_demo,opentelemetry_demo--split--NC--r0--browse_product,ours_direct,completion_projected,2,0,False,0.11,0.09999999999999999,34.41015625
opentelemetry_demo,opentelemetry_demo--split--NC--r0--checkout,ours_prepared,completion_projected,2,0,False,0.11,0.11,34.60546875
opentelemetry_demo,opentelemetry_demo--split--NC--r0--checkout,cudd_fixed,original,2,0,False,0.21,0.21,59.4765625
opentelemetry_demo,opentelemetry_demo--split--NC--r0--checkout,cudd_fixed,completion_projected,2,0,False,0.22,0.21000000000000002,59.65234375
opentelemetry_demo,opentelemetry_demo--split--NC--r0--checkout,cudd_sift,original,2,0,False,0.21,0.21000000000000002,59.66015625
opentelemetry_demo,opentelemetry_demo--split--NC--r0--checkout,cudd_sift,completion_projected,2,0,False,0.21,0.2,59.5703125
opentelemetry_demo,opentelemetry_demo--split--NC--r0--checkout,agrum_conditioned,original,2,0,False,0.52,0.52,46.98046875
opentelemetry_demo,opentelemetry_demo--split--NC--r0--checkout,agrum_conditioned,completion_projected,2,0,False,0.29,0.29000000000000004,46.453125
opentelemetry_demo,opentelemetry_demo--split--NC--r0--checkout,agrum_joint,original,2,0,False,0.27,0.26,47.05078125
opentelemetry_demo,opentelemetry_demo--split--NC--r0--checkout,agrum_joint,completion_projected,2,0,False,0.19,0.19,46.66015625
opentelemetry_demo,opentelemetry_demo--split--NC--r0--checkout,storm_sparse,original,2,0,False,0.28,0.27,94.078125
opentelemetry_demo,opentelemetry_demo--split--NC--r0--checkout,storm_sparse,completion_projected,2,0,False,0.23,0.23,93.48046875
opentelemetry_demo,opentelemetry_demo--split--NC--r0--checkout,storm_compact,original,2,0,False,0.24,0.24,94.390625
opentelemetry_demo,opentelemetry_demo--split--NC--r0--checkout,storm_compact,completion_projected,2,0,False,0.24,0.23,93.390625
opentelemetry_demo,opentelemetry_demo--split--NC--r0--checkout,ours_direct,original,2,0,False,0.14,0.13999999999999999,34.3125
opentelemetry_demo,opentelemetry_demo--split--NC--r0--checkout,ours_direct,completion_projected,2,0,False,0.12,0.11,34.6328125
opentelemetry_demo,opentelemetry_demo--split--NC--r0--checkout,ours_prepared,original,2,0,False,0.11,0.11,34.5
opentelemetry_demo,opentelemetry_demo--split--NCD--r0--add_to_cart,cudd_fixed,original,2,0,False,0.21,0.21,59.55859375
opentelemetry_demo,opentelemetry_demo--split--NCD--r0--add_to_cart,cudd_fixed,completion_projected,2,0,False,0.21,0.21,59.54296875
opentelemetry_demo,opentelemetry_demo--split--NCD--r0--add_to_cart,cudd_sift,original,2,0,False,0.21,0.19999999999999998,59.44140625
opentelemetry_demo,opentelemetry_demo--split--NCD--r0--add_to_cart,cudd_sift,completion_projected,2,0,False,0.21,0.21,59.578125
opentelemetry_demo,opentelemetry_demo--split--NCD--r0--add_to_cart,agrum_conditioned,original,2,0,False,0.33,0.32,46.26171875
opentelemetry_demo,opentelemetry_demo--split--NCD--r0--add_to_cart,agrum_conditioned,completion_projected,2,0,False,0.28,0.28,46.140625
opentelemetry_demo,opentelemetry_demo--split--NCD--r0--add_to_cart,agrum_joint,original,2,0,False,0.2,0.19999999999999998,46.47265625
opentelemetry_demo,opentelemetry_demo--split--NCD--r0--add_to_cart,agrum_joint,completion_projected,2,0,False,0.19,0.19,46.453125
opentelemetry_demo,opentelemetry_demo--split--NCD--r0--add_to_cart,storm_sparse,original,2,0,False,0.23,0.22,93.4453125
opentelemetry_demo,opentelemetry_demo--split--NCD--r0--add_to_cart,storm_sparse,completion_projected,2,0,False,0.23,0.22,93.296875
opentelemetry_demo,opentelemetry_demo--split--NCD--r0--add_to_cart,storm_compact,original,2,0,False,0.21,0.21,93.25390625
opentelemetry_demo,opentelemetry_demo--split--NCD--r0--add_to_cart,storm_compact,completion_projected,2,0,False,0.21,0.21,93.23828125
opentelemetry_demo,opentelemetry_demo--split--NCD--r0--add_to_cart,ours_direct,original,2,0,False,0.11,0.09999999999999999,34.29296875
opentelemetry_demo,opentelemetry_demo--split--NCD--r0--add_to_cart,ours_direct,completion_projected,2,0,False,0.1,0.09999999999999999,34.453125
opentelemetry_demo,opentelemetry_demo--split--NCD--r0--add_to_cart,ours_prepared,original,2,0,False,0.1,0.09,34.24609375
opentelemetry_demo,opentelemetry_demo--split--NCD--r0--add_to_cart,ours_prepared,completion_projected,2,0,False,0.1,0.09,34.4296875
opentelemetry_demo,opentelemetry_demo--split--NCD--r0--browse_product,cudd_fixed,completion_projected,2,0,False,0.2,0.19,59.62890625
opentelemetry_demo,opentelemetry_demo--split--NCD--r0--browse_product,cudd_sift,original,2,0,False,0.2,0.19,59.60546875
opentelemetry_demo,opentelemetry_demo--split--NCD--r0--browse_product,cudd_sift,completion_projected,2,0,False,0.2,0.19,59.47265625
opentelemetry_demo,opentelemetry_demo--split--NCD--r0--browse_product,agrum_conditioned,original,2,0,False,0.33,0.32,46.24609375
opentelemetry_demo,opentelemetry_demo--split--NCD--r0--browse_product,agrum_conditioned,completion_projected,2,0,False,0.28,0.27,46.1484375
opentelemetry_demo,opentelemetry_demo--split--NCD--r0--browse_product,agrum_joint,original,2,0,False,0.19,0.19,46.44921875
opentelemetry_demo,opentelemetry_demo--split--NCD--r0--browse_product,agrum_joint,completion_projected,2,0,False,0.18,0.18,46.3671875
opentelemetry_demo,opentelemetry_demo--split--NCD--r0--browse_product,storm_sparse,original,2,0,False,0.22,0.22,93.25390625
opentelemetry_demo,opentelemetry_demo--split--NCD--r0--browse_product,storm_sparse,completion_projected,2,0,False,0.22,0.21,93.3203125
opentelemetry_demo,opentelemetry_demo--split--NCD--r0--browse_product,storm_compact,original,2,0,False,0.2,0.2,93.3046875
opentelemetry_demo,opentelemetry_demo--split--NCD--r0--browse_product,storm_compact,completion_projected,2,0,False,0.2,0.2,93.30859375
opentelemetry_demo,opentelemetry_demo--split--NCD--r0--browse_product,ours_direct,original,2,0,False,0.11,0.09999999999999999,34.50390625
opentelemetry_demo,opentelemetry_demo--split--NCD--r0--browse_product,ours_direct,completion_projected,2,0,False,0.11,0.09999999999999999,34.43359375
opentelemetry_demo,opentelemetry_demo--split--NCD--r0--browse_product,ours_prepared,original,2,0,False,0.11,0.09999999999999999,34.390625
opentelemetry_demo,opentelemetry_demo--split--NCD--r0--browse_product,ours_prepared,completion_projected,2,0,False,0.1,0.09,34.3359375
opentelemetry_demo,opentelemetry_demo--split--NCD--r0--browse_product,cudd_fixed,original,2,0,False,0.21,0.19999999999999998,59.58984375
opentelemetry_demo,opentelemetry_demo--split--NCD--r0--checkout,cudd_sift,original,2,0,False,0.22,0.21000000000000002,59.4609375
opentelemetry_demo,opentelemetry_demo--split--NCD--r0--checkout,cudd_sift,completion_projected,2,0,False,0.21,0.21000000000000002,59.65625
opentelemetry_demo,opentelemetry_demo--split--NCD--r0--checkout,agrum_conditioned,original,2,0,False,0.54,0.53,46.828125
opentelemetry_demo,opentelemetry_demo--split--NCD--r0--checkout,agrum_conditioned,completion_projected,2,0,False,0.35,0.34,46.65625
opentelemetry_demo,opentelemetry_demo--split--NCD--r0--checkout,agrum_joint,original,2,0,False,0.27,0.27,46.97265625
opentelemetry_demo,opentelemetry_demo--split--NCD--r0--checkout,agrum_joint,completion_projected,2,0,False,0.23,0.22999999999999998,46.6328125
opentelemetry_demo,opentelemetry_demo--split--NCD--r0--checkout,storm_sparse,original,2,0,False,0.28,0.27,94.203125
opentelemetry_demo,opentelemetry_demo--split--NCD--r0--checkout,storm_sparse,completion_projected,2,0,False,0.23,0.23,93.62890625
opentelemetry_demo,opentelemetry_demo--split--NCD--r0--checkout,storm_compact,original,2,0,False,0.23,0.22,93.92578125
opentelemetry_demo,opentelemetry_demo--split--NCD--r0--checkout,storm_compact,completion_projected,2,0,False,0.21,0.19999999999999998,93.609375
opentelemetry_demo,opentelemetry_demo--split--NCD--r0--checkout,ours_direct,original,2,0,False,0.14,0.13,34.515625
opentelemetry_demo,opentelemetry_demo--split--NCD--r0--checkout,ours_direct,completion_projected,2,0,False,0.13,0.12,34.4375
opentelemetry_demo,opentelemetry_demo--split--NCD--r0--checkout,ours_prepared,original,2,0,False,0.12,0.11,34.51953125
opentelemetry_demo,opentelemetry_demo--split--NCD--r0--checkout,ours_prepared,completion_projected,2,0,False,0.11,0.11,34.625
opentelemetry_demo,opentelemetry_demo--split--NCD--r0--checkout,cudd_fixed,original,2,0,False,0.22,0.21,59.4609375
opentelemetry_demo,opentelemetry_demo--split--NCD--r0--checkout,cudd_fixed,completion_projected,2,0,False,0.21,0.2,59.58203125
opentelemetry_demo,opentelemetry_demo--split--ND--r0--add_to_cart,cudd_sift,completion_projected,2,0,False,0.2,0.2,59.5625
opentelemetry_demo,opentelemetry_demo--split--ND--r0--add_to_cart,agrum_conditioned,original,2,0,False,0.17,0.16,46.16015625
opentelemetry_demo,opentelemetry_demo--split--ND--r0--add_to_cart,agrum_conditioned,completion_projected,2,0,False,0.15,0.14,46.08203125
opentelemetry_demo,opentelemetry_demo--split--ND--r0--add_to_cart,agrum_joint,original,2,0,False,0.14,0.13999999999999999,46.28515625
opentelemetry_demo,opentelemetry_demo--split--ND--r0--add_to_cart,agrum_joint,completion_projected,2,0,False,0.14,0.13,46.30078125
opentelemetry_demo,opentelemetry_demo--split--ND--r0--add_to_cart,storm_sparse,original,2,0,False,0.2,0.2,92.86328125
opentelemetry_demo,opentelemetry_demo--split--ND--r0--add_to_cart,storm_sparse,completion_projected,2,0,False,0.21,0.2,93.4609375
opentelemetry_demo,opentelemetry_demo--split--ND--r0--add_to_cart,storm_compact,original,2,0,False,0.21,0.21,93.35546875
opentelemetry_demo,opentelemetry_demo--split--ND--r0--add_to_cart,storm_compact,completion_projected,2,0,False,0.21,0.19999999999999998,93.33984375
opentelemetry_demo,opentelemetry_demo--split--ND--r0--add_to_cart,ours_direct,original,2,0,False,0.1,0.09999999999999999,34.33203125
opentelemetry_demo,opentelemetry_demo--split--ND--r0--add_to_cart,ours_direct,completion_projected,2,0,False,0.1,0.09,34.28515625
opentelemetry_demo,opentelemetry_demo--split--ND--r0--add_to_cart,ours_prepared,original,2,0,False,0.1,0.1,34.25390625
opentelemetry_demo,opentelemetry_demo--split--ND--r0--add_to_cart,ours_prepared,completion_projected,2,0,False,0.1,0.1,34.265625
opentelemetry_demo,opentelemetry_demo--split--ND--r0--add_to_cart,cudd_fixed,original,2,0,False,0.21,0.2,59.6015625
opentelemetry_demo,opentelemetry_demo--split--ND--r0--add_to_cart,cudd_fixed,completion_projected,2,0,False,0.2,0.2,59.421875
opentelemetry_demo,opentelemetry_demo--split--ND--r0--add_to_cart,cudd_sift,original,2,0,False,0.2,0.2,59.39453125
opentelemetry_demo,opentelemetry_demo--split--ND--r0--browse_product,agrum_conditioned,original,2,0,False,0.16,0.15,46.15234375
opentelemetry_demo,opentelemetry_demo--split--ND--r0--browse_product,agrum_conditioned,completion_projected,2,0,False,0.15,0.15,46.359375
opentelemetry_demo,opentelemetry_demo--split--ND--r0--browse_product,agrum_joint,original,2,0,False,0.13,0.13,46.359375
opentelemetry_demo,opentelemetry_demo--split--ND--r0--browse_product,agrum_joint,completion_projected,2,0,False,0.14,0.13,46.28515625
opentelemetry_demo,opentelemetry_demo--split--ND--r0--browse_product,storm_sparse,original,2,0,False,0.21,0.2,93.3359375
opentelemetry_demo,opentelemetry_demo--split--ND--r0--browse_product,storm_sparse,completion_projected,2,0,False,0.2,0.19,93.26953125
opentelemetry_demo,opentelemetry_demo--split--ND--r0--browse_product,storm_compact,original,2,0,False,0.2,0.19,93.46875
opentelemetry_demo,opentelemetry_demo--split--ND--r0--browse_product,storm_compact,completion_projected,2,0,False,0.22,0.21,93.37109375
opentelemetry_demo,opentelemetry_demo--split--ND--r0--browse_product,ours_direct,original,2,0,False,0.1,0.09000000000000001,34.015625
opentelemetry_demo,opentelemetry_demo--split--ND--r0--browse_product,ours_direct,completion_projected,2,0,False,0.1,0.09,34.26953125
opentelemetry_demo,opentelemetry_demo--split--ND--r0--browse_product,ours_prepared,original,2,0,False,0.1,0.1,34.375
opentelemetry_demo,opentelemetry_demo--split--ND--r0--browse_product,ours_prepared,completion_projected,2,0,False,0.1,0.09,34.20703125
opentelemetry_demo,opentelemetry_demo--split--ND--r0--browse_product,cudd_fixed,original,2,0,False,0.21,0.2,59.5546875
opentelemetry_demo,opentelemetry_demo--split--ND--r0--browse_product,cudd_fixed,completion_projected,2,0,False,0.2,0.19,59.4453125
opentelemetry_demo,opentelemetry_demo--split--ND--r0--browse_product,cudd_sift,original,2,0,False,0.2,0.19,59.59375
opentelemetry_demo,opentelemetry_demo--split--ND--r0--browse_product,cudd_sift,completion_projected,2,0,False,0.2,0.19,59.37109375
opentelemetry_demo,opentelemetry_demo--split--ND--r0--checkout,agrum_conditioned,completion_projected,2,0,False,0.18,0.18,46.1171875
opentelemetry_demo,opentelemetry_demo--split--ND--r0--checkout,agrum_joint,original,2,0,False,0.17,0.16999999999999998,46.69921875
opentelemetry_demo,opentelemetry_demo--split--ND--r0--checkout,agrum_joint,completion_projected,2,0,False,0.15,0.14,46.23046875
opentelemetry_demo,opentelemetry_demo--split--ND--r0--checkout,storm_sparse,original,2,0,False,0.22,0.21,92.953125
opentelemetry_demo,opentelemetry_demo--split--ND--r0--checkout,storm_sparse,completion_projected,2,0,False,0.21,0.2,93.0
opentelemetry_demo,opentelemetry_demo--split--ND--r0--checkout,storm_compact,original,2,0,False,0.21,0.21,93.29296875
opentelemetry_demo,opentelemetry_demo--split--ND--r0--checkout,storm_compact,completion_projected,2,0,False,0.21,0.2,93.109375
opentelemetry_demo,opentelemetry_demo--split--ND--r0--checkout,ours_direct,original,2,0,False,0.11,0.1,34.4296875
opentelemetry_demo,opentelemetry_demo--split--ND--r0--checkout,ours_direct,completion_projected,2,0,False,0.1,0.09,34.46484375
opentelemetry_demo,opentelemetry_demo--split--ND--r0--checkout,ours_prepared,original,2,0,False,0.1,0.09,34.37109375
opentelemetry_demo,opentelemetry_demo--split--ND--r0--checkout,ours_prepared,completion_projected,2,0,False,0.11,0.11,34.47265625
opentelemetry_demo,opentelemetry_demo--split--ND--r0--checkout,cudd_fixed,original,2,0,False,0.22,0.21,59.43359375
opentelemetry_demo,opentelemetry_demo--split--ND--r0--checkout,cudd_fixed,completion_projected,2,0,False,0.21,0.19999999999999998,59.62890625
opentelemetry_demo,opentelemetry_demo--split--ND--r0--checkout,cudd_sift,original,2,0,False,0.21,0.21,59.6328125
opentelemetry_demo,opentelemetry_demo--split--ND--r0--checkout,cudd_sift,completion_projected,2,0,False,0.2,0.19,59.65625
opentelemetry_demo,opentelemetry_demo--split--ND--r0--checkout,agrum_conditioned,original,2,0,False,0.23,0.22999999999999998,46.4609375
spring_petclinic_microservices,spring_petclinic_microservices--colocated--N--r0--create_visit,ours_direct,original,0,0,False,0.11,0.11,34.26953125
spring_petclinic_microservices,spring_petclinic_microservices--colocated--N--r0--create_visit,ours_direct,completion_projected,0,0,False,0.11,0.11,34.28125
spring_petclinic_microservices,spring_petclinic_microservices--colocated--N--r0--create_visit,ours_prepared,original,0,0,False,0.11,0.09999999999999999,34.35546875
spring_petclinic_microservices,spring_petclinic_microservices--colocated--N--r0--create_visit,ours_prepared,completion_projected,0,0,False,0.11,0.11,34.2890625
spring_petclinic_microservices,spring_petclinic_microservices--colocated--N--r0--create_visit,cudd_fixed,original,0,0,False,0.21,0.19999999999999998,59.3984375
spring_petclinic_microservices,spring_petclinic_microservices--colocated--N--r0--create_visit,cudd_fixed,completion_projected,0,0,False,0.21,0.21,59.546875
spring_petclinic_microservices,spring_petclinic_microservices--colocated--N--r0--create_visit,cudd_sift,original,0,0,False,0.21,0.21,59.59375
spring_petclinic_microservices,spring_petclinic_microservices--colocated--N--r0--create_visit,cudd_sift,completion_projected,0,0,False,0.22,0.21,59.55078125
spring_petclinic_microservices,spring_petclinic_microservices--colocated--N--r0--create_visit,agrum_conditioned,original,0,0,False,0.26,0.26,46.20703125
spring_petclinic_microservices,spring_petclinic_microservices--colocated--N--r0--create_visit,agrum_conditioned,completion_projected,0,0,False,0.26,0.25,46.40234375
spring_petclinic_microservices,spring_petclinic_microservices--colocated--N--r0--create_visit,agrum_joint,original,0,0,False,0.19,0.18000000000000002,46.078125
spring_petclinic_microservices,spring_petclinic_microservices--colocated--N--r0--create_visit,agrum_joint,completion_projected,0,0,False,0.18,0.17,45.99609375
spring_petclinic_microservices,spring_petclinic_microservices--colocated--N--r0--create_visit,storm_sparse,original,0,0,False,0.22,0.22,92.91015625
spring_petclinic_microservices,spring_petclinic_microservices--colocated--N--r0--create_visit,storm_sparse,completion_projected,0,0,False,0.22,0.22,92.89453125
spring_petclinic_microservices,spring_petclinic_microservices--colocated--N--r0--create_visit,storm_compact,original,0,0,False,0.22,0.21,92.90625
spring_petclinic_microservices,spring_petclinic_microservices--colocated--N--r0--create_visit,storm_compact,completion_projected,0,0,False,0.21,0.21,93.18359375
spring_petclinic_microservices,spring_petclinic_microservices--colocated--N--r0--list_owners,ours_direct,completion_projected,0,0,False,0.1,0.09999999999999999,34.3046875
spring_petclinic_microservices,spring_petclinic_microservices--colocated--N--r0--list_owners,ours_prepared,original,0,0,False,0.1,0.09999999999999999,34.26171875
spring_petclinic_microservices,spring_petclinic_microservices--colocated--N--r0--list_owners,ours_prepared,completion_projected,0,0,False,0.1,0.09999999999999999,34.32421875
spring_petclinic_microservices,spring_petclinic_microservices--colocated--N--r0--list_owners,cudd_fixed,original,0,0,False,0.21,0.19999999999999998,59.58203125
spring_petclinic_microservices,spring_petclinic_microservices--colocated--N--r0--list_owners,cudd_fixed,completion_projected,0,0,False,0.21,0.19999999999999998,59.58984375
spring_petclinic_microservices,spring_petclinic_microservices--colocated--N--r0--list_owners,cudd_sift,original,0,0,False,0.21,0.19999999999999998,59.56640625
spring_petclinic_microservices,spring_petclinic_microservices--colocated--N--r0--list_owners,cudd_sift,completion_projected,0,0,False,0.21,0.21,59.58203125
spring_petclinic_microservices,spring_petclinic_microservices--colocated--N--r0--list_owners,agrum_conditioned,original,0,0,False,0.13,0.12,45.91796875
spring_petclinic_microservices,spring_petclinic_microservices--colocated--N--r0--list_owners,agrum_conditioned,completion_projected,0,0,False,0.13,0.12,45.75
spring_petclinic_microservices,spring_petclinic_microservices--colocated--N--r0--list_owners,agrum_joint,original,0,0,False,0.13,0.13,45.77734375
spring_petclinic_microservices,spring_petclinic_microservices--colocated--N--r0--list_owners,agrum_joint,completion_projected,0,0,False,0.13,0.12,45.74609375
spring_petclinic_microservices,spring_petclinic_microservices--colocated--N--r0--list_owners,storm_sparse,original,0,0,False,0.2,0.19,91.78125
spring_petclinic_microservices,spring_petclinic_microservices--colocated--N--r0--list_owners,storm_sparse,completion_projected,0,0,False,0.2,0.19,91.9375
spring_petclinic_microservices,spring_petclinic_microservices--colocated--N--r0--list_owners,storm_compact,original,0,0,False,0.2,0.19999999999999998,91.5703125
spring_petclinic_microservices,spring_petclinic_microservices--colocated--N--r0--list_owners,storm_compact,completion_projected,0,0,False,0.2,0.19999999999999998,91.8515625
spring_petclinic_microservices,spring_petclinic_microservices--colocated--N--r0--list_owners,ours_direct,original,0,0,False,0.1,0.09999999999999999,34.171875
spring_petclinic_microservices,spring_petclinic_microservices--colocated--N--r0--list_vets,ours_prepared,original,0,0,False,0.1,0.09999999999999999,34.16015625
spring_petclinic_microservices,spring_petclinic_microservices--colocated--N--r0--list_vets,ours_prepared,completion_projected,0,0,False,0.1,0.09999999999999999,34.0234375
spring_petclinic_microservices,spring_petclinic_microservices--colocated--N--r0--list_vets,cudd_fixed,original,0,0,False,0.2,0.2,59.35546875
spring_petclinic_microservices,spring_petclinic_microservices--colocated--N--r0--list_vets,cudd_fixed,completion_projected,0,0,False,0.21,0.21,59.45703125
spring_petclinic_microservices,spring_petclinic_microservices--colocated--N--r0--list_vets,cudd_sift,original,0,0,False,0.21,0.19999999999999998,59.390625
spring_petclinic_microservices,spring_petclinic_microservices--colocated--N--r0--list_vets,cudd_sift,completion_projected,0,0,False,0.21,0.19999999999999998,59.390625
spring_petclinic_microservices,spring_petclinic_microservices--colocated--N--r0--list_vets,agrum_conditioned,original,0,0,False,0.13,0.12,45.8203125
spring_petclinic_microservices,spring_petclinic_microservices--colocated--N--r0--list_vets,agrum_conditioned,completion_projected,0,0,False,0.13,0.12,45.78515625
spring_petclinic_microservices,spring_petclinic_microservices--colocated--N--r0--list_vets,agrum_joint,original,0,0,False,0.13,0.13,45.8828125
spring_petclinic_microservices,spring_petclinic_microservices--colocated--N--r0--list_vets,agrum_joint,completion_projected,0,0,False,0.13,0.12000000000000001,45.84765625
spring_petclinic_microservices,spring_petclinic_microservices--colocated--N--r0--list_vets,storm_sparse,original,0,0,False,0.2,0.19999999999999998,91.78125
spring_petclinic_microservices,spring_petclinic_microservices--colocated--N--r0--list_vets,storm_sparse,completion_projected,0,0,False,0.2,0.19999999999999998,91.8359375
spring_petclinic_microservices,spring_petclinic_microservices--colocated--N--r0--list_vets,storm_compact,original,0,0,False,0.2,0.19999999999999998,91.9609375
spring_petclinic_microservices,spring_petclinic_microservices--colocated--N--r0--list_vets,storm_compact,completion_projected,0,0,False,0.2,0.19999999999999998,91.76953125
spring_petclinic_microservices,spring_petclinic_microservices--colocated--N--r0--list_vets,ours_direct,original,0,0,False,0.1,0.09,34.29296875
spring_petclinic_microservices,spring_petclinic_microservices--colocated--N--r0--list_vets,ours_direct,completion_projected,0,0,False,0.1,0.09999999999999999,34.25390625
spring_petclinic_microservices,spring_petclinic_microservices--colocated--N--r0--owner_details_with_visits,ours_prepared,completion_projected,0,0,False,0.11,0.11,34.421875
spring_petclinic_microservices,spring_petclinic_microservices--colocated--N--r0--owner_details_with_visits,cudd_fixed,original,0,0,False,0.22,0.21,59.41015625
spring_petclinic_microservices,spring_petclinic_microservices--colocated--N--r0--owner_details_with_visits,cudd_fixed,completion_projected,0,0,False,0.22,0.21,59.41015625
spring_petclinic_microservices,spring_petclinic_microservices--colocated--N--r0--owner_details_with_visits,cudd_sift,original,0,0,False,0.22,0.22,59.41796875
spring_petclinic_microservices,spring_petclinic_microservices--colocated--N--r0--owner_details_with_visits,cudd_sift,completion_projected,0,0,False,0.22,0.21,59.5859375
spring_petclinic_microservices,spring_petclinic_microservices--colocated--N--r0--owner_details_with_visits,agrum_conditioned,original,0,0,False,0.31,0.3,46.12109375
spring_petclinic_microservices,spring_petclinic_microservices--colocated--N--r0--owner_details_with_visits,agrum_conditioned,completion_projected,0,0,False,0.33,0.33,46.00390625
spring_petclinic_microservices,spring_petclinic_microservices--colocated--N--r0--owner_details_with_visits,agrum_joint,original,0,0,False,0.2,0.19,46.234375
spring_petclinic_microservices,spring_petclinic_microservices--colocated--N--r0--owner_details_with_visits,agrum_joint,completion_projected,0,0,False,0.19,0.18000000000000002,46.26953125
spring_petclinic_microservices,spring_petclinic_microservices--colocated--N--r0--owner_details_with_visits,storm_sparse,original,0,0,False,0.22,0.22,93.03515625
spring_petclinic_microservices,spring_petclinic_microservices--colocated--N--r0--owner_details_with_visits,storm_sparse,completion_projected,0,0,False,0.22,0.22,93.0703125
spring_petclinic_microservices,spring_petclinic_microservices--colocated--N--r0--owner_details_with_visits,storm_compact,original,0,0,False,0.22,0.22,92.984375
spring_petclinic_microservices,spring_petclinic_microservices--colocated--N--r0--owner_details_with_visits,storm_compact,completion_projected,0,0,False,0.22,0.21,92.96875
spring_petclinic_microservices,spring_petclinic_microservices--colocated--N--r0--owner_details_with_visits,ours_direct,original,0,0,False,0.11,0.11,34.375
spring_petclinic_microservices,spring_petclinic_microservices--colocated--N--r0--owner_details_with_visits,ours_direct,completion_projected,0,0,False,0.12,0.11,34.203125
spring_petclinic_microservices,spring_petclinic_microservices--colocated--N--r0--owner_details_with_visits,ours_prepared,original,0,0,False,0.11,0.11,34.30859375
spring_petclinic_microservices,spring_petclinic_microservices--colocated--NC--r0--create_visit,cudd_fixed,original,0,0,False,0.22,0.21,59.58984375
spring_petclinic_microservices,spring_petclinic_microservices--colocated--NC--r0--create_visit,cudd_fixed,completion_projected,0,0,False,0.22,0.21,59.3203125
spring_petclinic_microservices,spring_petclinic_microservices--colocated--NC--r0--create_visit,cudd_sift,original,0,0,False,0.22,0.22,59.59375
spring_petclinic_microservices,spring_petclinic_microservices--colocated--NC--r0--create_visit,cudd_sift,completion_projected,0,0,False,0.22,0.21,59.3984375
spring_petclinic_microservices,spring_petclinic_microservices--colocated--NC--r0--create_visit,agrum_conditioned,original,0,0,False,0.32,0.32,46.16796875
spring_petclinic_microservices,spring_petclinic_microservices--colocated--NC--r0--create_visit,agrum_conditioned,completion_projected,0,0,False,0.31,0.3,45.984375
spring_petclinic_microservices,spring_petclinic_microservices--colocated--NC--r0--create_visit,agrum_joint,original,0,0,False,0.2,0.2,46.2421875
spring_petclinic_microservices,spring_petclinic_microservices--colocated--NC--r0--create_visit,agrum_joint,completion_projected,0,0,False,0.2,0.19,46.21484375
spring_petclinic_microservices,spring_petclinic_microservices--colocated--NC--r0--create_visit,storm_sparse,original,0,0,False,0.23,0.22999999999999998,93.1484375
spring_petclinic_microservices,spring_petclinic_microservices--colocated--NC--r0--create_visit,storm_sparse,completion_projected,0,0,False,0.23,0.22,93.05078125
spring_petclinic_microservices,spring_petclinic_microservices--colocated--NC--r0--create_visit,storm_compact,original,0,0,False,0.22,0.22,93.15234375
spring_petclinic_microservices,spring_petclinic_microservices--colocated--NC--r0--create_visit,storm_compact,completion_projected,0,0,False,0.22,0.22,93.1875
spring_petclinic_microservices,spring_petclinic_microservices--colocated--NC--r0--create_visit,ours_direct,original,0,0,False,0.11,0.11,34.26171875
spring_petclinic_microservices,spring_petclinic_microservices--colocated--NC--r0--create_visit,ours_direct,completion_projected,0,0,False,0.11,0.11,34.375
spring_petclinic_microservices,spring_petclinic_microservices--colocated--NC--r0--create_visit,ours_prepared,original,0,0,False,0.11,0.09999999999999999,34.37890625
spring_petclinic_microservices,spring_petclinic_microservices--colocated--NC--r0--create_visit,ours_prepared,completion_projected,0,0,False,0.11,0.11,34.390625
spring_petclinic_microservices,spring_petclinic_microservices--colocated--NC--r0--list_owners,cudd_fixed,completion_projected,0,0,False,0.21,0.21,59.58203125
spring_petclinic_microservices,spring_petclinic_microservices--colocated--NC--r0--list_owners,cudd_sift,original,0,0,False,0.21,0.21,59.40625
spring_petclinic_microservices,spring_petclinic_microservices--colocated--NC--r0--list_owners,cudd_sift,completion_projected,0,0,False,0.21,0.2,59.484375
spring_petclinic_microservices,spring_petclinic_microservices--colocated--NC--r0--list_owners,agrum_conditioned,original,0,0,False,0.13,0.12,45.82421875
spring_petclinic_microservices,spring_petclinic_microservices--colocated--NC--r0--list_owners,agrum_conditioned,completion_projected,0,0,False,0.13,0.12,45.76953125
spring_petclinic_microservices,spring_petclinic_microservices--colocated--NC--r0--list_owners,agrum_joint,original,0,0,False,0.13,0.12,45.81640625
spring_petclinic_microservices,spring_petclinic_microservices--colocated--NC--r0--list_owners,agrum_joint,completion_projected,0,0,False,0.13,0.12,45.87109375
spring_petclinic_microservices,spring_petclinic_microservices--colocated--NC--r0--list_owners,storm_sparse,original,0,0,False,0.2,0.19999999999999998,91.6328125
spring_petclinic_microservices,spring_petclinic_microservices--colocated--NC--r0--list_owners,storm_sparse,completion_projected,0,0,False,0.2,0.19999999999999998,91.83984375
spring_petclinic_microservices,spring_petclinic_microservices--colocated--NC--r0--list_owners,storm_compact,original,0,0,False,0.2,0.19999999999999998,91.8203125
spring_petclinic_microservices,spring_petclinic_microservices--colocated--NC--r0--list_owners,storm_compact,completion_projected,0,0,False,0.2,0.19999999999999998,91.77734375
spring_petclinic_microservices,spring_petclinic_microservices--colocated--NC--r0--list_owners,ours_direct,original,0,0,False,0.1,0.09999999999999999,34.43359375
spring_petclinic_microservices,spring_petclinic_microservices--colocated--NC--r0--list_owners,ours_direct,completion_projected,0,0,False,0.1,0.09999999999999999,34.171875
spring_petclinic_microservices,spring_petclinic_microservices--colocated--NC--r0--list_owners,ours_prepared,original,0,0,False,0.11,0.09999999999999999,34.30078125
spring_petclinic_microservices,spring_petclinic_microservices--colocated--NC--r0--list_owners,ours_prepared,completion_projected,0,0,False,0.1,0.09999999999999999,34.30859375
spring_petclinic_microservices,spring_petclinic_microservices--colocated--NC--r0--list_owners,cudd_fixed,original,0,0,False,0.21,0.21,59.375
spring_petclinic_microservices,spring_petclinic_microservices--colocated--NC--r0--list_vets,cudd_sift,original,0,0,False,0.21,0.19999999999999998,59.5390625
spring_petclinic_microservices,spring_petclinic_microservices--colocated--NC--r0--list_vets,cudd_sift,completion_projected,0,0,False,0.21,0.21,59.359375
spring_petclinic_microservices,spring_petclinic_microservices--colocated--NC--r0--list_vets,agrum_conditioned,original,0,0,False,0.13,0.12,45.80859375
spring_petclinic_microservices,spring_petclinic_microservices--colocated--NC--r0--list_vets,agrum_conditioned,completion_projected,0,0,False,0.13,0.12,45.8203125
spring_petclinic_microservices,spring_petclinic_microservices--colocated--NC--r0--list_vets,agrum_joint,original,0,0,False,0.13,0.12,45.80078125
spring_petclinic_microservices,spring_petclinic_microservices--colocated--NC--r0--list_vets,agrum_joint,completion_projected,0,0,False,0.13,0.12,45.85546875
spring_petclinic_microservices,spring_petclinic_microservices--colocated--NC--r0--list_vets,storm_sparse,original,0,0,False,0.2,0.19,91.765625
spring_petclinic_microservices,spring_petclinic_microservices--colocated--NC--r0--list_vets,storm_sparse,completion_projected,0,0,False,0.2,0.19999999999999998,91.64453125
spring_petclinic_microservices,spring_petclinic_microservices--colocated--NC--r0--list_vets,storm_compact,original,0,0,False,0.2,0.19999999999999998,91.77734375
spring_petclinic_microservices,spring_petclinic_microservices--colocated--NC--r0--list_vets,storm_compact,completion_projected,0,0,False,0.21,0.21,91.80859375
spring_petclinic_microservices,spring_petclinic_microservices--colocated--NC--r0--list_vets,ours_direct,original,0,0,False,0.1,0.09,34.15625
spring_petclinic_microservices,spring_petclinic_microservices--colocated--NC--r0--list_vets,ours_direct,completion_projected,0,0,False,0.1,0.09999999999999999,34.22265625
spring_petclinic_microservices,spring_petclinic_microservices--colocated--NC--r0--list_vets,ours_prepared,original,0,0,False,0.1,0.09,34.20703125
spring_petclinic_microservices,spring_petclinic_microservices--colocated--NC--r0--list_vets,ours_prepared,completion_projected,0,0,False,0.1,0.09999999999999999,34.171875
spring_petclinic_microservices,spring_petclinic_microservices--colocated--NC--r0--list_vets,cudd_fixed,original,0,0,False,0.21,0.21,59.546875
spring_petclinic_microservices,spring_petclinic_microservices--colocated--NC--r0--list_vets,cudd_fixed,completion_projected,0,0,False,0.21,0.21,59.58984375
spring_petclinic_microservices,spring_petclinic_microservices--colocated--NC--r0--owner_details_with_visits,cudd_sift,completion_projected,0,0,False,0.22,0.22,59.27734375
spring_petclinic_microservices,spring_petclinic_microservices--colocated--NC--r0--owner_details_with_visits,agrum_conditioned,original,0,0,False,0.3,0.29000000000000004,46.14453125
spring_petclinic_microservices,spring_petclinic_microservices--colocated--NC--r0--owner_details_with_visits,agrum_conditioned,completion_projected,0,0,False,0.27,0.26,46.1015625
spring_petclinic_microservices,spring_petclinic_microservices--colocated--NC--r0--owner_details_with_visits,agrum_joint,original,0,0,False,0.19,0.19,46.2265625
spring_petclinic_microservices,spring_petclinic_microservices--colocated--NC--r0--owner_details_with_visits,agrum_joint,completion_projected,0,0,False,0.19,0.18000000000000002,46.3984375
spring_petclinic_microservices,spring_petclinic_microservices--colocated--NC--r0--owner_details_with_visits,storm_sparse,original,0,0,False,0.23,0.22,93.1796875
spring_petclinic_microservices,spring_petclinic_microservices--colocated--NC--r0--owner_details_with_visits,storm_sparse,completion_projected,0,0,False,0.23,0.22,93.109375
spring_petclinic_microservices,spring_petclinic_microservices--colocated--NC--r0--owner_details_with_visits,storm_compact,original,0,0,False,0.22,0.21000000000000002,93.28125
spring_petclinic_microservices,spring_petclinic_microservices--colocated--NC--r0--owner_details_with_visits,storm_compact,completion_projected,0,0,False,0.23,0.22,92.99609375
spring_petclinic_microservices,spring_petclinic_microservices--colocated--NC--r0--owner_details_with_visits,ours_direct,original,0,0,False,0.11,0.11,34.265625
spring_petclinic_microservices,spring_petclinic_microservices--colocated--NC--r0--owner_details_with_visits,ours_direct,completion_projected,0,0,False,0.11,0.11,34.36328125
spring_petclinic_microservices,spring_petclinic_microservices--colocated--NC--r0--owner_details_with_visits,ours_prepared,original,0,0,False,0.11,0.11,34.26953125
spring_petclinic_microservices,spring_petclinic_microservices--colocated--NC--r0--owner_details_with_visits,ours_prepared,completion_projected,0,0,False,0.11,0.11,34.33984375
spring_petclinic_microservices,spring_petclinic_microservices--colocated--NC--r0--owner_details_with_visits,cudd_fixed,original,0,0,False,0.22,0.21,59.61328125
spring_petclinic_microservices,spring_petclinic_microservices--colocated--NC--r0--owner_details_with_visits,cudd_fixed,completion_projected,0,0,False,0.22,0.22,59.4140625
spring_petclinic_microservices,spring_petclinic_microservices--colocated--NC--r0--owner_details_with_visits,cudd_sift,original,0,0,False,0.22,0.21,59.38671875
spring_petclinic_microservices,spring_petclinic_microservices--colocated--NCD--r0--create_visit,agrum_conditioned,original,0,0,False,0.33,0.32,46.203125
spring_petclinic_microservices,spring_petclinic_microservices--colocated--NCD--r0--create_visit,agrum_conditioned,completion_projected,0,0,False,0.31,0.31,46.1171875
spring_petclinic_microservices,spring_petclinic_microservices--colocated--NCD--r0--create_visit,agrum_joint,original,0,0,False,0.2,0.2,46.140625
spring_petclinic_microservices,spring_petclinic_microservices--colocated--NCD--r0--create_visit,agrum_joint,completion_projected,0,0,False,0.2,0.19,46.13671875
spring_petclinic_microservices,spring_petclinic_microservices--colocated--NCD--r0--create_visit,storm_sparse,original,0,0,False,0.23,0.22999999999999998,93.26953125
spring_petclinic_microservices,spring_petclinic_microservices--colocated--NCD--r0--create_visit,storm_sparse,completion_projected,0,0,False,0.23,0.22999999999999998,93.16796875
spring_petclinic_microservices,spring_petclinic_microservices--colocated--NCD--r0--create_visit,storm_compact,original,0,0,False,0.22,0.21,93.10546875
spring_petclinic_microservices,spring_petclinic_microservices--colocated--NCD--r0--create_visit,storm_compact,completion_projected,0,0,False,0.22,0.22,93.1875
spring_petclinic_microservices,spring_petclinic_microservices--colocated--NCD--r0--create_visit,ours_direct,original,0,0,False,0.12,0.11,34.29296875
spring_petclinic_microservices,spring_petclinic_microservices--colocated--NCD--r0--create_visit,ours_direct,completion_projected,0,0,False,0.12,0.11,34.28125
spring_petclinic_microservices,spring_petclinic_microservices--colocated--NCD--r0--create_visit,ours_prepared,original,0,0,False,0.11,0.11,34.3828125
spring_petclinic_microservices,spring_petclinic_microservices--colocated--NCD--r0--create_visit,ours_prepared,completion_projected,0,0,False,0.11,0.11,34.36328125
spring_petclinic_microservices,spring_petclinic_microservices--colocated--NCD--r0--create_visit,cudd_fixed,original,0,0,False,0.22,0.21,59.59375
spring_petclinic_microservices,spring_petclinic_microservices--colocated--NCD--r0--create_visit,cudd_fixed,completion_projected,0,0,False,0.22,0.22,59.49609375
spring_petclinic_microservices,spring_petclinic_microservices--colocated--NCD--r0--create_visit,cudd_sift,original,0,0,False,0.22,0.22,59.44921875
spring_petclinic_microservices,spring_petclinic_microservices--colocated--NCD--r0--create_visit,cudd_sift,completion_projected,0,0,False,0.22,0.22,59.46875
spring_petclinic_microservices,spring_petclinic_microservices--colocated--NCD--r0--list_owners,agrum_conditioned,completion_projected,0,0,False,0.13,0.12,45.875
spring_petclinic_microservices,spring_petclinic_microservices--colocated--NCD--r0--list_owners,agrum_joint,original,0,0,False,0.13,0.13,45.859375
spring_petclinic_microservices,spring_petclinic_microservices--colocated--NCD--r0--list_owners,agrum_joint,completion_projected,0,0,False,0.13,0.12,45.76171875
spring_petclinic_microservices,spring_petclinic_microservices--colocated--NCD--r0--list_owners,storm_sparse,original,0,0,False,0.21,0.2,91.796875
spring_petclinic_microservices,spring_petclinic_microservices--colocated--NCD--r0--list_owners,storm_sparse,completion_projected,0,0,False,0.2,0.19999999999999998,91.92578125
spring_petclinic_microservices,spring_petclinic_microservices--colocated--NCD--r0--list_owners,storm_compact,original,0,0,False,0.2,0.19,91.98046875
spring_petclinic_microservices,spring_petclinic_microservices--colocated--NCD--r0--list_owners,storm_compact,completion_projected,0,0,False,0.21,0.19999999999999998,91.9609375
spring_petclinic_microservices,spring_petclinic_microservices--colocated--NCD--r0--list_owners,ours_direct,original,0,0,False,0.1,0.09999999999999999,34.296875
spring_petclinic_microservices,spring_petclinic_microservices--colocated--NCD--r0--list_owners,ours_direct,completion_projected,0,0,False,0.1,0.09999999999999999,34.31640625
spring_petclinic_microservices,spring_petclinic_microservices--colocated--NCD--r0--list_owners,ours_prepared,original,0,0,False,0.1,0.09999999999999999,34.26953125
spring_petclinic_microservices,spring_petclinic_microservices--colocated--NCD--r0--list_owners,ours_prepared,completion_projected,0,0,False,0.1,0.09999999999999999,34.27734375
spring_petclinic_microservices,spring_petclinic_microservices--colocated--NCD--r0--list_owners,cudd_fixed,original,0,0,False,0.21,0.21,59.58203125
spring_petclinic_microservices,spring_petclinic_microservices--colocated--NCD--r0--list_owners,cudd_fixed,completion_projected,0,0,False,0.21,0.21,59.5546875
spring_petclinic_microservices,spring_petclinic_microservices--colocated--NCD--r0--list_owners,cudd_sift,original,0,0,False,0.21,0.19999999999999998,59.56640625
spring_petclinic_microservices,spring_petclinic_microservices--colocated--NCD--r0--list_owners,cudd_sift,completion_projected,0,0,False,0.21,0.21,59.5234375
spring_petclinic_microservices,spring_petclinic_microservices--colocated--NCD--r0--list_owners,agrum_conditioned,original,0,0,False,0.13,0.13,45.89453125
spring_petclinic_microservices,spring_petclinic_microservices--colocated--NCD--r0--list_vets,agrum_joint,original,0,0,False,0.13,0.13,45.75390625
spring_petclinic_microservices,spring_petclinic_microservices--colocated--NCD--r0--list_vets,agrum_joint,completion_projected,0,0,False,0.13,0.12,45.78125
spring_petclinic_microservices,spring_petclinic_microservices--colocated--NCD--r0--list_vets,storm_sparse,original,0,0,False,0.2,0.19,91.81640625
spring_petclinic_microservices,spring_petclinic_microservices--colocated--NCD--r0--list_vets,storm_sparse,completion_projected,0,0,False,0.2,0.19999999999999998,91.8359375
spring_petclinic_microservices,spring_petclinic_microservices--colocated--NCD--r0--list_vets,storm_compact,original,0,0,False,0.2,0.19999999999999998,91.96875
spring_petclinic_microservices,spring_petclinic_microservices--colocated--NCD--r0--list_vets,storm_compact,completion_projected,0,0,False,0.2,0.19,91.859375
spring_petclinic_microservices,spring_petclinic_microservices--colocated--NCD--r0--list_vets,ours_direct,original,0,0,False,0.1,0.09999999999999999,34.27734375
spring_petclinic_microservices,spring_petclinic_microservices--colocated--NCD--r0--list_vets,ours_direct,completion_projected,0,0,False,0.1,0.09,34.17578125
spring_petclinic_microservices,spring_petclinic_microservices--colocated--NCD--r0--list_vets,ours_prepared,original,0,0,False,0.1,0.09999999999999999,34.2890625
spring_petclinic_microservices,spring_petclinic_microservices--colocated--NCD--r0--list_vets,ours_prepared,completion_projected,0,0,False,0.1,0.09999999999999999,34.3046875
spring_petclinic_microservices,spring_petclinic_microservices--colocated--NCD--r0--list_vets,cudd_fixed,original,0,0,False,0.21,0.21,59.39453125
spring_petclinic_microservices,spring_petclinic_microservices--colocated--NCD--r0--list_vets,cudd_fixed,completion_projected,0,0,False,0.21,0.19999999999999998,59.390625
spring_petclinic_microservices,spring_petclinic_microservices--colocated--NCD--r0--list_vets,cudd_sift,original,0,0,False,0.21,0.21,59.3671875
spring_petclinic_microservices,spring_petclinic_microservices--colocated--NCD--r0--list_vets,cudd_sift,completion_projected,0,0,False,0.21,0.21,59.390625
spring_petclinic_microservices,spring_petclinic_microservices--colocated--NCD--r0--list_vets,agrum_conditioned,original,0,0,False,0.13,0.12,45.91015625
spring_petclinic_microservices,spring_petclinic_microservices--colocated--NCD--r0--list_vets,agrum_conditioned,completion_projected,0,0,False,0.13,0.12,45.74609375
spring_petclinic_microservices,spring_petclinic_microservices--colocated--NCD--r0--owner_details_with_visits,agrum_joint,completion_projected,0,0,False,0.19,0.19,46.3046875
spring_petclinic_microservices,spring_petclinic_microservices--colocated--NCD--r0--owner_details_with_visits,storm_sparse,original,0,0,False,0.24,0.22999999999999998,93.078125
spring_petclinic_microservices,spring_petclinic_microservices--colocated--NCD--r0--owner_details_with_visits,storm_sparse,completion_projected,0,0,False,0.23,0.22999999999999998,93.22265625
spring_petclinic_microservices,spring_petclinic_microservices--colocated--NCD--r0--owner_details_with_visits,storm_compact,original,0,0,False,0.22,0.21,93.1015625
spring_petclinic_microservices,spring_petclinic_microservices--colocated--NCD--r0--owner_details_with_visits,storm_compact,completion_projected,0,0,False,0.22,0.21,92.90625
spring_petclinic_microservices,spring_petclinic_microservices--colocated--NCD--r0--owner_details_with_visits,ours_direct,original,0,0,False,0.11,0.11,34.3203125
spring_petclinic_microservices,spring_petclinic_microservices--colocated--NCD--r0--owner_details_with_visits,ours_direct,completion_projected,0,0,False,0.11,0.11,34.3125
spring_petclinic_microservices,spring_petclinic_microservices--colocated--NCD--r0--owner_details_with_visits,ours_prepared,original,0,0,False,0.13,0.12,34.30078125
spring_petclinic_microservices,spring_petclinic_microservices--colocated--NCD--r0--owner_details_with_visits,ours_prepared,completion_projected,0,0,False,0.11,0.11,34.40625
spring_petclinic_microservices,spring_petclinic_microservices--colocated--NCD--r0--owner_details_with_visits,cudd_fixed,original,0,0,False,0.21,0.21,59.609375
spring_petclinic_microservices,spring_petclinic_microservices--colocated--NCD--r0--owner_details_with_visits,cudd_fixed,completion_projected,0,0,False,0.22,0.21,59.40625
spring_petclinic_microservices,spring_petclinic_microservices--colocated--NCD--r0--owner_details_with_visits,cudd_sift,original,0,0,False,0.22,0.22,59.4296875
spring_petclinic_microservices,spring_petclinic_microservices--colocated--NCD--r0--owner_details_with_visits,cudd_sift,completion_projected,0,0,False,0.22,0.21,59.4140625
spring_petclinic_microservices,spring_petclinic_microservices--colocated--NCD--r0--owner_details_with_visits,agrum_conditioned,original,0,0,False,0.32,0.31,46.25390625
spring_petclinic_microservices,spring_petclinic_microservices--colocated--NCD--r0--owner_details_with_visits,agrum_conditioned,completion_projected,0,0,False,0.29,0.28,46.125
spring_petclinic_microservices,spring_petclinic_microservices--colocated--NCD--r0--owner_details_with_visits,agrum_joint,original,0,0,False,0.2,0.19,46.35546875
spring_petclinic_microservices,spring_petclinic_microservices--colocated--ND--r0--create_visit,storm_sparse,original,0,0,False,0.23,0.22,93.1015625
spring_petclinic_microservices,spring_petclinic_microservices--colocated--ND--r0--create_visit,storm_sparse,completion_projected,0,0,False,0.23,0.22,93.23828125
spring_petclinic_microservices,spring_petclinic_microservices--colocated--ND--r0--create_visit,storm_compact,original,0,0,False,0.22,0.21,93.08984375
spring_petclinic_microservices,spring_petclinic_microservices--colocated--ND--r0--create_visit,storm_compact,completion_projected,0,0,False,0.22,0.22,93.08203125
spring_petclinic_microservices,spring_petclinic_microservices--colocated--ND--r0--create_visit,ours_direct,original,0,0,False,0.11,0.11,34.2890625
spring_petclinic_microservices,spring_petclinic_microservices--colocated--ND--r0--create_visit,ours_direct,completion_projected,0,0,False,0.11,0.11,34.37109375
spring_petclinic_microservices,spring_petclinic_microservices--colocated--ND--r0--create_visit,ours_prepared,original,0,0,False,0.11,0.11,34.26171875
spring_petclinic_microservices,spring_petclinic_microservices--colocated--ND--r0--create_visit,ours_prepared,completion_projected,0,0,False,0.11,0.11,34.42578125
spring_petclinic_microservices,spring_petclinic_microservices--colocated--ND--r0--create_visit,cudd_fixed,original,0,0,False,0.22,0.21,59.5859375
spring_petclinic_microservices,spring_petclinic_microservices--colocated--ND--r0--create_visit,cudd_fixed,completion_projected,0,0,False,0.22,0.21,59.6328125
spring_petclinic_microservices,spring_petclinic_microservices--colocated--ND--r0--create_visit,cudd_sift,original,0,0,False,0.22,0.21,59.51953125
spring_petclinic_microservices,spring_petclinic_microservices--colocated--ND--r0--create_visit,cudd_sift,completion_projected,0,0,False,0.22,0.22,59.6015625
spring_petclinic_microservices,spring_petclinic_microservices--colocated--ND--r0--create_visit,agrum_conditioned,original,0,0,False,0.3,0.29000000000000004,46.21484375
spring_petclinic_microservices,spring_petclinic_microservices--colocated--ND--r0--create_visit,agrum_conditioned,completion_projected,0,0,False,0.29,0.28,46.01171875
spring_petclinic_microservices,spring_petclinic_microservices--colocated--ND--r0--create_visit,agrum_joint,original,0,0,False,0.19,0.19,46.23828125
spring_petclinic_microservices,spring_petclinic_microservices--colocated--ND--r0--create_visit,agrum_joint,completion_projected,0,0,False,0.19,0.18000000000000002,46.1328125
spring_petclinic_microservices,spring_petclinic_microservices--colocated--ND--r0--list_owners,storm_sparse,completion_projected,0,0,False,0.2,0.19999999999999998,91.75390625
spring_petclinic_microservices,spring_petclinic_microservices--colocated--ND--r0--list_owners,storm_compact,original,0,0,False,0.2,0.19,91.80859375
spring_petclinic_microservices,spring_petclinic_microservices--colocated--ND--r0--list_owners,storm_compact,completion_projected,0,0,False,0.2,0.19,91.953125
spring_petclinic_microservices,spring_petclinic_microservices--colocated--ND--r0--list_owners,ours_direct,original,0,0,False,0.1,0.09999999999999999,34.21484375
spring_petclinic_microservices,spring_petclinic_microservices--colocated--ND--r0--list_owners,ours_direct,completion_projected,0,0,False,0.1,0.09,34.27734375
spring_petclinic_microservices,spring_petclinic_microservices--colocated--ND--r0--list_owners,ours_prepared,original,0,0,False,0.1,0.09999999999999999,34.19140625
spring_petclinic_microservices,spring_petclinic_microservices--colocated--ND--r0--list_owners,ours_prepared,completion_projected,0,0,False,0.1,0.09,34.44140625
spring_petclinic_microservices,spring_petclinic_microservices--colocated--ND--r0--list_owners,cudd_fixed,original,0,0,False,0.21,0.21,59.55859375
spring_petclinic_microservices,spring_petclinic_microservices--colocated--ND--r0--list_owners,cudd_fixed,completion_projected,0,0,False,0.21,0.21,59.58984375
spring_petclinic_microservices,spring_petclinic_microservices--colocated--ND--r0--list_owners,cudd_sift,original,0,0,False,0.21,0.19999999999999998,59.578125
spring_petclinic_microservices,spring_petclinic_microservices--colocated--ND--r0--list_owners,cudd_sift,completion_projected,0,0,False,0.21,0.21,59.5
spring_petclinic_microservices,spring_petclinic_microservices--colocated--ND--r0--list_owners,agrum_conditioned,original,0,0,False,0.13,0.13,45.890625
spring_petclinic_microservices,spring_petclinic_microservices--colocated--ND--r0--list_owners,agrum_conditioned,completion_projected,0,0,False,0.13,0.12,45.86328125
spring_petclinic_microservices,spring_petclinic_microservices--colocated--ND--r0--list_owners,agrum_joint,original,0,0,False,0.13,0.13,45.92578125
spring_petclinic_microservices,spring_petclinic_microservices--colocated--ND--r0--list_owners,agrum_joint,completion_projected,0,0,False,0.13,0.12,45.640625
spring_petclinic_microservices,spring_petclinic_microservices--colocated--ND--r0--list_owners,storm_sparse,original,0,0,False,0.21,0.19999999999999998,91.80859375
spring_petclinic_microservices,spring_petclinic_microservices--colocated--ND--r0--list_vets,storm_compact,original,0,0,False,0.21,0.19999999999999998,91.8203125
spring_petclinic_microservices,spring_petclinic_microservices--colocated--ND--r0--list_vets,storm_compact,completion_projected,0,0,False,0.2,0.19,91.8671875
spring_petclinic_microservices,spring_petclinic_microservices--colocated--ND--r0--list_vets,ours_direct,original,0,0,False,0.1,0.09999999999999999,34.16015625
spring_petclinic_microservices,spring_petclinic_microservices--colocated--ND--r0--list_vets,ours_direct,completion_projected,0,0,False,0.1,0.09999999999999999,34.22265625
spring_petclinic_microservices,spring_petclinic_microservices--colocated--ND--r0--list_vets,ours_prepared,original,0,0,False,0.11,0.09999999999999999,34.1796875
spring_petclinic_microservices,spring_petclinic_microservices--colocated--ND--r0--list_vets,ours_prepared,completion_projected,0,0,False,0.1,0.09999999999999999,34.18359375
spring_petclinic_microservices,spring_petclinic_microservices--colocated--ND--r0--list_vets,cudd_fixed,original,0,0,False,0.21,0.19999999999999998,59.5625
spring_petclinic_microservices,spring_petclinic_microservices--colocated--ND--r0--list_vets,cudd_fixed,completion_projected,0,0,False,0.22,0.21,59.45703125
spring_petclinic_microservices,spring_petclinic_microservices--colocated--ND--r0--list_vets,cudd_sift,original,0,0,False,0.21,0.21,59.5703125
spring_petclinic_microservices,spring_petclinic_microservices--colocated--ND--r0--list_vets,cudd_sift,completion_projected,0,0,False,0.21,0.21,59.58984375
spring_petclinic_microservices,spring_petclinic_microservices--colocated--ND--r0--list_vets,agrum_conditioned,original,0,0,False,0.13,0.12,45.8828125
spring_petclinic_microservices,spring_petclinic_microservices--colocated--ND--r0--list_vets,agrum_conditioned,completion_projected,0,0,False,0.13,0.12,45.89453125
spring_petclinic_microservices,spring_petclinic_microservices--colocated--ND--r0--list_vets,agrum_joint,original,0,0,False,0.13,0.12,45.703125
spring_petclinic_microservices,spring_petclinic_microservices--colocated--ND--r0--list_vets,agrum_joint,completion_projected,0,0,False,0.13,0.13,45.79296875
spring_petclinic_microservices,spring_petclinic_microservices--colocated--ND--r0--list_vets,storm_sparse,original,0,0,False,0.2,0.19999999999999998,91.9453125
spring_petclinic_microservices,spring_petclinic_microservices--colocated--ND--r0--list_vets,storm_sparse,completion_projected,0,0,False,0.21,0.19999999999999998,91.95703125
spring_petclinic_microservices,spring_petclinic_microservices--colocated--ND--r0--owner_details_with_visits,storm_compact,completion_projected,0,0,False,0.22,0.22,93.08984375
spring_petclinic_microservices,spring_petclinic_microservices--colocated--ND--r0--owner_details_with_visits,ours_direct,original,0,0,False,0.11,0.11,34.3671875
spring_petclinic_microservices,spring_petclinic_microservices--colocated--ND--r0--owner_details_with_visits,ours_direct,completion_projected,0,0,False,0.11,0.11,34.39453125
spring_petclinic_microservices,spring_petclinic_microservices--colocated--ND--r0--owner_details_with_visits,ours_prepared,original,0,0,False,0.11,0.09999999999999999,34.26171875
spring_petclinic_microservices,spring_petclinic_microservices--colocated--ND--r0--owner_details_with_visits,ours_prepared,completion_projected,0,0,False,0.11,0.11,34.265625
spring_petclinic_microservices,spring_petclinic_microservices--colocated--ND--r0--owner_details_with_visits,cudd_fixed,original,0,0,False,0.22,0.21,59.4296875
spring_petclinic_microservices,spring_petclinic_microservices--colocated--ND--r0--owner_details_with_visits,cudd_fixed,completion_projected,0,0,False,0.22,0.22,59.48046875
spring_petclinic_microservices,spring_petclinic_microservices--colocated--ND--r0--owner_details_with_visits,cudd_sift,original,0,0,False,0.22,0.21,59.58984375
spring_petclinic_microservices,spring_petclinic_microservices--colocated--ND--r0--owner_details_with_visits,cudd_sift,completion_projected,0,0,False,0.22,0.22,59.41796875
spring_petclinic_microservices,spring_petclinic_microservices--colocated--ND--r0--owner_details_with_visits,agrum_conditioned,original,0,0,False,0.32,0.31,46.140625
spring_petclinic_microservices,spring_petclinic_microservices--colocated--ND--r0--owner_details_with_visits,agrum_conditioned,completion_projected,0,0,False,0.29,0.28,46.1171875
spring_petclinic_microservices,spring_petclinic_microservices--colocated--ND--r0--owner_details_with_visits,agrum_joint,original,0,0,False,0.2,0.19,46.453125
spring_petclinic_microservices,spring_petclinic_microservices--colocated--ND--r0--owner_details_with_visits,agrum_joint,completion_projected,0,0,False,0.19,0.19,46.41796875
spring_petclinic_microservices,spring_petclinic_microservices--colocated--ND--r0--owner_details_with_visits,storm_sparse,original,0,0,False,0.23,0.22,93.1640625
spring_petclinic_microservices,spring_petclinic_microservices--colocated--ND--r0--owner_details_with_visits,storm_sparse,completion_projected,0,0,False,0.23,0.22999999999999998,93.1015625
spring_petclinic_microservices,spring_petclinic_microservices--colocated--ND--r0--owner_details_with_visits,storm_compact,original,0,0,False,0.22,0.22,93.0859375
spring_petclinic_microservices,spring_petclinic_microservices--split--N--r0--create_visit,ours_direct,original,0,0,False,0.11,0.09999999999999999,34.3671875
spring_petclinic_microservices,spring_petclinic_microservices--split--N--r0--create_visit,ours_direct,completion_projected,0,0,False,0.11,0.09999999999999999,34.3515625
spring_petclinic_microservices,spring_petclinic_microservices--split--N--r0--create_visit,ours_prepared,original,0,0,False,0.11,0.1,34.3359375
spring_petclinic_microservices,spring_petclinic_microservices--split--N--r0--create_visit,ours_prepared,completion_projected,0,0,False,0.11,0.11,34.3515625
spring_petclinic_microservices,spring_petclinic_microservices--split--N--r0--create_visit,cudd_fixed,original,0,0,False,0.22,0.21,59.37890625
spring_petclinic_microservices,spring_petclinic_microservices--split--N--r0--create_visit,cudd_fixed,completion_projected,0,0,False,0.22,0.21,59.5703125
spring_petclinic_microservices,spring_petclinic_microservices--split--N--r0--create_visit,cudd_sift,original,0,0,False,0.22,0.21,59.45703125
spring_petclinic_microservices,spring_petclinic_microservices--split--N--r0--create_visit,cudd_sift,completion_projected,0,0,False,0.22,0.21,59.3828125
spring_petclinic_microservices,spring_petclinic_microservices--split--N--r0--create_visit,agrum_conditioned,original,0,0,False,0.24,0.24000000000000002,46.20703125
spring_petclinic_microservices,spring_petclinic_microservices--split--N--r0--create_visit,agrum_conditioned,completion_projected,0,0,False,0.24,0.23,46.37109375
spring_petclinic_microservices,spring_petclinic_microservices--split--N--r0--create_visit,agrum_joint,original,0,0,False,0.18,0.17,46.2265625
spring_petclinic_microservices,spring_petclinic_microservices--split--N--r0--create_visit,agrum_joint,completion_projected,0,0,False,0.17,0.17,46.44921875
spring_petclinic_microservices,spring_petclinic_microservices--split--N--r0--create_visit,storm_sparse,original,0,0,False,0.22,0.21,93.078125
spring_petclinic_microservices,spring_petclinic_microservices--split--N--r0--create_visit,storm_sparse,completion_projected,0,0,False,0.22,0.22,92.90234375
spring_petclinic_microservices,spring_petclinic_microservices--split--N--r0--create_visit,storm_compact,original,0,0,False,0.21,0.21000000000000002,93.1796875
spring_petclinic_microservices,spring_petclinic_microservices--split--N--r0--create_visit,storm_compact,completion_projected,0,0,False,0.22,0.21,93.078125
spring_petclinic_microservices,spring_petclinic_microservices--split--N--r0--list_owners,ours_direct,completion_projected,0,0,False,0.1,0.09999999999999999,34.1953125
spring_petclinic_microservices,spring_petclinic_microservices--split--N--r0--list_owners,ours_prepared,original,0,0,False,0.1,0.09999999999999999,34.32421875
spring_petclinic_microservices,spring_petclinic_microservices--split--N--r0--list_owners,ours_prepared,completion_projected,0,0,False,0.1,0.09999999999999999,34.359375
spring_petclinic_microservices,spring_petclinic_microservices--split--N--r0--list_owners,cudd_fixed,original,0,0,False,0.21,0.2,59.578125
spring_petclinic_microservices,spring_petclinic_microservices--split--N--r0--list_owners,cudd_fixed,completion_projected,0,0,False,0.21,0.19999999999999998,59.5
spring_petclinic_microservices,spring_petclinic_microservices--split--N--r0--list_owners,cudd_sift,original,0,0,False,0.21,0.21,59.609375
spring_petclinic_microservices,spring_petclinic_microservices--split--N--r0--list_owners,cudd_sift,completion_projected,0,0,False,0.21,0.21,59.55078125
spring_petclinic_microservices,spring_petclinic_microservices--split--N--r0--list_owners,agrum_conditioned,original,0,0,False,0.13,0.13,45.78125
spring_petclinic_microservices,spring_petclinic_microservices--split--N--r0--list_owners,agrum_conditioned,completion_projected,0,0,False,0.13,0.13,45.80078125
spring_petclinic_microservices,spring_petclinic_microservices--split--N--r0--list_owners,agrum_joint,original,0,0,False,0.13,0.12,45.89453125
spring_petclinic_microservices,spring_petclinic_microservices--split--N--r0--list_owners,agrum_joint,completion_projected,0,0,False,0.13,0.12,45.75390625
spring_petclinic_microservices,spring_petclinic_microservices--split--N--r0--list_owners,storm_sparse,original,0,0,False,0.2,0.2,91.875
spring_petclinic_microservices,spring_petclinic_microservices--split--N--r0--list_owners,storm_sparse,completion_projected,0,0,False,0.2,0.2,91.6796875
spring_petclinic_microservices,spring_petclinic_microservices--split--N--r0--list_owners,storm_compact,original,0,0,False,0.2,0.19999999999999998,91.78125
spring_petclinic_microservices,spring_petclinic_microservices--split--N--r0--list_owners,storm_compact,completion_projected,0,0,False,0.2,0.19999999999999998,91.74609375
spring_petclinic_microservices,spring_petclinic_microservices--split--N--r0--list_owners,ours_direct,original,0,0,False,0.1,0.09999999999999999,34.3203125
spring_petclinic_microservices,spring_petclinic_microservices--split--N--r0--list_vets,ours_prepared,original,0,0,False,0.1,0.09999999999999999,34.3046875
spring_petclinic_microservices,spring_petclinic_microservices--split--N--r0--list_vets,ours_prepared,completion_projected,0,0,False,0.1,0.09999999999999999,34.1796875
spring_petclinic_microservices,spring_petclinic_microservices--split--N--r0--list_vets,cudd_fixed,original,0,0,False,0.21,0.2,59.3671875
spring_petclinic_microservices,spring_petclinic_microservices--split--N--r0--list_vets,cudd_fixed,completion_projected,0,0,False,0.21,0.21,59.51953125
spring_petclinic_microservices,spring_petclinic_microservices--split--N--r0--list_vets,cudd_sift,original,0,0,False,0.21,0.19999999999999998,59.6015625
spring_petclinic_microservices,spring_petclinic_microservices--split--N--r0--list_vets,cudd_sift,completion_projected,0,0,False,0.21,0.21,59.51171875
spring_petclinic_microservices,spring_petclinic_microservices--split--N--r0--list_vets,agrum_conditioned,original,0,0,False,0.13,0.12,45.91796875
spring_petclinic_microservices,spring_petclinic_microservices--split--N--r0--list_vets,agrum_conditioned,completion_projected,0,0,False,0.13,0.12,45.91015625
spring_petclinic_microservices,spring_petclinic_microservices--split--N--r0--list_vets,agrum_joint,original,0,0,False,0.13,0.12,45.80078125
spring_petclinic_microservices,spring_petclinic_microservices--split--N--r0--list_vets,agrum_joint,completion_projected,0,0,False,0.13,0.12,45.85546875
spring_petclinic_microservices,spring_petclinic_microservices--split--N--r0--list_vets,storm_sparse,original,0,0,False,0.2,0.19999999999999998,91.94140625
spring_petclinic_microservices,spring_petclinic_microservices--split--N--r0--list_vets,storm_sparse,completion_projected,0,0,False,0.21,0.2,91.921875
spring_petclinic_microservices,spring_petclinic_microservices--split--N--r0--list_vets,storm_compact,original,0,0,False,0.2,0.19999999999999998,91.85546875
spring_petclinic_microservices,spring_petclinic_microservices--split--N--r0--list_vets,storm_compact,completion_projected,0,0,False,0.2,0.19999999999999998,91.765625
spring_petclinic_microservices,spring_petclinic_microservices--split--N--r0--list_vets,ours_direct,original,0,0,False,0.1,0.09,34.13671875
spring_petclinic_microservices,spring_petclinic_microservices--split--N--r0--list_vets,ours_direct,completion_projected,0,0,False,0.1,0.09,34.17578125
spring_petclinic_microservices,spring_petclinic_microservices--split--N--r0--owner_details_with_visits,ours_prepared,completion_projected,0,0,False,0.11,0.11,34.3125
spring_petclinic_microservices,spring_petclinic_microservices--split--N--r0--owner_details_with_visits,cudd_fixed,original,0,0,False,0.22,0.21,59.5390625
spring_petclinic_microservices,spring_petclinic_microservices--split--N--r0--owner_details_with_visits,cudd_fixed,completion_projected,0,0,False,0.22,0.21,59.40234375
spring_petclinic_microservices,spring_petclinic_microservices--split--N--r0--owner_details_with_visits,cudd_sift,original,0,0,False,0.22,0.21,59.59375
spring_petclinic_microservices,spring_petclinic_microservices--split--N--r0--owner_details_with_visits,cudd_sift,completion_projected,0,0,False,0.21,0.21,59.38671875
spring_petclinic_microservices,spring_petclinic_microservices--split--N--r0--owner_details_with_visits,agrum_conditioned,original,0,0,False,0.29,0.29000000000000004,46.25
spring_petclinic_microservices,spring_petclinic_microservices--split--N--r0--owner_details_with_visits,agrum_conditioned,completion_projected,0,0,False,0.27,0.26,46.09765625
spring_petclinic_microservices,spring_petclinic_microservices--split--N--r0--owner_details_with_visits,agrum_joint,original,0,0,False,0.19,0.19,46.25390625
spring_petclinic_microservices,spring_petclinic_microservices--split--N--r0--owner_details_with_visits,agrum_joint,completion_projected,0,0,False,0.18,0.18000000000000002,46.44140625
spring_petclinic_microservices,spring_petclinic_microservices--split--N--r0--owner_details_with_visits,storm_sparse,original,0,0,False,0.23,0.22,93.01171875
spring_petclinic_microservices,spring_petclinic_microservices--split--N--r0--owner_details_with_visits,storm_sparse,completion_projected,0,0,False,0.22,0.22,93.09765625
spring_petclinic_microservices,spring_petclinic_microservices--split--N--r0--owner_details_with_visits,storm_compact,original,0,0,False,0.22,0.21,93.09765625
spring_petclinic_microservices,spring_petclinic_microservices--split--N--r0--owner_details_with_visits,storm_compact,completion_projected,0,0,False,0.21,0.21,92.97265625
spring_petclinic_microservices,spring_petclinic_microservices--split--N--r0--owner_details_with_visits,ours_direct,original,0,0,False,0.11,0.11,34.37890625
spring_petclinic_microservices,spring_petclinic_microservices--split--N--r0--owner_details_with_visits,ours_direct,completion_projected,0,0,False,0.11,0.11,34.2890625
spring_petclinic_microservices,spring_petclinic_microservices--split--N--r0--owner_details_with_visits,ours_prepared,original,0,0,False,0.11,0.11,34.37890625
spring_petclinic_microservices,spring_petclinic_microservices--split--NC--r0--create_visit,cudd_fixed,original,0,0,False,0.21,0.21,59.515625
spring_petclinic_microservices,spring_petclinic_microservices--split--NC--r0--create_visit,cudd_fixed,completion_projected,0,0,False,0.22,0.21,59.5
spring_petclinic_microservices,spring_petclinic_microservices--split--NC--r0--create_visit,cudd_sift,original,0,0,False,0.21,0.21,59.5
spring_petclinic_microservices,spring_petclinic_microservices--split--NC--r0--create_visit,cudd_sift,completion_projected,0,0,False,0.22,0.21,59.59765625
spring_petclinic_microservices,spring_petclinic_microservices--split--NC--r0--create_visit,agrum_conditioned,original,0,0,False,0.31,0.31,46.23046875
spring_petclinic_microservices,spring_petclinic_microservices--split--NC--r0--create_visit,agrum_conditioned,completion_projected,0,0,False,0.29,0.28,46.2421875
spring_petclinic_microservices,spring_petclinic_microservices--split--NC--r0--create_visit,agrum_joint,original,0,0,False,0.2,0.19,46.1640625
spring_petclinic_microservices,spring_petclinic_microservices--split--NC--r0--create_visit,agrum_joint,completion_projected,0,0,False,0.19,0.19,46.1328125
spring_petclinic_microservices,spring_petclinic_microservices--split--NC--r0--create_visit,storm_sparse,original,0,0,False,0.23,0.22,93.12890625
spring_petclinic_microservices,spring_petclinic_microservices--split--NC--r0--create_visit,storm_sparse,completion_projected,0,0,False,0.23,0.22,93.05078125
spring_petclinic_microservices,spring_petclinic_microservices--split--NC--r0--create_visit,storm_compact,original,0,0,False,0.22,0.21,93.12890625
spring_petclinic_microservices,spring_petclinic_microservices--split--NC--r0--create_visit,storm_compact,completion_projected,0,0,False,0.22,0.21,93.12109375
spring_petclinic_microservices,spring_petclinic_microservices--split--NC--r0--create_visit,ours_direct,original,0,0,False,0.11,0.11,34.33984375
spring_petclinic_microservices,spring_petclinic_microservices--split--NC--r0--create_visit,ours_direct,completion_projected,0,0,False,0.11,0.11,34.22265625
spring_petclinic_microservices,spring_petclinic_microservices--split--NC--r0--create_visit,ours_prepared,original,0,0,False,0.11,0.11,34.3671875
spring_petclinic_microservices,spring_petclinic_microservices--split--NC--r0--create_visit,ours_prepared,completion_projected,0,0,False,0.11,0.11,34.41796875
spring_petclinic_microservices,spring_petclinic_microservices--split--NC--r0--list_owners,cudd_fixed,completion_projected,0,0,False,0.21,0.21,59.5234375
spring_petclinic_microservices,spring_petclinic_microservices--split--NC--r0--list_owners,cudd_sift,original,0,0,False,0.21,0.19999999999999998,59.609375
spring_petclinic_microservices,spring_petclinic_microservices--split--NC--r0--list_owners,cudd_sift,completion_projected,0,0,False,0.21,0.21,59.36328125
spring_petclinic_microservices,spring_petclinic_microservices--split--NC--r0--list_owners,agrum_conditioned,original,0,0,False,0.13,0.12,45.94140625
spring_petclinic_microservices,spring_petclinic_microservices--split--NC--r0--list_owners,agrum_conditioned,completion_projected,0,0,False,0.13,0.12,45.95703125
spring_petclinic_microservices,spring_petclinic_microservices--split--NC--r0--list_owners,agrum_joint,original,0,0,False,0.13,0.13,45.8203125
spring_petclinic_microservices,spring_petclinic_microservices--split--NC--r0--list_owners,agrum_joint,completion_projected,0,0,False,0.13,0.13,45.86328125
spring_petclinic_microservices,spring_petclinic_microservices--split--NC--r0--list_owners,storm_sparse,original,0,0,False,0.2,0.19,91.84375
spring_petclinic_microservices,spring_petclinic_microservices--split--NC--r0--list_owners,storm_sparse,completion_projected,0,0,False,0.2,0.19999999999999998,91.80078125
spring_petclinic_microservices,spring_petclinic_microservices--split--NC--r0--list_owners,storm_compact,original,0,0,False,0.2,0.19,91.77734375
spring_petclinic_microservices,spring_petclinic_microservices--split--NC--r0--list_owners,storm_compact,completion_projected,0,0,False,0.2,0.19999999999999998,91.87890625
spring_petclinic_microservices,spring_petclinic_microservices--split--NC--r0--list_owners,ours_direct,original,0,0,False,0.1,0.09,34.30078125
spring_petclinic_microservices,spring_petclinic_microservices--split--NC--r0--list_owners,ours_direct,completion_projected,0,0,False,0.1,0.09999999999999999,34.27734375
spring_petclinic_microservices,spring_petclinic_microservices--split--NC--r0--list_owners,ours_prepared,original,0,0,False,0.1,0.09999999999999999,34.25390625
spring_petclinic_microservices,spring_petclinic_microservices--split--NC--r0--list_owners,ours_prepared,completion_projected,0,0,False,0.1,0.09999999999999999,34.23046875
spring_petclinic_microservices,spring_petclinic_microservices--split--NC--r0--list_owners,cudd_fixed,original,0,0,False,0.2,0.19999999999999998,59.42578125
spring_petclinic_microservices,spring_petclinic_microservices--split--NC--r0--list_vets,cudd_sift,original,0,0,False,0.21,0.21,59.35546875
spring_petclinic_microservices,spring_petclinic_microservices--split--NC--r0--list_vets,cudd_sift,completion_projected,0,0,False,0.21,0.21,59.60546875
spring_petclinic_microservices,spring_petclinic_microservices--split--NC--r0--list_vets,agrum_conditioned,original,0,0,False,0.13,0.13,45.98046875
spring_petclinic_microservices,spring_petclinic_microservices--split--NC--r0--list_vets,agrum_conditioned,completion_projected,0,0,False,0.13,0.12,45.8359375
spring_petclinic_microservices,spring_petclinic_microservices--split--NC--r0--list_vets,agrum_joint,original,0,0,False,0.13,0.12,45.92578125
spring_petclinic_microservices,spring_petclinic_microservices--split--NC--r0--list_vets,agrum_joint,completion_projected,0,0,False,0.13,0.12,45.77734375
spring_petclinic_microservices,spring_petclinic_microservices--split--NC--r0--list_vets,storm_sparse,original,0,0,False,0.2,0.19999999999999998,91.90625
spring_petclinic_microservices,spring_petclinic_microservices--split--NC--r0--list_vets,storm_sparse,completion_projected,0,0,False,0.2,0.19999999999999998,91.765625
spring_petclinic_microservices,spring_petclinic_microservices--split--NC--r0--list_vets,storm_compact,original,0,0,False,0.21,0.2,91.81640625
spring_petclinic_microservices,spring_petclinic_microservices--split--NC--r0--list_vets,storm_compact,completion_projected,0,0,False,0.2,0.19999999999999998,91.9296875
spring_petclinic_microservices,spring_petclinic_microservices--split--NC--r0--list_vets,ours_direct,original,0,0,False,0.1,0.09999999999999999,34.17578125
spring_petclinic_microservices,spring_petclinic_microservices--split--NC--r0--list_vets,ours_direct,completion_projected,0,0,False,0.1,0.09,34.28125
spring_petclinic_microservices,spring_petclinic_microservices--split--NC--r0--list_vets,ours_prepared,original,0,0,False,0.1,0.09999999999999999,34.296875
spring_petclinic_microservices,spring_petclinic_microservices--split--NC--r0--list_vets,ours_prepared,completion_projected,0,0,False,0.1,0.09999999999999999,34.1875
spring_petclinic_microservices,spring_petclinic_microservices--split--NC--r0--list_vets,cudd_fixed,original,0,0,False,0.21,0.19999999999999998,59.57421875
spring_petclinic_microservices,spring_petclinic_microservices--split--NC--r0--list_vets,cudd_fixed,completion_projected,0,0,False,0.21,0.21,59.56640625
spring_petclinic_microservices,spring_petclinic_microservices--split--NC--r0--owner_details_with_visits,cudd_sift,completion_projected,0,0,False,0.22,0.22,59.484375
spring_petclinic_microservices,spring_petclinic_microservices--split--NC--r0--owner_details_with_visits,agrum_conditioned,original,0,0,False,0.33,0.33,46.125
spring_petclinic_microservices,spring_petclinic_microservices--split--NC--r0--owner_details_with_visits,agrum_conditioned,completion_projected,0,0,False,0.3,0.3,46.21484375
spring_petclinic_microservices,spring_petclinic_microservices--split--NC--r0--owner_details_with_visits,agrum_joint,original,0,0,False,0.2,0.2,46.2421875
spring_petclinic_microservices,spring_petclinic_microservices--split--NC--r0--owner_details_with_visits,agrum_joint,completion_projected,0,0,False,0.2,0.19,46.4453125
spring_petclinic_microservices,spring_petclinic_microservices--split--NC--r0--owner_details_with_visits,storm_sparse,original,0,0,False,0.23,0.23,93.13671875
spring_petclinic_microservices,spring_petclinic_microservices--split--NC--r0--owner_details_with_visits,storm_sparse,completion_projected,0,0,False,0.23,0.22,93.21875
spring_petclinic_microservices,spring_petclinic_microservices--split--NC--r0--owner_details_with_visits,storm_compact,original,0,0,False,0.22,0.21,92.99609375
spring_petclinic_microservices,spring_petclinic_microservices--split--NC--r0--owner_details_with_visits,storm_compact,completion_projected,0,0,False,0.22,0.21,93.02734375
spring_petclinic_microservices,spring_petclinic_microservices--split--NC--r0--owner_details_with_visits,ours_direct,original,0,0,False,0.11,0.11,34.37109375
spring_petclinic_microservices,spring_petclinic_microservices--split--NC--r0--owner_details_with_visits,ours_direct,completion_projected,0,0,False,0.11,0.11,34.37890625
spring_petclinic_microservices,spring_petclinic_microservices--split--NC--r0--owner_details_with_visits,ours_prepared,original,0,0,False,0.11,0.1,34.21875
spring_petclinic_microservices,spring_petclinic_microservices--split--NC--r0--owner_details_with_visits,ours_prepared,completion_projected,0,0,False,0.11,0.1,34.3046875
spring_petclinic_microservices,spring_petclinic_microservices--split--NC--r0--owner_details_with_visits,cudd_fixed,original,0,0,False,0.22,0.22,59.484375
spring_petclinic_microservices,spring_petclinic_microservices--split--NC--r0--owner_details_with_visits,cudd_fixed,completion_projected,0,0,False,0.22,0.21,59.64453125
spring_petclinic_microservices,spring_petclinic_microservices--split--NC--r0--owner_details_with_visits,cudd_sift,original,0,0,False,0.22,0.21,59.61328125
spring_petclinic_microservices,spring_petclinic_microservices--split--NCD--r0--create_visit,agrum_conditioned,original,0,0,False,0.33,0.32,46.25390625
spring_petclinic_microservices,spring_petclinic_microservices--split--NCD--r0--create_visit,agrum_conditioned,completion_projected,0,0,False,0.31,0.31,46.01953125
spring_petclinic_microservices,spring_petclinic_microservices--split--NCD--r0--create_visit,agrum_joint,original,0,0,False,0.21,0.2,46.1328125
spring_petclinic_microservices,spring_petclinic_microservices--split--NCD--r0--create_visit,agrum_joint,completion_projected,0,0,False,0.2,0.19,46.20703125
spring_petclinic_microservices,spring_petclinic_microservices--split--NCD--r0--create_visit,storm_sparse,original,0,0,False,0.23,0.22,93.2265625
spring_petclinic_microservices,spring_petclinic_microservices--split--NCD--r0--create_visit,storm_sparse,completion_projected,0,0,False,0.23,0.23,93.12109375
spring_petclinic_microservices,spring_petclinic_microservices--split--NCD--r0--create_visit,storm_compact,original,0,0,False,0.22,0.21000000000000002,93.2265625
spring_petclinic_microservices,spring_petclinic_microservices--split--NCD--r0--create_visit,storm_compact,completion_projected,0,0,False,0.22,0.22,93.19921875
spring_petclinic_microservices,spring_petclinic_microservices--split--NCD--r0--create_visit,ours_direct,original,0,0,False,0.12,0.11,34.3515625
spring_petclinic_microservices,spring_petclinic_microservices--split--NCD--r0--create_visit,ours_direct,completion_projected,0,0,False,0.11,0.11,34.39453125
spring_petclinic_microservices,spring_petclinic_microservices--split--NCD--r0--create_visit,ours_prepared,original,0,0,False,0.11,0.11,34.29296875
spring_petclinic_microservices,spring_petclinic_microservices--split--NCD--r0--create_visit,ours_prepared,completion_projected,0,0,False,0.11,0.11,34.42578125
spring_petclinic_microservices,spring_petclinic_microservices--split--NCD--r0--create_visit,cudd_fixed,original,0,0,False,0.22,0.22,59.51953125
spring_petclinic_microservices,spring_petclinic_microservices--split--NCD--r0--create_visit,cudd_fixed,completion_projected,0,0,False,0.22,0.22,59.6015625
spring_petclinic_microservices,spring_petclinic_microservices--split--NCD--r0--create_visit,cudd_sift,original,0,0,False,0.22,0.22,59.46484375
spring_petclinic_microservices,spring_petclinic_microservices--split--NCD--r0--create_visit,cudd_sift,completion_projected,0,0,False,0.22,0.22,59.59375
spring_petclinic_microservices,spring_petclinic_microservices--split--NCD--r0--list_owners,agrum_conditioned,completion_projected,0,0,False,0.13,0.13,45.85546875
spring_petclinic_microservices,spring_petclinic_microservices--split--NCD--r0--list_owners,agrum_joint,original,0,0,False,0.13,0.12,45.90234375
spring_petclinic_microservices,spring_petclinic_microservices--split--NCD--r0--list_owners,agrum_joint,completion_projected,0,0,False,0.13,0.13,45.63671875
spring_petclinic_microservices,spring_petclinic_microservices--split--NCD--r0--list_owners,storm_sparse,original,0,0,False,0.2,0.2,91.796875
spring_petclinic_microservices,spring_petclinic_microservices--split--NCD--r0--list_owners,storm_sparse,completion_projected,0,0,False,0.2,0.19999999999999998,91.95703125
spring_petclinic_microservices,spring_petclinic_microservices--split--NCD--r0--list_owners,storm_compact,original,0,0,False,0.2,0.19,91.73828125
spring_petclinic_microservices,spring_petclinic_microservices--split--NCD--r0--list_owners,storm_compact,completion_projected,0,0,False,0.2,0.19,91.87109375
spring_petclinic_microservices,spring_petclinic_microservices--split--NCD--r0--list_owners,ours_direct,original,0,0,False,0.1,0.09999999999999999,34.32421875
spring_petclinic_microservices,spring_petclinic_microservices--split--NCD--r0--list_owners,ours_direct,completion_projected,0,0,False,0.1,0.09999999999999999,34.08203125
spring_petclinic_microservices,spring_petclinic_microservices--split--NCD--r0--list_owners,ours_prepared,original,0,0,False,0.1,0.09999999999999999,34.26171875
spring_petclinic_microservices,spring_petclinic_microservices--split--NCD--r0--list_owners,ours_prepared,completion_projected,0,0,False,0.1,0.09999999999999999,34.33203125
spring_petclinic_microservices,spring_petclinic_microservices--split--NCD--r0--list_owners,cudd_fixed,original,0,0,False,0.21,0.21,59.45703125
spring_petclinic_microservices,spring_petclinic_microservices--split--NCD--r0--list_owners,cudd_fixed,completion_projected,0,0,False,0.21,0.21,59.609375
spring_petclinic_microservices,spring_petclinic_microservices--split--NCD--r0--list_owners,cudd_sift,original,0,0,False,0.21,0.21,59.37890625
spring_petclinic_microservices,spring_petclinic_microservices--split--NCD--r0--list_owners,cudd_sift,completion_projected,0,0,False,0.21,0.21,59.58203125
spring_petclinic_microservices,spring_petclinic_microservices--split--NCD--r0--list_owners,agrum_conditioned,original,0,0,False,0.13,0.13,45.88671875
spring_petclinic_microservices,spring_petclinic_microservices--split--NCD--r0--list_vets,agrum_joint,original,0,0,False,0.13,0.12,45.86328125
spring_petclinic_microservices,spring_petclinic_microservices--split--NCD--r0--list_vets,agrum_joint,completion_projected,0,0,False,0.13,0.12,45.85546875
spring_petclinic_microservices,spring_petclinic_microservices--split--NCD--r0--list_vets,storm_sparse,original,0,0,False,0.2,0.2,91.8046875
spring_petclinic_microservices,spring_petclinic_microservices--split--NCD--r0--list_vets,storm_sparse,completion_projected,0,0,False,0.2,0.19,91.85546875
spring_petclinic_microservices,spring_petclinic_microservices--split--NCD--r0--list_vets,storm_compact,original,0,0,False,0.2,0.19,92.03125
spring_petclinic_microservices,spring_petclinic_microservices--split--NCD--r0--list_vets,storm_compact,completion_projected,0,0,False,0.2,0.19999999999999998,91.8984375
spring_petclinic_microservices,spring_petclinic_microservices--split--NCD--r0--list_vets,ours_direct,original,0,0,False,0.1,0.09999999999999999,34.2890625
spring_petclinic_microservices,spring_petclinic_microservices--split--NCD--r0--list_vets,ours_direct,completion_projected,0,0,False,0.1,0.09999999999999999,34.3046875
spring_petclinic_microservices,spring_petclinic_microservices--split--NCD--r0--list_vets,ours_prepared,original,0,0,False,0.1,0.09999999999999999,34.16796875
spring_petclinic_microservices,spring_petclinic_microservices--split--NCD--r0--list_vets,ours_prepared,completion_projected,0,0,False,0.1,0.09,34.2578125
spring_petclinic_microservices,spring_petclinic_microservices--split--NCD--r0--list_vets,cudd_fixed,original,0,0,False,0.21,0.2,59.4921875
spring_petclinic_microservices,spring_petclinic_microservices--split--NCD--r0--list_vets,cudd_fixed,completion_projected,0,0,False,0.21,0.21,59.55859375
spring_petclinic_microservices,spring_petclinic_microservices--split--NCD--r0--list_vets,cudd_sift,original,0,0,False,0.21,0.19999999999999998,59.37890625
spring_petclinic_microservices,spring_petclinic_microservices--split--NCD--r0--list_vets,cudd_sift,completion_projected,0,0,False,0.21,0.21,59.53515625
spring_petclinic_microservices,spring_petclinic_microservices--split--NCD--r0--list_vets,agrum_conditioned,original,0,0,False,0.13,0.12,45.984375
spring_petclinic_microservices,spring_petclinic_microservices--split--NCD--r0--list_vets,agrum_conditioned,completion_projected,0,0,False,0.13,0.12,45.84765625
spring_petclinic_microservices,spring_petclinic_microservices--split--NCD--r0--owner_details_with_visits,agrum_joint,completion_projected,0,0,False,0.19,0.18000000000000002,46.3671875
spring_petclinic_microservices,spring_petclinic_microservices--split--NCD--r0--owner_details_with_visits,storm_sparse,original,0,0,False,0.23,0.22999999999999998,93.09375
spring_petclinic_microservices,spring_petclinic_microservices--split--NCD--r0--owner_details_with_visits,storm_sparse,completion_projected,0,0,False,0.23,0.22,93.125
spring_petclinic_microservices,spring_petclinic_microservices--split--NCD--r0--owner_details_with_visits,storm_compact,original,0,0,False,0.22,0.21,93.20703125
spring_petclinic_microservices,spring_petclinic_microservices--split--NCD--r0--owner_details_with_visits,storm_compact,completion_projected,0,0,False,0.22,0.22,93.14453125
spring_petclinic_microservices,spring_petclinic_microservices--split--NCD--r0--owner_details_with_visits,ours_direct,original,0,0,False,0.11,0.11,34.30078125
spring_petclinic_microservices,spring_petclinic_microservices--split--NCD--r0--owner_details_with_visits,ours_direct,completion_projected,0,0,False,0.11,0.11,34.29296875
spring_petclinic_microservices,spring_petclinic_microservices--split--NCD--r0--owner_details_with_visits,ours_prepared,original,0,0,False,0.11,0.11,34.30078125
spring_petclinic_microservices,spring_petclinic_microservices--split--NCD--r0--owner_details_with_visits,ours_prepared,completion_projected,0,0,False,0.11,0.11,34.4140625
spring_petclinic_microservices,spring_petclinic_microservices--split--NCD--r0--owner_details_with_visits,cudd_fixed,original,0,0,False,0.21,0.2,59.48046875
spring_petclinic_microservices,spring_petclinic_microservices--split--NCD--r0--owner_details_with_visits,cudd_fixed,completion_projected,0,0,False,0.22,0.21,59.55859375
spring_petclinic_microservices,spring_petclinic_microservices--split--NCD--r0--owner_details_with_visits,cudd_sift,original,0,0,False,0.21,0.19999999999999998,59.59765625
spring_petclinic_microservices,spring_petclinic_microservices--split--NCD--r0--owner_details_with_visits,cudd_sift,completion_projected,0,0,False,0.22,0.21,59.5234375
spring_petclinic_microservices,spring_petclinic_microservices--split--NCD--r0--owner_details_with_visits,agrum_conditioned,original,0,0,False,0.3,0.3,46.2421875
spring_petclinic_microservices,spring_petclinic_microservices--split--NCD--r0--owner_details_with_visits,agrum_conditioned,completion_projected,0,0,False,0.28,0.27,46.09765625
spring_petclinic_microservices,spring_petclinic_microservices--split--NCD--r0--owner_details_with_visits,agrum_joint,original,0,0,False,0.19,0.19,46.140625
spring_petclinic_microservices,spring_petclinic_microservices--split--ND--r0--create_visit,storm_sparse,original,0,0,False,0.22,0.21,93.06640625
spring_petclinic_microservices,spring_petclinic_microservices--split--ND--r0--create_visit,storm_sparse,completion_projected,0,0,False,0.23,0.22,93.16015625
spring_petclinic_microservices,spring_petclinic_microservices--split--ND--r0--create_visit,storm_compact,original,0,0,False,0.21,0.21,93.0546875
spring_petclinic_microservices,spring_petclinic_microservices--split--ND--r0--create_visit,storm_compact,completion_projected,0,0,False,0.22,0.21,92.98046875
spring_petclinic_microservices,spring_petclinic_microservices--split--ND--r0--create_visit,ours_direct,original,0,0,False,0.11,0.09999999999999999,34.37890625
spring_petclinic_microservices,spring_petclinic_microservices--split--ND--r0--create_visit,ours_direct,completion_projected,0,0,False,0.11,0.09999999999999999,34.3515625
spring_petclinic_microservices,spring_petclinic_microservices--split--ND--r0--create_visit,ours_prepared,original,0,0,False,0.11,0.09999999999999999,34.23046875
spring_petclinic_microservices,spring_petclinic_microservices--split--ND--r0--create_visit,ours_prepared,completion_projected,0,0,False,0.12,0.11,34.390625
spring_petclinic_microservices,spring_petclinic_microservices--split--ND--r0--create_visit,cudd_fixed,original,0,0,False,0.21,0.21,59.47265625
spring_petclinic_microservices,spring_petclinic_microservices--split--ND--r0--create_visit,cudd_fixed,completion_projected,0,0,False,0.22,0.21,59.5
spring_petclinic_microservices,spring_petclinic_microservices--split--ND--r0--create_visit,cudd_sift,original,0,0,False,0.22,0.21,59.49609375
spring_petclinic_microservices,spring_petclinic_microservices--split--ND--r0--create_visit,cudd_sift,completion_projected,0,0,False,0.22,0.22,59.39453125
spring_petclinic_microservices,spring_petclinic_microservices--split--ND--r0--create_visit,agrum_conditioned,original,0,0,False,0.28,0.28,46.109375
spring_petclinic_microservices,spring_petclinic_microservices--split--ND--r0--create_visit,agrum_conditioned,completion_projected,0,0,False,0.28,0.27,46.31640625
spring_petclinic_microservices,spring_petclinic_microservices--split--ND--r0--create_visit,agrum_joint,original,0,0,False,0.19,0.18000000000000002,46.37109375
spring_petclinic_microservices,spring_petclinic_microservices--split--ND--r0--create_visit,agrum_joint,completion_projected,0,0,False,0.19,0.18000000000000002,46.234375
spring_petclinic_microservices,spring_petclinic_microservices--split--ND--r0--list_owners,storm_sparse,completion_projected,0,0,False,0.2,0.19999999999999998,91.93359375
spring_petclinic_microservices,spring_petclinic_microservices--split--ND--r0--list_owners,storm_compact,original,0,0,False,0.21,0.19,91.890625
spring_petclinic_microservices,spring_petclinic_microservices--split--ND--r0--list_owners,storm_compact,completion_projected,0,0,False,0.21,0.21,91.88671875
spring_petclinic_microservices,spring_petclinic_microservices--split--ND--r0--list_owners,ours_direct,original,0,0,False,0.1,0.09,34.3203125
spring_petclinic_microservices,spring_petclinic_microservices--split--ND--r0--list_owners,ours_direct,completion_projected,0,0,False,0.1,0.09999999999999999,34.234375
spring_petclinic_microservices,spring_petclinic_microservices--split--ND--r0--list_owners,ours_prepared,original,0,0,False,0.1,0.09,34.1875
spring_petclinic_microservices,spring_petclinic_microservices--split--ND--r0--list_owners,ours_prepared,completion_projected,0,0,False,0.1,0.09,34.359375
spring_petclinic_microservices,spring_petclinic_microservices--split--ND--r0--list_owners,cudd_fixed,original,0,0,False,0.21,0.19999999999999998,59.48046875
spring_petclinic_microservices,spring_petclinic_microservices--split--ND--r0--list_owners,cudd_fixed,completion_projected,0,0,False,0.21,0.19999999999999998,59.58203125
spring_petclinic_microservices,spring_petclinic_microservices--split--ND--r0--list_owners,cudd_sift,original,0,0,False,0.21,0.21,59.61328125
spring_petclinic_microservices,spring_petclinic_microservices--split--ND--r0--list_owners,cudd_sift,completion_projected,0,0,False,0.21,0.21,59.58203125
spring_petclinic_microservices,spring_petclinic_microservices--split--ND--r0--list_owners,agrum_conditioned,original,0,0,False,0.13,0.12,45.8984375
spring_petclinic_microservices,spring_petclinic_microservices--split--ND--r0--list_owners,agrum_conditioned,completion_projected,0,0,False,0.13,0.12,45.76953125
spring_petclinic_microservices,spring_petclinic_microservices--split--ND--r0--list_owners,agrum_joint,original,0,0,False,0.13,0.13,45.79296875
spring_petclinic_microservices,spring_petclinic_microservices--split--ND--r0--list_owners,agrum_joint,completion_projected,0,0,False,0.13,0.12,45.87109375
spring_petclinic_microservices,spring_petclinic_microservices--split--ND--r0--list_owners,storm_sparse,original,0,0,False,0.2,0.19999999999999998,91.78125
spring_petclinic_microservices,spring_petclinic_microservices--split--ND--r0--list_vets,storm_compact,original,0,0,False,0.2,0.19,91.76953125
spring_petclinic_microservices,spring_petclinic_microservices--split--ND--r0--list_vets,storm_compact,completion_projected,0,0,False,0.2,0.19,91.78125
spring_petclinic_microservices,spring_petclinic_microservices--split--ND--r0--list_vets,ours_direct,original,0,0,False,0.1,0.09999999999999999,34.2734375
spring_petclinic_microservices,spring_petclinic_microservices--split--ND--r0--list_vets,ours_direct,completion_projected,0,0,False,0.1,0.09999999999999999,34.19140625
spring_petclinic_microservices,spring_petclinic_microservices--split--ND--r0--list_vets,ours_prepared,original,0,0,False,0.1,0.09,34.26171875
spring_petclinic_microservices,spring_petclinic_microservices--split--ND--r0--list_vets,ours_prepared,completion_projected,0,0,False,0.1,0.09999999999999999,34.1484375
spring_petclinic_microservices,spring_petclinic_microservices--split--ND--r0--list_vets,cudd_fixed,original,0,0,False,0.2,0.19999999999999998,59.51953125
spring_petclinic_microservices,spring_petclinic_microservices--split--ND--r0--list_vets,cudd_fixed,completion_projected,0,0,False,0.21,0.19999999999999998,59.38671875
spring_petclinic_microservices,spring_petclinic_microservices--split--ND--r0--list_vets,cudd_sift,original,0,0,False,0.21,0.19999999999999998,59.47265625
spring_petclinic_microservices,spring_petclinic_microservices--split--ND--r0--list_vets,cudd_sift,completion_projected,0,0,False,0.21,0.21,59.4765625
spring_petclinic_microservices,spring_petclinic_microservices--split--ND--r0--list_vets,agrum_conditioned,original,0,0,False,0.13,0.12,45.80859375
spring_petclinic_microservices,spring_petclinic_microservices--split--ND--r0--list_vets,agrum_conditioned,completion_projected,0,0,False,0.13,0.12,45.86328125
spring_petclinic_microservices,spring_petclinic_microservices--split--ND--r0--list_vets,agrum_joint,original,0,0,False,0.13,0.12,45.7890625
spring_petclinic_microservices,spring_petclinic_microservices--split--ND--r0--list_vets,agrum_joint,completion_projected,0,0,False,0.13,0.12,45.74609375
spring_petclinic_microservices,spring_petclinic_microservices--split--ND--r0--list_vets,storm_sparse,original,0,0,False,0.2,0.2,91.7265625
spring_petclinic_microservices,spring_petclinic_microservices--split--ND--r0--list_vets,storm_sparse,completion_projected,0,0,False,0.2,0.19999999999999998,91.9453125
spring_petclinic_microservices,spring_petclinic_microservices--split--ND--r0--owner_details_with_visits,storm_compact,completion_projected,0,0,False,0.22,0.21,93.18359375
spring_petclinic_microservices,spring_petclinic_microservices--split--ND--r0--owner_details_with_visits,ours_direct,original,0,0,False,0.11,0.11,34.26953125
spring_petclinic_microservices,spring_petclinic_microservices--split--ND--r0--owner_details_with_visits,ours_direct,completion_projected,0,0,False,0.11,0.11,34.3125
spring_petclinic_microservices,spring_petclinic_microservices--split--ND--r0--owner_details_with_visits,ours_prepared,original,0,0,False,0.11,0.11,34.48828125
spring_petclinic_microservices,spring_petclinic_microservices--split--ND--r0--owner_details_with_visits,ours_prepared,completion_projected,0,0,False,0.11,0.11,34.30078125
spring_petclinic_microservices,spring_petclinic_microservices--split--ND--r0--owner_details_with_visits,cudd_fixed,original,0,0,False,0.22,0.21,59.46875
spring_petclinic_microservices,spring_petclinic_microservices--split--ND--r0--owner_details_with_visits,cudd_fixed,completion_projected,0,0,False,0.22,0.21,59.48046875
spring_petclinic_microservices,spring_petclinic_microservices--split--ND--r0--owner_details_with_visits,cudd_sift,original,0,0,False,0.21,0.21,59.3828125
spring_petclinic_microservices,spring_petclinic_microservices--split--ND--r0--owner_details_with_visits,cudd_sift,completion_projected,0,0,False,0.22,0.22,59.62890625
spring_petclinic_microservices,spring_petclinic_microservices--split--ND--r0--owner_details_with_visits,agrum_conditioned,original,0,0,False,0.3,0.29000000000000004,46.2421875
spring_petclinic_microservices,spring_petclinic_microservices--split--ND--r0--owner_details_with_visits,agrum_conditioned,completion_projected,0,0,False,0.27,0.26,46.20703125
spring_petclinic_microservices,spring_petclinic_microservices--split--ND--r0--owner_details_with_visits,agrum_joint,original,0,0,False,0.19,0.19,46.14453125
spring_petclinic_microservices,spring_petclinic_microservices--split--ND--r0--owner_details_with_visits,agrum_joint,completion_projected,0,0,False,0.19,0.18000000000000002,46.37890625
spring_petclinic_microservices,spring_petclinic_microservices--split--ND--r0--owner_details_with_visits,storm_sparse,original,0,0,False,0.22,0.22,93.11328125
spring_petclinic_microservices,spring_petclinic_microservices--split--ND--r0--owner_details_with_visits,storm_sparse,completion_projected,0,0,False,0.22,0.22,92.859375
spring_petclinic_microservices,spring_petclinic_microservices--split--ND--r0--owner_details_with_visits,storm_compact,original,0,0,False,0.21,0.21,93.1015625
spring_petclinic_microservices,spring_petclinic_microservices--colocated--N--r0--create_visit,ours_direct,completion_projected,1,0,False,0.11,0.11,34.2734375
spring_petclinic_microservices,spring_petclinic_microservices--colocated--N--r0--create_visit,ours_prepared,original,1,0,False,0.11,0.09999999999999999,34.3671875
spring_petclinic_microservices,spring_petclinic_microservices--colocated--N--r0--create_visit,ours_prepared,completion_projected,1,0,False,0.11,0.09999999999999999,34.3515625
spring_petclinic_microservices,spring_petclinic_microservices--colocated--N--r0--create_visit,cudd_fixed,original,1,0,False,0.22,0.22,59.5859375
spring_petclinic_microservices,spring_petclinic_microservices--colocated--N--r0--create_visit,cudd_fixed,completion_projected,1,0,False,0.21,0.21,59.59375
spring_petclinic_microservices,spring_petclinic_microservices--colocated--N--r0--create_visit,cudd_sift,original,1,0,False,0.22,0.21000000000000002,59.59375
spring_petclinic_microservices,spring_petclinic_microservices--colocated--N--r0--create_visit,cudd_sift,completion_projected,1,0,False,0.22,0.21,59.58984375
spring_petclinic_microservices,spring_petclinic_microservices--colocated--N--r0--create_visit,agrum_conditioned,original,1,0,False,0.27,0.26,46.20703125
spring_petclinic_microservices,spring_petclinic_microservices--colocated--N--r0--create_visit,agrum_conditioned,completion_projected,1,0,False,0.26,0.25,45.98046875
spring_petclinic_microservices,spring_petclinic_microservices--colocated--N--r0--create_visit,agrum_joint,original,1,0,False,0.18,0.18000000000000002,46.296875
spring_petclinic_microservices,spring_petclinic_microservices--colocated--N--r0--create_visit,agrum_joint,completion_projected,1,0,False,0.18,0.18000000000000002,46.23828125
spring_petclinic_microservices,spring_petclinic_microservices--colocated--N--r0--create_visit,storm_sparse,original,1,0,False,0.22,0.21,92.94140625
spring_petclinic_microservices,spring_petclinic_microservices--colocated--N--r0--create_visit,storm_sparse,completion_projected,1,0,False,0.22,0.22,93.07421875
spring_petclinic_microservices,spring_petclinic_microservices--colocated--N--r0--create_visit,storm_compact,original,1,0,False,0.21,0.21,93.11328125
spring_petclinic_microservices,spring_petclinic_microservices--colocated--N--r0--create_visit,storm_compact,completion_projected,1,0,False,0.22,0.21,92.921875
spring_petclinic_microservices,spring_petclinic_microservices--colocated--N--r0--create_visit,ours_direct,original,1,0,False,0.11,0.1,34.2578125
spring_petclinic_microservices,spring_petclinic_microservices--colocated--N--r0--list_owners,ours_prepared,original,1,0,False,0.1,0.09,34.3125
spring_petclinic_microservices,spring_petclinic_microservices--colocated--N--r0--list_owners,ours_prepared,completion_projected,1,0,False,0.1,0.09999999999999999,34.3046875
spring_petclinic_microservices,spring_petclinic_microservices--colocated--N--r0--list_owners,cudd_fixed,original,1,0,False,0.21,0.19999999999999998,59.3828125
spring_petclinic_microservices,spring_petclinic_microservices--colocated--N--r0--list_owners,cudd_fixed,completion_projected,1,0,False,0.21,0.19999999999999998,59.453125
spring_petclinic_microservices,spring_petclinic_microservices--colocated--N--r0--list_owners,cudd_sift,original,1,0,False,0.21,0.2,59.59375
spring_petclinic_microservices,spring_petclinic_microservices--colocated--N--r0--list_owners,cudd_sift,completion_projected,1,0,False,0.21,0.19999999999999998,59.44140625
spring_petclinic_microservices,spring_petclinic_microservices--colocated--N--r0--list_owners,agrum_conditioned,original,1,0,False,0.13,0.12,45.9375
spring_petclinic_microservices,spring_petclinic_microservices--colocated--N--r0--list_owners,agrum_conditioned,completion_projected,1,0,False,0.13,0.12,45.90234375
spring_petclinic_microservices,spring_petclinic_microservices--colocated--N--r0--list_owners,agrum_joint,original,1,0,False,0.13,0.12,45.94140625
spring_petclinic_microservices,spring_petclinic_microservices--colocated--N--r0--list_owners,agrum_joint,completion_projected,1,0,False,0.13,0.12,45.890625
spring_petclinic_microservices,spring_petclinic_microservices--colocated--N--r0--list_owners,storm_sparse,original,1,0,False,0.2,0.19,91.8984375
spring_petclinic_microservices,spring_petclinic_microservices--colocated--N--r0--list_owners,storm_sparse,completion_projected,1,0,False,0.2,0.19,91.8671875
spring_petclinic_microservices,spring_petclinic_microservices--colocated--N--r0--list_owners,storm_compact,original,1,0,False,0.2,0.19,91.84375
spring_petclinic_microservices,spring_petclinic_microservices--colocated--N--r0--list_owners,storm_compact,completion_projected,1,0,False,0.2,0.19999999999999998,91.8046875
spring_petclinic_microservices,spring_petclinic_microservices--colocated--N--r0--list_owners,ours_direct,original,1,0,False,0.1,0.1,34.30078125
spring_petclinic_microservices,spring_petclinic_microservices--colocated--N--r0--list_owners,ours_direct,completion_projected,1,0,False,0.1,0.09999999999999999,34.3125
spring_petclinic_microservices,spring_petclinic_microservices--colocated--N--r0--list_vets,ours_prepared,completion_projected,1,0,False,0.1,0.09999999999999999,34.07421875
spring_petclinic_microservices,spring_petclinic_microservices--colocated--N--r0--list_vets,cudd_fixed,original,1,0,False,0.21,0.19999999999999998,59.59765625
spring_petclinic_microservices,spring_petclinic_microservices--colocated--N--r0--list_vets,cudd_fixed,completion_projected,1,0,False,0.21,0.21,59.50390625
spring_petclinic_microservices,spring_petclinic_microservices--colocated--N--r0--list_vets,cudd_sift,original,1,0,False,0.21,0.19999999999999998,59.5703125
spring_petclinic_microservices,spring_petclinic_microservices--colocated--N--r0--list_vets,cudd_sift,completion_projected,1,0,False,0.21,0.21,59.51953125
spring_petclinic_microservices,spring_petclinic_microservices--colocated--N--r0--list_vets,agrum_conditioned,original,1,0,False,0.13,0.12,45.93359375
spring_petclinic_microservices,spring_petclinic_microservices--colocated--N--r0--list_vets,agrum_conditioned,completion_projected,1,0,False,0.13,0.12,45.828125
spring_petclinic_microservices,spring_petclinic_microservices--colocated--N--r0--list_vets,agrum_joint,original,1,0,False,0.13,0.12,45.9140625
spring_petclinic_microservices,spring_petclinic_microservices--colocated--N--r0--list_vets,agrum_joint,completion_projected,1,0,False,0.13,0.13,45.8984375
spring_petclinic_microservices,spring_petclinic_microservices--colocated--N--r0--list_vets,storm_sparse,original,1,0,False,0.2,0.19,91.9765625
spring_petclinic_microservices,spring_petclinic_microservices--colocated--N--r0--list_vets,storm_sparse,completion_projected,1,0,False,0.2,0.19999999999999998,91.93359375
spring_petclinic_microservices,spring_petclinic_microservices--colocated--N--r0--list_vets,storm_compact,original,1,0,False,0.2,0.19999999999999998,91.88671875
spring_petclinic_microservices,spring_petclinic_microservices--colocated--N--r0--list_vets,storm_compact,completion_projected,1,0,False,0.2,0.2,91.86328125
spring_petclinic_microservices,spring_petclinic_microservices--colocated--N--r0--list_vets,ours_direct,original,1,0,False,0.1,0.1,34.19140625
spring_petclinic_microservices,spring_petclinic_microservices--colocated--N--r0--list_vets,ours_direct,completion_projected,1,0,False,0.1,0.09999999999999999,34.30078125
spring_petclinic_microservices,spring_petclinic_microservices--colocated--N--r0--list_vets,ours_prepared,original,1,0,False,0.1,0.09999999999999999,34.34375
spring_petclinic_microservices,spring_petclinic_microservices--colocated--N--r0--owner_details_with_visits,cudd_fixed,original,1,0,False,0.22,0.21,59.3984375
spring_petclinic_microservices,spring_petclinic_microservices--colocated--N--r0--owner_details_with_visits,cudd_fixed,completion_projected,1,0,False,0.22,0.19999999999999998,59.4453125
spring_petclinic_microservices,spring_petclinic_microservices--colocated--N--r0--owner_details_with_visits,cudd_sift,original,1,0,False,0.22,0.22,59.609375
spring_petclinic_microservices,spring_petclinic_microservices--colocated--N--r0--owner_details_with_visits,cudd_sift,completion_projected,1,0,False,0.22,0.21,59.40625
spring_petclinic_microservices,spring_petclinic_microservices--colocated--N--r0--owner_details_with_visits,agrum_conditioned,original,1,0,False,0.31,0.31,46.16796875
spring_petclinic_microservices,spring_petclinic_microservices--colocated--N--r0--owner_details_with_visits,agrum_conditioned,completion_projected,1,0,False,0.28,0.27,46.11328125
spring_petclinic_microservices,spring_petclinic_microservices--colocated--N--r0--owner_details_with_visits,agrum_joint,original,1,0,False,0.2,0.19,46.125
spring_petclinic_microservices,spring_petclinic_microservices--colocated--N--r0--owner_details_with_visits,agrum_joint,completion_projected,1,0,False,0.19,0.19,46.1953125
spring_petclinic_microservices,spring_petclinic_microservices--colocated--N--r0--owner_details_with_visits,storm_sparse,original,1,0,False,0.23,0.22999999999999998,93.10546875
spring_petclinic_microservices,spring_petclinic_microservices--colocated--N--r0--owner_details_with_visits,storm_sparse,completion_projected,1,0,False,0.23,0.22,93.07421875
spring_petclinic_microservices,spring_petclinic_microservices--colocated--N--r0--owner_details_with_visits,storm_compact,original,1,0,False,0.21,0.21,93.16796875
spring_petclinic_microservices,spring_petclinic_microservices--colocated--N--r0--owner_details_with_visits,storm_compact,completion_projected,1,0,False,0.22,0.22,93.0859375
spring_petclinic_microservices,spring_petclinic_microservices--colocated--N--r0--owner_details_with_visits,ours_direct,original,1,0,False,0.11,0.11,34.30078125
spring_petclinic_microservices,spring_petclinic_microservices--colocated--N--r0--owner_details_with_visits,ours_direct,completion_projected,1,0,False,0.11,0.11,34.3359375
spring_petclinic_microservices,spring_petclinic_microservices--colocated--N--r0--owner_details_with_visits,ours_prepared,original,1,0,False,0.11,0.09999999999999999,34.26171875
spring_petclinic_microservices,spring_petclinic_microservices--colocated--N--r0--owner_details_with_visits,ours_prepared,completion_projected,1,0,False,0.11,0.11,34.4375
spring_petclinic_microservices,spring_petclinic_microservices--colocated--NC--r0--create_visit,cudd_fixed,completion_projected,1,0,False,0.22,0.21,59.51171875
spring_petclinic_microservices,spring_petclinic_microservices--colocated--NC--r0--create_visit,cudd_sift,original,1,0,False,0.22,0.21,59.59375
spring_petclinic_microservices,spring_petclinic_microservices--colocated--NC--r0--create_visit,cudd_sift,completion_projected,1,0,False,0.22,0.21,59.60546875
spring_petclinic_microservices,spring_petclinic_microservices--colocated--NC--r0--create_visit,agrum_conditioned,original,1,0,False,0.33,0.32,46.13671875
spring_petclinic_microservices,spring_petclinic_microservices--colocated--NC--r0--create_visit,agrum_conditioned,completion_projected,1,0,False,0.31,0.31,46.0390625
spring_petclinic_microservices,spring_petclinic_microservices--colocated--NC--r0--create_visit,agrum_joint,original,1,0,False,0.2,0.2,46.1640625
spring_petclinic_microservices,spring_petclinic_microservices--colocated--NC--r0--create_visit,agrum_joint,completion_projected,1,0,False,0.2,0.19,46.2421875
spring_petclinic_microservices,spring_petclinic_microservices--colocated--NC--r0--create_visit,storm_sparse,original,1,0,False,0.23,0.22999999999999998,93.1328125
spring_petclinic_microservices,spring_petclinic_microservices--colocated--NC--r0--create_visit,storm_sparse,completion_projected,1,0,False,0.23,0.22,93.15234375
spring_petclinic_microservices,spring_petclinic_microservices--colocated--NC--r0--create_visit,storm_compact,original,1,0,False,0.22,0.22,93.27734375
spring_petclinic_microservices,spring_petclinic_microservices--colocated--NC--r0--create_visit,storm_compact,completion_projected,1,0,False,0.22,0.21,93.19140625
spring_petclinic_microservices,spring_petclinic_microservices--colocated--NC--r0--create_visit,ours_direct,original,1,0,False,0.11,0.11,34.2734375
spring_petclinic_microservices,spring_petclinic_microservices--colocated--NC--r0--create_visit,ours_direct,completion_projected,1,0,False,0.11,0.11,34.37890625
spring_petclinic_microservices,spring_petclinic_microservices--colocated--NC--r0--create_visit,ours_prepared,original,1,0,False,0.11,0.11,34.40625
spring_petclinic_microservices,spring_petclinic_microservices--colocated--NC--r0--create_visit,ours_prepared,completion_projected,1,0,False,0.11,0.09999999999999999,34.37890625
spring_petclinic_microservices,spring_petclinic_microservices--colocated--NC--r0--create_visit,cudd_fixed,original,1,0,False,0.22,0.21,59.375
spring_petclinic_microservices,spring_petclinic_microservices--colocated--NC--r0--list_owners,cudd_sift,original,1,0,False,0.21,0.21,59.4765625
spring_petclinic_microservices,spring_petclinic_microservices--colocated--NC--r0--list_owners,cudd_sift,completion_projected,1,0,False,0.21,0.21,59.58203125
spring_petclinic_microservices,spring_petclinic_microservices--colocated--NC--r0--list_owners,agrum_conditioned,original,1,0,False,0.13,0.12,46.01171875
spring_petclinic_microservices,spring_petclinic_microservices--colocated--NC--r0--list_owners,agrum_conditioned,completion_projected,1,0,False,0.13,0.12000000000000001,45.78125
spring_petclinic_microservices,spring_petclinic_microservices--colocated--NC--r0--list_owners,agrum_joint,original,1,0,False,0.13,0.12,45.92578125
spring_petclinic_microservices,spring_petclinic_microservices--colocated--NC--r0--list_owners,agrum_joint,completion_projected,1,0,False,0.13,0.12000000000000001,45.7890625
spring_petclinic_microservices,spring_petclinic_microservices--colocated--NC--r0--list_owners,storm_sparse,original,1,0,False,0.2,0.19,91.8515625
spring_petclinic_microservices,spring_petclinic_microservices--colocated--NC--r0--list_owners,storm_sparse,completion_projected,1,0,False,0.2,0.19999999999999998,91.93359375
spring_petclinic_microservices,spring_petclinic_microservices--colocated--NC--r0--list_owners,storm_compact,original,1,0,False,0.2,0.19,91.90234375
spring_petclinic_microservices,spring_petclinic_microservices--colocated--NC--r0--list_owners,storm_compact,completion_projected,1,0,False,0.2,0.19999999999999998,91.80078125
spring_petclinic_microservices,spring_petclinic_microservices--colocated--NC--r0--list_owners,ours_direct,original,1,0,False,0.1,0.1,34.3125
spring_petclinic_microservices,spring_petclinic_microservices--colocated--NC--r0--list_owners,ours_direct,completion_projected,1,0,False,0.1,0.09,34.35546875
spring_petclinic_microservices,spring_petclinic_microservices--colocated--NC--r0--list_owners,ours_prepared,original,1,0,False,0.1,0.09,34.2578125
spring_petclinic_microservices,spring_petclinic_microservices--colocated--NC--r0--list_owners,ours_prepared,completion_projected,1,0,False,0.1,0.09999999999999999,34.25390625
spring_petclinic_microservices,spring_petclinic_microservices--colocated--NC--r0--list_owners,cudd_fixed,original,1,0,False,0.21,0.21,59.4765625
spring_petclinic_microservices,spring_petclinic_microservices--colocated--NC--r0--list_owners,cudd_fixed,completion_projected,1,0,False,0.21,0.19999999999999998,59.359375
spring_petclinic_microservices,spring_petclinic_microservices--colocated--NC--r0--list_vets,cudd_sift,completion_projected,1,0,False,0.21,0.2,59.359375
spring_petclinic_microservices,spring_petclinic_microservices--colocated--NC--r0--list_vets,agrum_conditioned,original,1,0,False,0.13,0.12,45.98046875
spring_petclinic_microservices,spring_petclinic_microservices--colocated--NC--r0--list_vets,agrum_conditioned,completion_projected,1,0,False,0.13,0.12,45.828125
spring_petclinic_microservices,spring_petclinic_microservices--colocated--NC--r0--list_vets,agrum_joint,original,1,0,False,0.13,0.13,45.78515625
spring_petclinic_microservices,spring_petclinic_microservices--colocated--NC--r0--list_vets,agrum_joint,completion_projected,1,0,False,0.13,0.13,45.7578125
spring_petclinic_microservices,spring_petclinic_microservices--colocated--NC--r0--list_vets,storm_sparse,original,1,0,False,0.21,0.19999999999999998,91.98828125
spring_petclinic_microservices,spring_petclinic_microservices--colocated--NC--r0--list_vets,storm_sparse,completion_projected,1,0,False,0.21,0.19999999999999998,91.76953125
spring_petclinic_microservices,spring_petclinic_microservices--colocated--NC--r0--list_vets,storm_compact,original,1,0,False,0.21,0.19999999999999998,91.890625
spring_petclinic_microservices,spring_petclinic_microservices--colocated--NC--r0--list_vets,storm_compact,completion_projected,1,0,False,0.2,0.19999999999999998,91.92578125
spring_petclinic_microservices,spring_petclinic_microservices--colocated--NC--r0--list_vets,ours_direct,original,1,0,False,0.1,0.09999999999999999,34.29296875
spring_petclinic_microservices,spring_petclinic_microservices--colocated--NC--r0--list_vets,ours_direct,completion_projected,1,0,False,0.1,0.09999999999999999,34.21875
spring_petclinic_microservices,spring_petclinic_microservices--colocated--NC--r0--list_vets,ours_prepared,original,1,0,False,0.1,0.09999999999999999,34.34375
spring_petclinic_microservices,spring_petclinic_microservices--colocated--NC--r0--list_vets,ours_prepared,completion_projected,1,0,False,0.1,0.09,34.203125
spring_petclinic_microservices,spring_petclinic_microservices--colocated--NC--r0--list_vets,cudd_fixed,original,1,0,False,0.21,0.19999999999999998,59.55078125
spring_petclinic_microservices,spring_petclinic_microservices--colocated--NC--r0--list_vets,cudd_fixed,completion_projected,1,0,False,0.21,0.21,59.375
spring_petclinic_microservices,spring_petclinic_microservices--colocated--NC--r0--list_vets,cudd_sift,original,1,0,False,0.21,0.19999999999999998,59.484375
spring_petclinic_microservices,spring_petclinic_microservices--colocated--NC--r0--owner_details_with_visits,agrum_conditioned,original,1,0,False,0.29,0.29000000000000004,46.2421875
spring_petclinic_microservices,spring_petclinic_microservices--colocated--NC--r0--owner_details_with_visits,agrum_conditioned,completion_projected,1,0,False,0.27,0.27,46.23046875
spring_petclinic_microservices,spring_petclinic_microservices--colocated--NC--r0--owner_details_with_visits,agrum_joint,original,1,0,False,0.19,0.18000000000000002,46.13671875
spring_petclinic_microservices,spring_petclinic_microservices--colocated--NC--r0--owner_details_with_visits,agrum_joint,completion_projected,1,0,False,0.19,0.18000000000000002,46.265625
spring_petclinic_microservices,spring_petclinic_microservices--colocated--NC--r0--owner_details_with_visits,storm_sparse,original,1,0,False,0.23,0.22,93.18359375
spring_petclinic_microservices,spring_petclinic_microservices--colocated--NC--r0--owner_details_with_visits,storm_sparse,completion_projected,1,0,False,0.23,0.22,93.09765625
spring_petclinic_microservices,spring_petclinic_microservices--colocated--NC--r0--owner_details_with_visits,storm_compact,original,1,0,False,0.22,0.21,93.17578125
spring_petclinic_microservices,spring_petclinic_microservices--colocated--NC--r0--owner_details_with_visits,storm_compact,completion_projected,1,0,False,0.22,0.21,93.0703125
spring_petclinic_microservices,spring_petclinic_microservices--colocated--NC--r0--owner_details_with_visits,ours_direct,original,1,0,False,0.11,0.11,34.25
spring_petclinic_microservices,spring_petclinic_microservices--colocated--NC--r0--owner_details_with_visits,ours_direct,completion_projected,1,0,False,0.11,0.11,34.2734375
spring_petclinic_microservices,spring_petclinic_microservices--colocated--NC--r0--owner_details_with_visits,ours_prepared,original,1,0,False,0.11,0.11,34.2578125
spring_petclinic_microservices,spring_petclinic_microservices--colocated--NC--r0--owner_details_with_visits,ours_prepared,completion_projected,1,0,False,0.11,0.11,34.33203125
spring_petclinic_microservices,spring_petclinic_microservices--colocated--NC--r0--owner_details_with_visits,cudd_fixed,original,1,0,False,0.22,0.21,59.58203125
spring_petclinic_microservices,spring_petclinic_microservices--colocated--NC--r0--owner_details_with_visits,cudd_fixed,completion_projected,1,0,False,0.22,0.21,59.63671875
spring_petclinic_microservices,spring_petclinic_microservices--colocated--NC--r0--owner_details_with_visits,cudd_sift,original,1,0,False,0.22,0.22,59.41796875
spring_petclinic_microservices,spring_petclinic_microservices--colocated--NC--r0--owner_details_with_visits,cudd_sift,completion_projected,1,0,False,0.22,0.22,59.52734375
spring_petclinic_microservices,spring_petclinic_microservices--colocated--NCD--r0--create_visit,agrum_conditioned,completion_projected,1,0,False,0.31,0.31,46.1171875
spring_petclinic_microservices,spring_petclinic_microservices--colocated--NCD--r0--create_visit,agrum_joint,original,1,0,False,0.2,0.19999999999999998,46.234375
spring_petclinic_microservices,spring_petclinic_microservices--colocated--NCD--r0--create_visit,agrum_joint,completion_projected,1,0,False,0.2,0.19999999999999998,46.05078125
spring_petclinic_microservices,spring_petclinic_microservices--colocated--NCD--r0--create_visit,storm_sparse,original,1,0,False,0.23,0.22999999999999998,93.140625
spring_petclinic_microservices,spring_petclinic_microservices--colocated--NCD--r0--create_visit,storm_sparse,completion_projected,1,0,False,0.23,0.22999999999999998,93.125
spring_petclinic_microservices,spring_petclinic_microservices--colocated--NCD--r0--create_visit,storm_compact,original,1,0,False,0.22,0.22,92.984375
spring_petclinic_microservices,spring_petclinic_microservices--colocated--NCD--r0--create_visit,storm_compact,completion_projected,1,0,False,0.22,0.22,93.13671875
spring_petclinic_microservices,spring_petclinic_microservices--colocated--NCD--r0--create_visit,ours_direct,original,1,0,False,0.12,0.12,34.3671875
spring_petclinic_microservices,spring_petclinic_microservices--colocated--NCD--r0--create_visit,ours_direct,completion_projected,1,0,False,0.11,0.11,34.49609375
spring_petclinic_microservices,spring_petclinic_microservices--colocated--NCD--r0--create_visit,ours_prepared,original,1,0,False,0.11,0.11,34.421875
spring_petclinic_microservices,spring_petclinic_microservices--colocated--NCD--r0--create_visit,ours_prepared,completion_projected,1,0,False,0.11,0.11,34.328125
spring_petclinic_microservices,spring_petclinic_microservices--colocated--NCD--r0--create_visit,cudd_fixed,original,1,0,False,0.22,0.21,59.40234375
spring_petclinic_microservices,spring_petclinic_microservices--colocated--NCD--r0--create_visit,cudd_fixed,completion_projected,1,0,False,0.22,0.21,59.4765625
spring_petclinic_microservices,spring_petclinic_microservices--colocated--NCD--r0--create_visit,cudd_sift,original,1,0,False,0.22,0.21,59.40234375
spring_petclinic_microservices,spring_petclinic_microservices--colocated--NCD--r0--create_visit,cudd_sift,completion_projected,1,0,False,0.22,0.21,59.609375
spring_petclinic_microservices,spring_petclinic_microservices--colocated--NCD--r0--create_visit,agrum_conditioned,original,1,0,False,0.33,0.32,46.2109375
spring_petclinic_microservices,spring_petclinic_microservices--colocated--NCD--r0--list_owners,agrum_joint,original,1,0,False,0.13,0.12,45.8671875
spring_petclinic_microservices,spring_petclinic_microservices--colocated--NCD--r0--list_owners,agrum_joint,completion_projected,1,0,False,0.13,0.13,45.76953125
spring_petclinic_microservices,spring_petclinic_microservices--colocated--NCD--r0--list_owners,storm_sparse,original,1,0,False,0.2,0.19,91.80078125
spring_petclinic_microservices,spring_petclinic_microservices--colocated--NCD--r0--list_owners,storm_sparse,completion_projected,1,0,False,0.21,0.21,91.765625
spring_petclinic_microservices,spring_petclinic_microservices--colocated--NCD--r0--list_owners,storm_compact,original,1,0,False,0.21,0.19999999999999998,91.91796875
spring_petclinic_microservices,spring_petclinic_microservices--colocated--NCD--r0--list_owners,storm_compact,completion_projected,1,0,False,0.21,0.21,91.90625
spring_petclinic_microservices,spring_petclinic_microservices--colocated--NCD--r0--list_owners,ours_direct,original,1,0,False,0.1,0.09999999999999999,34.2265625
spring_petclinic_microservices,spring_petclinic_microservices--colocated--NCD--r0--list_owners,ours_direct,completion_projected,1,0,False,0.1,0.09999999999999999,34.22265625
spring_petclinic_microservices,spring_petclinic_microservices--colocated--NCD--r0--list_owners,ours_prepared,original,1,0,False,0.1,0.09,34.2109375
spring_petclinic_microservices,spring_petclinic_microservices--colocated--NCD--r0--list_owners,ours_prepared,completion_projected,1,0,False,0.1,0.09,34.32421875
spring_petclinic_microservices,spring_petclinic_microservices--colocated--NCD--r0--list_owners,cudd_fixed,original,1,0,False,0.21,0.19999999999999998,59.5546875
spring_petclinic_microservices,spring_petclinic_microservices--colocated--NCD--r0--list_owners,cudd_fixed,completion_projected,1,0,False,0.21,0.19999999999999998,59.39453125
spring_petclinic_microservices,spring_petclinic_microservices--colocated--NCD--r0--list_owners,cudd_sift,original,1,0,False,0.21,0.2,59.47265625
spring_petclinic_microservices,spring_petclinic_microservices--colocated--NCD--r0--list_owners,cudd_sift,completion_projected,1,0,False,0.22,0.21,59.52734375
spring_petclinic_microservices,spring_petclinic_microservices--colocated--NCD--r0--list_owners,agrum_conditioned,original,1,0,False,0.13,0.12,46.0078125
spring_petclinic_microservices,spring_petclinic_microservices--colocated--NCD--r0--list_owners,agrum_conditioned,completion_projected,1,0,False,0.13,0.13,45.90234375
spring_petclinic_microservices,spring_petclinic_microservices--colocated--NCD--r0--list_vets,agrum_joint,completion_projected,1,0,False,0.13,0.13,45.92578125
spring_petclinic_microservices,spring_petclinic_microservices--colocated--NCD--r0--list_vets,storm_sparse,original,1,0,False,0.2,0.19,91.734375
spring_petclinic_microservices,spring_petclinic_microservices--colocated--NCD--r0--list_vets,storm_sparse,completion_projected,1,0,False,0.21,0.2,91.8984375
spring_petclinic_microservices,spring_petclinic_microservices--colocated--NCD--r0--list_vets,storm_compact,original,1,0,False,0.2,0.19999999999999998,91.95703125
spring_petclinic_microservices,spring_petclinic_microservices--colocated--NCD--r0--list_vets,storm_compact,completion_projected,1,0,False,0.21,0.2,91.9765625
spring_petclinic_microservices,spring_petclinic_microservices--colocated--NCD--r0--list_vets,ours_direct,original,1,0,False,0.1,0.09,34.05078125
spring_petclinic_microservices,spring_petclinic_microservices--colocated--NCD--r0--list_vets,ours_direct,completion_projected,1,0,False,0.1,0.09999999999999999,34.26171875
spring_petclinic_microservices,spring_petclinic_microservices--colocated--NCD--r0--list_vets,ours_prepared,original,1,0,False,0.1,0.09,34.41796875
spring_petclinic_microservices,spring_petclinic_microservices--colocated--NCD--r0--list_vets,ours_prepared,completion_projected,1,0,False,0.1,0.09999999999999999,34.16796875
spring_petclinic_microservices,spring_petclinic_microservices--colocated--NCD--r0--list_vets,cudd_fixed,original,1,0,False,0.21,0.19999999999999998,59.55859375
spring_petclinic_microservices,spring_petclinic_microservices--colocated--NCD--r0--list_vets,cudd_fixed,completion_projected,1,0,False,0.21,0.19999999999999998,59.578125
spring_petclinic_microservices,spring_petclinic_microservices--colocated--NCD--r0--list_vets,cudd_sift,original,1,0,False,0.21,0.19999999999999998,59.57421875
spring_petclinic_microservices,spring_petclinic_microservices--colocated--NCD--r0--list_vets,cudd_sift,completion_projected,1,0,False,0.21,0.2,59.5078125
spring_petclinic_microservices,spring_petclinic_microservices--colocated--NCD--r0--list_vets,agrum_conditioned,original,1,0,False,0.13,0.13,45.87109375
spring_petclinic_microservices,spring_petclinic_microservices--colocated--NCD--r0--list_vets,agrum_conditioned,completion_projected,1,0,False,0.13,0.13,45.765625
spring_petclinic_microservices,spring_petclinic_microservices--colocated--NCD--r0--list_vets,agrum_joint,original,1,0,False,0.13,0.12,45.90625
spring_petclinic_microservices,spring_petclinic_microservices--colocated--NCD--r0--owner_details_with_visits,storm_sparse,original,1,0,False,0.23,0.22999999999999998,93.13671875
spring_petclinic_microservices,spring_petclinic_microservices--colocated--NCD--r0--owner_details_with_visits,storm_sparse,completion_projected,1,0,False,0.23,0.22,93.0625
spring_petclinic_microservices,spring_petclinic_microservices--colocated--NCD--r0--owner_details_with_visits,storm_compact,original,1,0,False,0.22,0.22,93.12890625
spring_petclinic_microservices,spring_petclinic_microservices--colocated--NCD--r0--owner_details_with_visits,storm_compact,completion_projected,1,0,False,0.22,0.21,93.0234375
spring_petclinic_microservices,spring_petclinic_microservices--colocated--NCD--r0--owner_details_with_visits,ours_direct,original,1,0,False,0.12,0.11,34.28515625
spring_petclinic_microservices,spring_petclinic_microservices--colocated--NCD--r0--owner_details_with_visits,ours_direct,completion_projected,1,0,False,0.11,0.11,34.375
spring_petclinic_microservices,spring_petclinic_microservices--colocated--NCD--r0--owner_details_with_visits,ours_prepared,original,1,0,False,0.11,0.11,34.33203125
spring_petclinic_microservices,spring_petclinic_microservices--colocated--NCD--r0--owner_details_with_visits,ours_prepared,completion_projected,1,0,False,0.11,0.11,34.36328125
spring_petclinic_microservices,spring_petclinic_microservices--colocated--NCD--r0--owner_details_with_visits,cudd_fixed,original,1,0,False,0.22,0.21,59.5390625
spring_petclinic_microservices,spring_petclinic_microservices--colocated--NCD--r0--owner_details_with_visits,cudd_fixed,completion_projected,1,0,False,0.22,0.21,59.39453125
spring_petclinic_microservices,spring_petclinic_microservices--colocated--NCD--r0--owner_details_with_visits,cudd_sift,original,1,0,False,0.22,0.21,59.6015625
spring_petclinic_microservices,spring_petclinic_microservices--colocated--NCD--r0--owner_details_with_visits,cudd_sift,completion_projected,1,0,False,0.22,0.21,59.51171875
spring_petclinic_microservices,spring_petclinic_microservices--colocated--NCD--r0--owner_details_with_visits,agrum_conditioned,original,1,0,False,0.32,0.31,46.23828125
spring_petclinic_microservices,spring_petclinic_microservices--colocated--NCD--r0--owner_details_with_visits,agrum_conditioned,completion_projected,1,0,False,0.29,0.29000000000000004,46.03515625
spring_petclinic_microservices,spring_petclinic_microservices--colocated--NCD--r0--owner_details_with_visits,agrum_joint,original,1,0,False,0.2,0.2,46.265625
spring_petclinic_microservices,spring_petclinic_microservices--colocated--NCD--r0--owner_details_with_visits,agrum_joint,completion_projected,1,0,False,0.19,0.18000000000000002,46.4296875
spring_petclinic_microservices,spring_petclinic_microservices--colocated--ND--r0--create_visit,storm_sparse,completion_projected,1,0,False,0.23,0.22999999999999998,92.94921875
spring_petclinic_microservices,spring_petclinic_microservices--colocated--ND--r0--create_visit,storm_compact,original,1,0,False,0.22,0.21,93.19140625
spring_petclinic_microservices,spring_petclinic_microservices--colocated--ND--r0--create_visit,storm_compact,completion_projected,1,0,False,0.22,0.22,93.09375
spring_petclinic_microservices,spring_petclinic_microservices--colocated--ND--r0--create_visit,ours_direct,original,1,0,False,0.11,0.09999999999999999,34.36328125
spring_petclinic_microservices,spring_petclinic_microservices--colocated--ND--r0--create_visit,ours_direct,completion_projected,1,0,False,0.11,0.1,34.3203125
spring_petclinic_microservices,spring_petclinic_microservices--colocated--ND--r0--create_visit,ours_prepared,original,1,0,False,0.11,0.11,34.34765625
spring_petclinic_microservices,spring_petclinic_microservices--colocated--ND--r0--create_visit,ours_prepared,completion_projected,1,0,False,0.11,0.09999999999999999,34.28515625
spring_petclinic_microservices,spring_petclinic_microservices--colocated--ND--r0--create_visit,cudd_fixed,original,1,0,False,0.22,0.21,59.5703125
spring_petclinic_microservices,spring_petclinic_microservices--colocated--ND--r0--create_visit,cudd_fixed,completion_projected,1,0,False,0.22,0.21,59.4765625
spring_petclinic_microservices,spring_petclinic_microservices--colocated--ND--r0--create_visit,cudd_sift,original,1,0,False,0.22,0.21,59.578125
spring_petclinic_microservices,spring_petclinic_microservices--colocated--ND--r0--create_visit,cudd_sift,completion_projected,1,0,False,0.22,0.21,59.6015625
spring_petclinic_microservices,spring_petclinic_microservices--colocated--ND--r0--create_visit,agrum_conditioned,original,1,0,False,0.29,0.29000000000000004,46.203125
spring_petclinic_microservices,spring_petclinic_microservices--colocated--ND--r0--create_visit,agrum_conditioned,completion_projected,1,0,False,0.29,0.28,46.109375
spring_petclinic_microservices,spring_petclinic_microservices--colocated--ND--r0--create_visit,agrum_joint,original,1,0,False,0.19,0.19,46.234375
spring_petclinic_microservices,spring_petclinic_microservices--colocated--ND--r0--create_visit,agrum_joint,completion_projected,1,0,False,0.19,0.18000000000000002,46.09765625
spring_petclinic_microservices,spring_petclinic_microservices--colocated--ND--r0--create_visit,storm_sparse,original,1,0,False,0.23,0.22,92.96484375
spring_petclinic_microservices,spring_petclinic_microservices--colocated--ND--r0--list_owners,storm_compact,original,1,0,False,0.2,0.19999999999999998,91.83984375
spring_petclinic_microservices,spring_petclinic_microservices--colocated--ND--r0--list_owners,storm_compact,completion_projected,1,0,False,0.2,0.19999999999999998,92.015625
spring_petclinic_microservices,spring_petclinic_microservices--colocated--ND--r0--list_owners,ours_direct,original,1,0,False,0.1,0.09999999999999999,34.28125
spring_petclinic_microservices,spring_petclinic_microservices--colocated--ND--r0--list_owners,ours_direct,completion_projected,1,0,False,0.1,0.09999999999999999,34.26953125
spring_petclinic_microservices,spring_petclinic_microservices--colocated--ND--r0--list_owners,ours_prepared,original,1,0,False,0.1,0.09,34.23828125
spring_petclinic_microservices,spring_petclinic_microservices--colocated--ND--r0--list_owners,ours_prepared,completion_projected,1,0,False,0.1,0.09999999999999999,34.2109375
spring_petclinic_microservices,spring_petclinic_microservices--colocated--ND--r0--list_owners,cudd_fixed,original,1,0,False,0.21,0.19999999999999998,59.5546875
spring_petclinic_microservices,spring_petclinic_microservices--colocated--ND--r0--list_owners,cudd_fixed,completion_projected,1,0,False,0.21,0.19999999999999998,59.578125
spring_petclinic_microservices,spring_petclinic_microservices--colocated--ND--r0--list_owners,cudd_sift,original,1,0,False,0.21,0.2,59.51171875
spring_petclinic_microservices,spring_petclinic_microservices--colocated--ND--r0--list_owners,cudd_sift,completion_projected,1,0,False,0.21,0.21,59.37890625
spring_petclinic_microservices,spring_petclinic_microservices--colocated--ND--r0--list_owners,agrum_conditioned,original,1,0,False,0.13,0.13,46.00390625
spring_petclinic_microservices,spring_petclinic_microservices--colocated--ND--r0--list_owners,agrum_conditioned,completion_projected,1,0,False,0.13,0.13,45.82421875
spring_petclinic_microservices,spring_petclinic_microservices--colocated--ND--r0--list_owners,agrum_joint,original,1,0,False,0.13,0.12,45.765625
spring_petclinic_microservices,spring_petclinic_microservices--colocated--ND--r0--list_owners,agrum_joint,completion_projected,1,0,False,0.13,0.12,45.80078125
spring_petclinic_microservices,spring_petclinic_microservices--colocated--ND--r0--list_owners,storm_sparse,original,1,0,False,0.2,0.19999999999999998,91.78125
spring_petclinic_microservices,spring_petclinic_microservices--colocated--ND--r0--list_owners,storm_sparse,completion_projected,1,0,False,0.22,0.22,91.828125
spring_petclinic_microservices,spring_petclinic_microservices--colocated--ND--r0--list_vets,storm_compact,completion_projected,1,0,False,0.21,0.19999999999999998,91.95703125
spring_petclinic_microservices,spring_petclinic_microservices--colocated--ND--r0--list_vets,ours_direct,original,1,0,False,0.1,0.09999999999999999,34.25390625
spring_petclinic_microservices,spring_petclinic_microservices--colocated--ND--r0--list_vets,ours_direct,completion_projected,1,0,False,0.1,0.09,34.30078125
spring_petclinic_microservices,spring_petclinic_microservices--colocated--ND--r0--list_vets,ours_prepared,original,1,0,False,0.1,0.09999999999999999,34.2890625
spring_petclinic_microservices,spring_petclinic_microservices--colocated--ND--r0--list_vets,ours_prepared,completion_projected,1,0,False,0.1,0.09,34.3203125
spring_petclinic_microservices,spring_petclinic_microservices--colocated--ND--r0--list_vets,cudd_fixed,original,1,0,False,0.21,0.21,59.35546875
spring_petclinic_microservices,spring_petclinic_microservices--colocated--ND--r0--list_vets,cudd_fixed,completion_projected,1,0,False,0.21,0.21,59.453125
spring_petclinic_microservices,spring_petclinic_microservices--colocated--ND--r0--list_vets,cudd_sift,original,1,0,False,0.21,0.19999999999999998,59.42578125
spring_petclinic_microservices,spring_petclinic_microservices--colocated--ND--r0--list_vets,cudd_sift,completion_projected,1,0,False,0.21,0.19999999999999998,59.3984375
spring_petclinic_microservices,spring_petclinic_microservices--colocated--ND--r0--list_vets,agrum_conditioned,original,1,0,False,0.13,0.13,45.83984375
spring_petclinic_microservices,spring_petclinic_microservices--colocated--ND--r0--list_vets,agrum_conditioned,completion_projected,1,0,False,0.13,0.12,45.87109375
spring_petclinic_microservices,spring_petclinic_microservices--colocated--ND--r0--list_vets,agrum_joint,original,1,0,False,0.13,0.12,45.8125
spring_petclinic_microservices,spring_petclinic_microservices--colocated--ND--r0--list_vets,agrum_joint,completion_projected,1,0,False,0.13,0.12,45.86328125
spring_petclinic_microservices,spring_petclinic_microservices--colocated--ND--r0--list_vets,storm_sparse,original,1,0,False,0.2,0.19999999999999998,91.60546875
spring_petclinic_microservices,spring_petclinic_microservices--colocated--ND--r0--list_vets,storm_sparse,completion_projected,1,0,False,0.2,0.2,91.69921875
spring_petclinic_microservices,spring_petclinic_microservices--colocated--ND--r0--list_vets,storm_compact,original,1,0,False,0.2,0.2,91.765625
spring_petclinic_microservices,spring_petclinic_microservices--colocated--ND--r0--owner_details_with_visits,ours_direct,original,1,0,False,0.11,0.11,34.26171875
spring_petclinic_microservices,spring_petclinic_microservices--colocated--ND--r0--owner_details_with_visits,ours_direct,completion_projected,1,0,False,0.11,0.11,34.37109375
spring_petclinic_microservices,spring_petclinic_microservices--colocated--ND--r0--owner_details_with_visits,ours_prepared,original,1,0,False,0.11,0.11,34.37109375
spring_petclinic_microservices,spring_petclinic_microservices--colocated--ND--r0--owner_details_with_visits,ours_prepared,completion_projected,1,0,False,0.11,0.11,34.36328125
spring_petclinic_microservices,spring_petclinic_microservices--colocated--ND--r0--owner_details_with_visits,cudd_fixed,original,1,0,False,0.21,0.21000000000000002,59.59765625
spring_petclinic_microservices,spring_petclinic_microservices--colocated--ND--r0--owner_details_with_visits,cudd_fixed,completion_projected,1,0,False,0.22,0.22,59.50390625
spring_petclinic_microservices,spring_petclinic_microservices--colocated--ND--r0--owner_details_with_visits,cudd_sift,original,1,0,False,0.22,0.21,59.59375
spring_petclinic_microservices,spring_petclinic_microservices--colocated--ND--r0--owner_details_with_visits,cudd_sift,completion_projected,1,0,False,0.22,0.21,59.3984375
spring_petclinic_microservices,spring_petclinic_microservices--colocated--ND--r0--owner_details_with_visits,agrum_conditioned,original,1,0,False,0.32,0.31,46.265625
spring_petclinic_microservices,spring_petclinic_microservices--colocated--ND--r0--owner_details_with_visits,agrum_conditioned,completion_projected,1,0,False,0.29,0.29000000000000004,46.0078125
spring_petclinic_microservices,spring_petclinic_microservices--colocated--ND--r0--owner_details_with_visits,agrum_joint,original,1,0,False,0.2,0.19,46.36328125
spring_petclinic_microservices,spring_petclinic_microservices--colocated--ND--r0--owner_details_with_visits,agrum_joint,completion_projected,1,0,False,0.19,0.18,46.18359375
spring_petclinic_microservices,spring_petclinic_microservices--colocated--ND--r0--owner_details_with_visits,storm_sparse,original,1,0,False,0.23,0.22999999999999998,93.1328125
spring_petclinic_microservices,spring_petclinic_microservices--colocated--ND--r0--owner_details_with_visits,storm_sparse,completion_projected,1,0,False,0.23,0.23,93.0
spring_petclinic_microservices,spring_petclinic_microservices--colocated--ND--r0--owner_details_with_visits,storm_compact,original,1,0,False,0.22,0.21,93.0859375
spring_petclinic_microservices,spring_petclinic_microservices--colocated--ND--r0--owner_details_with_visits,storm_compact,completion_projected,1,0,False,0.22,0.22,93.15234375
spring_petclinic_microservices,spring_petclinic_microservices--split--N--r0--create_visit,ours_direct,completion_projected,1,0,False,0.11,0.11,34.2734375
spring_petclinic_microservices,spring_petclinic_microservices--split--N--r0--create_visit,ours_prepared,original,1,0,False,0.11,0.09999999999999999,34.265625
spring_petclinic_microservices,spring_petclinic_microservices--split--N--r0--create_visit,ours_prepared,completion_projected,1,0,False,0.11,0.11,34.2265625
spring_petclinic_microservices,spring_petclinic_microservices--split--N--r0--create_visit,cudd_fixed,original,1,0,False,0.22,0.21,59.4921875
spring_petclinic_microservices,spring_petclinic_microservices--split--N--r0--create_visit,cudd_fixed,completion_projected,1,0,False,0.21,0.21,59.58203125
spring_petclinic_microservices,spring_petclinic_microservices--split--N--r0--create_visit,cudd_sift,original,1,0,False,0.22,0.21,59.6171875
spring_petclinic_microservices,spring_petclinic_microservices--split--N--r0--create_visit,cudd_sift,completion_projected,1,0,False,0.22,0.21,59.46875
spring_petclinic_microservices,spring_petclinic_microservices--split--N--r0--create_visit,agrum_conditioned,original,1,0,False,0.25,0.24000000000000002,46.2421875
spring_petclinic_microservices,spring_petclinic_microservices--split--N--r0--create_visit,agrum_conditioned,completion_projected,1,0,False,0.24,0.24000000000000002,46.22265625
spring_petclinic_microservices,spring_petclinic_microservices--split--N--r0--create_visit,agrum_joint,original,1,0,False,0.18,0.17,46.12109375
spring_petclinic_microservices,spring_petclinic_microservices--split--N--r0--create_visit,agrum_joint,completion_projected,1,0,False,0.17,0.17,46.22265625
spring_petclinic_microservices,spring_petclinic_microservices--split--N--r0--create_visit,storm_sparse,original,1,0,False,0.22,0.21,93.03125
spring_petclinic_microservices,spring_petclinic_microservices--split--N--r0--create_visit,storm_sparse,completion_projected,1,0,False,0.22,0.22,92.9375
spring_petclinic_microservices,spring_petclinic_microservices--split--N--r0--create_visit,storm_compact,original,1,0,False,0.21,0.21,93.05078125
spring_petclinic_microservices,spring_petclinic_microservices--split--N--r0--create_visit,storm_compact,completion_projected,1,0,False,0.21,0.21,93.0625
spring_petclinic_microservices,spring_petclinic_microservices--split--N--r0--create_visit,ours_direct,original,1,0,False,0.11,0.09999999999999999,34.375
spring_petclinic_microservices,spring_petclinic_microservices--split--N--r0--list_owners,ours_prepared,original,1,0,False,0.1,0.09999999999999999,34.3203125
spring_petclinic_microservices,spring_petclinic_microservices--split--N--r0--list_owners,ours_prepared,completion_projected,1,0,False,0.1,0.1,34.28125
spring_petclinic_microservices,spring_petclinic_microservices--split--N--r0--list_owners,cudd_fixed,original,1,0,False,0.21,0.21,59.3359375
spring_petclinic_microservices,spring_petclinic_microservices--split--N--r0--list_owners,cudd_fixed,completion_projected,1,0,False,0.21,0.2,59.453125
spring_petclinic_microservices,spring_petclinic_microservices--split--N--r0--list_owners,cudd_sift,original,1,0,False,0.21,0.19999999999999998,59.39453125
spring_petclinic_microservices,spring_petclinic_microservices--split--N--r0--list_owners,cudd_sift,completion_projected,1,0,False,0.21,0.21,59.36328125
spring_petclinic_microservices,spring_petclinic_microservices--split--N--r0--list_owners,agrum_conditioned,original,1,0,False,0.13,0.12,45.85546875
spring_petclinic_microservices,spring_petclinic_microservices--split--N--r0--list_owners,agrum_conditioned,completion_projected,1,0,False,0.13,0.12,45.76171875
spring_petclinic_microservices,spring_petclinic_microservices--split--N--r0--list_owners,agrum_joint,original,1,0,False,0.13,0.13,45.6953125
spring_petclinic_microservices,spring_petclinic_microservices--split--N--r0--list_owners,agrum_joint,completion_projected,1,0,False,0.13,0.13,45.7734375
spring_petclinic_microservices,spring_petclinic_microservices--split--N--r0--list_owners,storm_sparse,original,1,0,False,0.2,0.19,91.796875
spring_petclinic_microservices,spring_petclinic_microservices--split--N--r0--list_owners,storm_sparse,completion_projected,1,0,False,0.2,0.19999999999999998,91.92578125
spring_petclinic_microservices,spring_petclinic_microservices--split--N--r0--list_owners,storm_compact,original,1,0,False,0.2,0.19,91.85546875
spring_petclinic_microservices,spring_petclinic_microservices--split--N--r0--list_owners,storm_compact,completion_projected,1,0,False,0.21,0.2,91.98046875
spring_petclinic_microservices,spring_petclinic_microservices--split--N--r0--list_owners,ours_direct,original,1,0,False,0.1,0.09999999999999999,34.19921875
spring_petclinic_microservices,spring_petclinic_microservices--split--N--r0--list_owners,ours_direct,completion_projected,1,0,False,0.1,0.09999999999999999,34.26953125
spring_petclinic_microservices,spring_petclinic_microservices--split--N--r0--list_vets,ours_prepared,completion_projected,1,0,False,0.1,0.09999999999999999,34.30859375
spring_petclinic_microservices,spring_petclinic_microservices--split--N--r0--list_vets,cudd_fixed,original,1,0,False,0.21,0.21,59.5625
spring_petclinic_microservices,spring_petclinic_microservices--split--N--r0--list_vets,cudd_fixed,completion_projected,1,0,False,0.21,0.21,59.51953125
spring_petclinic_microservices,spring_petclinic_microservices--split--N--r0--list_vets,cudd_sift,original,1,0,False,0.21,0.19999999999999998,59.515625
spring_petclinic_microservices,spring_petclinic_microservices--split--N--r0--list_vets,cudd_sift,completion_projected,1,0,False,0.21,0.19999999999999998,59.55078125
spring_petclinic_microservices,spring_petclinic_microservices--split--N--r0--list_vets,agrum_conditioned,original,1,0,False,0.13,0.12,45.8125
spring_petclinic_microservices,spring_petclinic_microservices--split--N--r0--list_vets,agrum_conditioned,completion_projected,1,0,False,0.13,0.12,45.9140625
spring_petclinic_microservices,spring_petclinic_microservices--split--N--r0--list_vets,agrum_joint,original,1,0,False,0.13,0.12,45.671875
spring_petclinic_microservices,spring_petclinic_microservices--split--N--r0--list_vets,agrum_joint,completion_projected,1,0,False,0.13,0.13,45.86328125
spring_petclinic_microservices,spring_petclinic_microservices--split--N--r0--list_vets,storm_sparse,original,1,0,False,0.2,0.19999999999999998,91.94140625
spring_petclinic_microservices,spring_petclinic_microservices--split--N--r0--list_vets,storm_sparse,completion_projected,1,0,False,0.2,0.19999999999999998,91.90234375
spring_petclinic_microservices,spring_petclinic_microservices--split--N--r0--list_vets,storm_compact,original,1,0,False,0.2,0.19999999999999998,91.87109375
spring_petclinic_microservices,spring_petclinic_microservices--split--N--r0--list_vets,storm_compact,completion_projected,1,0,False,0.2,0.19,91.828125
spring_petclinic_microservices,spring_petclinic_microservices--split--N--r0--list_vets,ours_direct,original,1,0,False,0.1,0.09999999999999999,34.28515625
spring_petclinic_microservices,spring_petclinic_microservices--split--N--r0--list_vets,ours_direct,completion_projected,1,0,False,0.1,0.09,34.2421875
spring_petclinic_microservices,spring_petclinic_microservices--split--N--r0--list_vets,ours_prepared,original,1,0,False,0.1,0.09999999999999999,34.21484375
spring_petclinic_microservices,spring_petclinic_microservices--split--N--r0--owner_details_with_visits,cudd_fixed,original,1,0,False,0.21,0.21,59.59375
spring_petclinic_microservices,spring_petclinic_microservices--split--N--r0--owner_details_with_visits,cudd_fixed,completion_projected,1,0,False,0.22,0.21,59.3984375
spring_petclinic_microservices,spring_petclinic_microservices--split--N--r0--owner_details_with_visits,cudd_sift,original,1,0,False,0.21,0.21,59.5234375
spring_petclinic_microservices,spring_petclinic_microservices--split--N--r0--owner_details_with_visits,cudd_sift,completion_projected,1,0,False,0.22,0.21,59.40234375
spring_petclinic_microservices,spring_petclinic_microservices--split--N--r0--owner_details_with_visits,agrum_conditioned,original,1,0,False,0.29,0.28,46.140625
spring_petclinic_microservices,spring_petclinic_microservices--split--N--r0--owner_details_with_visits,agrum_conditioned,completion_projected,1,0,False,0.27,0.26,46.22265625
spring_petclinic_microservices,spring_petclinic_microservices--split--N--r0--owner_details_with_visits,agrum_joint,original,1,0,False,0.19,0.18000000000000002,46.140625
spring_petclinic_microservices,spring_petclinic_microservices--split--N--r0--owner_details_with_visits,agrum_joint,completion_projected,1,0,False,0.19,0.18000000000000002,46.24609375
spring_petclinic_microservices,spring_petclinic_microservices--split--N--r0--owner_details_with_visits,storm_sparse,original,1,0,False,0.22,0.22,93.265625
spring_petclinic_microservices,spring_petclinic_microservices--split--N--r0--owner_details_with_visits,storm_sparse,completion_projected,1,0,False,0.22,0.22,93.1640625
spring_petclinic_microservices,spring_petclinic_microservices--split--N--r0--owner_details_with_visits,storm_compact,original,1,0,False,0.21,0.21,92.98046875
spring_petclinic_microservices,spring_petclinic_microservices--split--N--r0--owner_details_with_visits,storm_compact,completion_projected,1,0,False,0.22,0.21,93.31640625
spring_petclinic_microservices,spring_petclinic_microservices--split--N--r0--owner_details_with_visits,ours_direct,original,1,0,False,0.11,0.11,34.25
spring_petclinic_microservices,spring_petclinic_microservices--split--N--r0--owner_details_with_visits,ours_direct,completion_projected,1,0,False,0.11,0.11,34.203125
spring_petclinic_microservices,spring_petclinic_microservices--split--N--r0--owner_details_with_visits,ours_prepared,original,1,0,False,0.11,0.11,34.30859375
spring_petclinic_microservices,spring_petclinic_microservices--split--N--r0--owner_details_with_visits,ours_prepared,completion_projected,1,0,False,0.11,0.11,34.40234375
spring_petclinic_microservices,spring_petclinic_microservices--split--NC--r0--create_visit,cudd_fixed,completion_projected,1,0,False,0.22,0.21,59.4765625
spring_petclinic_microservices,spring_petclinic_microservices--split--NC--r0--create_visit,cudd_sift,original,1,0,False,0.22,0.21,59.53125
spring_petclinic_microservices,spring_petclinic_microservices--split--NC--r0--create_visit,cudd_sift,completion_projected,1,0,False,0.22,0.22,59.359375
spring_petclinic_microservices,spring_petclinic_microservices--split--NC--r0--create_visit,agrum_conditioned,original,1,0,False,0.31,0.31,46.14453125
spring_petclinic_microservices,spring_petclinic_microservices--split--NC--r0--create_visit,agrum_conditioned,completion_projected,1,0,False,0.29,0.28,46.4375
spring_petclinic_microservices,spring_petclinic_microservices--split--NC--r0--create_visit,agrum_joint,original,1,0,False,0.2,0.19,46.1171875
spring_petclinic_microservices,spring_petclinic_microservices--split--NC--r0--create_visit,agrum_joint,completion_projected,1,0,False,0.19,0.19,46.20703125
spring_petclinic_microservices,spring_petclinic_microservices--split--NC--r0--create_visit,storm_sparse,original,1,0,False,0.22,0.22,93.09375
spring_petclinic_microservices,spring_petclinic_microservices--split--NC--r0--create_visit,storm_sparse,completion_projected,1,0,False,0.23,0.22999999999999998,93.046875
spring_petclinic_microservices,spring_petclinic_microservices--split--NC--r0--create_visit,storm_compact,original,1,0,False,0.21,0.21,93.15234375
spring_petclinic_microservices,spring_petclinic_microservices--split--NC--r0--create_visit,storm_compact,completion_projected,1,0,False,0.22,0.21000000000000002,93.00390625
spring_petclinic_microservices,spring_petclinic_microservices--split--NC--r0--create_visit,ours_direct,original,1,0,False,0.11,0.11,34.2734375
spring_petclinic_microservices,spring_petclinic_microservices--split--NC--r0--create_visit,ours_direct,completion_projected,1,0,False,0.11,0.11,34.328125
spring_petclinic_microservices,spring_petclinic_microservices--split--NC--r0--create_visit,ours_prepared,original,1,0,False,0.11,0.11,34.40234375
spring_petclinic_microservices,spring_petclinic_microservices--split--NC--r0--create_visit,ours_prepared,completion_projected,1,0,False,0.11,0.11,34.3125
spring_petclinic_microservices,spring_petclinic_microservices--split--NC--r0--create_visit,cudd_fixed,original,1,0,False,0.22,0.21,59.59765625
spring_petclinic_microservices,spring_petclinic_microservices--split--NC--r0--list_owners,cudd_sift,original,1,0,False,0.21,0.21,59.57421875
spring_petclinic_microservices,spring_petclinic_microservices--split--NC--r0--list_owners,cudd_sift,completion_projected,1,0,False,0.21,0.19999999999999998,59.58203125
spring_petclinic_microservices,spring_petclinic_microservices--split--NC--r0--list_owners,agrum_conditioned,original,1,0,False,0.13,0.12,45.91796875
spring_petclinic_microservices,spring_petclinic_microservices--split--NC--r0--list_owners,agrum_conditioned,completion_projected,1,0,False,0.13,0.12,45.73828125
spring_petclinic_microservices,spring_petclinic_microservices--split--NC--r0--list_owners,agrum_joint,original,1,0,False,0.13,0.13,46.05078125
spring_petclinic_microservices,spring_petclinic_microservices--split--NC--r0--list_owners,agrum_joint,completion_projected,1,0,False,0.13,0.12,45.8203125
spring_petclinic_microservices,spring_petclinic_microservices--split--NC--r0--list_owners,storm_sparse,original,1,0,False,0.21,0.19999999999999998,91.83984375
spring_petclinic_microservices,spring_petclinic_microservices--split--NC--r0--list_owners,storm_sparse,completion_projected,1,0,False,0.2,0.2,91.875
spring_petclinic_microservices,spring_petclinic_microservices--split--NC--r0--list_owners,storm_compact,original,1,0,False,0.2,0.19999999999999998,91.796875
spring_petclinic_microservices,spring_petclinic_microservices--split--NC--r0--list_owners,storm_compact,completion_projected,1,0,False,0.21,0.19999999999999998,91.82421875
spring_petclinic_microservices,spring_petclinic_microservices--split--NC--r0--list_owners,ours_direct,original,1,0,False,0.1,0.09999999999999999,34.33203125
spring_petclinic_microservices,spring_petclinic_microservices--split--NC--r0--list_owners,ours_direct,completion_projected,1,0,False,0.1,0.09,34.265625
spring_petclinic_microservices,spring_petclinic_microservices--split--NC--r0--list_owners,ours_prepared,original,1,0,False,0.1,0.09999999999999999,34.203125
spring_petclinic_microservices,spring_petclinic_microservices--split--NC--r0--list_owners,ours_prepared,completion_projected,1,0,False,0.1,0.09999999999999999,34.31640625
spring_petclinic_microservices,spring_petclinic_microservices--split--NC--r0--list_owners,cudd_fixed,original,1,0,False,0.21,0.21,59.453125
spring_petclinic_microservices,spring_petclinic_microservices--split--NC--r0--list_owners,cudd_fixed,completion_projected,1,0,False,0.21,0.21,59.48046875
spring_petclinic_microservices,spring_petclinic_microservices--split--NC--r0--list_vets,cudd_sift,completion_projected,1,0,False,0.21,0.21,59.51953125
spring_petclinic_microservices,spring_petclinic_microservices--split--NC--r0--list_vets,agrum_conditioned,original,1,0,False,0.13,0.13,45.96875
spring_petclinic_microservices,spring_petclinic_microservices--split--NC--r0--list_vets,agrum_conditioned,completion_projected,1,0,False,0.13,0.12,45.74609375
spring_petclinic_microservices,spring_petclinic_microservices--split--NC--r0--list_vets,agrum_joint,original,1,0,False,0.13,0.13,45.87109375
spring_petclinic_microservices,spring_petclinic_microservices--split--NC--r0--list_vets,agrum_joint,completion_projected,1,0,False,0.13,0.12,45.78125
spring_petclinic_microservices,spring_petclinic_microservices--split--NC--r0--list_vets,storm_sparse,original,1,0,False,0.21,0.19999999999999998,91.73828125
spring_petclinic_microservices,spring_petclinic_microservices--split--NC--r0--list_vets,storm_sparse,completion_projected,1,0,False,0.2,0.2,91.74609375
spring_petclinic_microservices,spring_petclinic_microservices--split--NC--r0--list_vets,storm_compact,original,1,0,False,0.2,0.19999999999999998,91.73046875
spring_petclinic_microservices,spring_petclinic_microservices--split--NC--r0--list_vets,storm_compact,completion_projected,1,0,False,0.2,0.2,91.86328125
spring_petclinic_microservices,spring_petclinic_microservices--split--NC--r0--list_vets,ours_direct,original,1,0,False,0.1,0.09999999999999999,34.30078125
spring_petclinic_microservices,spring_petclinic_microservices--split--NC--r0--list_vets,ours_direct,completion_projected,1,0,False,0.1,0.09999999999999999,34.2734375
spring_petclinic_microservices,spring_petclinic_microservices--split--NC--r0--list_vets,ours_prepared,original,1,0,False,0.1,0.09999999999999999,34.203125
spring_petclinic_microservices,spring_petclinic_microservices--split--NC--r0--list_vets,ours_prepared,completion_projected,1,0,False,0.1,0.09999999999999999,34.29296875
spring_petclinic_microservices,spring_petclinic_microservices--split--NC--r0--list_vets,cudd_fixed,original,1,0,False,0.21,0.19999999999999998,59.38671875
spring_petclinic_microservices,spring_petclinic_microservices--split--NC--r0--list_vets,cudd_fixed,completion_projected,1,0,False,0.21,0.21,59.59765625
spring_petclinic_microservices,spring_petclinic_microservices--split--NC--r0--list_vets,cudd_sift,original,1,0,False,0.21,0.2,59.453125
spring_petclinic_microservices,spring_petclinic_microservices--split--NC--r0--owner_details_with_visits,agrum_conditioned,original,1,0,False,0.33,0.33,46.23828125
spring_petclinic_microservices,spring_petclinic_microservices--split--NC--r0--owner_details_with_visits,agrum_conditioned,completion_projected,1,0,False,0.3,0.29000000000000004,46.09765625
spring_petclinic_microservices,spring_petclinic_microservices--split--NC--r0--owner_details_with_visits,agrum_joint,original,1,0,False,0.2,0.19999999999999998,46.453125
spring_petclinic_microservices,spring_petclinic_microservices--split--NC--r0--owner_details_with_visits,agrum_joint,completion_projected,1,0,False,0.2,0.19,46.50390625
spring_petclinic_microservices,spring_petclinic_microservices--split--NC--r0--owner_details_with_visits,storm_sparse,original,1,0,False,0.23,0.22,93.140625
spring_petclinic_microservices,spring_petclinic_microservices--split--NC--r0--owner_details_with_visits,storm_sparse,completion_projected,1,0,False,0.23,0.22,93.2109375
spring_petclinic_microservices,spring_petclinic_microservices--split--NC--r0--owner_details_with_visits,storm_compact,original,1,0,False,0.22,0.22,93.12890625
spring_petclinic_microservices,spring_petclinic_microservices--split--NC--r0--owner_details_with_visits,storm_compact,completion_projected,1,0,False,0.22,0.21000000000000002,93.14453125
spring_petclinic_microservices,spring_petclinic_microservices--split--NC--r0--owner_details_with_visits,ours_direct,original,1,0,False,0.12,0.11,34.30078125
spring_petclinic_microservices,spring_petclinic_microservices--split--NC--r0--owner_details_with_visits,ours_direct,completion_projected,1,0,False,0.11,0.11,34.26953125
spring_petclinic_microservices,spring_petclinic_microservices--split--NC--r0--owner_details_with_visits,ours_prepared,original,1,0,False,0.11,0.11,34.28125
spring_petclinic_microservices,spring_petclinic_microservices--split--NC--r0--owner_details_with_visits,ours_prepared,completion_projected,1,0,False,0.11,0.11,34.31640625
spring_petclinic_microservices,spring_petclinic_microservices--split--NC--r0--owner_details_with_visits,cudd_fixed,original,1,0,False,0.22,0.21,59.59765625
spring_petclinic_microservices,spring_petclinic_microservices--split--NC--r0--owner_details_with_visits,cudd_fixed,completion_projected,1,0,False,0.22,0.22,59.61328125
spring_petclinic_microservices,spring_petclinic_microservices--split--NC--r0--owner_details_with_visits,cudd_sift,original,1,0,False,0.22,0.21,59.60546875
spring_petclinic_microservices,spring_petclinic_microservices--split--NC--r0--owner_details_with_visits,cudd_sift,completion_projected,1,0,False,0.22,0.22,59.40234375
spring_petclinic_microservices,spring_petclinic_microservices--split--NCD--r0--create_visit,agrum_conditioned,completion_projected,1,0,False,0.31,0.31,46.109375
spring_petclinic_microservices,spring_petclinic_microservices--split--NCD--r0--create_visit,agrum_joint,original,1,0,False,0.2,0.2,46.1640625
spring_petclinic_microservices,spring_petclinic_microservices--split--NCD--r0--create_visit,agrum_joint,completion_projected,1,0,False,0.2,0.2,46.140625
spring_petclinic_microservices,spring_petclinic_microservices--split--NCD--r0--create_visit,storm_sparse,original,1,0,False,0.22,0.21000000000000002,93.25390625
spring_petclinic_microservices,spring_petclinic_microservices--split--NCD--r0--create_visit,storm_sparse,completion_projected,1,0,False,0.23,0.22,93.125
spring_petclinic_microservices,spring_petclinic_microservices--split--NCD--r0--create_visit,storm_compact,original,1,0,False,0.21,0.2,93.33203125
spring_petclinic_microservices,spring_petclinic_microservices--split--NCD--r0--create_visit,storm_compact,completion_projected,1,0,False,0.21,0.21,93.015625
spring_petclinic_microservices,spring_petclinic_microservices--split--NCD--r0--create_visit,ours_direct,original,1,0,False,0.11,0.1,34.37109375
spring_petclinic_microservices,spring_petclinic_microservices--split--NCD--r0--create_visit,ours_direct,completion_projected,1,0,False,0.11,0.11,34.3046875
spring_petclinic_microservices,spring_petclinic_microservices--split--NCD--r0--create_visit,ours_prepared,original,1,0,False,0.11,0.09999999999999999,34.37890625
spring_petclinic_microservices,spring_petclinic_microservices--split--NCD--r0--create_visit,ours_prepared,completion_projected,1,0,False,0.11,0.09999999999999999,34.44140625
spring_petclinic_microservices,spring_petclinic_microservices--split--NCD--r0--create_visit,cudd_fixed,original,1,0,False,0.22,0.21,59.4921875
spring_petclinic_microservices,spring_petclinic_microservices--split--NCD--r0--create_visit,cudd_fixed,completion_projected,1,0,False,0.22,0.21,59.5546875
spring_petclinic_microservices,spring_petclinic_microservices--split--NCD--r0--create_visit,cudd_sift,original,1,0,False,0.22,0.21,59.5078125
spring_petclinic_microservices,spring_petclinic_microservices--split--NCD--r0--create_visit,cudd_sift,completion_projected,1,0,False,0.22,0.21,59.578125
spring_petclinic_microservices,spring_petclinic_microservices--split--NCD--r0--create_visit,agrum_conditioned,original,1,0,False,0.32,0.32,46.07421875
spring_petclinic_microservices,spring_petclinic_microservices--split--NCD--r0--list_owners,agrum_joint,original,1,0,False,0.13,0.12,45.921875
spring_petclinic_microservices,spring_petclinic_microservices--split--NCD--r0--list_owners,agrum_joint,completion_projected,1,0,False,0.12,0.12,45.77734375
spring_petclinic_microservices,spring_petclinic_microservices--split--NCD--r0--list_owners,storm_sparse,original,1,0,False,0.2,0.19,91.9140625
spring_petclinic_microservices,spring_petclinic_microservices--split--NCD--r0--list_owners,storm_sparse,completion_projected,1,0,False,0.2,0.19999999999999998,91.9375
spring_petclinic_microservices,spring_petclinic_microservices--split--NCD--r0--list_owners,storm_compact,original,1,0,False,0.2,0.2,91.9453125
spring_petclinic_microservices,spring_petclinic_microservices--split--NCD--r0--list_owners,storm_compact,completion_projected,1,0,False,0.2,0.19,91.859375
spring_petclinic_microservices,spring_petclinic_microservices--split--NCD--r0--list_owners,ours_direct,original,1,0,False,0.1,0.09999999999999999,34.31640625
spring_petclinic_microservices,spring_petclinic_microservices--split--NCD--r0--list_owners,ours_direct,completion_projected,1,0,False,0.1,0.09,34.20703125
spring_petclinic_microservices,spring_petclinic_microservices--split--NCD--r0--list_owners,ours_prepared,original,1,0,False,0.1,0.09,34.30859375
spring_petclinic_microservices,spring_petclinic_microservices--split--NCD--r0--list_owners,ours_prepared,completion_projected,1,0,False,0.1,0.09999999999999999,34.359375
spring_petclinic_microservices,spring_petclinic_microservices--split--NCD--r0--list_owners,cudd_fixed,original,1,0,False,0.2,0.2,59.46875
spring_petclinic_microservices,spring_petclinic_microservices--split--NCD--r0--list_owners,cudd_fixed,completion_projected,1,0,False,0.2,0.19999999999999998,59.5
spring_petclinic_microservices,spring_petclinic_microservices--split--NCD--r0--list_owners,cudd_sift,original,1,0,False,0.2,0.2,59.5703125
spring_petclinic_microservices,spring_petclinic_microservices--split--NCD--r0--list_owners,cudd_sift,completion_projected,1,0,False,0.21,0.2,59.52734375
spring_petclinic_microservices,spring_petclinic_microservices--split--NCD--r0--list_owners,agrum_conditioned,original,1,0,False,0.13,0.12,45.8125
spring_petclinic_microservices,spring_petclinic_microservices--split--NCD--r0--list_owners,agrum_conditioned,completion_projected,1,0,False,0.12,0.11,45.86328125
spring_petclinic_microservices,spring_petclinic_microservices--split--NCD--r0--list_vets,agrum_joint,completion_projected,1,0,False,0.13,0.12,45.86328125
spring_petclinic_microservices,spring_petclinic_microservices--split--NCD--r0--list_vets,storm_sparse,original,1,0,False,0.2,0.19,91.84765625
spring_petclinic_microservices,spring_petclinic_microservices--split--NCD--r0--list_vets,storm_sparse,completion_projected,1,0,False,0.2,0.19999999999999998,91.92578125
spring_petclinic_microservices,spring_petclinic_microservices--split--NCD--r0--list_vets,storm_compact,original,1,0,False,0.2,0.19999999999999998,91.8984375
spring_petclinic_microservices,spring_petclinic_microservices--split--NCD--r0--list_vets,storm_compact,completion_projected,1,0,False,0.2,0.19,91.7890625
spring_petclinic_microservices,spring_petclinic_microservices--split--NCD--r0--list_vets,ours_direct,original,1,0,False,0.1,0.09,34.16015625
spring_petclinic_microservices,spring_petclinic_microservices--split--NCD--r0--list_vets,ours_direct,completion_projected,1,0,False,0.1,0.09,34.40625
spring_petclinic_microservices,spring_petclinic_microservices--split--NCD--r0--list_vets,ours_prepared,original,1,0,False,0.1,0.09,34.20703125
spring_petclinic_microservices,spring_petclinic_microservices--split--NCD--r0--list_vets,ours_prepared,completion_projected,1,0,False,0.1,0.09,34.42578125
spring_petclinic_microservices,spring_petclinic_microservices--split--NCD--r0--list_vets,cudd_fixed,original,1,0,False,0.2,0.2,59.31640625
spring_petclinic_microservices,spring_petclinic_microservices--split--NCD--r0--list_vets,cudd_fixed,completion_projected,1,0,False,0.21,0.19999999999999998,59.421875
spring_petclinic_microservices,spring_petclinic_microservices--split--NCD--r0--list_vets,cudd_sift,original,1,0,False,0.21,0.2,59.37109375
spring_petclinic_microservices,spring_petclinic_microservices--split--NCD--r0--list_vets,cudd_sift,completion_projected,1,0,False,0.21,0.21,59.59765625
spring_petclinic_microservices,spring_petclinic_microservices--split--NCD--r0--list_vets,agrum_conditioned,original,1,0,False,0.13,0.13,45.9140625
spring_petclinic_microservices,spring_petclinic_microservices--split--NCD--r0--list_vets,agrum_conditioned,completion_projected,1,0,False,0.13,0.12,45.69140625
spring_petclinic_microservices,spring_petclinic_microservices--split--NCD--r0--list_vets,agrum_joint,original,1,0,False,0.13,0.12,45.89453125
spring_petclinic_microservices,spring_petclinic_microservices--split--NCD--r0--owner_details_with_visits,storm_sparse,original,1,0,False,0.23,0.22,93.1640625
spring_petclinic_microservices,spring_petclinic_microservices--split--NCD--r0--owner_details_with_visits,storm_sparse,completion_projected,1,0,False,0.22,0.22,93.09765625
spring_petclinic_microservices,spring_petclinic_microservices--split--NCD--r0--owner_details_with_visits,storm_compact,original,1,0,False,0.22,0.21,93.14453125
spring_petclinic_microservices,spring_petclinic_microservices--split--NCD--r0--owner_details_with_visits,storm_compact,completion_projected,1,0,False,0.22,0.21,92.9921875
spring_petclinic_microservices,spring_petclinic_microservices--split--NCD--r0--owner_details_with_visits,ours_direct,original,1,0,False,0.11,0.09999999999999999,34.265625
spring_petclinic_microservices,spring_petclinic_microservices--split--NCD--r0--owner_details_with_visits,ours_direct,completion_projected,1,0,False,0.11,0.11,34.32421875
spring_petclinic_microservices,spring_petclinic_microservices--split--NCD--r0--owner_details_with_visits,ours_prepared,original,1,0,False,0.11,0.09999999999999999,34.34765625
spring_petclinic_microservices,spring_petclinic_microservices--split--NCD--r0--owner_details_with_visits,ours_prepared,completion_projected,1,0,False,0.11,0.11,34.30078125
spring_petclinic_microservices,spring_petclinic_microservices--split--NCD--r0--owner_details_with_visits,cudd_fixed,original,1,0,False,0.21,0.21,59.59765625
spring_petclinic_microservices,spring_petclinic_microservices--split--NCD--r0--owner_details_with_visits,cudd_fixed,completion_projected,1,0,False,0.21,0.21,59.61328125
spring_petclinic_microservices,spring_petclinic_microservices--split--NCD--r0--owner_details_with_visits,cudd_sift,original,1,0,False,0.22,0.21,59.38671875
spring_petclinic_microservices,spring_petclinic_microservices--split--NCD--r0--owner_details_with_visits,cudd_sift,completion_projected,1,0,False,0.22,0.21,59.40625
spring_petclinic_microservices,spring_petclinic_microservices--split--NCD--r0--owner_details_with_visits,agrum_conditioned,original,1,0,False,0.31,0.3,45.99609375
spring_petclinic_microservices,spring_petclinic_microservices--split--NCD--r0--owner_details_with_visits,agrum_conditioned,completion_projected,1,0,False,0.28,0.27,46.1171875
spring_petclinic_microservices,spring_petclinic_microservices--split--NCD--r0--owner_details_with_visits,agrum_joint,original,1,0,False,0.19,0.19,46.21875
spring_petclinic_microservices,spring_petclinic_microservices--split--NCD--r0--owner_details_with_visits,agrum_joint,completion_projected,1,0,False,0.19,0.18000000000000002,46.30078125
spring_petclinic_microservices,spring_petclinic_microservices--split--ND--r0--create_visit,storm_sparse,completion_projected,1,0,False,0.22,0.22,93.07421875
spring_petclinic_microservices,spring_petclinic_microservices--split--ND--r0--create_visit,storm_compact,original,1,0,False,0.21,0.21,92.96875
spring_petclinic_microservices,spring_petclinic_microservices--split--ND--r0--create_visit,storm_compact,completion_projected,1,0,False,0.21,0.21000000000000002,93.12890625
spring_petclinic_microservices,spring_petclinic_microservices--split--ND--r0--create_visit,ours_direct,original,1,0,False,0.11,0.11,34.37890625
spring_petclinic_microservices,spring_petclinic_microservices--split--ND--r0--create_visit,ours_direct,completion_projected,1,0,False,0.11,0.09999999999999999,34.4140625
spring_petclinic_microservices,spring_petclinic_microservices--split--ND--r0--create_visit,ours_prepared,original,1,0,False,0.11,0.1,34.375
spring_petclinic_microservices,spring_petclinic_microservices--split--ND--r0--create_visit,ours_prepared,completion_projected,1,0,False,0.11,0.1,34.31640625
spring_petclinic_microservices,spring_petclinic_microservices--split--ND--r0--create_visit,cudd_fixed,original,1,0,False,0.22,0.21,59.48828125
spring_petclinic_microservices,spring_petclinic_microservices--split--ND--r0--create_visit,cudd_fixed,completion_projected,1,0,False,0.22,0.22,59.59375
spring_petclinic_microservices,spring_petclinic_microservices--split--ND--r0--create_visit,cudd_sift,original,1,0,False,0.21,0.21,59.59765625
spring_petclinic_microservices,spring_petclinic_microservices--split--ND--r0--create_visit,cudd_sift,completion_projected,1,0,False,0.22,0.21,59.6171875
spring_petclinic_microservices,spring_petclinic_microservices--split--ND--r0--create_visit,agrum_conditioned,original,1,0,False,0.29,0.29000000000000004,46.234375
spring_petclinic_microservices,spring_petclinic_microservices--split--ND--r0--create_visit,agrum_conditioned,completion_projected,1,0,False,0.28,0.27,46.2265625
spring_petclinic_microservices,spring_petclinic_microservices--split--ND--r0--create_visit,agrum_joint,original,1,0,False,0.19,0.18000000000000002,46.2734375
spring_petclinic_microservices,spring_petclinic_microservices--split--ND--r0--create_visit,agrum_joint,completion_projected,1,0,False,0.19,0.18000000000000002,46.24609375
spring_petclinic_microservices,spring_petclinic_microservices--split--ND--r0--create_visit,storm_sparse,original,1,0,False,0.22,0.22,93.05859375
spring_petclinic_microservices,spring_petclinic_microservices--split--ND--r0--list_owners,storm_compact,original,1,0,False,0.2,0.19,91.8515625
spring_petclinic_microservices,spring_petclinic_microservices--split--ND--r0--list_owners,storm_compact,completion_projected,1,0,False,0.2,0.19999999999999998,91.953125
spring_petclinic_microservices,spring_petclinic_microservices--split--ND--r0--list_owners,ours_direct,original,1,0,False,0.1,0.09999999999999999,34.2109375
spring_petclinic_microservices,spring_petclinic_microservices--split--ND--r0--list_owners,ours_direct,completion_projected,1,0,False,0.1,0.09,34.30078125
spring_petclinic_microservices,spring_petclinic_microservices--split--ND--r0--list_owners,ours_prepared,original,1,0,False,0.1,0.09999999999999999,34.30859375
spring_petclinic_microservices,spring_petclinic_microservices--split--ND--r0--list_owners,ours_prepared,completion_projected,1,0,False,0.1,0.09999999999999999,34.32421875
spring_petclinic_microservices,spring_petclinic_microservices--split--ND--r0--list_owners,cudd_fixed,original,1,0,False,0.21,0.19999999999999998,59.515625
spring_petclinic_microservices,spring_petclinic_microservices--split--ND--r0--list_owners,cudd_fixed,completion_projected,1,0,False,0.21,0.19999999999999998,59.59765625
spring_petclinic_microservices,spring_petclinic_microservices--split--ND--r0--list_owners,cudd_sift,original,1,0,False,0.21,0.19999999999999998,59.421875
spring_petclinic_microservices,spring_petclinic_microservices--split--ND--r0--list_owners,cudd_sift,completion_projected,1,0,False,0.21,0.19999999999999998,59.35546875
spring_petclinic_microservices,spring_petclinic_microservices--split--ND--r0--list_owners,agrum_conditioned,original,1,0,False,0.13,0.12,46.0078125
spring_petclinic_microservices,spring_petclinic_microservices--split--ND--r0--list_owners,agrum_conditioned,completion_projected,1,0,False,0.13,0.12,45.98046875
spring_petclinic_microservices,spring_petclinic_microservices--split--ND--r0--list_owners,agrum_joint,original,1,0,False,0.13,0.12,45.91796875
spring_petclinic_microservices,spring_petclinic_microservices--split--ND--r0--list_owners,agrum_joint,completion_projected,1,0,False,0.13,0.12,45.8515625
spring_petclinic_microservices,spring_petclinic_microservices--split--ND--r0--list_owners,storm_sparse,original,1,0,False,0.2,0.19999999999999998,91.9609375
spring_petclinic_microservices,spring_petclinic_microservices--split--ND--r0--list_owners,storm_sparse,completion_projected,1,0,False,0.2,0.19,91.78125
spring_petclinic_microservices,spring_petclinic_microservices--split--ND--r0--list_vets,storm_compact,completion_projected,1,0,False,0.2,0.19,91.82421875
spring_petclinic_microservices,spring_petclinic_microservices--split--ND--r0--list_vets,ours_direct,original,1,0,False,0.1,0.09999999999999999,34.3046875
spring_petclinic_microservices,spring_petclinic_microservices--split--ND--r0--list_vets,ours_direct,completion_projected,1,0,False,0.1,0.09,34.30078125
spring_petclinic_microservices,spring_petclinic_microservices--split--ND--r0--list_vets,ours_prepared,original,1,0,False,0.1,0.09,34.15625
spring_petclinic_microservices,spring_petclinic_microservices--split--ND--r0--list_vets,ours_prepared,completion_projected,1,0,False,0.1,0.09999999999999999,34.1796875
spring_petclinic_microservices,spring_petclinic_microservices--split--ND--r0--list_vets,cudd_fixed,original,1,0,False,0.2,0.19999999999999998,59.6015625
spring_petclinic_microservices,spring_petclinic_microservices--split--ND--r0--list_vets,cudd_fixed,completion_projected,1,0,False,0.21,0.19999999999999998,59.61328125
spring_petclinic_microservices,spring_petclinic_microservices--split--ND--r0--list_vets,cudd_sift,original,1,0,False,0.2,0.19999999999999998,59.39453125
spring_petclinic_microservices,spring_petclinic_microservices--split--ND--r0--list_vets,cudd_sift,completion_projected,1,0,False,0.21,0.19999999999999998,59.58984375
spring_petclinic_microservices,spring_petclinic_microservices--split--ND--r0--list_vets,agrum_conditioned,original,1,0,False,0.13,0.12,45.78125
spring_petclinic_microservices,spring_petclinic_microservices--split--ND--r0--list_vets,agrum_conditioned,completion_projected,1,0,False,0.13,0.12,45.796875
spring_petclinic_microservices,spring_petclinic_microservices--split--ND--r0--list_vets,agrum_joint,original,1,0,False,0.13,0.12,45.8984375
spring_petclinic_microservices,spring_petclinic_microservices--split--ND--r0--list_vets,agrum_joint,completion_projected,1,0,False,0.13,0.12,45.6328125
spring_petclinic_microservices,spring_petclinic_microservices--split--ND--r0--list_vets,storm_sparse,original,1,0,False,0.2,0.19,91.91796875
spring_petclinic_microservices,spring_petclinic_microservices--split--ND--r0--list_vets,storm_sparse,completion_projected,1,0,False,0.2,0.19,91.75390625
spring_petclinic_microservices,spring_petclinic_microservices--split--ND--r0--list_vets,storm_compact,original,1,0,False,0.2,0.19999999999999998,91.83984375
spring_petclinic_microservices,spring_petclinic_microservices--split--ND--r0--owner_details_with_visits,ours_direct,original,1,0,False,0.11,0.11,34.39453125
spring_petclinic_microservices,spring_petclinic_microservices--split--ND--r0--owner_details_with_visits,ours_direct,completion_projected,1,0,False,0.11,0.11,34.4140625
spring_petclinic_microservices,spring_petclinic_microservices--split--ND--r0--owner_details_with_visits,ours_prepared,original,1,0,False,0.11,0.09999999999999999,34.25
spring_petclinic_microservices,spring_petclinic_microservices--split--ND--r0--owner_details_with_visits,ours_prepared,completion_projected,1,0,False,0.11,0.11,34.30078125
spring_petclinic_microservices,spring_petclinic_microservices--split--ND--r0--owner_details_with_visits,cudd_fixed,original,1,0,False,0.22,0.21,59.52734375
spring_petclinic_microservices,spring_petclinic_microservices--split--ND--r0--owner_details_with_visits,cudd_fixed,completion_projected,1,0,False,0.22,0.21,59.39453125
spring_petclinic_microservices,spring_petclinic_microservices--split--ND--r0--owner_details_with_visits,cudd_sift,original,1,0,False,0.22,0.21,59.5859375
spring_petclinic_microservices,spring_petclinic_microservices--split--ND--r0--owner_details_with_visits,cudd_sift,completion_projected,1,0,False,0.22,0.21,59.3984375
spring_petclinic_microservices,spring_petclinic_microservices--split--ND--r0--owner_details_with_visits,agrum_conditioned,original,1,0,False,0.29,0.29000000000000004,46.2421875
spring_petclinic_microservices,spring_petclinic_microservices--split--ND--r0--owner_details_with_visits,agrum_conditioned,completion_projected,1,0,False,0.27,0.26,46.11328125
spring_petclinic_microservices,spring_petclinic_microservices--split--ND--r0--owner_details_with_visits,agrum_joint,original,1,0,False,0.19,0.18000000000000002,46.234375
spring_petclinic_microservices,spring_petclinic_microservices--split--ND--r0--owner_details_with_visits,agrum_joint,completion_projected,1,0,False,0.18,0.18000000000000002,46.34765625
spring_petclinic_microservices,spring_petclinic_microservices--split--ND--r0--owner_details_with_visits,storm_sparse,original,1,0,False,0.22,0.22,92.96875
spring_petclinic_microservices,spring_petclinic_microservices--split--ND--r0--owner_details_with_visits,storm_sparse,completion_projected,1,0,False,0.22,0.22,93.1953125
spring_petclinic_microservices,spring_petclinic_microservices--split--ND--r0--owner_details_with_visits,storm_compact,original,1,0,False,0.21,0.2,93.21484375
spring_petclinic_microservices,spring_petclinic_microservices--split--ND--r0--owner_details_with_visits,storm_compact,completion_projected,1,0,False,0.21,0.21,93.02734375
spring_petclinic_microservices,spring_petclinic_microservices--colocated--N--r0--create_visit,ours_prepared,original,2,0,False,0.11,0.09999999999999999,34.28125
spring_petclinic_microservices,spring_petclinic_microservices--colocated--N--r0--create_visit,ours_prepared,completion_projected,2,0,False,0.11,0.09999999999999999,34.265625
spring_petclinic_microservices,spring_petclinic_microservices--colocated--N--r0--create_visit,cudd_fixed,original,2,0,False,0.22,0.22,59.39453125
spring_petclinic_microservices,spring_petclinic_microservices--colocated--N--r0--create_visit,cudd_fixed,completion_projected,2,0,False,0.21,0.21,59.4296875
spring_petclinic_microservices,spring_petclinic_microservices--colocated--N--r0--create_visit,cudd_sift,original,2,0,False,0.21,0.21,59.5703125
spring_petclinic_microservices,spring_petclinic_microservices--colocated--N--r0--create_visit,cudd_sift,completion_projected,2,0,False,0.22,0.22,59.5859375
spring_petclinic_microservices,spring_petclinic_microservices--colocated--N--r0--create_visit,agrum_conditioned,original,2,0,False,0.26,0.26,46.13671875
spring_petclinic_microservices,spring_petclinic_microservices--colocated--N--r0--create_visit,agrum_conditioned,completion_projected,2,0,False,0.26,0.26,45.984375
spring_petclinic_microservices,spring_petclinic_microservices--colocated--N--r0--create_visit,agrum_joint,original,2,0,False,0.18,0.18000000000000002,46.296875
spring_petclinic_microservices,spring_petclinic_microservices--colocated--N--r0--create_visit,agrum_joint,completion_projected,2,0,False,0.18,0.18000000000000002,46.125
spring_petclinic_microservices,spring_petclinic_microservices--colocated--N--r0--create_visit,storm_sparse,original,2,0,False,0.22,0.21000000000000002,92.921875
spring_petclinic_microservices,spring_petclinic_microservices--colocated--N--r0--create_visit,storm_sparse,completion_projected,2,0,False,0.22,0.22,93.05859375
spring_petclinic_microservices,spring_petclinic_microservices--colocated--N--r0--create_visit,storm_compact,original,2,0,False,0.21,0.21,92.90234375
spring_petclinic_microservices,spring_petclinic_microservices--colocated--N--r0--create_visit,storm_compact,completion_projected,2,0,False,0.21,0.21,93.0
spring_petclinic_microservices,spring_petclinic_microservices--colocated--N--r0--create_visit,ours_direct,original,2,0,False,0.11,0.11,34.3359375
spring_petclinic_microservices,spring_petclinic_microservices--colocated--N--r0--create_visit,ours_direct,completion_projected,2,0,False,0.11,0.1,34.33984375
spring_petclinic_microservices,spring_petclinic_microservices--colocated--N--r0--list_owners,ours_prepared,completion_projected,2,0,False,0.1,0.09,34.2421875
spring_petclinic_microservices,spring_petclinic_microservices--colocated--N--r0--list_owners,cudd_fixed,original,2,0,False,0.21,0.2,59.5234375
spring_petclinic_microservices,spring_petclinic_microservices--colocated--N--r0--list_owners,cudd_fixed,completion_projected,2,0,False,0.21,0.19999999999999998,59.51953125
spring_petclinic_microservices,spring_petclinic_microservices--colocated--N--r0--list_owners,cudd_sift,original,2,0,False,0.21,0.19999999999999998,59.60546875
spring_petclinic_microservices,spring_petclinic_microservices--colocated--N--r0--list_owners,cudd_sift,completion_projected,2,0,False,0.21,0.19999999999999998,59.53515625
spring_petclinic_microservices,spring_petclinic_microservices--colocated--N--r0--list_owners,agrum_conditioned,original,2,0,False,0.13,0.12,45.83984375
spring_petclinic_microservices,spring_petclinic_microservices--colocated--N--r0--list_owners,agrum_conditioned,completion_projected,2,0,False,0.13,0.12,45.83984375
spring_petclinic_microservices,spring_petclinic_microservices--colocated--N--r0--list_owners,agrum_joint,original,2,0,False,0.13,0.12,45.8125
spring_petclinic_microservices,spring_petclinic_microservices--colocated--N--r0--list_owners,agrum_joint,completion_projected,2,0,False,0.13,0.12,45.8828125
spring_petclinic_microservices,spring_petclinic_microservices--colocated--N--r0--list_owners,storm_sparse,original,2,0,False,0.2,0.19999999999999998,91.7734375
spring_petclinic_microservices,spring_petclinic_microservices--colocated--N--r0--list_owners,storm_sparse,completion_projected,2,0,False,0.2,0.19999999999999998,91.953125
spring_petclinic_microservices,spring_petclinic_microservices--colocated--N--r0--list_owners,storm_compact,original,2,0,False,0.2,0.19,91.9140625
spring_petclinic_microservices,spring_petclinic_microservices--colocated--N--r0--list_owners,storm_compact,completion_projected,2,0,False,0.2,0.19,91.97265625
spring_petclinic_microservices,spring_petclinic_microservices--colocated--N--r0--list_owners,ours_direct,original,2,0,False,0.1,0.09,34.203125
spring_petclinic_microservices,spring_petclinic_microservices--colocated--N--r0--list_owners,ours_direct,completion_projected,2,0,False,0.1,0.09999999999999999,34.35546875
spring_petclinic_microservices,spring_petclinic_microservices--colocated--N--r0--list_owners,ours_prepared,original,2,0,False,0.1,0.09999999999999999,34.1875
spring_petclinic_microservices,spring_petclinic_microservices--colocated--N--r0--list_vets,cudd_fixed,original,2,0,False,0.2,0.19999999999999998,59.56640625
spring_petclinic_microservices,spring_petclinic_microservices--colocated--N--r0--list_vets,cudd_fixed,completion_projected,2,0,False,0.21,0.2,59.57421875
spring_petclinic_microservices,spring_petclinic_microservices--colocated--N--r0--list_vets,cudd_sift,original,2,0,False,0.2,0.2,59.3046875
spring_petclinic_microservices,spring_petclinic_microservices--colocated--N--r0--list_vets,cudd_sift,completion_projected,2,0,False,0.21,0.19999999999999998,59.4765625
spring_petclinic_microservices,spring_petclinic_microservices--colocated--N--r0--list_vets,agrum_conditioned,original,2,0,False,0.13,0.12,45.85546875
spring_petclinic_microservices,spring_petclinic_microservices--colocated--N--r0--list_vets,agrum_conditioned,completion_projected,2,0,False,0.13,0.13,45.7421875
spring_petclinic_microservices,spring_petclinic_microservices--colocated--N--r0--list_vets,agrum_joint,original,2,0,False,0.13,0.12,45.88671875
spring_petclinic_microservices,spring_petclinic_microservices--colocated--N--r0--list_vets,agrum_joint,completion_projected,2,0,False,0.13,0.12,45.87109375
spring_petclinic_microservices,spring_petclinic_microservices--colocated--N--r0--list_vets,storm_sparse,original,2,0,False,0.2,0.2,91.90234375
spring_petclinic_microservices,spring_petclinic_microservices--colocated--N--r0--list_vets,storm_sparse,completion_projected,2,0,False,0.2,0.19,91.9453125
spring_petclinic_microservices,spring_petclinic_microservices--colocated--N--r0--list_vets,storm_compact,original,2,0,False,0.2,0.19,91.7734375
spring_petclinic_microservices,spring_petclinic_microservices--colocated--N--r0--list_vets,storm_compact,completion_projected,2,0,False,0.2,0.19999999999999998,91.98046875
spring_petclinic_microservices,spring_petclinic_microservices--colocated--N--r0--list_vets,ours_direct,original,2,0,False,0.1,0.09999999999999999,34.296875
spring_petclinic_microservices,spring_petclinic_microservices--colocated--N--r0--list_vets,ours_direct,completion_projected,2,0,False,0.1,0.09999999999999999,34.29296875
spring_petclinic_microservices,spring_petclinic_microservices--colocated--N--r0--list_vets,ours_prepared,original,2,0,False,0.1,0.09999999999999999,34.20703125
spring_petclinic_microservices,spring_petclinic_microservices--colocated--N--r0--list_vets,ours_prepared,completion_projected,2,0,False,0.1,0.09999999999999999,34.23046875
spring_petclinic_microservices,spring_petclinic_microservices--colocated--N--r0--owner_details_with_visits,cudd_fixed,completion_projected,2,0,False,0.22,0.21,59.5078125
spring_petclinic_microservices,spring_petclinic_microservices--colocated--N--r0--owner_details_with_visits,cudd_sift,original,2,0,False,0.22,0.21,59.53515625
spring_petclinic_microservices,spring_petclinic_microservices--colocated--N--r0--owner_details_with_visits,cudd_sift,completion_projected,2,0,False,0.22,0.21,59.609375
spring_petclinic_microservices,spring_petclinic_microservices--colocated--N--r0--owner_details_with_visits,agrum_conditioned,original,2,0,False,0.31,0.3,46.23828125
spring_petclinic_microservices,spring_petclinic_microservices--colocated--N--r0--owner_details_with_visits,agrum_conditioned,completion_projected,2,0,False,0.28,0.28,46.10546875
spring_petclinic_microservices,spring_petclinic_microservices--colocated--N--r0--owner_details_with_visits,agrum_joint,original,2,0,False,0.2,0.19999999999999998,46.2421875
spring_petclinic_microservices,spring_petclinic_microservices--colocated--N--r0--owner_details_with_visits,agrum_joint,completion_projected,2,0,False,0.19,0.18,46.15625
spring_petclinic_microservices,spring_petclinic_microservices--colocated--N--r0--owner_details_with_visits,storm_sparse,original,2,0,False,0.23,0.22,92.99609375
spring_petclinic_microservices,spring_petclinic_microservices--colocated--N--r0--owner_details_with_visits,storm_sparse,completion_projected,2,0,False,0.22,0.22,93.0703125
spring_petclinic_microservices,spring_petclinic_microservices--colocated--N--r0--owner_details_with_visits,storm_compact,original,2,0,False,0.22,0.21,93.14453125
spring_petclinic_microservices,spring_petclinic_microservices--colocated--N--r0--owner_details_with_visits,storm_compact,completion_projected,2,0,False,0.21,0.21,93.06640625
spring_petclinic_microservices,spring_petclinic_microservices--colocated--N--r0--owner_details_with_visits,ours_direct,original,2,0,False,0.11,0.11,34.359375
spring_petclinic_microservices,spring_petclinic_microservices--colocated--N--r0--owner_details_with_visits,ours_direct,completion_projected,2,0,False,0.11,0.09999999999999999,34.2890625
spring_petclinic_microservices,spring_petclinic_microservices--colocated--N--r0--owner_details_with_visits,ours_prepared,original,2,0,False,0.11,0.09999999999999999,34.36328125
spring_petclinic_microservices,spring_petclinic_microservices--colocated--N--r0--owner_details_with_visits,ours_prepared,completion_projected,2,0,False,0.11,0.11,34.3203125
spring_petclinic_microservices,spring_petclinic_microservices--colocated--N--r0--owner_details_with_visits,cudd_fixed,original,2,0,False,0.21,0.21,59.41796875
spring_petclinic_microservices,spring_petclinic_microservices--colocated--NC--r0--create_visit,cudd_sift,original,2,0,False,0.22,0.22,59.625
spring_petclinic_microservices,spring_petclinic_microservices--colocated--NC--r0--create_visit,cudd_sift,completion_projected,2,0,False,0.22,0.21,59.59765625
spring_petclinic_microservices,spring_petclinic_microservices--colocated--NC--r0--create_visit,agrum_conditioned,original,2,0,False,0.33,0.32,46.11328125
spring_petclinic_microservices,spring_petclinic_microservices--colocated--NC--r0--create_visit,agrum_conditioned,completion_projected,2,0,False,0.31,0.3,46.13671875
spring_petclinic_microservices,spring_petclinic_microservices--colocated--NC--r0--create_visit,agrum_joint,original,2,0,False,0.2,0.19,46.23046875
spring_petclinic_microservices,spring_petclinic_microservices--colocated--NC--r0--create_visit,agrum_joint,completion_projected,2,0,False,0.2,0.19,46.23828125
spring_petclinic_microservices,spring_petclinic_microservices--colocated--NC--r0--create_visit,storm_sparse,original,2,0,False,0.23,0.22,93.26953125
spring_petclinic_microservices,spring_petclinic_microservices--colocated--NC--r0--create_visit,storm_sparse,completion_projected,2,0,False,0.23,0.22,93.1015625
spring_petclinic_microservices,spring_petclinic_microservices--colocated--NC--r0--create_visit,storm_compact,original,2,0,False,0.22,0.21000000000000002,93.34375
spring_petclinic_microservices,spring_petclinic_microservices--colocated--NC--r0--create_visit,storm_compact,completion_projected,2,0,False,0.22,0.21000000000000002,93.28125
spring_petclinic_microservices,spring_petclinic_microservices--colocated--NC--r0--create_visit,ours_direct,original,2,0,False,0.12,0.12,34.37109375
spring_petclinic_microservices,spring_petclinic_microservices--colocated--NC--r0--create_visit,ours_direct,completion_projected,2,0,False,0.12,0.11,34.3828125
spring_petclinic_microservices,spring_petclinic_microservices--colocated--NC--r0--create_visit,ours_prepared,original,2,0,False,0.11,0.11,34.27734375
spring_petclinic_microservices,spring_petclinic_microservices--colocated--NC--r0--create_visit,ours_prepared,completion_projected,2,0,False,0.11,0.11,34.2734375
spring_petclinic_microservices,spring_petclinic_microservices--colocated--NC--r0--create_visit,cudd_fixed,original,2,0,False,0.23,0.22,59.62109375
spring_petclinic_microservices,spring_petclinic_microservices--colocated--NC--r0--create_visit,cudd_fixed,completion_projected,2,0,False,0.22,0.22,59.3671875
spring_petclinic_microservices,spring_petclinic_microservices--colocated--NC--r0--list_owners,cudd_sift,completion_projected,2,0,False,0.22,0.22,59.58203125
spring_petclinic_microservices,spring_petclinic_microservices--colocated--NC--r0--list_owners,agrum_conditioned,original,2,0,False,0.13,0.13,45.90234375
spring_petclinic_microservices,spring_petclinic_microservices--colocated--NC--r0--list_owners,agrum_conditioned,completion_projected,2,0,False,0.13,0.12,45.70703125
spring_petclinic_microservices,spring_petclinic_microservices--colocated--NC--r0--list_owners,agrum_joint,original,2,0,False,0.13,0.13,45.8046875
spring_petclinic_microservices,spring_petclinic_microservices--colocated--NC--r0--list_owners,agrum_joint,completion_projected,2,0,False,0.13,0.13,45.92578125
spring_petclinic_microservices,spring_petclinic_microservices--colocated--NC--r0--list_owners,storm_sparse,original,2,0,False,0.2,0.19999999999999998,91.95703125
spring_petclinic_microservices,spring_petclinic_microservices--colocated--NC--r0--list_owners,storm_sparse,completion_projected,2,0,False,0.21,0.21,91.94921875
spring_petclinic_microservices,spring_petclinic_microservices--colocated--NC--r0--list_owners,storm_compact,original,2,0,False,0.2,0.19999999999999998,92.08984375
spring_petclinic_microservices,spring_petclinic_microservices--colocated--NC--r0--list_owners,storm_compact,completion_projected,2,0,False,0.2,0.19,91.96875
spring_petclinic_microservices,spring_petclinic_microservices--colocated--NC--r0--list_owners,ours_direct,original,2,0,False,0.1,0.09,34.4296875
spring_petclinic_microservices,spring_petclinic_microservices--colocated--NC--r0--list_owners,ours_direct,completion_projected,2,0,False,0.1,0.09999999999999999,34.25
spring_petclinic_microservices,spring_petclinic_microservices--colocated--NC--r0--list_owners,ours_prepared,original,2,0,False,0.1,0.09999999999999999,34.32421875
spring_petclinic_microservices,spring_petclinic_microservices--colocated--NC--r0--list_owners,ours_prepared,completion_projected,2,0,False,0.1,0.09999999999999999,34.3046875
spring_petclinic_microservices,spring_petclinic_microservices--colocated--NC--r0--list_owners,cudd_fixed,original,2,0,False,0.21,0.19999999999999998,59.57421875
spring_petclinic_microservices,spring_petclinic_microservices--colocated--NC--r0--list_owners,cudd_fixed,completion_projected,2,0,False,0.21,0.21,59.36328125
spring_petclinic_microservices,spring_petclinic_microservices--colocated--NC--r0--list_owners,cudd_sift,original,2,0,False,0.21,0.19999999999999998,59.59375
spring_petclinic_microservices,spring_petclinic_microservices--colocated--NC--r0--list_vets,agrum_conditioned,original,2,0,False,0.13,0.12,45.8984375
spring_petclinic_microservices,spring_petclinic_microservices--colocated--NC--r0--list_vets,agrum_conditioned,completion_projected,2,0,False,0.13,0.12,45.83203125
spring_petclinic_microservices,spring_petclinic_microservices--colocated--NC--r0--list_vets,agrum_joint,original,2,0,False,0.13,0.12,45.8984375
spring_petclinic_microservices,spring_petclinic_microservices--colocated--NC--r0--list_vets,agrum_joint,completion_projected,2,0,False,0.13,0.12,45.625
spring_petclinic_microservices,spring_petclinic_microservices--colocated--NC--r0--list_vets,storm_sparse,original,2,0,False,0.21,0.19999999999999998,91.6953125
spring_petclinic_microservices,spring_petclinic_microservices--colocated--NC--r0--list_vets,storm_sparse,completion_projected,2,0,False,0.21,0.21,91.609375
spring_petclinic_microservices,spring_petclinic_microservices--colocated--NC--r0--list_vets,storm_compact,original,2,0,False,0.2,0.19,92.0078125
spring_petclinic_microservices,spring_petclinic_microservices--colocated--NC--r0--list_vets,storm_compact,completion_projected,2,0,False,0.21,0.19999999999999998,91.73828125
spring_petclinic_microservices,spring_petclinic_microservices--colocated--NC--r0--list_vets,ours_direct,original,2,0,False,0.1,0.09999999999999999,34.28515625
spring_petclinic_microservices,spring_petclinic_microservices--colocated--NC--r0--list_vets,ours_direct,completion_projected,2,0,False,0.1,0.09,34.28125
spring_petclinic_microservices,spring_petclinic_microservices--colocated--NC--r0--list_vets,ours_prepared,original,2,0,False,0.1,0.1,34.33984375
spring_petclinic_microservices,spring_petclinic_microservices--colocated--NC--r0--list_vets,ours_prepared,completion_projected,2,0,False,0.1,0.09999999999999999,34.28515625
spring_petclinic_microservices,spring_petclinic_microservices--colocated--NC--r0--list_vets,cudd_fixed,original,2,0,False,0.21,0.21,59.6015625
spring_petclinic_microservices,spring_petclinic_microservices--colocated--NC--r0--list_vets,cudd_fixed,completion_projected,2,0,False,0.21,0.21,59.5703125
spring_petclinic_microservices,spring_petclinic_microservices--colocated--NC--r0--list_vets,cudd_sift,original,2,0,False,0.21,0.21,59.4453125
spring_petclinic_microservices,spring_petclinic_microservices--colocated--NC--r0--list_vets,cudd_sift,completion_projected,2,0,False,0.22,0.22,59.5234375
spring_petclinic_microservices,spring_petclinic_microservices--colocated--NC--r0--owner_details_with_visits,agrum_conditioned,completion_projected,2,0,False,0.27,0.26,46.01953125
spring_petclinic_microservices,spring_petclinic_microservices--colocated--NC--r0--owner_details_with_visits,agrum_joint,original,2,0,False,0.19,0.19,46.203125
spring_petclinic_microservices,spring_petclinic_microservices--colocated--NC--r0--owner_details_with_visits,agrum_joint,completion_projected,2,0,False,0.18,0.18,46.3828125
spring_petclinic_microservices,spring_petclinic_microservices--colocated--NC--r0--owner_details_with_visits,storm_sparse,original,2,0,False,0.23,0.22999999999999998,93.15234375
spring_petclinic_microservices,spring_petclinic_microservices--colocated--NC--r0--owner_details_with_visits,storm_sparse,completion_projected,2,0,False,0.23,0.22,93.02734375
spring_petclinic_microservices,spring_petclinic_microservices--colocated--NC--r0--owner_details_with_visits,storm_compact,original,2,0,False,0.22,0.21,93.171875
spring_petclinic_microservices,spring_petclinic_microservices--colocated--NC--r0--owner_details_with_visits,storm_compact,completion_projected,2,0,False,0.22,0.21,93.18359375
spring_petclinic_microservices,spring_petclinic_microservices--colocated--NC--r0--owner_details_with_visits,ours_direct,original,2,0,False,0.11,0.11,34.35546875
spring_petclinic_microservices,spring_petclinic_microservices--colocated--NC--r0--owner_details_with_visits,ours_direct,completion_projected,2,0,False,0.11,0.11,34.2890625
spring_petclinic_microservices,spring_petclinic_microservices--colocated--NC--r0--owner_details_with_visits,ours_prepared,original,2,0,False,0.11,0.11,34.37890625
spring_petclinic_microservices,spring_petclinic_microservices--colocated--NC--r0--owner_details_with_visits,ours_prepared,completion_projected,2,0,False,0.11,0.11,34.32421875
spring_petclinic_microservices,spring_petclinic_microservices--colocated--NC--r0--owner_details_with_visits,cudd_fixed,original,2,0,False,0.22,0.21,59.5703125
spring_petclinic_microservices,spring_petclinic_microservices--colocated--NC--r0--owner_details_with_visits,cudd_fixed,completion_projected,2,0,False,0.22,0.21,59.5546875
spring_petclinic_microservices,spring_petclinic_microservices--colocated--NC--r0--owner_details_with_visits,cudd_sift,original,2,0,False,0.22,0.21,59.48046875
spring_petclinic_microservices,spring_petclinic_microservices--colocated--NC--r0--owner_details_with_visits,cudd_sift,completion_projected,2,0,False,0.22,0.21,59.5859375
spring_petclinic_microservices,spring_petclinic_microservices--colocated--NC--r0--owner_details_with_visits,agrum_conditioned,original,2,0,False,0.29,0.28,46.20703125
spring_petclinic_microservices,spring_petclinic_microservices--colocated--NCD--r0--create_visit,agrum_joint,original,2,0,False,0.21,0.2,46.23828125
spring_petclinic_microservices,spring_petclinic_microservices--colocated--NCD--r0--create_visit,agrum_joint,completion_projected,2,0,False,0.2,0.2,46.2421875
spring_petclinic_microservices,spring_petclinic_microservices--colocated--NCD--r0--create_visit,storm_sparse,original,2,0,False,0.23,0.22999999999999998,93.12890625
spring_petclinic_microservices,spring_petclinic_microservices--colocated--NCD--r0--create_visit,storm_sparse,completion_projected,2,0,False,0.23,0.22999999999999998,93.05078125
spring_petclinic_microservices,spring_petclinic_microservices--colocated--NCD--r0--create_visit,storm_compact,original,2,0,False,0.22,0.21,93.140625
spring_petclinic_microservices,spring_petclinic_microservices--colocated--NCD--r0--create_visit,storm_compact,completion_projected,2,0,False,0.22,0.22,93.15625
spring_petclinic_microservices,spring_petclinic_microservices--colocated--NCD--r0--create_visit,ours_direct,original,2,0,False,0.11,0.11,34.29296875
spring_petclinic_microservices,spring_petclinic_microservices--colocated--NCD--r0--create_visit,ours_direct,completion_projected,2,0,False,0.12,0.11,34.3828125
spring_petclinic_microservices,spring_petclinic_microservices--colocated--NCD--r0--create_visit,ours_prepared,original,2,0,False,0.11,0.11,34.41796875
spring_petclinic_microservices,spring_petclinic_microservices--colocated--NCD--r0--create_visit,ours_prepared,completion_projected,2,0,False,0.11,0.11,34.3359375
spring_petclinic_microservices,spring_petclinic_microservices--colocated--NCD--r0--create_visit,cudd_fixed,original,2,0,False,0.22,0.22,59.53515625
spring_petclinic_microservices,spring_petclinic_microservices--colocated--NCD--r0--create_visit,cudd_fixed,completion_projected,2,0,False,0.22,0.21,59.63671875
spring_petclinic_microservices,spring_petclinic_microservices--colocated--NCD--r0--create_visit,cudd_sift,original,2,0,False,0.23,0.22,59.58984375
spring_petclinic_microservices,spring_petclinic_microservices--colocated--NCD--r0--create_visit,cudd_sift,completion_projected,2,0,False,0.22,0.22,59.6015625
spring_petclinic_microservices,spring_petclinic_microservices--colocated--NCD--r0--create_visit,agrum_conditioned,original,2,0,False,0.33,0.32,46.1171875
spring_petclinic_microservices,spring_petclinic_microservices--colocated--NCD--r0--create_visit,agrum_conditioned,completion_projected,2,0,False,0.32,0.32,46.03125
spring_petclinic_microservices,spring_petclinic_microservices--colocated--NCD--r0--list_owners,agrum_joint,completion_projected,2,0,False,0.13,0.13,45.85546875
spring_petclinic_microservices,spring_petclinic_microservices--colocated--NCD--r0--list_owners,storm_sparse,original,2,0,False,0.21,0.2,91.83984375
spring_petclinic_microservices,spring_petclinic_microservices--colocated--NCD--r0--list_owners,storm_sparse,completion_projected,2,0,False,0.21,0.19999999999999998,91.9296875
spring_petclinic_microservices,spring_petclinic_microservices--colocated--NCD--r0--list_owners,storm_compact,original,2,0,False,0.21,0.19999999999999998,91.93359375
spring_petclinic_microservices,spring_petclinic_microservices--colocated--NCD--r0--list_owners,storm_compact,completion_projected,2,0,False,0.21,0.21,91.7734375
spring_petclinic_microservices,spring_petclinic_microservices--colocated--NCD--r0--list_owners,ours_direct,original,2,0,False,0.1,0.09,34.18359375
spring_petclinic_microservices,spring_petclinic_microservices--colocated--NCD--r0--list_owners,ours_direct,completion_projected,2,0,False,0.1,0.09999999999999999,34.25390625
spring_petclinic_microservices,spring_petclinic_microservices--colocated--NCD--r0--list_owners,ours_prepared,original,2,0,False,0.1,0.09999999999999999,34.3046875
spring_petclinic_microservices,spring_petclinic_microservices--colocated--NCD--r0--list_owners,ours_prepared,completion_projected,2,0,False,0.1,0.09,34.21484375
spring_petclinic_microservices,spring_petclinic_microservices--colocated--NCD--r0--list_owners,cudd_fixed,original,2,0,False,0.21,0.19999999999999998,59.578125
spring_petclinic_microservices,spring_petclinic_microservices--colocated--NCD--r0--list_owners,cudd_fixed,completion_projected,2,0,False,0.21,0.2,59.40234375
spring_petclinic_microservices,spring_petclinic_microservices--colocated--NCD--r0--list_owners,cudd_sift,original,2,0,False,0.21,0.2,59.4375
spring_petclinic_microservices,spring_petclinic_microservices--colocated--NCD--r0--list_owners,cudd_sift,completion_projected,2,0,False,0.21,0.21,59.50390625
spring_petclinic_microservices,spring_petclinic_microservices--colocated--NCD--r0--list_owners,agrum_conditioned,original,2,0,False,0.13,0.13,46.01171875
spring_petclinic_microservices,spring_petclinic_microservices--colocated--NCD--r0--list_owners,agrum_conditioned,completion_projected,2,0,False,0.13,0.13,45.7890625
spring_petclinic_microservices,spring_petclinic_microservices--colocated--NCD--r0--list_owners,agrum_joint,original,2,0,False,0.13,0.13,46.0078125
spring_petclinic_microservices,spring_petclinic_microservices--colocated--NCD--r0--list_vets,storm_sparse,original,2,0,False,0.21,0.2,91.71875
spring_petclinic_microservices,spring_petclinic_microservices--colocated--NCD--r0--list_vets,storm_sparse,completion_projected,2,0,False,0.2,0.19999999999999998,91.78125
spring_petclinic_microservices,spring_petclinic_microservices--colocated--NCD--r0--list_vets,storm_compact,original,2,0,False,0.2,0.2,91.80078125
spring_petclinic_microservices,spring_petclinic_microservices--colocated--NCD--r0--list_vets,storm_compact,completion_projected,2,0,False,0.21,0.21,91.7734375
spring_petclinic_microservices,spring_petclinic_microservices--colocated--NCD--r0--list_vets,ours_direct,original,2,0,False,0.1,0.09999999999999999,34.20703125
spring_petclinic_microservices,spring_petclinic_microservices--colocated--NCD--r0--list_vets,ours_direct,completion_projected,2,0,False,0.1,0.09999999999999999,34.19921875
spring_petclinic_microservices,spring_petclinic_microservices--colocated--NCD--r0--list_vets,ours_prepared,original,2,0,False,0.1,0.09,34.3125
spring_petclinic_microservices,spring_petclinic_microservices--colocated--NCD--r0--list_vets,ours_prepared,completion_projected,2,0,False,0.1,0.09999999999999999,34.2890625
spring_petclinic_microservices,spring_petclinic_microservices--colocated--NCD--r0--list_vets,cudd_fixed,original,2,0,False,0.21,0.19999999999999998,59.44140625
spring_petclinic_microservices,spring_petclinic_microservices--colocated--NCD--r0--list_vets,cudd_fixed,completion_projected,2,0,False,0.21,0.21,59.44921875
spring_petclinic_microservices,spring_petclinic_microservices--colocated--NCD--r0--list_vets,cudd_sift,original,2,0,False,0.21,0.21,59.46484375
spring_petclinic_microservices,spring_petclinic_microservices--colocated--NCD--r0--list_vets,cudd_sift,completion_projected,2,0,False,0.21,0.21,59.390625
spring_petclinic_microservices,spring_petclinic_microservices--colocated--NCD--r0--list_vets,agrum_conditioned,original,2,0,False,0.13,0.12,45.875
spring_petclinic_microservices,spring_petclinic_microservices--colocated--NCD--r0--list_vets,agrum_conditioned,completion_projected,2,0,False,0.13,0.12,45.85546875
spring_petclinic_microservices,spring_petclinic_microservices--colocated--NCD--r0--list_vets,agrum_joint,original,2,0,False,0.13,0.12,45.796875
spring_petclinic_microservices,spring_petclinic_microservices--colocated--NCD--r0--list_vets,agrum_joint,completion_projected,2,0,False,0.13,0.12,45.859375
spring_petclinic_microservices,spring_petclinic_microservices--colocated--NCD--r0--owner_details_with_visits,storm_sparse,completion_projected,2,0,False,0.23,0.22,93.09765625
spring_petclinic_microservices,spring_petclinic_microservices--colocated--NCD--r0--owner_details_with_visits,storm_compact,original,2,0,False,0.22,0.21000000000000002,92.953125
spring_petclinic_microservices,spring_petclinic_microservices--colocated--NCD--r0--owner_details_with_visits,storm_compact,completion_projected,2,0,False,0.22,0.21,93.26171875
spring_petclinic_microservices,spring_petclinic_microservices--colocated--NCD--r0--owner_details_with_visits,ours_direct,original,2,0,False,0.11,0.11,34.234375
spring_petclinic_microservices,spring_petclinic_microservices--colocated--NCD--r0--owner_details_with_visits,ours_direct,completion_projected,2,0,False,0.11,0.1,34.3359375
spring_petclinic_microservices,spring_petclinic_microservices--colocated--NCD--r0--owner_details_with_visits,ours_prepared,original,2,0,False,0.11,0.11,34.3046875
spring_petclinic_microservices,spring_petclinic_microservices--colocated--NCD--r0--owner_details_with_visits,ours_prepared,completion_projected,2,0,False,0.11,0.09999999999999999,34.36328125
spring_petclinic_microservices,spring_petclinic_microservices--colocated--NCD--r0--owner_details_with_visits,cudd_fixed,original,2,0,False,0.22,0.22,59.5546875
spring_petclinic_microservices,spring_petclinic_microservices--colocated--NCD--r0--owner_details_with_visits,cudd_fixed,completion_projected,2,0,False,0.22,0.22,59.51171875
spring_petclinic_microservices,spring_petclinic_microservices--colocated--NCD--r0--owner_details_with_visits,cudd_sift,original,2,0,False,0.22,0.22,59.421875
spring_petclinic_microservices,spring_petclinic_microservices--colocated--NCD--r0--owner_details_with_visits,cudd_sift,completion_projected,2,0,False,0.22,0.22,59.61328125
spring_petclinic_microservices,spring_petclinic_microservices--colocated--NCD--r0--owner_details_with_visits,agrum_conditioned,original,2,0,False,0.32,0.31,46.296875
spring_petclinic_microservices,spring_petclinic_microservices--colocated--NCD--r0--owner_details_with_visits,agrum_conditioned,completion_projected,2,0,False,0.29,0.29000000000000004,46.21484375
spring_petclinic_microservices,spring_petclinic_microservices--colocated--NCD--r0--owner_details_with_visits,agrum_joint,original,2,0,False,0.2,0.19999999999999998,46.328125
spring_petclinic_microservices,spring_petclinic_microservices--colocated--NCD--r0--owner_details_with_visits,agrum_joint,completion_projected,2,0,False,0.19,0.19,46.3515625
spring_petclinic_microservices,spring_petclinic_microservices--colocated--NCD--r0--owner_details_with_visits,storm_sparse,original,2,0,False,0.24,0.22999999999999998,93.12109375
spring_petclinic_microservices,spring_petclinic_microservices--colocated--ND--r0--create_visit,storm_compact,original,2,0,False,0.22,0.22,92.984375
spring_petclinic_microservices,spring_petclinic_microservices--colocated--ND--r0--create_visit,storm_compact,completion_projected,2,0,False,0.22,0.22,93.09765625
spring_petclinic_microservices,spring_petclinic_microservices--colocated--ND--r0--create_visit,ours_direct,original,2,0,False,0.11,0.11,34.30078125
spring_petclinic_microservices,spring_petclinic_microservices--colocated--ND--r0--create_visit,ours_direct,completion_projected,2,0,False,0.11,0.11,34.2734375
spring_petclinic_microservices,spring_petclinic_microservices--colocated--ND--r0--create_visit,ours_prepared,original,2,0,False,0.11,0.11,34.25390625
spring_petclinic_microservices,spring_petclinic_microservices--colocated--ND--r0--create_visit,ours_prepared,completion_projected,2,0,False,0.11,0.11,34.3671875
spring_petclinic_microservices,spring_petclinic_microservices--colocated--ND--r0--create_visit,cudd_fixed,original,2,0,False,0.23,0.22,59.48828125
spring_petclinic_microservices,spring_petclinic_microservices--colocated--ND--r0--create_visit,cudd_fixed,completion_projected,2,0,False,0.22,0.22,59.57421875
spring_petclinic_microservices,spring_petclinic_microservices--colocated--ND--r0--create_visit,cudd_sift,original,2,0,False,0.23,0.23,59.58203125
spring_petclinic_microservices,spring_petclinic_microservices--colocated--ND--r0--create_visit,cudd_sift,completion_projected,2,0,False,0.22,0.22,59.59375
spring_petclinic_microservices,spring_petclinic_microservices--colocated--ND--r0--create_visit,agrum_conditioned,original,2,0,False,0.3,0.29000000000000004,46.10546875
spring_petclinic_microservices,spring_petclinic_microservices--colocated--ND--r0--create_visit,agrum_conditioned,completion_projected,2,0,False,0.29,0.29000000000000004,46.0859375
spring_petclinic_microservices,spring_petclinic_microservices--colocated--ND--r0--create_visit,agrum_joint,original,2,0,False,0.2,0.19,46.171875
spring_petclinic_microservices,spring_petclinic_microservices--colocated--ND--r0--create_visit,agrum_joint,completion_projected,2,0,False,0.19,0.18000000000000002,46.2421875
spring_petclinic_microservices,spring_petclinic_microservices--colocated--ND--r0--create_visit,storm_sparse,original,2,0,False,0.23,0.22999999999999998,93.078125
spring_petclinic_microservices,spring_petclinic_microservices--colocated--ND--r0--create_visit,storm_sparse,completion_projected,2,0,False,0.23,0.22,93.04296875
spring_petclinic_microservices,spring_petclinic_microservices--colocated--ND--r0--list_owners,storm_compact,completion_projected,2,0,False,0.21,0.21,91.828125
spring_petclinic_microservices,spring_petclinic_microservices--colocated--ND--r0--list_owners,ours_direct,original,2,0,False,0.1,0.09,34.234375
spring_petclinic_microservices,spring_petclinic_microservices--colocated--ND--r0--list_owners,ours_direct,completion_projected,2,0,False,0.11,0.09999999999999999,34.3125
spring_petclinic_microservices,spring_petclinic_microservices--colocated--ND--r0--list_owners,ours_prepared,original,2,0,False,0.1,0.09999999999999999,34.3125
spring_petclinic_microservices,spring_petclinic_microservices--colocated--ND--r0--list_owners,ours_prepared,completion_projected,2,0,False,0.1,0.09999999999999999,34.28125
spring_petclinic_microservices,spring_petclinic_microservices--colocated--ND--r0--list_owners,cudd_fixed,original,2,0,False,0.21,0.19999999999999998,59.45703125
spring_petclinic_microservices,spring_petclinic_microservices--colocated--ND--r0--list_owners,cudd_fixed,completion_projected,2,0,False,0.21,0.19999999999999998,59.40625
spring_petclinic_microservices,spring_petclinic_microservices--colocated--ND--r0--list_owners,cudd_sift,original,2,0,False,0.21,0.19999999999999998,59.5234375
spring_petclinic_microservices,spring_petclinic_microservices--colocated--ND--r0--list_owners,cudd_sift,completion_projected,2,0,False,0.22,0.21,59.40625
spring_petclinic_microservices,spring_petclinic_microservices--colocated--ND--r0--list_owners,agrum_conditioned,original,2,0,False,0.13,0.12,45.93359375
spring_petclinic_microservices,spring_petclinic_microservices--colocated--ND--r0--list_owners,agrum_conditioned,completion_projected,2,0,False,0.13,0.12,45.80078125
spring_petclinic_microservices,spring_petclinic_microservices--colocated--ND--r0--list_owners,agrum_joint,original,2,0,False,0.13,0.12,45.8828125
spring_petclinic_microservices,spring_petclinic_microservices--colocated--ND--r0--list_owners,agrum_joint,completion_projected,2,0,False,0.13,0.12,45.64453125
spring_petclinic_microservices,spring_petclinic_microservices--colocated--ND--r0--list_owners,storm_sparse,original,2,0,False,0.2,0.19999999999999998,91.953125
spring_petclinic_microservices,spring_petclinic_microservices--colocated--ND--r0--list_owners,storm_sparse,completion_projected,2,0,False,0.21,0.19999999999999998,91.8671875
spring_petclinic_microservices,spring_petclinic_microservices--colocated--ND--r0--list_owners,storm_compact,original,2,0,False,0.21,0.19999999999999998,91.90234375
spring_petclinic_microservices,spring_petclinic_microservices--colocated--ND--r0--list_vets,ours_direct,original,2,0,False,0.1,0.09999999999999999,34.23828125
spring_petclinic_microservices,spring_petclinic_microservices--colocated--ND--r0--list_vets,ours_direct,completion_projected,2,0,False,0.1,0.09999999999999999,34.29296875
spring_petclinic_microservices,spring_petclinic_microservices--colocated--ND--r0--list_vets,ours_prepared,original,2,0,False,0.1,0.09,34.2109375
spring_petclinic_microservices,spring_petclinic_microservices--colocated--ND--r0--list_vets,ours_prepared,completion_projected,2,0,False,0.1,0.1,34.22265625
spring_petclinic_microservices,spring_petclinic_microservices--colocated--ND--r0--list_vets,cudd_fixed,original,2,0,False,0.21,0.2,59.57421875
spring_petclinic_microservices,spring_petclinic_microservices--colocated--ND--r0--list_vets,cudd_fixed,completion_projected,2,0,False,0.22,0.21,59.4453125
spring_petclinic_microservices,spring_petclinic_microservices--colocated--ND--r0--list_vets,cudd_sift,original,2,0,False,0.21,0.21,59.296875
spring_petclinic_microservices,spring_petclinic_microservices--colocated--ND--r0--list_vets,cudd_sift,completion_projected,2,0,False,0.22,0.21,59.578125
spring_petclinic_microservices,spring_petclinic_microservices--colocated--ND--r0--list_vets,agrum_conditioned,original,2,0,False,0.13,0.12,45.87890625
spring_petclinic_microservices,spring_petclinic_microservices--colocated--ND--r0--list_vets,agrum_conditioned,completion_projected,2,0,False,0.13,0.12,45.6484375
spring_petclinic_microservices,spring_petclinic_microservices--colocated--ND--r0--list_vets,agrum_joint,original,2,0,False,0.13,0.12,45.8828125
spring_petclinic_microservices,spring_petclinic_microservices--colocated--ND--r0--list_vets,agrum_joint,completion_projected,2,0,False,0.13,0.13,45.859375
spring_petclinic_microservices,spring_petclinic_microservices--colocated--ND--r0--list_vets,storm_sparse,original,2,0,False,0.21,0.19999999999999998,91.83203125
spring_petclinic_microservices,spring_petclinic_microservices--colocated--ND--r0--list_vets,storm_sparse,completion_projected,2,0,False,0.21,0.21,91.94140625
spring_petclinic_microservices,spring_petclinic_microservices--colocated--ND--r0--list_vets,storm_compact,original,2,0,False,0.21,0.2,91.9609375
spring_petclinic_microservices,spring_petclinic_microservices--colocated--ND--r0--list_vets,storm_compact,completion_projected,2,0,False,0.21,0.2,91.8984375
spring_petclinic_microservices,spring_petclinic_microservices--colocated--ND--r0--owner_details_with_visits,ours_direct,completion_projected,2,0,False,0.11,0.1,34.390625
spring_petclinic_microservices,spring_petclinic_microservices--colocated--ND--r0--owner_details_with_visits,ours_prepared,original,2,0,False,0.11,0.11,34.2734375
spring_petclinic_microservices,spring_petclinic_microservices--colocated--ND--r0--owner_details_with_visits,ours_prepared,completion_projected,2,0,False,0.11,0.11,34.40234375
spring_petclinic_microservices,spring_petclinic_microservices--colocated--ND--r0--owner_details_with_visits,cudd_fixed,original,2,0,False,0.22,0.21,59.59765625
spring_petclinic_microservices,spring_petclinic_microservices--colocated--ND--r0--owner_details_with_visits,cudd_fixed,completion_projected,2,0,False,0.22,0.22,59.61328125
spring_petclinic_microservices,spring_petclinic_microservices--colocated--ND--r0--owner_details_with_visits,cudd_sift,original,2,0,False,0.22,0.21,59.609375
spring_petclinic_microservices,spring_petclinic_microservices--colocated--ND--r0--owner_details_with_visits,cudd_sift,completion_projected,2,0,False,0.22,0.21,59.61328125
spring_petclinic_microservices,spring_petclinic_microservices--colocated--ND--r0--owner_details_with_visits,agrum_conditioned,original,2,0,False,0.32,0.31,46.234375
spring_petclinic_microservices,spring_petclinic_microservices--colocated--ND--r0--owner_details_with_visits,agrum_conditioned,completion_projected,2,0,False,0.29,0.29000000000000004,46.2109375
spring_petclinic_microservices,spring_petclinic_microservices--colocated--ND--r0--owner_details_with_visits,agrum_joint,original,2,0,False,0.2,0.19,46.3671875
spring_petclinic_microservices,spring_petclinic_microservices--colocated--ND--r0--owner_details_with_visits,agrum_joint,completion_projected,2,0,False,0.19,0.19,46.3046875
spring_petclinic_microservices,spring_petclinic_microservices--colocated--ND--r0--owner_details_with_visits,storm_sparse,original,2,0,False,0.23,0.22999999999999998,93.03125
spring_petclinic_microservices,spring_petclinic_microservices--colocated--ND--r0--owner_details_with_visits,storm_sparse,completion_projected,2,0,False,0.23,0.23,92.87109375
spring_petclinic_microservices,spring_petclinic_microservices--colocated--ND--r0--owner_details_with_visits,storm_compact,original,2,0,False,0.22,0.22,93.13671875
spring_petclinic_microservices,spring_petclinic_microservices--colocated--ND--r0--owner_details_with_visits,storm_compact,completion_projected,2,0,False,0.22,0.22,92.9921875
spring_petclinic_microservices,spring_petclinic_microservices--colocated--ND--r0--owner_details_with_visits,ours_direct,original,2,0,False,0.11,0.11,34.40625
spring_petclinic_microservices,spring_petclinic_microservices--split--N--r0--create_visit,ours_prepared,original,2,0,False,0.11,0.11,34.3046875
spring_petclinic_microservices,spring_petclinic_microservices--split--N--r0--create_visit,ours_prepared,completion_projected,2,0,False,0.11,0.11,34.34375
spring_petclinic_microservices,spring_petclinic_microservices--split--N--r0--create_visit,cudd_fixed,original,2,0,False,0.22,0.21,59.5390625
spring_petclinic_microservices,spring_petclinic_microservices--split--N--r0--create_visit,cudd_fixed,completion_projected,2,0,False,0.22,0.21,59.390625
spring_petclinic_microservices,spring_petclinic_microservices--split--N--r0--create_visit,cudd_sift,original,2,0,False,0.22,0.21,59.46875
spring_petclinic_microservices,spring_petclinic_microservices--split--N--r0--create_visit,cudd_sift,completion_projected,2,0,False,0.22,0.21,59.6015625
spring_petclinic_microservices,spring_petclinic_microservices--split--N--r0--create_visit,agrum_conditioned,original,2,0,False,0.25,0.24000000000000002,46.34765625
spring_petclinic_microservices,spring_petclinic_microservices--split--N--r0--create_visit,agrum_conditioned,completion_projected,2,0,False,0.24,0.24000000000000002,46.20703125
spring_petclinic_microservices,spring_petclinic_microservices--split--N--r0--create_visit,agrum_joint,original,2,0,False,0.18,0.17,46.22265625
spring_petclinic_microservices,spring_petclinic_microservices--split--N--r0--create_visit,agrum_joint,completion_projected,2,0,False,0.18,0.17,46.19140625
spring_petclinic_microservices,spring_petclinic_microservices--split--N--r0--create_visit,storm_sparse,original,2,0,False,0.22,0.21000000000000002,92.98046875
spring_petclinic_microservices,spring_petclinic_microservices--split--N--r0--create_visit,storm_sparse,completion_projected,2,0,False,0.22,0.21,93.03125
spring_petclinic_microservices,spring_petclinic_microservices--split--N--r0--create_visit,storm_compact,original,2,0,False,0.22,0.21,93.0703125
spring_petclinic_microservices,spring_petclinic_microservices--split--N--r0--create_visit,storm_compact,completion_projected,2,0,False,0.22,0.22,93.078125
spring_petclinic_microservices,spring_petclinic_microservices--split--N--r0--create_visit,ours_direct,original,2,0,False,0.11,0.11,34.26171875
spring_petclinic_microservices,spring_petclinic_microservices--split--N--r0--create_visit,ours_direct,completion_projected,2,0,False,0.11,0.11,34.18359375
spring_petclinic_microservices,spring_petclinic_microservices--split--N--r0--list_owners,ours_prepared,completion_projected,2,0,False,0.1,0.09999999999999999,34.2421875
spring_petclinic_microservices,spring_petclinic_microservices--split--N--r0--list_owners,cudd_fixed,original,2,0,False,0.21,0.19999999999999998,59.5546875
spring_petclinic_microservices,spring_petclinic_microservices--split--N--r0--list_owners,cudd_fixed,completion_projected,2,0,False,0.22,0.21000000000000002,59.4609375
spring_petclinic_microservices,spring_petclinic_microservices--split--N--r0--list_owners,cudd_sift,original,2,0,False,0.21,0.21,59.359375
spring_petclinic_microservices,spring_petclinic_microservices--split--N--r0--list_owners,cudd_sift,completion_projected,2,0,False,0.21,0.21,59.57421875
spring_petclinic_microservices,spring_petclinic_microservices--split--N--r0--list_owners,agrum_conditioned,original,2,0,False,0.13,0.13,45.89453125
spring_petclinic_microservices,spring_petclinic_microservices--split--N--r0--list_owners,agrum_conditioned,completion_projected,2,0,False,0.13,0.12,45.7421875
spring_petclinic_microservices,spring_petclinic_microservices--split--N--r0--list_owners,agrum_joint,original,2,0,False,0.13,0.12,45.94921875
spring_petclinic_microservices,spring_petclinic_microservices--split--N--r0--list_owners,agrum_joint,completion_projected,2,0,False,0.13,0.12,45.7734375
spring_petclinic_microservices,spring_petclinic_microservices--split--N--r0--list_owners,storm_sparse,original,2,0,False,0.21,0.21,91.87890625
spring_petclinic_microservices,spring_petclinic_microservices--split--N--r0--list_owners,storm_sparse,completion_projected,2,0,False,0.21,0.21,91.87890625
spring_petclinic_microservices,spring_petclinic_microservices--split--N--r0--list_owners,storm_compact,original,2,0,False,0.21,0.19999999999999998,91.8828125
spring_petclinic_microservices,spring_petclinic_microservices--split--N--r0--list_owners,storm_compact,completion_projected,2,0,False,0.21,0.2,91.71875
spring_petclinic_microservices,spring_petclinic_microservices--split--N--r0--list_owners,ours_direct,original,2,0,False,0.1,0.09999999999999999,34.31640625
spring_petclinic_microservices,spring_petclinic_microservices--split--N--r0--list_owners,ours_direct,completion_projected,2,0,False,0.1,0.09999999999999999,34.0546875
spring_petclinic_microservices,spring_petclinic_microservices--split--N--r0--list_owners,ours_prepared,original,2,0,False,0.1,0.09999999999999999,34.07421875
spring_petclinic_microservices,spring_petclinic_microservices--split--N--r0--list_vets,cudd_fixed,original,2,0,False,0.21,0.21,59.46484375
spring_petclinic_microservices,spring_petclinic_microservices--split--N--r0--list_vets,cudd_fixed,completion_projected,2,0,False,0.21,0.21,59.578125
spring_petclinic_microservices,spring_petclinic_microservices--split--N--r0--list_vets,cudd_sift,original,2,0,False,0.22,0.19999999999999998,59.5234375
spring_petclinic_microservices,spring_petclinic_microservices--split--N--r0--list_vets,cudd_sift,completion_projected,2,0,False,0.21,0.21,59.47265625
spring_petclinic_microservices,spring_petclinic_microservices--split--N--r0--list_vets,agrum_conditioned,original,2,0,False,0.13,0.12,45.87890625
spring_petclinic_microservices,spring_petclinic_microservices--split--N--r0--list_vets,agrum_conditioned,completion_projected,2,0,False,0.13,0.12,45.78125
spring_petclinic_microservices,spring_petclinic_microservices--split--N--r0--list_vets,agrum_joint,original,2,0,False,0.13,0.13,45.9296875
spring_petclinic_microservices,spring_petclinic_microservices--split--N--r0--list_vets,agrum_joint,completion_projected,2,0,False,0.13,0.13,45.6328125
spring_petclinic_microservices,spring_petclinic_microservices--split--N--r0--list_vets,storm_sparse,original,2,0,False,0.21,0.21,91.74609375
spring_petclinic_microservices,spring_petclinic_microservices--split--N--r0--list_vets,storm_sparse,completion_projected,2,0,False,0.2,0.19999999999999998,91.76953125
spring_petclinic_microservices,spring_petclinic_microservices--split--N--r0--list_vets,storm_compact,original,2,0,False,0.21,0.19999999999999998,91.7890625
spring_petclinic_microservices,spring_petclinic_microservices--split--N--r0--list_vets,storm_compact,completion_projected,2,0,False,0.2,0.19,91.90625
spring_petclinic_microservices,spring_petclinic_microservices--split--N--r0--list_vets,ours_direct,original,2,0,False,0.1,0.09999999999999999,34.296875
spring_petclinic_microservices,spring_petclinic_microservices--split--N--r0--list_vets,ours_direct,completion_projected,2,0,False,0.1,0.09999999999999999,34.24609375
spring_petclinic_microservices,spring_petclinic_microservices--split--N--r0--list_vets,ours_prepared,original,2,0,False,0.1,0.09999999999999999,34.30078125
spring_petclinic_microservices,spring_petclinic_microservices--split--N--r0--list_vets,ours_prepared,completion_projected,2,0,False,0.1,0.09,34.29296875
spring_petclinic_microservices,spring_petclinic_microservices--split--N--r0--owner_details_with_visits,cudd_fixed,completion_projected,2,0,False,0.22,0.22,59.58984375
spring_petclinic_microservices,spring_petclinic_microservices--split--N--r0--owner_details_with_visits,cudd_sift,original,2,0,False,0.22,0.22,59.59765625
spring_petclinic_microservices,spring_petclinic_microservices--split--N--r0--owner_details_with_visits,cudd_sift,completion_projected,2,0,False,0.22,0.21000000000000002,59.4296875
spring_petclinic_microservices,spring_petclinic_microservices--split--N--r0--owner_details_with_visits,agrum_conditioned,original,2,0,False,0.29,0.28,46.22265625
spring_petclinic_microservices,spring_petclinic_microservices--split--N--r0--owner_details_with_visits,agrum_conditioned,completion_projected,2,0,False,0.27,0.27,46.01953125
spring_petclinic_microservices,spring_petclinic_microservices--split--N--r0--owner_details_with_visits,agrum_joint,original,2,0,False,0.19,0.19,46.23828125
spring_petclinic_microservices,spring_petclinic_microservices--split--N--r0--owner_details_with_visits,agrum_joint,completion_projected,2,0,False,0.19,0.18000000000000002,46.2890625
spring_petclinic_microservices,spring_petclinic_microservices--split--N--r0--owner_details_with_visits,storm_sparse,original,2,0,False,0.23,0.22999999999999998,93.20703125
spring_petclinic_microservices,spring_petclinic_microservices--split--N--r0--owner_details_with_visits,storm_sparse,completion_projected,2,0,False,0.23,0.22,93.16015625
spring_petclinic_microservices,spring_petclinic_microservices--split--N--r0--owner_details_with_visits,storm_compact,original,2,0,False,0.22,0.22,93.11328125
spring_petclinic_microservices,spring_petclinic_microservices--split--N--r0--owner_details_with_visits,storm_compact,completion_projected,2,0,False,0.22,0.22,92.984375
spring_petclinic_microservices,spring_petclinic_microservices--split--N--r0--owner_details_with_visits,ours_direct,original,2,0,False,0.11,0.11,34.37890625
spring_petclinic_microservices,spring_petclinic_microservices--split--N--r0--owner_details_with_visits,ours_direct,completion_projected,2,0,False,0.11,0.11,34.2578125
spring_petclinic_microservices,spring_petclinic_microservices--split--N--r0--owner_details_with_visits,ours_prepared,original,2,0,False,0.11,0.09999999999999999,34.36328125
spring_petclinic_microservices,spring_petclinic_microservices--split--N--r0--owner_details_with_visits,ours_prepared,completion_projected,2,0,False,0.11,0.1,34.265625
spring_petclinic_microservices,spring_petclinic_microservices--split--N--r0--owner_details_with_visits,cudd_fixed,original,2,0,False,0.21,0.21,59.45703125
spring_petclinic_microservices,spring_petclinic_microservices--split--NC--r0--create_visit,cudd_sift,original,2,0,False,0.22,0.21,59.4296875
spring_petclinic_microservices,spring_petclinic_microservices--split--NC--r0--create_visit,cudd_sift,completion_projected,2,0,False,0.22,0.22,59.58984375
spring_petclinic_microservices,spring_petclinic_microservices--split--NC--r0--create_visit,agrum_conditioned,original,2,0,False,0.32,0.31,46.13671875
spring_petclinic_microservices,spring_petclinic_microservices--split--NC--r0--create_visit,agrum_conditioned,completion_projected,2,0,False,0.29,0.29000000000000004,46.015625
spring_petclinic_microservices,spring_petclinic_microservices--split--NC--r0--create_visit,agrum_joint,original,2,0,False,0.21,0.2,46.0390625
spring_petclinic_microservices,spring_petclinic_microservices--split--NC--r0--create_visit,agrum_joint,completion_projected,2,0,False,0.19,0.19,46.19140625
spring_petclinic_microservices,spring_petclinic_microservices--split--NC--r0--create_visit,storm_sparse,original,2,0,False,0.24,0.22999999999999998,92.98828125
spring_petclinic_microservices,spring_petclinic_microservices--split--NC--r0--create_visit,storm_sparse,completion_projected,2,0,False,0.23,0.22,93.0625
spring_petclinic_microservices,spring_petclinic_microservices--split--NC--r0--create_visit,storm_compact,original,2,0,False,0.22,0.22,93.15625
spring_petclinic_microservices,spring_petclinic_microservices--split--NC--r0--create_visit,storm_compact,completion_projected,2,0,False,0.22,0.21,93.01171875
spring_petclinic_microservices,spring_petclinic_microservices--split--NC--r0--create_visit,ours_direct,original,2,0,False,0.11,0.11,34.2734375
spring_petclinic_microservices,spring_petclinic_microservices--split--NC--r0--create_visit,ours_direct,completion_projected,2,0,False,0.11,0.11,34.30859375
spring_petclinic_microservices,spring_petclinic_microservices--split--NC--r0--create_visit,ours_prepared,original,2,0,False,0.11,0.11,34.40625
spring_petclinic_microservices,spring_petclinic_microservices--split--NC--r0--create_visit,ours_prepared,completion_projected,2,0,False,0.11,0.11,34.3984375
spring_petclinic_microservices,spring_petclinic_microservices--split--NC--r0--create_visit,cudd_fixed,original,2,0,False,0.22,0.22,59.48046875
spring_petclinic_microservices,spring_petclinic_microservices--split--NC--r0--create_visit,cudd_fixed,completion_projected,2,0,False,0.22,0.21,59.6171875
spring_petclinic_microservices,spring_petclinic_microservices--split--NC--r0--list_owners,cudd_sift,completion_projected,2,0,False,0.21,0.21,59.578125
spring_petclinic_microservices,spring_petclinic_microservices--split--NC--r0--list_owners,agrum_conditioned,original,2,0,False,0.13,0.13,46.00390625
spring_petclinic_microservices,spring_petclinic_microservices--split--NC--r0--list_owners,agrum_conditioned,completion_projected,2,0,False,0.13,0.13,45.87109375
spring_petclinic_microservices,spring_petclinic_microservices--split--NC--r0--list_owners,agrum_joint,original,2,0,False,0.13,0.13,45.96875
spring_petclinic_microservices,spring_petclinic_microservices--split--NC--r0--list_owners,agrum_joint,completion_projected,2,0,False,0.13,0.12,45.81640625
spring_petclinic_microservices,spring_petclinic_microservices--split--NC--r0--list_owners,storm_sparse,original,2,0,False,0.21,0.19999999999999998,91.66796875
spring_petclinic_microservices,spring_petclinic_microservices--split--NC--r0--list_owners,storm_sparse,completion_projected,2,0,False,0.21,0.21,91.77734375
spring_petclinic_microservices,spring_petclinic_microservices--split--NC--r0--list_owners,storm_compact,original,2,0,False,0.21,0.21,91.9765625
spring_petclinic_microservices,spring_petclinic_microservices--split--NC--r0--list_owners,storm_compact,completion_projected,2,0,False,0.21,0.19999999999999998,91.79296875
spring_petclinic_microservices,spring_petclinic_microservices--split--NC--r0--list_owners,ours_direct,original,2,0,False,0.1,0.09999999999999999,34.2109375
spring_petclinic_microservices,spring_petclinic_microservices--split--NC--r0--list_owners,ours_direct,completion_projected,2,0,False,0.1,0.09999999999999999,34.35546875
spring_petclinic_microservices,spring_petclinic_microservices--split--NC--r0--list_owners,ours_prepared,original,2,0,False,0.1,0.09999999999999999,34.234375
spring_petclinic_microservices,spring_petclinic_microservices--split--NC--r0--list_owners,ours_prepared,completion_projected,2,0,False,0.1,0.09999999999999999,34.21484375
spring_petclinic_microservices,spring_petclinic_microservices--split--NC--r0--list_owners,cudd_fixed,original,2,0,False,0.21,0.21,59.48046875
spring_petclinic_microservices,spring_petclinic_microservices--split--NC--r0--list_owners,cudd_fixed,completion_projected,2,0,False,0.21,0.19999999999999998,59.58984375
spring_petclinic_microservices,spring_petclinic_microservices--split--NC--r0--list_owners,cudd_sift,original,2,0,False,0.22,0.21,59.609375
spring_petclinic_microservices,spring_petclinic_microservices--split--NC--r0--list_vets,agrum_conditioned,original,2,0,False,0.13,0.13,45.91015625
spring_petclinic_microservices,spring_petclinic_microservices--split--NC--r0--list_vets,agrum_conditioned,completion_projected,2,0,False,0.13,0.13,45.83984375
spring_petclinic_microservices,spring_petclinic_microservices--split--NC--r0--list_vets,agrum_joint,original,2,0,False,0.13,0.12,45.87109375
spring_petclinic_microservices,spring_petclinic_microservices--split--NC--r0--list_vets,agrum_joint,completion_projected,2,0,False,0.13,0.12,45.78125
spring_petclinic_microservices,spring_petclinic_microservices--split--NC--r0--list_vets,storm_sparse,original,2,0,False,0.21,0.2,91.84375
spring_petclinic_microservices,spring_petclinic_microservices--split--NC--r0--list_vets,storm_sparse,completion_projected,2,0,False,0.21,0.21,91.87109375
spring_petclinic_microservices,spring_petclinic_microservices--split--NC--r0--list_vets,storm_compact,original,2,0,False,0.21,0.21,91.90625
spring_petclinic_microservices,spring_petclinic_microservices--split--NC--r0--list_vets,storm_compact,completion_projected,2,0,False,0.21,0.21,91.95703125
spring_petclinic_microservices,spring_petclinic_microservices--split--NC--r0--list_vets,ours_direct,original,2,0,False,0.1,0.09999999999999999,34.28125
spring_petclinic_microservices,spring_petclinic_microservices--split--NC--r0--list_vets,ours_direct,completion_projected,2,0,False,0.1,0.09999999999999999,34.23828125
spring_petclinic_microservices,spring_petclinic_microservices--split--NC--r0--list_vets,ours_prepared,original,2,0,False,0.1,0.09,34.16796875
spring_petclinic_microservices,spring_petclinic_microservices--split--NC--r0--list_vets,ours_prepared,completion_projected,2,0,False,0.1,0.09999999999999999,34.3046875
spring_petclinic_microservices,spring_petclinic_microservices--split--NC--r0--list_vets,cudd_fixed,original,2,0,False,0.22,0.21,59.44921875
spring_petclinic_microservices,spring_petclinic_microservices--split--NC--r0--list_vets,cudd_fixed,completion_projected,2,0,False,0.21,0.21,59.46484375
spring_petclinic_microservices,spring_petclinic_microservices--split--NC--r0--list_vets,cudd_sift,original,2,0,False,0.22,0.21,59.5703125
spring_petclinic_microservices,spring_petclinic_microservices--split--NC--r0--list_vets,cudd_sift,completion_projected,2,0,False,0.22,0.21,59.609375
spring_petclinic_microservices,spring_petclinic_microservices--split--NC--r0--owner_details_with_visits,agrum_conditioned,completion_projected,2,0,False,0.3,0.3,46.11328125
spring_petclinic_microservices,spring_petclinic_microservices--split--NC--r0--owner_details_with_visits,agrum_joint,original,2,0,False,0.21,0.21,46.28515625
spring_petclinic_microservices,spring_petclinic_microservices--split--NC--r0--owner_details_with_visits,agrum_joint,completion_projected,2,0,False,0.2,0.19,46.23828125
spring_petclinic_microservices,spring_petclinic_microservices--split--NC--r0--owner_details_with_visits,storm_sparse,original,2,0,False,0.24,0.24,93.02734375
spring_petclinic_microservices,spring_petclinic_microservices--split--NC--r0--owner_details_with_visits,storm_sparse,completion_projected,2,0,False,0.24,0.22999999999999998,93.0859375
spring_petclinic_microservices,spring_petclinic_microservices--split--NC--r0--owner_details_with_visits,storm_compact,original,2,0,False,0.23,0.22,93.09765625
spring_petclinic_microservices,spring_petclinic_microservices--split--NC--r0--owner_details_with_visits,storm_compact,completion_projected,2,0,False,0.22,0.22,93.140625
spring_petclinic_microservices,spring_petclinic_microservices--split--NC--r0--owner_details_with_visits,ours_direct,original,2,0,False,0.12,0.11,34.37109375
spring_petclinic_microservices,spring_petclinic_microservices--split--NC--r0--owner_details_with_visits,ours_direct,completion_projected,2,0,False,0.12,0.11,34.37890625
spring_petclinic_microservices,spring_petclinic_microservices--split--NC--r0--owner_details_with_visits,ours_prepared,original,2,0,False,0.12,0.11,34.50390625
spring_petclinic_microservices,spring_petclinic_microservices--split--NC--r0--owner_details_with_visits,ours_prepared,completion_projected,2,0,False,0.11,0.11,34.40234375
spring_petclinic_microservices,spring_petclinic_microservices--split--NC--r0--owner_details_with_visits,cudd_fixed,original,2,0,False,0.22,0.22,59.3828125
spring_petclinic_microservices,spring_petclinic_microservices--split--NC--r0--owner_details_with_visits,cudd_fixed,completion_projected,2,0,False,0.22,0.21,59.41015625
spring_petclinic_microservices,spring_petclinic_microservices--split--NC--r0--owner_details_with_visits,cudd_sift,original,2,0,False,0.23,0.23,59.43359375
spring_petclinic_microservices,spring_petclinic_microservices--split--NC--r0--owner_details_with_visits,cudd_sift,completion_projected,2,0,False,0.23,0.22999999999999998,59.57421875
spring_petclinic_microservices,spring_petclinic_microservices--split--NC--r0--owner_details_with_visits,agrum_conditioned,original,2,0,False,0.33,0.33,46.23828125
spring_petclinic_microservices,spring_petclinic_microservices--split--NCD--r0--create_visit,agrum_joint,original,2,0,False,0.21,0.21000000000000002,46.23828125
spring_petclinic_microservices,spring_petclinic_microservices--split--NCD--r0--create_visit,agrum_joint,completion_projected,2,0,False,0.2,0.19,46.13671875
spring_petclinic_microservices,spring_petclinic_microservices--split--NCD--r0--create_visit,storm_sparse,original,2,0,False,0.24,0.22999999999999998,93.15234375
spring_petclinic_microservices,spring_petclinic_microservices--split--NCD--r0--create_visit,storm_sparse,completion_projected,2,0,False,0.23,0.22999999999999998,93.01171875
spring_petclinic_microservices,spring_petclinic_microservices--split--NCD--r0--create_visit,storm_compact,original,2,0,False,0.23,0.22,93.171875
spring_petclinic_microservices,spring_petclinic_microservices--split--NCD--r0--create_visit,storm_compact,completion_projected,2,0,False,0.22,0.22,93.21484375
spring_petclinic_microservices,spring_petclinic_microservices--split--NCD--r0--create_visit,ours_direct,original,2,0,False,0.12,0.11,34.265625
spring_petclinic_microservices,spring_petclinic_microservices--split--NCD--r0--create_visit,ours_direct,completion_projected,2,0,False,0.12,0.12,34.375
spring_petclinic_microservices,spring_petclinic_microservices--split--NCD--r0--create_visit,ours_prepared,original,2,0,False,0.12,0.11,34.37890625
spring_petclinic_microservices,spring_petclinic_microservices--split--NCD--r0--create_visit,ours_prepared,completion_projected,2,0,False,0.12,0.11,34.3984375
spring_petclinic_microservices,spring_petclinic_microservices--split--NCD--r0--create_visit,cudd_fixed,original,2,0,False,0.23,0.22,59.49609375
spring_petclinic_microservices,spring_petclinic_microservices--split--NCD--r0--create_visit,cudd_fixed,completion_projected,2,0,False,0.22,0.22,59.60546875
spring_petclinic_microservices,spring_petclinic_microservices--split--NCD--r0--create_visit,cudd_sift,original,2,0,False,0.23,0.22,59.40625
spring_petclinic_microservices,spring_petclinic_microservices--split--NCD--r0--create_visit,cudd_sift,completion_projected,2,0,False,0.22,0.22,59.6015625
spring_petclinic_microservices,spring_petclinic_microservices--split--NCD--r0--create_visit,agrum_conditioned,original,2,0,False,0.33,0.32,46.23828125
spring_petclinic_microservices,spring_petclinic_microservices--split--NCD--r0--create_visit,agrum_conditioned,completion_projected,2,0,False,0.31,0.31,46.0625
spring_petclinic_microservices,spring_petclinic_microservices--split--NCD--r0--list_owners,agrum_joint,completion_projected,2,0,False,0.13,0.12,45.9140625
spring_petclinic_microservices,spring_petclinic_microservices--split--NCD--r0--list_owners,storm_sparse,original,2,0,False,0.21,0.19999999999999998,91.984375
spring_petclinic_microservices,spring_petclinic_microservices--split--NCD--r0--list_owners,storm_sparse,completion_projected,2,0,False,0.21,0.21,91.8828125
spring_petclinic_microservices,spring_petclinic_microservices--split--NCD--r0--list_owners,storm_compact,original,2,0,False,0.21,0.19999999999999998,91.8671875
spring_petclinic_microservices,spring_petclinic_microservices--split--NCD--r0--list_owners,storm_compact,completion_projected,2,0,False,0.21,0.19999999999999998,91.93359375
spring_petclinic_microservices,spring_petclinic_microservices--split--NCD--r0--list_owners,ours_direct,original,2,0,False,0.1,0.09999999999999999,34.23828125
spring_petclinic_microservices,spring_petclinic_microservices--split--NCD--r0--list_owners,ours_direct,completion_projected,2,0,False,0.1,0.09999999999999999,34.43359375
spring_petclinic_microservices,spring_petclinic_microservices--split--NCD--r0--list_owners,ours_prepared,original,2,0,False,0.11,0.1,34.33984375
spring_petclinic_microservices,spring_petclinic_microservices--split--NCD--r0--list_owners,ours_prepared,completion_projected,2,0,False,0.1,0.09,34.29296875
spring_petclinic_microservices,spring_petclinic_microservices--split--NCD--r0--list_owners,cudd_fixed,original,2,0,False,0.22,0.21,59.609375
spring_petclinic_microservices,spring_petclinic_microservices--split--NCD--r0--list_owners,cudd_fixed,completion_projected,2,0,False,0.22,0.21,59.53125
spring_petclinic_microservices,spring_petclinic_microservices--split--NCD--r0--list_owners,cudd_sift,original,2,0,False,0.22,0.22,59.578125
spring_petclinic_microservices,spring_petclinic_microservices--split--NCD--r0--list_owners,cudd_sift,completion_projected,2,0,False,0.22,0.21,59.3984375
spring_petclinic_microservices,spring_petclinic_microservices--split--NCD--r0--list_owners,agrum_conditioned,original,2,0,False,0.13,0.13,45.90625
spring_petclinic_microservices,spring_petclinic_microservices--split--NCD--r0--list_owners,agrum_conditioned,completion_projected,2,0,False,0.13,0.12,45.796875
spring_petclinic_microservices,spring_petclinic_microservices--split--NCD--r0--list_owners,agrum_joint,original,2,0,False,0.13,0.13,45.87109375
spring_petclinic_microservices,spring_petclinic_microservices--split--NCD--r0--list_vets,storm_sparse,original,2,0,False,0.21,0.21,91.63671875
spring_petclinic_microservices,spring_petclinic_microservices--split--NCD--r0--list_vets,storm_sparse,completion_projected,2,0,False,0.21,0.19999999999999998,91.82421875
spring_petclinic_microservices,spring_petclinic_microservices--split--NCD--r0--list_vets,storm_compact,original,2,0,False,0.2,0.19999999999999998,91.5078125
spring_petclinic_microservices,spring_petclinic_microservices--split--NCD--r0--list_vets,storm_compact,completion_projected,2,0,False,0.21,0.21,91.99609375
spring_petclinic_microservices,spring_petclinic_microservices--split--NCD--r0--list_vets,ours_direct,original,2,0,False,0.1,0.09999999999999999,34.31640625
spring_petclinic_microservices,spring_petclinic_microservices--split--NCD--r0--list_vets,ours_direct,completion_projected,2,0,False,0.1,0.09999999999999999,34.34375
spring_petclinic_microservices,spring_petclinic_microservices--split--NCD--r0--list_vets,ours_prepared,original,2,0,False,0.1,0.09,34.20703125
spring_petclinic_microservices,spring_petclinic_microservices--split--NCD--r0--list_vets,ours_prepared,completion_projected,2,0,False,0.1,0.09999999999999999,34.34375
spring_petclinic_microservices,spring_petclinic_microservices--split--NCD--r0--list_vets,cudd_fixed,original,2,0,False,0.21,0.19999999999999998,59.56640625
spring_petclinic_microservices,spring_petclinic_microservices--split--NCD--r0--list_vets,cudd_fixed,completion_projected,2,0,False,0.21,0.2,59.28125
spring_petclinic_microservices,spring_petclinic_microservices--split--NCD--r0--list_vets,cudd_sift,original,2,0,False,0.21,0.19999999999999998,59.359375
spring_petclinic_microservices,spring_petclinic_microservices--split--NCD--r0--list_vets,cudd_sift,completion_projected,2,0,False,0.21,0.21,59.60546875
spring_petclinic_microservices,spring_petclinic_microservices--split--NCD--r0--list_vets,agrum_conditioned,original,2,0,False,0.13,0.12,45.98046875
spring_petclinic_microservices,spring_petclinic_microservices--split--NCD--r0--list_vets,agrum_conditioned,completion_projected,2,0,False,0.13,0.13,45.91015625
spring_petclinic_microservices,spring_petclinic_microservices--split--NCD--r0--list_vets,agrum_joint,original,2,0,False,0.13,0.13,45.8828125
spring_petclinic_microservices,spring_petclinic_microservices--split--NCD--r0--list_vets,agrum_joint,completion_projected,2,0,False,0.13,0.12,45.75390625
spring_petclinic_microservices,spring_petclinic_microservices--split--NCD--r0--owner_details_with_visits,storm_sparse,completion_projected,2,0,False,0.23,0.22,92.94921875
spring_petclinic_microservices,spring_petclinic_microservices--split--NCD--r0--owner_details_with_visits,storm_compact,original,2,0,False,0.22,0.22,93.27734375
spring_petclinic_microservices,spring_petclinic_microservices--split--NCD--r0--owner_details_with_visits,storm_compact,completion_projected,2,0,False,0.22,0.22,93.1328125
spring_petclinic_microservices,spring_petclinic_microservices--split--NCD--r0--owner_details_with_visits,ours_direct,original,2,0,False,0.11,0.1,34.3828125
spring_petclinic_microservices,spring_petclinic_microservices--split--NCD--r0--owner_details_with_visits,ours_direct,completion_projected,2,0,False,0.11,0.11,34.2421875
spring_petclinic_microservices,spring_petclinic_microservices--split--NCD--r0--owner_details_with_visits,ours_prepared,original,2,0,False,0.11,0.09999999999999999,34.35546875
spring_petclinic_microservices,spring_petclinic_microservices--split--NCD--r0--owner_details_with_visits,ours_prepared,completion_projected,2,0,False,0.11,0.11,34.40625
spring_petclinic_microservices,spring_petclinic_microservices--split--NCD--r0--owner_details_with_visits,cudd_fixed,original,2,0,False,0.22,0.22,59.41796875
spring_petclinic_microservices,spring_petclinic_microservices--split--NCD--r0--owner_details_with_visits,cudd_fixed,completion_projected,2,0,False,0.22,0.21,59.5703125
spring_petclinic_microservices,spring_petclinic_microservices--split--NCD--r0--owner_details_with_visits,cudd_sift,original,2,0,False,0.22,0.21,59.46484375
spring_petclinic_microservices,spring_petclinic_microservices--split--NCD--r0--owner_details_with_visits,cudd_sift,completion_projected,2,0,False,0.22,0.21,59.40234375
spring_petclinic_microservices,spring_petclinic_microservices--split--NCD--r0--owner_details_with_visits,agrum_conditioned,original,2,0,False,0.31,0.3,46.2421875
spring_petclinic_microservices,spring_petclinic_microservices--split--NCD--r0--owner_details_with_visits,agrum_conditioned,completion_projected,2,0,False,0.28,0.28,46.08203125
spring_petclinic_microservices,spring_petclinic_microservices--split--NCD--r0--owner_details_with_visits,agrum_joint,original,2,0,False,0.19,0.19,46.20703125
spring_petclinic_microservices,spring_petclinic_microservices--split--NCD--r0--owner_details_with_visits,agrum_joint,completion_projected,2,0,False,0.19,0.18000000000000002,46.390625
spring_petclinic_microservices,spring_petclinic_microservices--split--NCD--r0--owner_details_with_visits,storm_sparse,original,2,0,False,0.23,0.22,93.21875
spring_petclinic_microservices,spring_petclinic_microservices--split--ND--r0--create_visit,storm_compact,original,2,0,False,0.22,0.21,93.08203125
spring_petclinic_microservices,spring_petclinic_microservices--split--ND--r0--create_visit,storm_compact,completion_projected,2,0,False,0.22,0.22,93.1640625
spring_petclinic_microservices,spring_petclinic_microservices--split--ND--r0--create_visit,ours_direct,original,2,0,False,0.11,0.11,34.28125
spring_petclinic_microservices,spring_petclinic_microservices--split--ND--r0--create_visit,ours_direct,completion_projected,2,0,False,0.11,0.1,34.484375
spring_petclinic_microservices,spring_petclinic_microservices--split--ND--r0--create_visit,ours_prepared,original,2,0,False,0.11,0.11,34.3984375
spring_petclinic_microservices,spring_petclinic_microservices--split--ND--r0--create_visit,ours_prepared,completion_projected,2,0,False,0.11,0.11,34.26953125
spring_petclinic_microservices,spring_petclinic_microservices--split--ND--r0--create_visit,cudd_fixed,original,2,0,False,0.21,0.21,59.4921875
spring_petclinic_microservices,spring_petclinic_microservices--split--ND--r0--create_visit,cudd_fixed,completion_projected,2,0,False,0.22,0.21,59.60546875
spring_petclinic_microservices,spring_petclinic_microservices--split--ND--r0--create_visit,cudd_sift,original,2,0,False,0.22,0.22,59.73828125
spring_petclinic_microservices,spring_petclinic_microservices--split--ND--r0--create_visit,cudd_sift,completion_projected,2,0,False,0.22,0.21,59.4375
spring_petclinic_microservices,spring_petclinic_microservices--split--ND--r0--create_visit,agrum_conditioned,original,2,0,False,0.29,0.29000000000000004,46.2890625
spring_petclinic_microservices,spring_petclinic_microservices--split--ND--r0--create_visit,agrum_conditioned,completion_projected,2,0,False,0.28,0.27,46.34375
spring_petclinic_microservices,spring_petclinic_microservices--split--ND--r0--create_visit,agrum_joint,original,2,0,False,0.19,0.19,46.234375
spring_petclinic_microservices,spring_petclinic_microservices--split--ND--r0--create_visit,agrum_joint,completion_projected,2,0,False,0.19,0.18000000000000002,46.20703125
spring_petclinic_microservices,spring_petclinic_microservices--split--ND--r0--create_visit,storm_sparse,original,2,0,False,0.23,0.22,93.0859375
spring_petclinic_microservices,spring_petclinic_microservices--split--ND--r0--create_visit,storm_sparse,completion_projected,2,0,False,0.22,0.22,93.05859375
spring_petclinic_microservices,spring_petclinic_microservices--split--ND--r0--list_owners,storm_compact,completion_projected,2,0,False,0.21,0.19999999999999998,91.88671875
spring_petclinic_microservices,spring_petclinic_microservices--split--ND--r0--list_owners,ours_direct,original,2,0,False,0.1,0.09999999999999999,34.3046875
spring_petclinic_microservices,spring_petclinic_microservices--split--ND--r0--list_owners,ours_direct,completion_projected,2,0,False,0.11,0.11,34.21484375
spring_petclinic_microservices,spring_petclinic_microservices--split--ND--r0--list_owners,ours_prepared,original,2,0,False,0.1,0.09999999999999999,34.2421875
spring_petclinic_microservices,spring_petclinic_microservices--split--ND--r0--list_owners,ours_prepared,completion_projected,2,0,False,0.1,0.09999999999999999,34.265625
spring_petclinic_microservices,spring_petclinic_microservices--split--ND--r0--list_owners,cudd_fixed,original,2,0,False,0.21,0.19999999999999998,59.39453125
spring_petclinic_microservices,spring_petclinic_microservices--split--ND--r0--list_owners,cudd_fixed,completion_projected,2,0,False,0.21,0.19999999999999998,59.26953125
spring_petclinic_microservices,spring_petclinic_microservices--split--ND--r0--list_owners,cudd_sift,original,2,0,False,0.21,0.19999999999999998,59.58203125
spring_petclinic_microservices,spring_petclinic_microservices--split--ND--r0--list_owners,cudd_sift,completion_projected,2,0,False,0.21,0.19999999999999998,59.5625
spring_petclinic_microservices,spring_petclinic_microservices--split--ND--r0--list_owners,agrum_conditioned,original,2,0,False,0.13,0.13,46.015625
spring_petclinic_microservices,spring_petclinic_microservices--split--ND--r0--list_owners,agrum_conditioned,completion_projected,2,0,False,0.13,0.12,45.90234375
spring_petclinic_microservices,spring_petclinic_microservices--split--ND--r0--list_owners,agrum_joint,original,2,0,False,0.13,0.12,45.765625
spring_petclinic_microservices,spring_petclinic_microservices--split--ND--r0--list_owners,agrum_joint,completion_projected,2,0,False,0.13,0.12,45.87109375
spring_petclinic_microservices,spring_petclinic_microservices--split--ND--r0--list_owners,storm_sparse,original,2,0,False,0.2,0.19999999999999998,91.7734375
spring_petclinic_microservices,spring_petclinic_microservices--split--ND--r0--list_owners,storm_sparse,completion_projected,2,0,False,0.2,0.19,91.7734375
spring_petclinic_microservices,spring_petclinic_microservices--split--ND--r0--list_owners,storm_compact,original,2,0,False,0.2,0.19999999999999998,91.8125
spring_petclinic_microservices,spring_petclinic_microservices--split--ND--r0--list_vets,ours_direct,original,2,0,False,0.1,0.09,34.1640625
spring_petclinic_microservices,spring_petclinic_microservices--split--ND--r0--list_vets,ours_direct,completion_projected,2,0,False,0.1,0.09999999999999999,34.25
spring_petclinic_microservices,spring_petclinic_microservices--split--ND--r0--list_vets,ours_prepared,original,2,0,False,0.1,0.09999999999999999,34.234375
spring_petclinic_microservices,spring_petclinic_microservices--split--ND--r0--list_vets,ours_prepared,completion_projected,2,0,False,0.1,0.09,34.24609375
spring_petclinic_microservices,spring_petclinic_microservices--split--ND--r0--list_vets,cudd_fixed,original,2,0,False,0.21,0.19,59.578125
spring_petclinic_microservices,spring_petclinic_microservices--split--ND--r0--list_vets,cudd_fixed,completion_projected,2,0,False,0.21,0.2,59.3515625
spring_petclinic_microservices,spring_petclinic_microservices--split--ND--r0--list_vets,cudd_sift,original,2,0,False,0.21,0.19999999999999998,59.22265625
spring_petclinic_microservices,spring_petclinic_microservices--split--ND--r0--list_vets,cudd_sift,completion_projected,2,0,False,0.21,0.21,59.60546875
spring_petclinic_microservices,spring_petclinic_microservices--split--ND--r0--list_vets,agrum_conditioned,original,2,0,False,0.13,0.12,45.8125
spring_petclinic_microservices,spring_petclinic_microservices--split--ND--r0--list_vets,agrum_conditioned,completion_projected,2,0,False,0.13,0.12,45.75390625
spring_petclinic_microservices,spring_petclinic_microservices--split--ND--r0--list_vets,agrum_joint,original,2,0,False,0.13,0.12,45.86328125
spring_petclinic_microservices,spring_petclinic_microservices--split--ND--r0--list_vets,agrum_joint,completion_projected,2,0,False,0.13,0.12,45.859375
spring_petclinic_microservices,spring_petclinic_microservices--split--ND--r0--list_vets,storm_sparse,original,2,0,False,0.2,0.19999999999999998,91.7265625
spring_petclinic_microservices,spring_petclinic_microservices--split--ND--r0--list_vets,storm_sparse,completion_projected,2,0,False,0.2,0.19999999999999998,91.82421875
spring_petclinic_microservices,spring_petclinic_microservices--split--ND--r0--list_vets,storm_compact,original,2,0,False,0.21,0.19999999999999998,91.8984375
spring_petclinic_microservices,spring_petclinic_microservices--split--ND--r0--list_vets,storm_compact,completion_projected,2,0,False,0.2,0.19999999999999998,91.90234375
spring_petclinic_microservices,spring_petclinic_microservices--split--ND--r0--owner_details_with_visits,ours_direct,completion_projected,2,0,False,0.11,0.09999999999999999,34.30078125
spring_petclinic_microservices,spring_petclinic_microservices--split--ND--r0--owner_details_with_visits,ours_prepared,original,2,0,False,0.11,0.11,34.2890625
spring_petclinic_microservices,spring_petclinic_microservices--split--ND--r0--owner_details_with_visits,ours_prepared,completion_projected,2,0,False,0.11,0.11,34.40234375
spring_petclinic_microservices,spring_petclinic_microservices--split--ND--r0--owner_details_with_visits,cudd_fixed,original,2,0,False,0.21,0.19999999999999998,59.5
spring_petclinic_microservices,spring_petclinic_microservices--split--ND--r0--owner_details_with_visits,cudd_fixed,completion_projected,2,0,False,0.22,0.21000000000000002,59.6015625
spring_petclinic_microservices,spring_petclinic_microservices--split--ND--r0--owner_details_with_visits,cudd_sift,original,2,0,False,0.22,0.21,59.43359375
spring_petclinic_microservices,spring_petclinic_microservices--split--ND--r0--owner_details_with_visits,cudd_sift,completion_projected,2,0,False,0.22,0.21,59.60546875
spring_petclinic_microservices,spring_petclinic_microservices--split--ND--r0--owner_details_with_visits,agrum_conditioned,original,2,0,False,0.29,0.29000000000000004,46.1484375
spring_petclinic_microservices,spring_petclinic_microservices--split--ND--r0--owner_details_with_visits,agrum_conditioned,completion_projected,2,0,False,0.27,0.26,46.078125
spring_petclinic_microservices,spring_petclinic_microservices--split--ND--r0--owner_details_with_visits,agrum_joint,original,2,0,False,0.19,0.19,46.1328125
spring_petclinic_microservices,spring_petclinic_microservices--split--ND--r0--owner_details_with_visits,agrum_joint,completion_projected,2,0,False,0.19,0.18000000000000002,46.3046875
spring_petclinic_microservices,spring_petclinic_microservices--split--ND--r0--owner_details_with_visits,storm_sparse,original,2,0,False,0.23,0.22,92.98828125
spring_petclinic_microservices,spring_petclinic_microservices--split--ND--r0--owner_details_with_visits,storm_sparse,completion_projected,2,0,False,0.23,0.22,93.05859375
spring_petclinic_microservices,spring_petclinic_microservices--split--ND--r0--owner_details_with_visits,storm_compact,original,2,0,False,0.22,0.21,93.15625
spring_petclinic_microservices,spring_petclinic_microservices--split--ND--r0--owner_details_with_visits,storm_compact,completion_projected,2,0,False,0.22,0.22,93.1484375
spring_petclinic_microservices,spring_petclinic_microservices--split--ND--r0--owner_details_with_visits,ours_direct,original,2,0,False,0.11,0.11,34.2578125
synthetic,00-graph_nodes,ours_direct,original,0,0,False,0.12,0.11,35.9921875
synthetic,00-graph_nodes,ours_direct,completion_projected,0,0,False,0.12,0.11,36.14453125
synthetic,00-graph_nodes,ours_prepared,original,0,0,False,0.24,0.22999999999999998,36.02734375
synthetic,00-graph_nodes,ours_prepared,completion_projected,0,0,False,0.24,0.22999999999999998,35.984375
synthetic,00-graph_nodes,cudd_fixed,original,0,0,False,0.24,0.23,61.296875
synthetic,00-graph_nodes,cudd_fixed,completion_projected,0,0,False,0.23,0.22,61.39453125
synthetic,00-graph_nodes,cudd_sift,original,0,0,False,0.23,0.23,61.296875
synthetic,00-graph_nodes,cudd_sift,completion_projected,0,0,False,0.24,0.23,61.33984375
synthetic,00-graph_nodes,agrum_conditioned,original,0,0,False,0.22,0.22,48.2578125
synthetic,00-graph_nodes,agrum_conditioned,completion_projected,0,0,False,0.21,0.21,47.984375
synthetic,00-graph_nodes,agrum_joint,original,0,0,False,0.18,0.17,48.17578125
synthetic,00-graph_nodes,agrum_joint,completion_projected,0,0,False,0.18,0.16999999999999998,48.08203125
synthetic,00-graph_nodes,storm_sparse,original,0,0,False,0.24,0.24000000000000002,94.69921875
synthetic,00-graph_nodes,storm_sparse,completion_projected,0,0,False,0.25,0.24,94.77734375
synthetic,00-graph_nodes,storm_compact,original,0,0,False,0.24,0.23,94.8359375
synthetic,00-graph_nodes,storm_compact,completion_projected,0,0,False,0.24,0.23,94.54296875
synthetic,01-graph_nodes,ours_direct,completion_projected,0,0,False,0.12,0.12000000000000001,35.97265625
synthetic,01-graph_nodes,ours_prepared,original,0,0,False,0.28,0.28,36.109375
synthetic,01-graph_nodes,ours_prepared,completion_projected,0,0,False,0.26,0.25,36.1015625
synthetic,01-graph_nodes,cudd_fixed,original,0,0,False,0.23,0.22,61.44140625
synthetic,01-graph_nodes,cudd_fixed,completion_projected,0,0,False,0.24,0.23,61.1953125
synthetic,01-graph_nodes,cudd_sift,original,0,0,False,0.23,0.23,61.35546875
synthetic,01-graph_nodes,cudd_sift,completion_projected,0,0,False,0.24,0.24000000000000002,61.203125
synthetic,01-graph_nodes,agrum_conditioned,original,0,0,False,0.24,0.24,48.49609375
synthetic,01-graph_nodes,agrum_conditioned,completion_projected,0,0,False,0.22,0.22,48.3046875
synthetic,01-graph_nodes,agrum_joint,original,0,0,False,0.2,0.19,48.32421875
synthetic,01-graph_nodes,agrum_joint,completion_projected,0,0,False,0.19,0.18,48.23046875
synthetic,01-graph_nodes,storm_sparse,original,0,0,False,0.25,0.24,94.55078125
synthetic,01-graph_nodes,storm_sparse,completion_projected,0,0,False,0.25,0.24,94.46875
synthetic,01-graph_nodes,storm_compact,original,0,0,False,0.24,0.24,94.51953125
synthetic,01-graph_nodes,storm_compact,completion_projected,0,0,False,0.24,0.24,94.84765625
synthetic,01-graph_nodes,ours_direct,original,0,0,False,0.12,0.11,36.09765625
synthetic,02-graph_nodes,ours_prepared,original,0,0,False,0.36,0.36000000000000004,36.2265625
synthetic,02-graph_nodes,ours_prepared,completion_projected,0,0,False,0.31,0.31,36.1875
synthetic,02-graph_nodes,cudd_fixed,original,0,0,False,0.24,0.24,61.3203125
synthetic,02-graph_nodes,cudd_fixed,completion_projected,0,0,False,0.23,0.23,61.4765625
synthetic,02-graph_nodes,cudd_sift,original,0,0,False,0.24,0.23,61.43359375
synthetic,02-graph_nodes,cudd_sift,completion_projected,0,0,False,0.24,0.23,61.31640625
synthetic,02-graph_nodes,agrum_conditioned,original,0,0,False,0.28,0.27,49.0625
synthetic,02-graph_nodes,agrum_conditioned,completion_projected,0,0,False,0.24,0.22999999999999998,48.4609375
synthetic,02-graph_nodes,agrum_joint,original,0,0,False,0.23,0.22,49.0546875
synthetic,02-graph_nodes,agrum_joint,completion_projected,0,0,False,0.2,0.19,48.67578125
synthetic,02-graph_nodes,storm_sparse,original,0,0,False,0.26,0.25,94.70703125
synthetic,02-graph_nodes,storm_sparse,completion_projected,0,0,False,0.25,0.24,94.4765625
synthetic,02-graph_nodes,storm_compact,original,0,0,False,0.25,0.24,94.921875
synthetic,02-graph_nodes,storm_compact,completion_projected,0,0,False,0.24,0.24000000000000002,94.42578125
synthetic,02-graph_nodes,ours_direct,original,0,0,False,0.12,0.12,36.09765625
synthetic,02-graph_nodes,ours_direct,completion_projected,0,0,False,0.12,0.12000000000000001,36.1953125
synthetic,03-graph_nodes,ours_prepared,completion_projected,0,0,False,0.41,0.4,36.26171875
synthetic,03-graph_nodes,cudd_fixed,original,0,0,False,0.24,0.23,61.37109375
synthetic,03-graph_nodes,cudd_fixed,completion_projected,0,0,False,0.24,0.24000000000000002,61.30859375
synthetic,03-graph_nodes,cudd_sift,original,0,0,False,0.25,0.24000000000000002,61.43359375
synthetic,03-graph_nodes,cudd_sift,completion_projected,0,0,False,0.24,0.24000000000000002,61.54296875
synthetic,03-graph_nodes,agrum_conditioned,original,0,0,False,0.35,0.35000000000000003,50.34765625
synthetic,03-graph_nodes,agrum_conditioned,completion_projected,0,0,False,0.27,0.26,49.296875
synthetic,03-graph_nodes,agrum_joint,original,0,0,False,0.29,0.28,50.32421875
synthetic,03-graph_nodes,agrum_joint,completion_projected,0,0,False,0.23,0.22,49.42578125
synthetic,03-graph_nodes,storm_sparse,original,0,0,False,0.28,0.27,94.8046875
synthetic,03-graph_nodes,storm_sparse,completion_projected,0,0,False,0.26,0.25,94.93359375
synthetic,03-graph_nodes,storm_compact,original,0,0,False,0.27,0.26,95.6875
synthetic,03-graph_nodes,storm_compact,completion_projected,0,0,False,0.25,0.24,94.7109375
synthetic,03-graph_nodes,ours_direct,original,0,0,False,0.13,0.12000000000000001,36.28515625
synthetic,03-graph_nodes,ours_direct,completion_projected,0,0,False,0.13,0.12,36.3203125
synthetic,03-graph_nodes,ours_prepared,original,0,0,False,0.51,0.5,36.21875
synthetic,04-graph_nodes,cudd_fixed,original,0,0,False,0.24,0.24000000000000002,61.55859375
synthetic,04-graph_nodes,cudd_fixed,completion_projected,0,0,False,0.24,0.24000000000000002,61.375
synthetic,04-graph_nodes,cudd_sift,original,0,0,False,0.25,0.24000000000000002,61.55078125
synthetic,04-graph_nodes,cudd_sift,completion_projected,0,0,False,0.25,0.24,61.5390625
synthetic,04-graph_nodes,agrum_conditioned,original,0,0,False,0.44,0.43,51.69921875
synthetic,04-graph_nodes,agrum_conditioned,completion_projected,0,0,False,0.31,0.31000000000000005,50.18359375
synthetic,04-graph_nodes,agrum_joint,original,0,0,False,0.37,0.37,51.92578125
synthetic,04-graph_nodes,agrum_joint,completion_projected,0,0,False,0.27,0.27,50.30859375
synthetic,04-graph_nodes,storm_sparse,original,0,0,False,0.3,0.29000000000000004,95.0234375
synthetic,04-graph_nodes,storm_sparse,completion_projected,0,0,False,0.27,0.27,94.7734375
synthetic,04-graph_nodes,storm_compact,original,0,0,False,0.29,0.28,96.046875
synthetic,04-graph_nodes,storm_compact,completion_projected,0,0,False,0.27,0.26,95.02734375
synthetic,04-graph_nodes,ours_direct,original,0,0,False,0.14,0.13,36.39453125
synthetic,04-graph_nodes,ours_direct,completion_projected,0,0,False,0.14,0.13,36.35546875
synthetic,04-graph_nodes,ours_prepared,original,0,0,False,0.73,0.73,36.46484375
synthetic,04-graph_nodes,ours_prepared,completion_projected,0,0,False,0.51,0.5,36.60546875
synthetic,05-completions,cudd_fixed,completion_projected,0,0,False,0.23,0.22999999999999998,61.3671875
synthetic,05-completions,cudd_sift,original,0,0,False,0.24,0.23,61.265625
synthetic,05-completions,cudd_sift,completion_projected,0,0,False,0.24,0.23,61.30859375
synthetic,05-completions,agrum_conditioned,original,0,0,False,0.22,0.22,48.1015625
synthetic,05-completions,agrum_conditioned,completion_projected,0,0,False,0.22,0.21,48.05859375
synthetic,05-completions,agrum_joint,original,0,0,False,0.18,0.18,48.15625
synthetic,05-completions,agrum_joint,completion_projected,0,0,False,0.18,0.16999999999999998,48.15234375
synthetic,05-completions,storm_sparse,original,0,0,False,0.24,0.24,94.421875
synthetic,05-completions,storm_sparse,completion_projected,0,0,False,0.25,0.24000000000000002,94.40625
synthetic,05-completions,storm_compact,original,0,0,False,0.24,0.23,94.38671875
synthetic,05-completions,storm_compact,completion_projected,0,0,False,0.25,0.25,94.58203125
synthetic,05-completions,ours_direct,original,0,0,False,0.12,0.12,36.1015625
synthetic,05-completions,ours_direct,completion_projected,0,0,False,0.12,0.11,36.0625
synthetic,05-completions,ours_prepared,original,0,0,False,0.24,0.24,36.0625
synthetic,05-completions,ours_prepared,completion_projected,0,0,False,0.23,0.22,36.1015625
synthetic,05-completions,cudd_fixed,original,0,0,False,0.23,0.22999999999999998,61.2109375
synthetic,06-completions,cudd_sift,original,0,0,False,0.24,0.23,61.28515625
synthetic,06-completions,cudd_sift,completion_projected,0,0,False,0.23,0.23,61.40625
synthetic,06-completions,agrum_conditioned,original,0,0,False,0.24,0.24,48.41015625
synthetic,06-completions,agrum_conditioned,completion_projected,0,0,False,0.23,0.22,48.3046875
synthetic,06-completions,agrum_joint,original,0,0,False,0.2,0.19,48.71484375
synthetic,06-completions,agrum_joint,completion_projected,0,0,False,0.19,0.18,48.30078125
synthetic,06-completions,storm_sparse,original,0,0,False,0.25,0.24,94.48046875
synthetic,06-completions,storm_sparse,completion_projected,0,0,False,0.25,0.24,94.42578125
synthetic,06-completions,storm_compact,original,0,0,False,0.24,0.24,94.72265625
synthetic,06-completions,storm_compact,completion_projected,0,0,False,0.24,0.22999999999999998,94.46875
synthetic,06-completions,ours_direct,original,0,0,False,0.12,0.11,36.15625
synthetic,06-completions,ours_direct,completion_projected,0,0,False,0.12,0.12000000000000001,36.09765625
synthetic,06-completions,ours_prepared,original,0,0,False,0.29,0.28,35.99609375
synthetic,06-completions,ours_prepared,completion_projected,0,0,False,0.26,0.26,36.046875
synthetic,06-completions,cudd_fixed,original,0,0,False,0.23,0.22,61.41015625
synthetic,06-completions,cudd_fixed,completion_projected,0,0,False,0.24,0.23,61.38671875
synthetic,07-completions,cudd_sift,completion_projected,0,0,False,0.24,0.23,61.44140625
synthetic,07-completions,agrum_conditioned,original,0,0,False,0.27,0.26,48.92578125
synthetic,07-completions,agrum_conditioned,completion_projected,0,0,False,0.23,0.22,48.37109375
synthetic,07-completions,agrum_joint,original,0,0,False,0.22,0.21,49.0625
synthetic,07-completions,agrum_joint,completion_projected,0,0,False,0.19,0.19,48.53125
synthetic,07-completions,storm_sparse,original,0,0,False,0.26,0.25,94.59375
synthetic,07-completions,storm_sparse,completion_projected,0,0,False,0.25,0.24,94.484375
synthetic,07-completions,storm_compact,original,0,0,False,0.25,0.25,94.8984375
synthetic,07-completions,storm_compact,completion_projected,0,0,False,0.24,0.24,94.76953125
synthetic,07-completions,ours_direct,original,0,0,False,0.12,0.12,36.09765625
synthetic,07-completions,ours_direct,completion_projected,0,0,False,0.12,0.12,36.0390625
synthetic,07-completions,ours_prepared,original,0,0,False,0.35,0.34,36.10546875
synthetic,07-completions,ours_prepared,completion_projected,0,0,False,0.29,0.29000000000000004,36.12109375
synthetic,07-completions,cudd_fixed,original,0,0,False,0.23,0.23,61.25
synthetic,07-completions,cudd_fixed,completion_projected,0,0,False,0.23,0.23,61.43359375
synthetic,07-completions,cudd_sift,original,0,0,False,0.24,0.23,61.3046875
synthetic,08-completions,agrum_conditioned,original,0,0,False,0.33,0.31999999999999995,49.87109375
synthetic,08-completions,agrum_conditioned,completion_projected,0,0,False,0.25,0.24,48.90625
synthetic,08-completions,agrum_joint,original,0,0,False,0.26,0.26,49.93359375
synthetic,08-completions,agrum_joint,completion_projected,0,0,False,0.21,0.19999999999999998,48.8203125
synthetic,08-completions,storm_sparse,original,0,0,False,0.27,0.27,95.10546875
synthetic,08-completions,storm_sparse,completion_projected,0,0,False,0.25,0.24,94.59375
synthetic,08-completions,storm_compact,original,0,0,False,0.26,0.25,95.578125
synthetic,08-completions,storm_compact,completion_projected,0,0,False,0.25,0.24,94.5859375
synthetic,08-completions,ours_direct,original,0,0,False,0.13,0.12,36.27734375
synthetic,08-completions,ours_direct,completion_projected,0,0,False,0.13,0.12000000000000001,36.1171875
synthetic,08-completions,ours_prepared,original,0,0,False,0.44,0.44,36.3671875
synthetic,08-completions,ours_prepared,completion_projected,0,0,False,0.33,0.33,36.25
synthetic,08-completions,cudd_fixed,original,0,0,False,0.24,0.23,61.41796875
synthetic,08-completions,cudd_fixed,completion_projected,0,0,False,0.24,0.24000000000000002,61.30078125
synthetic,08-completions,cudd_sift,original,0,0,False,0.24,0.23,61.38671875
synthetic,08-completions,cudd_sift,completion_projected,0,0,False,0.24,0.23,61.4765625
synthetic,09-completions,agrum_conditioned,completion_projected,0,0,False,0.26,0.26,49.1796875
synthetic,09-completions,agrum_joint,original,0,0,False,0.32,0.31000000000000005,51.19921875
synthetic,09-completions,agrum_joint,completion_projected,0,0,False,0.22,0.22,49.2109375
synthetic,09-completions,storm_sparse,original,0,0,False,0.29,0.27999999999999997,95.3046875
synthetic,09-completions,storm_sparse,completion_projected,0,0,False,0.26,0.25,94.80078125
synthetic,09-completions,storm_compact,original,0,0,False,0.28,0.27,95.75
synthetic,09-completions,storm_compact,completion_projected,0,0,False,0.25,0.25,94.76953125
synthetic,09-completions,ours_direct,original,0,0,False,0.13,0.12000000000000001,36.3515625
synthetic,09-completions,ours_direct,completion_projected,0,0,False,0.13,0.12,36.453125
synthetic,09-completions,ours_prepared,original,0,0,False,0.54,0.54,36.52734375
synthetic,09-completions,ours_prepared,completion_projected,0,0,False,0.38,0.37,36.52734375
synthetic,09-completions,cudd_fixed,original,0,0,False,0.24,0.24,61.3046875
synthetic,09-completions,cudd_fixed,completion_projected,0,0,False,0.24,0.24,61.33203125
synthetic,09-completions,cudd_sift,original,0,0,False,0.24,0.24000000000000002,61.41796875
synthetic,09-completions,cudd_sift,completion_projected,0,0,False,0.24,0.24,61.54296875
synthetic,09-completions,agrum_conditioned,original,0,0,False,0.39,0.39,50.92578125
synthetic,10-unknown_controls,agrum_joint,original,0,0,False,0.2,0.19,48.24609375
synthetic,10-unknown_controls,agrum_joint,completion_projected,0,0,False,0.19,0.18,48.37890625
synthetic,10-unknown_controls,storm_sparse,original,0,0,False,0.24,0.23,94.39453125
synthetic,10-unknown_controls,storm_sparse,completion_projected,0,0,False,0.24,0.24000000000000002,94.69921875
synthetic,10-unknown_controls,storm_compact,original,0,0,False,0.24,0.23,94.58984375
synthetic,10-unknown_controls,storm_compact,completion_projected,0,0,False,0.24,0.24000000000000002,94.8125
synthetic,10-unknown_controls,ours_direct,original,0,0,False,0.12,0.12000000000000001,35.9140625
synthetic,10-unknown_controls,ours_direct,completion_projected,0,0,False,0.12,0.11,36.09375
synthetic,10-unknown_controls,ours_prepared,original,0,0,False,0.28,0.28,36.0
synthetic,10-unknown_controls,ours_prepared,completion_projected,0,0,False,0.26,0.26,35.9609375
synthetic,10-unknown_controls,cudd_fixed,original,0,0,False,0.23,0.23,61.40625
synthetic,10-unknown_controls,cudd_fixed,completion_projected,0,0,False,0.23,0.23,61.40625
synthetic,10-unknown_controls,cudd_sift,original,0,0,False,0.24,0.23,61.203125
synthetic,10-unknown_controls,cudd_sift,completion_projected,0,0,False,0.24,0.24000000000000002,61.18359375
synthetic,10-unknown_controls,agrum_conditioned,original,0,0,False,0.24,0.24,48.47265625
synthetic,10-unknown_controls,agrum_conditioned,completion_projected,0,0,False,0.22,0.22,48.2109375
synthetic,11-unknown_controls,agrum_joint,completion_projected,0,0,False,0.19,0.18,48.2109375
synthetic,11-unknown_controls,storm_sparse,original,0,0,False,0.25,0.24,94.578125
synthetic,11-unknown_controls,storm_sparse,completion_projected,0,0,False,0.24,0.23,94.38671875
synthetic,11-unknown_controls,storm_compact,original,0,0,False,0.24,0.24000000000000002,94.4296875
synthetic,11-unknown_controls,storm_compact,completion_projected,0,0,False,0.24,0.23,94.73046875
synthetic,11-unknown_controls,ours_direct,original,0,0,False,0.12,0.12000000000000001,36.02734375
synthetic,11-unknown_controls,ours_direct,completion_projected,0,0,False,0.12,0.11,35.9609375
synthetic,11-unknown_controls,ours_prepared,original,0,0,False,0.29,0.29000000000000004,36.03125
synthetic,11-unknown_controls,ours_prepared,completion_projected,0,0,False,0.26,0.26,36.1015625
synthetic,11-unknown_controls,cudd_fixed,original,0,0,False,0.23,0.23,61.31640625
synthetic,11-unknown_controls,cudd_fixed,completion_projected,0,0,False,0.24,0.24,61.4296875
synthetic,11-unknown_controls,cudd_sift,original,0,0,False,0.24,0.24,61.41015625
synthetic,11-unknown_controls,cudd_sift,completion_projected,0,0,False,0.24,0.23,61.40234375
synthetic,11-unknown_controls,agrum_conditioned,original,0,0,False,0.24,0.22999999999999998,48.25
synthetic,11-unknown_controls,agrum_conditioned,completion_projected,0,0,False,0.22,0.21,48.28125
synthetic,11-unknown_controls,agrum_joint,original,0,0,False,0.2,0.19,48.390625
synthetic,12-unknown_controls,storm_sparse,original,0,0,False,0.25,0.24,94.63671875
synthetic,12-unknown_controls,storm_sparse,completion_projected,0,0,False,0.25,0.24,94.3984375
synthetic,12-unknown_controls,storm_compact,original,0,0,False,0.24,0.24,94.73828125
synthetic,12-unknown_controls,storm_compact,completion_projected,0,0,False,0.24,0.24000000000000002,94.5625
synthetic,12-unknown_controls,ours_direct,original,0,0,False,0.12,0.12000000000000001,36.0625
synthetic,12-unknown_controls,ours_direct,completion_projected,0,0,False,0.12,0.12000000000000001,35.87890625
synthetic,12-unknown_controls,ours_prepared,original,0,0,False,0.28,0.28,36.10546875
synthetic,12-unknown_controls,ours_prepared,completion_projected,0,0,False,0.26,0.25,36.046875
synthetic,12-unknown_controls,cudd_fixed,original,0,0,False,0.23,0.22,61.4296875
synthetic,12-unknown_controls,cudd_fixed,completion_projected,0,0,False,0.24,0.23,61.40625
synthetic,12-unknown_controls,cudd_sift,original,0,0,False,0.23,0.23,61.1953125
synthetic,12-unknown_controls,cudd_sift,completion_projected,0,0,False,0.23,0.22,61.40625
synthetic,12-unknown_controls,agrum_conditioned,original,0,0,False,0.24,0.24,48.44921875
synthetic,12-unknown_controls,agrum_conditioned,completion_projected,0,0,False,0.22,0.22,48.3359375
synthetic,12-unknown_controls,agrum_joint,original,0,0,False,0.2,0.19,48.42578125
synthetic,12-unknown_controls,agrum_joint,completion_projected,0,0,False,0.19,0.18,48.2109375
synthetic,13-unknown_controls,storm_sparse,completion_projected,0,0,False,0.27,0.26,94.765625
synthetic,13-unknown_controls,storm_compact,original,0,0,False,0.26,0.25,94.62890625
synthetic,13-unknown_controls,storm_compact,completion_projected,0,0,False,0.26,0.26,94.89453125
synthetic,13-unknown_controls,ours_direct,original,0,0,False,0.13,0.13,36.328125
synthetic,13-unknown_controls,ours_direct,completion_projected,0,0,False,0.13,0.13,36.125
synthetic,13-unknown_controls,ours_prepared,original,0,0,False,0.28,0.27,36.0625
synthetic,13-unknown_controls,ours_prepared,completion_projected,0,0,False,0.26,0.25,36.109375
synthetic,13-unknown_controls,cudd_fixed,original,0,0,False,0.24,0.23,61.42578125
synthetic,13-unknown_controls,cudd_fixed,completion_projected,0,0,False,0.24,0.23,61.39453125
synthetic,13-unknown_controls,cudd_sift,original,0,0,False,0.24,0.23,61.42578125
synthetic,13-unknown_controls,cudd_sift,completion_projected,0,0,False,0.24,0.24000000000000002,61.29296875
synthetic,13-unknown_controls,agrum_conditioned,original,0,0,False,0.24,0.22999999999999998,48.5078125
synthetic,13-unknown_controls,agrum_conditioned,completion_projected,0,0,False,0.22,0.22,48.234375
synthetic,13-unknown_controls,agrum_joint,original,0,0,False,0.2,0.19,48.5546875
synthetic,13-unknown_controls,agrum_joint,completion_projected,0,0,False,0.19,0.18,48.3046875
synthetic,13-unknown_controls,storm_sparse,original,0,0,False,0.27,0.27,94.71484375
synthetic,14-unknown_controls,storm_compact,original,0,0,False,0.32,0.31,95.77734375
synthetic,14-unknown_controls,storm_compact,completion_projected,0,0,False,0.32,0.30000000000000004,95.49609375
synthetic,14-unknown_controls,ours_direct,original,0,0,False,0.18,0.18,36.4765625
synthetic,14-unknown_controls,ours_direct,completion_projected,0,0,False,0.17,0.16999999999999998,36.59765625
synthetic,14-unknown_controls,ours_prepared,original,0,0,False,0.28,0.28,36.0
synthetic,14-unknown_controls,ours_prepared,completion_projected,0,0,False,0.26,0.25,36.09375
synthetic,14-unknown_controls,cudd_fixed,original,0,0,False,0.23,0.22999999999999998,61.3203125
synthetic,14-unknown_controls,cudd_fixed,completion_projected,0,0,False,0.23,0.23,61.4140625
synthetic,14-unknown_controls,cudd_sift,original,0,0,False,0.24,0.23,61.30859375
synthetic,14-unknown_controls,cudd_sift,completion_projected,0,0,False,0.24,0.24000000000000002,61.35546875
synthetic,14-unknown_controls,agrum_conditioned,original,0,0,False,0.24,0.24,48.4296875
synthetic,14-unknown_controls,agrum_conditioned,completion_projected,0,0,False,0.22,0.22,48.3046875
synthetic,14-unknown_controls,agrum_joint,original,0,0,False,0.2,0.19,48.54296875
synthetic,14-unknown_controls,agrum_joint,completion_projected,0,0,False,0.2,0.19,48.296875
synthetic,14-unknown_controls,storm_sparse,original,0,0,False,0.38,0.37,95.94140625
synthetic,14-unknown_controls,storm_sparse,completion_projected,0,0,False,0.36,0.35,95.86328125
synthetic,15-unknown_controls,storm_compact,completion_projected,0,0,False,0.49,0.48,96.78515625
synthetic,15-unknown_controls,ours_direct,original,0,0,False,0.36,0.35000000000000003,38.0
synthetic,15-unknown_controls,ours_direct,completion_projected,0,0,False,0.34,0.33,38.22265625
synthetic,15-unknown_controls,ours_prepared,original,0,0,False,0.29,0.28,35.9921875
synthetic,15-unknown_controls,ours_prepared,completion_projected,0,0,False,0.26,0.26,36.1015625
synthetic,15-unknown_controls,cudd_fixed,original,0,0,False,0.24,0.23,61.19921875
synthetic,15-unknown_controls,cudd_fixed,completion_projected,0,0,False,0.24,0.24000000000000002,61.4140625
synthetic,15-unknown_controls,cudd_sift,original,0,0,False,0.24,0.24000000000000002,61.25
synthetic,15-unknown_controls,cudd_sift,completion_projected,0,0,False,0.24,0.23,61.2890625
synthetic,15-unknown_controls,agrum_conditioned,original,0,0,False,0.24,0.24,48.48046875
synthetic,15-unknown_controls,agrum_conditioned,completion_projected,0,0,False,0.22,0.22,48.15625
synthetic,15-unknown_controls,agrum_joint,original,0,0,False,0.2,0.19,48.36328125
synthetic,15-unknown_controls,agrum_joint,completion_projected,0,0,False,0.19,0.18,48.3671875
synthetic,15-unknown_controls,storm_sparse,original,0,0,False,0.67,0.66,97.2109375
synthetic,15-unknown_controls,storm_sparse,completion_projected,0,0,False,0.61,0.6,97.12109375
synthetic,15-unknown_controls,storm_compact,original,0,0,False,0.52,0.52,97.4140625
synthetic,16-categories,ours_direct,original,0,0,False,0.12,0.11,36.0
synthetic,16-categories,ours_direct,completion_projected,0,0,False,0.12,0.12000000000000001,36.10546875
synthetic,16-categories,ours_prepared,original,0,0,False,0.35,0.34,36.12890625
synthetic,16-categories,ours_prepared,completion_projected,0,0,False,0.28,0.28,36.19140625
synthetic,16-categories,cudd_fixed,original,0,0,False,0.24,0.23,61.3046875
synthetic,16-categories,cudd_fixed,completion_projected,0,0,False,0.24,0.23,61.2265625
synthetic,16-categories,cudd_sift,original,0,0,False,0.24,0.23,61.14453125
synthetic,16-categories,cudd_sift,completion_projected,0,0,False,0.24,0.23,61.33984375
synthetic,16-categories,agrum_conditioned,original,0,0,False,0.27,0.26,48.92578125
synthetic,16-categories,agrum_conditioned,completion_projected,0,0,False,0.23,0.22999999999999998,48.359375
synthetic,16-categories,agrum_joint,original,0,0,False,0.22,0.21,49.046875
synthetic,16-categories,agrum_joint,completion_projected,0,0,False,0.19,0.19,48.375
synthetic,16-categories,storm_sparse,original,0,0,False,0.26,0.26,94.703125
synthetic,16-categories,storm_sparse,completion_projected,0,0,False,0.25,0.24,94.6484375
synthetic,16-categories,storm_compact,original,0,0,False,0.25,0.24,94.70703125
synthetic,16-categories,storm_compact,completion_projected,0,0,False,0.24,0.24000000000000002,94.45703125
synthetic,17-categories,ours_direct,completion_projected,0,0,False,0.12,0.12000000000000001,36.15234375
synthetic,17-categories,ours_prepared,original,0,0,False,0.35,0.34,36.22265625
synthetic,17-categories,ours_prepared,completion_projected,0,0,False,0.29,0.28,36.15234375
synthetic,17-categories,cudd_fixed,original,0,0,False,0.24,0.23,61.34375
synthetic,17-categories,cudd_fixed,completion_projected,0,0,False,0.24,0.23,61.4453125
synthetic,17-categories,cudd_sift,original,0,0,False,0.24,0.24000000000000002,61.4296875
synthetic,17-categories,cudd_sift,completion_projected,0,0,False,0.24,0.23,61.44921875
synthetic,17-categories,agrum_conditioned,original,0,0,False,0.46,0.46,48.93359375
synthetic,17-categories,agrum_conditioned,completion_projected,0,0,False,0.23,0.22999999999999998,48.4375
synthetic,17-categories,agrum_joint,original,0,0,False,0.28,0.28,49.16015625
synthetic,17-categories,agrum_joint,completion_projected,0,0,False,0.2,0.19,48.515625
synthetic,17-categories,storm_sparse,original,0,0,False,0.44,0.43000000000000005,96.43359375
synthetic,17-categories,storm_sparse,completion_projected,0,0,False,0.25,0.24,94.50390625
synthetic,17-categories,storm_compact,original,0,0,False,0.35,0.35,96.578125
synthetic,17-categories,storm_compact,completion_projected,0,0,False,0.24,0.23,94.8671875
synthetic,17-categories,ours_direct,original,0,0,False,0.17,0.16999999999999998,36.1328125
synthetic,18-categories,ours_prepared,original,0,0,False,0.37,0.36,36.47265625
synthetic,18-categories,ours_prepared,completion_projected,0,0,False,0.3,0.29000000000000004,36.3828125
synthetic,18-categories,cudd_fixed,original,0,0,False,0.27,0.26,61.4296875
synthetic,18-categories,cudd_fixed,completion_projected,0,0,False,0.25,0.24000000000000002,61.39453125
synthetic,18-categories,cudd_sift,original,0,0,False,0.28,0.28,61.5
synthetic,18-categories,cudd_sift,completion_projected,0,0,False,0.25,0.24,61.49609375
synthetic,18-categories,agrum_conditioned,original,0,0,False,1.31,1.31,49.4140625
synthetic,18-categories,agrum_conditioned,completion_projected,0,0,False,0.24,0.22999999999999998,48.58984375
synthetic,18-categories,agrum_joint,original,0,0,False,0.53,0.53,49.67578125
synthetic,18-categories,agrum_joint,completion_projected,0,0,False,0.2,0.2,48.4921875
synthetic,18-categories,storm_sparse,original,0,0,False,1.21,1.21,103.1796875
synthetic,18-categories,storm_sparse,completion_projected,0,0,False,0.26,0.25,94.5859375
synthetic,18-categories,storm_compact,original,0,0,False,0.78,0.77,99.6640625
synthetic,18-categories,storm_compact,completion_projected,0,0,False,0.25,0.24,94.6953125
synthetic,18-categories,ours_direct,original,0,0,False,0.4,0.4,36.47265625
synthetic,18-categories,ours_direct,completion_projected,0,0,False,0.13,0.13,36.3515625
synthetic,19-categories,ours_prepared,completion_projected,0,0,False,0.31,0.3,36.546875
synthetic,19-categories,cudd_fixed,original,0,0,False,0.32,0.31,61.56640625
synthetic,19-categories,cudd_fixed,completion_projected,0,0,False,0.26,0.25,61.56640625
synthetic,19-categories,cudd_sift,original,0,0,False,0.33,0.32999999999999996,61.45703125
synthetic,19-categories,cudd_sift,completion_projected,0,0,False,0.25,0.25,61.61328125
synthetic,19-categories,agrum_conditioned,original,0,0,False,2.49,2.48,50.0625
synthetic,19-categories,agrum_conditioned,completion_projected,0,0,False,0.25,0.24,48.8125
synthetic,19-categories,agrum_joint,original,0,0,False,0.87,0.86,50.57421875
synthetic,19-categories,agrum_joint,completion_projected,0,0,False,0.21,0.21,48.95703125
synthetic,19-categories,storm_sparse,original,0,0,False,2.24,2.2399999999999998,112.75
synthetic,19-categories,storm_sparse,completion_projected,0,0,False,0.27,0.26,94.9375
synthetic,19-categories,storm_compact,original,0,0,False,1.33,1.33,105.5625
synthetic,19-categories,storm_compact,completion_projected,0,0,False,0.26,0.26,94.96484375
synthetic,19-categories,ours_direct,original,0,0,False,0.7,0.7000000000000001,36.62890625
synthetic,19-categories,ours_direct,completion_projected,0,0,False,0.14,0.13,36.51953125
synthetic,19-categories,ours_prepared,original,0,0,False,0.4,0.4,36.65234375
synthetic,20-graph_structure,cudd_fixed,original,0,0,False,0.23,0.23,61.29296875
synthetic,20-graph_structure,cudd_fixed,completion_projected,0,0,False,0.23,0.23,61.296875
synthetic,20-graph_structure,cudd_sift,original,0,0,False,0.24,0.23,61.3671875
synthetic,20-graph_structure,cudd_sift,completion_projected,0,0,False,0.24,0.22999999999999998,61.2265625
synthetic,20-graph_structure,agrum_conditioned,original,0,0,False,0.26,0.25,48.5625
synthetic,20-graph_structure,agrum_conditioned,completion_projected,0,0,False,0.23,0.22999999999999998,48.38671875
synthetic,20-graph_structure,agrum_joint,original,0,0,False,0.21,0.21,48.703125
synthetic,20-graph_structure,agrum_joint,completion_projected,0,0,False,0.19,0.19,48.33203125
synthetic,20-graph_structure,storm_sparse,original,0,0,False,0.25,0.25,94.58984375
synthetic,20-graph_structure,storm_sparse,completion_projected,0,0,False,0.25,0.24000000000000002,94.64453125
synthetic,20-graph_structure,storm_compact,original,0,0,False,0.25,0.24,94.875
synthetic,20-graph_structure,storm_compact,completion_projected,0,0,False,0.24,0.23,94.45703125
synthetic,20-graph_structure,ours_direct,original,0,0,False,0.12,0.12000000000000001,36.09765625
synthetic,20-graph_structure,ours_direct,completion_projected,0,0,False,0.12,0.12000000000000001,35.98828125
synthetic,20-graph_structure,ours_prepared,original,0,0,False,0.32,0.32,36.125
synthetic,20-graph_structure,ours_prepared,completion_projected,0,0,False,0.28,0.28,36.234375
synthetic,21-graph_structure,cudd_fixed,completion_projected,0,0,False,0.23,0.23,61.23046875
synthetic,21-graph_structure,cudd_sift,original,0,0,False,0.24,0.24,61.45703125
synthetic,21-graph_structure,cudd_sift,completion_projected,0,0,False,0.24,0.23,61.4921875
synthetic,21-graph_structure,agrum_conditioned,original,0,0,False,0.37,0.36000000000000004,50.68359375
synthetic,21-graph_structure,agrum_conditioned,completion_projected,0,0,False,0.31,0.30000000000000004,50.296875
synthetic,21-graph_structure,agrum_joint,original,0,0,False,0.32,0.31,51.20703125
synthetic,21-graph_structure,agrum_joint,completion_projected,0,0,False,0.27,0.27,50.1640625
synthetic,21-graph_structure,storm_sparse,original,0,0,False,0.27,0.27,94.7578125
synthetic,21-graph_structure,storm_sparse,completion_projected,0,0,False,0.26,0.25,94.8203125
synthetic,21-graph_structure,storm_compact,original,0,0,False,0.26,0.26,94.94921875
synthetic,21-graph_structure,storm_compact,completion_projected,0,0,False,0.25,0.24,94.8046875
synthetic,21-graph_structure,ours_direct,original,0,0,False,0.12,0.12000000000000001,36.1171875
synthetic,21-graph_structure,ours_direct,completion_projected,0,0,False,0.13,0.12,36.1875
synthetic,21-graph_structure,ours_prepared,original,0,0,False,0.57,0.5700000000000001,36.15234375
synthetic,21-graph_structure,ours_prepared,completion_projected,0,0,False,0.51,0.5,36.234375
synthetic,21-graph_structure,cudd_fixed,original,0,0,False,0.23,0.22,61.44140625
synthetic,22-graph_structure,cudd_sift,original,0,0,False,0.24,0.23,61.45703125
synthetic,22-graph_structure,cudd_sift,completion_projected,0,0,False,0.24,0.23,61.2734375
synthetic,22-graph_structure,agrum_conditioned,original,0,0,False,0.28,0.27,57.46484375
synthetic,22-graph_structure,agrum_conditioned,completion_projected,0,0,False,0.26,0.26,56.58203125
synthetic,22-graph_structure,agrum_joint,original,0,0,False,0.28,0.28,57.5703125
synthetic,22-graph_structure,agrum_joint,completion_projected,0,0,False,0.26,0.26,56.50390625
synthetic,22-graph_structure,storm_sparse,original,0,0,False,0.29,0.28,94.94140625
synthetic,22-graph_structure,storm_sparse,completion_projected,0,0,False,0.27,0.27,94.97265625
synthetic,22-graph_structure,storm_compact,original,0,0,False,0.28,0.27,95.09375
synthetic,22-graph_structure,storm_compact,completion_projected,0,0,False,0.26,0.26,95.046875
synthetic,22-graph_structure,ours_direct,original,0,0,False,0.13,0.12000000000000001,36.125
synthetic,22-graph_structure,ours_direct,completion_projected,0,0,False,0.13,0.12000000000000001,36.171875
synthetic,22-graph_structure,ours_prepared,original,0,0,False,1.16,1.16,36.28515625
synthetic,22-graph_structure,ours_prepared,completion_projected,0,0,False,1.09,1.09,36.35546875
synthetic,22-graph_structure,cudd_fixed,original,0,0,False,0.24,0.22999999999999998,61.44921875
synthetic,22-graph_structure,cudd_fixed,completion_projected,0,0,False,0.24,0.24000000000000002,61.45703125
synthetic,23-graph_structure,cudd_sift,completion_projected,0,0,False,0.24,0.24000000000000002,61.44921875
synthetic,23-graph_structure,agrum_conditioned,original,0,0,False,0.44,0.43999999999999995,57.7890625
synthetic,23-graph_structure,agrum_conditioned,completion_projected,0,0,False,0.39,0.38,56.9140625
synthetic,23-graph_structure,agrum_joint,original,0,0,False,0.38,0.37,57.7265625
synthetic,23-graph_structure,agrum_joint,completion_projected,0,0,False,0.34,0.33999999999999997,56.8515625
synthetic,23-graph_structure,storm_sparse,original,0,0,False,0.27,0.27,94.73828125
synthetic,23-graph_structure,storm_sparse,completion_projected,0,0,False,0.26,0.26,94.69921875
synthetic,23-graph_structure,storm_compact,original,0,0,False,0.26,0.26,95.10546875
synthetic,23-graph_structure,storm_compact,completion_projected,0,0,False,0.25,0.25,94.79296875
synthetic,23-graph_structure,ours_direct,original,0,0,False,0.13,0.12,36.12109375
synthetic,23-graph_structure,ours_direct,completion_projected,0,0,False,0.13,0.12000000000000001,36.15234375
synthetic,23-graph_structure,ours_prepared,original,0,0,False,0.83,0.8200000000000001,36.2265625
synthetic,23-graph_structure,ours_prepared,completion_projected,0,0,False,0.78,0.78,36.44140625
synthetic,23-graph_structure,cudd_fixed,original,0,0,False,0.24,0.23,61.44921875
synthetic,23-graph_structure,cudd_fixed,completion_projected,0,0,False,0.24,0.23,61.328125
synthetic,23-graph_structure,cudd_sift,original,0,0,False,0.24,0.24,61.2578125
synthetic,24-fully_observed,agrum_conditioned,original,0,0,False,0.26,0.25,47.98828125
synthetic,24-fully_observed,agrum_conditioned,completion_projected,0,0,False,0.16,0.15,47.7890625
synthetic,24-fully_observed,agrum_joint,original,0,0,False,0.2,0.2,47.828125
synthetic,24-fully_observed,agrum_joint,completion_projected,0,0,False,0.16,0.15,47.80078125
synthetic,24-fully_observed,storm_sparse,original,0,0,False,0.23,0.23,94.87890625
synthetic,24-fully_observed,storm_sparse,completion_projected,0,0,False,0.23,0.23,94.9609375
synthetic,24-fully_observed,storm_compact,original,0,0,False,0.23,0.23,94.7734375
synthetic,24-fully_observed,storm_compact,completion_projected,0,0,False,0.23,0.23,94.84375
synthetic,24-fully_observed,ours_direct,original,0,0,False,0.12,0.12000000000000001,36.09765625
synthetic,24-fully_observed,ours_direct,completion_projected,0,0,False,0.12,0.11,36.0625
synthetic,24-fully_observed,ours_prepared,original,0,0,False,0.21,0.19999999999999998,36.11328125
synthetic,24-fully_observed,ours_prepared,completion_projected,0,0,False,0.2,0.19,36.0625
synthetic,24-fully_observed,cudd_fixed,original,0,0,False,0.24,0.23,61.328125
synthetic,24-fully_observed,cudd_fixed,completion_projected,0,0,False,0.23,0.22,61.3984375
synthetic,24-fully_observed,cudd_sift,original,0,0,False,0.24,0.24000000000000002,61.390625
synthetic,24-fully_observed,cudd_sift,completion_projected,0,0,False,0.23,0.22,61.40234375
synthetic,25-fully_observed,agrum_conditioned,completion_projected,0,0,False,0.16,0.15,47.8984375
synthetic,25-fully_observed,agrum_joint,original,0,0,False,0.22,0.22,48.3515625
synthetic,25-fully_observed,agrum_joint,completion_projected,0,0,False,0.16,0.15,47.671875
synthetic,25-fully_observed,storm_sparse,original,0,0,False,0.24,0.23,95.0390625
synthetic,25-fully_observed,storm_sparse,completion_projected,0,0,False,0.23,0.22,95.0703125
synthetic,25-fully_observed,storm_compact,original,0,0,False,0.23,0.23,94.92578125
synthetic,25-fully_observed,storm_compact,completion_projected,0,0,False,0.23,0.22,94.91015625
synthetic,25-fully_observed,ours_direct,original,0,0,False,0.12,0.12000000000000001,36.0
synthetic,25-fully_observed,ours_direct,completion_projected,0,0,False,0.12,0.12000000000000001,36.20703125
synthetic,25-fully_observed,ours_prepared,original,0,0,False,0.25,0.25,36.21484375
synthetic,25-fully_observed,ours_prepared,completion_projected,0,0,False,0.2,0.19999999999999998,36.1328125
synthetic,25-fully_observed,cudd_fixed,original,0,0,False,0.25,0.24000000000000002,61.23828125
synthetic,25-fully_observed,cudd_fixed,completion_projected,0,0,False,0.24,0.23,61.32421875
synthetic,25-fully_observed,cudd_sift,original,0,0,False,0.24,0.24000000000000002,61.33984375
synthetic,25-fully_observed,cudd_sift,completion_projected,0,0,False,0.24,0.23,61.25390625
synthetic,25-fully_observed,agrum_conditioned,original,0,0,False,0.31,0.31,48.21875
synthetic,26-fully_observed,agrum_joint,original,0,0,False,0.32,0.31,49.66796875
synthetic,26-fully_observed,agrum_joint,completion_projected,0,0,False,0.17,0.16999999999999998,48.171875
synthetic,26-fully_observed,storm_sparse,original,0,0,False,0.25,0.25,95.35546875
synthetic,26-fully_observed,storm_sparse,completion_projected,0,0,False,0.24,0.24,95.04296875
synthetic,26-fully_observed,storm_compact,original,0,0,False,0.25,0.24000000000000002,95.59765625
synthetic,26-fully_observed,storm_compact,completion_projected,0,0,False,0.24,0.24,95.14453125
synthetic,26-fully_observed,ours_direct,original,0,0,False,0.13,0.13,36.53125
synthetic,26-fully_observed,ours_direct,completion_projected,0,0,False,0.13,0.13,36.43359375
synthetic,26-fully_observed,ours_prepared,original,0,0,False,0.38,0.37,36.47265625
synthetic,26-fully_observed,ours_prepared,completion_projected,0,0,False,0.21,0.21000000000000002,36.37109375
synthetic,26-fully_observed,cudd_fixed,original,0,0,False,0.25,0.25,61.5625
synthetic,26-fully_observed,cudd_fixed,completion_projected,0,0,False,0.24,0.23,61.57421875
synthetic,26-fully_observed,cudd_sift,original,0,0,False,0.25,0.25,61.4609375
synthetic,26-fully_observed,cudd_sift,completion_projected,0,0,False,0.24,0.24000000000000002,61.57421875
synthetic,26-fully_observed,agrum_conditioned,original,0,0,False,0.48,0.47000000000000003,49.546875
synthetic,26-fully_observed,agrum_conditioned,completion_projected,0,0,False,0.18,0.16999999999999998,48.078125
synthetic,00-graph_nodes,ours_direct,completion_projected,1,0,False,0.12,0.12000000000000001,36.02734375
synthetic,00-graph_nodes,ours_prepared,original,1,0,False,0.24,0.24,35.99609375
synthetic,00-graph_nodes,ours_prepared,completion_projected,1,0,False,0.23,0.22,36.15234375
synthetic,00-graph_nodes,cudd_fixed,original,1,0,False,0.23,0.22,61.4140625
synthetic,00-graph_nodes,cudd_fixed,completion_projected,1,0,False,0.23,0.23,61.23828125
synthetic,00-graph_nodes,cudd_sift,original,1,0,False,0.24,0.23,61.27734375
synthetic,00-graph_nodes,cudd_sift,completion_projected,1,0,False,0.23,0.23,61.2734375
synthetic,00-graph_nodes,agrum_conditioned,original,1,0,False,0.22,0.22,48.26953125
synthetic,00-graph_nodes,agrum_conditioned,completion_projected,1,0,False,0.22,0.21,48.046875
synthetic,00-graph_nodes,agrum_joint,original,1,0,False,0.18,0.18,48.25
synthetic,00-graph_nodes,agrum_joint,completion_projected,1,0,False,0.18,0.16999999999999998,48.08203125
synthetic,00-graph_nodes,storm_sparse,original,1,0,False,0.24,0.24,94.38671875
synthetic,00-graph_nodes,storm_sparse,completion_projected,1,0,False,0.24,0.24,94.6328125
synthetic,00-graph_nodes,storm_compact,original,1,0,False,0.24,0.24,94.4296875
synthetic,00-graph_nodes,storm_compact,completion_projected,1,0,False,0.24,0.23,94.77734375
synthetic,00-graph_nodes,ours_direct,original,1,0,False,0.12,0.12,36.1015625
synthetic,01-graph_nodes,ours_prepared,original,1,0,False,0.28,0.28,35.9921875
synthetic,01-graph_nodes,ours_prepared,completion_projected,1,0,False,0.26,0.25,36.0546875
synthetic,01-graph_nodes,cudd_fixed,original,1,0,False,0.23,0.22,61.3984375
synthetic,01-graph_nodes,cudd_fixed,completion_projected,1,0,False,0.23,0.23,61.40625
synthetic,01-graph_nodes,cudd_sift,original,1,0,False,0.24,0.23,61.3984375
synthetic,01-graph_nodes,cudd_sift,completion_projected,1,0,False,0.24,0.23,61.2890625
synthetic,01-graph_nodes,agrum_conditioned,original,1,0,False,0.24,0.22999999999999998,48.50390625
synthetic,01-graph_nodes,agrum_conditioned,completion_projected,1,0,False,0.22,0.22,48.328125
synthetic,01-graph_nodes,agrum_joint,original,1,0,False,0.2,0.2,48.453125
synthetic,01-graph_nodes,agrum_joint,completion_projected,1,0,False,0.19,0.18,48.19921875
synthetic,01-graph_nodes,storm_sparse,original,1,0,False,0.25,0.25,94.76953125
synthetic,01-graph_nodes,storm_sparse,completion_projected,1,0,False,0.25,0.24,94.546875
synthetic,01-graph_nodes,storm_compact,original,1,0,False,0.24,0.23,94.67578125
synthetic,01-graph_nodes,storm_compact,completion_projected,1,0,False,0.24,0.23,94.7265625
synthetic,01-graph_nodes,ours_direct,original,1,0,False,0.12,0.12000000000000001,36.09765625
synthetic,01-graph_nodes,ours_direct,completion_projected,1,0,False,0.12,0.12000000000000001,35.875
synthetic,02-graph_nodes,ours_prepared,completion_projected,1,0,False,0.31,0.31,36.15625
synthetic,02-graph_nodes,cudd_fixed,original,1,0,False,0.24,0.23,61.4140625
synthetic,02-graph_nodes,cudd_fixed,completion_projected,1,0,False,0.24,0.23,61.3984375
synthetic,02-graph_nodes,cudd_sift,original,1,0,False,0.24,0.23,61.26171875
synthetic,02-graph_nodes,cudd_sift,completion_projected,1,0,False,0.24,0.24000000000000002,61.4296875
synthetic,02-graph_nodes,agrum_conditioned,original,1,0,False,0.28,0.27,48.9375
synthetic,02-graph_nodes,agrum_conditioned,completion_projected,1,0,False,0.24,0.22999999999999998,48.55078125
synthetic,02-graph_nodes,agrum_joint,original,1,0,False,0.22,0.22,49.1796875
synthetic,02-graph_nodes,agrum_joint,completion_projected,1,0,False,0.2,0.19,48.671875
synthetic,02-graph_nodes,storm_sparse,original,1,0,False,0.26,0.25,94.6171875
synthetic,02-graph_nodes,storm_sparse,completion_projected,1,0,False,0.25,0.24,94.35546875
synthetic,02-graph_nodes,storm_compact,original,1,0,False,0.25,0.24,94.96875
synthetic,02-graph_nodes,storm_compact,completion_projected,1,0,False,0.24,0.24,94.578125
synthetic,02-graph_nodes,ours_direct,original,1,0,False,0.12,0.12,36.03125
synthetic,02-graph_nodes,ours_direct,completion_projected,1,0,False,0.13,0.12000000000000001,36.125
synthetic,02-graph_nodes,ours_prepared,original,1,0,False,0.36,0.36000000000000004,36.28515625
synthetic,03-graph_nodes,cudd_fixed,original,1,0,False,0.24,0.23,61.49609375
synthetic,03-graph_nodes,cudd_fixed,completion_projected,1,0,False,0.24,0.23,61.453125
synthetic,03-graph_nodes,cudd_sift,original,1,0,False,0.24,0.24000000000000002,61.49609375
synthetic,03-graph_nodes,cudd_sift,completion_projected,1,0,False,0.24,0.23,61.46484375
synthetic,03-graph_nodes,agrum_conditioned,original,1,0,False,0.36,0.35,50.1484375
synthetic,03-graph_nodes,agrum_conditioned,completion_projected,1,0,False,0.27,0.27,49.390625
synthetic,03-graph_nodes,agrum_joint,original,1,0,False,0.29,0.28,50.296875
synthetic,03-graph_nodes,agrum_joint,completion_projected,1,0,False,0.23,0.23,49.4296875
synthetic,03-graph_nodes,storm_sparse,original,1,0,False,0.28,0.27,95.19921875
synthetic,03-graph_nodes,storm_sparse,completion_projected,1,0,False,0.26,0.26,94.68359375
synthetic,03-graph_nodes,storm_compact,original,1,0,False,0.27,0.27,95.55078125
synthetic,03-graph_nodes,storm_compact,completion_projected,1,0,False,0.25,0.25,94.9921875
synthetic,03-graph_nodes,ours_direct,original,1,0,False,0.13,0.13,36.22265625
synthetic,03-graph_nodes,ours_direct,completion_projected,1,0,False,0.13,0.12,36.296875
synthetic,03-graph_nodes,ours_prepared,original,1,0,False,0.52,0.51,36.28515625
synthetic,03-graph_nodes,ours_prepared,completion_projected,1,0,False,0.41,0.4,36.34375
synthetic,04-graph_nodes,cudd_fixed,completion_projected,1,0,False,0.24,0.23,61.515625
synthetic,04-graph_nodes,cudd_sift,original,1,0,False,0.25,0.24,61.50390625
synthetic,04-graph_nodes,cudd_sift,completion_projected,1,0,False,0.25,0.24000000000000002,61.40625
synthetic,04-graph_nodes,agrum_conditioned,original,1,0,False,0.45,0.44999999999999996,51.7734375
synthetic,04-graph_nodes,agrum_conditioned,completion_projected,1,0,False,0.31,0.30000000000000004,50.14453125
synthetic,04-graph_nodes,agrum_joint,original,1,0,False,0.37,0.37,51.953125
synthetic,04-graph_nodes,agrum_joint,completion_projected,1,0,False,0.27,0.27,50.20703125
synthetic,04-graph_nodes,storm_sparse,original,1,0,False,0.3,0.29000000000000004,95.1953125
synthetic,04-graph_nodes,storm_sparse,completion_projected,1,0,False,0.27,0.26,94.90625
synthetic,04-graph_nodes,storm_compact,original,1,0,False,0.29,0.27999999999999997,95.6953125
synthetic,04-graph_nodes,storm_compact,completion_projected,1,0,False,0.26,0.25,94.9296875
synthetic,04-graph_nodes,ours_direct,original,1,0,False,0.14,0.13,36.35546875
synthetic,04-graph_nodes,ours_direct,completion_projected,1,0,False,0.14,0.13999999999999999,36.3671875
synthetic,04-graph_nodes,ours_prepared,original,1,0,False,0.66,0.65,36.328125
synthetic,04-graph_nodes,ours_prepared,completion_projected,1,0,False,0.53,0.52,36.5703125
synthetic,04-graph_nodes,cudd_fixed,original,1,0,False,0.24,0.23,61.5859375
synthetic,05-completions,cudd_sift,original,1,0,False,0.23,0.22,61.4296875
synthetic,05-completions,cudd_sift,completion_projected,1,0,False,0.24,0.23,61.21484375
synthetic,05-completions,agrum_conditioned,original,1,0,False,0.22,0.21000000000000002,48.11328125
synthetic,05-completions,agrum_conditioned,completion_projected,1,0,False,0.22,0.21,47.984375
synthetic,05-completions,agrum_joint,original,1,0,False,0.18,0.16999999999999998,48.09375
synthetic,05-completions,agrum_joint,completion_projected,1,0,False,0.18,0.17,48.21484375
synthetic,05-completions,storm_sparse,original,1,0,False,0.24,0.24,94.41796875
synthetic,05-completions,storm_sparse,completion_projected,1,0,False,0.24,0.24,94.5078125
synthetic,05-completions,storm_compact,original,1,0,False,0.24,0.23,94.82421875
synthetic,05-completions,storm_compact,completion_projected,1,0,False,0.24,0.22999999999999998,94.7265625
synthetic,05-completions,ours_direct,original,1,0,False,0.12,0.11,36.11328125
synthetic,05-completions,ours_direct,completion_projected,1,0,False,0.12,0.11,36.09765625
synthetic,05-completions,ours_prepared,original,1,0,False,0.25,0.25,35.9765625
synthetic,05-completions,ours_prepared,completion_projected,1,0,False,0.23,0.22,36.00390625
synthetic,05-completions,cudd_fixed,original,1,0,False,0.24,0.24000000000000002,61.28515625
synthetic,05-completions,cudd_fixed,completion_projected,1,0,False,0.23,0.22,61.1875
synthetic,06-completions,cudd_sift,completion_projected,1,0,False,0.24,0.24,61.25390625
synthetic,06-completions,agrum_conditioned,original,1,0,False,0.24,0.24,48.49609375
synthetic,06-completions,agrum_conditioned,completion_projected,1,0,False,0.23,0.22,48.23828125
synthetic,06-completions,agrum_joint,original,1,0,False,0.2,0.19,48.51171875
synthetic,06-completions,agrum_joint,completion_projected,1,0,False,0.19,0.18,48.21484375
synthetic,06-completions,storm_sparse,original,1,0,False,0.25,0.24,94.6171875
synthetic,06-completions,storm_sparse,completion_projected,1,0,False,0.25,0.24000000000000002,94.6953125
synthetic,06-completions,storm_compact,original,1,0,False,0.24,0.24000000000000002,94.8984375
synthetic,06-completions,storm_compact,completion_projected,1,0,False,0.24,0.23,94.48046875
synthetic,06-completions,ours_direct,original,1,0,False,0.12,0.12000000000000001,36.140625
synthetic,06-completions,ours_direct,completion_projected,1,0,False,0.12,0.11,36.0390625
synthetic,06-completions,ours_prepared,original,1,0,False,0.29,0.29000000000000004,36.09375
synthetic,06-completions,ours_prepared,completion_projected,1,0,False,0.26,0.25,36.05078125
synthetic,06-completions,cudd_fixed,original,1,0,False,0.23,0.23,61.4296875
synthetic,06-completions,cudd_fixed,completion_projected,1,0,False,0.23,0.23,61.4375
synthetic,06-completions,cudd_sift,original,1,0,False,0.23,0.23,61.3515625
synthetic,07-completions,agrum_conditioned,original,1,0,False,0.27,0.26,48.828125
synthetic,07-completions,agrum_conditioned,completion_projected,1,0,False,0.23,0.23,48.42578125
synthetic,07-completions,agrum_joint,original,1,0,False,0.22,0.21,49.046875
synthetic,07-completions,agrum_joint,completion_projected,1,0,False,0.19,0.19,48.33203125
synthetic,07-completions,storm_sparse,original,1,0,False,0.26,0.25,94.58984375
synthetic,07-completions,storm_sparse,completion_projected,1,0,False,0.25,0.24,94.84765625
synthetic,07-completions,storm_compact,original,1,0,False,0.25,0.24,94.7890625
synthetic,07-completions,storm_compact,completion_projected,1,0,False,0.24,0.22999999999999998,94.50390625
synthetic,07-completions,ours_direct,original,1,0,False,0.12,0.12000000000000001,36.17578125
synthetic,07-completions,ours_direct,completion_projected,1,0,False,0.12,0.11,36.0546875
synthetic,07-completions,ours_prepared,original,1,0,False,0.34,0.34,36.2734375
synthetic,07-completions,ours_prepared,completion_projected,1,0,False,0.29,0.28,36.23046875
synthetic,07-completions,cudd_fixed,original,1,0,False,0.23,0.23,61.296875
synthetic,07-completions,cudd_fixed,completion_projected,1,0,False,0.23,0.23,61.453125
synthetic,07-completions,cudd_sift,original,1,0,False,0.24,0.23,61.421875
synthetic,07-completions,cudd_sift,completion_projected,1,0,False,0.24,0.23,61.4453125
synthetic,08-completions,agrum_conditioned,completion_projected,1,0,False,0.25,0.25,48.77734375
synthetic,08-completions,agrum_joint,original,1,0,False,0.26,0.26,49.99609375
synthetic,08-completions,agrum_joint,completion_projected,1,0,False,0.21,0.19999999999999998,48.84765625
synthetic,08-completions,storm_sparse,original,1,0,False,0.27,0.26,94.859375
synthetic,08-completions,storm_sparse,completion_projected,1,0,False,0.25,0.25,94.7421875
synthetic,08-completions,storm_compact,original,1,0,False,0.26,0.25,95.45703125
synthetic,08-completions,storm_compact,completion_projected,1,0,False,0.25,0.24,94.58203125
synthetic,08-completions,ours_direct,original,1,0,False,0.13,0.12000000000000001,36.15625
synthetic,08-completions,ours_direct,completion_projected,1,0,False,0.13,0.12000000000000001,36.1171875
synthetic,08-completions,ours_prepared,original,1,0,False,0.44,0.44,36.34765625
synthetic,08-completions,ours_prepared,completion_projected,1,0,False,0.33,0.32,36.25390625
synthetic,08-completions,cudd_fixed,original,1,0,False,0.24,0.23,61.25
synthetic,08-completions,cudd_fixed,completion_projected,1,0,False,0.24,0.24000000000000002,61.28125
synthetic,08-completions,cudd_sift,original,1,0,False,0.24,0.24,61.41015625
synthetic,08-completions,cudd_sift,completion_projected,1,0,False,0.24,0.23,61.5078125
synthetic,08-completions,agrum_conditioned,original,1,0,False,0.33,0.32,49.79296875
synthetic,09-completions,agrum_joint,original,1,0,False,0.32,0.31000000000000005,51.09765625
synthetic,09-completions,agrum_joint,completion_projected,1,0,False,0.22,0.22,49.23046875
synthetic,09-completions,storm_sparse,original,1,0,False,0.28,0.27999999999999997,94.94140625
synthetic,09-completions,storm_sparse,completion_projected,1,0,False,0.26,0.25,95.0859375
synthetic,09-completions,storm_compact,original,1,0,False,0.27,0.26,95.62109375
synthetic,09-completions,storm_compact,completion_projected,1,0,False,0.25,0.25,95.0
synthetic,09-completions,ours_direct,original,1,0,False,0.13,0.13,36.3515625
synthetic,09-completions,ours_direct,completion_projected,1,0,False,0.13,0.13,36.26953125
synthetic,09-completions,ours_prepared,original,1,0,False,0.54,0.54,36.375
synthetic,09-completions,ours_prepared,completion_projected,1,0,False,0.37,0.36,36.53125
synthetic,09-completions,cudd_fixed,original,1,0,False,0.24,0.23,61.2890625
synthetic,09-completions,cudd_fixed,completion_projected,1,0,False,0.24,0.24000000000000002,61.44140625
synthetic,09-completions,cudd_sift,original,1,0,False,0.24,0.24000000000000002,61.32421875
synthetic,09-completions,cudd_sift,completion_projected,1,0,False,0.24,0.24000000000000002,61.34375
synthetic,09-completions,agrum_conditioned,original,1,0,False,0.39,0.39,51.015625
synthetic,09-completions,agrum_conditioned,completion_projected,1,0,False,0.26,0.25,49.11328125
synthetic,10-unknown_controls,agrum_joint,completion_projected,1,0,False,0.19,0.18,48.26953125
synthetic,10-unknown_controls,storm_sparse,original,1,0,False,0.24,0.24,94.515625
synthetic,10-unknown_controls,storm_sparse,completion_projected,1,0,False,0.24,0.23,94.63671875
synthetic,10-unknown_controls,storm_compact,original,1,0,False,0.24,0.23,94.59375
synthetic,10-unknown_controls,storm_compact,completion_projected,1,0,False,0.23,0.23,94.49609375
synthetic,10-unknown_controls,ours_direct,original,1,0,False,0.12,0.11,36.09765625
synthetic,10-unknown_controls,ours_direct,completion_projected,1,0,False,0.12,0.11,36.00390625
synthetic,10-unknown_controls,ours_prepared,original,1,0,False,0.28,0.28,36.09765625
synthetic,10-unknown_controls,ours_prepared,completion_projected,1,0,False,0.26,0.26,35.98828125
synthetic,10-unknown_controls,cudd_fixed,original,1,0,False,0.24,0.23,61.4140625
synthetic,10-unknown_controls,cudd_fixed,completion_projected,1,0,False,0.23,0.23,61.44140625
synthetic,10-unknown_controls,cudd_sift,original,1,0,False,0.23,0.23,61.40625
synthetic,10-unknown_controls,cudd_sift,completion_projected,1,0,False,0.24,0.23,61.29296875
synthetic,10-unknown_controls,agrum_conditioned,original,1,0,False,0.24,0.24,48.4609375
synthetic,10-unknown_controls,agrum_conditioned,completion_projected,1,0,False,0.22,0.22,48.30078125
synthetic,10-unknown_controls,agrum_joint,original,1,0,False,0.19,0.18,48.55859375
synthetic,11-unknown_controls,storm_sparse,original,1,0,False,0.24,0.24,94.41796875
synthetic,11-unknown_controls,storm_sparse,completion_projected,1,0,False,0.24,0.23,94.484375
synthetic,11-unknown_controls,storm_compact,original,1,0,False,0.24,0.23,94.4765625
synthetic,11-unknown_controls,storm_compact,completion_projected,1,0,False,0.24,0.23,94.8125
synthetic,11-unknown_controls,ours_direct,original,1,0,False,0.12,0.11,36.0625
synthetic,11-unknown_controls,ours_direct,completion_projected,1,0,False,0.12,0.11,36.109375
synthetic,11-unknown_controls,ours_prepared,original,1,0,False,0.29,0.29000000000000004,36.01953125
synthetic,11-unknown_controls,ours_prepared,completion_projected,1,0,False,0.26,0.25,36.1015625
synthetic,11-unknown_controls,cudd_fixed,original,1,0,False,0.23,0.23,61.40234375
synthetic,11-unknown_controls,cudd_fixed,completion_projected,1,0,False,0.23,0.23,61.41796875
synthetic,11-unknown_controls,cudd_sift,original,1,0,False,0.24,0.23,61.38671875
synthetic,11-unknown_controls,cudd_sift,completion_projected,1,0,False,0.24,0.23,61.1953125
synthetic,11-unknown_controls,agrum_conditioned,original,1,0,False,0.24,0.22999999999999998,48.3828125
synthetic,11-unknown_controls,agrum_conditioned,completion_projected,1,0,False,0.22,0.22,48.34765625
synthetic,11-unknown_controls,agrum_joint,original,1,0,False,0.2,0.19,48.55078125
synthetic,11-unknown_controls,agrum_joint,completion_projected,1,0,False,0.19,0.18,48.23046875
synthetic,12-unknown_controls,storm_sparse,completion_projected,1,0,False,0.25,0.24,94.57421875
synthetic,12-unknown_controls,storm_compact,original,1,0,False,0.24,0.23,94.95703125
synthetic,12-unknown_controls,storm_compact,completion_projected,1,0,False,0.24,0.23,94.55078125
synthetic,12-unknown_controls,ours_direct,original,1,0,False,0.12,0.12000000000000001,36.0546875
synthetic,12-unknown_controls,ours_direct,completion_projected,1,0,False,0.13,0.13,35.99609375
synthetic,12-unknown_controls,ours_prepared,original,1,0,False,0.28,0.28,35.98828125
synthetic,12-unknown_controls,ours_prepared,completion_projected,1,0,False,0.26,0.26,36.046875
synthetic,12-unknown_controls,cudd_fixed,original,1,0,False,0.23,0.22,61.2421875
synthetic,12-unknown_controls,cudd_fixed,completion_projected,1,0,False,0.24,0.23,61.359375
synthetic,12-unknown_controls,cudd_sift,original,1,0,False,0.23,0.23,61.28125
synthetic,12-unknown_controls,cudd_sift,completion_projected,1,0,False,0.24,0.23,61.36328125
synthetic,12-unknown_controls,agrum_conditioned,original,1,0,False,0.24,0.22999999999999998,48.5
synthetic,12-unknown_controls,agrum_conditioned,completion_projected,1,0,False,0.22,0.21,48.40234375
synthetic,12-unknown_controls,agrum_joint,original,1,0,False,0.2,0.19999999999999998,48.5234375
synthetic,12-unknown_controls,agrum_joint,completion_projected,1,0,False,0.19,0.18,48.31640625
synthetic,12-unknown_controls,storm_sparse,original,1,0,False,0.25,0.24,94.83984375
synthetic,13-unknown_controls,storm_compact,original,1,0,False,0.26,0.25,94.640625
synthetic,13-unknown_controls,storm_compact,completion_projected,1,0,False,0.25,0.24,94.578125
synthetic,13-unknown_controls,ours_direct,original,1,0,False,0.13,0.13,36.28125
synthetic,13-unknown_controls,ours_direct,completion_projected,1,0,False,0.13,0.13,36.1015625
synthetic,13-unknown_controls,ours_prepared,original,1,0,False,0.29,0.29000000000000004,35.9921875
synthetic,13-unknown_controls,ours_prepared,completion_projected,1,0,False,0.26,0.25,36.04296875
synthetic,13-unknown_controls,cudd_fixed,original,1,0,False,0.23,0.23,61.40625
synthetic,13-unknown_controls,cudd_fixed,completion_projected,1,0,False,0.23,0.23,61.35546875
synthetic,13-unknown_controls,cudd_sift,original,1,0,False,0.24,0.23,61.32421875
synthetic,13-unknown_controls,cudd_sift,completion_projected,1,0,False,0.24,0.24,61.4375
synthetic,13-unknown_controls,agrum_conditioned,original,1,0,False,0.24,0.24,48.39453125
synthetic,13-unknown_controls,agrum_conditioned,completion_projected,1,0,False,0.22,0.22,48.21875
synthetic,13-unknown_controls,agrum_joint,original,1,0,False,0.19,0.19,48.421875
synthetic,13-unknown_controls,agrum_joint,completion_projected,1,0,False,0.19,0.18,48.33984375
synthetic,13-unknown_controls,storm_sparse,original,1,0,False,0.28,0.26,94.95703125
synthetic,13-unknown_controls,storm_sparse,completion_projected,1,0,False,0.27,0.26,95.0703125
synthetic,14-unknown_controls,storm_compact,completion_projected,1,0,False,0.31,0.31000000000000005,95.32421875
synthetic,14-unknown_controls,ours_direct,original,1,0,False,0.18,0.17,36.47265625
synthetic,14-unknown_controls,ours_direct,completion_projected,1,0,False,0.17,0.16,36.65625
synthetic,14-unknown_controls,ours_prepared,original,1,0,False,0.28,0.28,36.1484375
synthetic,14-unknown_controls,ours_prepared,completion_projected,1,0,False,0.26,0.25,36.1171875
synthetic,14-unknown_controls,cudd_fixed,original,1,0,False,0.23,0.22,61.40625
synthetic,14-unknown_controls,cudd_fixed,completion_projected,1,0,False,0.23,0.23,61.41015625
synthetic,14-unknown_controls,cudd_sift,original,1,0,False,0.24,0.23,61.36328125
synthetic,14-unknown_controls,cudd_sift,completion_projected,1,0,False,0.23,0.23,61.359375
synthetic,14-unknown_controls,agrum_conditioned,original,1,0,False,0.24,0.24,48.3203125
synthetic,14-unknown_controls,agrum_conditioned,completion_projected,1,0,False,0.22,0.22,48.328125
synthetic,14-unknown_controls,agrum_joint,original,1,0,False,0.2,0.19,48.34765625
synthetic,14-unknown_controls,agrum_joint,completion_projected,1,0,False,0.18,0.18,48.23828125
synthetic,14-unknown_controls,storm_sparse,original,1,0,False,0.36,0.36,95.68359375
synthetic,14-unknown_controls,storm_sparse,completion_projected,1,0,False,0.36,0.35000000000000003,95.59765625
synthetic,14-unknown_controls,storm_compact,original,1,0,False,0.31,0.31000000000000005,95.9453125
synthetic,15-unknown_controls,ours_direct,original,1,0,False,0.36,0.35000000000000003,38.15625
synthetic,15-unknown_controls,ours_direct,completion_projected,1,0,False,0.34,0.34,38.1875
synthetic,15-unknown_controls,ours_prepared,original,1,0,False,0.28,0.28,36.140625
synthetic,15-unknown_controls,ours_prepared,completion_projected,1,0,False,0.26,0.25,35.984375
synthetic,15-unknown_controls,cudd_fixed,original,1,0,False,0.24,0.23,61.265625
synthetic,15-unknown_controls,cudd_fixed,completion_projected,1,0,False,0.24,0.23,61.43359375
synthetic,15-unknown_controls,cudd_sift,original,1,0,False,0.24,0.22999999999999998,61.3125
synthetic,15-unknown_controls,cudd_sift,completion_projected,1,0,False,0.24,0.23,61.4140625
synthetic,15-unknown_controls,agrum_conditioned,original,1,0,False,0.24,0.22999999999999998,48.4609375
synthetic,15-unknown_controls,agrum_conditioned,completion_projected,1,0,False,0.22,0.22,48.234375
synthetic,15-unknown_controls,agrum_joint,original,1,0,False,0.2,0.19,48.52734375
synthetic,15-unknown_controls,agrum_joint,completion_projected,1,0,False,0.18,0.18,48.28515625
synthetic,15-unknown_controls,storm_sparse,original,1,0,False,0.65,0.65,97.11328125
synthetic,15-unknown_controls,storm_sparse,completion_projected,1,0,False,0.61,0.6,96.921875
synthetic,15-unknown_controls,storm_compact,original,1,0,False,0.53,0.53,97.2265625
synthetic,15-unknown_controls,storm_compact,completion_projected,1,0,False,0.49,0.49,96.8515625
synthetic,16-categories,ours_direct,completion_projected,1,0,False,0.12,0.12000000000000001,36.0
synthetic,16-categories,ours_prepared,original,1,0,False,0.34,0.33,35.95703125
synthetic,16-categories,ours_prepared,completion_projected,1,0,False,0.29,0.28,36.1328125
synthetic,16-categories,cudd_fixed,original,1,0,False,0.24,0.23,61.40625
synthetic,16-categories,cudd_fixed,completion_projected,1,0,False,0.24,0.23,61.4453125
synthetic,16-categories,cudd_sift,original,1,0,False,0.24,0.23,61.31640625
synthetic,16-categories,cudd_sift,completion_projected,1,0,False,0.24,0.23,61.3359375
synthetic,16-categories,agrum_conditioned,original,1,0,False,0.27,0.27,48.84765625
synthetic,16-categories,agrum_conditioned,completion_projected,1,0,False,0.23,0.23,48.40234375
synthetic,16-categories,agrum_joint,original,1,0,False,0.22,0.21,49.04296875
synthetic,16-categories,agrum_joint,completion_projected,1,0,False,0.19,0.19,48.42578125
synthetic,16-categories,storm_sparse,original,1,0,False,0.26,0.25,94.72265625
synthetic,16-categories,storm_sparse,completion_projected,1,0,False,0.25,0.24,94.46484375
synthetic,16-categories,storm_compact,original,1,0,False,0.25,0.24000000000000002,94.71875
synthetic,16-categories,storm_compact,completion_projected,1,0,False,0.24,0.24,94.5
synthetic,16-categories,ours_direct,original,1,0,False,0.12,0.12000000000000001,36.16015625
synthetic,17-categories,ours_prepared,original,1,0,False,0.35,0.34,36.28515625
synthetic,17-categories,ours_prepared,completion_projected,1,0,False,0.32,0.31,36.28515625
synthetic,17-categories,cudd_fixed,original,1,0,False,0.24,0.24,61.3828125
synthetic,17-categories,cudd_fixed,completion_projected,1,0,False,0.24,0.23,61.44921875
synthetic,17-categories,cudd_sift,original,1,0,False,0.24,0.23,61.44140625
synthetic,17-categories,cudd_sift,completion_projected,1,0,False,0.24,0.23,61.48046875
synthetic,17-categories,agrum_conditioned,original,1,0,False,0.47,0.47,49.1640625
synthetic,17-categories,agrum_conditioned,completion_projected,1,0,False,0.23,0.22999999999999998,48.46875
synthetic,17-categories,agrum_joint,original,1,0,False,0.28,0.27,49.16796875
synthetic,17-categories,agrum_joint,completion_projected,1,0,False,0.2,0.19,48.52734375
synthetic,17-categories,storm_sparse,original,1,0,False,0.44,0.43,96.5625
synthetic,17-categories,storm_sparse,completion_projected,1,0,False,0.25,0.25,94.48046875
synthetic,17-categories,storm_compact,original,1,0,False,0.35,0.35,96.6875
synthetic,17-categories,storm_compact,completion_projected,1,0,False,0.25,0.24,94.42578125
synthetic,17-categories,ours_direct,original,1,0,False,0.18,0.16,36.15234375
synthetic,17-categories,ours_direct,completion_projected,1,0,False,0.12,0.12000000000000001,36.15234375
synthetic,18-categories,ours_prepared,completion_projected,1,0,False,0.3,0.30000000000000004,36.4765625
synthetic,18-categories,cudd_fixed,original,1,0,False,0.27,0.27,61.32421875
synthetic,18-categories,cudd_fixed,completion_projected,1,0,False,0.24,0.24000000000000002,61.49609375
synthetic,18-categories,cudd_sift,original,1,0,False,0.28,0.27,61.48828125
synthetic,18-categories,cudd_sift,completion_projected,1,0,False,0.25,0.24,61.49609375
synthetic,18-categories,agrum_conditioned,original,1,0,False,1.32,1.31,49.296875
synthetic,18-categories,agrum_conditioned,completion_projected,1,0,False,0.24,0.22999999999999998,48.65625
synthetic,18-categories,agrum_joint,original,1,0,False,0.53,0.53,49.6171875
synthetic,18-categories,agrum_joint,completion_projected,1,0,False,0.2,0.19999999999999998,48.7109375
synthetic,18-categories,storm_sparse,original,1,0,False,1.21,1.2,103.2578125
synthetic,18-categories,storm_sparse,completion_projected,1,0,False,0.26,0.25,95.03125
synthetic,18-categories,storm_compact,original,1,0,False,0.77,0.77,100.05078125
synthetic,18-categories,storm_compact,completion_projected,1,0,False,0.25,0.24,95.0625
synthetic,18-categories,ours_direct,original,1,0,False,0.4,0.4,36.47265625
synthetic,18-categories,ours_direct,completion_projected,1,0,False,0.13,0.13,36.3515625
synthetic,18-categories,ours_prepared,original,1,0,False,0.38,0.37,36.47265625
synthetic,19-categories,cudd_fixed,original,1,0,False,0.32,0.32,61.51953125
synthetic,19-categories,cudd_fixed,completion_projected,1,0,False,0.25,0.25,61.62890625
synthetic,19-categories,cudd_sift,original,1,0,False,0.32,0.32,61.5859375
synthetic,19-categories,cudd_sift,completion_projected,1,0,False,0.26,0.25,61.41796875
synthetic,19-categories,agrum_conditioned,original,1,0,False,2.51,2.5,50.05078125
synthetic,19-categories,agrum_conditioned,completion_projected,1,0,False,0.25,0.25,48.8125
synthetic,19-categories,agrum_joint,original,1,0,False,0.87,0.86,50.41796875
synthetic,19-categories,agrum_joint,completion_projected,1,0,False,0.21,0.21,48.9375
synthetic,19-categories,storm_sparse,original,1,0,False,2.22,2.21,112.71875
synthetic,19-categories,storm_sparse,completion_projected,1,0,False,0.27,0.26,94.91796875
synthetic,19-categories,storm_compact,original,1,0,False,1.35,1.35,105.625
synthetic,19-categories,storm_compact,completion_projected,1,0,False,0.26,0.25,94.92578125
synthetic,19-categories,ours_direct,original,1,0,False,0.7,0.6900000000000001,36.73046875
synthetic,19-categories,ours_direct,completion_projected,1,0,False,0.14,0.14,36.5234375
synthetic,19-categories,ours_prepared,original,1,0,False,0.4,0.39,36.671875
synthetic,19-categories,ours_prepared,completion_projected,1,0,False,0.3,0.30000000000000004,36.48828125
synthetic,20-graph_structure,cudd_fixed,completion_projected,1,0,False,0.24,0.23,61.34765625
synthetic,20-graph_structure,cudd_sift,original,1,0,False,0.24,0.24,61.1875
synthetic,20-graph_structure,cudd_sift,completion_projected,1,0,False,0.24,0.24,61.3984375
synthetic,20-graph_structure,agrum_conditioned,original,1,0,False,0.26,0.26,48.53125
synthetic,20-graph_structure,agrum_conditioned,completion_projected,1,0,False,0.24,0.22999999999999998,48.25390625
synthetic,20-graph_structure,agrum_joint,original,1,0,False,0.21,0.21,48.60546875
synthetic,20-graph_structure,agrum_joint,completion_projected,1,0,False,0.2,0.19,48.42578125
synthetic,20-graph_structure,storm_sparse,original,1,0,False,0.25,0.25,94.66796875
synthetic,20-graph_structure,storm_sparse,completion_projected,1,0,False,0.25,0.24,94.796875
synthetic,20-graph_structure,storm_compact,original,1,0,False,0.25,0.24,95.0078125
synthetic,20-graph_structure,storm_compact,completion_projected,1,0,False,0.24,0.24,94.6015625
synthetic,20-graph_structure,ours_direct,original,1,0,False,0.12,0.12000000000000001,36.06640625
synthetic,20-graph_structure,ours_direct,completion_projected,1,0,False,0.12,0.12000000000000001,36.0546875
synthetic,20-graph_structure,ours_prepared,original,1,0,False,0.32,0.32,36.1875
synthetic,20-graph_structure,ours_prepared,completion_projected,1,0,False,0.29,0.28,36.2265625
synthetic,20-graph_structure,cudd_fixed,original,1,0,False,0.24,0.23,61.34765625
synthetic,21-graph_structure,cudd_sift,original,1,0,False,0.24,0.23,61.328125
synthetic,21-graph_structure,cudd_sift,completion_projected,1,0,False,0.24,0.24,61.40625
synthetic,21-graph_structure,agrum_conditioned,original,1,0,False,0.38,0.37,50.765625
synthetic,21-graph_structure,agrum_conditioned,completion_projected,1,0,False,0.31,0.31,50.1640625
synthetic,21-graph_structure,agrum_joint,original,1,0,False,0.32,0.31,51.109375
synthetic,21-graph_structure,agrum_joint,completion_projected,1,0,False,0.28,0.27,50.2265625
synthetic,21-graph_structure,storm_sparse,original,1,0,False,0.27,0.27,94.89453125
synthetic,21-graph_structure,storm_sparse,completion_projected,1,0,False,0.26,0.25,94.703125
synthetic,21-graph_structure,storm_compact,original,1,0,False,0.26,0.25,95.07421875
synthetic,21-graph_structure,storm_compact,completion_projected,1,0,False,0.25,0.24000000000000002,94.92578125
synthetic,21-graph_structure,ours_direct,original,1,0,False,0.13,0.12000000000000001,36.23046875
synthetic,21-graph_structure,ours_direct,completion_projected,1,0,False,0.13,0.12000000000000001,36.28515625
synthetic,21-graph_structure,ours_prepared,original,1,0,False,0.57,0.5700000000000001,36.16796875
synthetic,21-graph_structure,ours_prepared,completion_projected,1,0,False,0.51,0.5,36.0234375
synthetic,21-graph_structure,cudd_fixed,original,1,0,False,0.24,0.23,61.30859375
synthetic,21-graph_structure,cudd_fixed,completion_projected,1,0,False,0.24,0.24000000000000002,61.234375
synthetic,22-graph_structure,cudd_sift,completion_projected,1,0,False,0.24,0.23,61.28125
synthetic,22-graph_structure,agrum_conditioned,original,1,0,False,0.28,0.28,57.5
synthetic,22-graph_structure,agrum_conditioned,completion_projected,1,0,False,0.26,0.25,56.578125
synthetic,22-graph_structure,agrum_joint,original,1,0,False,0.28,0.28,57.484375
synthetic,22-graph_structure,agrum_joint,completion_projected,1,0,False,0.26,0.25,56.63671875
synthetic,22-graph_structure,storm_sparse,original,1,0,False,0.28,0.27999999999999997,95.015625
synthetic,22-graph_structure,storm_sparse,completion_projected,1,0,False,0.28,0.27,95.07421875
synthetic,22-graph_structure,storm_compact,original,1,0,False,0.28,0.27,95.45703125
synthetic,22-graph_structure,storm_compact,completion_projected,1,0,False,0.27,0.26,94.91015625
synthetic,22-graph_structure,ours_direct,original,1,0,False,0.13,0.12,36.23046875
synthetic,22-graph_structure,ours_direct,completion_projected,1,0,False,0.13,0.12000000000000001,36.14453125
synthetic,22-graph_structure,ours_prepared,original,1,0,False,1.16,1.15,36.33984375
synthetic,22-graph_structure,ours_prepared,completion_projected,1,0,False,1.09,1.09,36.3671875
synthetic,22-graph_structure,cudd_fixed,original,1,0,False,0.24,0.23,61.234375
synthetic,22-graph_structure,cudd_fixed,completion_projected,1,0,False,0.24,0.24000000000000002,61.2890625
synthetic,22-graph_structure,cudd_sift,original,1,0,False,0.24,0.24,61.2421875
synthetic,23-graph_structure,agrum_conditioned,original,1,0,False,0.44,0.43999999999999995,57.73828125
synthetic,23-graph_structure,agrum_conditioned,completion_projected,1,0,False,0.39,0.38,56.875
synthetic,23-graph_structure,agrum_joint,original,1,0,False,0.38,0.37,57.7734375
synthetic,23-graph_structure,agrum_joint,completion_projected,1,0,False,0.34,0.33999999999999997,57.01171875
synthetic,23-graph_structure,storm_sparse,original,1,0,False,0.28,0.27,94.74609375
synthetic,23-graph_structure,storm_sparse,completion_projected,1,0,False,0.26,0.26,95.04296875
synthetic,23-graph_structure,storm_compact,original,1,0,False,0.27,0.26,95.39453125
synthetic,23-graph_structure,storm_compact,completion_projected,1,0,False,0.26,0.25,95.02734375
synthetic,23-graph_structure,ours_direct,original,1,0,False,0.13,0.12000000000000001,36.22265625
synthetic,23-graph_structure,ours_direct,completion_projected,1,0,False,0.13,0.12000000000000001,36.21484375
synthetic,23-graph_structure,ours_prepared,original,1,0,False,0.86,0.86,36.24609375
synthetic,23-graph_structure,ours_prepared,completion_projected,1,0,False,0.75,0.74,36.37109375
synthetic,23-graph_structure,cudd_fixed,original,1,0,False,0.24,0.23,61.38671875
synthetic,23-graph_structure,cudd_fixed,completion_projected,1,0,False,0.24,0.23,61.2421875
synthetic,23-graph_structure,cudd_sift,original,1,0,False,0.24,0.23,61.234375
synthetic,23-graph_structure,cudd_sift,completion_projected,1,0,False,0.24,0.24000000000000002,61.33203125
synthetic,24-fully_observed,agrum_conditioned,completion_projected,1,0,False,0.16,0.16,47.734375
synthetic,24-fully_observed,agrum_joint,original,1,0,False,0.2,0.19,47.9296875
synthetic,24-fully_observed,agrum_joint,completion_projected,1,0,False,0.16,0.15,47.79296875
synthetic,24-fully_observed,storm_sparse,original,1,0,False,0.24,0.23,94.66796875
synthetic,24-fully_observed,storm_sparse,completion_projected,1,0,False,0.23,0.22,94.6796875
synthetic,24-fully_observed,storm_compact,original,1,0,False,0.23,0.23,94.96484375
synthetic,24-fully_observed,storm_compact,completion_projected,1,0,False,0.23,0.23,94.8359375
synthetic,24-fully_observed,ours_direct,original,1,0,False,0.12,0.11,36.08984375
synthetic,24-fully_observed,ours_direct,completion_projected,1,0,False,0.12,0.11,36.10546875
synthetic,24-fully_observed,ours_prepared,original,1,0,False,0.21,0.21,35.9921875
synthetic,24-fully_observed,ours_prepared,completion_projected,1,0,False,0.2,0.19,36.1015625
synthetic,24-fully_observed,cudd_fixed,original,1,0,False,0.24,0.23,61.265625
synthetic,24-fully_observed,cudd_fixed,completion_projected,1,0,False,0.23,0.22,61.27734375
synthetic,24-fully_observed,cudd_sift,original,1,0,False,0.24,0.23,61.3984375
synthetic,24-fully_observed,cudd_sift,completion_projected,1,0,False,0.23,0.23,61.40625
synthetic,24-fully_observed,agrum_conditioned,original,1,0,False,0.26,0.26,47.84765625
synthetic,25-fully_observed,agrum_joint,original,1,0,False,0.23,0.22,48.44140625
synthetic,25-fully_observed,agrum_joint,completion_projected,1,0,False,0.16,0.15,47.8046875
synthetic,25-fully_observed,storm_sparse,original,1,0,False,0.24,0.23,95.21875
synthetic,25-fully_observed,storm_sparse,completion_projected,1,0,False,0.23,0.23,94.7734375
synthetic,25-fully_observed,storm_compact,original,1,0,False,0.24,0.23,95.26171875
synthetic,25-fully_observed,storm_compact,completion_projected,1,0,False,0.23,0.23,95.0078125
synthetic,25-fully_observed,ours_direct,original,1,0,False,0.13,0.12000000000000001,36.0078125
synthetic,25-fully_observed,ours_direct,completion_projected,1,0,False,0.12,0.12000000000000001,36.1171875
synthetic,25-fully_observed,ours_prepared,original,1,0,False,0.26,0.26,36.1640625
synthetic,25-fully_observed,ours_prepared,completion_projected,1,0,False,0.2,0.19,36.12890625
synthetic,25-fully_observed,cudd_fixed,original,1,0,False,0.24,0.24000000000000002,61.3828125
synthetic,25-fully_observed,cudd_fixed,completion_projected,1,0,False,0.24,0.23,61.34375
synthetic,25-fully_observed,cudd_sift,original,1,0,False,0.24,0.24000000000000002,61.23046875
synthetic,25-fully_observed,cudd_sift,completion_projected,1,0,False,0.23,0.23,61.046875
synthetic,25-fully_observed,agrum_conditioned,original,1,0,False,0.31,0.31,48.3125
synthetic,25-fully_observed,agrum_conditioned,completion_projected,1,0,False,0.17,0.16,47.94140625
synthetic,26-fully_observed,agrum_joint,completion_projected,1,0,False,0.17,0.16,48.1796875
synthetic,26-fully_observed,storm_sparse,original,1,0,False,0.25,0.25,95.5078125
synthetic,26-fully_observed,storm_sparse,completion_projected,1,0,False,0.24,0.24,95.109375
synthetic,26-fully_observed,storm_compact,original,1,0,False,0.25,0.25,95.66015625
synthetic,26-fully_observed,storm_compact,completion_projected,1,0,False,0.24,0.24,95.08203125
synthetic,26-fully_observed,ours_direct,original,1,0,False,0.13,0.13,36.47265625
synthetic,26-fully_observed,ours_direct,completion_projected,1,0,False,0.13,0.12000000000000001,36.375
synthetic,26-fully_observed,ours_prepared,original,1,0,False,0.38,0.37,36.53515625
synthetic,26-fully_observed,ours_prepared,completion_projected,1,0,False,0.21,0.2,36.55859375
synthetic,26-fully_observed,cudd_fixed,original,1,0,False,0.25,0.24000000000000002,61.59765625
synthetic,26-fully_observed,cudd_fixed,completion_projected,1,0,False,0.24,0.24000000000000002,61.37109375
synthetic,26-fully_observed,cudd_sift,original,1,0,False,0.25,0.25,61.515625
synthetic,26-fully_observed,cudd_sift,completion_projected,1,0,False,0.24,0.24000000000000002,61.36328125
synthetic,26-fully_observed,agrum_conditioned,original,1,0,False,0.48,0.47000000000000003,49.4140625
synthetic,26-fully_observed,agrum_conditioned,completion_projected,1,0,False,0.18,0.16999999999999998,48.18359375
synthetic,26-fully_observed,agrum_joint,original,1,0,False,0.32,0.31000000000000005,49.6015625
synthetic,00-graph_nodes,ours_prepared,original,2,0,False,0.24,0.24,36.140625
synthetic,00-graph_nodes,ours_prepared,completion_projected,2,0,False,0.24,0.23,36.11328125
synthetic,00-graph_nodes,cudd_fixed,original,2,0,False,0.23,0.22999999999999998,61.296875
synthetic,00-graph_nodes,cudd_fixed,completion_projected,2,0,False,0.23,0.23,61.3984375
synthetic,00-graph_nodes,cudd_sift,original,2,0,False,0.23,0.23,61.390625
synthetic,00-graph_nodes,cudd_sift,completion_projected,2,0,False,0.23,0.23,61.3515625
synthetic,00-graph_nodes,agrum_conditioned,original,2,0,False,0.22,0.21000000000000002,48.23828125
synthetic,00-graph_nodes,agrum_conditioned,completion_projected,2,0,False,0.21,0.21000000000000002,48.1484375
synthetic,00-graph_nodes,agrum_joint,original,2,0,False,0.18,0.18,48.16796875
synthetic,00-graph_nodes,agrum_joint,completion_projected,2,0,False,0.18,0.16999999999999998,48.07421875
synthetic,00-graph_nodes,storm_sparse,original,2,0,False,0.25,0.24,94.78125
synthetic,00-graph_nodes,storm_sparse,completion_projected,2,0,False,0.24,0.23,94.78125
synthetic,00-graph_nodes,storm_compact,original,2,0,False,0.24,0.23,94.80859375
synthetic,00-graph_nodes,storm_compact,completion_projected,2,0,False,0.24,0.24000000000000002,94.40625
synthetic,00-graph_nodes,ours_direct,original,2,0,False,0.12,0.12000000000000001,36.10546875
synthetic,00-graph_nodes,ours_direct,completion_projected,2,0,False,0.12,0.11,36.1015625
synthetic,01-graph_nodes,ours_prepared,completion_projected,2,0,False,0.26,0.25,36.1015625
synthetic,01-graph_nodes,cudd_fixed,original,2,0,False,0.23,0.23,61.29296875
synthetic,01-graph_nodes,cudd_fixed,completion_projected,2,0,False,0.23,0.23,61.41015625
synthetic,01-graph_nodes,cudd_sift,original,2,0,False,0.24,0.24000000000000002,61.421875
synthetic,01-graph_nodes,cudd_sift,completion_projected,2,0,False,0.24,0.23,61.3984375
synthetic,01-graph_nodes,agrum_conditioned,original,2,0,False,0.24,0.24,48.51953125
synthetic,01-graph_nodes,agrum_conditioned,completion_projected,2,0,False,0.22,0.21,48.29296875
synthetic,01-graph_nodes,agrum_joint,original,2,0,False,0.2,0.19,48.33984375
synthetic,01-graph_nodes,agrum_joint,completion_projected,2,0,False,0.19,0.18,48.2890625
synthetic,01-graph_nodes,storm_sparse,original,2,0,False,0.25,0.25,94.44921875
synthetic,01-graph_nodes,storm_sparse,completion_projected,2,0,False,0.25,0.25,94.59765625
synthetic,01-graph_nodes,storm_compact,original,2,0,False,0.24,0.24000000000000002,94.765625
synthetic,01-graph_nodes,storm_compact,completion_projected,2,0,False,0.24,0.24000000000000002,94.70703125
synthetic,01-graph_nodes,ours_direct,original,2,0,False,0.12,0.11,36.03515625
synthetic,01-graph_nodes,ours_direct,completion_projected,2,0,False,0.12,0.12,35.87109375
synthetic,01-graph_nodes,ours_prepared,original,2,0,False,0.28,0.28,36.09375
synthetic,02-graph_nodes,cudd_fixed,original,2,0,False,0.23,0.23,61.30859375
synthetic,02-graph_nodes,cudd_fixed,completion_projected,2,0,False,0.24,0.23,61.3203125
synthetic,02-graph_nodes,cudd_sift,original,2,0,False,0.24,0.23,61.33203125
synthetic,02-graph_nodes,cudd_sift,completion_projected,2,0,False,0.24,0.24000000000000002,61.39453125
synthetic,02-graph_nodes,agrum_conditioned,original,2,0,False,0.28,0.28,49.15234375
synthetic,02-graph_nodes,agrum_conditioned,completion_projected,2,0,False,0.24,0.22999999999999998,48.5859375
synthetic,02-graph_nodes,agrum_joint,original,2,0,False,0.22,0.21,49.16796875
synthetic,02-graph_nodes,agrum_joint,completion_projected,2,0,False,0.2,0.19999999999999998,48.734375
synthetic,02-graph_nodes,storm_sparse,original,2,0,False,0.26,0.25,94.62109375
synthetic,02-graph_nodes,storm_sparse,completion_projected,2,0,False,0.25,0.24,94.84765625
synthetic,02-graph_nodes,storm_compact,original,2,0,False,0.25,0.25,95.0
synthetic,02-graph_nodes,storm_compact,completion_projected,2,0,False,0.25,0.24000000000000002,94.7578125
synthetic,02-graph_nodes,ours_direct,original,2,0,False,0.13,0.12000000000000001,36.09765625
synthetic,02-graph_nodes,ours_direct,completion_projected,2,0,False,0.13,0.12000000000000001,36.18359375
synthetic,02-graph_nodes,ours_prepared,original,2,0,False,0.36,0.35000000000000003,36.27734375
synthetic,02-graph_nodes,ours_prepared,completion_projected,2,0,False,0.32,0.31,36.12890625
synthetic,03-graph_nodes,cudd_fixed,completion_projected,2,0,False,0.24,0.22999999999999998,61.390625
synthetic,03-graph_nodes,cudd_sift,original,2,0,False,0.24,0.24,61.38671875
synthetic,03-graph_nodes,cudd_sift,completion_projected,2,0,False,0.24,0.24000000000000002,61.33984375
synthetic,03-graph_nodes,agrum_conditioned,original,2,0,False,0.35,0.35000000000000003,50.18359375
synthetic,03-graph_nodes,agrum_conditioned,completion_projected,2,0,False,0.27,0.27,49.546875
synthetic,03-graph_nodes,agrum_joint,original,2,0,False,0.29,0.29000000000000004,50.3671875
synthetic,03-graph_nodes,agrum_joint,completion_projected,2,0,False,0.23,0.22999999999999998,49.34765625
synthetic,03-graph_nodes,storm_sparse,original,2,0,False,0.28,0.27,94.7890625
synthetic,03-graph_nodes,storm_sparse,completion_projected,2,0,False,0.26,0.25,94.57421875
synthetic,03-graph_nodes,storm_compact,original,2,0,False,0.27,0.27,95.83984375
synthetic,03-graph_nodes,storm_compact,completion_projected,2,0,False,0.25,0.24,94.75390625
synthetic,03-graph_nodes,ours_direct,original,2,0,False,0.13,0.12,36.30859375
synthetic,03-graph_nodes,ours_direct,completion_projected,2,0,False,0.14,0.13,36.23046875
synthetic,03-graph_nodes,ours_prepared,original,2,0,False,0.51,0.51,36.35546875
synthetic,03-graph_nodes,ours_prepared,completion_projected,2,0,False,0.41,0.4,36.24609375
synthetic,03-graph_nodes,cudd_fixed,original,2,0,False,0.24,0.24000000000000002,61.3125
synthetic,04-graph_nodes,cudd_sift,original,2,0,False,0.25,0.24000000000000002,61.53515625
synthetic,04-graph_nodes,cudd_sift,completion_projected,2,0,False,0.24,0.24,61.484375
synthetic,04-graph_nodes,agrum_conditioned,original,2,0,False,0.45,0.44,51.6953125
synthetic,04-graph_nodes,agrum_conditioned,completion_projected,2,0,False,0.31,0.30000000000000004,50.28515625
synthetic,04-graph_nodes,agrum_joint,original,2,0,False,0.37,0.37,51.88671875
synthetic,04-graph_nodes,agrum_joint,completion_projected,2,0,False,0.27,0.26,50.1953125
synthetic,04-graph_nodes,storm_sparse,original,2,0,False,0.3,0.29,95.1640625
synthetic,04-graph_nodes,storm_sparse,completion_projected,2,0,False,0.27,0.27,95.0234375
synthetic,04-graph_nodes,storm_compact,original,2,0,False,0.28,0.28,95.97265625
synthetic,04-graph_nodes,storm_compact,completion_projected,2,0,False,0.26,0.25,95.19140625
synthetic,04-graph_nodes,ours_direct,original,2,0,False,0.14,0.13999999999999999,36.484375
synthetic,04-graph_nodes,ours_direct,completion_projected,2,0,False,0.14,0.13,36.515625
synthetic,04-graph_nodes,ours_prepared,original,2,0,False,0.66,0.65,36.43359375
synthetic,04-graph_nodes,ours_prepared,completion_projected,2,0,False,0.51,0.5,36.48828125
synthetic,04-graph_nodes,cudd_fixed,original,2,0,False,0.24,0.24000000000000002,61.4296875
synthetic,04-graph_nodes,cudd_fixed,completion_projected,2,0,False,0.25,0.25,61.4765625
synthetic,05-completions,cudd_sift,completion_projected,2,0,False,0.24,0.23,61.39453125
synthetic,05-completions,agrum_conditioned,original,2,0,False,0.22,0.22,48.1171875
synthetic,05-completions,agrum_conditioned,completion_projected,2,0,False,0.22,0.21,48.0859375
synthetic,05-completions,agrum_joint,original,2,0,False,0.18,0.18,48.16015625
synthetic,05-completions,agrum_joint,completion_projected,2,0,False,0.18,0.18,48.046875
synthetic,05-completions,storm_sparse,original,2,0,False,0.24,0.24,94.73046875
synthetic,05-completions,storm_sparse,completion_projected,2,0,False,0.24,0.24,94.3984375
synthetic,05-completions,storm_compact,original,2,0,False,0.24,0.23,94.7734375
synthetic,05-completions,storm_compact,completion_projected,2,0,False,0.24,0.23,94.55078125
synthetic,05-completions,ours_direct,original,2,0,False,0.12,0.12,35.98046875
synthetic,05-completions,ours_direct,completion_projected,2,0,False,0.12,0.12000000000000001,36.0
synthetic,05-completions,ours_prepared,original,2,0,False,0.25,0.24000000000000002,36.09765625
synthetic,05-completions,ours_prepared,completion_projected,2,0,False,0.23,0.22999999999999998,36.1484375
synthetic,05-completions,cudd_fixed,original,2,0,False,0.23,0.22999999999999998,61.16796875
synthetic,05-completions,cudd_fixed,completion_projected,2,0,False,0.23,0.23,61.2109375
synthetic,05-completions,cudd_sift,original,2,0,False,0.23,0.22,61.26171875
synthetic,06-completions,agrum_conditioned,original,2,0,False,0.24,0.24,48.453125
synthetic,06-completions,agrum_conditioned,completion_projected,2,0,False,0.23,0.22,48.15625
synthetic,06-completions,agrum_joint,original,2,0,False,0.2,0.19,48.4296875
synthetic,06-completions,agrum_joint,completion_projected,2,0,False,0.19,0.18,48.21484375
synthetic,06-completions,storm_sparse,original,2,0,False,0.25,0.24,94.6171875
synthetic,06-completions,storm_sparse,completion_projected,2,0,False,0.25,0.24000000000000002,94.5390625
synthetic,06-completions,storm_compact,original,2,0,False,0.24,0.24000000000000002,94.94921875
synthetic,06-completions,storm_compact,completion_projected,2,0,False,0.24,0.23,94.4375
synthetic,06-completions,ours_direct,original,2,0,False,0.12,0.12000000000000001,36.0
synthetic,06-completions,ours_direct,completion_projected,2,0,False,0.12,0.12000000000000001,36.16015625
synthetic,06-completions,ours_prepared,original,2,0,False,0.29,0.29000000000000004,36.15234375
synthetic,06-completions,ours_prepared,completion_projected,2,0,False,0.26,0.26,36.0234375
synthetic,06-completions,cudd_fixed,original,2,0,False,0.23,0.23,61.40234375
synthetic,06-completions,cudd_fixed,completion_projected,2,0,False,0.24,0.23,61.4375
synthetic,06-completions,cudd_sift,original,2,0,False,0.23,0.23,61.40625
synthetic,06-completions,cudd_sift,completion_projected,2,0,False,0.24,0.23,61.41015625
synthetic,07-completions,agrum_conditioned,completion_projected,2,0,False,0.24,0.22999999999999998,48.296875
synthetic,07-completions,agrum_joint,original,2,0,False,0.22,0.21,48.96484375
synthetic,07-completions,agrum_joint,completion_projected,2,0,False,0.19,0.19,48.47265625
synthetic,07-completions,storm_sparse,original,2,0,False,0.26,0.25,94.890625
synthetic,07-completions,storm_sparse,completion_projected,2,0,False,0.25,0.25,94.54296875
synthetic,07-completions,storm_compact,original,2,0,False,0.25,0.24,94.69140625
synthetic,07-completions,storm_compact,completion_projected,2,0,False,0.24,0.24,94.8515625
synthetic,07-completions,ours_direct,original,2,0,False,0.12,0.11,35.99609375
synthetic,07-completions,ours_direct,completion_projected,2,0,False,0.12,0.11,36.1484375
synthetic,07-completions,ours_prepared,original,2,0,False,0.34,0.34,36.015625
synthetic,07-completions,ours_prepared,completion_projected,2,0,False,0.29,0.29000000000000004,36.2265625
synthetic,07-completions,cudd_fixed,original,2,0,False,0.24,0.23,61.453125
synthetic,07-completions,cudd_fixed,completion_projected,2,0,False,0.24,0.23,61.3359375
synthetic,07-completions,cudd_sift,original,2,0,False,0.24,0.23,61.421875
synthetic,07-completions,cudd_sift,completion_projected,2,0,False,0.24,0.23,61.42578125
synthetic,07-completions,agrum_conditioned,original,2,0,False,0.27,0.26,48.85546875
synthetic,08-completions,agrum_joint,original,2,0,False,0.26,0.26,49.984375
synthetic,08-completions,agrum_joint,completion_projected,2,0,False,0.21,0.21,48.93359375
synthetic,08-completions,storm_sparse,original,2,0,False,0.27,0.27,95.12890625
synthetic,08-completions,storm_sparse,completion_projected,2,0,False,0.25,0.25,94.6484375
synthetic,08-completions,storm_compact,original,2,0,False,0.26,0.26,95.6171875
synthetic,08-completions,storm_compact,completion_projected,2,0,False,0.24,0.24,94.9921875
synthetic,08-completions,ours_direct,original,2,0,False,0.13,0.12,36.1015625
synthetic,08-completions,ours_direct,completion_projected,2,0,False,0.13,0.12000000000000001,36.12890625
synthetic,08-completions,ours_prepared,original,2,0,False,0.45,0.44,36.40625
synthetic,08-completions,ours_prepared,completion_projected,2,0,False,0.34,0.33,36.359375
synthetic,08-completions,cudd_fixed,original,2,0,False,0.24,0.23,61.3515625
synthetic,08-completions,cudd_fixed,completion_projected,2,0,False,0.24,0.23,61.5
synthetic,08-completions,cudd_sift,original,2,0,False,0.24,0.23,61.2578125
synthetic,08-completions,cudd_sift,completion_projected,2,0,False,0.24,0.24,61.2734375
synthetic,08-completions,agrum_conditioned,original,2,0,False,0.32,0.32,49.82421875
synthetic,08-completions,agrum_conditioned,completion_projected,2,0,False,0.25,0.24,48.7578125
synthetic,09-completions,agrum_joint,completion_projected,2,0,False,0.22,0.21000000000000002,49.2109375
synthetic,09-completions,storm_sparse,original,2,0,False,0.29,0.27999999999999997,95.05078125
synthetic,09-completions,storm_sparse,completion_projected,2,0,False,0.26,0.26,94.69140625
synthetic,09-completions,storm_compact,original,2,0,False,0.27,0.27,96.03125
synthetic,09-completions,storm_compact,completion_projected,2,0,False,0.25,0.24,94.84765625
synthetic,09-completions,ours_direct,original,2,0,False,0.13,0.13,36.3359375
synthetic,09-completions,ours_direct,completion_projected,2,0,False,0.13,0.12,36.3515625
synthetic,09-completions,ours_prepared,original,2,0,False,0.54,0.53,36.43359375
synthetic,09-completions,ours_prepared,completion_projected,2,0,False,0.38,0.37,36.43359375
synthetic,09-completions,cudd_fixed,original,2,0,False,0.24,0.23,61.51953125
synthetic,09-completions,cudd_fixed,completion_projected,2,0,False,0.24,0.23,61.3671875
synthetic,09-completions,cudd_sift,original,2,0,False,0.24,0.24,61.390625
synthetic,09-completions,cudd_sift,completion_projected,2,0,False,0.24,0.24,61.56640625
synthetic,09-completions,agrum_conditioned,original,2,0,False,0.39,0.39,50.84765625
synthetic,09-completions,agrum_conditioned,completion_projected,2,0,False,0.27,0.26,49.19921875
synthetic,09-completions,agrum_joint,original,2,0,False,0.32,0.31,51.18359375
synthetic,10-unknown_controls,storm_sparse,original,2,0,False,0.24,0.23,94.359375
synthetic,10-unknown_controls,storm_sparse,completion_projected,2,0,False,0.24,0.23,94.53125
synthetic,10-unknown_controls,storm_compact,original,2,0,False,0.24,0.23,94.53515625
synthetic,10-unknown_controls,storm_compact,completion_projected,2,0,False,0.23,0.23,94.44140625
synthetic,10-unknown_controls,ours_direct,original,2,0,False,0.12,0.11,36.05859375
synthetic,10-unknown_controls,ours_direct,completion_projected,2,0,False,0.12,0.11,36.08984375
synthetic,10-unknown_controls,ours_prepared,original,2,0,False,0.28,0.28,36.04296875
synthetic,10-unknown_controls,ours_prepared,completion_projected,2,0,False,0.26,0.26,36.1953125
synthetic,10-unknown_controls,cudd_fixed,original,2,0,False,0.23,0.22999999999999998,61.34765625
synthetic,10-unknown_controls,cudd_fixed,completion_projected,2,0,False,0.24,0.23,61.3359375
synthetic,10-unknown_controls,cudd_sift,original,2,0,False,0.24,0.23,61.40625
synthetic,10-unknown_controls,cudd_sift,completion_projected,2,0,False,0.24,0.23,61.265625
synthetic,10-unknown_controls,agrum_conditioned,original,2,0,False,0.24,0.22999999999999998,48.453125
synthetic,10-unknown_controls,agrum_conditioned,completion_projected,2,0,False,0.22,0.22,48.234375
synthetic,10-unknown_controls,agrum_joint,original,2,0,False,0.2,0.2,48.40234375
synthetic,10-unknown_controls,agrum_joint,completion_projected,2,0,False,0.19,0.19,48.28515625
synthetic,11-unknown_controls,storm_sparse,completion_projected,2,0,False,0.24,0.24,94.515625
synthetic,11-unknown_controls,storm_compact,original,2,0,False,0.24,0.23,94.71484375
synthetic,11-unknown_controls,storm_compact,completion_projected,2,0,False,0.24,0.23,94.79296875
synthetic,11-unknown_controls,ours_direct,original,2,0,False,0.12,0.11,36.1484375
synthetic,11-unknown_controls,ours_direct,completion_projected,2,0,False,0.12,0.11,36.10546875
synthetic,11-unknown_controls,ours_prepared,original,2,0,False,0.29,0.28,35.99609375
synthetic,11-unknown_controls,ours_prepared,completion_projected,2,0,False,0.26,0.25,36.09765625
synthetic,11-unknown_controls,cudd_fixed,original,2,0,False,0.24,0.23,61.3671875
synthetic,11-unknown_controls,cudd_fixed,completion_projected,2,0,False,0.24,0.23,61.40625
synthetic,11-unknown_controls,cudd_sift,original,2,0,False,0.24,0.23,61.39453125
synthetic,11-unknown_controls,cudd_sift,completion_projected,2,0,False,0.24,0.23,61.4296875
synthetic,11-unknown_controls,agrum_conditioned,original,2,0,False,0.24,0.22999999999999998,48.40625
synthetic,11-unknown_controls,agrum_conditioned,completion_projected,2,0,False,0.22,0.21000000000000002,48.1796875
synthetic,11-unknown_controls,agrum_joint,original,2,0,False,0.2,0.19,48.5703125
synthetic,11-unknown_controls,agrum_joint,completion_projected,2,0,False,0.18,0.18,48.25
synthetic,11-unknown_controls,storm_sparse,original,2,0,False,0.24,0.24,94.765625
synthetic,12-unknown_controls,storm_compact,original,2,0,False,0.24,0.24000000000000002,94.54296875
synthetic,12-unknown_controls,storm_compact,completion_projected,2,0,False,0.24,0.22999999999999998,94.4296875
synthetic,12-unknown_controls,ours_direct,original,2,0,False,0.12,0.12000000000000001,35.9921875
synthetic,12-unknown_controls,ours_direct,completion_projected,2,0,False,0.12,0.11,36.04296875
synthetic,12-unknown_controls,ours_prepared,original,2,0,False,0.28,0.28,36.046875
synthetic,12-unknown_controls,ours_prepared,completion_projected,2,0,False,0.26,0.26,36.10546875
synthetic,12-unknown_controls,cudd_fixed,original,2,0,False,0.24,0.23,61.2890625
synthetic,12-unknown_controls,cudd_fixed,completion_projected,2,0,False,0.23,0.23,61.20703125
synthetic,12-unknown_controls,cudd_sift,original,2,0,False,0.24,0.23,61.18359375
synthetic,12-unknown_controls,cudd_sift,completion_projected,2,0,False,0.24,0.23,61.40234375
synthetic,12-unknown_controls,agrum_conditioned,original,2,0,False,0.24,0.22999999999999998,48.4453125
synthetic,12-unknown_controls,agrum_conditioned,completion_projected,2,0,False,0.22,0.22,48.1796875
synthetic,12-unknown_controls,agrum_joint,original,2,0,False,0.2,0.19,48.4453125
synthetic,12-unknown_controls,agrum_joint,completion_projected,2,0,False,0.18,0.18,48.31640625
synthetic,12-unknown_controls,storm_sparse,original,2,0,False,0.25,0.25,94.75
synthetic,12-unknown_controls,storm_sparse,completion_projected,2,0,False,0.24,0.24,94.50390625
synthetic,13-unknown_controls,storm_compact,completion_projected,2,0,False,0.25,0.25,94.9375
synthetic,13-unknown_controls,ours_direct,original,2,0,False,0.13,0.13,36.21875
synthetic,13-unknown_controls,ours_direct,completion_projected,2,0,False,0.13,0.13,36.28515625
synthetic,13-unknown_controls,ours_prepared,original,2,0,False,0.28,0.28,36.09765625
synthetic,13-unknown_controls,ours_prepared,completion_projected,2,0,False,0.26,0.26,36.1015625
synthetic,13-unknown_controls,cudd_fixed,original,2,0,False,0.24,0.23,61.28125
synthetic,13-unknown_controls,cudd_fixed,completion_projected,2,0,False,0.24,0.23,61.4140625
synthetic,13-unknown_controls,cudd_sift,original,2,0,False,0.24,0.24,61.30859375
synthetic,13-unknown_controls,cudd_sift,completion_projected,2,0,False,0.24,0.23,61.16796875
synthetic,13-unknown_controls,agrum_conditioned,original,2,0,False,0.24,0.24,48.328125
synthetic,13-unknown_controls,agrum_conditioned,completion_projected,2,0,False,0.22,0.22,48.22265625
synthetic,13-unknown_controls,agrum_joint,original,2,0,False,0.2,0.19,48.59765625
synthetic,13-unknown_controls,agrum_joint,completion_projected,2,0,False,0.19,0.18,48.359375
synthetic,13-unknown_controls,storm_sparse,original,2,0,False,0.28,0.27,95.03125
synthetic,13-unknown_controls,storm_sparse,completion_projected,2,0,False,0.27,0.27,94.94921875
synthetic,13-unknown_controls,storm_compact,original,2,0,False,0.26,0.25,94.9609375
synthetic,14-unknown_controls,ours_direct,original,2,0,False,0.18,0.18,36.5234375
synthetic,14-unknown_controls,ours_direct,completion_projected,2,0,False,0.17,0.16999999999999998,36.59765625
synthetic,14-unknown_controls,ours_prepared,original,2,0,False,0.28,0.28,36.0859375
synthetic,14-unknown_controls,ours_prepared,completion_projected,2,0,False,0.26,0.26,36.109375
synthetic,14-unknown_controls,cudd_fixed,original,2,0,False,0.23,0.23,61.38671875
synthetic,14-unknown_controls,cudd_fixed,completion_projected,2,0,False,0.24,0.23,61.359375
synthetic,14-unknown_controls,cudd_sift,original,2,0,False,0.24,0.24,61.23046875
synthetic,14-unknown_controls,cudd_sift,completion_projected,2,0,False,0.24,0.23,61.40625
synthetic,14-unknown_controls,agrum_conditioned,original,2,0,False,0.24,0.22999999999999998,48.49609375
synthetic,14-unknown_controls,agrum_conditioned,completion_projected,2,0,False,0.22,0.22,48.2890625
synthetic,14-unknown_controls,agrum_joint,original,2,0,False,0.2,0.19,48.4375
synthetic,14-unknown_controls,agrum_joint,completion_projected,2,0,False,0.19,0.18,48.19921875
synthetic,14-unknown_controls,storm_sparse,original,2,0,False,0.37,0.36,95.9453125
synthetic,14-unknown_controls,storm_sparse,completion_projected,2,0,False,0.36,0.35,95.6640625
synthetic,14-unknown_controls,storm_compact,original,2,0,False,0.32,0.31000000000000005,95.96484375
synthetic,14-unknown_controls,storm_compact,completion_projected,2,0,False,0.31,0.3,95.29296875
synthetic,15-unknown_controls,ours_direct,completion_projected,2,0,False,0.34,0.34,38.109375
synthetic,15-unknown_controls,ours_prepared,original,2,0,False,0.28,0.28,36.00390625
synthetic,15-unknown_controls,ours_prepared,completion_projected,2,0,False,0.26,0.25,35.98046875
synthetic,15-unknown_controls,cudd_fixed,original,2,0,False,0.24,0.23,61.21875
synthetic,15-unknown_controls,cudd_fixed,completion_projected,2,0,False,0.23,0.23,61.234375
synthetic,15-unknown_controls,cudd_sift,original,2,0,False,0.24,0.23,61.41015625
synthetic,15-unknown_controls,cudd_sift,completion_projected,2,0,False,0.24,0.23,61.35546875
synthetic,15-unknown_controls,agrum_conditioned,original,2,0,False,0.24,0.22999999999999998,48.51171875
synthetic,15-unknown_controls,agrum_conditioned,completion_projected,2,0,False,0.22,0.22,48.3046875
synthetic,15-unknown_controls,agrum_joint,original,2,0,False,0.2,0.19,48.453125
synthetic,15-unknown_controls,agrum_joint,completion_projected,2,0,False,0.19,0.18,48.27734375
synthetic,15-unknown_controls,storm_sparse,original,2,0,False,0.65,0.65,97.02734375
synthetic,15-unknown_controls,storm_sparse,completion_projected,2,0,False,0.61,0.6,97.28515625
synthetic,15-unknown_controls,storm_compact,original,2,0,False,0.53,0.53,97.35546875
synthetic,15-unknown_controls,storm_compact,completion_projected,2,0,False,0.49,0.48,96.578125
synthetic,15-unknown_controls,ours_direct,original,2,0,False,0.36,0.35000000000000003,38.2421875
synthetic,16-categories,ours_prepared,original,2,0,False,0.34,0.34,36.1171875
synthetic,16-categories,ours_prepared,completion_projected,2,0,False,0.29,0.29000000000000004,36.16015625
synthetic,16-categories,cudd_fixed,original,2,0,False,0.23,0.23,61.296875
synthetic,16-categories,cudd_fixed,completion_projected,2,0,False,0.23,0.23,61.24609375
synthetic,16-categories,cudd_sift,original,2,0,False,0.24,0.23,61.2578125
synthetic,16-categories,cudd_sift,completion_projected,2,0,False,0.24,0.23,61.37890625
synthetic,16-categories,agrum_conditioned,original,2,0,False,0.27,0.27,48.93359375
synthetic,16-categories,agrum_conditioned,completion_projected,2,0,False,0.23,0.22,48.359375
synthetic,16-categories,agrum_joint,original,2,0,False,0.22,0.21,49.01953125
synthetic,16-categories,agrum_joint,completion_projected,2,0,False,0.19,0.19,48.3203125
synthetic,16-categories,storm_sparse,original,2,0,False,0.26,0.26,94.765625
synthetic,16-categories,storm_sparse,completion_projected,2,0,False,0.25,0.24,94.78125
synthetic,16-categories,storm_compact,original,2,0,False,0.25,0.24,94.69921875
synthetic,16-categories,storm_compact,completion_projected,2,0,False,0.24,0.24000000000000002,94.4453125
synthetic,16-categories,ours_direct,original,2,0,False,0.12,0.11,36.05078125
synthetic,16-categories,ours_direct,completion_projected,2,0,False,0.12,0.12000000000000001,36.0234375
synthetic,17-categories,ours_prepared,completion_projected,2,0,False,0.29,0.28,36.28515625
synthetic,17-categories,cudd_fixed,original,2,0,False,0.24,0.24,61.4296875
synthetic,17-categories,cudd_fixed,completion_projected,2,0,False,0.24,0.23,61.234375
synthetic,17-categories,cudd_sift,original,2,0,False,0.25,0.24000000000000002,61.14453125
synthetic,17-categories,cudd_sift,completion_projected,2,0,False,0.24,0.24000000000000002,61.31640625
synthetic,17-categories,agrum_conditioned,original,2,0,False,0.46,0.46,48.93359375
synthetic,17-categories,agrum_conditioned,completion_projected,2,0,False,0.23,0.23,48.3515625
synthetic,17-categories,agrum_joint,original,2,0,False,0.28,0.27,49.0703125
synthetic,17-categories,agrum_joint,completion_projected,2,0,False,0.2,0.19,48.48828125
synthetic,17-categories,storm_sparse,original,2,0,False,0.43,0.43000000000000005,96.49609375
synthetic,17-categories,storm_sparse,completion_projected,2,0,False,0.25,0.24,94.484375
synthetic,17-categories,storm_compact,original,2,0,False,0.35,0.35,96.32421875
synthetic,17-categories,storm_compact,completion_projected,2,0,False,0.24,0.24,94.94921875
synthetic,17-categories,ours_direct,original,2,0,False,0.18,0.17,36.125
synthetic,17-categories,ours_direct,completion_projected,2,0,False,0.12,0.12000000000000001,36.21875
synthetic,17-categories,ours_prepared,original,2,0,False,0.35,0.34,36.28515625
synthetic,18-categories,cudd_fixed,original,2,0,False,0.28,0.27,61.453125
synthetic,18-categories,cudd_fixed,completion_projected,2,0,False,0.24,0.23,61.3828125
synthetic,18-categories,cudd_sift,original,2,0,False,0.28,0.27,61.48046875
synthetic,18-categories,cudd_sift,completion_projected,2,0,False,0.25,0.24000000000000002,61.30859375
synthetic,18-categories,agrum_conditioned,original,2,0,False,1.31,1.3,49.40625
synthetic,18-categories,agrum_conditioned,completion_projected,2,0,False,0.24,0.24,48.62109375
synthetic,18-categories,agrum_joint,original,2,0,False,0.54,0.53,49.64453125
synthetic,18-categories,agrum_joint,completion_projected,2,0,False,0.2,0.19999999999999998,48.6796875
synthetic,18-categories,storm_sparse,original,2,0,False,1.21,1.21,103.38671875
synthetic,18-categories,storm_sparse,completion_projected,2,0,False,0.26,0.25,95.05078125
synthetic,18-categories,storm_compact,original,2,0,False,0.77,0.76,99.88671875
synthetic,18-categories,storm_compact,completion_projected,2,0,False,0.25,0.25,95.0390625
synthetic,18-categories,ours_direct,original,2,0,False,0.4,0.4,36.421875
synthetic,18-categories,ours_direct,completion_projected,2,0,False,0.13,0.12,36.33984375
synthetic,18-categories,ours_prepared,original,2,0,False,0.37,0.37,36.41015625
synthetic,18-categories,ours_prepared,completion_projected,2,0,False,0.31,0.30000000000000004,36.46875
synthetic,19-categories,cudd_fixed,completion_projected,2,0,False,0.25,0.25,61.5625
synthetic,19-categories,cudd_sift,original,2,0,False,0.32,0.32,61.55078125
synthetic,19-categories,cudd_sift,completion_projected,2,0,False,0.25,0.25,61.61328125
synthetic,19-categories,agrum_conditioned,original,2,0,False,2.51,2.51,50.02734375
synthetic,19-categories,agrum_conditioned,completion_projected,2,0,False,0.25,0.25,48.79296875
synthetic,19-categories,agrum_joint,original,2,0,False,0.87,0.86,50.47265625
synthetic,19-categories,agrum_joint,completion_projected,2,0,False,0.21,0.21,48.921875
synthetic,19-categories,storm_sparse,original,2,0,False,2.39,2.38,112.77734375
synthetic,19-categories,storm_sparse,completion_projected,2,0,False,0.27,0.26,95.26953125
synthetic,19-categories,storm_compact,original,2,0,False,1.33,1.32,104.60546875
synthetic,19-categories,storm_compact,completion_projected,2,0,False,0.26,0.26,94.91796875
synthetic,19-categories,ours_direct,original,2,0,False,0.71,0.7,36.76953125
synthetic,19-categories,ours_direct,completion_projected,2,0,False,0.14,0.13999999999999999,36.59375
synthetic,19-categories,ours_prepared,original,2,0,False,0.41,0.41000000000000003,36.78125
synthetic,19-categories,ours_prepared,completion_projected,2,0,False,0.31,0.31,36.6015625
synthetic,19-categories,cudd_fixed,original,2,0,False,0.32,0.32,61.43359375
synthetic,20-graph_structure,cudd_sift,original,2,0,False,0.24,0.23,61.4140625
synthetic,20-graph_structure,cudd_sift,completion_projected,2,0,False,0.24,0.23,61.421875
synthetic,20-graph_structure,agrum_conditioned,original,2,0,False,0.26,0.25,48.6953125
synthetic,20-graph_structure,agrum_conditioned,completion_projected,2,0,False,0.23,0.22,48.5
synthetic,20-graph_structure,agrum_joint,original,2,0,False,0.21,0.19999999999999998,48.703125
synthetic,20-graph_structure,agrum_joint,completion_projected,2,0,False,0.19,0.19,48.3828125
synthetic,20-graph_structure,storm_sparse,original,2,0,False,0.26,0.25,94.90234375
synthetic,20-graph_structure,storm_sparse,completion_projected,2,0,False,0.25,0.24,94.57421875
synthetic,20-graph_structure,storm_compact,original,2,0,False,0.25,0.24000000000000002,94.93359375
synthetic,20-graph_structure,storm_compact,completion_projected,2,0,False,0.24,0.24,94.55078125
synthetic,20-graph_structure,ours_direct,original,2,0,False,0.12,0.12000000000000001,36.0625
synthetic,20-graph_structure,ours_direct,completion_projected,2,0,False,0.12,0.12000000000000001,36.09765625
synthetic,20-graph_structure,ours_prepared,original,2,0,False,0.32,0.32,36.125
synthetic,20-graph_structure,ours_prepared,completion_projected,2,0,False,0.29,0.28,36.1875
synthetic,20-graph_structure,cudd_fixed,original,2,0,False,0.24,0.23,61.3046875
synthetic,20-graph_structure,cudd_fixed,completion_projected,2,0,False,0.24,0.24,61.4296875
synthetic,21-graph_structure,cudd_sift,completion_projected,2,0,False,0.24,0.22999999999999998,61.39453125
synthetic,21-graph_structure,agrum_conditioned,original,2,0,False,0.37,0.36000000000000004,50.703125
synthetic,21-graph_structure,agrum_conditioned,completion_projected,2,0,False,0.31,0.30000000000000004,50.29296875
synthetic,21-graph_structure,agrum_joint,original,2,0,False,0.31,0.31,51.078125
synthetic,21-graph_structure,agrum_joint,completion_projected,2,0,False,0.27,0.26,49.96484375
synthetic,21-graph_structure,storm_sparse,original,2,0,False,0.27,0.26,95.046875
synthetic,21-graph_structure,storm_sparse,completion_projected,2,0,False,0.26,0.26,94.62890625
synthetic,21-graph_structure,storm_compact,original,2,0,False,0.26,0.25,94.9140625
synthetic,21-graph_structure,storm_compact,completion_projected,2,0,False,0.25,0.25,94.55859375
synthetic,21-graph_structure,ours_direct,original,2,0,False,0.13,0.12000000000000001,36.23046875
synthetic,21-graph_structure,ours_direct,completion_projected,2,0,False,0.13,0.12,36.2265625
synthetic,21-graph_structure,ours_prepared,original,2,0,False,0.57,0.56,36.22265625
synthetic,21-graph_structure,ours_prepared,completion_projected,2,0,False,0.52,0.52,36.28515625
synthetic,21-graph_structure,cudd_fixed,original,2,0,False,0.24,0.23,61.234375
synthetic,21-graph_structure,cudd_fixed,completion_projected,2,0,False,0.24,0.23,61.40234375
synthetic,21-graph_structure,cudd_sift,original,2,0,False,0.24,0.24000000000000002,61.31640625
synthetic,22-graph_structure,agrum_conditioned,original,2,0,False,0.28,0.28,57.6640625
synthetic,22-graph_structure,agrum_conditioned,completion_projected,2,0,False,0.26,0.25,56.7265625
synthetic,22-graph_structure,agrum_joint,original,2,0,False,0.28,0.28,57.6171875
synthetic,22-graph_structure,agrum_joint,completion_projected,2,0,False,0.26,0.25,56.6015625
synthetic,22-graph_structure,storm_sparse,original,2,0,False,0.29,0.28,95.0390625
synthetic,22-graph_structure,storm_sparse,completion_projected,2,0,False,0.28,0.27,95.08203125
synthetic,22-graph_structure,storm_compact,original,2,0,False,0.27,0.27,95.515625
synthetic,22-graph_structure,storm_compact,completion_projected,2,0,False,0.27,0.26,95.265625
synthetic,22-graph_structure,ours_direct,original,2,0,False,0.12,0.12000000000000001,36.10546875
synthetic,22-graph_structure,ours_direct,completion_projected,2,0,False,0.13,0.12000000000000001,36.2734375
synthetic,22-graph_structure,ours_prepared,original,2,0,False,1.19,1.18,36.26171875
synthetic,22-graph_structure,ours_prepared,completion_projected,2,0,False,1.13,1.12,36.12109375
synthetic,22-graph_structure,cudd_fixed,original,2,0,False,0.23,0.23,61.234375
synthetic,22-graph_structure,cudd_fixed,completion_projected,2,0,False,0.24,0.24,61.40234375
synthetic,22-graph_structure,cudd_sift,original,2,0,False,0.24,0.23,61.40234375
synthetic,22-graph_structure,cudd_sift,completion_projected,2,0,False,0.24,0.23,61.359375
synthetic,23-graph_structure,agrum_conditioned,completion_projected,2,0,False,0.39,0.39,56.94921875
synthetic,23-graph_structure,agrum_joint,original,2,0,False,0.38,0.37,57.828125
synthetic,23-graph_structure,agrum_joint,completion_projected,2,0,False,0.34,0.33999999999999997,56.828125
synthetic,23-graph_structure,storm_sparse,original,2,0,False,0.27,0.27,94.78515625
synthetic,23-graph_structure,storm_sparse,completion_projected,2,0,False,0.26,0.26,94.8125
synthetic,23-graph_structure,storm_compact,original,2,0,False,0.27,0.26,95.53125
synthetic,23-graph_structure,storm_compact,completion_projected,2,0,False,0.26,0.25,94.625
synthetic,23-graph_structure,ours_direct,original,2,0,False,0.12,0.12,36.17578125
synthetic,23-graph_structure,ours_direct,completion_projected,2,0,False,0.13,0.13,36.12109375
synthetic,23-graph_structure,ours_prepared,original,2,0,False,0.88,0.88,36.40625
synthetic,23-graph_structure,ours_prepared,completion_projected,2,0,False,0.75,0.75,36.53515625
synthetic,23-graph_structure,cudd_fixed,original,2,0,False,0.23,0.23,61.4453125
synthetic,23-graph_structure,cudd_fixed,completion_projected,2,0,False,0.24,0.24000000000000002,61.23828125
synthetic,23-graph_structure,cudd_sift,original,2,0,False,0.24,0.24000000000000002,61.2265625
synthetic,23-graph_structure,cudd_sift,completion_projected,2,0,False,0.24,0.24000000000000002,61.26171875
synthetic,23-graph_structure,agrum_conditioned,original,2,0,False,0.44,0.43000000000000005,57.6796875
synthetic,24-fully_observed,agrum_joint,original,2,0,False,0.2,0.2,47.921875
synthetic,24-fully_observed,agrum_joint,completion_projected,2,0,False,0.15,0.15,47.7890625
synthetic,24-fully_observed,storm_sparse,original,2,0,False,0.23,0.22,94.90234375
synthetic,24-fully_observed,storm_sparse,completion_projected,2,0,False,0.23,0.23,94.9765625
synthetic,24-fully_observed,storm_compact,original,2,0,False,0.23,0.23,94.87890625
synthetic,24-fully_observed,storm_compact,completion_projected,2,0,False,0.23,0.22,94.89453125
synthetic,24-fully_observed,ours_direct,original,2,0,False,0.12,0.11,36.0
synthetic,24-fully_observed,ours_direct,completion_projected,2,0,False,0.12,0.11,35.97265625
synthetic,24-fully_observed,ours_prepared,original,2,0,False,0.21,0.19999999999999998,36.046875
synthetic,24-fully_observed,ours_prepared,completion_projected,2,0,False,0.2,0.2,35.9921875
synthetic,24-fully_observed,cudd_fixed,original,2,0,False,0.24,0.24000000000000002,61.19140625
synthetic,24-fully_observed,cudd_fixed,completion_projected,2,0,False,0.23,0.23,61.39453125
synthetic,24-fully_observed,cudd_sift,original,2,0,False,0.25,0.25,61.38671875
synthetic,24-fully_observed,cudd_sift,completion_projected,2,0,False,0.24,0.24000000000000002,61.0234375
synthetic,24-fully_observed,agrum_conditioned,original,2,0,False,0.26,0.26,47.92578125
synthetic,24-fully_observed,agrum_conditioned,completion_projected,2,0,False,0.16,0.16,47.78515625
synthetic,25-fully_observed,agrum_joint,completion_projected,2,0,False,0.16,0.16,47.90625
synthetic,25-fully_observed,storm_sparse,original,2,0,False,0.24,0.24,95.01953125
synthetic,25-fully_observed,storm_sparse,completion_projected,2,0,False,0.23,0.23,95.0625
synthetic,25-fully_observed,storm_compact,original,2,0,False,0.24,0.24,94.9765625
synthetic,25-fully_observed,storm_compact,completion_projected,2,0,False,0.23,0.22,94.79296875
synthetic,25-fully_observed,ours_direct,original,2,0,False,0.13,0.12,36.11328125
synthetic,25-fully_observed,ours_direct,completion_projected,2,0,False,0.12,0.11,36.23046875
synthetic,25-fully_observed,ours_prepared,original,2,0,False,0.26,0.25,36.22265625
synthetic,25-fully_observed,ours_prepared,completion_projected,2,0,False,0.2,0.19999999999999998,36.2265625
synthetic,25-fully_observed,cudd_fixed,original,2,0,False,0.24,0.24000000000000002,61.38671875
synthetic,25-fully_observed,cudd_fixed,completion_projected,2,0,False,0.24,0.23,61.234375
synthetic,25-fully_observed,cudd_sift,original,2,0,False,0.24,0.24000000000000002,61.44921875
synthetic,25-fully_observed,cudd_sift,completion_projected,2,0,False,0.24,0.23,61.234375
synthetic,25-fully_observed,agrum_conditioned,original,2,0,False,0.31,0.31,48.3046875
synthetic,25-fully_observed,agrum_conditioned,completion_projected,2,0,False,0.16,0.16,47.91015625
synthetic,25-fully_observed,agrum_joint,original,2,0,False,0.23,0.22,48.3515625
synthetic,26-fully_observed,storm_sparse,original,2,0,False,0.25,0.24,95.47265625
synthetic,26-fully_observed,storm_sparse,completion_projected,2,0,False,0.25,0.24000000000000002,95.421875
synthetic,26-fully_observed,storm_compact,original,2,0,False,0.25,0.24,95.4375
synthetic,26-fully_observed,storm_compact,completion_projected,2,0,False,0.25,0.24000000000000002,95.421875
synthetic,26-fully_observed,ours_direct,original,2,0,False,0.14,0.13,36.46484375
synthetic,26-fully_observed,ours_direct,completion_projected,2,0,False,0.13,0.12,36.42578125
synthetic,26-fully_observed,ours_prepared,original,2,0,False,0.4,0.39,36.51953125
synthetic,26-fully_observed,ours_prepared,completion_projected,2,0,False,0.21,0.21000000000000002,36.45703125
synthetic,26-fully_observed,cudd_fixed,original,2,0,False,0.25,0.25,61.48828125
synthetic,26-fully_observed,cudd_fixed,completion_projected,2,0,False,0.24,0.24000000000000002,61.4765625
synthetic,26-fully_observed,cudd_sift,original,2,0,False,0.26,0.25,61.5078125
synthetic,26-fully_observed,cudd_sift,completion_projected,2,0,False,0.25,0.24,61.3515625
synthetic,26-fully_observed,agrum_conditioned,original,2,0,False,0.48,0.47,49.31640625
synthetic,26-fully_observed,agrum_conditioned,completion_projected,2,0,False,0.18,0.17,48.06640625
synthetic,26-fully_observed,agrum_joint,original,2,0,False,0.32,0.32,49.5546875
synthetic,26-fully_observed,agrum_joint,completion_projected,2,0,False,0.17,0.16,48.11328125
