profile,case_id,phase,method,paired_rounds,original_over_projected,kernel_original_over_projected
deathstarbench_social_network,deathstarbench_social_network--colocated--N--r0--compose_post,initial,ours_direct,3,0.8834277958031638,1.2052715431412202
deathstarbench_social_network,deathstarbench_social_network--colocated--N--r0--compose_post,initial,ours_prepared,3,1.129396794769677,1.33396780384658
deathstarbench_social_network,deathstarbench_social_network--colocated--N--r0--compose_post,initial,cudd_fixed,3,0.9488593244901448,1.0341634768505286
deathstarbench_social_network,deathstarbench_social_network--colocated--N--r0--compose_post,initial,cudd_sift,3,0.9890370672400065,1.079772826028581
deathstarbench_social_network,deathstarbench_social_network--colocated--N--r0--compose_post,initial,agrum_conditioned,3,1.427609955108974,1.4670196277564425
deathstarbench_social_network,deathstarbench_social_network--colocated--N--r0--compose_post,initial,agrum_joint,3,1.4304519224907812,1.4860314708232163
deathstarbench_social_network,deathstarbench_social_network--colocated--N--r0--compose_post,initial,storm_sparse,3,1.2370388846128513,1.325668997047526
deathstarbench_social_network,deathstarbench_social_network--colocated--N--r0--compose_post,initial,storm_compact,3,1.0844335401703928,1.1732267698345924
deathstarbench_social_network,deathstarbench_social_network--colocated--N--r0--compose_post,repeat,ours_direct,3,0.8719455517501669,1.1688981110512782
deathstarbench_social_network,deathstarbench_social_network--colocated--N--r0--compose_post,repeat,ours_prepared,3,0.6918321405772268,1.0975797049700797
deathstarbench_social_network,deathstarbench_social_network--colocated--N--r0--compose_post,repeat,cudd_fixed,3,0.7280246294342494,1.0977712159512039
deathstarbench_social_network,deathstarbench_social_network--colocated--N--r0--compose_post,repeat,cudd_sift,3,0.7169561081056738,1.0828073316151468
deathstarbench_social_network,deathstarbench_social_network--colocated--N--r0--compose_post,repeat,agrum_conditioned,3,1.18257313417375,1.2280805165174606
deathstarbench_social_network,deathstarbench_social_network--colocated--N--r0--compose_post,repeat,agrum_joint,3,0.8917274704089717,0.993131179597345
deathstarbench_social_network,deathstarbench_social_network--colocated--N--r0--compose_post,repeat,storm_sparse,3,1.2426567440393448,1.4943718106985777
deathstarbench_social_network,deathstarbench_social_network--colocated--N--r0--compose_post,repeat,storm_compact,3,0.7832163941669636,1.0259231782400258
deathstarbench_social_network,deathstarbench_social_network--colocated--N--r0--compose_post,counts,ours_direct,3,0.8660677065196216,1.1684900662614464
deathstarbench_social_network,deathstarbench_social_network--colocated--N--r0--compose_post,counts,ours_prepared,3,0.6891593761886649,1.0861095028713599
deathstarbench_social_network,deathstarbench_social_network--colocated--N--r0--compose_post,counts,cudd_fixed,3,0.7238557370037666,1.0687059854081904
deathstarbench_social_network,deathstarbench_social_network--colocated--N--r0--compose_post,counts,cudd_sift,3,0.7303516241850011,1.1083932072355938
deathstarbench_social_network,deathstarbench_social_network--colocated--N--r0--compose_post,counts,agrum_conditioned,3,1.2275768981824406,1.271777636698049
deathstarbench_social_network,deathstarbench_social_network--colocated--N--r0--compose_post,counts,agrum_joint,3,0.9106658490169668,1.0117926130232886
deathstarbench_social_network,deathstarbench_social_network--colocated--N--r0--compose_post,counts,storm_sparse,3,1.2122739764885457,1.4394067759718014
deathstarbench_social_network,deathstarbench_social_network--colocated--N--r0--compose_post,counts,storm_compact,3,0.8134464675465451,1.0050723231859546
deathstarbench_social_network,deathstarbench_social_network--colocated--N--r0--compose_post,masks,ours_direct,3,0.8117275809017611,1.0591630900369289
deathstarbench_social_network,deathstarbench_social_network--colocated--N--r0--compose_post,masks,ours_prepared,3,0.6662910818467939,1.0685359736332192
deathstarbench_social_network,deathstarbench_social_network--colocated--N--r0--compose_post,masks,cudd_fixed,3,0.7859662434112344,1.1974812617832344
deathstarbench_social_network,deathstarbench_social_network--colocated--N--r0--compose_post,masks,cudd_sift,3,0.7647899634564487,1.1787972039373127
deathstarbench_social_network,deathstarbench_social_network--colocated--N--r0--compose_post,masks,agrum_conditioned,3,1.3739021974603192,1.4216625064296065
deathstarbench_social_network,deathstarbench_social_network--colocated--N--r0--compose_post,masks,agrum_joint,3,1.3268567508552245,1.4028692657841417
deathstarbench_social_network,deathstarbench_social_network--colocated--N--r0--compose_post,masks,storm_sparse,3,1.2721329145809666,1.3733722839296147
deathstarbench_social_network,deathstarbench_social_network--colocated--N--r0--compose_post,masks,storm_compact,3,1.2744407896952274,1.3876760871048783
deathstarbench_social_network,deathstarbench_social_network--colocated--N--r0--compose_post,metadata,ours_direct,3,0.7891715887693911,0.9966747143938962
deathstarbench_social_network,deathstarbench_social_network--colocated--N--r0--compose_post,metadata,ours_prepared,3,0.6321508758602138,1.0407054874964063
deathstarbench_social_network,deathstarbench_social_network--colocated--N--r0--compose_post,metadata,cudd_fixed,3,0.784282790435903,1.226114019648433
deathstarbench_social_network,deathstarbench_social_network--colocated--N--r0--compose_post,metadata,cudd_sift,3,0.7594278198477115,1.1849205522431046
deathstarbench_social_network,deathstarbench_social_network--colocated--N--r0--compose_post,metadata,agrum_conditioned,3,1.2032195429342836,1.2480316179402342
deathstarbench_social_network,deathstarbench_social_network--colocated--N--r0--compose_post,metadata,agrum_joint,3,0.8761943853692135,0.9952111003270405
deathstarbench_social_network,deathstarbench_social_network--colocated--N--r0--compose_post,metadata,storm_sparse,3,1.24941318187703,1.4809752717913667
deathstarbench_social_network,deathstarbench_social_network--colocated--N--r0--compose_post,metadata,storm_compact,3,1.0412788712624637,1.3494591971334835
deathstarbench_social_network,deathstarbench_social_network--colocated--N--r0--compose_post,structure,ours_direct,3,0.7932059339362768,1.0270575146987533
deathstarbench_social_network,deathstarbench_social_network--colocated--N--r0--compose_post,structure,ours_prepared,3,1.1451840002620581,1.340295319275137
deathstarbench_social_network,deathstarbench_social_network--colocated--N--r0--compose_post,structure,cudd_fixed,3,0.7779378604071605,1.1777376792363077
deathstarbench_social_network,deathstarbench_social_network--colocated--N--r0--compose_post,structure,cudd_sift,3,0.978893402807572,1.3259513999286248
deathstarbench_social_network,deathstarbench_social_network--colocated--N--r0--compose_post,structure,agrum_conditioned,3,1.461607785738922,1.4956934663292656
deathstarbench_social_network,deathstarbench_social_network--colocated--N--r0--compose_post,structure,agrum_joint,3,1.4871754971113484,1.5330302754986267
deathstarbench_social_network,deathstarbench_social_network--colocated--N--r0--compose_post,structure,storm_sparse,3,1.391378832757823,1.5539227914411824
deathstarbench_social_network,deathstarbench_social_network--colocated--N--r0--compose_post,structure,storm_compact,3,1.4129288743801014,1.6110088310870014
deathstarbench_social_network,deathstarbench_social_network--colocated--N--r0--compose_post,restore,ours_direct,3,0.9100903816248391,1.243878428045582
deathstarbench_social_network,deathstarbench_social_network--colocated--N--r0--compose_post,restore,ours_prepared,3,1.0930356729203756,1.294915230036125
deathstarbench_social_network,deathstarbench_social_network--colocated--N--r0--compose_post,restore,cudd_fixed,3,0.7386528390770427,1.1327697104176615
deathstarbench_social_network,deathstarbench_social_network--colocated--N--r0--compose_post,restore,cudd_sift,3,0.9167122048479701,1.290635960833937
deathstarbench_social_network,deathstarbench_social_network--colocated--N--r0--compose_post,restore,agrum_conditioned,3,1.46481837192149,1.5009947452810204
deathstarbench_social_network,deathstarbench_social_network--colocated--N--r0--compose_post,restore,agrum_joint,3,1.5095264168522016,1.5574985127196666
deathstarbench_social_network,deathstarbench_social_network--colocated--N--r0--compose_post,restore,storm_sparse,3,1.3385718168257064,1.5008997975569742
deathstarbench_social_network,deathstarbench_social_network--colocated--N--r0--compose_post,restore,storm_compact,3,1.3706670103036052,1.5807390526008405
deathstarbench_social_network,deathstarbench_social_network--colocated--N--r0--read_home_timeline,initial,ours_direct,3,0.7488511806915401,1.3117119743458932
deathstarbench_social_network,deathstarbench_social_network--colocated--N--r0--read_home_timeline,initial,ours_prepared,3,0.8411827421537833,1.303170648345824
deathstarbench_social_network,deathstarbench_social_network--colocated--N--r0--read_home_timeline,initial,cudd_fixed,3,0.9837059810522276,1.030215529838672
deathstarbench_social_network,deathstarbench_social_network--colocated--N--r0--read_home_timeline,initial,cudd_sift,3,0.942162022361003,0.9766958191388695
deathstarbench_social_network,deathstarbench_social_network--colocated--N--r0--read_home_timeline,initial,agrum_conditioned,3,1.207414427472405,1.2556548786171833
deathstarbench_social_network,deathstarbench_social_network--colocated--N--r0--read_home_timeline,initial,agrum_joint,3,1.1703085113666372,1.2256084212280685
deathstarbench_social_network,deathstarbench_social_network--colocated--N--r0--read_home_timeline,initial,storm_sparse,3,0.8962380245306429,1.028953819651494
deathstarbench_social_network,deathstarbench_social_network--colocated--N--r0--read_home_timeline,initial,storm_compact,3,0.9156458188960644,1.0196995393644765
deathstarbench_social_network,deathstarbench_social_network--colocated--N--r0--read_home_timeline,repeat,ours_direct,3,0.6964157972168608,1.0709957074320344
deathstarbench_social_network,deathstarbench_social_network--colocated--N--r0--read_home_timeline,repeat,ours_prepared,3,0.6484137786619202,1.0209793850211704
deathstarbench_social_network,deathstarbench_social_network--colocated--N--r0--read_home_timeline,repeat,cudd_fixed,3,0.6139254637990478,0.9597214379823076
deathstarbench_social_network,deathstarbench_social_network--colocated--N--r0--read_home_timeline,repeat,cudd_sift,3,0.6183576499149953,0.995442129858163
deathstarbench_social_network,deathstarbench_social_network--colocated--N--r0--read_home_timeline,repeat,agrum_conditioned,3,1.000712542478494,1.1165851407277199
deathstarbench_social_network,deathstarbench_social_network--colocated--N--r0--read_home_timeline,repeat,agrum_joint,3,0.8183739216685327,0.9869274844266469
deathstarbench_social_network,deathstarbench_social_network--colocated--N--r0--read_home_timeline,repeat,storm_sparse,3,0.6509396703329459,1.0800191330945892
deathstarbench_social_network,deathstarbench_social_network--colocated--N--r0--read_home_timeline,repeat,storm_compact,3,0.58541589309089,0.9886990716864363
deathstarbench_social_network,deathstarbench_social_network--colocated--N--r0--read_home_timeline,counts,ours_direct,3,0.6588132200081218,1.0239339628989927
deathstarbench_social_network,deathstarbench_social_network--colocated--N--r0--read_home_timeline,counts,ours_prepared,3,0.6478448242512399,1.0469577348679413
deathstarbench_social_network,deathstarbench_social_network--colocated--N--r0--read_home_timeline,counts,cudd_fixed,3,0.6953497180985125,1.1507857945935376
deathstarbench_social_network,deathstarbench_social_network--colocated--N--r0--read_home_timeline,counts,cudd_sift,3,0.6095087638460722,0.9852510032922404
deathstarbench_social_network,deathstarbench_social_network--colocated--N--r0--read_home_timeline,counts,agrum_conditioned,3,0.9629161337403573,1.080658778683782
deathstarbench_social_network,deathstarbench_social_network--colocated--N--r0--read_home_timeline,counts,agrum_joint,3,0.854941320450017,1.0329270488851052
deathstarbench_social_network,deathstarbench_social_network--colocated--N--r0--read_home_timeline,counts,storm_sparse,3,0.6285771209851378,1.0722379229286072
deathstarbench_social_network,deathstarbench_social_network--colocated--N--r0--read_home_timeline,counts,storm_compact,3,0.5870482473058182,1.0049624721634178
deathstarbench_social_network,deathstarbench_social_network--colocated--N--r0--read_home_timeline,masks,ours_direct,3,0.6757997081146178,1.062515439557489
deathstarbench_social_network,deathstarbench_social_network--colocated--N--r0--read_home_timeline,masks,ours_prepared,3,0.6209105615156173,1.0462088496482438
deathstarbench_social_network,deathstarbench_social_network--colocated--N--r0--read_home_timeline,masks,cudd_fixed,3,0.5201461634791452,0.7528417371028855
deathstarbench_social_network,deathstarbench_social_network--colocated--N--r0--read_home_timeline,masks,cudd_sift,3,0.5449120357361159,0.791075333271421
deathstarbench_social_network,deathstarbench_social_network--colocated--N--r0--read_home_timeline,masks,agrum_conditioned,3,1.1369664351314996,1.2357656616734893
deathstarbench_social_network,deathstarbench_social_network--colocated--N--r0--read_home_timeline,masks,agrum_joint,3,1.12134661988186,1.2230024609884442
deathstarbench_social_network,deathstarbench_social_network--colocated--N--r0--read_home_timeline,masks,storm_sparse,3,0.9517131289301766,1.0504896766143017
deathstarbench_social_network,deathstarbench_social_network--colocated--N--r0--read_home_timeline,masks,storm_compact,3,0.9043006839202404,0.9941866165981493
deathstarbench_social_network,deathstarbench_social_network--colocated--N--r0--read_home_timeline,metadata,ours_direct,3,0.6880504304413005,1.057378688817999
deathstarbench_social_network,deathstarbench_social_network--colocated--N--r0--read_home_timeline,metadata,ours_prepared,3,0.6096175209059771,1.026825176103462
deathstarbench_social_network,deathstarbench_social_network--colocated--N--r0--read_home_timeline,metadata,cudd_fixed,3,0.9347291362784932,1.6131097829250627
deathstarbench_social_network,deathstarbench_social_network--colocated--N--r0--read_home_timeline,metadata,cudd_sift,3,0.9145868378591782,1.577155380116573
deathstarbench_social_network,deathstarbench_social_network--colocated--N--r0--read_home_timeline,metadata,agrum_conditioned,3,1.003503577793473,1.128056420359923
deathstarbench_social_network,deathstarbench_social_network--colocated--N--r0--read_home_timeline,metadata,agrum_joint,3,0.794654695206784,0.9597763905067676
deathstarbench_social_network,deathstarbench_social_network--colocated--N--r0--read_home_timeline,metadata,storm_sparse,3,0.7432120330452142,1.0513205869945157
deathstarbench_social_network,deathstarbench_social_network--colocated--N--r0--read_home_timeline,metadata,storm_compact,3,0.7168632546981207,1.0074975138792097
deathstarbench_social_network,deathstarbench_social_network--colocated--N--r0--read_home_timeline,structure,ours_direct,3,0.6507986817576111,1.0079482518073817
deathstarbench_social_network,deathstarbench_social_network--colocated--N--r0--read_home_timeline,structure,ours_prepared,3,0.7793564209903168,1.0670601978153162
deathstarbench_social_network,deathstarbench_social_network--colocated--N--r0--read_home_timeline,structure,cudd_fixed,3,0.6563573883161512,0.9758105456690861
deathstarbench_social_network,deathstarbench_social_network--colocated--N--r0--read_home_timeline,structure,cudd_sift,3,0.8029487770774311,1.0979674485367827
deathstarbench_social_network,deathstarbench_social_network--colocated--N--r0--read_home_timeline,structure,agrum_conditioned,3,1.2408073098720755,1.3052333502599944
deathstarbench_social_network,deathstarbench_social_network--colocated--N--r0--read_home_timeline,structure,agrum_joint,3,1.2275342375936704,1.2849044922218673
deathstarbench_social_network,deathstarbench_social_network--colocated--N--r0--read_home_timeline,structure,storm_sparse,3,0.8876309259133567,1.0845434602031905
deathstarbench_social_network,deathstarbench_social_network--colocated--N--r0--read_home_timeline,structure,storm_compact,3,0.8912154153975557,1.0626781055494632
deathstarbench_social_network,deathstarbench_social_network--colocated--N--r0--read_home_timeline,restore,ours_direct,3,0.642087997735495,1.0355728989933266
deathstarbench_social_network,deathstarbench_social_network--colocated--N--r0--read_home_timeline,restore,ours_prepared,3,0.7865343185155977,1.098296309337089
deathstarbench_social_network,deathstarbench_social_network--colocated--N--r0--read_home_timeline,restore,cudd_fixed,3,0.6906697905181919,1.0857531942163656
deathstarbench_social_network,deathstarbench_social_network--colocated--N--r0--read_home_timeline,restore,cudd_sift,3,0.8170245492456424,1.1180952165537623
deathstarbench_social_network,deathstarbench_social_network--colocated--N--r0--read_home_timeline,restore,agrum_conditioned,3,1.222597114676635,1.2952822193130482
deathstarbench_social_network,deathstarbench_social_network--colocated--N--r0--read_home_timeline,restore,agrum_joint,3,1.2313859318324916,1.2907003056863948
deathstarbench_social_network,deathstarbench_social_network--colocated--N--r0--read_home_timeline,restore,storm_sparse,3,0.8444463657585424,1.0859267573189795
deathstarbench_social_network,deathstarbench_social_network--colocated--N--r0--read_home_timeline,restore,storm_compact,3,0.846786483841366,1.2637631775103824
deathstarbench_social_network,deathstarbench_social_network--colocated--N--r0--read_user_timeline,initial,ours_direct,3,0.7993187899987657,0.9949814546252131
deathstarbench_social_network,deathstarbench_social_network--colocated--N--r0--read_user_timeline,initial,ours_prepared,3,0.9964998452427162,1.0867078238986927
deathstarbench_social_network,deathstarbench_social_network--colocated--N--r0--read_user_timeline,initial,cudd_fixed,3,0.9408103905261369,0.9777409872230997
deathstarbench_social_network,deathstarbench_social_network--colocated--N--r0--read_user_timeline,initial,cudd_sift,3,0.7796792770435749,0.8087744053001673
deathstarbench_social_network,deathstarbench_social_network--colocated--N--r0--read_user_timeline,initial,agrum_conditioned,3,1.0495338759458532,1.0625331457933738
deathstarbench_social_network,deathstarbench_social_network--colocated--N--r0--read_user_timeline,initial,agrum_joint,3,1.0574378902424606,1.075357709281185
deathstarbench_social_network,deathstarbench_social_network--colocated--N--r0--read_user_timeline,initial,storm_sparse,3,0.9613431416247192,1.0524299045230188
deathstarbench_social_network,deathstarbench_social_network--colocated--N--r0--read_user_timeline,initial,storm_compact,3,0.9279044350371894,1.006155247897498
deathstarbench_social_network,deathstarbench_social_network--colocated--N--r0--read_user_timeline,repeat,ours_direct,3,0.7593734631014936,0.9723696508445157
deathstarbench_social_network,deathstarbench_social_network--colocated--N--r0--read_user_timeline,repeat,ours_prepared,3,0.734842080163014,1.004244399185336
deathstarbench_social_network,deathstarbench_social_network--colocated--N--r0--read_user_timeline,repeat,cudd_fixed,3,0.7177045563886836,0.9127537850373286
deathstarbench_social_network,deathstarbench_social_network--colocated--N--r0--read_user_timeline,repeat,cudd_sift,3,0.6756166907525084,0.8628572619975018
deathstarbench_social_network,deathstarbench_social_network--colocated--N--r0--read_user_timeline,repeat,agrum_conditioned,3,1.0056796382493483,1.0292655314970318
deathstarbench_social_network,deathstarbench_social_network--colocated--N--r0--read_user_timeline,repeat,agrum_joint,3,0.9379142236757688,1.026429279470642
deathstarbench_social_network,deathstarbench_social_network--colocated--N--r0--read_user_timeline,repeat,storm_sparse,3,0.6878918799610879,1.0572000431387227
deathstarbench_social_network,deathstarbench_social_network--colocated--N--r0--read_user_timeline,repeat,storm_compact,3,0.5955921693943814,0.9202984503539315
deathstarbench_social_network,deathstarbench_social_network--colocated--N--r0--read_user_timeline,counts,ours_direct,3,0.816835576651098,1.0498539804266893
deathstarbench_social_network,deathstarbench_social_network--colocated--N--r0--read_user_timeline,counts,ours_prepared,3,0.7170474446664847,0.9506719169615073
deathstarbench_social_network,deathstarbench_social_network--colocated--N--r0--read_user_timeline,counts,cudd_fixed,3,0.779976539714153,1.075210431713128
deathstarbench_social_network,deathstarbench_social_network--colocated--N--r0--read_user_timeline,counts,cudd_sift,3,0.8007211970330826,1.0496994802605473
deathstarbench_social_network,deathstarbench_social_network--colocated--N--r0--read_user_timeline,counts,agrum_conditioned,3,0.9901876342845947,1.0137174181620259
deathstarbench_social_network,deathstarbench_social_network--colocated--N--r0--read_user_timeline,counts,agrum_joint,3,0.9464653193286308,1.0110734571142188
deathstarbench_social_network,deathstarbench_social_network--colocated--N--r0--read_user_timeline,counts,storm_sparse,3,0.7921738382099828,1.065536011935984
deathstarbench_social_network,deathstarbench_social_network--colocated--N--r0--read_user_timeline,counts,storm_compact,3,0.681321790096367,1.005385888111406
deathstarbench_social_network,deathstarbench_social_network--colocated--N--r0--read_user_timeline,masks,ours_direct,3,0.7824401933394879,0.9683145734985422
deathstarbench_social_network,deathstarbench_social_network--colocated--N--r0--read_user_timeline,masks,ours_prepared,3,0.7408277769422302,1.0038058829535013
deathstarbench_social_network,deathstarbench_social_network--colocated--N--r0--read_user_timeline,masks,cudd_fixed,3,0.9778090706030883,1.2951001565255296
deathstarbench_social_network,deathstarbench_social_network--colocated--N--r0--read_user_timeline,masks,cudd_sift,3,0.954701362337132,1.2756436046829287
deathstarbench_social_network,deathstarbench_social_network--colocated--N--r0--read_user_timeline,masks,agrum_conditioned,3,1.044453696927933,1.065058852855701
deathstarbench_social_network,deathstarbench_social_network--colocated--N--r0--read_user_timeline,masks,agrum_joint,3,1.0468237914737208,1.0765844998966594
deathstarbench_social_network,deathstarbench_social_network--colocated--N--r0--read_user_timeline,masks,storm_sparse,3,0.9788960848106831,1.0473408271118194
deathstarbench_social_network,deathstarbench_social_network--colocated--N--r0--read_user_timeline,masks,storm_compact,3,0.9589530698524487,1.0157825137937828
deathstarbench_social_network,deathstarbench_social_network--colocated--N--r0--read_user_timeline,metadata,ours_direct,3,0.7868435596346227,1.0116228190678545
deathstarbench_social_network,deathstarbench_social_network--colocated--N--r0--read_user_timeline,metadata,ours_prepared,3,0.755645925957142,1.0229952698632276
deathstarbench_social_network,deathstarbench_social_network--colocated--N--r0--read_user_timeline,metadata,cudd_fixed,3,0.7941720264771512,1.0613562835851988
deathstarbench_social_network,deathstarbench_social_network--colocated--N--r0--read_user_timeline,metadata,cudd_sift,3,0.76129973637866,1.00768970701425
deathstarbench_social_network,deathstarbench_social_network--colocated--N--r0--read_user_timeline,metadata,agrum_conditioned,3,1.0023147287917928,1.0258554130841933
deathstarbench_social_network,deathstarbench_social_network--colocated--N--r0--read_user_timeline,metadata,agrum_joint,3,0.9269754069439863,0.994910046949967
deathstarbench_social_network,deathstarbench_social_network--colocated--N--r0--read_user_timeline,metadata,storm_sparse,3,0.8335868650807033,1.0100547617521107
deathstarbench_social_network,deathstarbench_social_network--colocated--N--r0--read_user_timeline,metadata,storm_compact,3,0.8352550315045608,1.0086651139760494
deathstarbench_social_network,deathstarbench_social_network--colocated--N--r0--read_user_timeline,structure,ours_direct,3,0.8510300163970534,1.0656722371595473
deathstarbench_social_network,deathstarbench_social_network--colocated--N--r0--read_user_timeline,structure,ours_prepared,3,0.9467025949929189,1.0339248066968596
deathstarbench_social_network,deathstarbench_social_network--colocated--N--r0--read_user_timeline,structure,cudd_fixed,3,0.7665673424650341,1.0147673000304362
deathstarbench_social_network,deathstarbench_social_network--colocated--N--r0--read_user_timeline,structure,cudd_sift,3,0.929010515560919,1.136701672214252
deathstarbench_social_network,deathstarbench_social_network--colocated--N--r0--read_user_timeline,structure,agrum_conditioned,3,1.0670100672318859,1.0814591649927474
deathstarbench_social_network,deathstarbench_social_network--colocated--N--r0--read_user_timeline,structure,agrum_joint,3,1.0683341918041103,1.088684871261015
deathstarbench_social_network,deathstarbench_social_network--colocated--N--r0--read_user_timeline,structure,storm_sparse,3,1.0026224937579151,1.1204600015488269
deathstarbench_social_network,deathstarbench_social_network--colocated--N--r0--read_user_timeline,structure,storm_compact,3,0.9347726807893063,1.0407595353689048
deathstarbench_social_network,deathstarbench_social_network--colocated--N--r0--read_user_timeline,restore,ours_direct,3,0.760647575555767,0.9717369541297642
deathstarbench_social_network,deathstarbench_social_network--colocated--N--r0--read_user_timeline,restore,ours_prepared,3,1.0073057731046495,1.0999133290058685
deathstarbench_social_network,deathstarbench_social_network--colocated--N--r0--read_user_timeline,restore,cudd_fixed,3,0.8154116453527762,1.0511668667466987
deathstarbench_social_network,deathstarbench_social_network--colocated--N--r0--read_user_timeline,restore,cudd_sift,3,0.9577179585739024,1.1524250536623013
deathstarbench_social_network,deathstarbench_social_network--colocated--N--r0--read_user_timeline,restore,agrum_conditioned,3,1.0717813137127459,1.0855189386775272
deathstarbench_social_network,deathstarbench_social_network--colocated--N--r0--read_user_timeline,restore,agrum_joint,3,1.0763636238630048,1.0949464477068387
deathstarbench_social_network,deathstarbench_social_network--colocated--N--r0--read_user_timeline,restore,storm_sparse,3,0.9107317974446071,1.0743622518393454
deathstarbench_social_network,deathstarbench_social_network--colocated--N--r0--read_user_timeline,restore,storm_compact,3,0.9398964799752377,1.1071435330505335
deathstarbench_social_network,deathstarbench_social_network--colocated--NC--r0--compose_post,initial,ours_direct,3,1.0683753765686157,1.2511191322371695
deathstarbench_social_network,deathstarbench_social_network--colocated--NC--r0--compose_post,initial,ours_prepared,3,1.0587184304492563,1.2492827046409634
deathstarbench_social_network,deathstarbench_social_network--colocated--NC--r0--compose_post,initial,cudd_fixed,3,0.9752821552706726,1.1083929313462937
deathstarbench_social_network,deathstarbench_social_network--colocated--NC--r0--compose_post,initial,cudd_sift,3,0.859494977381878,0.9469700526185458
deathstarbench_social_network,deathstarbench_social_network--colocated--NC--r0--compose_post,initial,agrum_conditioned,3,1.429906579075244,1.4465289469413425
deathstarbench_social_network,deathstarbench_social_network--colocated--NC--r0--compose_post,initial,agrum_joint,3,1.4112153930536744,1.4495677031012555
deathstarbench_social_network,deathstarbench_social_network--colocated--NC--r0--compose_post,initial,storm_sparse,3,1.634391433936611,1.742466525325764
deathstarbench_social_network,deathstarbench_social_network--colocated--NC--r0--compose_post,initial,storm_compact,3,1.3706091106453662,1.4829679373312574
deathstarbench_social_network,deathstarbench_social_network--colocated--NC--r0--compose_post,repeat,ours_direct,3,1.1073305540498044,1.2726665077214618
deathstarbench_social_network,deathstarbench_social_network--colocated--NC--r0--compose_post,repeat,ours_prepared,3,0.8328051781168421,1.0708270315422683
deathstarbench_social_network,deathstarbench_social_network--colocated--NC--r0--compose_post,repeat,cudd_fixed,3,0.9090181793050476,1.133148635666345
deathstarbench_social_network,deathstarbench_social_network--colocated--NC--r0--compose_post,repeat,cudd_sift,3,0.8908136292893578,1.1170657238848356
deathstarbench_social_network,deathstarbench_social_network--colocated--NC--r0--compose_post,repeat,agrum_conditioned,3,1.2519233675566641,1.2683961312967111
deathstarbench_social_network,deathstarbench_social_network--colocated--NC--r0--compose_post,repeat,agrum_joint,3,0.946188075665376,0.9947817877999903
deathstarbench_social_network,deathstarbench_social_network--colocated--NC--r0--compose_post,repeat,storm_sparse,3,1.5442388480822842,1.7330233024844044
deathstarbench_social_network,deathstarbench_social_network--colocated--NC--r0--compose_post,repeat,storm_compact,3,0.7382052714992381,1.0228710314215184
deathstarbench_social_network,deathstarbench_social_network--colocated--NC--r0--compose_post,counts,ours_direct,3,1.102022709300799,1.2820056285438535
deathstarbench_social_network,deathstarbench_social_network--colocated--NC--r0--compose_post,counts,ours_prepared,3,0.8153058887275582,1.0464718049574446
deathstarbench_social_network,deathstarbench_social_network--colocated--NC--r0--compose_post,counts,cudd_fixed,3,0.9037261663968763,1.1400219049568263
deathstarbench_social_network,deathstarbench_social_network--colocated--NC--r0--compose_post,counts,cudd_sift,3,0.8786137430571079,1.0897623395477793
deathstarbench_social_network,deathstarbench_social_network--colocated--NC--r0--compose_post,counts,agrum_conditioned,3,1.2741546159465573,1.2928075204658391
deathstarbench_social_network,deathstarbench_social_network--colocated--NC--r0--compose_post,counts,agrum_joint,3,0.9325828876390478,0.9833242048313497
deathstarbench_social_network,deathstarbench_social_network--colocated--NC--r0--compose_post,counts,storm_sparse,3,1.5338003686791104,1.723556922809816
deathstarbench_social_network,deathstarbench_social_network--colocated--NC--r0--compose_post,counts,storm_compact,3,0.7569371863318362,0.9739659209421045
deathstarbench_social_network,deathstarbench_social_network--colocated--NC--r0--compose_post,masks,ours_direct,3,1.0318736333776501,1.165136413999571
deathstarbench_social_network,deathstarbench_social_network--colocated--NC--r0--compose_post,masks,ours_prepared,3,0.8837528779739063,1.1760438326889855
deathstarbench_social_network,deathstarbench_social_network--colocated--NC--r0--compose_post,masks,cudd_fixed,3,1.0395639151582678,1.3401041114016965
deathstarbench_social_network,deathstarbench_social_network--colocated--NC--r0--compose_post,masks,cudd_sift,3,1.051567079284282,1.33751710938658
deathstarbench_social_network,deathstarbench_social_network--colocated--NC--r0--compose_post,masks,agrum_conditioned,3,1.4879189080550776,1.5066961452346896
deathstarbench_social_network,deathstarbench_social_network--colocated--NC--r0--compose_post,masks,agrum_joint,3,1.3118599871086791,1.3460151133142344
deathstarbench_social_network,deathstarbench_social_network--colocated--NC--r0--compose_post,masks,storm_sparse,3,1.77758143882982,1.9133455259789642
deathstarbench_social_network,deathstarbench_social_network--colocated--NC--r0--compose_post,masks,storm_compact,3,1.5512371486281997,1.70339787496149
deathstarbench_social_network,deathstarbench_social_network--colocated--NC--r0--compose_post,metadata,ours_direct,3,1.0293494871986144,1.1655209477339823
deathstarbench_social_network,deathstarbench_social_network--colocated--NC--r0--compose_post,metadata,ours_prepared,3,0.8878414768600754,1.16035900233905
deathstarbench_social_network,deathstarbench_social_network--colocated--NC--r0--compose_post,metadata,cudd_fixed,3,1.0243987598452786,1.3319125088721744
deathstarbench_social_network,deathstarbench_social_network--colocated--NC--r0--compose_post,metadata,cudd_sift,3,1.0332523927659307,1.3263142098158016
deathstarbench_social_network,deathstarbench_social_network--colocated--NC--r0--compose_post,metadata,agrum_conditioned,3,1.4632642249248948,1.4870296612352105
deathstarbench_social_network,deathstarbench_social_network--colocated--NC--r0--compose_post,metadata,agrum_joint,3,1.089330375931046,1.1513358243407747
deathstarbench_social_network,deathstarbench_social_network--colocated--NC--r0--compose_post,metadata,storm_sparse,3,1.6613509881548203,1.8897594991054363
deathstarbench_social_network,deathstarbench_social_network--colocated--NC--r0--compose_post,metadata,storm_compact,3,0.9596060169550484,1.3650047527847506
deathstarbench_social_network,deathstarbench_social_network--colocated--NC--r0--compose_post,structure,ours_direct,3,0.9055290527891432,1.1641194072183223
deathstarbench_social_network,deathstarbench_social_network--colocated--NC--r0--compose_post,structure,ours_prepared,3,0.9071881769799293,1.2866027153412543
deathstarbench_social_network,deathstarbench_social_network--colocated--NC--r0--compose_post,structure,cudd_fixed,3,1.0373550565789573,1.3367896816430225
deathstarbench_social_network,deathstarbench_social_network--colocated--NC--r0--compose_post,structure,cudd_sift,3,1.1028802136674727,1.3725123808509505
deathstarbench_social_network,deathstarbench_social_network--colocated--NC--r0--compose_post,structure,agrum_conditioned,3,1.6580748949390718,1.683353272668248
deathstarbench_social_network,deathstarbench_social_network--colocated--NC--r0--compose_post,structure,agrum_joint,3,1.594554260497258,1.6434014958367178
deathstarbench_social_network,deathstarbench_social_network--colocated--NC--r0--compose_post,structure,storm_sparse,3,1.6574320506993607,1.7763960085004449
deathstarbench_social_network,deathstarbench_social_network--colocated--NC--r0--compose_post,structure,storm_compact,3,1.730621943849239,1.9177337707289062
deathstarbench_social_network,deathstarbench_social_network--colocated--NC--r0--compose_post,restore,ours_direct,3,1.0869607801090324,1.2565797248248503
deathstarbench_social_network,deathstarbench_social_network--colocated--NC--r0--compose_post,restore,ours_prepared,3,1.224172575828991,1.444744627568852
deathstarbench_social_network,deathstarbench_social_network--colocated--NC--r0--compose_post,restore,cudd_fixed,3,0.8835041254059626,1.1267808182139911
deathstarbench_social_network,deathstarbench_social_network--colocated--NC--r0--compose_post,restore,cudd_sift,3,0.9405978360591334,1.1592761870453654
deathstarbench_social_network,deathstarbench_social_network--colocated--NC--r0--compose_post,restore,agrum_conditioned,3,1.4458985390162027,1.461447157907009
deathstarbench_social_network,deathstarbench_social_network--colocated--NC--r0--compose_post,restore,agrum_joint,3,1.4762096040533117,1.5104728811252706
deathstarbench_social_network,deathstarbench_social_network--colocated--NC--r0--compose_post,restore,storm_sparse,3,1.6864534980512553,1.817176715513924
deathstarbench_social_network,deathstarbench_social_network--colocated--NC--r0--compose_post,restore,storm_compact,3,1.4680312503579231,1.6282946917129457
deathstarbench_social_network,deathstarbench_social_network--colocated--NC--r0--read_home_timeline,initial,ours_direct,3,0.7961738268198573,1.4133697082714614
deathstarbench_social_network,deathstarbench_social_network--colocated--NC--r0--read_home_timeline,initial,ours_prepared,3,0.8393115395006595,1.2540725786410616
deathstarbench_social_network,deathstarbench_social_network--colocated--NC--r0--read_home_timeline,initial,cudd_fixed,3,1.051990419115282,1.0875597995332
deathstarbench_social_network,deathstarbench_social_network--colocated--NC--r0--read_home_timeline,initial,cudd_sift,3,0.9776709395379042,1.0110929901982781
deathstarbench_social_network,deathstarbench_social_network--colocated--NC--r0--read_home_timeline,initial,agrum_conditioned,3,1.19384882094356,1.2417698524977334
deathstarbench_social_network,deathstarbench_social_network--colocated--NC--r0--read_home_timeline,initial,agrum_joint,3,1.2359794431612843,1.2821806726365836
deathstarbench_social_network,deathstarbench_social_network--colocated--NC--r0--read_home_timeline,initial,storm_sparse,3,0.9651505761187347,1.0731470492066848
deathstarbench_social_network,deathstarbench_social_network--colocated--NC--r0--read_home_timeline,initial,storm_compact,3,0.9328798145038568,1.0392137308899279
deathstarbench_social_network,deathstarbench_social_network--colocated--NC--r0--read_home_timeline,repeat,ours_direct,3,0.7305882547724301,1.1211698590940438
deathstarbench_social_network,deathstarbench_social_network--colocated--NC--r0--read_home_timeline,repeat,ours_prepared,3,0.6542531632510188,1.0494740825729407
deathstarbench_social_network,deathstarbench_social_network--colocated--NC--r0--read_home_timeline,repeat,cudd_fixed,3,0.7172092647400479,1.1273867550878929
deathstarbench_social_network,deathstarbench_social_network--colocated--NC--r0--read_home_timeline,repeat,cudd_sift,3,0.6332658434747344,1.086183009343787
deathstarbench_social_network,deathstarbench_social_network--colocated--NC--r0--read_home_timeline,repeat,agrum_conditioned,3,0.9835250736900708,1.127424573435469
deathstarbench_social_network,deathstarbench_social_network--colocated--NC--r0--read_home_timeline,repeat,agrum_joint,3,0.833687201375267,1.0008461554336876
deathstarbench_social_network,deathstarbench_social_network--colocated--NC--r0--read_home_timeline,repeat,storm_sparse,3,0.6671314232193792,1.0131106212473664
deathstarbench_social_network,deathstarbench_social_network--colocated--NC--r0--read_home_timeline,repeat,storm_compact,3,0.5941546998612726,0.9913882059186976
deathstarbench_social_network,deathstarbench_social_network--colocated--NC--r0--read_home_timeline,counts,ours_direct,3,0.6532152390196554,1.0186258437008242
deathstarbench_social_network,deathstarbench_social_network--colocated--NC--r0--read_home_timeline,counts,ours_prepared,3,0.632446915807462,1.06307478327598
deathstarbench_social_network,deathstarbench_social_network--colocated--NC--r0--read_home_timeline,counts,cudd_fixed,3,0.6305761594365775,1.0070023928384895
deathstarbench_social_network,deathstarbench_social_network--colocated--NC--r0--read_home_timeline,counts,cudd_sift,3,0.5988672546017781,0.9502646420824296
deathstarbench_social_network,deathstarbench_social_network--colocated--NC--r0--read_home_timeline,counts,agrum_conditioned,3,0.9805843429206946,1.0907592221263207
deathstarbench_social_network,deathstarbench_social_network--colocated--NC--r0--read_home_timeline,counts,agrum_joint,3,0.79848287587181,0.9549907276951727
deathstarbench_social_network,deathstarbench_social_network--colocated--NC--r0--read_home_timeline,counts,storm_sparse,3,0.5543203602782694,0.9828978231868848
deathstarbench_social_network,deathstarbench_social_network--colocated--NC--r0--read_home_timeline,counts,storm_compact,3,0.6596520227202732,1.1199604703224895
deathstarbench_social_network,deathstarbench_social_network--colocated--NC--r0--read_home_timeline,masks,ours_direct,3,0.6123382610077889,1.0030341102810463
deathstarbench_social_network,deathstarbench_social_network--colocated--NC--r0--read_home_timeline,masks,ours_prepared,3,0.651097290897147,1.0973867619034927
deathstarbench_social_network,deathstarbench_social_network--colocated--NC--r0--read_home_timeline,masks,cudd_fixed,3,0.4818580631326894,0.7113929192755019
deathstarbench_social_network,deathstarbench_social_network--colocated--NC--r0--read_home_timeline,masks,cudd_sift,3,0.46051679816605645,0.6893404575743197
deathstarbench_social_network,deathstarbench_social_network--colocated--NC--r0--read_home_timeline,masks,agrum_conditioned,3,1.1601128771055362,1.261150563744918
deathstarbench_social_network,deathstarbench_social_network--colocated--NC--r0--read_home_timeline,masks,agrum_joint,3,1.1389303065813543,1.2231180555460681
deathstarbench_social_network,deathstarbench_social_network--colocated--NC--r0--read_home_timeline,masks,storm_sparse,3,0.9246340753429203,1.0367648602683353
deathstarbench_social_network,deathstarbench_social_network--colocated--NC--r0--read_home_timeline,masks,storm_compact,3,0.9043433552853489,1.0076078007568552
deathstarbench_social_network,deathstarbench_social_network--colocated--NC--r0--read_home_timeline,metadata,ours_direct,3,0.712038253632457,1.1032161920502885
deathstarbench_social_network,deathstarbench_social_network--colocated--NC--r0--read_home_timeline,metadata,ours_prepared,3,0.5481328241035434,0.9207103639620234
deathstarbench_social_network,deathstarbench_social_network--colocated--NC--r0--read_home_timeline,metadata,cudd_fixed,3,0.920495198644323,1.5744070853635557
deathstarbench_social_network,deathstarbench_social_network--colocated--NC--r0--read_home_timeline,metadata,cudd_sift,3,0.8580174708506729,1.4639996919759741
deathstarbench_social_network,deathstarbench_social_network--colocated--NC--r0--read_home_timeline,metadata,agrum_conditioned,3,0.9768659685120397,1.1136109101473712
deathstarbench_social_network,deathstarbench_social_network--colocated--NC--r0--read_home_timeline,metadata,agrum_joint,3,0.8528523327882557,1.0406278422906396
deathstarbench_social_network,deathstarbench_social_network--colocated--NC--r0--read_home_timeline,metadata,storm_sparse,3,0.7184693678156037,1.0168038916613602
deathstarbench_social_network,deathstarbench_social_network--colocated--NC--r0--read_home_timeline,metadata,storm_compact,3,0.6607765673011693,0.9430650929491208
deathstarbench_social_network,deathstarbench_social_network--colocated--NC--r0--read_home_timeline,structure,ours_direct,3,0.6152607948490657,0.9186581365770625
deathstarbench_social_network,deathstarbench_social_network--colocated--NC--r0--read_home_timeline,structure,ours_prepared,3,0.840357657328374,1.1704715105592858
deathstarbench_social_network,deathstarbench_social_network--colocated--NC--r0--read_home_timeline,structure,cudd_fixed,3,0.6333261527282549,0.9700725558759379
deathstarbench_social_network,deathstarbench_social_network--colocated--NC--r0--read_home_timeline,structure,cudd_sift,3,0.7715492770826728,1.084123640795903
deathstarbench_social_network,deathstarbench_social_network--colocated--NC--r0--read_home_timeline,structure,agrum_conditioned,3,1.2448898429940969,1.3098067972050147
deathstarbench_social_network,deathstarbench_social_network--colocated--NC--r0--read_home_timeline,structure,agrum_joint,3,1.2395630235431707,1.301573481963593
deathstarbench_social_network,deathstarbench_social_network--colocated--NC--r0--read_home_timeline,structure,storm_sparse,3,0.8474370967355065,1.0527951242381621
deathstarbench_social_network,deathstarbench_social_network--colocated--NC--r0--read_home_timeline,structure,storm_compact,3,0.8773721763330077,1.0551720644165046
deathstarbench_social_network,deathstarbench_social_network--colocated--NC--r0--read_home_timeline,restore,ours_direct,3,0.6190988885961798,0.9992634452195119
deathstarbench_social_network,deathstarbench_social_network--colocated--NC--r0--read_home_timeline,restore,ours_prepared,3,0.7159984202297159,0.9938223767243097
deathstarbench_social_network,deathstarbench_social_network--colocated--NC--r0--read_home_timeline,restore,cudd_fixed,3,0.6365484822829695,0.9979157501099868
deathstarbench_social_network,deathstarbench_social_network--colocated--NC--r0--read_home_timeline,restore,cudd_sift,3,0.797518137878929,1.1323219821187522
deathstarbench_social_network,deathstarbench_social_network--colocated--NC--r0--read_home_timeline,restore,agrum_conditioned,3,1.2264917098112227,1.29148274492594
deathstarbench_social_network,deathstarbench_social_network--colocated--NC--r0--read_home_timeline,restore,agrum_joint,3,1.2319136091621181,1.292864339931831
deathstarbench_social_network,deathstarbench_social_network--colocated--NC--r0--read_home_timeline,restore,storm_sparse,3,0.7905763285437207,1.023737256053091
deathstarbench_social_network,deathstarbench_social_network--colocated--NC--r0--read_home_timeline,restore,storm_compact,3,0.8378804753042018,1.3023579498935647
deathstarbench_social_network,deathstarbench_social_network--colocated--NC--r0--read_user_timeline,initial,ours_direct,3,1.0117712851420975,1.1444727992786128
deathstarbench_social_network,deathstarbench_social_network--colocated--NC--r0--read_user_timeline,initial,ours_prepared,3,0.940641775642629,1.045042308618752
deathstarbench_social_network,deathstarbench_social_network--colocated--NC--r0--read_user_timeline,initial,cudd_fixed,3,1.0803451531673391,1.1725919785152432
deathstarbench_social_network,deathstarbench_social_network--colocated--NC--r0--read_user_timeline,initial,cudd_sift,3,1.0026488132551736,1.067670284844741
deathstarbench_social_network,deathstarbench_social_network--colocated--NC--r0--read_user_timeline,initial,agrum_conditioned,3,1.0797757431871478,1.0890483031964668
deathstarbench_social_network,deathstarbench_social_network--colocated--NC--r0--read_user_timeline,initial,agrum_joint,3,1.0557690590811624,1.076022525962782
deathstarbench_social_network,deathstarbench_social_network--colocated--NC--r0--read_user_timeline,initial,storm_sparse,3,1.090516496251715,1.1372038921058978
deathstarbench_social_network,deathstarbench_social_network--colocated--NC--r0--read_user_timeline,initial,storm_compact,3,1.032471169187124,1.0897956404997426
deathstarbench_social_network,deathstarbench_social_network--colocated--NC--r0--read_user_timeline,repeat,ours_direct,3,1.013705820576241,1.1340423639436334
deathstarbench_social_network,deathstarbench_social_network--colocated--NC--r0--read_user_timeline,repeat,ours_prepared,3,0.8225324011951693,0.9667050523867595
deathstarbench_social_network,deathstarbench_social_network--colocated--NC--r0--read_user_timeline,repeat,cudd_fixed,3,0.910848528356066,1.0522863783347927
deathstarbench_social_network,deathstarbench_social_network--colocated--NC--r0--read_user_timeline,repeat,cudd_sift,3,0.8956014425942526,1.0396695640874616
deathstarbench_social_network,deathstarbench_social_network--colocated--NC--r0--read_user_timeline,repeat,agrum_conditioned,3,1.0200030735624663,1.0280720195674582
deathstarbench_social_network,deathstarbench_social_network--colocated--NC--r0--read_user_timeline,repeat,agrum_joint,3,0.969009236841895,0.9968084293893399
deathstarbench_social_network,deathstarbench_social_network--colocated--NC--r0--read_user_timeline,repeat,storm_sparse,3,1.0437975544717404,1.1387132379668827
deathstarbench_social_network,deathstarbench_social_network--colocated--NC--r0--read_user_timeline,repeat,storm_compact,3,0.8011129281333046,0.9944604019459097
deathstarbench_social_network,deathstarbench_social_network--colocated--NC--r0--read_user_timeline,counts,ours_direct,3,0.9868462205440914,1.11589795534859
deathstarbench_social_network,deathstarbench_social_network--colocated--NC--r0--read_user_timeline,counts,ours_prepared,3,0.858692093265248,0.9977684579103464
deathstarbench_social_network,deathstarbench_social_network--colocated--NC--r0--read_user_timeline,counts,cudd_fixed,3,0.8923534863910595,1.0329279731164414
deathstarbench_social_network,deathstarbench_social_network--colocated--NC--r0--read_user_timeline,counts,cudd_sift,3,0.8958622497472957,1.018422508580913
deathstarbench_social_network,deathstarbench_social_network--colocated--NC--r0--read_user_timeline,counts,agrum_conditioned,3,1.021127817615622,1.0291236768509309
deathstarbench_social_network,deathstarbench_social_network--colocated--NC--r0--read_user_timeline,counts,agrum_joint,3,0.9769003349276393,1.002480375876939
deathstarbench_social_network,deathstarbench_social_network--colocated--NC--r0--read_user_timeline,counts,storm_sparse,3,1.0620161722064754,1.1577901329305351
deathstarbench_social_network,deathstarbench_social_network--colocated--NC--r0--read_user_timeline,counts,storm_compact,3,0.8343672009069533,1.0096444532331421
deathstarbench_social_network,deathstarbench_social_network--colocated--NC--r0--read_user_timeline,masks,ours_direct,3,1.046027493092296,1.1854589778471902
deathstarbench_social_network,deathstarbench_social_network--colocated--NC--r0--read_user_timeline,masks,ours_prepared,3,0.9775235021656616,1.19268070272093
deathstarbench_social_network,deathstarbench_social_network--colocated--NC--r0--read_user_timeline,masks,cudd_fixed,3,1.061291371801927,1.2467523152154385
deathstarbench_social_network,deathstarbench_social_network--colocated--NC--r0--read_user_timeline,masks,cudd_sift,3,1.0731043356923822,1.2596210641992995
deathstarbench_social_network,deathstarbench_social_network--colocated--NC--r0--read_user_timeline,masks,agrum_conditioned,3,1.147639824449821,1.1563751979255759
deathstarbench_social_network,deathstarbench_social_network--colocated--NC--r0--read_user_timeline,masks,agrum_joint,3,0.995555414296528,1.0115160493241921
deathstarbench_social_network,deathstarbench_social_network--colocated--NC--r0--read_user_timeline,masks,storm_sparse,3,1.169664134203483,1.2194170396412984
deathstarbench_social_network,deathstarbench_social_network--colocated--NC--r0--read_user_timeline,masks,storm_compact,3,1.2068725139051564,1.2709409572288195
deathstarbench_social_network,deathstarbench_social_network--colocated--NC--r0--read_user_timeline,metadata,ours_direct,3,1.0739701714482157,1.1974627787276444
deathstarbench_social_network,deathstarbench_social_network--colocated--NC--r0--read_user_timeline,metadata,ours_prepared,3,1.0045501128081376,1.222423780451531
deathstarbench_social_network,deathstarbench_social_network--colocated--NC--r0--read_user_timeline,metadata,cudd_fixed,3,1.025132790164928,1.2411981883577143
deathstarbench_social_network,deathstarbench_social_network--colocated--NC--r0--read_user_timeline,metadata,cudd_sift,3,1.0396302855778028,1.2437049025736657
deathstarbench_social_network,deathstarbench_social_network--colocated--NC--r0--read_user_timeline,metadata,agrum_conditioned,3,1.2243666449284505,1.2364324749539193
deathstarbench_social_network,deathstarbench_social_network--colocated--NC--r0--read_user_timeline,metadata,agrum_joint,3,1.1737950576430491,1.2153489041047147
deathstarbench_social_network,deathstarbench_social_network--colocated--NC--r0--read_user_timeline,metadata,storm_sparse,3,1.1575441210766542,1.258934890187732
deathstarbench_social_network,deathstarbench_social_network--colocated--NC--r0--read_user_timeline,metadata,storm_compact,3,0.5923832918977245,0.9970317371951539
deathstarbench_social_network,deathstarbench_social_network--colocated--NC--r0--read_user_timeline,structure,ours_direct,3,1.074609138453597,1.1972764460279082
deathstarbench_social_network,deathstarbench_social_network--colocated--NC--r0--read_user_timeline,structure,ours_prepared,3,1.0181394838997433,1.1452298639643543
deathstarbench_social_network,deathstarbench_social_network--colocated--NC--r0--read_user_timeline,structure,cudd_fixed,3,1.0403844171762051,1.223309922795686
deathstarbench_social_network,deathstarbench_social_network--colocated--NC--r0--read_user_timeline,structure,cudd_sift,3,1.0862565537640356,1.2505823405758385
deathstarbench_social_network,deathstarbench_social_network--colocated--NC--r0--read_user_timeline,structure,agrum_conditioned,3,1.2501205877831985,1.2601818074167457
deathstarbench_social_network,deathstarbench_social_network--colocated--NC--r0--read_user_timeline,structure,agrum_joint,3,1.2114972991650133,1.2327908417475033
deathstarbench_social_network,deathstarbench_social_network--colocated--NC--r0--read_user_timeline,structure,storm_sparse,3,1.193114768599711,1.2530725001104872
deathstarbench_social_network,deathstarbench_social_network--colocated--NC--r0--read_user_timeline,structure,storm_compact,3,1.1361600729489527,1.2276977051669744
deathstarbench_social_network,deathstarbench_social_network--colocated--NC--r0--read_user_timeline,restore,ours_direct,3,0.9895156206889888,1.1117302948517365
deathstarbench_social_network,deathstarbench_social_network--colocated--NC--r0--read_user_timeline,restore,ours_prepared,3,0.9370212696939652,1.0350792271987743
deathstarbench_social_network,deathstarbench_social_network--colocated--NC--r0--read_user_timeline,restore,cudd_fixed,3,0.888146863939568,1.0145172740049218
deathstarbench_social_network,deathstarbench_social_network--colocated--NC--r0--read_user_timeline,restore,cudd_sift,3,0.9300449008601899,1.04417090548856
deathstarbench_social_network,deathstarbench_social_network--colocated--NC--r0--read_user_timeline,restore,agrum_conditioned,3,1.06070003270801,1.0676963998799531
deathstarbench_social_network,deathstarbench_social_network--colocated--NC--r0--read_user_timeline,restore,agrum_joint,3,1.0678660384734762,1.085795513192317
deathstarbench_social_network,deathstarbench_social_network--colocated--NC--r0--read_user_timeline,restore,storm_sparse,3,1.1055461419262218,1.158424577162627
deathstarbench_social_network,deathstarbench_social_network--colocated--NC--r0--read_user_timeline,restore,storm_compact,3,1.0393566231697449,1.1134586285966492
deathstarbench_social_network,deathstarbench_social_network--colocated--NCD--r0--read_home_timeline,initial,ours_direct,3,0.7420684021720979,1.374057180001569
deathstarbench_social_network,deathstarbench_social_network--colocated--NCD--r0--read_home_timeline,initial,ours_prepared,3,0.9830676428916848,1.4614692668826215
deathstarbench_social_network,deathstarbench_social_network--colocated--NCD--r0--read_home_timeline,initial,cudd_fixed,3,1.286242788077937,1.3412224701067652
deathstarbench_social_network,deathstarbench_social_network--colocated--NCD--r0--read_home_timeline,initial,cudd_sift,3,0.7269292944815315,0.7502909123342681
deathstarbench_social_network,deathstarbench_social_network--colocated--NCD--r0--read_home_timeline,initial,agrum_conditioned,3,1.1897483611351278,1.2383322173569777
deathstarbench_social_network,deathstarbench_social_network--colocated--NCD--r0--read_home_timeline,initial,agrum_joint,3,1.1646426401792314,1.2077255630609913
deathstarbench_social_network,deathstarbench_social_network--colocated--NCD--r0--read_home_timeline,initial,storm_sparse,3,0.9926668905517017,1.1108022734200191
deathstarbench_social_network,deathstarbench_social_network--colocated--NCD--r0--read_home_timeline,initial,storm_compact,3,0.8805615628137294,0.9721699845983264
deathstarbench_social_network,deathstarbench_social_network--colocated--NCD--r0--read_home_timeline,repeat,ours_direct,3,0.6648780191852666,1.0236957838464171
deathstarbench_social_network,deathstarbench_social_network--colocated--NCD--r0--read_home_timeline,repeat,ours_prepared,3,0.660253730267426,1.050130742934349
deathstarbench_social_network,deathstarbench_social_network--colocated--NCD--r0--read_home_timeline,repeat,cudd_fixed,3,0.6392207717356848,1.1011294177365114
deathstarbench_social_network,deathstarbench_social_network--colocated--NCD--r0--read_home_timeline,repeat,cudd_sift,3,0.572879095565726,0.9115863302682243
deathstarbench_social_network,deathstarbench_social_network--colocated--NCD--r0--read_home_timeline,repeat,agrum_conditioned,3,1.0188573213821093,1.134895358434633
deathstarbench_social_network,deathstarbench_social_network--colocated--NCD--r0--read_home_timeline,repeat,agrum_joint,3,0.8761460542728592,1.0181971062317552
deathstarbench_social_network,deathstarbench_social_network--colocated--NCD--r0--read_home_timeline,repeat,storm_sparse,3,0.6124451721889633,1.0081879136938021
deathstarbench_social_network,deathstarbench_social_network--colocated--NCD--r0--read_home_timeline,repeat,storm_compact,3,0.6064481148429834,1.022270615195675
deathstarbench_social_network,deathstarbench_social_network--colocated--NCD--r0--read_home_timeline,counts,ours_direct,3,0.7104313543757305,1.1027869054574888
deathstarbench_social_network,deathstarbench_social_network--colocated--NCD--r0--read_home_timeline,counts,ours_prepared,3,0.6430777881911902,1.04013213035547
deathstarbench_social_network,deathstarbench_social_network--colocated--NCD--r0--read_home_timeline,counts,cudd_fixed,3,0.6344518922807673,1.027367856184599
deathstarbench_social_network,deathstarbench_social_network--colocated--NCD--r0--read_home_timeline,counts,cudd_sift,3,0.5611880552882268,0.9854806501981325
deathstarbench_social_network,deathstarbench_social_network--colocated--NCD--r0--read_home_timeline,counts,agrum_conditioned,3,0.9856586056340836,1.0966058428665972
deathstarbench_social_network,deathstarbench_social_network--colocated--NCD--r0--read_home_timeline,counts,agrum_joint,3,0.8111841136787034,0.9808153477218226
deathstarbench_social_network,deathstarbench_social_network--colocated--NCD--r0--read_home_timeline,counts,storm_sparse,3,0.5975311879518975,0.9894419306184012
deathstarbench_social_network,deathstarbench_social_network--colocated--NCD--r0--read_home_timeline,counts,storm_compact,3,0.5899287245755346,1.0007412353923206
deathstarbench_social_network,deathstarbench_social_network--colocated--NCD--r0--read_home_timeline,masks,ours_direct,3,0.6602222642835898,1.028709019209828
deathstarbench_social_network,deathstarbench_social_network--colocated--NCD--r0--read_home_timeline,masks,ours_prepared,3,0.6392296916004025,1.058574934705288
deathstarbench_social_network,deathstarbench_social_network--colocated--NCD--r0--read_home_timeline,masks,cudd_fixed,3,0.4951454993064999,0.7288934657033902
deathstarbench_social_network,deathstarbench_social_network--colocated--NCD--r0--read_home_timeline,masks,cudd_sift,3,0.4882263011052358,0.7282228038485642
deathstarbench_social_network,deathstarbench_social_network--colocated--NCD--r0--read_home_timeline,masks,agrum_conditioned,3,1.1417120006959531,1.2356368129933848
deathstarbench_social_network,deathstarbench_social_network--colocated--NCD--r0--read_home_timeline,masks,agrum_joint,3,1.1054107052794373,1.1822856513231432
deathstarbench_social_network,deathstarbench_social_network--colocated--NCD--r0--read_home_timeline,masks,storm_sparse,3,0.9887327562123448,1.0964574522482187
deathstarbench_social_network,deathstarbench_social_network--colocated--NCD--r0--read_home_timeline,masks,storm_compact,3,0.9155942953281746,1.0132053456308463
deathstarbench_social_network,deathstarbench_social_network--colocated--NCD--r0--read_home_timeline,metadata,ours_direct,3,0.6351408039998773,0.988952307864486
deathstarbench_social_network,deathstarbench_social_network--colocated--NCD--r0--read_home_timeline,metadata,ours_prepared,3,0.57856502995353,0.9939525850522368
deathstarbench_social_network,deathstarbench_social_network--colocated--NCD--r0--read_home_timeline,metadata,cudd_fixed,3,0.9632131425343626,1.643383956673758
deathstarbench_social_network,deathstarbench_social_network--colocated--NCD--r0--read_home_timeline,metadata,cudd_sift,3,0.8160437343260466,1.488347814373274
deathstarbench_social_network,deathstarbench_social_network--colocated--NCD--r0--read_home_timeline,metadata,agrum_conditioned,3,0.9808285519926344,1.0978876480161626
deathstarbench_social_network,deathstarbench_social_network--colocated--NCD--r0--read_home_timeline,metadata,agrum_joint,3,0.783932235866828,0.93965435169084
deathstarbench_social_network,deathstarbench_social_network--colocated--NCD--r0--read_home_timeline,metadata,storm_sparse,3,0.7130347630156133,1.005655022223809
deathstarbench_social_network,deathstarbench_social_network--colocated--NCD--r0--read_home_timeline,metadata,storm_compact,3,0.6252719393122614,0.9524660390758398
deathstarbench_social_network,deathstarbench_social_network--colocated--NCD--r0--read_home_timeline,structure,ours_direct,3,0.6545726006850001,1.021634550344432
deathstarbench_social_network,deathstarbench_social_network--colocated--NCD--r0--read_home_timeline,structure,ours_prepared,3,0.8127433701393709,1.0945088084020211
deathstarbench_social_network,deathstarbench_social_network--colocated--NCD--r0--read_home_timeline,structure,cudd_fixed,3,0.6871311116265884,1.0570418402967707
deathstarbench_social_network,deathstarbench_social_network--colocated--NCD--r0--read_home_timeline,structure,cudd_sift,3,0.8331589810285843,1.1425549565866928
deathstarbench_social_network,deathstarbench_social_network--colocated--NCD--r0--read_home_timeline,structure,agrum_conditioned,3,1.2484931066777019,1.31265565878592
deathstarbench_social_network,deathstarbench_social_network--colocated--NCD--r0--read_home_timeline,structure,agrum_joint,3,1.2224669195739277,1.2804135495358193
deathstarbench_social_network,deathstarbench_social_network--colocated--NCD--r0--read_home_timeline,structure,storm_sparse,3,0.8720208641936399,1.0461900175952854
deathstarbench_social_network,deathstarbench_social_network--colocated--NCD--r0--read_home_timeline,structure,storm_compact,3,0.8949213586778255,1.0855494407953132
deathstarbench_social_network,deathstarbench_social_network--colocated--NCD--r0--read_home_timeline,restore,ours_direct,3,0.5686921018075358,0.9771243649953902
deathstarbench_social_network,deathstarbench_social_network--colocated--NCD--r0--read_home_timeline,restore,ours_prepared,3,0.7733729221044826,1.0606313561374807
deathstarbench_social_network,deathstarbench_social_network--colocated--NCD--r0--read_home_timeline,restore,cudd_fixed,3,0.6536684577030398,1.0389310662384044
deathstarbench_social_network,deathstarbench_social_network--colocated--NCD--r0--read_home_timeline,restore,cudd_sift,3,0.7881974219151091,1.0978867863108086
deathstarbench_social_network,deathstarbench_social_network--colocated--NCD--r0--read_home_timeline,restore,agrum_conditioned,3,1.224135263208794,1.289442284335661
deathstarbench_social_network,deathstarbench_social_network--colocated--NCD--r0--read_home_timeline,restore,agrum_joint,3,1.2207435651574625,1.281868251956113
deathstarbench_social_network,deathstarbench_social_network--colocated--NCD--r0--read_home_timeline,restore,storm_sparse,3,0.8129215742464342,1.068860098856829
deathstarbench_social_network,deathstarbench_social_network--colocated--NCD--r0--read_home_timeline,restore,storm_compact,3,0.8318662968413902,1.2321431785592147
deathstarbench_social_network,deathstarbench_social_network--colocated--ND--r0--compose_post,initial,ours_direct,3,0.9513980553486108,1.2244721894146793
deathstarbench_social_network,deathstarbench_social_network--colocated--ND--r0--compose_post,initial,ours_prepared,3,1.1017757507932116,1.2850782556237696
deathstarbench_social_network,deathstarbench_social_network--colocated--ND--r0--compose_post,initial,cudd_fixed,3,0.9349916241679975,1.0260540464643868
deathstarbench_social_network,deathstarbench_social_network--colocated--ND--r0--compose_post,initial,cudd_sift,3,1.1826968884156788,1.316552253668803
deathstarbench_social_network,deathstarbench_social_network--colocated--ND--r0--compose_post,initial,agrum_conditioned,3,1.4141725184265121,1.4476206452383762
deathstarbench_social_network,deathstarbench_social_network--colocated--ND--r0--compose_post,initial,agrum_joint,3,1.412427003263741,1.4697970282060764
deathstarbench_social_network,deathstarbench_social_network--colocated--ND--r0--compose_post,initial,storm_sparse,3,1.2947884170167734,1.391827902377393
deathstarbench_social_network,deathstarbench_social_network--colocated--ND--r0--compose_post,initial,storm_compact,3,1.1610654693832272,1.2606458002059906
deathstarbench_social_network,deathstarbench_social_network--colocated--ND--r0--compose_post,repeat,ours_direct,3,0.946787086502798,1.235476574031833
deathstarbench_social_network,deathstarbench_social_network--colocated--ND--r0--compose_post,repeat,ours_prepared,3,0.7186003028537099,1.0525354294938876
deathstarbench_social_network,deathstarbench_social_network--colocated--ND--r0--compose_post,repeat,cudd_fixed,3,0.7774625247731627,1.1166938148508794
deathstarbench_social_network,deathstarbench_social_network--colocated--ND--r0--compose_post,repeat,cudd_sift,3,0.7993993717336206,1.118802982244246
deathstarbench_social_network,deathstarbench_social_network--colocated--ND--r0--compose_post,repeat,agrum_conditioned,3,1.1985318175499737,1.2365236257631331
deathstarbench_social_network,deathstarbench_social_network--colocated--ND--r0--compose_post,repeat,agrum_joint,3,0.9030860812092922,0.995282039305293
deathstarbench_social_network,deathstarbench_social_network--colocated--ND--r0--compose_post,repeat,storm_sparse,3,1.359045230699546,1.628102176915657
deathstarbench_social_network,deathstarbench_social_network--colocated--ND--r0--compose_post,repeat,storm_compact,3,0.7911099908898621,1.0250210085546216
deathstarbench_social_network,deathstarbench_social_network--colocated--ND--r0--compose_post,counts,ours_direct,3,0.9314343022886955,1.2350812978601375
deathstarbench_social_network,deathstarbench_social_network--colocated--ND--r0--compose_post,counts,ours_prepared,3,0.7142101663364382,1.034874440685646
deathstarbench_social_network,deathstarbench_social_network--colocated--ND--r0--compose_post,counts,cudd_fixed,3,0.7685701542709519,1.098119378577269
deathstarbench_social_network,deathstarbench_social_network--colocated--ND--r0--compose_post,counts,cudd_sift,3,0.7859204935200534,1.1304231593542278
deathstarbench_social_network,deathstarbench_social_network--colocated--ND--r0--compose_post,counts,agrum_conditioned,3,1.2341882451204143,1.2686971876475546
deathstarbench_social_network,deathstarbench_social_network--colocated--ND--r0--compose_post,counts,agrum_joint,3,0.9100722704021666,0.9962447026096517
deathstarbench_social_network,deathstarbench_social_network--colocated--ND--r0--compose_post,counts,storm_sparse,3,1.304754648413912,1.508072998645499
deathstarbench_social_network,deathstarbench_social_network--colocated--ND--r0--compose_post,counts,storm_compact,3,0.8538502899263105,1.070193946422114
deathstarbench_social_network,deathstarbench_social_network--colocated--ND--r0--compose_post,masks,ours_direct,3,1.0183474024250294,1.3186496500617537
deathstarbench_social_network,deathstarbench_social_network--colocated--ND--r0--compose_post,masks,ours_prepared,3,0.760598461218042,1.1931141199226305
deathstarbench_social_network,deathstarbench_social_network--colocated--ND--r0--compose_post,masks,cudd_fixed,3,0.9133790247125227,1.470880013180192
deathstarbench_social_network,deathstarbench_social_network--colocated--ND--r0--compose_post,masks,cudd_sift,3,0.9556538911095037,1.5158302996522153
deathstarbench_social_network,deathstarbench_social_network--colocated--ND--r0--compose_post,masks,agrum_conditioned,3,1.3590810558940125,1.393464107967646
deathstarbench_social_network,deathstarbench_social_network--colocated--ND--r0--compose_post,masks,agrum_joint,3,1.0347594764178543,1.0711923702717028
deathstarbench_social_network,deathstarbench_social_network--colocated--ND--r0--compose_post,masks,storm_sparse,3,1.5170279958019328,1.652290766595832
deathstarbench_social_network,deathstarbench_social_network--colocated--ND--r0--compose_post,masks,storm_compact,3,1.4287954155140756,1.5675794804695777
deathstarbench_social_network,deathstarbench_social_network--colocated--ND--r0--compose_post,metadata,ours_direct,3,1.0119007055785043,1.367429565612535
deathstarbench_social_network,deathstarbench_social_network--colocated--ND--r0--compose_post,metadata,ours_prepared,3,0.8181565316454349,1.3162801965509257
deathstarbench_social_network,deathstarbench_social_network--colocated--ND--r0--compose_post,metadata,cudd_fixed,3,0.9186361279002699,1.4907952374319389
deathstarbench_social_network,deathstarbench_social_network--colocated--ND--r0--compose_post,metadata,cudd_sift,3,0.9651446726339049,1.4990673587600083
deathstarbench_social_network,deathstarbench_social_network--colocated--ND--r0--compose_post,metadata,agrum_conditioned,3,1.6798995581793579,1.7505202297775486
deathstarbench_social_network,deathstarbench_social_network--colocated--ND--r0--compose_post,metadata,agrum_joint,3,1.1969531037972707,1.3528722569919642
deathstarbench_social_network,deathstarbench_social_network--colocated--ND--r0--compose_post,metadata,storm_sparse,3,1.50835466202629,1.8107738784743173
deathstarbench_social_network,deathstarbench_social_network--colocated--ND--r0--compose_post,metadata,storm_compact,3,1.130099684924848,1.4975698493689473
deathstarbench_social_network,deathstarbench_social_network--colocated--ND--r0--compose_post,structure,ours_direct,3,1.0170210009352643,1.3169882038895055
deathstarbench_social_network,deathstarbench_social_network--colocated--ND--r0--compose_post,structure,ours_prepared,3,1.197566483373296,1.4155215348387167
deathstarbench_social_network,deathstarbench_social_network--colocated--ND--r0--compose_post,structure,cudd_fixed,3,0.8804469335699234,1.3148132181525758
deathstarbench_social_network,deathstarbench_social_network--colocated--ND--r0--compose_post,structure,cudd_sift,3,1.0832915380367376,1.4786216582432472
deathstarbench_social_network,deathstarbench_social_network--colocated--ND--r0--compose_post,structure,agrum_conditioned,3,1.8296677814924664,1.8756741885682762
deathstarbench_social_network,deathstarbench_social_network--colocated--ND--r0--compose_post,structure,agrum_joint,3,1.660896186326109,1.7177440758820692
deathstarbench_social_network,deathstarbench_social_network--colocated--ND--r0--compose_post,structure,storm_sparse,3,1.7095133688743402,1.9303253965674672
deathstarbench_social_network,deathstarbench_social_network--colocated--ND--r0--compose_post,structure,storm_compact,3,1.8798435189455296,2.1606297578819094
deathstarbench_social_network,deathstarbench_social_network--colocated--ND--r0--compose_post,restore,ours_direct,3,0.959821327205321,1.270190340108199
deathstarbench_social_network,deathstarbench_social_network--colocated--ND--r0--compose_post,restore,ours_prepared,3,1.0946223216262854,1.2767947005986402
deathstarbench_social_network,deathstarbench_social_network--colocated--ND--r0--compose_post,restore,cudd_fixed,3,0.784151551458106,1.0924780638411669
deathstarbench_social_network,deathstarbench_social_network--colocated--ND--r0--compose_post,restore,cudd_sift,3,0.9314549017267446,1.2421256511234096
deathstarbench_social_network,deathstarbench_social_network--colocated--ND--r0--compose_post,restore,agrum_conditioned,3,1.4490286204771265,1.482107806487605
deathstarbench_social_network,deathstarbench_social_network--colocated--ND--r0--compose_post,restore,agrum_joint,3,1.4822793871620152,1.5297725718839101
deathstarbench_social_network,deathstarbench_social_network--colocated--ND--r0--compose_post,restore,storm_sparse,3,1.497742255954293,1.7100518365458033
deathstarbench_social_network,deathstarbench_social_network--colocated--ND--r0--compose_post,restore,storm_compact,3,1.1960236020429542,1.3758663317411846
deathstarbench_social_network,deathstarbench_social_network--colocated--ND--r0--read_home_timeline,initial,ours_direct,3,0.7994678802141109,1.36499960575455
deathstarbench_social_network,deathstarbench_social_network--colocated--ND--r0--read_home_timeline,initial,ours_prepared,3,0.8184471193943424,1.1667836447142739
deathstarbench_social_network,deathstarbench_social_network--colocated--ND--r0--read_home_timeline,initial,cudd_fixed,3,0.9107082822899736,0.9386790752430433
deathstarbench_social_network,deathstarbench_social_network--colocated--ND--r0--read_home_timeline,initial,cudd_sift,3,1.0248089517468222,1.0769861581780387
deathstarbench_social_network,deathstarbench_social_network--colocated--ND--r0--read_home_timeline,initial,agrum_conditioned,3,1.1973432884704374,1.2445372134286754
deathstarbench_social_network,deathstarbench_social_network--colocated--ND--r0--read_home_timeline,initial,agrum_joint,3,1.2066671437399514,1.2509254648822659
deathstarbench_social_network,deathstarbench_social_network--colocated--ND--r0--read_home_timeline,initial,storm_sparse,3,0.957351334069405,1.0663554626016085
deathstarbench_social_network,deathstarbench_social_network--colocated--ND--r0--read_home_timeline,initial,storm_compact,3,0.9392514471021528,1.0420471929905892
deathstarbench_social_network,deathstarbench_social_network--colocated--ND--r0--read_home_timeline,repeat,ours_direct,3,0.65348607757978,0.9722129098380283
deathstarbench_social_network,deathstarbench_social_network--colocated--ND--r0--read_home_timeline,repeat,ours_prepared,3,0.6812510662496446,1.0784495481101124
deathstarbench_social_network,deathstarbench_social_network--colocated--ND--r0--read_home_timeline,repeat,cudd_fixed,3,0.5971262598026172,0.9173093206374316
deathstarbench_social_network,deathstarbench_social_network--colocated--ND--r0--read_home_timeline,repeat,cudd_sift,3,0.7076897572981123,1.1388990385117288
deathstarbench_social_network,deathstarbench_social_network--colocated--ND--r0--read_home_timeline,repeat,agrum_conditioned,3,1.034574086421549,1.1553660397487664
deathstarbench_social_network,deathstarbench_social_network--colocated--ND--r0--read_home_timeline,repeat,agrum_joint,3,0.8034487397692288,0.9656151401858671
deathstarbench_social_network,deathstarbench_social_network--colocated--ND--r0--read_home_timeline,repeat,storm_sparse,3,0.5693983328158215,0.9435121498511004
deathstarbench_social_network,deathstarbench_social_network--colocated--ND--r0--read_home_timeline,repeat,storm_compact,3,0.5806532063546354,0.9905121705102016
deathstarbench_social_network,deathstarbench_social_network--colocated--ND--r0--read_home_timeline,counts,ours_direct,3,0.6723278201252829,1.057520778430975
deathstarbench_social_network,deathstarbench_social_network--colocated--ND--r0--read_home_timeline,counts,ours_prepared,3,0.5745387644216716,0.8807836420083502
deathstarbench_social_network,deathstarbench_social_network--colocated--ND--r0--read_home_timeline,counts,cudd_fixed,3,0.7275070491259829,1.1894054267292922
deathstarbench_social_network,deathstarbench_social_network--colocated--ND--r0--read_home_timeline,counts,cudd_sift,3,0.568985299617752,0.9579802563353329
deathstarbench_social_network,deathstarbench_social_network--colocated--ND--r0--read_home_timeline,counts,agrum_conditioned,3,0.9526653150220786,1.0616806962164058
deathstarbench_social_network,deathstarbench_social_network--colocated--ND--r0--read_home_timeline,counts,agrum_joint,3,0.794833062390404,0.969118371100378
deathstarbench_social_network,deathstarbench_social_network--colocated--ND--r0--read_home_timeline,counts,storm_sparse,3,0.6278186710762529,1.0473946892993151
deathstarbench_social_network,deathstarbench_social_network--colocated--ND--r0--read_home_timeline,counts,storm_compact,3,0.5894442238233014,1.0278409815489735
deathstarbench_social_network,deathstarbench_social_network--colocated--ND--r0--read_home_timeline,masks,ours_direct,3,0.7041747760068732,1.0897149762661673
deathstarbench_social_network,deathstarbench_social_network--colocated--ND--r0--read_home_timeline,masks,ours_prepared,3,0.6163748935050862,1.0191389118775944
deathstarbench_social_network,deathstarbench_social_network--colocated--ND--r0--read_home_timeline,masks,cudd_fixed,3,0.49773314955517334,0.7209195383251443
deathstarbench_social_network,deathstarbench_social_network--colocated--ND--r0--read_home_timeline,masks,cudd_sift,3,0.499074159387251,0.7300318652058143
deathstarbench_social_network,deathstarbench_social_network--colocated--ND--r0--read_home_timeline,masks,agrum_conditioned,3,1.115521709802251,1.207702784910983
deathstarbench_social_network,deathstarbench_social_network--colocated--ND--r0--read_home_timeline,masks,agrum_joint,3,1.1402603154803066,1.2223286168878107
deathstarbench_social_network,deathstarbench_social_network--colocated--ND--r0--read_home_timeline,masks,storm_sparse,3,0.9903679374774963,1.09764651030792
deathstarbench_social_network,deathstarbench_social_network--colocated--ND--r0--read_home_timeline,masks,storm_compact,3,0.9291946569093872,1.0131960614996351
deathstarbench_social_network,deathstarbench_social_network--colocated--ND--r0--read_home_timeline,metadata,ours_direct,3,0.6029125331772447,0.9395272474689006
deathstarbench_social_network,deathstarbench_social_network--colocated--ND--r0--read_home_timeline,metadata,ours_prepared,3,0.6224721847731077,0.9824133625462341
deathstarbench_social_network,deathstarbench_social_network--colocated--ND--r0--read_home_timeline,metadata,cudd_fixed,3,0.9692865059677748,1.6469326000783795
deathstarbench_social_network,deathstarbench_social_network--colocated--ND--r0--read_home_timeline,metadata,cudd_sift,3,0.8908400187386544,1.474436236391913
deathstarbench_social_network,deathstarbench_social_network--colocated--ND--r0--read_home_timeline,metadata,agrum_conditioned,3,0.9867114227843401,1.1009914748602119
deathstarbench_social_network,deathstarbench_social_network--colocated--ND--r0--read_home_timeline,metadata,agrum_joint,3,0.8429591612241195,1.0128357228426788
deathstarbench_social_network,deathstarbench_social_network--colocated--ND--r0--read_home_timeline,metadata,storm_sparse,3,0.6422917562223878,0.8471591924245131
deathstarbench_social_network,deathstarbench_social_network--colocated--ND--r0--read_home_timeline,metadata,storm_compact,3,0.6677661296518543,0.9707956525346387
deathstarbench_social_network,deathstarbench_social_network--colocated--ND--r0--read_home_timeline,structure,ours_direct,3,0.6581145913753171,1.023387786497695
deathstarbench_social_network,deathstarbench_social_network--colocated--ND--r0--read_home_timeline,structure,ours_prepared,3,0.7783121199491306,1.0794815131200208
deathstarbench_social_network,deathstarbench_social_network--colocated--ND--r0--read_home_timeline,structure,cudd_fixed,3,0.6439702033420576,1.0153372856594385
deathstarbench_social_network,deathstarbench_social_network--colocated--ND--r0--read_home_timeline,structure,cudd_sift,3,0.8067404754151742,1.114564176690734
deathstarbench_social_network,deathstarbench_social_network--colocated--ND--r0--read_home_timeline,structure,agrum_conditioned,3,1.2254639891087855,1.2873650923877813
deathstarbench_social_network,deathstarbench_social_network--colocated--ND--r0--read_home_timeline,structure,agrum_joint,3,1.2254025560698314,1.2914129052737848
deathstarbench_social_network,deathstarbench_social_network--colocated--ND--r0--read_home_timeline,structure,storm_sparse,3,0.9004349361290684,1.0997398488091803
deathstarbench_social_network,deathstarbench_social_network--colocated--ND--r0--read_home_timeline,structure,storm_compact,3,0.8646638834292163,1.0361397418218177
deathstarbench_social_network,deathstarbench_social_network--colocated--ND--r0--read_home_timeline,restore,ours_direct,3,0.632507629626187,1.0367998348803187
deathstarbench_social_network,deathstarbench_social_network--colocated--ND--r0--read_home_timeline,restore,ours_prepared,3,0.7626862159174247,1.0413566510066612
deathstarbench_social_network,deathstarbench_social_network--colocated--ND--r0--read_home_timeline,restore,cudd_fixed,3,0.6685885864417079,1.0486198296391795
deathstarbench_social_network,deathstarbench_social_network--colocated--ND--r0--read_home_timeline,restore,cudd_sift,3,0.768316238000987,1.1117811652022846
deathstarbench_social_network,deathstarbench_social_network--colocated--ND--r0--read_home_timeline,restore,agrum_conditioned,3,1.2430464506461885,1.3086423323885
deathstarbench_social_network,deathstarbench_social_network--colocated--ND--r0--read_home_timeline,restore,agrum_joint,3,1.2526632653913277,1.3139772828507794
deathstarbench_social_network,deathstarbench_social_network--colocated--ND--r0--read_home_timeline,restore,storm_sparse,3,0.863614012641549,1.1206773978237585
deathstarbench_social_network,deathstarbench_social_network--colocated--ND--r0--read_home_timeline,restore,storm_compact,3,0.8430588099681415,1.279673216423692
deathstarbench_social_network,deathstarbench_social_network--colocated--ND--r0--read_user_timeline,initial,ours_direct,3,0.8818838909852559,1.081031176579356
deathstarbench_social_network,deathstarbench_social_network--colocated--ND--r0--read_user_timeline,initial,ours_prepared,3,0.9899313517731062,1.0831226890527694
deathstarbench_social_network,deathstarbench_social_network--colocated--ND--r0--read_user_timeline,initial,cudd_fixed,3,1.2092000051189344,1.2680037378224558
deathstarbench_social_network,deathstarbench_social_network--colocated--ND--r0--read_user_timeline,initial,cudd_sift,3,0.9422574203610674,0.9793326638298555
deathstarbench_social_network,deathstarbench_social_network--colocated--ND--r0--read_user_timeline,initial,agrum_conditioned,3,1.0794040464855101,1.0909524124301426
deathstarbench_social_network,deathstarbench_social_network--colocated--ND--r0--read_user_timeline,initial,agrum_joint,3,1.0757813500849058,1.092721469838784
deathstarbench_social_network,deathstarbench_social_network--colocated--ND--r0--read_user_timeline,initial,storm_sparse,3,1.2238302437302906,1.3132441340077283
deathstarbench_social_network,deathstarbench_social_network--colocated--ND--r0--read_user_timeline,initial,storm_compact,3,1.0130414043981681,1.0929913658225647
deathstarbench_social_network,deathstarbench_social_network--colocated--ND--r0--read_user_timeline,repeat,ours_direct,3,0.8823609470494582,1.091034042383366
deathstarbench_social_network,deathstarbench_social_network--colocated--ND--r0--read_user_timeline,repeat,ours_prepared,3,0.7679700210500343,1.0178432512549236
deathstarbench_social_network,deathstarbench_social_network--colocated--ND--r0--read_user_timeline,repeat,cudd_fixed,3,0.8432347475519516,1.06046237737673
deathstarbench_social_network,deathstarbench_social_network--colocated--ND--r0--read_user_timeline,repeat,cudd_sift,3,0.8182175820108608,1.0232843231740696
deathstarbench_social_network,deathstarbench_social_network--colocated--ND--r0--read_user_timeline,repeat,agrum_conditioned,3,1.0212510835545159,1.0393008344071788
deathstarbench_social_network,deathstarbench_social_network--colocated--ND--r0--read_user_timeline,repeat,agrum_joint,3,0.9334141938934359,0.9906841721191461
deathstarbench_social_network,deathstarbench_social_network--colocated--ND--r0--read_user_timeline,repeat,storm_sparse,3,1.4983087316715318,2.1530495254621433
deathstarbench_social_network,deathstarbench_social_network--colocated--ND--r0--read_user_timeline,repeat,storm_compact,3,0.6320869881868593,0.8872703294855696
deathstarbench_social_network,deathstarbench_social_network--colocated--ND--r0--read_user_timeline,counts,ours_direct,3,0.8593122964035406,1.0597600979192165
deathstarbench_social_network,deathstarbench_social_network--colocated--ND--r0--read_user_timeline,counts,ours_prepared,3,0.7787730752824766,1.0492019001472213
deathstarbench_social_network,deathstarbench_social_network--colocated--ND--r0--read_user_timeline,counts,cudd_fixed,3,0.9063106858000008,1.1536796814207901
deathstarbench_social_network,deathstarbench_social_network--colocated--ND--r0--read_user_timeline,counts,cudd_sift,3,0.9144699435205692,1.141525377713223
deathstarbench_social_network,deathstarbench_social_network--colocated--ND--r0--read_user_timeline,counts,agrum_conditioned,3,1.030708426370066,1.0483012864676347
deathstarbench_social_network,deathstarbench_social_network--colocated--ND--r0--read_user_timeline,counts,agrum_joint,3,0.9447436065032853,0.994540441738614
deathstarbench_social_network,deathstarbench_social_network--colocated--ND--r0--read_user_timeline,counts,storm_sparse,3,1.412049536685504,1.776866766759125
deathstarbench_social_network,deathstarbench_social_network--colocated--ND--r0--read_user_timeline,counts,storm_compact,3,0.7927231490027454,1.1061448965814118
deathstarbench_social_network,deathstarbench_social_network--colocated--ND--r0--read_user_timeline,masks,ours_direct,3,1.1425016578871636,1.4599135352710875
deathstarbench_social_network,deathstarbench_social_network--colocated--ND--r0--read_user_timeline,masks,ours_prepared,3,0.9870025636430224,1.359165150670669
deathstarbench_social_network,deathstarbench_social_network--colocated--ND--r0--read_user_timeline,masks,cudd_fixed,3,1.0302639642873979,1.4029989907242755
deathstarbench_social_network,deathstarbench_social_network--colocated--ND--r0--read_user_timeline,masks,cudd_sift,3,1.0301950494122867,1.3832865381254733
deathstarbench_social_network,deathstarbench_social_network--colocated--ND--r0--read_user_timeline,masks,agrum_conditioned,3,1.0490567263431323,1.0649123916232557
deathstarbench_social_network,deathstarbench_social_network--colocated--ND--r0--read_user_timeline,masks,agrum_joint,3,0.775217449954703,0.7911488684411383
deathstarbench_social_network,deathstarbench_social_network--colocated--ND--r0--read_user_timeline,masks,storm_sparse,3,1.0676412438525449,1.1342183774506034
deathstarbench_social_network,deathstarbench_social_network--colocated--ND--r0--read_user_timeline,masks,storm_compact,3,1.0607877036298308,1.14636873336533
deathstarbench_social_network,deathstarbench_social_network--colocated--ND--r0--read_user_timeline,metadata,ours_direct,3,1.1129158340053962,1.4575908178690837
deathstarbench_social_network,deathstarbench_social_network--colocated--ND--r0--read_user_timeline,metadata,ours_prepared,3,0.9664185510374258,1.3743788300024744
deathstarbench_social_network,deathstarbench_social_network--colocated--ND--r0--read_user_timeline,metadata,cudd_fixed,3,1.1026534195880593,1.5218297409307313
deathstarbench_social_network,deathstarbench_social_network--colocated--ND--r0--read_user_timeline,metadata,cudd_sift,3,1.0532740737431998,1.5187229183367832
deathstarbench_social_network,deathstarbench_social_network--colocated--ND--r0--read_user_timeline,metadata,agrum_conditioned,3,1.4787998638170232,1.5171495948849891
deathstarbench_social_network,deathstarbench_social_network--colocated--ND--r0--read_user_timeline,metadata,agrum_joint,3,1.2902033359816945,1.4180822460485436
deathstarbench_social_network,deathstarbench_social_network--colocated--ND--r0--read_user_timeline,metadata,storm_sparse,3,1.0128417025254546,1.2066226139550809
deathstarbench_social_network,deathstarbench_social_network--colocated--ND--r0--read_user_timeline,metadata,storm_compact,3,0.8333192593788419,1.0197233497441016
deathstarbench_social_network,deathstarbench_social_network--colocated--ND--r0--read_user_timeline,structure,ours_direct,3,1.1069739274366006,1.4184592514865337
deathstarbench_social_network,deathstarbench_social_network--colocated--ND--r0--read_user_timeline,structure,ours_prepared,3,1.0549879950084509,1.1681000451264525
deathstarbench_social_network,deathstarbench_social_network--colocated--ND--r0--read_user_timeline,structure,cudd_fixed,3,1.0217952215227812,1.3611330609747903
deathstarbench_social_network,deathstarbench_social_network--colocated--ND--r0--read_user_timeline,structure,cudd_sift,3,1.1223445780018095,1.3953537361145951
deathstarbench_social_network,deathstarbench_social_network--colocated--ND--r0--read_user_timeline,structure,agrum_conditioned,3,1.3957866168004474,1.4207405291972703
deathstarbench_social_network,deathstarbench_social_network--colocated--ND--r0--read_user_timeline,structure,agrum_joint,3,1.2364106901849687,1.2600324673657641
deathstarbench_social_network,deathstarbench_social_network--colocated--ND--r0--read_user_timeline,structure,storm_sparse,3,1.1845900038240127,1.3239638499467008
deathstarbench_social_network,deathstarbench_social_network--colocated--ND--r0--read_user_timeline,structure,storm_compact,3,1.1943922503000053,1.3357422329526571
deathstarbench_social_network,deathstarbench_social_network--colocated--ND--r0--read_user_timeline,restore,ours_direct,3,0.8532180181723065,1.052009678831273
deathstarbench_social_network,deathstarbench_social_network--colocated--ND--r0--read_user_timeline,restore,ours_prepared,3,0.9514529850140137,1.0479607128858968
deathstarbench_social_network,deathstarbench_social_network--colocated--ND--r0--read_user_timeline,restore,cudd_fixed,3,0.8062467356105714,1.004230456507085
deathstarbench_social_network,deathstarbench_social_network--colocated--ND--r0--read_user_timeline,restore,cudd_sift,3,0.9263954163719992,1.0947700961273243
deathstarbench_social_network,deathstarbench_social_network--colocated--ND--r0--read_user_timeline,restore,agrum_conditioned,3,1.0674439152680921,1.0827297800057338
deathstarbench_social_network,deathstarbench_social_network--colocated--ND--r0--read_user_timeline,restore,agrum_joint,3,1.0704009783119086,1.0881639873157467
deathstarbench_social_network,deathstarbench_social_network--colocated--ND--r0--read_user_timeline,restore,storm_sparse,3,1.3792552383203607,1.5825829259878048
deathstarbench_social_network,deathstarbench_social_network--colocated--ND--r0--read_user_timeline,restore,storm_compact,3,0.8955379622392753,1.0373694155833102
deathstarbench_social_network,deathstarbench_social_network--split--N--r0--compose_post,initial,ours_direct,3,0.884990614846023,1.1816922563053553
deathstarbench_social_network,deathstarbench_social_network--split--N--r0--compose_post,initial,ours_prepared,3,1.1582386860559417,1.3518608771935932
deathstarbench_social_network,deathstarbench_social_network--split--N--r0--compose_post,initial,cudd_fixed,3,1.153818568275336,1.2732183764053133
deathstarbench_social_network,deathstarbench_social_network--split--N--r0--compose_post,initial,cudd_sift,3,0.9924770825854119,1.080779403349569
deathstarbench_social_network,deathstarbench_social_network--split--N--r0--compose_post,initial,agrum_conditioned,3,1.4170189249376117,1.4562764114596125
deathstarbench_social_network,deathstarbench_social_network--split--N--r0--compose_post,initial,agrum_joint,3,1.4368734378851697,1.4966943188915276
deathstarbench_social_network,deathstarbench_social_network--split--N--r0--compose_post,initial,storm_sparse,3,1.244424472764881,1.3354025837312855
deathstarbench_social_network,deathstarbench_social_network--split--N--r0--compose_post,initial,storm_compact,3,1.075575913740757,1.1638520850265976
deathstarbench_social_network,deathstarbench_social_network--split--N--r0--compose_post,repeat,ours_direct,3,0.888843037466903,1.173946971044544
deathstarbench_social_network,deathstarbench_social_network--split--N--r0--compose_post,repeat,ours_prepared,3,0.6867534911683406,1.1116663004124094
deathstarbench_social_network,deathstarbench_social_network--split--N--r0--compose_post,repeat,cudd_fixed,3,0.7599225049089795,1.1792949760844982
deathstarbench_social_network,deathstarbench_social_network--split--N--r0--compose_post,repeat,cudd_sift,3,0.7541277972758218,1.1307238324525277
deathstarbench_social_network,deathstarbench_social_network--split--N--r0--compose_post,repeat,agrum_conditioned,3,1.1927720029222058,1.2358563221718395
deathstarbench_social_network,deathstarbench_social_network--split--N--r0--compose_post,repeat,agrum_joint,3,0.8851282515763864,0.9896441031275429
deathstarbench_social_network,deathstarbench_social_network--split--N--r0--compose_post,repeat,storm_sparse,3,1.1916250567541735,1.4353061254035586
deathstarbench_social_network,deathstarbench_social_network--split--N--r0--compose_post,repeat,storm_compact,3,0.7816681768401083,1.0157324181277587
deathstarbench_social_network,deathstarbench_social_network--split--N--r0--compose_post,counts,ours_direct,3,0.8744525022977689,1.1867251565774732
deathstarbench_social_network,deathstarbench_social_network--split--N--r0--compose_post,counts,ours_prepared,3,0.6597856052368557,1.0611751021144886
deathstarbench_social_network,deathstarbench_social_network--split--N--r0--compose_post,counts,cudd_fixed,3,0.7588000058205908,1.149815252215804
deathstarbench_social_network,deathstarbench_social_network--split--N--r0--compose_post,counts,cudd_sift,3,0.7464876085042144,1.1126285863347838
deathstarbench_social_network,deathstarbench_social_network--split--N--r0--compose_post,counts,agrum_conditioned,3,1.2299969783322584,1.2723121447871983
deathstarbench_social_network,deathstarbench_social_network--split--N--r0--compose_post,counts,agrum_joint,3,0.9241431055337164,1.031876497758991
deathstarbench_social_network,deathstarbench_social_network--split--N--r0--compose_post,counts,storm_sparse,3,1.200362812540431,1.4042741596123414
deathstarbench_social_network,deathstarbench_social_network--split--N--r0--compose_post,counts,storm_compact,3,0.8051133148870101,0.9945906609622062
deathstarbench_social_network,deathstarbench_social_network--split--N--r0--compose_post,masks,ours_direct,3,0.8217180119103834,1.0546126141379417
deathstarbench_social_network,deathstarbench_social_network--split--N--r0--compose_post,masks,ours_prepared,3,0.656876222560313,1.0835923386780069
deathstarbench_social_network,deathstarbench_social_network--split--N--r0--compose_post,masks,cudd_fixed,3,0.7534807887843927,1.1610157385864428
deathstarbench_social_network,deathstarbench_social_network--split--N--r0--compose_post,masks,cudd_sift,3,0.7421981772558367,1.1104618993869375
deathstarbench_social_network,deathstarbench_social_network--split--N--r0--compose_post,masks,agrum_conditioned,3,1.357864049472716,1.4045162626158723
deathstarbench_social_network,deathstarbench_social_network--split--N--r0--compose_post,masks,agrum_joint,3,1.3541100675447841,1.4332972649310267
deathstarbench_social_network,deathstarbench_social_network--split--N--r0--compose_post,masks,storm_sparse,3,1.2511458472700354,1.3489941216246573
deathstarbench_social_network,deathstarbench_social_network--split--N--r0--compose_post,masks,storm_compact,3,1.2467075312294245,1.3530339832144174
deathstarbench_social_network,deathstarbench_social_network--split--N--r0--compose_post,metadata,ours_direct,3,0.7881983800627057,0.9932712666268197
deathstarbench_social_network,deathstarbench_social_network--split--N--r0--compose_post,metadata,ours_prepared,3,0.6390574298289957,1.0752070350306338
deathstarbench_social_network,deathstarbench_social_network--split--N--r0--compose_post,metadata,cudd_fixed,3,0.7778644620400559,1.1845290924064702
deathstarbench_social_network,deathstarbench_social_network--split--N--r0--compose_post,metadata,cudd_sift,3,0.7892394023922601,1.216175464281736
deathstarbench_social_network,deathstarbench_social_network--split--N--r0--compose_post,metadata,agrum_conditioned,3,1.2172549028815436,1.262341187473222
deathstarbench_social_network,deathstarbench_social_network--split--N--r0--compose_post,metadata,agrum_joint,3,0.8977758602654622,1.0057476545618815
deathstarbench_social_network,deathstarbench_social_network--split--N--r0--compose_post,metadata,storm_sparse,3,1.2384107292501274,1.4674972508417807
deathstarbench_social_network,deathstarbench_social_network--split--N--r0--compose_post,metadata,storm_compact,3,1.0398456584632665,1.327758454442536
deathstarbench_social_network,deathstarbench_social_network--split--N--r0--compose_post,structure,ours_direct,3,0.8089863586978391,1.0323636270202214
deathstarbench_social_network,deathstarbench_social_network--split--N--r0--compose_post,structure,ours_prepared,3,1.1758054045369277,1.3862969162891812
deathstarbench_social_network,deathstarbench_social_network--split--N--r0--compose_post,structure,cudd_fixed,3,0.7941350349327314,1.1632052841141405
deathstarbench_social_network,deathstarbench_social_network--split--N--r0--compose_post,structure,cudd_sift,3,0.9794559560051066,1.3207098145429297
deathstarbench_social_network,deathstarbench_social_network--split--N--r0--compose_post,structure,agrum_conditioned,3,1.4582704000558357,1.4914914402474266
deathstarbench_social_network,deathstarbench_social_network--split--N--r0--compose_post,structure,agrum_joint,3,1.4876121312284791,1.5340471259930037
deathstarbench_social_network,deathstarbench_social_network--split--N--r0--compose_post,structure,storm_sparse,3,1.4395123982792226,1.612920414148236
deathstarbench_social_network,deathstarbench_social_network--split--N--r0--compose_post,structure,storm_compact,3,1.3884811284145777,1.5840851521253314
deathstarbench_social_network,deathstarbench_social_network--split--N--r0--compose_post,restore,ours_direct,3,0.9093714120975879,1.244340543368576
deathstarbench_social_network,deathstarbench_social_network--split--N--r0--compose_post,restore,ours_prepared,3,1.1286205012318296,1.3240069317202028
deathstarbench_social_network,deathstarbench_social_network--split--N--r0--compose_post,restore,cudd_fixed,3,0.7159614158472419,1.125722514044659
deathstarbench_social_network,deathstarbench_social_network--split--N--r0--compose_post,restore,cudd_sift,3,0.8915975825991701,1.2316773430912131
deathstarbench_social_network,deathstarbench_social_network--split--N--r0--compose_post,restore,agrum_conditioned,3,1.4554236521928778,1.4867261289305371
deathstarbench_social_network,deathstarbench_social_network--split--N--r0--compose_post,restore,agrum_joint,3,1.4984694730938601,1.5457854852940598
deathstarbench_social_network,deathstarbench_social_network--split--N--r0--compose_post,restore,storm_sparse,3,1.3272175558408505,1.4917994617558328
deathstarbench_social_network,deathstarbench_social_network--split--N--r0--compose_post,restore,storm_compact,3,1.3590322212193762,1.5687717095150515
deathstarbench_social_network,deathstarbench_social_network--split--N--r0--read_home_timeline,initial,ours_direct,3,0.6997056717842653,1.212493666715089
deathstarbench_social_network,deathstarbench_social_network--split--N--r0--read_home_timeline,initial,ours_prepared,3,0.8453749237115642,1.2854864999835227
deathstarbench_social_network,deathstarbench_social_network--split--N--r0--read_home_timeline,initial,cudd_fixed,3,0.7602379324777451,0.7846296912109921
deathstarbench_social_network,deathstarbench_social_network--split--N--r0--read_home_timeline,initial,cudd_sift,3,0.9956497799129956,1.0305774620147468
deathstarbench_social_network,deathstarbench_social_network--split--N--r0--read_home_timeline,initial,agrum_conditioned,3,1.1784300551750753,1.2239323278972383
deathstarbench_social_network,deathstarbench_social_network--split--N--r0--read_home_timeline,initial,agrum_joint,3,1.2250417519961574,1.2710146166873848
deathstarbench_social_network,deathstarbench_social_network--split--N--r0--read_home_timeline,initial,storm_sparse,3,0.8929610913915514,0.9854828601978459
deathstarbench_social_network,deathstarbench_social_network--split--N--r0--read_home_timeline,initial,storm_compact,3,0.9471885810331012,1.0510521949114282
deathstarbench_social_network,deathstarbench_social_network--split--N--r0--read_home_timeline,repeat,ours_direct,3,0.6965412407899281,1.0901748468980208
deathstarbench_social_network,deathstarbench_social_network--split--N--r0--read_home_timeline,repeat,ours_prepared,3,0.6186310895269105,1.034272341163214
deathstarbench_social_network,deathstarbench_social_network--split--N--r0--read_home_timeline,repeat,cudd_fixed,3,0.5579734469940778,0.8613449659609776
deathstarbench_social_network,deathstarbench_social_network--split--N--r0--read_home_timeline,repeat,cudd_sift,3,0.619429566148902,0.9979523424211899
deathstarbench_social_network,deathstarbench_social_network--split--N--r0--read_home_timeline,repeat,agrum_conditioned,3,1.0012171434459936,1.1167810662212478
deathstarbench_social_network,deathstarbench_social_network--split--N--r0--read_home_timeline,repeat,agrum_joint,3,0.8476540357944995,1.0287923573316435
deathstarbench_social_network,deathstarbench_social_network--split--N--r0--read_home_timeline,repeat,storm_sparse,3,0.5286646281830674,0.7896583842166169
deathstarbench_social_network,deathstarbench_social_network--split--N--r0--read_home_timeline,repeat,storm_compact,3,0.5766075327136169,1.0396179250332143
deathstarbench_social_network,deathstarbench_social_network--split--N--r0--read_home_timeline,counts,ours_direct,3,0.6337904873066822,0.9697059588862867
deathstarbench_social_network,deathstarbench_social_network--split--N--r0--read_home_timeline,counts,ours_prepared,3,0.671693799410517,1.0506545102633322
deathstarbench_social_network,deathstarbench_social_network--split--N--r0--read_home_timeline,counts,cudd_fixed,3,0.5985965885857819,0.9855429493605888
deathstarbench_social_network,deathstarbench_social_network--split--N--r0--read_home_timeline,counts,cudd_sift,3,0.6265745663698091,1.0107469551364408
deathstarbench_social_network,deathstarbench_social_network--split--N--r0--read_home_timeline,counts,agrum_conditioned,3,1.009028230309187,1.1207926140057816
deathstarbench_social_network,deathstarbench_social_network--split--N--r0--read_home_timeline,counts,agrum_joint,3,0.8973273461502893,1.0831390686097295
deathstarbench_social_network,deathstarbench_social_network--split--N--r0--read_home_timeline,counts,storm_sparse,3,0.5981271309140161,0.9970863009897327
deathstarbench_social_network,deathstarbench_social_network--split--N--r0--read_home_timeline,counts,storm_compact,3,0.5886207100708492,1.0015114831685064
deathstarbench_social_network,deathstarbench_social_network--split--N--r0--read_home_timeline,masks,ours_direct,3,0.6404313068841656,0.9940946641636036
deathstarbench_social_network,deathstarbench_social_network--split--N--r0--read_home_timeline,masks,ours_prepared,3,0.647716861405513,1.058710605217816
deathstarbench_social_network,deathstarbench_social_network--split--N--r0--read_home_timeline,masks,cudd_fixed,3,0.5021623595522573,0.7319251814332565
deathstarbench_social_network,deathstarbench_social_network--split--N--r0--read_home_timeline,masks,cudd_sift,3,0.4731125299512398,0.6694384302834347
deathstarbench_social_network,deathstarbench_social_network--split--N--r0--read_home_timeline,masks,agrum_conditioned,3,1.1304127392483982,1.2276022920597849
deathstarbench_social_network,deathstarbench_social_network--split--N--r0--read_home_timeline,masks,agrum_joint,3,1.1623069027706274,1.2423679041017257
deathstarbench_social_network,deathstarbench_social_network--split--N--r0--read_home_timeline,masks,storm_sparse,3,0.9052158756755005,0.9988196386605557
deathstarbench_social_network,deathstarbench_social_network--split--N--r0--read_home_timeline,masks,storm_compact,3,0.9391247654236408,1.0310253296920067
deathstarbench_social_network,deathstarbench_social_network--split--N--r0--read_home_timeline,metadata,ours_direct,3,0.6512785458466516,1.0218975127115622
deathstarbench_social_network,deathstarbench_social_network--split--N--r0--read_home_timeline,metadata,ours_prepared,3,0.6018730439542568,1.0039938331494798
deathstarbench_social_network,deathstarbench_social_network--split--N--r0--read_home_timeline,metadata,cudd_fixed,3,0.8811289831745136,1.509946627850558
deathstarbench_social_network,deathstarbench_social_network--split--N--r0--read_home_timeline,metadata,cudd_sift,3,0.8974362045765805,1.5378878262173457
deathstarbench_social_network,deathstarbench_social_network--split--N--r0--read_home_timeline,metadata,agrum_conditioned,3,1.00396859788973,1.1287992515473038
deathstarbench_social_network,deathstarbench_social_network--split--N--r0--read_home_timeline,metadata,agrum_joint,3,0.8294404176789938,1.0061947429952147
deathstarbench_social_network,deathstarbench_social_network--split--N--r0--read_home_timeline,metadata,storm_sparse,3,0.6587096789708984,0.9487674214059496
deathstarbench_social_network,deathstarbench_social_network--split--N--r0--read_home_timeline,metadata,storm_compact,3,0.6936278135897707,0.9839850492030128
deathstarbench_social_network,deathstarbench_social_network--split--N--r0--read_home_timeline,structure,ours_direct,3,0.6531323614762213,1.0194099919169641
deathstarbench_social_network,deathstarbench_social_network--split--N--r0--read_home_timeline,structure,ours_prepared,3,0.8461515382118611,1.1604734546076643
deathstarbench_social_network,deathstarbench_social_network--split--N--r0--read_home_timeline,structure,cudd_fixed,3,0.721770045188764,1.126451487934427
deathstarbench_social_network,deathstarbench_social_network--split--N--r0--read_home_timeline,structure,cudd_sift,3,0.8062873460556276,1.0928421762322442
deathstarbench_social_network,deathstarbench_social_network--split--N--r0--read_home_timeline,structure,agrum_conditioned,3,1.2229471089806097,1.2857851598626593
deathstarbench_social_network,deathstarbench_social_network--split--N--r0--read_home_timeline,structure,agrum_joint,3,1.2414133959205609,1.3013961303089796
deathstarbench_social_network,deathstarbench_social_network--split--N--r0--read_home_timeline,structure,storm_sparse,3,0.9088995172960995,1.0870652606069786
deathstarbench_social_network,deathstarbench_social_network--split--N--r0--read_home_timeline,structure,storm_compact,3,0.8895411082240989,1.0810809760495563
deathstarbench_social_network,deathstarbench_social_network--split--N--r0--read_home_timeline,restore,ours_direct,3,0.6242232718035305,1.0024687159528174
deathstarbench_social_network,deathstarbench_social_network--split--N--r0--read_home_timeline,restore,ours_prepared,3,0.748881727538148,1.0769151730118738
deathstarbench_social_network,deathstarbench_social_network--split--N--r0--read_home_timeline,restore,cudd_fixed,3,0.666797868153144,1.0420930789050458
deathstarbench_social_network,deathstarbench_social_network--split--N--r0--read_home_timeline,restore,cudd_sift,3,0.7757762849250432,1.0814880358169223
deathstarbench_social_network,deathstarbench_social_network--split--N--r0--read_home_timeline,restore,agrum_conditioned,3,1.2277158418945817,1.2921863710552601
deathstarbench_social_network,deathstarbench_social_network--split--N--r0--read_home_timeline,restore,agrum_joint,3,1.2122336379820007,1.2804470263832095
deathstarbench_social_network,deathstarbench_social_network--split--N--r0--read_home_timeline,restore,storm_sparse,3,0.8121847483291059,1.0669244837308542
deathstarbench_social_network,deathstarbench_social_network--split--N--r0--read_home_timeline,restore,storm_compact,3,0.8574310588608489,1.241893477174883
deathstarbench_social_network,deathstarbench_social_network--split--N--r0--read_user_timeline,initial,ours_direct,3,0.8444916659335305,1.0526975651791899
deathstarbench_social_network,deathstarbench_social_network--split--N--r0--read_user_timeline,initial,ours_prepared,3,0.922035354467123,1.0033730270849996
deathstarbench_social_network,deathstarbench_social_network--split--N--r0--read_user_timeline,initial,cudd_fixed,3,1.0054574043589395,1.0468871472238082
deathstarbench_social_network,deathstarbench_social_network--split--N--r0--read_user_timeline,initial,cudd_sift,3,0.9617275475583836,0.9967704537926466
deathstarbench_social_network,deathstarbench_social_network--split--N--r0--read_user_timeline,initial,agrum_conditioned,3,1.0577589322752583,1.0709108791068485
deathstarbench_social_network,deathstarbench_social_network--split--N--r0--read_user_timeline,initial,agrum_joint,3,1.10333486313928,1.1211026524709569
deathstarbench_social_network,deathstarbench_social_network--split--N--r0--read_user_timeline,initial,storm_sparse,3,1.0120637948004518,1.107509004612104
deathstarbench_social_network,deathstarbench_social_network--split--N--r0--read_user_timeline,initial,storm_compact,3,0.9290188631671841,1.0106870185348733
deathstarbench_social_network,deathstarbench_social_network--split--N--r0--read_user_timeline,repeat,ours_direct,3,0.7987644478586022,1.0242149569710988
deathstarbench_social_network,deathstarbench_social_network--split--N--r0--read_user_timeline,repeat,ours_prepared,3,0.7594637563682358,1.0393965994571015
deathstarbench_social_network,deathstarbench_social_network--split--N--r0--read_user_timeline,repeat,cudd_fixed,3,0.6823461899627865,0.8783700037347583
deathstarbench_social_network,deathstarbench_social_network--split--N--r0--read_user_timeline,repeat,cudd_sift,3,0.7242110822842484,0.922858148617917
deathstarbench_social_network,deathstarbench_social_network--split--N--r0--read_user_timeline,repeat,agrum_conditioned,3,0.9954440447729749,1.0212540694883983
deathstarbench_social_network,deathstarbench_social_network--split--N--r0--read_user_timeline,repeat,agrum_joint,3,0.9430519121693116,1.0136751074073456
deathstarbench_social_network,deathstarbench_social_network--split--N--r0--read_user_timeline,repeat,storm_sparse,3,0.687536470597973,0.9912103016711278
deathstarbench_social_network,deathstarbench_social_network--split--N--r0--read_user_timeline,repeat,storm_compact,3,0.6670562227400371,1.0096010654840963
deathstarbench_social_network,deathstarbench_social_network--split--N--r0--read_user_timeline,counts,ours_direct,3,0.8070512647948241,1.0356623926177062
deathstarbench_social_network,deathstarbench_social_network--split--N--r0--read_user_timeline,counts,ours_prepared,3,0.7566791217601353,1.0203582165389338
deathstarbench_social_network,deathstarbench_social_network--split--N--r0--read_user_timeline,counts,cudd_fixed,3,0.7921405561764513,1.0555597275871942
deathstarbench_social_network,deathstarbench_social_network--split--N--r0--read_user_timeline,counts,cudd_sift,3,0.7912978813114556,1.079538262669309
deathstarbench_social_network,deathstarbench_social_network--split--N--r0--read_user_timeline,counts,agrum_conditioned,3,1.007683406961292,1.030022994768353
deathstarbench_social_network,deathstarbench_social_network--split--N--r0--read_user_timeline,counts,agrum_joint,3,0.9431023912941969,1.0114723287599015
deathstarbench_social_network,deathstarbench_social_network--split--N--r0--read_user_timeline,counts,storm_sparse,3,0.7960370169142563,1.059556709246564
deathstarbench_social_network,deathstarbench_social_network--split--N--r0--read_user_timeline,counts,storm_compact,3,0.7426733124772239,1.0126660555730371
deathstarbench_social_network,deathstarbench_social_network--split--N--r0--read_user_timeline,masks,ours_direct,3,0.8240707769800009,1.0341381842741797
deathstarbench_social_network,deathstarbench_social_network--split--N--r0--read_user_timeline,masks,ours_prepared,3,0.7273368555624051,0.9939828664672287
deathstarbench_social_network,deathstarbench_social_network--split--N--r0--read_user_timeline,masks,cudd_fixed,3,0.8917604206764815,1.2245193544278825
deathstarbench_social_network,deathstarbench_social_network--split--N--r0--read_user_timeline,masks,cudd_sift,3,0.9514454768631165,1.2474442938246133
deathstarbench_social_network,deathstarbench_social_network--split--N--r0--read_user_timeline,masks,agrum_conditioned,3,1.048161931545833,1.068529800466249
deathstarbench_social_network,deathstarbench_social_network--split--N--r0--read_user_timeline,masks,agrum_joint,3,1.0506845498520625,1.0815926828482787
deathstarbench_social_network,deathstarbench_social_network--split--N--r0--read_user_timeline,masks,storm_sparse,3,0.9959706313728182,1.0549995920287922
deathstarbench_social_network,deathstarbench_social_network--split--N--r0--read_user_timeline,masks,storm_compact,3,0.9702451299583248,1.0281355816019748
deathstarbench_social_network,deathstarbench_social_network--split--N--r0--read_user_timeline,metadata,ours_direct,3,0.794130707919134,0.9858656644720111
deathstarbench_social_network,deathstarbench_social_network--split--N--r0--read_user_timeline,metadata,ours_prepared,3,0.7139771943695693,0.9606608582143671
deathstarbench_social_network,deathstarbench_social_network--split--N--r0--read_user_timeline,metadata,cudd_fixed,3,0.7645412332554339,1.0359212201185795
deathstarbench_social_network,deathstarbench_social_network--split--N--r0--read_user_timeline,metadata,cudd_sift,3,0.7948621367870263,1.0492155255757802
deathstarbench_social_network,deathstarbench_social_network--split--N--r0--read_user_timeline,metadata,agrum_conditioned,3,0.9851826176469406,1.0075856016705236
deathstarbench_social_network,deathstarbench_social_network--split--N--r0--read_user_timeline,metadata,agrum_joint,3,0.9032838792958733,0.9670282775658995
deathstarbench_social_network,deathstarbench_social_network--split--N--r0--read_user_timeline,metadata,storm_sparse,3,0.8234561273027983,1.035551746871941
deathstarbench_social_network,deathstarbench_social_network--split--N--r0--read_user_timeline,metadata,storm_compact,3,0.7817980166350028,0.9473299511839326
deathstarbench_social_network,deathstarbench_social_network--split--N--r0--read_user_timeline,structure,ours_direct,3,0.7881730138519119,1.0232160592289403
deathstarbench_social_network,deathstarbench_social_network--split--N--r0--read_user_timeline,structure,ours_prepared,3,0.9689471856552072,1.076631619104871
deathstarbench_social_network,deathstarbench_social_network--split--N--r0--read_user_timeline,structure,cudd_fixed,3,0.8361367335865437,1.0963567413513802
deathstarbench_social_network,deathstarbench_social_network--split--N--r0--read_user_timeline,structure,cudd_sift,3,0.983438050171565,1.1951609886572223
deathstarbench_social_network,deathstarbench_social_network--split--N--r0--read_user_timeline,structure,agrum_conditioned,3,1.0580949825744914,1.0721212302348233
deathstarbench_social_network,deathstarbench_social_network--split--N--r0--read_user_timeline,structure,agrum_joint,3,1.0784423393308997,1.096615704704718
deathstarbench_social_network,deathstarbench_social_network--split--N--r0--read_user_timeline,structure,storm_sparse,3,1.0221635978133345,1.1277007485228827
deathstarbench_social_network,deathstarbench_social_network--split--N--r0--read_user_timeline,structure,storm_compact,3,0.9396625875362524,1.039915931827386
deathstarbench_social_network,deathstarbench_social_network--split--N--r0--read_user_timeline,restore,ours_direct,3,0.8025626636737748,1.031256704090389
deathstarbench_social_network,deathstarbench_social_network--split--N--r0--read_user_timeline,restore,ours_prepared,3,0.9757117891357898,1.0670800467555257
deathstarbench_social_network,deathstarbench_social_network--split--N--r0--read_user_timeline,restore,cudd_fixed,3,0.7880990409588972,1.021482194327785
deathstarbench_social_network,deathstarbench_social_network--split--N--r0--read_user_timeline,restore,cudd_sift,3,0.9217668373531887,1.1252010977571685
deathstarbench_social_network,deathstarbench_social_network--split--N--r0--read_user_timeline,restore,agrum_conditioned,3,1.07441339186976,1.0887712389519466
deathstarbench_social_network,deathstarbench_social_network--split--N--r0--read_user_timeline,restore,agrum_joint,3,1.0657605665186136,1.0835039996708244
deathstarbench_social_network,deathstarbench_social_network--split--N--r0--read_user_timeline,restore,storm_sparse,3,0.9110976112764966,1.0841765336205011
deathstarbench_social_network,deathstarbench_social_network--split--N--r0--read_user_timeline,restore,storm_compact,3,0.8873166881858198,1.0363991109360782
deathstarbench_social_network,deathstarbench_social_network--split--NC--r0--compose_post,initial,ours_direct,3,1.060884611837376,1.2616791260118885
deathstarbench_social_network,deathstarbench_social_network--split--NC--r0--compose_post,initial,ours_prepared,3,1.0523495915941339,1.239663782551447
deathstarbench_social_network,deathstarbench_social_network--split--NC--r0--compose_post,initial,cudd_fixed,3,0.9576159301610483,1.0732143153384381
deathstarbench_social_network,deathstarbench_social_network--split--NC--r0--compose_post,initial,cudd_sift,3,0.9604609591324968,1.0558869849217205
deathstarbench_social_network,deathstarbench_social_network--split--NC--r0--compose_post,initial,agrum_conditioned,3,1.4393481990004418,1.4569247291078347
deathstarbench_social_network,deathstarbench_social_network--split--NC--r0--compose_post,initial,agrum_joint,3,1.4420282088613643,1.4799759576726714
deathstarbench_social_network,deathstarbench_social_network--split--NC--r0--compose_post,initial,storm_sparse,3,1.4928300055228858,1.6018984109725964
deathstarbench_social_network,deathstarbench_social_network--split--NC--r0--compose_post,initial,storm_compact,3,1.2761046941834862,1.3758269911656111
deathstarbench_social_network,deathstarbench_social_network--split--NC--r0--compose_post,repeat,ours_direct,3,1.0265706565878325,1.200812625593039
deathstarbench_social_network,deathstarbench_social_network--split--NC--r0--compose_post,repeat,ours_prepared,3,0.8030568528170552,1.0479959058505555
deathstarbench_social_network,deathstarbench_social_network--split--NC--r0--compose_post,repeat,cudd_fixed,3,0.8869911453906557,1.1311837342264623
deathstarbench_social_network,deathstarbench_social_network--split--NC--r0--compose_post,repeat,cudd_sift,3,0.8403265086995778,1.0659172897666622
deathstarbench_social_network,deathstarbench_social_network--split--NC--r0--compose_post,repeat,agrum_conditioned,3,1.24828401220233,1.2699573884231428
deathstarbench_social_network,deathstarbench_social_network--split--NC--r0--compose_post,repeat,agrum_joint,3,0.9650304832632804,1.0169968015431305
deathstarbench_social_network,deathstarbench_social_network--split--NC--r0--compose_post,repeat,storm_sparse,3,1.5275297077598662,1.7537087797676685
deathstarbench_social_network,deathstarbench_social_network--split--NC--r0--compose_post,repeat,storm_compact,3,0.7960217436176446,1.0331657696808143
deathstarbench_social_network,deathstarbench_social_network--split--NC--r0--compose_post,counts,ours_direct,3,1.0727476695825415,1.2641246466955511
deathstarbench_social_network,deathstarbench_social_network--split--NC--r0--compose_post,counts,ours_prepared,3,0.8020594135409139,1.0417433891155357
deathstarbench_social_network,deathstarbench_social_network--split--NC--r0--compose_post,counts,cudd_fixed,3,0.8632862972240183,1.1097153279390979
deathstarbench_social_network,deathstarbench_social_network--split--NC--r0--compose_post,counts,cudd_sift,3,0.8689697742779832,1.0890481985675364
deathstarbench_social_network,deathstarbench_social_network--split--NC--r0--compose_post,counts,agrum_conditioned,3,1.2859467811065506,1.3060010728269973
deathstarbench_social_network,deathstarbench_social_network--split--NC--r0--compose_post,counts,agrum_joint,3,0.9581145700332367,1.0059821797968962
deathstarbench_social_network,deathstarbench_social_network--split--NC--r0--compose_post,counts,storm_sparse,3,1.511030845824405,1.6967128837364442
deathstarbench_social_network,deathstarbench_social_network--split--NC--r0--compose_post,counts,storm_compact,3,1.1087541750878729,1.4101215528580868
deathstarbench_social_network,deathstarbench_social_network--split--NC--r0--compose_post,masks,ours_direct,3,1.0019076814264594,1.1531857446608202
deathstarbench_social_network,deathstarbench_social_network--split--NC--r0--compose_post,masks,ours_prepared,3,0.8519143645095946,1.1542253839987002
deathstarbench_social_network,deathstarbench_social_network--split--NC--r0--compose_post,masks,cudd_fixed,3,0.9806119851848591,1.2867382317642353
deathstarbench_social_network,deathstarbench_social_network--split--NC--r0--compose_post,masks,cudd_sift,3,0.9743060433016765,1.2868601453804867
deathstarbench_social_network,deathstarbench_social_network--split--NC--r0--compose_post,masks,agrum_conditioned,3,1.417643531792288,1.4385856838595907
deathstarbench_social_network,deathstarbench_social_network--split--NC--r0--compose_post,masks,agrum_joint,3,1.2371248976955174,1.2705615489423423
deathstarbench_social_network,deathstarbench_social_network--split--NC--r0--compose_post,masks,storm_sparse,3,1.8231931706913433,1.9661713481563983
deathstarbench_social_network,deathstarbench_social_network--split--NC--r0--compose_post,masks,storm_compact,3,1.6479600871994642,1.8259606961953003
deathstarbench_social_network,deathstarbench_social_network--split--NC--r0--compose_post,metadata,ours_direct,3,1.022815847029537,1.1753519000008934
deathstarbench_social_network,deathstarbench_social_network--split--NC--r0--compose_post,metadata,ours_prepared,3,0.8393014183745527,1.145759520906548
deathstarbench_social_network,deathstarbench_social_network--split--NC--r0--compose_post,metadata,cudd_fixed,3,0.9925142697853819,1.3002770869334772
deathstarbench_social_network,deathstarbench_social_network--split--NC--r0--compose_post,metadata,cudd_sift,3,0.991239537343635,1.3132489570726467
deathstarbench_social_network,deathstarbench_social_network--split--NC--r0--compose_post,metadata,agrum_conditioned,3,1.4035381916030853,1.433375711964214
deathstarbench_social_network,deathstarbench_social_network--split--NC--r0--compose_post,metadata,agrum_joint,3,1.0525813475269716,1.1175362719666104
deathstarbench_social_network,deathstarbench_social_network--split--NC--r0--compose_post,metadata,storm_sparse,3,1.6102529904035974,1.8368223864454891
deathstarbench_social_network,deathstarbench_social_network--split--NC--r0--compose_post,metadata,storm_compact,3,0.7752532339668523,1.3756674698756766
deathstarbench_social_network,deathstarbench_social_network--split--NC--r0--compose_post,structure,ours_direct,3,1.0090939188804482,1.1548601377928793
deathstarbench_social_network,deathstarbench_social_network--split--NC--r0--compose_post,structure,ours_prepared,3,1.1023153851228107,1.298690040802897
deathstarbench_social_network,deathstarbench_social_network--split--NC--r0--compose_post,structure,cudd_fixed,3,0.980162936269843,1.2611926277882073
deathstarbench_social_network,deathstarbench_social_network--split--NC--r0--compose_post,structure,cudd_sift,3,1.0589762682469135,1.338308228643177
deathstarbench_social_network,deathstarbench_social_network--split--NC--r0--compose_post,structure,agrum_conditioned,3,1.5749172557933837,1.597403000777805
deathstarbench_social_network,deathstarbench_social_network--split--NC--r0--compose_post,structure,agrum_joint,3,1.5841903610120422,1.6304523774400028
deathstarbench_social_network,deathstarbench_social_network--split--NC--r0--compose_post,structure,storm_sparse,3,1.6001063281633556,1.7231707613388216
deathstarbench_social_network,deathstarbench_social_network--split--NC--r0--compose_post,structure,storm_compact,3,1.6853348778438095,1.8690232875552912
deathstarbench_social_network,deathstarbench_social_network--split--NC--r0--compose_post,restore,ours_direct,3,1.0714308460082278,1.2736176593219795
deathstarbench_social_network,deathstarbench_social_network--split--NC--r0--compose_post,restore,ours_prepared,3,0.8460995920939258,1.2037243816614474
deathstarbench_social_network,deathstarbench_social_network--split--NC--r0--compose_post,restore,cudd_fixed,3,0.8898727239253382,1.1329253453149577
deathstarbench_social_network,deathstarbench_social_network--split--NC--r0--compose_post,restore,cudd_sift,3,0.9536274242526984,1.168740462893941
deathstarbench_social_network,deathstarbench_social_network--split--NC--r0--compose_post,restore,agrum_conditioned,3,1.45187878924334,1.4718096059588108
deathstarbench_social_network,deathstarbench_social_network--split--NC--r0--compose_post,restore,agrum_joint,3,1.489325578676069,1.5262468419575186
deathstarbench_social_network,deathstarbench_social_network--split--NC--r0--compose_post,restore,storm_sparse,3,1.673175256589282,1.8096600624700758
deathstarbench_social_network,deathstarbench_social_network--split--NC--r0--compose_post,restore,storm_compact,3,1.4478086849863818,1.6137393038457277
deathstarbench_social_network,deathstarbench_social_network--split--NC--r0--read_home_timeline,initial,ours_direct,3,0.7065545760697306,1.2957464889185641
deathstarbench_social_network,deathstarbench_social_network--split--NC--r0--read_home_timeline,initial,ours_prepared,3,0.8463772746663313,1.2548457293460096
deathstarbench_social_network,deathstarbench_social_network--split--NC--r0--read_home_timeline,initial,cudd_fixed,3,0.9304887436492131,0.9608772176002754
deathstarbench_social_network,deathstarbench_social_network--split--NC--r0--read_home_timeline,initial,cudd_sift,3,1.2672876124082422,1.321016572059033
deathstarbench_social_network,deathstarbench_social_network--split--NC--r0--read_home_timeline,initial,agrum_conditioned,3,1.1911280078185138,1.237756107670964
deathstarbench_social_network,deathstarbench_social_network--split--NC--r0--read_home_timeline,initial,agrum_joint,3,1.1901656602091935,1.242481353084027
deathstarbench_social_network,deathstarbench_social_network--split--NC--r0--read_home_timeline,initial,storm_sparse,3,0.9636580962266613,1.0821414441099302
deathstarbench_social_network,deathstarbench_social_network--split--NC--r0--read_home_timeline,initial,storm_compact,3,0.9000740168288318,1.0096064020785591
deathstarbench_social_network,deathstarbench_social_network--split--NC--r0--read_home_timeline,repeat,ours_direct,3,0.6638770276076915,1.0277856864171755
deathstarbench_social_network,deathstarbench_social_network--split--NC--r0--read_home_timeline,repeat,ours_prepared,3,0.5912772783583748,1.0149205355131818
deathstarbench_social_network,deathstarbench_social_network--split--NC--r0--read_home_timeline,repeat,cudd_fixed,3,0.6287881818060611,0.9951600253548061
deathstarbench_social_network,deathstarbench_social_network--split--NC--r0--read_home_timeline,repeat,cudd_sift,3,0.674441329367829,1.0410904899020395
deathstarbench_social_network,deathstarbench_social_network--split--NC--r0--read_home_timeline,repeat,agrum_conditioned,3,1.0280135084041515,1.15341839132168
deathstarbench_social_network,deathstarbench_social_network--split--NC--r0--read_home_timeline,repeat,agrum_joint,3,0.9069278429344099,1.0994907596586048
deathstarbench_social_network,deathstarbench_social_network--split--NC--r0--read_home_timeline,repeat,storm_sparse,3,0.5623473808586058,0.8880068448418142
deathstarbench_social_network,deathstarbench_social_network--split--NC--r0--read_home_timeline,repeat,storm_compact,3,0.6099268025160236,1.020606252975718
deathstarbench_social_network,deathstarbench_social_network--split--NC--r0--read_home_timeline,counts,ours_direct,3,0.6380081736520735,0.9901007294199374
deathstarbench_social_network,deathstarbench_social_network--split--NC--r0--read_home_timeline,counts,ours_prepared,3,0.6356934527932427,1.034783093151092
deathstarbench_social_network,deathstarbench_social_network--split--NC--r0--read_home_timeline,counts,cudd_fixed,3,0.6096645270679424,1.0073204586602293
deathstarbench_social_network,deathstarbench_social_network--split--NC--r0--read_home_timeline,counts,cudd_sift,3,0.6224719185039135,1.008975129749825
deathstarbench_social_network,deathstarbench_social_network--split--NC--r0--read_home_timeline,counts,agrum_conditioned,3,0.99043968188187,1.1186705401281112
deathstarbench_social_network,deathstarbench_social_network--split--NC--r0--read_home_timeline,counts,agrum_joint,3,0.8059270985211414,0.973940915281281
deathstarbench_social_network,deathstarbench_social_network--split--NC--r0--read_home_timeline,counts,storm_sparse,3,0.6013302065114237,0.9928780372107732
deathstarbench_social_network,deathstarbench_social_network--split--NC--r0--read_home_timeline,counts,storm_compact,3,0.5419714957433449,0.9263363092592357
deathstarbench_social_network,deathstarbench_social_network--split--NC--r0--read_home_timeline,masks,ours_direct,3,0.6319615040484614,0.9814187713573649
deathstarbench_social_network,deathstarbench_social_network--split--NC--r0--read_home_timeline,masks,ours_prepared,3,0.6782102692224252,1.079961965489275
deathstarbench_social_network,deathstarbench_social_network--split--NC--r0--read_home_timeline,masks,cudd_fixed,3,0.4974394819463981,0.7240220397306255
deathstarbench_social_network,deathstarbench_social_network--split--NC--r0--read_home_timeline,masks,cudd_sift,3,0.44276567079183854,0.7153044314503318
deathstarbench_social_network,deathstarbench_social_network--split--NC--r0--read_home_timeline,masks,agrum_conditioned,3,1.172403583410116,1.2713906551803906
deathstarbench_social_network,deathstarbench_social_network--split--NC--r0--read_home_timeline,masks,agrum_joint,3,1.1469926570637183,1.2267112585816475
deathstarbench_social_network,deathstarbench_social_network--split--NC--r0--read_home_timeline,masks,storm_sparse,3,0.9444348849846043,1.0380414211321085
deathstarbench_social_network,deathstarbench_social_network--split--NC--r0--read_home_timeline,masks,storm_compact,3,0.9377968760634602,1.0321917922312522
deathstarbench_social_network,deathstarbench_social_network--split--NC--r0--read_home_timeline,metadata,ours_direct,3,0.6314433971081518,0.9841081619613831
deathstarbench_social_network,deathstarbench_social_network--split--NC--r0--read_home_timeline,metadata,ours_prepared,3,0.5524689199960844,0.8745975522278507
deathstarbench_social_network,deathstarbench_social_network--split--NC--r0--read_home_timeline,metadata,cudd_fixed,3,0.9027861317596323,1.578669426531858
deathstarbench_social_network,deathstarbench_social_network--split--NC--r0--read_home_timeline,metadata,cudd_sift,3,0.9261767640033227,1.5874127785788974
deathstarbench_social_network,deathstarbench_social_network--split--NC--r0--read_home_timeline,metadata,agrum_conditioned,3,1.00105849307246,1.1320874348845484
deathstarbench_social_network,deathstarbench_social_network--split--NC--r0--read_home_timeline,metadata,agrum_joint,3,0.7841524069683538,0.9569851733003422
deathstarbench_social_network,deathstarbench_social_network--split--NC--r0--read_home_timeline,metadata,storm_sparse,3,0.7247646293888167,1.016902625067713
deathstarbench_social_network,deathstarbench_social_network--split--NC--r0--read_home_timeline,metadata,storm_compact,3,0.7099016390085048,0.985607073462039
deathstarbench_social_network,deathstarbench_social_network--split--NC--r0--read_home_timeline,structure,ours_direct,3,0.6453721693976856,1.008697433906512
deathstarbench_social_network,deathstarbench_social_network--split--NC--r0--read_home_timeline,structure,ours_prepared,3,0.7844015929688156,1.0896804783764193
deathstarbench_social_network,deathstarbench_social_network--split--NC--r0--read_home_timeline,structure,cudd_fixed,3,0.6744462327232906,1.0327949094468918
deathstarbench_social_network,deathstarbench_social_network--split--NC--r0--read_home_timeline,structure,cudd_sift,3,0.744649152931817,1.0836529712950242
deathstarbench_social_network,deathstarbench_social_network--split--NC--r0--read_home_timeline,structure,agrum_conditioned,3,1.2680234180490197,1.332319647146089
deathstarbench_social_network,deathstarbench_social_network--split--NC--r0--read_home_timeline,structure,agrum_joint,3,1.203139149051119,1.259699633514043
deathstarbench_social_network,deathstarbench_social_network--split--NC--r0--read_home_timeline,structure,storm_sparse,3,0.8795432886693141,1.0731635955551548
deathstarbench_social_network,deathstarbench_social_network--split--NC--r0--read_home_timeline,structure,storm_compact,3,0.8732105570671541,1.048128502742168
deathstarbench_social_network,deathstarbench_social_network--split--NC--r0--read_home_timeline,restore,ours_direct,3,0.5578655951189029,0.9902217325437268
deathstarbench_social_network,deathstarbench_social_network--split--NC--r0--read_home_timeline,restore,ours_prepared,3,0.7545762082202884,1.039868780673627
deathstarbench_social_network,deathstarbench_social_network--split--NC--r0--read_home_timeline,restore,cudd_fixed,3,0.6444699538350889,0.9937298400368639
deathstarbench_social_network,deathstarbench_social_network--split--NC--r0--read_home_timeline,restore,cudd_sift,3,0.8640401537852029,1.1997025392892786
deathstarbench_social_network,deathstarbench_social_network--split--NC--r0--read_home_timeline,restore,agrum_conditioned,3,1.2540864596929973,1.3212619006734971
deathstarbench_social_network,deathstarbench_social_network--split--NC--r0--read_home_timeline,restore,agrum_joint,3,1.2421141922272518,1.3042462550824354
deathstarbench_social_network,deathstarbench_social_network--split--NC--r0--read_home_timeline,restore,storm_sparse,3,0.7959382531224649,1.0431052131995757
deathstarbench_social_network,deathstarbench_social_network--split--NC--r0--read_home_timeline,restore,storm_compact,3,0.8290827412118484,1.2374849831633892
deathstarbench_social_network,deathstarbench_social_network--split--NC--r0--read_user_timeline,initial,ours_direct,3,0.9615442912173701,1.0850911569427895
deathstarbench_social_network,deathstarbench_social_network--split--NC--r0--read_user_timeline,initial,ours_prepared,3,0.9348927009271087,1.0296029221592253
deathstarbench_social_network,deathstarbench_social_network--split--NC--r0--read_user_timeline,initial,cudd_fixed,3,0.9823949246920487,1.0489025956592601
deathstarbench_social_network,deathstarbench_social_network--split--NC--r0--read_user_timeline,initial,cudd_sift,3,1.1349990462779935,1.2244196884467302
deathstarbench_social_network,deathstarbench_social_network--split--NC--r0--read_user_timeline,initial,agrum_conditioned,3,1.0683531286750425,1.0788553074479355
deathstarbench_social_network,deathstarbench_social_network--split--NC--r0--read_user_timeline,initial,agrum_joint,3,1.0535605284683605,1.0755118180694954
deathstarbench_social_network,deathstarbench_social_network--split--NC--r0--read_user_timeline,initial,storm_sparse,3,1.0915078843652277,1.1422904659497277
deathstarbench_social_network,deathstarbench_social_network--split--NC--r0--read_user_timeline,initial,storm_compact,3,1.0469040566642827,1.1031254313873027
deathstarbench_social_network,deathstarbench_social_network--split--NC--r0--read_user_timeline,repeat,ours_direct,3,0.9737983666996795,1.0963588289215476
deathstarbench_social_network,deathstarbench_social_network--split--NC--r0--read_user_timeline,repeat,ours_prepared,3,0.8220395866750281,0.9695576474974369
deathstarbench_social_network,deathstarbench_social_network--split--NC--r0--read_user_timeline,repeat,cudd_fixed,3,0.9026840471414358,1.0440898931794034
deathstarbench_social_network,deathstarbench_social_network--split--NC--r0--read_user_timeline,repeat,cudd_sift,3,0.8619255736678496,0.9988119335781016
deathstarbench_social_network,deathstarbench_social_network--split--NC--r0--read_user_timeline,repeat,agrum_conditioned,3,1.0284749065157057,1.0372917892313873
deathstarbench_social_network,deathstarbench_social_network--split--NC--r0--read_user_timeline,repeat,agrum_joint,3,0.9617226010460533,0.9895060628290965
deathstarbench_social_network,deathstarbench_social_network--split--NC--r0--read_user_timeline,repeat,storm_sparse,3,1.0508376101839214,1.1509180103825638
deathstarbench_social_network,deathstarbench_social_network--split--NC--r0--read_user_timeline,repeat,storm_compact,3,0.8059202897789175,1.039544223150959
deathstarbench_social_network,deathstarbench_social_network--split--NC--r0--read_user_timeline,counts,ours_direct,3,0.9805225805339121,1.1032666425929902
deathstarbench_social_network,deathstarbench_social_network--split--NC--r0--read_user_timeline,counts,ours_prepared,3,0.8289031567614595,0.9678443063385784
deathstarbench_social_network,deathstarbench_social_network--split--NC--r0--read_user_timeline,counts,cudd_fixed,3,0.9091960442611032,1.0499110277825123
deathstarbench_social_network,deathstarbench_social_network--split--NC--r0--read_user_timeline,counts,cudd_sift,3,0.8899796694454181,1.0240433374056177
deathstarbench_social_network,deathstarbench_social_network--split--NC--r0--read_user_timeline,counts,agrum_conditioned,3,1.0452259674129203,1.0543248533322658
deathstarbench_social_network,deathstarbench_social_network--split--NC--r0--read_user_timeline,counts,agrum_joint,3,0.9569842277584004,0.9848699735521398
deathstarbench_social_network,deathstarbench_social_network--split--NC--r0--read_user_timeline,counts,storm_sparse,3,1.0342219189565798,1.1203653620189955
deathstarbench_social_network,deathstarbench_social_network--split--NC--r0--read_user_timeline,counts,storm_compact,3,0.8467071315868029,1.0135586359594435
deathstarbench_social_network,deathstarbench_social_network--split--NC--r0--read_user_timeline,masks,ours_direct,3,1.0712652729934342,1.2253734387878807
deathstarbench_social_network,deathstarbench_social_network--split--NC--r0--read_user_timeline,masks,ours_prepared,3,1.0518616572862989,1.2952345523938356
deathstarbench_social_network,deathstarbench_social_network--split--NC--r0--read_user_timeline,masks,cudd_fixed,3,1.0716792348517588,1.2867052745604532
deathstarbench_social_network,deathstarbench_social_network--split--NC--r0--read_user_timeline,masks,cudd_sift,3,1.084423832013487,1.3084702238233854
deathstarbench_social_network,deathstarbench_social_network--split--NC--r0--read_user_timeline,masks,agrum_conditioned,3,1.1902786695157512,1.2005357401921333
deathstarbench_social_network,deathstarbench_social_network--split--NC--r0--read_user_timeline,masks,agrum_joint,3,0.9906989503674424,1.0072106069427942
deathstarbench_social_network,deathstarbench_social_network--split--NC--r0--read_user_timeline,masks,storm_sparse,3,1.2284219137338916,1.2810496761418255
deathstarbench_social_network,deathstarbench_social_network--split--NC--r0--read_user_timeline,masks,storm_compact,3,1.1106324633972662,1.1715746601539878
deathstarbench_social_network,deathstarbench_social_network--split--NC--r0--read_user_timeline,metadata,ours_direct,3,1.110958251946346,1.2633278881551084
deathstarbench_social_network,deathstarbench_social_network--split--NC--r0--read_user_timeline,metadata,ours_prepared,3,1.0096957299024998,1.241654485218865
deathstarbench_social_network,deathstarbench_social_network--split--NC--r0--read_user_timeline,metadata,cudd_fixed,3,1.0581252150224325,1.293569488326078
deathstarbench_social_network,deathstarbench_social_network--split--NC--r0--read_user_timeline,metadata,cudd_sift,3,1.0873558618308994,1.3001134557518388
deathstarbench_social_network,deathstarbench_social_network--split--NC--r0--read_user_timeline,metadata,agrum_conditioned,3,1.3167846004038506,1.3315130932595087
deathstarbench_social_network,deathstarbench_social_network--split--NC--r0--read_user_timeline,metadata,agrum_joint,3,1.1892529061105714,1.2403414909661923
deathstarbench_social_network,deathstarbench_social_network--split--NC--r0--read_user_timeline,metadata,storm_sparse,3,1.1759781028425054,1.282512385511459
deathstarbench_social_network,deathstarbench_social_network--split--NC--r0--read_user_timeline,metadata,storm_compact,3,0.8861081719118638,1.0765801236564658
deathstarbench_social_network,deathstarbench_social_network--split--NC--r0--read_user_timeline,structure,ours_direct,3,1.072065558665598,1.2137314567012867
deathstarbench_social_network,deathstarbench_social_network--split--NC--r0--read_user_timeline,structure,ours_prepared,3,1.0793732242626148,1.212091020493173
deathstarbench_social_network,deathstarbench_social_network--split--NC--r0--read_user_timeline,structure,cudd_fixed,3,1.050001464756624,1.2511729170651793
deathstarbench_social_network,deathstarbench_social_network--split--NC--r0--read_user_timeline,structure,cudd_sift,3,1.1011944468698158,1.2754441543480621
deathstarbench_social_network,deathstarbench_social_network--split--NC--r0--read_user_timeline,structure,agrum_conditioned,3,1.3143711330416095,1.3283231836608156
deathstarbench_social_network,deathstarbench_social_network--split--NC--r0--read_user_timeline,structure,agrum_joint,3,1.2413609449755842,1.2641978948898256
deathstarbench_social_network,deathstarbench_social_network--split--NC--r0--read_user_timeline,structure,storm_sparse,3,1.253568574757694,1.3278721391580253
deathstarbench_social_network,deathstarbench_social_network--split--NC--r0--read_user_timeline,structure,storm_compact,3,1.1456540179490788,1.2240424601780568
deathstarbench_social_network,deathstarbench_social_network--split--NC--r0--read_user_timeline,restore,ours_direct,3,1.004868488684446,1.130809454844051
deathstarbench_social_network,deathstarbench_social_network--split--NC--r0--read_user_timeline,restore,ours_prepared,3,0.9458746079435816,1.038021111627179
deathstarbench_social_network,deathstarbench_social_network--split--NC--r0--read_user_timeline,restore,cudd_fixed,3,0.8975909408934291,1.0306764510304334
deathstarbench_social_network,deathstarbench_social_network--split--NC--r0--read_user_timeline,restore,cudd_sift,3,0.9280397661931841,1.0435421444754294
deathstarbench_social_network,deathstarbench_social_network--split--NC--r0--read_user_timeline,restore,agrum_conditioned,3,1.0510667218621246,1.0581058772108543
deathstarbench_social_network,deathstarbench_social_network--split--NC--r0--read_user_timeline,restore,agrum_joint,3,1.0601797904429044,1.0765971440701867
deathstarbench_social_network,deathstarbench_social_network--split--NC--r0--read_user_timeline,restore,storm_sparse,3,1.2405232428262774,1.3067662312440171
deathstarbench_social_network,deathstarbench_social_network--split--NC--r0--read_user_timeline,restore,storm_compact,3,1.0292815918781915,1.1085535125187362
deathstarbench_social_network,deathstarbench_social_network--split--NCD--r0--compose_post,initial,ours_direct,3,1.0927348453844032,1.2578696137852463
deathstarbench_social_network,deathstarbench_social_network--split--NCD--r0--compose_post,initial,ours_prepared,3,1.02537217466026,1.2062280012799256
deathstarbench_social_network,deathstarbench_social_network--split--NCD--r0--compose_post,initial,cudd_fixed,3,0.9532201943378037,1.0754631504414973
deathstarbench_social_network,deathstarbench_social_network--split--NCD--r0--compose_post,initial,cudd_sift,3,1.0582628242670071,1.1766713836990281
deathstarbench_social_network,deathstarbench_social_network--split--NCD--r0--compose_post,initial,agrum_conditioned,3,1.4215306161710657,1.4366911461532526
deathstarbench_social_network,deathstarbench_social_network--split--NCD--r0--compose_post,initial,agrum_joint,3,1.4590780490546214,1.4964160315593078
deathstarbench_social_network,deathstarbench_social_network--split--NCD--r0--compose_post,initial,storm_sparse,3,1.673620154755152,1.7824247675554217
deathstarbench_social_network,deathstarbench_social_network--split--NCD--r0--compose_post,initial,storm_compact,3,1.4317718546500076,1.5540895578661267
deathstarbench_social_network,deathstarbench_social_network--split--NCD--r0--compose_post,repeat,ours_direct,3,1.1115086209589806,1.2815736074206074
deathstarbench_social_network,deathstarbench_social_network--split--NCD--r0--compose_post,repeat,ours_prepared,3,0.8164232876805039,1.041938537612683
deathstarbench_social_network,deathstarbench_social_network--split--NCD--r0--compose_post,repeat,cudd_fixed,3,0.8962525127570744,1.1285124751134379
deathstarbench_social_network,deathstarbench_social_network--split--NCD--r0--compose_post,repeat,cudd_sift,3,0.8770313046733231,1.0952625734130237
deathstarbench_social_network,deathstarbench_social_network--split--NCD--r0--compose_post,repeat,agrum_conditioned,3,1.2246705598780219,1.2407049830089447
deathstarbench_social_network,deathstarbench_social_network--split--NCD--r0--compose_post,repeat,agrum_joint,3,0.959840549355423,1.0015496249306137
deathstarbench_social_network,deathstarbench_social_network--split--NCD--r0--compose_post,repeat,storm_sparse,3,1.6388249212508337,1.856348413241757
deathstarbench_social_network,deathstarbench_social_network--split--NCD--r0--compose_post,repeat,storm_compact,3,0.7222526240340271,0.9941235611486753
deathstarbench_social_network,deathstarbench_social_network--split--NCD--r0--compose_post,counts,ours_direct,3,1.0981066676149813,1.2661771434181626
deathstarbench_social_network,deathstarbench_social_network--split--NCD--r0--compose_post,counts,ours_prepared,3,0.7921414137602306,1.0085275405513843
deathstarbench_social_network,deathstarbench_social_network--split--NCD--r0--compose_post,counts,cudd_fixed,3,0.9141250393349101,1.131176928216257
deathstarbench_social_network,deathstarbench_social_network--split--NCD--r0--compose_post,counts,cudd_sift,3,0.8992711287479385,1.101138531712853
deathstarbench_social_network,deathstarbench_social_network--split--NCD--r0--compose_post,counts,agrum_conditioned,3,1.229531213243557,1.244578481898841
deathstarbench_social_network,deathstarbench_social_network--split--NCD--r0--compose_post,counts,agrum_joint,3,0.9557237384644035,0.9958984338564104
deathstarbench_social_network,deathstarbench_social_network--split--NCD--r0--compose_post,counts,storm_sparse,3,1.5905644309149096,1.7860983439930946
deathstarbench_social_network,deathstarbench_social_network--split--NCD--r0--compose_post,counts,storm_compact,3,0.7374717920590727,0.9683577891492972
deathstarbench_social_network,deathstarbench_social_network--split--NCD--r0--compose_post,masks,ours_direct,3,1.1043444436885872,1.2599290347584102
deathstarbench_social_network,deathstarbench_social_network--split--NCD--r0--compose_post,masks,ours_prepared,3,0.963783587866243,1.3167134898164217
deathstarbench_social_network,deathstarbench_social_network--split--NCD--r0--compose_post,masks,cudd_fixed,3,1.1284635696840155,1.4812427572777627
deathstarbench_social_network,deathstarbench_social_network--split--NCD--r0--compose_post,masks,cudd_sift,3,1.1560029316153888,1.516097610509471
deathstarbench_social_network,deathstarbench_social_network--split--NCD--r0--compose_post,masks,agrum_conditioned,3,1.6241050738633833,1.6454812796718559
deathstarbench_social_network,deathstarbench_social_network--split--NCD--r0--compose_post,masks,agrum_joint,3,1.4789044230804294,1.5195503033576045
deathstarbench_social_network,deathstarbench_social_network--split--NCD--r0--compose_post,masks,storm_sparse,3,1.9693020063792042,2.1302125628351067
deathstarbench_social_network,deathstarbench_social_network--split--NCD--r0--compose_post,masks,storm_compact,3,1.5988334673350153,1.751825265040235
deathstarbench_social_network,deathstarbench_social_network--split--NCD--r0--compose_post,metadata,ours_direct,3,1.1186874111093177,1.2720155418619878
deathstarbench_social_network,deathstarbench_social_network--split--NCD--r0--compose_post,metadata,ours_prepared,3,0.9479720389074888,1.2886506739209254
deathstarbench_social_network,deathstarbench_social_network--split--NCD--r0--compose_post,metadata,cudd_fixed,3,1.1426889416756452,1.5046231949227893
deathstarbench_social_network,deathstarbench_social_network--split--NCD--r0--compose_post,metadata,cudd_sift,3,1.1561755991270777,1.5178530719072791
deathstarbench_social_network,deathstarbench_social_network--split--NCD--r0--compose_post,metadata,agrum_conditioned,3,1.6095259323122606,1.6369192220565274
deathstarbench_social_network,deathstarbench_social_network--split--NCD--r0--compose_post,metadata,agrum_joint,3,1.2335108898045186,1.3130730702114861
deathstarbench_social_network,deathstarbench_social_network--split--NCD--r0--compose_post,metadata,storm_sparse,3,1.8197536155124385,2.096599503184452
deathstarbench_social_network,deathstarbench_social_network--split--NCD--r0--compose_post,metadata,storm_compact,3,0.9711052471844769,1.4177832666441572
deathstarbench_social_network,deathstarbench_social_network--split--NCD--r0--compose_post,structure,ours_direct,3,0.9464588817316042,1.2501905846689207
deathstarbench_social_network,deathstarbench_social_network--split--NCD--r0--compose_post,structure,ours_prepared,3,0.9593510324988236,1.368827541679608
deathstarbench_social_network,deathstarbench_social_network--split--NCD--r0--compose_post,structure,cudd_fixed,3,1.136778034100893,1.4691486473436113
deathstarbench_social_network,deathstarbench_social_network--split--NCD--r0--compose_post,structure,cudd_sift,3,1.1817401412557178,1.4888352729427043
deathstarbench_social_network,deathstarbench_social_network--split--NCD--r0--compose_post,structure,agrum_conditioned,3,1.8025891893940675,1.8304394300633189
deathstarbench_social_network,deathstarbench_social_network--split--NCD--r0--compose_post,structure,agrum_joint,3,1.7761222448100111,1.8253333833239258
deathstarbench_social_network,deathstarbench_social_network--split--NCD--r0--compose_post,structure,storm_sparse,3,1.7632055547196728,1.8981078391980206
deathstarbench_social_network,deathstarbench_social_network--split--NCD--r0--compose_post,structure,storm_compact,3,1.868070886067343,2.0846920421953237
deathstarbench_social_network,deathstarbench_social_network--split--NCD--r0--compose_post,restore,ours_direct,3,1.0956593120126017,1.2751505088033939
deathstarbench_social_network,deathstarbench_social_network--split--NCD--r0--compose_post,restore,ours_prepared,3,1.2542789400523544,1.4727946963046301
deathstarbench_social_network,deathstarbench_social_network--split--NCD--r0--compose_post,restore,cudd_fixed,3,0.8743112708976516,1.1100983943152303
deathstarbench_social_network,deathstarbench_social_network--split--NCD--r0--compose_post,restore,cudd_sift,3,0.9388511168363666,1.1487851608185293
deathstarbench_social_network,deathstarbench_social_network--split--NCD--r0--compose_post,restore,agrum_conditioned,3,1.416671750611619,1.4319650130598427
deathstarbench_social_network,deathstarbench_social_network--split--NCD--r0--compose_post,restore,agrum_joint,3,1.4931309843499934,1.5286206063408527
deathstarbench_social_network,deathstarbench_social_network--split--NCD--r0--compose_post,restore,storm_sparse,3,1.7355740023946642,1.8772061248712233
deathstarbench_social_network,deathstarbench_social_network--split--NCD--r0--compose_post,restore,storm_compact,3,1.6322102359092783,1.838997675521294
deathstarbench_social_network,deathstarbench_social_network--split--NCD--r0--read_home_timeline,initial,ours_direct,3,0.760395432401617,1.3338372252016835
deathstarbench_social_network,deathstarbench_social_network--split--NCD--r0--read_home_timeline,initial,ours_prepared,3,0.8491227629197667,1.268254634766555
deathstarbench_social_network,deathstarbench_social_network--split--NCD--r0--read_home_timeline,initial,cudd_fixed,3,0.7391351910899251,0.7621329717537008
deathstarbench_social_network,deathstarbench_social_network--split--NCD--r0--read_home_timeline,initial,cudd_sift,3,0.9444856757369505,0.9875781405981786
deathstarbench_social_network,deathstarbench_social_network--split--NCD--r0--read_home_timeline,initial,agrum_conditioned,3,1.1777269627143891,1.223416450666912
deathstarbench_social_network,deathstarbench_social_network--split--NCD--r0--read_home_timeline,initial,agrum_joint,3,1.206464499063345,1.2618722401668878
deathstarbench_social_network,deathstarbench_social_network--split--NCD--r0--read_home_timeline,initial,storm_sparse,3,0.8982891862787797,1.0316081358973093
deathstarbench_social_network,deathstarbench_social_network--split--NCD--r0--read_home_timeline,initial,storm_compact,3,0.9147568329725003,1.0154408066550658
deathstarbench_social_network,deathstarbench_social_network--split--NCD--r0--read_home_timeline,repeat,ours_direct,3,0.6539624577295093,0.9983730735831092
deathstarbench_social_network,deathstarbench_social_network--split--NCD--r0--read_home_timeline,repeat,ours_prepared,3,0.6602551325493323,1.04924418674016
deathstarbench_social_network,deathstarbench_social_network--split--NCD--r0--read_home_timeline,repeat,cudd_fixed,3,0.6188229111550243,0.9789777052114141
deathstarbench_social_network,deathstarbench_social_network--split--NCD--r0--read_home_timeline,repeat,cudd_sift,3,0.6253022615874108,1.0006153983865373
deathstarbench_social_network,deathstarbench_social_network--split--NCD--r0--read_home_timeline,repeat,agrum_conditioned,3,1.0155253312070658,1.13530981959192
deathstarbench_social_network,deathstarbench_social_network--split--NCD--r0--read_home_timeline,repeat,agrum_joint,3,0.8417217805893866,1.025874301621977
deathstarbench_social_network,deathstarbench_social_network--split--NCD--r0--read_home_timeline,repeat,storm_sparse,3,0.5527189811543595,0.9367535575755432
deathstarbench_social_network,deathstarbench_social_network--split--NCD--r0--read_home_timeline,repeat,storm_compact,3,0.6343565639567497,1.0698510597289699
deathstarbench_social_network,deathstarbench_social_network--split--NCD--r0--read_home_timeline,counts,ours_direct,3,0.6176031226711136,0.9919275437212718
deathstarbench_social_network,deathstarbench_social_network--split--NCD--r0--read_home_timeline,counts,ours_prepared,3,0.6318157725575992,1.0092370434134936
deathstarbench_social_network,deathstarbench_social_network--split--NCD--r0--read_home_timeline,counts,cudd_fixed,3,0.5679258425762204,0.8840287996932844
deathstarbench_social_network,deathstarbench_social_network--split--NCD--r0--read_home_timeline,counts,cudd_sift,3,0.6066222992068557,1.0100568456700532
deathstarbench_social_network,deathstarbench_social_network--split--NCD--r0--read_home_timeline,counts,agrum_conditioned,3,0.9978106989751372,1.1152715532325617
deathstarbench_social_network,deathstarbench_social_network--split--NCD--r0--read_home_timeline,counts,agrum_joint,3,0.8175483577980349,0.9758926880987542
deathstarbench_social_network,deathstarbench_social_network--split--NCD--r0--read_home_timeline,counts,storm_sparse,3,0.5535853854437925,0.961882307961895
deathstarbench_social_network,deathstarbench_social_network--split--NCD--r0--read_home_timeline,counts,storm_compact,3,0.5779240774738746,0.9630305555004529
deathstarbench_social_network,deathstarbench_social_network--split--NCD--r0--read_home_timeline,masks,ours_direct,3,0.6455797620265248,1.0142259594189185
deathstarbench_social_network,deathstarbench_social_network--split--NCD--r0--read_home_timeline,masks,ours_prepared,3,0.636742510021732,1.0664453380716357
deathstarbench_social_network,deathstarbench_social_network--split--NCD--r0--read_home_timeline,masks,cudd_fixed,3,0.5090115712149775,0.742073917333365
deathstarbench_social_network,deathstarbench_social_network--split--NCD--r0--read_home_timeline,masks,cudd_sift,3,0.5077991212680133,0.7446800992871465
deathstarbench_social_network,deathstarbench_social_network--split--NCD--r0--read_home_timeline,masks,agrum_conditioned,3,1.1488293356022166,1.2451388435203967
deathstarbench_social_network,deathstarbench_social_network--split--NCD--r0--read_home_timeline,masks,agrum_joint,3,1.1204381041669307,1.2021972925852085
deathstarbench_social_network,deathstarbench_social_network--split--NCD--r0--read_home_timeline,masks,storm_sparse,3,0.9087896263355433,1.0096972672876907
deathstarbench_social_network,deathstarbench_social_network--split--NCD--r0--read_home_timeline,masks,storm_compact,3,0.9137868012865827,1.0036048056754412
deathstarbench_social_network,deathstarbench_social_network--split--NCD--r0--read_home_timeline,metadata,ours_direct,3,0.638378145722087,0.9968265013495277
deathstarbench_social_network,deathstarbench_social_network--split--NCD--r0--read_home_timeline,metadata,ours_prepared,3,0.5745495066199434,0.9264000858655727
deathstarbench_social_network,deathstarbench_social_network--split--NCD--r0--read_home_timeline,metadata,cudd_fixed,3,0.8845766074390469,1.6128727522560018
deathstarbench_social_network,deathstarbench_social_network--split--NCD--r0--read_home_timeline,metadata,cudd_sift,3,0.9684311031942515,1.6571794921609388
deathstarbench_social_network,deathstarbench_social_network--split--NCD--r0--read_home_timeline,metadata,agrum_conditioned,3,0.9635133446933544,1.076262182185045
deathstarbench_social_network,deathstarbench_social_network--split--NCD--r0--read_home_timeline,metadata,agrum_joint,3,0.8274919619606366,0.9966407492903266
deathstarbench_social_network,deathstarbench_social_network--split--NCD--r0--read_home_timeline,metadata,storm_sparse,3,0.6554164969134699,0.8881792571121497
deathstarbench_social_network,deathstarbench_social_network--split--NCD--r0--read_home_timeline,metadata,storm_compact,3,0.6973647347445627,0.965441825905312
deathstarbench_social_network,deathstarbench_social_network--split--NCD--r0--read_home_timeline,structure,ours_direct,3,0.6568587150639221,1.0184011174985226
deathstarbench_social_network,deathstarbench_social_network--split--NCD--r0--read_home_timeline,structure,ours_prepared,3,0.7968289095497052,1.1072189509204529
deathstarbench_social_network,deathstarbench_social_network--split--NCD--r0--read_home_timeline,structure,cudd_fixed,3,0.6510421042427376,1.0206804672046537
deathstarbench_social_network,deathstarbench_social_network--split--NCD--r0--read_home_timeline,structure,cudd_sift,3,0.8255781972065716,1.132172077460308
deathstarbench_social_network,deathstarbench_social_network--split--NCD--r0--read_home_timeline,structure,agrum_conditioned,3,1.2276627649533822,1.2916186861197325
deathstarbench_social_network,deathstarbench_social_network--split--NCD--r0--read_home_timeline,structure,agrum_joint,3,1.2390785522826249,1.2965998293645817
deathstarbench_social_network,deathstarbench_social_network--split--NCD--r0--read_home_timeline,structure,storm_sparse,3,0.8979478423214918,1.105987004758296
deathstarbench_social_network,deathstarbench_social_network--split--NCD--r0--read_home_timeline,structure,storm_compact,3,0.87111132478997,1.0453135948238592
deathstarbench_social_network,deathstarbench_social_network--split--NCD--r0--read_home_timeline,restore,ours_direct,3,0.6540631348648226,1.0263327473269979
deathstarbench_social_network,deathstarbench_social_network--split--NCD--r0--read_home_timeline,restore,ours_prepared,3,0.7184696828586834,1.0586503067484663
deathstarbench_social_network,deathstarbench_social_network--split--NCD--r0--read_home_timeline,restore,cudd_fixed,3,0.6349848366102157,0.9935071539066808
deathstarbench_social_network,deathstarbench_social_network--split--NCD--r0--read_home_timeline,restore,cudd_sift,3,0.8661426133661566,1.200198421223259
deathstarbench_social_network,deathstarbench_social_network--split--NCD--r0--read_home_timeline,restore,agrum_conditioned,3,1.264114778889313,1.3302126219340316
deathstarbench_social_network,deathstarbench_social_network--split--NCD--r0--read_home_timeline,restore,agrum_joint,3,1.2188135330645018,1.2761297809970686
deathstarbench_social_network,deathstarbench_social_network--split--NCD--r0--read_home_timeline,restore,storm_sparse,3,0.7750694573069087,1.0391587543140606
deathstarbench_social_network,deathstarbench_social_network--split--NCD--r0--read_home_timeline,restore,storm_compact,3,0.8565450052239756,1.3263657462508927
deathstarbench_social_network,deathstarbench_social_network--split--NCD--r0--read_user_timeline,initial,ours_direct,3,1.0467193937381045,1.1690812970927824
deathstarbench_social_network,deathstarbench_social_network--split--NCD--r0--read_user_timeline,initial,ours_prepared,3,0.9287174535657129,1.0367297408654035
deathstarbench_social_network,deathstarbench_social_network--split--NCD--r0--read_user_timeline,initial,cudd_fixed,3,0.8567336529633786,0.9185597135168482
deathstarbench_social_network,deathstarbench_social_network--split--NCD--r0--read_user_timeline,initial,cudd_sift,3,0.9720932313047199,1.0361116573586093
deathstarbench_social_network,deathstarbench_social_network--split--NCD--r0--read_user_timeline,initial,agrum_conditioned,3,1.0714316281993748,1.0810032379949392
deathstarbench_social_network,deathstarbench_social_network--split--NCD--r0--read_user_timeline,initial,agrum_joint,3,1.0684880391169806,1.0881683593154818
deathstarbench_social_network,deathstarbench_social_network--split--NCD--r0--read_user_timeline,initial,storm_sparse,3,1.053950832506321,1.0984390968370839
deathstarbench_social_network,deathstarbench_social_network--split--NCD--r0--read_user_timeline,initial,storm_compact,3,1.0655806464047184,1.118787451861316
deathstarbench_social_network,deathstarbench_social_network--split--NCD--r0--read_user_timeline,repeat,ours_direct,3,1.0313498474814753,1.1480771793858728
deathstarbench_social_network,deathstarbench_social_network--split--NCD--r0--read_user_timeline,repeat,ours_prepared,3,0.8558587099180531,1.0036148372833986
deathstarbench_social_network,deathstarbench_social_network--split--NCD--r0--read_user_timeline,repeat,cudd_fixed,3,0.8960256484084247,1.0219070134769896
deathstarbench_social_network,deathstarbench_social_network--split--NCD--r0--read_user_timeline,repeat,cudd_sift,3,0.8967078022334226,1.0156881763789138
deathstarbench_social_network,deathstarbench_social_network--split--NCD--r0--read_user_timeline,repeat,agrum_conditioned,3,1.0317754483376997,1.039595910017237
deathstarbench_social_network,deathstarbench_social_network--split--NCD--r0--read_user_timeline,repeat,agrum_joint,3,0.9611090019680887,0.9863723585860749
deathstarbench_social_network,deathstarbench_social_network--split--NCD--r0--read_user_timeline,repeat,storm_sparse,3,1.0807784560616303,1.172188127528607
deathstarbench_social_network,deathstarbench_social_network--split--NCD--r0--read_user_timeline,repeat,storm_compact,3,0.8075227171928666,0.9828524914349053
deathstarbench_social_network,deathstarbench_social_network--split--NCD--r0--read_user_timeline,counts,ours_direct,3,1.0495714165406487,1.1605326936403342
deathstarbench_social_network,deathstarbench_social_network--split--NCD--r0--read_user_timeline,counts,ours_prepared,3,0.8554610700620545,1.016628684885489
deathstarbench_social_network,deathstarbench_social_network--split--NCD--r0--read_user_timeline,counts,cudd_fixed,3,0.9022001302959074,1.026026987854107
deathstarbench_social_network,deathstarbench_social_network--split--NCD--r0--read_user_timeline,counts,cudd_sift,3,0.8852104329425579,1.0012055637218986
deathstarbench_social_network,deathstarbench_social_network--split--NCD--r0--read_user_timeline,counts,agrum_conditioned,3,1.0258697768270324,1.0334919646125644
deathstarbench_social_network,deathstarbench_social_network--split--NCD--r0--read_user_timeline,counts,agrum_joint,3,0.9686287736835756,0.9949047828217096
deathstarbench_social_network,deathstarbench_social_network--split--NCD--r0--read_user_timeline,counts,storm_sparse,3,1.091685824310417,1.1701293701314797
deathstarbench_social_network,deathstarbench_social_network--split--NCD--r0--read_user_timeline,counts,storm_compact,3,0.8121732214460301,1.0103456924746843
deathstarbench_social_network,deathstarbench_social_network--split--NCD--r0--read_user_timeline,masks,ours_direct,3,1.0779192908431756,1.1922690617983014
deathstarbench_social_network,deathstarbench_social_network--split--NCD--r0--read_user_timeline,masks,ours_prepared,3,1.0525222701800783,1.2871236417453553
deathstarbench_social_network,deathstarbench_social_network--split--NCD--r0--read_user_timeline,masks,cudd_fixed,3,1.0801199817884786,1.2769600467303042
deathstarbench_social_network,deathstarbench_social_network--split--NCD--r0--read_user_timeline,masks,cudd_sift,3,1.0930269340802732,1.2794805461374505
deathstarbench_social_network,deathstarbench_social_network--split--NCD--r0--read_user_timeline,masks,agrum_conditioned,3,1.2056228027440545,1.2152308934706606
deathstarbench_social_network,deathstarbench_social_network--split--NCD--r0--read_user_timeline,masks,agrum_joint,3,1.0454654958338099,1.065601627427086
deathstarbench_social_network,deathstarbench_social_network--split--NCD--r0--read_user_timeline,masks,storm_sparse,3,1.301801645444406,1.3661659018341674
deathstarbench_social_network,deathstarbench_social_network--split--NCD--r0--read_user_timeline,masks,storm_compact,3,1.1836756317347528,1.253266338718979
deathstarbench_social_network,deathstarbench_social_network--split--NCD--r0--read_user_timeline,metadata,ours_direct,3,1.1058423748062542,1.2249247085386512
deathstarbench_social_network,deathstarbench_social_network--split--NCD--r0--read_user_timeline,metadata,ours_prepared,3,1.0394590301355633,1.2584701189271044
deathstarbench_social_network,deathstarbench_social_network--split--NCD--r0--read_user_timeline,metadata,cudd_fixed,3,1.0529662442038843,1.2622086093921587
deathstarbench_social_network,deathstarbench_social_network--split--NCD--r0--read_user_timeline,metadata,cudd_sift,3,1.0612271115602678,1.2681285870513246
deathstarbench_social_network,deathstarbench_social_network--split--NCD--r0--read_user_timeline,metadata,agrum_conditioned,3,1.3115297921052662,1.325215625819928
deathstarbench_social_network,deathstarbench_social_network--split--NCD--r0--read_user_timeline,metadata,agrum_joint,3,1.194312991565789,1.2343434828181339
deathstarbench_social_network,deathstarbench_social_network--split--NCD--r0--read_user_timeline,metadata,storm_sparse,3,1.1971388629219395,1.3026545589563288
deathstarbench_social_network,deathstarbench_social_network--split--NCD--r0--read_user_timeline,metadata,storm_compact,3,0.8638488282512983,1.0757961371575993
deathstarbench_social_network,deathstarbench_social_network--split--NCD--r0--read_user_timeline,structure,ours_direct,3,1.0932189932812304,1.208759431291226
deathstarbench_social_network,deathstarbench_social_network--split--NCD--r0--read_user_timeline,structure,ours_prepared,3,1.0454049863197379,1.168654454870828
deathstarbench_social_network,deathstarbench_social_network--split--NCD--r0--read_user_timeline,structure,cudd_fixed,3,1.0566571488161975,1.2432531110611285
deathstarbench_social_network,deathstarbench_social_network--split--NCD--r0--read_user_timeline,structure,cudd_sift,3,1.1101842754018207,1.2937020569152409
deathstarbench_social_network,deathstarbench_social_network--split--NCD--r0--read_user_timeline,structure,agrum_conditioned,3,1.290996254684089,1.301459542586589
deathstarbench_social_network,deathstarbench_social_network--split--NCD--r0--read_user_timeline,structure,agrum_joint,3,1.2491155019681859,1.2699642455382825
deathstarbench_social_network,deathstarbench_social_network--split--NCD--r0--read_user_timeline,structure,storm_sparse,3,1.143163911450993,1.196987147024314
deathstarbench_social_network,deathstarbench_social_network--split--NCD--r0--read_user_timeline,structure,storm_compact,3,1.164115057932628,1.2582694668467456
deathstarbench_social_network,deathstarbench_social_network--split--NCD--r0--read_user_timeline,restore,ours_direct,3,1.050072850428429,1.1631192850448728
deathstarbench_social_network,deathstarbench_social_network--split--NCD--r0--read_user_timeline,restore,ours_prepared,3,0.7955894451389268,0.8610101949780965
deathstarbench_social_network,deathstarbench_social_network--split--NCD--r0--read_user_timeline,restore,cudd_fixed,3,0.900421612523266,1.025142088472002
deathstarbench_social_network,deathstarbench_social_network--split--NCD--r0--read_user_timeline,restore,cudd_sift,3,0.9209607894032785,1.0327201263417212
deathstarbench_social_network,deathstarbench_social_network--split--NCD--r0--read_user_timeline,restore,agrum_conditioned,3,1.052039389385229,1.0595984024390475
deathstarbench_social_network,deathstarbench_social_network--split--NCD--r0--read_user_timeline,restore,agrum_joint,3,1.071625776791318,1.0862270785964632
deathstarbench_social_network,deathstarbench_social_network--split--NCD--r0--read_user_timeline,restore,storm_sparse,3,1.109515256286854,1.1585262729131882
deathstarbench_social_network,deathstarbench_social_network--split--NCD--r0--read_user_timeline,restore,storm_compact,3,1.0497171071999154,1.1149494379369755
deathstarbench_social_network,deathstarbench_social_network--split--ND--r0--compose_post,initial,ours_direct,3,0.9642639323015934,1.2327084294741253
deathstarbench_social_network,deathstarbench_social_network--split--ND--r0--compose_post,initial,ours_prepared,3,1.0752085350653957,1.2582576316385266
deathstarbench_social_network,deathstarbench_social_network--split--ND--r0--compose_post,initial,cudd_fixed,3,0.8309603809455604,0.9078139155096983
deathstarbench_social_network,deathstarbench_social_network--split--ND--r0--compose_post,initial,cudd_sift,3,0.9562473417835321,1.0431097212383658
deathstarbench_social_network,deathstarbench_social_network--split--ND--r0--compose_post,initial,agrum_conditioned,3,1.4339256269400762,1.4679802247584148
deathstarbench_social_network,deathstarbench_social_network--split--ND--r0--compose_post,initial,agrum_joint,3,1.4374969820675945,1.4929783577361688
deathstarbench_social_network,deathstarbench_social_network--split--ND--r0--compose_post,initial,storm_sparse,3,1.296643752206492,1.3972519507529737
deathstarbench_social_network,deathstarbench_social_network--split--ND--r0--compose_post,initial,storm_compact,3,1.2022608330288025,1.3116626849328217
deathstarbench_social_network,deathstarbench_social_network--split--ND--r0--compose_post,repeat,ours_direct,3,0.9225543771821092,1.2027742743770349
deathstarbench_social_network,deathstarbench_social_network--split--ND--r0--compose_post,repeat,ours_prepared,3,0.7079633083633232,1.0662692751387401
deathstarbench_social_network,deathstarbench_social_network--split--ND--r0--compose_post,repeat,cudd_fixed,3,0.7455852507473404,1.044383863272956
deathstarbench_social_network,deathstarbench_social_network--split--ND--r0--compose_post,repeat,cudd_sift,3,0.7506580827677746,1.0951295411261635
deathstarbench_social_network,deathstarbench_social_network--split--ND--r0--compose_post,repeat,agrum_conditioned,3,1.2056822457332383,1.24243101096416
deathstarbench_social_network,deathstarbench_social_network--split--ND--r0--compose_post,repeat,agrum_joint,3,0.9123344851860946,1.0023530528572917
deathstarbench_social_network,deathstarbench_social_network--split--ND--r0--compose_post,repeat,storm_sparse,3,1.324595794878912,1.5784395429011702
deathstarbench_social_network,deathstarbench_social_network--split--ND--r0--compose_post,repeat,storm_compact,3,0.7958986691081977,1.030482019166904
deathstarbench_social_network,deathstarbench_social_network--split--ND--r0--compose_post,counts,ours_direct,3,0.9569103246133731,1.2594657412465324
deathstarbench_social_network,deathstarbench_social_network--split--ND--r0--compose_post,counts,ours_prepared,3,0.6974715786410861,1.0120446320155505
deathstarbench_social_network,deathstarbench_social_network--split--ND--r0--compose_post,counts,cudd_fixed,3,0.7609357433102133,1.0910631972098472
deathstarbench_social_network,deathstarbench_social_network--split--ND--r0--compose_post,counts,cudd_sift,3,0.7627129715534408,1.0811781251373405
deathstarbench_social_network,deathstarbench_social_network--split--ND--r0--compose_post,counts,agrum_conditioned,3,1.2086891458810418,1.242599442453983
deathstarbench_social_network,deathstarbench_social_network--split--ND--r0--compose_post,counts,agrum_joint,3,0.9188024896625469,1.0006686169561134
deathstarbench_social_network,deathstarbench_social_network--split--ND--r0--compose_post,counts,storm_sparse,3,1.339961022114364,1.5627805442187563
deathstarbench_social_network,deathstarbench_social_network--split--ND--r0--compose_post,counts,storm_compact,3,0.8555075478743266,1.0875602855939221
deathstarbench_social_network,deathstarbench_social_network--split--ND--r0--compose_post,masks,ours_direct,3,0.9993208043695708,1.3090484611320778
deathstarbench_social_network,deathstarbench_social_network--split--ND--r0--compose_post,masks,ours_prepared,3,0.7638436299566054,1.1879623148559275
deathstarbench_social_network,deathstarbench_social_network--split--ND--r0--compose_post,masks,cudd_fixed,3,0.9053858687491546,1.455871225803508
deathstarbench_social_network,deathstarbench_social_network--split--ND--r0--compose_post,masks,cudd_sift,3,0.9676668253565887,1.503050402615544
deathstarbench_social_network,deathstarbench_social_network--split--ND--r0--compose_post,masks,agrum_conditioned,3,1.3767838546959916,1.4100939488099085
deathstarbench_social_network,deathstarbench_social_network--split--ND--r0--compose_post,masks,agrum_joint,3,1.049271756979589,1.0854670098885009
deathstarbench_social_network,deathstarbench_social_network--split--ND--r0--compose_post,masks,storm_sparse,3,1.5086745044062984,1.6354654270256035
deathstarbench_social_network,deathstarbench_social_network--split--ND--r0--compose_post,masks,storm_compact,3,1.4442122256791619,1.5747231644446529
deathstarbench_social_network,deathstarbench_social_network--split--ND--r0--compose_post,metadata,ours_direct,3,0.9683023523258623,1.3039792509657635
deathstarbench_social_network,deathstarbench_social_network--split--ND--r0--compose_post,metadata,ours_prepared,3,0.8147006803171722,1.3024007905792139
deathstarbench_social_network,deathstarbench_social_network--split--ND--r0--compose_post,metadata,cudd_fixed,3,0.9291520188575725,1.5074309146677283
deathstarbench_social_network,deathstarbench_social_network--split--ND--r0--compose_post,metadata,cudd_sift,3,0.9279930444789278,1.503704560284801
deathstarbench_social_network,deathstarbench_social_network--split--ND--r0--compose_post,metadata,agrum_conditioned,3,1.666879898955646,1.7349775123149418
deathstarbench_social_network,deathstarbench_social_network--split--ND--r0--compose_post,metadata,agrum_joint,3,1.2085683328473893,1.359393267094637
deathstarbench_social_network,deathstarbench_social_network--split--ND--r0--compose_post,metadata,storm_sparse,3,1.4601792711918373,1.7654935736901605
deathstarbench_social_network,deathstarbench_social_network--split--ND--r0--compose_post,metadata,storm_compact,3,1.200280605262189,1.5684996091178622
deathstarbench_social_network,deathstarbench_social_network--split--ND--r0--compose_post,structure,ours_direct,3,0.9961916466605344,1.304418425333904
deathstarbench_social_network,deathstarbench_social_network--split--ND--r0--compose_post,structure,ours_prepared,3,1.197936363934462,1.4219842715484263
deathstarbench_social_network,deathstarbench_social_network--split--ND--r0--compose_post,structure,cudd_fixed,3,0.8935552956711612,1.3268156836406229
deathstarbench_social_network,deathstarbench_social_network--split--ND--r0--compose_post,structure,cudd_sift,3,1.046421953444276,1.4737819636104157
deathstarbench_social_network,deathstarbench_social_network--split--ND--r0--compose_post,structure,agrum_conditioned,3,1.8275915788270736,1.8723436778145701
deathstarbench_social_network,deathstarbench_social_network--split--ND--r0--compose_post,structure,agrum_joint,3,1.6932560887301649,1.7548034955873248
deathstarbench_social_network,deathstarbench_social_network--split--ND--r0--compose_post,structure,storm_sparse,3,1.7281960071860372,1.9613654615278882
deathstarbench_social_network,deathstarbench_social_network--split--ND--r0--compose_post,structure,storm_compact,3,1.8990957170609408,2.1879915459233517
deathstarbench_social_network,deathstarbench_social_network--split--ND--r0--compose_post,restore,ours_direct,3,0.9522421103856739,1.232901530156114
deathstarbench_social_network,deathstarbench_social_network--split--ND--r0--compose_post,restore,ours_prepared,3,1.0960442796156864,1.2907211495219644
deathstarbench_social_network,deathstarbench_social_network--split--ND--r0--compose_post,restore,cudd_fixed,3,0.7517621876078512,1.0828971906394753
deathstarbench_social_network,deathstarbench_social_network--split--ND--r0--compose_post,restore,cudd_sift,3,0.9186964502801901,1.2065740350758074
deathstarbench_social_network,deathstarbench_social_network--split--ND--r0--compose_post,restore,agrum_conditioned,3,1.4732158494277119,1.5064934744169787
deathstarbench_social_network,deathstarbench_social_network--split--ND--r0--compose_post,restore,agrum_joint,3,1.4957038120123616,1.5409995690776894
deathstarbench_social_network,deathstarbench_social_network--split--ND--r0--compose_post,restore,storm_sparse,3,1.4700105611845828,1.692409831336503
deathstarbench_social_network,deathstarbench_social_network--split--ND--r0--compose_post,restore,storm_compact,3,1.1789797413536258,1.3434529911856947
deathstarbench_social_network,deathstarbench_social_network--split--ND--r0--read_home_timeline,initial,ours_direct,3,0.7811663072734206,1.3767644491611777
deathstarbench_social_network,deathstarbench_social_network--split--ND--r0--read_home_timeline,initial,ours_prepared,3,0.8423182492757847,1.2304959114423986
deathstarbench_social_network,deathstarbench_social_network--split--ND--r0--read_home_timeline,initial,cudd_fixed,3,1.006638349504867,1.047658526679327
deathstarbench_social_network,deathstarbench_social_network--split--ND--r0--read_home_timeline,initial,cudd_sift,3,0.9751721755085921,1.0150718719834704
deathstarbench_social_network,deathstarbench_social_network--split--ND--r0--read_home_timeline,initial,agrum_conditioned,3,1.196387171594958,1.2571038065190439
deathstarbench_social_network,deathstarbench_social_network--split--ND--r0--read_home_timeline,initial,agrum_joint,3,1.1793149474825626,1.221415901079551
deathstarbench_social_network,deathstarbench_social_network--split--ND--r0--read_home_timeline,initial,storm_sparse,3,0.8793592441274962,0.976954366768685
deathstarbench_social_network,deathstarbench_social_network--split--ND--r0--read_home_timeline,initial,storm_compact,3,0.9619460335387562,1.0666949250854445
deathstarbench_social_network,deathstarbench_social_network--split--ND--r0--read_home_timeline,repeat,ours_direct,3,0.6406479162069906,1.0158692829170033
deathstarbench_social_network,deathstarbench_social_network--split--ND--r0--read_home_timeline,repeat,ours_prepared,3,0.6274702304401222,0.9946153261498705
deathstarbench_social_network,deathstarbench_social_network--split--ND--r0--read_home_timeline,repeat,cudd_fixed,3,0.6515034164644327,1.0208431710611567
deathstarbench_social_network,deathstarbench_social_network--split--ND--r0--read_home_timeline,repeat,cudd_sift,3,0.6655210518729681,1.0195923282872015
deathstarbench_social_network,deathstarbench_social_network--split--ND--r0--read_home_timeline,repeat,agrum_conditioned,3,0.9952689540015107,1.1103786025770983
deathstarbench_social_network,deathstarbench_social_network--split--ND--r0--read_home_timeline,repeat,agrum_joint,3,0.8241717672503304,0.9929101794622466
deathstarbench_social_network,deathstarbench_social_network--split--ND--r0--read_home_timeline,repeat,storm_sparse,3,0.589508486562942,0.9850751668867702
deathstarbench_social_network,deathstarbench_social_network--split--ND--r0--read_home_timeline,repeat,storm_compact,3,0.6461225728854851,1.081341749276482
deathstarbench_social_network,deathstarbench_social_network--split--ND--r0--read_home_timeline,counts,ours_direct,3,0.6711131374511571,1.057819279917653
deathstarbench_social_network,deathstarbench_social_network--split--ND--r0--read_home_timeline,counts,ours_prepared,3,0.560760565260307,0.8567141212356013
deathstarbench_social_network,deathstarbench_social_network--split--ND--r0--read_home_timeline,counts,cudd_fixed,3,0.6358668027084686,1.0321091380491145
deathstarbench_social_network,deathstarbench_social_network--split--ND--r0--read_home_timeline,counts,cudd_sift,3,0.697393797547057,1.1001847174084736
deathstarbench_social_network,deathstarbench_social_network--split--ND--r0--read_home_timeline,counts,agrum_conditioned,3,0.9842886045142685,1.0956091214708858
deathstarbench_social_network,deathstarbench_social_network--split--ND--r0--read_home_timeline,counts,agrum_joint,3,0.7813769103129459,0.9285827248496631
deathstarbench_social_network,deathstarbench_social_network--split--ND--r0--read_home_timeline,counts,storm_sparse,3,0.5380660731306658,0.8548564007137673
deathstarbench_social_network,deathstarbench_social_network--split--ND--r0--read_home_timeline,counts,storm_compact,3,0.5964034456337505,1.0088700501061345
deathstarbench_social_network,deathstarbench_social_network--split--ND--r0--read_home_timeline,masks,ours_direct,3,0.6876158496592237,1.038315414292149
deathstarbench_social_network,deathstarbench_social_network--split--ND--r0--read_home_timeline,masks,ours_prepared,3,0.600467948571385,1.0050732482240428
deathstarbench_social_network,deathstarbench_social_network--split--ND--r0--read_home_timeline,masks,cudd_fixed,3,0.4978256343139296,0.7262220942960937
deathstarbench_social_network,deathstarbench_social_network--split--ND--r0--read_home_timeline,masks,cudd_sift,3,0.49154997445543636,0.6960799689633256
deathstarbench_social_network,deathstarbench_social_network--split--ND--r0--read_home_timeline,masks,agrum_conditioned,3,1.1458253772624172,1.2410987763854622
deathstarbench_social_network,deathstarbench_social_network--split--ND--r0--read_home_timeline,masks,agrum_joint,3,1.155796393320637,1.2384789779850245
deathstarbench_social_network,deathstarbench_social_network--split--ND--r0--read_home_timeline,masks,storm_sparse,3,0.9274140137864905,1.0346203434197419
deathstarbench_social_network,deathstarbench_social_network--split--ND--r0--read_home_timeline,masks,storm_compact,3,0.9811709018264448,1.075473882679855
deathstarbench_social_network,deathstarbench_social_network--split--ND--r0--read_home_timeline,metadata,ours_direct,3,0.6566256214470013,1.0198818103514071
deathstarbench_social_network,deathstarbench_social_network--split--ND--r0--read_home_timeline,metadata,ours_prepared,3,0.571518190780117,0.9696680010356297
deathstarbench_social_network,deathstarbench_social_network--split--ND--r0--read_home_timeline,metadata,cudd_fixed,3,1.0144428044559033,1.728664417363929
deathstarbench_social_network,deathstarbench_social_network--split--ND--r0--read_home_timeline,metadata,cudd_sift,3,0.9933255837227384,1.6765087034950736
deathstarbench_social_network,deathstarbench_social_network--split--ND--r0--read_home_timeline,metadata,agrum_conditioned,3,0.9840894869824875,1.100304432888501
deathstarbench_social_network,deathstarbench_social_network--split--ND--r0--read_home_timeline,metadata,agrum_joint,3,0.8133853043622491,0.9947709513606738
deathstarbench_social_network,deathstarbench_social_network--split--ND--r0--read_home_timeline,metadata,storm_sparse,3,0.741807001435144,1.0843377408141386
deathstarbench_social_network,deathstarbench_social_network--split--ND--r0--read_home_timeline,metadata,storm_compact,3,0.704741894493162,0.954065282304628
deathstarbench_social_network,deathstarbench_social_network--split--ND--r0--read_home_timeline,structure,ours_direct,3,0.6230924254304395,1.011183148535288
deathstarbench_social_network,deathstarbench_social_network--split--ND--r0--read_home_timeline,structure,ours_prepared,3,0.769428642230698,1.1041597000176593
deathstarbench_social_network,deathstarbench_social_network--split--ND--r0--read_home_timeline,structure,cudd_fixed,3,0.6385154320790715,1.0128344878511903
deathstarbench_social_network,deathstarbench_social_network--split--ND--r0--read_home_timeline,structure,cudd_sift,3,0.7807037759716482,1.0517780781476322
deathstarbench_social_network,deathstarbench_social_network--split--ND--r0--read_home_timeline,structure,agrum_conditioned,3,1.2362746137243714,1.3002511674565178
deathstarbench_social_network,deathstarbench_social_network--split--ND--r0--read_home_timeline,structure,agrum_joint,3,1.2034633070013252,1.257658615046809
deathstarbench_social_network,deathstarbench_social_network--split--ND--r0--read_home_timeline,structure,storm_sparse,3,0.8596122063007957,1.0556307542734058
deathstarbench_social_network,deathstarbench_social_network--split--ND--r0--read_home_timeline,structure,storm_compact,3,0.8222768621891429,0.9745719043028657
deathstarbench_social_network,deathstarbench_social_network--split--ND--r0--read_home_timeline,restore,ours_direct,3,0.6257958520981116,1.0046261947366124
deathstarbench_social_network,deathstarbench_social_network--split--ND--r0--read_home_timeline,restore,ours_prepared,3,0.765686042122082,1.064422947462046
deathstarbench_social_network,deathstarbench_social_network--split--ND--r0--read_home_timeline,restore,cudd_fixed,3,0.6508530412001505,1.008802077577633
deathstarbench_social_network,deathstarbench_social_network--split--ND--r0--read_home_timeline,restore,cudd_sift,3,0.8063239206837954,1.11782137747803
deathstarbench_social_network,deathstarbench_social_network--split--ND--r0--read_home_timeline,restore,agrum_conditioned,3,1.2435844226139283,1.3071848802488129
deathstarbench_social_network,deathstarbench_social_network--split--ND--r0--read_home_timeline,restore,agrum_joint,3,1.2499959919704402,1.3110045792660958
deathstarbench_social_network,deathstarbench_social_network--split--ND--r0--read_home_timeline,restore,storm_sparse,3,0.8230683931200123,1.0830268971620443
deathstarbench_social_network,deathstarbench_social_network--split--ND--r0--read_home_timeline,restore,storm_compact,3,0.82661152898097,1.2304274352702047
deathstarbench_social_network,deathstarbench_social_network--split--ND--r0--read_user_timeline,initial,ours_direct,3,0.8757398714418416,1.0596787895342223
deathstarbench_social_network,deathstarbench_social_network--split--ND--r0--read_user_timeline,initial,ours_prepared,3,0.996365005871207,1.0895648382275518
deathstarbench_social_network,deathstarbench_social_network--split--ND--r0--read_user_timeline,initial,cudd_fixed,3,0.8866715778191743,0.9194721571821236
deathstarbench_social_network,deathstarbench_social_network--split--ND--r0--read_user_timeline,initial,cudd_sift,3,1.1236477066455182,1.1718049789904603
deathstarbench_social_network,deathstarbench_social_network--split--ND--r0--read_user_timeline,initial,agrum_conditioned,3,1.058351027334198,1.0717440260294717
deathstarbench_social_network,deathstarbench_social_network--split--ND--r0--read_user_timeline,initial,agrum_joint,3,1.0631759796719185,1.082063228723112
deathstarbench_social_network,deathstarbench_social_network--split--ND--r0--read_user_timeline,initial,storm_sparse,3,1.2743358362982566,1.3697969706343387
deathstarbench_social_network,deathstarbench_social_network--split--ND--r0--read_user_timeline,initial,storm_compact,3,0.9735751048325489,1.045311381442423
deathstarbench_social_network,deathstarbench_social_network--split--ND--r0--read_user_timeline,repeat,ours_direct,3,0.8622940951473235,1.0700676686908368
deathstarbench_social_network,deathstarbench_social_network--split--ND--r0--read_user_timeline,repeat,ours_prepared,3,0.7721081120376568,0.9942553325116384
deathstarbench_social_network,deathstarbench_social_network--split--ND--r0--read_user_timeline,repeat,cudd_fixed,3,0.8346869665385203,1.0636753300131845
deathstarbench_social_network,deathstarbench_social_network--split--ND--r0--read_user_timeline,repeat,cudd_sift,3,0.7699401739182006,0.9899148571684255
deathstarbench_social_network,deathstarbench_social_network--split--ND--r0--read_user_timeline,repeat,agrum_conditioned,3,0.9989772963703468,1.0158539333538064
deathstarbench_social_network,deathstarbench_social_network--split--ND--r0--read_user_timeline,repeat,agrum_joint,3,0.940536553252675,0.9991504568029563
deathstarbench_social_network,deathstarbench_social_network--split--ND--r0--read_user_timeline,repeat,storm_sparse,3,1.486104887438967,1.97632975696564
deathstarbench_social_network,deathstarbench_social_network--split--ND--r0--read_user_timeline,repeat,storm_compact,3,0.6276070949576772,0.9224426796126751
deathstarbench_social_network,deathstarbench_social_network--split--ND--r0--read_user_timeline,counts,ours_direct,3,0.8867189348432428,1.0968175419853996
deathstarbench_social_network,deathstarbench_social_network--split--ND--r0--read_user_timeline,counts,ours_prepared,3,0.7689759246225739,1.0266912250069204
deathstarbench_social_network,deathstarbench_social_network--split--ND--r0--read_user_timeline,counts,cudd_fixed,3,0.9621879676365691,1.2231796392495617
deathstarbench_social_network,deathstarbench_social_network--split--ND--r0--read_user_timeline,counts,cudd_sift,3,0.8885143183400122,1.1110672782465665
deathstarbench_social_network,deathstarbench_social_network--split--ND--r0--read_user_timeline,counts,agrum_conditioned,3,0.9857721571073741,1.002911976330365
deathstarbench_social_network,deathstarbench_social_network--split--ND--r0--read_user_timeline,counts,agrum_joint,3,0.9428192655342561,0.9927860312638459
deathstarbench_social_network,deathstarbench_social_network--split--ND--r0--read_user_timeline,counts,storm_sparse,3,1.4709293490983313,1.855790909295712
deathstarbench_social_network,deathstarbench_social_network--split--ND--r0--read_user_timeline,counts,storm_compact,3,0.856048919580449,1.1578094235084024
deathstarbench_social_network,deathstarbench_social_network--split--ND--r0--read_user_timeline,masks,ours_direct,3,1.1110636525588098,1.429570630300814
deathstarbench_social_network,deathstarbench_social_network--split--ND--r0--read_user_timeline,masks,ours_prepared,3,0.9868933506428839,1.3559176905512667
deathstarbench_social_network,deathstarbench_social_network--split--ND--r0--read_user_timeline,masks,cudd_fixed,3,1.073737941386785,1.4774729345902111
deathstarbench_social_network,deathstarbench_social_network--split--ND--r0--read_user_timeline,masks,cudd_sift,3,1.0540628449430272,1.420867612594503
deathstarbench_social_network,deathstarbench_social_network--split--ND--r0--read_user_timeline,masks,agrum_conditioned,3,1.0452308942696404,1.0608386576662536
deathstarbench_social_network,deathstarbench_social_network--split--ND--r0--read_user_timeline,masks,agrum_joint,3,0.7638314952287993,0.7783253861508195
deathstarbench_social_network,deathstarbench_social_network--split--ND--r0--read_user_timeline,masks,storm_sparse,3,1.092686818888951,1.1606273481420684
deathstarbench_social_network,deathstarbench_social_network--split--ND--r0--read_user_timeline,masks,storm_compact,3,1.0750782746936238,1.1471217561380893
deathstarbench_social_network,deathstarbench_social_network--split--ND--r0--read_user_timeline,metadata,ours_direct,3,1.0646321248056134,1.3609034457332245
deathstarbench_social_network,deathstarbench_social_network--split--ND--r0--read_user_timeline,metadata,ours_prepared,3,0.9495728713232822,1.3545565643402133
deathstarbench_social_network,deathstarbench_social_network--split--ND--r0--read_user_timeline,metadata,cudd_fixed,3,1.061910895429292,1.462303341464194
deathstarbench_social_network,deathstarbench_social_network--split--ND--r0--read_user_timeline,metadata,cudd_sift,3,1.064913431223676,1.5224692312325576
deathstarbench_social_network,deathstarbench_social_network--split--ND--r0--read_user_timeline,metadata,agrum_conditioned,3,1.4701286667151263,1.5085884354022179
deathstarbench_social_network,deathstarbench_social_network--split--ND--r0--read_user_timeline,metadata,agrum_joint,3,1.2824843515221647,1.4067701819358207
deathstarbench_social_network,deathstarbench_social_network--split--ND--r0--read_user_timeline,metadata,storm_sparse,3,1.0418912951751071,1.2238172412003208
deathstarbench_social_network,deathstarbench_social_network--split--ND--r0--read_user_timeline,metadata,storm_compact,3,0.8762013842641659,1.0814221578937255
deathstarbench_social_network,deathstarbench_social_network--split--ND--r0--read_user_timeline,structure,ours_direct,3,1.1091896309431186,1.4279873932761549
deathstarbench_social_network,deathstarbench_social_network--split--ND--r0--read_user_timeline,structure,ours_prepared,3,1.0467793388106925,1.1543850039428123
deathstarbench_social_network,deathstarbench_social_network--split--ND--r0--read_user_timeline,structure,cudd_fixed,3,0.9931379358691921,1.4204666477333239
deathstarbench_social_network,deathstarbench_social_network--split--ND--r0--read_user_timeline,structure,cudd_sift,3,1.104748663920103,1.3878008294739084
deathstarbench_social_network,deathstarbench_social_network--split--ND--r0--read_user_timeline,structure,agrum_conditioned,3,1.3809264267528363,1.4085375731016132
deathstarbench_social_network,deathstarbench_social_network--split--ND--r0--read_user_timeline,structure,agrum_joint,3,1.228723255265408,1.2522624251665146
deathstarbench_social_network,deathstarbench_social_network--split--ND--r0--read_user_timeline,structure,storm_sparse,3,1.1927152562518106,1.3264022621632008
deathstarbench_social_network,deathstarbench_social_network--split--ND--r0--read_user_timeline,structure,storm_compact,3,1.1667674464199111,1.3120728876490855
deathstarbench_social_network,deathstarbench_social_network--split--ND--r0--read_user_timeline,restore,ours_direct,3,0.8487893737156341,1.0594223653600658
deathstarbench_social_network,deathstarbench_social_network--split--ND--r0--read_user_timeline,restore,ours_prepared,3,0.9435355906223877,1.0429363386095447
deathstarbench_social_network,deathstarbench_social_network--split--ND--r0--read_user_timeline,restore,cudd_fixed,3,0.8307777164920022,1.0292609709561162
deathstarbench_social_network,deathstarbench_social_network--split--ND--r0--read_user_timeline,restore,cudd_sift,3,0.9144647533020659,1.0940380844161794
deathstarbench_social_network,deathstarbench_social_network--split--ND--r0--read_user_timeline,restore,agrum_conditioned,3,1.07105260073503,1.0833548224973366
deathstarbench_social_network,deathstarbench_social_network--split--ND--r0--read_user_timeline,restore,agrum_joint,3,1.098456228923629,1.11680553019105
deathstarbench_social_network,deathstarbench_social_network--split--ND--r0--read_user_timeline,restore,storm_sparse,3,1.3540657545608816,1.548024852224522
deathstarbench_social_network,deathstarbench_social_network--split--ND--r0--read_user_timeline,restore,storm_compact,3,0.8994593914074128,1.0222656617993406
opentelemetry_demo,opentelemetry_demo--colocated--N--r0--add_to_cart,initial,ours_direct,3,0.8914488741291192,1.1693324342548888
opentelemetry_demo,opentelemetry_demo--colocated--N--r0--add_to_cart,initial,ours_prepared,3,1.023970041907435,1.1584511841164347
opentelemetry_demo,opentelemetry_demo--colocated--N--r0--add_to_cart,initial,cudd_fixed,3,0.9289607430720239,0.9791551122589444
opentelemetry_demo,opentelemetry_demo--colocated--N--r0--add_to_cart,initial,cudd_sift,3,0.7289400823522576,0.7608418356238668
opentelemetry_demo,opentelemetry_demo--colocated--N--r0--add_to_cart,initial,agrum_conditioned,3,1.234926638196857,1.2724612768936505
opentelemetry_demo,opentelemetry_demo--colocated--N--r0--add_to_cart,initial,agrum_joint,3,1.1409460104370768,1.179925727174493
opentelemetry_demo,opentelemetry_demo--colocated--N--r0--add_to_cart,initial,storm_sparse,3,1.101988937502332,1.2128939652449082
opentelemetry_demo,opentelemetry_demo--colocated--N--r0--add_to_cart,initial,storm_compact,3,0.9797181697413224,1.0992698582127252
opentelemetry_demo,opentelemetry_demo--colocated--N--r0--add_to_cart,repeat,ours_direct,3,0.8149123927853598,1.1147935536930935
opentelemetry_demo,opentelemetry_demo--colocated--N--r0--add_to_cart,repeat,ours_prepared,3,0.6922194765655931,1.0129060187502537
opentelemetry_demo,opentelemetry_demo--colocated--N--r0--add_to_cart,repeat,cudd_fixed,3,0.8606635988302082,1.257379650185105
opentelemetry_demo,opentelemetry_demo--colocated--N--r0--add_to_cart,repeat,cudd_sift,3,0.8795720063482312,1.2467338537305217
opentelemetry_demo,opentelemetry_demo--colocated--N--r0--add_to_cart,repeat,agrum_conditioned,3,1.1200310610921578,1.1574658780321552
opentelemetry_demo,opentelemetry_demo--colocated--N--r0--add_to_cart,repeat,agrum_joint,3,0.8963660066343095,0.9966213439288902
opentelemetry_demo,opentelemetry_demo--colocated--N--r0--add_to_cart,repeat,storm_sparse,3,1.0564940751632574,1.7372511950254685
opentelemetry_demo,opentelemetry_demo--colocated--N--r0--add_to_cart,repeat,storm_compact,3,0.5709743097019193,1.0202409896387534
opentelemetry_demo,opentelemetry_demo--colocated--N--r0--add_to_cart,counts,ours_direct,3,0.8409062977150915,1.1516230150072913
opentelemetry_demo,opentelemetry_demo--colocated--N--r0--add_to_cart,counts,ours_prepared,3,0.716292952465527,1.046359590435744
opentelemetry_demo,opentelemetry_demo--colocated--N--r0--add_to_cart,counts,cudd_fixed,3,0.7550222446710878,1.056896337717972
opentelemetry_demo,opentelemetry_demo--colocated--N--r0--add_to_cart,counts,cudd_sift,3,0.7873186599503268,1.1052981635974688
opentelemetry_demo,opentelemetry_demo--colocated--N--r0--add_to_cart,counts,agrum_conditioned,3,1.0633385055457272,1.0993182161033999
opentelemetry_demo,opentelemetry_demo--colocated--N--r0--add_to_cart,counts,agrum_joint,3,0.9195103053452613,1.0203426170982275
opentelemetry_demo,opentelemetry_demo--colocated--N--r0--add_to_cart,counts,storm_sparse,3,1.0614847280293447,1.477165678094823
opentelemetry_demo,opentelemetry_demo--colocated--N--r0--add_to_cart,counts,storm_compact,3,0.6079387948430884,0.855369634425471
opentelemetry_demo,opentelemetry_demo--colocated--N--r0--add_to_cart,masks,ours_direct,3,0.7944453322758275,1.0835660433705145
opentelemetry_demo,opentelemetry_demo--colocated--N--r0--add_to_cart,masks,ours_prepared,3,0.6563943538430003,1.0086739242902902
opentelemetry_demo,opentelemetry_demo--colocated--N--r0--add_to_cart,masks,cudd_fixed,3,0.7060987947614762,1.004786883551467
opentelemetry_demo,opentelemetry_demo--colocated--N--r0--add_to_cart,masks,cudd_sift,3,0.7746543778801843,1.1063720100104084
opentelemetry_demo,opentelemetry_demo--colocated--N--r0--add_to_cart,masks,agrum_conditioned,3,1.1897166038768139,1.2213187481926326
opentelemetry_demo,opentelemetry_demo--colocated--N--r0--add_to_cart,masks,agrum_joint,3,1.1159309488487914,1.1591936726839736
opentelemetry_demo,opentelemetry_demo--colocated--N--r0--add_to_cart,masks,storm_sparse,3,0.9477235152882891,1.0407083677556002
opentelemetry_demo,opentelemetry_demo--colocated--N--r0--add_to_cart,masks,storm_compact,3,1.016916232752114,1.1173095891667877
opentelemetry_demo,opentelemetry_demo--colocated--N--r0--add_to_cart,metadata,ours_direct,3,0.8216120932615937,1.1187492840958935
opentelemetry_demo,opentelemetry_demo--colocated--N--r0--add_to_cart,metadata,ours_prepared,3,0.6717945474097033,0.9983764032245913
opentelemetry_demo,opentelemetry_demo--colocated--N--r0--add_to_cart,metadata,cudd_fixed,3,0.7264724796758274,1.0614595732352232
opentelemetry_demo,opentelemetry_demo--colocated--N--r0--add_to_cart,metadata,cudd_sift,3,0.722202045606214,1.061251553251473
opentelemetry_demo,opentelemetry_demo--colocated--N--r0--add_to_cart,metadata,agrum_conditioned,3,1.0676297856291157,1.1038436140902157
opentelemetry_demo,opentelemetry_demo--colocated--N--r0--add_to_cart,metadata,agrum_joint,3,0.8993427544929229,0.9892472883007463
opentelemetry_demo,opentelemetry_demo--colocated--N--r0--add_to_cart,metadata,storm_sparse,3,0.8310186809450043,1.0988488715033757
opentelemetry_demo,opentelemetry_demo--colocated--N--r0--add_to_cart,metadata,storm_compact,3,0.6708146110709332,1.0028101064358899
opentelemetry_demo,opentelemetry_demo--colocated--N--r0--add_to_cart,structure,ours_direct,3,0.8590324374571242,1.1759228614894275
opentelemetry_demo,opentelemetry_demo--colocated--N--r0--add_to_cart,structure,ours_prepared,3,1.0316912808717442,1.1644414702303238
opentelemetry_demo,opentelemetry_demo--colocated--N--r0--add_to_cart,structure,cudd_fixed,3,0.7741131146439014,1.0726789430425125
opentelemetry_demo,opentelemetry_demo--colocated--N--r0--add_to_cart,structure,cudd_sift,3,0.9160746273543209,1.1569006080716286
opentelemetry_demo,opentelemetry_demo--colocated--N--r0--add_to_cart,structure,agrum_conditioned,3,1.229690057705083,1.2534494422756741
opentelemetry_demo,opentelemetry_demo--colocated--N--r0--add_to_cart,structure,agrum_joint,3,1.1966085500515022,1.2333597956875577
opentelemetry_demo,opentelemetry_demo--colocated--N--r0--add_to_cart,structure,storm_sparse,3,1.004937243409142,1.1711954361256973
opentelemetry_demo,opentelemetry_demo--colocated--N--r0--add_to_cart,structure,storm_compact,3,0.9990169623095726,1.176758505503045
opentelemetry_demo,opentelemetry_demo--colocated--N--r0--add_to_cart,restore,ours_direct,3,0.7522860108041287,1.055308216720488
opentelemetry_demo,opentelemetry_demo--colocated--N--r0--add_to_cart,restore,ours_prepared,3,1.0449645447519145,1.2181969703918896
opentelemetry_demo,opentelemetry_demo--colocated--N--r0--add_to_cart,restore,cudd_fixed,3,0.7463391914815432,1.046566252591097
opentelemetry_demo,opentelemetry_demo--colocated--N--r0--add_to_cart,restore,cudd_sift,3,0.9284171162179576,1.1777025631565545
opentelemetry_demo,opentelemetry_demo--colocated--N--r0--add_to_cart,restore,agrum_conditioned,3,1.2126983195335796,1.2359827237600476
opentelemetry_demo,opentelemetry_demo--colocated--N--r0--add_to_cart,restore,agrum_joint,3,1.1989543913075036,1.2319522044085085
opentelemetry_demo,opentelemetry_demo--colocated--N--r0--add_to_cart,restore,storm_sparse,3,1.197341059437241,1.4819334608355046
opentelemetry_demo,opentelemetry_demo--colocated--N--r0--add_to_cart,restore,storm_compact,3,0.9843449755473529,1.204178582440296
opentelemetry_demo,opentelemetry_demo--colocated--N--r0--browse_product,initial,ours_direct,3,0.848611403622763,1.0626571063584291
opentelemetry_demo,opentelemetry_demo--colocated--N--r0--browse_product,initial,ours_prepared,3,0.9757620127968062,1.0838460498014013
opentelemetry_demo,opentelemetry_demo--colocated--N--r0--browse_product,initial,cudd_fixed,3,1.2314713778802993,1.2985965777437143
opentelemetry_demo,opentelemetry_demo--colocated--N--r0--browse_product,initial,cudd_sift,3,0.964682946780624,1.0022867290669584
opentelemetry_demo,opentelemetry_demo--colocated--N--r0--browse_product,initial,agrum_conditioned,3,1.108497857396206,1.1241160927556437
opentelemetry_demo,opentelemetry_demo--colocated--N--r0--browse_product,initial,agrum_joint,3,1.1096899869702792,1.1369414695265654
opentelemetry_demo,opentelemetry_demo--colocated--N--r0--browse_product,initial,storm_sparse,3,0.954096163327112,1.0326183459277418
opentelemetry_demo,opentelemetry_demo--colocated--N--r0--browse_product,initial,storm_compact,3,0.965002938675827,1.046816254377565
opentelemetry_demo,opentelemetry_demo--colocated--N--r0--browse_product,repeat,ours_direct,3,0.8143986446189321,1.0607894076062814
opentelemetry_demo,opentelemetry_demo--colocated--N--r0--browse_product,repeat,ours_prepared,3,0.7273166034101852,0.9857915474110694
opentelemetry_demo,opentelemetry_demo--colocated--N--r0--browse_product,repeat,cudd_fixed,3,0.8402940438346996,1.1193270889404572
opentelemetry_demo,opentelemetry_demo--colocated--N--r0--browse_product,repeat,cudd_sift,3,0.7817168962543412,1.015707766278217
opentelemetry_demo,opentelemetry_demo--colocated--N--r0--browse_product,repeat,agrum_conditioned,3,1.0164374807277932,1.041165675490834
opentelemetry_demo,opentelemetry_demo--colocated--N--r0--browse_product,repeat,agrum_joint,3,0.9342941675549851,1.0012160362591407
opentelemetry_demo,opentelemetry_demo--colocated--N--r0--browse_product,repeat,storm_sparse,3,0.71096096471282,1.0301187850053595
opentelemetry_demo,opentelemetry_demo--colocated--N--r0--browse_product,repeat,storm_compact,3,0.6193068327579275,1.0060650451058089
opentelemetry_demo,opentelemetry_demo--colocated--N--r0--browse_product,counts,ours_direct,3,0.7891405600757591,1.0256746711973423
opentelemetry_demo,opentelemetry_demo--colocated--N--r0--browse_product,counts,ours_prepared,3,0.7516709891492973,1.0163015229481782
opentelemetry_demo,opentelemetry_demo--colocated--N--r0--browse_product,counts,cudd_fixed,3,0.962935533618534,1.2687672166365405
opentelemetry_demo,opentelemetry_demo--colocated--N--r0--browse_product,counts,cudd_sift,3,0.9418965982493718,1.2294978841799846
opentelemetry_demo,opentelemetry_demo--colocated--N--r0--browse_product,counts,agrum_conditioned,3,1.027638823398095,1.0508088084607532
opentelemetry_demo,opentelemetry_demo--colocated--N--r0--browse_product,counts,agrum_joint,3,0.9379818826771422,1.0015345851703819
opentelemetry_demo,opentelemetry_demo--colocated--N--r0--browse_product,counts,storm_sparse,3,0.7994538834951457,1.0588512143117166
opentelemetry_demo,opentelemetry_demo--colocated--N--r0--browse_product,counts,storm_compact,3,0.674326476075013,1.0467309222281638
opentelemetry_demo,opentelemetry_demo--colocated--N--r0--browse_product,masks,ours_direct,3,0.853441662995762,1.0792327460412474
opentelemetry_demo,opentelemetry_demo--colocated--N--r0--browse_product,masks,ours_prepared,3,0.7795890715974285,1.0576199087451492
opentelemetry_demo,opentelemetry_demo--colocated--N--r0--browse_product,masks,cudd_fixed,3,0.8105871555623538,1.0737998608534323
opentelemetry_demo,opentelemetry_demo--colocated--N--r0--browse_product,masks,cudd_sift,3,0.8221494121410694,1.0771987748984513
opentelemetry_demo,opentelemetry_demo--colocated--N--r0--browse_product,masks,agrum_conditioned,3,1.0874019543618132,1.110252033965879
opentelemetry_demo,opentelemetry_demo--colocated--N--r0--browse_product,masks,agrum_joint,3,1.1536564834660676,1.1889077470942797
opentelemetry_demo,opentelemetry_demo--colocated--N--r0--browse_product,masks,storm_sparse,3,0.9860105612809812,1.0496395728951562
opentelemetry_demo,opentelemetry_demo--colocated--N--r0--browse_product,masks,storm_compact,3,0.9904890529781436,1.0599531624766252
opentelemetry_demo,opentelemetry_demo--colocated--N--r0--browse_product,metadata,ours_direct,3,0.8311968687918253,1.0691655394241673
opentelemetry_demo,opentelemetry_demo--colocated--N--r0--browse_product,metadata,ours_prepared,3,0.7492239347277684,1.0070134573098746
opentelemetry_demo,opentelemetry_demo--colocated--N--r0--browse_product,metadata,cudd_fixed,3,0.8177766229613047,1.1107171012689199
opentelemetry_demo,opentelemetry_demo--colocated--N--r0--browse_product,metadata,cudd_sift,3,0.8031915678524374,1.06468186562716
opentelemetry_demo,opentelemetry_demo--colocated--N--r0--browse_product,metadata,agrum_conditioned,3,1.0084293561717816,1.0345543801593495
opentelemetry_demo,opentelemetry_demo--colocated--N--r0--browse_product,metadata,agrum_joint,3,0.9284984644311087,0.9961676625356181
opentelemetry_demo,opentelemetry_demo--colocated--N--r0--browse_product,metadata,storm_sparse,3,0.8779201404124616,1.0605403495245438
opentelemetry_demo,opentelemetry_demo--colocated--N--r0--browse_product,metadata,storm_compact,3,0.7314757579429214,0.9725250977924884
opentelemetry_demo,opentelemetry_demo--colocated--N--r0--browse_product,structure,ours_direct,3,0.8194862292114573,1.072049328708962
opentelemetry_demo,opentelemetry_demo--colocated--N--r0--browse_product,structure,ours_prepared,3,1.006826299553,1.1159091537011225
opentelemetry_demo,opentelemetry_demo--colocated--N--r0--browse_product,structure,cudd_fixed,3,0.8429328839588409,1.1239695725516408
opentelemetry_demo,opentelemetry_demo--colocated--N--r0--browse_product,structure,cudd_sift,3,0.9658546187691177,1.1760809109035575
opentelemetry_demo,opentelemetry_demo--colocated--N--r0--browse_product,structure,agrum_conditioned,3,1.1160129142883166,1.1320200846610713
opentelemetry_demo,opentelemetry_demo--colocated--N--r0--browse_product,structure,agrum_joint,3,1.1157371358731476,1.1438907633012703
opentelemetry_demo,opentelemetry_demo--colocated--N--r0--browse_product,structure,storm_sparse,3,0.9764476908091881,1.0953745855671293
opentelemetry_demo,opentelemetry_demo--colocated--N--r0--browse_product,structure,storm_compact,3,0.952052335476459,1.0790075147262885
opentelemetry_demo,opentelemetry_demo--colocated--N--r0--browse_product,restore,ours_direct,3,0.8062778677344479,1.0413145152557406
opentelemetry_demo,opentelemetry_demo--colocated--N--r0--browse_product,restore,ours_prepared,3,0.962250020894517,1.0600901776740945
opentelemetry_demo,opentelemetry_demo--colocated--N--r0--browse_product,restore,cudd_fixed,3,0.7949683337666642,1.0344548401031577
opentelemetry_demo,opentelemetry_demo--colocated--N--r0--browse_product,restore,cudd_sift,3,0.9582054815590485,1.1650425595474432
opentelemetry_demo,opentelemetry_demo--colocated--N--r0--browse_product,restore,agrum_conditioned,3,1.125872880005195,1.1430588086929825
opentelemetry_demo,opentelemetry_demo--colocated--N--r0--browse_product,restore,agrum_joint,3,1.1130326544621603,1.139073773611698
opentelemetry_demo,opentelemetry_demo--colocated--N--r0--browse_product,restore,storm_sparse,3,0.9538243694050448,1.1537393715950919
opentelemetry_demo,opentelemetry_demo--colocated--N--r0--browse_product,restore,storm_compact,3,0.9398024638374769,1.0933881524923392
opentelemetry_demo,opentelemetry_demo--colocated--N--r0--checkout,initial,ours_direct,3,1.1423901116795014,1.5225711050215294
opentelemetry_demo,opentelemetry_demo--colocated--N--r0--checkout,initial,ours_prepared,3,1.129321876987639,1.3586806250774672
opentelemetry_demo,opentelemetry_demo--colocated--N--r0--checkout,initial,cudd_fixed,3,1.0133691725217664,1.144947581252759
opentelemetry_demo,opentelemetry_demo--colocated--N--r0--checkout,initial,cudd_sift,3,1.0027241317180233,1.1328357810057061
opentelemetry_demo,opentelemetry_demo--colocated--N--r0--checkout,initial,agrum_conditioned,3,1.6950537536252555,1.7339089292592866
opentelemetry_demo,opentelemetry_demo--colocated--N--r0--checkout,initial,agrum_joint,3,1.5902587847447027,1.6486044301298888
opentelemetry_demo,opentelemetry_demo--colocated--N--r0--checkout,initial,storm_sparse,3,1.4051090840245448,1.5721859420274307
opentelemetry_demo,opentelemetry_demo--colocated--N--r0--checkout,initial,storm_compact,3,1.2877189687777055,1.4742329818432645
opentelemetry_demo,opentelemetry_demo--colocated--N--r0--checkout,repeat,ours_direct,3,1.2151818113649544,1.6157231811451636
opentelemetry_demo,opentelemetry_demo--colocated--N--r0--checkout,repeat,ours_prepared,3,0.7978360590732184,1.2160388025947748
opentelemetry_demo,opentelemetry_demo--colocated--N--r0--checkout,repeat,cudd_fixed,3,0.9061339069075615,1.348012912482066
opentelemetry_demo,opentelemetry_demo--colocated--N--r0--checkout,repeat,cudd_sift,3,0.9129412413083614,1.328493922698406
opentelemetry_demo,opentelemetry_demo--colocated--N--r0--checkout,repeat,agrum_conditioned,3,1.6030249086819683,1.6586649588649687
opentelemetry_demo,opentelemetry_demo--colocated--N--r0--checkout,repeat,agrum_joint,3,1.1227353116204934,1.2373763732880088
opentelemetry_demo,opentelemetry_demo--colocated--N--r0--checkout,repeat,storm_sparse,3,1.3039075137843446,1.8585501088442502
opentelemetry_demo,opentelemetry_demo--colocated--N--r0--checkout,repeat,storm_compact,3,0.46540497071039083,0.9811059907834101
opentelemetry_demo,opentelemetry_demo--colocated--N--r0--checkout,counts,ours_direct,3,1.1841067266959666,1.607899258165002
opentelemetry_demo,opentelemetry_demo--colocated--N--r0--checkout,counts,ours_prepared,3,0.8025001368346997,1.221946639704517
opentelemetry_demo,opentelemetry_demo--colocated--N--r0--checkout,counts,cudd_fixed,3,0.9396532182157764,1.3702579034188545
opentelemetry_demo,opentelemetry_demo--colocated--N--r0--checkout,counts,cudd_sift,3,0.9100563940099738,1.314426283753777
opentelemetry_demo,opentelemetry_demo--colocated--N--r0--checkout,counts,agrum_conditioned,3,1.570814664381265,1.62344962866665
opentelemetry_demo,opentelemetry_demo--colocated--N--r0--checkout,counts,agrum_joint,3,1.1085078714118395,1.2182987121288724
opentelemetry_demo,opentelemetry_demo--colocated--N--r0--checkout,counts,storm_sparse,3,1.3060485832182753,1.7444788816071377
opentelemetry_demo,opentelemetry_demo--colocated--N--r0--checkout,counts,storm_compact,3,0.5362569537226184,0.9444440249767825
opentelemetry_demo,opentelemetry_demo--colocated--N--r0--checkout,masks,ours_direct,3,1.1190510097546271,1.5069461200478806
opentelemetry_demo,opentelemetry_demo--colocated--N--r0--checkout,masks,ours_prepared,3,0.7654046356253069,1.241976251634933
opentelemetry_demo,opentelemetry_demo--colocated--N--r0--checkout,masks,cudd_fixed,3,0.9491345054929566,1.3888717815505671
opentelemetry_demo,opentelemetry_demo--colocated--N--r0--checkout,masks,cudd_sift,3,0.9341172969916982,1.3650377281311739
opentelemetry_demo,opentelemetry_demo--colocated--N--r0--checkout,masks,agrum_conditioned,3,1.7678218364020433,1.8194738908191639
opentelemetry_demo,opentelemetry_demo--colocated--N--r0--checkout,masks,agrum_joint,3,1.5956375492945825,1.679977389375635
opentelemetry_demo,opentelemetry_demo--colocated--N--r0--checkout,masks,storm_sparse,3,1.5725378705524962,1.7894783830140297
opentelemetry_demo,opentelemetry_demo--colocated--N--r0--checkout,masks,storm_compact,3,1.2946712076661848,1.4854498968785792
opentelemetry_demo,opentelemetry_demo--colocated--N--r0--checkout,metadata,ours_direct,3,1.1809671118354859,1.5388235239303307
opentelemetry_demo,opentelemetry_demo--colocated--N--r0--checkout,metadata,ours_prepared,3,0.8574670093276558,1.332607807376845
opentelemetry_demo,opentelemetry_demo--colocated--N--r0--checkout,metadata,cudd_fixed,3,0.9063549815619264,1.3270398977474196
opentelemetry_demo,opentelemetry_demo--colocated--N--r0--checkout,metadata,cudd_sift,3,0.8749826163611936,1.2970871402408455
opentelemetry_demo,opentelemetry_demo--colocated--N--r0--checkout,metadata,agrum_conditioned,3,1.5602644829731769,1.622197984357578
opentelemetry_demo,opentelemetry_demo--colocated--N--r0--checkout,metadata,agrum_joint,3,1.109600757563181,1.2242141940300388
opentelemetry_demo,opentelemetry_demo--colocated--N--r0--checkout,metadata,storm_sparse,3,1.386678205622676,1.9138012962073303
opentelemetry_demo,opentelemetry_demo--colocated--N--r0--checkout,metadata,storm_compact,3,0.5798468582798357,0.9296211886533611
opentelemetry_demo,opentelemetry_demo--colocated--N--r0--checkout,structure,ours_direct,3,1.1659416423126805,1.5510881016658984
opentelemetry_demo,opentelemetry_demo--colocated--N--r0--checkout,structure,ours_prepared,3,1.1297869245094438,1.3680127766370067
opentelemetry_demo,opentelemetry_demo--colocated--N--r0--checkout,structure,cudd_fixed,3,0.9346441404244873,1.3597571870867973
opentelemetry_demo,opentelemetry_demo--colocated--N--r0--checkout,structure,cudd_sift,3,1.054475051898529,1.4232195363364697
opentelemetry_demo,opentelemetry_demo--colocated--N--r0--checkout,structure,agrum_conditioned,3,1.7415096295018229,1.7863433670907625
opentelemetry_demo,opentelemetry_demo--colocated--N--r0--checkout,structure,agrum_joint,3,1.6629087075384466,1.7268684160091647
opentelemetry_demo,opentelemetry_demo--colocated--N--r0--checkout,structure,storm_sparse,3,1.9717117407646287,2.3450758014268427
opentelemetry_demo,opentelemetry_demo--colocated--N--r0--checkout,structure,storm_compact,3,1.7816289488799542,2.17195109066285
opentelemetry_demo,opentelemetry_demo--colocated--N--r0--checkout,restore,ours_direct,3,1.1379507067081183,1.59526556016039
opentelemetry_demo,opentelemetry_demo--colocated--N--r0--checkout,restore,ours_prepared,3,1.1355026684376213,1.3734368894474251
opentelemetry_demo,opentelemetry_demo--colocated--N--r0--checkout,restore,cudd_fixed,3,0.9699152725102079,1.419007871765648
opentelemetry_demo,opentelemetry_demo--colocated--N--r0--checkout,restore,cudd_sift,3,1.0839623102727258,1.4606800534389268
opentelemetry_demo,opentelemetry_demo--colocated--N--r0--checkout,restore,agrum_conditioned,3,1.7834446617983026,1.825303889095953
opentelemetry_demo,opentelemetry_demo--colocated--N--r0--checkout,restore,agrum_joint,3,1.669838920056257,1.7346410746890393
opentelemetry_demo,opentelemetry_demo--colocated--N--r0--checkout,restore,storm_sparse,3,1.7577635693523324,2.1173537429036253
opentelemetry_demo,opentelemetry_demo--colocated--N--r0--checkout,restore,storm_compact,3,1.4897775923443894,2.021494307324629
opentelemetry_demo,opentelemetry_demo--colocated--NC--r0--add_to_cart,initial,ours_direct,3,1.1337281625245574,1.2932253064215091
opentelemetry_demo,opentelemetry_demo--colocated--NC--r0--add_to_cart,initial,ours_prepared,3,1.0273422082209422,1.176868462024248
opentelemetry_demo,opentelemetry_demo--colocated--NC--r0--add_to_cart,initial,cudd_fixed,3,1.0455701113626887,1.1377566073099086
opentelemetry_demo,opentelemetry_demo--colocated--NC--r0--add_to_cart,initial,cudd_sift,3,1.0063074021714755,1.0898729923904669
opentelemetry_demo,opentelemetry_demo--colocated--NC--r0--add_to_cart,initial,agrum_conditioned,3,1.3313966800141357,1.3506652223080813
opentelemetry_demo,opentelemetry_demo--colocated--NC--r0--add_to_cart,initial,agrum_joint,3,1.2816908015750648,1.3159799716174005
opentelemetry_demo,opentelemetry_demo--colocated--NC--r0--add_to_cart,initial,storm_sparse,3,1.2903759890097284,1.3550614045842426
opentelemetry_demo,opentelemetry_demo--colocated--NC--r0--add_to_cart,initial,storm_compact,3,1.171853826643265,1.2471767471672668
opentelemetry_demo,opentelemetry_demo--colocated--NC--r0--add_to_cart,repeat,ours_direct,3,1.1576431337982676,1.3208114142319098
opentelemetry_demo,opentelemetry_demo--colocated--NC--r0--add_to_cart,repeat,ours_prepared,3,0.8964497406862435,1.1504563230822282
opentelemetry_demo,opentelemetry_demo--colocated--NC--r0--add_to_cart,repeat,cudd_fixed,3,0.9823808369967808,1.186183320428538
opentelemetry_demo,opentelemetry_demo--colocated--NC--r0--add_to_cart,repeat,cudd_sift,3,0.9875574708879662,1.1842581582615672
opentelemetry_demo,opentelemetry_demo--colocated--NC--r0--add_to_cart,repeat,agrum_conditioned,3,1.273858353746102,1.2908075103660586
opentelemetry_demo,opentelemetry_demo--colocated--NC--r0--add_to_cart,repeat,agrum_joint,3,1.0922982497888614,1.1358709390605057
opentelemetry_demo,opentelemetry_demo--colocated--NC--r0--add_to_cart,repeat,storm_sparse,3,1.2602054772125724,1.4000490640565417
opentelemetry_demo,opentelemetry_demo--colocated--NC--r0--add_to_cart,repeat,storm_compact,3,0.7403376749279454,1.005902191036396
opentelemetry_demo,opentelemetry_demo--colocated--NC--r0--add_to_cart,counts,ours_direct,3,1.1606255036749002,1.3198421815024193
opentelemetry_demo,opentelemetry_demo--colocated--NC--r0--add_to_cart,counts,ours_prepared,3,0.9178515369264626,1.1565474528264252
opentelemetry_demo,opentelemetry_demo--colocated--NC--r0--add_to_cart,counts,cudd_fixed,3,0.9865359923015272,1.1872877016729526
opentelemetry_demo,opentelemetry_demo--colocated--NC--r0--add_to_cart,counts,cudd_sift,3,1.0079648479913137,1.2028761162674229
opentelemetry_demo,opentelemetry_demo--colocated--NC--r0--add_to_cart,counts,agrum_conditioned,3,1.2566825936574482,1.2733822253815343
opentelemetry_demo,opentelemetry_demo--colocated--NC--r0--add_to_cart,counts,agrum_joint,3,1.0896042363002434,1.1324699207435978
opentelemetry_demo,opentelemetry_demo--colocated--NC--r0--add_to_cart,counts,storm_sparse,3,1.2492063177790147,1.3758081079923654
opentelemetry_demo,opentelemetry_demo--colocated--NC--r0--add_to_cart,counts,storm_compact,3,0.7068195978077602,0.9968166605984129
opentelemetry_demo,opentelemetry_demo--colocated--NC--r0--add_to_cart,masks,ours_direct,3,1.1471687168218023,1.3050623884231807
opentelemetry_demo,opentelemetry_demo--colocated--NC--r0--add_to_cart,masks,ours_prepared,3,0.9604649312394756,1.1936892919658955
opentelemetry_demo,opentelemetry_demo--colocated--NC--r0--add_to_cart,masks,cudd_fixed,3,1.0064474331993443,1.211740633185763
opentelemetry_demo,opentelemetry_demo--colocated--NC--r0--add_to_cart,masks,cudd_sift,3,1.029249579631687,1.2330768825072849
opentelemetry_demo,opentelemetry_demo--colocated--NC--r0--add_to_cart,masks,agrum_conditioned,3,1.3498960176192527,1.365545440659817
opentelemetry_demo,opentelemetry_demo--colocated--NC--r0--add_to_cart,masks,agrum_joint,3,1.3060799474769929,1.337333052823779
opentelemetry_demo,opentelemetry_demo--colocated--NC--r0--add_to_cart,masks,storm_sparse,3,1.4361119150510706,1.5180450225117115
opentelemetry_demo,opentelemetry_demo--colocated--NC--r0--add_to_cart,masks,storm_compact,3,1.1635603090579514,1.247828048289593
opentelemetry_demo,opentelemetry_demo--colocated--NC--r0--add_to_cart,metadata,ours_direct,3,1.161977750747011,1.3268286124875
opentelemetry_demo,opentelemetry_demo--colocated--NC--r0--add_to_cart,metadata,ours_prepared,3,0.9120489441194155,1.1355701438347712
opentelemetry_demo,opentelemetry_demo--colocated--NC--r0--add_to_cart,metadata,cudd_fixed,3,0.9888726264140695,1.2185954993949981
opentelemetry_demo,opentelemetry_demo--colocated--NC--r0--add_to_cart,metadata,cudd_sift,3,1.020225638349414,1.2531738900987321
opentelemetry_demo,opentelemetry_demo--colocated--NC--r0--add_to_cart,metadata,agrum_conditioned,3,1.243269354765735,1.262128482099
opentelemetry_demo,opentelemetry_demo--colocated--NC--r0--add_to_cart,metadata,agrum_joint,3,1.0954999846177078,1.1415584958777136
opentelemetry_demo,opentelemetry_demo--colocated--NC--r0--add_to_cart,metadata,storm_sparse,3,1.2638961207612383,1.4089399132906935
opentelemetry_demo,opentelemetry_demo--colocated--NC--r0--add_to_cart,metadata,storm_compact,3,0.7346333813502566,1.059591995251206
opentelemetry_demo,opentelemetry_demo--colocated--NC--r0--add_to_cart,structure,ours_direct,3,1.1614914413041015,1.309231429887378
opentelemetry_demo,opentelemetry_demo--colocated--NC--r0--add_to_cart,structure,ours_prepared,3,1.053415552841706,1.201159219969985
opentelemetry_demo,opentelemetry_demo--colocated--NC--r0--add_to_cart,structure,cudd_fixed,3,0.9819106843816805,1.1849446365267626
opentelemetry_demo,opentelemetry_demo--colocated--NC--r0--add_to_cart,structure,cudd_sift,3,1.0467789331450668,1.237880418888564
opentelemetry_demo,opentelemetry_demo--colocated--NC--r0--add_to_cart,structure,agrum_conditioned,3,1.3609796914250603,1.3759483932854109
opentelemetry_demo,opentelemetry_demo--colocated--NC--r0--add_to_cart,structure,agrum_joint,3,1.3098007116146433,1.3363512322430555
opentelemetry_demo,opentelemetry_demo--colocated--NC--r0--add_to_cart,structure,storm_sparse,3,1.1790478353490903,1.2422435118283002
opentelemetry_demo,opentelemetry_demo--colocated--NC--r0--add_to_cart,structure,storm_compact,3,1.2393149940623387,1.3668895067268743
opentelemetry_demo,opentelemetry_demo--colocated--NC--r0--add_to_cart,restore,ours_direct,3,1.1726284042155632,1.3341107551243496
opentelemetry_demo,opentelemetry_demo--colocated--NC--r0--add_to_cart,restore,ours_prepared,3,0.8035411332516976,0.8832607350999538
opentelemetry_demo,opentelemetry_demo--colocated--NC--r0--add_to_cart,restore,cudd_fixed,3,1.007701106117286,1.2101388278674052
opentelemetry_demo,opentelemetry_demo--colocated--NC--r0--add_to_cart,restore,cudd_sift,3,1.0626348689585061,1.2466074722952447
opentelemetry_demo,opentelemetry_demo--colocated--NC--r0--add_to_cart,restore,agrum_conditioned,3,1.3478177858833085,1.362634078666414
opentelemetry_demo,opentelemetry_demo--colocated--NC--r0--add_to_cart,restore,agrum_joint,3,1.3191515658895212,1.3464248129904595
opentelemetry_demo,opentelemetry_demo--colocated--NC--r0--add_to_cart,restore,storm_sparse,3,1.345564322007953,1.422909819238509
opentelemetry_demo,opentelemetry_demo--colocated--NC--r0--add_to_cart,restore,storm_compact,3,1.2406256345652869,1.3510398919820121
opentelemetry_demo,opentelemetry_demo--colocated--NC--r0--browse_product,initial,ours_direct,3,1.0828934662419496,1.229791987006209
opentelemetry_demo,opentelemetry_demo--colocated--NC--r0--browse_product,initial,ours_prepared,3,0.9785277241014487,1.0968159369044184
opentelemetry_demo,opentelemetry_demo--colocated--NC--r0--browse_product,initial,cudd_fixed,3,1.069438956257739,1.1569006277326876
opentelemetry_demo,opentelemetry_demo--colocated--NC--r0--browse_product,initial,cudd_sift,3,0.991002282889387,1.0634110050109988
opentelemetry_demo,opentelemetry_demo--colocated--NC--r0--browse_product,initial,agrum_conditioned,3,1.203028187231256,1.2182996612881163
opentelemetry_demo,opentelemetry_demo--colocated--NC--r0--browse_product,initial,agrum_joint,3,1.1745652500614447,1.2054276798175867
opentelemetry_demo,opentelemetry_demo--colocated--NC--r0--browse_product,initial,storm_sparse,3,1.1139912819031006,1.1600544330076674
opentelemetry_demo,opentelemetry_demo--colocated--NC--r0--browse_product,initial,storm_compact,3,1.0843699321945677,1.1410745909310733
opentelemetry_demo,opentelemetry_demo--colocated--NC--r0--browse_product,repeat,ours_direct,3,1.098980337579201,1.2434409050263118
opentelemetry_demo,opentelemetry_demo--colocated--NC--r0--browse_product,repeat,ours_prepared,3,0.9188336172209947,1.107275853713489
opentelemetry_demo,opentelemetry_demo--colocated--NC--r0--browse_product,repeat,cudd_fixed,3,1.0064792824903628,1.1943427393003159
opentelemetry_demo,opentelemetry_demo--colocated--NC--r0--browse_product,repeat,cudd_sift,3,0.9575789963935131,1.1286240801412846
opentelemetry_demo,opentelemetry_demo--colocated--NC--r0--browse_product,repeat,agrum_conditioned,3,1.1835067817333131,1.1979219891220945
opentelemetry_demo,opentelemetry_demo--colocated--NC--r0--browse_product,repeat,agrum_joint,3,1.0547150891572568,1.0942737223584729
opentelemetry_demo,opentelemetry_demo--colocated--NC--r0--browse_product,repeat,storm_sparse,3,1.095934003923692,1.1976892261226366
opentelemetry_demo,opentelemetry_demo--colocated--NC--r0--browse_product,repeat,storm_compact,3,0.8062514370047223,1.061795309632074
opentelemetry_demo,opentelemetry_demo--colocated--NC--r0--browse_product,counts,ours_direct,3,1.0926694266662975,1.2355982374005177
opentelemetry_demo,opentelemetry_demo--colocated--NC--r0--browse_product,counts,ours_prepared,3,0.885814078452445,1.0988770055820847
opentelemetry_demo,opentelemetry_demo--colocated--NC--r0--browse_product,counts,cudd_fixed,3,0.993784777637929,1.1790289419579314
opentelemetry_demo,opentelemetry_demo--colocated--NC--r0--browse_product,counts,cudd_sift,3,0.9658476797964315,1.1363255241348815
opentelemetry_demo,opentelemetry_demo--colocated--NC--r0--browse_product,counts,agrum_conditioned,3,1.1871912342019788,1.2012997515591948
opentelemetry_demo,opentelemetry_demo--colocated--NC--r0--browse_product,counts,agrum_joint,3,1.048678331013827,1.0906269970976339
opentelemetry_demo,opentelemetry_demo--colocated--NC--r0--browse_product,counts,storm_sparse,3,1.1042413403970672,1.1973096444038052
opentelemetry_demo,opentelemetry_demo--colocated--NC--r0--browse_product,counts,storm_compact,3,0.8327091274937057,1.0326967894973416
opentelemetry_demo,opentelemetry_demo--colocated--NC--r0--browse_product,masks,ours_direct,3,1.0833774444974564,1.2329350521311988
opentelemetry_demo,opentelemetry_demo--colocated--NC--r0--browse_product,masks,ours_prepared,3,0.9046131179419494,1.1184630623729017
opentelemetry_demo,opentelemetry_demo--colocated--NC--r0--browse_product,masks,cudd_fixed,3,0.9762374563951255,1.1506352991487063
opentelemetry_demo,opentelemetry_demo--colocated--NC--r0--browse_product,masks,cudd_sift,3,0.9908100520800066,1.1688127235571686
opentelemetry_demo,opentelemetry_demo--colocated--NC--r0--browse_product,masks,agrum_conditioned,3,1.2244354096982557,1.2380174347028419
opentelemetry_demo,opentelemetry_demo--colocated--NC--r0--browse_product,masks,agrum_joint,3,1.1638355093334936,1.188507933117433
opentelemetry_demo,opentelemetry_demo--colocated--NC--r0--browse_product,masks,storm_sparse,3,1.1625190614989467,1.2195610261955578
opentelemetry_demo,opentelemetry_demo--colocated--NC--r0--browse_product,masks,storm_compact,3,1.097607813476495,1.163293407756323
opentelemetry_demo,opentelemetry_demo--colocated--NC--r0--browse_product,metadata,ours_direct,3,1.0833836343146148,1.2212712148072846
opentelemetry_demo,opentelemetry_demo--colocated--NC--r0--browse_product,metadata,ours_prepared,3,0.9513702098615479,1.1601536092120757
opentelemetry_demo,opentelemetry_demo--colocated--NC--r0--browse_product,metadata,cudd_fixed,3,0.9774843492259078,1.1703314282667194
opentelemetry_demo,opentelemetry_demo--colocated--NC--r0--browse_product,metadata,cudd_sift,3,0.9687583766896419,1.147050003574403
opentelemetry_demo,opentelemetry_demo--colocated--NC--r0--browse_product,metadata,agrum_conditioned,3,1.1954841292395328,1.2115467570517555
opentelemetry_demo,opentelemetry_demo--colocated--NC--r0--browse_product,metadata,agrum_joint,3,1.0317742116686812,1.06956865002066
opentelemetry_demo,opentelemetry_demo--colocated--NC--r0--browse_product,metadata,storm_sparse,3,1.1042651353189294,1.2138277367925154
opentelemetry_demo,opentelemetry_demo--colocated--NC--r0--browse_product,metadata,storm_compact,3,0.7943386406471857,1.0759363214128579
opentelemetry_demo,opentelemetry_demo--colocated--NC--r0--browse_product,structure,ours_direct,3,1.1162972851147526,1.2599317836672708
opentelemetry_demo,opentelemetry_demo--colocated--NC--r0--browse_product,structure,ours_prepared,3,0.9989173260179495,1.1173676195877273
opentelemetry_demo,opentelemetry_demo--colocated--NC--r0--browse_product,structure,cudd_fixed,3,0.9474335673912962,1.1440779442603746
opentelemetry_demo,opentelemetry_demo--colocated--NC--r0--browse_product,structure,cudd_sift,3,0.9911912263043333,1.1681589145642108
opentelemetry_demo,opentelemetry_demo--colocated--NC--r0--browse_product,structure,agrum_conditioned,3,1.2341889435013758,1.2486806384061244
opentelemetry_demo,opentelemetry_demo--colocated--NC--r0--browse_product,structure,agrum_joint,3,1.1796636259132516,1.2013178632551162
opentelemetry_demo,opentelemetry_demo--colocated--NC--r0--browse_product,structure,storm_sparse,3,1.1710185812499305,1.222016175107205
opentelemetry_demo,opentelemetry_demo--colocated--NC--r0--browse_product,structure,storm_compact,3,1.1420566432511021,1.2227690549088241
opentelemetry_demo,opentelemetry_demo--colocated--NC--r0--browse_product,restore,ours_direct,3,1.1125825825478919,1.2601872488143484
opentelemetry_demo,opentelemetry_demo--colocated--NC--r0--browse_product,restore,ours_prepared,3,1.0042658250103444,1.1275079102974654
opentelemetry_demo,opentelemetry_demo--colocated--NC--r0--browse_product,restore,cudd_fixed,3,1.014376337900294,1.2062504423097695
opentelemetry_demo,opentelemetry_demo--colocated--NC--r0--browse_product,restore,cudd_sift,3,1.0087987146923159,1.173004043280758
opentelemetry_demo,opentelemetry_demo--colocated--NC--r0--browse_product,restore,agrum_conditioned,3,1.2258152190972458,1.237683449446245
opentelemetry_demo,opentelemetry_demo--colocated--NC--r0--browse_product,restore,agrum_joint,3,1.171984523227925,1.1940913077333537
opentelemetry_demo,opentelemetry_demo--colocated--NC--r0--browse_product,restore,storm_sparse,3,1.1505972084545584,1.2113228098301199
opentelemetry_demo,opentelemetry_demo--colocated--NC--r0--browse_product,restore,storm_compact,3,1.1030129814103067,1.1792917352099426
opentelemetry_demo,opentelemetry_demo--colocated--NC--r0--checkout,initial,ours_direct,3,1.521935390489844,1.7709677584957773
opentelemetry_demo,opentelemetry_demo--colocated--NC--r0--checkout,initial,ours_prepared,3,1.1617718325505009,1.4178648955773823
opentelemetry_demo,opentelemetry_demo--colocated--NC--r0--checkout,initial,cudd_fixed,3,1.0978958729278392,1.2204315053060137
opentelemetry_demo,opentelemetry_demo--colocated--NC--r0--checkout,initial,cudd_sift,3,1.0985063267446373,1.239090698999071
opentelemetry_demo,opentelemetry_demo--colocated--NC--r0--checkout,initial,agrum_conditioned,3,2.0123488840370993,2.045180335677393
opentelemetry_demo,opentelemetry_demo--colocated--NC--r0--checkout,initial,agrum_joint,3,1.8671062943502823,1.9282379294980359
opentelemetry_demo,opentelemetry_demo--colocated--NC--r0--checkout,initial,storm_sparse,3,2.139874783905268,2.3185909217519005
opentelemetry_demo,opentelemetry_demo--colocated--NC--r0--checkout,initial,storm_compact,3,1.9105476348058428,2.0976130733273046
opentelemetry_demo,opentelemetry_demo--colocated--NC--r0--checkout,repeat,ours_direct,3,1.5810299784961377,1.826212471724305
opentelemetry_demo,opentelemetry_demo--colocated--NC--r0--checkout,repeat,ours_prepared,3,1.013329042096356,1.383007649849908
opentelemetry_demo,opentelemetry_demo--colocated--NC--r0--checkout,repeat,cudd_fixed,3,1.194188644493155,1.5736460100999774
opentelemetry_demo,opentelemetry_demo--colocated--NC--r0--checkout,repeat,cudd_sift,3,1.1886409447884587,1.543938422475464
opentelemetry_demo,opentelemetry_demo--colocated--NC--r0--checkout,repeat,agrum_conditioned,3,1.8400208317756563,1.8772973567995963
opentelemetry_demo,opentelemetry_demo--colocated--NC--r0--checkout,repeat,agrum_joint,3,1.3120001971848205,1.3921807531675783
opentelemetry_demo,opentelemetry_demo--colocated--NC--r0--checkout,repeat,storm_sparse,3,2.1035303540869665,2.4153297310091673
opentelemetry_demo,opentelemetry_demo--colocated--NC--r0--checkout,repeat,storm_compact,3,0.538925604602483,1.2184283111771204
opentelemetry_demo,opentelemetry_demo--colocated--NC--r0--checkout,counts,ours_direct,3,1.5450679282122535,1.7860681607366924
opentelemetry_demo,opentelemetry_demo--colocated--NC--r0--checkout,counts,ours_prepared,3,1.0291504706653205,1.3886154727495248
opentelemetry_demo,opentelemetry_demo--colocated--NC--r0--checkout,counts,cudd_fixed,3,1.1950396269410328,1.5583365019668571
opentelemetry_demo,opentelemetry_demo--colocated--NC--r0--checkout,counts,cudd_sift,3,1.241924652728,1.614108167519815
opentelemetry_demo,opentelemetry_demo--colocated--NC--r0--checkout,counts,agrum_conditioned,3,1.820276613056138,1.8550887095203599
opentelemetry_demo,opentelemetry_demo--colocated--NC--r0--checkout,counts,agrum_joint,3,1.303788106360906,1.383259909601232
opentelemetry_demo,opentelemetry_demo--colocated--NC--r0--checkout,counts,storm_sparse,3,2.104301628682514,2.3946826549264473
opentelemetry_demo,opentelemetry_demo--colocated--NC--r0--checkout,counts,storm_compact,3,0.7942264054919318,1.1670020454133547
opentelemetry_demo,opentelemetry_demo--colocated--NC--r0--checkout,masks,ours_direct,3,1.587017596955695,1.830362869506621
opentelemetry_demo,opentelemetry_demo--colocated--NC--r0--checkout,masks,ours_prepared,3,0.6979128684037422,1.409803387197321
opentelemetry_demo,opentelemetry_demo--colocated--NC--r0--checkout,masks,cudd_fixed,3,1.2681058037156019,1.71129177867761
opentelemetry_demo,opentelemetry_demo--colocated--NC--r0--checkout,masks,cudd_sift,3,1.2486385574432681,1.6593698662525018
opentelemetry_demo,opentelemetry_demo--colocated--NC--r0--checkout,masks,agrum_conditioned,3,1.9718295926422778,2.004174721550982
opentelemetry_demo,opentelemetry_demo--colocated--NC--r0--checkout,masks,agrum_joint,3,1.740462551323177,1.798661419653059
opentelemetry_demo,opentelemetry_demo--colocated--NC--r0--checkout,masks,storm_sparse,3,2.2015386710722713,2.3674572229423103
opentelemetry_demo,opentelemetry_demo--colocated--NC--r0--checkout,masks,storm_compact,3,2.069969991665491,2.314812601047955
opentelemetry_demo,opentelemetry_demo--colocated--NC--r0--checkout,metadata,ours_direct,3,1.2427941703608587,1.8061705098111414
opentelemetry_demo,opentelemetry_demo--colocated--NC--r0--checkout,metadata,ours_prepared,3,1.0367443665224076,1.4314664268397848
opentelemetry_demo,opentelemetry_demo--colocated--NC--r0--checkout,metadata,cudd_fixed,3,1.2366242459169807,1.7027998127001258
opentelemetry_demo,opentelemetry_demo--colocated--NC--r0--checkout,metadata,cudd_sift,3,1.207740748207328,1.647449723718626
opentelemetry_demo,opentelemetry_demo--colocated--NC--r0--checkout,metadata,agrum_conditioned,3,1.9210762002983823,1.9654594606064464
opentelemetry_demo,opentelemetry_demo--colocated--NC--r0--checkout,metadata,agrum_joint,3,1.3521364051481173,1.4507265518186172
opentelemetry_demo,opentelemetry_demo--colocated--NC--r0--checkout,metadata,storm_sparse,3,2.2349630026649994,2.5946297661309616
opentelemetry_demo,opentelemetry_demo--colocated--NC--r0--checkout,metadata,storm_compact,3,0.7791292583021522,1.2767528026098838
opentelemetry_demo,opentelemetry_demo--colocated--NC--r0--checkout,structure,ours_direct,3,1.8310375689362026,2.1183812036683007
opentelemetry_demo,opentelemetry_demo--colocated--NC--r0--checkout,structure,ours_prepared,3,1.5282750364282252,1.8667530715997187
opentelemetry_demo,opentelemetry_demo--colocated--NC--r0--checkout,structure,cudd_fixed,3,1.2423463474402279,1.632409658629144
opentelemetry_demo,opentelemetry_demo--colocated--NC--r0--checkout,structure,cudd_sift,3,1.2728549906186166,1.6274557199170248
opentelemetry_demo,opentelemetry_demo--colocated--NC--r0--checkout,structure,agrum_conditioned,3,2.1096667198220413,2.144599326161657
opentelemetry_demo,opentelemetry_demo--colocated--NC--r0--checkout,structure,agrum_joint,3,1.9932712696476411,2.0604708077811527
opentelemetry_demo,opentelemetry_demo--colocated--NC--r0--checkout,structure,storm_sparse,3,2.360079436406173,2.561315845989406
opentelemetry_demo,opentelemetry_demo--colocated--NC--r0--checkout,structure,storm_compact,3,2.1206147766832326,2.4117902165089333
opentelemetry_demo,opentelemetry_demo--colocated--NC--r0--checkout,restore,ours_direct,3,1.5469692657013465,1.7991920560205696
opentelemetry_demo,opentelemetry_demo--colocated--NC--r0--checkout,restore,ours_prepared,3,1.1314863394479744,1.4115115486137448
opentelemetry_demo,opentelemetry_demo--colocated--NC--r0--checkout,restore,cudd_fixed,3,1.198738963146352,1.575614539531637
opentelemetry_demo,opentelemetry_demo--colocated--NC--r0--checkout,restore,cudd_sift,3,1.2122387803165338,1.5269572437161474
opentelemetry_demo,opentelemetry_demo--colocated--NC--r0--checkout,restore,agrum_conditioned,3,2.022129065037388,2.0587054784069214
opentelemetry_demo,opentelemetry_demo--colocated--NC--r0--checkout,restore,agrum_joint,3,1.9239448563011443,1.9944985039923215
opentelemetry_demo,opentelemetry_demo--colocated--NC--r0--checkout,restore,storm_sparse,3,2.289752244576743,2.4813113341241744
opentelemetry_demo,opentelemetry_demo--colocated--NC--r0--checkout,restore,storm_compact,3,2.0220408561544363,2.298300890542871
opentelemetry_demo,opentelemetry_demo--colocated--NCD--r0--add_to_cart,initial,ours_direct,3,1.2041610303724002,1.3782165909934667
opentelemetry_demo,opentelemetry_demo--colocated--NCD--r0--add_to_cart,initial,ours_prepared,3,1.064198063831812,1.2201275674397978
opentelemetry_demo,opentelemetry_demo--colocated--NCD--r0--add_to_cart,initial,cudd_fixed,3,0.9928469428078747,1.0838026832744716
opentelemetry_demo,opentelemetry_demo--colocated--NCD--r0--add_to_cart,initial,cudd_sift,3,1.005522190862006,1.0937660998272252
opentelemetry_demo,opentelemetry_demo--colocated--NCD--r0--add_to_cart,initial,agrum_conditioned,3,1.4220669056652238,1.4431112650451152
opentelemetry_demo,opentelemetry_demo--colocated--NCD--r0--add_to_cart,initial,agrum_joint,3,1.3325438181319682,1.3703694397912571
opentelemetry_demo,opentelemetry_demo--colocated--NCD--r0--add_to_cart,initial,storm_sparse,3,1.3210709018425848,1.3857376948327775
opentelemetry_demo,opentelemetry_demo--colocated--NCD--r0--add_to_cart,initial,storm_compact,3,1.2269776910042058,1.3097454131054131
opentelemetry_demo,opentelemetry_demo--colocated--NCD--r0--add_to_cart,repeat,ours_direct,3,1.2370054784565567,1.4096083350516644
opentelemetry_demo,opentelemetry_demo--colocated--NCD--r0--add_to_cart,repeat,ours_prepared,3,0.9495582101640008,1.2090805817829673
opentelemetry_demo,opentelemetry_demo--colocated--NCD--r0--add_to_cart,repeat,cudd_fixed,3,0.9980978696000882,1.2049740896111678
opentelemetry_demo,opentelemetry_demo--colocated--NCD--r0--add_to_cart,repeat,cudd_sift,3,1.0557943336273277,1.2776356075104391
opentelemetry_demo,opentelemetry_demo--colocated--NCD--r0--add_to_cart,repeat,agrum_conditioned,3,1.3287174836292408,1.3478715353955437
opentelemetry_demo,opentelemetry_demo--colocated--NCD--r0--add_to_cart,repeat,agrum_joint,3,1.165904811297206,1.2172542617416573
opentelemetry_demo,opentelemetry_demo--colocated--NCD--r0--add_to_cart,repeat,storm_sparse,3,1.3134688589935226,1.4792391411434296
opentelemetry_demo,opentelemetry_demo--colocated--NCD--r0--add_to_cart,repeat,storm_compact,3,0.7367695814113462,1.0414827876879595
opentelemetry_demo,opentelemetry_demo--colocated--NCD--r0--add_to_cart,counts,ours_direct,3,1.2163007185364867,1.412786139583
opentelemetry_demo,opentelemetry_demo--colocated--NCD--r0--add_to_cart,counts,ours_prepared,3,0.9798552599552542,1.2236112082856019
opentelemetry_demo,opentelemetry_demo--colocated--NCD--r0--add_to_cart,counts,cudd_fixed,3,1.0106362745970974,1.2233733833677818
opentelemetry_demo,opentelemetry_demo--colocated--NCD--r0--add_to_cart,counts,cudd_sift,3,1.039548758691378,1.2463493708339513
opentelemetry_demo,opentelemetry_demo--colocated--NCD--r0--add_to_cart,counts,agrum_conditioned,3,1.3182241780386326,1.3361488531612171
opentelemetry_demo,opentelemetry_demo--colocated--NCD--r0--add_to_cart,counts,agrum_joint,3,1.1743638025830057,1.2235127576140132
opentelemetry_demo,opentelemetry_demo--colocated--NCD--r0--add_to_cart,counts,storm_sparse,3,1.309593943114011,1.4556522572679331
opentelemetry_demo,opentelemetry_demo--colocated--NCD--r0--add_to_cart,counts,storm_compact,3,0.7571748953853963,1.047860321463605
opentelemetry_demo,opentelemetry_demo--colocated--NCD--r0--add_to_cart,masks,ours_direct,3,1.2269940134301784,1.3896424995956242
opentelemetry_demo,opentelemetry_demo--colocated--NCD--r0--add_to_cart,masks,ours_prepared,3,0.990599841044451,1.2520291870741755
opentelemetry_demo,opentelemetry_demo--colocated--NCD--r0--add_to_cart,masks,cudd_fixed,3,1.0461453800213882,1.2860582639461255
opentelemetry_demo,opentelemetry_demo--colocated--NCD--r0--add_to_cart,masks,cudd_sift,3,1.0689879152351498,1.304061554183848
opentelemetry_demo,opentelemetry_demo--colocated--NCD--r0--add_to_cart,masks,agrum_conditioned,3,1.4856320448124882,1.5039463287171642
opentelemetry_demo,opentelemetry_demo--colocated--NCD--r0--add_to_cart,masks,agrum_joint,3,1.3750252382500714,1.4108863835067504
opentelemetry_demo,opentelemetry_demo--colocated--NCD--r0--add_to_cart,masks,storm_sparse,3,1.5825415968140584,1.6737004936942461
opentelemetry_demo,opentelemetry_demo--colocated--NCD--r0--add_to_cart,masks,storm_compact,3,1.3266494312387371,1.4164979599943492
opentelemetry_demo,opentelemetry_demo--colocated--NCD--r0--add_to_cart,metadata,ours_direct,3,1.2277656208015744,1.396050678217721
opentelemetry_demo,opentelemetry_demo--colocated--NCD--r0--add_to_cart,metadata,ours_prepared,3,0.9404049206674452,1.1832996163813734
opentelemetry_demo,opentelemetry_demo--colocated--NCD--r0--add_to_cart,metadata,cudd_fixed,3,1.0112553445933872,1.265039591130314
opentelemetry_demo,opentelemetry_demo--colocated--NCD--r0--add_to_cart,metadata,cudd_sift,3,1.0438274643479053,1.2963877780969004
opentelemetry_demo,opentelemetry_demo--colocated--NCD--r0--add_to_cart,metadata,agrum_conditioned,3,1.3072580269412306,1.3304045065179007
opentelemetry_demo,opentelemetry_demo--colocated--NCD--r0--add_to_cart,metadata,agrum_joint,3,1.1506344462177305,1.2039752328566427
opentelemetry_demo,opentelemetry_demo--colocated--NCD--r0--add_to_cart,metadata,storm_sparse,3,1.3506487769724247,1.5251157286389172
opentelemetry_demo,opentelemetry_demo--colocated--NCD--r0--add_to_cart,metadata,storm_compact,3,0.7797870272905688,1.1361573497607969
opentelemetry_demo,opentelemetry_demo--colocated--NCD--r0--add_to_cart,structure,ours_direct,3,1.2177937898649809,1.4002265815666342
opentelemetry_demo,opentelemetry_demo--colocated--NCD--r0--add_to_cart,structure,ours_prepared,3,1.0508226553294513,1.205263005239574
opentelemetry_demo,opentelemetry_demo--colocated--NCD--r0--add_to_cart,structure,cudd_fixed,3,1.0222459245394677,1.2365895900813508
opentelemetry_demo,opentelemetry_demo--colocated--NCD--r0--add_to_cart,structure,cudd_sift,3,1.0918958563413477,1.3150320496174748
opentelemetry_demo,opentelemetry_demo--colocated--NCD--r0--add_to_cart,structure,agrum_conditioned,3,1.3771583970116965,1.3936464603919059
opentelemetry_demo,opentelemetry_demo--colocated--NCD--r0--add_to_cart,structure,agrum_joint,3,1.3490792665072686,1.3776783230271248
opentelemetry_demo,opentelemetry_demo--colocated--NCD--r0--add_to_cart,structure,storm_sparse,3,1.2233085561215415,1.289754247668666
opentelemetry_demo,opentelemetry_demo--colocated--NCD--r0--add_to_cart,structure,storm_compact,3,1.301188992191693,1.4374194500416904
opentelemetry_demo,opentelemetry_demo--colocated--NCD--r0--add_to_cart,restore,ours_direct,3,1.235469959194803,1.413960011302995
opentelemetry_demo,opentelemetry_demo--colocated--NCD--r0--add_to_cart,restore,ours_prepared,3,1.0407338684499614,1.1872206014887399
opentelemetry_demo,opentelemetry_demo--colocated--NCD--r0--add_to_cart,restore,cudd_fixed,3,1.064048846145799,1.2960710984982529
opentelemetry_demo,opentelemetry_demo--colocated--NCD--r0--add_to_cart,restore,cudd_sift,3,1.1073004864130556,1.308243532473731
opentelemetry_demo,opentelemetry_demo--colocated--NCD--r0--add_to_cart,restore,agrum_conditioned,3,1.4038599555587394,1.4199492186559226
opentelemetry_demo,opentelemetry_demo--colocated--NCD--r0--add_to_cart,restore,agrum_joint,3,1.3493544135006232,1.3791740065995541
opentelemetry_demo,opentelemetry_demo--colocated--NCD--r0--add_to_cart,restore,storm_sparse,3,1.3801384374450854,1.4607330357439507
opentelemetry_demo,opentelemetry_demo--colocated--NCD--r0--add_to_cart,restore,storm_compact,3,1.3067219346931767,1.4198283664064009
opentelemetry_demo,opentelemetry_demo--colocated--NCD--r0--browse_product,initial,ours_direct,3,1.1248188679476157,1.270966647198188
opentelemetry_demo,opentelemetry_demo--colocated--NCD--r0--browse_product,initial,ours_prepared,3,1.0091165356069614,1.155071170565906
opentelemetry_demo,opentelemetry_demo--colocated--NCD--r0--browse_product,initial,cudd_fixed,3,0.8591447108579976,0.9287279548336597
opentelemetry_demo,opentelemetry_demo--colocated--NCD--r0--browse_product,initial,cudd_sift,3,1.0045386565752796,1.0779873389852033
opentelemetry_demo,opentelemetry_demo--colocated--NCD--r0--browse_product,initial,agrum_conditioned,3,1.1953263384220907,1.209506492446826
opentelemetry_demo,opentelemetry_demo--colocated--NCD--r0--browse_product,initial,agrum_joint,3,1.2149380576562858,1.24425123051992
opentelemetry_demo,opentelemetry_demo--colocated--NCD--r0--browse_product,initial,storm_sparse,3,1.1243087026622385,1.1713393183469936
opentelemetry_demo,opentelemetry_demo--colocated--NCD--r0--browse_product,initial,storm_compact,3,1.0868068203943348,1.1466710834475464
opentelemetry_demo,opentelemetry_demo--colocated--NCD--r0--browse_product,repeat,ours_direct,3,1.1583398700279997,1.3088042096320514
opentelemetry_demo,opentelemetry_demo--colocated--NCD--r0--browse_product,repeat,ours_prepared,3,0.9238357371794872,1.1357765245133322
opentelemetry_demo,opentelemetry_demo--colocated--NCD--r0--browse_product,repeat,cudd_fixed,3,1.0121263744773115,1.195724067143161
opentelemetry_demo,opentelemetry_demo--colocated--NCD--r0--browse_product,repeat,cudd_sift,3,1.0042866295872186,1.1840675789034303
opentelemetry_demo,opentelemetry_demo--colocated--NCD--r0--browse_product,repeat,agrum_conditioned,3,1.1782675295188978,1.1914773713632385
opentelemetry_demo,opentelemetry_demo--colocated--NCD--r0--browse_product,repeat,agrum_joint,3,1.108555262174703,1.1493312863656
opentelemetry_demo,opentelemetry_demo--colocated--NCD--r0--browse_product,repeat,storm_sparse,3,1.0946904914745172,1.1978207759000419
opentelemetry_demo,opentelemetry_demo--colocated--NCD--r0--browse_product,repeat,storm_compact,3,0.7104080940790529,0.919730821366398
opentelemetry_demo,opentelemetry_demo--colocated--NCD--r0--browse_product,counts,ours_direct,3,1.1276195452289013,1.276568809923899
opentelemetry_demo,opentelemetry_demo--colocated--NCD--r0--browse_product,counts,ours_prepared,3,0.9506952325755974,1.1475097283108995
opentelemetry_demo,opentelemetry_demo--colocated--NCD--r0--browse_product,counts,cudd_fixed,3,1.0221109372483144,1.1997945931563252
opentelemetry_demo,opentelemetry_demo--colocated--NCD--r0--browse_product,counts,cudd_sift,3,1.0039638048871697,1.1851456865673615
opentelemetry_demo,opentelemetry_demo--colocated--NCD--r0--browse_product,counts,agrum_conditioned,3,1.2072969128330358,1.2208399449214786
opentelemetry_demo,opentelemetry_demo--colocated--NCD--r0--browse_product,counts,agrum_joint,3,1.1128048155163834,1.1543687870223696
opentelemetry_demo,opentelemetry_demo--colocated--NCD--r0--browse_product,counts,storm_sparse,3,1.1151623062982656,1.210338305003358
opentelemetry_demo,opentelemetry_demo--colocated--NCD--r0--browse_product,counts,storm_compact,3,0.7750100480855371,0.9729810889595266
opentelemetry_demo,opentelemetry_demo--colocated--NCD--r0--browse_product,masks,ours_direct,3,1.1543911526465884,1.2897455972007497
opentelemetry_demo,opentelemetry_demo--colocated--NCD--r0--browse_product,masks,ours_prepared,3,0.9887458891414753,1.1957024141695984
opentelemetry_demo,opentelemetry_demo--colocated--NCD--r0--browse_product,masks,cudd_fixed,3,1.0428717737005486,1.2332743249115297
opentelemetry_demo,opentelemetry_demo--colocated--NCD--r0--browse_product,masks,cudd_sift,3,1.0361615096457621,1.2196532804839888
opentelemetry_demo,opentelemetry_demo--colocated--NCD--r0--browse_product,masks,agrum_conditioned,3,1.2658790851983364,1.2784123965370693
opentelemetry_demo,opentelemetry_demo--colocated--NCD--r0--browse_product,masks,agrum_joint,3,1.230974920886091,1.2569998689493656
opentelemetry_demo,opentelemetry_demo--colocated--NCD--r0--browse_product,masks,storm_sparse,3,1.168428698163455,1.2234563158020537
opentelemetry_demo,opentelemetry_demo--colocated--NCD--r0--browse_product,masks,storm_compact,3,1.0923861306041052,1.1529979096482945
opentelemetry_demo,opentelemetry_demo--colocated--NCD--r0--browse_product,metadata,ours_direct,3,1.156019929493951,1.2960707044001893
opentelemetry_demo,opentelemetry_demo--colocated--NCD--r0--browse_product,metadata,ours_prepared,3,0.9375161782509642,1.1406264371752595
opentelemetry_demo,opentelemetry_demo--colocated--NCD--r0--browse_product,metadata,cudd_fixed,3,0.9940538485525479,1.2045246244582413
opentelemetry_demo,opentelemetry_demo--colocated--NCD--r0--browse_product,metadata,cudd_sift,3,0.9978572352392171,1.2006790871453095
opentelemetry_demo,opentelemetry_demo--colocated--NCD--r0--browse_product,metadata,agrum_conditioned,3,1.2027033015489876,1.2192372932247726
opentelemetry_demo,opentelemetry_demo--colocated--NCD--r0--browse_product,metadata,agrum_joint,3,1.0823080855220606,1.1222485896602385
opentelemetry_demo,opentelemetry_demo--colocated--NCD--r0--browse_product,metadata,storm_sparse,3,1.0953078065910873,1.2050146855174326
opentelemetry_demo,opentelemetry_demo--colocated--NCD--r0--browse_product,metadata,storm_compact,3,0.7156263227375788,0.9742973074446735
opentelemetry_demo,opentelemetry_demo--colocated--NCD--r0--browse_product,structure,ours_direct,3,1.1866936124662304,1.330836276680006
opentelemetry_demo,opentelemetry_demo--colocated--NCD--r0--browse_product,structure,ours_prepared,3,1.022207323900292,1.1448088982518951
opentelemetry_demo,opentelemetry_demo--colocated--NCD--r0--browse_product,structure,cudd_fixed,3,1.0046183324528524,1.1829236974236563
opentelemetry_demo,opentelemetry_demo--colocated--NCD--r0--browse_product,structure,cudd_sift,3,1.042131961964618,1.211260239170105
opentelemetry_demo,opentelemetry_demo--colocated--NCD--r0--browse_product,structure,agrum_conditioned,3,1.2492123117843206,1.2610230446126212
opentelemetry_demo,opentelemetry_demo--colocated--NCD--r0--browse_product,structure,agrum_joint,3,1.1985504314828417,1.2194451742107082
opentelemetry_demo,opentelemetry_demo--colocated--NCD--r0--browse_product,structure,storm_sparse,3,1.1414490900693246,1.1924319820919136
opentelemetry_demo,opentelemetry_demo--colocated--NCD--r0--browse_product,structure,storm_compact,3,1.164429855315727,1.2494124970718263
opentelemetry_demo,opentelemetry_demo--colocated--NCD--r0--browse_product,restore,ours_direct,3,1.133610564392137,1.2777626648648175
opentelemetry_demo,opentelemetry_demo--colocated--NCD--r0--browse_product,restore,ours_prepared,3,1.0335005977824396,1.167359541445644
opentelemetry_demo,opentelemetry_demo--colocated--NCD--r0--browse_product,restore,cudd_fixed,3,1.0020210632463913,1.1777904527173868
opentelemetry_demo,opentelemetry_demo--colocated--NCD--r0--browse_product,restore,cudd_sift,3,1.0491717463412698,1.2113918573714757
opentelemetry_demo,opentelemetry_demo--colocated--NCD--r0--browse_product,restore,agrum_conditioned,3,1.2503787719711328,1.2624126025686324
opentelemetry_demo,opentelemetry_demo--colocated--NCD--r0--browse_product,restore,agrum_joint,3,1.2056950148346284,1.2285501081198515
opentelemetry_demo,opentelemetry_demo--colocated--NCD--r0--browse_product,restore,storm_sparse,3,1.155470082992141,1.2127744528078472
opentelemetry_demo,opentelemetry_demo--colocated--NCD--r0--browse_product,restore,storm_compact,3,1.1259465216024824,1.2034226967398012
opentelemetry_demo,opentelemetry_demo--colocated--NCD--r0--checkout,initial,ours_direct,3,1.4421569878465688,1.6547795463016777
opentelemetry_demo,opentelemetry_demo--colocated--NCD--r0--checkout,initial,ours_prepared,3,1.1120856735727191,1.3498945959908868
opentelemetry_demo,opentelemetry_demo--colocated--NCD--r0--checkout,initial,cudd_fixed,3,0.9103731857474117,1.012040298018935
opentelemetry_demo,opentelemetry_demo--colocated--NCD--r0--checkout,initial,cudd_sift,3,1.2091310865210838,1.361584703933582
opentelemetry_demo,opentelemetry_demo--colocated--NCD--r0--checkout,initial,agrum_conditioned,3,1.86940630423095,1.8985177654698326
opentelemetry_demo,opentelemetry_demo--colocated--NCD--r0--checkout,initial,agrum_joint,3,1.7513699171525117,1.8026850995561046
opentelemetry_demo,opentelemetry_demo--colocated--NCD--r0--checkout,initial,storm_sparse,3,2.072233870613935,2.2196787453405658
opentelemetry_demo,opentelemetry_demo--colocated--NCD--r0--checkout,initial,storm_compact,3,1.8149134441031245,1.9901013138829913
opentelemetry_demo,opentelemetry_demo--colocated--NCD--r0--checkout,repeat,ours_direct,3,1.4786619656176931,1.6852660219992248
opentelemetry_demo,opentelemetry_demo--colocated--NCD--r0--checkout,repeat,ours_prepared,3,1.00008104696469,1.3031840910741883
opentelemetry_demo,opentelemetry_demo--colocated--NCD--r0--checkout,repeat,cudd_fixed,3,1.1520505448273624,1.4676297563219216
opentelemetry_demo,opentelemetry_demo--colocated--NCD--r0--checkout,repeat,cudd_sift,3,1.1267750611802028,1.4334485644704644
opentelemetry_demo,opentelemetry_demo--colocated--NCD--r0--checkout,repeat,agrum_conditioned,3,1.7122159815082558,1.7417283086258155
opentelemetry_demo,opentelemetry_demo--colocated--NCD--r0--checkout,repeat,agrum_joint,3,1.2032100021978518,1.2668540372990178
opentelemetry_demo,opentelemetry_demo--colocated--NCD--r0--checkout,repeat,storm_sparse,3,2.08537132201079,2.379259679098155
opentelemetry_demo,opentelemetry_demo--colocated--NCD--r0--checkout,repeat,storm_compact,3,0.6559122095897182,1.0559892338251156
opentelemetry_demo,opentelemetry_demo--colocated--NCD--r0--checkout,counts,ours_direct,3,1.4781964958541225,1.6895236993669467
opentelemetry_demo,opentelemetry_demo--colocated--NCD--r0--checkout,counts,ours_prepared,3,1.000510301618334,1.316922054715088
opentelemetry_demo,opentelemetry_demo--colocated--NCD--r0--checkout,counts,cudd_fixed,3,1.1730349609329915,1.482491668508541
opentelemetry_demo,opentelemetry_demo--colocated--NCD--r0--checkout,counts,cudd_sift,3,1.1479129943318078,1.4440596135418953
opentelemetry_demo,opentelemetry_demo--colocated--NCD--r0--checkout,counts,agrum_conditioned,3,1.7234442880198744,1.7522053567967857
opentelemetry_demo,opentelemetry_demo--colocated--NCD--r0--checkout,counts,agrum_joint,3,1.1868489348900189,1.248361990122166
opentelemetry_demo,opentelemetry_demo--colocated--NCD--r0--checkout,counts,storm_sparse,3,2.0614770023622437,2.336173888880482
opentelemetry_demo,opentelemetry_demo--colocated--NCD--r0--checkout,counts,storm_compact,3,0.6961308700207479,1.0366548503117965
opentelemetry_demo,opentelemetry_demo--colocated--NCD--r0--checkout,masks,ours_direct,3,1.2389173216791967,1.65082332650592
opentelemetry_demo,opentelemetry_demo--colocated--NCD--r0--checkout,masks,ours_prepared,3,0.7167320511804437,1.2995273387026585
opentelemetry_demo,opentelemetry_demo--colocated--NCD--r0--checkout,masks,cudd_fixed,3,1.2037023149846848,1.5628758345759692
opentelemetry_demo,opentelemetry_demo--colocated--NCD--r0--checkout,masks,cudd_sift,3,1.162542885174112,1.498087126315929
opentelemetry_demo,opentelemetry_demo--colocated--NCD--r0--checkout,masks,agrum_conditioned,3,1.8971562093340881,1.928892375862023
opentelemetry_demo,opentelemetry_demo--colocated--NCD--r0--checkout,masks,agrum_joint,3,1.8057734759923465,1.8773819631635493
opentelemetry_demo,opentelemetry_demo--colocated--NCD--r0--checkout,masks,storm_sparse,3,2.0278880852411074,2.163143494974271
opentelemetry_demo,opentelemetry_demo--colocated--NCD--r0--checkout,masks,storm_compact,3,2.001566301652687,2.2224883485579765
opentelemetry_demo,opentelemetry_demo--colocated--NCD--r0--checkout,metadata,ours_direct,3,1.4763645150877784,1.693576610414859
opentelemetry_demo,opentelemetry_demo--colocated--NCD--r0--checkout,metadata,ours_prepared,3,0.9696454453809962,1.2954642672564438
opentelemetry_demo,opentelemetry_demo--colocated--NCD--r0--checkout,metadata,cudd_fixed,3,1.1329690515476882,1.5025571976920014
opentelemetry_demo,opentelemetry_demo--colocated--NCD--r0--checkout,metadata,cudd_sift,3,1.1022242723770714,1.4572165962928505
opentelemetry_demo,opentelemetry_demo--colocated--NCD--r0--checkout,metadata,agrum_conditioned,3,1.7044716057814797,1.7335030668404123
opentelemetry_demo,opentelemetry_demo--colocated--NCD--r0--checkout,metadata,agrum_joint,3,1.1963933478811475,1.2626808795730216
opentelemetry_demo,opentelemetry_demo--colocated--NCD--r0--checkout,metadata,storm_sparse,3,2.1536644198387416,2.489759598103223
opentelemetry_demo,opentelemetry_demo--colocated--NCD--r0--checkout,metadata,storm_compact,3,0.6167208624408118,1.0887812427496435
opentelemetry_demo,opentelemetry_demo--colocated--NCD--r0--checkout,structure,ours_direct,3,1.6762679637915874,1.9192461036193615
opentelemetry_demo,opentelemetry_demo--colocated--NCD--r0--checkout,structure,ours_prepared,3,1.134253731503255,1.3794216396668413
opentelemetry_demo,opentelemetry_demo--colocated--NCD--r0--checkout,structure,cudd_fixed,3,1.160113492684031,1.4824554935097727
opentelemetry_demo,opentelemetry_demo--colocated--NCD--r0--checkout,structure,cudd_sift,3,1.1935857989104146,1.4991614469833758
opentelemetry_demo,opentelemetry_demo--colocated--NCD--r0--checkout,structure,agrum_conditioned,3,1.9008708927999767,1.9317557464612962
opentelemetry_demo,opentelemetry_demo--colocated--NCD--r0--checkout,structure,agrum_joint,3,1.7924865495857747,1.8523332950111344
opentelemetry_demo,opentelemetry_demo--colocated--NCD--r0--checkout,structure,storm_sparse,3,2.238837887092456,2.4091173377906654
opentelemetry_demo,opentelemetry_demo--colocated--NCD--r0--checkout,structure,storm_compact,3,2.109343591950931,2.353456167195444
opentelemetry_demo,opentelemetry_demo--colocated--NCD--r0--checkout,restore,ours_direct,3,1.4620784575486216,1.6949756286608022
opentelemetry_demo,opentelemetry_demo--colocated--NCD--r0--checkout,restore,ours_prepared,3,1.1029285691904,1.3656549008835783
opentelemetry_demo,opentelemetry_demo--colocated--NCD--r0--checkout,restore,cudd_fixed,3,1.1882797766609747,1.519719763462205
opentelemetry_demo,opentelemetry_demo--colocated--NCD--r0--checkout,restore,cudd_sift,3,1.1984423209227475,1.4990930201335608
opentelemetry_demo,opentelemetry_demo--colocated--NCD--r0--checkout,restore,agrum_conditioned,3,1.9174611998570235,1.9454438536493912
opentelemetry_demo,opentelemetry_demo--colocated--NCD--r0--checkout,restore,agrum_joint,3,1.8020843380330045,1.857012582192778
opentelemetry_demo,opentelemetry_demo--colocated--NCD--r0--checkout,restore,storm_sparse,3,2.192749215434212,2.373445766813148
opentelemetry_demo,opentelemetry_demo--colocated--NCD--r0--checkout,restore,storm_compact,3,1.933805995535774,2.199895757665887
opentelemetry_demo,opentelemetry_demo--colocated--ND--r0--add_to_cart,initial,ours_direct,3,0.9656604867393397,1.2988169189006207
opentelemetry_demo,opentelemetry_demo--colocated--ND--r0--add_to_cart,initial,ours_prepared,3,1.0368771674127204,1.1846137713613054
opentelemetry_demo,opentelemetry_demo--colocated--ND--r0--add_to_cart,initial,cudd_fixed,3,0.966333834088955,1.029352416763486
opentelemetry_demo,opentelemetry_demo--colocated--ND--r0--add_to_cart,initial,cudd_sift,3,1.004507316921406,1.0696542785696557
opentelemetry_demo,opentelemetry_demo--colocated--ND--r0--add_to_cart,initial,agrum_conditioned,3,1.33946396427987,1.375979841859412
opentelemetry_demo,opentelemetry_demo--colocated--ND--r0--add_to_cart,initial,agrum_joint,3,1.2062450333318617,1.2560457201751336
opentelemetry_demo,opentelemetry_demo--colocated--ND--r0--add_to_cart,initial,storm_sparse,3,1.1334685141243672,1.256634260574304
opentelemetry_demo,opentelemetry_demo--colocated--ND--r0--add_to_cart,initial,storm_compact,3,1.0524190292579125,1.1706185607334798
opentelemetry_demo,opentelemetry_demo--colocated--ND--r0--add_to_cart,repeat,ours_direct,3,0.959172267158611,1.3115351565972324
opentelemetry_demo,opentelemetry_demo--colocated--ND--r0--add_to_cart,repeat,ours_prepared,3,0.8112841456758831,1.2001711601969722
opentelemetry_demo,opentelemetry_demo--colocated--ND--r0--add_to_cart,repeat,cudd_fixed,3,0.9679735737344347,1.3831716630821227
opentelemetry_demo,opentelemetry_demo--colocated--ND--r0--add_to_cart,repeat,cudd_sift,3,0.9994419376588352,1.4329040560850275
opentelemetry_demo,opentelemetry_demo--colocated--ND--r0--add_to_cart,repeat,agrum_conditioned,3,1.3445417322720281,1.3913923992310184
opentelemetry_demo,opentelemetry_demo--colocated--ND--r0--add_to_cart,repeat,agrum_joint,3,1.0816718049772749,1.2006832166348398
opentelemetry_demo,opentelemetry_demo--colocated--ND--r0--add_to_cart,repeat,storm_sparse,3,1.0792042415328975,1.8126085800390002
opentelemetry_demo,opentelemetry_demo--colocated--ND--r0--add_to_cart,repeat,storm_compact,3,0.677716708449203,1.2031049497131951
opentelemetry_demo,opentelemetry_demo--colocated--ND--r0--add_to_cart,counts,ours_direct,3,0.9683656919383471,1.3453760574805886
opentelemetry_demo,opentelemetry_demo--colocated--ND--r0--add_to_cart,counts,ours_prepared,3,0.7853482034276906,1.1630314352202116
opentelemetry_demo,opentelemetry_demo--colocated--ND--r0--add_to_cart,counts,cudd_fixed,3,0.8589073361291435,1.2303989127521917
opentelemetry_demo,opentelemetry_demo--colocated--ND--r0--add_to_cart,counts,cudd_sift,3,0.8670813608999568,1.2569535320115552
opentelemetry_demo,opentelemetry_demo--colocated--ND--r0--add_to_cart,counts,agrum_conditioned,3,1.3044386009232254,1.3493716264104496
opentelemetry_demo,opentelemetry_demo--colocated--ND--r0--add_to_cart,counts,agrum_joint,3,1.1014247477182424,1.2096557013307105
opentelemetry_demo,opentelemetry_demo--colocated--ND--r0--add_to_cart,counts,storm_sparse,3,1.0804998441024145,1.542790932985974
opentelemetry_demo,opentelemetry_demo--colocated--ND--r0--add_to_cart,counts,storm_compact,3,0.6093394200598149,0.9854132185810438
opentelemetry_demo,opentelemetry_demo--colocated--ND--r0--add_to_cart,masks,ours_direct,3,0.9595012063041981,1.3079180739181453
opentelemetry_demo,opentelemetry_demo--colocated--ND--r0--add_to_cart,masks,ours_prepared,3,0.7863740578234532,1.181425422483468
opentelemetry_demo,opentelemetry_demo--colocated--ND--r0--add_to_cart,masks,cudd_fixed,3,0.8559239960715844,1.237122630797737
opentelemetry_demo,opentelemetry_demo--colocated--ND--r0--add_to_cart,masks,cudd_sift,3,0.8478669702068693,1.259489384257487
opentelemetry_demo,opentelemetry_demo--colocated--ND--r0--add_to_cart,masks,agrum_conditioned,3,1.3848491628618609,1.425753619214814
opentelemetry_demo,opentelemetry_demo--colocated--ND--r0--add_to_cart,masks,agrum_joint,3,1.2490724932490418,1.2994926888524159
opentelemetry_demo,opentelemetry_demo--colocated--ND--r0--add_to_cart,masks,storm_sparse,3,1.0291886757512274,1.1276986637687603
opentelemetry_demo,opentelemetry_demo--colocated--ND--r0--add_to_cart,masks,storm_compact,3,0.9962411984075121,1.1269980226750096
opentelemetry_demo,opentelemetry_demo--colocated--ND--r0--add_to_cart,metadata,ours_direct,3,0.9235291468140898,1.3108545187605558
opentelemetry_demo,opentelemetry_demo--colocated--ND--r0--add_to_cart,metadata,ours_prepared,3,0.7736479005614577,1.1717774468863238
opentelemetry_demo,opentelemetry_demo--colocated--ND--r0--add_to_cart,metadata,cudd_fixed,3,0.8071862897880556,1.222389473718958
opentelemetry_demo,opentelemetry_demo--colocated--ND--r0--add_to_cart,metadata,cudd_sift,3,0.8720098139439787,1.2807717611586997
opentelemetry_demo,opentelemetry_demo--colocated--ND--r0--add_to_cart,metadata,agrum_conditioned,3,1.3067320820497128,1.353381140529385
opentelemetry_demo,opentelemetry_demo--colocated--ND--r0--add_to_cart,metadata,agrum_joint,3,1.1069254502585326,1.2258767410524496
opentelemetry_demo,opentelemetry_demo--colocated--ND--r0--add_to_cart,metadata,storm_sparse,3,0.8838424156801334,1.2066023402289972
opentelemetry_demo,opentelemetry_demo--colocated--ND--r0--add_to_cart,metadata,storm_compact,3,0.6312664139333004,0.9196172125965553
opentelemetry_demo,opentelemetry_demo--colocated--ND--r0--add_to_cart,structure,ours_direct,3,0.9640810722641513,1.3227913854136892
opentelemetry_demo,opentelemetry_demo--colocated--ND--r0--add_to_cart,structure,ours_prepared,3,1.0738972237030269,1.2111360160681521
opentelemetry_demo,opentelemetry_demo--colocated--ND--r0--add_to_cart,structure,cudd_fixed,3,0.9004480904308917,1.262499308867736
opentelemetry_demo,opentelemetry_demo--colocated--ND--r0--add_to_cart,structure,cudd_sift,3,1.014673385277678,1.3163105442804977
opentelemetry_demo,opentelemetry_demo--colocated--ND--r0--add_to_cart,structure,agrum_conditioned,3,1.3809479408857532,1.409777241745982
opentelemetry_demo,opentelemetry_demo--colocated--ND--r0--add_to_cart,structure,agrum_joint,3,1.2739746216595846,1.3181037357219794
opentelemetry_demo,opentelemetry_demo--colocated--ND--r0--add_to_cart,structure,storm_sparse,3,1.116376165549671,1.3138877965260847
opentelemetry_demo,opentelemetry_demo--colocated--ND--r0--add_to_cart,structure,storm_compact,3,1.0468829503023283,1.2409819931665287
opentelemetry_demo,opentelemetry_demo--colocated--ND--r0--add_to_cart,restore,ours_direct,3,0.9533697662441645,1.3512499465312533
opentelemetry_demo,opentelemetry_demo--colocated--ND--r0--add_to_cart,restore,ours_prepared,3,1.0735355893235803,1.255976668374146
opentelemetry_demo,opentelemetry_demo--colocated--ND--r0--add_to_cart,restore,cudd_fixed,3,0.8375807688209893,1.1836876476309572
opentelemetry_demo,opentelemetry_demo--colocated--ND--r0--add_to_cart,restore,cudd_sift,3,1.0149199498595751,1.2914183876970824
opentelemetry_demo,opentelemetry_demo--colocated--ND--r0--add_to_cart,restore,agrum_conditioned,3,1.4030289733512302,1.4310082344652701
opentelemetry_demo,opentelemetry_demo--colocated--ND--r0--add_to_cart,restore,agrum_joint,3,1.3092709285010793,1.345010407895926
opentelemetry_demo,opentelemetry_demo--colocated--ND--r0--add_to_cart,restore,storm_sparse,3,1.3400126317474108,1.6860723878193884
opentelemetry_demo,opentelemetry_demo--colocated--ND--r0--add_to_cart,restore,storm_compact,3,0.9413845731319624,1.147822790703527
opentelemetry_demo,opentelemetry_demo--colocated--ND--r0--browse_product,initial,ours_direct,3,0.9744101196973917,1.257774777352552
opentelemetry_demo,opentelemetry_demo--colocated--ND--r0--browse_product,initial,ours_prepared,3,1.0125106839460556,1.119505998918392
opentelemetry_demo,opentelemetry_demo--colocated--ND--r0--browse_product,initial,cudd_fixed,3,0.7561511596208788,0.7951294504649632
opentelemetry_demo,opentelemetry_demo--colocated--ND--r0--browse_product,initial,cudd_sift,3,0.7807493998003752,0.8127681954337168
opentelemetry_demo,opentelemetry_demo--colocated--ND--r0--browse_product,initial,agrum_conditioned,3,1.2619490680512955,1.2825045903534316
opentelemetry_demo,opentelemetry_demo--colocated--ND--r0--browse_product,initial,agrum_joint,3,1.1674527953938287,1.191847829275366
opentelemetry_demo,opentelemetry_demo--colocated--ND--r0--browse_product,initial,storm_sparse,3,1.0127225954893706,1.1140117188788279
opentelemetry_demo,opentelemetry_demo--colocated--ND--r0--browse_product,initial,storm_compact,3,1.03074508447749,1.1321092909916146
opentelemetry_demo,opentelemetry_demo--colocated--ND--r0--browse_product,repeat,ours_direct,3,0.943436197858565,1.2804739107250567
opentelemetry_demo,opentelemetry_demo--colocated--ND--r0--browse_product,repeat,ours_prepared,3,0.7907824691898199,1.1753812048123395
opentelemetry_demo,opentelemetry_demo--colocated--ND--r0--browse_product,repeat,cudd_fixed,3,0.7422166026909491,1.1794352212802175
opentelemetry_demo,opentelemetry_demo--colocated--ND--r0--browse_product,repeat,cudd_sift,3,0.784838130037291,1.2674955376377177
opentelemetry_demo,opentelemetry_demo--colocated--ND--r0--browse_product,repeat,agrum_conditioned,3,1.2875601650110136,1.3308622416260087
opentelemetry_demo,opentelemetry_demo--colocated--ND--r0--browse_product,repeat,agrum_joint,3,1.0969120226382125,1.1957878542913816
opentelemetry_demo,opentelemetry_demo--colocated--ND--r0--browse_product,repeat,storm_sparse,3,0.6503061452513966,1.0266065463317644
opentelemetry_demo,opentelemetry_demo--colocated--ND--r0--browse_product,repeat,storm_compact,3,0.5898683979645551,1.0268143507123144
opentelemetry_demo,opentelemetry_demo--colocated--ND--r0--browse_product,counts,ours_direct,3,0.9827691796909175,1.3034446229946763
opentelemetry_demo,opentelemetry_demo--colocated--ND--r0--browse_product,counts,ours_prepared,3,0.8378863698697482,1.183241944518145
opentelemetry_demo,opentelemetry_demo--colocated--ND--r0--browse_product,counts,cudd_fixed,3,1.0716912299061074,1.4614142430795984
opentelemetry_demo,opentelemetry_demo--colocated--ND--r0--browse_product,counts,cudd_sift,3,1.0720692226534274,1.475331634320068
opentelemetry_demo,opentelemetry_demo--colocated--ND--r0--browse_product,counts,agrum_conditioned,3,1.3083362934125213,1.3459872526380683
opentelemetry_demo,opentelemetry_demo--colocated--ND--r0--browse_product,counts,agrum_joint,3,1.1131666745516078,1.2049704868742446
opentelemetry_demo,opentelemetry_demo--colocated--ND--r0--browse_product,counts,storm_sparse,3,0.7993524383639061,1.0748766680919772
opentelemetry_demo,opentelemetry_demo--colocated--ND--r0--browse_product,counts,storm_compact,3,0.7099539348730759,0.9984528573203187
opentelemetry_demo,opentelemetry_demo--colocated--ND--r0--browse_product,masks,ours_direct,3,0.9578913935444562,1.273795382575507
opentelemetry_demo,opentelemetry_demo--colocated--ND--r0--browse_product,masks,ours_prepared,3,0.8282603919383101,1.1820800171585713
opentelemetry_demo,opentelemetry_demo--colocated--ND--r0--browse_product,masks,cudd_fixed,3,0.9219734712735842,1.2718481363260206
opentelemetry_demo,opentelemetry_demo--colocated--ND--r0--browse_product,masks,cudd_sift,3,0.9127138720715978,1.2806223498515412
opentelemetry_demo,opentelemetry_demo--colocated--ND--r0--browse_product,masks,agrum_conditioned,3,1.3369057705777883,1.371157785122678
opentelemetry_demo,opentelemetry_demo--colocated--ND--r0--browse_product,masks,agrum_joint,3,1.1827356783426857,1.2228090894165158
opentelemetry_demo,opentelemetry_demo--colocated--ND--r0--browse_product,masks,storm_sparse,3,1.0739918110285442,1.1599116940641132
opentelemetry_demo,opentelemetry_demo--colocated--ND--r0--browse_product,masks,storm_compact,3,0.9693763775444055,1.086440690601145
opentelemetry_demo,opentelemetry_demo--colocated--ND--r0--browse_product,metadata,ours_direct,3,0.9942765091740007,1.315892619006204
opentelemetry_demo,opentelemetry_demo--colocated--ND--r0--browse_product,metadata,ours_prepared,3,0.8256469197604334,1.1760619740635125
opentelemetry_demo,opentelemetry_demo--colocated--ND--r0--browse_product,metadata,cudd_fixed,3,0.8901348046597357,1.279434823633891
opentelemetry_demo,opentelemetry_demo--colocated--ND--r0--browse_product,metadata,cudd_sift,3,0.9144784909065055,1.2820282461955754
opentelemetry_demo,opentelemetry_demo--colocated--ND--r0--browse_product,metadata,agrum_conditioned,3,1.333586706971122,1.3754175922233312
opentelemetry_demo,opentelemetry_demo--colocated--ND--r0--browse_product,metadata,agrum_joint,3,1.1041324363093985,1.1975528046592367
opentelemetry_demo,opentelemetry_demo--colocated--ND--r0--browse_product,metadata,storm_sparse,3,0.88753595171861,1.161652083000716
opentelemetry_demo,opentelemetry_demo--colocated--ND--r0--browse_product,metadata,storm_compact,3,0.6894455204360761,1.0009080177971488
opentelemetry_demo,opentelemetry_demo--colocated--ND--r0--browse_product,structure,ours_direct,3,0.9792098696003655,1.30089454740926
opentelemetry_demo,opentelemetry_demo--colocated--ND--r0--browse_product,structure,ours_prepared,3,1.0298184281725127,1.1511219324587336
opentelemetry_demo,opentelemetry_demo--colocated--ND--r0--browse_product,structure,cudd_fixed,3,0.9045032262867377,1.2062718381310216
opentelemetry_demo,opentelemetry_demo--colocated--ND--r0--browse_product,structure,cudd_sift,3,1.0439325254639882,1.279370402850529
opentelemetry_demo,opentelemetry_demo--colocated--ND--r0--browse_product,structure,agrum_conditioned,3,1.2861779046377413,1.3073125009788633
opentelemetry_demo,opentelemetry_demo--colocated--ND--r0--browse_product,structure,agrum_joint,3,1.1914291904474326,1.2167305697940272
opentelemetry_demo,opentelemetry_demo--colocated--ND--r0--browse_product,structure,storm_sparse,3,1.0318690305290246,1.2037530104622072
opentelemetry_demo,opentelemetry_demo--colocated--ND--r0--browse_product,structure,storm_compact,3,1.0016356520061591,1.1788326576990742
opentelemetry_demo,opentelemetry_demo--colocated--ND--r0--browse_product,restore,ours_direct,3,0.9781160594050865,1.3272729639827887
opentelemetry_demo,opentelemetry_demo--colocated--ND--r0--browse_product,restore,ours_prepared,3,0.9947651818919778,1.099981207996482
opentelemetry_demo,opentelemetry_demo--colocated--ND--r0--browse_product,restore,cudd_fixed,3,0.8957143043631506,1.2198651497035513
opentelemetry_demo,opentelemetry_demo--colocated--ND--r0--browse_product,restore,cudd_sift,3,1.0675757663799454,1.3350829012884349
opentelemetry_demo,opentelemetry_demo--colocated--ND--r0--browse_product,restore,agrum_conditioned,3,1.295528929092596,1.319437795348813
opentelemetry_demo,opentelemetry_demo--colocated--ND--r0--browse_product,restore,agrum_joint,3,1.1972024548049882,1.223650618813248
opentelemetry_demo,opentelemetry_demo--colocated--ND--r0--browse_product,restore,storm_sparse,3,1.0145271478397369,1.2384221695169142
opentelemetry_demo,opentelemetry_demo--colocated--ND--r0--browse_product,restore,storm_compact,3,1.0860406368792432,1.323438075785661
opentelemetry_demo,opentelemetry_demo--colocated--ND--r0--checkout,initial,ours_direct,3,0.9843056267347281,1.310001871924695
opentelemetry_demo,opentelemetry_demo--colocated--ND--r0--checkout,initial,ours_prepared,3,1.0933505973967186,1.320056257463238
opentelemetry_demo,opentelemetry_demo--colocated--ND--r0--checkout,initial,cudd_fixed,3,0.9672443904008137,1.0688205820284011
opentelemetry_demo,opentelemetry_demo--colocated--ND--r0--checkout,initial,cudd_sift,3,1.0091815192185352,1.132319293922782
opentelemetry_demo,opentelemetry_demo--colocated--ND--r0--checkout,initial,agrum_conditioned,3,1.6186517079376754,1.659525449413832
opentelemetry_demo,opentelemetry_demo--colocated--ND--r0--checkout,initial,agrum_joint,3,1.534712533380471,1.5903883584724594
opentelemetry_demo,opentelemetry_demo--colocated--ND--r0--checkout,initial,storm_sparse,3,1.2831221660583354,1.4359916950794116
opentelemetry_demo,opentelemetry_demo--colocated--ND--r0--checkout,initial,storm_compact,3,1.260341900357122,1.4123074876733919
opentelemetry_demo,opentelemetry_demo--colocated--ND--r0--checkout,repeat,ours_direct,3,0.9892599147975604,1.3058998797971593
opentelemetry_demo,opentelemetry_demo--colocated--ND--r0--checkout,repeat,ours_prepared,3,0.7203984905988078,1.1354774054429082
opentelemetry_demo,opentelemetry_demo--colocated--ND--r0--checkout,repeat,cudd_fixed,3,0.8452278414042872,1.2785674177019724
opentelemetry_demo,opentelemetry_demo--colocated--ND--r0--checkout,repeat,cudd_sift,3,0.8453388628728815,1.2556981413957735
opentelemetry_demo,opentelemetry_demo--colocated--ND--r0--checkout,repeat,agrum_conditioned,3,1.450293020281515,1.5106585047455825
opentelemetry_demo,opentelemetry_demo--colocated--ND--r0--checkout,repeat,agrum_joint,3,0.9998880057924446,1.10948556511187
opentelemetry_demo,opentelemetry_demo--colocated--ND--r0--checkout,repeat,storm_sparse,3,1.1157468307764493,1.5380690419158203
opentelemetry_demo,opentelemetry_demo--colocated--ND--r0--checkout,repeat,storm_compact,3,0.715131619265622,1.209013052879445
opentelemetry_demo,opentelemetry_demo--colocated--ND--r0--checkout,counts,ours_direct,3,1.0045170527063472,1.3272328298507783
opentelemetry_demo,opentelemetry_demo--colocated--ND--r0--checkout,counts,ours_prepared,3,0.7190441822517887,1.1134177306531847
opentelemetry_demo,opentelemetry_demo--colocated--ND--r0--checkout,counts,cudd_fixed,3,0.8433050932086054,1.261549342432846
opentelemetry_demo,opentelemetry_demo--colocated--ND--r0--checkout,counts,cudd_sift,3,0.8387691277397515,1.2569217342555024
opentelemetry_demo,opentelemetry_demo--colocated--ND--r0--checkout,counts,agrum_conditioned,3,1.4488221002895119,1.5043577253822857
opentelemetry_demo,opentelemetry_demo--colocated--ND--r0--checkout,counts,agrum_joint,3,1.0276381444658558,1.1389836146659886
opentelemetry_demo,opentelemetry_demo--colocated--ND--r0--checkout,counts,storm_sparse,3,1.1487674686573632,1.508464481101226
opentelemetry_demo,opentelemetry_demo--colocated--ND--r0--checkout,counts,storm_compact,3,0.7878582310664308,1.1997186783570466
opentelemetry_demo,opentelemetry_demo--colocated--ND--r0--checkout,masks,ours_direct,3,0.978265287606605,1.2732650056598378
opentelemetry_demo,opentelemetry_demo--colocated--ND--r0--checkout,masks,ours_prepared,3,0.6816264746077296,1.1174437588322552
opentelemetry_demo,opentelemetry_demo--colocated--ND--r0--checkout,masks,cudd_fixed,3,0.8549556213017752,1.2803842659218363
opentelemetry_demo,opentelemetry_demo--colocated--ND--r0--checkout,masks,cudd_sift,3,0.8569766178135098,1.3082859480300675
opentelemetry_demo,opentelemetry_demo--colocated--ND--r0--checkout,masks,agrum_conditioned,3,1.6065880989223968,1.66020971955639
opentelemetry_demo,opentelemetry_demo--colocated--ND--r0--checkout,masks,agrum_joint,3,1.4975824449400332,1.5809059668437753
opentelemetry_demo,opentelemetry_demo--colocated--ND--r0--checkout,masks,storm_sparse,3,1.3743261241047713,1.538205046931792
opentelemetry_demo,opentelemetry_demo--colocated--ND--r0--checkout,masks,storm_compact,3,1.283324087108305,1.4552628166964345
opentelemetry_demo,opentelemetry_demo--colocated--ND--r0--checkout,metadata,ours_direct,3,1.0006071771746778,1.2982790156703201
opentelemetry_demo,opentelemetry_demo--colocated--ND--r0--checkout,metadata,ours_prepared,3,0.7328199391957781,1.1391541885876164
opentelemetry_demo,opentelemetry_demo--colocated--ND--r0--checkout,metadata,cudd_fixed,3,0.8413093771790912,1.3053179283623533
opentelemetry_demo,opentelemetry_demo--colocated--ND--r0--checkout,metadata,cudd_sift,3,0.8547340632697198,1.2950107541620723
opentelemetry_demo,opentelemetry_demo--colocated--ND--r0--checkout,metadata,agrum_conditioned,3,1.4427262193563746,1.5004220117166194
opentelemetry_demo,opentelemetry_demo--colocated--ND--r0--checkout,metadata,agrum_joint,3,1.0071917760309883,1.1261841442569733
opentelemetry_demo,opentelemetry_demo--colocated--ND--r0--checkout,metadata,storm_sparse,3,1.2780938650719256,1.7114085424978938
opentelemetry_demo,opentelemetry_demo--colocated--ND--r0--checkout,metadata,storm_compact,3,0.7544334518336127,1.2142392686955366
opentelemetry_demo,opentelemetry_demo--colocated--ND--r0--checkout,structure,ours_direct,3,1.0208101555497164,1.3322607174401262
opentelemetry_demo,opentelemetry_demo--colocated--ND--r0--checkout,structure,ours_prepared,3,1.1391740831688546,1.3574847121336397
opentelemetry_demo,opentelemetry_demo--colocated--ND--r0--checkout,structure,cudd_fixed,3,0.8275690277309413,1.238183113581789
opentelemetry_demo,opentelemetry_demo--colocated--ND--r0--checkout,structure,cudd_sift,3,0.9767885735098165,1.3819204049156308
opentelemetry_demo,opentelemetry_demo--colocated--ND--r0--checkout,structure,agrum_conditioned,3,1.633192395626694,1.6816515451455658
opentelemetry_demo,opentelemetry_demo--colocated--ND--r0--checkout,structure,agrum_joint,3,1.5888297337028088,1.6478765556283919
opentelemetry_demo,opentelemetry_demo--colocated--ND--r0--checkout,structure,storm_sparse,3,1.4597671866533644,1.7008637054092208
opentelemetry_demo,opentelemetry_demo--colocated--ND--r0--checkout,structure,storm_compact,3,1.928622583279768,2.3278467047006566
opentelemetry_demo,opentelemetry_demo--colocated--ND--r0--checkout,restore,ours_direct,3,1.0062245650094976,1.3480289610766445
opentelemetry_demo,opentelemetry_demo--colocated--ND--r0--checkout,restore,ours_prepared,3,1.1087157073485554,1.330690723891255
opentelemetry_demo,opentelemetry_demo--colocated--ND--r0--checkout,restore,cudd_fixed,3,0.8500646060876302,1.2192300619571674
opentelemetry_demo,opentelemetry_demo--colocated--ND--r0--checkout,restore,cudd_sift,3,1.007209677453012,1.3575057826124828
opentelemetry_demo,opentelemetry_demo--colocated--ND--r0--checkout,restore,agrum_conditioned,3,1.6417163259601337,1.6980231508423853
opentelemetry_demo,opentelemetry_demo--colocated--ND--r0--checkout,restore,agrum_joint,3,1.6016805493307076,1.6635828368119734
opentelemetry_demo,opentelemetry_demo--colocated--ND--r0--checkout,restore,storm_sparse,3,1.469135898111278,1.7496875430229222
opentelemetry_demo,opentelemetry_demo--colocated--ND--r0--checkout,restore,storm_compact,3,1.427671523928996,1.8446483191677596
opentelemetry_demo,opentelemetry_demo--split--N--r0--add_to_cart,initial,ours_direct,3,0.9745452602061025,1.301395018278229
opentelemetry_demo,opentelemetry_demo--split--N--r0--add_to_cart,initial,ours_prepared,3,1.0525626174144311,1.2053206550869144
opentelemetry_demo,opentelemetry_demo--split--N--r0--add_to_cart,initial,cudd_fixed,3,0.9738516094778009,1.0226435727200487
opentelemetry_demo,opentelemetry_demo--split--N--r0--add_to_cart,initial,cudd_sift,3,0.945355803304279,1.0002274447514328
opentelemetry_demo,opentelemetry_demo--split--N--r0--add_to_cart,initial,agrum_conditioned,3,1.3574766937839151,1.4018131281599788
opentelemetry_demo,opentelemetry_demo--split--N--r0--add_to_cart,initial,agrum_joint,3,1.2429382192498124,1.2881762846374596
opentelemetry_demo,opentelemetry_demo--split--N--r0--add_to_cart,initial,storm_sparse,3,1.205922420637421,1.3444363839834892
opentelemetry_demo,opentelemetry_demo--split--N--r0--add_to_cart,initial,storm_compact,3,1.0976447258692006,1.2185032772431734
opentelemetry_demo,opentelemetry_demo--split--N--r0--add_to_cart,repeat,ours_direct,3,1.020878800963637,1.4075605882384827
opentelemetry_demo,opentelemetry_demo--split--N--r0--add_to_cart,repeat,ours_prepared,3,0.791139850701044,1.163831716445893
opentelemetry_demo,opentelemetry_demo--split--N--r0--add_to_cart,repeat,cudd_fixed,3,1.0535255474299208,1.5516382691947368
opentelemetry_demo,opentelemetry_demo--split--N--r0--add_to_cart,repeat,cudd_sift,3,0.9932221291329328,1.4534596921771263
opentelemetry_demo,opentelemetry_demo--split--N--r0--add_to_cart,repeat,agrum_conditioned,3,1.362329719457306,1.4165230223971268
opentelemetry_demo,opentelemetry_demo--split--N--r0--add_to_cart,repeat,agrum_joint,3,1.0901713397407506,1.2068415890142226
opentelemetry_demo,opentelemetry_demo--split--N--r0--add_to_cart,repeat,storm_sparse,3,1.1174367982038487,1.9218021424070573
opentelemetry_demo,opentelemetry_demo--split--N--r0--add_to_cart,repeat,storm_compact,3,0.7631635350432235,1.3879793594691747
opentelemetry_demo,opentelemetry_demo--split--N--r0--add_to_cart,counts,ours_direct,3,0.9500016387532365,1.3561544664245648
opentelemetry_demo,opentelemetry_demo--split--N--r0--add_to_cart,counts,ours_prepared,3,0.820782712292936,1.2168687374385987
opentelemetry_demo,opentelemetry_demo--split--N--r0--add_to_cart,counts,cudd_fixed,3,0.8632963808505241,1.2652521153377418
opentelemetry_demo,opentelemetry_demo--split--N--r0--add_to_cart,counts,cudd_sift,3,0.8894639884686588,1.2495137254194588
opentelemetry_demo,opentelemetry_demo--split--N--r0--add_to_cart,counts,agrum_conditioned,3,1.3184607145910245,1.3628957269324489
opentelemetry_demo,opentelemetry_demo--split--N--r0--add_to_cart,counts,agrum_joint,3,1.1129215461255575,1.2213486875354398
opentelemetry_demo,opentelemetry_demo--split--N--r0--add_to_cart,counts,storm_sparse,3,1.1515311835359259,1.6238188501868145
opentelemetry_demo,opentelemetry_demo--split--N--r0--add_to_cart,counts,storm_compact,3,0.6405083957722246,1.0139005318344854
opentelemetry_demo,opentelemetry_demo--split--N--r0--add_to_cart,masks,ours_direct,3,0.9572112877368513,1.296317339791844
opentelemetry_demo,opentelemetry_demo--split--N--r0--add_to_cart,masks,ours_prepared,3,0.7811521754956442,1.1694149923226385
opentelemetry_demo,opentelemetry_demo--split--N--r0--add_to_cart,masks,cudd_fixed,3,0.8674979473863386,1.2990215538378909
opentelemetry_demo,opentelemetry_demo--split--N--r0--add_to_cart,masks,cudd_sift,3,0.8904776474587796,1.2812885699172605
opentelemetry_demo,opentelemetry_demo--split--N--r0--add_to_cart,masks,agrum_conditioned,3,1.4153670049968858,1.4557661238560573
opentelemetry_demo,opentelemetry_demo--split--N--r0--add_to_cart,masks,agrum_joint,3,1.2903675396139762,1.342244395864856
opentelemetry_demo,opentelemetry_demo--split--N--r0--add_to_cart,masks,storm_sparse,3,1.0279482290261386,1.1278506815727352
opentelemetry_demo,opentelemetry_demo--split--N--r0--add_to_cart,masks,storm_compact,3,1.0381087418069415,1.145365551794581
opentelemetry_demo,opentelemetry_demo--split--N--r0--add_to_cart,metadata,ours_direct,3,0.9866146741340506,1.3584623536298142
opentelemetry_demo,opentelemetry_demo--split--N--r0--add_to_cart,metadata,ours_prepared,3,0.8103723431033962,1.2460532128436244
opentelemetry_demo,opentelemetry_demo--split--N--r0--add_to_cart,metadata,cudd_fixed,3,0.8778355097062133,1.313927041695324
opentelemetry_demo,opentelemetry_demo--split--N--r0--add_to_cart,metadata,cudd_sift,3,0.9024789335337808,1.308918850571653
opentelemetry_demo,opentelemetry_demo--split--N--r0--add_to_cart,metadata,agrum_conditioned,3,1.3173441158960566,1.3643242319045616
opentelemetry_demo,opentelemetry_demo--split--N--r0--add_to_cart,metadata,agrum_joint,3,1.0985557228240495,1.2196076931845565
opentelemetry_demo,opentelemetry_demo--split--N--r0--add_to_cart,metadata,storm_sparse,3,0.9193630327768337,1.2382479849796144
opentelemetry_demo,opentelemetry_demo--split--N--r0--add_to_cart,metadata,storm_compact,3,0.6590466992542515,1.0086443746897742
opentelemetry_demo,opentelemetry_demo--split--N--r0--add_to_cart,structure,ours_direct,3,0.9260742193233255,1.298223617723831
opentelemetry_demo,opentelemetry_demo--split--N--r0--add_to_cart,structure,ours_prepared,3,1.0526153656068737,1.1878248839935617
opentelemetry_demo,opentelemetry_demo--split--N--r0--add_to_cart,structure,cudd_fixed,3,0.8840138894815014,1.2256240949898638
opentelemetry_demo,opentelemetry_demo--split--N--r0--add_to_cart,structure,cudd_sift,3,0.99038799435881,1.2544957994734136
opentelemetry_demo,opentelemetry_demo--split--N--r0--add_to_cart,structure,agrum_conditioned,3,1.3823373040506302,1.4099524784430002
opentelemetry_demo,opentelemetry_demo--split--N--r0--add_to_cart,structure,agrum_joint,3,1.3097626313877,1.3547299852538073
opentelemetry_demo,opentelemetry_demo--split--N--r0--add_to_cart,structure,storm_sparse,3,1.132125352008604,1.3299159690217934
opentelemetry_demo,opentelemetry_demo--split--N--r0--add_to_cart,structure,storm_compact,3,1.0715414891703507,1.2823155544103753
opentelemetry_demo,opentelemetry_demo--split--N--r0--add_to_cart,restore,ours_direct,3,0.9485202233672979,1.327379242326864
opentelemetry_demo,opentelemetry_demo--split--N--r0--add_to_cart,restore,ours_prepared,3,1.0617087335842903,1.2395774462517517
opentelemetry_demo,opentelemetry_demo--split--N--r0--add_to_cart,restore,cudd_fixed,3,0.8460419330513753,1.1967272738025188
opentelemetry_demo,opentelemetry_demo--split--N--r0--add_to_cart,restore,cudd_sift,3,1.0019389766298923,1.2783191155562093
opentelemetry_demo,opentelemetry_demo--split--N--r0--add_to_cart,restore,agrum_conditioned,3,1.3819581475143377,1.4092581496948475
opentelemetry_demo,opentelemetry_demo--split--N--r0--add_to_cart,restore,agrum_joint,3,1.275454195324203,1.3087016580790765
opentelemetry_demo,opentelemetry_demo--split--N--r0--add_to_cart,restore,storm_sparse,3,1.3010201654761004,1.6272385054452498
opentelemetry_demo,opentelemetry_demo--split--N--r0--add_to_cart,restore,storm_compact,3,0.9622596005761853,1.1763421099474174
opentelemetry_demo,opentelemetry_demo--split--N--r0--browse_product,initial,ours_direct,3,0.8782605499866776,1.0914115233158252
opentelemetry_demo,opentelemetry_demo--split--N--r0--browse_product,initial,ours_prepared,3,0.9958308152312104,1.099412491654485
opentelemetry_demo,opentelemetry_demo--split--N--r0--browse_product,initial,cudd_fixed,3,1.23311366217748,1.305824043860298
opentelemetry_demo,opentelemetry_demo--split--N--r0--browse_product,initial,cudd_sift,3,0.931620952135299,0.9771221851198518
opentelemetry_demo,opentelemetry_demo--split--N--r0--browse_product,initial,agrum_conditioned,3,1.099333563268417,1.1150856361130672
opentelemetry_demo,opentelemetry_demo--split--N--r0--browse_product,initial,agrum_joint,3,1.0842264659880982,1.1053826911769031
opentelemetry_demo,opentelemetry_demo--split--N--r0--browse_product,initial,storm_sparse,3,0.9243948726819644,0.9920646846960391
opentelemetry_demo,opentelemetry_demo--split--N--r0--browse_product,initial,storm_compact,3,0.9767216700768102,1.055793784011275
opentelemetry_demo,opentelemetry_demo--split--N--r0--browse_product,repeat,ours_direct,3,0.8370105339426002,1.0753958481218038
opentelemetry_demo,opentelemetry_demo--split--N--r0--browse_product,repeat,ours_prepared,3,0.7376747153888843,1.006202279740148
opentelemetry_demo,opentelemetry_demo--split--N--r0--browse_product,repeat,cudd_fixed,3,0.778512325696725,1.025839042029328
opentelemetry_demo,opentelemetry_demo--split--N--r0--browse_product,repeat,cudd_sift,3,0.7530890205984866,1.013208846713094
opentelemetry_demo,opentelemetry_demo--split--N--r0--browse_product,repeat,agrum_conditioned,3,1.0336076128238572,1.0621044906004995
opentelemetry_demo,opentelemetry_demo--split--N--r0--browse_product,repeat,agrum_joint,3,0.8991021719221256,0.9627929413961595
opentelemetry_demo,opentelemetry_demo--split--N--r0--browse_product,repeat,storm_sparse,3,0.707041996552701,1.076564737844582
opentelemetry_demo,opentelemetry_demo--split--N--r0--browse_product,repeat,storm_compact,3,0.6525345824535423,1.0500203120892777
opentelemetry_demo,opentelemetry_demo--split--N--r0--browse_product,counts,ours_direct,3,0.83499691264814,1.064536820032071
opentelemetry_demo,opentelemetry_demo--split--N--r0--browse_product,counts,ours_prepared,3,0.74855659889025,1.0143717369719099
opentelemetry_demo,opentelemetry_demo--split--N--r0--browse_product,counts,cudd_fixed,3,0.9314500700078024,1.2210679287523811
opentelemetry_demo,opentelemetry_demo--split--N--r0--browse_product,counts,cudd_sift,3,0.9311288629901415,1.2072070892836106
opentelemetry_demo,opentelemetry_demo--split--N--r0--browse_product,counts,agrum_conditioned,3,1.0627024499863398,1.08677391213591
opentelemetry_demo,opentelemetry_demo--split--N--r0--browse_product,counts,agrum_joint,3,0.921841237980582,0.9832362815824389
opentelemetry_demo,opentelemetry_demo--split--N--r0--browse_product,counts,storm_sparse,3,0.793838481182509,1.057636220304455
opentelemetry_demo,opentelemetry_demo--split--N--r0--browse_product,counts,storm_compact,3,0.6517357428783356,0.962072794195933
opentelemetry_demo,opentelemetry_demo--split--N--r0--browse_product,masks,ours_direct,3,0.8428526450751455,1.07148063935273
opentelemetry_demo,opentelemetry_demo--split--N--r0--browse_product,masks,ours_prepared,3,0.7570910151240059,1.0358940108316856
opentelemetry_demo,opentelemetry_demo--split--N--r0--browse_product,masks,cudd_fixed,3,0.8308003774047921,1.1026949517101767
opentelemetry_demo,opentelemetry_demo--split--N--r0--browse_product,masks,cudd_sift,3,0.8104751995914259,1.0588363586168819
opentelemetry_demo,opentelemetry_demo--split--N--r0--browse_product,masks,agrum_conditioned,3,1.1094211921452368,1.1308132020885309
opentelemetry_demo,opentelemetry_demo--split--N--r0--browse_product,masks,agrum_joint,3,1.0679386697813011,1.1011495607451096
opentelemetry_demo,opentelemetry_demo--split--N--r0--browse_product,masks,storm_sparse,3,0.9826886942429633,1.0469292355810909
opentelemetry_demo,opentelemetry_demo--split--N--r0--browse_product,masks,storm_compact,3,1.000713722961709,1.0704942356493834
opentelemetry_demo,opentelemetry_demo--split--N--r0--browse_product,metadata,ours_direct,3,0.8239161131838568,1.045155374231748
opentelemetry_demo,opentelemetry_demo--split--N--r0--browse_product,metadata,ours_prepared,3,0.7515101518816187,1.0298302450006533
opentelemetry_demo,opentelemetry_demo--split--N--r0--browse_product,metadata,cudd_fixed,3,0.7666866626674665,1.0178267586083374
opentelemetry_demo,opentelemetry_demo--split--N--r0--browse_product,metadata,cudd_sift,3,0.7941332700083114,1.0897685922219695
opentelemetry_demo,opentelemetry_demo--split--N--r0--browse_product,metadata,agrum_conditioned,3,1.0437152306638915,1.068248562006095
opentelemetry_demo,opentelemetry_demo--split--N--r0--browse_product,metadata,agrum_joint,3,0.905554298561181,0.9702209613323596
opentelemetry_demo,opentelemetry_demo--split--N--r0--browse_product,metadata,storm_sparse,3,0.8840440374717145,1.0649432133502532
opentelemetry_demo,opentelemetry_demo--split--N--r0--browse_product,metadata,storm_compact,3,0.7278523342187857,0.9689333319513257
opentelemetry_demo,opentelemetry_demo--split--N--r0--browse_product,structure,ours_direct,3,0.8603282301635509,1.095667852724256
opentelemetry_demo,opentelemetry_demo--split--N--r0--browse_product,structure,ours_prepared,3,0.9925015513175858,1.1055970599922738
opentelemetry_demo,opentelemetry_demo--split--N--r0--browse_product,structure,cudd_fixed,3,0.8379920731291903,1.086824392008097
opentelemetry_demo,opentelemetry_demo--split--N--r0--browse_product,structure,cudd_sift,3,0.9202154855462108,1.1022199881563908
opentelemetry_demo,opentelemetry_demo--split--N--r0--browse_product,structure,agrum_conditioned,3,1.1133874593820126,1.1293125707332672
opentelemetry_demo,opentelemetry_demo--split--N--r0--browse_product,structure,agrum_joint,3,1.0942186169490418,1.1219512114921673
opentelemetry_demo,opentelemetry_demo--split--N--r0--browse_product,structure,storm_sparse,3,0.9410989989638548,1.0517922526580261
opentelemetry_demo,opentelemetry_demo--split--N--r0--browse_product,structure,storm_compact,3,0.9267530821061234,1.052919969439404
opentelemetry_demo,opentelemetry_demo--split--N--r0--browse_product,restore,ours_direct,3,0.8008774536019173,1.0546301542993077
opentelemetry_demo,opentelemetry_demo--split--N--r0--browse_product,restore,ours_prepared,3,0.9538055190964626,1.0737896628220958
opentelemetry_demo,opentelemetry_demo--split--N--r0--browse_product,restore,cudd_fixed,3,0.7727576862270628,1.0277865890122462
opentelemetry_demo,opentelemetry_demo--split--N--r0--browse_product,restore,cudd_sift,3,0.9125069026378233,1.1032507460892904
opentelemetry_demo,opentelemetry_demo--split--N--r0--browse_product,restore,agrum_conditioned,3,1.124791173972871,1.1418592791472177
opentelemetry_demo,opentelemetry_demo--split--N--r0--browse_product,restore,agrum_joint,3,1.1072694330079467,1.1308622730573588
opentelemetry_demo,opentelemetry_demo--split--N--r0--browse_product,restore,storm_sparse,3,0.9539772005465231,1.1170352222840447
opentelemetry_demo,opentelemetry_demo--split--N--r0--browse_product,restore,storm_compact,3,0.9486157420275747,1.107690256474266
opentelemetry_demo,opentelemetry_demo--split--N--r0--checkout,initial,ours_direct,3,1.1902692663633565,1.5449722120827314
opentelemetry_demo,opentelemetry_demo--split--N--r0--checkout,initial,ours_prepared,3,1.1107372665415955,1.3242503882052394
opentelemetry_demo,opentelemetry_demo--split--N--r0--checkout,initial,cudd_fixed,3,0.9624715232691211,1.0626203746218403
opentelemetry_demo,opentelemetry_demo--split--N--r0--checkout,initial,cudd_sift,3,1.0142442745917133,1.1148870981523105
opentelemetry_demo,opentelemetry_demo--split--N--r0--checkout,initial,agrum_conditioned,3,1.7274011023097298,1.7704051141331028
opentelemetry_demo,opentelemetry_demo--split--N--r0--checkout,initial,agrum_joint,3,1.5757663408984992,1.6363881214832667
opentelemetry_demo,opentelemetry_demo--split--N--r0--checkout,initial,storm_sparse,3,1.443188248118759,1.6032071589305763
opentelemetry_demo,opentelemetry_demo--split--N--r0--checkout,initial,storm_compact,3,1.3558178000294245,1.532165339184224
opentelemetry_demo,opentelemetry_demo--split--N--r0--checkout,repeat,ours_direct,3,1.1687528300812442,1.5390664364637585
opentelemetry_demo,opentelemetry_demo--split--N--r0--checkout,repeat,ours_prepared,3,0.7975562408397805,1.196124122008961
opentelemetry_demo,opentelemetry_demo--split--N--r0--checkout,repeat,cudd_fixed,3,0.8870240791973445,1.2897602815268523
opentelemetry_demo,opentelemetry_demo--split--N--r0--checkout,repeat,cudd_sift,3,0.8945027990563083,1.299962312046118
opentelemetry_demo,opentelemetry_demo--split--N--r0--checkout,repeat,agrum_conditioned,3,1.6217610670004248,1.6766343410949063
opentelemetry_demo,opentelemetry_demo--split--N--r0--checkout,repeat,agrum_joint,3,1.1082157014230105,1.2228401313333397
opentelemetry_demo,opentelemetry_demo--split--N--r0--checkout,repeat,storm_sparse,3,1.319177438205573,1.85483120389611
opentelemetry_demo,opentelemetry_demo--split--N--r0--checkout,repeat,storm_compact,3,0.6952668945991562,1.223409742288283
opentelemetry_demo,opentelemetry_demo--split--N--r0--checkout,counts,ours_direct,3,1.188498651291234,1.5554506797397583
opentelemetry_demo,opentelemetry_demo--split--N--r0--checkout,counts,ours_prepared,3,0.7925649958876313,1.1852990630801092
opentelemetry_demo,opentelemetry_demo--split--N--r0--checkout,counts,cudd_fixed,3,0.8921216091738872,1.3053645739918438
opentelemetry_demo,opentelemetry_demo--split--N--r0--checkout,counts,cudd_sift,3,0.9059104798033702,1.3436949644585368
opentelemetry_demo,opentelemetry_demo--split--N--r0--checkout,counts,agrum_conditioned,3,1.61033727730211,1.6646710677838323
opentelemetry_demo,opentelemetry_demo--split--N--r0--checkout,counts,agrum_joint,3,1.1267218503703118,1.236091076800242
opentelemetry_demo,opentelemetry_demo--split--N--r0--checkout,counts,storm_sparse,3,1.288979195118518,1.709194224027741
opentelemetry_demo,opentelemetry_demo--split--N--r0--checkout,counts,storm_compact,3,0.7294332033499825,1.1657675149967204
opentelemetry_demo,opentelemetry_demo--split--N--r0--checkout,masks,ours_direct,3,1.1416354805849462,1.5266565368886547
opentelemetry_demo,opentelemetry_demo--split--N--r0--checkout,masks,ours_prepared,3,0.7484015601373882,1.189758766208549
opentelemetry_demo,opentelemetry_demo--split--N--r0--checkout,masks,cudd_fixed,3,0.9224390255870497,1.3614016906960986
opentelemetry_demo,opentelemetry_demo--split--N--r0--checkout,masks,cudd_sift,3,0.9133092665648397,1.3545600901273676
opentelemetry_demo,opentelemetry_demo--split--N--r0--checkout,masks,agrum_conditioned,3,1.7976163903674813,1.8523369501676221
opentelemetry_demo,opentelemetry_demo--split--N--r0--checkout,masks,agrum_joint,3,1.58360178079714,1.6685423968246047
opentelemetry_demo,opentelemetry_demo--split--N--r0--checkout,masks,storm_sparse,3,1.5816364627450434,1.7756822032536377
opentelemetry_demo,opentelemetry_demo--split--N--r0--checkout,masks,storm_compact,3,1.417959935424749,1.6124044864174678
opentelemetry_demo,opentelemetry_demo--split--N--r0--checkout,metadata,ours_direct,3,1.173996956793708,1.5110433368317584
opentelemetry_demo,opentelemetry_demo--split--N--r0--checkout,metadata,ours_prepared,3,0.8318459364456465,1.2591464682366034
opentelemetry_demo,opentelemetry_demo--split--N--r0--checkout,metadata,cudd_fixed,3,0.8679775379960291,1.2860880539102728
opentelemetry_demo,opentelemetry_demo--split--N--r0--checkout,metadata,cudd_sift,3,0.8783528659086283,1.2788378592286402
opentelemetry_demo,opentelemetry_demo--split--N--r0--checkout,metadata,agrum_conditioned,3,1.6498138589163285,1.7072909656546855
opentelemetry_demo,opentelemetry_demo--split--N--r0--checkout,metadata,agrum_joint,3,1.0869971005671486,1.2097424263358252
opentelemetry_demo,opentelemetry_demo--split--N--r0--checkout,metadata,storm_sparse,3,1.4478369134679092,1.9412761841802344
opentelemetry_demo,opentelemetry_demo--split--N--r0--checkout,metadata,storm_compact,3,0.7017354407013001,1.1461616874460911
opentelemetry_demo,opentelemetry_demo--split--N--r0--checkout,structure,ours_direct,3,1.2170289644942858,1.5737718894402102
opentelemetry_demo,opentelemetry_demo--split--N--r0--checkout,structure,ours_prepared,3,1.1205886852227895,1.3330421915781254
opentelemetry_demo,opentelemetry_demo--split--N--r0--checkout,structure,cudd_fixed,3,0.9119774018896001,1.3068881408770983
opentelemetry_demo,opentelemetry_demo--split--N--r0--checkout,structure,cudd_sift,3,1.048107675779146,1.4063983680949248
opentelemetry_demo,opentelemetry_demo--split--N--r0--checkout,structure,agrum_conditioned,3,1.7596375597335754,1.8004422285347963
opentelemetry_demo,opentelemetry_demo--split--N--r0--checkout,structure,agrum_joint,3,1.620106841655812,1.6778734647085474
opentelemetry_demo,opentelemetry_demo--split--N--r0--checkout,structure,storm_sparse,3,2.1006391835682336,2.4695052107483075
opentelemetry_demo,opentelemetry_demo--split--N--r0--checkout,structure,storm_compact,3,2.031122889070188,2.466445305468979
opentelemetry_demo,opentelemetry_demo--split--N--r0--checkout,restore,ours_direct,3,1.1941935933224215,1.586247924359113
opentelemetry_demo,opentelemetry_demo--split--N--r0--checkout,restore,ours_prepared,3,1.1174743760011354,1.3456291680849668
opentelemetry_demo,opentelemetry_demo--split--N--r0--checkout,restore,cudd_fixed,3,0.9330122433056471,1.3596035327520377
opentelemetry_demo,opentelemetry_demo--split--N--r0--checkout,restore,cudd_sift,3,1.0548287537997316,1.4463423136297993
opentelemetry_demo,opentelemetry_demo--split--N--r0--checkout,restore,agrum_conditioned,3,1.7677908983686368,1.8102406542918026
opentelemetry_demo,opentelemetry_demo--split--N--r0--checkout,restore,agrum_joint,3,1.6731098794193193,1.7360496484749675
opentelemetry_demo,opentelemetry_demo--split--N--r0--checkout,restore,storm_sparse,3,1.7590563675555102,2.1279549095383037
opentelemetry_demo,opentelemetry_demo--split--N--r0--checkout,restore,storm_compact,3,1.7450991473092314,2.156849537165594
opentelemetry_demo,opentelemetry_demo--split--NC--r0--add_to_cart,initial,ours_direct,3,1.1457835745128637,1.2989988308597062
opentelemetry_demo,opentelemetry_demo--split--NC--r0--add_to_cart,initial,ours_prepared,3,0.9770165545331729,1.1116150892554484
opentelemetry_demo,opentelemetry_demo--split--NC--r0--add_to_cart,initial,cudd_fixed,3,1.022312166051196,1.1290569203622234
opentelemetry_demo,opentelemetry_demo--split--NC--r0--add_to_cart,initial,cudd_sift,3,0.9721708993461678,1.0525423079004816
opentelemetry_demo,opentelemetry_demo--split--NC--r0--add_to_cart,initial,agrum_conditioned,3,1.2763885335594778,1.292672328220463
opentelemetry_demo,opentelemetry_demo--split--NC--r0--add_to_cart,initial,agrum_joint,3,1.2333063083697975,1.2659189831557596
opentelemetry_demo,opentelemetry_demo--split--NC--r0--add_to_cart,initial,storm_sparse,3,1.3009881699715422,1.359588652661029
opentelemetry_demo,opentelemetry_demo--split--NC--r0--add_to_cart,initial,storm_compact,3,1.3078059793149457,1.3801848024193646
opentelemetry_demo,opentelemetry_demo--split--NC--r0--add_to_cart,repeat,ours_direct,3,1.1683672952488169,1.3104339898565323
opentelemetry_demo,opentelemetry_demo--split--NC--r0--add_to_cart,repeat,ours_prepared,3,0.884550266219002,1.083995551298649
opentelemetry_demo,opentelemetry_demo--split--NC--r0--add_to_cart,repeat,cudd_fixed,3,0.9613164495753876,1.1631229956200007
opentelemetry_demo,opentelemetry_demo--split--NC--r0--add_to_cart,repeat,cudd_sift,3,0.9719574206631912,1.1593003925555054
opentelemetry_demo,opentelemetry_demo--split--NC--r0--add_to_cart,repeat,agrum_conditioned,3,1.1904316473701297,1.2068963456885444
opentelemetry_demo,opentelemetry_demo--split--NC--r0--add_to_cart,repeat,agrum_joint,3,1.0351588976978043,1.0751272140681423
opentelemetry_demo,opentelemetry_demo--split--NC--r0--add_to_cart,repeat,storm_sparse,3,1.2851259252742644,1.41385196413227
opentelemetry_demo,opentelemetry_demo--split--NC--r0--add_to_cart,repeat,storm_compact,3,0.7762147611316105,1.0212005964008568
opentelemetry_demo,opentelemetry_demo--split--NC--r0--add_to_cart,counts,ours_direct,3,1.1544935763103132,1.2857425693231577
opentelemetry_demo,opentelemetry_demo--split--NC--r0--add_to_cart,counts,ours_prepared,3,0.9057333391598247,1.0992310965550196
opentelemetry_demo,opentelemetry_demo--split--NC--r0--add_to_cart,counts,cudd_fixed,3,0.9641443717530997,1.158640788044165
opentelemetry_demo,opentelemetry_demo--split--NC--r0--add_to_cart,counts,cudd_sift,3,0.9610652944068527,1.1482161126977035
opentelemetry_demo,opentelemetry_demo--split--NC--r0--add_to_cart,counts,agrum_conditioned,3,1.1957834208719067,1.2102449845534313
opentelemetry_demo,opentelemetry_demo--split--NC--r0--add_to_cart,counts,agrum_joint,3,1.037341129328609,1.076135632453218
opentelemetry_demo,opentelemetry_demo--split--NC--r0--add_to_cart,counts,storm_sparse,3,1.3103063699050839,1.4203769347418531
opentelemetry_demo,opentelemetry_demo--split--NC--r0--add_to_cart,counts,storm_compact,3,0.8174456526799325,1.0291385613951767
opentelemetry_demo,opentelemetry_demo--split--NC--r0--add_to_cart,masks,ours_direct,3,1.1533904649421787,1.2778896643174789
opentelemetry_demo,opentelemetry_demo--split--NC--r0--add_to_cart,masks,ours_prepared,3,0.9064001846185558,1.1140908840438624
opentelemetry_demo,opentelemetry_demo--split--NC--r0--add_to_cart,masks,cudd_fixed,3,0.9658077454007946,1.1861347222781728
opentelemetry_demo,opentelemetry_demo--split--NC--r0--add_to_cart,masks,cudd_sift,3,0.9670213142635975,1.1683031616108246
opentelemetry_demo,opentelemetry_demo--split--NC--r0--add_to_cart,masks,agrum_conditioned,3,1.2657365420775069,1.2790923232588645
opentelemetry_demo,opentelemetry_demo--split--NC--r0--add_to_cart,masks,agrum_joint,3,1.2590532270978134,1.287772947425334
opentelemetry_demo,opentelemetry_demo--split--NC--r0--add_to_cart,masks,storm_sparse,3,1.3292109324696118,1.3844035501847884
opentelemetry_demo,opentelemetry_demo--split--NC--r0--add_to_cart,masks,storm_compact,3,1.1433144602535579,1.2063637718379383
opentelemetry_demo,opentelemetry_demo--split--NC--r0--add_to_cart,metadata,ours_direct,3,1.186090283600325,1.3202376621260583
opentelemetry_demo,opentelemetry_demo--split--NC--r0--add_to_cart,metadata,ours_prepared,3,0.8777405343758333,1.085999405059867
opentelemetry_demo,opentelemetry_demo--split--NC--r0--add_to_cart,metadata,cudd_fixed,3,0.9491207814580928,1.1532647810852614
opentelemetry_demo,opentelemetry_demo--split--NC--r0--add_to_cart,metadata,cudd_sift,3,0.9544063708240479,1.1431775415402348
opentelemetry_demo,opentelemetry_demo--split--NC--r0--add_to_cart,metadata,agrum_conditioned,3,1.1757472178522506,1.190742536078091
opentelemetry_demo,opentelemetry_demo--split--NC--r0--add_to_cart,metadata,agrum_joint,3,1.040708438237117,1.083855852191505
opentelemetry_demo,opentelemetry_demo--split--NC--r0--add_to_cart,metadata,storm_sparse,3,1.3303690958914702,1.4538363966086194
opentelemetry_demo,opentelemetry_demo--split--NC--r0--add_to_cart,metadata,storm_compact,3,0.814788593034627,1.096394021169634
opentelemetry_demo,opentelemetry_demo--split--NC--r0--add_to_cart,structure,ours_direct,3,1.145595913840479,1.2834041361158768
opentelemetry_demo,opentelemetry_demo--split--NC--r0--add_to_cart,structure,ours_prepared,3,1.0187436386279065,1.1588073968765915
opentelemetry_demo,opentelemetry_demo--split--NC--r0--add_to_cart,structure,cudd_fixed,3,0.954866083367632,1.136006326050937
opentelemetry_demo,opentelemetry_demo--split--NC--r0--add_to_cart,structure,cudd_sift,3,0.9958772758402831,1.1614392188994302
opentelemetry_demo,opentelemetry_demo--split--NC--r0--add_to_cart,structure,agrum_conditioned,3,1.2735144174441035,1.2864377701236467
opentelemetry_demo,opentelemetry_demo--split--NC--r0--add_to_cart,structure,agrum_joint,3,1.2728148148636231,1.2980509369208972
opentelemetry_demo,opentelemetry_demo--split--NC--r0--add_to_cart,structure,storm_sparse,3,1.3737105707807569,1.437680211355403
opentelemetry_demo,opentelemetry_demo--split--NC--r0--add_to_cart,structure,storm_compact,3,1.2866385387122803,1.373144159145415
opentelemetry_demo,opentelemetry_demo--split--NC--r0--add_to_cart,restore,ours_direct,3,1.1220995474236408,1.2504519282421633
opentelemetry_demo,opentelemetry_demo--split--NC--r0--add_to_cart,restore,ours_prepared,3,0.7403768813162834,1.1416512490282498
opentelemetry_demo,opentelemetry_demo--split--NC--r0--add_to_cart,restore,cudd_fixed,3,0.9724491323276041,1.1609893844630874
opentelemetry_demo,opentelemetry_demo--split--NC--r0--add_to_cart,restore,cudd_sift,3,1.0128158730802967,1.1843101127773117
opentelemetry_demo,opentelemetry_demo--split--NC--r0--add_to_cart,restore,agrum_conditioned,3,1.2683526645551246,1.2830623537103611
opentelemetry_demo,opentelemetry_demo--split--NC--r0--add_to_cart,restore,agrum_joint,3,1.2486604119588507,1.2797484108724275
opentelemetry_demo,opentelemetry_demo--split--NC--r0--add_to_cart,restore,storm_sparse,3,1.3629608627145817,1.4277651289587197
opentelemetry_demo,opentelemetry_demo--split--NC--r0--add_to_cart,restore,storm_compact,3,1.2589145380452123,1.345996341934251
opentelemetry_demo,opentelemetry_demo--split--NC--r0--browse_product,initial,ours_direct,3,1.0780768341237297,1.209828382455937
opentelemetry_demo,opentelemetry_demo--split--NC--r0--browse_product,initial,ours_prepared,3,0.9805946070740783,1.0984749010442072
opentelemetry_demo,opentelemetry_demo--split--NC--r0--browse_product,initial,cudd_fixed,3,1.2127205199885314,1.3272600757035997
opentelemetry_demo,opentelemetry_demo--split--NC--r0--browse_product,initial,cudd_sift,3,1.0066611892090174,1.0821444235861695
opentelemetry_demo,opentelemetry_demo--split--NC--r0--browse_product,initial,agrum_conditioned,3,1.2006138351601232,1.2154123117503624
opentelemetry_demo,opentelemetry_demo--split--NC--r0--browse_product,initial,agrum_joint,3,1.1567311781822254,1.1847049576135409
opentelemetry_demo,opentelemetry_demo--split--NC--r0--browse_product,initial,storm_sparse,3,1.1188739569734425,1.162590119579065
opentelemetry_demo,opentelemetry_demo--split--NC--r0--browse_product,initial,storm_compact,3,1.0705994501739562,1.1232506625722474
opentelemetry_demo,opentelemetry_demo--split--NC--r0--browse_product,repeat,ours_direct,3,1.1202289167911725,1.2552762623290579
opentelemetry_demo,opentelemetry_demo--split--NC--r0--browse_product,repeat,ours_prepared,3,0.8811981823485517,1.0673454272101173
opentelemetry_demo,opentelemetry_demo--split--NC--r0--browse_product,repeat,cudd_fixed,3,1.0001329415108766,1.1813231934665018
opentelemetry_demo,opentelemetry_demo--split--NC--r0--browse_product,repeat,cudd_sift,3,0.9636433932644468,1.136448925086714
opentelemetry_demo,opentelemetry_demo--split--NC--r0--browse_product,repeat,agrum_conditioned,3,1.1729285914436924,1.1875986730595474
opentelemetry_demo,opentelemetry_demo--split--NC--r0--browse_product,repeat,agrum_joint,3,1.037064737541701,1.0735301895459817
opentelemetry_demo,opentelemetry_demo--split--NC--r0--browse_product,repeat,storm_sparse,3,1.1115348722238443,1.2016959564167278
opentelemetry_demo,opentelemetry_demo--split--NC--r0--browse_product,repeat,storm_compact,3,0.7593307972363891,1.0500072711889055
opentelemetry_demo,opentelemetry_demo--split--NC--r0--browse_product,counts,ours_direct,3,1.1192114411001346,1.2458253655507419
opentelemetry_demo,opentelemetry_demo--split--NC--r0--browse_product,counts,ours_prepared,3,0.9104167703430157,1.0945957971680347
opentelemetry_demo,opentelemetry_demo--split--NC--r0--browse_product,counts,cudd_fixed,3,0.9831901512597897,1.1614155425602208
opentelemetry_demo,opentelemetry_demo--split--NC--r0--browse_product,counts,cudd_sift,3,0.9677705710967908,1.132425823906188
opentelemetry_demo,opentelemetry_demo--split--NC--r0--browse_product,counts,agrum_conditioned,3,1.1695998366358749,1.1831127682294467
opentelemetry_demo,opentelemetry_demo--split--NC--r0--browse_product,counts,agrum_joint,3,1.0503042044237911,1.09072339116837
opentelemetry_demo,opentelemetry_demo--split--NC--r0--browse_product,counts,storm_sparse,3,1.0902538198196645,1.1656839365391511
opentelemetry_demo,opentelemetry_demo--split--NC--r0--browse_product,counts,storm_compact,3,0.8668350930587072,1.0461461754408783
opentelemetry_demo,opentelemetry_demo--split--NC--r0--browse_product,masks,ours_direct,3,1.1028129988073572,1.2427720944242076
opentelemetry_demo,opentelemetry_demo--split--NC--r0--browse_product,masks,ours_prepared,3,0.8964005903611134,1.080221379202827
opentelemetry_demo,opentelemetry_demo--split--NC--r0--browse_product,masks,cudd_fixed,3,0.9825966759319767,1.1565720192811504
opentelemetry_demo,opentelemetry_demo--split--NC--r0--browse_product,masks,cudd_sift,3,0.9768852487106116,1.1462078156713944
opentelemetry_demo,opentelemetry_demo--split--NC--r0--browse_product,masks,agrum_conditioned,3,1.2113654222592583,1.2234550907846513
opentelemetry_demo,opentelemetry_demo--split--NC--r0--browse_product,masks,agrum_joint,3,1.1840581796265577,1.2088354574597246
opentelemetry_demo,opentelemetry_demo--split--NC--r0--browse_product,masks,storm_sparse,3,1.1346287692326393,1.1823288868039254
opentelemetry_demo,opentelemetry_demo--split--NC--r0--browse_product,masks,storm_compact,3,1.135952723910982,1.1947530685362768
opentelemetry_demo,opentelemetry_demo--split--NC--r0--browse_product,metadata,ours_direct,3,1.108994808631922,1.2332405468458538
opentelemetry_demo,opentelemetry_demo--split--NC--r0--browse_product,metadata,ours_prepared,3,0.9317191482364549,1.1255148457185085
opentelemetry_demo,opentelemetry_demo--split--NC--r0--browse_product,metadata,cudd_fixed,3,0.9421271406861008,1.1098280372243834
opentelemetry_demo,opentelemetry_demo--split--NC--r0--browse_product,metadata,cudd_sift,3,0.9333281867321583,1.098747294783808
opentelemetry_demo,opentelemetry_demo--split--NC--r0--browse_product,metadata,agrum_conditioned,3,1.1727066366814392,1.1867398846869759
opentelemetry_demo,opentelemetry_demo--split--NC--r0--browse_product,metadata,agrum_joint,3,1.0419633932652317,1.0914868804366522
opentelemetry_demo,opentelemetry_demo--split--NC--r0--browse_product,metadata,storm_sparse,3,1.0906975039874258,1.182898984866687
opentelemetry_demo,opentelemetry_demo--split--NC--r0--browse_product,metadata,storm_compact,3,0.7782128974963967,1.0749389827464702
opentelemetry_demo,opentelemetry_demo--split--NC--r0--browse_product,structure,ours_direct,3,1.1348801803894013,1.2664340389706779
opentelemetry_demo,opentelemetry_demo--split--NC--r0--browse_product,structure,ours_prepared,3,0.986564968623762,1.098096680345509
opentelemetry_demo,opentelemetry_demo--split--NC--r0--browse_product,structure,cudd_fixed,3,0.9642860766208337,1.1331188472280682
opentelemetry_demo,opentelemetry_demo--split--NC--r0--browse_product,structure,cudd_sift,3,1.0053492993759572,1.1622660962209819
opentelemetry_demo,opentelemetry_demo--split--NC--r0--browse_product,structure,agrum_conditioned,3,1.2236415770334013,1.2348361285882261
opentelemetry_demo,opentelemetry_demo--split--NC--r0--browse_product,structure,agrum_joint,3,1.1796923277742375,1.2019873997257373
opentelemetry_demo,opentelemetry_demo--split--NC--r0--browse_product,structure,storm_sparse,3,1.1313817571100975,1.173600941422594
opentelemetry_demo,opentelemetry_demo--split--NC--r0--browse_product,structure,storm_compact,3,1.1248976672186966,1.1970528635227922
opentelemetry_demo,opentelemetry_demo--split--NC--r0--browse_product,restore,ours_direct,3,1.105007387966239,1.2425967001267058
opentelemetry_demo,opentelemetry_demo--split--NC--r0--browse_product,restore,ours_prepared,3,0.9941526938020736,1.1179643461434194
opentelemetry_demo,opentelemetry_demo--split--NC--r0--browse_product,restore,cudd_fixed,3,0.9723888078472335,1.1450389169550632
opentelemetry_demo,opentelemetry_demo--split--NC--r0--browse_product,restore,cudd_sift,3,1.007975650734512,1.1597897829084038
opentelemetry_demo,opentelemetry_demo--split--NC--r0--browse_product,restore,agrum_conditioned,3,1.2195260732113533,1.2309198594393254
opentelemetry_demo,opentelemetry_demo--split--NC--r0--browse_product,restore,agrum_joint,3,1.1784440428061447,1.2014011990470732
opentelemetry_demo,opentelemetry_demo--split--NC--r0--browse_product,restore,storm_sparse,3,1.1509899869289728,1.201370588235294
opentelemetry_demo,opentelemetry_demo--split--NC--r0--browse_product,restore,storm_compact,3,1.0795613345697135,1.1447539334253392
opentelemetry_demo,opentelemetry_demo--split--NC--r0--checkout,initial,ours_direct,3,1.733668734375398,2.0314781848575447
opentelemetry_demo,opentelemetry_demo--split--NC--r0--checkout,initial,ours_prepared,3,1.2444008797362287,1.5616542339975534
opentelemetry_demo,opentelemetry_demo--split--NC--r0--checkout,initial,cudd_fixed,3,1.1268205477652622,1.2614658014518052
opentelemetry_demo,opentelemetry_demo--split--NC--r0--checkout,initial,cudd_sift,3,1.1873163284140245,1.3253115812212202
opentelemetry_demo,opentelemetry_demo--split--NC--r0--checkout,initial,agrum_conditioned,3,2.3183406624299496,2.358881694195544
opentelemetry_demo,opentelemetry_demo--split--NC--r0--checkout,initial,agrum_joint,3,2.119768207364429,2.201690375544628
opentelemetry_demo,opentelemetry_demo--split--NC--r0--checkout,initial,storm_sparse,3,2.3200653480176534,2.5055875829797007
opentelemetry_demo,opentelemetry_demo--split--NC--r0--checkout,initial,storm_compact,3,2.0429919390761424,2.25934715110173
opentelemetry_demo,opentelemetry_demo--split--NC--r0--checkout,repeat,ours_direct,3,1.7933696546424103,2.0927000476012725
opentelemetry_demo,opentelemetry_demo--split--NC--r0--checkout,repeat,ours_prepared,3,1.1926688882156922,1.6854242947559968
opentelemetry_demo,opentelemetry_demo--split--NC--r0--checkout,repeat,cudd_fixed,3,1.3540920680113422,1.8448134464331387
opentelemetry_demo,opentelemetry_demo--split--NC--r0--checkout,repeat,cudd_sift,3,1.3800890235314438,1.8407940364301694
opentelemetry_demo,opentelemetry_demo--split--NC--r0--checkout,repeat,agrum_conditioned,3,2.1914908526719046,2.2428044443044692
opentelemetry_demo,opentelemetry_demo--split--NC--r0--checkout,repeat,agrum_joint,3,1.541705840715569,1.6594122322110805
opentelemetry_demo,opentelemetry_demo--split--NC--r0--checkout,repeat,storm_sparse,3,2.312506568050002,2.711107052352061
opentelemetry_demo,opentelemetry_demo--split--NC--r0--checkout,repeat,storm_compact,3,0.6435087931975028,1.085178036471842
opentelemetry_demo,opentelemetry_demo--split--NC--r0--checkout,counts,ours_direct,3,1.8042044216280284,2.101528441246934
opentelemetry_demo,opentelemetry_demo--split--NC--r0--checkout,counts,ours_prepared,3,1.1569508786658804,1.646669769514698
opentelemetry_demo,opentelemetry_demo--split--NC--r0--checkout,counts,cudd_fixed,3,1.350367958280207,1.835575800595281
opentelemetry_demo,opentelemetry_demo--split--NC--r0--checkout,counts,cudd_sift,3,1.3927437624439427,1.8752059841333364
opentelemetry_demo,opentelemetry_demo--split--NC--r0--checkout,counts,agrum_conditioned,3,2.1729889298695193,2.2213390666633903
opentelemetry_demo,opentelemetry_demo--split--NC--r0--checkout,counts,agrum_joint,3,1.5508155711990113,1.6553971391030944
opentelemetry_demo,opentelemetry_demo--split--NC--r0--checkout,counts,storm_sparse,3,2.263289708549062,2.627624969330255
opentelemetry_demo,opentelemetry_demo--split--NC--r0--checkout,counts,storm_compact,3,0.665639527581204,1.0396432847327863
opentelemetry_demo,opentelemetry_demo--split--NC--r0--checkout,masks,ours_direct,3,1.834932331931448,2.143254054281108
opentelemetry_demo,opentelemetry_demo--split--NC--r0--checkout,masks,ours_prepared,3,1.1941607749024443,1.7162461257892336
opentelemetry_demo,opentelemetry_demo--split--NC--r0--checkout,masks,cudd_fixed,3,1.4641856809180693,2.0371296976191102
opentelemetry_demo,opentelemetry_demo--split--NC--r0--checkout,masks,cudd_sift,3,1.434189337451216,1.968741950006851
opentelemetry_demo,opentelemetry_demo--split--NC--r0--checkout,masks,agrum_conditioned,3,2.320942049080016,2.3629502166304115
opentelemetry_demo,opentelemetry_demo--split--NC--r0--checkout,masks,agrum_joint,3,1.9409507095369962,2.0131192520421317
opentelemetry_demo,opentelemetry_demo--split--NC--r0--checkout,masks,storm_sparse,3,2.2811905529062058,2.4597541398334757
opentelemetry_demo,opentelemetry_demo--split--NC--r0--checkout,masks,storm_compact,3,1.9026831210317745,2.5906072987527584
opentelemetry_demo,opentelemetry_demo--split--NC--r0--checkout,metadata,ours_direct,3,1.4403640709218264,2.1269761355484644
opentelemetry_demo,opentelemetry_demo--split--NC--r0--checkout,metadata,ours_prepared,3,0.7706659143201399,1.6758231283871494
opentelemetry_demo,opentelemetry_demo--split--NC--r0--checkout,metadata,cudd_fixed,3,1.3841763077398281,1.9345594573474796
opentelemetry_demo,opentelemetry_demo--split--NC--r0--checkout,metadata,cudd_sift,3,1.416001526504504,1.9424219518848878
opentelemetry_demo,opentelemetry_demo--split--NC--r0--checkout,metadata,agrum_conditioned,3,2.28099165403505,2.3413618931945166
opentelemetry_demo,opentelemetry_demo--split--NC--r0--checkout,metadata,agrum_joint,3,1.5885441552065191,1.7262724016066984
opentelemetry_demo,opentelemetry_demo--split--NC--r0--checkout,metadata,storm_sparse,3,2.4241267202590073,2.8738770049917846
opentelemetry_demo,opentelemetry_demo--split--NC--r0--checkout,metadata,storm_compact,3,0.6155993500972329,1.1490887465230142
opentelemetry_demo,opentelemetry_demo--split--NC--r0--checkout,structure,ours_direct,3,2.099267327352791,2.456296523376868
opentelemetry_demo,opentelemetry_demo--split--NC--r0--checkout,structure,ours_prepared,3,1.6444819258348835,2.053099504952031
opentelemetry_demo,opentelemetry_demo--split--NC--r0--checkout,structure,cudd_fixed,3,1.3370519482343737,1.8856873725380214
opentelemetry_demo,opentelemetry_demo--split--NC--r0--checkout,structure,cudd_sift,3,1.3924479222026604,1.8952526920268644
opentelemetry_demo,opentelemetry_demo--split--NC--r0--checkout,structure,agrum_conditioned,3,2.4960330600004776,2.5438545511196677
opentelemetry_demo,opentelemetry_demo--split--NC--r0--checkout,structure,agrum_joint,3,2.2765843322028996,2.3651293988143696
opentelemetry_demo,opentelemetry_demo--split--NC--r0--checkout,structure,storm_sparse,3,2.5602749050348024,2.794188040969498
opentelemetry_demo,opentelemetry_demo--split--NC--r0--checkout,structure,storm_compact,3,2.344399218598484,2.6485218382649323
opentelemetry_demo,opentelemetry_demo--split--NC--r0--checkout,restore,ours_direct,3,1.787649935931969,2.0963841400507626
opentelemetry_demo,opentelemetry_demo--split--NC--r0--checkout,restore,ours_prepared,3,1.2725099885401512,1.5881516898866344
opentelemetry_demo,opentelemetry_demo--split--NC--r0--checkout,restore,cudd_fixed,3,1.362669015540702,1.842951391577345
opentelemetry_demo,opentelemetry_demo--split--NC--r0--checkout,restore,cudd_sift,3,1.417760554105609,1.8557828607637439
opentelemetry_demo,opentelemetry_demo--split--NC--r0--checkout,restore,agrum_conditioned,3,2.380268771762643,2.4289279945306577
opentelemetry_demo,opentelemetry_demo--split--NC--r0--checkout,restore,agrum_joint,3,2.142148255570323,2.2322040985795457
opentelemetry_demo,opentelemetry_demo--split--NC--r0--checkout,restore,storm_sparse,3,2.562427483445839,2.7874230876975687
opentelemetry_demo,opentelemetry_demo--split--NC--r0--checkout,restore,storm_compact,3,2.2159547503467,2.4936148408548657
opentelemetry_demo,opentelemetry_demo--split--NCD--r0--add_to_cart,initial,ours_direct,3,1.148627567595249,1.3117149844539209
opentelemetry_demo,opentelemetry_demo--split--NCD--r0--add_to_cart,initial,ours_prepared,3,1.026154453314359,1.174765978182533
opentelemetry_demo,opentelemetry_demo--split--NCD--r0--add_to_cart,initial,cudd_fixed,3,1.0212374937517466,1.108105097015288
opentelemetry_demo,opentelemetry_demo--split--NCD--r0--add_to_cart,initial,cudd_sift,3,1.006627086738813,1.1043103951963398
opentelemetry_demo,opentelemetry_demo--split--NCD--r0--add_to_cart,initial,agrum_conditioned,3,1.3160386252012706,1.3338115340820305
opentelemetry_demo,opentelemetry_demo--split--NCD--r0--add_to_cart,initial,agrum_joint,3,1.2896381867138855,1.3254397360477925
opentelemetry_demo,opentelemetry_demo--split--NCD--r0--add_to_cart,initial,storm_sparse,3,1.2593674677028528,1.318836359373888
opentelemetry_demo,opentelemetry_demo--split--NCD--r0--add_to_cart,initial,storm_compact,3,1.1921248816458696,1.2680932258161175
opentelemetry_demo,opentelemetry_demo--split--NCD--r0--add_to_cart,repeat,ours_direct,3,1.1643832377087566,1.3285248896298993
opentelemetry_demo,opentelemetry_demo--split--NCD--r0--add_to_cart,repeat,ours_prepared,3,0.9051939713567242,1.1593789262437493
opentelemetry_demo,opentelemetry_demo--split--NCD--r0--add_to_cart,repeat,cudd_fixed,3,1.0019529372134777,1.2106826029084798
opentelemetry_demo,opentelemetry_demo--split--NCD--r0--add_to_cart,repeat,cudd_sift,3,1.0110243654210551,1.2252610981465308
opentelemetry_demo,opentelemetry_demo--split--NCD--r0--add_to_cart,repeat,agrum_conditioned,3,1.2527891360441317,1.269764250899612
opentelemetry_demo,opentelemetry_demo--split--NCD--r0--add_to_cart,repeat,agrum_joint,3,1.1000849327299436,1.1448275717909533
opentelemetry_demo,opentelemetry_demo--split--NCD--r0--add_to_cart,repeat,storm_sparse,3,1.2593118423572136,1.4048924823996944
opentelemetry_demo,opentelemetry_demo--split--NCD--r0--add_to_cart,repeat,storm_compact,3,0.6899182744725272,1.0318020985006118
opentelemetry_demo,opentelemetry_demo--split--NCD--r0--add_to_cart,counts,ours_direct,3,1.163055683050451,1.3141915914206401
opentelemetry_demo,opentelemetry_demo--split--NCD--r0--add_to_cart,counts,ours_prepared,3,0.9298164058426098,1.1529295944040754
opentelemetry_demo,opentelemetry_demo--split--NCD--r0--add_to_cart,counts,cudd_fixed,3,1.013340154911675,1.2203481336373179
opentelemetry_demo,opentelemetry_demo--split--NCD--r0--add_to_cart,counts,cudd_sift,3,1.0207733697016577,1.2148732152546629
opentelemetry_demo,opentelemetry_demo--split--NCD--r0--add_to_cart,counts,agrum_conditioned,3,1.2326261210723723,1.250590433288004
opentelemetry_demo,opentelemetry_demo--split--NCD--r0--add_to_cart,counts,agrum_joint,3,1.088465462233749,1.1319891270410938
opentelemetry_demo,opentelemetry_demo--split--NCD--r0--add_to_cart,counts,storm_sparse,3,1.2739485987729575,1.3955533121911883
opentelemetry_demo,opentelemetry_demo--split--NCD--r0--add_to_cart,counts,storm_compact,3,0.7846295789280235,1.0113700110494555
opentelemetry_demo,opentelemetry_demo--split--NCD--r0--add_to_cart,masks,ours_direct,3,1.2163176019331496,1.375910002309404
opentelemetry_demo,opentelemetry_demo--split--NCD--r0--add_to_cart,masks,ours_prepared,3,0.9801471762952916,1.2641742005780323
opentelemetry_demo,opentelemetry_demo--split--NCD--r0--add_to_cart,masks,cudd_fixed,3,1.0691072431054458,1.3102926919658082
opentelemetry_demo,opentelemetry_demo--split--NCD--r0--add_to_cart,masks,cudd_sift,3,1.0625544324179266,1.2816131756610887
opentelemetry_demo,opentelemetry_demo--split--NCD--r0--add_to_cart,masks,agrum_conditioned,3,1.2823777177855085,1.2961784280467457
opentelemetry_demo,opentelemetry_demo--split--NCD--r0--add_to_cart,masks,agrum_joint,3,1.1214901188288493,1.1452631088598657
opentelemetry_demo,opentelemetry_demo--split--NCD--r0--add_to_cart,masks,storm_sparse,3,1.6113792231962547,1.7025515545248269
opentelemetry_demo,opentelemetry_demo--split--NCD--r0--add_to_cart,masks,storm_compact,3,1.3057536796846192,1.3904587725242694
opentelemetry_demo,opentelemetry_demo--split--NCD--r0--add_to_cart,metadata,ours_direct,3,1.2390114801389713,1.4049926580157561
opentelemetry_demo,opentelemetry_demo--split--NCD--r0--add_to_cart,metadata,ours_prepared,3,0.9698475934746529,1.218254241653691
opentelemetry_demo,opentelemetry_demo--split--NCD--r0--add_to_cart,metadata,cudd_fixed,3,1.0424772600241017,1.3023995797921473
opentelemetry_demo,opentelemetry_demo--split--NCD--r0--add_to_cart,metadata,cudd_sift,3,1.043306393399728,1.2966722132688926
opentelemetry_demo,opentelemetry_demo--split--NCD--r0--add_to_cart,metadata,agrum_conditioned,3,1.3294399305697373,1.3489406717535368
opentelemetry_demo,opentelemetry_demo--split--NCD--r0--add_to_cart,metadata,agrum_joint,3,1.1382962275570938,1.193252921583294
opentelemetry_demo,opentelemetry_demo--split--NCD--r0--add_to_cart,metadata,storm_sparse,3,1.3490642849416061,1.5029725410912798
opentelemetry_demo,opentelemetry_demo--split--NCD--r0--add_to_cart,metadata,storm_compact,3,0.7445182629847065,1.0413950219709782
opentelemetry_demo,opentelemetry_demo--split--NCD--r0--add_to_cart,structure,ours_direct,3,1.20527286551025,1.3669864559819414
opentelemetry_demo,opentelemetry_demo--split--NCD--r0--add_to_cart,structure,ours_prepared,3,1.0550059174211086,1.2002155391505678
opentelemetry_demo,opentelemetry_demo--split--NCD--r0--add_to_cart,structure,cudd_fixed,3,1.0376002876410508,1.2577950315282809
opentelemetry_demo,opentelemetry_demo--split--NCD--r0--add_to_cart,structure,cudd_sift,3,1.0867636006422225,1.2905770406345791
opentelemetry_demo,opentelemetry_demo--split--NCD--r0--add_to_cart,structure,agrum_conditioned,3,1.395381481271699,1.4121230051314297
opentelemetry_demo,opentelemetry_demo--split--NCD--r0--add_to_cart,structure,agrum_joint,3,1.3356942910612,1.3639319771787028
opentelemetry_demo,opentelemetry_demo--split--NCD--r0--add_to_cart,structure,storm_sparse,3,1.2126223585693927,1.2732972294180862
opentelemetry_demo,opentelemetry_demo--split--NCD--r0--add_to_cart,structure,storm_compact,3,1.2425740211298428,1.3697581132572536
opentelemetry_demo,opentelemetry_demo--split--NCD--r0--add_to_cart,restore,ours_direct,3,1.1823074164019116,1.3404337753827407
opentelemetry_demo,opentelemetry_demo--split--NCD--r0--add_to_cart,restore,ours_prepared,3,0.7619437793817597,0.8404997590332293
opentelemetry_demo,opentelemetry_demo--split--NCD--r0--add_to_cart,restore,cudd_fixed,3,1.0535150318489879,1.2662895608978872
opentelemetry_demo,opentelemetry_demo--split--NCD--r0--add_to_cart,restore,cudd_sift,3,1.0918490920399526,1.2838947888070975
opentelemetry_demo,opentelemetry_demo--split--NCD--r0--add_to_cart,restore,agrum_conditioned,3,1.3297637979309849,1.344409960274829
opentelemetry_demo,opentelemetry_demo--split--NCD--r0--add_to_cart,restore,agrum_joint,3,1.2761586328137051,1.3128793693098582
opentelemetry_demo,opentelemetry_demo--split--NCD--r0--add_to_cart,restore,storm_sparse,3,1.3635549809384313,1.439367182741945
opentelemetry_demo,opentelemetry_demo--split--NCD--r0--add_to_cart,restore,storm_compact,3,1.2459719774563347,1.3475281245808992
opentelemetry_demo,opentelemetry_demo--split--NCD--r0--browse_product,initial,ours_direct,3,1.116535807897435,1.2496951666867466
opentelemetry_demo,opentelemetry_demo--split--NCD--r0--browse_product,initial,ours_prepared,3,1.0061986364826576,1.132384001112598
opentelemetry_demo,opentelemetry_demo--split--NCD--r0--browse_product,initial,cudd_fixed,3,1.0499614809543258,1.1317583593030969
opentelemetry_demo,opentelemetry_demo--split--NCD--r0--browse_product,initial,cudd_sift,3,0.9832106115579471,1.0549950296612698
opentelemetry_demo,opentelemetry_demo--split--NCD--r0--browse_product,initial,agrum_conditioned,3,1.2323682418604902,1.246661818740603
opentelemetry_demo,opentelemetry_demo--split--NCD--r0--browse_product,initial,agrum_joint,3,1.1957095818620902,1.225196476472173
opentelemetry_demo,opentelemetry_demo--split--NCD--r0--browse_product,initial,storm_sparse,3,1.0977372231687728,1.1388641308962613
opentelemetry_demo,opentelemetry_demo--split--NCD--r0--browse_product,initial,storm_compact,3,1.0896762604975625,1.1418271831094589
opentelemetry_demo,opentelemetry_demo--split--NCD--r0--browse_product,repeat,ours_direct,3,1.1415751229012983,1.283525745229393
opentelemetry_demo,opentelemetry_demo--split--NCD--r0--browse_product,repeat,ours_prepared,3,0.9247124682594832,1.1361786283070765
opentelemetry_demo,opentelemetry_demo--split--NCD--r0--browse_product,repeat,cudd_fixed,3,1.026099328962295,1.2070207723755682
opentelemetry_demo,opentelemetry_demo--split--NCD--r0--browse_product,repeat,cudd_sift,3,1.0143919584032282,1.1868371887529612
opentelemetry_demo,opentelemetry_demo--split--NCD--r0--browse_product,repeat,agrum_conditioned,3,1.2243432083529415,1.2385418055938828
opentelemetry_demo,opentelemetry_demo--split--NCD--r0--browse_product,repeat,agrum_joint,3,1.095849842657923,1.1356877004613828
opentelemetry_demo,opentelemetry_demo--split--NCD--r0--browse_product,repeat,storm_sparse,3,1.1039979442244174,1.1971104380817508
opentelemetry_demo,opentelemetry_demo--split--NCD--r0--browse_product,repeat,storm_compact,3,0.7854988769988039,1.0136650382613392
opentelemetry_demo,opentelemetry_demo--split--NCD--r0--browse_product,counts,ours_direct,3,1.1388076657866242,1.264466406412409
opentelemetry_demo,opentelemetry_demo--split--NCD--r0--browse_product,counts,ours_prepared,3,0.9553096675415905,1.1401194134307304
opentelemetry_demo,opentelemetry_demo--split--NCD--r0--browse_product,counts,cudd_fixed,3,0.9967042060485383,1.1652977070052097
opentelemetry_demo,opentelemetry_demo--split--NCD--r0--browse_product,counts,cudd_sift,3,1.0159692065390358,1.186477977902225
opentelemetry_demo,opentelemetry_demo--split--NCD--r0--browse_product,counts,agrum_conditioned,3,1.2243424384097361,1.2379216469511674
opentelemetry_demo,opentelemetry_demo--split--NCD--r0--browse_product,counts,agrum_joint,3,1.0850491017339394,1.119852371217071
opentelemetry_demo,opentelemetry_demo--split--NCD--r0--browse_product,counts,storm_sparse,3,1.114460916179969,1.1953447506137722
opentelemetry_demo,opentelemetry_demo--split--NCD--r0--browse_product,counts,storm_compact,3,0.8499693217558856,1.0486203366212865
opentelemetry_demo,opentelemetry_demo--split--NCD--r0--browse_product,masks,ours_direct,3,1.1358501408577169,1.2613882322431351
opentelemetry_demo,opentelemetry_demo--split--NCD--r0--browse_product,masks,ours_prepared,3,0.9810016656519058,1.1800243544125615
opentelemetry_demo,opentelemetry_demo--split--NCD--r0--browse_product,masks,cudd_fixed,3,1.0565260218329526,1.2462706304909767
opentelemetry_demo,opentelemetry_demo--split--NCD--r0--browse_product,masks,cudd_sift,3,1.0402209066857844,1.217540270950331
opentelemetry_demo,opentelemetry_demo--split--NCD--r0--browse_product,masks,agrum_conditioned,3,1.2707641977469928,1.282826084168336
opentelemetry_demo,opentelemetry_demo--split--NCD--r0--browse_product,masks,agrum_joint,3,1.2093693921475275,1.2347873134516187
opentelemetry_demo,opentelemetry_demo--split--NCD--r0--browse_product,masks,storm_sparse,3,1.2872883038414054,1.341577142576167
opentelemetry_demo,opentelemetry_demo--split--NCD--r0--browse_product,masks,storm_compact,3,1.1480606126888688,1.2050901684373867
opentelemetry_demo,opentelemetry_demo--split--NCD--r0--browse_product,metadata,ours_direct,3,1.1697571089511958,1.3038141826535548
opentelemetry_demo,opentelemetry_demo--split--NCD--r0--browse_product,metadata,ours_prepared,3,0.961096671739867,1.1565531937720936
opentelemetry_demo,opentelemetry_demo--split--NCD--r0--browse_product,metadata,cudd_fixed,3,0.9736918081747094,1.166276357478845
opentelemetry_demo,opentelemetry_demo--split--NCD--r0--browse_product,metadata,cudd_sift,3,0.9793079862014598,1.1732316164296008
opentelemetry_demo,opentelemetry_demo--split--NCD--r0--browse_product,metadata,agrum_conditioned,3,1.2238820589750683,1.2374450831381967
opentelemetry_demo,opentelemetry_demo--split--NCD--r0--browse_product,metadata,agrum_joint,3,1.0758450284328827,1.1117872278743968
opentelemetry_demo,opentelemetry_demo--split--NCD--r0--browse_product,metadata,storm_sparse,3,1.1218303671906567,1.2220074923964217
opentelemetry_demo,opentelemetry_demo--split--NCD--r0--browse_product,metadata,storm_compact,3,0.8872246210342302,1.1751958987734545
opentelemetry_demo,opentelemetry_demo--split--NCD--r0--browse_product,structure,ours_direct,3,1.1416488137467338,1.2744391947160874
opentelemetry_demo,opentelemetry_demo--split--NCD--r0--browse_product,structure,ours_prepared,3,1.0256580397278683,1.149909938887102
opentelemetry_demo,opentelemetry_demo--split--NCD--r0--browse_product,structure,cudd_fixed,3,0.985305819699597,1.1654986153529907
opentelemetry_demo,opentelemetry_demo--split--NCD--r0--browse_product,structure,cudd_sift,3,1.0468504119494304,1.2129962735205058
opentelemetry_demo,opentelemetry_demo--split--NCD--r0--browse_product,structure,agrum_conditioned,3,1.2561321846375861,1.2671182853294134
opentelemetry_demo,opentelemetry_demo--split--NCD--r0--browse_product,structure,agrum_joint,3,1.2058385806725171,1.2287209613061654
opentelemetry_demo,opentelemetry_demo--split--NCD--r0--browse_product,structure,storm_sparse,3,1.0250202446223895,1.0660075664767272
opentelemetry_demo,opentelemetry_demo--split--NCD--r0--browse_product,structure,storm_compact,3,1.1004751182920542,1.1688270300861003
opentelemetry_demo,opentelemetry_demo--split--NCD--r0--browse_product,restore,ours_direct,3,1.1370347050236234,1.2713790772350853
opentelemetry_demo,opentelemetry_demo--split--NCD--r0--browse_product,restore,ours_prepared,3,1.0069663137156462,1.1327401529814696
opentelemetry_demo,opentelemetry_demo--split--NCD--r0--browse_product,restore,cudd_fixed,3,0.9756053324249636,1.1406740315444268
opentelemetry_demo,opentelemetry_demo--split--NCD--r0--browse_product,restore,cudd_sift,3,1.0460599362940624,1.2111004021268583
opentelemetry_demo,opentelemetry_demo--split--NCD--r0--browse_product,restore,agrum_conditioned,3,1.2533175200754998,1.2641880895723243
opentelemetry_demo,opentelemetry_demo--split--NCD--r0--browse_product,restore,agrum_joint,3,1.2019712001401968,1.2293944126195198
opentelemetry_demo,opentelemetry_demo--split--NCD--r0--browse_product,restore,storm_sparse,3,1.1625834125814842,1.2142697507673832
opentelemetry_demo,opentelemetry_demo--split--NCD--r0--browse_product,restore,storm_compact,3,1.117361863570986,1.191729135303946
opentelemetry_demo,opentelemetry_demo--split--NCD--r0--checkout,initial,ours_direct,3,1.3916798376666708,1.5868958579604802
opentelemetry_demo,opentelemetry_demo--split--NCD--r0--checkout,initial,ours_prepared,3,1.1145168583344895,1.3368632822767055
opentelemetry_demo,opentelemetry_demo--split--NCD--r0--checkout,initial,cudd_fixed,3,1.0471286774507413,1.1619306728387402
opentelemetry_demo,opentelemetry_demo--split--NCD--r0--checkout,initial,cudd_sift,3,1.0637879301709157,1.1778129112608318
opentelemetry_demo,opentelemetry_demo--split--NCD--r0--checkout,initial,agrum_conditioned,3,1.8962797622786762,1.9233379776148227
opentelemetry_demo,opentelemetry_demo--split--NCD--r0--checkout,initial,agrum_joint,3,1.7319269985691728,1.784974989894907
opentelemetry_demo,opentelemetry_demo--split--NCD--r0--checkout,initial,storm_sparse,3,2.04617127374764,2.1926775815392547
opentelemetry_demo,opentelemetry_demo--split--NCD--r0--checkout,initial,storm_compact,3,1.79728811425189,1.9805290428142897
opentelemetry_demo,opentelemetry_demo--split--NCD--r0--checkout,repeat,ours_direct,3,1.4183197322638434,1.6147434442330895
opentelemetry_demo,opentelemetry_demo--split--NCD--r0--checkout,repeat,ours_prepared,3,0.9765450852667427,1.2898398648973144
opentelemetry_demo,opentelemetry_demo--split--NCD--r0--checkout,repeat,cudd_fixed,3,1.1103368796171957,1.424340512931873
opentelemetry_demo,opentelemetry_demo--split--NCD--r0--checkout,repeat,cudd_sift,3,1.12454128241763,1.4198503580967585
opentelemetry_demo,opentelemetry_demo--split--NCD--r0--checkout,repeat,agrum_conditioned,3,1.6834487904790312,1.7127062013928123
opentelemetry_demo,opentelemetry_demo--split--NCD--r0--checkout,repeat,agrum_joint,3,1.1976904688471897,1.2650619185845078
opentelemetry_demo,opentelemetry_demo--split--NCD--r0--checkout,repeat,storm_sparse,3,2.0462391073763104,2.3390076583610444
opentelemetry_demo,opentelemetry_demo--split--NCD--r0--checkout,repeat,storm_compact,3,0.7613448234364277,1.2298588583682752
opentelemetry_demo,opentelemetry_demo--split--NCD--r0--checkout,counts,ours_direct,3,1.411109854517437,1.6001429229262618
opentelemetry_demo,opentelemetry_demo--split--NCD--r0--checkout,counts,ours_prepared,3,0.9751744115405713,1.275162854451355
opentelemetry_demo,opentelemetry_demo--split--NCD--r0--checkout,counts,cudd_fixed,3,1.0851806912621156,1.3754555868821954
opentelemetry_demo,opentelemetry_demo--split--NCD--r0--checkout,counts,cudd_sift,3,1.139511548125306,1.4305144666285792
opentelemetry_demo,opentelemetry_demo--split--NCD--r0--checkout,counts,agrum_conditioned,3,1.6721861347117697,1.7001276513409587
opentelemetry_demo,opentelemetry_demo--split--NCD--r0--checkout,counts,agrum_joint,3,1.1893734531498334,1.2534994655602374
opentelemetry_demo,opentelemetry_demo--split--NCD--r0--checkout,counts,storm_sparse,3,2.0170407944552418,2.277166459134138
opentelemetry_demo,opentelemetry_demo--split--NCD--r0--checkout,counts,storm_compact,3,0.7978113626956289,1.1855493691030548
opentelemetry_demo,opentelemetry_demo--split--NCD--r0--checkout,masks,ours_direct,3,1.1624653917329077,1.5809029643041104
opentelemetry_demo,opentelemetry_demo--split--NCD--r0--checkout,masks,ours_prepared,3,0.6823359855617595,1.2634144043527502
opentelemetry_demo,opentelemetry_demo--split--NCD--r0--checkout,masks,cudd_fixed,3,1.13847716570621,1.4733392578169222
opentelemetry_demo,opentelemetry_demo--split--NCD--r0--checkout,masks,cudd_sift,3,1.1388461037858015,1.4398246742631482
opentelemetry_demo,opentelemetry_demo--split--NCD--r0--checkout,masks,agrum_conditioned,3,1.880873272841566,1.909650736381416
opentelemetry_demo,opentelemetry_demo--split--NCD--r0--checkout,masks,agrum_joint,3,1.6641218221170615,1.7245837829765636
opentelemetry_demo,opentelemetry_demo--split--NCD--r0--checkout,masks,storm_sparse,3,1.9593116997952424,2.0920900233315076
opentelemetry_demo,opentelemetry_demo--split--NCD--r0--checkout,masks,storm_compact,3,1.8633236563048583,2.07895602721546
opentelemetry_demo,opentelemetry_demo--split--NCD--r0--checkout,metadata,ours_direct,3,1.3974969736862672,1.5908892274255362
opentelemetry_demo,opentelemetry_demo--split--NCD--r0--checkout,metadata,ours_prepared,3,0.9544450982841474,1.2771853750923565
opentelemetry_demo,opentelemetry_demo--split--NCD--r0--checkout,metadata,cudd_fixed,3,1.108683149460997,1.455179637546097
opentelemetry_demo,opentelemetry_demo--split--NCD--r0--checkout,metadata,cudd_sift,3,1.094214658537655,1.424825950560641
opentelemetry_demo,opentelemetry_demo--split--NCD--r0--checkout,metadata,agrum_conditioned,3,1.6820159644755883,1.7113992131482334
opentelemetry_demo,opentelemetry_demo--split--NCD--r0--checkout,metadata,agrum_joint,3,1.1717256557033318,1.242641403676627
opentelemetry_demo,opentelemetry_demo--split--NCD--r0--checkout,metadata,storm_sparse,3,2.076975109643551,2.3885023541511665
opentelemetry_demo,opentelemetry_demo--split--NCD--r0--checkout,metadata,storm_compact,3,0.7113364153384422,1.2735283780534137
opentelemetry_demo,opentelemetry_demo--split--NCD--r0--checkout,structure,ours_direct,3,1.6065498363165118,1.8272871091045784
opentelemetry_demo,opentelemetry_demo--split--NCD--r0--checkout,structure,ours_prepared,3,1.1107591015096894,1.345784912763431
opentelemetry_demo,opentelemetry_demo--split--NCD--r0--checkout,structure,cudd_fixed,3,1.1275398658173321,1.440292652154538
opentelemetry_demo,opentelemetry_demo--split--NCD--r0--checkout,structure,cudd_sift,3,1.1504251837461952,1.4337516539611919
opentelemetry_demo,opentelemetry_demo--split--NCD--r0--checkout,structure,agrum_conditioned,3,1.8615210144296224,1.8879151180478313
opentelemetry_demo,opentelemetry_demo--split--NCD--r0--checkout,structure,agrum_joint,3,1.7801469525045588,1.8386567686482458
opentelemetry_demo,opentelemetry_demo--split--NCD--r0--checkout,structure,storm_sparse,3,2.165025337626096,2.3312025566823054
opentelemetry_demo,opentelemetry_demo--split--NCD--r0--checkout,structure,storm_compact,3,1.9333213880324118,2.1536100790691757
opentelemetry_demo,opentelemetry_demo--split--NCD--r0--checkout,restore,ours_direct,3,1.3576092159619693,1.5610481770533746
opentelemetry_demo,opentelemetry_demo--split--NCD--r0--checkout,restore,ours_prepared,3,1.1073488124718145,1.3637578140969773
opentelemetry_demo,opentelemetry_demo--split--NCD--r0--checkout,restore,cudd_fixed,3,1.143791125965135,1.4556780572127241
opentelemetry_demo,opentelemetry_demo--split--NCD--r0--checkout,restore,cudd_sift,3,1.1909354709508377,1.47359160231665
opentelemetry_demo,opentelemetry_demo--split--NCD--r0--checkout,restore,agrum_conditioned,3,1.872519061862828,1.8989523385853908
opentelemetry_demo,opentelemetry_demo--split--NCD--r0--checkout,restore,agrum_joint,3,1.8055082461767362,1.8640077417975458
opentelemetry_demo,opentelemetry_demo--split--NCD--r0--checkout,restore,storm_sparse,3,2.1709603620483575,2.339292091775176
opentelemetry_demo,opentelemetry_demo--split--NCD--r0--checkout,restore,storm_compact,3,1.9629056616250555,2.1932928676978136
opentelemetry_demo,opentelemetry_demo--split--ND--r0--add_to_cart,initial,ours_direct,3,0.9806044023610428,1.3058442556592849
opentelemetry_demo,opentelemetry_demo--split--ND--r0--add_to_cart,initial,ours_prepared,3,1.0417425068870114,1.1772782727953488
opentelemetry_demo,opentelemetry_demo--split--ND--r0--add_to_cart,initial,cudd_fixed,3,0.983507198044649,1.0324909516787562
opentelemetry_demo,opentelemetry_demo--split--ND--r0--add_to_cart,initial,cudd_sift,3,0.9076985818644951,0.949360303318436
opentelemetry_demo,opentelemetry_demo--split--ND--r0--add_to_cart,initial,agrum_conditioned,3,1.376970132209332,1.415212447636146
opentelemetry_demo,opentelemetry_demo--split--ND--r0--add_to_cart,initial,agrum_joint,3,1.20609660742809,1.2536481865179017
opentelemetry_demo,opentelemetry_demo--split--ND--r0--add_to_cart,initial,storm_sparse,3,1.230026229074952,1.365982725385528
opentelemetry_demo,opentelemetry_demo--split--ND--r0--add_to_cart,initial,storm_compact,3,1.0828332453161016,1.20470817539127
opentelemetry_demo,opentelemetry_demo--split--ND--r0--add_to_cart,repeat,ours_direct,3,0.9726220052536633,1.3473966802352864
opentelemetry_demo,opentelemetry_demo--split--ND--r0--add_to_cart,repeat,ours_prepared,3,0.7887668452239209,1.1688164790120894
opentelemetry_demo,opentelemetry_demo--split--ND--r0--add_to_cart,repeat,cudd_fixed,3,0.989037080772191,1.4669859018136777
opentelemetry_demo,opentelemetry_demo--split--ND--r0--add_to_cart,repeat,cudd_sift,3,1.032780477368016,1.460273795837928
opentelemetry_demo,opentelemetry_demo--split--ND--r0--add_to_cart,repeat,agrum_conditioned,3,1.317971053258456,1.3641630339946231
opentelemetry_demo,opentelemetry_demo--split--ND--r0--add_to_cart,repeat,agrum_joint,3,1.0878330206080145,1.2004972830607934
opentelemetry_demo,opentelemetry_demo--split--ND--r0--add_to_cart,repeat,storm_sparse,3,1.1528478156258988,1.9368343223860978
opentelemetry_demo,opentelemetry_demo--split--ND--r0--add_to_cart,repeat,storm_compact,3,0.7540542236726496,1.379693759562714
opentelemetry_demo,opentelemetry_demo--split--ND--r0--add_to_cart,counts,ours_direct,3,0.9380309784046732,1.2893792482303439
opentelemetry_demo,opentelemetry_demo--split--ND--r0--add_to_cart,counts,ours_prepared,3,0.7786374133949192,1.1538526573877388
opentelemetry_demo,opentelemetry_demo--split--ND--r0--add_to_cart,counts,cudd_fixed,3,0.8867219898509752,1.285383665739361
opentelemetry_demo,opentelemetry_demo--split--ND--r0--add_to_cart,counts,cudd_sift,3,0.8520029537836202,1.1977015069186532
opentelemetry_demo,opentelemetry_demo--split--ND--r0--add_to_cart,counts,agrum_conditioned,3,1.3032953201065922,1.3458169423997532
opentelemetry_demo,opentelemetry_demo--split--ND--r0--add_to_cart,counts,agrum_joint,3,1.0807719387417711,1.1852935894365957
opentelemetry_demo,opentelemetry_demo--split--ND--r0--add_to_cart,counts,storm_sparse,3,1.1139161506644804,1.6179100518492702
opentelemetry_demo,opentelemetry_demo--split--ND--r0--add_to_cart,counts,storm_compact,3,0.6166125124219788,0.9861387738470347
opentelemetry_demo,opentelemetry_demo--split--ND--r0--add_to_cart,masks,ours_direct,3,0.9495082898289129,1.3191711066444736
opentelemetry_demo,opentelemetry_demo--split--ND--r0--add_to_cart,masks,ours_prepared,3,0.8068056372129484,1.2186828504482554
opentelemetry_demo,opentelemetry_demo--split--ND--r0--add_to_cart,masks,cudd_fixed,3,0.860875976797441,1.2487500202262098
opentelemetry_demo,opentelemetry_demo--split--ND--r0--add_to_cart,masks,cudd_sift,3,0.8990518696509209,1.2921782905639367
opentelemetry_demo,opentelemetry_demo--split--ND--r0--add_to_cart,masks,agrum_conditioned,3,1.4402853643040863,1.4803634573910214
opentelemetry_demo,opentelemetry_demo--split--ND--r0--add_to_cart,masks,agrum_joint,3,1.2294446662162577,1.2777177649852725
opentelemetry_demo,opentelemetry_demo--split--ND--r0--add_to_cart,masks,storm_sparse,3,1.036677083130663,1.136993281861577
opentelemetry_demo,opentelemetry_demo--split--ND--r0--add_to_cart,masks,storm_compact,3,1.030211596963678,1.13790858234245
opentelemetry_demo,opentelemetry_demo--split--ND--r0--add_to_cart,metadata,ours_direct,3,0.9503603180198175,1.3067428448229397
opentelemetry_demo,opentelemetry_demo--split--ND--r0--add_to_cart,metadata,ours_prepared,3,0.7559855714130606,1.1698049071131753
opentelemetry_demo,opentelemetry_demo--split--ND--r0--add_to_cart,metadata,cudd_fixed,3,0.8652262565828713,1.3060464761270356
opentelemetry_demo,opentelemetry_demo--split--ND--r0--add_to_cart,metadata,cudd_sift,3,0.8655251900613959,1.2432971020268913
opentelemetry_demo,opentelemetry_demo--split--ND--r0--add_to_cart,metadata,agrum_conditioned,3,1.3143027945880974,1.3621396685173504
opentelemetry_demo,opentelemetry_demo--split--ND--r0--add_to_cart,metadata,agrum_joint,3,1.077891287371892,1.2017120680615063
opentelemetry_demo,opentelemetry_demo--split--ND--r0--add_to_cart,metadata,storm_sparse,3,0.9320765436178686,1.2620189887436821
opentelemetry_demo,opentelemetry_demo--split--ND--r0--add_to_cart,metadata,storm_compact,3,0.6403243308822043,0.960704567399128
opentelemetry_demo,opentelemetry_demo--split--ND--r0--add_to_cart,structure,ours_direct,3,0.9490943892240061,1.3002018122247552
opentelemetry_demo,opentelemetry_demo--split--ND--r0--add_to_cart,structure,ours_prepared,3,1.065789495926878,1.2018706558736878
opentelemetry_demo,opentelemetry_demo--split--ND--r0--add_to_cart,structure,cudd_fixed,3,0.8953504505008211,1.246821707247594
opentelemetry_demo,opentelemetry_demo--split--ND--r0--add_to_cart,structure,cudd_sift,3,0.9824444195871059,1.2429499419491647
opentelemetry_demo,opentelemetry_demo--split--ND--r0--add_to_cart,structure,agrum_conditioned,3,1.365443001367126,1.3925855977226143
opentelemetry_demo,opentelemetry_demo--split--ND--r0--add_to_cart,structure,agrum_joint,3,1.2570753562453636,1.3003064208500743
opentelemetry_demo,opentelemetry_demo--split--ND--r0--add_to_cart,structure,storm_sparse,3,1.135542960526452,1.3296407356256055
opentelemetry_demo,opentelemetry_demo--split--ND--r0--add_to_cart,structure,storm_compact,3,1.055604343845192,1.2532783574158006
opentelemetry_demo,opentelemetry_demo--split--ND--r0--add_to_cart,restore,ours_direct,3,0.9539418191804468,1.34888548883638
opentelemetry_demo,opentelemetry_demo--split--ND--r0--add_to_cart,restore,ours_prepared,3,1.0447352650183748,1.2285455471780926
opentelemetry_demo,opentelemetry_demo--split--ND--r0--add_to_cart,restore,cudd_fixed,3,0.8800568145135257,1.2398990972175845
opentelemetry_demo,opentelemetry_demo--split--ND--r0--add_to_cart,restore,cudd_sift,3,1.0015622611221526,1.275792756465701
opentelemetry_demo,opentelemetry_demo--split--ND--r0--add_to_cart,restore,agrum_conditioned,3,1.3816938201549263,1.409464337225014
opentelemetry_demo,opentelemetry_demo--split--ND--r0--add_to_cart,restore,agrum_joint,3,1.269277241550379,1.3028245819721254
opentelemetry_demo,opentelemetry_demo--split--ND--r0--add_to_cart,restore,storm_sparse,3,1.3619292180125382,1.696067950056494
opentelemetry_demo,opentelemetry_demo--split--ND--r0--add_to_cart,restore,storm_compact,3,0.9414661491686682,1.148405958954851
opentelemetry_demo,opentelemetry_demo--split--ND--r0--browse_product,initial,ours_direct,3,0.8375492817023115,1.1100307602230923
opentelemetry_demo,opentelemetry_demo--split--ND--r0--browse_product,initial,ours_prepared,3,0.9943493502247028,1.0976163561954877
opentelemetry_demo,opentelemetry_demo--split--ND--r0--browse_product,initial,cudd_fixed,3,0.9430875247201778,0.9801043575783689
opentelemetry_demo,opentelemetry_demo--split--ND--r0--browse_product,initial,cudd_sift,3,0.9819872225978264,1.0205303728506268
opentelemetry_demo,opentelemetry_demo--split--ND--r0--browse_product,initial,agrum_conditioned,3,1.1206213312476643,1.1379022678317279
opentelemetry_demo,opentelemetry_demo--split--ND--r0--browse_product,initial,agrum_joint,3,1.0796823120773626,1.1007056719820125
opentelemetry_demo,opentelemetry_demo--split--ND--r0--browse_product,initial,storm_sparse,3,0.9744632432241356,1.0665986241481291
opentelemetry_demo,opentelemetry_demo--split--ND--r0--browse_product,initial,storm_compact,3,1.0073783516850439,1.1005767363687315
opentelemetry_demo,opentelemetry_demo--split--ND--r0--browse_product,repeat,ours_direct,3,0.7927759902948468,1.043441713651803
opentelemetry_demo,opentelemetry_demo--split--ND--r0--browse_product,repeat,ours_prepared,3,0.7319531926547107,1.0548480174212866
opentelemetry_demo,opentelemetry_demo--split--ND--r0--browse_product,repeat,cudd_fixed,3,0.6580476834487171,1.0797055423584558
opentelemetry_demo,opentelemetry_demo--split--ND--r0--browse_product,repeat,cudd_sift,3,0.6533000007336596,1.0523530199711537
opentelemetry_demo,opentelemetry_demo--split--ND--r0--browse_product,repeat,agrum_conditioned,3,1.0408561492933313,1.0712105761720212
opentelemetry_demo,opentelemetry_demo--split--ND--r0--browse_product,repeat,agrum_joint,3,0.8989379827716348,0.9787479694157871
opentelemetry_demo,opentelemetry_demo--split--ND--r0--browse_product,repeat,storm_sparse,3,0.5969824246197167,0.9427927577188555
opentelemetry_demo,opentelemetry_demo--split--ND--r0--browse_product,repeat,storm_compact,3,0.5560901035607603,0.9053958693345039
opentelemetry_demo,opentelemetry_demo--split--ND--r0--browse_product,counts,ours_direct,3,0.8113388904857718,1.0757923099821698
opentelemetry_demo,opentelemetry_demo--split--ND--r0--browse_product,counts,ours_prepared,3,0.708022400397853,0.9736022832858883
opentelemetry_demo,opentelemetry_demo--split--ND--r0--browse_product,counts,cudd_fixed,3,0.7652566944831125,1.0279685394423137
opentelemetry_demo,opentelemetry_demo--split--ND--r0--browse_product,counts,cudd_sift,3,0.744979532594768,0.985660418568954
opentelemetry_demo,opentelemetry_demo--split--ND--r0--browse_product,counts,agrum_conditioned,3,1.0174020894905778,1.0446014896146145
opentelemetry_demo,opentelemetry_demo--split--ND--r0--browse_product,counts,agrum_joint,3,0.8986413401057979,0.9701973436453296
opentelemetry_demo,opentelemetry_demo--split--ND--r0--browse_product,counts,storm_sparse,3,0.7744672432687156,1.0128258474377607
opentelemetry_demo,opentelemetry_demo--split--ND--r0--browse_product,counts,storm_compact,3,0.7642035330321073,1.060499958099999
opentelemetry_demo,opentelemetry_demo--split--ND--r0--browse_product,masks,ours_direct,3,0.8223624593359454,1.0670324609459982
opentelemetry_demo,opentelemetry_demo--split--ND--r0--browse_product,masks,ours_prepared,3,0.7072769448742667,0.9991917201350212
opentelemetry_demo,opentelemetry_demo--split--ND--r0--browse_product,masks,cudd_fixed,3,0.9793479688781922,1.3329076936069588
opentelemetry_demo,opentelemetry_demo--split--ND--r0--browse_product,masks,cudd_sift,3,1.0320648292899466,1.4000570456266659
opentelemetry_demo,opentelemetry_demo--split--ND--r0--browse_product,masks,agrum_conditioned,3,1.1259381077805664,1.1510069278575557
opentelemetry_demo,opentelemetry_demo--split--ND--r0--browse_product,masks,agrum_joint,3,1.0626319729783857,1.0953964124909303
opentelemetry_demo,opentelemetry_demo--split--ND--r0--browse_product,masks,storm_sparse,3,0.9653680475417787,1.042201221361311
opentelemetry_demo,opentelemetry_demo--split--ND--r0--browse_product,masks,storm_compact,3,0.938937980887562,1.0506662713511554
opentelemetry_demo,opentelemetry_demo--split--ND--r0--browse_product,metadata,ours_direct,3,0.8117413926713163,1.0743758490477462
opentelemetry_demo,opentelemetry_demo--split--ND--r0--browse_product,metadata,ours_prepared,3,0.7305273783323128,1.0248062676626906
opentelemetry_demo,opentelemetry_demo--split--ND--r0--browse_product,metadata,cudd_fixed,3,0.7590775708405535,1.0466454567702688
opentelemetry_demo,opentelemetry_demo--split--ND--r0--browse_product,metadata,cudd_sift,3,0.7789715434733325,1.0765589160932416
opentelemetry_demo,opentelemetry_demo--split--ND--r0--browse_product,metadata,agrum_conditioned,3,1.039048268983438,1.0691987698280259
opentelemetry_demo,opentelemetry_demo--split--ND--r0--browse_product,metadata,agrum_joint,3,0.8958341876400363,0.9751579215561094
opentelemetry_demo,opentelemetry_demo--split--ND--r0--browse_product,metadata,storm_sparse,3,0.8296396962125825,1.0596586400779302
opentelemetry_demo,opentelemetry_demo--split--ND--r0--browse_product,metadata,storm_compact,3,0.6818029482358392,0.9804315727678651
opentelemetry_demo,opentelemetry_demo--split--ND--r0--browse_product,structure,ours_direct,3,0.8294396475083158,1.0904960231381056
opentelemetry_demo,opentelemetry_demo--split--ND--r0--browse_product,structure,ours_prepared,3,0.9945002110896545,1.0972130885998124
opentelemetry_demo,opentelemetry_demo--split--ND--r0--browse_product,structure,cudd_fixed,3,0.7949486186511167,1.058012901687946
opentelemetry_demo,opentelemetry_demo--split--ND--r0--browse_product,structure,cudd_sift,3,0.9333148701979664,1.1390683945967464
opentelemetry_demo,opentelemetry_demo--split--ND--r0--browse_product,structure,agrum_conditioned,3,1.125605253302362,1.1438952104808093
opentelemetry_demo,opentelemetry_demo--split--ND--r0--browse_product,structure,agrum_joint,3,1.1013375763898718,1.1262386691209048
opentelemetry_demo,opentelemetry_demo--split--ND--r0--browse_product,structure,storm_sparse,3,1.0096133567280452,1.1553574985062736
opentelemetry_demo,opentelemetry_demo--split--ND--r0--browse_product,structure,storm_compact,3,0.9144688904929438,1.1074559470151968
opentelemetry_demo,opentelemetry_demo--split--ND--r0--browse_product,restore,ours_direct,3,0.7923797245340846,1.0524355309600877
opentelemetry_demo,opentelemetry_demo--split--ND--r0--browse_product,restore,ours_prepared,3,0.9638061467755679,1.0613014214891077
opentelemetry_demo,opentelemetry_demo--split--ND--r0--browse_product,restore,cudd_fixed,3,0.7750198373908943,1.0465136535865163
opentelemetry_demo,opentelemetry_demo--split--ND--r0--browse_product,restore,cudd_sift,3,0.9422067481514911,1.164516820590976
opentelemetry_demo,opentelemetry_demo--split--ND--r0--browse_product,restore,agrum_conditioned,3,1.11755587938584,1.1359807470792638
opentelemetry_demo,opentelemetry_demo--split--ND--r0--browse_product,restore,agrum_joint,3,1.1028586594672882,1.1288910168900799
opentelemetry_demo,opentelemetry_demo--split--ND--r0--browse_product,restore,storm_sparse,3,0.9188325405388976,1.099174290721736
opentelemetry_demo,opentelemetry_demo--split--ND--r0--browse_product,restore,storm_compact,3,0.9429282136226187,1.1261403268823087
opentelemetry_demo,opentelemetry_demo--split--ND--r0--checkout,initial,ours_direct,3,1.1247835458697735,1.5090342200859284
opentelemetry_demo,opentelemetry_demo--split--ND--r0--checkout,initial,ours_prepared,3,1.136513148216797,1.36573983597855
opentelemetry_demo,opentelemetry_demo--split--ND--r0--checkout,initial,cudd_fixed,3,0.9997548634693658,1.1172635434292353
opentelemetry_demo,opentelemetry_demo--split--ND--r0--checkout,initial,cudd_sift,3,1.0047576795840836,1.129813871854199
opentelemetry_demo,opentelemetry_demo--split--ND--r0--checkout,initial,agrum_conditioned,3,1.7578674074389926,1.804582132911643
opentelemetry_demo,opentelemetry_demo--split--ND--r0--checkout,initial,agrum_joint,3,1.6200966327372934,1.681166574048568
opentelemetry_demo,opentelemetry_demo--split--ND--r0--checkout,initial,storm_sparse,3,1.4383569670474323,1.6189092297223282
opentelemetry_demo,opentelemetry_demo--split--ND--r0--checkout,initial,storm_compact,3,1.3855458942567427,1.5612656322298923
opentelemetry_demo,opentelemetry_demo--split--ND--r0--checkout,repeat,ours_direct,3,1.1559790963985714,1.5280651978620685
opentelemetry_demo,opentelemetry_demo--split--ND--r0--checkout,repeat,ours_prepared,3,0.7967729882516693,1.2501601161857168
opentelemetry_demo,opentelemetry_demo--split--ND--r0--checkout,repeat,cudd_fixed,3,0.9105221494666298,1.3813427010148323
opentelemetry_demo,opentelemetry_demo--split--ND--r0--checkout,repeat,cudd_sift,3,0.9037007270855048,1.3843869102889357
opentelemetry_demo,opentelemetry_demo--split--ND--r0--checkout,repeat,agrum_conditioned,3,1.652435690007145,1.7155829819081825
opentelemetry_demo,opentelemetry_demo--split--ND--r0--checkout,repeat,agrum_joint,3,1.162430111932368,1.3005667289758287
opentelemetry_demo,opentelemetry_demo--split--ND--r0--checkout,repeat,storm_sparse,3,1.3438162437670162,1.9254080342692421
opentelemetry_demo,opentelemetry_demo--split--ND--r0--checkout,repeat,storm_compact,3,0.6957535641382491,1.210822499692916
opentelemetry_demo,opentelemetry_demo--split--ND--r0--checkout,counts,ours_direct,3,1.1657919823590406,1.5538390472868815
opentelemetry_demo,opentelemetry_demo--split--ND--r0--checkout,counts,ours_prepared,3,0.7930991828745644,1.2393187922829152
opentelemetry_demo,opentelemetry_demo--split--ND--r0--checkout,counts,cudd_fixed,3,0.8974486974376639,1.3720574507324161
opentelemetry_demo,opentelemetry_demo--split--ND--r0--checkout,counts,cudd_sift,3,0.9084580949979604,1.3688117168783154
opentelemetry_demo,opentelemetry_demo--split--ND--r0--checkout,counts,agrum_conditioned,3,1.6274457933732767,1.6855408140383188
opentelemetry_demo,opentelemetry_demo--split--ND--r0--checkout,counts,agrum_joint,3,1.1259578058609363,1.254928144696411
opentelemetry_demo,opentelemetry_demo--split--ND--r0--checkout,counts,storm_sparse,3,1.321633180505213,1.7879301684699238
opentelemetry_demo,opentelemetry_demo--split--ND--r0--checkout,counts,storm_compact,3,0.7631180037313433,1.1673409310196545
opentelemetry_demo,opentelemetry_demo--split--ND--r0--checkout,masks,ours_direct,3,1.1207395727546456,1.5051763207212063
opentelemetry_demo,opentelemetry_demo--split--ND--r0--checkout,masks,ours_prepared,3,0.7532525498343504,1.2338755866337268
opentelemetry_demo,opentelemetry_demo--split--ND--r0--checkout,masks,cudd_fixed,3,0.9237980961523078,1.4164610215548816
opentelemetry_demo,opentelemetry_demo--split--ND--r0--checkout,masks,cudd_sift,3,0.9416336525253329,1.440783951909379
opentelemetry_demo,opentelemetry_demo--split--ND--r0--checkout,masks,agrum_conditioned,3,1.7701652731379247,1.8248590984416821
opentelemetry_demo,opentelemetry_demo--split--ND--r0--checkout,masks,agrum_joint,3,1.6461840633918725,1.7396410686651957
opentelemetry_demo,opentelemetry_demo--split--ND--r0--checkout,masks,storm_sparse,3,1.574914877784557,1.7705848313101602
opentelemetry_demo,opentelemetry_demo--split--ND--r0--checkout,masks,storm_compact,3,1.4309707400267768,1.6260818732527835
opentelemetry_demo,opentelemetry_demo--split--ND--r0--checkout,metadata,ours_direct,3,1.1449869313266796,1.4958750483132468
opentelemetry_demo,opentelemetry_demo--split--ND--r0--checkout,metadata,ours_prepared,3,0.8345936333830614,1.3257627027487326
opentelemetry_demo,opentelemetry_demo--split--ND--r0--checkout,metadata,cudd_fixed,3,0.8930578532100127,1.364935162312068
opentelemetry_demo,opentelemetry_demo--split--ND--r0--checkout,metadata,cudd_sift,3,0.9193710673529641,1.409830769104933
opentelemetry_demo,opentelemetry_demo--split--ND--r0--checkout,metadata,agrum_conditioned,3,1.6382426301686739,1.7011078051992408
opentelemetry_demo,opentelemetry_demo--split--ND--r0--checkout,metadata,agrum_joint,3,1.1444938067032324,1.2812233481510362
opentelemetry_demo,opentelemetry_demo--split--ND--r0--checkout,metadata,storm_sparse,3,1.4595963810767425,1.9732195456562966
opentelemetry_demo,opentelemetry_demo--split--ND--r0--checkout,metadata,storm_compact,3,1.7218563443945403,2.9689218038578526
opentelemetry_demo,opentelemetry_demo--split--ND--r0--checkout,structure,ours_direct,3,1.1810560335641735,1.5502433967750688
opentelemetry_demo,opentelemetry_demo--split--ND--r0--checkout,structure,ours_prepared,3,1.1833916086223668,1.4255856111761855
opentelemetry_demo,opentelemetry_demo--split--ND--r0--checkout,structure,cudd_fixed,3,0.8612255924052271,1.3441017284627703
opentelemetry_demo,opentelemetry_demo--split--ND--r0--checkout,structure,cudd_sift,3,1.0262355136583048,1.4609842726540334
opentelemetry_demo,opentelemetry_demo--split--ND--r0--checkout,structure,agrum_conditioned,3,1.8272253959545364,1.8815671868406445
opentelemetry_demo,opentelemetry_demo--split--ND--r0--checkout,structure,agrum_joint,3,1.6839351319050992,1.7483252258153559
opentelemetry_demo,opentelemetry_demo--split--ND--r0--checkout,structure,storm_sparse,3,1.7496859719416757,2.0541268262336088
opentelemetry_demo,opentelemetry_demo--split--ND--r0--checkout,structure,storm_compact,3,1.594031488859537,1.969912259424375
opentelemetry_demo,opentelemetry_demo--split--ND--r0--checkout,restore,ours_direct,3,1.1714803446618098,1.5741973714443886
opentelemetry_demo,opentelemetry_demo--split--ND--r0--checkout,restore,ours_prepared,3,1.1657821139964926,1.4150739717846088
opentelemetry_demo,opentelemetry_demo--split--ND--r0--checkout,restore,cudd_fixed,3,0.8924532910296529,1.3004205117694754
opentelemetry_demo,opentelemetry_demo--split--ND--r0--checkout,restore,cudd_sift,3,1.0448463115280482,1.437014304806217
opentelemetry_demo,opentelemetry_demo--split--ND--r0--checkout,restore,agrum_conditioned,3,1.823204835936343,1.8824322416608559
opentelemetry_demo,opentelemetry_demo--split--ND--r0--checkout,restore,agrum_joint,3,1.6782870663247913,1.7489811007744593
opentelemetry_demo,opentelemetry_demo--split--ND--r0--checkout,restore,storm_sparse,3,2.218408677109978,2.6807934327432257
opentelemetry_demo,opentelemetry_demo--split--ND--r0--checkout,restore,storm_compact,3,1.5708125614060624,2.049314225338093
spring_petclinic_microservices,spring_petclinic_microservices--colocated--N--r0--create_visit,initial,ours_direct,3,0.970925431455552,1.1068143561820285
spring_petclinic_microservices,spring_petclinic_microservices--colocated--N--r0--create_visit,initial,ours_prepared,3,0.9591737338351167,1.0555492201733891
spring_petclinic_microservices,spring_petclinic_microservices--colocated--N--r0--create_visit,initial,cudd_fixed,3,0.9827440352580513,1.021453159788501
spring_petclinic_microservices,spring_petclinic_microservices--colocated--N--r0--create_visit,initial,cudd_sift,3,0.9520541577770356,0.9894029988233072
spring_petclinic_microservices,spring_petclinic_microservices--colocated--N--r0--create_visit,initial,agrum_conditioned,3,1.0739050685745175,1.0868347398773799
spring_petclinic_microservices,spring_petclinic_microservices--colocated--N--r0--create_visit,initial,agrum_joint,3,1.0569510772206623,1.0807015239310536
spring_petclinic_microservices,spring_petclinic_microservices--colocated--N--r0--create_visit,initial,storm_sparse,3,1.01447709078472,1.054885175684832
spring_petclinic_microservices,spring_petclinic_microservices--colocated--N--r0--create_visit,initial,storm_compact,3,1.017168795344664,1.0670325571615242
spring_petclinic_microservices,spring_petclinic_microservices--colocated--N--r0--create_visit,repeat,ours_direct,3,0.9685195804885793,1.1034745820897673
spring_petclinic_microservices,spring_petclinic_microservices--colocated--N--r0--create_visit,repeat,ours_prepared,3,0.848691611362074,1.0398748234681758
spring_petclinic_microservices,spring_petclinic_microservices--colocated--N--r0--create_visit,repeat,cudd_fixed,3,0.8839059206099041,1.0433014098639686
spring_petclinic_microservices,spring_petclinic_microservices--colocated--N--r0--create_visit,repeat,cudd_sift,3,0.8871961736763102,1.0390228973541789
spring_petclinic_microservices,spring_petclinic_microservices--colocated--N--r0--create_visit,repeat,agrum_conditioned,3,1.0134705957094183,1.0268092448748043
spring_petclinic_microservices,spring_petclinic_microservices--colocated--N--r0--create_visit,repeat,agrum_joint,3,0.9417503907163879,0.9804329016139782
spring_petclinic_microservices,spring_petclinic_microservices--colocated--N--r0--create_visit,repeat,storm_sparse,3,0.9742096226194472,1.0600611314481028
spring_petclinic_microservices,spring_petclinic_microservices--colocated--N--r0--create_visit,repeat,storm_compact,3,0.8296816475011368,0.9928922076868288
spring_petclinic_microservices,spring_petclinic_microservices--colocated--N--r0--create_visit,counts,ours_direct,3,0.9566390299505276,1.0868784205051345
spring_petclinic_microservices,spring_petclinic_microservices--colocated--N--r0--create_visit,counts,ours_prepared,3,0.8553758089884743,1.0325719627663297
spring_petclinic_microservices,spring_petclinic_microservices--colocated--N--r0--create_visit,counts,cudd_fixed,3,0.8847962304867305,1.0443533302567196
spring_petclinic_microservices,spring_petclinic_microservices--colocated--N--r0--create_visit,counts,cudd_sift,3,0.8805043008362262,1.032438093858283
spring_petclinic_microservices,spring_petclinic_microservices--colocated--N--r0--create_visit,counts,agrum_conditioned,3,1.00505876952694,1.0160772935193425
spring_petclinic_microservices,spring_petclinic_microservices--colocated--N--r0--create_visit,counts,agrum_joint,3,0.9605259505218173,0.9933354282949507
spring_petclinic_microservices,spring_petclinic_microservices--colocated--N--r0--create_visit,counts,storm_sparse,3,1.0126148859617832,1.0953135527066669
spring_petclinic_microservices,spring_petclinic_microservices--colocated--N--r0--create_visit,counts,storm_compact,3,0.8649435321305973,1.0054478721802218
spring_petclinic_microservices,spring_petclinic_microservices--colocated--N--r0--create_visit,masks,ours_direct,3,0.9352435007531525,1.0554942977881974
spring_petclinic_microservices,spring_petclinic_microservices--colocated--N--r0--create_visit,masks,ours_prepared,3,0.8376604155979316,1.0127994146508108
spring_petclinic_microservices,spring_petclinic_microservices--colocated--N--r0--create_visit,masks,cudd_fixed,3,0.8927140964150045,1.0550373553166719
spring_petclinic_microservices,spring_petclinic_microservices--colocated--N--r0--create_visit,masks,cudd_sift,3,0.9033815080922639,1.073505136440077
spring_petclinic_microservices,spring_petclinic_microservices--colocated--N--r0--create_visit,masks,agrum_conditioned,3,1.043787696504211,1.0532257429300282
spring_petclinic_microservices,spring_petclinic_microservices--colocated--N--r0--create_visit,masks,agrum_joint,3,1.0461879347260434,1.0636212937501799
spring_petclinic_microservices,spring_petclinic_microservices--colocated--N--r0--create_visit,masks,storm_sparse,3,1.061323083712239,1.121757592712904
spring_petclinic_microservices,spring_petclinic_microservices--colocated--N--r0--create_visit,masks,storm_compact,3,1.0223876156796456,1.0939957927807775
spring_petclinic_microservices,spring_petclinic_microservices--colocated--N--r0--create_visit,metadata,ours_direct,3,0.9470365779532798,1.07888362329646
spring_petclinic_microservices,spring_petclinic_microservices--colocated--N--r0--create_visit,metadata,ours_prepared,3,0.8168995119704963,0.9856760943061823
spring_petclinic_microservices,spring_petclinic_microservices--colocated--N--r0--create_visit,metadata,cudd_fixed,3,0.8836987056156229,1.0441003699684714
spring_petclinic_microservices,spring_petclinic_microservices--colocated--N--r0--create_visit,metadata,cudd_sift,3,0.9054761696576588,1.0708668072580199
spring_petclinic_microservices,spring_petclinic_microservices--colocated--N--r0--create_visit,metadata,agrum_conditioned,3,1.0009515002037095,1.0120340912247598
spring_petclinic_microservices,spring_petclinic_microservices--colocated--N--r0--create_visit,metadata,agrum_joint,3,0.9585414148087485,0.9918612148782912
spring_petclinic_microservices,spring_petclinic_microservices--colocated--N--r0--create_visit,metadata,storm_sparse,3,0.9444336502099347,1.0355192951337853
spring_petclinic_microservices,spring_petclinic_microservices--colocated--N--r0--create_visit,metadata,storm_compact,3,0.8254480017262944,0.9954621799216194
spring_petclinic_microservices,spring_petclinic_microservices--colocated--N--r0--create_visit,structure,ours_direct,3,0.9369060989206468,1.0538761363253633
spring_petclinic_microservices,spring_petclinic_microservices--colocated--N--r0--create_visit,structure,ours_prepared,3,0.9539139507065161,1.0477026777330931
spring_petclinic_microservices,spring_petclinic_microservices--colocated--N--r0--create_visit,structure,cudd_fixed,3,0.8950617497581749,1.0470322048764085
spring_petclinic_microservices,spring_petclinic_microservices--colocated--N--r0--create_visit,structure,cudd_sift,3,1.009923302925933,1.1511965389348908
spring_petclinic_microservices,spring_petclinic_microservices--colocated--N--r0--create_visit,structure,agrum_conditioned,3,1.0427727772698452,1.051201231982094
spring_petclinic_microservices,spring_petclinic_microservices--colocated--N--r0--create_visit,structure,agrum_joint,3,1.0523287181263703,1.068289333039445
spring_petclinic_microservices,spring_petclinic_microservices--colocated--N--r0--create_visit,structure,storm_sparse,3,1.0548246369340992,1.1106587683474676
spring_petclinic_microservices,spring_petclinic_microservices--colocated--N--r0--create_visit,structure,storm_compact,3,1.0135540333471695,1.0872509297005657
spring_petclinic_microservices,spring_petclinic_microservices--colocated--N--r0--create_visit,restore,ours_direct,3,0.9493808630393996,1.0842753910794203
spring_petclinic_microservices,spring_petclinic_microservices--colocated--N--r0--create_visit,restore,ours_prepared,3,0.9824780617324925,1.0766324184300142
spring_petclinic_microservices,spring_petclinic_microservices--colocated--N--r0--create_visit,restore,cudd_fixed,3,0.8824600927489021,1.031948308903612
spring_petclinic_microservices,spring_petclinic_microservices--colocated--N--r0--create_visit,restore,cudd_sift,3,0.9546195907340927,1.0968797692758534
spring_petclinic_microservices,spring_petclinic_microservices--colocated--N--r0--create_visit,restore,agrum_conditioned,3,1.0578014113282999,1.0664798769764352
spring_petclinic_microservices,spring_petclinic_microservices--colocated--N--r0--create_visit,restore,agrum_joint,3,1.0578146032860039,1.078452382321173
spring_petclinic_microservices,spring_petclinic_microservices--colocated--N--r0--create_visit,restore,storm_sparse,3,1.0475328243345137,1.1046596419816135
spring_petclinic_microservices,spring_petclinic_microservices--colocated--N--r0--create_visit,restore,storm_compact,3,0.9949372345301465,1.0558856670011796
spring_petclinic_microservices,spring_petclinic_microservices--colocated--N--r0--list_owners,initial,ours_direct,3,0.7728906296855033,1.4081861060036773
spring_petclinic_microservices,spring_petclinic_microservices--colocated--N--r0--list_owners,initial,ours_prepared,3,0.7842681804937617,1.2194674879032463
spring_petclinic_microservices,spring_petclinic_microservices--colocated--N--r0--list_owners,initial,cudd_fixed,3,0.9852580077057744,1.0064801373953605
spring_petclinic_microservices,spring_petclinic_microservices--colocated--N--r0--list_owners,initial,cudd_sift,3,0.9124883644404636,0.9323604567862938
spring_petclinic_microservices,spring_petclinic_microservices--colocated--N--r0--list_owners,initial,agrum_conditioned,3,1.2148990854852533,1.2656829136053347
spring_petclinic_microservices,spring_petclinic_microservices--colocated--N--r0--list_owners,initial,agrum_joint,3,1.2247022557690646,1.2705607979620395
spring_petclinic_microservices,spring_petclinic_microservices--colocated--N--r0--list_owners,initial,storm_sparse,3,0.9295095378337279,1.0265827818731694
spring_petclinic_microservices,spring_petclinic_microservices--colocated--N--r0--list_owners,initial,storm_compact,3,0.9315308918582704,1.025874878795129
spring_petclinic_microservices,spring_petclinic_microservices--colocated--N--r0--list_owners,repeat,ours_direct,3,0.7022201273437563,1.0547411483952662
spring_petclinic_microservices,spring_petclinic_microservices--colocated--N--r0--list_owners,repeat,ours_prepared,3,0.6721306531797386,1.0488534260355435
spring_petclinic_microservices,spring_petclinic_microservices--colocated--N--r0--list_owners,repeat,cudd_fixed,3,0.6465718316577531,1.0154100593442943
spring_petclinic_microservices,spring_petclinic_microservices--colocated--N--r0--list_owners,repeat,cudd_sift,3,0.6261384119954362,0.9786562367275009
spring_petclinic_microservices,spring_petclinic_microservices--colocated--N--r0--list_owners,repeat,agrum_conditioned,3,0.9893670048596725,1.1230110813510432
spring_petclinic_microservices,spring_petclinic_microservices--colocated--N--r0--list_owners,repeat,agrum_joint,3,0.8368664221932322,1.014670464492895
spring_petclinic_microservices,spring_petclinic_microservices--colocated--N--r0--list_owners,repeat,storm_sparse,3,0.6271336567275376,1.010072485548325
spring_petclinic_microservices,spring_petclinic_microservices--colocated--N--r0--list_owners,repeat,storm_compact,3,0.6088737718656942,1.0027867079289727
spring_petclinic_microservices,spring_petclinic_microservices--colocated--N--r0--list_owners,counts,ours_direct,3,0.6759184928348164,1.0324907835778911
spring_petclinic_microservices,spring_petclinic_microservices--colocated--N--r0--list_owners,counts,ours_prepared,3,0.5491041257367387,0.8025313351975855
spring_petclinic_microservices,spring_petclinic_microservices--colocated--N--r0--list_owners,counts,cudd_fixed,3,0.6211623119834621,0.9941918199678514
spring_petclinic_microservices,spring_petclinic_microservices--colocated--N--r0--list_owners,counts,cudd_sift,3,0.6358683474004719,1.0172330915534893
spring_petclinic_microservices,spring_petclinic_microservices--colocated--N--r0--list_owners,counts,agrum_conditioned,3,0.98676811997957,1.0973061010830794
spring_petclinic_microservices,spring_petclinic_microservices--colocated--N--r0--list_owners,counts,agrum_joint,3,0.8214336059303478,0.9808510254025303
spring_petclinic_microservices,spring_petclinic_microservices--colocated--N--r0--list_owners,counts,storm_sparse,3,0.5919845871939932,0.9857619968359993
spring_petclinic_microservices,spring_petclinic_microservices--colocated--N--r0--list_owners,counts,storm_compact,3,0.5941309805259695,1.0043944040667143
spring_petclinic_microservices,spring_petclinic_microservices--colocated--N--r0--list_owners,masks,ours_direct,3,0.6546613019604006,0.9920181945503108
spring_petclinic_microservices,spring_petclinic_microservices--colocated--N--r0--list_owners,masks,ours_prepared,3,0.5772702763814725,0.9566485126556967
spring_petclinic_microservices,spring_petclinic_microservices--colocated--N--r0--list_owners,masks,cudd_fixed,3,0.4584916891799075,0.6459167380186518
spring_petclinic_microservices,spring_petclinic_microservices--colocated--N--r0--list_owners,masks,cudd_sift,3,0.4871578919664036,0.6823099675551714
spring_petclinic_microservices,spring_petclinic_microservices--colocated--N--r0--list_owners,masks,agrum_conditioned,3,1.1901367769217175,1.2837815760540805
spring_petclinic_microservices,spring_petclinic_microservices--colocated--N--r0--list_owners,masks,agrum_joint,3,1.1481294065567045,1.2258624030113756
spring_petclinic_microservices,spring_petclinic_microservices--colocated--N--r0--list_owners,masks,storm_sparse,3,0.9480496788211498,1.0359672942182083
spring_petclinic_microservices,spring_petclinic_microservices--colocated--N--r0--list_owners,masks,storm_compact,3,0.9468008254448854,1.033579735629269
spring_petclinic_microservices,spring_petclinic_microservices--colocated--N--r0--list_owners,metadata,ours_direct,3,0.689321979052745,1.0507767215395316
spring_petclinic_microservices,spring_petclinic_microservices--colocated--N--r0--list_owners,metadata,ours_prepared,3,0.5820171671848664,0.9590590811291635
spring_petclinic_microservices,spring_petclinic_microservices--colocated--N--r0--list_owners,metadata,cudd_fixed,3,0.6180902756420958,1.0528663186871041
spring_petclinic_microservices,spring_petclinic_microservices--colocated--N--r0--list_owners,metadata,cudd_sift,3,0.6142429862361134,1.0278641555564045
spring_petclinic_microservices,spring_petclinic_microservices--colocated--N--r0--list_owners,metadata,agrum_conditioned,3,0.9905212133942801,1.1071183600271302
spring_petclinic_microservices,spring_petclinic_microservices--colocated--N--r0--list_owners,metadata,agrum_joint,3,0.8112323993407111,1.0028481515029835
spring_petclinic_microservices,spring_petclinic_microservices--colocated--N--r0--list_owners,metadata,storm_sparse,3,0.6788203564521478,0.9526646876184554
spring_petclinic_microservices,spring_petclinic_microservices--colocated--N--r0--list_owners,metadata,storm_compact,3,0.6351352189747058,0.9129771470498756
spring_petclinic_microservices,spring_petclinic_microservices--colocated--N--r0--list_owners,structure,ours_direct,3,0.6986902597004556,1.073185472447637
spring_petclinic_microservices,spring_petclinic_microservices--colocated--N--r0--list_owners,structure,ours_prepared,3,0.8147657537471553,1.109927831870543
spring_petclinic_microservices,spring_petclinic_microservices--colocated--N--r0--list_owners,structure,cudd_fixed,3,0.9916721744877727,1.5158703484223994
spring_petclinic_microservices,spring_petclinic_microservices--colocated--N--r0--list_owners,structure,cudd_sift,3,1.0807421036491873,1.4786564354272074
spring_petclinic_microservices,spring_petclinic_microservices--colocated--N--r0--list_owners,structure,agrum_conditioned,3,1.2381162240234167,1.2981444675314067
spring_petclinic_microservices,spring_petclinic_microservices--colocated--N--r0--list_owners,structure,agrum_joint,3,1.2466192516794132,1.3023938423138732
spring_petclinic_microservices,spring_petclinic_microservices--colocated--N--r0--list_owners,structure,storm_sparse,3,0.8886943760760796,1.0720736229429637
spring_petclinic_microservices,spring_petclinic_microservices--colocated--N--r0--list_owners,structure,storm_compact,3,0.8816257421099638,1.0956561253288368
spring_petclinic_microservices,spring_petclinic_microservices--colocated--N--r0--list_owners,restore,ours_direct,3,0.6333045846572856,0.9953242587195773
spring_petclinic_microservices,spring_petclinic_microservices--colocated--N--r0--list_owners,restore,ours_prepared,3,0.7634586592648667,1.0501359666626449
spring_petclinic_microservices,spring_petclinic_microservices--colocated--N--r0--list_owners,restore,cudd_fixed,3,0.6998296450869893,1.074208941037448
spring_petclinic_microservices,spring_petclinic_microservices--colocated--N--r0--list_owners,restore,cudd_sift,3,0.8258220966275215,1.1524285434210706
spring_petclinic_microservices,spring_petclinic_microservices--colocated--N--r0--list_owners,restore,agrum_conditioned,3,1.2563456753518687,1.3325583730295965
spring_petclinic_microservices,spring_petclinic_microservices--colocated--N--r0--list_owners,restore,agrum_joint,3,1.245587620603439,1.3130970259973118
spring_petclinic_microservices,spring_petclinic_microservices--colocated--N--r0--list_owners,restore,storm_sparse,3,0.8157483912728934,1.0665730457221883
spring_petclinic_microservices,spring_petclinic_microservices--colocated--N--r0--list_owners,restore,storm_compact,3,0.8218871168734179,1.222412046968682
spring_petclinic_microservices,spring_petclinic_microservices--colocated--N--r0--list_vets,initial,ours_direct,3,0.7745621084634824,1.3858782968154304
spring_petclinic_microservices,spring_petclinic_microservices--colocated--N--r0--list_vets,initial,ours_prepared,3,0.8510267012272015,1.3265560974457684
spring_petclinic_microservices,spring_petclinic_microservices--colocated--N--r0--list_vets,initial,cudd_fixed,3,0.9702794123558266,0.9916082195519669
spring_petclinic_microservices,spring_petclinic_microservices--colocated--N--r0--list_vets,initial,cudd_sift,3,0.9798921496654155,0.999204987591955
spring_petclinic_microservices,spring_petclinic_microservices--colocated--N--r0--list_vets,initial,agrum_conditioned,3,1.0442336220671764,1.0815944708847334
spring_petclinic_microservices,spring_petclinic_microservices--colocated--N--r0--list_vets,initial,agrum_joint,3,1.0909168280834671,1.1285032269118282
spring_petclinic_microservices,spring_petclinic_microservices--colocated--N--r0--list_vets,initial,storm_sparse,3,0.9287376959954369,1.014631247961323
spring_petclinic_microservices,spring_petclinic_microservices--colocated--N--r0--list_vets,initial,storm_compact,3,0.9130148788041074,1.0011374807357838
spring_petclinic_microservices,spring_petclinic_microservices--colocated--N--r0--list_vets,repeat,ours_direct,3,0.6957914984646172,1.029796135115532
spring_petclinic_microservices,spring_petclinic_microservices--colocated--N--r0--list_vets,repeat,ours_prepared,3,0.6870431893687707,1.034536470434242
spring_petclinic_microservices,spring_petclinic_microservices--colocated--N--r0--list_vets,repeat,cudd_fixed,3,0.6449029219081467,0.9946948009048868
spring_petclinic_microservices,spring_petclinic_microservices--colocated--N--r0--list_vets,repeat,cudd_sift,3,0.663193572149387,1.0203634402076802
spring_petclinic_microservices,spring_petclinic_microservices--colocated--N--r0--list_vets,repeat,agrum_conditioned,3,0.9513834302782581,1.0488569408738717
spring_petclinic_microservices,spring_petclinic_microservices--colocated--N--r0--list_vets,repeat,agrum_joint,3,0.8231663337004264,0.9715674591004285
spring_petclinic_microservices,spring_petclinic_microservices--colocated--N--r0--list_vets,repeat,storm_sparse,3,0.6641115304370458,1.0578734461274988
spring_petclinic_microservices,spring_petclinic_microservices--colocated--N--r0--list_vets,repeat,storm_compact,3,0.6000273535445635,0.9427628926437709
spring_petclinic_microservices,spring_petclinic_microservices--colocated--N--r0--list_vets,counts,ours_direct,3,0.6909503587640943,1.0259264876192578
spring_petclinic_microservices,spring_petclinic_microservices--colocated--N--r0--list_vets,counts,ours_prepared,3,0.6553771823449019,1.004749953174752
spring_petclinic_microservices,spring_petclinic_microservices--colocated--N--r0--list_vets,counts,cudd_fixed,3,0.636893871144505,0.974645991765736
spring_petclinic_microservices,spring_petclinic_microservices--colocated--N--r0--list_vets,counts,cudd_sift,3,0.6297399071722568,0.9344927383013307
spring_petclinic_microservices,spring_petclinic_microservices--colocated--N--r0--list_vets,counts,agrum_conditioned,3,0.9340201707113757,1.0267543802851555
spring_petclinic_microservices,spring_petclinic_microservices--colocated--N--r0--list_vets,counts,agrum_joint,3,0.8166196290980814,0.959684344793315
spring_petclinic_microservices,spring_petclinic_microservices--colocated--N--r0--list_vets,counts,storm_sparse,3,0.6071976221484687,0.9846873233646781
spring_petclinic_microservices,spring_petclinic_microservices--colocated--N--r0--list_vets,counts,storm_compact,3,0.5855241212525539,0.9495256722873711
spring_petclinic_microservices,spring_petclinic_microservices--colocated--N--r0--list_vets,masks,ours_direct,3,0.6523451425791326,0.9768387218755908
spring_petclinic_microservices,spring_petclinic_microservices--colocated--N--r0--list_vets,masks,ours_prepared,3,0.6286138400357059,1.0102795888164473
spring_petclinic_microservices,spring_petclinic_microservices--colocated--N--r0--list_vets,masks,cudd_fixed,3,0.44858866843935363,0.6180208131952074
spring_petclinic_microservices,spring_petclinic_microservices--colocated--N--r0--list_vets,masks,cudd_sift,3,0.4542633367814393,0.6276465341670602
spring_petclinic_microservices,spring_petclinic_microservices--colocated--N--r0--list_vets,masks,agrum_conditioned,3,1.0620485278210934,1.1421270268161603
spring_petclinic_microservices,spring_petclinic_microservices--colocated--N--r0--list_vets,masks,agrum_joint,3,1.0508028562108087,1.1153442908651996
spring_petclinic_microservices,spring_petclinic_microservices--colocated--N--r0--list_vets,masks,storm_sparse,3,0.9059233747254531,0.9766488497540529
spring_petclinic_microservices,spring_petclinic_microservices--colocated--N--r0--list_vets,masks,storm_compact,3,0.9320706252603324,1.0094035470439553
spring_petclinic_microservices,spring_petclinic_microservices--colocated--N--r0--list_vets,metadata,ours_direct,3,0.654745219628927,0.9824075301604136
spring_petclinic_microservices,spring_petclinic_microservices--colocated--N--r0--list_vets,metadata,ours_prepared,3,0.6137351550500437,0.995763890024697
spring_petclinic_microservices,spring_petclinic_microservices--colocated--N--r0--list_vets,metadata,cudd_fixed,3,0.562319384663739,0.9747647040906461
spring_petclinic_microservices,spring_petclinic_microservices--colocated--N--r0--list_vets,metadata,cudd_sift,3,0.5876588021778585,0.9659302307704134
spring_petclinic_microservices,spring_petclinic_microservices--colocated--N--r0--list_vets,metadata,agrum_conditioned,3,0.9740460815701475,1.07849483794256
spring_petclinic_microservices,spring_petclinic_microservices--colocated--N--r0--list_vets,metadata,agrum_joint,3,0.834161211552381,1.0013201383275379
spring_petclinic_microservices,spring_petclinic_microservices--colocated--N--r0--list_vets,metadata,storm_sparse,3,0.7865148399333857,1.0802349127383588
spring_petclinic_microservices,spring_petclinic_microservices--colocated--N--r0--list_vets,metadata,storm_compact,3,0.6833421516164248,0.9575086570398813
spring_petclinic_microservices,spring_petclinic_microservices--colocated--N--r0--list_vets,structure,ours_direct,3,0.6851249538615194,1.026840991614639
spring_petclinic_microservices,spring_petclinic_microservices--colocated--N--r0--list_vets,structure,ours_prepared,3,0.7911702825980846,1.0662120695533583
spring_petclinic_microservices,spring_petclinic_microservices--colocated--N--r0--list_vets,structure,cudd_fixed,3,1.0046914133289895,1.4934876638700323
spring_petclinic_microservices,spring_petclinic_microservices--colocated--N--r0--list_vets,structure,cudd_sift,3,1.0693369898370706,1.4479835815931805
spring_petclinic_microservices,spring_petclinic_microservices--colocated--N--r0--list_vets,structure,agrum_conditioned,3,1.1040415385120053,1.1535158226987021
spring_petclinic_microservices,spring_petclinic_microservices--colocated--N--r0--list_vets,structure,agrum_joint,3,1.1113684137222477,1.1580418099447634
spring_petclinic_microservices,spring_petclinic_microservices--colocated--N--r0--list_vets,structure,storm_sparse,3,0.8315043136534261,1.0125717007164818
spring_petclinic_microservices,spring_petclinic_microservices--colocated--N--r0--list_vets,structure,storm_compact,3,0.838756320097958,1.0029669291057752
spring_petclinic_microservices,spring_petclinic_microservices--colocated--N--r0--list_vets,restore,ours_direct,3,0.6474595406554821,0.9890557263051339
spring_petclinic_microservices,spring_petclinic_microservices--colocated--N--r0--list_vets,restore,ours_prepared,3,0.759770445795704,1.0254564931586891
spring_petclinic_microservices,spring_petclinic_microservices--colocated--N--r0--list_vets,restore,cudd_fixed,3,0.6923033512762632,1.041876156845242
spring_petclinic_microservices,spring_petclinic_microservices--colocated--N--r0--list_vets,restore,cudd_sift,3,0.8291970138701741,1.129402932259638
spring_petclinic_microservices,spring_petclinic_microservices--colocated--N--r0--list_vets,restore,agrum_conditioned,3,1.1031800336069044,1.1550186936429494
spring_petclinic_microservices,spring_petclinic_microservices--colocated--N--r0--list_vets,restore,agrum_joint,3,1.1164568258375906,1.1647970840161783
spring_petclinic_microservices,spring_petclinic_microservices--colocated--N--r0--list_vets,restore,storm_sparse,3,0.8232750578913289,1.049261584517287
spring_petclinic_microservices,spring_petclinic_microservices--colocated--N--r0--list_vets,restore,storm_compact,3,0.8448616012780196,1.0214517059319401
spring_petclinic_microservices,spring_petclinic_microservices--colocated--N--r0--owner_details_with_visits,initial,ours_direct,3,0.9620505148845566,1.1097437826062628
spring_petclinic_microservices,spring_petclinic_microservices--colocated--N--r0--owner_details_with_visits,initial,ours_prepared,3,0.9845319925981477,1.1055780705558629
spring_petclinic_microservices,spring_petclinic_microservices--colocated--N--r0--owner_details_with_visits,initial,cudd_fixed,3,0.9737452125038797,1.031057283019291
spring_petclinic_microservices,spring_petclinic_microservices--colocated--N--r0--owner_details_with_visits,initial,cudd_sift,3,0.9804121376079848,1.030685370136841
spring_petclinic_microservices,spring_petclinic_microservices--colocated--N--r0--owner_details_with_visits,initial,agrum_conditioned,3,1.1574607866094746,1.171513282556709
spring_petclinic_microservices,spring_petclinic_microservices--colocated--N--r0--owner_details_with_visits,initial,agrum_joint,3,1.154998283595979,1.184559825855507
spring_petclinic_microservices,spring_petclinic_microservices--colocated--N--r0--owner_details_with_visits,initial,storm_sparse,3,1.0924097169422278,1.1411902026444232
spring_petclinic_microservices,spring_petclinic_microservices--colocated--N--r0--owner_details_with_visits,initial,storm_compact,3,1.0626786536284005,1.1200261634839939
spring_petclinic_microservices,spring_petclinic_microservices--colocated--N--r0--owner_details_with_visits,repeat,ours_direct,3,0.9594593923286616,1.0995466557837419
spring_petclinic_microservices,spring_petclinic_microservices--colocated--N--r0--owner_details_with_visits,repeat,ours_prepared,3,0.8503378592617123,1.0534988846866824
spring_petclinic_microservices,spring_petclinic_microservices--colocated--N--r0--owner_details_with_visits,repeat,cudd_fixed,3,0.8933220635771781,1.069033774588643
spring_petclinic_microservices,spring_petclinic_microservices--colocated--N--r0--owner_details_with_visits,repeat,cudd_sift,3,0.8949108963302725,1.054377766085853
spring_petclinic_microservices,spring_petclinic_microservices--colocated--N--r0--owner_details_with_visits,repeat,agrum_conditioned,3,1.1289194386277712,1.1423980534821536
spring_petclinic_microservices,spring_petclinic_microservices--colocated--N--r0--owner_details_with_visits,repeat,agrum_joint,3,0.9627595233354767,0.9981611974555864
spring_petclinic_microservices,spring_petclinic_microservices--colocated--N--r0--owner_details_with_visits,repeat,storm_sparse,3,1.1143404188631507,1.2350446720007306
spring_petclinic_microservices,spring_petclinic_microservices--colocated--N--r0--owner_details_with_visits,repeat,storm_compact,3,0.8337061384634632,1.0333528540805728
spring_petclinic_microservices,spring_petclinic_microservices--colocated--N--r0--owner_details_with_visits,counts,ours_direct,3,0.9600453702311125,1.0976255173939145
spring_petclinic_microservices,spring_petclinic_microservices--colocated--N--r0--owner_details_with_visits,counts,ours_prepared,3,0.8552142273880103,1.0465785099439322
spring_petclinic_microservices,spring_petclinic_microservices--colocated--N--r0--owner_details_with_visits,counts,cudd_fixed,3,0.8875853297489894,1.0627297076696305
spring_petclinic_microservices,spring_petclinic_microservices--colocated--N--r0--owner_details_with_visits,counts,cudd_sift,3,0.9036669735110541,1.0599006654193106
spring_petclinic_microservices,spring_petclinic_microservices--colocated--N--r0--owner_details_with_visits,counts,agrum_conditioned,3,1.1418255136338922,1.1549607656417753
spring_petclinic_microservices,spring_petclinic_microservices--colocated--N--r0--owner_details_with_visits,counts,agrum_joint,3,0.9557568614233629,0.9922539062439294
spring_petclinic_microservices,spring_petclinic_microservices--colocated--N--r0--owner_details_with_visits,counts,storm_sparse,3,1.0798297527093246,1.180108721851229
spring_petclinic_microservices,spring_petclinic_microservices--colocated--N--r0--owner_details_with_visits,counts,storm_compact,3,0.8156958777013574,1.02919534541158
spring_petclinic_microservices,spring_petclinic_microservices--colocated--N--r0--owner_details_with_visits,masks,ours_direct,3,0.9621291240976466,1.092663070014327
spring_petclinic_microservices,spring_petclinic_microservices--colocated--N--r0--owner_details_with_visits,masks,ours_prepared,3,0.8113772031071866,1.0192230449561344
spring_petclinic_microservices,spring_petclinic_microservices--colocated--N--r0--owner_details_with_visits,masks,cudd_fixed,3,0.9148986607517169,1.0918418334144888
spring_petclinic_microservices,spring_petclinic_microservices--colocated--N--r0--owner_details_with_visits,masks,cudd_sift,3,0.934269712157519,1.1097835474708622
spring_petclinic_microservices,spring_petclinic_microservices--colocated--N--r0--owner_details_with_visits,masks,agrum_conditioned,3,1.19075476400849,1.2030638958364757
spring_petclinic_microservices,spring_petclinic_microservices--colocated--N--r0--owner_details_with_visits,masks,agrum_joint,3,1.142733886839451,1.1665961687419182
spring_petclinic_microservices,spring_petclinic_microservices--colocated--N--r0--owner_details_with_visits,masks,storm_sparse,3,1.1395842162276275,1.2088160352141524
spring_petclinic_microservices,spring_petclinic_microservices--colocated--N--r0--owner_details_with_visits,masks,storm_compact,3,1.1147316549757367,1.207721784144479
spring_petclinic_microservices,spring_petclinic_microservices--colocated--N--r0--owner_details_with_visits,metadata,ours_direct,3,0.942919791541662,1.0862966451793967
spring_petclinic_microservices,spring_petclinic_microservices--colocated--N--r0--owner_details_with_visits,metadata,ours_prepared,3,0.8298050924561426,1.0209950591905368
spring_petclinic_microservices,spring_petclinic_microservices--colocated--N--r0--owner_details_with_visits,metadata,cudd_fixed,3,0.9110639116488883,1.0942651713384055
spring_petclinic_microservices,spring_petclinic_microservices--colocated--N--r0--owner_details_with_visits,metadata,cudd_sift,3,0.9248579178999785,1.1008557296065353
spring_petclinic_microservices,spring_petclinic_microservices--colocated--N--r0--owner_details_with_visits,metadata,agrum_conditioned,3,1.1456578856408117,1.1593239391684442
spring_petclinic_microservices,spring_petclinic_microservices--colocated--N--r0--owner_details_with_visits,metadata,agrum_joint,3,0.9812600454272469,1.018050468050468
spring_petclinic_microservices,spring_petclinic_microservices--colocated--N--r0--owner_details_with_visits,metadata,storm_sparse,3,1.056145342464385,1.1834025018755414
spring_petclinic_microservices,spring_petclinic_microservices--colocated--N--r0--owner_details_with_visits,metadata,storm_compact,3,0.795517249906385,0.9931013019347477
spring_petclinic_microservices,spring_petclinic_microservices--colocated--N--r0--owner_details_with_visits,structure,ours_direct,3,0.9425816405689831,1.0791483787217369
spring_petclinic_microservices,spring_petclinic_microservices--colocated--N--r0--owner_details_with_visits,structure,ours_prepared,3,1.0110943207281948,1.1296295903047497
spring_petclinic_microservices,spring_petclinic_microservices--colocated--N--r0--owner_details_with_visits,structure,cudd_fixed,3,0.9125333714828152,1.0825060997880218
spring_petclinic_microservices,spring_petclinic_microservices--colocated--N--r0--owner_details_with_visits,structure,cudd_sift,3,1.0013735965911337,1.1555766114575028
spring_petclinic_microservices,spring_petclinic_microservices--colocated--N--r0--owner_details_with_visits,structure,agrum_conditioned,3,1.189231057540525,1.2006277770146212
spring_petclinic_microservices,spring_petclinic_microservices--colocated--N--r0--owner_details_with_visits,structure,agrum_joint,3,1.1600642698060637,1.1795455057458495
spring_petclinic_microservices,spring_petclinic_microservices--colocated--N--r0--owner_details_with_visits,structure,storm_sparse,3,1.167684508993406,1.2472474778545992
spring_petclinic_microservices,spring_petclinic_microservices--colocated--N--r0--owner_details_with_visits,structure,storm_compact,3,1.3187680174341683,1.4404617017456613
spring_petclinic_microservices,spring_petclinic_microservices--colocated--N--r0--owner_details_with_visits,restore,ours_direct,3,0.975208340972397,1.1202564521694909
spring_petclinic_microservices,spring_petclinic_microservices--colocated--N--r0--owner_details_with_visits,restore,ours_prepared,3,0.988588213961922,1.0968792466350794
spring_petclinic_microservices,spring_petclinic_microservices--colocated--N--r0--owner_details_with_visits,restore,cudd_fixed,3,0.8797536287774257,1.0744930943285336
spring_petclinic_microservices,spring_petclinic_microservices--colocated--N--r0--owner_details_with_visits,restore,cudd_sift,3,0.9382147691661052,1.1061071162435963
spring_petclinic_microservices,spring_petclinic_microservices--colocated--N--r0--owner_details_with_visits,restore,agrum_conditioned,3,1.181314193796563,1.1916335567573608
spring_petclinic_microservices,spring_petclinic_microservices--colocated--N--r0--owner_details_with_visits,restore,agrum_joint,3,1.1553264620647754,1.1771675468766303
spring_petclinic_microservices,spring_petclinic_microservices--colocated--N--r0--owner_details_with_visits,restore,storm_sparse,3,1.3075268573022827,1.3858441900853447
spring_petclinic_microservices,spring_petclinic_microservices--colocated--N--r0--owner_details_with_visits,restore,storm_compact,3,0.8969613898740827,1.2078097255436775
spring_petclinic_microservices,spring_petclinic_microservices--colocated--NC--r0--create_visit,initial,ours_direct,3,1.0709347899498678,1.2071708571260442
spring_petclinic_microservices,spring_petclinic_microservices--colocated--NC--r0--create_visit,initial,ours_prepared,3,0.9687324681936399,1.0699730598862447
spring_petclinic_microservices,spring_petclinic_microservices--colocated--NC--r0--create_visit,initial,cudd_fixed,3,0.9771223225355484,1.0307916679045852
spring_petclinic_microservices,spring_petclinic_microservices--colocated--NC--r0--create_visit,initial,cudd_sift,3,1.009949380769831,1.0652879085233053
spring_petclinic_microservices,spring_petclinic_microservices--colocated--NC--r0--create_visit,initial,agrum_conditioned,3,1.116837528935722,1.1290708239855567
spring_petclinic_microservices,spring_petclinic_microservices--colocated--NC--r0--create_visit,initial,agrum_joint,3,1.1152341586762295,1.1408561109253879
spring_petclinic_microservices,spring_petclinic_microservices--colocated--NC--r0--create_visit,initial,storm_sparse,3,1.0253002032130094,1.0641118412442503
spring_petclinic_microservices,spring_petclinic_microservices--colocated--NC--r0--create_visit,initial,storm_compact,3,1.0409000622873454,1.0943158965527393
spring_petclinic_microservices,spring_petclinic_microservices--colocated--NC--r0--create_visit,repeat,ours_direct,3,1.051614236567816,1.1852192556122063
spring_petclinic_microservices,spring_petclinic_microservices--colocated--NC--r0--create_visit,repeat,ours_prepared,3,0.9184068160465878,1.0957868258057992
spring_petclinic_microservices,spring_petclinic_microservices--colocated--NC--r0--create_visit,repeat,cudd_fixed,3,0.9353852258448515,1.0954763018118716
spring_petclinic_microservices,spring_petclinic_microservices--colocated--NC--r0--create_visit,repeat,cudd_sift,3,0.9323149635018009,1.083815180804766
spring_petclinic_microservices,spring_petclinic_microservices--colocated--NC--r0--create_visit,repeat,agrum_conditioned,3,1.0619595790241332,1.071688642252736
spring_petclinic_microservices,spring_petclinic_microservices--colocated--NC--r0--create_visit,repeat,agrum_joint,3,1.0306846571619657,1.0620707256351936
spring_petclinic_microservices,spring_petclinic_microservices--colocated--NC--r0--create_visit,repeat,storm_sparse,3,1.0329401524248587,1.120222424757555
spring_petclinic_microservices,spring_petclinic_microservices--colocated--NC--r0--create_visit,repeat,storm_compact,3,0.8482493913344386,1.0393139291332423
spring_petclinic_microservices,spring_petclinic_microservices--colocated--NC--r0--create_visit,counts,ours_direct,3,1.0504846976520716,1.1779129609895527
spring_petclinic_microservices,spring_petclinic_microservices--colocated--NC--r0--create_visit,counts,ours_prepared,3,0.9157238375352145,1.083124416400215
spring_petclinic_microservices,spring_petclinic_microservices--colocated--NC--r0--create_visit,counts,cudd_fixed,3,0.949094021449647,1.1008573727991247
spring_petclinic_microservices,spring_petclinic_microservices--colocated--NC--r0--create_visit,counts,cudd_sift,3,0.9420475884244373,1.084986023827397
spring_petclinic_microservices,spring_petclinic_microservices--colocated--NC--r0--create_visit,counts,agrum_conditioned,3,1.0670778435217732,1.076525041691671
spring_petclinic_microservices,spring_petclinic_microservices--colocated--NC--r0--create_visit,counts,agrum_joint,3,1.0242968460366357,1.0561497361755314
spring_petclinic_microservices,spring_petclinic_microservices--colocated--NC--r0--create_visit,counts,storm_sparse,3,1.0242096305684916,1.108042569016725
spring_petclinic_microservices,spring_petclinic_microservices--colocated--NC--r0--create_visit,counts,storm_compact,3,0.8423923575529162,0.9953923913782927
spring_petclinic_microservices,spring_petclinic_microservices--colocated--NC--r0--create_visit,masks,ours_direct,3,1.0389970818370857,1.1739424576592425
spring_petclinic_microservices,spring_petclinic_microservices--colocated--NC--r0--create_visit,masks,ours_prepared,3,0.8728559012496931,1.0621766488446098
spring_petclinic_microservices,spring_petclinic_microservices--colocated--NC--r0--create_visit,masks,cudd_fixed,3,0.9654451686392881,1.1278924808842694
spring_petclinic_microservices,spring_petclinic_microservices--colocated--NC--r0--create_visit,masks,cudd_sift,3,0.976352761980934,1.1317072283596668
spring_petclinic_microservices,spring_petclinic_microservices--colocated--NC--r0--create_visit,masks,agrum_conditioned,3,1.1072987076812157,1.116075542822661
spring_petclinic_microservices,spring_petclinic_microservices--colocated--NC--r0--create_visit,masks,agrum_joint,3,1.1101511817228218,1.1300266451485297
spring_petclinic_microservices,spring_petclinic_microservices--colocated--NC--r0--create_visit,masks,storm_sparse,3,1.0703546406648186,1.1252649656890314
spring_petclinic_microservices,spring_petclinic_microservices--colocated--NC--r0--create_visit,masks,storm_compact,3,1.027893070917477,1.094198293152701
spring_petclinic_microservices,spring_petclinic_microservices--colocated--NC--r0--create_visit,metadata,ours_direct,3,1.0649219166183375,1.188774000184025
spring_petclinic_microservices,spring_petclinic_microservices--colocated--NC--r0--create_visit,metadata,ours_prepared,3,0.9092422277500137,1.0870123870297115
spring_petclinic_microservices,spring_petclinic_microservices--colocated--NC--r0--create_visit,metadata,cudd_fixed,3,0.9454323819972931,1.097554864945744
spring_petclinic_microservices,spring_petclinic_microservices--colocated--NC--r0--create_visit,metadata,cudd_sift,3,0.9572075336789249,1.104545110008578
spring_petclinic_microservices,spring_petclinic_microservices--colocated--NC--r0--create_visit,metadata,agrum_conditioned,3,1.0750820314481775,1.0851601900545709
spring_petclinic_microservices,spring_petclinic_microservices--colocated--NC--r0--create_visit,metadata,agrum_joint,3,1.0165622914933568,1.0499492179859606
spring_petclinic_microservices,spring_petclinic_microservices--colocated--NC--r0--create_visit,metadata,storm_sparse,3,1.0155070468330396,1.1071070220936525
spring_petclinic_microservices,spring_petclinic_microservices--colocated--NC--r0--create_visit,metadata,storm_compact,3,0.8223697071851923,1.0132875748953714
spring_petclinic_microservices,spring_petclinic_microservices--colocated--NC--r0--create_visit,structure,ours_direct,3,1.0505686724888201,1.1778043651032746
spring_petclinic_microservices,spring_petclinic_microservices--colocated--NC--r0--create_visit,structure,ours_prepared,3,0.9860739395884326,1.0905856984382205
spring_petclinic_microservices,spring_petclinic_microservices--colocated--NC--r0--create_visit,structure,cudd_fixed,3,0.9348495757885138,1.077496652262047
spring_petclinic_microservices,spring_petclinic_microservices--colocated--NC--r0--create_visit,structure,cudd_sift,3,0.9848457372347037,1.1135765906299218
spring_petclinic_microservices,spring_petclinic_microservices--colocated--NC--r0--create_visit,structure,agrum_conditioned,3,1.1224676126722395,1.1309978357088024
spring_petclinic_microservices,spring_petclinic_microservices--colocated--NC--r0--create_visit,structure,agrum_joint,3,1.105904773052665,1.1252464330423393
spring_petclinic_microservices,spring_petclinic_microservices--colocated--NC--r0--create_visit,structure,storm_sparse,3,1.2058816751708594,1.2646977680045872
spring_petclinic_microservices,spring_petclinic_microservices--colocated--NC--r0--create_visit,structure,storm_compact,3,1.0339672884570172,1.3276364666422027
spring_petclinic_microservices,spring_petclinic_microservices--colocated--NC--r0--create_visit,restore,ours_direct,3,1.0547854059645023,1.1889531791583716
spring_petclinic_microservices,spring_petclinic_microservices--colocated--NC--r0--create_visit,restore,ours_prepared,3,0.9889653199674598,1.0876478891518475
spring_petclinic_microservices,spring_petclinic_microservices--colocated--NC--r0--create_visit,restore,cudd_fixed,3,0.9493194880957506,1.0952955573984862
spring_petclinic_microservices,spring_petclinic_microservices--colocated--NC--r0--create_visit,restore,cudd_sift,3,0.993726389486465,1.121721288536785
spring_petclinic_microservices,spring_petclinic_microservices--colocated--NC--r0--create_visit,restore,agrum_conditioned,3,1.1132238781065682,1.1220943298565456
spring_petclinic_microservices,spring_petclinic_microservices--colocated--NC--r0--create_visit,restore,agrum_joint,3,1.1071102589403867,1.1237851859863623
spring_petclinic_microservices,spring_petclinic_microservices--colocated--NC--r0--create_visit,restore,storm_sparse,3,0.9633219191032876,1.0049047171242482
spring_petclinic_microservices,spring_petclinic_microservices--colocated--NC--r0--create_visit,restore,storm_compact,3,1.0344697187723002,1.10603974115726
spring_petclinic_microservices,spring_petclinic_microservices--colocated--NC--r0--list_owners,initial,ours_direct,3,0.7805750513561946,1.3490876494023905
spring_petclinic_microservices,spring_petclinic_microservices--colocated--NC--r0--list_owners,initial,ours_prepared,3,0.9003225812203877,1.3505159059845093
spring_petclinic_microservices,spring_petclinic_microservices--colocated--NC--r0--list_owners,initial,cudd_fixed,3,1.0275614016522978,1.0509127371533946
spring_petclinic_microservices,spring_petclinic_microservices--colocated--NC--r0--list_owners,initial,cudd_sift,3,1.0045847164800756,1.0255950275627281
spring_petclinic_microservices,spring_petclinic_microservices--colocated--NC--r0--list_owners,initial,agrum_conditioned,3,1.2024295531991247,1.2620629897434423
spring_petclinic_microservices,spring_petclinic_microservices--colocated--NC--r0--list_owners,initial,agrum_joint,3,1.213676089948169,1.2593000524290074
spring_petclinic_microservices,spring_petclinic_microservices--colocated--NC--r0--list_owners,initial,storm_sparse,3,0.8871362550329416,0.9981733232657287
spring_petclinic_microservices,spring_petclinic_microservices--colocated--NC--r0--list_owners,initial,storm_compact,3,0.9243414841614807,1.0208214510495592
spring_petclinic_microservices,spring_petclinic_microservices--colocated--NC--r0--list_owners,repeat,ours_direct,3,0.6756378846728414,1.0335695796869222
spring_petclinic_microservices,spring_petclinic_microservices--colocated--NC--r0--list_owners,repeat,ours_prepared,3,0.6613639628996982,1.113679364493897
spring_petclinic_microservices,spring_petclinic_microservices--colocated--NC--r0--list_owners,repeat,cudd_fixed,3,0.6362718950479348,0.9359345439257475
spring_petclinic_microservices,spring_petclinic_microservices--colocated--NC--r0--list_owners,repeat,cudd_sift,3,0.6302538184995331,0.9939050711611934
spring_petclinic_microservices,spring_petclinic_microservices--colocated--NC--r0--list_owners,repeat,agrum_conditioned,3,0.9966928276550379,1.1156948934738045
spring_petclinic_microservices,spring_petclinic_microservices--colocated--NC--r0--list_owners,repeat,agrum_joint,3,0.8438888554171499,1.0157516603810606
spring_petclinic_microservices,spring_petclinic_microservices--colocated--NC--r0--list_owners,repeat,storm_sparse,3,0.5838458077096145,0.9221851526156448
spring_petclinic_microservices,spring_petclinic_microservices--colocated--NC--r0--list_owners,repeat,storm_compact,3,0.6163036753431904,1.0120222541171597
spring_petclinic_microservices,spring_petclinic_microservices--colocated--NC--r0--list_owners,counts,ours_direct,3,0.6944825781517341,1.026514420758175
spring_petclinic_microservices,spring_petclinic_microservices--colocated--NC--r0--list_owners,counts,ours_prepared,3,0.6301095834719296,0.9879148071229729
spring_petclinic_microservices,spring_petclinic_microservices--colocated--NC--r0--list_owners,counts,cudd_fixed,3,0.675243081525804,1.0791375936796248
spring_petclinic_microservices,spring_petclinic_microservices--colocated--NC--r0--list_owners,counts,cudd_sift,3,0.6297373228458999,1.0086887490531957
spring_petclinic_microservices,spring_petclinic_microservices--colocated--NC--r0--list_owners,counts,agrum_conditioned,3,0.9979190222737009,1.1071876327276262
spring_petclinic_microservices,spring_petclinic_microservices--colocated--NC--r0--list_owners,counts,agrum_joint,3,0.8283580046539822,0.9927739730876516
spring_petclinic_microservices,spring_petclinic_microservices--colocated--NC--r0--list_owners,counts,storm_sparse,3,0.6375910946621389,1.0557921532183119
spring_petclinic_microservices,spring_petclinic_microservices--colocated--NC--r0--list_owners,counts,storm_compact,3,0.6177139794959194,0.9837257667051266
spring_petclinic_microservices,spring_petclinic_microservices--colocated--NC--r0--list_owners,masks,ours_direct,3,0.6456353613472527,0.9842193717406885
spring_petclinic_microservices,spring_petclinic_microservices--colocated--NC--r0--list_owners,masks,ours_prepared,3,0.6307798707458516,1.0287275816933428
spring_petclinic_microservices,spring_petclinic_microservices--colocated--NC--r0--list_owners,masks,cudd_fixed,3,0.44994825107508785,0.6290269101712225
spring_petclinic_microservices,spring_petclinic_microservices--colocated--NC--r0--list_owners,masks,cudd_sift,3,0.462647742606773,0.651640777413774
spring_petclinic_microservices,spring_petclinic_microservices--colocated--NC--r0--list_owners,masks,agrum_conditioned,3,1.189007395326368,1.2859608698764373
spring_petclinic_microservices,spring_petclinic_microservices--colocated--NC--r0--list_owners,masks,agrum_joint,3,1.1757766618058356,1.2561260808873225
spring_petclinic_microservices,spring_petclinic_microservices--colocated--NC--r0--list_owners,masks,storm_sparse,3,0.9306469941545296,1.032013506878484
spring_petclinic_microservices,spring_petclinic_microservices--colocated--NC--r0--list_owners,masks,storm_compact,3,0.9288138244687518,1.0090404648913587
spring_petclinic_microservices,spring_petclinic_microservices--colocated--NC--r0--list_owners,metadata,ours_direct,3,0.6501905887444446,0.9947786519079969
spring_petclinic_microservices,spring_petclinic_microservices--colocated--NC--r0--list_owners,metadata,ours_prepared,3,0.6036064109838796,0.9880202874825009
spring_petclinic_microservices,spring_petclinic_microservices--colocated--NC--r0--list_owners,metadata,cudd_fixed,3,0.6120695057429075,1.0256280801169502
spring_petclinic_microservices,spring_petclinic_microservices--colocated--NC--r0--list_owners,metadata,cudd_sift,3,0.6121644782121699,1.0243848807673352
spring_petclinic_microservices,spring_petclinic_microservices--colocated--NC--r0--list_owners,metadata,agrum_conditioned,3,1.036246583733861,1.1632855113955984
spring_petclinic_microservices,spring_petclinic_microservices--colocated--NC--r0--list_owners,metadata,agrum_joint,3,0.8311071694468866,1.015620730270907
spring_petclinic_microservices,spring_petclinic_microservices--colocated--NC--r0--list_owners,metadata,storm_sparse,3,0.7247586015887604,1.0263472089934669
spring_petclinic_microservices,spring_petclinic_microservices--colocated--NC--r0--list_owners,metadata,storm_compact,3,0.6799977752403885,0.9865197369050924
spring_petclinic_microservices,spring_petclinic_microservices--colocated--NC--r0--list_owners,structure,ours_direct,3,0.6878354795755486,1.055629476364794
spring_petclinic_microservices,spring_petclinic_microservices--colocated--NC--r0--list_owners,structure,ours_prepared,3,0.8201328293904468,1.0761819432000501
spring_petclinic_microservices,spring_petclinic_microservices--colocated--NC--r0--list_owners,structure,cudd_fixed,3,1.0151651523498422,1.5401053432503051
spring_petclinic_microservices,spring_petclinic_microservices--colocated--NC--r0--list_owners,structure,cudd_sift,3,1.0924587485501192,1.4853955980984819
spring_petclinic_microservices,spring_petclinic_microservices--colocated--NC--r0--list_owners,structure,agrum_conditioned,3,1.241556411002371,1.3033766986850794
spring_petclinic_microservices,spring_petclinic_microservices--colocated--NC--r0--list_owners,structure,agrum_joint,3,1.2303036112311263,1.286035114032599
spring_petclinic_microservices,spring_petclinic_microservices--colocated--NC--r0--list_owners,structure,storm_sparse,3,0.8598442019940971,1.0275738443896716
spring_petclinic_microservices,spring_petclinic_microservices--colocated--NC--r0--list_owners,structure,storm_compact,3,0.8727523320332203,1.0434353363259565
spring_petclinic_microservices,spring_petclinic_microservices--colocated--NC--r0--list_owners,restore,ours_direct,3,0.6406294628891639,1.010561383612135
spring_petclinic_microservices,spring_petclinic_microservices--colocated--NC--r0--list_owners,restore,ours_prepared,3,0.7336223135476432,0.9841391639049843
spring_petclinic_microservices,spring_petclinic_microservices--colocated--NC--r0--list_owners,restore,cudd_fixed,3,0.7463296503708188,1.145844098556935
spring_petclinic_microservices,spring_petclinic_microservices--colocated--NC--r0--list_owners,restore,cudd_sift,3,0.8246327138144661,1.1358040711807809
spring_petclinic_microservices,spring_petclinic_microservices--colocated--NC--r0--list_owners,restore,agrum_conditioned,3,1.2269801318944966,1.2882592481506923
spring_petclinic_microservices,spring_petclinic_microservices--colocated--NC--r0--list_owners,restore,agrum_joint,3,1.2622632270825043,1.3200006459521259
spring_petclinic_microservices,spring_petclinic_microservices--colocated--NC--r0--list_owners,restore,storm_sparse,3,0.8292280897348017,1.0802466986125814
spring_petclinic_microservices,spring_petclinic_microservices--colocated--NC--r0--list_owners,restore,storm_compact,3,0.8164725738396624,1.203121702972755
spring_petclinic_microservices,spring_petclinic_microservices--colocated--NC--r0--list_vets,initial,ours_direct,3,0.7779541974242187,1.3804821833134715
spring_petclinic_microservices,spring_petclinic_microservices--colocated--NC--r0--list_vets,initial,ours_prepared,3,0.8214468203852833,1.2236826181302367
spring_petclinic_microservices,spring_petclinic_microservices--colocated--NC--r0--list_vets,initial,cudd_fixed,3,1.0072884307399306,1.0291440086781118
spring_petclinic_microservices,spring_petclinic_microservices--colocated--NC--r0--list_vets,initial,cudd_sift,3,0.9652909793212092,0.9839962691211802
spring_petclinic_microservices,spring_petclinic_microservices--colocated--NC--r0--list_vets,initial,agrum_conditioned,3,1.0545746907858993,1.0915844614829693
spring_petclinic_microservices,spring_petclinic_microservices--colocated--NC--r0--list_vets,initial,agrum_joint,3,1.1044766789487375,1.1420770008951724
spring_petclinic_microservices,spring_petclinic_microservices--colocated--NC--r0--list_vets,initial,storm_sparse,3,0.96877870839233,1.0563896933399832
spring_petclinic_microservices,spring_petclinic_microservices--colocated--NC--r0--list_vets,initial,storm_compact,3,0.8987031122081623,0.9806711842187601
spring_petclinic_microservices,spring_petclinic_microservices--colocated--NC--r0--list_vets,repeat,ours_direct,3,0.6992170602993338,1.0281306656515539
spring_petclinic_microservices,spring_petclinic_microservices--colocated--NC--r0--list_vets,repeat,ours_prepared,3,0.6717915297486828,1.0174931441010997
spring_petclinic_microservices,spring_petclinic_microservices--colocated--NC--r0--list_vets,repeat,cudd_fixed,3,0.6054309853768907,0.8803940350752711
spring_petclinic_microservices,spring_petclinic_microservices--colocated--NC--r0--list_vets,repeat,cudd_sift,3,0.6465873272271652,0.9867237135631031
spring_petclinic_microservices,spring_petclinic_microservices--colocated--NC--r0--list_vets,repeat,agrum_conditioned,3,0.9289688190198248,1.0219247401424427
spring_petclinic_microservices,spring_petclinic_microservices--colocated--NC--r0--list_vets,repeat,agrum_joint,3,0.853028184859629,1.004659013146244
spring_petclinic_microservices,spring_petclinic_microservices--colocated--NC--r0--list_vets,repeat,storm_sparse,3,0.6199218877287391,0.988777752519512
spring_petclinic_microservices,spring_petclinic_microservices--colocated--NC--r0--list_vets,repeat,storm_compact,3,0.5774576405153443,0.9366679993484667
spring_petclinic_microservices,spring_petclinic_microservices--colocated--NC--r0--list_vets,counts,ours_direct,3,0.7013570524218061,1.0429134483306068
spring_petclinic_microservices,spring_petclinic_microservices--colocated--NC--r0--list_vets,counts,ours_prepared,3,0.6694504703444653,1.011237971333079
spring_petclinic_microservices,spring_petclinic_microservices--colocated--NC--r0--list_vets,counts,cudd_fixed,3,0.6386788717748129,0.9897417783923526
spring_petclinic_microservices,spring_petclinic_microservices--colocated--NC--r0--list_vets,counts,cudd_sift,3,0.6246890184418482,0.9612797315044506
spring_petclinic_microservices,spring_petclinic_microservices--colocated--NC--r0--list_vets,counts,agrum_conditioned,3,0.9752267613599128,1.0724846325882873
spring_petclinic_microservices,spring_petclinic_microservices--colocated--NC--r0--list_vets,counts,agrum_joint,3,0.8349808470210187,0.9827518047233077
spring_petclinic_microservices,spring_petclinic_microservices--colocated--NC--r0--list_vets,counts,storm_sparse,3,0.5767554334845951,0.9117595105422895
spring_petclinic_microservices,spring_petclinic_microservices--colocated--NC--r0--list_vets,counts,storm_compact,3,0.6066596430406419,0.9812952844247272
spring_petclinic_microservices,spring_petclinic_microservices--colocated--NC--r0--list_vets,masks,ours_direct,3,0.6870836990757474,1.0233237112314972
spring_petclinic_microservices,spring_petclinic_microservices--colocated--NC--r0--list_vets,masks,ours_prepared,3,0.5727251232243866,0.8721905517620608
spring_petclinic_microservices,spring_petclinic_microservices--colocated--NC--r0--list_vets,masks,cudd_fixed,3,0.44158776834221214,0.5915630191729154
spring_petclinic_microservices,spring_petclinic_microservices--colocated--NC--r0--list_vets,masks,cudd_sift,3,0.4690735379676296,0.63909309087347
spring_petclinic_microservices,spring_petclinic_microservices--colocated--NC--r0--list_vets,masks,agrum_conditioned,3,1.0369547335913167,1.1119208960928926
spring_petclinic_microservices,spring_petclinic_microservices--colocated--NC--r0--list_vets,masks,agrum_joint,3,1.0982152655080708,1.1670886095773862
spring_petclinic_microservices,spring_petclinic_microservices--colocated--NC--r0--list_vets,masks,storm_sparse,3,0.9325188767617822,1.011933521429474
spring_petclinic_microservices,spring_petclinic_microservices--colocated--NC--r0--list_vets,masks,storm_compact,3,0.9354173849822658,1.0094939482960024
spring_petclinic_microservices,spring_petclinic_microservices--colocated--NC--r0--list_vets,metadata,ours_direct,3,0.6443511151918253,0.965541393277433
spring_petclinic_microservices,spring_petclinic_microservices--colocated--NC--r0--list_vets,metadata,ours_prepared,3,0.6260370488049667,1.0209620914168622
spring_petclinic_microservices,spring_petclinic_microservices--colocated--NC--r0--list_vets,metadata,cudd_fixed,3,0.5816649203343561,0.9427027109794284
spring_petclinic_microservices,spring_petclinic_microservices--colocated--NC--r0--list_vets,metadata,cudd_sift,3,0.5835609462524883,0.9659286071854903
spring_petclinic_microservices,spring_petclinic_microservices--colocated--NC--r0--list_vets,metadata,agrum_conditioned,3,0.9514669353297782,1.048899992971201
spring_petclinic_microservices,spring_petclinic_microservices--colocated--NC--r0--list_vets,metadata,agrum_joint,3,0.8503363184394193,1.015480051820821
spring_petclinic_microservices,spring_petclinic_microservices--colocated--NC--r0--list_vets,metadata,storm_sparse,3,0.7186916558954474,0.9946396367821508
spring_petclinic_microservices,spring_petclinic_microservices--colocated--NC--r0--list_vets,metadata,storm_compact,3,0.6905680020273556,0.9595796861031567
spring_petclinic_microservices,spring_petclinic_microservices--colocated--NC--r0--list_vets,structure,ours_direct,3,0.7018110166489551,1.0482193591014206
spring_petclinic_microservices,spring_petclinic_microservices--colocated--NC--r0--list_vets,structure,ours_prepared,3,0.8500305530616216,1.1401841715263663
spring_petclinic_microservices,spring_petclinic_microservices--colocated--NC--r0--list_vets,structure,cudd_fixed,3,1.0109500554666362,1.4940901785985021
spring_petclinic_microservices,spring_petclinic_microservices--colocated--NC--r0--list_vets,structure,cudd_sift,3,1.1178597021037007,1.4949688014262206
spring_petclinic_microservices,spring_petclinic_microservices--colocated--NC--r0--list_vets,structure,agrum_conditioned,3,1.0888290432774608,1.135847278719732
spring_petclinic_microservices,spring_petclinic_microservices--colocated--NC--r0--list_vets,structure,agrum_joint,3,1.121119700660101,1.1643414703794182
spring_petclinic_microservices,spring_petclinic_microservices--colocated--NC--r0--list_vets,structure,storm_sparse,3,0.8586624666828204,1.0200032666237522
spring_petclinic_microservices,spring_petclinic_microservices--colocated--NC--r0--list_vets,structure,storm_compact,3,0.8734270655641145,1.0237369223489827
spring_petclinic_microservices,spring_petclinic_microservices--colocated--NC--r0--list_vets,restore,ours_direct,3,0.6687974723785954,1.0182798271453564
spring_petclinic_microservices,spring_petclinic_microservices--colocated--NC--r0--list_vets,restore,ours_prepared,3,0.8174761237385711,1.0908010112496829
spring_petclinic_microservices,spring_petclinic_microservices--colocated--NC--r0--list_vets,restore,cudd_fixed,3,0.7082045371195054,1.0649413161018066
spring_petclinic_microservices,spring_petclinic_microservices--colocated--NC--r0--list_vets,restore,cudd_sift,3,0.8185931040142803,1.1199767144895967
spring_petclinic_microservices,spring_petclinic_microservices--colocated--NC--r0--list_vets,restore,agrum_conditioned,3,1.0998991212864513,1.1515438101800939
spring_petclinic_microservices,spring_petclinic_microservices--colocated--NC--r0--list_vets,restore,agrum_joint,3,1.1460299735441046,1.196229918851327
spring_petclinic_microservices,spring_petclinic_microservices--colocated--NC--r0--list_vets,restore,storm_sparse,3,0.8622740296113763,1.107520440073848
spring_petclinic_microservices,spring_petclinic_microservices--colocated--NC--r0--list_vets,restore,storm_compact,3,0.8311068834154048,1.0050482781715688
spring_petclinic_microservices,spring_petclinic_microservices--colocated--NC--r0--owner_details_with_visits,initial,ours_direct,3,1.0136609021816367,1.164354005514296
spring_petclinic_microservices,spring_petclinic_microservices--colocated--NC--r0--owner_details_with_visits,initial,ours_prepared,3,0.980606936714983,1.1014310741552897
spring_petclinic_microservices,spring_petclinic_microservices--colocated--NC--r0--owner_details_with_visits,initial,cudd_fixed,3,0.9920440397305186,1.0463142053202115
spring_petclinic_microservices,spring_petclinic_microservices--colocated--NC--r0--owner_details_with_visits,initial,cudd_sift,3,0.9840769047157807,1.0369137018483445
spring_petclinic_microservices,spring_petclinic_microservices--colocated--NC--r0--owner_details_with_visits,initial,agrum_conditioned,3,1.1636587001345489,1.180053933009155
spring_petclinic_microservices,spring_petclinic_microservices--colocated--NC--r0--owner_details_with_visits,initial,agrum_joint,3,1.1396656566140209,1.1688190682455535
spring_petclinic_microservices,spring_petclinic_microservices--colocated--NC--r0--owner_details_with_visits,initial,storm_sparse,3,1.0926145612147768,1.1378636680872685
spring_petclinic_microservices,spring_petclinic_microservices--colocated--NC--r0--owner_details_with_visits,initial,storm_compact,3,1.046977403080259,1.101271105828818
spring_petclinic_microservices,spring_petclinic_microservices--colocated--NC--r0--owner_details_with_visits,repeat,ours_direct,3,1.0514493117445445,1.2104019950475053
spring_petclinic_microservices,spring_petclinic_microservices--colocated--NC--r0--owner_details_with_visits,repeat,ours_prepared,3,0.8241473542580091,1.0062587891558314
spring_petclinic_microservices,spring_petclinic_microservices--colocated--NC--r0--owner_details_with_visits,repeat,cudd_fixed,3,0.8977584561175889,1.082838241904278
spring_petclinic_microservices,spring_petclinic_microservices--colocated--NC--r0--owner_details_with_visits,repeat,cudd_sift,3,0.8877488564991677,1.0632666067854601
spring_petclinic_microservices,spring_petclinic_microservices--colocated--NC--r0--owner_details_with_visits,repeat,agrum_conditioned,3,1.11596509275707,1.1286551180726991
spring_petclinic_microservices,spring_petclinic_microservices--colocated--NC--r0--owner_details_with_visits,repeat,agrum_joint,3,0.9688760877895396,1.006759032060571
spring_petclinic_microservices,spring_petclinic_microservices--colocated--NC--r0--owner_details_with_visits,repeat,storm_sparse,3,1.0621002978140046,1.1646341208974884
spring_petclinic_microservices,spring_petclinic_microservices--colocated--NC--r0--owner_details_with_visits,repeat,storm_compact,3,0.7760869529054999,0.9959670112025084
spring_petclinic_microservices,spring_petclinic_microservices--colocated--NC--r0--owner_details_with_visits,counts,ours_direct,3,1.0303294388169661,1.1725012269526256
spring_petclinic_microservices,spring_petclinic_microservices--colocated--NC--r0--owner_details_with_visits,counts,ours_prepared,3,0.833771542606112,1.0204677703232758
spring_petclinic_microservices,spring_petclinic_microservices--colocated--NC--r0--owner_details_with_visits,counts,cudd_fixed,3,0.8988932220260445,1.0704107788172432
spring_petclinic_microservices,spring_petclinic_microservices--colocated--NC--r0--owner_details_with_visits,counts,cudd_sift,3,0.8981560788880842,1.0739626610072337
spring_petclinic_microservices,spring_petclinic_microservices--colocated--NC--r0--owner_details_with_visits,counts,agrum_conditioned,3,1.1212758918888264,1.1345877684404508
spring_petclinic_microservices,spring_petclinic_microservices--colocated--NC--r0--owner_details_with_visits,counts,agrum_joint,3,0.9538554076158801,0.9894311333317342
spring_petclinic_microservices,spring_petclinic_microservices--colocated--NC--r0--owner_details_with_visits,counts,storm_sparse,3,1.0558331300452188,1.1453019619502893
spring_petclinic_microservices,spring_petclinic_microservices--colocated--NC--r0--owner_details_with_visits,counts,storm_compact,3,0.8668741145355289,1.0281968868000895
spring_petclinic_microservices,spring_petclinic_microservices--colocated--NC--r0--owner_details_with_visits,masks,ours_direct,3,1.027683374881256,1.163000463813086
spring_petclinic_microservices,spring_petclinic_microservices--colocated--NC--r0--owner_details_with_visits,masks,ours_prepared,3,0.7989727425406867,0.9833079797707273
spring_petclinic_microservices,spring_petclinic_microservices--colocated--NC--r0--owner_details_with_visits,masks,cudd_fixed,3,0.8985318416164647,1.0839806540979091
spring_petclinic_microservices,spring_petclinic_microservices--colocated--NC--r0--owner_details_with_visits,masks,cudd_sift,3,0.9361241229971069,1.1110213105833036
spring_petclinic_microservices,spring_petclinic_microservices--colocated--NC--r0--owner_details_with_visits,masks,agrum_conditioned,3,1.184435950357965,1.1977279767047795
spring_petclinic_microservices,spring_petclinic_microservices--colocated--NC--r0--owner_details_with_visits,masks,agrum_joint,3,1.1346697087054347,1.159099941157241
spring_petclinic_microservices,spring_petclinic_microservices--colocated--NC--r0--owner_details_with_visits,masks,storm_sparse,3,1.1300807159227753,1.1893287647532058
spring_petclinic_microservices,spring_petclinic_microservices--colocated--NC--r0--owner_details_with_visits,masks,storm_compact,3,1.089718561082802,1.1658094275835014
spring_petclinic_microservices,spring_petclinic_microservices--colocated--NC--r0--owner_details_with_visits,metadata,ours_direct,3,1.0103079168899771,1.1455636168211742
spring_petclinic_microservices,spring_petclinic_microservices--colocated--NC--r0--owner_details_with_visits,metadata,ours_prepared,3,0.8194609798987502,1.008803335055074
spring_petclinic_microservices,spring_petclinic_microservices--colocated--NC--r0--owner_details_with_visits,metadata,cudd_fixed,3,0.9061590580458583,1.0867267606751154
spring_petclinic_microservices,spring_petclinic_microservices--colocated--NC--r0--owner_details_with_visits,metadata,cudd_sift,3,0.9203330495602587,1.0982620910097847
spring_petclinic_microservices,spring_petclinic_microservices--colocated--NC--r0--owner_details_with_visits,metadata,agrum_conditioned,3,1.1382218048552515,1.152084497981277
spring_petclinic_microservices,spring_petclinic_microservices--colocated--NC--r0--owner_details_with_visits,metadata,agrum_joint,3,0.9607137637959354,0.998759851204436
spring_petclinic_microservices,spring_petclinic_microservices--colocated--NC--r0--owner_details_with_visits,metadata,storm_sparse,3,1.0775249241154679,1.1884114981366365
spring_petclinic_microservices,spring_petclinic_microservices--colocated--NC--r0--owner_details_with_visits,metadata,storm_compact,3,0.8247541648986219,1.0253430245745412
spring_petclinic_microservices,spring_petclinic_microservices--colocated--NC--r0--owner_details_with_visits,structure,ours_direct,3,1.0344541464216135,1.1711088854788125
spring_petclinic_microservices,spring_petclinic_microservices--colocated--NC--r0--owner_details_with_visits,structure,ours_prepared,3,1.0038977442177262,1.1212534731744883
spring_petclinic_microservices,spring_petclinic_microservices--colocated--NC--r0--owner_details_with_visits,structure,cudd_fixed,3,0.90233543985761,1.0767171934284059
spring_petclinic_microservices,spring_petclinic_microservices--colocated--NC--r0--owner_details_with_visits,structure,cudd_sift,3,0.9880671421082305,1.136857414605968
spring_petclinic_microservices,spring_petclinic_microservices--colocated--NC--r0--owner_details_with_visits,structure,agrum_conditioned,3,1.2048955217758164,1.2166490050929757
spring_petclinic_microservices,spring_petclinic_microservices--colocated--NC--r0--owner_details_with_visits,structure,agrum_joint,3,1.1698344202081117,1.18926601274465
spring_petclinic_microservices,spring_petclinic_microservices--colocated--NC--r0--owner_details_with_visits,structure,storm_sparse,3,1.1218360469276267,1.1840043063922947
spring_petclinic_microservices,spring_petclinic_microservices--colocated--NC--r0--owner_details_with_visits,structure,storm_compact,3,1.0344675797158318,1.094947625468223
spring_petclinic_microservices,spring_petclinic_microservices--colocated--NC--r0--owner_details_with_visits,restore,ours_direct,3,1.0402290171821216,1.1935218546099056
spring_petclinic_microservices,spring_petclinic_microservices--colocated--NC--r0--owner_details_with_visits,restore,ours_prepared,3,0.9927588134057789,1.1002413020805664
spring_petclinic_microservices,spring_petclinic_microservices--colocated--NC--r0--owner_details_with_visits,restore,cudd_fixed,3,0.8911918234683688,1.0543860543823453
spring_petclinic_microservices,spring_petclinic_microservices--colocated--NC--r0--owner_details_with_visits,restore,cudd_sift,3,0.9477115661301226,1.0938535129665987
spring_petclinic_microservices,spring_petclinic_microservices--colocated--NC--r0--owner_details_with_visits,restore,agrum_conditioned,3,1.1839818971755995,1.1947147962460032
spring_petclinic_microservices,spring_petclinic_microservices--colocated--NC--r0--owner_details_with_visits,restore,agrum_joint,3,1.1710106186390257,1.1913645535806021
spring_petclinic_microservices,spring_petclinic_microservices--colocated--NC--r0--owner_details_with_visits,restore,storm_sparse,3,1.2882321404301353,1.3569403437730498
spring_petclinic_microservices,spring_petclinic_microservices--colocated--NC--r0--owner_details_with_visits,restore,storm_compact,3,1.0671945040130622,1.146848977030232
spring_petclinic_microservices,spring_petclinic_microservices--colocated--NCD--r0--create_visit,initial,ours_direct,3,0.9798228257979416,1.1091921411536003
spring_petclinic_microservices,spring_petclinic_microservices--colocated--NCD--r0--create_visit,initial,ours_prepared,3,0.9395041295261632,1.0349618629012332
spring_petclinic_microservices,spring_petclinic_microservices--colocated--NCD--r0--create_visit,initial,cudd_fixed,3,0.9666490403484791,1.0153269863150034
spring_petclinic_microservices,spring_petclinic_microservices--colocated--NCD--r0--create_visit,initial,cudd_sift,3,0.9822554641911845,1.0333123581526407
spring_petclinic_microservices,spring_petclinic_microservices--colocated--NCD--r0--create_visit,initial,agrum_conditioned,3,1.0886290155582774,1.0995063804983498
spring_petclinic_microservices,spring_petclinic_microservices--colocated--NCD--r0--create_visit,initial,agrum_joint,3,1.0506982004315348,1.0721241958005414
spring_petclinic_microservices,spring_petclinic_microservices--colocated--NCD--r0--create_visit,initial,storm_sparse,3,1.0442246446314956,1.0839665717552447
spring_petclinic_microservices,spring_petclinic_microservices--colocated--NCD--r0--create_visit,initial,storm_compact,3,1.0179960577648672,1.066823285923356
spring_petclinic_microservices,spring_petclinic_microservices--colocated--NCD--r0--create_visit,repeat,ours_direct,3,1.0038077773027214,1.1213224081960438
spring_petclinic_microservices,spring_petclinic_microservices--colocated--NCD--r0--create_visit,repeat,ours_prepared,3,0.8490913128320408,1.0032855349904066
spring_petclinic_microservices,spring_petclinic_microservices--colocated--NCD--r0--create_visit,repeat,cudd_fixed,3,0.9059169875382578,1.0436144037725004
spring_petclinic_microservices,spring_petclinic_microservices--colocated--NCD--r0--create_visit,repeat,cudd_sift,3,0.8939477347163219,1.0213171631078104
spring_petclinic_microservices,spring_petclinic_microservices--colocated--NCD--r0--create_visit,repeat,agrum_conditioned,3,1.0186522024722862,1.0275663837214974
spring_petclinic_microservices,spring_petclinic_microservices--colocated--NCD--r0--create_visit,repeat,agrum_joint,3,0.9621078146203915,0.9900813947228028
spring_petclinic_microservices,spring_petclinic_microservices--colocated--NCD--r0--create_visit,repeat,storm_sparse,3,1.0138492232074354,1.100831035719444
spring_petclinic_microservices,spring_petclinic_microservices--colocated--NCD--r0--create_visit,repeat,storm_compact,3,0.8319933968573103,1.030129851066838
spring_petclinic_microservices,spring_petclinic_microservices--colocated--NCD--r0--create_visit,counts,ours_direct,3,0.9944697457493025,1.1082153357676192
spring_petclinic_microservices,spring_petclinic_microservices--colocated--NCD--r0--create_visit,counts,ours_prepared,3,0.8293583769381687,0.9700477440354824
spring_petclinic_microservices,spring_petclinic_microservices--colocated--NCD--r0--create_visit,counts,cudd_fixed,3,0.90480657297804,1.034129002828209
spring_petclinic_microservices,spring_petclinic_microservices--colocated--NCD--r0--create_visit,counts,cudd_sift,3,0.9079169916349344,1.0331829195442086
spring_petclinic_microservices,spring_petclinic_microservices--colocated--NCD--r0--create_visit,counts,agrum_conditioned,3,1.035473252332366,1.0446609420633781
spring_petclinic_microservices,spring_petclinic_microservices--colocated--NCD--r0--create_visit,counts,agrum_joint,3,0.9663890532177679,0.9935557844381636
spring_petclinic_microservices,spring_petclinic_microservices--colocated--NCD--r0--create_visit,counts,storm_sparse,3,0.9959649095045817,1.0702486359946384
spring_petclinic_microservices,spring_petclinic_microservices--colocated--NCD--r0--create_visit,counts,storm_compact,3,0.8580018533723065,1.0172477783437512
spring_petclinic_microservices,spring_petclinic_microservices--colocated--NCD--r0--create_visit,masks,ours_direct,3,1.0045699580063225,1.1260128864729508
spring_petclinic_microservices,spring_petclinic_microservices--colocated--NCD--r0--create_visit,masks,ours_prepared,3,0.8526010763497278,1.0075684412127626
spring_petclinic_microservices,spring_petclinic_microservices--colocated--NCD--r0--create_visit,masks,cudd_fixed,3,0.9293898372856434,1.0671562061014859
spring_petclinic_microservices,spring_petclinic_microservices--colocated--NCD--r0--create_visit,masks,cudd_sift,3,0.9319304232307919,1.0696122383627842
spring_petclinic_microservices,spring_petclinic_microservices--colocated--NCD--r0--create_visit,masks,agrum_conditioned,3,1.063175993217864,1.0716667206070396
spring_petclinic_microservices,spring_petclinic_microservices--colocated--NCD--r0--create_visit,masks,agrum_joint,3,1.0527573401372088,1.0706734090208159
spring_petclinic_microservices,spring_petclinic_microservices--colocated--NCD--r0--create_visit,masks,storm_sparse,3,1.05275953791833,1.100532937010698
spring_petclinic_microservices,spring_petclinic_microservices--colocated--NCD--r0--create_visit,masks,storm_compact,3,1.0399571941036385,1.1120328785774938
spring_petclinic_microservices,spring_petclinic_microservices--colocated--NCD--r0--create_visit,metadata,ours_direct,3,0.9956523295715645,1.1124503583517191
spring_petclinic_microservices,spring_petclinic_microservices--colocated--NCD--r0--create_visit,metadata,ours_prepared,3,0.835129893886704,0.9847582643693152
spring_petclinic_microservices,spring_petclinic_microservices--colocated--NCD--r0--create_visit,metadata,cudd_fixed,3,0.9004887322776647,1.040109965925945
spring_petclinic_microservices,spring_petclinic_microservices--colocated--NCD--r0--create_visit,metadata,cudd_sift,3,0.9104843448958186,1.0491121761742748
spring_petclinic_microservices,spring_petclinic_microservices--colocated--NCD--r0--create_visit,metadata,agrum_conditioned,3,1.0368515075048357,1.046593204636244
spring_petclinic_microservices,spring_petclinic_microservices--colocated--NCD--r0--create_visit,metadata,agrum_joint,3,0.9497230165401417,0.977687365998949
spring_petclinic_microservices,spring_petclinic_microservices--colocated--NCD--r0--create_visit,metadata,storm_sparse,3,0.9953387290514754,1.08074484456498
spring_petclinic_microservices,spring_petclinic_microservices--colocated--NCD--r0--create_visit,metadata,storm_compact,3,0.4616900719493521,0.5149683570967168
spring_petclinic_microservices,spring_petclinic_microservices--colocated--NCD--r0--create_visit,structure,ours_direct,3,1.0072957278614485,1.1234163060509346
spring_petclinic_microservices,spring_petclinic_microservices--colocated--NCD--r0--create_visit,structure,ours_prepared,3,0.9438915989254091,1.034407108713089
spring_petclinic_microservices,spring_petclinic_microservices--colocated--NCD--r0--create_visit,structure,cudd_fixed,3,0.8995377178775976,1.0305007190110504
spring_petclinic_microservices,spring_petclinic_microservices--colocated--NCD--r0--create_visit,structure,cudd_sift,3,0.9495106598786638,1.0705060418187629
spring_petclinic_microservices,spring_petclinic_microservices--colocated--NCD--r0--create_visit,structure,agrum_conditioned,3,1.080598499727283,1.0903882959788092
spring_petclinic_microservices,spring_petclinic_microservices--colocated--NCD--r0--create_visit,structure,agrum_joint,3,1.0737328555460584,1.0887575167790917
spring_petclinic_microservices,spring_petclinic_microservices--colocated--NCD--r0--create_visit,structure,storm_sparse,3,1.0410157883401778,1.0827652073624507
spring_petclinic_microservices,spring_petclinic_microservices--colocated--NCD--r0--create_visit,structure,storm_compact,3,1.1857163196487521,1.2664754276842096
spring_petclinic_microservices,spring_petclinic_microservices--colocated--NCD--r0--create_visit,restore,ours_direct,3,1.0166748200139832,1.1408519960450971
spring_petclinic_microservices,spring_petclinic_microservices--colocated--NCD--r0--create_visit,restore,ours_prepared,3,0.9497626641842141,1.0403763117873306
spring_petclinic_microservices,spring_petclinic_microservices--colocated--NCD--r0--create_visit,restore,cudd_fixed,3,0.9011324025351506,1.0354287030211038
spring_petclinic_microservices,spring_petclinic_microservices--colocated--NCD--r0--create_visit,restore,cudd_sift,3,0.9262360686822431,1.0384400757676802
spring_petclinic_microservices,spring_petclinic_microservices--colocated--NCD--r0--create_visit,restore,agrum_conditioned,3,1.0680142520604927,1.0761495338543186
spring_petclinic_microservices,spring_petclinic_microservices--colocated--NCD--r0--create_visit,restore,agrum_joint,3,1.0627638597996167,1.078381949483025
spring_petclinic_microservices,spring_petclinic_microservices--colocated--NCD--r0--create_visit,restore,storm_sparse,3,1.0585555019083595,1.112214301982162
spring_petclinic_microservices,spring_petclinic_microservices--colocated--NCD--r0--create_visit,restore,storm_compact,3,1.0346662846057564,1.1052575654470638
spring_petclinic_microservices,spring_petclinic_microservices--colocated--NCD--r0--list_owners,initial,ours_direct,3,0.8170437961375518,1.476281735931384
spring_petclinic_microservices,spring_petclinic_microservices--colocated--NCD--r0--list_owners,initial,ours_prepared,3,0.8556147561242576,1.3203234184126698
spring_petclinic_microservices,spring_petclinic_microservices--colocated--NCD--r0--list_owners,initial,cudd_fixed,3,0.9547269307762601,0.9765146818678467
spring_petclinic_microservices,spring_petclinic_microservices--colocated--NCD--r0--list_owners,initial,cudd_sift,3,0.9980807976169587,1.0185645367174274
spring_petclinic_microservices,spring_petclinic_microservices--colocated--NCD--r0--list_owners,initial,agrum_conditioned,3,1.219843293690488,1.2677213497365385
spring_petclinic_microservices,spring_petclinic_microservices--colocated--NCD--r0--list_owners,initial,agrum_joint,3,1.2227703917758024,1.2682556588094849
spring_petclinic_microservices,spring_petclinic_microservices--colocated--NCD--r0--list_owners,initial,storm_sparse,3,0.9559977466284856,1.0580314682023133
spring_petclinic_microservices,spring_petclinic_microservices--colocated--NCD--r0--list_owners,initial,storm_compact,3,0.9249606961216403,1.0192966767874225
spring_petclinic_microservices,spring_petclinic_microservices--colocated--NCD--r0--list_owners,repeat,ours_direct,3,0.6727435696968261,1.013937851091748
spring_petclinic_microservices,spring_petclinic_microservices--colocated--NCD--r0--list_owners,repeat,ours_prepared,3,0.6635264494562504,1.031177052151704
spring_petclinic_microservices,spring_petclinic_microservices--colocated--NCD--r0--list_owners,repeat,cudd_fixed,3,0.626471562933973,0.9842815747592145
spring_petclinic_microservices,spring_petclinic_microservices--colocated--NCD--r0--list_owners,repeat,cudd_sift,3,0.6693076043429967,1.0505584756898818
spring_petclinic_microservices,spring_petclinic_microservices--colocated--NCD--r0--list_owners,repeat,agrum_conditioned,3,1.0003977013549352,1.117337247785599
spring_petclinic_microservices,spring_petclinic_microservices--colocated--NCD--r0--list_owners,repeat,agrum_joint,3,0.8230068995412347,0.9930384400136071
spring_petclinic_microservices,spring_petclinic_microservices--colocated--NCD--r0--list_owners,repeat,storm_sparse,3,0.5931780436911809,0.949160438032331
spring_petclinic_microservices,spring_petclinic_microservices--colocated--NCD--r0--list_owners,repeat,storm_compact,3,0.5845014982985424,0.9358986821457833
spring_petclinic_microservices,spring_petclinic_microservices--colocated--NCD--r0--list_owners,counts,ours_direct,3,0.669190069895525,1.0155596051024292
spring_petclinic_microservices,spring_petclinic_microservices--colocated--NCD--r0--list_owners,counts,ours_prepared,3,0.6334492596489133,0.9993883656836303
spring_petclinic_microservices,spring_petclinic_microservices--colocated--NCD--r0--list_owners,counts,cudd_fixed,3,0.6153496151431785,0.9793043551940349
spring_petclinic_microservices,spring_petclinic_microservices--colocated--NCD--r0--list_owners,counts,cudd_sift,3,0.6312160156009803,1.0066664274694126
spring_petclinic_microservices,spring_petclinic_microservices--colocated--NCD--r0--list_owners,counts,agrum_conditioned,3,1.000688390814763,1.1153500075540719
spring_petclinic_microservices,spring_petclinic_microservices--colocated--NCD--r0--list_owners,counts,agrum_joint,3,0.8017703761341058,0.9531060412632493
spring_petclinic_microservices,spring_petclinic_microservices--colocated--NCD--r0--list_owners,counts,storm_sparse,3,0.5862823700706256,0.9808124041023984
spring_petclinic_microservices,spring_petclinic_microservices--colocated--NCD--r0--list_owners,counts,storm_compact,3,0.6316779603043273,1.0474154076663753
spring_petclinic_microservices,spring_petclinic_microservices--colocated--NCD--r0--list_owners,masks,ours_direct,3,0.6526897041668517,0.9978011632156285
spring_petclinic_microservices,spring_petclinic_microservices--colocated--NCD--r0--list_owners,masks,ours_prepared,3,0.6333582816714445,1.0379611477455
spring_petclinic_microservices,spring_petclinic_microservices--colocated--NCD--r0--list_owners,masks,cudd_fixed,3,0.45880632266860394,0.6485395177297233
spring_petclinic_microservices,spring_petclinic_microservices--colocated--NCD--r0--list_owners,masks,cudd_sift,3,0.46905637455013355,0.6627169304200746
spring_petclinic_microservices,spring_petclinic_microservices--colocated--NCD--r0--list_owners,masks,agrum_conditioned,3,1.182157576361884,1.2794988973257788
spring_petclinic_microservices,spring_petclinic_microservices--colocated--NCD--r0--list_owners,masks,agrum_joint,3,1.1647923809357534,1.2455801487628775
spring_petclinic_microservices,spring_petclinic_microservices--colocated--NCD--r0--list_owners,masks,storm_sparse,3,0.9342343263089692,1.020013841151196
spring_petclinic_microservices,spring_petclinic_microservices--colocated--NCD--r0--list_owners,masks,storm_compact,3,0.9480642026981576,1.0309781835186955
spring_petclinic_microservices,spring_petclinic_microservices--colocated--NCD--r0--list_owners,metadata,ours_direct,3,0.640621989125244,0.9847249324769646
spring_petclinic_microservices,spring_petclinic_microservices--colocated--NCD--r0--list_owners,metadata,ours_prepared,3,0.630455432387031,1.0532400866534803
spring_petclinic_microservices,spring_petclinic_microservices--colocated--NCD--r0--list_owners,metadata,cudd_fixed,3,0.6090069710747712,1.0208111964540514
spring_petclinic_microservices,spring_petclinic_microservices--colocated--NCD--r0--list_owners,metadata,cudd_sift,3,0.6032427126763861,1.010453991076231
spring_petclinic_microservices,spring_petclinic_microservices--colocated--NCD--r0--list_owners,metadata,agrum_conditioned,3,1.015724115205112,1.1408303406611848
spring_petclinic_microservices,spring_petclinic_microservices--colocated--NCD--r0--list_owners,metadata,agrum_joint,3,0.8009464842812575,0.9762181069669412
spring_petclinic_microservices,spring_petclinic_microservices--colocated--NCD--r0--list_owners,metadata,storm_sparse,3,0.6956193948055251,1.0212067118886112
spring_petclinic_microservices,spring_petclinic_microservices--colocated--NCD--r0--list_owners,metadata,storm_compact,3,0.6940427752363331,0.9934423664543681
spring_petclinic_microservices,spring_petclinic_microservices--colocated--NCD--r0--list_owners,structure,ours_direct,3,0.7007557213909881,1.0781178562357125
spring_petclinic_microservices,spring_petclinic_microservices--colocated--NCD--r0--list_owners,structure,ours_prepared,3,0.7753618919765239,1.0530100045149013
spring_petclinic_microservices,spring_petclinic_microservices--colocated--NCD--r0--list_owners,structure,cudd_fixed,3,0.9621646352622525,1.419233850017319
spring_petclinic_microservices,spring_petclinic_microservices--colocated--NCD--r0--list_owners,structure,cudd_sift,3,1.084030146669458,1.4957720345727137
spring_petclinic_microservices,spring_petclinic_microservices--colocated--NCD--r0--list_owners,structure,agrum_conditioned,3,1.2725640689244262,1.336522950479396
spring_petclinic_microservices,spring_petclinic_microservices--colocated--NCD--r0--list_owners,structure,agrum_joint,3,1.2340168469184618,1.2883932907646336
spring_petclinic_microservices,spring_petclinic_microservices--colocated--NCD--r0--list_owners,structure,storm_sparse,3,0.9088923672644095,1.090873374108008
spring_petclinic_microservices,spring_petclinic_microservices--colocated--NCD--r0--list_owners,structure,storm_compact,3,0.8991253238098555,1.0748885626057585
spring_petclinic_microservices,spring_petclinic_microservices--colocated--NCD--r0--list_owners,restore,ours_direct,3,0.6350785972856753,1.0005306466105832
spring_petclinic_microservices,spring_petclinic_microservices--colocated--NCD--r0--list_owners,restore,ours_prepared,3,0.7600929956672473,1.049122660466584
spring_petclinic_microservices,spring_petclinic_microservices--colocated--NCD--r0--list_owners,restore,cudd_fixed,3,0.681728245672845,1.0611295978131048
spring_petclinic_microservices,spring_petclinic_microservices--colocated--NCD--r0--list_owners,restore,cudd_sift,3,0.8246884005704905,1.1792982629960054
spring_petclinic_microservices,spring_petclinic_microservices--colocated--NCD--r0--list_owners,restore,agrum_conditioned,3,1.254028600500075,1.3210850247073895
spring_petclinic_microservices,spring_petclinic_microservices--colocated--NCD--r0--list_owners,restore,agrum_joint,3,1.2363461866535017,1.2939697088525624
spring_petclinic_microservices,spring_petclinic_microservices--colocated--NCD--r0--list_owners,restore,storm_sparse,3,0.835278871885839,1.0768156378464941
spring_petclinic_microservices,spring_petclinic_microservices--colocated--NCD--r0--list_owners,restore,storm_compact,3,0.84995976498341,1.2711730016353635
spring_petclinic_microservices,spring_petclinic_microservices--colocated--NCD--r0--list_vets,initial,ours_direct,3,0.7879733998746205,1.3934069930554354
spring_petclinic_microservices,spring_petclinic_microservices--colocated--NCD--r0--list_vets,initial,ours_prepared,3,0.849724379741866,1.3069291701914942
spring_petclinic_microservices,spring_petclinic_microservices--colocated--NCD--r0--list_vets,initial,cudd_fixed,3,1.0005852404551068,1.0201966383756529
spring_petclinic_microservices,spring_petclinic_microservices--colocated--NCD--r0--list_vets,initial,cudd_sift,3,0.9858503655761357,1.0050551645837305
spring_petclinic_microservices,spring_petclinic_microservices--colocated--NCD--r0--list_vets,initial,agrum_conditioned,3,1.0917409233475595,1.1347548846541347
spring_petclinic_microservices,spring_petclinic_microservices--colocated--NCD--r0--list_vets,initial,agrum_joint,3,1.1072471340260688,1.1447760847012192
spring_petclinic_microservices,spring_petclinic_microservices--colocated--NCD--r0--list_vets,initial,storm_sparse,3,0.9153509985393035,1.003518547742002
spring_petclinic_microservices,spring_petclinic_microservices--colocated--NCD--r0--list_vets,initial,storm_compact,3,0.9303589184520934,1.0346423585093825
spring_petclinic_microservices,spring_petclinic_microservices--colocated--NCD--r0--list_vets,repeat,ours_direct,3,0.6793361481543414,0.9985586822237474
spring_petclinic_microservices,spring_petclinic_microservices--colocated--NCD--r0--list_vets,repeat,ours_prepared,3,0.6613965925376483,0.998530673078275
spring_petclinic_microservices,spring_petclinic_microservices--colocated--NCD--r0--list_vets,repeat,cudd_fixed,3,0.6553772822062391,1.0092939159210852
spring_petclinic_microservices,spring_petclinic_microservices--colocated--NCD--r0--list_vets,repeat,cudd_sift,3,0.6755766669003715,1.0398848231015099
spring_petclinic_microservices,spring_petclinic_microservices--colocated--NCD--r0--list_vets,repeat,agrum_conditioned,3,0.9653115619501087,1.0686819934985523
spring_petclinic_microservices,spring_petclinic_microservices--colocated--NCD--r0--list_vets,repeat,agrum_joint,3,0.8509136018952925,1.00042134056892
spring_petclinic_microservices,spring_petclinic_microservices--colocated--NCD--r0--list_vets,repeat,storm_sparse,3,0.6889180975004804,1.0797171059043005
spring_petclinic_microservices,spring_petclinic_microservices--colocated--NCD--r0--list_vets,repeat,storm_compact,3,0.5679504790081713,0.8741871074196813
spring_petclinic_microservices,spring_petclinic_microservices--colocated--NCD--r0--list_vets,counts,ours_direct,3,0.6679350572117169,1.003996340052208
spring_petclinic_microservices,spring_petclinic_microservices--colocated--NCD--r0--list_vets,counts,ours_prepared,3,0.6064884042760683,0.8897967662638923
spring_petclinic_microservices,spring_petclinic_microservices--colocated--NCD--r0--list_vets,counts,cudd_fixed,3,0.6175960058695108,0.9233204050997467
spring_petclinic_microservices,spring_petclinic_microservices--colocated--NCD--r0--list_vets,counts,cudd_sift,3,0.6602545600134077,1.026139365796581
spring_petclinic_microservices,spring_petclinic_microservices--colocated--NCD--r0--list_vets,counts,agrum_conditioned,3,0.9236581466233023,1.0153322483842377
spring_petclinic_microservices,spring_petclinic_microservices--colocated--NCD--r0--list_vets,counts,agrum_joint,3,0.8266774934723723,0.9724512332878121
spring_petclinic_microservices,spring_petclinic_microservices--colocated--NCD--r0--list_vets,counts,storm_sparse,3,0.5864071566489879,0.9443943984931619
spring_petclinic_microservices,spring_petclinic_microservices--colocated--NCD--r0--list_vets,counts,storm_compact,3,0.5833609685484932,0.9514774957936063
spring_petclinic_microservices,spring_petclinic_microservices--colocated--NCD--r0--list_vets,masks,ours_direct,3,0.67335803416997,0.9975504655397953
spring_petclinic_microservices,spring_petclinic_microservices--colocated--NCD--r0--list_vets,masks,ours_prepared,3,0.6279592248986289,1.006872088686447
spring_petclinic_microservices,spring_petclinic_microservices--colocated--NCD--r0--list_vets,masks,cudd_fixed,3,0.46365559339813733,0.6353649203036684
spring_petclinic_microservices,spring_petclinic_microservices--colocated--NCD--r0--list_vets,masks,cudd_sift,3,0.4677821177077272,0.6421986582990694
spring_petclinic_microservices,spring_petclinic_microservices--colocated--NCD--r0--list_vets,masks,agrum_conditioned,3,1.0539594428613945,1.1303527348374836
spring_petclinic_microservices,spring_petclinic_microservices--colocated--NCD--r0--list_vets,masks,agrum_joint,3,1.0679763052009696,1.1317361893595348
spring_petclinic_microservices,spring_petclinic_microservices--colocated--NCD--r0--list_vets,masks,storm_sparse,3,0.9468930033231969,1.0251247953932885
spring_petclinic_microservices,spring_petclinic_microservices--colocated--NCD--r0--list_vets,masks,storm_compact,3,0.9193698247389248,0.9980857497342467
spring_petclinic_microservices,spring_petclinic_microservices--colocated--NCD--r0--list_vets,metadata,ours_direct,3,0.6403383625325391,0.9585662610983229
spring_petclinic_microservices,spring_petclinic_microservices--colocated--NCD--r0--list_vets,metadata,ours_prepared,3,0.5967585089141005,0.9619219515298009
spring_petclinic_microservices,spring_petclinic_microservices--colocated--NCD--r0--list_vets,metadata,cudd_fixed,3,0.6000944889329837,0.989401588978905
spring_petclinic_microservices,spring_petclinic_microservices--colocated--NCD--r0--list_vets,metadata,cudd_sift,3,0.56976035096342,0.9651500408671623
spring_petclinic_microservices,spring_petclinic_microservices--colocated--NCD--r0--list_vets,metadata,agrum_conditioned,3,0.9464102776131608,1.0473897708128688
spring_petclinic_microservices,spring_petclinic_microservices--colocated--NCD--r0--list_vets,metadata,agrum_joint,3,0.8119771441142558,0.9707429222250722
spring_petclinic_microservices,spring_petclinic_microservices--colocated--NCD--r0--list_vets,metadata,storm_sparse,3,0.7013829380935417,0.9690592737629049
spring_petclinic_microservices,spring_petclinic_microservices--colocated--NCD--r0--list_vets,metadata,storm_compact,3,0.6799855975846224,0.9524459930313589
spring_petclinic_microservices,spring_petclinic_microservices--colocated--NCD--r0--list_vets,structure,ours_direct,3,0.6865938568923307,1.0271180698085056
spring_petclinic_microservices,spring_petclinic_microservices--colocated--NCD--r0--list_vets,structure,ours_prepared,3,0.7532663954021642,1.0022160833004463
spring_petclinic_microservices,spring_petclinic_microservices--colocated--NCD--r0--list_vets,structure,cudd_fixed,3,1.0229080431783135,1.511591015610917
spring_petclinic_microservices,spring_petclinic_microservices--colocated--NCD--r0--list_vets,structure,cudd_sift,3,1.0546115082620415,1.3872699635843413
spring_petclinic_microservices,spring_petclinic_microservices--colocated--NCD--r0--list_vets,structure,agrum_conditioned,3,1.1422271818960372,1.1938619622596045
spring_petclinic_microservices,spring_petclinic_microservices--colocated--NCD--r0--list_vets,structure,agrum_joint,3,1.1252806494240932,1.170118143658798
spring_petclinic_microservices,spring_petclinic_microservices--colocated--NCD--r0--list_vets,structure,storm_sparse,3,0.8699378889081354,1.0747817159434487
spring_petclinic_microservices,spring_petclinic_microservices--colocated--NCD--r0--list_vets,structure,storm_compact,3,0.8542720357925041,0.9992742978281713
spring_petclinic_microservices,spring_petclinic_microservices--colocated--NCD--r0--list_vets,restore,ours_direct,3,0.64264842576924,0.9800668574097863
spring_petclinic_microservices,spring_petclinic_microservices--colocated--NCD--r0--list_vets,restore,ours_prepared,3,0.7830533313887931,1.0526303175554224
spring_petclinic_microservices,spring_petclinic_microservices--colocated--NCD--r0--list_vets,restore,cudd_fixed,3,0.7351019300656997,1.1027503752948746
spring_petclinic_microservices,spring_petclinic_microservices--colocated--NCD--r0--list_vets,restore,cudd_sift,3,0.8425922051110367,1.1452420939449157
spring_petclinic_microservices,spring_petclinic_microservices--colocated--NCD--r0--list_vets,restore,agrum_conditioned,3,1.1119687095603445,1.164144418407102
spring_petclinic_microservices,spring_petclinic_microservices--colocated--NCD--r0--list_vets,restore,agrum_joint,3,1.1004849188369437,1.1464465373406876
spring_petclinic_microservices,spring_petclinic_microservices--colocated--NCD--r0--list_vets,restore,storm_sparse,3,0.8135215557968664,1.0406416415836999
spring_petclinic_microservices,spring_petclinic_microservices--colocated--NCD--r0--list_vets,restore,storm_compact,3,0.8331430505415163,1.0092076542391635
spring_petclinic_microservices,spring_petclinic_microservices--colocated--NCD--r0--owner_details_with_visits,initial,ours_direct,3,1.029381284804865,1.1746475877005078
spring_petclinic_microservices,spring_petclinic_microservices--colocated--NCD--r0--owner_details_with_visits,initial,ours_prepared,3,0.9834237264893173,1.0985271119355091
spring_petclinic_microservices,spring_petclinic_microservices--colocated--NCD--r0--owner_details_with_visits,initial,cudd_fixed,3,1.026528305934799,1.0838108778520257
spring_petclinic_microservices,spring_petclinic_microservices--colocated--NCD--r0--owner_details_with_visits,initial,cudd_sift,3,0.9072325413807177,0.9545630401151681
spring_petclinic_microservices,spring_petclinic_microservices--colocated--NCD--r0--owner_details_with_visits,initial,agrum_conditioned,3,1.1922842680646872,1.2066425344082685
spring_petclinic_microservices,spring_petclinic_microservices--colocated--NCD--r0--owner_details_with_visits,initial,agrum_joint,3,1.1515319887102662,1.1781983478424063
spring_petclinic_microservices,spring_petclinic_microservices--colocated--NCD--r0--owner_details_with_visits,initial,storm_sparse,3,1.0813741481655128,1.124235506846177
spring_petclinic_microservices,spring_petclinic_microservices--colocated--NCD--r0--owner_details_with_visits,initial,storm_compact,3,1.0548529453058284,1.1103650873943343
spring_petclinic_microservices,spring_petclinic_microservices--colocated--NCD--r0--owner_details_with_visits,repeat,ours_direct,3,1.0454864198929452,1.1927917825277659
spring_petclinic_microservices,spring_petclinic_microservices--colocated--NCD--r0--owner_details_with_visits,repeat,ours_prepared,3,0.8439378243612806,1.0361700771872058
spring_petclinic_microservices,spring_petclinic_microservices--colocated--NCD--r0--owner_details_with_visits,repeat,cudd_fixed,3,0.9035286212940737,1.0810670821831507
spring_petclinic_microservices,spring_petclinic_microservices--colocated--NCD--r0--owner_details_with_visits,repeat,cudd_sift,3,0.9087040142912252,1.082436346238254
spring_petclinic_microservices,spring_petclinic_microservices--colocated--NCD--r0--owner_details_with_visits,repeat,agrum_conditioned,3,1.1596072802261312,1.1723515184344737
spring_petclinic_microservices,spring_petclinic_microservices--colocated--NCD--r0--owner_details_with_visits,repeat,agrum_joint,3,0.9818148209318783,1.0173094566264635
spring_petclinic_microservices,spring_petclinic_microservices--colocated--NCD--r0--owner_details_with_visits,repeat,storm_sparse,3,1.076057812487561,1.1783509898444138
spring_petclinic_microservices,spring_petclinic_microservices--colocated--NCD--r0--owner_details_with_visits,repeat,storm_compact,3,0.82748687357492,1.0222768206819255
spring_petclinic_microservices,spring_petclinic_microservices--colocated--NCD--r0--owner_details_with_visits,counts,ours_direct,3,1.0383830477040585,1.1821015461520576
spring_petclinic_microservices,spring_petclinic_microservices--colocated--NCD--r0--owner_details_with_visits,counts,ours_prepared,3,0.8434058405857929,1.024227806063399
spring_petclinic_microservices,spring_petclinic_microservices--colocated--NCD--r0--owner_details_with_visits,counts,cudd_fixed,3,0.9018891740156484,1.066241263789965
spring_petclinic_microservices,spring_petclinic_microservices--colocated--NCD--r0--owner_details_with_visits,counts,cudd_sift,3,0.9069680424197368,1.0704046084032979
spring_petclinic_microservices,spring_petclinic_microservices--colocated--NCD--r0--owner_details_with_visits,counts,agrum_conditioned,3,1.1432451967244095,1.1557858071185243
spring_petclinic_microservices,spring_petclinic_microservices--colocated--NCD--r0--owner_details_with_visits,counts,agrum_joint,3,0.9574963978274974,0.9908616923972663
spring_petclinic_microservices,spring_petclinic_microservices--colocated--NCD--r0--owner_details_with_visits,counts,storm_sparse,3,1.0741455770333692,1.1662052807944807
spring_petclinic_microservices,spring_petclinic_microservices--colocated--NCD--r0--owner_details_with_visits,counts,storm_compact,3,0.8626801161967659,1.0347301317307835
spring_petclinic_microservices,spring_petclinic_microservices--colocated--NCD--r0--owner_details_with_visits,masks,ours_direct,3,1.02610125342619,1.1612576818328324
spring_petclinic_microservices,spring_petclinic_microservices--colocated--NCD--r0--owner_details_with_visits,masks,ours_prepared,3,0.8035259682464889,1.0036553743716845
spring_petclinic_microservices,spring_petclinic_microservices--colocated--NCD--r0--owner_details_with_visits,masks,cudd_fixed,3,0.9160797114514992,1.0870487906193997
spring_petclinic_microservices,spring_petclinic_microservices--colocated--NCD--r0--owner_details_with_visits,masks,cudd_sift,3,0.9261576384757269,1.105117914169268
spring_petclinic_microservices,spring_petclinic_microservices--colocated--NCD--r0--owner_details_with_visits,masks,agrum_conditioned,3,1.1980688129901165,1.2095442628827262
spring_petclinic_microservices,spring_petclinic_microservices--colocated--NCD--r0--owner_details_with_visits,masks,agrum_joint,3,1.1475456067666634,1.1749586587265932
spring_petclinic_microservices,spring_petclinic_microservices--colocated--NCD--r0--owner_details_with_visits,masks,storm_sparse,3,1.1335121966137858,1.1918157364217348
spring_petclinic_microservices,spring_petclinic_microservices--colocated--NCD--r0--owner_details_with_visits,masks,storm_compact,3,1.0865934642334032,1.1627308256857651
spring_petclinic_microservices,spring_petclinic_microservices--colocated--NCD--r0--owner_details_with_visits,metadata,ours_direct,3,1.0407581992931205,1.1730775647815035
spring_petclinic_microservices,spring_petclinic_microservices--colocated--NCD--r0--owner_details_with_visits,metadata,ours_prepared,3,0.8260342879539521,1.0129442159093085
spring_petclinic_microservices,spring_petclinic_microservices--colocated--NCD--r0--owner_details_with_visits,metadata,cudd_fixed,3,0.8899944559326999,1.054316487588637
spring_petclinic_microservices,spring_petclinic_microservices--colocated--NCD--r0--owner_details_with_visits,metadata,cudd_sift,3,0.9230732579603971,1.0938976861557108
spring_petclinic_microservices,spring_petclinic_microservices--colocated--NCD--r0--owner_details_with_visits,metadata,agrum_conditioned,3,1.155797140693737,1.1683295587926343
spring_petclinic_microservices,spring_petclinic_microservices--colocated--NCD--r0--owner_details_with_visits,metadata,agrum_joint,3,0.9579233306105716,0.9958865119180682
spring_petclinic_microservices,spring_petclinic_microservices--colocated--NCD--r0--owner_details_with_visits,metadata,storm_sparse,3,1.0530534394570075,1.1567052461591283
spring_petclinic_microservices,spring_petclinic_microservices--colocated--NCD--r0--owner_details_with_visits,metadata,storm_compact,3,0.8134446551115411,1.0420740826956092
spring_petclinic_microservices,spring_petclinic_microservices--colocated--NCD--r0--owner_details_with_visits,structure,ours_direct,3,1.0389299368242018,1.1714798805445084
spring_petclinic_microservices,spring_petclinic_microservices--colocated--NCD--r0--owner_details_with_visits,structure,ours_prepared,3,0.9977397826735662,1.1088267087330936
spring_petclinic_microservices,spring_petclinic_microservices--colocated--NCD--r0--owner_details_with_visits,structure,cudd_fixed,3,0.8923164123334433,1.0476383571413357
spring_petclinic_microservices,spring_petclinic_microservices--colocated--NCD--r0--owner_details_with_visits,structure,cudd_sift,3,0.9606004173436836,1.113362433811706
spring_petclinic_microservices,spring_petclinic_microservices--colocated--NCD--r0--owner_details_with_visits,structure,agrum_conditioned,3,1.2049321818139471,1.2154308772803284
spring_petclinic_microservices,spring_petclinic_microservices--colocated--NCD--r0--owner_details_with_visits,structure,agrum_joint,3,1.163050351620031,1.1839607074700684
spring_petclinic_microservices,spring_petclinic_microservices--colocated--NCD--r0--owner_details_with_visits,structure,storm_sparse,3,1.2608635737667502,1.3319921387121243
spring_petclinic_microservices,spring_petclinic_microservices--colocated--NCD--r0--owner_details_with_visits,structure,storm_compact,3,1.0924060433118765,1.160134640374366
spring_petclinic_microservices,spring_petclinic_microservices--colocated--NCD--r0--owner_details_with_visits,restore,ours_direct,3,1.0763438898575741,1.2240796993560545
spring_petclinic_microservices,spring_petclinic_microservices--colocated--NCD--r0--owner_details_with_visits,restore,ours_prepared,3,0.9943598510105847,1.108112693090872
spring_petclinic_microservices,spring_petclinic_microservices--colocated--NCD--r0--owner_details_with_visits,restore,cudd_fixed,3,0.8921117812591759,1.066457133498461
spring_petclinic_microservices,spring_petclinic_microservices--colocated--NCD--r0--owner_details_with_visits,restore,cudd_sift,3,0.970620105732594,1.1219322154994669
spring_petclinic_microservices,spring_petclinic_microservices--colocated--NCD--r0--owner_details_with_visits,restore,agrum_conditioned,3,1.1970072238115135,1.208401789037576
spring_petclinic_microservices,spring_petclinic_microservices--colocated--NCD--r0--owner_details_with_visits,restore,agrum_joint,3,1.1561031868759395,1.1758476976540064
spring_petclinic_microservices,spring_petclinic_microservices--colocated--NCD--r0--owner_details_with_visits,restore,storm_sparse,3,1.1475835112067847,1.2091774296518194
spring_petclinic_microservices,spring_petclinic_microservices--colocated--NCD--r0--owner_details_with_visits,restore,storm_compact,3,1.0878835962440385,1.1713873032246167
spring_petclinic_microservices,spring_petclinic_microservices--colocated--ND--r0--create_visit,initial,ours_direct,3,0.9930781482757779,1.1208424067058438
spring_petclinic_microservices,spring_petclinic_microservices--colocated--ND--r0--create_visit,initial,ours_prepared,3,0.9587090525694171,1.0558097469370877
spring_petclinic_microservices,spring_petclinic_microservices--colocated--ND--r0--create_visit,initial,cudd_fixed,3,0.8995175318536328,0.9328740775486499
spring_petclinic_microservices,spring_petclinic_microservices--colocated--ND--r0--create_visit,initial,cudd_sift,3,0.9852909798328257,1.022712987107122
spring_petclinic_microservices,spring_petclinic_microservices--colocated--ND--r0--create_visit,initial,agrum_conditioned,3,1.0795210337324899,1.0917461090938998
spring_petclinic_microservices,spring_petclinic_microservices--colocated--ND--r0--create_visit,initial,agrum_joint,3,1.0636064159804661,1.0860859045164055
spring_petclinic_microservices,spring_petclinic_microservices--colocated--ND--r0--create_visit,initial,storm_sparse,3,1.02369456602931,1.0618338620622534
spring_petclinic_microservices,spring_petclinic_microservices--colocated--ND--r0--create_visit,initial,storm_compact,3,1.0178529862732737,1.0642047017293095
spring_petclinic_microservices,spring_petclinic_microservices--colocated--ND--r0--create_visit,repeat,ours_direct,3,1.0068406446856588,1.1365711809499655
spring_petclinic_microservices,spring_petclinic_microservices--colocated--ND--r0--create_visit,repeat,ours_prepared,3,0.8433945426673839,1.0081936743136128
spring_petclinic_microservices,spring_petclinic_microservices--colocated--ND--r0--create_visit,repeat,cudd_fixed,3,0.8913852589401513,1.0476619133556804
spring_petclinic_microservices,spring_petclinic_microservices--colocated--ND--r0--create_visit,repeat,cudd_sift,3,0.8857687582561823,1.0278875885553251
spring_petclinic_microservices,spring_petclinic_microservices--colocated--ND--r0--create_visit,repeat,agrum_conditioned,3,1.0169276451224256,1.026707568337152
spring_petclinic_microservices,spring_petclinic_microservices--colocated--ND--r0--create_visit,repeat,agrum_joint,3,0.9637102063017394,0.9941525717910966
spring_petclinic_microservices,spring_petclinic_microservices--colocated--ND--r0--create_visit,repeat,storm_sparse,3,0.9900991624343325,1.0712871812697669
spring_petclinic_microservices,spring_petclinic_microservices--colocated--ND--r0--create_visit,repeat,storm_compact,3,0.8218217137923591,0.9883727071178907
spring_petclinic_microservices,spring_petclinic_microservices--colocated--ND--r0--create_visit,counts,ours_direct,3,0.9845849882733967,1.1016704238687156
spring_petclinic_microservices,spring_petclinic_microservices--colocated--ND--r0--create_visit,counts,ours_prepared,3,0.8394000019466666,1.007176651279506
spring_petclinic_microservices,spring_petclinic_microservices--colocated--ND--r0--create_visit,counts,cudd_fixed,3,0.9204939409171728,1.0671780449668793
spring_petclinic_microservices,spring_petclinic_microservices--colocated--ND--r0--create_visit,counts,cudd_sift,3,0.8749639517158984,1.0099079989147326
spring_petclinic_microservices,spring_petclinic_microservices--colocated--ND--r0--create_visit,counts,agrum_conditioned,3,1.0219247251214767,1.0317715472929225
spring_petclinic_microservices,spring_petclinic_microservices--colocated--ND--r0--create_visit,counts,agrum_joint,3,0.9546092005778504,0.983133863837597
spring_petclinic_microservices,spring_petclinic_microservices--colocated--ND--r0--create_visit,counts,storm_sparse,3,1.0140007599780851,1.0950887645914398
spring_petclinic_microservices,spring_petclinic_microservices--colocated--ND--r0--create_visit,counts,storm_compact,3,0.8353164280530024,0.9804442737025774
spring_petclinic_microservices,spring_petclinic_microservices--colocated--ND--r0--create_visit,masks,ours_direct,3,1.005708183828468,1.1237448694096093
spring_petclinic_microservices,spring_petclinic_microservices--colocated--ND--r0--create_visit,masks,ours_prepared,3,0.8360567447203353,0.9918514273990573
spring_petclinic_microservices,spring_petclinic_microservices--colocated--ND--r0--create_visit,masks,cudd_fixed,3,0.9201653288137839,1.071711358362086
spring_petclinic_microservices,spring_petclinic_microservices--colocated--ND--r0--create_visit,masks,cudd_sift,3,0.9163600404579113,1.067034906467888
spring_petclinic_microservices,spring_petclinic_microservices--colocated--ND--r0--create_visit,masks,agrum_conditioned,3,1.048779824615937,1.0575098442227666
spring_petclinic_microservices,spring_petclinic_microservices--colocated--ND--r0--create_visit,masks,agrum_joint,3,1.0553644899290133,1.0742868403248207
spring_petclinic_microservices,spring_petclinic_microservices--colocated--ND--r0--create_visit,masks,storm_sparse,3,1.0462935315846187,1.0984831373074777
spring_petclinic_microservices,spring_petclinic_microservices--colocated--ND--r0--create_visit,masks,storm_compact,3,1.0042012996732494,1.0703682128585226
spring_petclinic_microservices,spring_petclinic_microservices--colocated--ND--r0--create_visit,metadata,ours_direct,3,0.9815061880251629,1.0945718553011006
spring_petclinic_microservices,spring_petclinic_microservices--colocated--ND--r0--create_visit,metadata,ours_prepared,3,0.8460990491255698,1.0060319167484155
spring_petclinic_microservices,spring_petclinic_microservices--colocated--ND--r0--create_visit,metadata,cudd_fixed,3,0.8929524338738586,1.0424841530025728
spring_petclinic_microservices,spring_petclinic_microservices--colocated--ND--r0--create_visit,metadata,cudd_sift,3,0.9019956412371104,1.0455601584552494
spring_petclinic_microservices,spring_petclinic_microservices--colocated--ND--r0--create_visit,metadata,agrum_conditioned,3,1.0258416100058607,1.0358205094111006
spring_petclinic_microservices,spring_petclinic_microservices--colocated--ND--r0--create_visit,metadata,agrum_joint,3,0.9556649155491913,0.9863080361969855
spring_petclinic_microservices,spring_petclinic_microservices--colocated--ND--r0--create_visit,metadata,storm_sparse,3,0.9795331722130207,1.0661925970489259
spring_petclinic_microservices,spring_petclinic_microservices--colocated--ND--r0--create_visit,metadata,storm_compact,3,0.8073812029511483,1.0010581103702816
spring_petclinic_microservices,spring_petclinic_microservices--colocated--ND--r0--create_visit,structure,ours_direct,3,1.009636628325088,1.129538332958795
spring_petclinic_microservices,spring_petclinic_microservices--colocated--ND--r0--create_visit,structure,ours_prepared,3,0.9954244704313848,1.090123605130654
spring_petclinic_microservices,spring_petclinic_microservices--colocated--ND--r0--create_visit,structure,cudd_fixed,3,0.911159459902695,1.0569233397958389
spring_petclinic_microservices,spring_petclinic_microservices--colocated--ND--r0--create_visit,structure,cudd_sift,3,0.9629862538195965,1.0933906101296877
spring_petclinic_microservices,spring_petclinic_microservices--colocated--ND--r0--create_visit,structure,agrum_conditioned,3,1.0549243580827359,1.0634373418012968
spring_petclinic_microservices,spring_petclinic_microservices--colocated--ND--r0--create_visit,structure,agrum_joint,3,1.0690185896570688,1.084699707428469
spring_petclinic_microservices,spring_petclinic_microservices--colocated--ND--r0--create_visit,structure,storm_sparse,3,1.0399292171187742,1.08912652881869
spring_petclinic_microservices,spring_petclinic_microservices--colocated--ND--r0--create_visit,structure,storm_compact,3,0.9820355911758917,1.0325754441352073
spring_petclinic_microservices,spring_petclinic_microservices--colocated--ND--r0--create_visit,restore,ours_direct,3,0.9962422048521469,1.1215807472487258
spring_petclinic_microservices,spring_petclinic_microservices--colocated--ND--r0--create_visit,restore,ours_prepared,3,0.9615231807126955,1.054723730646006
spring_petclinic_microservices,spring_petclinic_microservices--colocated--ND--r0--create_visit,restore,cudd_fixed,3,0.8756221165919154,1.0130176092112546
spring_petclinic_microservices,spring_petclinic_microservices--colocated--ND--r0--create_visit,restore,cudd_sift,3,0.9279726018497919,1.0497757959348208
spring_petclinic_microservices,spring_petclinic_microservices--colocated--ND--r0--create_visit,restore,agrum_conditioned,3,1.0636218858519166,1.0720832970846246
spring_petclinic_microservices,spring_petclinic_microservices--colocated--ND--r0--create_visit,restore,agrum_joint,3,1.066842769135148,1.0827400268854532
spring_petclinic_microservices,spring_petclinic_microservices--colocated--ND--r0--create_visit,restore,storm_sparse,3,1.1969988878104263,1.2542251707721386
spring_petclinic_microservices,spring_petclinic_microservices--colocated--ND--r0--create_visit,restore,storm_compact,3,1.0152106542343173,1.0820271741654497
spring_petclinic_microservices,spring_petclinic_microservices--colocated--ND--r0--list_owners,initial,ours_direct,3,0.7967044425801375,1.4238298015585815
spring_petclinic_microservices,spring_petclinic_microservices--colocated--ND--r0--list_owners,initial,ours_prepared,3,0.8635765217153135,1.302410067278861
spring_petclinic_microservices,spring_petclinic_microservices--colocated--ND--r0--list_owners,initial,cudd_fixed,3,1.0983254045711102,1.1245986031789035
spring_petclinic_microservices,spring_petclinic_microservices--colocated--ND--r0--list_owners,initial,cudd_sift,3,0.9120164523924683,0.9312333631984914
spring_petclinic_microservices,spring_petclinic_microservices--colocated--ND--r0--list_owners,initial,agrum_conditioned,3,1.1919610250754287,1.2412743412569842
spring_petclinic_microservices,spring_petclinic_microservices--colocated--ND--r0--list_owners,initial,agrum_joint,3,1.1903378149327686,1.2353344184877857
spring_petclinic_microservices,spring_petclinic_microservices--colocated--ND--r0--list_owners,initial,storm_sparse,3,0.9216721502584434,1.016700302026739
spring_petclinic_microservices,spring_petclinic_microservices--colocated--ND--r0--list_owners,initial,storm_compact,3,0.9152567192234585,1.0097560975609756
spring_petclinic_microservices,spring_petclinic_microservices--colocated--ND--r0--list_owners,repeat,ours_direct,3,0.6792180258549669,1.0524501668703152
spring_petclinic_microservices,spring_petclinic_microservices--colocated--ND--r0--list_owners,repeat,ours_prepared,3,0.7172897296508759,1.1218242285465052
spring_petclinic_microservices,spring_petclinic_microservices--colocated--ND--r0--list_owners,repeat,cudd_fixed,3,0.6379812581281626,0.9941475712420654
spring_petclinic_microservices,spring_petclinic_microservices--colocated--ND--r0--list_owners,repeat,cudd_sift,3,0.6720828908423547,1.051192489960358
spring_petclinic_microservices,spring_petclinic_microservices--colocated--ND--r0--list_owners,repeat,agrum_conditioned,3,1.0029727068985854,1.1204181289264776
spring_petclinic_microservices,spring_petclinic_microservices--colocated--ND--r0--list_owners,repeat,agrum_joint,3,0.8173858398129759,0.9823135373811889
spring_petclinic_microservices,spring_petclinic_microservices--colocated--ND--r0--list_owners,repeat,storm_sparse,3,0.6307443064532503,1.0207474091908302
spring_petclinic_microservices,spring_petclinic_microservices--colocated--ND--r0--list_owners,repeat,storm_compact,3,0.605069566965183,0.9993058123127768
spring_petclinic_microservices,spring_petclinic_microservices--colocated--ND--r0--list_owners,counts,ours_direct,3,0.6780795897046253,1.0341426606301
spring_petclinic_microservices,spring_petclinic_microservices--colocated--ND--r0--list_owners,counts,ours_prepared,3,0.6544740936854084,1.0281074421262795
spring_petclinic_microservices,spring_petclinic_microservices--colocated--ND--r0--list_owners,counts,cudd_fixed,3,0.6319457482856351,1.00898142774231
spring_petclinic_microservices,spring_petclinic_microservices--colocated--ND--r0--list_owners,counts,cudd_sift,3,0.6365160480545096,1.01963725623892
spring_petclinic_microservices,spring_petclinic_microservices--colocated--ND--r0--list_owners,counts,agrum_conditioned,3,0.9858917531785839,1.118771373399355
spring_petclinic_microservices,spring_petclinic_microservices--colocated--ND--r0--list_owners,counts,agrum_joint,3,0.8207873061454498,0.9822519159335515
spring_petclinic_microservices,spring_petclinic_microservices--colocated--ND--r0--list_owners,counts,storm_sparse,3,0.6035597726140538,0.9865696785262357
spring_petclinic_microservices,spring_petclinic_microservices--colocated--ND--r0--list_owners,counts,storm_compact,3,0.6686851379505052,1.142039731511812
spring_petclinic_microservices,spring_petclinic_microservices--colocated--ND--r0--list_owners,masks,ours_direct,3,0.662837173033506,1.00712177994696
spring_petclinic_microservices,spring_petclinic_microservices--colocated--ND--r0--list_owners,masks,ours_prepared,3,0.6014483496830634,0.978626985817426
spring_petclinic_microservices,spring_petclinic_microservices--colocated--ND--r0--list_owners,masks,cudd_fixed,3,0.46080591589078357,0.6519858380106308
spring_petclinic_microservices,spring_petclinic_microservices--colocated--ND--r0--list_owners,masks,cudd_sift,3,0.4738610051201774,0.6590170022736125
spring_petclinic_microservices,spring_petclinic_microservices--colocated--ND--r0--list_owners,masks,agrum_conditioned,3,1.1634341301684008,1.2693873474254393
spring_petclinic_microservices,spring_petclinic_microservices--colocated--ND--r0--list_owners,masks,agrum_joint,3,1.183381481824573,1.2679839031231575
spring_petclinic_microservices,spring_petclinic_microservices--colocated--ND--r0--list_owners,masks,storm_sparse,3,0.9476264948320261,1.0342704499508235
spring_petclinic_microservices,spring_petclinic_microservices--colocated--ND--r0--list_owners,masks,storm_compact,3,0.9202890144516657,1.0005807099641006
spring_petclinic_microservices,spring_petclinic_microservices--colocated--ND--r0--list_owners,metadata,ours_direct,3,0.6956496232914023,1.0629912151610768
spring_petclinic_microservices,spring_petclinic_microservices--colocated--ND--r0--list_owners,metadata,ours_prepared,3,0.6302552322372796,1.0383414755966225
spring_petclinic_microservices,spring_petclinic_microservices--colocated--ND--r0--list_owners,metadata,cudd_fixed,3,0.6311761400710505,1.0510165377029281
spring_petclinic_microservices,spring_petclinic_microservices--colocated--ND--r0--list_owners,metadata,cudd_sift,3,0.614502271602717,1.033878460263516
spring_petclinic_microservices,spring_petclinic_microservices--colocated--ND--r0--list_owners,metadata,agrum_conditioned,3,1.017473327735666,1.1709165896899865
spring_petclinic_microservices,spring_petclinic_microservices--colocated--ND--r0--list_owners,metadata,agrum_joint,3,0.7919596297501647,0.9567533889492081
spring_petclinic_microservices,spring_petclinic_microservices--colocated--ND--r0--list_owners,metadata,storm_sparse,3,0.7023453219315895,0.9920743116813686
spring_petclinic_microservices,spring_petclinic_microservices--colocated--ND--r0--list_owners,metadata,storm_compact,3,0.6706167788894302,0.9671287403670362
spring_petclinic_microservices,spring_petclinic_microservices--colocated--ND--r0--list_owners,structure,ours_direct,3,0.7008991383257711,1.0743763040333834
spring_petclinic_microservices,spring_petclinic_microservices--colocated--ND--r0--list_owners,structure,ours_prepared,3,0.7997980371737827,1.0877262319519205
spring_petclinic_microservices,spring_petclinic_microservices--colocated--ND--r0--list_owners,structure,cudd_fixed,3,0.9813653830551479,1.4832419683462645
spring_petclinic_microservices,spring_petclinic_microservices--colocated--ND--r0--list_owners,structure,cudd_sift,3,1.06348319436087,1.4842708311230877
spring_petclinic_microservices,spring_petclinic_microservices--colocated--ND--r0--list_owners,structure,agrum_conditioned,3,1.2570614846802386,1.3197393021170365
spring_petclinic_microservices,spring_petclinic_microservices--colocated--ND--r0--list_owners,structure,agrum_joint,3,1.2449863967209178,1.2996381377200763
spring_petclinic_microservices,spring_petclinic_microservices--colocated--ND--r0--list_owners,structure,storm_sparse,3,0.8497948939590394,1.0223539624882918
spring_petclinic_microservices,spring_petclinic_microservices--colocated--ND--r0--list_owners,structure,storm_compact,3,0.8636805794854123,1.051185334124954
spring_petclinic_microservices,spring_petclinic_microservices--colocated--ND--r0--list_owners,restore,ours_direct,3,0.6171171958272904,0.9478537318057212
spring_petclinic_microservices,spring_petclinic_microservices--colocated--ND--r0--list_owners,restore,ours_prepared,3,0.738967581536851,1.0320970496330208
spring_petclinic_microservices,spring_petclinic_microservices--colocated--ND--r0--list_owners,restore,cudd_fixed,3,0.6945705865260886,1.086784420628104
spring_petclinic_microservices,spring_petclinic_microservices--colocated--ND--r0--list_owners,restore,cudd_sift,3,0.8360494835581788,1.1634577368309749
spring_petclinic_microservices,spring_petclinic_microservices--colocated--ND--r0--list_owners,restore,agrum_conditioned,3,1.2566735770786526,1.3206142945374133
spring_petclinic_microservices,spring_petclinic_microservices--colocated--ND--r0--list_owners,restore,agrum_joint,3,1.2095353492046108,1.2662927484695692
spring_petclinic_microservices,spring_petclinic_microservices--colocated--ND--r0--list_owners,restore,storm_sparse,3,0.7673019700389904,0.9787647257588831
spring_petclinic_microservices,spring_petclinic_microservices--colocated--ND--r0--list_owners,restore,storm_compact,3,0.8375227210884354,1.2448423195622293
spring_petclinic_microservices,spring_petclinic_microservices--colocated--ND--r0--list_vets,initial,ours_direct,3,0.8024738187114454,1.4206513009611481
spring_petclinic_microservices,spring_petclinic_microservices--colocated--ND--r0--list_vets,initial,ours_prepared,3,0.8683603126435367,1.3272695029375254
spring_petclinic_microservices,spring_petclinic_microservices--colocated--ND--r0--list_vets,initial,cudd_fixed,3,0.9732847167951955,0.9944317802742295
spring_petclinic_microservices,spring_petclinic_microservices--colocated--ND--r0--list_vets,initial,cudd_sift,3,0.9615293471761792,0.979887984089709
spring_petclinic_microservices,spring_petclinic_microservices--colocated--ND--r0--list_vets,initial,agrum_conditioned,3,1.0668357032666471,1.1053751249938268
spring_petclinic_microservices,spring_petclinic_microservices--colocated--ND--r0--list_vets,initial,agrum_joint,3,1.104325684583187,1.1427097721277344
spring_petclinic_microservices,spring_petclinic_microservices--colocated--ND--r0--list_vets,initial,storm_sparse,3,0.9076076295759685,0.9946540253643311
spring_petclinic_microservices,spring_petclinic_microservices--colocated--ND--r0--list_vets,initial,storm_compact,3,0.9445204621353598,1.035184097466586
spring_petclinic_microservices,spring_petclinic_microservices--colocated--ND--r0--list_vets,repeat,ours_direct,3,0.7050702647790469,1.0298348085631948
spring_petclinic_microservices,spring_petclinic_microservices--colocated--ND--r0--list_vets,repeat,ours_prepared,3,0.6776985413290113,1.02581046134503
spring_petclinic_microservices,spring_petclinic_microservices--colocated--ND--r0--list_vets,repeat,cudd_fixed,3,0.7509281568049113,1.0602463498002104
spring_petclinic_microservices,spring_petclinic_microservices--colocated--ND--r0--list_vets,repeat,cudd_sift,3,0.6972670812807351,1.0664334723530202
spring_petclinic_microservices,spring_petclinic_microservices--colocated--ND--r0--list_vets,repeat,agrum_conditioned,3,0.9639390487960086,1.0633385072768944
spring_petclinic_microservices,spring_petclinic_microservices--colocated--ND--r0--list_vets,repeat,agrum_joint,3,0.8170447918588034,0.9661773934949361
spring_petclinic_microservices,spring_petclinic_microservices--colocated--ND--r0--list_vets,repeat,storm_sparse,3,0.6500041319658056,1.033453874428918
spring_petclinic_microservices,spring_petclinic_microservices--colocated--ND--r0--list_vets,repeat,storm_compact,3,0.6224557975789469,0.9940343195889473
spring_petclinic_microservices,spring_petclinic_microservices--colocated--ND--r0--list_vets,counts,ours_direct,3,0.6489830792283682,0.9822750564732693
spring_petclinic_microservices,spring_petclinic_microservices--colocated--ND--r0--list_vets,counts,ours_prepared,3,0.6185484892919857,1.0038945775497192
spring_petclinic_microservices,spring_petclinic_microservices--colocated--ND--r0--list_vets,counts,cudd_fixed,3,0.6663777042333795,1.0289181799995555
spring_petclinic_microservices,spring_petclinic_microservices--colocated--ND--r0--list_vets,counts,cudd_sift,3,0.6425708958339131,0.9871250675970991
spring_petclinic_microservices,spring_petclinic_microservices--colocated--ND--r0--list_vets,counts,agrum_conditioned,3,0.9760648513656047,1.0786068919965255
spring_petclinic_microservices,spring_petclinic_microservices--colocated--ND--r0--list_vets,counts,agrum_joint,3,0.8311813944563923,0.9815047810770005
spring_petclinic_microservices,spring_petclinic_microservices--colocated--ND--r0--list_vets,counts,storm_sparse,3,0.5726705614417269,0.9082212606712665
spring_petclinic_microservices,spring_petclinic_microservices--colocated--ND--r0--list_vets,counts,storm_compact,3,0.5901171338298111,0.9831055878018159
spring_petclinic_microservices,spring_petclinic_microservices--colocated--ND--r0--list_vets,masks,ours_direct,3,0.6828188675973293,1.013955141878353
spring_petclinic_microservices,spring_petclinic_microservices--colocated--ND--r0--list_vets,masks,ours_prepared,3,0.6265955315098688,0.9975733403810576
spring_petclinic_microservices,spring_petclinic_microservices--colocated--ND--r0--list_vets,masks,cudd_fixed,3,0.4402570199648261,0.5896968729774539
spring_petclinic_microservices,spring_petclinic_microservices--colocated--ND--r0--list_vets,masks,cudd_sift,3,0.4608691755345736,0.6243615503060803
spring_petclinic_microservices,spring_petclinic_microservices--colocated--ND--r0--list_vets,masks,agrum_conditioned,3,1.024322785983611,1.0968608892918024
spring_petclinic_microservices,spring_petclinic_microservices--colocated--ND--r0--list_vets,masks,agrum_joint,3,1.081226021184302,1.1489319712270814
spring_petclinic_microservices,spring_petclinic_microservices--colocated--ND--r0--list_vets,masks,storm_sparse,3,0.8966813091215005,0.9690278935039212
spring_petclinic_microservices,spring_petclinic_microservices--colocated--ND--r0--list_vets,masks,storm_compact,3,0.9431506294078817,1.0198827026022228
spring_petclinic_microservices,spring_petclinic_microservices--colocated--ND--r0--list_vets,metadata,ours_direct,3,0.6461954815401147,0.9608508279271134
spring_petclinic_microservices,spring_petclinic_microservices--colocated--ND--r0--list_vets,metadata,ours_prepared,3,0.6144869255447066,0.9995842063640885
spring_petclinic_microservices,spring_petclinic_microservices--colocated--ND--r0--list_vets,metadata,cudd_fixed,3,0.614378033664809,0.993998615065015
spring_petclinic_microservices,spring_petclinic_microservices--colocated--ND--r0--list_vets,metadata,cudd_sift,3,0.5867497678606601,0.9534461493676123
spring_petclinic_microservices,spring_petclinic_microservices--colocated--ND--r0--list_vets,metadata,agrum_conditioned,3,0.9488361220443243,1.0544395816725707
spring_petclinic_microservices,spring_petclinic_microservices--colocated--ND--r0--list_vets,metadata,agrum_joint,3,0.8162189640938136,0.9809171987216445
spring_petclinic_microservices,spring_petclinic_microservices--colocated--ND--r0--list_vets,metadata,storm_sparse,3,0.72354216614917,0.9864158923307139
spring_petclinic_microservices,spring_petclinic_microservices--colocated--ND--r0--list_vets,metadata,storm_compact,3,0.69663281597613,0.957855720741667
spring_petclinic_microservices,spring_petclinic_microservices--colocated--ND--r0--list_vets,structure,ours_direct,3,0.6877265733560692,1.0211996133650305
spring_petclinic_microservices,spring_petclinic_microservices--colocated--ND--r0--list_vets,structure,ours_prepared,3,0.7599492380856802,1.0536734345060856
spring_petclinic_microservices,spring_petclinic_microservices--colocated--ND--r0--list_vets,structure,cudd_fixed,3,1.0090257347690725,1.4796789904272931
spring_petclinic_microservices,spring_petclinic_microservices--colocated--ND--r0--list_vets,structure,cudd_sift,3,1.0843853024424683,1.4622744274558699
spring_petclinic_microservices,spring_petclinic_microservices--colocated--ND--r0--list_vets,structure,agrum_conditioned,3,1.1146783268222056,1.1635528870477434
spring_petclinic_microservices,spring_petclinic_microservices--colocated--ND--r0--list_vets,structure,agrum_joint,3,1.1183920014109388,1.162267016422888
spring_petclinic_microservices,spring_petclinic_microservices--colocated--ND--r0--list_vets,structure,storm_sparse,3,0.8507802211750519,1.013946651454433
spring_petclinic_microservices,spring_petclinic_microservices--colocated--ND--r0--list_vets,structure,storm_compact,3,0.8785312502444786,1.0381609950976534
spring_petclinic_microservices,spring_petclinic_microservices--colocated--ND--r0--list_vets,restore,ours_direct,3,0.6502010749409164,0.981425847824831
spring_petclinic_microservices,spring_petclinic_microservices--colocated--ND--r0--list_vets,restore,ours_prepared,3,0.7860516770663886,1.0554166067749509
spring_petclinic_microservices,spring_petclinic_microservices--colocated--ND--r0--list_vets,restore,cudd_fixed,3,0.692251525909862,1.0407527434164592
spring_petclinic_microservices,spring_petclinic_microservices--colocated--ND--r0--list_vets,restore,cudd_sift,3,0.8405148461821712,1.1476663542642924
spring_petclinic_microservices,spring_petclinic_microservices--colocated--ND--r0--list_vets,restore,agrum_conditioned,3,1.102813261448013,1.1536351579620285
spring_petclinic_microservices,spring_petclinic_microservices--colocated--ND--r0--list_vets,restore,agrum_joint,3,1.1179862105987468,1.1707306894953418
spring_petclinic_microservices,spring_petclinic_microservices--colocated--ND--r0--list_vets,restore,storm_sparse,3,0.7648081819702469,0.9610960407001442
spring_petclinic_microservices,spring_petclinic_microservices--colocated--ND--r0--list_vets,restore,storm_compact,3,0.8752879341138664,1.0542029914354343
spring_petclinic_microservices,spring_petclinic_microservices--colocated--ND--r0--owner_details_with_visits,initial,ours_direct,3,1.0133172063857723,1.155938247775285
spring_petclinic_microservices,spring_petclinic_microservices--colocated--ND--r0--owner_details_with_visits,initial,ours_prepared,3,0.9744060233837613,1.0912764221985125
spring_petclinic_microservices,spring_petclinic_microservices--colocated--ND--r0--owner_details_with_visits,initial,cudd_fixed,3,0.970979199220293,1.023925206757635
spring_petclinic_microservices,spring_petclinic_microservices--colocated--ND--r0--owner_details_with_visits,initial,cudd_sift,3,1.0068287619516718,1.0611287429753073
spring_petclinic_microservices,spring_petclinic_microservices--colocated--ND--r0--owner_details_with_visits,initial,agrum_conditioned,3,1.169673908326193,1.1837581188896202
spring_petclinic_microservices,spring_petclinic_microservices--colocated--ND--r0--owner_details_with_visits,initial,agrum_joint,3,1.1328473721210037,1.1595911942381258
spring_petclinic_microservices,spring_petclinic_microservices--colocated--ND--r0--owner_details_with_visits,initial,storm_sparse,3,1.1204344304473906,1.1671737237305504
spring_petclinic_microservices,spring_petclinic_microservices--colocated--ND--r0--owner_details_with_visits,initial,storm_compact,3,1.0659505521742751,1.120008299388619
spring_petclinic_microservices,spring_petclinic_microservices--colocated--ND--r0--owner_details_with_visits,repeat,ours_direct,3,1.0144815545883374,1.1531702379551407
spring_petclinic_microservices,spring_petclinic_microservices--colocated--ND--r0--owner_details_with_visits,repeat,ours_prepared,3,0.8370519981637066,1.017934144902889
spring_petclinic_microservices,spring_petclinic_microservices--colocated--ND--r0--owner_details_with_visits,repeat,cudd_fixed,3,0.8889720326845733,1.0679215144368492
spring_petclinic_microservices,spring_petclinic_microservices--colocated--ND--r0--owner_details_with_visits,repeat,cudd_sift,3,0.8965015159042647,1.0602991232425651
spring_petclinic_microservices,spring_petclinic_microservices--colocated--ND--r0--owner_details_with_visits,repeat,agrum_conditioned,3,1.1365253899608443,1.1499492113770586
spring_petclinic_microservices,spring_petclinic_microservices--colocated--ND--r0--owner_details_with_visits,repeat,agrum_joint,3,0.9654574831220597,0.9997243536933103
spring_petclinic_microservices,spring_petclinic_microservices--colocated--ND--r0--owner_details_with_visits,repeat,storm_sparse,3,1.0768542816086009,1.1845655885109738
spring_petclinic_microservices,spring_petclinic_microservices--colocated--ND--r0--owner_details_with_visits,repeat,storm_compact,3,0.836469359221806,1.0527528403200717
spring_petclinic_microservices,spring_petclinic_microservices--colocated--ND--r0--owner_details_with_visits,counts,ours_direct,3,1.0178067779788462,1.1630226917720103
spring_petclinic_microservices,spring_petclinic_microservices--colocated--ND--r0--owner_details_with_visits,counts,ours_prepared,3,0.8316114009450711,1.011901283891606
spring_petclinic_microservices,spring_petclinic_microservices--colocated--ND--r0--owner_details_with_visits,counts,cudd_fixed,3,0.8878016473351995,1.046703998327103
spring_petclinic_microservices,spring_petclinic_microservices--colocated--ND--r0--owner_details_with_visits,counts,cudd_sift,3,0.9032147288350629,1.0589494043332441
spring_petclinic_microservices,spring_petclinic_microservices--colocated--ND--r0--owner_details_with_visits,counts,agrum_conditioned,3,1.1490018802960762,1.1614982479481633
spring_petclinic_microservices,spring_petclinic_microservices--colocated--ND--r0--owner_details_with_visits,counts,agrum_joint,3,0.9603098092180355,0.9943514422619185
spring_petclinic_microservices,spring_petclinic_microservices--colocated--ND--r0--owner_details_with_visits,counts,storm_sparse,3,1.080744477984054,1.1721577729956063
spring_petclinic_microservices,spring_petclinic_microservices--colocated--ND--r0--owner_details_with_visits,counts,storm_compact,3,0.8397693526964716,1.0257937384827935
spring_petclinic_microservices,spring_petclinic_microservices--colocated--ND--r0--owner_details_with_visits,masks,ours_direct,3,1.0081012201637125,1.1332830219827192
spring_petclinic_microservices,spring_petclinic_microservices--colocated--ND--r0--owner_details_with_visits,masks,ours_prepared,3,0.8119133273375304,1.0124526168783667
spring_petclinic_microservices,spring_petclinic_microservices--colocated--ND--r0--owner_details_with_visits,masks,cudd_fixed,3,0.9116418867645287,1.0801704205289127
spring_petclinic_microservices,spring_petclinic_microservices--colocated--ND--r0--owner_details_with_visits,masks,cudd_sift,3,0.9322125491704201,1.099173832491312
spring_petclinic_microservices,spring_petclinic_microservices--colocated--ND--r0--owner_details_with_visits,masks,agrum_conditioned,3,1.185912795740244,1.1973108977713425
spring_petclinic_microservices,spring_petclinic_microservices--colocated--ND--r0--owner_details_with_visits,masks,agrum_joint,3,1.124792962300981,1.1480428363092179
spring_petclinic_microservices,spring_petclinic_microservices--colocated--ND--r0--owner_details_with_visits,masks,storm_sparse,3,1.139701240600224,1.1988851167314707
spring_petclinic_microservices,spring_petclinic_microservices--colocated--ND--r0--owner_details_with_visits,masks,storm_compact,3,1.075043972632989,1.1494349028746993
spring_petclinic_microservices,spring_petclinic_microservices--colocated--ND--r0--owner_details_with_visits,metadata,ours_direct,3,1.0145046556568746,1.1452083264107684
spring_petclinic_microservices,spring_petclinic_microservices--colocated--ND--r0--owner_details_with_visits,metadata,ours_prepared,3,0.835946546110989,1.0208217891722466
spring_petclinic_microservices,spring_petclinic_microservices--colocated--ND--r0--owner_details_with_visits,metadata,cudd_fixed,3,0.9215846954047686,1.0953883948554732
spring_petclinic_microservices,spring_petclinic_microservices--colocated--ND--r0--owner_details_with_visits,metadata,cudd_sift,3,0.9249973551856946,1.1050887110831604
spring_petclinic_microservices,spring_petclinic_microservices--colocated--ND--r0--owner_details_with_visits,metadata,agrum_conditioned,3,1.133382007326116,1.1478307330543842
spring_petclinic_microservices,spring_petclinic_microservices--colocated--ND--r0--owner_details_with_visits,metadata,agrum_joint,3,0.957028049540774,0.9914328539909897
spring_petclinic_microservices,spring_petclinic_microservices--colocated--ND--r0--owner_details_with_visits,metadata,storm_sparse,3,1.067415803369287,1.1709098997975267
spring_petclinic_microservices,spring_petclinic_microservices--colocated--ND--r0--owner_details_with_visits,metadata,storm_compact,3,0.7946766259360732,1.0071992911051486
spring_petclinic_microservices,spring_petclinic_microservices--colocated--ND--r0--owner_details_with_visits,structure,ours_direct,3,1.0061680347632962,1.1449017022296812
spring_petclinic_microservices,spring_petclinic_microservices--colocated--ND--r0--owner_details_with_visits,structure,ours_prepared,3,0.9987991632093218,1.1170153600669244
spring_petclinic_microservices,spring_petclinic_microservices--colocated--ND--r0--owner_details_with_visits,structure,cudd_fixed,3,0.8847080750638018,1.0408974234368302
spring_petclinic_microservices,spring_petclinic_microservices--colocated--ND--r0--owner_details_with_visits,structure,cudd_sift,3,0.9537557712710463,1.1051392970318685
spring_petclinic_microservices,spring_petclinic_microservices--colocated--ND--r0--owner_details_with_visits,structure,agrum_conditioned,3,1.2050485370428636,1.2159173165211492
spring_petclinic_microservices,spring_petclinic_microservices--colocated--ND--r0--owner_details_with_visits,structure,agrum_joint,3,1.1546754799955377,1.1735056085841489
spring_petclinic_microservices,spring_petclinic_microservices--colocated--ND--r0--owner_details_with_visits,structure,storm_sparse,3,1.2800471616951485,1.3530524176967176
spring_petclinic_microservices,spring_petclinic_microservices--colocated--ND--r0--owner_details_with_visits,structure,storm_compact,3,1.0474321862891065,1.1076337070274827
spring_petclinic_microservices,spring_petclinic_microservices--colocated--ND--r0--owner_details_with_visits,restore,ours_direct,3,1.0447767922941538,1.1888595592037823
spring_petclinic_microservices,spring_petclinic_microservices--colocated--ND--r0--owner_details_with_visits,restore,ours_prepared,3,0.9768808336680923,1.0851520036970324
spring_petclinic_microservices,spring_petclinic_microservices--colocated--ND--r0--owner_details_with_visits,restore,cudd_fixed,3,0.9043161600936064,1.0743439638555445
spring_petclinic_microservices,spring_petclinic_microservices--colocated--ND--r0--owner_details_with_visits,restore,cudd_sift,3,0.9621850172403923,1.1148206974445856
spring_petclinic_microservices,spring_petclinic_microservices--colocated--ND--r0--owner_details_with_visits,restore,agrum_conditioned,3,1.189538034696731,1.200454389892513
spring_petclinic_microservices,spring_petclinic_microservices--colocated--ND--r0--owner_details_with_visits,restore,agrum_joint,3,1.1585006772253172,1.1793720147490832
spring_petclinic_microservices,spring_petclinic_microservices--colocated--ND--r0--owner_details_with_visits,restore,storm_sparse,3,1.1585682199531981,1.2251572126836552
spring_petclinic_microservices,spring_petclinic_microservices--colocated--ND--r0--owner_details_with_visits,restore,storm_compact,3,1.0794227798562912,1.1610694503153838
spring_petclinic_microservices,spring_petclinic_microservices--split--N--r0--create_visit,initial,ours_direct,3,0.8990077860763729,1.036534088897371
spring_petclinic_microservices,spring_petclinic_microservices--split--N--r0--create_visit,initial,ours_prepared,3,0.9619087207680406,1.0672606541440621
spring_petclinic_microservices,spring_petclinic_microservices--split--N--r0--create_visit,initial,cudd_fixed,3,0.9865079248417052,1.0200537965650622
spring_petclinic_microservices,spring_petclinic_microservices--split--N--r0--create_visit,initial,cudd_sift,3,1.0005770061919903,1.0328227845663038
spring_petclinic_microservices,spring_petclinic_microservices--split--N--r0--create_visit,initial,agrum_conditioned,3,1.0832939132175168,1.0983619415480792
spring_petclinic_microservices,spring_petclinic_microservices--split--N--r0--create_visit,initial,agrum_joint,3,1.0600478519792667,1.0861012623067545
spring_petclinic_microservices,spring_petclinic_microservices--split--N--r0--create_visit,initial,storm_sparse,3,1.0458216161673757,1.0920280152435884
spring_petclinic_microservices,spring_petclinic_microservices--split--N--r0--create_visit,initial,storm_compact,3,0.9975158706013589,1.0542317004246151
spring_petclinic_microservices,spring_petclinic_microservices--split--N--r0--create_visit,repeat,ours_direct,3,0.9056285395010036,1.0470512728519379
spring_petclinic_microservices,spring_petclinic_microservices--split--N--r0--create_visit,repeat,ours_prepared,3,0.8243313130367631,1.0063013663244995
spring_petclinic_microservices,spring_petclinic_microservices--split--N--r0--create_visit,repeat,cudd_fixed,3,0.8698718804084372,1.034985738441712
spring_petclinic_microservices,spring_petclinic_microservices--split--N--r0--create_visit,repeat,cudd_sift,3,0.8569938247397839,1.0155664774266961
spring_petclinic_microservices,spring_petclinic_microservices--split--N--r0--create_visit,repeat,agrum_conditioned,3,1.0163304353709834,1.0279616876772588
spring_petclinic_microservices,spring_petclinic_microservices--split--N--r0--create_visit,repeat,agrum_joint,3,0.9618747115082295,1.0017198921249442
spring_petclinic_microservices,spring_petclinic_microservices--split--N--r0--create_visit,repeat,storm_sparse,3,1.0007031214877644,1.1059836609989373
spring_petclinic_microservices,spring_petclinic_microservices--split--N--r0--create_visit,repeat,storm_compact,3,0.8543726625339413,1.0334949711478447
spring_petclinic_microservices,spring_petclinic_microservices--split--N--r0--create_visit,counts,ours_direct,3,0.9169892212816755,1.0545712404191547
spring_petclinic_microservices,spring_petclinic_microservices--split--N--r0--create_visit,counts,ours_prepared,3,0.819542950015289,0.997607394532642
spring_petclinic_microservices,spring_petclinic_microservices--split--N--r0--create_visit,counts,cudd_fixed,3,0.862143084000123,1.0195666353516128
spring_petclinic_microservices,spring_petclinic_microservices--split--N--r0--create_visit,counts,cudd_sift,3,0.8606754856040374,1.0105804229409965
spring_petclinic_microservices,spring_petclinic_microservices--split--N--r0--create_visit,counts,agrum_conditioned,3,1.0103190513453122,1.0213378520024987
spring_petclinic_microservices,spring_petclinic_microservices--split--N--r0--create_visit,counts,agrum_joint,3,0.9532950165603566,0.9879607902880574
spring_petclinic_microservices,spring_petclinic_microservices--split--N--r0--create_visit,counts,storm_sparse,3,0.9632907171010313,1.0578314489914562
spring_petclinic_microservices,spring_petclinic_microservices--split--N--r0--create_visit,counts,storm_compact,3,0.8691879974990009,1.0220405666510166
spring_petclinic_microservices,spring_petclinic_microservices--split--N--r0--create_visit,masks,ours_direct,3,0.91397905943938,1.0439191534145376
spring_petclinic_microservices,spring_petclinic_microservices--split--N--r0--create_visit,masks,ours_prepared,3,0.8138973214232338,0.9970270424789892
spring_petclinic_microservices,spring_petclinic_microservices--split--N--r0--create_visit,masks,cudd_fixed,3,0.883549934556904,1.072234926245011
spring_petclinic_microservices,spring_petclinic_microservices--split--N--r0--create_visit,masks,cudd_sift,3,0.9064444918197385,1.074683978202016
spring_petclinic_microservices,spring_petclinic_microservices--split--N--r0--create_visit,masks,agrum_conditioned,3,1.0568548866442602,1.0694061200638578
spring_petclinic_microservices,spring_petclinic_microservices--split--N--r0--create_visit,masks,agrum_joint,3,1.0480060439131138,1.0687653021144055
spring_petclinic_microservices,spring_petclinic_microservices--split--N--r0--create_visit,masks,storm_sparse,3,1.0490221795128314,1.0938293904492185
spring_petclinic_microservices,spring_petclinic_microservices--split--N--r0--create_visit,masks,storm_compact,3,1.0207160674120244,1.071918232776186
spring_petclinic_microservices,spring_petclinic_microservices--split--N--r0--create_visit,metadata,ours_direct,3,0.9458835633028714,1.0815554042536983
spring_petclinic_microservices,spring_petclinic_microservices--split--N--r0--create_visit,metadata,ours_prepared,3,0.8513231392178902,1.0423991896197549
spring_petclinic_microservices,spring_petclinic_microservices--split--N--r0--create_visit,metadata,cudd_fixed,3,0.8772878656843016,1.0462749623122591
spring_petclinic_microservices,spring_petclinic_microservices--split--N--r0--create_visit,metadata,cudd_sift,3,0.8886353530271207,1.0567657866755633
spring_petclinic_microservices,spring_petclinic_microservices--split--N--r0--create_visit,metadata,agrum_conditioned,3,1.03193462675038,1.04425273359885
spring_petclinic_microservices,spring_petclinic_microservices--split--N--r0--create_visit,metadata,agrum_joint,3,0.9548721439609587,0.991679179851243
spring_petclinic_microservices,spring_petclinic_microservices--split--N--r0--create_visit,metadata,storm_sparse,3,1.021718336739812,1.1272045814379357
spring_petclinic_microservices,spring_petclinic_microservices--split--N--r0--create_visit,metadata,storm_compact,3,0.8430151717101907,1.0268128417750169
spring_petclinic_microservices,spring_petclinic_microservices--split--N--r0--create_visit,structure,ours_direct,3,0.9268577150478574,1.059631039192277
spring_petclinic_microservices,spring_petclinic_microservices--split--N--r0--create_visit,structure,ours_prepared,3,0.9520320842039269,1.0374716192460918
spring_petclinic_microservices,spring_petclinic_microservices--split--N--r0--create_visit,structure,cudd_fixed,3,0.8896884578570081,1.0664255487072893
spring_petclinic_microservices,spring_petclinic_microservices--split--N--r0--create_visit,structure,cudd_sift,3,0.9708348018523831,1.1150763383569855
spring_petclinic_microservices,spring_petclinic_microservices--split--N--r0--create_visit,structure,agrum_conditioned,3,1.0729282508172477,1.0823314268047295
spring_petclinic_microservices,spring_petclinic_microservices--split--N--r0--create_visit,structure,agrum_joint,3,1.0547821052961908,1.0706252496180433
spring_petclinic_microservices,spring_petclinic_microservices--split--N--r0--create_visit,structure,storm_sparse,3,1.0665849590174485,1.1291033273561615
spring_petclinic_microservices,spring_petclinic_microservices--split--N--r0--create_visit,structure,storm_compact,3,1.0556429949714543,1.1482789642320594
spring_petclinic_microservices,spring_petclinic_microservices--split--N--r0--create_visit,restore,ours_direct,3,0.8935732785784032,1.0233765280494531
spring_petclinic_microservices,spring_petclinic_microservices--split--N--r0--create_visit,restore,ours_prepared,3,0.9707363351504583,1.0600909865377568
spring_petclinic_microservices,spring_petclinic_microservices--split--N--r0--create_visit,restore,cudd_fixed,3,0.8657924301323285,1.0227733245574857
spring_petclinic_microservices,spring_petclinic_microservices--split--N--r0--create_visit,restore,cudd_sift,3,0.971748140699066,1.1145029184710977
spring_petclinic_microservices,spring_petclinic_microservices--split--N--r0--create_visit,restore,agrum_conditioned,3,1.0600241358297589,1.0697253666229738
spring_petclinic_microservices,spring_petclinic_microservices--split--N--r0--create_visit,restore,agrum_joint,3,1.072163817978189,1.0899539843602988
spring_petclinic_microservices,spring_petclinic_microservices--split--N--r0--create_visit,restore,storm_sparse,3,1.028637161053287,1.0931668539546822
spring_petclinic_microservices,spring_petclinic_microservices--split--N--r0--create_visit,restore,storm_compact,3,0.97737854179016,1.1207503139428363
spring_petclinic_microservices,spring_petclinic_microservices--split--N--r0--list_owners,initial,ours_direct,3,0.7902382108526204,1.4588154003016693
spring_petclinic_microservices,spring_petclinic_microservices--split--N--r0--list_owners,initial,ours_prepared,3,0.8389592375818528,1.324029079986287
spring_petclinic_microservices,spring_petclinic_microservices--split--N--r0--list_owners,initial,cudd_fixed,3,0.9594875321370638,0.9821806116437702
spring_petclinic_microservices,spring_petclinic_microservices--split--N--r0--list_owners,initial,cudd_sift,3,1.0462448111226044,1.0687356901831524
spring_petclinic_microservices,spring_petclinic_microservices--split--N--r0--list_owners,initial,agrum_conditioned,3,1.203080998413864,1.2503518191061496
spring_petclinic_microservices,spring_petclinic_microservices--split--N--r0--list_owners,initial,agrum_joint,3,1.1856111988464964,1.2308311805368954
spring_petclinic_microservices,spring_petclinic_microservices--split--N--r0--list_owners,initial,storm_sparse,3,0.9178307681163288,1.0124533866328178
spring_petclinic_microservices,spring_petclinic_microservices--split--N--r0--list_owners,initial,storm_compact,3,0.925129352776596,1.0204623998041336
spring_petclinic_microservices,spring_petclinic_microservices--split--N--r0--list_owners,repeat,ours_direct,3,0.6871454252094918,1.0415534004740075
spring_petclinic_microservices,spring_petclinic_microservices--split--N--r0--list_owners,repeat,ours_prepared,3,0.6501249368842166,1.0187641005887855
spring_petclinic_microservices,spring_petclinic_microservices--split--N--r0--list_owners,repeat,cudd_fixed,3,0.5945343746170386,0.8935010028261464
spring_petclinic_microservices,spring_petclinic_microservices--split--N--r0--list_owners,repeat,cudd_sift,3,0.6366023786691708,0.9947233395622842
spring_petclinic_microservices,spring_petclinic_microservices--split--N--r0--list_owners,repeat,agrum_conditioned,3,0.9960178673795456,1.1128801918396856
spring_petclinic_microservices,spring_petclinic_microservices--split--N--r0--list_owners,repeat,agrum_joint,3,0.8174026593720006,1.0073741112873846
spring_petclinic_microservices,spring_petclinic_microservices--split--N--r0--list_owners,repeat,storm_sparse,3,0.6223182670277025,1.004289329577787
spring_petclinic_microservices,spring_petclinic_microservices--split--N--r0--list_owners,repeat,storm_compact,3,0.6193324338074278,1.015608208761645
spring_petclinic_microservices,spring_petclinic_microservices--split--N--r0--list_owners,counts,ours_direct,3,0.6729263079165552,1.0228164320295996
spring_petclinic_microservices,spring_petclinic_microservices--split--N--r0--list_owners,counts,ours_prepared,3,0.6366747384292045,0.9975097389594787
spring_petclinic_microservices,spring_petclinic_microservices--split--N--r0--list_owners,counts,cudd_fixed,3,0.6631320379526446,1.0539649905586783
spring_petclinic_microservices,spring_petclinic_microservices--split--N--r0--list_owners,counts,cudd_sift,3,0.6432950430209899,1.024365606759165
spring_petclinic_microservices,spring_petclinic_microservices--split--N--r0--list_owners,counts,agrum_conditioned,3,1.005653959357761,1.1224941770952588
spring_petclinic_microservices,spring_petclinic_microservices--split--N--r0--list_owners,counts,agrum_joint,3,0.8484380367255204,1.0193234881884348
spring_petclinic_microservices,spring_petclinic_microservices--split--N--r0--list_owners,counts,storm_sparse,3,0.6077201388549357,1.0229705694821973
spring_petclinic_microservices,spring_petclinic_microservices--split--N--r0--list_owners,counts,storm_compact,3,0.5474915052825073,0.9007121057985757
spring_petclinic_microservices,spring_petclinic_microservices--split--N--r0--list_owners,masks,ours_direct,3,0.6615375882383947,1.008399347406686
spring_petclinic_microservices,spring_petclinic_microservices--split--N--r0--list_owners,masks,ours_prepared,3,0.5770536174600447,1.0012137286192713
spring_petclinic_microservices,spring_petclinic_microservices--split--N--r0--list_owners,masks,cudd_fixed,3,0.4639525657126077,0.6429171289950613
spring_petclinic_microservices,spring_petclinic_microservices--split--N--r0--list_owners,masks,cudd_sift,3,0.46892438008240356,0.6635608006024631
spring_petclinic_microservices,spring_petclinic_microservices--split--N--r0--list_owners,masks,agrum_conditioned,3,1.1846084693001289,1.2819798747300921
spring_petclinic_microservices,spring_petclinic_microservices--split--N--r0--list_owners,masks,agrum_joint,3,1.1580798386661144,1.2368226652158991
spring_petclinic_microservices,spring_petclinic_microservices--split--N--r0--list_owners,masks,storm_sparse,3,0.9204156437598586,1.0089012693488653
spring_petclinic_microservices,spring_petclinic_microservices--split--N--r0--list_owners,masks,storm_compact,3,0.9217856628854784,1.0012920316588387
spring_petclinic_microservices,spring_petclinic_microservices--split--N--r0--list_owners,metadata,ours_direct,3,0.6188544507412213,0.925035710195939
spring_petclinic_microservices,spring_petclinic_microservices--split--N--r0--list_owners,metadata,ours_prepared,3,0.6038473127189183,1.0017585316260922
spring_petclinic_microservices,spring_petclinic_microservices--split--N--r0--list_owners,metadata,cudd_fixed,3,0.6114646561360225,1.0365625996023495
spring_petclinic_microservices,spring_petclinic_microservices--split--N--r0--list_owners,metadata,cudd_sift,3,0.5944868491419126,0.995176448386488
spring_petclinic_microservices,spring_petclinic_microservices--split--N--r0--list_owners,metadata,agrum_conditioned,3,1.0050824584871503,1.1287503022026923
spring_petclinic_microservices,spring_petclinic_microservices--split--N--r0--list_owners,metadata,agrum_joint,3,0.8069763149331806,0.9832665824149274
spring_petclinic_microservices,spring_petclinic_microservices--split--N--r0--list_owners,metadata,storm_sparse,3,0.7266986321040375,1.0400799537487284
spring_petclinic_microservices,spring_petclinic_microservices--split--N--r0--list_owners,metadata,storm_compact,3,0.6972432899142177,0.9892509267205153
spring_petclinic_microservices,spring_petclinic_microservices--split--N--r0--list_owners,structure,ours_direct,3,0.6670075541192121,1.011282443861184
spring_petclinic_microservices,spring_petclinic_microservices--split--N--r0--list_owners,structure,ours_prepared,3,0.8313653325154629,1.1380132229811732
spring_petclinic_microservices,spring_petclinic_microservices--split--N--r0--list_owners,structure,cudd_fixed,3,0.9809320254952101,1.4965040678876165
spring_petclinic_microservices,spring_petclinic_microservices--split--N--r0--list_owners,structure,cudd_sift,3,1.104997820093214,1.5401944561144787
spring_petclinic_microservices,spring_petclinic_microservices--split--N--r0--list_owners,structure,agrum_conditioned,3,1.2468981971631787,1.3078145336254092
spring_petclinic_microservices,spring_petclinic_microservices--split--N--r0--list_owners,structure,agrum_joint,3,1.2525400243719471,1.3135342560944014
spring_petclinic_microservices,spring_petclinic_microservices--split--N--r0--list_owners,structure,storm_sparse,3,0.8628078840515367,1.0301128207850345
spring_petclinic_microservices,spring_petclinic_microservices--split--N--r0--list_owners,structure,storm_compact,3,0.8598971083125653,1.0270901653795974
spring_petclinic_microservices,spring_petclinic_microservices--split--N--r0--list_owners,restore,ours_direct,3,0.6283639297962478,0.9912167967224522
spring_petclinic_microservices,spring_petclinic_microservices--split--N--r0--list_owners,restore,ours_prepared,3,0.7796498696182409,1.0710635179968415
spring_petclinic_microservices,spring_petclinic_microservices--split--N--r0--list_owners,restore,cudd_fixed,3,0.6814521581982026,1.0483901599078282
spring_petclinic_microservices,spring_petclinic_microservices--split--N--r0--list_owners,restore,cudd_sift,3,0.818742265206032,1.1397525605458843
spring_petclinic_microservices,spring_petclinic_microservices--split--N--r0--list_owners,restore,agrum_conditioned,3,1.249735470736744,1.3253249415493036
spring_petclinic_microservices,spring_petclinic_microservices--split--N--r0--list_owners,restore,agrum_joint,3,1.2347931844570033,1.2940313060357562
spring_petclinic_microservices,spring_petclinic_microservices--split--N--r0--list_owners,restore,storm_sparse,3,0.7975466377614948,1.0446888614183933
spring_petclinic_microservices,spring_petclinic_microservices--split--N--r0--list_owners,restore,storm_compact,3,0.8932387310446086,1.3406961111716693
spring_petclinic_microservices,spring_petclinic_microservices--split--N--r0--list_vets,initial,ours_direct,3,0.9032423314799775,1.6030839393346727
spring_petclinic_microservices,spring_petclinic_microservices--split--N--r0--list_vets,initial,ours_prepared,3,0.8698286971312115,1.31524650626882
spring_petclinic_microservices,spring_petclinic_microservices--split--N--r0--list_vets,initial,cudd_fixed,3,0.9668492904313141,0.9858141385400906
spring_petclinic_microservices,spring_petclinic_microservices--split--N--r0--list_vets,initial,cudd_sift,3,1.0918623741828646,1.1152677692892727
spring_petclinic_microservices,spring_petclinic_microservices--split--N--r0--list_vets,initial,agrum_conditioned,3,1.0920223789513348,1.1319178499873026
spring_petclinic_microservices,spring_petclinic_microservices--split--N--r0--list_vets,initial,agrum_joint,3,1.109235872145268,1.1543506492981728
spring_petclinic_microservices,spring_petclinic_microservices--split--N--r0--list_vets,initial,storm_sparse,3,0.9503291935135569,1.0406433434303062
spring_petclinic_microservices,spring_petclinic_microservices--split--N--r0--list_vets,initial,storm_compact,3,0.9337501594741722,1.0210852515406508
spring_petclinic_microservices,spring_petclinic_microservices--split--N--r0--list_vets,repeat,ours_direct,3,0.6954778814066912,1.0263341684233458
spring_petclinic_microservices,spring_petclinic_microservices--split--N--r0--list_vets,repeat,ours_prepared,3,0.6419535775743166,1.0084623541887592
spring_petclinic_microservices,spring_petclinic_microservices--split--N--r0--list_vets,repeat,cudd_fixed,3,0.6903212786213493,1.0532779074753442
spring_petclinic_microservices,spring_petclinic_microservices--split--N--r0--list_vets,repeat,cudd_sift,3,0.6694563969537898,1.0238109883200404
spring_petclinic_microservices,spring_petclinic_microservices--split--N--r0--list_vets,repeat,agrum_conditioned,3,0.9830555677534616,1.085613815818118
spring_petclinic_microservices,spring_petclinic_microservices--split--N--r0--list_vets,repeat,agrum_joint,3,0.8107362163574602,0.9750245422943726
spring_petclinic_microservices,spring_petclinic_microservices--split--N--r0--list_vets,repeat,storm_sparse,3,0.6515236603316289,1.0467434631006498
spring_petclinic_microservices,spring_petclinic_microservices--split--N--r0--list_vets,repeat,storm_compact,3,0.6500443608251559,1.0096068390537052
spring_petclinic_microservices,spring_petclinic_microservices--split--N--r0--list_vets,counts,ours_direct,3,0.7138707396648806,1.124760546158549
spring_petclinic_microservices,spring_petclinic_microservices--split--N--r0--list_vets,counts,ours_prepared,3,0.6529794839151937,0.9958764461074415
spring_petclinic_microservices,spring_petclinic_microservices--split--N--r0--list_vets,counts,cudd_fixed,3,0.6488513808070661,1.0062456575497
spring_petclinic_microservices,spring_petclinic_microservices--split--N--r0--list_vets,counts,cudd_sift,3,0.6211564029935034,0.9272856034802549
spring_petclinic_microservices,spring_petclinic_microservices--split--N--r0--list_vets,counts,agrum_conditioned,3,0.989136330491194,1.0898297010837203
spring_petclinic_microservices,spring_petclinic_microservices--split--N--r0--list_vets,counts,agrum_joint,3,0.7657062115587078,0.8948369884613423
spring_petclinic_microservices,spring_petclinic_microservices--split--N--r0--list_vets,counts,storm_sparse,3,0.6206082094066776,0.9988165067079018
spring_petclinic_microservices,spring_petclinic_microservices--split--N--r0--list_vets,counts,storm_compact,3,0.5942178601953308,0.9550061216161067
spring_petclinic_microservices,spring_petclinic_microservices--split--N--r0--list_vets,masks,ours_direct,3,0.678370944443964,1.0144875797563335
spring_petclinic_microservices,spring_petclinic_microservices--split--N--r0--list_vets,masks,ours_prepared,3,0.6277247244157215,1.0039172109458065
spring_petclinic_microservices,spring_petclinic_microservices--split--N--r0--list_vets,masks,cudd_fixed,3,0.4621945485472473,0.6438864702507509
spring_petclinic_microservices,spring_petclinic_microservices--split--N--r0--list_vets,masks,cudd_sift,3,0.4570773749736814,0.6302380587581875
spring_petclinic_microservices,spring_petclinic_microservices--split--N--r0--list_vets,masks,agrum_conditioned,3,1.0619939449113966,1.1412589577585344
spring_petclinic_microservices,spring_petclinic_microservices--split--N--r0--list_vets,masks,agrum_joint,3,1.076323407729475,1.143513796356922
spring_petclinic_microservices,spring_petclinic_microservices--split--N--r0--list_vets,masks,storm_sparse,3,0.9426746817287756,1.0230671747236986
spring_petclinic_microservices,spring_petclinic_microservices--split--N--r0--list_vets,masks,storm_compact,3,0.953871882413081,1.0323517717520503
spring_petclinic_microservices,spring_petclinic_microservices--split--N--r0--list_vets,metadata,ours_direct,3,0.6449665531797784,0.9745986423876738
spring_petclinic_microservices,spring_petclinic_microservices--split--N--r0--list_vets,metadata,ours_prepared,3,0.6231121141258285,1.0167716990132818
spring_petclinic_microservices,spring_petclinic_microservices--split--N--r0--list_vets,metadata,cudd_fixed,3,0.6036590490955107,0.9854868124626442
spring_petclinic_microservices,spring_petclinic_microservices--split--N--r0--list_vets,metadata,cudd_sift,3,0.5517526411174468,0.8984859508713577
spring_petclinic_microservices,spring_petclinic_microservices--split--N--r0--list_vets,metadata,agrum_conditioned,3,0.9537389338415874,1.0539583260219951
spring_petclinic_microservices,spring_petclinic_microservices--split--N--r0--list_vets,metadata,agrum_joint,3,0.8090684108516223,0.95702119143448
spring_petclinic_microservices,spring_petclinic_microservices--split--N--r0--list_vets,metadata,storm_sparse,3,0.7048148661217867,0.9658258857687247
spring_petclinic_microservices,spring_petclinic_microservices--split--N--r0--list_vets,metadata,storm_compact,3,0.6954937245842284,0.9671140749684016
spring_petclinic_microservices,spring_petclinic_microservices--split--N--r0--list_vets,structure,ours_direct,3,0.6529502914627248,1.0005192174559627
spring_petclinic_microservices,spring_petclinic_microservices--split--N--r0--list_vets,structure,ours_prepared,3,0.8189697011717396,1.0973298269110519
spring_petclinic_microservices,spring_petclinic_microservices--split--N--r0--list_vets,structure,cudd_fixed,3,1.061824614109178,1.5897622274239251
spring_petclinic_microservices,spring_petclinic_microservices--split--N--r0--list_vets,structure,cudd_sift,3,1.0854592447995706,1.4541592176735134
spring_petclinic_microservices,spring_petclinic_microservices--split--N--r0--list_vets,structure,agrum_conditioned,3,1.1181911623872485,1.1659332739925046
spring_petclinic_microservices,spring_petclinic_microservices--split--N--r0--list_vets,structure,agrum_joint,3,1.1324863160845282,1.1780437837800044
spring_petclinic_microservices,spring_petclinic_microservices--split--N--r0--list_vets,structure,storm_sparse,3,0.8881446372446968,1.059377135227665
spring_petclinic_microservices,spring_petclinic_microservices--split--N--r0--list_vets,structure,storm_compact,3,0.877164437716828,1.0368343317936202
spring_petclinic_microservices,spring_petclinic_microservices--split--N--r0--list_vets,restore,ours_direct,3,0.6380473695440859,0.9717763568083286
spring_petclinic_microservices,spring_petclinic_microservices--split--N--r0--list_vets,restore,ours_prepared,3,0.7484122828576415,1.010716112285171
spring_petclinic_microservices,spring_petclinic_microservices--split--N--r0--list_vets,restore,cudd_fixed,3,0.7241342396831344,1.0911070003900991
spring_petclinic_microservices,spring_petclinic_microservices--split--N--r0--list_vets,restore,cudd_sift,3,0.8082691690728264,1.121160203550999
spring_petclinic_microservices,spring_petclinic_microservices--split--N--r0--list_vets,restore,agrum_conditioned,3,1.1183176545601299,1.1722600389461033
spring_petclinic_microservices,spring_petclinic_microservices--split--N--r0--list_vets,restore,agrum_joint,3,1.1350047036230082,1.1844580165256455
spring_petclinic_microservices,spring_petclinic_microservices--split--N--r0--list_vets,restore,storm_sparse,3,0.8021521319135553,1.0257928017062825
spring_petclinic_microservices,spring_petclinic_microservices--split--N--r0--list_vets,restore,storm_compact,3,0.7968297885117087,0.969435677176542
spring_petclinic_microservices,spring_petclinic_microservices--split--N--r0--owner_details_with_visits,initial,ours_direct,3,0.9875708244357431,1.1356531694662677
spring_petclinic_microservices,spring_petclinic_microservices--split--N--r0--owner_details_with_visits,initial,ours_prepared,3,0.9700293629863245,1.079946462124527
spring_petclinic_microservices,spring_petclinic_microservices--split--N--r0--owner_details_with_visits,initial,cudd_fixed,3,0.9517857088427412,1.0052572878011783
spring_petclinic_microservices,spring_petclinic_microservices--split--N--r0--owner_details_with_visits,initial,cudd_sift,3,0.9107051692672339,0.9586329069395755
spring_petclinic_microservices,spring_petclinic_microservices--split--N--r0--owner_details_with_visits,initial,agrum_conditioned,3,1.147120249557417,1.1618204175533704
spring_petclinic_microservices,spring_petclinic_microservices--split--N--r0--owner_details_with_visits,initial,agrum_joint,3,1.1481961732923414,1.1765840023698895
spring_petclinic_microservices,spring_petclinic_microservices--split--N--r0--owner_details_with_visits,initial,storm_sparse,3,1.086888057570495,1.1326077491892443
spring_petclinic_microservices,spring_petclinic_microservices--split--N--r0--owner_details_with_visits,initial,storm_compact,3,1.0413367411769567,1.0968848199320327
spring_petclinic_microservices,spring_petclinic_microservices--split--N--r0--owner_details_with_visits,repeat,ours_direct,3,0.9787282275333999,1.136160204187627
spring_petclinic_microservices,spring_petclinic_microservices--split--N--r0--owner_details_with_visits,repeat,ours_prepared,3,0.8372048224023132,1.0308562536947
spring_petclinic_microservices,spring_petclinic_microservices--split--N--r0--owner_details_with_visits,repeat,cudd_fixed,3,0.8948561363997286,1.071685424246603
spring_petclinic_microservices,spring_petclinic_microservices--split--N--r0--owner_details_with_visits,repeat,cudd_sift,3,0.8918568278033786,1.058951858319243
spring_petclinic_microservices,spring_petclinic_microservices--split--N--r0--owner_details_with_visits,repeat,agrum_conditioned,3,1.1164663013425022,1.1289475907436535
spring_petclinic_microservices,spring_petclinic_microservices--split--N--r0--owner_details_with_visits,repeat,agrum_joint,3,0.9616384516072515,1.0008346169432805
spring_petclinic_microservices,spring_petclinic_microservices--split--N--r0--owner_details_with_visits,repeat,storm_sparse,3,1.0731829401963837,1.1806995445726691
spring_petclinic_microservices,spring_petclinic_microservices--split--N--r0--owner_details_with_visits,repeat,storm_compact,3,0.7962278953806978,0.9937757312879741
spring_petclinic_microservices,spring_petclinic_microservices--split--N--r0--owner_details_with_visits,counts,ours_direct,3,0.9876333847940854,1.1303206222783964
spring_petclinic_microservices,spring_petclinic_microservices--split--N--r0--owner_details_with_visits,counts,ours_prepared,3,0.8116270051452784,0.9902185648025874
spring_petclinic_microservices,spring_petclinic_microservices--split--N--r0--owner_details_with_visits,counts,cudd_fixed,3,0.9023072350107554,1.069651266449278
spring_petclinic_microservices,spring_petclinic_microservices--split--N--r0--owner_details_with_visits,counts,cudd_sift,3,0.8857009784021425,1.0464215768145908
spring_petclinic_microservices,spring_petclinic_microservices--split--N--r0--owner_details_with_visits,counts,agrum_conditioned,3,1.1227045867978545,1.1351741832302003
spring_petclinic_microservices,spring_petclinic_microservices--split--N--r0--owner_details_with_visits,counts,agrum_joint,3,0.9468090528079295,0.9847154021590502
spring_petclinic_microservices,spring_petclinic_microservices--split--N--r0--owner_details_with_visits,counts,storm_sparse,3,1.0794589671168222,1.1764864187925328
spring_petclinic_microservices,spring_petclinic_microservices--split--N--r0--owner_details_with_visits,counts,storm_compact,3,0.8463957838162883,1.0108024067388688
spring_petclinic_microservices,spring_petclinic_microservices--split--N--r0--owner_details_with_visits,masks,ours_direct,3,0.9890902578622022,1.1237319818884226
spring_petclinic_microservices,spring_petclinic_microservices--split--N--r0--owner_details_with_visits,masks,ours_prepared,3,0.7842083186862507,0.9577315019937971
spring_petclinic_microservices,spring_petclinic_microservices--split--N--r0--owner_details_with_visits,masks,cudd_fixed,3,0.9158546598874718,1.0895034737168088
spring_petclinic_microservices,spring_petclinic_microservices--split--N--r0--owner_details_with_visits,masks,cudd_sift,3,0.9271426085129284,1.10215538952317
spring_petclinic_microservices,spring_petclinic_microservices--split--N--r0--owner_details_with_visits,masks,agrum_conditioned,3,1.1727145583547507,1.1845004804005437
spring_petclinic_microservices,spring_petclinic_microservices--split--N--r0--owner_details_with_visits,masks,agrum_joint,3,1.120073836633638,1.1450255077309255
spring_petclinic_microservices,spring_petclinic_microservices--split--N--r0--owner_details_with_visits,masks,storm_sparse,3,1.113616500924272,1.1737241897178077
spring_petclinic_microservices,spring_petclinic_microservices--split--N--r0--owner_details_with_visits,masks,storm_compact,3,1.0598865784752927,1.1363137841167927
spring_petclinic_microservices,spring_petclinic_microservices--split--N--r0--owner_details_with_visits,metadata,ours_direct,3,0.9921705354113636,1.127125818847387
spring_petclinic_microservices,spring_petclinic_microservices--split--N--r0--owner_details_with_visits,metadata,ours_prepared,3,0.8212312277886048,1.0169115126874757
spring_petclinic_microservices,spring_petclinic_microservices--split--N--r0--owner_details_with_visits,metadata,cudd_fixed,3,0.9012688826737288,1.08097760964934
spring_petclinic_microservices,spring_petclinic_microservices--split--N--r0--owner_details_with_visits,metadata,cudd_sift,3,0.8813501935787784,1.0827401237025425
spring_petclinic_microservices,spring_petclinic_microservices--split--N--r0--owner_details_with_visits,metadata,agrum_conditioned,3,1.1191911138512551,1.1323768478846992
spring_petclinic_microservices,spring_petclinic_microservices--split--N--r0--owner_details_with_visits,metadata,agrum_joint,3,0.9512216172583868,0.9886109245889266
spring_petclinic_microservices,spring_petclinic_microservices--split--N--r0--owner_details_with_visits,metadata,storm_sparse,3,1.0541408983078504,1.1625787791878035
spring_petclinic_microservices,spring_petclinic_microservices--split--N--r0--owner_details_with_visits,metadata,storm_compact,3,0.829345825824,1.029635829804415
spring_petclinic_microservices,spring_petclinic_microservices--split--N--r0--owner_details_with_visits,structure,ours_direct,3,0.9797126305062148,1.1212887683618262
spring_petclinic_microservices,spring_petclinic_microservices--split--N--r0--owner_details_with_visits,structure,ours_prepared,3,1.005009772657134,1.1148487459132452
spring_petclinic_microservices,spring_petclinic_microservices--split--N--r0--owner_details_with_visits,structure,cudd_fixed,3,0.8945809784891082,1.062497507893182
spring_petclinic_microservices,spring_petclinic_microservices--split--N--r0--owner_details_with_visits,structure,cudd_sift,3,0.9908694839081015,1.1424274714436198
spring_petclinic_microservices,spring_petclinic_microservices--split--N--r0--owner_details_with_visits,structure,agrum_conditioned,3,1.2041974515787779,1.215119333740378
spring_petclinic_microservices,spring_petclinic_microservices--split--N--r0--owner_details_with_visits,structure,agrum_joint,3,1.1534623529103671,1.1728824542969647
spring_petclinic_microservices,spring_petclinic_microservices--split--N--r0--owner_details_with_visits,structure,storm_sparse,3,1.1247824722120372,1.1910657511789355
spring_petclinic_microservices,spring_petclinic_microservices--split--N--r0--owner_details_with_visits,structure,storm_compact,3,1.095432441298535,1.1707295299136675
spring_petclinic_microservices,spring_petclinic_microservices--split--N--r0--owner_details_with_visits,restore,ours_direct,3,1.0046478914930008,1.1562112494098236
spring_petclinic_microservices,spring_petclinic_microservices--split--N--r0--owner_details_with_visits,restore,ours_prepared,3,0.978993872837748,1.0862544243181345
spring_petclinic_microservices,spring_petclinic_microservices--split--N--r0--owner_details_with_visits,restore,cudd_fixed,3,0.8738543653367576,1.0393531172954598
spring_petclinic_microservices,spring_petclinic_microservices--split--N--r0--owner_details_with_visits,restore,cudd_sift,3,0.928882696168381,1.065508552952571
spring_petclinic_microservices,spring_petclinic_microservices--split--N--r0--owner_details_with_visits,restore,agrum_conditioned,3,1.2056891667118217,1.2169368404300722
spring_petclinic_microservices,spring_petclinic_microservices--split--N--r0--owner_details_with_visits,restore,agrum_joint,3,1.1575383921207387,1.1775890002894
spring_petclinic_microservices,spring_petclinic_microservices--split--N--r0--owner_details_with_visits,restore,storm_sparse,3,1.2751304548330846,1.3475713850499904
spring_petclinic_microservices,spring_petclinic_microservices--split--N--r0--owner_details_with_visits,restore,storm_compact,3,1.0802231996333058,1.164946294239579
spring_petclinic_microservices,spring_petclinic_microservices--split--NC--r0--create_visit,initial,ours_direct,3,1.102837453304743,1.259027642437976
spring_petclinic_microservices,spring_petclinic_microservices--split--NC--r0--create_visit,initial,ours_prepared,3,0.9960988619610052,1.1007797364895473
spring_petclinic_microservices,spring_petclinic_microservices--split--NC--r0--create_visit,initial,cudd_fixed,3,1.031170836165347,1.086073181495876
spring_petclinic_microservices,spring_petclinic_microservices--split--NC--r0--create_visit,initial,cudd_sift,3,1.051769302808014,1.1087217190246885
spring_petclinic_microservices,spring_petclinic_microservices--split--NC--r0--create_visit,initial,agrum_conditioned,3,1.194245019014032,1.2081608717651764
spring_petclinic_microservices,spring_petclinic_microservices--split--NC--r0--create_visit,initial,agrum_joint,3,1.1433528220310407,1.169819859662179
spring_petclinic_microservices,spring_petclinic_microservices--split--NC--r0--create_visit,initial,storm_sparse,3,1.108652896208492,1.1538937653711345
spring_petclinic_microservices,spring_petclinic_microservices--split--NC--r0--create_visit,initial,storm_compact,3,1.0702638062537677,1.1256598131648536
spring_petclinic_microservices,spring_petclinic_microservices--split--NC--r0--create_visit,repeat,ours_direct,3,1.1161215785062837,1.2752433384594266
spring_petclinic_microservices,spring_petclinic_microservices--split--NC--r0--create_visit,repeat,ours_prepared,3,0.9420415270282319,1.135112793956134
spring_petclinic_microservices,spring_petclinic_microservices--split--NC--r0--create_visit,repeat,cudd_fixed,3,0.9671664506151122,1.1429747055488857
spring_petclinic_microservices,spring_petclinic_microservices--split--NC--r0--create_visit,repeat,cudd_sift,3,0.9988821004639777,1.1643542553077255
spring_petclinic_microservices,spring_petclinic_microservices--split--NC--r0--create_visit,repeat,agrum_conditioned,3,1.1415561981387983,1.1527599625414386
spring_petclinic_microservices,spring_petclinic_microservices--split--NC--r0--create_visit,repeat,agrum_joint,3,1.0784293693440585,1.1154308490343419
spring_petclinic_microservices,spring_petclinic_microservices--split--NC--r0--create_visit,repeat,storm_sparse,3,1.0750215211856717,1.172639263291298
spring_petclinic_microservices,spring_petclinic_microservices--split--NC--r0--create_visit,repeat,storm_compact,3,0.7484997758011531,0.9452698484419078
spring_petclinic_microservices,spring_petclinic_microservices--split--NC--r0--create_visit,counts,ours_direct,3,1.0968048000677102,1.2449165538084064
spring_petclinic_microservices,spring_petclinic_microservices--split--NC--r0--create_visit,counts,ours_prepared,3,0.9234958836902883,1.1049204865527658
spring_petclinic_microservices,spring_petclinic_microservices--split--NC--r0--create_visit,counts,cudd_fixed,3,0.9902704132211869,1.1674322020873793
spring_petclinic_microservices,spring_petclinic_microservices--split--NC--r0--create_visit,counts,cudd_sift,3,0.9940673962595953,1.1554935565298259
spring_petclinic_microservices,spring_petclinic_microservices--split--NC--r0--create_visit,counts,agrum_conditioned,3,1.1581358573090001,1.169463215309557
spring_petclinic_microservices,spring_petclinic_microservices--split--NC--r0--create_visit,counts,agrum_joint,3,1.067322119803405,1.1032507909602771
spring_petclinic_microservices,spring_petclinic_microservices--split--NC--r0--create_visit,counts,storm_sparse,3,1.0943353246198106,1.1838505298968147
spring_petclinic_microservices,spring_petclinic_microservices--split--NC--r0--create_visit,counts,storm_compact,3,0.8314780796971794,0.9956745179965484
spring_petclinic_microservices,spring_petclinic_microservices--split--NC--r0--create_visit,masks,ours_direct,3,1.0354845361423564,1.1681374335631147
spring_petclinic_microservices,spring_petclinic_microservices--split--NC--r0--create_visit,masks,ours_prepared,3,0.8615335103387239,1.0582315312443786
spring_petclinic_microservices,spring_petclinic_microservices--split--NC--r0--create_visit,masks,cudd_fixed,3,0.9492722533788236,1.1096559661703778
spring_petclinic_microservices,spring_petclinic_microservices--split--NC--r0--create_visit,masks,cudd_sift,3,0.9729305344936955,1.131959082376739
spring_petclinic_microservices,spring_petclinic_microservices--split--NC--r0--create_visit,masks,agrum_conditioned,3,1.234569734362584,1.244936046011232
spring_petclinic_microservices,spring_petclinic_microservices--split--NC--r0--create_visit,masks,agrum_joint,3,1.3942204917567635,1.4208654694465304
spring_petclinic_microservices,spring_petclinic_microservices--split--NC--r0--create_visit,masks,storm_sparse,3,1.0580801559264221,1.1217477682060264
spring_petclinic_microservices,spring_petclinic_microservices--split--NC--r0--create_visit,masks,storm_compact,3,1.0436760754732957,1.1154459426302246
spring_petclinic_microservices,spring_petclinic_microservices--split--NC--r0--create_visit,metadata,ours_direct,3,1.0115198263896614,1.1488259520787771
spring_petclinic_microservices,spring_petclinic_microservices--split--NC--r0--create_visit,metadata,ours_prepared,3,0.8871654949918679,1.0635494828148688
spring_petclinic_microservices,spring_petclinic_microservices--split--NC--r0--create_visit,metadata,cudd_fixed,3,0.9418232409871273,1.1026103266907619
spring_petclinic_microservices,spring_petclinic_microservices--split--NC--r0--create_visit,metadata,cudd_sift,3,0.9533067921763312,1.1088836048133124
spring_petclinic_microservices,spring_petclinic_microservices--split--NC--r0--create_visit,metadata,agrum_conditioned,3,1.069202387741582,1.080092857316983
spring_petclinic_microservices,spring_petclinic_microservices--split--NC--r0--create_visit,metadata,agrum_joint,3,1.0165426169593998,1.0517639901082094
spring_petclinic_microservices,spring_petclinic_microservices--split--NC--r0--create_visit,metadata,storm_sparse,3,1.0320018055994538,1.129211112688016
spring_petclinic_microservices,spring_petclinic_microservices--split--NC--r0--create_visit,metadata,storm_compact,3,0.8188359603299071,1.0141654913571037
spring_petclinic_microservices,spring_petclinic_microservices--split--NC--r0--create_visit,structure,ours_direct,3,1.0394225276372417,1.1680995532025642
spring_petclinic_microservices,spring_petclinic_microservices--split--NC--r0--create_visit,structure,ours_prepared,3,0.9920026376399764,1.0900989123242284
spring_petclinic_microservices,spring_petclinic_microservices--split--NC--r0--create_visit,structure,cudd_fixed,3,0.9312812393725405,1.0948261499548146
spring_petclinic_microservices,spring_petclinic_microservices--split--NC--r0--create_visit,structure,cudd_sift,3,1.0105541943012306,1.159183119334918
spring_petclinic_microservices,spring_petclinic_microservices--split--NC--r0--create_visit,structure,agrum_conditioned,3,1.1177052957617104,1.1263735261927534
spring_petclinic_microservices,spring_petclinic_microservices--split--NC--r0--create_visit,structure,agrum_joint,3,1.1048051143225885,1.121218427381366
spring_petclinic_microservices,spring_petclinic_microservices--split--NC--r0--create_visit,structure,storm_sparse,3,1.0688870562018615,1.1239683186387055
spring_petclinic_microservices,spring_petclinic_microservices--split--NC--r0--create_visit,structure,storm_compact,3,1.0373869110628677,1.103988608239332
spring_petclinic_microservices,spring_petclinic_microservices--split--NC--r0--create_visit,restore,ours_direct,3,1.1277930676828063,1.2825470617029644
spring_petclinic_microservices,spring_petclinic_microservices--split--NC--r0--create_visit,restore,ours_prepared,3,1.0125421128930576,1.1168116251736298
spring_petclinic_microservices,spring_petclinic_microservices--split--NC--r0--create_visit,restore,cudd_fixed,3,0.9362730101507872,1.115068502148749
spring_petclinic_microservices,spring_petclinic_microservices--split--NC--r0--create_visit,restore,cudd_sift,3,0.9994376210055121,1.167492026099826
spring_petclinic_microservices,spring_petclinic_microservices--split--NC--r0--create_visit,restore,agrum_conditioned,3,1.1729047017380114,1.18228212867866
spring_petclinic_microservices,spring_petclinic_microservices--split--NC--r0--create_visit,restore,agrum_joint,3,1.1572371316676118,1.1754890665135858
spring_petclinic_microservices,spring_petclinic_microservices--split--NC--r0--create_visit,restore,storm_sparse,3,1.3500980424155844,1.4229346609825888
spring_petclinic_microservices,spring_petclinic_microservices--split--NC--r0--create_visit,restore,storm_compact,3,1.0728083442051208,1.1533858150420828
spring_petclinic_microservices,spring_petclinic_microservices--split--NC--r0--list_owners,initial,ours_direct,3,0.8058274977063954,1.4804951494516398
spring_petclinic_microservices,spring_petclinic_microservices--split--NC--r0--list_owners,initial,ours_prepared,3,0.8706719855818632,1.3058898242985784
spring_petclinic_microservices,spring_petclinic_microservices--split--NC--r0--list_owners,initial,cudd_fixed,3,0.9806681074752476,1.0015887923060085
spring_petclinic_microservices,spring_petclinic_microservices--split--NC--r0--list_owners,initial,cudd_sift,3,1.0304395422762105,1.0555883650980433
spring_petclinic_microservices,spring_petclinic_microservices--split--NC--r0--list_owners,initial,agrum_conditioned,3,1.1876555076641742,1.23425409028239
spring_petclinic_microservices,spring_petclinic_microservices--split--NC--r0--list_owners,initial,agrum_joint,3,1.2000919519547224,1.2452210749900485
spring_petclinic_microservices,spring_petclinic_microservices--split--NC--r0--list_owners,initial,storm_sparse,3,0.9352075459334026,1.0328587075575026
spring_petclinic_microservices,spring_petclinic_microservices--split--NC--r0--list_owners,initial,storm_compact,3,0.9210837404250253,1.0137993665830374
spring_petclinic_microservices,spring_petclinic_microservices--split--NC--r0--list_owners,repeat,ours_direct,3,0.6439735694363851,1.0155452282357764
spring_petclinic_microservices,spring_petclinic_microservices--split--NC--r0--list_owners,repeat,ours_prepared,3,0.668310679103599,1.0497393510258697
spring_petclinic_microservices,spring_petclinic_microservices--split--NC--r0--list_owners,repeat,cudd_fixed,3,0.7374602780237791,1.1533543884672202
spring_petclinic_microservices,spring_petclinic_microservices--split--NC--r0--list_owners,repeat,cudd_sift,3,0.6530335043766978,1.0284285320992672
spring_petclinic_microservices,spring_petclinic_microservices--split--NC--r0--list_owners,repeat,agrum_conditioned,3,0.9929284783822343,1.1093916964792678
spring_petclinic_microservices,spring_petclinic_microservices--split--NC--r0--list_owners,repeat,agrum_joint,3,0.8246882856252762,0.9967801338670371
spring_petclinic_microservices,spring_petclinic_microservices--split--NC--r0--list_owners,repeat,storm_sparse,3,0.6177465278809147,0.997123238771182
spring_petclinic_microservices,spring_petclinic_microservices--split--NC--r0--list_owners,repeat,storm_compact,3,0.6034148285360204,0.9846850031817861
spring_petclinic_microservices,spring_petclinic_microservices--split--NC--r0--list_owners,counts,ours_direct,3,0.6694545516518539,1.019804978897953
spring_petclinic_microservices,spring_petclinic_microservices--split--NC--r0--list_owners,counts,ours_prepared,3,0.656880860452289,1.0378047700572643
spring_petclinic_microservices,spring_petclinic_microservices--split--NC--r0--list_owners,counts,cudd_fixed,3,0.6386570747686073,1.0157812422597607
spring_petclinic_microservices,spring_petclinic_microservices--split--NC--r0--list_owners,counts,cudd_sift,3,0.63957474791758,1.0192670142173352
spring_petclinic_microservices,spring_petclinic_microservices--split--NC--r0--list_owners,counts,agrum_conditioned,3,0.9619805136189634,1.0706760564831463
spring_petclinic_microservices,spring_petclinic_microservices--split--NC--r0--list_owners,counts,agrum_joint,3,0.8371235499537603,1.0035713350987767
spring_petclinic_microservices,spring_petclinic_microservices--split--NC--r0--list_owners,counts,storm_sparse,3,0.5870599706040718,0.9862650382034803
spring_petclinic_microservices,spring_petclinic_microservices--split--NC--r0--list_owners,counts,storm_compact,3,0.5732759039303854,0.9548843007272998
spring_petclinic_microservices,spring_petclinic_microservices--split--NC--r0--list_owners,masks,ours_direct,3,0.7038284789114756,1.069811391362922
spring_petclinic_microservices,spring_petclinic_microservices--split--NC--r0--list_owners,masks,ours_prepared,3,0.5857070103961787,0.9648260535088469
spring_petclinic_microservices,spring_petclinic_microservices--split--NC--r0--list_owners,masks,cudd_fixed,3,0.4696033831392081,0.6621089953065551
spring_petclinic_microservices,spring_petclinic_microservices--split--NC--r0--list_owners,masks,cudd_sift,3,0.46257917817118727,0.6529638872103805
spring_petclinic_microservices,spring_petclinic_microservices--split--NC--r0--list_owners,masks,agrum_conditioned,3,1.1433394649795017,1.2479072675382332
spring_petclinic_microservices,spring_petclinic_microservices--split--NC--r0--list_owners,masks,agrum_joint,3,1.145376283861775,1.223169468877018
spring_petclinic_microservices,spring_petclinic_microservices--split--NC--r0--list_owners,masks,storm_sparse,3,0.9350671475503776,1.0202222396019387
spring_petclinic_microservices,spring_petclinic_microservices--split--NC--r0--list_owners,masks,storm_compact,3,0.9239733110480203,1.0079244336008482
spring_petclinic_microservices,spring_petclinic_microservices--split--NC--r0--list_owners,metadata,ours_direct,3,0.6599234809785263,1.0080667522133595
spring_petclinic_microservices,spring_petclinic_microservices--split--NC--r0--list_owners,metadata,ours_prepared,3,0.6109356243380016,1.0093268641952047
spring_petclinic_microservices,spring_petclinic_microservices--split--NC--r0--list_owners,metadata,cudd_fixed,3,0.6223971490436665,1.0500175956668758
spring_petclinic_microservices,spring_petclinic_microservices--split--NC--r0--list_owners,metadata,cudd_sift,3,0.5800594155450467,1.0106846357172108
spring_petclinic_microservices,spring_petclinic_microservices--split--NC--r0--list_owners,metadata,agrum_conditioned,3,0.9700087244007715,1.083356005461844
spring_petclinic_microservices,spring_petclinic_microservices--split--NC--r0--list_owners,metadata,agrum_joint,3,0.8508897276638221,1.036050309221041
spring_petclinic_microservices,spring_petclinic_microservices--split--NC--r0--list_owners,metadata,storm_sparse,3,0.7296458186025583,1.0356781550264818
spring_petclinic_microservices,spring_petclinic_microservices--split--NC--r0--list_owners,metadata,storm_compact,3,0.7113045360479875,1.0251486032246424
spring_petclinic_microservices,spring_petclinic_microservices--split--NC--r0--list_owners,structure,ours_direct,3,0.6972853938134146,1.0732361597579347
spring_petclinic_microservices,spring_petclinic_microservices--split--NC--r0--list_owners,structure,ours_prepared,3,0.8021011521933723,1.0927266085050493
spring_petclinic_microservices,spring_petclinic_microservices--split--NC--r0--list_owners,structure,cudd_fixed,3,0.964531884785685,1.523425543755507
spring_petclinic_microservices,spring_petclinic_microservices--split--NC--r0--list_owners,structure,cudd_sift,3,1.1142561301632188,1.542054505929849
spring_petclinic_microservices,spring_petclinic_microservices--split--NC--r0--list_owners,structure,agrum_conditioned,3,1.2402867226524428,1.3034732535314895
spring_petclinic_microservices,spring_petclinic_microservices--split--NC--r0--list_owners,structure,agrum_joint,3,1.2277268266508519,1.2818376789965429
spring_petclinic_microservices,spring_petclinic_microservices--split--NC--r0--list_owners,structure,storm_sparse,3,0.8832379613701155,1.0922838209902468
spring_petclinic_microservices,spring_petclinic_microservices--split--NC--r0--list_owners,structure,storm_compact,3,0.8607783716274542,1.030043683498201
spring_petclinic_microservices,spring_petclinic_microservices--split--NC--r0--list_owners,restore,ours_direct,3,0.6398275603334197,1.0035303300464744
spring_petclinic_microservices,spring_petclinic_microservices--split--NC--r0--list_owners,restore,ours_prepared,3,0.7249473088326068,0.9759529247201344
spring_petclinic_microservices,spring_petclinic_microservices--split--NC--r0--list_owners,restore,cudd_fixed,3,0.6694527625127513,1.036104382505768
spring_petclinic_microservices,spring_petclinic_microservices--split--NC--r0--list_owners,restore,cudd_sift,3,0.8108409312020145,1.1441266015191103
spring_petclinic_microservices,spring_petclinic_microservices--split--NC--r0--list_owners,restore,agrum_conditioned,3,1.2389070222788339,1.3037746638724046
spring_petclinic_microservices,spring_petclinic_microservices--split--NC--r0--list_owners,restore,agrum_joint,3,1.2447141941104922,1.3055122180049463
spring_petclinic_microservices,spring_petclinic_microservices--split--NC--r0--list_owners,restore,storm_sparse,3,0.828587502616705,1.0636492220650637
spring_petclinic_microservices,spring_petclinic_microservices--split--NC--r0--list_owners,restore,storm_compact,3,0.8671824161569267,1.2968919684200007
spring_petclinic_microservices,spring_petclinic_microservices--split--NC--r0--list_vets,initial,ours_direct,3,0.7735171001278911,1.374838107412578
spring_petclinic_microservices,spring_petclinic_microservices--split--NC--r0--list_vets,initial,ours_prepared,3,0.8424291500876946,1.2550392281651273
spring_petclinic_microservices,spring_petclinic_microservices--split--NC--r0--list_vets,initial,cudd_fixed,3,0.9986223918966238,1.018200338286861
spring_petclinic_microservices,spring_petclinic_microservices--split--NC--r0--list_vets,initial,cudd_sift,3,0.9890370364617346,1.0089276103233253
spring_petclinic_microservices,spring_petclinic_microservices--split--NC--r0--list_vets,initial,agrum_conditioned,3,1.089017303324049,1.1289883426460214
spring_petclinic_microservices,spring_petclinic_microservices--split--NC--r0--list_vets,initial,agrum_joint,3,1.0928318216750978,1.1306545945473316
spring_petclinic_microservices,spring_petclinic_microservices--split--NC--r0--list_vets,initial,storm_sparse,3,0.9244341818900286,1.0150797864172234
spring_petclinic_microservices,spring_petclinic_microservices--split--NC--r0--list_vets,initial,storm_compact,3,0.9415636510737454,1.0298421844326033
spring_petclinic_microservices,spring_petclinic_microservices--split--NC--r0--list_vets,repeat,ours_direct,3,0.6793604553261712,0.9725862724487285
spring_petclinic_microservices,spring_petclinic_microservices--split--NC--r0--list_vets,repeat,ours_prepared,3,0.6776013544431225,1.0301130211392702
spring_petclinic_microservices,spring_petclinic_microservices--split--NC--r0--list_vets,repeat,cudd_fixed,3,0.6701964309523912,1.0209992323866102
spring_petclinic_microservices,spring_petclinic_microservices--split--NC--r0--list_vets,repeat,cudd_sift,3,0.6556554891700677,1.0050674213417679
spring_petclinic_microservices,spring_petclinic_microservices--split--NC--r0--list_vets,repeat,agrum_conditioned,3,0.9694660034144423,1.0742717925770078
spring_petclinic_microservices,spring_petclinic_microservices--split--NC--r0--list_vets,repeat,agrum_joint,3,0.8529507232651565,1.0109510322657025
spring_petclinic_microservices,spring_petclinic_microservices--split--NC--r0--list_vets,repeat,storm_sparse,3,0.6151796076200786,0.9683706376792343
spring_petclinic_microservices,spring_petclinic_microservices--split--NC--r0--list_vets,repeat,storm_compact,3,0.6504060030622064,1.0357681882584857
spring_petclinic_microservices,spring_petclinic_microservices--split--NC--r0--list_vets,counts,ours_direct,3,0.6961056702696217,1.0335360556038227
spring_petclinic_microservices,spring_petclinic_microservices--split--NC--r0--list_vets,counts,ours_prepared,3,0.6013582389105093,0.8779256354822683
spring_petclinic_microservices,spring_petclinic_microservices--split--NC--r0--list_vets,counts,cudd_fixed,3,0.6666266047041647,1.0892240488769518
spring_petclinic_microservices,spring_petclinic_microservices--split--NC--r0--list_vets,counts,cudd_sift,3,0.6535969996590522,1.0123942274687718
spring_petclinic_microservices,spring_petclinic_microservices--split--NC--r0--list_vets,counts,agrum_conditioned,3,0.9484541033223002,1.0424260239075054
spring_petclinic_microservices,spring_petclinic_microservices--split--NC--r0--list_vets,counts,agrum_joint,3,0.8196226194648908,0.9571893712489217
spring_petclinic_microservices,spring_petclinic_microservices--split--NC--r0--list_vets,counts,storm_sparse,3,0.643523387358344,1.0223546234509056
spring_petclinic_microservices,spring_petclinic_microservices--split--NC--r0--list_vets,counts,storm_compact,3,0.5525759435708579,0.9500154062104146
spring_petclinic_microservices,spring_petclinic_microservices--split--NC--r0--list_vets,masks,ours_direct,3,0.6776967510912465,1.0107321462336427
spring_petclinic_microservices,spring_petclinic_microservices--split--NC--r0--list_vets,masks,ours_prepared,3,0.6311040763746031,1.0122825221399097
spring_petclinic_microservices,spring_petclinic_microservices--split--NC--r0--list_vets,masks,cudd_fixed,3,0.4592777155459707,0.6311066991779026
spring_petclinic_microservices,spring_petclinic_microservices--split--NC--r0--list_vets,masks,cudd_sift,3,0.4424832848080649,0.5968373507690347
spring_petclinic_microservices,spring_petclinic_microservices--split--NC--r0--list_vets,masks,agrum_conditioned,3,1.0858763224274923,1.1679225090440637
spring_petclinic_microservices,spring_petclinic_microservices--split--NC--r0--list_vets,masks,agrum_joint,3,1.0959404095209848,1.1634262122078862
spring_petclinic_microservices,spring_petclinic_microservices--split--NC--r0--list_vets,masks,storm_sparse,3,0.9305420166828499,1.0046312610118298
spring_petclinic_microservices,spring_petclinic_microservices--split--NC--r0--list_vets,masks,storm_compact,3,0.9372219778071076,1.0136000854583467
spring_petclinic_microservices,spring_petclinic_microservices--split--NC--r0--list_vets,metadata,ours_direct,3,0.6388729643077053,0.9794607866282639
spring_petclinic_microservices,spring_petclinic_microservices--split--NC--r0--list_vets,metadata,ours_prepared,3,0.617972340980711,1.0064687194726516
spring_petclinic_microservices,spring_petclinic_microservices--split--NC--r0--list_vets,metadata,cudd_fixed,3,0.5781538475634618,0.9302196418785823
spring_petclinic_microservices,spring_petclinic_microservices--split--NC--r0--list_vets,metadata,cudd_sift,3,0.589107119044444,0.9636161535511041
spring_petclinic_microservices,spring_petclinic_microservices--split--NC--r0--list_vets,metadata,agrum_conditioned,3,0.9752851365859622,1.0796139927623642
spring_petclinic_microservices,spring_petclinic_microservices--split--NC--r0--list_vets,metadata,agrum_joint,3,0.86750734806106,1.0311514311324652
spring_petclinic_microservices,spring_petclinic_microservices--split--NC--r0--list_vets,metadata,storm_sparse,3,0.7192477287726015,0.9844467995090668
spring_petclinic_microservices,spring_petclinic_microservices--split--NC--r0--list_vets,metadata,storm_compact,3,0.7014925373134329,0.9836015303980261
spring_petclinic_microservices,spring_petclinic_microservices--split--NC--r0--list_vets,structure,ours_direct,3,0.6980698447696438,1.050134210173131
spring_petclinic_microservices,spring_petclinic_microservices--split--NC--r0--list_vets,structure,ours_prepared,3,0.785022392834293,1.0374918979373102
spring_petclinic_microservices,spring_petclinic_microservices--split--NC--r0--list_vets,structure,cudd_fixed,3,1.0419028363968201,1.5372445923073792
spring_petclinic_microservices,spring_petclinic_microservices--split--NC--r0--list_vets,structure,cudd_sift,3,1.0769092559973563,1.4591414099621531
spring_petclinic_microservices,spring_petclinic_microservices--split--NC--r0--list_vets,structure,agrum_conditioned,3,1.1001599962123765,1.1480060295071963
spring_petclinic_microservices,spring_petclinic_microservices--split--NC--r0--list_vets,structure,agrum_joint,3,1.136087525832612,1.1811224336248562
spring_petclinic_microservices,spring_petclinic_microservices--split--NC--r0--list_vets,structure,storm_sparse,3,0.8812852780241951,1.0402175123417838
spring_petclinic_microservices,spring_petclinic_microservices--split--NC--r0--list_vets,structure,storm_compact,3,0.8906762243814388,1.0391662769955492
spring_petclinic_microservices,spring_petclinic_microservices--split--NC--r0--list_vets,restore,ours_direct,3,0.6601933280034886,1.0109261496696051
spring_petclinic_microservices,spring_petclinic_microservices--split--NC--r0--list_vets,restore,ours_prepared,3,0.7396238064316965,0.9959285337931695
spring_petclinic_microservices,spring_petclinic_microservices--split--NC--r0--list_vets,restore,cudd_fixed,3,0.7045736454567048,1.0560513771186442
spring_petclinic_microservices,spring_petclinic_microservices--split--NC--r0--list_vets,restore,cudd_sift,3,0.8481487375711825,1.1497812691095537
spring_petclinic_microservices,spring_petclinic_microservices--split--NC--r0--list_vets,restore,agrum_conditioned,3,1.1131947943744234,1.1664457549666538
spring_petclinic_microservices,spring_petclinic_microservices--split--NC--r0--list_vets,restore,agrum_joint,3,1.1190278373764027,1.167592735530576
spring_petclinic_microservices,spring_petclinic_microservices--split--NC--r0--list_vets,restore,storm_sparse,3,0.809888082987782,1.0291236749116608
spring_petclinic_microservices,spring_petclinic_microservices--split--NC--r0--list_vets,restore,storm_compact,3,0.8306111753106997,0.9912652203727627
spring_petclinic_microservices,spring_petclinic_microservices--split--NC--r0--owner_details_with_visits,initial,ours_direct,3,0.9931494097216766,1.1353185742641112
spring_petclinic_microservices,spring_petclinic_microservices--split--NC--r0--owner_details_with_visits,initial,ours_prepared,3,0.9840826300139376,1.0962357273913408
spring_petclinic_microservices,spring_petclinic_microservices--split--NC--r0--owner_details_with_visits,initial,cudd_fixed,3,0.995912277995054,1.0514688010595339
spring_petclinic_microservices,spring_petclinic_microservices--split--NC--r0--owner_details_with_visits,initial,cudd_sift,3,0.9100804798861174,0.9623110484332995
spring_petclinic_microservices,spring_petclinic_microservices--split--NC--r0--owner_details_with_visits,initial,agrum_conditioned,3,1.1694972589909842,1.183047214083122
spring_petclinic_microservices,spring_petclinic_microservices--split--NC--r0--owner_details_with_visits,initial,agrum_joint,3,1.1397806498927776,1.1657823959723674
spring_petclinic_microservices,spring_petclinic_microservices--split--NC--r0--owner_details_with_visits,initial,storm_sparse,3,1.1144338796700946,1.1639562972220732
spring_petclinic_microservices,spring_petclinic_microservices--split--NC--r0--owner_details_with_visits,initial,storm_compact,3,1.0645391508092346,1.1208431682384483
spring_petclinic_microservices,spring_petclinic_microservices--split--NC--r0--owner_details_with_visits,repeat,ours_direct,3,1.0070636686825674,1.148952236654
spring_petclinic_microservices,spring_petclinic_microservices--split--NC--r0--owner_details_with_visits,repeat,ours_prepared,3,0.8419329276738575,1.0201987546485154
spring_petclinic_microservices,spring_petclinic_microservices--split--NC--r0--owner_details_with_visits,repeat,cudd_fixed,3,0.9001408052149069,1.0688730325356768
spring_petclinic_microservices,spring_petclinic_microservices--split--NC--r0--owner_details_with_visits,repeat,cudd_sift,3,0.9008338576489601,1.0586090145685332
spring_petclinic_microservices,spring_petclinic_microservices--split--NC--r0--owner_details_with_visits,repeat,agrum_conditioned,3,1.1390942099945582,1.151190597010853
spring_petclinic_microservices,spring_petclinic_microservices--split--NC--r0--owner_details_with_visits,repeat,agrum_joint,3,0.9588812093487106,0.9943936829239606
spring_petclinic_microservices,spring_petclinic_microservices--split--NC--r0--owner_details_with_visits,repeat,storm_sparse,3,1.083581780211288,1.1860670052442635
spring_petclinic_microservices,spring_petclinic_microservices--split--NC--r0--owner_details_with_visits,repeat,storm_compact,3,0.8224820151646578,1.0192107315417354
spring_petclinic_microservices,spring_petclinic_microservices--split--NC--r0--owner_details_with_visits,counts,ours_direct,3,1.0071594904735888,1.1431514875174051
spring_petclinic_microservices,spring_petclinic_microservices--split--NC--r0--owner_details_with_visits,counts,ours_prepared,3,0.834778548613679,1.0088332541379583
spring_petclinic_microservices,spring_petclinic_microservices--split--NC--r0--owner_details_with_visits,counts,cudd_fixed,3,0.9127868141311113,1.068768080367105
spring_petclinic_microservices,spring_petclinic_microservices--split--NC--r0--owner_details_with_visits,counts,cudd_sift,3,0.904615587715969,1.0534170625356012
spring_petclinic_microservices,spring_petclinic_microservices--split--NC--r0--owner_details_with_visits,counts,agrum_conditioned,3,1.1539138763352133,1.1660494908529073
spring_petclinic_microservices,spring_petclinic_microservices--split--NC--r0--owner_details_with_visits,counts,agrum_joint,3,0.9690723865103883,1.0023180695887313
spring_petclinic_microservices,spring_petclinic_microservices--split--NC--r0--owner_details_with_visits,counts,storm_sparse,3,1.0914956484015848,1.184786444420349
spring_petclinic_microservices,spring_petclinic_microservices--split--NC--r0--owner_details_with_visits,counts,storm_compact,3,0.8571907881039702,1.0330882780376458
spring_petclinic_microservices,spring_petclinic_microservices--split--NC--r0--owner_details_with_visits,masks,ours_direct,3,1.0000194017205843,1.1213303942632329
spring_petclinic_microservices,spring_petclinic_microservices--split--NC--r0--owner_details_with_visits,masks,ours_prepared,3,0.8141532447100143,1.011081204902073
spring_petclinic_microservices,spring_petclinic_microservices--split--NC--r0--owner_details_with_visits,masks,cudd_fixed,3,0.9316044451158514,1.1010885483853707
spring_petclinic_microservices,spring_petclinic_microservices--split--NC--r0--owner_details_with_visits,masks,cudd_sift,3,0.938127507410274,1.1016457231614218
spring_petclinic_microservices,spring_petclinic_microservices--split--NC--r0--owner_details_with_visits,masks,agrum_conditioned,3,1.2018039917763204,1.212783947281601
spring_petclinic_microservices,spring_petclinic_microservices--split--NC--r0--owner_details_with_visits,masks,agrum_joint,3,1.1407131837786062,1.1633090056833175
spring_petclinic_microservices,spring_petclinic_microservices--split--NC--r0--owner_details_with_visits,masks,storm_sparse,3,1.1417767756109165,1.2013800418128837
spring_petclinic_microservices,spring_petclinic_microservices--split--NC--r0--owner_details_with_visits,masks,storm_compact,3,1.060304212225999,1.1362982417484453
spring_petclinic_microservices,spring_petclinic_microservices--split--NC--r0--owner_details_with_visits,metadata,ours_direct,3,1.0129647320992081,1.1410775094773593
spring_petclinic_microservices,spring_petclinic_microservices--split--NC--r0--owner_details_with_visits,metadata,ours_prepared,3,0.8313880937245677,1.0108852331093163
spring_petclinic_microservices,spring_petclinic_microservices--split--NC--r0--owner_details_with_visits,metadata,cudd_fixed,3,0.8985435053851999,1.0668803263995676
spring_petclinic_microservices,spring_petclinic_microservices--split--NC--r0--owner_details_with_visits,metadata,cudd_sift,3,0.9320579925902116,1.0946688157969025
spring_petclinic_microservices,spring_petclinic_microservices--split--NC--r0--owner_details_with_visits,metadata,agrum_conditioned,3,1.1578287578786643,1.1704148560406324
spring_petclinic_microservices,spring_petclinic_microservices--split--NC--r0--owner_details_with_visits,metadata,agrum_joint,3,0.9594240634967949,0.9940738943803983
spring_petclinic_microservices,spring_petclinic_microservices--split--NC--r0--owner_details_with_visits,metadata,storm_sparse,3,1.0735905732882822,1.1776469116549062
spring_petclinic_microservices,spring_petclinic_microservices--split--NC--r0--owner_details_with_visits,metadata,storm_compact,3,0.750340043190008,1.0329903449526314
spring_petclinic_microservices,spring_petclinic_microservices--split--NC--r0--owner_details_with_visits,structure,ours_direct,3,1.0174465934156218,1.1472385288804432
spring_petclinic_microservices,spring_petclinic_microservices--split--NC--r0--owner_details_with_visits,structure,ours_prepared,3,0.9954604315367509,1.1115153993121507
spring_petclinic_microservices,spring_petclinic_microservices--split--NC--r0--owner_details_with_visits,structure,cudd_fixed,3,0.8904535404224163,1.044937581184123
spring_petclinic_microservices,spring_petclinic_microservices--split--NC--r0--owner_details_with_visits,structure,cudd_sift,3,0.960312111976521,1.0975486358975417
spring_petclinic_microservices,spring_petclinic_microservices--split--NC--r0--owner_details_with_visits,structure,agrum_conditioned,3,1.20395770268455,1.2139063299457802
spring_petclinic_microservices,spring_petclinic_microservices--split--NC--r0--owner_details_with_visits,structure,agrum_joint,3,1.1592562387681349,1.1822080866684705
spring_petclinic_microservices,spring_petclinic_microservices--split--NC--r0--owner_details_with_visits,structure,storm_sparse,3,1.2582986571146015,1.330300115169609
spring_petclinic_microservices,spring_petclinic_microservices--split--NC--r0--owner_details_with_visits,structure,storm_compact,3,1.0327518177594153,1.3318639148135867
spring_petclinic_microservices,spring_petclinic_microservices--split--NC--r0--owner_details_with_visits,restore,ours_direct,3,1.0497491854711871,1.1893788013503863
spring_petclinic_microservices,spring_petclinic_microservices--split--NC--r0--owner_details_with_visits,restore,ours_prepared,3,0.9959886701071817,1.1063367051543465
spring_petclinic_microservices,spring_petclinic_microservices--split--NC--r0--owner_details_with_visits,restore,cudd_fixed,3,0.9058975401504371,1.0751825727977595
spring_petclinic_microservices,spring_petclinic_microservices--split--NC--r0--owner_details_with_visits,restore,cudd_sift,3,0.9636006799247391,1.1175875594900122
spring_petclinic_microservices,spring_petclinic_microservices--split--NC--r0--owner_details_with_visits,restore,agrum_conditioned,3,1.2051041793267994,1.2162730523046232
spring_petclinic_microservices,spring_petclinic_microservices--split--NC--r0--owner_details_with_visits,restore,agrum_joint,3,1.1613338708199674,1.1817578742181563
spring_petclinic_microservices,spring_petclinic_microservices--split--NC--r0--owner_details_with_visits,restore,storm_sparse,3,1.011070134154073,1.0589627730238675
spring_petclinic_microservices,spring_petclinic_microservices--split--NC--r0--owner_details_with_visits,restore,storm_compact,3,1.1019909714924907,1.1897851187206585
spring_petclinic_microservices,spring_petclinic_microservices--split--NCD--r0--create_visit,initial,ours_direct,3,1.0116547296660459,1.1373071320304808
spring_petclinic_microservices,spring_petclinic_microservices--split--NCD--r0--create_visit,initial,ours_prepared,3,0.9577360394624128,1.0544744696751627
spring_petclinic_microservices,spring_petclinic_microservices--split--NCD--r0--create_visit,initial,cudd_fixed,3,1.0083220684698757,1.0636675176005872
spring_petclinic_microservices,spring_petclinic_microservices--split--NCD--r0--create_visit,initial,cudd_sift,3,0.9774103658652371,1.0296918064989455
spring_petclinic_microservices,spring_petclinic_microservices--split--NCD--r0--create_visit,initial,agrum_conditioned,3,1.0805427274194475,1.091318912407876
spring_petclinic_microservices,spring_petclinic_microservices--split--NCD--r0--create_visit,initial,agrum_joint,3,1.0780716515664117,1.0999676552321078
spring_petclinic_microservices,spring_petclinic_microservices--split--NCD--r0--create_visit,initial,storm_sparse,3,0.9901761826166712,1.0314215903770674
spring_petclinic_microservices,spring_petclinic_microservices--split--NCD--r0--create_visit,initial,storm_compact,3,1.005039134390956,1.0528257946447392
spring_petclinic_microservices,spring_petclinic_microservices--split--NCD--r0--create_visit,repeat,ours_direct,3,1.017985000553169,1.1359247935026342
spring_petclinic_microservices,spring_petclinic_microservices--split--NCD--r0--create_visit,repeat,ours_prepared,3,0.8674098396466629,1.0227502355421958
spring_petclinic_microservices,spring_petclinic_microservices--split--NCD--r0--create_visit,repeat,cudd_fixed,3,0.9111445004503093,1.0519149533781011
spring_petclinic_microservices,spring_petclinic_microservices--split--NCD--r0--create_visit,repeat,cudd_sift,3,0.9139669654494994,1.0471731750257702
spring_petclinic_microservices,spring_petclinic_microservices--split--NCD--r0--create_visit,repeat,agrum_conditioned,3,1.0302400386594261,1.0392256423402284
spring_petclinic_microservices,spring_petclinic_microservices--split--NCD--r0--create_visit,repeat,agrum_joint,3,0.9699908091061957,0.9993312703825239
spring_petclinic_microservices,spring_petclinic_microservices--split--NCD--r0--create_visit,repeat,storm_sparse,3,0.990270557942366,1.0747652173131472
spring_petclinic_microservices,spring_petclinic_microservices--split--NCD--r0--create_visit,repeat,storm_compact,3,0.8257687746356976,1.0144664026465768
spring_petclinic_microservices,spring_petclinic_microservices--split--NCD--r0--create_visit,counts,ours_direct,3,1.0261830396792502,1.1448669304857573
spring_petclinic_microservices,spring_petclinic_microservices--split--NCD--r0--create_visit,counts,ours_prepared,3,0.8417095625334333,0.9904434883702398
spring_petclinic_microservices,spring_petclinic_microservices--split--NCD--r0--create_visit,counts,cudd_fixed,3,0.914362531368592,1.0554543637380431
spring_petclinic_microservices,spring_petclinic_microservices--split--NCD--r0--create_visit,counts,cudd_sift,3,0.9148264106396491,1.0430454705774665
spring_petclinic_microservices,spring_petclinic_microservices--split--NCD--r0--create_visit,counts,agrum_conditioned,3,1.038868458665592,1.048021576975158
spring_petclinic_microservices,spring_petclinic_microservices--split--NCD--r0--create_visit,counts,agrum_joint,3,0.974091948252345,1.0024494425356878
spring_petclinic_microservices,spring_petclinic_microservices--split--NCD--r0--create_visit,counts,storm_sparse,3,0.9790632255319988,1.0517009289571513
spring_petclinic_microservices,spring_petclinic_microservices--split--NCD--r0--create_visit,counts,storm_compact,3,0.8348892035728736,1.0008916290674783
spring_petclinic_microservices,spring_petclinic_microservices--split--NCD--r0--create_visit,masks,ours_direct,3,1.016701672634127,1.1426483689518434
spring_petclinic_microservices,spring_petclinic_microservices--split--NCD--r0--create_visit,masks,ours_prepared,3,0.8554026139500762,1.0093820091540693
spring_petclinic_microservices,spring_petclinic_microservices--split--NCD--r0--create_visit,masks,cudd_fixed,3,0.9315452941754655,1.0732285248751139
spring_petclinic_microservices,spring_petclinic_microservices--split--NCD--r0--create_visit,masks,cudd_sift,3,0.9247785446034124,1.0606349359428786
spring_petclinic_microservices,spring_petclinic_microservices--split--NCD--r0--create_visit,masks,agrum_conditioned,3,1.0685414525834491,1.0768144870994822
spring_petclinic_microservices,spring_petclinic_microservices--split--NCD--r0--create_visit,masks,agrum_joint,3,1.069975254566011,1.088822577506444
spring_petclinic_microservices,spring_petclinic_microservices--split--NCD--r0--create_visit,masks,storm_sparse,3,1.03009241572986,1.0840030290439748
spring_petclinic_microservices,spring_petclinic_microservices--split--NCD--r0--create_visit,masks,storm_compact,3,1.0192974655916225,1.0837024098662107
spring_petclinic_microservices,spring_petclinic_microservices--split--NCD--r0--create_visit,metadata,ours_direct,3,1.0239377136841334,1.1404630628167545
spring_petclinic_microservices,spring_petclinic_microservices--split--NCD--r0--create_visit,metadata,ours_prepared,3,0.8492529813696189,1.0070757640950097
spring_petclinic_microservices,spring_petclinic_microservices--split--NCD--r0--create_visit,metadata,cudd_fixed,3,0.9105113563553046,1.0538774553160672
spring_petclinic_microservices,spring_petclinic_microservices--split--NCD--r0--create_visit,metadata,cudd_sift,3,0.8985733244857332,1.0300392515567438
spring_petclinic_microservices,spring_petclinic_microservices--split--NCD--r0--create_visit,metadata,agrum_conditioned,3,1.029503568501205,1.0389735294391422
spring_petclinic_microservices,spring_petclinic_microservices--split--NCD--r0--create_visit,metadata,agrum_joint,3,0.9606966265410484,0.9881310958166928
spring_petclinic_microservices,spring_petclinic_microservices--split--NCD--r0--create_visit,metadata,storm_sparse,3,0.9904496405173517,1.077462798940859
spring_petclinic_microservices,spring_petclinic_microservices--split--NCD--r0--create_visit,metadata,storm_compact,3,0.477388798678037,0.5390120547603654
spring_petclinic_microservices,spring_petclinic_microservices--split--NCD--r0--create_visit,structure,ours_direct,3,1.0265558628445641,1.1409435804848205
spring_petclinic_microservices,spring_petclinic_microservices--split--NCD--r0--create_visit,structure,ours_prepared,3,0.9678737891727996,1.058896022051624
spring_petclinic_microservices,spring_petclinic_microservices--split--NCD--r0--create_visit,structure,cudd_fixed,3,0.8848809616730821,1.014761659313454
spring_petclinic_microservices,spring_petclinic_microservices--split--NCD--r0--create_visit,structure,cudd_sift,3,0.9692677904672339,1.0891738347307414
spring_petclinic_microservices,spring_petclinic_microservices--split--NCD--r0--create_visit,structure,agrum_conditioned,3,1.0656196184205302,1.075127690227985
spring_petclinic_microservices,spring_petclinic_microservices--split--NCD--r0--create_visit,structure,agrum_joint,3,1.0787703720741548,1.0940443698985756
spring_petclinic_microservices,spring_petclinic_microservices--split--NCD--r0--create_visit,structure,storm_sparse,3,1.0193034494531275,1.061932648060992
spring_petclinic_microservices,spring_petclinic_microservices--split--NCD--r0--create_visit,structure,storm_compact,3,1.22499429225246,1.307545794267688
spring_petclinic_microservices,spring_petclinic_microservices--split--NCD--r0--create_visit,restore,ours_direct,3,1.0329748435359272,1.1535190032883629
spring_petclinic_microservices,spring_petclinic_microservices--split--NCD--r0--create_visit,restore,ours_prepared,3,0.9607696374524304,1.0518097503415664
spring_petclinic_microservices,spring_petclinic_microservices--split--NCD--r0--create_visit,restore,cudd_fixed,3,0.9057137126833902,1.0389446535972882
spring_petclinic_microservices,spring_petclinic_microservices--split--NCD--r0--create_visit,restore,cudd_sift,3,0.9413656871759197,1.0554405210084747
spring_petclinic_microservices,spring_petclinic_microservices--split--NCD--r0--create_visit,restore,agrum_conditioned,3,1.0867824265223855,1.0943020958488987
spring_petclinic_microservices,spring_petclinic_microservices--split--NCD--r0--create_visit,restore,agrum_joint,3,1.0716988033471837,1.0883823527826526
spring_petclinic_microservices,spring_petclinic_microservices--split--NCD--r0--create_visit,restore,storm_sparse,3,1.0381805726597981,1.0898833192500355
spring_petclinic_microservices,spring_petclinic_microservices--split--NCD--r0--create_visit,restore,storm_compact,3,1.0085584197114832,1.0764886254481913
spring_petclinic_microservices,spring_petclinic_microservices--split--NCD--r0--list_owners,initial,ours_direct,3,0.8188172821168671,1.4776643664735765
spring_petclinic_microservices,spring_petclinic_microservices--split--NCD--r0--list_owners,initial,ours_prepared,3,0.8697447037642179,1.3193817981395453
spring_petclinic_microservices,spring_petclinic_microservices--split--NCD--r0--list_owners,initial,cudd_fixed,3,0.9894414594527052,1.0110377630206069
spring_petclinic_microservices,spring_petclinic_microservices--split--NCD--r0--list_owners,initial,cudd_sift,3,0.8802668799164767,0.898765725596497
spring_petclinic_microservices,spring_petclinic_microservices--split--NCD--r0--list_owners,initial,agrum_conditioned,3,1.1851828250859666,1.2312846275321303
spring_petclinic_microservices,spring_petclinic_microservices--split--NCD--r0--list_owners,initial,agrum_joint,3,1.1980149671461797,1.2424170749383854
spring_petclinic_microservices,spring_petclinic_microservices--split--NCD--r0--list_owners,initial,storm_sparse,3,0.9285674880820578,1.0305429751489434
spring_petclinic_microservices,spring_petclinic_microservices--split--NCD--r0--list_owners,initial,storm_compact,3,0.927944200443464,1.0250763238015015
spring_petclinic_microservices,spring_petclinic_microservices--split--NCD--r0--list_owners,repeat,ours_direct,3,0.6638399208964068,0.9698773923612473
spring_petclinic_microservices,spring_petclinic_microservices--split--NCD--r0--list_owners,repeat,ours_prepared,3,0.6454041623159488,1.0075776932076437
spring_petclinic_microservices,spring_petclinic_microservices--split--NCD--r0--list_owners,repeat,cudd_fixed,3,0.6477400675566993,1.0192699790963178
spring_petclinic_microservices,spring_petclinic_microservices--split--NCD--r0--list_owners,repeat,cudd_sift,3,0.6474078424431607,1.0102349949721707
spring_petclinic_microservices,spring_petclinic_microservices--split--NCD--r0--list_owners,repeat,agrum_conditioned,3,0.9814061539471732,1.0962187017060376
spring_petclinic_microservices,spring_petclinic_microservices--split--NCD--r0--list_owners,repeat,agrum_joint,3,0.8281468490033892,0.9885784522082828
spring_petclinic_microservices,spring_petclinic_microservices--split--NCD--r0--list_owners,repeat,storm_sparse,3,0.6204715135965004,0.9867237628960881
spring_petclinic_microservices,spring_petclinic_microservices--split--NCD--r0--list_owners,repeat,storm_compact,3,0.6843172373324459,1.1313719972749623
spring_petclinic_microservices,spring_petclinic_microservices--split--NCD--r0--list_owners,counts,ours_direct,3,0.6746795142466262,1.0366347121793311
spring_petclinic_microservices,spring_petclinic_microservices--split--NCD--r0--list_owners,counts,ours_prepared,3,0.6483634748281499,1.0232771867395027
spring_petclinic_microservices,spring_petclinic_microservices--split--NCD--r0--list_owners,counts,cudd_fixed,3,0.6349467855765085,1.0100188772099925
spring_petclinic_microservices,spring_petclinic_microservices--split--NCD--r0--list_owners,counts,cudd_sift,3,0.5952540008655062,1.0068490224835893
spring_petclinic_microservices,spring_petclinic_microservices--split--NCD--r0--list_owners,counts,agrum_conditioned,3,0.955644383184011,1.0626420946058517
spring_petclinic_microservices,spring_petclinic_microservices--split--NCD--r0--list_owners,counts,agrum_joint,3,0.848439643678383,1.014530330289792
spring_petclinic_microservices,spring_petclinic_microservices--split--NCD--r0--list_owners,counts,storm_sparse,3,0.596399860864188,0.9990759762063873
spring_petclinic_microservices,spring_petclinic_microservices--split--NCD--r0--list_owners,counts,storm_compact,3,0.5984689127211283,1.01017433212352
spring_petclinic_microservices,spring_petclinic_microservices--split--NCD--r0--list_owners,masks,ours_direct,3,0.6678270547806094,1.0078818158325438
spring_petclinic_microservices,spring_petclinic_microservices--split--NCD--r0--list_owners,masks,ours_prepared,3,0.6142325036116663,1.0028299888011138
spring_petclinic_microservices,spring_petclinic_microservices--split--NCD--r0--list_owners,masks,cudd_fixed,3,0.45372775510074626,0.6417063148788927
spring_petclinic_microservices,spring_petclinic_microservices--split--NCD--r0--list_owners,masks,cudd_sift,3,0.47383090130164307,0.6689316723291808
spring_petclinic_microservices,spring_petclinic_microservices--split--NCD--r0--list_owners,masks,agrum_conditioned,3,1.1311754419732256,1.2203885220407973
spring_petclinic_microservices,spring_petclinic_microservices--split--NCD--r0--list_owners,masks,agrum_joint,3,1.165493579591418,1.2439560356003665
spring_petclinic_microservices,spring_petclinic_microservices--split--NCD--r0--list_owners,masks,storm_sparse,3,0.9429575605731324,1.031156596299881
spring_petclinic_microservices,spring_petclinic_microservices--split--NCD--r0--list_owners,masks,storm_compact,3,0.9490535486357659,1.034354628147009
spring_petclinic_microservices,spring_petclinic_microservices--split--NCD--r0--list_owners,metadata,ours_direct,3,0.6087788129514732,0.9850592900325922
spring_petclinic_microservices,spring_petclinic_microservices--split--NCD--r0--list_owners,metadata,ours_prepared,3,0.6124221831487906,1.0202744084310997
spring_petclinic_microservices,spring_petclinic_microservices--split--NCD--r0--list_owners,metadata,cudd_fixed,3,0.6033831639212806,1.0034576179856007
spring_petclinic_microservices,spring_petclinic_microservices--split--NCD--r0--list_owners,metadata,cudd_sift,3,0.5731910815923603,1.0061455242649793
spring_petclinic_microservices,spring_petclinic_microservices--split--NCD--r0--list_owners,metadata,agrum_conditioned,3,0.9826072703641415,1.1021757527140212
spring_petclinic_microservices,spring_petclinic_microservices--split--NCD--r0--list_owners,metadata,agrum_joint,3,0.8334019718550431,1.0120973514674303
spring_petclinic_microservices,spring_petclinic_microservices--split--NCD--r0--list_owners,metadata,storm_sparse,3,0.7042936823076804,1.0192956634118322
spring_petclinic_microservices,spring_petclinic_microservices--split--NCD--r0--list_owners,metadata,storm_compact,3,0.6455305170447305,0.9459960212865721
spring_petclinic_microservices,spring_petclinic_microservices--split--NCD--r0--list_owners,structure,ours_direct,3,0.692261712240996,1.0640151515151515
spring_petclinic_microservices,spring_petclinic_microservices--split--NCD--r0--list_owners,structure,ours_prepared,3,0.7884732211712492,1.0764086841946623
spring_petclinic_microservices,spring_petclinic_microservices--split--NCD--r0--list_owners,structure,cudd_fixed,3,1.0010903738865087,1.5240707100991753
spring_petclinic_microservices,spring_petclinic_microservices--split--NCD--r0--list_owners,structure,cudd_sift,3,1.135711357113571,1.5598571537632857
spring_petclinic_microservices,spring_petclinic_microservices--split--NCD--r0--list_owners,structure,agrum_conditioned,3,1.2506667810926266,1.3146336955517262
spring_petclinic_microservices,spring_petclinic_microservices--split--NCD--r0--list_owners,structure,agrum_joint,3,1.2485989817985867,1.3053064564392796
spring_petclinic_microservices,spring_petclinic_microservices--split--NCD--r0--list_owners,structure,storm_sparse,3,0.8662436365582152,1.0368640862174991
spring_petclinic_microservices,spring_petclinic_microservices--split--NCD--r0--list_owners,structure,storm_compact,3,0.8993560858234344,1.0769881652386974
spring_petclinic_microservices,spring_petclinic_microservices--split--NCD--r0--list_owners,restore,ours_direct,3,0.6466602347934287,1.013946555945917
spring_petclinic_microservices,spring_petclinic_microservices--split--NCD--r0--list_owners,restore,ours_prepared,3,0.7387934290030211,0.9995901376881204
spring_petclinic_microservices,spring_petclinic_microservices--split--NCD--r0--list_owners,restore,cudd_fixed,3,0.6916909176010908,1.0698167011260962
spring_petclinic_microservices,spring_petclinic_microservices--split--NCD--r0--list_owners,restore,cudd_sift,3,0.7901652647513225,1.086863851419584
spring_petclinic_microservices,spring_petclinic_microservices--split--NCD--r0--list_owners,restore,agrum_conditioned,3,1.2240484402762166,1.3134376837962256
spring_petclinic_microservices,spring_petclinic_microservices--split--NCD--r0--list_owners,restore,agrum_joint,3,1.264384574433777,1.3245867438222798
spring_petclinic_microservices,spring_petclinic_microservices--split--NCD--r0--list_owners,restore,storm_sparse,3,0.8319696210173402,1.0844261227421064
spring_petclinic_microservices,spring_petclinic_microservices--split--NCD--r0--list_owners,restore,storm_compact,3,0.81848700314722,1.2458597706744732
spring_petclinic_microservices,spring_petclinic_microservices--split--NCD--r0--list_vets,initial,ours_direct,3,0.8054394186850525,1.4205133598909647
spring_petclinic_microservices,spring_petclinic_microservices--split--NCD--r0--list_vets,initial,ours_prepared,3,0.8715626100984628,1.3590471445619807
spring_petclinic_microservices,spring_petclinic_microservices--split--NCD--r0--list_vets,initial,cudd_fixed,3,0.8953413287495441,0.9131896316630493
spring_petclinic_microservices,spring_petclinic_microservices--split--NCD--r0--list_vets,initial,cudd_sift,3,0.9912746741863374,1.0101050648554124
spring_petclinic_microservices,spring_petclinic_microservices--split--NCD--r0--list_vets,initial,agrum_conditioned,3,1.0942541461384376,1.1335079957781884
spring_petclinic_microservices,spring_petclinic_microservices--split--NCD--r0--list_vets,initial,agrum_joint,3,1.1182148094257225,1.1578633017841857
spring_petclinic_microservices,spring_petclinic_microservices--split--NCD--r0--list_vets,initial,storm_sparse,3,0.9311601040393184,1.0225758834985177
spring_petclinic_microservices,spring_petclinic_microservices--split--NCD--r0--list_vets,initial,storm_compact,3,0.9299147276078965,1.020225304792244
spring_petclinic_microservices,spring_petclinic_microservices--split--NCD--r0--list_vets,repeat,ours_direct,3,0.7055941552700471,1.0339512320493462
spring_petclinic_microservices,spring_petclinic_microservices--split--NCD--r0--list_vets,repeat,ours_prepared,3,0.6966690058479532,1.049022136256179
spring_petclinic_microservices,spring_petclinic_microservices--split--NCD--r0--list_vets,repeat,cudd_fixed,3,0.6528064668628645,1.0031623237420608
spring_petclinic_microservices,spring_petclinic_microservices--split--NCD--r0--list_vets,repeat,cudd_sift,3,0.644912456185709,1.0072558795923394
spring_petclinic_microservices,spring_petclinic_microservices--split--NCD--r0--list_vets,repeat,agrum_conditioned,3,0.9688295532949721,1.0645799846883404
spring_petclinic_microservices,spring_petclinic_microservices--split--NCD--r0--list_vets,repeat,agrum_joint,3,0.8472363616879588,1.027228901931734
spring_petclinic_microservices,spring_petclinic_microservices--split--NCD--r0--list_vets,repeat,storm_sparse,3,0.6190965610589828,0.9628165650725822
spring_petclinic_microservices,spring_petclinic_microservices--split--NCD--r0--list_vets,repeat,storm_compact,3,0.6504118307749907,1.0442699747751616
spring_petclinic_microservices,spring_petclinic_microservices--split--NCD--r0--list_vets,counts,ours_direct,3,0.6982235462871014,1.0355614548119267
spring_petclinic_microservices,spring_petclinic_microservices--split--NCD--r0--list_vets,counts,ours_prepared,3,0.649681249695849,0.9866738780967834
spring_petclinic_microservices,spring_petclinic_microservices--split--NCD--r0--list_vets,counts,cudd_fixed,3,0.7011722425017876,1.0819715650994042
spring_petclinic_microservices,spring_petclinic_microservices--split--NCD--r0--list_vets,counts,cudd_sift,3,0.6321067419670031,0.9767489651528051
spring_petclinic_microservices,spring_petclinic_microservices--split--NCD--r0--list_vets,counts,agrum_conditioned,3,0.9701179248039457,1.065355555441103
spring_petclinic_microservices,spring_petclinic_microservices--split--NCD--r0--list_vets,counts,agrum_joint,3,0.8177145375708772,0.9598853599388336
spring_petclinic_microservices,spring_petclinic_microservices--split--NCD--r0--list_vets,counts,storm_sparse,3,0.615265102017718,0.9912347432126314
spring_petclinic_microservices,spring_petclinic_microservices--split--NCD--r0--list_vets,counts,storm_compact,3,0.6180339117999863,1.0096123753744355
spring_petclinic_microservices,spring_petclinic_microservices--split--NCD--r0--list_vets,masks,ours_direct,3,0.6847296219979176,1.0267963100163255
spring_petclinic_microservices,spring_petclinic_microservices--split--NCD--r0--list_vets,masks,ours_prepared,3,0.639756478270253,1.0304031564078
spring_petclinic_microservices,spring_petclinic_microservices--split--NCD--r0--list_vets,masks,cudd_fixed,3,0.4791835678518477,0.6596171067599294
spring_petclinic_microservices,spring_petclinic_microservices--split--NCD--r0--list_vets,masks,cudd_sift,3,0.45693958802146445,0.6209929493878593
spring_petclinic_microservices,spring_petclinic_microservices--split--NCD--r0--list_vets,masks,agrum_conditioned,3,1.0792884081715106,1.1609680192144518
spring_petclinic_microservices,spring_petclinic_microservices--split--NCD--r0--list_vets,masks,agrum_joint,3,1.0951280715734677,1.1655616948729415
spring_petclinic_microservices,spring_petclinic_microservices--split--NCD--r0--list_vets,masks,storm_sparse,3,0.9550559798324312,1.034200366780643
spring_petclinic_microservices,spring_petclinic_microservices--split--NCD--r0--list_vets,masks,storm_compact,3,0.9279163775389577,1.0119635111333105
spring_petclinic_microservices,spring_petclinic_microservices--split--NCD--r0--list_vets,metadata,ours_direct,3,0.6605529798682706,0.9909044803608846
spring_petclinic_microservices,spring_petclinic_microservices--split--NCD--r0--list_vets,metadata,ours_prepared,3,0.6162362544155507,1.0027193885050714
spring_petclinic_microservices,spring_petclinic_microservices--split--NCD--r0--list_vets,metadata,cudd_fixed,3,0.5933297746420034,0.9597591888466414
spring_petclinic_microservices,spring_petclinic_microservices--split--NCD--r0--list_vets,metadata,cudd_sift,3,0.5881226783503191,0.958432610444205
spring_petclinic_microservices,spring_petclinic_microservices--split--NCD--r0--list_vets,metadata,agrum_conditioned,3,0.9770504614872516,1.0869688213008177
spring_petclinic_microservices,spring_petclinic_microservices--split--NCD--r0--list_vets,metadata,agrum_joint,3,0.818930749557348,0.974076656645443
spring_petclinic_microservices,spring_petclinic_microservices--split--NCD--r0--list_vets,metadata,storm_sparse,3,0.6992075465705347,0.9369123328888433
spring_petclinic_microservices,spring_petclinic_microservices--split--NCD--r0--list_vets,metadata,storm_compact,3,0.6707761855073222,0.9337122424530632
spring_petclinic_microservices,spring_petclinic_microservices--split--NCD--r0--list_vets,structure,ours_direct,3,0.6933172317036354,1.031519498339509
spring_petclinic_microservices,spring_petclinic_microservices--split--NCD--r0--list_vets,structure,ours_prepared,3,0.7984626825264645,1.0683014914674827
spring_petclinic_microservices,spring_petclinic_microservices--split--NCD--r0--list_vets,structure,cudd_fixed,3,1.0404936231895352,1.5132465497498946
spring_petclinic_microservices,spring_petclinic_microservices--split--NCD--r0--list_vets,structure,cudd_sift,3,1.0679703562970095,1.4296995318682948
spring_petclinic_microservices,spring_petclinic_microservices--split--NCD--r0--list_vets,structure,agrum_conditioned,3,1.122338668367187,1.172814154649822
spring_petclinic_microservices,spring_petclinic_microservices--split--NCD--r0--list_vets,structure,agrum_joint,3,1.1197218209170419,1.1642906232840404
spring_petclinic_microservices,spring_petclinic_microservices--split--NCD--r0--list_vets,structure,storm_sparse,3,0.8990299972410398,1.07051646125594
spring_petclinic_microservices,spring_petclinic_microservices--split--NCD--r0--list_vets,structure,storm_compact,3,0.8509007459678165,0.9973842446870862
spring_petclinic_microservices,spring_petclinic_microservices--split--NCD--r0--list_vets,restore,ours_direct,3,0.649904769289671,0.9850921705226341
spring_petclinic_microservices,spring_petclinic_microservices--split--NCD--r0--list_vets,restore,ours_prepared,3,0.7600608958521059,1.0236943575051756
spring_petclinic_microservices,spring_petclinic_microservices--split--NCD--r0--list_vets,restore,cudd_fixed,3,0.7025410068374252,1.055742938626664
spring_petclinic_microservices,spring_petclinic_microservices--split--NCD--r0--list_vets,restore,cudd_sift,3,0.8507501431062714,1.1364376061669335
spring_petclinic_microservices,spring_petclinic_microservices--split--NCD--r0--list_vets,restore,agrum_conditioned,3,1.1038242344387472,1.1548843404790323
spring_petclinic_microservices,spring_petclinic_microservices--split--NCD--r0--list_vets,restore,agrum_joint,3,1.1280637080404936,1.1775364213691173
spring_petclinic_microservices,spring_petclinic_microservices--split--NCD--r0--list_vets,restore,storm_sparse,3,0.7821284039438041,1.0328635621651034
spring_petclinic_microservices,spring_petclinic_microservices--split--NCD--r0--list_vets,restore,storm_compact,3,0.8064604679085607,0.9720526701751359
spring_petclinic_microservices,spring_petclinic_microservices--split--NCD--r0--owner_details_with_visits,initial,ours_direct,3,1.0335601875167026,1.1806981806854038
spring_petclinic_microservices,spring_petclinic_microservices--split--NCD--r0--owner_details_with_visits,initial,ours_prepared,3,0.9743528669013451,1.0860142387051486
spring_petclinic_microservices,spring_petclinic_microservices--split--NCD--r0--owner_details_with_visits,initial,cudd_fixed,3,0.9697825600544384,1.0222238699816362
spring_petclinic_microservices,spring_petclinic_microservices--split--NCD--r0--owner_details_with_visits,initial,cudd_sift,3,0.960223893419331,1.0125956446968996
spring_petclinic_microservices,spring_petclinic_microservices--split--NCD--r0--owner_details_with_visits,initial,agrum_conditioned,3,1.19267023945651,1.2074106694903155
spring_petclinic_microservices,spring_petclinic_microservices--split--NCD--r0--owner_details_with_visits,initial,agrum_joint,3,1.14874699013952,1.1768172489339588
spring_petclinic_microservices,spring_petclinic_microservices--split--NCD--r0--owner_details_with_visits,initial,storm_sparse,3,1.1059823662378059,1.1514001405319998
spring_petclinic_microservices,spring_petclinic_microservices--split--NCD--r0--owner_details_with_visits,initial,storm_compact,3,1.054394874244588,1.1122420593862927
spring_petclinic_microservices,spring_petclinic_microservices--split--NCD--r0--owner_details_with_visits,repeat,ours_direct,3,1.0376232612423781,1.185708265656388
spring_petclinic_microservices,spring_petclinic_microservices--split--NCD--r0--owner_details_with_visits,repeat,ours_prepared,3,0.835778561735801,1.0220295645837687
spring_petclinic_microservices,spring_petclinic_microservices--split--NCD--r0--owner_details_with_visits,repeat,cudd_fixed,3,0.8992252266981638,1.0700635204997977
spring_petclinic_microservices,spring_petclinic_microservices--split--NCD--r0--owner_details_with_visits,repeat,cudd_sift,3,0.8921881680546978,1.0620924053087544
spring_petclinic_microservices,spring_petclinic_microservices--split--NCD--r0--owner_details_with_visits,repeat,agrum_conditioned,3,1.1420139031693255,1.1542735593953686
spring_petclinic_microservices,spring_petclinic_microservices--split--NCD--r0--owner_details_with_visits,repeat,agrum_joint,3,0.9632939379528148,0.998095785874897
spring_petclinic_microservices,spring_petclinic_microservices--split--NCD--r0--owner_details_with_visits,repeat,storm_sparse,3,1.0807980394641772,1.1850302126203838
spring_petclinic_microservices,spring_petclinic_microservices--split--NCD--r0--owner_details_with_visits,repeat,storm_compact,3,0.824506781201547,1.0218022371520203
spring_petclinic_microservices,spring_petclinic_microservices--split--NCD--r0--owner_details_with_visits,counts,ours_direct,3,1.0166732536457004,1.1590405506861574
spring_petclinic_microservices,spring_petclinic_microservices--split--NCD--r0--owner_details_with_visits,counts,ours_prepared,3,0.820978025741629,1.0186708255639547
spring_petclinic_microservices,spring_petclinic_microservices--split--NCD--r0--owner_details_with_visits,counts,cudd_fixed,3,0.9112048695462291,1.0843696346037102
spring_petclinic_microservices,spring_petclinic_microservices--split--NCD--r0--owner_details_with_visits,counts,cudd_sift,3,0.9057873786675388,1.066336828805175
spring_petclinic_microservices,spring_petclinic_microservices--split--NCD--r0--owner_details_with_visits,counts,agrum_conditioned,3,1.156988715547716,1.1695805233441428
spring_petclinic_microservices,spring_petclinic_microservices--split--NCD--r0--owner_details_with_visits,counts,agrum_joint,3,0.9613972879526869,0.9973893185284267
spring_petclinic_microservices,spring_petclinic_microservices--split--NCD--r0--owner_details_with_visits,counts,storm_sparse,3,1.068548928363685,1.159551787761207
spring_petclinic_microservices,spring_petclinic_microservices--split--NCD--r0--owner_details_with_visits,counts,storm_compact,3,0.8498459958932238,1.0141799746175686
spring_petclinic_microservices,spring_petclinic_microservices--split--NCD--r0--owner_details_with_visits,masks,ours_direct,3,1.0239813049806339,1.158115393962461
spring_petclinic_microservices,spring_petclinic_microservices--split--NCD--r0--owner_details_with_visits,masks,ours_prepared,3,0.7988657461511662,1.0023932532628979
spring_petclinic_microservices,spring_petclinic_microservices--split--NCD--r0--owner_details_with_visits,masks,cudd_fixed,3,0.9144266651262203,1.0907386094125173
spring_petclinic_microservices,spring_petclinic_microservices--split--NCD--r0--owner_details_with_visits,masks,cudd_sift,3,0.9194266104743531,1.1020370175537986
spring_petclinic_microservices,spring_petclinic_microservices--split--NCD--r0--owner_details_with_visits,masks,agrum_conditioned,3,1.193845117432983,1.2052689593611603
spring_petclinic_microservices,spring_petclinic_microservices--split--NCD--r0--owner_details_with_visits,masks,agrum_joint,3,1.1349668168295075,1.1585222542990286
spring_petclinic_microservices,spring_petclinic_microservices--split--NCD--r0--owner_details_with_visits,masks,storm_sparse,3,1.1282204269135816,1.1894685742942386
spring_petclinic_microservices,spring_petclinic_microservices--split--NCD--r0--owner_details_with_visits,masks,storm_compact,3,1.078619513942159,1.159843760013762
spring_petclinic_microservices,spring_petclinic_microservices--split--NCD--r0--owner_details_with_visits,metadata,ours_direct,3,1.0049462348832574,1.1499596656518298
spring_petclinic_microservices,spring_petclinic_microservices--split--NCD--r0--owner_details_with_visits,metadata,ours_prepared,3,0.8246113061086427,1.0199679133706392
spring_petclinic_microservices,spring_petclinic_microservices--split--NCD--r0--owner_details_with_visits,metadata,cudd_fixed,3,0.9054990347098983,1.0909689455652978
spring_petclinic_microservices,spring_petclinic_microservices--split--NCD--r0--owner_details_with_visits,metadata,cudd_sift,3,0.9281374335158254,1.1075787631698157
spring_petclinic_microservices,spring_petclinic_microservices--split--NCD--r0--owner_details_with_visits,metadata,agrum_conditioned,3,1.151262539516846,1.16446110440543
spring_petclinic_microservices,spring_petclinic_microservices--split--NCD--r0--owner_details_with_visits,metadata,agrum_joint,3,0.9616577165670486,0.9990132167989363
spring_petclinic_microservices,spring_petclinic_microservices--split--NCD--r0--owner_details_with_visits,metadata,storm_sparse,3,1.064715539250026,1.1683527936791973
spring_petclinic_microservices,spring_petclinic_microservices--split--NCD--r0--owner_details_with_visits,metadata,storm_compact,3,0.8231642637969256,1.0267387583096732
spring_petclinic_microservices,spring_petclinic_microservices--split--NCD--r0--owner_details_with_visits,structure,ours_direct,3,1.0308598967637355,1.165558404838357
spring_petclinic_microservices,spring_petclinic_microservices--split--NCD--r0--owner_details_with_visits,structure,ours_prepared,3,0.9942054846293783,1.1043874032073795
spring_petclinic_microservices,spring_petclinic_microservices--split--NCD--r0--owner_details_with_visits,structure,cudd_fixed,3,0.8874922681888817,1.049121488979054
spring_petclinic_microservices,spring_petclinic_microservices--split--NCD--r0--owner_details_with_visits,structure,cudd_sift,3,0.9816813119300902,1.1374760351521376
spring_petclinic_microservices,spring_petclinic_microservices--split--NCD--r0--owner_details_with_visits,structure,agrum_conditioned,3,1.19720030752506,1.2077064876732573
spring_petclinic_microservices,spring_petclinic_microservices--split--NCD--r0--owner_details_with_visits,structure,agrum_joint,3,1.164532889128381,1.1849272121691103
spring_petclinic_microservices,spring_petclinic_microservices--split--NCD--r0--owner_details_with_visits,structure,storm_sparse,3,1.2749875919410967,1.349105972891986
spring_petclinic_microservices,spring_petclinic_microservices--split--NCD--r0--owner_details_with_visits,structure,storm_compact,3,1.067025003108791,1.1312264547589148
spring_petclinic_microservices,spring_petclinic_microservices--split--NCD--r0--owner_details_with_visits,restore,ours_direct,3,1.0463568817091469,1.1917618433886965
spring_petclinic_microservices,spring_petclinic_microservices--split--NCD--r0--owner_details_with_visits,restore,ours_prepared,3,0.9893409351168287,1.1002264925850513
spring_petclinic_microservices,spring_petclinic_microservices--split--NCD--r0--owner_details_with_visits,restore,cudd_fixed,3,0.8795411664279198,1.0713353181442316
spring_petclinic_microservices,spring_petclinic_microservices--split--NCD--r0--owner_details_with_visits,restore,cudd_sift,3,0.9384281747923868,1.115424601094268
spring_petclinic_microservices,spring_petclinic_microservices--split--NCD--r0--owner_details_with_visits,restore,agrum_conditioned,3,1.1993321203329292,1.2103130306345804
spring_petclinic_microservices,spring_petclinic_microservices--split--NCD--r0--owner_details_with_visits,restore,agrum_joint,3,1.1571846183929897,1.1768171107130314
spring_petclinic_microservices,spring_petclinic_microservices--split--NCD--r0--owner_details_with_visits,restore,storm_sparse,3,1.155346931466057,1.2169194120696183
spring_petclinic_microservices,spring_petclinic_microservices--split--NCD--r0--owner_details_with_visits,restore,storm_compact,3,1.0624180291751337,1.1427548583877996
spring_petclinic_microservices,spring_petclinic_microservices--split--ND--r0--create_visit,initial,ours_direct,3,0.9599611938196444,1.1119852976103264
spring_petclinic_microservices,spring_petclinic_microservices--split--ND--r0--create_visit,initial,ours_prepared,3,0.9495318136794146,1.054897305057817
spring_petclinic_microservices,spring_petclinic_microservices--split--ND--r0--create_visit,initial,cudd_fixed,3,0.9915620572843388,1.030433383974829
spring_petclinic_microservices,spring_petclinic_microservices--split--ND--r0--create_visit,initial,cudd_sift,3,0.9663279855587484,0.9996119731858222
spring_petclinic_microservices,spring_petclinic_microservices--split--ND--r0--create_visit,initial,agrum_conditioned,3,1.0860858199623935,1.098207548337299
spring_petclinic_microservices,spring_petclinic_microservices--split--ND--r0--create_visit,initial,agrum_joint,3,1.0556633030316211,1.077919361096238
spring_petclinic_microservices,spring_petclinic_microservices--split--ND--r0--create_visit,initial,storm_sparse,3,1.019108350925962,1.0574146238037097
spring_petclinic_microservices,spring_petclinic_microservices--split--ND--r0--create_visit,initial,storm_compact,3,0.9981409557776383,1.045390498913664
spring_petclinic_microservices,spring_petclinic_microservices--split--ND--r0--create_visit,repeat,ours_direct,3,0.9834411201708344,1.1109424960665888
spring_petclinic_microservices,spring_petclinic_microservices--split--ND--r0--create_visit,repeat,ours_prepared,3,0.8298967893788252,0.9889873722452017
spring_petclinic_microservices,spring_petclinic_microservices--split--ND--r0--create_visit,repeat,cudd_fixed,3,0.8835382217482509,1.038263977589808
spring_petclinic_microservices,spring_petclinic_microservices--split--ND--r0--create_visit,repeat,cudd_sift,3,0.880428867524481,1.0291431041755272
spring_petclinic_microservices,spring_petclinic_microservices--split--ND--r0--create_visit,repeat,agrum_conditioned,3,1.0368786572898387,1.0471023144755995
spring_petclinic_microservices,spring_petclinic_microservices--split--ND--r0--create_visit,repeat,agrum_joint,3,0.967022993494427,0.9979259228733154
spring_petclinic_microservices,spring_petclinic_microservices--split--ND--r0--create_visit,repeat,storm_sparse,3,0.9972721181763073,1.0828972831805201
spring_petclinic_microservices,spring_petclinic_microservices--split--ND--r0--create_visit,repeat,storm_compact,3,0.8057601214565902,0.9635109902604162
spring_petclinic_microservices,spring_petclinic_microservices--split--ND--r0--create_visit,counts,ours_direct,3,0.9701585271259769,1.0936294096743744
spring_petclinic_microservices,spring_petclinic_microservices--split--ND--r0--create_visit,counts,ours_prepared,3,0.8338823641526706,1.0016973937301044
spring_petclinic_microservices,spring_petclinic_microservices--split--ND--r0--create_visit,counts,cudd_fixed,3,0.9145069101172315,1.0678360692608024
spring_petclinic_microservices,spring_petclinic_microservices--split--ND--r0--create_visit,counts,cudd_sift,3,0.8846173579215286,1.0190455238034672
spring_petclinic_microservices,spring_petclinic_microservices--split--ND--r0--create_visit,counts,agrum_conditioned,3,1.0355737808822207,1.0457935086154013
spring_petclinic_microservices,spring_petclinic_microservices--split--ND--r0--create_visit,counts,agrum_joint,3,0.9716733460391154,1.0029894552702778
spring_petclinic_microservices,spring_petclinic_microservices--split--ND--r0--create_visit,counts,storm_sparse,3,1.0023613536480074,1.081287336753721
spring_petclinic_microservices,spring_petclinic_microservices--split--ND--r0--create_visit,counts,storm_compact,3,0.9189418130097721,1.0806041666457125
spring_petclinic_microservices,spring_petclinic_microservices--split--ND--r0--create_visit,masks,ours_direct,3,0.9817143356873768,1.1006375366082777
spring_petclinic_microservices,spring_petclinic_microservices--split--ND--r0--create_visit,masks,ours_prepared,3,0.8279599728648467,0.990228320543962
spring_petclinic_microservices,spring_petclinic_microservices--split--ND--r0--create_visit,masks,cudd_fixed,3,0.9114241572058466,1.0675331353520519
spring_petclinic_microservices,spring_petclinic_microservices--split--ND--r0--create_visit,masks,cudd_sift,3,0.9360035712327318,1.0881027783392854
spring_petclinic_microservices,spring_petclinic_microservices--split--ND--r0--create_visit,masks,agrum_conditioned,3,1.0606748836444417,1.0700250702685892
spring_petclinic_microservices,spring_petclinic_microservices--split--ND--r0--create_visit,masks,agrum_joint,3,1.051884121300328,1.0710410084322615
spring_petclinic_microservices,spring_petclinic_microservices--split--ND--r0--create_visit,masks,storm_sparse,3,1.0411929116072394,1.090856118143237
spring_petclinic_microservices,spring_petclinic_microservices--split--ND--r0--create_visit,masks,storm_compact,3,0.9948772766017252,1.0593516047952243
spring_petclinic_microservices,spring_petclinic_microservices--split--ND--r0--create_visit,metadata,ours_direct,3,0.9530510690791436,1.0788064711198082
spring_petclinic_microservices,spring_petclinic_microservices--split--ND--r0--create_visit,metadata,ours_prepared,3,0.807153404758673,0.9888065369288229
spring_petclinic_microservices,spring_petclinic_microservices--split--ND--r0--create_visit,metadata,cudd_fixed,3,0.9035307718167065,1.0631392546507388
spring_petclinic_microservices,spring_petclinic_microservices--split--ND--r0--create_visit,metadata,cudd_sift,3,0.9075921754575619,1.0565328500357158
spring_petclinic_microservices,spring_petclinic_microservices--split--ND--r0--create_visit,metadata,agrum_conditioned,3,1.0320021762176483,1.0430125750722825
spring_petclinic_microservices,spring_petclinic_microservices--split--ND--r0--create_visit,metadata,agrum_joint,3,0.9604125332048531,0.9929871129432724
spring_petclinic_microservices,spring_petclinic_microservices--split--ND--r0--create_visit,metadata,storm_sparse,3,0.9942502949111554,1.0858136760582722
spring_petclinic_microservices,spring_petclinic_microservices--split--ND--r0--create_visit,metadata,storm_compact,3,0.811682435211847,0.9918809744205442
spring_petclinic_microservices,spring_petclinic_microservices--split--ND--r0--create_visit,structure,ours_direct,3,0.9794589809358416,1.0986633980888605
spring_petclinic_microservices,spring_petclinic_microservices--split--ND--r0--create_visit,structure,ours_prepared,3,0.9696574714082958,1.0621386588507413
spring_petclinic_microservices,spring_petclinic_microservices--split--ND--r0--create_visit,structure,cudd_fixed,3,0.9014212164605657,1.0508947521615695
spring_petclinic_microservices,spring_petclinic_microservices--split--ND--r0--create_visit,structure,cudd_sift,3,0.9734361739336594,1.1069419220603698
spring_petclinic_microservices,spring_petclinic_microservices--split--ND--r0--create_visit,structure,agrum_conditioned,3,1.0637854288851791,1.071981186312993
spring_petclinic_microservices,spring_petclinic_microservices--split--ND--r0--create_visit,structure,agrum_joint,3,1.0531505102782994,1.0687099819574317
spring_petclinic_microservices,spring_petclinic_microservices--split--ND--r0--create_visit,structure,storm_sparse,3,1.055916086192404,1.1120128292087152
spring_petclinic_microservices,spring_petclinic_microservices--split--ND--r0--create_visit,structure,storm_compact,3,1.0170472501191674,1.0754314380856118
spring_petclinic_microservices,spring_petclinic_microservices--split--ND--r0--create_visit,restore,ours_direct,3,0.9578123176282924,1.0876697034124787
spring_petclinic_microservices,spring_petclinic_microservices--split--ND--r0--create_visit,restore,ours_prepared,3,0.9547645435859715,1.0498911971823255
spring_petclinic_microservices,spring_petclinic_microservices--split--ND--r0--create_visit,restore,cudd_fixed,3,0.8933137215257081,1.0389746169184615
spring_petclinic_microservices,spring_petclinic_microservices--split--ND--r0--create_visit,restore,cudd_sift,3,0.9457182053573563,1.071653956920444
spring_petclinic_microservices,spring_petclinic_microservices--split--ND--r0--create_visit,restore,agrum_conditioned,3,1.0682287362671952,1.076480706374342
spring_petclinic_microservices,spring_petclinic_microservices--split--ND--r0--create_visit,restore,agrum_joint,3,1.0553244081028978,1.0707789121018352
spring_petclinic_microservices,spring_petclinic_microservices--split--ND--r0--create_visit,restore,storm_sparse,3,1.0310111292248052,1.08309603823511
spring_petclinic_microservices,spring_petclinic_microservices--split--ND--r0--create_visit,restore,storm_compact,3,1.0195066594783777,1.0922299072480481
spring_petclinic_microservices,spring_petclinic_microservices--split--ND--r0--list_owners,initial,ours_direct,3,0.8126297325629022,1.4803899198864212
spring_petclinic_microservices,spring_petclinic_microservices--split--ND--r0--list_owners,initial,ours_prepared,3,0.8603628769556176,1.287570680432124
spring_petclinic_microservices,spring_petclinic_microservices--split--ND--r0--list_owners,initial,cudd_fixed,3,1.0866278983536557,1.112711739043163
spring_petclinic_microservices,spring_petclinic_microservices--split--ND--r0--list_owners,initial,cudd_sift,3,0.9839773406109318,1.0066439859488936
spring_petclinic_microservices,spring_petclinic_microservices--split--ND--r0--list_owners,initial,agrum_conditioned,3,1.2138126758554517,1.2612598269993254
spring_petclinic_microservices,spring_petclinic_microservices--split--ND--r0--list_owners,initial,agrum_joint,3,1.2242450275253391,1.2710029268636152
spring_petclinic_microservices,spring_petclinic_microservices--split--ND--r0--list_owners,initial,storm_sparse,3,0.9217444060761022,1.0181474178462908
spring_petclinic_microservices,spring_petclinic_microservices--split--ND--r0--list_owners,initial,storm_compact,3,0.9136695913292356,1.018368745572597
spring_petclinic_microservices,spring_petclinic_microservices--split--ND--r0--list_owners,repeat,ours_direct,3,0.6863034641606042,1.033612774941084
spring_petclinic_microservices,spring_petclinic_microservices--split--ND--r0--list_owners,repeat,ours_prepared,3,0.653444001751872,1.0261044995109228
spring_petclinic_microservices,spring_petclinic_microservices--split--ND--r0--list_owners,repeat,cudd_fixed,3,0.6432499419099992,1.001465770500429
spring_petclinic_microservices,spring_petclinic_microservices--split--ND--r0--list_owners,repeat,cudd_sift,3,0.6502340055477033,1.0157639293341099
spring_petclinic_microservices,spring_petclinic_microservices--split--ND--r0--list_owners,repeat,agrum_conditioned,3,0.9958321205332621,1.110572905637505
spring_petclinic_microservices,spring_petclinic_microservices--split--ND--r0--list_owners,repeat,agrum_joint,3,0.8324911544356745,1.0016931563711835
spring_petclinic_microservices,spring_petclinic_microservices--split--ND--r0--list_owners,repeat,storm_sparse,3,0.6288169442303516,1.0252832916955983
spring_petclinic_microservices,spring_petclinic_microservices--split--ND--r0--list_owners,repeat,storm_compact,3,0.5886953369127981,0.9527680297930244
spring_petclinic_microservices,spring_petclinic_microservices--split--ND--r0--list_owners,counts,ours_direct,3,0.6669736747601324,1.0151393643031785
spring_petclinic_microservices,spring_petclinic_microservices--split--ND--r0--list_owners,counts,ours_prepared,3,0.6282852939970944,0.988137085798709
spring_petclinic_microservices,spring_petclinic_microservices--split--ND--r0--list_owners,counts,cudd_fixed,3,0.6526205459317156,1.0513570604162281
spring_petclinic_microservices,spring_petclinic_microservices--split--ND--r0--list_owners,counts,cudd_sift,3,0.6389327270295573,1.0167916907097518
spring_petclinic_microservices,spring_petclinic_microservices--split--ND--r0--list_owners,counts,agrum_conditioned,3,1.0048106706463082,1.1174108179115008
spring_petclinic_microservices,spring_petclinic_microservices--split--ND--r0--list_owners,counts,agrum_joint,3,0.8326757109091824,0.9971997873610385
spring_petclinic_microservices,spring_petclinic_microservices--split--ND--r0--list_owners,counts,storm_sparse,3,0.5726186704437445,0.9485844401097321
spring_petclinic_microservices,spring_petclinic_microservices--split--ND--r0--list_owners,counts,storm_compact,3,0.5738329817595235,0.9773734163550474
spring_petclinic_microservices,spring_petclinic_microservices--split--ND--r0--list_owners,masks,ours_direct,3,0.6526700638082418,0.9960501149453932
spring_petclinic_microservices,spring_petclinic_microservices--split--ND--r0--list_owners,masks,ours_prepared,3,0.60434667110909,0.9881351922764168
spring_petclinic_microservices,spring_petclinic_microservices--split--ND--r0--list_owners,masks,cudd_fixed,3,0.4706259814717481,0.6734936017760228
spring_petclinic_microservices,spring_petclinic_microservices--split--ND--r0--list_owners,masks,cudd_sift,3,0.4638347502554315,0.6539204343588015
spring_petclinic_microservices,spring_petclinic_microservices--split--ND--r0--list_owners,masks,agrum_conditioned,3,1.172830888776113,1.2652993780207662
spring_petclinic_microservices,spring_petclinic_microservices--split--ND--r0--list_owners,masks,agrum_joint,3,1.1838416082023162,1.265661867804175
spring_petclinic_microservices,spring_petclinic_microservices--split--ND--r0--list_owners,masks,storm_sparse,3,0.944284092401993,1.029945835125632
spring_petclinic_microservices,spring_petclinic_microservices--split--ND--r0--list_owners,masks,storm_compact,3,0.9336010544171084,1.0169649808607244
spring_petclinic_microservices,spring_petclinic_microservices--split--ND--r0--list_owners,metadata,ours_direct,3,0.6407408018070749,0.9808457270262738
spring_petclinic_microservices,spring_petclinic_microservices--split--ND--r0--list_owners,metadata,ours_prepared,3,0.6132293592434541,1.0310525450402837
spring_petclinic_microservices,spring_petclinic_microservices--split--ND--r0--list_owners,metadata,cudd_fixed,3,0.6213733960571837,1.0406481524267208
spring_petclinic_microservices,spring_petclinic_microservices--split--ND--r0--list_owners,metadata,cudd_sift,3,0.6015037255880673,1.0033902902088419
spring_petclinic_microservices,spring_petclinic_microservices--split--ND--r0--list_owners,metadata,agrum_conditioned,3,1.0279669621703789,1.152315930316858
spring_petclinic_microservices,spring_petclinic_microservices--split--ND--r0--list_owners,metadata,agrum_joint,3,0.8278672143457246,1.0108843763501612
spring_petclinic_microservices,spring_petclinic_microservices--split--ND--r0--list_owners,metadata,storm_sparse,3,0.7526153226770336,1.0748106957466863
spring_petclinic_microservices,spring_petclinic_microservices--split--ND--r0--list_owners,metadata,storm_compact,3,0.667963898319119,0.9592931756476922
spring_petclinic_microservices,spring_petclinic_microservices--split--ND--r0--list_owners,structure,ours_direct,3,0.6885073915116834,1.0575191455314392
spring_petclinic_microservices,spring_petclinic_microservices--split--ND--r0--list_owners,structure,ours_prepared,3,0.7537281751587467,1.015234719551901
spring_petclinic_microservices,spring_petclinic_microservices--split--ND--r0--list_owners,structure,cudd_fixed,3,0.9533775245527302,1.4900518219762697
spring_petclinic_microservices,spring_petclinic_microservices--split--ND--r0--list_owners,structure,cudd_sift,3,1.086365346876448,1.5095231499116943
spring_petclinic_microservices,spring_petclinic_microservices--split--ND--r0--list_owners,structure,agrum_conditioned,3,1.2154534152637664,1.2743496963181857
spring_petclinic_microservices,spring_petclinic_microservices--split--ND--r0--list_owners,structure,agrum_joint,3,1.2653943404450652,1.3231644059804166
spring_petclinic_microservices,spring_petclinic_microservices--split--ND--r0--list_owners,structure,storm_sparse,3,0.8685905318167845,1.051097185253495
spring_petclinic_microservices,spring_petclinic_microservices--split--ND--r0--list_owners,structure,storm_compact,3,0.8438341983862765,1.0034036686609087
spring_petclinic_microservices,spring_petclinic_microservices--split--ND--r0--list_owners,restore,ours_direct,3,0.6415021696395409,1.0130984771862848
spring_petclinic_microservices,spring_petclinic_microservices--split--ND--r0--list_owners,restore,ours_prepared,3,0.7551557009978128,1.0457452498895323
spring_petclinic_microservices,spring_petclinic_microservices--split--ND--r0--list_owners,restore,cudd_fixed,3,0.7144598103110263,1.0998325632923345
spring_petclinic_microservices,spring_petclinic_microservices--split--ND--r0--list_owners,restore,cudd_sift,3,0.8142409593693225,1.1234070527199478
spring_petclinic_microservices,spring_petclinic_microservices--split--ND--r0--list_owners,restore,agrum_conditioned,3,1.2680709929446776,1.3362382340810322
spring_petclinic_microservices,spring_petclinic_microservices--split--ND--r0--list_owners,restore,agrum_joint,3,1.2488119608482493,1.3113625423720225
spring_petclinic_microservices,spring_petclinic_microservices--split--ND--r0--list_owners,restore,storm_sparse,3,0.7529569530621004,0.9662313140288522
spring_petclinic_microservices,spring_petclinic_microservices--split--ND--r0--list_owners,restore,storm_compact,3,0.8997848631583154,1.3495529160549846
spring_petclinic_microservices,spring_petclinic_microservices--split--ND--r0--list_vets,initial,ours_direct,3,0.8140090861883414,1.4378927478699521
spring_petclinic_microservices,spring_petclinic_microservices--split--ND--r0--list_vets,initial,ours_prepared,3,0.853956490790128,1.2988932082694342
spring_petclinic_microservices,spring_petclinic_microservices--split--ND--r0--list_vets,initial,cudd_fixed,3,0.9571850621816673,0.9780919024586158
spring_petclinic_microservices,spring_petclinic_microservices--split--ND--r0--list_vets,initial,cudd_sift,3,1.0520039253480926,1.073944455068953
spring_petclinic_microservices,spring_petclinic_microservices--split--ND--r0--list_vets,initial,agrum_conditioned,3,1.0864481362767298,1.1270507528134153
spring_petclinic_microservices,spring_petclinic_microservices--split--ND--r0--list_vets,initial,agrum_joint,3,1.1083421681354164,1.146231089212811
spring_petclinic_microservices,spring_petclinic_microservices--split--ND--r0--list_vets,initial,storm_sparse,3,0.8961019459949582,0.9990528060620412
spring_petclinic_microservices,spring_petclinic_microservices--split--ND--r0--list_vets,initial,storm_compact,3,0.9135094688858368,1.0000356004336781
spring_petclinic_microservices,spring_petclinic_microservices--split--ND--r0--list_vets,repeat,ours_direct,3,0.644343880774636,1.021018598465989
spring_petclinic_microservices,spring_petclinic_microservices--split--ND--r0--list_vets,repeat,ours_prepared,3,0.6810563667996382,1.0430772747730048
spring_petclinic_microservices,spring_petclinic_microservices--split--ND--r0--list_vets,repeat,cudd_fixed,3,0.6789847249140424,1.0386361486806015
spring_petclinic_microservices,spring_petclinic_microservices--split--ND--r0--list_vets,repeat,cudd_sift,3,0.649451303750945,0.9935984283972361
spring_petclinic_microservices,spring_petclinic_microservices--split--ND--r0--list_vets,repeat,agrum_conditioned,3,0.9597311597311597,1.066964006479523
spring_petclinic_microservices,spring_petclinic_microservices--split--ND--r0--list_vets,repeat,agrum_joint,3,0.8262714487509215,0.975720485288926
spring_petclinic_microservices,spring_petclinic_microservices--split--ND--r0--list_vets,repeat,storm_sparse,3,0.6229376480529736,0.9837741009974877
spring_petclinic_microservices,spring_petclinic_microservices--split--ND--r0--list_vets,repeat,storm_compact,3,0.6259362861423022,1.0115187682149196
spring_petclinic_microservices,spring_petclinic_microservices--split--ND--r0--list_vets,counts,ours_direct,3,0.6914513662293341,1.0271277032014654
spring_petclinic_microservices,spring_petclinic_microservices--split--ND--r0--list_vets,counts,ours_prepared,3,0.6589367977185756,1.010299568572644
spring_petclinic_microservices,spring_petclinic_microservices--split--ND--r0--list_vets,counts,cudd_fixed,3,0.6118194871609043,0.9801590489195919
spring_petclinic_microservices,spring_petclinic_microservices--split--ND--r0--list_vets,counts,cudd_sift,3,0.6551328693451439,0.9579088786570493
spring_petclinic_microservices,spring_petclinic_microservices--split--ND--r0--list_vets,counts,agrum_conditioned,3,0.981934353207492,1.0834668157538445
spring_petclinic_microservices,spring_petclinic_microservices--split--ND--r0--list_vets,counts,agrum_joint,3,0.8543175868840667,1.0070753402584438
spring_petclinic_microservices,spring_petclinic_microservices--split--ND--r0--list_vets,counts,storm_sparse,3,0.6474686394955487,1.000985503321372
spring_petclinic_microservices,spring_petclinic_microservices--split--ND--r0--list_vets,counts,storm_compact,3,0.582801928303692,0.9652209425794331
spring_petclinic_microservices,spring_petclinic_microservices--split--ND--r0--list_vets,masks,ours_direct,3,0.6649880490508522,0.986198761047115
spring_petclinic_microservices,spring_petclinic_microservices--split--ND--r0--list_vets,masks,ours_prepared,3,0.6305985441345797,1.0060934432665882
spring_petclinic_microservices,spring_petclinic_microservices--split--ND--r0--list_vets,masks,cudd_fixed,3,0.4690330073649898,0.6437424411010595
spring_petclinic_microservices,spring_petclinic_microservices--split--ND--r0--list_vets,masks,cudd_sift,3,0.4563005496764475,0.6297739077299114
spring_petclinic_microservices,spring_petclinic_microservices--split--ND--r0--list_vets,masks,agrum_conditioned,3,1.062224872812662,1.1413534012885713
spring_petclinic_microservices,spring_petclinic_microservices--split--ND--r0--list_vets,masks,agrum_joint,3,1.079884550840682,1.147897403276007
spring_petclinic_microservices,spring_petclinic_microservices--split--ND--r0--list_vets,masks,storm_sparse,3,0.9327258944364344,1.0123514632841095
spring_petclinic_microservices,spring_petclinic_microservices--split--ND--r0--list_vets,masks,storm_compact,3,0.9191021236178836,1.007584462624118
spring_petclinic_microservices,spring_petclinic_microservices--split--ND--r0--list_vets,metadata,ours_direct,3,0.6678268053559736,0.9990164626981927
spring_petclinic_microservices,spring_petclinic_microservices--split--ND--r0--list_vets,metadata,ours_prepared,3,0.6153761228483966,1.0022242284963887
spring_petclinic_microservices,spring_petclinic_microservices--split--ND--r0--list_vets,metadata,cudd_fixed,3,0.5523741665347196,0.9748796396956049
spring_petclinic_microservices,spring_petclinic_microservices--split--ND--r0--list_vets,metadata,cudd_sift,3,0.5959883899284989,0.9710827168796234
spring_petclinic_microservices,spring_petclinic_microservices--split--ND--r0--list_vets,metadata,agrum_conditioned,3,0.9673629582343275,1.0918219356630805
spring_petclinic_microservices,spring_petclinic_microservices--split--ND--r0--list_vets,metadata,agrum_joint,3,0.840742790745146,1.007745159275453
spring_petclinic_microservices,spring_petclinic_microservices--split--ND--r0--list_vets,metadata,storm_sparse,3,0.7062612609639715,0.9689878796417064
spring_petclinic_microservices,spring_petclinic_microservices--split--ND--r0--list_vets,metadata,storm_compact,3,0.6697522008477339,0.9354335820349645
spring_petclinic_microservices,spring_petclinic_microservices--split--ND--r0--list_vets,structure,ours_direct,3,0.6888449782333508,1.032188343245089
spring_petclinic_microservices,spring_petclinic_microservices--split--ND--r0--list_vets,structure,ours_prepared,3,0.7936055863916367,1.0620939972925583
spring_petclinic_microservices,spring_petclinic_microservices--split--ND--r0--list_vets,structure,cudd_fixed,3,1.0053303946777683,1.4829823968319127
spring_petclinic_microservices,spring_petclinic_microservices--split--ND--r0--list_vets,structure,cudd_sift,3,1.037595469894809,1.3872726326472196
spring_petclinic_microservices,spring_petclinic_microservices--split--ND--r0--list_vets,structure,agrum_conditioned,3,1.0813584255754292,1.1291241111382009
spring_petclinic_microservices,spring_petclinic_microservices--split--ND--r0--list_vets,structure,agrum_joint,3,1.1336659296505844,1.1793843259535275
spring_petclinic_microservices,spring_petclinic_microservices--split--ND--r0--list_vets,structure,storm_sparse,3,0.9199367964615717,1.0976388711192007
spring_petclinic_microservices,spring_petclinic_microservices--split--ND--r0--list_vets,structure,storm_compact,3,0.8871709495156469,1.04097276948828
spring_petclinic_microservices,spring_petclinic_microservices--split--ND--r0--list_vets,restore,ours_direct,3,0.5995184798460517,0.8583832595293913
spring_petclinic_microservices,spring_petclinic_microservices--split--ND--r0--list_vets,restore,ours_prepared,3,0.7288967981348894,0.9632633478787325
spring_petclinic_microservices,spring_petclinic_microservices--split--ND--r0--list_vets,restore,cudd_fixed,3,0.7664396551337634,1.1461310725339793
spring_petclinic_microservices,spring_petclinic_microservices--split--ND--r0--list_vets,restore,cudd_sift,3,0.8328058484738877,1.1327762258656586
spring_petclinic_microservices,spring_petclinic_microservices--split--ND--r0--list_vets,restore,agrum_conditioned,3,1.114763777744265,1.1682996284143725
spring_petclinic_microservices,spring_petclinic_microservices--split--ND--r0--list_vets,restore,agrum_joint,3,1.1288084470270383,1.1744585376819912
spring_petclinic_microservices,spring_petclinic_microservices--split--ND--r0--list_vets,restore,storm_sparse,3,0.8134082162720807,1.0256986928846292
spring_petclinic_microservices,spring_petclinic_microservices--split--ND--r0--list_vets,restore,storm_compact,3,0.8322643664614855,1.01600612080269
spring_petclinic_microservices,spring_petclinic_microservices--split--ND--r0--owner_details_with_visits,initial,ours_direct,3,0.9491333990471497,1.107937021319751
spring_petclinic_microservices,spring_petclinic_microservices--split--ND--r0--owner_details_with_visits,initial,ours_prepared,3,0.9790574236596123,1.0910452372402255
spring_petclinic_microservices,spring_petclinic_microservices--split--ND--r0--owner_details_with_visits,initial,cudd_fixed,3,0.9804508370146855,1.035884625021934
spring_petclinic_microservices,spring_petclinic_microservices--split--ND--r0--owner_details_with_visits,initial,cudd_sift,3,0.9949798504976499,1.0464557325234638
spring_petclinic_microservices,spring_petclinic_microservices--split--ND--r0--owner_details_with_visits,initial,agrum_conditioned,3,1.1797254294266404,1.1955125640896682
spring_petclinic_microservices,spring_petclinic_microservices--split--ND--r0--owner_details_with_visits,initial,agrum_joint,3,1.1329824609987438,1.1623197713404556
spring_petclinic_microservices,spring_petclinic_microservices--split--ND--r0--owner_details_with_visits,initial,storm_sparse,3,1.0925087558031763,1.1457382028937357
spring_petclinic_microservices,spring_petclinic_microservices--split--ND--r0--owner_details_with_visits,initial,storm_compact,3,1.0479131459433033,1.1054866703977138
spring_petclinic_microservices,spring_petclinic_microservices--split--ND--r0--owner_details_with_visits,repeat,ours_direct,3,0.9438483357392795,1.0920016459058093
spring_petclinic_microservices,spring_petclinic_microservices--split--ND--r0--owner_details_with_visits,repeat,ours_prepared,3,0.8303294855627769,1.0160470422631143
spring_petclinic_microservices,spring_petclinic_microservices--split--ND--r0--owner_details_with_visits,repeat,cudd_fixed,3,0.900625522711119,1.0779919036801102
spring_petclinic_microservices,spring_petclinic_microservices--split--ND--r0--owner_details_with_visits,repeat,cudd_sift,3,0.8920604546229418,1.0654044608713154
spring_petclinic_microservices,spring_petclinic_microservices--split--ND--r0--owner_details_with_visits,repeat,agrum_conditioned,3,1.145286732988604,1.1592598249309793
spring_petclinic_microservices,spring_petclinic_microservices--split--ND--r0--owner_details_with_visits,repeat,agrum_joint,3,0.9609174748680539,0.9983248406114313
spring_petclinic_microservices,spring_petclinic_microservices--split--ND--r0--owner_details_with_visits,repeat,storm_sparse,3,1.0858781616927986,1.2001524530270604
spring_petclinic_microservices,spring_petclinic_microservices--split--ND--r0--owner_details_with_visits,repeat,storm_compact,3,0.8991809054237393,1.1297621537719469
spring_petclinic_microservices,spring_petclinic_microservices--split--ND--r0--owner_details_with_visits,counts,ours_direct,3,0.9544811252440977,1.099285663416492
spring_petclinic_microservices,spring_petclinic_microservices--split--ND--r0--owner_details_with_visits,counts,ours_prepared,3,0.8362661248405235,1.0267703650805287
spring_petclinic_microservices,spring_petclinic_microservices--split--ND--r0--owner_details_with_visits,counts,cudd_fixed,3,0.906807582361819,1.0787205825499282
spring_petclinic_microservices,spring_petclinic_microservices--split--ND--r0--owner_details_with_visits,counts,cudd_sift,3,0.8964199833523445,1.0563886003753713
spring_petclinic_microservices,spring_petclinic_microservices--split--ND--r0--owner_details_with_visits,counts,agrum_conditioned,3,1.150645676201885,1.1640791677067048
spring_petclinic_microservices,spring_petclinic_microservices--split--ND--r0--owner_details_with_visits,counts,agrum_joint,3,0.9490297554473779,0.9842373260429573
spring_petclinic_microservices,spring_petclinic_microservices--split--ND--r0--owner_details_with_visits,counts,storm_sparse,3,1.071893391825554,1.1775197236106507
spring_petclinic_microservices,spring_petclinic_microservices--split--ND--r0--owner_details_with_visits,counts,storm_compact,3,0.8666469982056012,1.033519776828538
spring_petclinic_microservices,spring_petclinic_microservices--split--ND--r0--owner_details_with_visits,masks,ours_direct,3,0.9490188154882246,1.082236496483023
spring_petclinic_microservices,spring_petclinic_microservices--split--ND--r0--owner_details_with_visits,masks,ours_prepared,3,0.7911042001916575,0.9609390577119936
spring_petclinic_microservices,spring_petclinic_microservices--split--ND--r0--owner_details_with_visits,masks,cudd_fixed,3,0.9294005382801106,1.109513097757482
spring_petclinic_microservices,spring_petclinic_microservices--split--ND--r0--owner_details_with_visits,masks,cudd_sift,3,0.9152849561750984,1.08580832530234
spring_petclinic_microservices,spring_petclinic_microservices--split--ND--r0--owner_details_with_visits,masks,agrum_conditioned,3,1.1872401985776215,1.200109911653655
spring_petclinic_microservices,spring_petclinic_microservices--split--ND--r0--owner_details_with_visits,masks,agrum_joint,3,1.134559965738385,1.1594102089622078
spring_petclinic_microservices,spring_petclinic_microservices--split--ND--r0--owner_details_with_visits,masks,storm_sparse,3,1.1495568910114549,1.2175006212461494
spring_petclinic_microservices,spring_petclinic_microservices--split--ND--r0--owner_details_with_visits,masks,storm_compact,3,1.0959146037027416,1.2018369204602042
spring_petclinic_microservices,spring_petclinic_microservices--split--ND--r0--owner_details_with_visits,metadata,ours_direct,3,0.9385880642872144,1.0681165804878525
spring_petclinic_microservices,spring_petclinic_microservices--split--ND--r0--owner_details_with_visits,metadata,ours_prepared,3,0.8055510241244959,0.9936053985328241
spring_petclinic_microservices,spring_petclinic_microservices--split--ND--r0--owner_details_with_visits,metadata,cudd_fixed,3,0.9192279268282556,1.1042354965634127
spring_petclinic_microservices,spring_petclinic_microservices--split--ND--r0--owner_details_with_visits,metadata,cudd_sift,3,0.9141530371013654,1.0904645265568522
spring_petclinic_microservices,spring_petclinic_microservices--split--ND--r0--owner_details_with_visits,metadata,agrum_conditioned,3,1.145960517421977,1.1607286696099526
spring_petclinic_microservices,spring_petclinic_microservices--split--ND--r0--owner_details_with_visits,metadata,agrum_joint,3,0.9517499716890323,0.9884182565006248
spring_petclinic_microservices,spring_petclinic_microservices--split--ND--r0--owner_details_with_visits,metadata,storm_sparse,3,1.077193482653434,1.1964616350435342
spring_petclinic_microservices,spring_petclinic_microservices--split--ND--r0--owner_details_with_visits,metadata,storm_compact,3,0.7550004960766048,1.0219109122766532
spring_petclinic_microservices,spring_petclinic_microservices--split--ND--r0--owner_details_with_visits,structure,ours_direct,3,0.9541230770739169,1.0882522115533986
spring_petclinic_microservices,spring_petclinic_microservices--split--ND--r0--owner_details_with_visits,structure,ours_prepared,3,1.0151616759918174,1.1274256798585804
spring_petclinic_microservices,spring_petclinic_microservices--split--ND--r0--owner_details_with_visits,structure,cudd_fixed,3,0.8951523524445468,1.0681083837470737
spring_petclinic_microservices,spring_petclinic_microservices--split--ND--r0--owner_details_with_visits,structure,cudd_sift,3,0.994050315324666,1.152516635255202
spring_petclinic_microservices,spring_petclinic_microservices--split--ND--r0--owner_details_with_visits,structure,agrum_conditioned,3,1.2018000419110295,1.212909180007092
spring_petclinic_microservices,spring_petclinic_microservices--split--ND--r0--owner_details_with_visits,structure,agrum_joint,3,1.1647843101339397,1.1841384454669168
spring_petclinic_microservices,spring_petclinic_microservices--split--ND--r0--owner_details_with_visits,structure,storm_sparse,3,1.1280590467622345,1.195318079011722
spring_petclinic_microservices,spring_petclinic_microservices--split--ND--r0--owner_details_with_visits,structure,storm_compact,3,1.3785920187113814,1.4964972624936883
spring_petclinic_microservices,spring_petclinic_microservices--split--ND--r0--owner_details_with_visits,restore,ours_direct,3,0.9500688656672919,1.0943257515724827
spring_petclinic_microservices,spring_petclinic_microservices--split--ND--r0--owner_details_with_visits,restore,ours_prepared,3,0.9697517604480382,1.084667817230284
spring_petclinic_microservices,spring_petclinic_microservices--split--ND--r0--owner_details_with_visits,restore,cudd_fixed,3,0.876431169468799,1.044363093374437
spring_petclinic_microservices,spring_petclinic_microservices--split--ND--r0--owner_details_with_visits,restore,cudd_sift,3,0.945426959149031,1.0915144449938083
spring_petclinic_microservices,spring_petclinic_microservices--split--ND--r0--owner_details_with_visits,restore,agrum_conditioned,3,1.2136604628160725,1.2248184019061645
spring_petclinic_microservices,spring_petclinic_microservices--split--ND--r0--owner_details_with_visits,restore,agrum_joint,3,1.1535357644775608,1.173178808992331
spring_petclinic_microservices,spring_petclinic_microservices--split--ND--r0--owner_details_with_visits,restore,storm_sparse,3,1.1620095486370705,1.2345640010390122
spring_petclinic_microservices,spring_petclinic_microservices--split--ND--r0--owner_details_with_visits,restore,storm_compact,3,0.9161207619255093,1.209207229584703
synthetic,00-graph_nodes,initial,ours_direct,3,0.9076384827345026,1.1121881838883303
synthetic,00-graph_nodes,initial,ours_prepared,3,1.07063120646718,1.077578311772691
synthetic,00-graph_nodes,initial,cudd_fixed,3,1.222283854826803,1.2816892856058535
synthetic,00-graph_nodes,initial,cudd_sift,3,0.9682176202205913,1.003552806254027
synthetic,00-graph_nodes,initial,agrum_conditioned,3,1.0928961273580415,1.1028603245987292
synthetic,00-graph_nodes,initial,agrum_joint,3,1.0958910372235056,1.1097026863699389
synthetic,00-graph_nodes,initial,storm_sparse,3,1.0438617979118354,1.0718319751352001
synthetic,00-graph_nodes,initial,storm_compact,3,1.0557171740586204,1.0949976674560575
synthetic,00-graph_nodes,repeat,ours_direct,3,0.8212399086116429,0.9396211992612237
synthetic,00-graph_nodes,repeat,ours_prepared,3,0.7900832085520954,1.0420290617006833
synthetic,00-graph_nodes,repeat,cudd_fixed,3,0.7393665812713459,0.8986953876658931
synthetic,00-graph_nodes,repeat,cudd_sift,3,0.7309637166640103,0.8775931306738032
synthetic,00-graph_nodes,repeat,agrum_conditioned,3,1.0583786161327615,1.075721349346922
synthetic,00-graph_nodes,repeat,agrum_joint,3,0.9395546692961632,0.9972834193342673
synthetic,00-graph_nodes,repeat,storm_sparse,3,1.046753431991278,1.1212788491217331
synthetic,00-graph_nodes,repeat,storm_compact,3,0.9412948987486885,1.0921272459096414
synthetic,00-graph_nodes,counts,ours_direct,3,0.9027512008435193,1.0198401111347066
synthetic,00-graph_nodes,counts,ours_prepared,3,0.7686928022469425,1.011258935663225
synthetic,00-graph_nodes,counts,cudd_fixed,3,0.8412703188333125,1.0385755384044189
synthetic,00-graph_nodes,counts,cudd_sift,3,0.8115222123761608,1.0060062718122502
synthetic,00-graph_nodes,counts,agrum_conditioned,3,1.053523867823615,1.069563558297362
synthetic,00-graph_nodes,counts,agrum_joint,3,0.9340120196194686,0.991649396533439
synthetic,00-graph_nodes,counts,storm_sparse,3,1.0218842707918407,1.0799959542520763
synthetic,00-graph_nodes,counts,storm_compact,3,0.9785105681659119,1.097801159850093
synthetic,00-graph_nodes,masks,ours_direct,3,0.8847590848694049,0.9865379348262211
synthetic,00-graph_nodes,masks,ours_prepared,3,0.8204601659220956,1.0513104069209842
synthetic,00-graph_nodes,masks,cudd_fixed,3,0.8691402460070646,1.073949386943132
synthetic,00-graph_nodes,masks,cudd_sift,3,0.8313132972525684,1.034121053190038
synthetic,00-graph_nodes,masks,agrum_conditioned,3,1.0448864805260765,1.056800162849458
synthetic,00-graph_nodes,masks,agrum_joint,3,1.0825533706279646,1.1034473552599637
synthetic,00-graph_nodes,masks,storm_sparse,3,1.0720373922687485,1.1074015583783963
synthetic,00-graph_nodes,masks,storm_compact,3,1.0875879721505979,1.1340203723804545
synthetic,00-graph_nodes,metadata,ours_direct,3,0.9178321527937737,1.033266041118235
synthetic,00-graph_nodes,metadata,ours_prepared,3,0.797559135367453,1.025340436623479
synthetic,00-graph_nodes,metadata,cudd_fixed,3,0.9831218586219678,1.244039258489409
synthetic,00-graph_nodes,metadata,cudd_sift,3,0.9249683572008327,1.1178535786851231
synthetic,00-graph_nodes,metadata,agrum_conditioned,3,1.0272660624666978,1.0433483051116532
synthetic,00-graph_nodes,metadata,agrum_joint,3,0.9424868282679222,0.9979805790675615
synthetic,00-graph_nodes,metadata,storm_sparse,3,1.0262581386211047,1.0934104363230914
synthetic,00-graph_nodes,metadata,storm_compact,3,0.9687471991290795,1.123522082167029
synthetic,00-graph_nodes,structure,ours_direct,3,0.9200010242053873,1.0359600605247186
synthetic,00-graph_nodes,structure,ours_prepared,3,1.0527884733027022,1.0560010372855717
synthetic,00-graph_nodes,structure,cudd_fixed,3,0.8724203716232893,1.058818029625997
synthetic,00-graph_nodes,structure,cudd_sift,3,0.98977350267872,1.1301975212795283
synthetic,00-graph_nodes,structure,agrum_conditioned,3,1.0949342699687872,1.103876309566219
synthetic,00-graph_nodes,structure,agrum_joint,3,1.0749071366460152,1.08676068053143
synthetic,00-graph_nodes,structure,storm_sparse,3,1.0965816345340562,1.1350403148967783
synthetic,00-graph_nodes,structure,storm_compact,3,1.0784103595303105,1.1249271566116186
synthetic,00-graph_nodes,restore,ours_direct,3,0.8939898409327852,1.0199976264628652
synthetic,00-graph_nodes,restore,ours_prepared,3,1.0791439956181608,1.082665361299375
synthetic,00-graph_nodes,restore,cudd_fixed,3,0.855854191874052,1.0570425506384724
synthetic,00-graph_nodes,restore,cudd_sift,3,1.052728208101887,1.201667742943025
synthetic,00-graph_nodes,restore,agrum_conditioned,3,1.0824548123158988,1.0921063291886024
synthetic,00-graph_nodes,restore,agrum_joint,3,1.1194661533901613,1.1340859929099643
synthetic,00-graph_nodes,restore,storm_sparse,3,1.0518508655199015,1.0893447905780944
synthetic,00-graph_nodes,restore,storm_compact,3,1.0666802254215113,1.106796075810813
synthetic,01-graph_nodes,initial,ours_direct,3,0.9138796697565066,1.0446954320139354
synthetic,01-graph_nodes,initial,ours_prepared,3,1.1587277327821421,1.1632229185041176
synthetic,01-graph_nodes,initial,cudd_fixed,3,0.9429713315355559,0.9959213516488898
synthetic,01-graph_nodes,initial,cudd_sift,3,1.1776992270280222,1.2330930285483757
synthetic,01-graph_nodes,initial,agrum_conditioned,3,1.1857928326468954,1.1994053413341443
synthetic,01-graph_nodes,initial,agrum_joint,3,1.202450015298355,1.2204293551617573
synthetic,01-graph_nodes,initial,storm_sparse,3,1.135293503092439,1.1726358964691526
synthetic,01-graph_nodes,initial,storm_compact,3,1.1632308640116769,1.208134613807379
synthetic,01-graph_nodes,repeat,ours_direct,3,0.9043190650053922,1.0381973252826215
synthetic,01-graph_nodes,repeat,ours_prepared,3,0.7378720122382783,1.0399372437283176
synthetic,01-graph_nodes,repeat,cudd_fixed,3,0.9261752304973845,1.2547110654411289
synthetic,01-graph_nodes,repeat,cudd_sift,3,0.9052490721402804,1.1579448717048861
synthetic,01-graph_nodes,repeat,agrum_conditioned,3,1.0986822285365314,1.1241958328583797
synthetic,01-graph_nodes,repeat,agrum_joint,3,0.9291531999610918,1.0014659197740419
synthetic,01-graph_nodes,repeat,storm_sparse,3,1.1387194682423587,1.2388738010679978
synthetic,01-graph_nodes,repeat,storm_compact,3,1.0255725920841468,1.2255036368926389
synthetic,01-graph_nodes,counts,ours_direct,3,0.8828127237947311,1.007578889473694
synthetic,01-graph_nodes,counts,ours_prepared,3,0.7226746469464688,0.977326668831258
synthetic,01-graph_nodes,counts,cudd_fixed,3,0.8079602559128449,1.0690774786267632
synthetic,01-graph_nodes,counts,cudd_sift,3,0.7948577687806033,1.007302933551274
synthetic,01-graph_nodes,counts,agrum_conditioned,3,1.1153055578893873,1.1372490427535151
synthetic,01-graph_nodes,counts,agrum_joint,3,0.925219013112953,0.991277039879829
synthetic,01-graph_nodes,counts,storm_sparse,3,1.1294092745419642,1.2131961189298237
synthetic,01-graph_nodes,counts,storm_compact,3,1.0490097132537795,1.2152922048140185
synthetic,01-graph_nodes,masks,ours_direct,3,0.9176935033642236,1.0387471839571047
synthetic,01-graph_nodes,masks,ours_prepared,3,0.7675191740769588,1.0524754728790975
synthetic,01-graph_nodes,masks,cudd_fixed,3,0.8267851124635587,1.0692887743339536
synthetic,01-graph_nodes,masks,cudd_sift,3,0.8232042105373192,1.0959012966731505
synthetic,01-graph_nodes,masks,agrum_conditioned,3,1.1701455111669892,1.1872831726416468
synthetic,01-graph_nodes,masks,agrum_joint,3,1.1517697461035752,1.178498318796491
synthetic,01-graph_nodes,masks,storm_sparse,3,1.1791500379582507,1.226568035114898
synthetic,01-graph_nodes,masks,storm_compact,3,1.2194405328421454,1.2826963486223153
synthetic,01-graph_nodes,metadata,ours_direct,3,0.9120172829045765,1.0387358287077417
synthetic,01-graph_nodes,metadata,ours_prepared,3,0.7461565088478093,1.0091324308527687
synthetic,01-graph_nodes,metadata,cudd_fixed,3,0.8430698400312134,1.1170738876893873
synthetic,01-graph_nodes,metadata,cudd_sift,3,0.8154071490845685,1.0465442214909924
synthetic,01-graph_nodes,metadata,agrum_conditioned,3,1.1147248294444874,1.1383981157179437
synthetic,01-graph_nodes,metadata,agrum_joint,3,0.9300928995115143,1.0037678918357948
synthetic,01-graph_nodes,metadata,storm_sparse,3,1.135033085802693,1.2337510431308547
synthetic,01-graph_nodes,metadata,storm_compact,3,1.034378736319323,1.242101630639017
synthetic,01-graph_nodes,structure,ours_direct,3,0.9312540712692422,1.0620918043708605
synthetic,01-graph_nodes,structure,ours_prepared,3,1.1327241398344807,1.136388593212228
synthetic,01-graph_nodes,structure,cudd_fixed,3,0.8565103908547262,1.0781929512702275
synthetic,01-graph_nodes,structure,cudd_sift,3,1.026202624760459,1.2185385797273423
synthetic,01-graph_nodes,structure,agrum_conditioned,3,1.272347974615149,1.2863250467379732
synthetic,01-graph_nodes,structure,agrum_joint,3,1.2884127888993493,1.3071357646043078
synthetic,01-graph_nodes,structure,storm_sparse,3,1.194536942146921,1.2450534801165738
synthetic,01-graph_nodes,structure,storm_compact,3,1.3869856524571154,1.4637463136596696
synthetic,01-graph_nodes,restore,ours_direct,3,0.9165817198953874,1.05498553462889
synthetic,01-graph_nodes,restore,ours_prepared,3,1.1678640025436284,1.171898662574955
synthetic,01-graph_nodes,restore,cudd_fixed,3,0.8487608232947391,1.0930867017971126
synthetic,01-graph_nodes,restore,cudd_sift,3,1.1746770700351175,1.3563719461917214
synthetic,01-graph_nodes,restore,agrum_conditioned,3,1.2384984844106632,1.2512524227118356
synthetic,01-graph_nodes,restore,agrum_joint,3,1.2782086830400232,1.2960400338743159
synthetic,01-graph_nodes,restore,storm_sparse,3,1.197072370961201,1.2501189787536795
synthetic,01-graph_nodes,restore,storm_compact,3,1.0159321679392275,1.0634282565010937
synthetic,02-graph_nodes,initial,ours_direct,3,0.9261820322513813,1.078575163455181
synthetic,02-graph_nodes,initial,ours_prepared,3,1.2623890069380126,1.2675842145749558
synthetic,02-graph_nodes,initial,cudd_fixed,3,0.9647516771867153,1.0460225199369095
synthetic,02-graph_nodes,initial,cudd_sift,3,1.0437341663499524,1.1241210146695528
synthetic,02-graph_nodes,initial,agrum_conditioned,3,1.3978486774758776,1.4214159112493252
synthetic,02-graph_nodes,initial,agrum_joint,3,1.3807204604345722,1.4127140998672765
synthetic,02-graph_nodes,initial,storm_sparse,3,1.2903148882335955,1.345022627771439
synthetic,02-graph_nodes,initial,storm_compact,3,1.2957891516056959,1.360491094584951
synthetic,02-graph_nodes,repeat,ours_direct,3,0.9226672501813189,1.0726558476161214
synthetic,02-graph_nodes,repeat,ours_prepared,3,0.6840106114394735,1.031077621875718
synthetic,02-graph_nodes,repeat,cudd_fixed,3,0.7999102999599917,1.2075605074940785
synthetic,02-graph_nodes,repeat,cudd_sift,3,0.7891684534257739,1.1099245423588013
synthetic,02-graph_nodes,repeat,agrum_conditioned,3,1.2865617784274008,1.3229791098370158
synthetic,02-graph_nodes,repeat,agrum_joint,3,0.907431943462313,1.0103814644728037
synthetic,02-graph_nodes,repeat,storm_sparse,3,1.3323638505688522,1.5064811083558083
synthetic,02-graph_nodes,repeat,storm_compact,3,1.16664243774193,1.5644063186898929
synthetic,02-graph_nodes,counts,ours_direct,3,0.9093625328120654,1.0562191756803867
synthetic,02-graph_nodes,counts,ours_prepared,3,0.6874873006987208,1.0412971818561678
synthetic,02-graph_nodes,counts,cudd_fixed,3,0.795488991809209,1.196232545885659
synthetic,02-graph_nodes,counts,cudd_sift,3,0.771637398516428,1.0829023690214155
synthetic,02-graph_nodes,counts,agrum_conditioned,3,1.2534608753921257,1.2908532392632202
synthetic,02-graph_nodes,counts,agrum_joint,3,0.9040845589291479,1.0044884468581812
synthetic,02-graph_nodes,counts,storm_sparse,3,1.3105791550406303,1.4664459446487346
synthetic,02-graph_nodes,counts,storm_compact,3,1.1520341160798038,1.4430952928033214
synthetic,02-graph_nodes,masks,ours_direct,3,0.9419653994190915,1.0921851012500914
synthetic,02-graph_nodes,masks,ours_prepared,3,0.702075859018513,0.991825554809058
synthetic,02-graph_nodes,masks,cudd_fixed,3,0.8635586212699051,1.261372549019608
synthetic,02-graph_nodes,masks,cudd_sift,3,0.8491510868039613,1.1882522755060454
synthetic,02-graph_nodes,masks,agrum_conditioned,3,1.393236182156352,1.4226676063434411
synthetic,02-graph_nodes,masks,agrum_joint,3,1.3307463511612074,1.3738553220850007
synthetic,02-graph_nodes,masks,storm_sparse,3,1.348306438032661,1.4231292971410934
synthetic,02-graph_nodes,masks,storm_compact,3,1.5820204811961944,1.6891835872185939
synthetic,02-graph_nodes,metadata,ours_direct,3,0.8961554247445362,1.036790032197318
synthetic,02-graph_nodes,metadata,ours_prepared,3,0.6606253854347705,0.9951070220046626
synthetic,02-graph_nodes,metadata,cudd_fixed,3,0.8418104655421271,1.2580064938203968
synthetic,02-graph_nodes,metadata,cudd_sift,3,0.8406758489687465,1.2104673600644758
synthetic,02-graph_nodes,metadata,agrum_conditioned,3,1.2265234637696427,1.2619058338719902
synthetic,02-graph_nodes,metadata,agrum_joint,3,0.9125747476797854,1.0216146188780746
synthetic,02-graph_nodes,metadata,storm_sparse,3,1.328705668412569,1.5130082658207384
synthetic,02-graph_nodes,metadata,storm_compact,3,1.1109770797589196,1.4490307260196267
synthetic,02-graph_nodes,structure,ours_direct,3,0.9662303355391787,1.1137014898949598
synthetic,02-graph_nodes,structure,ours_prepared,3,1.2582991145744515,1.2626623007674846
synthetic,02-graph_nodes,structure,cudd_fixed,3,0.8892206990086023,1.197353795710969
synthetic,02-graph_nodes,structure,cudd_sift,3,1.1031156170793528,1.3602785116540406
synthetic,02-graph_nodes,structure,agrum_conditioned,3,1.4042655658785277,1.4203275152430948
synthetic,02-graph_nodes,structure,agrum_joint,3,1.4170215400303083,1.4381040720222436
synthetic,02-graph_nodes,structure,storm_sparse,3,1.5037724851257799,1.5871579580998036
synthetic,02-graph_nodes,structure,storm_compact,3,1.439767329012311,1.5471148355525786
synthetic,02-graph_nodes,restore,ours_direct,3,0.919686887954628,1.0706487453986695
synthetic,02-graph_nodes,restore,ours_prepared,3,1.2488357389110112,1.2540387024012825
synthetic,02-graph_nodes,restore,cudd_fixed,3,0.7975855229326346,1.0820372746010927
synthetic,02-graph_nodes,restore,cudd_sift,3,1.3313979886721583,1.6157939638715622
synthetic,02-graph_nodes,restore,agrum_conditioned,3,1.418045657781961,1.4361002030329522
synthetic,02-graph_nodes,restore,agrum_joint,3,1.4217474855121424,1.4465539819694704
synthetic,02-graph_nodes,restore,storm_sparse,3,1.3521851855775828,1.4335037199329397
synthetic,02-graph_nodes,restore,storm_compact,3,1.2185734892774902,1.5367929558386526
synthetic,03-graph_nodes,initial,ours_direct,3,0.9230799469170466,1.0981792144380662
synthetic,03-graph_nodes,initial,ours_prepared,3,1.385353437981398,1.391855874422803
synthetic,03-graph_nodes,initial,cudd_fixed,3,0.9519206773766211,1.0768121163208801
synthetic,03-graph_nodes,initial,cudd_sift,3,0.9086920096923632,0.9903565872800811
synthetic,03-graph_nodes,initial,agrum_conditioned,3,1.5714360987171556,1.5938155503278477
synthetic,03-graph_nodes,initial,agrum_joint,3,1.6109114095695622,1.6390204440238418
synthetic,03-graph_nodes,initial,storm_sparse,3,1.4458039932464102,1.5300759451897914
synthetic,03-graph_nodes,initial,storm_compact,3,1.5275785636814487,1.6236144792999574
synthetic,03-graph_nodes,repeat,ours_direct,3,0.9121262623778514,1.0812725267942238
synthetic,03-graph_nodes,repeat,ours_prepared,3,0.6569877402739338,1.156349720871601
synthetic,03-graph_nodes,repeat,cudd_fixed,3,0.7689999356820119,1.2956947450615086
synthetic,03-graph_nodes,repeat,cudd_sift,3,0.763396357408993,1.2399018563337976
synthetic,03-graph_nodes,repeat,agrum_conditioned,3,1.3254275171414251,1.3835510573724656
synthetic,03-graph_nodes,repeat,agrum_joint,3,0.8298458244314709,0.9752178402955238
synthetic,03-graph_nodes,repeat,storm_sparse,3,1.651558489486364,1.9790961042581365
synthetic,03-graph_nodes,repeat,storm_compact,3,1.3814193235508072,1.9899039517392767
synthetic,03-graph_nodes,counts,ours_direct,3,0.9065377687293201,1.0748410589382082
synthetic,03-graph_nodes,counts,ours_prepared,3,0.6441586769325932,1.1007345972451668
synthetic,03-graph_nodes,counts,cudd_fixed,3,0.7446455865595819,1.3021130856942569
synthetic,03-graph_nodes,counts,cudd_sift,3,0.753696673557602,1.178773815701683
synthetic,03-graph_nodes,counts,agrum_conditioned,3,1.3693136670373665,1.4322682174128443
synthetic,03-graph_nodes,counts,agrum_joint,3,0.8352586888399415,0.9863639109567488
synthetic,03-graph_nodes,counts,storm_sparse,3,1.6940859077653891,1.9982624009062147
synthetic,03-graph_nodes,counts,storm_compact,3,1.3562654317825567,1.852637884959558
synthetic,03-graph_nodes,masks,ours_direct,3,0.9486369457255817,1.1073849101493827
synthetic,03-graph_nodes,masks,ours_prepared,3,0.6045595808296633,1.0511962132967296
synthetic,03-graph_nodes,masks,cudd_fixed,3,1.3212836065947597,2.346878797884681
synthetic,03-graph_nodes,masks,cudd_sift,3,1.2972337298596357,2.192111978635975
synthetic,03-graph_nodes,masks,agrum_conditioned,3,1.5606393028610104,1.6147941733005544
synthetic,03-graph_nodes,masks,agrum_joint,3,1.5628490133664883,1.6491354741936883
synthetic,03-graph_nodes,masks,storm_sparse,3,1.6534602404449057,1.775635168423834
synthetic,03-graph_nodes,masks,storm_compact,3,1.5664347910634608,1.688232491310036
synthetic,03-graph_nodes,metadata,ours_direct,3,0.937808155351204,1.1055711015008904
synthetic,03-graph_nodes,metadata,ours_prepared,3,0.6020958520950643,1.0821669533007012
synthetic,03-graph_nodes,metadata,cudd_fixed,3,0.8059533652364883,1.3812448739752388
synthetic,03-graph_nodes,metadata,cudd_sift,3,0.828420027267027,1.3473399560925512
synthetic,03-graph_nodes,metadata,agrum_conditioned,3,1.3416453596051674,1.4031592699338455
synthetic,03-graph_nodes,metadata,agrum_joint,3,0.8453073468997803,1.00027243088741
synthetic,03-graph_nodes,metadata,storm_sparse,3,1.6168926971152713,1.9528364469852282
synthetic,03-graph_nodes,metadata,storm_compact,3,1.3735632746016067,2.005925056282538
synthetic,03-graph_nodes,structure,ours_direct,3,0.9075018255275756,1.0567310445102718
synthetic,03-graph_nodes,structure,ours_prepared,3,1.3588784616454577,1.3772527876339622
synthetic,03-graph_nodes,structure,cudd_fixed,3,0.8638775562988101,1.2014312652661507
synthetic,03-graph_nodes,structure,cudd_sift,3,1.2352985841261335,1.6200125371069545
synthetic,03-graph_nodes,structure,agrum_conditioned,3,1.7279579676828385,1.7516012864349753
synthetic,03-graph_nodes,structure,agrum_joint,3,1.7084403160955255,1.7351986679498048
synthetic,03-graph_nodes,structure,storm_sparse,3,1.5517054483501331,1.6774871776155924
synthetic,03-graph_nodes,structure,storm_compact,3,1.4368575224059597,1.7403380716265897
synthetic,03-graph_nodes,restore,ours_direct,3,0.6888798852662644,1.0360917257037656
synthetic,03-graph_nodes,restore,ours_prepared,3,1.3866230900040861,1.3930356916415818
synthetic,03-graph_nodes,restore,cudd_fixed,3,0.8134704926603716,1.1551669144695202
synthetic,03-graph_nodes,restore,cudd_sift,3,1.396420809404827,1.7810507070888069
synthetic,03-graph_nodes,restore,agrum_conditioned,3,1.6996820507003423,1.7228578091805484
synthetic,03-graph_nodes,restore,agrum_joint,3,1.716540886158635,1.74401505662432
synthetic,03-graph_nodes,restore,storm_sparse,3,1.4046455515397818,1.4939176667018839
synthetic,03-graph_nodes,restore,storm_compact,3,1.5781943675173618,1.7395436804268252
synthetic,04-graph_nodes,initial,ours_direct,3,0.9068395466229805,1.0894394016460112
synthetic,04-graph_nodes,initial,ours_prepared,3,1.4169113761478063,1.424038076435966
synthetic,04-graph_nodes,initial,cudd_fixed,3,1.0815980250053354,1.2153772093218882
synthetic,04-graph_nodes,initial,cudd_sift,3,1.2270460997675987,1.3866709235504913
synthetic,04-graph_nodes,initial,agrum_conditioned,3,1.7708221907886128,1.7970019297911444
synthetic,04-graph_nodes,initial,agrum_joint,3,1.7341701473740805,1.7642689154947906
synthetic,04-graph_nodes,initial,storm_sparse,3,1.5963675987899015,1.7069609631989726
synthetic,04-graph_nodes,initial,storm_compact,3,1.6660535574755413,1.789195718948977
synthetic,04-graph_nodes,repeat,ours_direct,3,0.9110403914254727,1.09526008293471
synthetic,04-graph_nodes,repeat,ours_prepared,3,0.6193443873470778,1.1565391057254457
synthetic,04-graph_nodes,repeat,cudd_fixed,3,0.7624814021603518,1.4431835221526357
synthetic,04-graph_nodes,repeat,cudd_sift,3,0.7589036256288656,1.3498350658005023
synthetic,04-graph_nodes,repeat,agrum_conditioned,3,1.542027488221887,1.6392070401917225
synthetic,04-graph_nodes,repeat,agrum_joint,3,0.8001451815472607,0.9964596560821023
synthetic,04-graph_nodes,repeat,storm_sparse,3,1.8843954811247374,2.375000766749224
synthetic,04-graph_nodes,repeat,storm_compact,3,1.5036300147415644,2.343732722061667
synthetic,04-graph_nodes,counts,ours_direct,3,0.9284251099101289,1.1065425011539265
synthetic,04-graph_nodes,counts,ours_prepared,3,0.5923641614236221,1.138201725113839
synthetic,04-graph_nodes,counts,cudd_fixed,3,0.740940301809207,1.4359356534166003
synthetic,04-graph_nodes,counts,cudd_sift,3,0.7472950372940057,1.3608154619282251
synthetic,04-graph_nodes,counts,agrum_conditioned,3,1.5369693648254543,1.6336578697765824
synthetic,04-graph_nodes,counts,agrum_joint,3,0.804700669322987,0.9991914423285042
synthetic,04-graph_nodes,counts,storm_sparse,3,1.852217015082125,2.308129566669951
synthetic,04-graph_nodes,counts,storm_compact,3,1.4815569266116315,2.196886241207571
synthetic,04-graph_nodes,masks,ours_direct,3,0.937237449547295,1.1008311358773288
synthetic,04-graph_nodes,masks,ours_prepared,3,0.315421253043334,1.0635256842690846
synthetic,04-graph_nodes,masks,cudd_fixed,3,0.8392906683641427,1.5830326649552933
synthetic,04-graph_nodes,masks,cudd_sift,3,0.8539375086766601,1.5459465388714553
synthetic,04-graph_nodes,masks,agrum_conditioned,3,1.7361387679250964,1.8081649158559328
synthetic,04-graph_nodes,masks,agrum_joint,3,1.7645527704086645,1.8714290094565078
synthetic,04-graph_nodes,masks,storm_sparse,3,1.6157181843271606,1.729676609555551
synthetic,04-graph_nodes,masks,storm_compact,3,1.5688945745873617,1.687194207093014
synthetic,04-graph_nodes,metadata,ours_direct,3,0.7865709265388571,1.1038850789588937
synthetic,04-graph_nodes,metadata,ours_prepared,3,0.5922812696669265,1.1484090751083404
synthetic,04-graph_nodes,metadata,cudd_fixed,3,0.7888491692966183,1.537650667542307
synthetic,04-graph_nodes,metadata,cudd_sift,3,0.7685079110451962,1.4893523849684545
synthetic,04-graph_nodes,metadata,agrum_conditioned,3,1.5175322026498734,1.6165034917944934
synthetic,04-graph_nodes,metadata,agrum_joint,3,0.810524853286654,1.0122880433681134
synthetic,04-graph_nodes,metadata,storm_sparse,3,1.9053900258754435,2.4236996436950484
synthetic,04-graph_nodes,metadata,storm_compact,3,1.4745324432025657,2.3501674410264792
synthetic,04-graph_nodes,structure,ours_direct,3,1.138523388363137,1.3451280253660713
synthetic,04-graph_nodes,structure,ours_prepared,3,1.388450330093902,1.394902341911148
synthetic,04-graph_nodes,structure,cudd_fixed,3,0.9305315931703307,1.263513932480801
synthetic,04-graph_nodes,structure,cudd_sift,3,1.3214043991480713,1.7275674572735964
synthetic,04-graph_nodes,structure,agrum_conditioned,3,1.9105285564642565,1.9379156293905928
synthetic,04-graph_nodes,structure,agrum_joint,3,1.8711494702054565,1.9011877997220203
synthetic,04-graph_nodes,structure,storm_sparse,3,1.5170098462744535,1.7432099373232792
synthetic,04-graph_nodes,structure,storm_compact,3,1.7430711332898625,1.898973727539552
synthetic,04-graph_nodes,restore,ours_direct,3,0.898609773355389,1.0809104602352089
synthetic,04-graph_nodes,restore,ours_prepared,3,1.4213996795880723,1.4277794023986723
synthetic,04-graph_nodes,restore,cudd_fixed,3,0.8332914205383511,1.1917490609036898
synthetic,04-graph_nodes,restore,cudd_sift,3,1.4605690481804605,1.9416551901392218
synthetic,04-graph_nodes,restore,agrum_conditioned,3,1.927825823096341,1.9557937194020394
synthetic,04-graph_nodes,restore,agrum_joint,3,1.911044844051123,1.9414948049255667
synthetic,04-graph_nodes,restore,storm_sparse,3,1.6136411158798487,1.744755972227148
synthetic,04-graph_nodes,restore,storm_compact,3,1.8270316644197073,1.9799066312496878
synthetic,05-completions,initial,ours_direct,3,0.9398160808600767,1.1417616136407023
synthetic,05-completions,initial,ours_prepared,3,1.1496406945339777,1.156460001908283
synthetic,05-completions,initial,cudd_fixed,3,0.9824333471597316,1.0211107615403465
synthetic,05-completions,initial,cudd_sift,3,0.9684177702737207,0.9999526457131802
synthetic,05-completions,initial,agrum_conditioned,3,1.1034555457257305,1.1135013535020575
synthetic,05-completions,initial,agrum_joint,3,1.0913407968345028,1.1052703774322148
synthetic,05-completions,initial,storm_sparse,3,1.0509669824747625,1.0793018069764222
synthetic,05-completions,initial,storm_compact,3,1.0412517305805629,1.0799027782343362
synthetic,05-completions,repeat,ours_direct,3,0.8796272791076202,0.9953633916625795
synthetic,05-completions,repeat,ours_prepared,3,0.7872732319908097,1.0394988344988345
synthetic,05-completions,repeat,cudd_fixed,3,0.7172890787256554,0.8704183091636379
synthetic,05-completions,repeat,cudd_sift,3,0.7419653428048649,0.8834040851808829
synthetic,05-completions,repeat,agrum_conditioned,3,1.050795807016128,1.0701595231259713
synthetic,05-completions,repeat,agrum_joint,3,0.9424005969512845,0.9993330957892673
synthetic,05-completions,repeat,storm_sparse,3,0.9948940681863094,1.0628750611752715
synthetic,05-completions,repeat,storm_compact,3,0.90994049152132,1.0451667107494593
synthetic,05-completions,counts,ours_direct,3,0.898871473602666,1.0130005421559887
synthetic,05-completions,counts,ours_prepared,3,0.7792449553840667,1.0059113666782333
synthetic,05-completions,counts,cudd_fixed,3,0.8329321341662523,1.0283936987986655
synthetic,05-completions,counts,cudd_sift,3,0.8106024362686148,0.9702662027325458
synthetic,05-completions,counts,agrum_conditioned,3,1.0341959603818158,1.0495081754184443
synthetic,05-completions,counts,agrum_joint,3,0.9655116434197322,1.0205138738845965
synthetic,05-completions,counts,storm_sparse,3,1.043930778819046,1.1037709846666302
synthetic,05-completions,counts,storm_compact,3,0.9566004444743754,1.0741951102651681
synthetic,05-completions,masks,ours_direct,3,0.9177975308736183,1.0442161097251983
synthetic,05-completions,masks,ours_prepared,3,0.797278037336408,1.019175273584664
synthetic,05-completions,masks,cudd_fixed,3,0.8622106354652893,1.0642501800710205
synthetic,05-completions,masks,cudd_sift,3,0.8302931791284026,1.0021096379362435
synthetic,05-completions,masks,agrum_conditioned,3,1.0538151034857162,1.066047206876574
synthetic,05-completions,masks,agrum_joint,3,1.0881427527852485,1.109492048969044
synthetic,05-completions,masks,storm_sparse,3,1.0887458720901952,1.1250690524966205
synthetic,05-completions,masks,storm_compact,3,1.070706652460567,1.1172062606036524
synthetic,05-completions,metadata,ours_direct,3,0.9105229154691724,1.0157023020204823
synthetic,05-completions,metadata,ours_prepared,3,0.7841336247634739,1.012192637042999
synthetic,05-completions,metadata,cudd_fixed,3,0.9719851883942779,1.2313723957824538
synthetic,05-completions,metadata,cudd_sift,3,0.9422646115260758,1.1354509685016605
synthetic,05-completions,metadata,agrum_conditioned,3,1.0121684253025145,1.0275524412249908
synthetic,05-completions,metadata,agrum_joint,3,0.9383550517513803,1.0016227688113692
synthetic,05-completions,metadata,storm_sparse,3,1.0272992077269938,1.095572595243422
synthetic,05-completions,metadata,storm_compact,3,0.9756904232225676,1.122814919594997
synthetic,05-completions,structure,ours_direct,3,0.9364138032244651,1.050822768363611
synthetic,05-completions,structure,ours_prepared,3,1.1200015340231322,1.1231053002795846
synthetic,05-completions,structure,cudd_fixed,3,0.8520196637602403,1.0388736242781327
synthetic,05-completions,structure,cudd_sift,3,0.9857175676603007,1.1251644244463999
synthetic,05-completions,structure,agrum_conditioned,3,1.078406945423802,1.0872104859294986
synthetic,05-completions,structure,agrum_joint,3,1.0739275029894446,1.0861133735062556
synthetic,05-completions,structure,storm_sparse,3,1.103863895280605,1.1422388215605699
synthetic,05-completions,structure,storm_compact,3,1.0556158320738076,1.1031108224001327
synthetic,05-completions,restore,ours_direct,3,0.9031207155382811,1.0244923435135593
synthetic,05-completions,restore,ours_prepared,3,1.144137073747764,1.147917241009516
synthetic,05-completions,restore,cudd_fixed,3,0.8561865000177757,1.059593872270665
synthetic,05-completions,restore,cudd_sift,3,1.0650497390509783,1.1940936528611108
synthetic,05-completions,restore,agrum_conditioned,3,1.0853239484927497,1.0969899667795482
synthetic,05-completions,restore,agrum_joint,3,1.091020177238264,1.1054302262626883
synthetic,05-completions,restore,storm_sparse,3,1.0543064033622402,1.0921632599785358
synthetic,05-completions,restore,storm_compact,3,1.0499765767638618,1.0903110562970868
synthetic,06-completions,initial,ours_direct,3,0.9169377049825866,1.0554252348400706
synthetic,06-completions,initial,ours_prepared,3,1.1750127819139284,1.1792607900629364
synthetic,06-completions,initial,cudd_fixed,3,0.7521704278358219,0.7857901826426713
synthetic,06-completions,initial,cudd_sift,3,0.97654200148847,1.0231223575231723
synthetic,06-completions,initial,agrum_conditioned,3,1.1761975883218199,1.1882673128244423
synthetic,06-completions,initial,agrum_joint,3,1.2019443790549147,1.2183466476769367
synthetic,06-completions,initial,storm_sparse,3,1.1345250513107692,1.1701889549192006
synthetic,06-completions,initial,storm_compact,3,1.1521533357113567,1.1950062574545466
synthetic,06-completions,repeat,ours_direct,3,0.9309519866674653,1.0744536132095481
synthetic,06-completions,repeat,ours_prepared,3,0.7391585002788522,0.99360015156956
synthetic,06-completions,repeat,cudd_fixed,3,0.7986397129389907,1.0907888170191113
synthetic,06-completions,repeat,cudd_sift,3,0.8135783490232126,1.040172675450956
synthetic,06-completions,repeat,agrum_conditioned,3,1.1121435082079072,1.1335206360182948
synthetic,06-completions,repeat,agrum_joint,3,0.9311664921321626,1.0026343825485862
synthetic,06-completions,repeat,storm_sparse,3,1.1366217407066301,1.23027169453604
synthetic,06-completions,repeat,storm_compact,3,1.0596837068564073,1.279866795306713
synthetic,06-completions,counts,ours_direct,3,0.9009604113361283,1.0316010260683446
synthetic,06-completions,counts,ours_prepared,3,0.7630745025230075,1.0246061647404265
synthetic,06-completions,counts,cudd_fixed,3,0.9377436074795817,1.2411466647605887
synthetic,06-completions,counts,cudd_sift,3,0.944192768290461,1.1779204678562574
synthetic,06-completions,counts,agrum_conditioned,3,1.146010700247241,1.1660998592957121
synthetic,06-completions,counts,agrum_joint,3,0.935165634662681,0.99985886178617
synthetic,06-completions,counts,storm_sparse,3,1.128507321995194,1.2086982477936665
synthetic,06-completions,counts,storm_compact,3,1.0269582822691787,1.1857395592310556
synthetic,06-completions,masks,ours_direct,3,0.9202941502874659,1.0657663417762673
synthetic,06-completions,masks,ours_prepared,3,0.7257908592492984,0.9682871808284566
synthetic,06-completions,masks,cudd_fixed,3,0.8379650550923665,1.1198923381021046
synthetic,06-completions,masks,cudd_sift,3,0.8452488663267904,1.0597278821355285
synthetic,06-completions,masks,agrum_conditioned,3,1.1666102370002835,1.1822725442999642
synthetic,06-completions,masks,agrum_joint,3,1.1776956567858046,1.2061286019283768
synthetic,06-completions,masks,storm_sparse,3,1.1768439558375334,1.229729793230629
synthetic,06-completions,masks,storm_compact,3,1.2185744202837374,1.279629326950755
synthetic,06-completions,metadata,ours_direct,3,0.932410820809899,1.066821823570092
synthetic,06-completions,metadata,ours_prepared,3,0.732763959626866,1.0182117179508514
synthetic,06-completions,metadata,cudd_fixed,3,0.83096539552783,1.083268462192832
synthetic,06-completions,metadata,cudd_sift,3,0.8637471058909634,1.0994863664847436
synthetic,06-completions,metadata,agrum_conditioned,3,1.1176362517151799,1.1377408088476353
synthetic,06-completions,metadata,agrum_joint,3,0.9288420507153073,0.996863407796253
synthetic,06-completions,metadata,storm_sparse,3,1.119691681351994,1.2119583546095691
synthetic,06-completions,metadata,storm_compact,3,1.0213792993579838,1.255552405007716
synthetic,06-completions,structure,ours_direct,3,0.9095156089389409,1.0453662360351692
synthetic,06-completions,structure,ours_prepared,3,1.1669186665924602,1.1703700149188416
synthetic,06-completions,structure,cudd_fixed,3,0.8701082308135063,1.1026223182774202
synthetic,06-completions,structure,cudd_sift,3,1.0639976889593585,1.2419376674534843
synthetic,06-completions,structure,agrum_conditioned,3,1.248270723902781,1.2593108628241505
synthetic,06-completions,structure,agrum_joint,3,1.261130519083782,1.2762464931355966
synthetic,06-completions,structure,storm_sparse,3,1.173413339981116,1.2276077748227152
synthetic,06-completions,structure,storm_compact,3,1.4271797351315456,1.5016426536437315
synthetic,06-completions,restore,ours_direct,3,0.898225344318517,1.0519746941680788
synthetic,06-completions,restore,ours_prepared,3,1.1758674020348472,1.179936205547569
synthetic,06-completions,restore,cudd_fixed,3,0.8509275384698975,1.0892346084362736
synthetic,06-completions,restore,cudd_sift,3,1.0167031161134834,1.1732095939315694
synthetic,06-completions,restore,agrum_conditioned,3,1.2469935208509546,1.2589300187471306
synthetic,06-completions,restore,agrum_joint,3,1.2480938767399044,1.2644196418504587
synthetic,06-completions,restore,storm_sparse,3,1.175823603492504,1.2254251359521418
synthetic,06-completions,restore,storm_compact,3,1.020742208922015,1.0661328779481891
synthetic,07-completions,initial,ours_direct,3,0.9092727500915264,1.079314693858952
synthetic,07-completions,initial,ours_prepared,3,1.3112235355450899,1.316825306763623
synthetic,07-completions,initial,cudd_fixed,3,0.9464991480453275,1.0102894229758277
synthetic,07-completions,initial,cudd_sift,3,1.037624440427214,1.1083542376460556
synthetic,07-completions,initial,agrum_conditioned,3,1.401030329024911,1.4263196827727616
synthetic,07-completions,initial,agrum_joint,3,1.4057855021640697,1.4374421948233196
synthetic,07-completions,initial,storm_sparse,3,1.2738506415692048,1.326395036535778
synthetic,07-completions,initial,storm_compact,3,1.3130884341157814,1.3783486445896804
synthetic,07-completions,repeat,ours_direct,3,0.9068940305892605,1.0821197192872039
synthetic,07-completions,repeat,ours_prepared,3,0.7103669750728574,1.0314762034255776
synthetic,07-completions,repeat,cudd_fixed,3,0.8381010895167622,1.1873580476502599
synthetic,07-completions,repeat,cudd_sift,3,0.8194083255822783,1.1069742357599126
synthetic,07-completions,repeat,agrum_conditioned,3,1.2384581687036649,1.2702554986485934
synthetic,07-completions,repeat,agrum_joint,3,0.8977377392326095,0.988333796799097
synthetic,07-completions,repeat,storm_sparse,3,1.3111941332981625,1.4782287004372492
synthetic,07-completions,repeat,storm_compact,3,1.176744082287482,1.4937653765092498
synthetic,07-completions,counts,ours_direct,3,0.895330709853186,1.067091986976224
synthetic,07-completions,counts,ours_prepared,3,0.7178336874277834,1.0399503203943046
synthetic,07-completions,counts,cudd_fixed,3,0.8319342007534115,1.1879910462208598
synthetic,07-completions,counts,cudd_sift,3,0.8280939951671266,1.1253527364543263
synthetic,07-completions,counts,agrum_conditioned,3,1.2382662287927733,1.271925407745173
synthetic,07-completions,counts,agrum_joint,3,0.8993058105231541,0.9883925659062689
synthetic,07-completions,counts,storm_sparse,3,1.3100236233837892,1.4554550738552263
synthetic,07-completions,counts,storm_compact,3,1.1764934738639448,1.4627753725830248
synthetic,07-completions,masks,ours_direct,3,0.9324271323590124,1.0993373048658521
synthetic,07-completions,masks,ours_prepared,3,0.7114218079597574,1.0544924873107822
synthetic,07-completions,masks,cudd_fixed,3,0.8626535177766822,1.197115797304644
synthetic,07-completions,masks,cudd_sift,3,0.9119652505777384,1.229412399956803
synthetic,07-completions,masks,agrum_conditioned,3,1.3380869118334235,1.3623891093753138
synthetic,07-completions,masks,agrum_joint,3,1.340735847400469,1.3817025479093081
synthetic,07-completions,masks,storm_sparse,3,1.3995901524636567,1.4733179075894316
synthetic,07-completions,masks,storm_compact,3,1.614654889579878,1.7512289208555574
synthetic,07-completions,metadata,ours_direct,3,0.9260070974075769,1.095644439333511
synthetic,07-completions,metadata,ours_prepared,3,0.7133688436004323,1.0366045695621604
synthetic,07-completions,metadata,cudd_fixed,3,0.899847321858072,1.2586848090269305
synthetic,07-completions,metadata,cudd_sift,3,0.8962808133119472,1.2209665385444992
synthetic,07-completions,metadata,agrum_conditioned,3,1.2392956664753596,1.2707644620291982
synthetic,07-completions,metadata,agrum_joint,3,0.913386601615111,1.0145666837503826
synthetic,07-completions,metadata,storm_sparse,3,1.3034360398483646,1.4455481805248593
synthetic,07-completions,metadata,storm_compact,3,1.0747817893924128,1.3466852061396213
synthetic,07-completions,structure,ours_direct,3,0.9103113973509885,1.091198744359427
synthetic,07-completions,structure,ours_prepared,3,1.287631484177132,1.2940186457437186
synthetic,07-completions,structure,cudd_fixed,3,0.8909046226672822,1.198574531108441
synthetic,07-completions,structure,cudd_sift,3,1.1462432538484495,1.414028953568389
synthetic,07-completions,structure,agrum_conditioned,3,1.4253388130781361,1.441987389512052
synthetic,07-completions,structure,agrum_joint,3,1.4756733730046283,1.4961924372296445
synthetic,07-completions,structure,storm_sparse,3,1.5020414421087964,1.5816121978984723
synthetic,07-completions,structure,storm_compact,3,1.4795411936302565,1.580653094453333
synthetic,07-completions,restore,ours_direct,3,0.8837057578675798,1.0503220071187962
synthetic,07-completions,restore,ours_prepared,3,1.3132437866643407,1.3184414727944611
synthetic,07-completions,restore,cudd_fixed,3,0.8461548091018228,1.1811989246354622
synthetic,07-completions,restore,cudd_sift,3,1.1075414314034175,1.326416798132589
synthetic,07-completions,restore,agrum_conditioned,3,1.436996102527732,1.4533127254139269
synthetic,07-completions,restore,agrum_joint,3,1.4746593552784593,1.5005409471494033
synthetic,07-completions,restore,storm_sparse,3,1.4210671318164074,1.4962522125806228
synthetic,07-completions,restore,storm_compact,3,1.2604120747386864,1.6063985205732778
synthetic,08-completions,initial,ours_direct,3,0.9160802971894073,1.1339026189064512
synthetic,08-completions,initial,ours_prepared,3,1.5175830694691261,1.5255564215356374
synthetic,08-completions,initial,cudd_fixed,3,0.9795624604075591,1.091452463562463
synthetic,08-completions,initial,cudd_sift,3,1.1035137571263938,1.215900607169425
synthetic,08-completions,initial,agrum_conditioned,3,1.735775472375326,1.76364849320747
synthetic,08-completions,initial,agrum_joint,3,1.7535605355432065,1.7883596770567
synthetic,08-completions,initial,storm_sparse,3,1.5619358829492862,1.6553229036656794
synthetic,08-completions,initial,storm_compact,3,1.6778574165207336,1.7905865152741562
synthetic,08-completions,repeat,ours_direct,3,0.8925384327812548,1.1075887946287126
synthetic,08-completions,repeat,ours_prepared,3,0.7083780472799833,1.1455289345271522
synthetic,08-completions,repeat,cudd_fixed,3,0.8161171462714121,1.3420520106776888
synthetic,08-completions,repeat,cudd_sift,3,0.8102385825939595,1.2304845970733373
synthetic,08-completions,repeat,agrum_conditioned,3,1.4353799542186683,1.4923451050831797
synthetic,08-completions,repeat,agrum_joint,3,0.8527693481303406,0.9799437572322919
synthetic,08-completions,repeat,storm_sparse,3,1.6671530222156006,1.9541641413389113
synthetic,08-completions,repeat,storm_compact,3,1.4599358745313267,2.05483589013772
synthetic,08-completions,counts,ours_direct,3,0.9123038627820496,1.1421029069530826
synthetic,08-completions,counts,ours_prepared,3,0.7374206797212598,1.204843895549746
synthetic,08-completions,counts,cudd_fixed,3,0.8208181464924307,1.3336471982368214
synthetic,08-completions,counts,cudd_sift,3,0.793075228268504,1.2150098379087417
synthetic,08-completions,counts,agrum_conditioned,3,1.434206322264846,1.4932714304779835
synthetic,08-completions,counts,agrum_joint,3,0.8641049309491673,0.9974768631720753
synthetic,08-completions,counts,storm_sparse,3,1.6616474581940337,1.9256845446055992
synthetic,08-completions,counts,storm_compact,3,1.4339667400024012,1.8768177694436325
synthetic,08-completions,masks,ours_direct,3,0.9096696781637836,1.1243611950822083
synthetic,08-completions,masks,ours_prepared,3,0.6657535464311113,1.1080866884611575
synthetic,08-completions,masks,cudd_fixed,3,1.4497008751706206,2.301340224261583
synthetic,08-completions,masks,cudd_sift,3,1.4149675220118232,2.1885229480619834
synthetic,08-completions,masks,agrum_conditioned,3,1.670172705111914,1.716738977736972
synthetic,08-completions,masks,agrum_joint,3,1.7090935385620116,1.7909974617350373
synthetic,08-completions,masks,storm_sparse,3,1.8184493943113638,1.953631075370696
synthetic,08-completions,masks,storm_compact,3,1.7996062688887782,1.9715169685538585
synthetic,08-completions,metadata,ours_direct,3,0.919174167802241,1.17122237669608
synthetic,08-completions,metadata,ours_prepared,3,0.6712423206021773,1.1307692778870124
synthetic,08-completions,metadata,cudd_fixed,3,0.8811956941248641,1.4844657655060771
synthetic,08-completions,metadata,cudd_sift,3,0.8964078298710544,1.4212768921561465
synthetic,08-completions,metadata,agrum_conditioned,3,1.395073208935951,1.4514813184483204
synthetic,08-completions,metadata,agrum_joint,3,0.8459389055607062,1.0078537220578323
synthetic,08-completions,metadata,storm_sparse,3,1.6482678941845847,1.939930151457403
synthetic,08-completions,metadata,storm_compact,3,1.3999970295657225,1.9797010062975793
synthetic,08-completions,structure,ours_direct,3,0.9517274282204977,1.1795413769041123
synthetic,08-completions,structure,ours_prepared,3,1.5075185951029773,1.514865163076715
synthetic,08-completions,structure,cudd_fixed,3,0.8518073001548429,1.3308134059750298
synthetic,08-completions,structure,cudd_sift,3,1.2965195074625389,1.7773860561753327
synthetic,08-completions,structure,agrum_conditioned,3,1.7809017147105726,1.8104147535408306
synthetic,08-completions,structure,agrum_joint,3,1.847260369250521,1.8796388758280898
synthetic,08-completions,structure,storm_sparse,3,1.7024617101154516,1.8380830696808992
synthetic,08-completions,structure,storm_compact,3,1.5865280869098082,2.0459383560916415
synthetic,08-completions,restore,ours_direct,3,0.9168017748954689,1.152114883058874
synthetic,08-completions,restore,ours_prepared,3,1.5004660253302144,1.5080487921698482
synthetic,08-completions,restore,cudd_fixed,3,0.8107246239712421,1.1952363404911057
synthetic,08-completions,restore,cudd_sift,3,1.233618685130097,1.575503927945212
synthetic,08-completions,restore,agrum_conditioned,3,1.8564497672529505,1.8876451783648367
synthetic,08-completions,restore,agrum_joint,3,1.8686092467209796,1.9245656854641482
synthetic,08-completions,restore,storm_sparse,3,1.748412930153019,1.888533974034161
synthetic,08-completions,restore,storm_compact,3,1.842041701443472,2.0709022067017155
synthetic,09-completions,initial,ours_direct,3,0.9518330370591029,1.2079538492097908
synthetic,09-completions,initial,ours_prepared,3,1.660030355249281,1.6700209345161539
synthetic,09-completions,initial,cudd_fixed,3,0.9956913678246111,1.1181166365300332
synthetic,09-completions,initial,cudd_sift,3,1.1843062424714257,1.3127892314246452
synthetic,09-completions,initial,agrum_conditioned,3,1.990124733382155,2.0261931325128923
synthetic,09-completions,initial,agrum_joint,3,2.0496262576219038,2.098839248097969
synthetic,09-completions,initial,storm_sparse,3,1.8259350539679875,1.963838891321094
synthetic,09-completions,initial,storm_compact,3,1.9541800927175474,2.1148465636762435
synthetic,09-completions,repeat,ours_direct,3,0.9206451852957813,1.1996715050314644
synthetic,09-completions,repeat,ours_prepared,3,0.6204671077275894,1.113751903046887
synthetic,09-completions,repeat,cudd_fixed,3,0.7691170149348777,1.4005226534166615
synthetic,09-completions,repeat,cudd_sift,3,0.8071696503737751,1.3606696297812926
synthetic,09-completions,repeat,agrum_conditioned,3,1.5943064841512122,1.6856832230725982
synthetic,09-completions,repeat,agrum_joint,3,0.8079136665015908,0.9877325182976799
synthetic,09-completions,repeat,storm_sparse,3,1.9568014394385205,2.416850906210087
synthetic,09-completions,repeat,storm_compact,3,1.6210591459260222,2.4624880418387876
synthetic,09-completions,counts,ours_direct,3,0.9252880492546672,1.2004866057358967
synthetic,09-completions,counts,ours_prepared,3,0.621783234206485,1.138957714981965
synthetic,09-completions,counts,cudd_fixed,3,0.7853086955572038,1.3853562132622528
synthetic,09-completions,counts,cudd_sift,3,1.2908619114655275,2.175104628133243
synthetic,09-completions,counts,agrum_conditioned,3,1.5733994175218153,1.6533627069622285
synthetic,09-completions,counts,agrum_joint,3,0.8053460493709758,0.9784387418248643
synthetic,09-completions,counts,storm_sparse,3,1.9036277393873346,2.2961898236882226
synthetic,09-completions,counts,storm_compact,3,1.6486920217021535,2.361731187926581
synthetic,09-completions,masks,ours_direct,3,0.9534603132190991,1.2077006412628664
synthetic,09-completions,masks,ours_prepared,3,0.6071964177865931,1.0965585092847132
synthetic,09-completions,masks,cudd_fixed,3,1.3422579855939094,2.487533290974373
synthetic,09-completions,masks,cudd_sift,3,0.8420073075262036,1.4852801016626072
synthetic,09-completions,masks,agrum_conditioned,3,1.9324558936071778,2.003480732725679
synthetic,09-completions,masks,agrum_joint,3,2.025664791797399,2.142522280226576
synthetic,09-completions,masks,storm_sparse,3,1.9510147937827642,2.1386064199788275
synthetic,09-completions,masks,storm_compact,3,1.8864681621582728,2.103983450750317
synthetic,09-completions,metadata,ours_direct,3,0.9614050706459714,1.225377904903584
synthetic,09-completions,metadata,ours_prepared,3,0.32804139702236407,1.095354351329927
synthetic,09-completions,metadata,cudd_fixed,3,0.8647832337915475,1.5624101721140384
synthetic,09-completions,metadata,cudd_sift,3,0.8929260071401388,1.5304716296001435
synthetic,09-completions,metadata,agrum_conditioned,3,1.5700102938959388,1.6537058732682852
synthetic,09-completions,metadata,agrum_joint,3,0.8419026746239253,1.014316256664231
synthetic,09-completions,metadata,storm_sparse,3,1.9852199566799509,2.444581433539892
synthetic,09-completions,metadata,storm_compact,3,1.5351328799816824,2.417663020623531
synthetic,09-completions,structure,ours_direct,3,0.9407938976988901,1.2036065686774493
synthetic,09-completions,structure,ours_prepared,3,1.6551609417771576,1.6647272581368413
synthetic,09-completions,structure,cudd_fixed,3,0.9537262156020143,1.555849168842328
synthetic,09-completions,structure,cudd_sift,3,1.4865655776752988,2.104084846055366
synthetic,09-completions,structure,agrum_conditioned,3,2.175870112165779,2.2123854542551378
synthetic,09-completions,structure,agrum_joint,3,2.2370117318428218,2.2881161933984857
synthetic,09-completions,structure,storm_sparse,3,1.7680653054091056,1.917058859965541
synthetic,09-completions,structure,storm_compact,3,2.1857948892312273,2.442246055435246
synthetic,09-completions,restore,ours_direct,3,0.6735115690440737,1.1550826483295478
synthetic,09-completions,restore,ours_prepared,3,1.6809161536307735,1.6907808562180935
synthetic,09-completions,restore,cudd_fixed,3,0.8353148370515494,1.367598505927271
synthetic,09-completions,restore,cudd_sift,3,1.368647203344611,1.8605476378244716
synthetic,09-completions,restore,agrum_conditioned,3,2.2197796611346887,2.2622514140995005
synthetic,09-completions,restore,agrum_joint,3,2.276509435798517,2.3270825785944638
synthetic,09-completions,restore,storm_sparse,3,2.006747463512813,2.2129225940344783
synthetic,09-completions,restore,storm_compact,3,2.3454437785673496,2.640252992850583
synthetic,10-unknown_controls,initial,ours_direct,3,0.8359995663323633,1.063480161744746
synthetic,10-unknown_controls,initial,ours_prepared,3,1.1556701505988152,1.1600261351160528
synthetic,10-unknown_controls,initial,cudd_fixed,3,0.926588544987246,0.9852376568742902
synthetic,10-unknown_controls,initial,cudd_sift,3,0.9633813637441468,1.0071172889538307
synthetic,10-unknown_controls,initial,agrum_conditioned,3,1.1763871835643116,1.1894801156037607
synthetic,10-unknown_controls,initial,agrum_joint,3,1.184062242894495,1.2019822699865994
synthetic,10-unknown_controls,initial,storm_sparse,3,1.1015957623000814,1.1534603167812798
synthetic,10-unknown_controls,initial,storm_compact,3,1.0668648740727513,1.1241194705579935
synthetic,10-unknown_controls,repeat,ours_direct,3,0.8179341624264364,1.0414515034127791
synthetic,10-unknown_controls,repeat,ours_prepared,3,0.7444330184846638,1.0039661674878126
synthetic,10-unknown_controls,repeat,cudd_fixed,3,0.9133243137083752,1.2061991875807638
synthetic,10-unknown_controls,repeat,cudd_sift,3,0.8932457972995294,1.1656192690214597
synthetic,10-unknown_controls,repeat,agrum_conditioned,3,1.0942655111340085,1.1170268457786345
synthetic,10-unknown_controls,repeat,agrum_joint,3,0.913730294625028,0.9862697849787797
synthetic,10-unknown_controls,repeat,storm_sparse,3,1.0408477958517264,1.164813221618063
synthetic,10-unknown_controls,repeat,storm_compact,3,0.9157588523344952,1.1291955473767388
synthetic,10-unknown_controls,counts,ours_direct,3,0.7883520263533847,0.9924802201467086
synthetic,10-unknown_controls,counts,ours_prepared,3,0.7697443661058004,1.0423588995894564
synthetic,10-unknown_controls,counts,cudd_fixed,3,0.7916134397970448,1.0339056983029467
synthetic,10-unknown_controls,counts,cudd_sift,3,0.8104244303436139,1.0464649852657806
synthetic,10-unknown_controls,counts,agrum_conditioned,3,1.100604699713206,1.1221927396226068
synthetic,10-unknown_controls,counts,agrum_joint,3,0.9139785413885035,0.9797827825850638
synthetic,10-unknown_controls,counts,storm_sparse,3,1.0876380547264028,1.2049082227937862
synthetic,10-unknown_controls,counts,storm_compact,3,0.971243504531722,1.1559719520863379
synthetic,10-unknown_controls,masks,ours_direct,3,0.9555301589569141,1.2293318309254564
synthetic,10-unknown_controls,masks,ours_prepared,3,0.8487034830134847,1.201937193844275
synthetic,10-unknown_controls,masks,cudd_fixed,3,0.9611793585926026,1.305172763379173
synthetic,10-unknown_controls,masks,cudd_sift,3,0.9805950938255064,1.2906865320360603
synthetic,10-unknown_controls,masks,agrum_conditioned,3,0.8710978407429797,0.8796270356896443
synthetic,10-unknown_controls,masks,agrum_joint,3,0.6764062354314172,0.6855728178654587
synthetic,10-unknown_controls,masks,storm_sparse,3,1.284184079477016,1.3914307112411044
synthetic,10-unknown_controls,masks,storm_compact,3,1.263212840851261,1.4047277813801777
synthetic,10-unknown_controls,metadata,ours_direct,3,0.9294722437424427,1.2389695155764835
synthetic,10-unknown_controls,metadata,ours_prepared,3,0.8229006289590896,1.1805286206245744
synthetic,10-unknown_controls,metadata,cudd_fixed,3,0.9721962058373096,1.352288248839973
synthetic,10-unknown_controls,metadata,cudd_sift,3,0.9573808355405843,1.2982093678718158
synthetic,10-unknown_controls,metadata,agrum_conditioned,3,1.3448138531059186,1.3783886424325311
synthetic,10-unknown_controls,metadata,agrum_joint,3,1.1101762249689304,1.2147032307562715
synthetic,10-unknown_controls,metadata,storm_sparse,3,1.2159857518536332,1.389237857067632
synthetic,10-unknown_controls,metadata,storm_compact,3,0.9354514142898755,1.1510712485296588
synthetic,10-unknown_controls,structure,ours_direct,3,0.9723844276778113,1.2643748632312881
synthetic,10-unknown_controls,structure,ours_prepared,3,1.1463660764240375,1.1498948661518418
synthetic,10-unknown_controls,structure,cudd_fixed,3,0.9567211526888623,1.279373041976128
synthetic,10-unknown_controls,structure,cudd_sift,3,1.119295943327646,1.334864973228827
synthetic,10-unknown_controls,structure,agrum_conditioned,3,1.4095558753852164,1.4256302664887912
synthetic,10-unknown_controls,structure,agrum_joint,3,1.3223161860926447,1.3424758420705036
synthetic,10-unknown_controls,structure,storm_sparse,3,1.269710462710087,1.4088579670440438
synthetic,10-unknown_controls,structure,storm_compact,3,1.1706665012393562,1.2987469445886217
synthetic,10-unknown_controls,restore,ours_direct,3,0.7899057597953343,1.0073662307953768
synthetic,10-unknown_controls,restore,ours_prepared,3,1.1654068208305215,1.1694192933663394
synthetic,10-unknown_controls,restore,cudd_fixed,3,0.8372385052333338,1.075039557311694
synthetic,10-unknown_controls,restore,cudd_sift,3,1.175458826585182,1.3612803796898152
synthetic,10-unknown_controls,restore,agrum_conditioned,3,1.2320911288370804,1.2447113018450302
synthetic,10-unknown_controls,restore,agrum_joint,3,1.2547587537006173,1.271889892383486
synthetic,10-unknown_controls,restore,storm_sparse,3,1.164655281744036,1.2590013855196645
synthetic,10-unknown_controls,restore,storm_compact,3,1.1971015130674003,1.3191371933006026
synthetic,11-unknown_controls,initial,ours_direct,3,0.8310719503550533,1.0076936008854063
synthetic,11-unknown_controls,initial,ours_prepared,3,1.2055623845581735,1.2102853754668206
synthetic,11-unknown_controls,initial,cudd_fixed,3,1.1612849602008892,1.2306525882864714
synthetic,11-unknown_controls,initial,cudd_sift,3,0.9646739660511477,1.006122659688681
synthetic,11-unknown_controls,initial,agrum_conditioned,3,1.181344898190723,1.1944684938441847
synthetic,11-unknown_controls,initial,agrum_joint,3,1.1821135104878397,1.1995049152588733
synthetic,11-unknown_controls,initial,storm_sparse,3,1.1885313879442247,1.2391527388383083
synthetic,11-unknown_controls,initial,storm_compact,3,1.1424988514701182,1.1982460363339005
synthetic,11-unknown_controls,repeat,ours_direct,3,0.8146201380325255,1.0099259091680335
synthetic,11-unknown_controls,repeat,ours_prepared,3,0.7487223526145362,1.0166716403063762
synthetic,11-unknown_controls,repeat,cudd_fixed,3,0.90937250593469,1.252079465167822
synthetic,11-unknown_controls,repeat,cudd_sift,3,0.9131488189967016,1.1791776808714831
synthetic,11-unknown_controls,repeat,agrum_conditioned,3,1.0896475987431915,1.112784804706792
synthetic,11-unknown_controls,repeat,agrum_joint,3,0.9165579387214949,0.9881082530014116
synthetic,11-unknown_controls,repeat,storm_sparse,3,1.236129692587775,1.3774217454455542
synthetic,11-unknown_controls,repeat,storm_compact,3,1.026404426739499,1.236410606645485
synthetic,11-unknown_controls,counts,ours_direct,3,0.8050833169082149,0.9895695247703624
synthetic,11-unknown_controls,counts,ours_prepared,3,0.7458333188081949,1.012520155327208
synthetic,11-unknown_controls,counts,cudd_fixed,3,0.7954770693267645,1.074594268699322
synthetic,11-unknown_controls,counts,cudd_sift,3,0.8110540953109141,1.0251837203891998
synthetic,11-unknown_controls,counts,agrum_conditioned,3,1.1018711921198372,1.1238268049518991
synthetic,11-unknown_controls,counts,agrum_joint,3,0.9129639877221045,0.9785782918892825
synthetic,11-unknown_controls,counts,storm_sparse,3,1.2204224663241057,1.3405141826574607
synthetic,11-unknown_controls,counts,storm_compact,3,1.044609658704553,1.2164448397280865
synthetic,11-unknown_controls,masks,ours_direct,3,0.8628183282369692,1.0437341206614417
synthetic,11-unknown_controls,masks,ours_prepared,3,0.7392294054054054,1.0284606930063054
synthetic,11-unknown_controls,masks,cudd_fixed,3,0.8420192962818766,1.0926249735738263
synthetic,11-unknown_controls,masks,cudd_sift,3,0.8364936413080508,1.051109355565267
synthetic,11-unknown_controls,masks,agrum_conditioned,3,1.1688500368426789,1.186024038143951
synthetic,11-unknown_controls,masks,agrum_joint,3,1.153782184852493,1.1809122196360877
synthetic,11-unknown_controls,masks,storm_sparse,3,1.2748612207893102,1.3497355029700289
synthetic,11-unknown_controls,masks,storm_compact,3,1.2402325526474547,1.329332507142469
synthetic,11-unknown_controls,metadata,ours_direct,3,0.8511702659479414,1.0277074986980714
synthetic,11-unknown_controls,metadata,ours_prepared,3,0.7626411274624308,1.0326292704094198
synthetic,11-unknown_controls,metadata,cudd_fixed,3,0.8097806213004558,1.0592100012264039
synthetic,11-unknown_controls,metadata,cudd_sift,3,0.8450679643119834,1.0836015091333862
synthetic,11-unknown_controls,metadata,agrum_conditioned,3,1.0961520044075774,1.1183354004628174
synthetic,11-unknown_controls,metadata,agrum_joint,3,0.9114992805083283,0.9819432927002648
synthetic,11-unknown_controls,metadata,storm_sparse,3,1.233347943474045,1.374192526758369
synthetic,11-unknown_controls,metadata,storm_compact,3,1.03328220612992,1.2479143544867382
synthetic,11-unknown_controls,structure,ours_direct,3,0.8485870336422676,1.035970593972168
synthetic,11-unknown_controls,structure,ours_prepared,3,1.1917148299454956,1.1955890719304838
synthetic,11-unknown_controls,structure,cudd_fixed,3,0.8242595595713154,1.038126169490244
synthetic,11-unknown_controls,structure,cudd_sift,3,1.0294799608632244,1.2027312953098415
synthetic,11-unknown_controls,structure,agrum_conditioned,3,1.2604153308227513,1.2733915651365915
synthetic,11-unknown_controls,structure,agrum_joint,3,1.2580335698381888,1.2759264731325062
synthetic,11-unknown_controls,structure,storm_sparse,3,1.3084022622522717,1.3934710934957915
synthetic,11-unknown_controls,structure,storm_compact,3,1.268829518831826,1.3843714104147433
synthetic,11-unknown_controls,restore,ours_direct,3,0.8199094848847438,1.0108423599941945
synthetic,11-unknown_controls,restore,ours_prepared,3,1.2226462452656754,1.2269163119733417
synthetic,11-unknown_controls,restore,cudd_fixed,3,0.8475190589080956,1.094249107090213
synthetic,11-unknown_controls,restore,cudd_sift,3,1.163664943123061,1.3595265936508671
synthetic,11-unknown_controls,restore,agrum_conditioned,3,1.245390213472277,1.258707905445502
synthetic,11-unknown_controls,restore,agrum_joint,3,1.2458604930653212,1.2630411666244081
synthetic,11-unknown_controls,restore,storm_sparse,3,1.2245430281689351,1.3026225133913458
synthetic,11-unknown_controls,restore,storm_compact,3,1.491774375530755,1.6063960287480623
synthetic,12-unknown_controls,initial,ours_direct,3,0.9232865765382676,1.0562045714258488
synthetic,12-unknown_controls,initial,ours_prepared,3,1.1671748316858432,1.171724095769405
synthetic,12-unknown_controls,initial,cudd_fixed,3,0.9282454710017274,0.9811736569724828
synthetic,12-unknown_controls,initial,cudd_sift,3,0.9647415135222708,1.0103757705007268
synthetic,12-unknown_controls,initial,agrum_conditioned,3,1.1876715380950915,1.200839647501537
synthetic,12-unknown_controls,initial,agrum_joint,3,1.192868430213349,1.210416133356368
synthetic,12-unknown_controls,initial,storm_sparse,3,1.1262718224388328,1.1674554785177977
synthetic,12-unknown_controls,initial,storm_compact,3,1.128410766551439,1.1728508119417735
synthetic,12-unknown_controls,repeat,ours_direct,3,0.9287566536890604,1.0662201068324382
synthetic,12-unknown_controls,repeat,ours_prepared,3,0.7583107287564267,1.0443816960968426
synthetic,12-unknown_controls,repeat,cudd_fixed,3,0.9142008263845389,1.2117887595912435
synthetic,12-unknown_controls,repeat,cudd_sift,3,0.8918662802626179,1.150079484917799
synthetic,12-unknown_controls,repeat,agrum_conditioned,3,1.1009250965331523,1.1268018289219033
synthetic,12-unknown_controls,repeat,agrum_joint,3,0.9214577679427046,0.9948937569793973
synthetic,12-unknown_controls,repeat,storm_sparse,3,1.10350099366104,1.2207850447341375
synthetic,12-unknown_controls,repeat,storm_compact,3,1.0142520411431553,1.2087598990574182
synthetic,12-unknown_controls,counts,ours_direct,3,0.9044621562178413,1.0349300496661789
synthetic,12-unknown_controls,counts,ours_prepared,3,0.7570722480705775,1.026898898219621
synthetic,12-unknown_controls,counts,cudd_fixed,3,0.8033511696197642,1.054139105264539
synthetic,12-unknown_controls,counts,cudd_sift,3,0.7862660078652819,0.9956129334455698
synthetic,12-unknown_controls,counts,agrum_conditioned,3,1.1051391337778897,1.126632327213429
synthetic,12-unknown_controls,counts,agrum_joint,3,0.9079349946502452,0.9783524318219252
synthetic,12-unknown_controls,counts,storm_sparse,3,1.110586842639026,1.1932110597379342
synthetic,12-unknown_controls,counts,storm_compact,3,0.9936499566314462,1.1395783676383375
synthetic,12-unknown_controls,masks,ours_direct,3,0.9325784062633514,1.0578907117002074
synthetic,12-unknown_controls,masks,ours_prepared,3,0.7355964441906819,0.9880808461970283
synthetic,12-unknown_controls,masks,cudd_fixed,3,0.8301468360211551,1.069293660367243
synthetic,12-unknown_controls,masks,cudd_sift,3,0.8127690480230783,1.0343617984940552
synthetic,12-unknown_controls,masks,agrum_conditioned,3,1.1670031616303214,1.184070582051991
synthetic,12-unknown_controls,masks,agrum_joint,3,1.1580930563330178,1.1861282988477075
synthetic,12-unknown_controls,masks,storm_sparse,3,1.1709623359461305,1.2238859413929606
synthetic,12-unknown_controls,masks,storm_compact,3,1.2130206649882096,1.2771368701397898
synthetic,12-unknown_controls,metadata,ours_direct,3,0.8607337708719147,0.967322744951262
synthetic,12-unknown_controls,metadata,ours_prepared,3,0.7605467535440577,1.0354952143638947
synthetic,12-unknown_controls,metadata,cudd_fixed,3,0.8188455090416913,1.0841123038129314
synthetic,12-unknown_controls,metadata,cudd_sift,3,0.816093266687743,1.049194019878059
synthetic,12-unknown_controls,metadata,agrum_conditioned,3,1.108733055284544,1.1333492619568546
synthetic,12-unknown_controls,metadata,agrum_joint,3,0.9211067481099999,0.9958023744896771
synthetic,12-unknown_controls,metadata,storm_sparse,3,1.111312906495094,1.205610695814226
synthetic,12-unknown_controls,metadata,storm_compact,3,1.0248927284872975,1.2326314400018752
synthetic,12-unknown_controls,structure,ours_direct,3,0.8836063899818155,1.0073726491730755
synthetic,12-unknown_controls,structure,ours_prepared,3,1.1589053502989806,1.1626782548022163
synthetic,12-unknown_controls,structure,cudd_fixed,3,0.8689193596785346,1.0996800243287288
synthetic,12-unknown_controls,structure,cudd_sift,3,1.0263701452584046,1.2043436952421864
synthetic,12-unknown_controls,structure,agrum_conditioned,3,1.2694156157738257,1.2826491703921294
synthetic,12-unknown_controls,structure,agrum_joint,3,1.2669553469034174,1.2833076293566892
synthetic,12-unknown_controls,structure,storm_sparse,3,1.159260807557202,1.2095017163793726
synthetic,12-unknown_controls,structure,storm_compact,3,1.3769734797111826,1.4527203592312128
synthetic,12-unknown_controls,restore,ours_direct,3,0.8664729556486148,1.004800857649931
synthetic,12-unknown_controls,restore,ours_prepared,3,1.1736453065555532,1.1777784840461905
synthetic,12-unknown_controls,restore,cudd_fixed,3,0.8440596585864433,1.0936231174459827
synthetic,12-unknown_controls,restore,cudd_sift,3,1.1839287347339191,1.3808255323276908
synthetic,12-unknown_controls,restore,agrum_conditioned,3,1.2414882350070067,1.2544002518470208
synthetic,12-unknown_controls,restore,agrum_joint,3,1.2579731391737878,1.2759271656418119
synthetic,12-unknown_controls,restore,storm_sparse,3,1.1795602119936044,1.2325727684808476
synthetic,12-unknown_controls,restore,storm_compact,3,1.0030195729967275,1.049574176515067
synthetic,13-unknown_controls,initial,ours_direct,3,1.0003666590621394,1.0656099947700937
synthetic,13-unknown_controls,initial,ours_prepared,3,1.1919011296383049,1.1966074014449077
synthetic,13-unknown_controls,initial,cudd_fixed,3,0.9520014564892271,0.9984145857083833
synthetic,13-unknown_controls,initial,cudd_sift,3,0.9739589088603248,1.0133656741126098
synthetic,13-unknown_controls,initial,agrum_conditioned,3,1.179929234824596,1.1930250639725966
synthetic,13-unknown_controls,initial,agrum_joint,3,1.1878141556008912,1.2060880716959854
synthetic,13-unknown_controls,initial,storm_sparse,3,1.1168845932272518,1.1367868571144946
synthetic,13-unknown_controls,initial,storm_compact,3,1.109297814333293,1.134081427252057
synthetic,13-unknown_controls,repeat,ours_direct,3,0.9939642911652249,1.0565704975183239
synthetic,13-unknown_controls,repeat,ours_prepared,3,0.7336344311146505,1.019105709389375
synthetic,13-unknown_controls,repeat,cudd_fixed,3,0.9317963623746451,1.2423875341550674
synthetic,13-unknown_controls,repeat,cudd_sift,3,0.92039410561622,1.187058678075954
synthetic,13-unknown_controls,repeat,agrum_conditioned,3,1.0911006623031376,1.1140215176983712
synthetic,13-unknown_controls,repeat,agrum_joint,3,0.927230688993801,0.9998114167648202
synthetic,13-unknown_controls,repeat,storm_sparse,3,1.0785174312447428,1.1303975253939724
synthetic,13-unknown_controls,repeat,storm_compact,3,1.0128344791353274,1.193756137957394
synthetic,13-unknown_controls,counts,ours_direct,3,0.974164186942062,1.0353463257801656
synthetic,13-unknown_controls,counts,ours_prepared,3,0.7735714273536477,1.0541864886125263
synthetic,13-unknown_controls,counts,cudd_fixed,3,0.8198785797323891,1.1097656680967636
synthetic,13-unknown_controls,counts,cudd_sift,3,0.8118018326403086,1.031916154720481
synthetic,13-unknown_controls,counts,agrum_conditioned,3,1.0882629290733061,1.108654532877381
synthetic,13-unknown_controls,counts,agrum_joint,3,0.9398084322971051,1.0096812876632328
synthetic,13-unknown_controls,counts,storm_sparse,3,1.0709723196708199,1.1175178137282389
synthetic,13-unknown_controls,counts,storm_compact,3,1.0324282266788716,1.188199962159665
synthetic,13-unknown_controls,masks,ours_direct,3,0.9921140468518184,1.0502891896276565
synthetic,13-unknown_controls,masks,ours_prepared,3,0.7600414756603362,1.0567207633377504
synthetic,13-unknown_controls,masks,cudd_fixed,3,0.8363543567935294,1.0960324736447704
synthetic,13-unknown_controls,masks,cudd_sift,3,0.8455540181828827,1.0841190862358083
synthetic,13-unknown_controls,masks,agrum_conditioned,3,1.1586556018809866,1.1755870192190132
synthetic,13-unknown_controls,masks,agrum_joint,3,1.1639457424126656,1.1922963233599886
synthetic,13-unknown_controls,masks,storm_sparse,3,1.201327020116097,1.224488758404189
synthetic,13-unknown_controls,masks,storm_compact,3,1.1637742658022872,1.1909121154784283
synthetic,13-unknown_controls,metadata,ours_direct,3,1.0121744817479166,1.07172019523771
synthetic,13-unknown_controls,metadata,ours_prepared,3,0.7570906240455354,1.038569737888753
synthetic,13-unknown_controls,metadata,cudd_fixed,3,0.8235930563501662,1.0896972231868598
synthetic,13-unknown_controls,metadata,cudd_sift,3,0.8004601505580334,1.062256318395229
synthetic,13-unknown_controls,metadata,agrum_conditioned,3,1.098519011852112,1.1235782173413817
synthetic,13-unknown_controls,metadata,agrum_joint,3,0.9283874376887633,1.0006491368405823
synthetic,13-unknown_controls,metadata,storm_sparse,3,1.076083290965457,1.1270580063144624
synthetic,13-unknown_controls,metadata,storm_compact,3,0.9621412344414936,1.2271995201004615
synthetic,13-unknown_controls,structure,ours_direct,3,0.9863252875646098,1.0446287049670508
synthetic,13-unknown_controls,structure,ours_prepared,3,1.1734293880206301,1.1772250432293436
synthetic,13-unknown_controls,structure,cudd_fixed,3,0.8817223940610387,1.134642669362993
synthetic,13-unknown_controls,structure,cudd_sift,3,1.020187493390835,1.2102943111539979
synthetic,13-unknown_controls,structure,agrum_conditioned,3,1.263415615972934,1.2759878987700002
synthetic,13-unknown_controls,structure,agrum_joint,3,1.2673829818329592,1.2908646377836523
synthetic,13-unknown_controls,structure,storm_sparse,3,1.0502196814705416,1.0692471102031256
synthetic,13-unknown_controls,structure,storm_compact,3,1.1665043219347684,1.2000231000989179
synthetic,13-unknown_controls,restore,ours_direct,3,0.9586499892171663,1.017553287925602
synthetic,13-unknown_controls,restore,ours_prepared,3,1.1814820931605508,1.185666115389472
synthetic,13-unknown_controls,restore,cudd_fixed,3,0.8437450794355734,1.0969126516915688
synthetic,13-unknown_controls,restore,cudd_sift,3,1.203000131174277,1.3935999721114805
synthetic,13-unknown_controls,restore,agrum_conditioned,3,1.2370216091956192,1.2497389183973358
synthetic,13-unknown_controls,restore,agrum_joint,3,1.2564518122925359,1.2743663466562174
synthetic,13-unknown_controls,restore,storm_sparse,3,1.114140867225374,1.138883354909901
synthetic,13-unknown_controls,restore,storm_compact,3,1.1739693196639103,1.205536944767527
synthetic,14-unknown_controls,initial,ours_direct,3,1.0549627618291004,1.0774950853900327
synthetic,14-unknown_controls,initial,ours_prepared,3,1.1653665435677243,1.1703921433904259
synthetic,14-unknown_controls,initial,cudd_fixed,3,0.9657825343167061,1.010571190272293
synthetic,14-unknown_controls,initial,cudd_sift,3,0.9909046391441345,1.0310401188481901
synthetic,14-unknown_controls,initial,agrum_conditioned,3,1.1965065579923708,1.2127049760730404
synthetic,14-unknown_controls,initial,agrum_joint,3,1.1883220141260544,1.2074730136010914
synthetic,14-unknown_controls,initial,storm_sparse,3,1.0987459280879026,1.1059583354014693
synthetic,14-unknown_controls,initial,storm_compact,3,1.0988988559041093,1.10814670041444
synthetic,14-unknown_controls,repeat,ours_direct,3,1.051727995557816,1.072257728778347
synthetic,14-unknown_controls,repeat,ours_prepared,3,0.7525828400186682,1.036137948597844
synthetic,14-unknown_controls,repeat,cudd_fixed,3,0.9227014292819637,1.2323530353099321
synthetic,14-unknown_controls,repeat,cudd_sift,3,0.9151428991617236,1.1465779412492936
synthetic,14-unknown_controls,repeat,agrum_conditioned,3,1.1049286589266851,1.128371669830243
synthetic,14-unknown_controls,repeat,agrum_joint,3,0.919867271988132,0.9929006323284296
synthetic,14-unknown_controls,repeat,storm_sparse,3,1.02627329487398,1.0460961064964431
synthetic,14-unknown_controls,repeat,storm_compact,3,1.0110490377537822,1.1972273053424418
synthetic,14-unknown_controls,counts,ours_direct,3,1.045057223278733,1.066672764214684
synthetic,14-unknown_controls,counts,ours_prepared,3,0.7625406947416626,1.0388346761808
synthetic,14-unknown_controls,counts,cudd_fixed,3,0.7873755618255242,1.0624302703238762
synthetic,14-unknown_controls,counts,cudd_sift,3,0.8055688469499032,1.0359351871669296
synthetic,14-unknown_controls,counts,agrum_conditioned,3,1.0994259145039618,1.120844877231318
synthetic,14-unknown_controls,counts,agrum_joint,3,0.92870411050041,1.0022628210116549
synthetic,14-unknown_controls,counts,storm_sparse,3,1.0257537977330748,1.0437857899787781
synthetic,14-unknown_controls,counts,storm_compact,3,0.90476738276671,1.0258975936384553
synthetic,14-unknown_controls,masks,ours_direct,3,1.0447341002911283,1.0645143607534078
synthetic,14-unknown_controls,masks,ours_prepared,3,0.770535023051117,1.0685128754646218
synthetic,14-unknown_controls,masks,cudd_fixed,3,0.8354064283404461,1.0853172095668384
synthetic,14-unknown_controls,masks,cudd_sift,3,0.8592849701048761,1.103107761705057
synthetic,14-unknown_controls,masks,agrum_conditioned,3,1.1820913837692968,1.1996563070294994
synthetic,14-unknown_controls,masks,agrum_joint,3,1.1519539735671966,1.1797424414980975
synthetic,14-unknown_controls,masks,storm_sparse,3,1.1045768560419549,1.111702189377024
synthetic,14-unknown_controls,masks,storm_compact,3,1.111695286389305,1.121417616806057
synthetic,14-unknown_controls,metadata,ours_direct,3,0.9522187818928689,0.9684094748274131
synthetic,14-unknown_controls,metadata,ours_prepared,3,0.7420314462922831,1.0246982470195165
synthetic,14-unknown_controls,metadata,cudd_fixed,3,0.824192939900215,1.0789140799844312
synthetic,14-unknown_controls,metadata,cudd_sift,3,0.8488074771205696,1.0994426446380385
synthetic,14-unknown_controls,metadata,agrum_conditioned,3,1.1080623066316002,1.1297441647120892
synthetic,14-unknown_controls,metadata,agrum_joint,3,0.9236327637814916,0.9953528348687715
synthetic,14-unknown_controls,metadata,storm_sparse,3,1.0255804516991818,1.0453840704307886
synthetic,14-unknown_controls,metadata,storm_compact,3,0.9998866856585249,1.1940990537570357
synthetic,14-unknown_controls,structure,ours_direct,3,1.1267881285213228,1.1486295470054495
synthetic,14-unknown_controls,structure,ours_prepared,3,1.1618196546527186,1.1655626291750838
synthetic,14-unknown_controls,structure,cudd_fixed,3,0.8870338995457613,1.1282374497622694
synthetic,14-unknown_controls,structure,cudd_sift,3,1.020885733806846,1.2136749993731666
synthetic,14-unknown_controls,structure,agrum_conditioned,3,1.2637571666677083,1.276178994292439
synthetic,14-unknown_controls,structure,agrum_joint,3,1.282914958635385,1.2996265508861
synthetic,14-unknown_controls,structure,storm_sparse,3,1.095245708982682,1.1022873062729357
synthetic,14-unknown_controls,structure,storm_compact,3,1.09491106134877,1.1118664660642037
synthetic,14-unknown_controls,restore,ours_direct,3,1.0423612198287717,1.0637085772119763
synthetic,14-unknown_controls,restore,ours_prepared,3,1.1749240173712299,1.179068453752022
synthetic,14-unknown_controls,restore,cudd_fixed,3,0.8467430458205731,1.0974070509828142
synthetic,14-unknown_controls,restore,cudd_sift,3,1.2072330107322833,1.4133930178810363
synthetic,14-unknown_controls,restore,agrum_conditioned,3,1.2629606687715818,1.2757602851372647
synthetic,14-unknown_controls,restore,agrum_joint,3,1.2714391794293416,1.290576468797003
synthetic,14-unknown_controls,restore,storm_sparse,3,1.101534703642761,1.1095970597265956
synthetic,14-unknown_controls,restore,storm_compact,3,1.0862272437006202,1.0960748788024552
synthetic,15-unknown_controls,initial,ours_direct,3,1.0683035373399477,1.0747623669460293
synthetic,15-unknown_controls,initial,ours_prepared,3,1.1907533472125382,1.1954067590045327
synthetic,15-unknown_controls,initial,cudd_fixed,3,0.9590178210072141,1.0017299797612955
synthetic,15-unknown_controls,initial,cudd_sift,3,0.964316219409177,0.9998757732707924
synthetic,15-unknown_controls,initial,agrum_conditioned,3,1.186852335196563,1.2001896039292508
synthetic,15-unknown_controls,initial,agrum_joint,3,1.1924758986269728,1.2106751901127184
synthetic,15-unknown_controls,initial,storm_sparse,3,1.1333004219489033,1.136115554898144
synthetic,15-unknown_controls,initial,storm_compact,3,1.1438509174960183,1.1470162748948836
synthetic,15-unknown_controls,repeat,ours_direct,3,1.067639474633569,1.0736709789281478
synthetic,15-unknown_controls,repeat,ours_prepared,3,0.7460219879628406,1.0213246094574746
synthetic,15-unknown_controls,repeat,cudd_fixed,3,0.8653725485445714,1.0887075776001764
synthetic,15-unknown_controls,repeat,cudd_sift,3,0.8250554072029915,1.0121065342414026
synthetic,15-unknown_controls,repeat,agrum_conditioned,3,1.1065943314935416,1.1329538665797707
synthetic,15-unknown_controls,repeat,agrum_joint,3,0.9310281576237213,1.0062916717121597
synthetic,15-unknown_controls,repeat,storm_sparse,3,1.0270814829749333,1.036979271977221
synthetic,15-unknown_controls,repeat,storm_compact,3,1.069189155984126,1.2611151981321524
synthetic,15-unknown_controls,counts,ours_direct,3,1.0773176551531343,1.0829482977961467
synthetic,15-unknown_controls,counts,ours_prepared,3,0.7644330345487773,1.044769218976074
synthetic,15-unknown_controls,counts,cudd_fixed,3,0.9484545006676944,1.190555853463528
synthetic,15-unknown_controls,counts,cudd_sift,3,0.9354359243451413,1.1596197535729602
synthetic,15-unknown_controls,counts,agrum_conditioned,3,1.112407079705256,1.1342276683068808
synthetic,15-unknown_controls,counts,agrum_joint,3,0.9338762269187753,1.0027273086974298
synthetic,15-unknown_controls,counts,storm_sparse,3,1.0220770261683312,1.0306606074399656
synthetic,15-unknown_controls,counts,storm_compact,3,1.0863183053761443,1.243743157424642
synthetic,15-unknown_controls,masks,ours_direct,3,1.077836822485542,1.0831324802780213
synthetic,15-unknown_controls,masks,ours_prepared,3,0.7532386526361657,1.0247606763914883
synthetic,15-unknown_controls,masks,cudd_fixed,3,0.8600500295766034,1.0689500343767977
synthetic,15-unknown_controls,masks,cudd_sift,3,0.8706263359025843,1.066374709775791
synthetic,15-unknown_controls,masks,agrum_conditioned,3,1.1717732664870988,1.1890846264350157
synthetic,15-unknown_controls,masks,agrum_joint,3,1.1641053506706402,1.194383421788138
synthetic,15-unknown_controls,masks,storm_sparse,3,1.1440519542082361,1.1463663617686055
synthetic,15-unknown_controls,masks,storm_compact,3,1.1762363526699895,1.1796637468627418
synthetic,15-unknown_controls,metadata,ours_direct,3,1.0666309509317522,1.0719542736126093
synthetic,15-unknown_controls,metadata,ours_prepared,3,0.734788360932163,0.9975784818727034
synthetic,15-unknown_controls,metadata,cudd_fixed,3,0.8455251991268681,1.0503840024345514
synthetic,15-unknown_controls,metadata,cudd_sift,3,0.8469020744641124,1.052647166425672
synthetic,15-unknown_controls,metadata,agrum_conditioned,3,1.1026657703424336,1.124612873464308
synthetic,15-unknown_controls,metadata,agrum_joint,3,0.9377387692644005,1.01237484913903
synthetic,15-unknown_controls,metadata,storm_sparse,3,1.0121625362035862,1.0206502662850387
synthetic,15-unknown_controls,metadata,storm_compact,3,1.1054740266782344,1.3054124702477703
synthetic,15-unknown_controls,structure,ours_direct,3,1.061667511728307,1.0674515029668346
synthetic,15-unknown_controls,structure,ours_prepared,3,1.179740775807469,1.1836400597889072
synthetic,15-unknown_controls,structure,cudd_fixed,3,0.8918196740084743,1.0888135379331252
synthetic,15-unknown_controls,structure,cudd_sift,3,1.0204035006545853,1.1761895328877965
synthetic,15-unknown_controls,structure,agrum_conditioned,3,1.2707897532795374,1.2849568856588296
synthetic,15-unknown_controls,structure,agrum_joint,3,1.2900321801806487,1.3071534245059562
synthetic,15-unknown_controls,structure,storm_sparse,3,1.132081356951146,1.134617177479457
synthetic,15-unknown_controls,structure,storm_compact,3,1.1340875260132262,1.1368509489129437
synthetic,15-unknown_controls,restore,ours_direct,3,1.0682576358177829,1.0737036454726523
synthetic,15-unknown_controls,restore,ours_prepared,3,1.196786941667273,1.2010014937134659
synthetic,15-unknown_controls,restore,cudd_fixed,3,0.8603083270385873,1.091239264608932
synthetic,15-unknown_controls,restore,cudd_sift,3,1.163218397718481,1.333924225995309
synthetic,15-unknown_controls,restore,agrum_conditioned,3,1.2758418267224207,1.2889770515352716
synthetic,15-unknown_controls,restore,agrum_joint,3,1.268644731324124,1.286461676021569
synthetic,15-unknown_controls,restore,storm_sparse,3,1.1508284425181854,1.153408946915321
synthetic,15-unknown_controls,restore,storm_compact,3,1.1538730045523988,1.1570662939855505
synthetic,16-categories,initial,ours_direct,3,0.9181160216595523,1.0877353927763476
synthetic,16-categories,initial,ours_prepared,3,1.3343018248941367,1.3399684796887819
synthetic,16-categories,initial,cudd_fixed,3,0.9789833083143153,1.0374838968425657
synthetic,16-categories,initial,cudd_sift,3,1.0321900382420115,1.0896027318996384
synthetic,16-categories,initial,agrum_conditioned,3,1.4081486592004335,1.4335664896753209
synthetic,16-categories,initial,agrum_joint,3,1.4001595972578544,1.4331061192629315
synthetic,16-categories,initial,storm_sparse,3,1.2888948217452052,1.342152944706163
synthetic,16-categories,initial,storm_compact,3,1.3036248297853734,1.3675486495603397
synthetic,16-categories,repeat,ours_direct,3,0.895025125104719,1.0680351180026524
synthetic,16-categories,repeat,ours_prepared,3,0.7343676478276782,1.0754640874020547
synthetic,16-categories,repeat,cudd_fixed,3,0.804796703378148,1.1393518802998648
synthetic,16-categories,repeat,cudd_sift,3,0.8554531931955216,1.167584144107812
synthetic,16-categories,repeat,agrum_conditioned,3,1.2400268299832458,1.275495488888443
synthetic,16-categories,repeat,agrum_joint,3,0.8996075710671206,0.9902977350799104
synthetic,16-categories,repeat,storm_sparse,3,1.3234292999082407,1.478136310487817
synthetic,16-categories,repeat,storm_compact,3,1.1631115925922466,1.4894004347582708
synthetic,16-categories,counts,ours_direct,3,0.91099630631299,1.0898179067579286
synthetic,16-categories,counts,ours_prepared,3,0.7146183516006659,1.0460691494343088
synthetic,16-categories,counts,cudd_fixed,3,0.8066406610818607,1.1426357405790437
synthetic,16-categories,counts,cudd_sift,3,0.822228150280411,1.116917399606576
synthetic,16-categories,counts,agrum_conditioned,3,1.267541907737303,1.3001602824273966
synthetic,16-categories,counts,agrum_joint,3,0.8974713520491563,0.9845499639764806
synthetic,16-categories,counts,storm_sparse,3,1.30351456524688,1.4409370722001322
synthetic,16-categories,counts,storm_compact,3,1.1798246462763204,1.4229932870296522
synthetic,16-categories,masks,ours_direct,3,0.9298555296457192,1.0946674822548574
synthetic,16-categories,masks,ours_prepared,3,0.7140316202503308,1.0595798999327566
synthetic,16-categories,masks,cudd_fixed,3,0.84950532254835,1.1863858804037677
synthetic,16-categories,masks,cudd_sift,3,0.8760242537266668,1.1831019561733143
synthetic,16-categories,masks,agrum_conditioned,3,1.3423205496096506,1.367261416885697
synthetic,16-categories,masks,agrum_joint,3,1.3589869380897905,1.40330425258022
synthetic,16-categories,masks,storm_sparse,3,1.4333789335505251,1.5091966487229374
synthetic,16-categories,masks,storm_compact,3,1.623473520107695,1.7664470673039354
synthetic,16-categories,metadata,ours_direct,3,0.9294841115294713,1.1011601368339492
synthetic,16-categories,metadata,ours_prepared,3,0.6840105602152522,1.0027134374139761
synthetic,16-categories,metadata,cudd_fixed,3,0.8515144329768248,1.1941965546180853
synthetic,16-categories,metadata,cudd_sift,3,0.8937817942118633,1.2502029875512788
synthetic,16-categories,metadata,agrum_conditioned,3,1.255039826579197,1.2900785307928835
synthetic,16-categories,metadata,agrum_joint,3,0.9137902019289185,1.0081991420550003
synthetic,16-categories,metadata,storm_sparse,3,1.3217334922925688,1.4743746884044029
synthetic,16-categories,metadata,storm_compact,3,1.087876096467902,1.3460864963732038
synthetic,16-categories,structure,ours_direct,3,0.920211340622403,1.0867707052832074
synthetic,16-categories,structure,ours_prepared,3,1.2975095816875175,1.3033303551502344
synthetic,16-categories,structure,cudd_fixed,3,0.8701060297765857,1.1730473666669903
synthetic,16-categories,structure,cudd_sift,3,1.1144268274913791,1.3733689898103303
synthetic,16-categories,structure,agrum_conditioned,3,1.4267257957169983,1.4421985905653432
synthetic,16-categories,structure,agrum_joint,3,1.4535366894580113,1.473962086583636
synthetic,16-categories,structure,storm_sparse,3,1.5103097348053798,1.5897778344405744
synthetic,16-categories,structure,storm_compact,3,1.492683210908936,1.6062377274595667
synthetic,16-categories,restore,ours_direct,3,0.8746691759394953,1.0381061769163802
synthetic,16-categories,restore,ours_prepared,3,1.3200635100829543,1.3254162216765994
synthetic,16-categories,restore,cudd_fixed,3,0.8142779910123464,1.1345715714603246
synthetic,16-categories,restore,cudd_sift,3,1.0854210466891643,1.2991455408437487
synthetic,16-categories,restore,agrum_conditioned,3,1.4346011484174017,1.4514145619875098
synthetic,16-categories,restore,agrum_joint,3,1.4598763472433431,1.4815300178327233
synthetic,16-categories,restore,storm_sparse,3,1.424186963921365,1.500191489775493
synthetic,16-categories,restore,storm_compact,3,1.2496886428832694,1.609081766096165
synthetic,17-categories,initial,ours_direct,3,5.329224156361733,7.019104038710631
synthetic,17-categories,initial,ours_prepared,3,1.3477857350596678,1.357716346427623
synthetic,17-categories,initial,cudd_fixed,3,1.2134933334186602,1.3584873937106874
synthetic,17-categories,initial,cudd_sift,3,1.2163582129415225,1.338368235761565
synthetic,17-categories,initial,agrum_conditioned,3,2.966253731599555,3.0432756913063925
synthetic,17-categories,initial,agrum_joint,3,2.122273381958324,2.1921262415019425
synthetic,17-categories,initial,storm_sparse,3,6.786610830912669,7.252291403246828
synthetic,17-categories,initial,storm_compact,3,5.8939271603742105,6.360378717232423
synthetic,17-categories,repeat,ours_direct,3,5.740353374998019,7.578771757530561
synthetic,17-categories,repeat,ours_prepared,3,1.4160262753186061,2.42308998898859
synthetic,17-categories,repeat,cudd_fixed,3,1.6904358084020434,2.8072597019499677
synthetic,17-categories,repeat,cudd_sift,3,1.6797091577624526,2.6463365967426964
synthetic,17-categories,repeat,agrum_conditioned,3,3.843426512088571,4.0084401567479455
synthetic,17-categories,repeat,agrum_joint,3,2.461732644508232,2.8591434000744917
synthetic,17-categories,repeat,storm_sparse,3,6.984994278229931,8.34937152469275
synthetic,17-categories,repeat,storm_compact,3,1.1747956851466694,1.7383323346522142
synthetic,17-categories,counts,ours_direct,3,5.812064069786551,7.679658860309209
synthetic,17-categories,counts,ours_prepared,3,1.4181529619611035,2.498312266052712
synthetic,17-categories,counts,cudd_fixed,3,1.76433543907786,3.0297679877367227
synthetic,17-categories,counts,cudd_sift,3,1.7220641146154096,2.7636362045583795
synthetic,17-categories,counts,agrum_conditioned,3,3.822761107123782,3.977104876879121
synthetic,17-categories,counts,agrum_joint,3,2.510152596751073,2.9075996285132746
synthetic,17-categories,counts,storm_sparse,3,6.725408668700757,7.82299773475524
synthetic,17-categories,counts,storm_compact,3,1.2539113018117152,1.7042694081200944
synthetic,17-categories,masks,ours_direct,3,5.647143191083888,7.340179245791973
synthetic,17-categories,masks,ours_prepared,3,1.3879580033976031,2.355479017492976
synthetic,17-categories,masks,cudd_fixed,3,1.7130818901528286,2.7706247386836256
synthetic,17-categories,masks,cudd_sift,3,1.7480205724748903,2.7806555786579543
synthetic,17-categories,masks,agrum_conditioned,3,3.979647269260102,4.105125989363366
synthetic,17-categories,masks,agrum_joint,3,2.903288112300433,3.05288737611236
synthetic,17-categories,masks,storm_sparse,3,8.887838948877814,9.653810214493806
synthetic,17-categories,masks,storm_compact,3,8.20154578701311,9.15246902840138
synthetic,17-categories,metadata,ours_direct,3,5.656279670141041,7.309443549313778
synthetic,17-categories,metadata,ours_prepared,3,1.429446936100327,2.608443402329324
synthetic,17-categories,metadata,cudd_fixed,3,1.7493568292614723,3.042725322140018
synthetic,17-categories,metadata,cudd_sift,3,1.7701536730200873,2.907140454178293
synthetic,17-categories,metadata,agrum_conditioned,3,3.859897693606732,4.033009348165751
synthetic,17-categories,metadata,agrum_joint,3,2.493016476904931,2.9348846430438416
synthetic,17-categories,metadata,storm_sparse,3,7.084824818215399,8.388661607137324
synthetic,17-categories,metadata,storm_compact,3,1.1847037482331013,1.6862883844966166
synthetic,17-categories,structure,ours_direct,3,5.486045452823239,7.3009344681864174
synthetic,17-categories,structure,ours_prepared,3,1.327909177075256,1.3359285353724721
synthetic,17-categories,structure,cudd_fixed,3,1.7196001706883086,2.775503370723193
synthetic,17-categories,structure,cudd_sift,3,1.7372085163394533,2.4140768441801277
synthetic,17-categories,structure,agrum_conditioned,3,2.9307295322042224,2.98634896220994
synthetic,17-categories,structure,agrum_joint,3,2.147350705843368,2.197685837154535
synthetic,17-categories,structure,storm_sparse,3,9.031093495601576,9.858597229448538
synthetic,17-categories,structure,storm_compact,3,8.404520500505193,9.375239339442249
synthetic,17-categories,restore,ours_direct,3,5.7822632275652195,7.503984664854971
synthetic,17-categories,restore,ours_prepared,3,1.3349672851606693,1.3435589889469575
synthetic,17-categories,restore,cudd_fixed,3,1.6828362806833512,2.716568519952217
synthetic,17-categories,restore,cudd_sift,3,1.6463389520973497,2.1584880819229544
synthetic,17-categories,restore,agrum_conditioned,3,2.9052570694720856,2.9595593211451416
synthetic,17-categories,restore,agrum_joint,3,2.161972001017092,2.216348180436787
synthetic,17-categories,restore,storm_sparse,3,8.935885143966527,9.713661175421883
synthetic,17-categories,restore,storm_compact,3,8.899244295282514,11.802208068495187
synthetic,18-categories,initial,ours_direct,3,17.838393587918127,31.883825999698015
synthetic,18-categories,initial,ours_prepared,3,1.3442220062514667,1.3675197684255878
synthetic,18-categories,initial,cudd_fixed,3,1.9737806334321142,2.4736376953808596
synthetic,18-categories,initial,cudd_sift,3,1.751354409521081,2.1386268093626595
synthetic,18-categories,initial,agrum_conditioned,3,9.433338807698977,9.92040337884643
synthetic,18-categories,initial,agrum_joint,3,5.203253534085546,5.5628483882873185
synthetic,18-categories,initial,storm_sparse,3,28.976242280449778,34.446471575643606
synthetic,18-categories,initial,storm_compact,3,23.405224498596937,28.492680913772038
synthetic,18-categories,repeat,ours_direct,3,18.765610597511905,35.63510248937995
synthetic,18-categories,repeat,ours_prepared,3,3.5155442234703442,10.775801748013425
synthetic,18-categories,repeat,cudd_fixed,3,3.7184074583977766,10.191134396085559
synthetic,18-categories,repeat,cudd_sift,3,3.9165826749183807,9.945751755260812
synthetic,18-categories,repeat,agrum_conditioned,3,14.235029352959872,15.811184182191127
synthetic,18-categories,repeat,agrum_joint,3,7.904045755001427,11.39687239391297
synthetic,18-categories,repeat,storm_sparse,3,24.586735230657816,36.46008327294488
synthetic,18-categories,repeat,storm_compact,3,0.8571117405924485,1.8685463498678712
synthetic,18-categories,counts,ours_direct,3,19.752582455088167,36.8403376653249
synthetic,18-categories,counts,ours_prepared,3,2.909600736348067,8.876447851224372
synthetic,18-categories,counts,cudd_fixed,3,3.7347682377208846,10.676172264068725
synthetic,18-categories,counts,cudd_sift,3,3.9168374239777974,10.210838440563805
synthetic,18-categories,counts,agrum_conditioned,3,14.185603810178993,15.753357313967793
synthetic,18-categories,counts,agrum_joint,3,7.957870874367512,11.38890953869769
synthetic,18-categories,counts,storm_sparse,3,23.669930223628377,34.12831276206446
synthetic,18-categories,counts,storm_compact,3,0.9344798785353449,1.8098689538319241
synthetic,18-categories,masks,ours_direct,3,18.70560534096789,34.09936960891419
synthetic,18-categories,masks,ours_prepared,3,2.825676987764155,8.53925723380297
synthetic,18-categories,masks,cudd_fixed,3,3.54164581669371,10.428537145085569
synthetic,18-categories,masks,cudd_sift,3,3.676571127728748,10.05025692100681
synthetic,18-categories,masks,agrum_conditioned,3,14.419625441231833,15.643654139277368
synthetic,18-categories,masks,agrum_joint,3,8.831395307760499,10.170249307989417
synthetic,18-categories,masks,storm_sparse,3,36.66598150397003,45.18138914835406
synthetic,18-categories,masks,storm_compact,3,29.657126985153837,38.48407378786198
synthetic,18-categories,metadata,ours_direct,3,19.125758144062388,35.07825419339727
synthetic,18-categories,metadata,ours_prepared,3,2.896142969937496,9.068426814889675
synthetic,18-categories,metadata,cudd_fixed,3,3.728322740865176,10.665855525209322
synthetic,18-categories,metadata,cudd_sift,3,3.9633278150654703,10.848050052508855
synthetic,18-categories,metadata,agrum_conditioned,3,14.130112873042942,15.87260055720251
synthetic,18-categories,metadata,agrum_joint,3,7.923479381351466,11.533602982677591
synthetic,18-categories,metadata,storm_sparse,3,23.891575725150023,37.28163312454813
synthetic,18-categories,metadata,storm_compact,3,0.621268585518502,1.888064069297852
synthetic,18-categories,structure,ours_direct,3,14.04828031598793,34.341974931418996
synthetic,18-categories,structure,ours_prepared,3,1.320255288356344,1.3623588753248224
synthetic,18-categories,structure,cudd_fixed,3,3.7452921961431542,9.575195881551256
synthetic,18-categories,structure,cudd_sift,3,3.572581898764852,7.289773342419167
synthetic,18-categories,structure,agrum_conditioned,3,9.096873174662345,9.527519949805168
synthetic,18-categories,structure,agrum_joint,3,5.034552522906458,5.348553903465777
synthetic,18-categories,structure,storm_sparse,3,36.98221445037873,45.79551767888208
synthetic,18-categories,structure,storm_compact,3,30.70282217556659,39.724305341319294
synthetic,18-categories,restore,ours_direct,3,19.55126112669851,36.78250073263472
synthetic,18-categories,restore,ours_prepared,3,1.336187557853626,1.35880791044577
synthetic,18-categories,restore,cudd_fixed,3,3.405282314007892,9.292965914922664
synthetic,18-categories,restore,cudd_sift,3,3.1985275524121226,6.273827103626733
synthetic,18-categories,restore,agrum_conditioned,3,9.226454762908082,9.712964668216648
synthetic,18-categories,restore,agrum_joint,3,5.145949689222567,5.495764038109745
synthetic,18-categories,restore,storm_sparse,3,32.88037849669709,39.94798181063381
synthetic,18-categories,restore,storm_compact,3,33.65907909552908,44.11966073488149
synthetic,19-categories,initial,ours_direct,3,26.661483072841754,66.06450304005415
synthetic,19-categories,initial,ours_prepared,3,1.4519642366472545,1.5010987014537975
synthetic,19-categories,initial,cudd_fixed,3,2.9897234439818132,4.789197011740146
synthetic,19-categories,initial,cudd_sift,3,2.916472258393693,4.3963634039508515
synthetic,19-categories,initial,agrum_conditioned,3,17.66674735313309,19.39717596126946
synthetic,19-categories,initial,agrum_joint,3,8.873837131789319,10.02146622528531
synthetic,19-categories,initial,storm_sparse,3,52.885762502290774,69.53549093317396
synthetic,19-categories,initial,storm_compact,3,41.41440939020231,57.16231890697635
synthetic,19-categories,repeat,ours_direct,3,28.113452785643283,71.83419597175103
synthetic,19-categories,repeat,ours_prepared,3,3.6776065594792726,17.169624214899578
synthetic,19-categories,repeat,cudd_fixed,3,4.965819130728517,20.846522621357057
synthetic,19-categories,repeat,cudd_sift,3,5.032921840662694,19.40775305096913
synthetic,19-categories,repeat,agrum_conditioned,3,26.524169223360975,31.70582092096241
synthetic,19-categories,repeat,agrum_joint,3,12.545818074285089,22.41354940135432
synthetic,19-categories,repeat,storm_sparse,3,39.81411555466422,74.04538417109211
synthetic,19-categories,repeat,storm_compact,3,0.6534096131990982,2.0204169951366944
synthetic,19-categories,counts,ours_direct,3,28.445971066502803,74.5027550787204
synthetic,19-categories,counts,ours_prepared,3,3.744421907628551,18.10754586833405
synthetic,19-categories,counts,cudd_fixed,3,5.00001177765064,21.724946234855658
synthetic,19-categories,counts,cudd_sift,3,5.085484273957771,20.299352625138717
synthetic,19-categories,counts,agrum_conditioned,3,27.40857424417393,32.800727193816826
synthetic,19-categories,counts,agrum_joint,3,12.59274688624171,22.581612859100893
synthetic,19-categories,counts,storm_sparse,3,38.2121119940961,67.44672404455555
synthetic,19-categories,counts,storm_compact,3,0.7188866005071901,1.945839007452149
synthetic,19-categories,masks,ours_direct,3,27.790511693858857,69.25705587248994
synthetic,19-categories,masks,ours_prepared,3,3.676134033089956,17.494591069345375
synthetic,19-categories,masks,cudd_fixed,3,4.6720226410876124,21.101877573759136
synthetic,19-categories,masks,cudd_sift,3,4.829879795754391,20.451267137372
synthetic,19-categories,masks,agrum_conditioned,3,27.1194605883034,31.44624834426151
synthetic,19-categories,masks,agrum_joint,3,15.200049485898404,19.342176346054217
synthetic,19-categories,masks,storm_sparse,3,66.60930323774446,96.9396610495338
synthetic,19-categories,masks,storm_compact,3,47.823440147773574,85.20285326713967
synthetic,19-categories,metadata,ours_direct,3,27.577256161811558,70.20301383805568
synthetic,19-categories,metadata,ours_prepared,3,3.649325907380879,17.959979704306683
synthetic,19-categories,metadata,cudd_fixed,3,4.8491239510353905,21.39736555569284
synthetic,19-categories,metadata,cudd_sift,3,5.112925088806825,21.120805215761894
synthetic,19-categories,metadata,agrum_conditioned,3,27.214574731865394,32.83071210379121
synthetic,19-categories,metadata,agrum_joint,3,12.487555548818538,22.659334226068633
synthetic,19-categories,metadata,storm_sparse,3,39.928790142605735,76.3875558073071
synthetic,19-categories,metadata,storm_compact,3,0.6773744155544632,2.1171333979445848
synthetic,19-categories,structure,ours_direct,3,27.0964944672734,70.669755715049
synthetic,19-categories,structure,ours_prepared,3,1.4125831700224818,1.4580780806153244
synthetic,19-categories,structure,cudd_fixed,3,4.787846870486768,19.020471917147106
synthetic,19-categories,structure,cudd_sift,3,4.621446258717008,13.723291458733708
synthetic,19-categories,structure,agrum_conditioned,3,17.120815524760477,18.656909163695573
synthetic,19-categories,structure,agrum_joint,3,8.446266606108322,9.468525762928952
synthetic,19-categories,structure,storm_sparse,3,58.4956042770857,96.06147747858363
synthetic,19-categories,structure,storm_compact,3,55.04348165760665,86.72127367396428
synthetic,19-categories,restore,ours_direct,3,28.373651063947136,75.12764239785722
synthetic,19-categories,restore,ours_prepared,3,1.4351577856358113,1.481509882535788
synthetic,19-categories,restore,cudd_fixed,3,5.107118837045863,20.595526322960378
synthetic,19-categories,restore,cudd_sift,3,4.83329112074424,12.738754203593679
synthetic,19-categories,restore,agrum_conditioned,3,17.553302834908788,19.225991297258346
synthetic,19-categories,restore,agrum_joint,3,8.668867667333021,9.732234518540407
synthetic,19-categories,restore,storm_sparse,3,64.60127737272809,93.5595723251178
synthetic,19-categories,restore,storm_compact,3,54.24151375603713,85.7141357147824
synthetic,20-graph_structure,initial,ours_direct,3,0.9184059155533159,1.0649930752930175
synthetic,20-graph_structure,initial,ours_prepared,3,1.1788517132922394,1.1836828559164554
synthetic,20-graph_structure,initial,cudd_fixed,3,0.9698195737689647,1.0324530996425632
synthetic,20-graph_structure,initial,cudd_sift,3,1.0301792012044533,1.0916779278329651
synthetic,20-graph_structure,initial,agrum_conditioned,3,1.2869968691519935,1.3084289607164492
synthetic,20-graph_structure,initial,agrum_joint,3,1.2905661484282178,1.3188954354370765
synthetic,20-graph_structure,initial,storm_sparse,3,1.2071890114457315,1.25479783226632
synthetic,20-graph_structure,initial,storm_compact,3,1.2210365074722012,1.2771499784562403
synthetic,20-graph_structure,repeat,ours_direct,3,0.9213394142903376,1.0644872075055274
synthetic,20-graph_structure,repeat,ours_prepared,3,0.7415996040133308,1.0811480032237084
synthetic,20-graph_structure,repeat,cudd_fixed,3,0.8048959413555066,1.111981782239185
synthetic,20-graph_structure,repeat,cudd_sift,3,0.7882441606462591,1.0684392127022444
synthetic,20-graph_structure,repeat,agrum_conditioned,3,1.1234989440564742,1.158259728028995
synthetic,20-graph_structure,repeat,agrum_joint,3,0.8916594907122647,0.9921193851876813
synthetic,20-graph_structure,repeat,storm_sparse,3,1.2272591250469567,1.3687887793132165
synthetic,20-graph_structure,repeat,storm_compact,3,1.0867048878435441,1.3454594403404547
synthetic,20-graph_structure,counts,ours_direct,3,0.8955835542782103,1.0348765750635656
synthetic,20-graph_structure,counts,ours_prepared,3,0.7053147870123128,1.0353359795730996
synthetic,20-graph_structure,counts,cudd_fixed,3,0.7970000624744835,1.1055582063490452
synthetic,20-graph_structure,counts,cudd_sift,3,0.7843887918757203,1.0321452842256749
synthetic,20-graph_structure,counts,agrum_conditioned,3,1.1578111878158137,1.1861544053998851
synthetic,20-graph_structure,counts,agrum_joint,3,0.9113655907838453,0.996652664189856
synthetic,20-graph_structure,counts,storm_sparse,3,1.2173969602831234,1.3482280733271668
synthetic,20-graph_structure,counts,storm_compact,3,1.0516900094534003,1.2680916290556077
synthetic,20-graph_structure,masks,ours_direct,3,0.9511261175440284,1.0892741783307989
synthetic,20-graph_structure,masks,ours_prepared,3,0.7036736476451394,1.0242526841809854
synthetic,20-graph_structure,masks,cudd_fixed,3,0.8322181038126759,1.16497015205702
synthetic,20-graph_structure,masks,cudd_sift,3,0.874083042426018,1.1910006081864728
synthetic,20-graph_structure,masks,agrum_conditioned,3,1.2568747599614447,1.2794164385429398
synthetic,20-graph_structure,masks,agrum_joint,3,1.2447940998920173,1.2813626766580057
synthetic,20-graph_structure,masks,storm_sparse,3,1.3058184717254193,1.3729742031764485
synthetic,20-graph_structure,masks,storm_compact,3,1.546621850958463,1.6549698172097473
synthetic,20-graph_structure,metadata,ours_direct,3,0.9437490729662115,1.0858286144454883
synthetic,20-graph_structure,metadata,ours_prepared,3,0.7288293498324474,1.0634508563047822
synthetic,20-graph_structure,metadata,cudd_fixed,3,0.8256709644204188,1.154367466865215
synthetic,20-graph_structure,metadata,cudd_sift,3,0.822006422087412,1.115078147862172
synthetic,20-graph_structure,metadata,agrum_conditioned,3,1.177433975527957,1.2074483467715467
synthetic,20-graph_structure,metadata,agrum_joint,3,0.9128687679004728,1.0034354411024613
synthetic,20-graph_structure,metadata,storm_sparse,3,1.1930297360993651,1.3300464197855226
synthetic,20-graph_structure,metadata,storm_compact,3,0.9618473604074351,1.2957713170847067
synthetic,20-graph_structure,structure,ours_direct,3,0.912928192907932,1.0510757321947648
synthetic,20-graph_structure,structure,ours_prepared,3,1.2107526967164153,1.216309521089248
synthetic,20-graph_structure,structure,cudd_fixed,3,0.8609014694756035,1.1370191635845313
synthetic,20-graph_structure,structure,cudd_sift,3,1.1196565484161491,1.3507260802657612
synthetic,20-graph_structure,structure,agrum_conditioned,3,1.3375876293100697,1.3528194162551033
synthetic,20-graph_structure,structure,agrum_joint,3,1.3257384073079674,1.344055474371262
synthetic,20-graph_structure,structure,storm_sparse,3,1.2690519728218452,1.3304550709770824
synthetic,20-graph_structure,structure,storm_compact,3,1.3403330166042495,1.429141058293246
synthetic,20-graph_structure,restore,ours_direct,3,0.8947190295525298,1.0330634817005262
synthetic,20-graph_structure,restore,ours_prepared,3,1.1892586417414615,1.1937715546062582
synthetic,20-graph_structure,restore,cudd_fixed,3,0.8098014246737262,1.0854676297674075
synthetic,20-graph_structure,restore,cudd_sift,3,1.2472119532920174,1.5115844278340675
synthetic,20-graph_structure,restore,agrum_conditioned,3,1.3447060851213801,1.3640583013291512
synthetic,20-graph_structure,restore,agrum_joint,3,1.3362257719954165,1.3563193124789186
synthetic,20-graph_structure,restore,storm_sparse,3,1.4461229542789258,1.523312552017064
synthetic,20-graph_structure,restore,storm_compact,3,1.109446575240224,1.39877063842586
synthetic,21-graph_structure,initial,ours_direct,3,0.9227167957378593,1.0970438196718615
synthetic,21-graph_structure,initial,ours_prepared,3,1.178515072264465,1.181548661985234
synthetic,21-graph_structure,initial,cudd_fixed,3,0.9654187223709765,1.06236642087812
synthetic,21-graph_structure,initial,cudd_sift,3,0.9951655571837053,1.0754859592526036
synthetic,21-graph_structure,initial,agrum_conditioned,3,1.3167698186371677,1.3291761117048206
synthetic,21-graph_structure,initial,agrum_joint,3,1.3128117217030293,1.3270021832931629
synthetic,21-graph_structure,initial,storm_sparse,3,1.3074902619696294,1.3623401140609936
synthetic,21-graph_structure,initial,storm_compact,3,1.2685368407369457,1.3235954591892711
synthetic,21-graph_structure,repeat,ours_direct,3,0.8919717630153252,1.0596366310765217
synthetic,21-graph_structure,repeat,ours_prepared,3,0.7380475741132925,1.16308787811879
synthetic,21-graph_structure,repeat,cudd_fixed,3,0.788031414574699,1.1732188981230571
synthetic,21-graph_structure,repeat,cudd_sift,3,0.7969250249304571,1.1609257655115222
synthetic,21-graph_structure,repeat,agrum_conditioned,3,1.245521927184333,1.2863800958558604
synthetic,21-graph_structure,repeat,agrum_joint,3,0.8930334053592788,1.0044617684604304
synthetic,21-graph_structure,repeat,storm_sparse,3,1.431435396491376,1.6288448629619663
synthetic,21-graph_structure,repeat,storm_compact,3,1.2598723153101528,1.6707228674980736
synthetic,21-graph_structure,counts,ours_direct,3,0.9096809172612901,1.091786315261166
synthetic,21-graph_structure,counts,ours_prepared,3,0.682577464695659,1.0671016271361902
synthetic,21-graph_structure,counts,cudd_fixed,3,0.790824156791586,1.1825770171426626
synthetic,21-graph_structure,counts,cudd_sift,3,0.8070037643753721,1.1689590568840622
synthetic,21-graph_structure,counts,agrum_conditioned,3,1.2559061220903454,1.2967278891967318
synthetic,21-graph_structure,counts,agrum_joint,3,0.8792616926608344,0.984316963772283
synthetic,21-graph_structure,counts,storm_sparse,3,1.454773947168396,1.6317936692477912
synthetic,21-graph_structure,counts,storm_compact,3,1.247950584164199,1.5726017311710279
synthetic,21-graph_structure,masks,ours_direct,3,0.889095892532657,1.057663088987313
synthetic,21-graph_structure,masks,ours_prepared,3,0.6694522190591408,1.0289439780098686
synthetic,21-graph_structure,masks,cudd_fixed,3,0.8324639317480043,1.234945067099248
synthetic,21-graph_structure,masks,cudd_sift,3,0.8648823502845271,1.2441724646634462
synthetic,21-graph_structure,masks,agrum_conditioned,3,1.383535407919483,1.4139505573817783
synthetic,21-graph_structure,masks,agrum_joint,3,1.3995395709272778,1.4461702701982933
synthetic,21-graph_structure,masks,storm_sparse,3,1.3651725478186176,1.4285030770159668
synthetic,21-graph_structure,masks,storm_compact,3,1.5040165085228077,1.5853068418427179
synthetic,21-graph_structure,metadata,ours_direct,3,0.9051567471190101,1.0675332669740152
synthetic,21-graph_structure,metadata,ours_prepared,3,0.6766511754130059,1.0625183006983858
synthetic,21-graph_structure,metadata,cudd_fixed,3,0.8448023276327127,1.2556800675560018
synthetic,21-graph_structure,metadata,cudd_sift,3,0.8574317363231637,1.2633822472195204
synthetic,21-graph_structure,metadata,agrum_conditioned,3,1.291654746318155,1.3346489218535087
synthetic,21-graph_structure,metadata,agrum_joint,3,0.8658823157015931,0.9823424540037093
synthetic,21-graph_structure,metadata,storm_sparse,3,1.4076528892691609,1.612551383358195
synthetic,21-graph_structure,metadata,storm_compact,3,0.7656593204176887,1.653721046427473
synthetic,21-graph_structure,structure,ours_direct,3,0.9331903750317314,1.102744463654498
synthetic,21-graph_structure,structure,ours_prepared,3,1.1475171981779533,1.1497224723869535
synthetic,21-graph_structure,structure,cudd_fixed,3,1.4615628726495662,2.1195076076008443
synthetic,21-graph_structure,structure,cudd_sift,3,1.6724823524531696,2.159725781516402
synthetic,21-graph_structure,structure,agrum_conditioned,3,1.333158537301071,1.3408746716137336
synthetic,21-graph_structure,structure,agrum_joint,3,1.3346480544649526,1.3434901646916237
synthetic,21-graph_structure,structure,storm_sparse,3,1.4464695095789788,1.5141678653266173
synthetic,21-graph_structure,structure,storm_compact,3,1.414993394378727,1.4909318038593786
synthetic,21-graph_structure,restore,ours_direct,3,0.9269196913444406,1.1034812179930211
synthetic,21-graph_structure,restore,ours_prepared,3,1.1717080396093094,1.1742926490473387
synthetic,21-graph_structure,restore,cudd_fixed,3,1.1991161623007975,1.8136462262138058
synthetic,21-graph_structure,restore,cudd_sift,3,1.4936854926146523,1.9468488878966113
synthetic,21-graph_structure,restore,agrum_conditioned,3,1.3763249903823758,1.3855854302038813
synthetic,21-graph_structure,restore,agrum_joint,3,1.3646276935007444,1.3755683388314273
synthetic,21-graph_structure,restore,storm_sparse,3,1.215294007364936,1.2707702556426208
synthetic,21-graph_structure,restore,storm_compact,3,1.4040081182532216,1.5202328717903322
synthetic,22-graph_structure,initial,ours_direct,3,0.9198205770731753,1.0978479292207273
synthetic,22-graph_structure,initial,ours_prepared,3,1.0686268768240557,1.0695995014683557
synthetic,22-graph_structure,initial,cudd_fixed,3,0.9983551962014308,1.0954266308990486
synthetic,22-graph_structure,initial,cudd_sift,3,1.2406898856273665,1.3675241198314598
synthetic,22-graph_structure,initial,agrum_conditioned,0,,
synthetic,22-graph_structure,initial,agrum_joint,0,,
synthetic,22-graph_structure,initial,storm_sparse,3,1.1900808458805945,1.222448151509952
synthetic,22-graph_structure,initial,storm_compact,3,1.2442042990673785,1.2783400703599992
synthetic,22-graph_structure,repeat,ours_direct,3,0.9108663283039916,1.0844543474737514
synthetic,22-graph_structure,repeat,ours_prepared,3,0.3236283886416341,1.0787250948007396
synthetic,22-graph_structure,repeat,cudd_fixed,3,0.7786649742173308,1.1881812183281961
synthetic,22-graph_structure,repeat,cudd_sift,3,0.8190357339780984,1.1803793491306451
synthetic,22-graph_structure,repeat,agrum_conditioned,0,,
synthetic,22-graph_structure,repeat,agrum_joint,0,,
synthetic,22-graph_structure,repeat,storm_sparse,3,1.4527637029015654,1.6538976197504778
synthetic,22-graph_structure,repeat,storm_compact,3,1.2490497377570864,1.6502046757915922
synthetic,22-graph_structure,counts,ours_direct,3,0.9070891869955516,1.076490704470559
synthetic,22-graph_structure,counts,ours_prepared,3,0.6823067019737661,1.0669440529167615
synthetic,22-graph_structure,counts,cudd_fixed,3,0.8004336525359056,1.2050160104259422
synthetic,22-graph_structure,counts,cudd_sift,3,0.8603132277229507,1.2383433117790212
synthetic,22-graph_structure,counts,agrum_conditioned,0,,
synthetic,22-graph_structure,counts,agrum_joint,0,,
synthetic,22-graph_structure,counts,storm_sparse,3,1.3606589296858809,1.5384446114545465
synthetic,22-graph_structure,counts,storm_compact,3,1.2643712971409948,1.596456937773668
synthetic,22-graph_structure,masks,ours_direct,3,0.905541540545127,1.0692142638193523
synthetic,22-graph_structure,masks,ours_prepared,3,1.8832433626306524,2.9352870140578724
synthetic,22-graph_structure,masks,cudd_fixed,3,0.8454479712897629,1.2650756449623675
synthetic,22-graph_structure,masks,cudd_sift,3,0.8909782276620186,1.280538010102288
synthetic,22-graph_structure,masks,agrum_conditioned,0,,
synthetic,22-graph_structure,masks,agrum_joint,0,,
synthetic,22-graph_structure,masks,storm_sparse,3,1.2136649113646951,1.2476049059814234
synthetic,22-graph_structure,masks,storm_compact,3,1.1738435272483279,1.2077201733440566
synthetic,22-graph_structure,metadata,ours_direct,3,0.8969746748362126,1.0512805855182115
synthetic,22-graph_structure,metadata,ours_prepared,3,0.6797125716958109,1.0648138584655047
synthetic,22-graph_structure,metadata,cudd_fixed,3,0.8208299717751725,1.3006254643333632
synthetic,22-graph_structure,metadata,cudd_sift,3,0.8777719780725152,1.329725226073194
synthetic,22-graph_structure,metadata,agrum_conditioned,0,,
synthetic,22-graph_structure,metadata,agrum_joint,0,,
synthetic,22-graph_structure,metadata,storm_sparse,3,1.4387361529370282,1.6622427697768907
synthetic,22-graph_structure,metadata,storm_compact,3,1.1164533179493576,1.437223972862729
synthetic,22-graph_structure,structure,ours_direct,3,0.9596978361373627,1.13906192627392
synthetic,22-graph_structure,structure,ours_prepared,3,1.0630675001282528,1.0639861886372712
synthetic,22-graph_structure,structure,cudd_fixed,3,1.4337521721975504,2.034536880230236
synthetic,22-graph_structure,structure,cudd_sift,3,1.647423300172345,2.108036076653848
synthetic,22-graph_structure,structure,agrum_conditioned,0,,
synthetic,22-graph_structure,structure,agrum_joint,0,,
synthetic,22-graph_structure,structure,storm_sparse,3,1.242090752714154,1.2784539239805692
synthetic,22-graph_structure,structure,storm_compact,3,1.2289178929306288,1.2672037493715873
synthetic,22-graph_structure,restore,ours_direct,3,0.9154218044566692,1.0981352193550646
synthetic,22-graph_structure,restore,ours_prepared,3,1.06729913030404,1.068276670729449
synthetic,22-graph_structure,restore,cudd_fixed,3,0.7914288102000832,1.205974174746893
synthetic,22-graph_structure,restore,cudd_sift,3,1.1729611289144544,1.512376389379765
synthetic,22-graph_structure,restore,agrum_conditioned,0,,
synthetic,22-graph_structure,restore,agrum_joint,0,,
synthetic,22-graph_structure,restore,storm_sparse,3,1.2404311901478116,1.279760806454131
synthetic,22-graph_structure,restore,storm_compact,3,1.242767375618107,1.292106650430181
synthetic,23-graph_structure,initial,ours_direct,3,0.914998119566292,1.0850514968112748
synthetic,23-graph_structure,initial,ours_prepared,3,1.2074416263653156,1.2100105226463262
synthetic,23-graph_structure,initial,cudd_fixed,3,0.7887981145359753,0.8646527340652513
synthetic,23-graph_structure,initial,cudd_sift,3,1.050793049106358,1.136510238913357
synthetic,23-graph_structure,initial,agrum_conditioned,3,1.262186367752939,1.2688257204340416
synthetic,23-graph_structure,initial,agrum_joint,3,1.2461208871204181,1.2537747076138963
synthetic,23-graph_structure,initial,storm_sparse,3,1.2629846565982699,1.309700297102532
synthetic,23-graph_structure,initial,storm_compact,3,1.3679091400128451,1.4247150715491543
synthetic,23-graph_structure,repeat,ours_direct,3,0.9163758773336311,1.093250661462562
synthetic,23-graph_structure,repeat,ours_prepared,3,0.7003220273503026,1.119745999491999
synthetic,23-graph_structure,repeat,cudd_fixed,3,0.7994305659792955,1.22250735107473
synthetic,23-graph_structure,repeat,cudd_sift,3,0.7999502713454845,1.1462463915112742
synthetic,23-graph_structure,repeat,agrum_conditioned,3,1.2000081574475483,1.227298069105004
synthetic,23-graph_structure,repeat,agrum_joint,3,0.8873250593925474,1.0047921389743133
synthetic,23-graph_structure,repeat,storm_sparse,3,1.463507204137991,1.6666236060771427
synthetic,23-graph_structure,repeat,storm_compact,3,1.24457545137906,1.6423398183443723
synthetic,23-graph_structure,counts,ours_direct,3,0.914266292054293,1.094628307919817
synthetic,23-graph_structure,counts,ours_prepared,3,0.695816850016473,1.0363470710188447
synthetic,23-graph_structure,counts,cudd_fixed,3,0.804420715591065,1.225768550313382
synthetic,23-graph_structure,counts,cudd_sift,3,0.7988487742026581,1.1572930512403863
synthetic,23-graph_structure,counts,agrum_conditioned,3,1.173954241239517,1.2005653773957503
synthetic,23-graph_structure,counts,agrum_joint,3,0.8693215825087643,0.9814076514383425
synthetic,23-graph_structure,counts,storm_sparse,3,1.460875485562072,1.6509173028668045
synthetic,23-graph_structure,counts,storm_compact,3,1.2186564881435278,1.5620488626662223
synthetic,23-graph_structure,masks,ours_direct,3,0.9144661848907909,1.0851404640833981
synthetic,23-graph_structure,masks,ours_prepared,3,0.662261178868126,0.9932681306375895
synthetic,23-graph_structure,masks,cudd_fixed,3,0.8400521692054039,1.2563421948451936
synthetic,23-graph_structure,masks,cudd_sift,3,1.469200837456392,2.1223514051744794
synthetic,23-graph_structure,masks,agrum_conditioned,3,1.2122117709598792,1.2271218724875343
synthetic,23-graph_structure,masks,agrum_joint,3,1.2272707896107802,1.2512122473576417
synthetic,23-graph_structure,masks,storm_sparse,3,1.407467739406051,1.4737913125625748
synthetic,23-graph_structure,masks,storm_compact,3,1.2520683178552867,1.3067088673696599
synthetic,23-graph_structure,metadata,ours_direct,3,0.9047378977728829,1.0681794605644084
synthetic,23-graph_structure,metadata,ours_prepared,3,0.6117991633764641,1.018968790593878
synthetic,23-graph_structure,metadata,cudd_fixed,3,1.5149491887705135,2.3797724704114005
synthetic,23-graph_structure,metadata,cudd_sift,3,0.8429099632533267,1.2325520318270393
synthetic,23-graph_structure,metadata,agrum_conditioned,3,1.186323212753448,1.2152929863108781
synthetic,23-graph_structure,metadata,agrum_joint,3,0.8910807280876603,1.0168336634504096
synthetic,23-graph_structure,metadata,storm_sparse,3,1.4179634759404094,1.6323989613833714
synthetic,23-graph_structure,metadata,storm_compact,3,1.2616258199546118,1.680236565127297
synthetic,23-graph_structure,structure,ours_direct,3,0.9585955706358064,1.1335252806654401
synthetic,23-graph_structure,structure,ours_prepared,3,1.1419203180479074,1.1430522767943436
synthetic,23-graph_structure,structure,cudd_fixed,3,0.9656349124327246,1.3436123408984282
synthetic,23-graph_structure,structure,cudd_sift,3,1.1453635573425098,1.428942234286199
synthetic,23-graph_structure,structure,agrum_conditioned,0,,
synthetic,23-graph_structure,structure,agrum_joint,0,,
synthetic,23-graph_structure,structure,storm_sparse,3,1.1521674577177372,1.1835868203187339
synthetic,23-graph_structure,structure,storm_compact,3,1.2826633859654804,1.3274861964932947
synthetic,23-graph_structure,restore,ours_direct,3,0.9070820771630009,1.0809517255495678
synthetic,23-graph_structure,restore,ours_prepared,3,1.2121144195236369,1.2145289640255266
synthetic,23-graph_structure,restore,cudd_fixed,3,0.7924576393055672,1.1699687341879517
synthetic,23-graph_structure,restore,cudd_sift,3,1.198501158397947,1.536795788345335
synthetic,23-graph_structure,restore,agrum_conditioned,0,,
synthetic,23-graph_structure,restore,agrum_joint,0,,
synthetic,23-graph_structure,restore,storm_sparse,3,1.356891576853618,1.4230240023509255
synthetic,23-graph_structure,restore,storm_compact,3,1.3734100713663029,1.4436103475578097
synthetic,24-fully_observed,initial,ours_direct,3,2.6355537588776206,4.204713128472919
synthetic,24-fully_observed,initial,ours_prepared,3,1.1616102040354916,1.1710220486794127
synthetic,24-fully_observed,initial,cudd_fixed,3,1.614641602595274,1.7491178108074947
synthetic,24-fully_observed,initial,cudd_sift,3,1.4089151070768335,1.5194735354343194
synthetic,24-fully_observed,initial,agrum_conditioned,3,4.184688451436873,4.331651800100079
synthetic,24-fully_observed,initial,agrum_joint,3,2.6105392808494576,2.714861989774365
synthetic,24-fully_observed,initial,storm_sparse,3,1.7912176733463256,2.056199620649745
synthetic,24-fully_observed,initial,storm_compact,3,1.7173051481554853,1.9851536277637825
synthetic,24-fully_observed,repeat,ours_direct,3,2.860659095216455,4.8552732391045845
synthetic,24-fully_observed,repeat,ours_prepared,3,2.349999151974627,4.185378847297845
synthetic,24-fully_observed,repeat,cudd_fixed,3,2.5503282068743736,5.395782917363962
synthetic,24-fully_observed,repeat,cudd_sift,3,2.8560703704172368,6.0716919199775985
synthetic,24-fully_observed,repeat,agrum_conditioned,3,7.222400124009192,7.959990490896406
synthetic,24-fully_observed,repeat,agrum_joint,3,4.848791505772465,6.07979969627698
synthetic,24-fully_observed,repeat,storm_sparse,3,1.1351365871269425,1.9942183796268158
synthetic,24-fully_observed,repeat,storm_compact,3,0.4987357391129042,1.0027475171298792
synthetic,24-fully_observed,counts,ours_direct,3,2.921393471654016,5.182014982987985
synthetic,24-fully_observed,counts,ours_prepared,3,2.524093566134332,4.717101047253702
synthetic,24-fully_observed,counts,cudd_fixed,3,3.09410503456081,5.612552793683121
synthetic,24-fully_observed,counts,cudd_sift,3,3.438003603395456,6.306917483270836
synthetic,24-fully_observed,counts,agrum_conditioned,3,7.249789362004182,7.983684619583823
synthetic,24-fully_observed,counts,agrum_joint,3,5.071760803508182,6.3888851829907125
synthetic,24-fully_observed,counts,storm_sparse,3,1.2218701061691555,1.9448784758880284
synthetic,24-fully_observed,counts,storm_compact,3,0.6425525236339399,1.044201756504277
synthetic,24-fully_observed,masks,ours_direct,3,2.121714145357971,3.1551624350792755
synthetic,24-fully_observed,masks,ours_prepared,3,1.687868551320375,2.629435600833282
synthetic,24-fully_observed,masks,cudd_fixed,3,1.9063029001991851,3.1521377871670895
synthetic,24-fully_observed,masks,cudd_sift,3,2.0565930269965245,3.155348336262117
synthetic,24-fully_observed,masks,agrum_conditioned,3,4.377214983405009,4.558828775970959
synthetic,24-fully_observed,masks,agrum_joint,3,3.439401455424611,3.6095139924396418
synthetic,24-fully_observed,masks,storm_sparse,3,1.453611201951077,1.6060415996989392
synthetic,24-fully_observed,masks,storm_compact,3,1.2982216746493775,1.4494160312247275
synthetic,24-fully_observed,metadata,ours_direct,3,2.090472531694199,3.143492572521026
synthetic,24-fully_observed,metadata,ours_prepared,3,1.6905728397049269,2.7559580642581993
synthetic,24-fully_observed,metadata,cudd_fixed,3,1.9641442205369102,3.1412101026173493
synthetic,24-fully_observed,metadata,cudd_sift,3,1.9843422202513854,3.409830582548085
synthetic,24-fully_observed,metadata,agrum_conditioned,3,3.701114213267431,3.951539561591045
synthetic,24-fully_observed,metadata,agrum_joint,3,2.75170850998357,3.2808636131378344
synthetic,24-fully_observed,metadata,storm_sparse,3,1.1715752089739704,1.727182885710964
synthetic,24-fully_observed,metadata,storm_compact,3,0.5708454931850871,0.8590014420743524
synthetic,24-fully_observed,structure,ours_direct,3,2.1473068127495187,3.272742320698054
synthetic,24-fully_observed,structure,ours_prepared,3,1.1389009588484529,1.1452546109627626
synthetic,24-fully_observed,structure,cudd_fixed,3,1.77414338292468,2.7556070812408655
synthetic,24-fully_observed,structure,cudd_sift,3,1.7077671460385762,2.1828337644470013
synthetic,24-fully_observed,structure,agrum_conditioned,3,2.526393623425122,2.5900952825620807
synthetic,24-fully_observed,structure,agrum_joint,3,1.8620008749051724,1.9137964694567962
synthetic,24-fully_observed,structure,storm_sparse,3,1.6162896296869802,2.0524358408608783
synthetic,24-fully_observed,structure,storm_compact,3,1.6209652677794797,1.9448557048414705
synthetic,24-fully_observed,restore,ours_direct,3,2.979726915787528,5.330468497321858
synthetic,24-fully_observed,restore,ours_prepared,3,1.1636159019822452,1.172675140428886
synthetic,24-fully_observed,restore,cudd_fixed,3,2.8797261653159376,4.885027360988526
synthetic,24-fully_observed,restore,cudd_sift,3,2.7220127094374207,3.89503812276326
synthetic,24-fully_observed,restore,agrum_conditioned,3,4.334707533324699,4.502663048520029
synthetic,24-fully_observed,restore,agrum_joint,3,2.785668883981741,2.9256495742896482
synthetic,24-fully_observed,restore,storm_sparse,3,2.701018110781616,3.66168391641077
synthetic,24-fully_observed,restore,storm_compact,3,3.2834565614571956,4.400023950601042
synthetic,25-fully_observed,initial,ours_direct,3,2.288693982327902,4.182494923949796
synthetic,25-fully_observed,initial,ours_prepared,3,1.6467741544219328,1.6695362405587575
synthetic,25-fully_observed,initial,cudd_fixed,3,1.261440546226366,1.4274572542198083
synthetic,25-fully_observed,initial,cudd_sift,3,1.3243875500414957,1.4804374564219853
synthetic,25-fully_observed,initial,agrum_conditioned,3,5.657528885062996,6.012071790761404
synthetic,25-fully_observed,initial,agrum_joint,3,3.640291375639071,3.8921306563881948
synthetic,25-fully_observed,initial,storm_sparse,3,1.8798421620185397,2.3175675204618025
synthetic,25-fully_observed,initial,storm_compact,3,1.8071179715497012,2.2262955082755753
synthetic,25-fully_observed,repeat,ours_direct,3,2.5183169768242264,5.06154304831307
synthetic,25-fully_observed,repeat,ours_prepared,3,1.8294951804251112,4.073845727775067
synthetic,25-fully_observed,repeat,cudd_fixed,3,2.5026319683740987,5.732579231919776
synthetic,25-fully_observed,repeat,cudd_sift,3,2.4762913305585226,5.514978127614059
synthetic,25-fully_observed,repeat,agrum_conditioned,3,8.466722513897468,9.819469056668499
synthetic,25-fully_observed,repeat,agrum_joint,3,4.099149355413479,5.822289311055707
synthetic,25-fully_observed,repeat,storm_sparse,3,0.936768946772945,2.2006346931110645
synthetic,25-fully_observed,repeat,storm_compact,3,0.42074821540580065,0.9627920283690079
synthetic,25-fully_observed,counts,ours_direct,3,2.4855903844367,5.208493784673807
synthetic,25-fully_observed,counts,ours_prepared,3,1.809468321126251,4.1880310574548405
synthetic,25-fully_observed,counts,cudd_fixed,3,2.5566331375231353,5.946397000033784
synthetic,25-fully_observed,counts,cudd_sift,3,2.5387176713635426,5.665228188447803
synthetic,25-fully_observed,counts,agrum_conditioned,3,8.591919390825987,10.025491600690641
synthetic,25-fully_observed,counts,agrum_joint,3,4.2255761873257285,6.1853617923100215
synthetic,25-fully_observed,counts,storm_sparse,3,1.0592457117521545,1.9939884918988366
synthetic,25-fully_observed,counts,storm_compact,3,0.542733314479638,1.049465007595315
synthetic,25-fully_observed,masks,ours_direct,3,1.907468002366,3.371012138063493
synthetic,25-fully_observed,masks,ours_prepared,3,1.254732566165405,2.4898804861409403
synthetic,25-fully_observed,masks,cudd_fixed,3,1.6530315184519841,3.2520067181029146
synthetic,25-fully_observed,masks,cudd_sift,3,1.6584747871307908,3.189328851855828
synthetic,25-fully_observed,masks,agrum_conditioned,3,6.171560970688351,6.691482280363087
synthetic,25-fully_observed,masks,agrum_joint,3,4.908583912426784,5.383233884768369
synthetic,25-fully_observed,masks,storm_sparse,3,1.4892952181952208,1.7709193838621373
synthetic,25-fully_observed,masks,storm_compact,3,1.4148327581440814,1.6580729953148512
synthetic,25-fully_observed,metadata,ours_direct,3,1.8248752337432355,3.1676557392656535
synthetic,25-fully_observed,metadata,ours_prepared,3,1.182415240813795,2.477513611424855
synthetic,25-fully_observed,metadata,cudd_fixed,3,1.5863705166879583,3.0555388865322337
synthetic,25-fully_observed,metadata,cudd_sift,3,1.6294684266856938,3.209450830140485
synthetic,25-fully_observed,metadata,agrum_conditioned,3,4.415348980741987,5.0643628791133395
synthetic,25-fully_observed,metadata,agrum_joint,3,2.381161401475344,3.186597921561786
synthetic,25-fully_observed,metadata,storm_sparse,3,1.0448254551603293,1.8602640121416778
synthetic,25-fully_observed,metadata,storm_compact,3,0.4870302191354165,0.927305915758345
synthetic,25-fully_observed,structure,ours_direct,3,1.8858435947923708,3.5252947272072586
synthetic,25-fully_observed,structure,ours_prepared,3,1.6806210976606324,1.6971445872115567
synthetic,25-fully_observed,structure,cudd_fixed,3,1.4968575667612667,2.4589004206757012
synthetic,25-fully_observed,structure,cudd_sift,3,1.8617505221987019,2.6847579341444736
synthetic,25-fully_observed,structure,agrum_conditioned,3,3.638409307404752,3.80214506561384
synthetic,25-fully_observed,structure,agrum_joint,3,2.737951353766232,2.8759199327017386
synthetic,25-fully_observed,structure,storm_sparse,3,1.827711577232996,2.344972751225484
synthetic,25-fully_observed,structure,storm_compact,3,2.0373398253226105,2.6357731892859424
synthetic,25-fully_observed,restore,ours_direct,3,2.464009340163119,5.353420845683867
synthetic,25-fully_observed,restore,ours_prepared,3,1.698208250216452,1.7220632673572411
synthetic,25-fully_observed,restore,cudd_fixed,3,2.113265911220076,4.22640615926045
synthetic,25-fully_observed,restore,cudd_sift,3,2.307268450164951,3.9176585329064193
synthetic,25-fully_observed,restore,agrum_conditioned,3,6.146421357684422,6.526985766231776
synthetic,25-fully_observed,restore,agrum_joint,3,4.042068952024807,4.312248375336082
synthetic,25-fully_observed,restore,storm_sparse,3,3.075043270772973,4.561070160513889
synthetic,25-fully_observed,restore,storm_compact,3,2.494500466619212,3.6110209450069486
synthetic,26-fully_observed,initial,ours_direct,3,1.951814735488834,4.505856891695411
synthetic,26-fully_observed,initial,ours_prepared,3,2.853000973311949,2.9353890795062383
synthetic,26-fully_observed,initial,cudd_fixed,3,1.2546503604775006,1.4778674956285214
synthetic,26-fully_observed,initial,cudd_sift,3,1.4246909646739276,1.7240250548012144
synthetic,26-fully_observed,initial,agrum_conditioned,3,8.542293113909208,9.428523091987708
synthetic,26-fully_observed,initial,agrum_joint,3,5.684342359160127,6.312213346849722
synthetic,26-fully_observed,initial,storm_sparse,3,1.6968377512954285,2.1519665913891113
synthetic,26-fully_observed,initial,storm_compact,3,1.6868145030459794,2.1394902273812844
synthetic,26-fully_observed,repeat,ours_direct,3,2.016451218135697,4.779469388415082
synthetic,26-fully_observed,repeat,ours_prepared,3,1.200705436016819,3.313764170913003
synthetic,26-fully_observed,repeat,cudd_fixed,3,2.39991289374722,7.077725822618642
synthetic,26-fully_observed,repeat,cudd_sift,3,2.3977755266833185,7.129925006953251
synthetic,26-fully_observed,repeat,agrum_conditioned,3,11.375373435323956,15.141297786230899
synthetic,26-fully_observed,repeat,agrum_joint,3,2.9454001863037305,5.3479523314101955
synthetic,26-fully_observed,repeat,storm_sparse,3,0.7566747542871243,2.337318682447177
synthetic,26-fully_observed,repeat,storm_compact,3,0.34505023907739596,1.0598379170478558
synthetic,26-fully_observed,counts,ours_direct,3,2.112689636388397,5.0714779814673525
synthetic,26-fully_observed,counts,ours_prepared,3,1.1981424148606812,3.3409338574403082
synthetic,26-fully_observed,counts,cudd_fixed,3,1.95805736369222,6.177317073859067
synthetic,26-fully_observed,counts,cudd_sift,3,1.9243739554353807,5.969128616156663
synthetic,26-fully_observed,counts,agrum_conditioned,3,11.566377015111087,15.382024916494803
synthetic,26-fully_observed,counts,agrum_joint,3,3.018774542481911,5.553532703154259
synthetic,26-fully_observed,counts,storm_sparse,3,0.8400018562119599,2.2071886674296572
synthetic,26-fully_observed,counts,storm_compact,3,0.38764355649208493,1.0282077051926297
synthetic,26-fully_observed,masks,ours_direct,3,1.7113693260027851,3.3842916978139854
synthetic,26-fully_observed,masks,ours_prepared,3,0.46674295887268236,1.997372936726661
synthetic,26-fully_observed,masks,cudd_fixed,3,1.320646967953434,3.386267365186402
synthetic,26-fully_observed,masks,cudd_sift,3,1.31400138240196,3.423736645949146
synthetic,26-fully_observed,masks,agrum_conditioned,3,11.402853509768713,13.629046635905537
synthetic,26-fully_observed,masks,agrum_joint,3,9.60491148644244,11.826259286458422
synthetic,26-fully_observed,masks,storm_sparse,3,1.560564775468426,1.8833251063906382
synthetic,26-fully_observed,masks,storm_compact,3,1.306728805610655,1.5819172638530214
synthetic,26-fully_observed,metadata,ours_direct,3,1.1319612545544162,3.3884145151954153
synthetic,26-fully_observed,metadata,ours_prepared,3,0.8786516990895322,2.1683863973983217
synthetic,26-fully_observed,metadata,cudd_fixed,3,1.2369506108224722,3.5567108860080165
synthetic,26-fully_observed,metadata,cudd_sift,3,1.199186526508596,3.5400600132984015
synthetic,26-fully_observed,metadata,agrum_conditioned,3,6.151927352121136,7.704823274020282
synthetic,26-fully_observed,metadata,agrum_joint,3,1.7560059773396954,2.919727913296773
synthetic,26-fully_observed,metadata,storm_sparse,3,0.8582554381970212,2.0184500949503406
synthetic,26-fully_observed,metadata,storm_compact,3,0.3706343187450787,0.9834134402736414
synthetic,26-fully_observed,structure,ours_direct,3,1.7555155659528523,3.4086254936090614
synthetic,26-fully_observed,structure,ours_prepared,3,2.89802927440175,2.9614360079875053
synthetic,26-fully_observed,structure,cudd_fixed,3,1.2179202327176728,1.8425263107486045
synthetic,26-fully_observed,structure,cudd_sift,3,1.6667181254025538,2.407489629329298
synthetic,26-fully_observed,structure,agrum_conditioned,3,6.1123856686542695,6.676474673229951
synthetic,26-fully_observed,structure,agrum_joint,3,4.793742382366859,5.245425810409424
synthetic,26-fully_observed,structure,storm_sparse,3,1.4644189012259612,1.8301116679631542
synthetic,26-fully_observed,structure,storm_compact,3,1.3639058885314244,1.7195975372062897
synthetic,26-fully_observed,restore,ours_direct,3,2.0289725381299544,5.098131012669234
synthetic,26-fully_observed,restore,ours_prepared,3,2.9204360117860078,2.998688007339297
synthetic,26-fully_observed,restore,cudd_fixed,3,1.508322998135446,2.571740541665636
synthetic,26-fully_observed,restore,cudd_sift,3,1.9028928720452698,3.0692942740259146
synthetic,26-fully_observed,restore,agrum_conditioned,3,9.524123116231054,10.565632186310564
synthetic,26-fully_observed,restore,agrum_joint,3,6.50461225895902,7.252928180874203
synthetic,26-fully_observed,restore,storm_sparse,3,1.5439496676931508,2.559346310453866
synthetic,26-fully_observed,restore,storm_compact,3,1.5393003917421713,2.5351861632492576
