[INFO] Scanning for projects...
[WARNING] The POM for org.apache.commons:commons-lang3:jar:3.12.0 is invalid, transitive dependencies (if any) will not be available: 1 problem was encountered while building the effective model for org.apache.commons:commons-lang3:3.12.0
[FATAL] Non-parseable POM /home/runner/work/_temp/petclinic-pmx-maven-repository/org/apache/commons/commons-parent/52/commons-parent-52.pom: UTF-8 BOM plus xml decl of ISO-8859-1 is incompatible (position: START_DOCUMENT seen <?xml version="1.0" encoding="ISO-8859-1"... @1:42)  @ /home/runner/work/_temp/petclinic-pmx-maven-repository/org/apache/commons/commons-parent/52/commons-parent-52.pom, line 1, column 42

[WARNING] The POM for commons-io:commons-io:jar:2.6 is invalid, transitive dependencies (if any) will not be available: 1 problem was encountered while building the effective model for commons-io:commons-io:2.6
[FATAL] Non-parseable POM /home/runner/work/_temp/petclinic-pmx-maven-repository/org/apache/commons/commons-parent/42/commons-parent-42.pom: UTF-8 BOM plus xml decl of ISO-8859-1 is incompatible (position: START_DOCUMENT seen <?xml version="1.0" encoding="ISO-8859-1"... @1:42)  @ /home/runner/work/_temp/petclinic-pmx-maven-repository/org/apache/commons/commons-parent/42/commons-parent-42.pom, line 1, column 42

[WARNING] The POM for org.apache.commons:commons-compress:jar:1.21 is invalid, transitive dependencies (if any) will not be available: 1 problem was encountered while building the effective model for org.apache.commons:commons-compress:1.21
[FATAL] Non-parseable POM /home/runner/work/_temp/petclinic-pmx-maven-repository/org/apache/commons/commons-parent/52/commons-parent-52.pom: UTF-8 BOM plus xml decl of ISO-8859-1 is incompatible (position: START_DOCUMENT seen <?xml version="1.0" encoding="ISO-8859-1"... @1:42)  @ /home/runner/work/_temp/petclinic-pmx-maven-repository/org/apache/commons/commons-parent/52/commons-parent-52.pom, line 1, column 42

[WARNING] The POM for org.apache.commons:commons-lang3:jar:3.8.1 is invalid, transitive dependencies (if any) will not be available: 1 problem was encountered while building the effective model for org.apache.commons:commons-lang3:3.8.1
[FATAL] Non-parseable POM /home/runner/work/_temp/petclinic-pmx-maven-repository/org/apache/commons/commons-parent/47/commons-parent-47.pom: UTF-8 BOM plus xml decl of ISO-8859-1 is incompatible (position: START_DOCUMENT seen <?xml version="1.0" encoding="ISO-8859-1"... @1:42)  @ /home/runner/work/_temp/petclinic-pmx-maven-repository/org/apache/commons/commons-parent/47/commons-parent-47.pom, line 1, column 42

[WARNING] The POM for org.apache.commons:commons-exec:jar:1.3 is invalid, transitive dependencies (if any) will not be available: 1 problem was encountered while building the effective model for org.apache.commons:commons-exec:1.3
[FATAL] Non-parseable POM /home/runner/work/_temp/petclinic-pmx-maven-repository/org/apache/commons/commons-parent/35/commons-parent-35.pom: UTF-8 BOM plus xml decl of ISO-8859-1 is incompatible (position: START_DOCUMENT seen <?xml version="1.0" encoding="ISO-8859-1"... @1:42)  @ /home/runner/work/_temp/petclinic-pmx-maven-repository/org/apache/commons/commons-parent/35/commons-parent-35.pom, line 1, column 42

[INFO] Resolving target definition file:/home/runner/work/telemetry-availability-identification/telemetry-availability-identification/palladio-source/releng/org.palladiosimulator.reliability.targetplatform/tp.target for environments=[linux/gtk/x86_64, linux/gtk/aarch64, win32/win32/x86_64, macosx/cocoa/x86_64, macosx/cocoa/aarch64], include source mode=honor, execution environment=StandardEEResolutionHints [executionEnvironment=OSGi profile 'JavaSE-17' { source level: 17, target level: 17}], remote p2 repository options=org.eclipse.tycho.p2.remote.RemoteAgent@4a77d2a5...
[INFO] Resolving mvn:org.palladiosimulator:palladio-target-platforms:0.1.0:target:palladio-2023-03
[INFO] Reading target mvn:org.palladiosimulator:palladio-target-platforms:0.1.0:target:palladio-2023-03...
SLF4J: Failed to load class "org.slf4j.impl.StaticLoggerBinder".
SLF4J: Defaulting to no-operation (NOP) logger implementation
SLF4J: See http://www.slf4j.org/codes.html#StaticLoggerBinder for further details.
[INFO] Performing subquery
[INFO] Resolving dependencies of MavenProject: org.palladiosimulator.reliability:org.palladiosimulator.reliability:5.2.2 @ /home/runner/work/telemetry-availability-identification/telemetry-availability-identification/palladio-source/bundles/org.palladiosimulator.reliability/.polyglot.META-INF
[INFO] Fetching 202303151000&countryCode=&timeZone=0&format=xml from https://www.eclipse.org/downloads/download.php?format=xml&file=/releases/2023-03/ (63B)
[INFO] Fetching com.google.guava_30.1.0.v20221112-0806.jar from https://download.eclipse.org/releases/2023-03/202303151000/plugins/ (2.92MB)
[INFO] Fetching com.google.inject_5.0.1.v20221112-0806.jar from https://download.eclipse.org/releases/2023-03/202303151000/plugins/ (816.86kB)
[INFO] Fetching javax.inject_1.0.0.v20220405-0441.jar from https://download.eclipse.org/releases/2023-03/202303151000/plugins/ (32.41kB)
[INFO] Fetching org.aopalliance_1.0.0.v20220404-1927.jar from https://download.eclipse.org/releases/2023-03/202303151000/plugins/ (14.17kB)
[INFO] Fetching com.ibm.icu_72.1.0.v20221115-2007.jar from https://download.eclipse.org/releases/2023-03/202303151000/plugins/ (14.23MB)
[INFO] Fetching com.ibm.icu_72.1.0.v20221115-2007.jar from https://download.eclipse.org/releases/2023-03/202303151000/plugins/ (13.41MB of 14.23MB at 13.36MB/s)
[INFO] Fetching de.uka.ipd.sdq.errorhandling.core_5.2.2.jar from https://updatesite.palladio-simulator.com/palladio-core-commons/releases/5.2.2/plugins/ (5.52kB)
[INFO] Fetching org.eclipse.emf.ecore_2.33.0.v20230226-0921.jar from https://download.eclipse.org/releases/2023-03/202303151000/plugins/ (1.29MB)
[INFO] Fetching de.uka.ipd.sdq.identifier_5.2.2.jar from https://updatesite.palladio-simulator.com/palladio-core-commons/releases/5.2.2/plugins/ (21.57kB)
[INFO] Fetching org.eclipse.core.runtime_3.26.100.v20221021-0005.jar from https://download.eclipse.org/releases/2023-03/202303151000/plugins/ (74.44kB)
[INFO] Fetching org.eclipse.emf.cdo_4.21.0.v20230221-1613.jar from https://download.eclipse.org/releases/2023-03/202303151000/plugins/ (1.08MB)
[INFO] Fetching org.eclipse.emf.ecore.xmi_2.18.0.v20230211-1150.jar from https://download.eclipse.org/releases/2023-03/202303151000/plugins/ (238.68kB)
[INFO] Fetching de.uka.ipd.sdq.probfunction_5.2.2.jar from https://updatesite.palladio-simulator.com/palladio-core-commons/releases/5.2.2/plugins/ (161.13kB)
[INFO] Fetching de.uka.ipd.sdq.units_5.2.2.jar from https://updatesite.palladio-simulator.com/palladio-core-commons/releases/5.2.2/plugins/ (45.67kB)
[INFO] Fetching de.uka.ipd.sdq.probfunction.math_5.2.2.jar from https://updatesite.palladio-simulator.com/palladio-core-commons/releases/5.2.2/plugins/ (110.66kB)
[INFO] Fetching de.uka.ipd.sdq.stoex_5.2.2.jar from https://updatesite.palladio-simulator.com/palladio-core-commons/releases/5.2.2/plugins/ (134.5kB)
[INFO] Fetching &countryCode=&timeZone=0&format=xml from http://www.eclipse.org/downloads/download.php?format=xml&file=/tools/orbit/downloads/drops/R20201118194144/repository/ (63B)
[INFO] Fetching org.apache.commons.math_2.1.0.v201105210652.jar from https://download.eclipse.org/tools/orbit/downloads/drops/R20201118194144/repository/plugins/ (888.25kB)
[INFO] Fetching org.apache.log4j_1.2.24.v20221221-2012.jar from https://download.eclipse.org/releases/2023-03/202303151000/plugins/ (357.66kB)
[INFO] Fetching org.eclipse.ocl.ecore_3.18.0.v20221201-0557.jar from https://download.eclipse.org/releases/2023-03/202303151000/plugins/ (385.64kB)
[INFO] Fetching de.uka.ipd.sdq.stoex.analyser_5.2.2.jar from https://updatesite.palladio-simulator.com/palladio-core-commons/releases/5.2.2/plugins/ (55.21kB)
[INFO] Fetching io.github.classgraph_4.8.149.v20220915-0556.jar from https://download.eclipse.org/releases/2023-03/202303151000/plugins/ (586.39kB)
[INFO] Fetching org.eclipse.osgi_3.18.300.v20230220-1352.jar from https://download.eclipse.org/releases/2023-03/202303151000/plugins/ (1.47MB)
[INFO] Fetching org.antlr.runtime_3.2.0.v20220404-1927.jar from https://download.eclipse.org/releases/2023-03/202303151000/plugins/ (169.92kB)
[INFO] Fetching org.apache.ant_1.10.12.v20211102-1452.jar from https://download.eclipse.org/releases/2023-03/202303151000/plugins/ (2.96MB)
[INFO] Fetching org.apache.commons.codec_1.14.0.v20221112-0806.jar from https://download.eclipse.org/releases/2023-03/202303151000/plugins/ (370.34kB)
[INFO] Fetching org.apache.commons.collections15_1.0.0.jar from https://updatesite.palladio-simulator.com/palladio-thirdparty-wrapper/releases/5.2.2/plugins/ (466.21kB)
[INFO] Fetching org.eclipse.core.commands_3.10.400.v20230220-0932.jar from https://download.eclipse.org/releases/2023-03/202303151000/plugins/ (116.39kB)
[INFO] Fetching org.eclipse.equinox.common_3.17.100.v20230202-1341.jar from https://download.eclipse.org/releases/2023-03/202303151000/plugins/ (147.22kB)
[INFO] Fetching org.eclipse.core.contenttype_3.8.200.v20220817-1539.jar from https://download.eclipse.org/releases/2023-03/202303151000/plugins/ (101.83kB)
[INFO] Fetching org.eclipse.equinox.preferences_3.10.200.v20230120-0604.jar from https://download.eclipse.org/releases/2023-03/202303151000/plugins/ (135.73kB)
[INFO] Fetching org.eclipse.equinox.registry_3.11.200.v20220817-1601.jar from https://download.eclipse.org/releases/2023-03/202303151000/plugins/ (196.21kB)
[INFO] Fetching org.eclipse.core.databinding_1.12.0.v20230214-1401.jar from https://download.eclipse.org/releases/2023-03/202303151000/plugins/ (286.17kB)
[INFO] Fetching org.eclipse.core.databinding.observable_1.12.200.v20230220-0932.jar from https://download.eclipse.org/releases/2023-03/202303151000/plugins/ (314.81kB)
[INFO] Fetching org.eclipse.core.databinding.property_1.9.200.v20230220-0932.jar from https://download.eclipse.org/releases/2023-03/202303151000/plugins/ (164.87kB)
[INFO] Fetching org.eclipse.core.databinding.beans_1.9.100.v20230214-1401.jar from https://download.eclipse.org/releases/2023-03/202303151000/plugins/ (81.84kB)
[INFO] Fetching org.eclipse.core.expressions_3.8.200.v20220613-1047.jar from https://download.eclipse.org/releases/2023-03/202303151000/plugins/ (93.93kB)
[INFO] Fetching org.eclipse.core.filesystem_1.9.500.v20220817-1539.jar from https://download.eclipse.org/releases/2023-03/202303151000/plugins/ (71.65kB)
[INFO] Fetching org.eclipse.core.jobs_3.13.300.v20230111-0823.jar from https://download.eclipse.org/releases/2023-03/202303151000/plugins/ (114.59kB)
[INFO] Fetching org.eclipse.core.resources_3.18.200.v20230209-0754.jar from https://download.eclipse.org/releases/2023-03/202303151000/plugins/ (892.83kB)
[INFO] Fetching org.eclipse.equinox.app_1.6.200.v20220720-2012.jar from https://download.eclipse.org/releases/2023-03/202303151000/plugins/ (90.9kB)
[INFO] Fetching org.eclipse.core.variables_3.5.100.v20210721-1355.jar from https://download.eclipse.org/releases/2023-03/202303151000/plugins/ (35.64kB)
[INFO] Fetching org.eclipse.debug.core_3.20.100.v20230124-1239.jar from https://download.eclipse.org/releases/2023-03/202303151000/plugins/ (400.21kB)
[INFO] Fetching org.eclipse.emf.cdo.common_4.20.1.v20230221-1613.jar from https://download.eclipse.org/releases/2023-03/202303151000/plugins/ (726.97kB)
[INFO] Fetching org.eclipse.emf.ecore.change_2.15.0.v20230211-1150.jar from https://download.eclipse.org/releases/2023-03/202303151000/plugins/ (91.78kB)
[INFO] Fetching org.eclipse.net4j.util_3.21.1.v20230221-1613.jar from https://download.eclipse.org/releases/2023-03/202303151000/plugins/ (868.42kB)
[INFO] Fetching org.eclipse.emf.codegen_2.23.0.v20230211-1150.jar from https://download.eclipse.org/releases/2023-03/202303151000/plugins/ (371.28kB)
[INFO] Fetching org.eclipse.emf.common_2.28.0.v20230223-0922.jar from https://download.eclipse.org/releases/2023-03/202303151000/plugins/ (378.6kB)
[INFO] Fetching org.eclipse.jdt.core_3.33.0.v20230222-1748.jar from https://download.eclipse.org/releases/2023-03/202303151000/plugins/ (4MB)
[INFO] Fetching org.eclipse.jdt.launching_3.19.900.v20230209-1222.jar from https://download.eclipse.org/releases/2023-03/202303151000/plugins/ (570.79kB)
[INFO] Fetching org.eclipse.text_3.12.300.v20220921-1010.jar from https://download.eclipse.org/releases/2023-03/202303151000/plugins/ (297.19kB)
[INFO] Fetching org.eclipse.emf.databinding_1.7.0.v20230211-1150.jar from https://download.eclipse.org/releases/2023-03/202303151000/plugins/ (93.7kB)
[INFO] Fetching org.eclipse.emf.edit_2.18.0.v20230211-1150.jar from https://download.eclipse.org/releases/2023-03/202303151000/plugins/ (301.89kB)
[INFO] Fetching org.eclipse.emf.query_1.7.0.202208101410.jar from https://download.eclipse.org/releases/2023-03/202303151000/plugins/ (143.13kB)
[INFO] Fetching org.osgi.service.prefs_1.1.2.202109301733.jar from https://download.eclipse.org/releases/2023-03/202303151000/plugins/ (19.69kB)
[INFO] Fetching org.eclipse.jdt.core.compiler.batch_3.33.0.v20230218-1114.jar from https://download.eclipse.org/releases/2023-03/202303151000/plugins/ (3.01MB)
[INFO] Fetching org.eclipse.jdt.debug_3.20.100.v20230119-1127.jar from https://download.eclipse.org/releases/2023-03/202303151000/plugins/ (919.02kB)
[INFO] Fetching org.eclipse.net4j_4.17.0.v20230221-1613.jar from https://download.eclipse.org/releases/2023-03/202303151000/plugins/ (208.01kB)
[INFO] Fetching org.eclipse.ocl_3.18.0.v20221201-0557.jar from https://download.eclipse.org/releases/2023-03/202303151000/plugins/ (1.14MB)
[INFO] Fetching lpg.runtime.java_2.0.17.v201004271640.jar from https://download.eclipse.org/releases/2023-03/202303151000/plugins/ (112.42kB)
[INFO] Fetching org.eclipse.ocl.common_1.18.0.v20221201-0557.jar from https://download.eclipse.org/releases/2023-03/202303151000/plugins/ (37.89kB)
[INFO] Fetching org.eclipse.uml2.common_2.5.0.v20221116-1811.jar from https://download.eclipse.org/releases/2023-03/202303151000/plugins/ (96.18kB)
[INFO] Fetching org.eclipse.xtend.core_2.30.0.v20230227-1300.jar from https://download.eclipse.org/releases/2023-03/202303151000/plugins/ (1.35MB)
[INFO] Fetching org.eclipse.xtext.common.types_2.30.0.v20230227-1128.jar from https://download.eclipse.org/releases/2023-03/202303151000/plugins/ (504.19kB)
[INFO] Fetching org.eclipse.xtext.xbase_2.30.0.v20230227-1128.jar from https://download.eclipse.org/releases/2023-03/202303151000/plugins/ (2.48MB)
[INFO] Fetching org.eclipse.xtext_2.30.0.v20230227-1116.jar from https://download.eclipse.org/releases/2023-03/202303151000/plugins/ (2.65MB)
[INFO] Fetching org.eclipse.xtext.util_2.30.0.v20230227-1116.jar from https://download.eclipse.org/releases/2023-03/202303151000/plugins/ (313.56kB)
[INFO] Fetching org.eclipse.xtext.xbase.lib_2.30.0.v20230227-1111.jar from https://download.eclipse.org/releases/2023-03/202303151000/plugins/ (161.99kB)
[INFO] Fetching org.eclipse.xtend.lib_2.30.0.v20230227-1111.jar from https://download.eclipse.org/releases/2023-03/202303151000/plugins/ (110.25kB)
[INFO] Fetching org.eclipse.xtext.smap_2.30.0.v20230227-1128.jar from https://download.eclipse.org/releases/2023-03/202303151000/plugins/ (21.31kB)
[INFO] Fetching org.eclipse.xtend.lib.macro_2.30.0.v20230227-1111.jar from https://download.eclipse.org/releases/2023-03/202303151000/plugins/ (78.09kB)
[INFO] Fetching org.eclipse.xtend.standalone_2.30.0.v20230227-1300.jar from https://download.eclipse.org/releases/2023-03/202303151000/plugins/ (10.27kB)
[INFO] Fetching org.objectweb.asm_9.4.0.v20221107-1714.jar from https://download.eclipse.org/releases/2023-03/202303151000/plugins/ (134.94kB)
[INFO] Fetching org.eclipse.xtext.ecore_2.30.0.v20230227-1128.jar from https://download.eclipse.org/releases/2023-03/202303151000/plugins/ (17.81kB)
[INFO] Fetching org.jscience_4.3.1.jar from https://updatesite.palladio-simulator.com/palladio-thirdparty-wrapper/releases/5.2.2/plugins/ (1.1MB)
[INFO] Fetching org.jscience_4.3.1.jar from https://updatesite.palladio-simulator.com/palladio-thirdparty-wrapper/releases/5.2.2/plugins/ (547.75kB of 1.1MB at 543.75kB/s)
[INFO] Fetching org.palladiosimulator.commons_5.2.2.jar from https://updatesite.palladio-simulator.com/palladio-core-commons/releases/5.2.2/plugins/ (18.44kB)
[INFO] Fetching org.palladiosimulator.commons.stoex_5.2.2.jar from https://updatesite.palladio-simulator.com/palladio-core-commons/releases/5.2.2/plugins/ (181.21kB)
[INFO] Fetching org.eclipse.uml2_5.5.3.v20221116-1811.jar from https://download.eclipse.org/releases/2023-03/202303151000/plugins/ (13.72kB)
[INFO] Fetching org.eclipse.emf_2.9.0.v20230211-1150.jar from https://download.eclipse.org/releases/2023-03/202303151000/plugins/ (14.66kB)
[INFO] Fetching org.palladiosimulator.edp2_5.2.2.jar from https://updatesite.palladio-simulator.com/palladio-qual-edp2/releases/5.2.2/plugins/ (209.59kB)
[INFO] Fetching org.palladiosimulator.measurementframework_5.2.2.jar from https://updatesite.palladio-simulator.com/palladio-qual-measurementframework/releases/5.2.2/plugins/ (17.88kB)
[INFO] Fetching org.palladiosimulator.metricspec_5.2.2.jar from https://updatesite.palladio-simulator.com/palladio-qual-metricspecification/releases/5.2.2/plugins/ (88.43kB)
[INFO] Fetching org.palladiosimulator.edp2.dao_5.2.2.jar from https://updatesite.palladio-simulator.com/palladio-qual-edp2/releases/5.2.2/plugins/ (15.76kB)
[INFO] Fetching org.palladiosimulator.edp2.util_5.2.2.jar from https://updatesite.palladio-simulator.com/palladio-qual-edp2/releases/5.2.2/plugins/ (21.92kB)
[INFO] Fetching org.palladiosimulator.metricspec.resources_5.2.2.jar from https://updatesite.palladio-simulator.com/palladio-qual-metricspecification/releases/5.2.2/plugins/ (12.4kB)
[INFO] Fetching org.palladiosimulator.pcm_5.2.2.jar from https://updatesite.palladio-simulator.com/palladio-core-pcm/releases/5.2.2/plugins/ (1.06MB)
[INFO] Fetching org.palladiosimulator.probeframework_5.2.2.jar from https://updatesite.palladio-simulator.com/palladio-qual-probeframework/releases/5.2.2/plugins/ (50.97kB)
[INFO] Resolving dependencies of MavenProject: org.palladiosimulator.reliability:org.palladiosimulator.reliability.markov:5.2.2 @ /home/runner/work/telemetry-availability-identification/telemetry-availability-identification/palladio-source/bundles/org.palladiosimulator.reliability.markov/.polyglot.META-INF
[INFO] Resolving dependencies of MavenProject: org.palladiosimulator.reliability:org.palladiosimulator.reliability.markov.edit:5.2.2 @ /home/runner/work/telemetry-availability-identification/telemetry-availability-identification/palladio-source/bundles/org.palladiosimulator.reliability.markov.edit/.polyglot.META-INF
[INFO] Resolving dependencies of MavenProject: org.palladiosimulator.reliability:org.palladiosimulator.reliability.markov.editor:5.2.2 @ /home/runner/work/telemetry-availability-identification/telemetry-availability-identification/palladio-source/bundles/org.palladiosimulator.reliability.markov.editor/.polyglot.META-INF
[INFO] Fetching bcprov_1.72.0.jar from https://download.eclipse.org/releases/2023-03/202303151000/plugins/ (10.75MB)
[INFO] Fetching com.sun.jna_5.12.1.v20221103-2317.jar from https://download.eclipse.org/tools/orbit/downloads/drops/R20230302014618/repository/plugins/ (1.82MB)
[INFO] Fetching com.sun.jna.platform_5.12.1.v20221103-2317.jar from https://download.eclipse.org/tools/orbit/downloads/drops/R20230302014618/repository/plugins/ (1.44MB)
[INFO] Fetching javax.annotation_1.3.5.v20221203-1659.jar from https://download.eclipse.org/releases/2023-03/202303151000/plugins/ (48.09kB)
[INFO] Fetching org.apache.batik.constants_1.16.0.v20221027-0840.jar from https://download.eclipse.org/releases/2023-03/202303151000/plugins/ (22.12kB)
[INFO] Fetching org.apache.batik.css_1.16.0.v20221027-0840.jar from https://download.eclipse.org/releases/2023-03/202303151000/plugins/ (361.47kB)
[INFO] Fetching org.apache.batik.util_1.16.0.v20221027-0840.jar from https://download.eclipse.org/releases/2023-03/202303151000/plugins/ (146.86kB)
[INFO] Fetching org.apache.batik.i18n_1.16.0.v20221027-0840.jar from https://download.eclipse.org/releases/2023-03/202303151000/plugins/ (25.35kB)
[INFO] Fetching org.apache.xmlgraphics_2.7.0.v20221018-0736.jar from https://download.eclipse.org/releases/2023-03/202303151000/plugins/ (717.41kB)
[INFO] Fetching org.w3c.dom.svg_1.1.0.v201011041433.jar from https://download.eclipse.org/releases/2023-03/202303151000/plugins/ (95.26kB)
[INFO] Fetching org.w3c.dom.events_3.0.0.draft20060413_v201105210656.jar from https://download.eclipse.org/releases/2023-03/202303151000/plugins/ (15.35kB)
[INFO] Fetching org.w3c.css.sac_1.3.1.v200903091627.jar from https://download.eclipse.org/releases/2023-03/202303151000/plugins/ (35.59kB)
[INFO] Fetching org.apache.commons.commons-io_2.11.0.jar from https://download.eclipse.org/releases/2023-03/202303151000/plugins/ (319.47kB)
[INFO] Fetching org.apache.commons.jxpath_1.3.0.v200911051830.jar from https://download.eclipse.org/releases/2023-03/202303151000/plugins/ (317.8kB)
[INFO] Fetching org.apache.commons.logging_1.2.0.v20180409-1502.jar from https://download.eclipse.org/releases/2023-03/202303151000/plugins/ (71.45kB)
[INFO] Fetching org.apache.felix.scr_2.2.6.jar from https://download.eclipse.org/releases/2023-03/202303151000/plugins/ (393.54kB)
[INFO] Fetching org.osgi.service.component_1.5.1.202212101352.jar from https://download.eclipse.org/releases/2023-03/202303151000/plugins/ (64.89kB)
[INFO] Fetching org.osgi.util.promise_1.3.0.202212101352.jar from https://download.eclipse.org/releases/2023-03/202303151000/plugins/ (83.65kB)
[INFO] Fetching org.bouncycastle.bcpg_1.72.0.v20221013-1810.jar from https://download.eclipse.org/tools/orbit/downloads/drops/R20230302014618/repository/plugins/ (401.71kB)
[INFO] Fetching org.eclipse.e4.core.commands_1.0.400.v20230220-0932.jar from https://download.eclipse.org/releases/2023-03/202303151000/plugins/ (27.8kB)
[INFO] Fetching org.eclipse.e4.core.di_1.8.300.v20220817-1539.jar from https://download.eclipse.org/releases/2023-03/202303151000/plugins/ (54.29kB)
[INFO] Fetching org.eclipse.e4.core.contexts_1.11.0.v20220716-0839.jar from https://download.eclipse.org/releases/2023-03/202303151000/plugins/ (57.49kB)
[INFO] Fetching org.eclipse.e4.core.services_2.3.400.v20220915-1347.jar from https://download.eclipse.org/releases/2023-03/202303151000/plugins/ (71.46kB)
[INFO] Fetching org.osgi.service.event_1.4.1.202109301733.jar from https://download.eclipse.org/releases/2023-03/202303151000/plugins/ (46.59kB)
[INFO] Fetching org.eclipse.e4.core.di.annotations_1.7.200.v20220613-1008.jar from https://download.eclipse.org/releases/2023-03/202303151000/plugins/ (13.81kB)
[INFO] Fetching org.eclipse.e4.core.di.extensions_0.17.200.v20220613-1008.jar from https://download.eclipse.org/releases/2023-03/202303151000/plugins/ (12.96kB)
[INFO] Fetching org.eclipse.e4.core.di.extensions.supplier_0.16.400.v20220613-1047.jar from https://download.eclipse.org/releases/2023-03/202303151000/plugins/ (42.3kB)
[INFO] Fetching org.eclipse.e4.emf.xpath_0.3.200.v20230220-1427.jar from https://download.eclipse.org/releases/2023-03/202303151000/plugins/ (52.85kB)
[INFO] Fetching org.eclipse.e4.ui.bindings_0.13.300.v20230220-0932.jar from https://download.eclipse.org/releases/2023-03/202303151000/plugins/ (47.66kB)
[INFO] Fetching org.eclipse.swt_3.123.0.v20230220-1431.jar from https://download.eclipse.org/releases/2023-03/202303151000/plugins/ (18.79kB)
[INFO] Fetching org.eclipse.e4.ui.services_1.5.200.v20230220-0932.jar from https://download.eclipse.org/releases/2023-03/202303151000/plugins/ (26.37kB)
[INFO] Fetching org.eclipse.jface_3.29.0.v20230214-1401.jar from https://download.eclipse.org/releases/2023-03/202303151000/plugins/ (1.11MB)
[INFO] Fetching org.eclipse.e4.ui.css.core_0.13.500.v20230220-0932.jar from https://download.eclipse.org/releases/2023-03/202303151000/plugins/ (215.91kB)
[INFO] Fetching org.eclipse.e4.ui.css.swt_0.14.800.v20230220-0932.jar from https://download.eclipse.org/releases/2023-03/202303151000/plugins/ (205.06kB)
[INFO] Fetching org.eclipse.e4.ui.css.swt.theme_0.13.300.v20230220-0932.jar from https://download.eclipse.org/releases/2023-03/202303151000/plugins/ (30.04kB)
[INFO] Fetching org.eclipse.e4.ui.di_1.4.200.v20230220-0932.jar from https://download.eclipse.org/releases/2023-03/202303151000/plugins/ (18.22kB)
[INFO] Fetching org.eclipse.e4.ui.dialogs_1.3.500.v20230220-0932.jar from https://download.eclipse.org/releases/2023-03/202303151000/plugins/ (58.53kB)
[INFO] Fetching org.eclipse.e4.ui.ide_3.16.300.v20230220-0932.jar from https://download.eclipse.org/releases/2023-03/202303151000/plugins/ (13.32kB)
[INFO] Fetching org.eclipse.e4.ui.model.workbench_2.3.0.v20230220-1021.jar from https://download.eclipse.org/releases/2023-03/202303151000/plugins/ (395.08kB)
[INFO] Fetching org.eclipse.equinox.event_1.6.200.v20230120-0604.jar from https://download.eclipse.org/releases/2023-03/202303151000/plugins/ (35.14kB)
[INFO] Fetching org.eclipse.e4.ui.widgets_1.3.200.v20230220-0932.jar from https://download.eclipse.org/releases/2023-03/202303151000/plugins/ (15.11kB)
[INFO] Fetching org.eclipse.e4.ui.workbench_1.14.100.v20230220-1021.jar from https://download.eclipse.org/releases/2023-03/202303151000/plugins/ (266.92kB)
[INFO] Fetching org.eclipse.e4.ui.workbench.addons.swt_1.4.600.v20230220-0932.jar from https://download.eclipse.org/releases/2023-03/202303151000/plugins/ (120.01kB)
[INFO] Fetching org.eclipse.e4.ui.workbench.renderers.swt_0.15.800.v20230214-1401.jar from https://download.eclipse.org/releases/2023-03/202303151000/plugins/ (252.1kB)
[INFO] Fetching org.eclipse.e4.ui.workbench.swt_0.16.800.v20230220-0932.jar from https://download.eclipse.org/releases/2023-03/202303151000/plugins/ (149.44kB)
[INFO] Fetching org.eclipse.jface.databinding_1.14.100.v20230214-1401.jar from https://download.eclipse.org/releases/2023-03/202303151000/plugins/ (291.47kB)
[INFO] Fetching org.eclipse.e4.ui.workbench3_0.16.200.v20230220-0932.jar from https://download.eclipse.org/releases/2023-03/202303151000/plugins/ (22.9kB)
[INFO] Fetching org.eclipse.urischeme_1.2.300.v20230220-0932.jar from https://download.eclipse.org/releases/2023-03/202303151000/plugins/ (53.71kB)
[INFO] Fetching org.eclipse.emf.common.ui_2.21.0.v20230211-1150.jar from https://download.eclipse.org/releases/2023-03/202303151000/plugins/ (168.05kB)
[INFO] Fetching org.eclipse.ui_3.202.0.v20230214-1401.jar from https://download.eclipse.org/releases/2023-03/202303151000/plugins/ (434.05kB)
[INFO] Fetching org.eclipse.emf.edit.ui_2.23.0.v20230211-1150.jar from https://download.eclipse.org/releases/2023-03/202303151000/plugins/ (354.71kB)
[INFO] Fetching org.eclipse.ui.views_3.11.400.v20230220-0932.jar from https://download.eclipse.org/releases/2023-03/202303151000/plugins/ (107.39kB)
[INFO] Fetching org.eclipse.ui.workbench_3.128.0.v20230220-1021.jar from https://download.eclipse.org/releases/2023-03/202303151000/plugins/ (3.49MB)
[INFO] Fetching org.eclipse.equinox.bidi_1.4.200.v20220710-1223.jar from https://download.eclipse.org/releases/2023-03/202303151000/plugins/ (52.55kB)
[INFO] Fetching org.eclipse.equinox.p2.artifact.repository_1.4.800.v20221205-1614.jar from https://download.eclipse.org/releases/2023-03/202303151000/plugins/ (172.79kB)
[INFO] Fetching org.eclipse.equinox.p2.metadata_2.6.300.v20220817-1208.jar from https://download.eclipse.org/releases/2023-03/202303151000/plugins/ (362.07kB)
[INFO] Fetching org.tukaani.xz_1.9.0.v20210624-1259.jar from https://download.eclipse.org/tools/orbit/downloads/drops/R20230302014618/repository/plugins/ (131.39kB)
[INFO] Fetching org.eclipse.equinox.p2.core_2.9.200.v20220817-1208.jar from https://download.eclipse.org/releases/2023-03/202303151000/plugins/ (79.47kB)
[INFO] Fetching org.eclipse.equinox.p2.jarprocessor_1.2.400.v20221201-0952.jar from https://download.eclipse.org/releases/2023-03/202303151000/plugins/ (71.66kB)
[INFO] Fetching org.eclipse.equinox.p2.repository_2.6.300.v20221030-1923.jar from https://download.eclipse.org/releases/2023-03/202303151000/plugins/ (176.44kB)
[INFO] Fetching org.eclipse.equinox.p2.engine_2.7.500.v20220817-1208.jar from https://download.eclipse.org/releases/2023-03/202303151000/plugins/ (221.38kB)
[INFO] Fetching org.eclipse.equinox.p2.metadata.repository_1.4.100.v20220329-1456.jar from https://download.eclipse.org/releases/2023-03/202303151000/plugins/ (132.68kB)
[INFO] Fetching org.eclipse.equinox.security_1.3.1000.v20220801-1135.jar from https://download.eclipse.org/releases/2023-03/202303151000/plugins/ (115.07kB)
[INFO] Fetching org.eclipse.help_3.9.100.v20210721-0601.jar from https://download.eclipse.org/releases/2023-03/202303151000/plugins/ (270.25kB)
[INFO] Fetching org.eclipse.jface.text_3.23.0.v20230123-1047.jar from https://download.eclipse.org/releases/2023-03/202303151000/plugins/ (1.04MB)
[INFO] Fetching org.eclipse.swt.gtk.linux.x86_64_3.123.0.v20230220-1431.jar from https://download.eclipse.org/releases/2023-03/202303151000/plugins/ (2.07MB)
[INFO] Fetching org.eclipse.ui.ide_3.20.100.v20230220-1021.jar from https://download.eclipse.org/releases/2023-03/202303151000/plugins/ (2.39MB)
[INFO] Fetching org.eclipse.ui.navigator_3.11.0.v20230214-1401.jar from https://download.eclipse.org/releases/2023-03/202303151000/plugins/ (425.29kB)
[INFO] Fetching org.osgi.util.function_1.2.0.202109301733.jar from https://download.eclipse.org/releases/2023-03/202303151000/plugins/ (23.09kB)
[INFO] Fetching org.w3c.dom.smil_1.0.1.v200903091627.jar from https://download.eclipse.org/releases/2023-03/202303151000/plugins/ (21.23kB)
[INFO] Fetching org.eclipse.swt.gtk.linux.aarch64_3.123.0.v20230220-1431.jar from https://download.eclipse.org/releases/2023-03/202303151000/plugins/ (2.06MB)
[INFO] Fetching org.eclipse.swt.win32.win32.x86_64_3.123.0.v20230220-1431.jar from https://download.eclipse.org/releases/2023-03/202303151000/plugins/ (2.48MB)
[INFO] Fetching org.eclipse.swt.cocoa.macosx.x86_64_3.123.0.v20230220-1431.jar from https://download.eclipse.org/releases/2023-03/202303151000/plugins/ (2.16MB)
[INFO] Fetching org.eclipse.swt.cocoa.macosx.aarch64_3.123.0.v20230220-1431.jar from https://download.eclipse.org/releases/2023-03/202303151000/plugins/ (2.15MB)
[INFO] Resolving dependencies of MavenProject: org.palladiosimulator.reliability:org.palladiosimulator.reliability.sensitivity:5.2.2 @ /home/runner/work/telemetry-availability-identification/telemetry-availability-identification/palladio-source/bundles/org.palladiosimulator.reliability.sensitivity/.polyglot.META-INF
[INFO] Resolving dependencies of MavenProject: org.palladiosimulator.reliability:org.palladiosimulator.reliability.sensitivity.edit:5.2.2 @ /home/runner/work/telemetry-availability-identification/telemetry-availability-identification/palladio-source/bundles/org.palladiosimulator.reliability.sensitivity.edit/.polyglot.META-INF
[INFO] Fetching de.uka.ipd.sdq.identifier.edit_5.2.2.jar from https://updatesite.palladio-simulator.com/palladio-core-commons/releases/5.2.2/plugins/ (8.83kB)
[INFO] Fetching org.eclipse.emf.ecore.edit_2.14.0.v20230211-1150.jar from https://download.eclipse.org/releases/2023-03/202303151000/plugins/ (188.37kB)
[INFO] Fetching de.uka.ipd.sdq.probfunction.edit_5.2.2.jar from https://updatesite.palladio-simulator.com/palladio-core-commons/releases/5.2.2/plugins/ (57.85kB)
[INFO] Fetching de.uka.ipd.sdq.units.edit_5.2.2.jar from https://updatesite.palladio-simulator.com/palladio-core-commons/releases/5.2.2/plugins/ (30.37kB)
[INFO] Fetching org.eclipse.uml2.common.edit_2.5.0.v20221116-1811.jar from https://download.eclipse.org/releases/2023-03/202303151000/plugins/ (32.12kB)
[INFO] Fetching de.uka.ipd.sdq.stoex.edit_5.2.2.jar from https://updatesite.palladio-simulator.com/palladio-core-commons/releases/5.2.2/plugins/ (173.29kB)
[INFO] Fetching org.eclipse.uml2.types_2.5.0.v20221116-1811.jar from https://download.eclipse.org/releases/2023-03/202303151000/plugins/ (20.57kB)
[INFO] Fetching org.palladiosimulator.pcm.edit_5.2.2.jar from https://updatesite.palladio-simulator.com/palladio-editors-commons/releases/5.2.2/plugins/ (783.97kB)
[INFO] Fetching tools.mdsd.library.emfeditutils_1.0.0.jar from https://updatesite.mdsd.tools/library-emfeditutils/releases/1.0.0/plugins/ (9.23kB)
[INFO] Resolving dependencies of MavenProject: org.palladiosimulator.reliability:org.palladiosimulator.reliability.sensitivity.editor:5.2.2 @ /home/runner/work/telemetry-availability-identification/telemetry-availability-identification/palladio-source/bundles/org.palladiosimulator.reliability.sensitivity.editor/.polyglot.META-INF
[INFO] Fetching bcpg_1.72.2.jar from https://download.eclipse.org/releases/2023-03/202303151000/plugins/ (397.08kB)
[INFO] Resolving dependencies of MavenProject: org.palladiosimulator.reliability:org.palladiosimulator.reliability.solver:5.2.2 @ /home/runner/work/telemetry-availability-identification/telemetry-availability-identification/palladio-source/bundles/org.palladiosimulator.reliability.solver/.polyglot.META-INF
[INFO] Fetching de.uka.ipd.sdq.dialogs_5.2.2.jar from https://updatesite.palladio-simulator.com/palladio-core-commons/releases/5.2.2/plugins/ (30.42kB)
[INFO] Fetching org.eclipse.emf.transaction_1.9.2.202208110935.jar from https://download.eclipse.org/releases/2023-03/202303151000/plugins/ (175.44kB)
[INFO] Fetching de.uka.ipd.sdq.errorhandling_5.2.2.jar from https://updatesite.palladio-simulator.com/palladio-core-commons/releases/5.2.2/plugins/ (13.33kB)
[INFO] Fetching de.uka.ipd.sdq.featureconfig_5.2.2.jar from https://updatesite.palladio-simulator.com/palladio-supporting-featuremodel/releases/5.2.2/plugins/ (59.21kB)
[INFO] Fetching de.uka.ipd.sdq.featuremodel_5.2.2.jar from https://updatesite.palladio-simulator.com/palladio-supporting-featuremodel/releases/5.2.2/plugins/ (76.86kB)
[INFO] Fetching de.uka.ipd.sdq.pcm.stochasticexpressions_5.2.2.jar from https://updatesite.palladio-simulator.com/palladio-core-pcm/releases/5.2.2/plugins/ (6.53kB)
[INFO] Fetching de.uka.ipd.sdq.workflow_5.2.2.jar from https://updatesite.palladio-simulator.com/palladio-supporting-workflowengine/releases/5.2.2/plugins/ (47.84kB)
[INFO] Fetching de.uka.ipd.sdq.workflow.logging.console_5.2.2.jar from https://updatesite.palladio-simulator.com/palladio-supporting-workflowengine/releases/5.2.2/plugins/ (11.16kB)
[INFO] Fetching de.uka.ipd.sdq.workflow.launchconfig_5.2.2.jar from https://updatesite.palladio-simulator.com/palladio-supporting-workflowengine/releases/5.2.2/plugins/ (36.91kB)
[INFO] Fetching org.eclipse.debug.ui_3.17.200.v20230220-1318.jar from https://download.eclipse.org/releases/2023-03/202303151000/plugins/ (3MB)
[INFO] Fetching org.eclipse.ui.console_3.11.400.v20221012-0524.jar from https://download.eclipse.org/releases/2023-03/202303151000/plugins/ (245.21kB)
[INFO] Fetching de.uka.ipd.sdq.workflow.ui_5.2.2.jar from https://updatesite.palladio-simulator.com/palladio-supporting-workflowengine/releases/5.2.2/plugins/ (7.09kB)
[INFO] Fetching de.uka.ipd.sdq.workflow.launchconfig.core_5.2.2.jar from https://updatesite.palladio-simulator.com/palladio-supporting-workflowengine/releases/5.2.2/plugins/ (12.19kB)
[INFO] Fetching de.uka.ipd.sdq.workflow.mdsd_5.2.2.jar from https://updatesite.palladio-simulator.com/palladio-supporting-workflowengine/releases/5.2.2/plugins/ (37.81kB)
[INFO] Fetching org.eclipse.xpand_2.2.0.v201605260315.jar from https://download.eclipse.org/releases/2023-03/202303151000/plugins/ (228.7kB)
[INFO] Fetching org.eclipse.emf.mwe.core_1.8.0.v20221117-1134.jar from https://download.eclipse.org/releases/2023-03/202303151000/plugins/ (197.66kB)
[INFO] Fetching org.eclipse.xtend_2.2.0.v201605260315.jar from https://download.eclipse.org/releases/2023-03/202303151000/plugins/ (554.65kB)
[INFO] Fetching org.eclipse.xtend.typesystem.emf_2.2.0.v201605260315.jar from https://download.eclipse.org/releases/2023-03/202303151000/plugins/ (68kB)
[INFO] Fetching org.eclipse.m2m.qvt.oml.runtime_3.10.7.v20220605-1149.jar from https://download.eclipse.org/releases/2023-03/202303151000/plugins/ (215.87kB)
[INFO] Fetching org.eclipse.m2m.qvt.oml.common_3.10.2.v20220605-1149.jar from https://download.eclipse.org/releases/2023-03/202303151000/plugins/ (68.36kB)
[INFO] Fetching org.eclipse.m2m.qvt.oml_3.10.7.v20220605-1149.jar from https://download.eclipse.org/releases/2023-03/202303151000/plugins/ (1.06MB)
[INFO] Fetching org.eclipse.m2m.qvt.oml.emf.util_3.10.6.v20220605-1149.jar from https://download.eclipse.org/releases/2023-03/202303151000/plugins/ (77.17kB)
[INFO] Fetching org.eclipse.m2m.qvt.oml.ocl_3.10.2.v20220605-1149.jar from https://download.eclipse.org/releases/2023-03/202303151000/plugins/ (60.52kB)
[INFO] Fetching org.eclipse.m2m.qvt.oml.project_3.10.4.v20220605-1149.jar from https://download.eclipse.org/releases/2023-03/202303151000/plugins/ (62.76kB)
[INFO] Fetching org.eclipse.emf.mwe.utils_1.8.0.v20221117-1134.jar from https://download.eclipse.org/releases/2023-03/202303151000/plugins/ (40.79kB)
[INFO] Fetching org.eclipse.xtext.xtext.generator_2.30.0.v20230227-1116.jar from https://download.eclipse.org/releases/2023-03/202303151000/plugins/ (974.52kB)
[INFO] Fetching de.uka.ipd.sdq.workflow.workbench_5.2.2.jar from https://updatesite.palladio-simulator.com/palladio-supporting-workflowengine/releases/5.2.2/plugins/ (12.97kB)
[INFO] Fetching de.uka.ipd.sdq.workflow.mdsd.blackboard_5.2.2.jar from https://updatesite.palladio-simulator.com/palladio-supporting-workflowengine/releases/5.2.2/plugins/ (10.18kB)
[INFO] Fetching de.uka.ipd.sdq.workflow.mdsd.core_5.2.2.jar from https://updatesite.palladio-simulator.com/palladio-supporting-workflowengine/releases/5.2.2/plugins/ (14.4kB)
[INFO] Fetching org.apache.commons.cli_1.4.0.v20221112-0806.jar from https://download.eclipse.org/releases/2023-03/202303151000/plugins/ (66.54kB)
[INFO] Fetching org.eclipse.compare_3.8.500.v20220812-1406.jar from https://download.eclipse.org/releases/2023-03/202303151000/plugins/ (806.64kB)
[INFO] Fetching org.eclipse.ui.workbench.texteditor_3.16.700.v20230210-0941.jar from https://download.eclipse.org/releases/2023-03/202303151000/plugins/ (691.11kB)
[INFO] Fetching org.eclipse.ui.editors_3.15.0.v20221201-1935.jar from https://download.eclipse.org/releases/2023-03/202303151000/plugins/ (621.13kB)
[INFO] Fetching org.eclipse.ui.forms_3.11.600.v20230220-0932.jar from https://download.eclipse.org/releases/2023-03/202303151000/plugins/ (331.64kB)
[INFO] Fetching org.eclipse.compare.core_3.7.100.v20220812-1406.jar from https://download.eclipse.org/releases/2023-03/202303151000/plugins/ (69.26kB)
[INFO] Fetching org.eclipse.core.filebuffers_3.7.200.v20220202-1008.jar from https://download.eclipse.org/releases/2023-03/202303151000/plugins/ (115.6kB)
[INFO] Fetching org.eclipse.draw2d_3.12.0.202211301913.jar from https://download.eclipse.org/releases/2023-03/202303151000/plugins/ (636.39kB)
[INFO] Fetching org.eclipse.emf.codegen.ecore_2.33.0.v20230211-1150.jar from https://download.eclipse.org/releases/2023-03/202303151000/plugins/ (1.11MB)
[INFO] Fetching org.eclipse.emf.ecore.editor_2.18.0.v20230224-1122.jar from https://download.eclipse.org/releases/2023-03/202303151000/plugins/ (131.36kB)
[INFO] Fetching org.eclipse.emf.mwe2.runtime_2.14.0.v20221117-1134.jar from https://download.eclipse.org/releases/2023-03/202303151000/plugins/ (16.77kB)
[INFO] Fetching org.eclipse.emf.validation_1.8.1.202208271102.jar from https://download.eclipse.org/releases/2023-03/202303151000/plugins/ (412.33kB)
[INFO] Fetching org.eclipse.emf.workspace_1.5.2.202208110935.jar from https://download.eclipse.org/releases/2023-03/202303151000/plugins/ (88.93kB)
[INFO] Fetching org.eclipse.gef_3.13.0.202211301913.jar from https://download.eclipse.org/releases/2023-03/202303151000/plugins/ (996.08kB)
[INFO] Fetching org.eclipse.gmf.runtime.common.core_1.7.1.202211041032.jar from https://download.eclipse.org/releases/2023-03/202303151000/plugins/ (119.86kB)
[INFO] Fetching org.eclipse.gmf.runtime.common.ui_1.8.1.202211041032.jar from https://download.eclipse.org/releases/2023-03/202303151000/plugins/ (261.16kB)
[INFO] Fetching org.eclipse.team.core_3.9.700.v20221201-0946.jar from https://download.eclipse.org/releases/2023-03/202303151000/plugins/ (402.85kB)
[INFO] Fetching org.eclipse.gmf.runtime.common.ui.action_1.7.0.202211041032.jar from https://download.eclipse.org/releases/2023-03/202303151000/plugins/ (105.26kB)
[INFO] Fetching org.eclipse.gmf.runtime.common.ui.services.action_1.7.0.202211041032.jar from https://download.eclipse.org/releases/2023-03/202303151000/plugins/ (124.56kB)
[INFO] Fetching org.eclipse.gmf.runtime.common.ui.services_1.9.0.202211041032.jar from https://download.eclipse.org/releases/2023-03/202303151000/plugins/ (103.8kB)
[INFO] Fetching org.eclipse.gmf.runtime.diagram.core_1.7.0.202211041032.jar from https://download.eclipse.org/releases/2023-03/202303151000/plugins/ (135.98kB)
[INFO] Fetching org.eclipse.gmf.runtime.notation_1.10.0.202211151334.jar from https://download.eclipse.org/releases/2023-03/202303151000/plugins/ (388.86kB)
[INFO] Fetching org.eclipse.gmf.runtime.emf.core_1.7.1.202211041032.jar from https://download.eclipse.org/releases/2023-03/202303151000/plugins/ (116.51kB)
[INFO] Fetching org.eclipse.gmf.runtime.emf.type.core_1.9.1.202211041032.jar from https://download.eclipse.org/releases/2023-03/202303151000/plugins/ (192.9kB)
[INFO] Fetching org.eclipse.gmf.runtime.diagram.ui_1.9.1.202211041032.jar from https://download.eclipse.org/releases/2023-03/202303151000/plugins/ (1.17MB)
[INFO] Fetching org.eclipse.gmf.runtime.emf.commands.core_1.7.0.202211041032.jar from https://download.eclipse.org/releases/2023-03/202303151000/plugins/ (31.39kB)
[INFO] Fetching org.eclipse.gmf.runtime.emf.ui_1.7.0.202211041032.jar from https://download.eclipse.org/releases/2023-03/202303151000/plugins/ (97.2kB)
[INFO] Fetching org.eclipse.gmf.runtime.gef.ui_1.7.1.202211041032.jar from https://download.eclipse.org/releases/2023-03/202303151000/plugins/ (105.06kB)
[INFO] Fetching org.eclipse.ui.views.properties.tabbed_3.9.400.v20230220-1021.jar from https://download.eclipse.org/releases/2023-03/202303151000/plugins/ (110.67kB)
[INFO] Fetching org.eclipse.gmf.runtime.draw2d.ui.render_1.7.1.202211041032.jar from https://download.eclipse.org/releases/2023-03/202303151000/plugins/ (52.83kB)
[INFO] Fetching org.eclipse.gmf.runtime.draw2d.ui_1.9.2.202211041032.jar from https://download.eclipse.org/releases/2023-03/202303151000/plugins/ (321.79kB)
[INFO] Fetching org.eclipse.gmf.runtime.emf.clipboard.core_1.7.1.202211041032.jar from https://download.eclipse.org/releases/2023-03/202303151000/plugins/ (112.33kB)
[INFO] Fetching org.eclipse.jdt.core.manipulation_1.18.0.v20230209-2203.jar from https://download.eclipse.org/releases/2023-03/202303151000/plugins/ (2.29MB)
[INFO] Fetching org.eclipse.ltk.core.refactoring_3.13.100.v20230117-1625.jar from https://download.eclipse.org/releases/2023-03/202303151000/plugins/ (343.25kB)
[INFO] Fetching org.eclipse.jdt.ui_3.28.0.v20230210-2115.jar from https://download.eclipse.org/releases/2023-03/202303151000/plugins/ (10.95MB)
[INFO] Fetching org.eclipse.search_3.14.400.v20230209-0804.jar from https://download.eclipse.org/releases/2023-03/202303151000/plugins/ (499.45kB)
[INFO] Fetching org.eclipse.team.ui_3.9.600.v20230207-1607.jar from https://download.eclipse.org/releases/2023-03/202303151000/plugins/ (1.42MB)
[INFO] Fetching org.eclipse.ltk.ui.refactoring_3.12.200.v20220808-2221.jar from https://download.eclipse.org/releases/2023-03/202303151000/plugins/ (470.76kB)
[INFO] Fetching org.eclipse.ui.navigator.resources_3.8.600.v20230220-1021.jar from https://download.eclipse.org/releases/2023-03/202303151000/plugins/ (175.28kB)
[INFO] Fetching org.eclipse.m2m.qvt.oml.cst.parser_3.9.0.v20220605-1149.jar from https://download.eclipse.org/releases/2023-03/202303151000/plugins/ (870.19kB)
[INFO] Fetching org.eclipse.m2m.qvt.oml.ecore.imperativeocl_3.10.2.v20220605-1149.jar from https://download.eclipse.org/releases/2023-03/202303151000/plugins/ (143.94kB)
[INFO] Fetching org.eclipse.osgi.util_3.7.200.v20230103-1101.jar from https://download.eclipse.org/releases/2023-03/202303151000/plugins/ (14.42kB)
[INFO] Fetching org.osgi.util.measurement_1.0.2.201802012109.jar from https://download.eclipse.org/releases/2023-03/202303151000/plugins/ (25.74kB)
[INFO] Fetching org.osgi.util.position_1.0.1.201505202026.jar from https://download.eclipse.org/releases/2023-03/202303151000/plugins/ (13.73kB)
[INFO] Fetching org.osgi.util.xml_1.0.2.202109301733.jar from https://download.eclipse.org/releases/2023-03/202303151000/plugins/ (18.3kB)
[INFO] Fetching org.eclipse.sirius_7.0.7.202301170754.jar from https://download.eclipse.org/releases/2023-03/202303151000/plugins/ (847.48kB)
[INFO] Fetching org.eclipse.sirius.common_7.0.7.202301170754.jar from https://download.eclipse.org/releases/2023-03/202303151000/plugins/ (258.61kB)
[INFO] Fetching org.eclipse.sirius.ecore.extender_7.0.7.202301170754.jar from https://download.eclipse.org/releases/2023-03/202303151000/plugins/ (93.99kB)
[INFO] Fetching org.eclipse.sirius.model_7.0.7.202301170754.jar from https://download.eclipse.org/releases/2023-03/202303151000/plugins/ (642.29kB)
[INFO] Fetching org.eclipse.sirius.ext.base_7.0.7.202301170754.jar from https://download.eclipse.org/releases/2023-03/202303151000/plugins/ (31.16kB)
[INFO] Fetching org.eclipse.sirius.ext.emf_7.0.7.202301170754.jar from https://download.eclipse.org/releases/2023-03/202303151000/plugins/ (19.36kB)
[INFO] Fetching org.eclipse.sirius.ext.emf.tx_7.0.7.202301170754.jar from https://download.eclipse.org/releases/2023-03/202303151000/plugins/ (11.43kB)
[INFO] Fetching org.eclipse.sirius.common.ui_7.0.7.202301170754.jar from https://download.eclipse.org/releases/2023-03/202303151000/plugins/ (285.86kB)
[INFO] Fetching org.eclipse.sirius.ext.e3.ui_7.0.7.202301170754.jar from https://download.eclipse.org/releases/2023-03/202303151000/plugins/ (43.27kB)
[INFO] Fetching org.eclipse.sirius.ext.emf.edit_7.0.7.202301170754.jar from https://download.eclipse.org/releases/2023-03/202303151000/plugins/ (16.04kB)
[INFO] Fetching org.eclipse.sirius.ext.emf.ui_7.0.7.202301170754.jar from https://download.eclipse.org/releases/2023-03/202303151000/plugins/ (13.6kB)
[INFO] Fetching org.eclipse.sirius.ext.jface_7.0.7.202301170754.jar from https://download.eclipse.org/releases/2023-03/202303151000/plugins/ (10.77kB)
[INFO] Fetching org.eclipse.sirius.ext.swt_7.0.7.202301170754.jar from https://download.eclipse.org/releases/2023-03/202303151000/plugins/ (11.44kB)
[INFO] Fetching org.eclipse.sirius.ui_7.0.7.202301170754.jar from https://download.eclipse.org/releases/2023-03/202303151000/plugins/ (1.41MB)
[INFO] Fetching org.eclipse.xtext.builder_2.30.0.v20230227-1159.jar from https://download.eclipse.org/releases/2023-03/202303151000/plugins/ (394.87kB)
[INFO] Fetching org.eclipse.xtext.ui_2.30.0.v20230227-1159.jar from https://download.eclipse.org/releases/2023-03/202303151000/plugins/ (1.89MB)
[INFO] Fetching org.eclipse.xtext.common.types.ui_2.30.0.v20230227-1159.jar from https://download.eclipse.org/releases/2023-03/202303151000/plugins/ (252.07kB)
[INFO] Fetching org.eclipse.xtext.common.types.edit_2.30.0.v20230227-1159.jar from https://download.eclipse.org/releases/2023-03/202303151000/plugins/ (250kB)
[INFO] Fetching org.eclipse.xtext.ide_2.30.0.v20230227-1116.jar from https://download.eclipse.org/releases/2023-03/202303151000/plugins/ (496.58kB)
[INFO] Fetching org.eclipse.xtext.ui.codetemplates_2.30.0.v20230227-1159.jar from https://download.eclipse.org/releases/2023-03/202303151000/plugins/ (195.86kB)
[INFO] Fetching org.eclipse.xtext.ui.codetemplates.ide_2.30.0.v20230227-1159.jar from https://download.eclipse.org/releases/2023-03/202303151000/plugins/ (134.89kB)
[INFO] Fetching org.eclipse.xtext.ui.codetemplates.ui_2.30.0.v20230227-1159.jar from https://download.eclipse.org/releases/2023-03/202303151000/plugins/ (134.76kB)
[INFO] Fetching org.eclipse.xtext.ui.shared_2.30.0.v20230227-1159.jar from https://download.eclipse.org/releases/2023-03/202303151000/plugins/ (62.46kB)
[INFO] Fetching org.eclipse.xtext.xbase.ide_2.30.0.v20230227-1128.jar from https://download.eclipse.org/releases/2023-03/202303151000/plugins/ (595.34kB)
[INFO] Fetching org.jfree.jfreechart_1.0.19.jar from https://updatesite.palladio-simulator.com/palladio-thirdparty-wrapper/releases/5.2.2/plugins/ (1.81MB)
[INFO] Fetching org.jfree.jfreechart_1.0.19.jar from https://updatesite.palladio-simulator.com/palladio-thirdparty-wrapper/releases/5.2.2/plugins/ (779.95kB of 1.81MB at 775.95kB/s)
[INFO] Fetching org.palladiosimulator.analyzer.accuracy_5.2.2.jar from https://updatesite.palladio-simulator.com/palladio-analyzer-framework/releases/5.2.2/plugins/ (33.16kB)
[INFO] Fetching org.palladiosimulator.analyzer.workflow.core_5.2.2.jar from https://updatesite.palladio-simulator.com/palladio-analyzer-framework/releases/5.2.2/plugins/ (33.27kB)
[INFO] Fetching org.palladiosimulator.analyzer.quality_5.2.2.jar from https://updatesite.palladio-simulator.com/palladio-analyzer-framework/releases/5.2.2/plugins/ (279.66kB)
[INFO] Fetching org.palladiosimulator.analyzer.accuracy.ui_5.2.2.jar from https://updatesite.palladio-simulator.com/palladio-analyzer-framework/releases/5.2.2/plugins/ (7.42kB)
[INFO] Fetching org.palladiosimulator.analyzer.completions_5.2.2.jar from https://updatesite.palladio-simulator.com/palladio-analyzer-framework/releases/5.2.2/plugins/ (35.03kB)
[INFO] Fetching org.palladiosimulator.analyzer.workflow_5.2.2.jar from https://updatesite.palladio-simulator.com/palladio-analyzer-framework/releases/5.2.2/plugins/ (36.73kB)
[INFO] Fetching org.palladiosimulator.commons.stoex.ide_5.2.2.jar from https://updatesite.palladio-simulator.com/palladio-core-commons/releases/5.2.2/plugins/ (74.9kB)
[INFO] Fetching org.palladiosimulator.commons.stoex.ui_5.2.2.jar from https://updatesite.palladio-simulator.com/palladio-core-commons/releases/5.2.2/plugins/ (20.31kB)
[INFO] Fetching org.palladiosimulator.editors.commons.dialogs_5.2.2.jar from https://updatesite.palladio-simulator.com/palladio-editors-commons/releases/5.2.2/plugins/ (153.45kB)
[INFO] Fetching org.palladiosimulator.pcm.ui_5.2.2.jar from https://updatesite.palladio-simulator.com/palladio-core-pcm/releases/5.2.2/plugins/ (683.81kB)
[INFO] Fetching org.palladiosimulator.pcm.stoex.ui_5.2.2.jar from https://updatesite.palladio-simulator.com/palladio-core-pcm/releases/5.2.2/plugins/ (28.03kB)
[INFO] Fetching org.palladiosimulator.pcm.stoex.ide_5.2.2.jar from https://updatesite.palladio-simulator.com/palladio-core-pcm/releases/5.2.2/plugins/ (77.85kB)
[INFO] Fetching org.palladiosimulator.solver_5.2.2.jar from https://updatesite.palladio-simulator.com/palladio-analyzer-solver/releases/5.2.2/plugins/ (143.75kB)
[INFO] Fetching org.palladiosimulator.solver.spa_5.2.2.jar from https://updatesite.palladio-simulator.com/palladio-analyzer-solver/releases/5.2.2/plugins/ (59.91kB)
[INFO] Fetching org.palladiosimulator.solver.spa.basicsolver_5.2.2.jar from https://updatesite.palladio-simulator.com/palladio-analyzer-solver/releases/5.2.2/plugins/ (31.44kB)
[INFO] Fetching org.palladiosimulator.solver.spa.resourcemodel_5.2.2.jar from https://updatesite.palladio-simulator.com/palladio-analyzer-solver/releases/5.2.2/plugins/ (37.82kB)
[INFO] Fetching org.palladiosimulator.solver.context_5.2.2.jar from https://updatesite.palladio-simulator.com/palladio-analyzer-solver/releases/5.2.2/plugins/ (99.58kB)
[INFO] Fetching org.palladiosimulator.solver.lqn_5.2.2.jar from https://updatesite.palladio-simulator.com/palladio-analyzer-solver/releases/5.2.2/plugins/ (373.15kB)
[INFO] Fetching org.palladiosimulator.solver.core_5.2.2.jar from https://updatesite.palladio-simulator.com/palladio-analyzer-solver/releases/5.2.2/plugins/ (93.39kB)
[INFO] Resolving dependencies of MavenProject: org.palladiosimulator.reliability:org.palladiosimulator.reliability.feature:5.2.2 @ /home/runner/work/telemetry-availability-identification/telemetry-availability-identification/palladio-source/features/org.palladiosimulator.reliability.feature/.polyglot.feature.xml
[INFO] Resolving dependencies of MavenProject: org.palladiosimulator.reliability:org.palladiosimulator.reliability.tests:5.2.2 @ /home/runner/work/telemetry-availability-identification/telemetry-availability-identification/palladio-source/tests/org.palladiosimulator.reliability.tests/.polyglot.META-INF
[INFO] Fetching org.eclipse.core.net_1.4.0.v20220813-1037.jar from https://download.eclipse.org/releases/2023-03/202303151000/plugins/ (49.45kB)
[INFO] Fetching org.eclipse.equinox.launcher_1.6.400.v20210924-0641.jar from https://download.eclipse.org/releases/2023-03/202303151000/plugins/ (52.65kB)
[INFO] Fetching org.eclipse.ui.ide.application_1.4.700.v20230220-0932.jar from https://download.eclipse.org/releases/2023-03/202303151000/plugins/ (114.89kB)
[INFO] Fetching org.junit_4.13.2.v20211018-1956.jar from https://download.eclipse.org/releases/2023-03/202303151000/plugins/ (421.77kB)
[INFO] Fetching org.hamcrest.core_1.3.0.v20180420-1519.jar from https://download.eclipse.org/releases/2023-03/202303151000/plugins/ (65.43kB)
[INFO] Fetching org.palladiosimulator.pcm.resources_5.2.2.jar from https://updatesite.palladio-simulator.com/palladio-core-pcm/releases/5.2.2/plugins/ (61.88kB)
[INFO] Resolving dependencies of MavenProject: org.palladiosimulator.reliability:org.palladiosimulator.reliability.updatesite:5.2.2 @ /home/runner/work/telemetry-availability-identification/telemetry-availability-identification/palladio-source/releng/org.palladiosimulator.reliability.updatesite/pom.xml
[INFO] Inspecting build with total of 16 modules
[INFO] Installing Central Publishing features
[INFO] ------------------------------------------------------------------------
[INFO] Reactor Build Order:
[INFO] 
[INFO] parent                                                             [pom]
[INFO] bundles                                                            [pom]
[INFO] [bundle] PCM Reliability Core Definitions               [eclipse-plugin]
[INFO] [bundle] Markov Model                                   [eclipse-plugin]
[INFO] [bundle] Markov Edit Support                            [eclipse-plugin]
[INFO] [bundle] Markov Editor                                  [eclipse-plugin]
[INFO] [bundle] PCM Markov Sensitivity Model                   [eclipse-plugin]
[INFO] [bundle] EMF Edit Plug-in for PCM Markov Sensitivity Model [eclipse-plugin]
[INFO] [bundle] EMF Editor Plug-in for PCM Markov Sensitivity Model [eclipse-plugin]
[INFO] [bundle] PCM Reliability Solver Plug-in                 [eclipse-plugin]
[INFO] features                                                           [pom]
[INFO] [feature] Palladio Component Model - Analyzer: Reliability [eclipse-feature]
[INFO] tests                                                              [pom]
[INFO] [test-bundle] Tests for the Reliability Features   [eclipse-test-plugin]
[INFO] releng                                                             [pom]
[INFO] org.palladiosimulator.reliability.updatesite        [eclipse-repository]
[INFO] 
[INFO] --------------< org.palladiosimulator.reliability:parent >--------------
[INFO] Building parent 5.2.2                                             [1/16]
[INFO]   from pom.xml
[INFO] --------------------------------[ pom ]---------------------------------
[INFO] 
[INFO] --- clean:3.5.0:clean (default-clean) @ parent ---
[INFO] Deleting /home/runner/work/telemetry-availability-identification/telemetry-availability-identification/palladio-source (includes = [target/**, xtend-gen/**, emfparsley-gen/**], excludes = [*/.gitkeep])
[INFO] 
[INFO] --- xtend:2.39.0:compile (default) @ parent ---
[INFO] skip compiling sources because the configured directory '[/home/runner/work/telemetry-availability-identification/telemetry-availability-identification/palladio-source/src/main/java]' does not exist.
[INFO] 
[INFO] --- jacoco:0.8.13:prepare-agent (jacoco-prepare) @ parent ---
[WARNING] The POM for commons-io:commons-io:jar:2.11.0 is invalid, transitive dependencies (if any) will not be available: 1 problem was encountered while building the effective model for commons-io:commons-io:2.11.0
[FATAL] Non-parseable POM /home/runner/work/_temp/petclinic-pmx-maven-repository/org/apache/commons/commons-parent/52/commons-parent-52.pom: UTF-8 BOM plus xml decl of ISO-8859-1 is incompatible (position: START_DOCUMENT seen <?xml version="1.0" encoding="ISO-8859-1"... @1:42)  @ /home/runner/work/_temp/petclinic-pmx-maven-repository/org/apache/commons/commons-parent/52/commons-parent-52.pom, line 1, column 42

[INFO] argLine set to -javaagent:/home/runner/work/_temp/petclinic-pmx-maven-repository/org/jacoco/org.jacoco.agent/0.8.13/org.jacoco.agent-0.8.13-runtime.jar=destfile=/home/runner/work/telemetry-availability-identification/telemetry-availability-identification/palladio-source/target/jacoco.exec
[INFO] 
[INFO] --- tycho-source:2.7.5:plugin-source (plugin-source) @ parent ---
[INFO] 
[INFO] --- tycho-source:2.7.5:feature-source (feature-source) @ parent ---
[INFO] 
[INFO] --- tycho-p2:2.7.5:p2-metadata (attached-p2-metadata) @ parent ---
[INFO] 
[INFO] --- checkstyle:3.1.2:check (palladio-checkstyle) @ parent ---
[WARNING] The POM for commons-beanutils:commons-beanutils:jar:1.9.4 is invalid, transitive dependencies (if any) will not be available: 1 problem was encountered while building the effective model for commons-beanutils:commons-beanutils:1.9.4
[FATAL] Non-parseable POM /home/runner/work/_temp/petclinic-pmx-maven-repository/org/apache/commons/commons-parent/47/commons-parent-47.pom: UTF-8 BOM plus xml decl of ISO-8859-1 is incompatible (position: START_DOCUMENT seen <?xml version="1.0" encoding="ISO-8859-1"... @1:42)  @ /home/runner/work/_temp/petclinic-pmx-maven-repository/org/apache/commons/commons-parent/47/commons-parent-47.pom, line 1, column 42

[WARNING] The POM for commons-logging:commons-logging:jar:1.1.1 is invalid, transitive dependencies (if any) will not be available: 1 problem was encountered while building the effective model for commons-logging:commons-logging:1.1.1
[FATAL] Non-parseable POM /home/runner/work/_temp/petclinic-pmx-maven-repository/org/apache/commons/commons-parent/5/commons-parent-5.pom: UTF-8 BOM plus xml decl of ISO-8859-1 is incompatible (position: START_DOCUMENT seen <?xml version="1.0" encoding="ISO-8859-1"... @1:42)  @ /home/runner/work/_temp/petclinic-pmx-maven-repository/org/apache/commons/commons-parent/5/commons-parent-5.pom, line 1, column 42

[WARNING] The POM for commons-io:commons-io:jar:1.4 is invalid, transitive dependencies (if any) will not be available: 1 problem was encountered while building the effective model for commons-io:commons-io:1.4
[FATAL] Non-parseable POM /home/runner/work/_temp/petclinic-pmx-maven-repository/org/apache/commons/commons-parent/7/commons-parent-7.pom: UTF-8 BOM plus xml decl of ISO-8859-1 is incompatible (position: START_DOCUMENT seen <?xml version="1.0" encoding="ISO-8859-1"... @1:42)  @ /home/runner/work/_temp/petclinic-pmx-maven-repository/org/apache/commons/commons-parent/7/commons-parent-7.pom, line 1, column 42

[WARNING] The POM for javax.activation:javax.activation-api:jar:1.2.0 is invalid, transitive dependencies (if any) will not be available: 1 problem was encountered while building the effective model
[FATAL] Non-parseable POM /home/runner/work/_temp/petclinic-pmx-maven-repository/javax/activation/javax.activation-api/1.2.0/javax.activation-api-1.2.0.pom: UTF-8 BOM plus xml decl of iso-8859-1 is incompatible (position: START_DOCUMENT seen <?xml version="1.0" encoding="iso-8859-1"... @1:42)  @ line 1, column 42

[INFO] You have 0 Checkstyle violations.
[INFO] 
[INFO] -------------< org.palladiosimulator.reliability:bundles >--------------
[INFO] Building bundles 5.2.2                                            [2/16]
[INFO]   from bundles/pom.xml
[INFO] --------------------------------[ pom ]---------------------------------
[INFO] 
[INFO] --- clean:3.5.0:clean (default-clean) @ bundles ---
[INFO] Deleting /home/runner/work/telemetry-availability-identification/telemetry-availability-identification/palladio-source/bundles (includes = [target/**, xtend-gen/**, emfparsley-gen/**], excludes = [*/.gitkeep])
[INFO] 
[INFO] --- xtend:2.39.0:compile (default) @ bundles ---
[INFO] skip compiling sources because the configured directory '[/home/runner/work/telemetry-availability-identification/telemetry-availability-identification/palladio-source/bundles/src/main/java]' does not exist.
[INFO] 
[INFO] --- jacoco:0.8.13:prepare-agent (jacoco-prepare) @ bundles ---
[INFO] argLine set to -javaagent:/home/runner/work/_temp/petclinic-pmx-maven-repository/org/jacoco/org.jacoco.agent/0.8.13/org.jacoco.agent-0.8.13-runtime.jar=destfile=/home/runner/work/telemetry-availability-identification/telemetry-availability-identification/palladio-source/bundles/target/jacoco.exec
[INFO] 
[INFO] --- tycho-source:2.7.5:plugin-source (plugin-source) @ bundles ---
[INFO] 
[INFO] --- tycho-source:2.7.5:feature-source (feature-source) @ bundles ---
[INFO] 
[INFO] --- tycho-p2:2.7.5:p2-metadata (attached-p2-metadata) @ bundles ---
[INFO] 
[INFO] --- checkstyle:3.1.2:check (palladio-checkstyle) @ bundles ---
[INFO] You have 0 Checkstyle violations.
[INFO] 
[INFO] --< org.palladiosimulator.reliability:org.palladiosimulator.reliability >--
[INFO] Building [bundle] PCM Reliability Core Definitions 5.2.2          [3/16]
[INFO]   from bundles/org.palladiosimulator.reliability/.polyglot.META-INF
[INFO] ---------------------------[ eclipse-plugin ]---------------------------
[INFO] 
[INFO] --- clean:3.5.0:clean (default-clean) @ org.palladiosimulator.reliability ---
[INFO] Deleting /home/runner/work/telemetry-availability-identification/telemetry-availability-identification/palladio-source/bundles/org.palladiosimulator.reliability (includes = [target/**, xtend-gen/**, emfparsley-gen/**], excludes = [*/.gitkeep])
[INFO] 
[INFO] --- tycho-packaging:2.7.5:build-qualifier (default-build-qualifier) @ org.palladiosimulator.reliability ---
[INFO] The project's OSGi version is 5.2.2
[INFO] 
[INFO] --- tycho-packaging:2.7.5:validate-id (default-validate-id) @ org.palladiosimulator.reliability ---
[INFO] 
[INFO] --- tycho-packaging:2.7.5:validate-version (default-validate-version) @ org.palladiosimulator.reliability ---
[INFO] 
[INFO] --- target-platform-configuration:2.7.5:target-platform (default-target-platform) @ org.palladiosimulator.reliability ---
[INFO] 
[INFO] --- tycho-compiler:2.7.5:validate-classpath (default-validate-classpath) @ org.palladiosimulator.reliability ---
[INFO] Resolving class path of [bundle] PCM Reliability Core Definitions...
[INFO] Fetching org.eclipse.core.filesystem.linux.x86_64_1.2.400.v20220812-1420.jar from https://download.eclipse.org/releases/2023-03/202303151000/plugins/ (13.13kB)
[INFO] Fetching org.eclipse.core.resources.win32.x86_64_3.5.500.v20220812-1420.jar from https://download.eclipse.org/releases/2023-03/202303151000/plugins/ (59.56kB)
[INFO] Fetching org.eclipse.core.filesystem.linux.aarch64_1.4.200.v20220812-1420.jar from https://download.eclipse.org/releases/2023-03/202303151000/plugins/ (13kB)
[INFO] Fetching org.eclipse.osgi.compatibility.state_1.2.800.v20221116-1440.jar from https://download.eclipse.org/releases/2023-03/202303151000/plugins/ (251.02kB)
[INFO] Fetching org.eclipse.core.filesystem.macosx_1.3.400.v20220812-1420.jar from https://download.eclipse.org/releases/2023-03/202303151000/plugins/ (27.41kB)
[INFO] Fetching org.eclipse.xtext.logging_1.2.24.v20230227-1159.jar from https://download.eclipse.org/releases/2023-03/202303151000/plugins/ (14.18kB)
[INFO] Fetching org.eclipse.core.filesystem.win32.x86_64_1.4.300.v20220812-1420.jar from https://download.eclipse.org/releases/2023-03/202303151000/plugins/ (39.29kB)
[INFO] 
[INFO] --- xtend:2.39.0:compile (default) @ org.palladiosimulator.reliability ---
[INFO] 
[INFO] --- resources:2.4.3:resources (default-resources) @ org.palladiosimulator.reliability ---
[INFO] Using 'UTF-8' encoding to copy filtered resources.
[INFO] skip non existing resourceDirectory /home/runner/work/telemetry-availability-identification/telemetry-availability-identification/palladio-source/bundles/org.palladiosimulator.reliability/src/main/resources
[INFO] 
[INFO] --- tycho-compiler:2.7.5:compile (default-compile) @ org.palladiosimulator.reliability ---
[INFO] Compiling 12 source files to /home/runner/work/telemetry-availability-identification/telemetry-availability-identification/palladio-source/bundles/org.palladiosimulator.reliability/target/classes
[INFO] 
[INFO] --- tycho-ds:2.7.5:declarative-services (default-declarative-services) @ org.palladiosimulator.reliability ---
[INFO] 
[INFO] --- jacoco:0.8.13:prepare-agent (jacoco-prepare) @ org.palladiosimulator.reliability ---
[INFO] argLine set to -javaagent:/home/runner/work/_temp/petclinic-pmx-maven-repository/org/jacoco/org.jacoco.agent/0.8.13/org.jacoco.agent-0.8.13-runtime.jar=destfile=/home/runner/work/telemetry-availability-identification/telemetry-availability-identification/palladio-source/bundles/org.palladiosimulator.reliability/target/jacoco.exec
[INFO] 
[INFO] --- resources:2.4.3:testResources (default-testResources) @ org.palladiosimulator.reliability ---
[INFO] Using 'UTF-8' encoding to copy filtered resources.
[INFO] skip non existing resourceDirectory /home/runner/work/telemetry-availability-identification/telemetry-availability-identification/palladio-source/bundles/org.palladiosimulator.reliability/src/test/resources
[INFO] 
[INFO] --- tycho-compiler:2.7.5:testCompile (default-testCompile) @ org.palladiosimulator.reliability ---
[INFO] 
[INFO] --- surefire:2.22.2:test (default-test) @ org.palladiosimulator.reliability ---
[WARNING] The POM for org.hamcrest:hamcrest-core:jar:1.3 is invalid, transitive dependencies (if any) will not be available: 1 problem was encountered while building the effective model
[FATAL] Non-parseable POM /home/runner/work/_temp/petclinic-pmx-maven-repository/org/hamcrest/hamcrest-core/1.3/hamcrest-core-1.3.pom: UTF-8 BOM plus xml decl of ISO-8859-1 is incompatible (position: START_DOCUMENT seen <?xml version="1.0" encoding="ISO-8859-1"... @1:42)  @ line 1, column 42

[INFO] Tests are skipped.
[INFO] 
[INFO] --- tycho-packaging:2.7.5:update-consumer-pom (default-update-consumer-pom) @ org.palladiosimulator.reliability ---
[INFO] 
[INFO] --- tycho-source:2.7.5:plugin-source (plugin-source) @ org.palladiosimulator.reliability ---
[INFO] Building jar: /home/runner/work/telemetry-availability-identification/telemetry-availability-identification/palladio-source/bundles/org.palladiosimulator.reliability/target/org.palladiosimulator.reliability-5.2.2-sources.jar
[INFO] 
[INFO] --- tycho-packaging:2.7.5:package-plugin (default-package-plugin) @ org.palladiosimulator.reliability ---
[INFO] Building jar: /home/runner/work/telemetry-availability-identification/telemetry-availability-identification/palladio-source/bundles/org.palladiosimulator.reliability/target/org.palladiosimulator.reliability-5.2.2.jar
[INFO] 
[INFO] --- tycho-p2:2.7.5:p2-metadata-default (default-p2-metadata-default) @ org.palladiosimulator.reliability ---
[INFO] 
[INFO] --- tycho-source:2.7.5:feature-source (feature-source) @ org.palladiosimulator.reliability ---
[INFO] 
[INFO] --- tycho-p2:2.7.5:p2-metadata (attached-p2-metadata) @ org.palladiosimulator.reliability ---
[WARNING] artifact org.palladiosimulator.reliability:org.palladiosimulator.reliability:xml:p2metadata:5.2.2 already attached, replace previous instance
[WARNING] artifact org.palladiosimulator.reliability:org.palladiosimulator.reliability:xml:p2artifacts:5.2.2 already attached, replace previous instance
[INFO] 
[INFO] --- checkstyle:3.1.2:check (palladio-checkstyle) @ org.palladiosimulator.reliability ---
[INFO] You have 0 Checkstyle violations.
[INFO] 
[INFO] --- tycho-surefire:2.7.5:integration-test (default-integration-test) @ org.palladiosimulator.reliability ---
[INFO] Skipping tests
[INFO] 
[INFO] --- failsafe:2.22.2:verify (default-verify) @ org.palladiosimulator.reliability ---
[INFO] Tests are skipped.
[INFO] 
[INFO] --< org.palladiosimulator.reliability:org.palladiosimulator.reliability.markov >--
[INFO] Building [bundle] Markov Model 5.2.2                              [4/16]
[INFO]   from bundles/org.palladiosimulator.reliability.markov/.polyglot.META-INF
[INFO] ---------------------------[ eclipse-plugin ]---------------------------
[INFO] 
[INFO] --- clean:3.5.0:clean (default-clean) @ org.palladiosimulator.reliability.markov ---
[INFO] Deleting /home/runner/work/telemetry-availability-identification/telemetry-availability-identification/palladio-source/bundles/org.palladiosimulator.reliability.markov (includes = [target/**, xtend-gen/**, emfparsley-gen/**], excludes = [*/.gitkeep])
[INFO] 
[INFO] --- tycho-packaging:2.7.5:build-qualifier (default-build-qualifier) @ org.palladiosimulator.reliability.markov ---
[INFO] The project's OSGi version is 5.2.2
[INFO] 
[INFO] --- tycho-packaging:2.7.5:validate-id (default-validate-id) @ org.palladiosimulator.reliability.markov ---
[INFO] 
[INFO] --- tycho-packaging:2.7.5:validate-version (default-validate-version) @ org.palladiosimulator.reliability.markov ---
[INFO] 
[INFO] --- target-platform-configuration:2.7.5:target-platform (default-target-platform) @ org.palladiosimulator.reliability.markov ---
[INFO] 
[INFO] --- tycho-compiler:2.7.5:validate-classpath (default-validate-classpath) @ org.palladiosimulator.reliability.markov ---
[INFO] Resolving class path of [bundle] Markov Model...
[INFO] 
[INFO] --- xtend:2.39.0:compile (default) @ org.palladiosimulator.reliability.markov ---
[INFO] 
[INFO] --- resources:2.4.3:resources (default-resources) @ org.palladiosimulator.reliability.markov ---
[INFO] Using 'UTF-8' encoding to copy filtered resources.
[INFO] skip non existing resourceDirectory /home/runner/work/telemetry-availability-identification/telemetry-availability-identification/palladio-source/bundles/org.palladiosimulator.reliability.markov/src/main/resources
[INFO] 
[INFO] --- tycho-compiler:2.7.5:compile (default-compile) @ org.palladiosimulator.reliability.markov ---
[INFO] Compiling 17 source files to /home/runner/work/telemetry-availability-identification/telemetry-availability-identification/palladio-source/bundles/org.palladiosimulator.reliability.markov/target/classes
[INFO] 
[INFO] --- tycho-ds:2.7.5:declarative-services (default-declarative-services) @ org.palladiosimulator.reliability.markov ---
[INFO] 
[INFO] --- jacoco:0.8.13:prepare-agent (jacoco-prepare) @ org.palladiosimulator.reliability.markov ---
[INFO] argLine set to -javaagent:/home/runner/work/_temp/petclinic-pmx-maven-repository/org/jacoco/org.jacoco.agent/0.8.13/org.jacoco.agent-0.8.13-runtime.jar=destfile=/home/runner/work/telemetry-availability-identification/telemetry-availability-identification/palladio-source/bundles/org.palladiosimulator.reliability.markov/target/jacoco.exec
[INFO] 
[INFO] --- resources:2.4.3:testResources (default-testResources) @ org.palladiosimulator.reliability.markov ---
[INFO] Using 'UTF-8' encoding to copy filtered resources.
[INFO] skip non existing resourceDirectory /home/runner/work/telemetry-availability-identification/telemetry-availability-identification/palladio-source/bundles/org.palladiosimulator.reliability.markov/src/test/resources
[INFO] 
[INFO] --- tycho-compiler:2.7.5:testCompile (default-testCompile) @ org.palladiosimulator.reliability.markov ---
[INFO] 
[INFO] --- surefire:2.22.2:test (default-test) @ org.palladiosimulator.reliability.markov ---
[INFO] Tests are skipped.
[INFO] 
[INFO] --- tycho-packaging:2.7.5:update-consumer-pom (default-update-consumer-pom) @ org.palladiosimulator.reliability.markov ---
[INFO] 
[INFO] --- tycho-source:2.7.5:plugin-source (plugin-source) @ org.palladiosimulator.reliability.markov ---
[INFO] Building jar: /home/runner/work/telemetry-availability-identification/telemetry-availability-identification/palladio-source/bundles/org.palladiosimulator.reliability.markov/target/org.palladiosimulator.reliability.markov-5.2.2-sources.jar
[INFO] 
[INFO] --- tycho-packaging:2.7.5:package-plugin (default-package-plugin) @ org.palladiosimulator.reliability.markov ---
[INFO] Building jar: /home/runner/work/telemetry-availability-identification/telemetry-availability-identification/palladio-source/bundles/org.palladiosimulator.reliability.markov/target/org.palladiosimulator.reliability.markov-5.2.2.jar
[INFO] 
[INFO] --- tycho-p2:2.7.5:p2-metadata-default (default-p2-metadata-default) @ org.palladiosimulator.reliability.markov ---
[INFO] 
[INFO] --- tycho-source:2.7.5:feature-source (feature-source) @ org.palladiosimulator.reliability.markov ---
[INFO] 
[INFO] --- tycho-p2:2.7.5:p2-metadata (attached-p2-metadata) @ org.palladiosimulator.reliability.markov ---
[WARNING] artifact org.palladiosimulator.reliability:org.palladiosimulator.reliability.markov:xml:p2metadata:5.2.2 already attached, replace previous instance
[WARNING] artifact org.palladiosimulator.reliability:org.palladiosimulator.reliability.markov:xml:p2artifacts:5.2.2 already attached, replace previous instance
[INFO] 
[INFO] --- checkstyle:3.1.2:check (palladio-checkstyle) @ org.palladiosimulator.reliability.markov ---
[INFO] You have 0 Checkstyle violations.
[INFO] 
[INFO] --- tycho-surefire:2.7.5:integration-test (default-integration-test) @ org.palladiosimulator.reliability.markov ---
[INFO] Skipping tests
[INFO] 
[INFO] --- failsafe:2.22.2:verify (default-verify) @ org.palladiosimulator.reliability.markov ---
[INFO] Tests are skipped.
[INFO] 
[INFO] --< org.palladiosimulator.reliability:org.palladiosimulator.reliability.markov.edit >--
[INFO] Building [bundle] Markov Edit Support 5.2.2                       [5/16]
[INFO]   from bundles/org.palladiosimulator.reliability.markov.edit/.polyglot.META-INF
[INFO] ---------------------------[ eclipse-plugin ]---------------------------
[INFO] 
[INFO] --- clean:3.5.0:clean (default-clean) @ org.palladiosimulator.reliability.markov.edit ---
[INFO] Deleting /home/runner/work/telemetry-availability-identification/telemetry-availability-identification/palladio-source/bundles/org.palladiosimulator.reliability.markov.edit (includes = [target/**, xtend-gen/**, emfparsley-gen/**], excludes = [*/.gitkeep])
[INFO] 
[INFO] --- tycho-packaging:2.7.5:build-qualifier (default-build-qualifier) @ org.palladiosimulator.reliability.markov.edit ---
[INFO] The project's OSGi version is 5.2.2
[INFO] 
[INFO] --- tycho-packaging:2.7.5:validate-id (default-validate-id) @ org.palladiosimulator.reliability.markov.edit ---
[INFO] 
[INFO] --- tycho-packaging:2.7.5:validate-version (default-validate-version) @ org.palladiosimulator.reliability.markov.edit ---
[INFO] 
[INFO] --- target-platform-configuration:2.7.5:target-platform (default-target-platform) @ org.palladiosimulator.reliability.markov.edit ---
[INFO] 
[INFO] --- tycho-compiler:2.7.5:validate-classpath (default-validate-classpath) @ org.palladiosimulator.reliability.markov.edit ---
[INFO] Resolving class path of [bundle] Markov Edit Support...
[INFO] 
[INFO] --- xtend:2.39.0:compile (default) @ org.palladiosimulator.reliability.markov.edit ---
[INFO] 
[INFO] --- resources:2.4.3:resources (default-resources) @ org.palladiosimulator.reliability.markov.edit ---
[INFO] Using 'UTF-8' encoding to copy filtered resources.
[INFO] skip non existing resourceDirectory /home/runner/work/telemetry-availability-identification/telemetry-availability-identification/palladio-source/bundles/org.palladiosimulator.reliability.markov.edit/src/main/resources
[INFO] 
[INFO] --- tycho-compiler:2.7.5:compile (default-compile) @ org.palladiosimulator.reliability.markov.edit ---
[WARNING] Parameter 'useProjectSettings' is set to true, but preferences file '/home/runner/work/telemetry-availability-identification/telemetry-availability-identification/palladio-source/bundles/org.palladiosimulator.reliability.markov.edit/.settings/org.eclipse.jdt.core.prefs' could not be found!
[INFO] Compiling 7 source files to /home/runner/work/telemetry-availability-identification/telemetry-availability-identification/palladio-source/bundles/org.palladiosimulator.reliability.markov.edit/target/classes
[INFO] 
[INFO] --- tycho-ds:2.7.5:declarative-services (default-declarative-services) @ org.palladiosimulator.reliability.markov.edit ---
[INFO] 
[INFO] --- jacoco:0.8.13:prepare-agent (jacoco-prepare) @ org.palladiosimulator.reliability.markov.edit ---
[INFO] argLine set to -javaagent:/home/runner/work/_temp/petclinic-pmx-maven-repository/org/jacoco/org.jacoco.agent/0.8.13/org.jacoco.agent-0.8.13-runtime.jar=destfile=/home/runner/work/telemetry-availability-identification/telemetry-availability-identification/palladio-source/bundles/org.palladiosimulator.reliability.markov.edit/target/jacoco.exec
[INFO] 
[INFO] --- resources:2.4.3:testResources (default-testResources) @ org.palladiosimulator.reliability.markov.edit ---
[INFO] Using 'UTF-8' encoding to copy filtered resources.
[INFO] skip non existing resourceDirectory /home/runner/work/telemetry-availability-identification/telemetry-availability-identification/palladio-source/bundles/org.palladiosimulator.reliability.markov.edit/src/test/resources
[INFO] 
[INFO] --- tycho-compiler:2.7.5:testCompile (default-testCompile) @ org.palladiosimulator.reliability.markov.edit ---
[INFO] 
[INFO] --- surefire:2.22.2:test (default-test) @ org.palladiosimulator.reliability.markov.edit ---
[INFO] Tests are skipped.
[INFO] 
[INFO] --- tycho-packaging:2.7.5:update-consumer-pom (default-update-consumer-pom) @ org.palladiosimulator.reliability.markov.edit ---
[INFO] 
[INFO] --- tycho-source:2.7.5:plugin-source (plugin-source) @ org.palladiosimulator.reliability.markov.edit ---
[INFO] Building jar: /home/runner/work/telemetry-availability-identification/telemetry-availability-identification/palladio-source/bundles/org.palladiosimulator.reliability.markov.edit/target/org.palladiosimulator.reliability.markov.edit-5.2.2-sources.jar
[INFO] 
[INFO] --- tycho-packaging:2.7.5:package-plugin (default-package-plugin) @ org.palladiosimulator.reliability.markov.edit ---
[INFO] Building jar: /home/runner/work/telemetry-availability-identification/telemetry-availability-identification/palladio-source/bundles/org.palladiosimulator.reliability.markov.edit/target/org.palladiosimulator.reliability.markov.edit-5.2.2.jar
[INFO] 
[INFO] --- tycho-p2:2.7.5:p2-metadata-default (default-p2-metadata-default) @ org.palladiosimulator.reliability.markov.edit ---
[INFO] 
[INFO] --- tycho-source:2.7.5:feature-source (feature-source) @ org.palladiosimulator.reliability.markov.edit ---
[INFO] 
[INFO] --- tycho-p2:2.7.5:p2-metadata (attached-p2-metadata) @ org.palladiosimulator.reliability.markov.edit ---
[WARNING] artifact org.palladiosimulator.reliability:org.palladiosimulator.reliability.markov.edit:xml:p2metadata:5.2.2 already attached, replace previous instance
[WARNING] artifact org.palladiosimulator.reliability:org.palladiosimulator.reliability.markov.edit:xml:p2artifacts:5.2.2 already attached, replace previous instance
[INFO] 
[INFO] --- checkstyle:3.1.2:check (palladio-checkstyle) @ org.palladiosimulator.reliability.markov.edit ---
[INFO] You have 0 Checkstyle violations.
[INFO] 
[INFO] --- tycho-surefire:2.7.5:integration-test (default-integration-test) @ org.palladiosimulator.reliability.markov.edit ---
[INFO] Skipping tests
[INFO] 
[INFO] --- failsafe:2.22.2:verify (default-verify) @ org.palladiosimulator.reliability.markov.edit ---
[INFO] Tests are skipped.
[INFO] 
[INFO] --< org.palladiosimulator.reliability:org.palladiosimulator.reliability.markov.editor >--
[INFO] Building [bundle] Markov Editor 5.2.2                             [6/16]
[INFO]   from bundles/org.palladiosimulator.reliability.markov.editor/.polyglot.META-INF
[INFO] ---------------------------[ eclipse-plugin ]---------------------------
[INFO] 
[INFO] --- clean:3.5.0:clean (default-clean) @ org.palladiosimulator.reliability.markov.editor ---
[INFO] Deleting /home/runner/work/telemetry-availability-identification/telemetry-availability-identification/palladio-source/bundles/org.palladiosimulator.reliability.markov.editor (includes = [target/**, xtend-gen/**, emfparsley-gen/**], excludes = [*/.gitkeep])
[INFO] 
[INFO] --- tycho-packaging:2.7.5:build-qualifier (default-build-qualifier) @ org.palladiosimulator.reliability.markov.editor ---
[INFO] The project's OSGi version is 5.2.2
[INFO] 
[INFO] --- tycho-packaging:2.7.5:validate-id (default-validate-id) @ org.palladiosimulator.reliability.markov.editor ---
[INFO] 
[INFO] --- tycho-packaging:2.7.5:validate-version (default-validate-version) @ org.palladiosimulator.reliability.markov.editor ---
[INFO] 
[INFO] --- target-platform-configuration:2.7.5:target-platform (default-target-platform) @ org.palladiosimulator.reliability.markov.editor ---
[INFO] 
[INFO] --- tycho-compiler:2.7.5:validate-classpath (default-validate-classpath) @ org.palladiosimulator.reliability.markov.editor ---
[INFO] Resolving class path of [bundle] Markov Editor...
[INFO] Fetching org.eclipse.e4.ui.swt.win32_1.1.200.v20230214-1401.jar from https://download.eclipse.org/releases/2023-03/202303151000/plugins/ (12.11kB)
[INFO] Fetching org.eclipse.equinox.security.win32.x86_64_1.1.300.v20211021-1418.jar from https://download.eclipse.org/releases/2023-03/202303151000/plugins/ (40.75kB)
[INFO] Fetching org.apache.commons.logging.fragment_1.0.0.jar from https://updatesite.palladio-simulator.com/palladio-thirdparty-wrapper/releases/5.2.2/plugins/ (11.23kB)
[INFO] Fetching org.eclipse.equinox.security.linux_1.0.300.v20220904-1118.jar from https://download.eclipse.org/releases/2023-03/202303151000/plugins/ (25.53kB)
[INFO] Fetching org.eclipse.equinox.security.macosx_1.101.400.v20210427-1958.jar from https://download.eclipse.org/releases/2023-03/202303151000/plugins/ (28.06kB)
[INFO] Fetching org.eclipse.e4.ui.swt.gtk_1.1.300.v20230220-0932.jar from https://download.eclipse.org/releases/2023-03/202303151000/plugins/ (12.59kB)
[INFO] Fetching org.eclipse.ui.cocoa_1.3.100.v20230214-1401.jar from https://download.eclipse.org/releases/2023-03/202303151000/plugins/ (11.39kB)
[INFO] Fetching org.eclipse.e4.ui.workbench.renderers.swt.cocoa_0.13.100.v20230214-1401.jar from https://download.eclipse.org/releases/2023-03/202303151000/plugins/ (31.78kB)
[INFO] Fetching org.eclipse.ui.win32_3.4.600.v20230214-1401.jar from https://download.eclipse.org/releases/2023-03/202303151000/plugins/ (24.48kB)
[INFO] 
[INFO] --- xtend:2.39.0:compile (default) @ org.palladiosimulator.reliability.markov.editor ---
[INFO] 
[INFO] --- resources:2.4.3:resources (default-resources) @ org.palladiosimulator.reliability.markov.editor ---
[INFO] Using 'UTF-8' encoding to copy filtered resources.
[INFO] skip non existing resourceDirectory /home/runner/work/telemetry-availability-identification/telemetry-availability-identification/palladio-source/bundles/org.palladiosimulator.reliability.markov.editor/src/main/resources
[INFO] 
[INFO] --- tycho-compiler:2.7.5:compile (default-compile) @ org.palladiosimulator.reliability.markov.editor ---
[WARNING] Parameter 'useProjectSettings' is set to true, but preferences file '/home/runner/work/telemetry-availability-identification/telemetry-availability-identification/palladio-source/bundles/org.palladiosimulator.reliability.markov.editor/.settings/org.eclipse.jdt.core.prefs' could not be found!
[INFO] Compiling 4 source files to /home/runner/work/telemetry-availability-identification/telemetry-availability-identification/palladio-source/bundles/org.palladiosimulator.reliability.markov.editor/target/classes
[INFO] 
[INFO] --- tycho-ds:2.7.5:declarative-services (default-declarative-services) @ org.palladiosimulator.reliability.markov.editor ---
[INFO] 
[INFO] --- jacoco:0.8.13:prepare-agent (jacoco-prepare) @ org.palladiosimulator.reliability.markov.editor ---
[INFO] argLine set to -javaagent:/home/runner/work/_temp/petclinic-pmx-maven-repository/org/jacoco/org.jacoco.agent/0.8.13/org.jacoco.agent-0.8.13-runtime.jar=destfile=/home/runner/work/telemetry-availability-identification/telemetry-availability-identification/palladio-source/bundles/org.palladiosimulator.reliability.markov.editor/target/jacoco.exec
[INFO] 
[INFO] --- resources:2.4.3:testResources (default-testResources) @ org.palladiosimulator.reliability.markov.editor ---
[INFO] Using 'UTF-8' encoding to copy filtered resources.
[INFO] skip non existing resourceDirectory /home/runner/work/telemetry-availability-identification/telemetry-availability-identification/palladio-source/bundles/org.palladiosimulator.reliability.markov.editor/src/test/resources
[INFO] 
[INFO] --- tycho-compiler:2.7.5:testCompile (default-testCompile) @ org.palladiosimulator.reliability.markov.editor ---
[INFO] 
[INFO] --- surefire:2.22.2:test (default-test) @ org.palladiosimulator.reliability.markov.editor ---
[INFO] Tests are skipped.
[INFO] 
[INFO] --- tycho-packaging:2.7.5:update-consumer-pom (default-update-consumer-pom) @ org.palladiosimulator.reliability.markov.editor ---
[INFO] 
[INFO] --- tycho-source:2.7.5:plugin-source (plugin-source) @ org.palladiosimulator.reliability.markov.editor ---
[INFO] Building jar: /home/runner/work/telemetry-availability-identification/telemetry-availability-identification/palladio-source/bundles/org.palladiosimulator.reliability.markov.editor/target/org.palladiosimulator.reliability.markov.editor-5.2.2-sources.jar
[INFO] 
[INFO] --- tycho-packaging:2.7.5:package-plugin (default-package-plugin) @ org.palladiosimulator.reliability.markov.editor ---
[INFO] Building jar: /home/runner/work/telemetry-availability-identification/telemetry-availability-identification/palladio-source/bundles/org.palladiosimulator.reliability.markov.editor/target/org.palladiosimulator.reliability.markov.editor-5.2.2.jar
[INFO] 
[INFO] --- tycho-p2:2.7.5:p2-metadata-default (default-p2-metadata-default) @ org.palladiosimulator.reliability.markov.editor ---
[INFO] 
[INFO] --- tycho-source:2.7.5:feature-source (feature-source) @ org.palladiosimulator.reliability.markov.editor ---
[INFO] 
[INFO] --- tycho-p2:2.7.5:p2-metadata (attached-p2-metadata) @ org.palladiosimulator.reliability.markov.editor ---
[WARNING] artifact org.palladiosimulator.reliability:org.palladiosimulator.reliability.markov.editor:xml:p2metadata:5.2.2 already attached, replace previous instance
[WARNING] artifact org.palladiosimulator.reliability:org.palladiosimulator.reliability.markov.editor:xml:p2artifacts:5.2.2 already attached, replace previous instance
[INFO] 
[INFO] --- checkstyle:3.1.2:check (palladio-checkstyle) @ org.palladiosimulator.reliability.markov.editor ---
[INFO] You have 0 Checkstyle violations.
[INFO] 
[INFO] --- tycho-surefire:2.7.5:integration-test (default-integration-test) @ org.palladiosimulator.reliability.markov.editor ---
[INFO] Skipping tests
[INFO] 
[INFO] --- failsafe:2.22.2:verify (default-verify) @ org.palladiosimulator.reliability.markov.editor ---
[INFO] Tests are skipped.
[INFO] 
[INFO] --< org.palladiosimulator.reliability:org.palladiosimulator.reliability.sensitivity >--
[INFO] Building [bundle] PCM Markov Sensitivity Model 5.2.2              [7/16]
[INFO]   from bundles/org.palladiosimulator.reliability.sensitivity/.polyglot.META-INF
[INFO] ---------------------------[ eclipse-plugin ]---------------------------
[INFO] 
[INFO] --- clean:3.5.0:clean (default-clean) @ org.palladiosimulator.reliability.sensitivity ---
[INFO] Deleting /home/runner/work/telemetry-availability-identification/telemetry-availability-identification/palladio-source/bundles/org.palladiosimulator.reliability.sensitivity (includes = [target/**, xtend-gen/**, emfparsley-gen/**], excludes = [*/.gitkeep])
[INFO] 
[INFO] --- tycho-packaging:2.7.5:build-qualifier (default-build-qualifier) @ org.palladiosimulator.reliability.sensitivity ---
[INFO] The project's OSGi version is 5.2.2
[INFO] 
[INFO] --- tycho-packaging:2.7.5:validate-id (default-validate-id) @ org.palladiosimulator.reliability.sensitivity ---
[INFO] 
[INFO] --- tycho-packaging:2.7.5:validate-version (default-validate-version) @ org.palladiosimulator.reliability.sensitivity ---
[INFO] 
[INFO] --- target-platform-configuration:2.7.5:target-platform (default-target-platform) @ org.palladiosimulator.reliability.sensitivity ---
[INFO] 
[INFO] --- tycho-compiler:2.7.5:validate-classpath (default-validate-classpath) @ org.palladiosimulator.reliability.sensitivity ---
[INFO] Resolving class path of [bundle] PCM Markov Sensitivity Model...
[INFO] 
[INFO] --- xtend:2.39.0:compile (default) @ org.palladiosimulator.reliability.sensitivity ---
[INFO] 
[INFO] --- resources:2.4.3:resources (default-resources) @ org.palladiosimulator.reliability.sensitivity ---
[INFO] Using 'UTF-8' encoding to copy filtered resources.
[INFO] skip non existing resourceDirectory /home/runner/work/telemetry-availability-identification/telemetry-availability-identification/palladio-source/bundles/org.palladiosimulator.reliability.sensitivity/src/main/resources
[INFO] 
[INFO] --- tycho-compiler:2.7.5:compile (default-compile) @ org.palladiosimulator.reliability.sensitivity ---
[WARNING] Parameter 'useProjectSettings' is set to true, but preferences file '/home/runner/work/telemetry-availability-identification/telemetry-availability-identification/palladio-source/bundles/org.palladiosimulator.reliability.sensitivity/.settings/org.eclipse.jdt.core.prefs' could not be found!
[INFO] Compiling 67 source files to /home/runner/work/telemetry-availability-identification/telemetry-availability-identification/palladio-source/bundles/org.palladiosimulator.reliability.sensitivity/target/classes
[INFO] 
[INFO] --- tycho-ds:2.7.5:declarative-services (default-declarative-services) @ org.palladiosimulator.reliability.sensitivity ---
[INFO] 
[INFO] --- jacoco:0.8.13:prepare-agent (jacoco-prepare) @ org.palladiosimulator.reliability.sensitivity ---
[INFO] argLine set to -javaagent:/home/runner/work/_temp/petclinic-pmx-maven-repository/org/jacoco/org.jacoco.agent/0.8.13/org.jacoco.agent-0.8.13-runtime.jar=destfile=/home/runner/work/telemetry-availability-identification/telemetry-availability-identification/palladio-source/bundles/org.palladiosimulator.reliability.sensitivity/target/jacoco.exec
[INFO] 
[INFO] --- resources:2.4.3:testResources (default-testResources) @ org.palladiosimulator.reliability.sensitivity ---
[INFO] Using 'UTF-8' encoding to copy filtered resources.
[INFO] skip non existing resourceDirectory /home/runner/work/telemetry-availability-identification/telemetry-availability-identification/palladio-source/bundles/org.palladiosimulator.reliability.sensitivity/src/test/resources
[INFO] 
[INFO] --- tycho-compiler:2.7.5:testCompile (default-testCompile) @ org.palladiosimulator.reliability.sensitivity ---
[INFO] 
[INFO] --- surefire:2.22.2:test (default-test) @ org.palladiosimulator.reliability.sensitivity ---
[INFO] Tests are skipped.
[INFO] 
[INFO] --- tycho-packaging:2.7.5:update-consumer-pom (default-update-consumer-pom) @ org.palladiosimulator.reliability.sensitivity ---
[INFO] 
[INFO] --- tycho-source:2.7.5:plugin-source (plugin-source) @ org.palladiosimulator.reliability.sensitivity ---
[INFO] Building jar: /home/runner/work/telemetry-availability-identification/telemetry-availability-identification/palladio-source/bundles/org.palladiosimulator.reliability.sensitivity/target/org.palladiosimulator.reliability.sensitivity-5.2.2-sources.jar
[INFO] 
[INFO] --- tycho-packaging:2.7.5:package-plugin (default-package-plugin) @ org.palladiosimulator.reliability.sensitivity ---
[INFO] Building jar: /home/runner/work/telemetry-availability-identification/telemetry-availability-identification/palladio-source/bundles/org.palladiosimulator.reliability.sensitivity/target/org.palladiosimulator.reliability.sensitivity-5.2.2.jar
[INFO] 
[INFO] --- tycho-p2:2.7.5:p2-metadata-default (default-p2-metadata-default) @ org.palladiosimulator.reliability.sensitivity ---
[INFO] 
[INFO] --- tycho-source:2.7.5:feature-source (feature-source) @ org.palladiosimulator.reliability.sensitivity ---
[INFO] 
[INFO] --- tycho-p2:2.7.5:p2-metadata (attached-p2-metadata) @ org.palladiosimulator.reliability.sensitivity ---
[WARNING] artifact org.palladiosimulator.reliability:org.palladiosimulator.reliability.sensitivity:xml:p2metadata:5.2.2 already attached, replace previous instance
[WARNING] artifact org.palladiosimulator.reliability:org.palladiosimulator.reliability.sensitivity:xml:p2artifacts:5.2.2 already attached, replace previous instance
[INFO] 
[INFO] --- checkstyle:3.1.2:check (palladio-checkstyle) @ org.palladiosimulator.reliability.sensitivity ---
[INFO] You have 0 Checkstyle violations.
[INFO] 
[INFO] --- tycho-surefire:2.7.5:integration-test (default-integration-test) @ org.palladiosimulator.reliability.sensitivity ---
[INFO] Skipping tests
[INFO] 
[INFO] --- failsafe:2.22.2:verify (default-verify) @ org.palladiosimulator.reliability.sensitivity ---
[INFO] Tests are skipped.
[INFO] 
[INFO] --< org.palladiosimulator.reliability:org.palladiosimulator.reliability.sensitivity.edit >--
[INFO] Building [bundle] EMF Edit Plug-in for PCM Markov Sensitivity Model 5.2.2 [8/16]
[INFO]   from bundles/org.palladiosimulator.reliability.sensitivity.edit/.polyglot.META-INF
[INFO] ---------------------------[ eclipse-plugin ]---------------------------
[INFO] 
[INFO] --- clean:3.5.0:clean (default-clean) @ org.palladiosimulator.reliability.sensitivity.edit ---
[INFO] Deleting /home/runner/work/telemetry-availability-identification/telemetry-availability-identification/palladio-source/bundles/org.palladiosimulator.reliability.sensitivity.edit (includes = [target/**, xtend-gen/**, emfparsley-gen/**], excludes = [*/.gitkeep])
[INFO] 
[INFO] --- tycho-packaging:2.7.5:build-qualifier (default-build-qualifier) @ org.palladiosimulator.reliability.sensitivity.edit ---
[INFO] The project's OSGi version is 5.2.2
[INFO] 
[INFO] --- tycho-packaging:2.7.5:validate-id (default-validate-id) @ org.palladiosimulator.reliability.sensitivity.edit ---
[INFO] 
[INFO] --- tycho-packaging:2.7.5:validate-version (default-validate-version) @ org.palladiosimulator.reliability.sensitivity.edit ---
[INFO] 
[INFO] --- target-platform-configuration:2.7.5:target-platform (default-target-platform) @ org.palladiosimulator.reliability.sensitivity.edit ---
[INFO] 
[INFO] --- tycho-compiler:2.7.5:validate-classpath (default-validate-classpath) @ org.palladiosimulator.reliability.sensitivity.edit ---
[INFO] Resolving class path of [bundle] EMF Edit Plug-in for PCM Markov Sensitivity Model...
[INFO] 
[INFO] --- xtend:2.39.0:compile (default) @ org.palladiosimulator.reliability.sensitivity.edit ---
[INFO] 
[INFO] --- resources:2.4.3:resources (default-resources) @ org.palladiosimulator.reliability.sensitivity.edit ---
[INFO] Using 'UTF-8' encoding to copy filtered resources.
[INFO] skip non existing resourceDirectory /home/runner/work/telemetry-availability-identification/telemetry-availability-identification/palladio-source/bundles/org.palladiosimulator.reliability.sensitivity.edit/src/main/resources
[INFO] 
[INFO] --- tycho-compiler:2.7.5:compile (default-compile) @ org.palladiosimulator.reliability.sensitivity.edit ---
[WARNING] Parameter 'useProjectSettings' is set to true, but preferences file '/home/runner/work/telemetry-availability-identification/telemetry-availability-identification/palladio-source/bundles/org.palladiosimulator.reliability.sensitivity.edit/.settings/org.eclipse.jdt.core.prefs' could not be found!
[INFO] Compiling 29 source files to /home/runner/work/telemetry-availability-identification/telemetry-availability-identification/palladio-source/bundles/org.palladiosimulator.reliability.sensitivity.edit/target/classes
[INFO] 
[INFO] --- tycho-ds:2.7.5:declarative-services (default-declarative-services) @ org.palladiosimulator.reliability.sensitivity.edit ---
[INFO] 
[INFO] --- jacoco:0.8.13:prepare-agent (jacoco-prepare) @ org.palladiosimulator.reliability.sensitivity.edit ---
[INFO] argLine set to -javaagent:/home/runner/work/_temp/petclinic-pmx-maven-repository/org/jacoco/org.jacoco.agent/0.8.13/org.jacoco.agent-0.8.13-runtime.jar=destfile=/home/runner/work/telemetry-availability-identification/telemetry-availability-identification/palladio-source/bundles/org.palladiosimulator.reliability.sensitivity.edit/target/jacoco.exec
[INFO] 
[INFO] --- resources:2.4.3:testResources (default-testResources) @ org.palladiosimulator.reliability.sensitivity.edit ---
[INFO] Using 'UTF-8' encoding to copy filtered resources.
[INFO] skip non existing resourceDirectory /home/runner/work/telemetry-availability-identification/telemetry-availability-identification/palladio-source/bundles/org.palladiosimulator.reliability.sensitivity.edit/src/test/resources
[INFO] 
[INFO] --- tycho-compiler:2.7.5:testCompile (default-testCompile) @ org.palladiosimulator.reliability.sensitivity.edit ---
[INFO] 
[INFO] --- surefire:2.22.2:test (default-test) @ org.palladiosimulator.reliability.sensitivity.edit ---
[INFO] Tests are skipped.
[INFO] 
[INFO] --- tycho-packaging:2.7.5:update-consumer-pom (default-update-consumer-pom) @ org.palladiosimulator.reliability.sensitivity.edit ---
[INFO] 
[INFO] --- tycho-source:2.7.5:plugin-source (plugin-source) @ org.palladiosimulator.reliability.sensitivity.edit ---
[INFO] Building jar: /home/runner/work/telemetry-availability-identification/telemetry-availability-identification/palladio-source/bundles/org.palladiosimulator.reliability.sensitivity.edit/target/org.palladiosimulator.reliability.sensitivity.edit-5.2.2-sources.jar
[INFO] 
[INFO] --- tycho-packaging:2.7.5:package-plugin (default-package-plugin) @ org.palladiosimulator.reliability.sensitivity.edit ---
[INFO] Building jar: /home/runner/work/telemetry-availability-identification/telemetry-availability-identification/palladio-source/bundles/org.palladiosimulator.reliability.sensitivity.edit/target/org.palladiosimulator.reliability.sensitivity.edit-5.2.2.jar
[INFO] 
[INFO] --- tycho-p2:2.7.5:p2-metadata-default (default-p2-metadata-default) @ org.palladiosimulator.reliability.sensitivity.edit ---
[INFO] 
[INFO] --- tycho-source:2.7.5:feature-source (feature-source) @ org.palladiosimulator.reliability.sensitivity.edit ---
[INFO] 
[INFO] --- tycho-p2:2.7.5:p2-metadata (attached-p2-metadata) @ org.palladiosimulator.reliability.sensitivity.edit ---
[WARNING] artifact org.palladiosimulator.reliability:org.palladiosimulator.reliability.sensitivity.edit:xml:p2metadata:5.2.2 already attached, replace previous instance
[WARNING] artifact org.palladiosimulator.reliability:org.palladiosimulator.reliability.sensitivity.edit:xml:p2artifacts:5.2.2 already attached, replace previous instance
[INFO] 
[INFO] --- checkstyle:3.1.2:check (palladio-checkstyle) @ org.palladiosimulator.reliability.sensitivity.edit ---
[INFO] You have 0 Checkstyle violations.
[INFO] 
[INFO] --- tycho-surefire:2.7.5:integration-test (default-integration-test) @ org.palladiosimulator.reliability.sensitivity.edit ---
[INFO] Skipping tests
[INFO] 
[INFO] --- failsafe:2.22.2:verify (default-verify) @ org.palladiosimulator.reliability.sensitivity.edit ---
[INFO] Tests are skipped.
[INFO] 
[INFO] --< org.palladiosimulator.reliability:org.palladiosimulator.reliability.sensitivity.editor >--
[INFO] Building [bundle] EMF Editor Plug-in for PCM Markov Sensitivity Model 5.2.2 [9/16]
[INFO]   from bundles/org.palladiosimulator.reliability.sensitivity.editor/.polyglot.META-INF
[INFO] ---------------------------[ eclipse-plugin ]---------------------------
[INFO] 
[INFO] --- clean:3.5.0:clean (default-clean) @ org.palladiosimulator.reliability.sensitivity.editor ---
[INFO] Deleting /home/runner/work/telemetry-availability-identification/telemetry-availability-identification/palladio-source/bundles/org.palladiosimulator.reliability.sensitivity.editor (includes = [target/**, xtend-gen/**, emfparsley-gen/**], excludes = [*/.gitkeep])
[INFO] 
[INFO] --- tycho-packaging:2.7.5:build-qualifier (default-build-qualifier) @ org.palladiosimulator.reliability.sensitivity.editor ---
[INFO] The project's OSGi version is 5.2.2
[INFO] 
[INFO] --- tycho-packaging:2.7.5:validate-id (default-validate-id) @ org.palladiosimulator.reliability.sensitivity.editor ---
[INFO] 
[INFO] --- tycho-packaging:2.7.5:validate-version (default-validate-version) @ org.palladiosimulator.reliability.sensitivity.editor ---
[INFO] 
[INFO] --- target-platform-configuration:2.7.5:target-platform (default-target-platform) @ org.palladiosimulator.reliability.sensitivity.editor ---
[INFO] 
[INFO] --- tycho-compiler:2.7.5:validate-classpath (default-validate-classpath) @ org.palladiosimulator.reliability.sensitivity.editor ---
[INFO] Resolving class path of [bundle] EMF Editor Plug-in for PCM Markov Sensitivity Model...
[INFO] 
[INFO] --- xtend:2.39.0:compile (default) @ org.palladiosimulator.reliability.sensitivity.editor ---
[INFO] 
[INFO] --- resources:2.4.3:resources (default-resources) @ org.palladiosimulator.reliability.sensitivity.editor ---
[INFO] Using 'UTF-8' encoding to copy filtered resources.
[INFO] skip non existing resourceDirectory /home/runner/work/telemetry-availability-identification/telemetry-availability-identification/palladio-source/bundles/org.palladiosimulator.reliability.sensitivity.editor/src/main/resources
[INFO] 
[INFO] --- tycho-compiler:2.7.5:compile (default-compile) @ org.palladiosimulator.reliability.sensitivity.editor ---
[WARNING] Parameter 'useProjectSettings' is set to true, but preferences file '/home/runner/work/telemetry-availability-identification/telemetry-availability-identification/palladio-source/bundles/org.palladiosimulator.reliability.sensitivity.editor/.settings/org.eclipse.jdt.core.prefs' could not be found!
[INFO] Compiling 4 source files to /home/runner/work/telemetry-availability-identification/telemetry-availability-identification/palladio-source/bundles/org.palladiosimulator.reliability.sensitivity.editor/target/classes
[INFO] 
[INFO] --- tycho-ds:2.7.5:declarative-services (default-declarative-services) @ org.palladiosimulator.reliability.sensitivity.editor ---
[INFO] 
[INFO] --- jacoco:0.8.13:prepare-agent (jacoco-prepare) @ org.palladiosimulator.reliability.sensitivity.editor ---
[INFO] argLine set to -javaagent:/home/runner/work/_temp/petclinic-pmx-maven-repository/org/jacoco/org.jacoco.agent/0.8.13/org.jacoco.agent-0.8.13-runtime.jar=destfile=/home/runner/work/telemetry-availability-identification/telemetry-availability-identification/palladio-source/bundles/org.palladiosimulator.reliability.sensitivity.editor/target/jacoco.exec
[INFO] 
[INFO] --- resources:2.4.3:testResources (default-testResources) @ org.palladiosimulator.reliability.sensitivity.editor ---
[INFO] Using 'UTF-8' encoding to copy filtered resources.
[INFO] skip non existing resourceDirectory /home/runner/work/telemetry-availability-identification/telemetry-availability-identification/palladio-source/bundles/org.palladiosimulator.reliability.sensitivity.editor/src/test/resources
[INFO] 
[INFO] --- tycho-compiler:2.7.5:testCompile (default-testCompile) @ org.palladiosimulator.reliability.sensitivity.editor ---
[INFO] 
[INFO] --- surefire:2.22.2:test (default-test) @ org.palladiosimulator.reliability.sensitivity.editor ---
[INFO] Tests are skipped.
[INFO] 
[INFO] --- tycho-packaging:2.7.5:update-consumer-pom (default-update-consumer-pom) @ org.palladiosimulator.reliability.sensitivity.editor ---
[INFO] 
[INFO] --- tycho-source:2.7.5:plugin-source (plugin-source) @ org.palladiosimulator.reliability.sensitivity.editor ---
[INFO] Building jar: /home/runner/work/telemetry-availability-identification/telemetry-availability-identification/palladio-source/bundles/org.palladiosimulator.reliability.sensitivity.editor/target/org.palladiosimulator.reliability.sensitivity.editor-5.2.2-sources.jar
[INFO] 
[INFO] --- tycho-packaging:2.7.5:package-plugin (default-package-plugin) @ org.palladiosimulator.reliability.sensitivity.editor ---
[INFO] Building jar: /home/runner/work/telemetry-availability-identification/telemetry-availability-identification/palladio-source/bundles/org.palladiosimulator.reliability.sensitivity.editor/target/org.palladiosimulator.reliability.sensitivity.editor-5.2.2.jar
[INFO] 
[INFO] --- tycho-p2:2.7.5:p2-metadata-default (default-p2-metadata-default) @ org.palladiosimulator.reliability.sensitivity.editor ---
[INFO] 
[INFO] --- tycho-source:2.7.5:feature-source (feature-source) @ org.palladiosimulator.reliability.sensitivity.editor ---
[INFO] 
[INFO] --- tycho-p2:2.7.5:p2-metadata (attached-p2-metadata) @ org.palladiosimulator.reliability.sensitivity.editor ---
[WARNING] artifact org.palladiosimulator.reliability:org.palladiosimulator.reliability.sensitivity.editor:xml:p2metadata:5.2.2 already attached, replace previous instance
[WARNING] artifact org.palladiosimulator.reliability:org.palladiosimulator.reliability.sensitivity.editor:xml:p2artifacts:5.2.2 already attached, replace previous instance
[INFO] 
[INFO] --- checkstyle:3.1.2:check (palladio-checkstyle) @ org.palladiosimulator.reliability.sensitivity.editor ---
[INFO] You have 0 Checkstyle violations.
[INFO] 
[INFO] --- tycho-surefire:2.7.5:integration-test (default-integration-test) @ org.palladiosimulator.reliability.sensitivity.editor ---
[INFO] Skipping tests
[INFO] 
[INFO] --- failsafe:2.22.2:verify (default-verify) @ org.palladiosimulator.reliability.sensitivity.editor ---
[INFO] Tests are skipped.
[INFO] 
[INFO] --< org.palladiosimulator.reliability:org.palladiosimulator.reliability.solver >--
[INFO] Building [bundle] PCM Reliability Solver Plug-in 5.2.2           [10/16]
[INFO]   from bundles/org.palladiosimulator.reliability.solver/.polyglot.META-INF
[INFO] ---------------------------[ eclipse-plugin ]---------------------------
[WARNING] The POM for commons-cli:commons-cli:jar:1.4 is invalid, transitive dependencies (if any) will not be available: 1 problem was encountered while building the effective model for commons-cli:commons-cli:1.4
[FATAL] Non-parseable POM /home/runner/work/_temp/petclinic-pmx-maven-repository/org/apache/commons/commons-parent/42/commons-parent-42.pom: UTF-8 BOM plus xml decl of ISO-8859-1 is incompatible (position: START_DOCUMENT seen <?xml version="1.0" encoding="ISO-8859-1"... @1:42)  @ /home/runner/work/_temp/petclinic-pmx-maven-repository/org/apache/commons/commons-parent/42/commons-parent-42.pom, line 1, column 42

[WARNING] The POM for commons-logging:commons-logging:jar:1.1.3 is invalid, transitive dependencies (if any) will not be available: 1 problem was encountered while building the effective model for commons-logging:commons-logging:1.1.3
[FATAL] Non-parseable POM /home/runner/work/_temp/petclinic-pmx-maven-repository/org/apache/commons/commons-parent/28/commons-parent-28.pom: UTF-8 BOM plus xml decl of ISO-8859-1 is incompatible (position: START_DOCUMENT seen <?xml version="1.0" encoding="ISO-8859-1"... @1:42)  @ /home/runner/work/_temp/petclinic-pmx-maven-repository/org/apache/commons/commons-parent/28/commons-parent-28.pom, line 1, column 42

[INFO] 
[INFO] --- clean:3.5.0:clean (default-clean) @ org.palladiosimulator.reliability.solver ---
[INFO] Deleting /home/runner/work/telemetry-availability-identification/telemetry-availability-identification/palladio-source/bundles/org.palladiosimulator.reliability.solver (includes = [target/**, xtend-gen/**, emfparsley-gen/**], excludes = [*/.gitkeep])
[INFO] 
[INFO] --- tycho-packaging:2.7.5:build-qualifier (default-build-qualifier) @ org.palladiosimulator.reliability.solver ---
[INFO] The project's OSGi version is 5.2.2
[INFO] 
[INFO] --- tycho-packaging:2.7.5:validate-id (default-validate-id) @ org.palladiosimulator.reliability.solver ---
[INFO] 
[INFO] --- tycho-packaging:2.7.5:validate-version (default-validate-version) @ org.palladiosimulator.reliability.solver ---
[INFO] 
[INFO] --- target-platform-configuration:2.7.5:target-platform (default-target-platform) @ org.palladiosimulator.reliability.solver ---
[INFO] 
[INFO] --- tycho-compiler:2.7.5:validate-classpath (default-validate-classpath) @ org.palladiosimulator.reliability.solver ---
[INFO] Resolving class path of [bundle] PCM Reliability Solver Plug-in...
[INFO] 
[INFO] --- xtend:2.39.0:compile (default) @ org.palladiosimulator.reliability.solver ---
[INFO] 
[INFO] --- resources:2.4.3:resources (default-resources) @ org.palladiosimulator.reliability.solver ---
[INFO] Using 'UTF-8' encoding to copy filtered resources.
[INFO] skip non existing resourceDirectory /home/runner/work/telemetry-availability-identification/telemetry-availability-identification/palladio-source/bundles/org.palladiosimulator.reliability.solver/src/main/resources
[INFO] 
[INFO] --- tycho-compiler:2.7.5:compile (default-compile) @ org.palladiosimulator.reliability.solver ---
[INFO] Compiling 55 source files to /home/runner/work/telemetry-availability-identification/telemetry-availability-identification/palladio-source/bundles/org.palladiosimulator.reliability.solver/target/classes
[INFO] 
[INFO] --- tycho-ds:2.7.5:declarative-services (default-declarative-services) @ org.palladiosimulator.reliability.solver ---
[INFO] 
[INFO] --- jacoco:0.8.13:prepare-agent (jacoco-prepare) @ org.palladiosimulator.reliability.solver ---
[INFO] argLine set to -javaagent:/home/runner/work/_temp/petclinic-pmx-maven-repository/org/jacoco/org.jacoco.agent/0.8.13/org.jacoco.agent-0.8.13-runtime.jar=destfile=/home/runner/work/telemetry-availability-identification/telemetry-availability-identification/palladio-source/bundles/org.palladiosimulator.reliability.solver/target/jacoco.exec
[INFO] 
[INFO] --- resources:2.4.3:testResources (default-testResources) @ org.palladiosimulator.reliability.solver ---
[INFO] Using 'UTF-8' encoding to copy filtered resources.
[INFO] skip non existing resourceDirectory /home/runner/work/telemetry-availability-identification/telemetry-availability-identification/palladio-source/bundles/org.palladiosimulator.reliability.solver/src/test/resources
[INFO] 
[INFO] --- tycho-compiler:2.7.5:testCompile (default-testCompile) @ org.palladiosimulator.reliability.solver ---
[INFO] 
[INFO] --- surefire:2.22.2:test (default-test) @ org.palladiosimulator.reliability.solver ---
[INFO] Tests are skipped.
[INFO] 
[INFO] --- tycho-packaging:2.7.5:update-consumer-pom (default-update-consumer-pom) @ org.palladiosimulator.reliability.solver ---
[INFO] 
[INFO] --- tycho-source:2.7.5:plugin-source (plugin-source) @ org.palladiosimulator.reliability.solver ---
[INFO] Building jar: /home/runner/work/telemetry-availability-identification/telemetry-availability-identification/palladio-source/bundles/org.palladiosimulator.reliability.solver/target/org.palladiosimulator.reliability.solver-5.2.2-sources.jar
[INFO] 
[INFO] --- tycho-packaging:2.7.5:package-plugin (default-package-plugin) @ org.palladiosimulator.reliability.solver ---
[INFO] Building jar: /home/runner/work/telemetry-availability-identification/telemetry-availability-identification/palladio-source/bundles/org.palladiosimulator.reliability.solver/target/org.palladiosimulator.reliability.solver-5.2.2.jar
[INFO] 
[INFO] --- tycho-p2:2.7.5:p2-metadata-default (default-p2-metadata-default) @ org.palladiosimulator.reliability.solver ---
[INFO] 
[INFO] --- tycho-source:2.7.5:feature-source (feature-source) @ org.palladiosimulator.reliability.solver ---
[INFO] 
[INFO] --- tycho-p2:2.7.5:p2-metadata (attached-p2-metadata) @ org.palladiosimulator.reliability.solver ---
[WARNING] artifact org.palladiosimulator.reliability:org.palladiosimulator.reliability.solver:xml:p2metadata:5.2.2 already attached, replace previous instance
[WARNING] artifact org.palladiosimulator.reliability:org.palladiosimulator.reliability.solver:xml:p2artifacts:5.2.2 already attached, replace previous instance
[INFO] 
[INFO] --- checkstyle:3.1.2:check (palladio-checkstyle) @ org.palladiosimulator.reliability.solver ---
[INFO] You have 0 Checkstyle violations.
[INFO] 
[INFO] --- tycho-surefire:2.7.5:integration-test (default-integration-test) @ org.palladiosimulator.reliability.solver ---
[INFO] Skipping tests
[INFO] 
[INFO] --- failsafe:2.22.2:verify (default-verify) @ org.palladiosimulator.reliability.solver ---
[INFO] Tests are skipped.
[INFO] 
[INFO] -------------< org.palladiosimulator.reliability:features >-------------
[INFO] Building features 5.2.2                                          [11/16]
[INFO]   from features/pom.xml
[INFO] --------------------------------[ pom ]---------------------------------
[INFO] 
[INFO] --- clean:3.5.0:clean (default-clean) @ features ---
[INFO] Deleting /home/runner/work/telemetry-availability-identification/telemetry-availability-identification/palladio-source/features (includes = [target/**, xtend-gen/**, emfparsley-gen/**], excludes = [*/.gitkeep])
[INFO] 
[INFO] --- xtend:2.39.0:compile (default) @ features ---
[INFO] skip compiling sources because the configured directory '[/home/runner/work/telemetry-availability-identification/telemetry-availability-identification/palladio-source/features/src/main/java]' does not exist.
[INFO] 
[INFO] --- jacoco:0.8.13:prepare-agent (jacoco-prepare) @ features ---
[INFO] argLine set to -javaagent:/home/runner/work/_temp/petclinic-pmx-maven-repository/org/jacoco/org.jacoco.agent/0.8.13/org.jacoco.agent-0.8.13-runtime.jar=destfile=/home/runner/work/telemetry-availability-identification/telemetry-availability-identification/palladio-source/features/target/jacoco.exec
[INFO] 
[INFO] --- tycho-source:2.7.5:plugin-source (plugin-source) @ features ---
[INFO] 
[INFO] --- tycho-source:2.7.5:feature-source (feature-source) @ features ---
[INFO] 
[INFO] --- tycho-p2:2.7.5:p2-metadata (attached-p2-metadata) @ features ---
[INFO] 
[INFO] --- checkstyle:3.1.2:check (palladio-checkstyle) @ features ---
[INFO] You have 0 Checkstyle violations.
[INFO] 
[INFO] --< org.palladiosimulator.reliability:org.palladiosimulator.reliability.feature >--
[INFO] Building [feature] Palladio Component Model - Analyzer: Reliability 5.2.2 [12/16]
[INFO]   from features/org.palladiosimulator.reliability.feature/.polyglot.feature.xml
[INFO] --------------------------[ eclipse-feature ]---------------------------
[INFO] 
[INFO] --- clean:3.5.0:clean (default-clean) @ org.palladiosimulator.reliability.feature ---
[INFO] Deleting /home/runner/work/telemetry-availability-identification/telemetry-availability-identification/palladio-source/features/org.palladiosimulator.reliability.feature (includes = [target/**, xtend-gen/**, emfparsley-gen/**], excludes = [*/.gitkeep])
[INFO] 
[INFO] --- tycho-packaging:2.7.5:build-qualifier-aggregator (default-build-qualifier-aggregator) @ org.palladiosimulator.reliability.feature ---
[INFO] The project's OSGi version is 5.2.2
[INFO] 
[INFO] --- tycho-packaging:2.7.5:validate-id (default-validate-id) @ org.palladiosimulator.reliability.feature ---
[INFO] 
[INFO] --- tycho-packaging:2.7.5:validate-version (default-validate-version) @ org.palladiosimulator.reliability.feature ---
[INFO] 
[INFO] --- target-platform-configuration:2.7.5:target-platform (default-target-platform) @ org.palladiosimulator.reliability.feature ---
[INFO] 
[INFO] --- xtend:2.39.0:compile (default) @ org.palladiosimulator.reliability.feature ---
[INFO] skip compiling sources because the configured directory '[/home/runner/work/telemetry-availability-identification/telemetry-availability-identification/palladio-source/features/org.palladiosimulator.reliability.feature/src/main/java]' does not exist.
[INFO] 
[INFO] --- jacoco:0.8.13:prepare-agent (jacoco-prepare) @ org.palladiosimulator.reliability.feature ---
[INFO] argLine set to -javaagent:/home/runner/work/_temp/petclinic-pmx-maven-repository/org/jacoco/org.jacoco.agent/0.8.13/org.jacoco.agent-0.8.13-runtime.jar=destfile=/home/runner/work/telemetry-availability-identification/telemetry-availability-identification/palladio-source/features/org.palladiosimulator.reliability.feature/target/jacoco.exec
[INFO] 
[INFO] --- tycho-packaging:2.7.5:update-consumer-pom (default-update-consumer-pom) @ org.palladiosimulator.reliability.feature ---
[INFO] 
[INFO] --- tycho-source:2.7.5:plugin-source (plugin-source) @ org.palladiosimulator.reliability.feature ---
[INFO] 
[INFO] --- tycho-packaging:2.7.5:package-feature (default-package-feature) @ org.palladiosimulator.reliability.feature ---
[INFO] Fetching org.palladiosimulator.license_1.0.0.jar from https://updatesite.palladio-simulator.com/palladio-supporting-branding/releases/5.2.1/features/ (5.35kB)
[INFO] Building jar: /home/runner/work/telemetry-availability-identification/telemetry-availability-identification/palladio-source/features/org.palladiosimulator.reliability.feature/target/org.palladiosimulator.reliability.feature-5.2.2.jar
[INFO] 
[INFO] --- tycho-p2:2.7.5:p2-metadata-default (default-p2-metadata-default) @ org.palladiosimulator.reliability.feature ---
[INFO] 
[INFO] --- tycho-p2:2.7.5:feature-p2-metadata (default-feature-p2-metadata) @ org.palladiosimulator.reliability.feature ---
[INFO] 
[INFO] --- tycho-source:2.7.5:feature-source (feature-source) @ org.palladiosimulator.reliability.feature ---
[INFO] Building jar: /home/runner/work/telemetry-availability-identification/telemetry-availability-identification/palladio-source/features/org.palladiosimulator.reliability.feature/target/org.palladiosimulator.reliability.feature-5.2.2-sources-feature.jar
[INFO] 
[INFO] --- tycho-p2:2.7.5:p2-metadata (attached-p2-metadata) @ org.palladiosimulator.reliability.feature ---
[WARNING] artifact org.palladiosimulator.reliability:org.palladiosimulator.reliability.feature:xml:p2metadata:5.2.2 already attached, replace previous instance
[WARNING] artifact org.palladiosimulator.reliability:org.palladiosimulator.reliability.feature:xml:p2artifacts:5.2.2 already attached, replace previous instance
[INFO] 
[INFO] --- checkstyle:3.1.2:check (palladio-checkstyle) @ org.palladiosimulator.reliability.feature ---
[INFO] You have 0 Checkstyle violations.
[INFO] 
[INFO] --------------< org.palladiosimulator.reliability:tests >---------------
[INFO] Building tests 5.2.2                                             [13/16]
[INFO]   from tests/pom.xml
[INFO] --------------------------------[ pom ]---------------------------------
[INFO] 
[INFO] --- clean:3.5.0:clean (default-clean) @ tests ---
[INFO] Deleting /home/runner/work/telemetry-availability-identification/telemetry-availability-identification/palladio-source/tests (includes = [target/**, xtend-gen/**, emfparsley-gen/**], excludes = [*/.gitkeep])
[INFO] 
[INFO] --- xtend:2.39.0:compile (default) @ tests ---
[INFO] skip compiling sources because the configured directory '[/home/runner/work/telemetry-availability-identification/telemetry-availability-identification/palladio-source/tests/src/main/java]' does not exist.
[INFO] 
[INFO] --- jacoco:0.8.13:prepare-agent (jacoco-prepare) @ tests ---
[INFO] argLine set to -javaagent:/home/runner/work/_temp/petclinic-pmx-maven-repository/org/jacoco/org.jacoco.agent/0.8.13/org.jacoco.agent-0.8.13-runtime.jar=destfile=/home/runner/work/telemetry-availability-identification/telemetry-availability-identification/palladio-source/tests/target/jacoco.exec
[INFO] 
[INFO] --- tycho-source:2.7.5:plugin-source (plugin-source) @ tests ---
[INFO] 
[INFO] --- tycho-source:2.7.5:feature-source (feature-source) @ tests ---
[INFO] 
[INFO] --- tycho-p2:2.7.5:p2-metadata (attached-p2-metadata) @ tests ---
[INFO] 
[INFO] --- checkstyle:3.1.2:check (palladio-checkstyle) @ tests ---
[INFO] You have 0 Checkstyle violations.
[INFO] 
[INFO] --< org.palladiosimulator.reliability:org.palladiosimulator.reliability.tests >--
[INFO] Building [test-bundle] Tests for the Reliability Features 5.2.2  [14/16]
[INFO]   from tests/org.palladiosimulator.reliability.tests/.polyglot.META-INF
[INFO] ------------------------[ eclipse-test-plugin ]-------------------------
[INFO] 
[INFO] --- clean:3.5.0:clean (default-clean) @ org.palladiosimulator.reliability.tests ---
[INFO] Deleting /home/runner/work/telemetry-availability-identification/telemetry-availability-identification/palladio-source/tests/org.palladiosimulator.reliability.tests (includes = [target/**, xtend-gen/**, emfparsley-gen/**], excludes = [*/.gitkeep])
[INFO] 
[INFO] --- tycho-packaging:2.7.5:build-qualifier (default-build-qualifier) @ org.palladiosimulator.reliability.tests ---
[INFO] The project's OSGi version is 5.2.2
[INFO] 
[INFO] --- tycho-packaging:2.7.5:validate-id (default-validate-id) @ org.palladiosimulator.reliability.tests ---
[INFO] 
[INFO] --- tycho-packaging:2.7.5:validate-version (default-validate-version) @ org.palladiosimulator.reliability.tests ---
[INFO] 
[INFO] --- target-platform-configuration:2.7.5:target-platform (default-target-platform) @ org.palladiosimulator.reliability.tests ---
[INFO] 
[INFO] --- tycho-compiler:2.7.5:validate-classpath (default-validate-classpath) @ org.palladiosimulator.reliability.tests ---
[INFO] Resolving class path of [test-bundle] Tests for the Reliability Features...
[INFO] Fetching org.eclipse.core.net.linux_1.0.200.v20220812-1406.jar from https://download.eclipse.org/releases/2023-03/202303151000/plugins/ (16.24kB)
[INFO] Fetching org.eclipse.equinox.launcher.win32.win32.x86_64_1.2.700.v20221108-1024.jar from https://download.eclipse.org/releases/2023-03/202303151000/plugins/ (136.19kB)
[INFO] Fetching org.eclipse.core.net.win32.x86_64_1.1.700.v20220812-1406.jar from https://download.eclipse.org/releases/2023-03/202303151000/plugins/ (9.6kB)
[INFO] Fetching org.eclipse.equinox.launcher.cocoa.macosx.x86_64_1.2.700.v20221108-1024.jar from https://download.eclipse.org/releases/2023-03/202303151000/plugins/ (42.61kB)
[INFO] Fetching org.eclipse.equinox.launcher.cocoa.macosx.aarch64_1.2.700.v20221108-1024.jar from https://download.eclipse.org/releases/2023-03/202303151000/plugins/ (41.14kB)
[INFO] Fetching org.eclipse.equinox.launcher.gtk.linux.aarch64_1.2.700.v20221108-1024.jar from https://download.eclipse.org/releases/2023-03/202303151000/plugins/ (86.39kB)
[INFO] Fetching org.eclipse.core.net.win32_1.0.100.v20220812-1406.jar from https://download.eclipse.org/releases/2023-03/202303151000/plugins/ (27.48kB)
[INFO] Fetching org.eclipse.equinox.launcher.gtk.linux.x86_64_1.2.700.v20221108-1024.jar from https://download.eclipse.org/releases/2023-03/202303151000/plugins/ (87.79kB)
[INFO] 
[INFO] --- xtend:2.39.0:compile (default) @ org.palladiosimulator.reliability.tests ---
[INFO] 
[INFO] --- resources:2.4.3:resources (default-resources) @ org.palladiosimulator.reliability.tests ---
[INFO] Using 'UTF-8' encoding to copy filtered resources.
[INFO] skip non existing resourceDirectory /home/runner/work/telemetry-availability-identification/telemetry-availability-identification/palladio-source/tests/org.palladiosimulator.reliability.tests/src/main/resources
[INFO] 
[INFO] --- tycho-compiler:2.7.5:compile (default-compile) @ org.palladiosimulator.reliability.tests ---
[INFO] Compiling 2 source files to /home/runner/work/telemetry-availability-identification/telemetry-availability-identification/palladio-source/tests/org.palladiosimulator.reliability.tests/target/classes
[INFO] 
[INFO] --- jacoco:0.8.13:prepare-agent (jacoco-prepare) @ org.palladiosimulator.reliability.tests ---
[INFO] tycho.testArgLine set to -javaagent:/home/runner/work/_temp/petclinic-pmx-maven-repository/org/jacoco/org.jacoco.agent/0.8.13/org.jacoco.agent-0.8.13-runtime.jar=destfile=/home/runner/work/telemetry-availability-identification/telemetry-availability-identification/palladio-source/tests/org.palladiosimulator.reliability.tests/target/jacoco.exec
[INFO] 
[INFO] --- resources:2.4.3:testResources (default-testResources) @ org.palladiosimulator.reliability.tests ---
[INFO] Using 'UTF-8' encoding to copy filtered resources.
[INFO] skip non existing resourceDirectory /home/runner/work/telemetry-availability-identification/telemetry-availability-identification/palladio-source/tests/org.palladiosimulator.reliability.tests/src/test/resources
[INFO] 
[INFO] --- tycho-packaging:2.7.5:update-consumer-pom (default-update-consumer-pom) @ org.palladiosimulator.reliability.tests ---
[INFO] 
[INFO] --- tycho-source:2.7.5:plugin-source (plugin-source) @ org.palladiosimulator.reliability.tests ---
[INFO] Building jar: /home/runner/work/telemetry-availability-identification/telemetry-availability-identification/palladio-source/tests/org.palladiosimulator.reliability.tests/target/org.palladiosimulator.reliability.tests-5.2.2-sources.jar
[INFO] 
[INFO] --- tycho-packaging:2.7.5:package-plugin (default-package-plugin) @ org.palladiosimulator.reliability.tests ---
[INFO] Building jar: /home/runner/work/telemetry-availability-identification/telemetry-availability-identification/palladio-source/tests/org.palladiosimulator.reliability.tests/target/org.palladiosimulator.reliability.tests-5.2.2.jar
[INFO] 
[INFO] --- tycho-p2:2.7.5:p2-metadata-default (default-p2-metadata-default) @ org.palladiosimulator.reliability.tests ---
[INFO] 
[INFO] --- tycho-source:2.7.5:feature-source (feature-source) @ org.palladiosimulator.reliability.tests ---
[INFO] 
[INFO] --- tycho-p2:2.7.5:p2-metadata (attached-p2-metadata) @ org.palladiosimulator.reliability.tests ---
[WARNING] artifact org.palladiosimulator.reliability:org.palladiosimulator.reliability.tests:xml:p2metadata:5.2.2 already attached, replace previous instance
[WARNING] artifact org.palladiosimulator.reliability:org.palladiosimulator.reliability.tests:xml:p2artifacts:5.2.2 already attached, replace previous instance
[INFO] 
[INFO] --- checkstyle:3.1.2:check (palladio-checkstyle) @ org.palladiosimulator.reliability.tests ---
[INFO] You have 0 Checkstyle violations.
[INFO] 
[INFO] --- tycho-surefire:2.7.5:test (default-test) @ org.palladiosimulator.reliability.tests ---
[INFO] Skipping tests
[INFO] 
[INFO] --------------< org.palladiosimulator.reliability:releng >--------------
[INFO] Building releng 5.2.2                                            [15/16]
[INFO]   from releng/pom.xml
[INFO] --------------------------------[ pom ]---------------------------------
[INFO] 
[INFO] --- clean:3.5.0:clean (default-clean) @ releng ---
[INFO] Deleting /home/runner/work/telemetry-availability-identification/telemetry-availability-identification/palladio-source/releng (includes = [target/**, xtend-gen/**, emfparsley-gen/**], excludes = [*/.gitkeep])
[INFO] 
[INFO] --- xtend:2.39.0:compile (default) @ releng ---
[INFO] skip compiling sources because the configured directory '[/home/runner/work/telemetry-availability-identification/telemetry-availability-identification/palladio-source/releng/src/main/java]' does not exist.
[INFO] 
[INFO] --- jacoco:0.8.13:prepare-agent (jacoco-prepare) @ releng ---
[INFO] argLine set to -javaagent:/home/runner/work/_temp/petclinic-pmx-maven-repository/org/jacoco/org.jacoco.agent/0.8.13/org.jacoco.agent-0.8.13-runtime.jar=destfile=/home/runner/work/telemetry-availability-identification/telemetry-availability-identification/palladio-source/releng/target/jacoco.exec
[INFO] 
[INFO] --- tycho-source:2.7.5:plugin-source (plugin-source) @ releng ---
[INFO] 
[INFO] --- tycho-source:2.7.5:feature-source (feature-source) @ releng ---
[INFO] 
[INFO] --- tycho-p2:2.7.5:p2-metadata (attached-p2-metadata) @ releng ---
[INFO] 
[INFO] --- checkstyle:3.1.2:check (palladio-checkstyle) @ releng ---
[INFO] You have 0 Checkstyle violations.
[INFO] 
[INFO] --< org.palladiosimulator.reliability:org.palladiosimulator.reliability.updatesite >--
[INFO] Building org.palladiosimulator.reliability.updatesite 5.2.2      [16/16]
[INFO]   from releng/org.palladiosimulator.reliability.updatesite/pom.xml
[INFO] -------------------------[ eclipse-repository ]-------------------------
[INFO] 
[INFO] --- clean:3.5.0:clean (default-clean) @ org.palladiosimulator.reliability.updatesite ---
[INFO] Deleting /home/runner/work/telemetry-availability-identification/telemetry-availability-identification/palladio-source/releng/org.palladiosimulator.reliability.updatesite (includes = [target/**, xtend-gen/**, emfparsley-gen/**], excludes = [*/.gitkeep])
[INFO] 
[INFO] --- tycho-packaging:2.7.5:build-qualifier-aggregator (default-build-qualifier-aggregator) @ org.palladiosimulator.reliability.updatesite ---
[INFO] The project's OSGi version is 5.2.2
[INFO] 
[INFO] --- clean:3.5.0:clean (default-clean-1) @ org.palladiosimulator.reliability.updatesite ---
[INFO] Deleting /home/runner/work/telemetry-availability-identification/telemetry-availability-identification/palladio-source/releng/org.palladiosimulator.reliability.updatesite (includes = [target/**, xtend-gen/**, emfparsley-gen/**], excludes = [*/.gitkeep])
[INFO] 
[INFO] --- target-platform-configuration:2.7.5:target-platform (default-target-platform) @ org.palladiosimulator.reliability.updatesite ---
[INFO] 
[INFO] --- xtend:2.39.0:compile (default) @ org.palladiosimulator.reliability.updatesite ---
[INFO] skip compiling sources because the configured directory '[/home/runner/work/telemetry-availability-identification/telemetry-availability-identification/palladio-source/releng/org.palladiosimulator.reliability.updatesite/src/main/java]' does not exist.
[INFO] 
[INFO] --- tycho-document-bundle:2.7.5:javadoc (eclipse-javadoc) @ org.palladiosimulator.reliability.updatesite ---
[INFO] Scopes: [compile, provided]
[INFO] Output directory: /home/runner/work/telemetry-availability-identification/telemetry-availability-identification/palladio-source/releng/org.palladiosimulator.reliability.updatesite/target/repository/javadoc
[INFO] BaseDir: /home/runner/work/telemetry-availability-identification/telemetry-availability-identification/palladio-source/releng/org.palladiosimulator.reliability.updatesite
[INFO] Cleaning up first
[INFO] Did not find project ArtifactDescriptorDependency {descriptor=eclipse-plugin:org.osgi.service.prefs:1.1.2.202109301733: /home/runner/work/_temp/petclinic-pmx-maven-repository/p2/osgi/bundle/org.osgi.service.prefs/1.1.2.202109301733/org.osgi.service.prefs-1.1.2.202109301733.jar, groupId=org.osgi, artifactId=org.osgi.service.prefs, version=1.1.2, type=jar} in reactor
[INFO] Did not find project ArtifactDescriptorDependency {descriptor=eclipse-plugin:org.eclipse.xtext.common.types:2.30.0.v20230227-1128: /home/runner/work/_temp/petclinic-pmx-maven-repository/p2/osgi/bundle/org.eclipse.xtext.common.types/2.30.0.v20230227-1128/org.eclipse.xtext.common.types-2.30.0.v20230227-1128.jar, groupId=org.eclipse.xtext, artifactId=org.eclipse.xtext.common.types, version=2.30.0, type=jar} in reactor
[INFO] Did not find project ArtifactDescriptorDependency {descriptor=eclipse-plugin:org.eclipse.xtext.xbase:2.30.0.v20230227-1128: /home/runner/work/_temp/petclinic-pmx-maven-repository/p2/osgi/bundle/org.eclipse.xtext.xbase/2.30.0.v20230227-1128/org.eclipse.xtext.xbase-2.30.0.v20230227-1128.jar, groupId=org.eclipse.xtext, artifactId=org.eclipse.xtext.xbase, version=2.30.0, type=jar} in reactor
[INFO] Did not find project ArtifactDescriptorDependency {descriptor=eclipse-plugin:org.eclipse.xtext:2.30.0.v20230227-1116: /home/runner/work/_temp/petclinic-pmx-maven-repository/p2/osgi/bundle/org.eclipse.xtext/2.30.0.v20230227-1116/org.eclipse.xtext-2.30.0.v20230227-1116.jar, groupId=org.eclipse.xtext, artifactId=org.eclipse.xtext, version=2.30.0, type=jar} in reactor
[INFO] Did not find project ArtifactDescriptorDependency {descriptor=eclipse-plugin:org.eclipse.xtext.util:2.30.0.v20230227-1116: /home/runner/work/_temp/petclinic-pmx-maven-repository/p2/osgi/bundle/org.eclipse.xtext.util/2.30.0.v20230227-1116/org.eclipse.xtext.util-2.30.0.v20230227-1116.jar, groupId=org.eclipse.xtext, artifactId=org.eclipse.xtext.util, version=2.30.0, type=jar} in reactor
[INFO] Did not find project ArtifactDescriptorDependency {descriptor=eclipse-plugin:org.eclipse.xtext.xbase.lib:2.30.0.v20230227-1111: /home/runner/work/_temp/petclinic-pmx-maven-repository/p2/osgi/bundle/org.eclipse.xtext.xbase.lib/2.30.0.v20230227-1111/org.eclipse.xtext.xbase.lib-2.30.0.v20230227-1111.jar, groupId=org.eclipse.xtext, artifactId=org.eclipse.xtext.xbase.lib, version=2.30.0, type=jar} in reactor
[INFO] Did not find project ArtifactDescriptorDependency {descriptor=eclipse-plugin:org.eclipse.xtend.lib:2.30.0.v20230227-1111: /home/runner/work/_temp/petclinic-pmx-maven-repository/p2/osgi/bundle/org.eclipse.xtend.lib/2.30.0.v20230227-1111/org.eclipse.xtend.lib-2.30.0.v20230227-1111.jar, groupId=org.eclipse.xtend, artifactId=org.eclipse.xtend.lib, version=2.30.0, type=jar} in reactor
[INFO] Did not find project ArtifactDescriptorDependency {descriptor=eclipse-plugin:org.eclipse.xtext.smap:2.30.0.v20230227-1128: /home/runner/work/_temp/petclinic-pmx-maven-repository/p2/osgi/bundle/org.eclipse.xtext.smap/2.30.0.v20230227-1128/org.eclipse.xtext.smap-2.30.0.v20230227-1128.jar, groupId=org.eclipse.xtext, artifactId=org.eclipse.xtext.smap, version=2.30.0, type=jar} in reactor
[INFO] Did not find project ArtifactDescriptorDependency {descriptor=eclipse-plugin:org.eclipse.xtend.lib.macro:2.30.0.v20230227-1111: /home/runner/work/_temp/petclinic-pmx-maven-repository/p2/osgi/bundle/org.eclipse.xtend.lib.macro/2.30.0.v20230227-1111/org.eclipse.xtend.lib.macro-2.30.0.v20230227-1111.jar, groupId=org.eclipse.xtend, artifactId=org.eclipse.xtend.lib.macro, version=2.30.0, type=jar} in reactor
[INFO] Did not find project ArtifactDescriptorDependency {descriptor=eclipse-plugin:org.eclipse.xtext.ecore:2.30.0.v20230227-1128: /home/runner/work/_temp/petclinic-pmx-maven-repository/p2/osgi/bundle/org.eclipse.xtext.ecore/2.30.0.v20230227-1128/org.eclipse.xtext.ecore-2.30.0.v20230227-1128.jar, groupId=org.eclipse.xtext, artifactId=org.eclipse.xtext.ecore, version=2.30.0, type=jar} in reactor
[INFO] Did not find project ArtifactDescriptorDependency {descriptor=eclipse-plugin:org.osgi.service.prefs:1.1.2.202109301733: /home/runner/work/_temp/petclinic-pmx-maven-repository/p2/osgi/bundle/org.osgi.service.prefs/1.1.2.202109301733/org.osgi.service.prefs-1.1.2.202109301733.jar, groupId=org.osgi, artifactId=org.osgi.service.prefs, version=1.1.2, type=jar} in reactor
[INFO] Did not find project ArtifactDescriptorDependency {descriptor=eclipse-plugin:org.osgi.service.prefs:1.1.2.202109301733: /home/runner/work/_temp/petclinic-pmx-maven-repository/p2/osgi/bundle/org.osgi.service.prefs/1.1.2.202109301733/org.osgi.service.prefs-1.1.2.202109301733.jar, groupId=org.osgi, artifactId=org.osgi.service.prefs, version=1.1.2, type=jar} in reactor
[INFO] Did not find project ArtifactDescriptorDependency {descriptor=eclipse-plugin:org.eclipse.xtext.common.types:2.30.0.v20230227-1128: /home/runner/work/_temp/petclinic-pmx-maven-repository/p2/osgi/bundle/org.eclipse.xtext.common.types/2.30.0.v20230227-1128/org.eclipse.xtext.common.types-2.30.0.v20230227-1128.jar, groupId=org.eclipse.xtext, artifactId=org.eclipse.xtext.common.types, version=2.30.0, type=jar} in reactor
[INFO] Did not find project ArtifactDescriptorDependency {descriptor=eclipse-plugin:org.eclipse.xtext.xbase:2.30.0.v20230227-1128: /home/runner/work/_temp/petclinic-pmx-maven-repository/p2/osgi/bundle/org.eclipse.xtext.xbase/2.30.0.v20230227-1128/org.eclipse.xtext.xbase-2.30.0.v20230227-1128.jar, groupId=org.eclipse.xtext, artifactId=org.eclipse.xtext.xbase, version=2.30.0, type=jar} in reactor
[INFO] Did not find project ArtifactDescriptorDependency {descriptor=eclipse-plugin:org.eclipse.xtext:2.30.0.v20230227-1116: /home/runner/work/_temp/petclinic-pmx-maven-repository/p2/osgi/bundle/org.eclipse.xtext/2.30.0.v20230227-1116/org.eclipse.xtext-2.30.0.v20230227-1116.jar, groupId=org.eclipse.xtext, artifactId=org.eclipse.xtext, version=2.30.0, type=jar} in reactor
[INFO] Did not find project ArtifactDescriptorDependency {descriptor=eclipse-plugin:org.eclipse.xtext.util:2.30.0.v20230227-1116: /home/runner/work/_temp/petclinic-pmx-maven-repository/p2/osgi/bundle/org.eclipse.xtext.util/2.30.0.v20230227-1116/org.eclipse.xtext.util-2.30.0.v20230227-1116.jar, groupId=org.eclipse.xtext, artifactId=org.eclipse.xtext.util, version=2.30.0, type=jar} in reactor
[INFO] Did not find project ArtifactDescriptorDependency {descriptor=eclipse-plugin:org.eclipse.xtext.xbase.lib:2.30.0.v20230227-1111: /home/runner/work/_temp/petclinic-pmx-maven-repository/p2/osgi/bundle/org.eclipse.xtext.xbase.lib/2.30.0.v20230227-1111/org.eclipse.xtext.xbase.lib-2.30.0.v20230227-1111.jar, groupId=org.eclipse.xtext, artifactId=org.eclipse.xtext.xbase.lib, version=2.30.0, type=jar} in reactor
[INFO] Did not find project ArtifactDescriptorDependency {descriptor=eclipse-plugin:org.eclipse.xtend.lib:2.30.0.v20230227-1111: /home/runner/work/_temp/petclinic-pmx-maven-repository/p2/osgi/bundle/org.eclipse.xtend.lib/2.30.0.v20230227-1111/org.eclipse.xtend.lib-2.30.0.v20230227-1111.jar, groupId=org.eclipse.xtend, artifactId=org.eclipse.xtend.lib, version=2.30.0, type=jar} in reactor
[INFO] Did not find project ArtifactDescriptorDependency {descriptor=eclipse-plugin:org.eclipse.xtext.smap:2.30.0.v20230227-1128: /home/runner/work/_temp/petclinic-pmx-maven-repository/p2/osgi/bundle/org.eclipse.xtext.smap/2.30.0.v20230227-1128/org.eclipse.xtext.smap-2.30.0.v20230227-1128.jar, groupId=org.eclipse.xtext, artifactId=org.eclipse.xtext.smap, version=2.30.0, type=jar} in reactor
[INFO] Did not find project ArtifactDescriptorDependency {descriptor=eclipse-plugin:org.eclipse.xtend.lib.macro:2.30.0.v20230227-1111: /home/runner/work/_temp/petclinic-pmx-maven-repository/p2/osgi/bundle/org.eclipse.xtend.lib.macro/2.30.0.v20230227-1111/org.eclipse.xtend.lib.macro-2.30.0.v20230227-1111.jar, groupId=org.eclipse.xtend, artifactId=org.eclipse.xtend.lib.macro, version=2.30.0, type=jar} in reactor
[INFO] Did not find project ArtifactDescriptorDependency {descriptor=eclipse-plugin:org.eclipse.xtext.ecore:2.30.0.v20230227-1128: /home/runner/work/_temp/petclinic-pmx-maven-repository/p2/osgi/bundle/org.eclipse.xtext.ecore/2.30.0.v20230227-1128/org.eclipse.xtext.ecore-2.30.0.v20230227-1128.jar, groupId=org.eclipse.xtext, artifactId=org.eclipse.xtext.ecore, version=2.30.0, type=jar} in reactor
[INFO] Did not find project ArtifactDescriptorDependency {descriptor=eclipse-plugin:org.osgi.service.prefs:1.1.2.202109301733: /home/runner/work/_temp/petclinic-pmx-maven-repository/p2/osgi/bundle/org.osgi.service.prefs/1.1.2.202109301733/org.osgi.service.prefs-1.1.2.202109301733.jar, groupId=org.osgi, artifactId=org.osgi.service.prefs, version=1.1.2, type=jar} in reactor
[INFO] Did not find project ArtifactDescriptorDependency {descriptor=eclipse-plugin:bcprov:1.72.0: /home/runner/work/_temp/petclinic-pmx-maven-repository/p2/osgi/bundle/bcprov/1.72.0/bcprov-1.72.0.jar, groupId=org.bouncycastle, artifactId=bcprov-jdk18on, version=1.72, type=jar} in reactor
[INFO] Did not find project ArtifactDescriptorDependency {descriptor=eclipse-plugin:org.apache.commons.commons-io:2.11.0: /home/runner/work/_temp/petclinic-pmx-maven-repository/p2/osgi/bundle/org.apache.commons.commons-io/2.11.0/org.apache.commons.commons-io-2.11.0.jar, groupId=commons-io, artifactId=commons-io, version=2.11.0, type=jar} in reactor
[INFO] Did not find project ArtifactDescriptorDependency {descriptor=eclipse-plugin:org.apache.felix.scr:2.2.6: /home/runner/work/_temp/petclinic-pmx-maven-repository/p2/osgi/bundle/org.apache.felix.scr/2.2.6/org.apache.felix.scr-2.2.6.jar, groupId=org.apache.felix, artifactId=org.apache.felix.scr, version=2.2.6, type=jar} in reactor
[INFO] Did not find project ArtifactDescriptorDependency {descriptor=eclipse-plugin:org.osgi.service.component:1.5.1.202212101352: /home/runner/work/_temp/petclinic-pmx-maven-repository/p2/osgi/bundle/org.osgi.service.component/1.5.1.202212101352/org.osgi.service.component-1.5.1.202212101352.jar, groupId=org.osgi, artifactId=org.osgi.service.component, version=1.5.1, type=jar} in reactor
[INFO] Did not find project ArtifactDescriptorDependency {descriptor=eclipse-plugin:org.osgi.util.promise:1.3.0.202212101352: /home/runner/work/_temp/petclinic-pmx-maven-repository/p2/osgi/bundle/org.osgi.util.promise/1.3.0.202212101352/org.osgi.util.promise-1.3.0.202212101352.jar, groupId=org.osgi, artifactId=org.osgi.util.promise, version=1.3.0, type=jar} in reactor
[INFO] Did not find project ArtifactDescriptorDependency {descriptor=eclipse-plugin:org.osgi.service.event:1.4.1.202109301733: /home/runner/work/_temp/petclinic-pmx-maven-repository/p2/osgi/bundle/org.osgi.service.event/1.4.1.202109301733/org.osgi.service.event-1.4.1.202109301733.jar, groupId=org.osgi, artifactId=org.osgi.service.event, version=1.4.1, type=jar} in reactor
[INFO] Did not find project ArtifactDescriptorDependency {descriptor=eclipse-plugin:org.osgi.service.prefs:1.1.2.202109301733: /home/runner/work/_temp/petclinic-pmx-maven-repository/p2/osgi/bundle/org.osgi.service.prefs/1.1.2.202109301733/org.osgi.service.prefs-1.1.2.202109301733.jar, groupId=org.osgi, artifactId=org.osgi.service.prefs, version=1.1.2, type=jar} in reactor
[INFO] Did not find project ArtifactDescriptorDependency {descriptor=eclipse-plugin:org.osgi.util.function:1.2.0.202109301733: /home/runner/work/_temp/petclinic-pmx-maven-repository/p2/osgi/bundle/org.osgi.util.function/1.2.0.202109301733/org.osgi.util.function-1.2.0.202109301733.jar, groupId=org.osgi, artifactId=org.osgi.util.function, version=1.2.0, type=jar} in reactor
[INFO] Did not find project ArtifactDescriptorDependency {descriptor=eclipse-plugin:org.osgi.service.prefs:1.1.2.202109301733: /home/runner/work/_temp/petclinic-pmx-maven-repository/p2/osgi/bundle/org.osgi.service.prefs/1.1.2.202109301733/org.osgi.service.prefs-1.1.2.202109301733.jar, groupId=org.osgi, artifactId=org.osgi.service.prefs, version=1.1.2, type=jar} in reactor
[INFO] Did not find project ArtifactDescriptorDependency {descriptor=eclipse-plugin:org.eclipse.xtext.common.types:2.30.0.v20230227-1128: /home/runner/work/_temp/petclinic-pmx-maven-repository/p2/osgi/bundle/org.eclipse.xtext.common.types/2.30.0.v20230227-1128/org.eclipse.xtext.common.types-2.30.0.v20230227-1128.jar, groupId=org.eclipse.xtext, artifactId=org.eclipse.xtext.common.types, version=2.30.0, type=jar} in reactor
[INFO] Did not find project ArtifactDescriptorDependency {descriptor=eclipse-plugin:org.eclipse.xtext.xbase:2.30.0.v20230227-1128: /home/runner/work/_temp/petclinic-pmx-maven-repository/p2/osgi/bundle/org.eclipse.xtext.xbase/2.30.0.v20230227-1128/org.eclipse.xtext.xbase-2.30.0.v20230227-1128.jar, groupId=org.eclipse.xtext, artifactId=org.eclipse.xtext.xbase, version=2.30.0, type=jar} in reactor
[INFO] Did not find project ArtifactDescriptorDependency {descriptor=eclipse-plugin:org.eclipse.xtext:2.30.0.v20230227-1116: /home/runner/work/_temp/petclinic-pmx-maven-repository/p2/osgi/bundle/org.eclipse.xtext/2.30.0.v20230227-1116/org.eclipse.xtext-2.30.0.v20230227-1116.jar, groupId=org.eclipse.xtext, artifactId=org.eclipse.xtext, version=2.30.0, type=jar} in reactor
[INFO] Did not find project ArtifactDescriptorDependency {descriptor=eclipse-plugin:org.eclipse.xtext.util:2.30.0.v20230227-1116: /home/runner/work/_temp/petclinic-pmx-maven-repository/p2/osgi/bundle/org.eclipse.xtext.util/2.30.0.v20230227-1116/org.eclipse.xtext.util-2.30.0.v20230227-1116.jar, groupId=org.eclipse.xtext, artifactId=org.eclipse.xtext.util, version=2.30.0, type=jar} in reactor
[INFO] Did not find project ArtifactDescriptorDependency {descriptor=eclipse-plugin:org.eclipse.xtext.xbase.lib:2.30.0.v20230227-1111: /home/runner/work/_temp/petclinic-pmx-maven-repository/p2/osgi/bundle/org.eclipse.xtext.xbase.lib/2.30.0.v20230227-1111/org.eclipse.xtext.xbase.lib-2.30.0.v20230227-1111.jar, groupId=org.eclipse.xtext, artifactId=org.eclipse.xtext.xbase.lib, version=2.30.0, type=jar} in reactor
[INFO] Did not find project ArtifactDescriptorDependency {descriptor=eclipse-plugin:org.eclipse.xtend.lib:2.30.0.v20230227-1111: /home/runner/work/_temp/petclinic-pmx-maven-repository/p2/osgi/bundle/org.eclipse.xtend.lib/2.30.0.v20230227-1111/org.eclipse.xtend.lib-2.30.0.v20230227-1111.jar, groupId=org.eclipse.xtend, artifactId=org.eclipse.xtend.lib, version=2.30.0, type=jar} in reactor
[INFO] Did not find project ArtifactDescriptorDependency {descriptor=eclipse-plugin:org.eclipse.xtext.smap:2.30.0.v20230227-1128: /home/runner/work/_temp/petclinic-pmx-maven-repository/p2/osgi/bundle/org.eclipse.xtext.smap/2.30.0.v20230227-1128/org.eclipse.xtext.smap-2.30.0.v20230227-1128.jar, groupId=org.eclipse.xtext, artifactId=org.eclipse.xtext.smap, version=2.30.0, type=jar} in reactor
[INFO] Did not find project ArtifactDescriptorDependency {descriptor=eclipse-plugin:org.eclipse.xtend.lib.macro:2.30.0.v20230227-1111: /home/runner/work/_temp/petclinic-pmx-maven-repository/p2/osgi/bundle/org.eclipse.xtend.lib.macro/2.30.0.v20230227-1111/org.eclipse.xtend.lib.macro-2.30.0.v20230227-1111.jar, groupId=org.eclipse.xtend, artifactId=org.eclipse.xtend.lib.macro, version=2.30.0, type=jar} in reactor
[INFO] Did not find project ArtifactDescriptorDependency {descriptor=eclipse-plugin:org.eclipse.xtext.ecore:2.30.0.v20230227-1128: /home/runner/work/_temp/petclinic-pmx-maven-repository/p2/osgi/bundle/org.eclipse.xtext.ecore/2.30.0.v20230227-1128/org.eclipse.xtext.ecore-2.30.0.v20230227-1128.jar, groupId=org.eclipse.xtext, artifactId=org.eclipse.xtext.ecore, version=2.30.0, type=jar} in reactor
[INFO] Did not find project ArtifactDescriptorDependency {descriptor=eclipse-plugin:bcpg:1.72.2: /home/runner/work/_temp/petclinic-pmx-maven-repository/p2/osgi/bundle/bcpg/1.72.2/bcpg-1.72.2.jar, groupId=org.bouncycastle, artifactId=bcpg-jdk18on, version=1.72.2, type=jar} in reactor
[INFO] Did not find project ArtifactDescriptorDependency {descriptor=eclipse-plugin:bcprov:1.72.0: /home/runner/work/_temp/petclinic-pmx-maven-repository/p2/osgi/bundle/bcprov/1.72.0/bcprov-1.72.0.jar, groupId=org.bouncycastle, artifactId=bcprov-jdk18on, version=1.72, type=jar} in reactor
[INFO] Did not find project ArtifactDescriptorDependency {descriptor=eclipse-plugin:org.apache.commons.commons-io:2.11.0: /home/runner/work/_temp/petclinic-pmx-maven-repository/p2/osgi/bundle/org.apache.commons.commons-io/2.11.0/org.apache.commons.commons-io-2.11.0.jar, groupId=commons-io, artifactId=commons-io, version=2.11.0, type=jar} in reactor
[INFO] Did not find project ArtifactDescriptorDependency {descriptor=eclipse-plugin:org.apache.felix.scr:2.2.6: /home/runner/work/_temp/petclinic-pmx-maven-repository/p2/osgi/bundle/org.apache.felix.scr/2.2.6/org.apache.felix.scr-2.2.6.jar, groupId=org.apache.felix, artifactId=org.apache.felix.scr, version=2.2.6, type=jar} in reactor
[INFO] Did not find project ArtifactDescriptorDependency {descriptor=eclipse-plugin:org.osgi.service.component:1.5.1.202212101352: /home/runner/work/_temp/petclinic-pmx-maven-repository/p2/osgi/bundle/org.osgi.service.component/1.5.1.202212101352/org.osgi.service.component-1.5.1.202212101352.jar, groupId=org.osgi, artifactId=org.osgi.service.component, version=1.5.1, type=jar} in reactor
[INFO] Did not find project ArtifactDescriptorDependency {descriptor=eclipse-plugin:org.osgi.util.promise:1.3.0.202212101352: /home/runner/work/_temp/petclinic-pmx-maven-repository/p2/osgi/bundle/org.osgi.util.promise/1.3.0.202212101352/org.osgi.util.promise-1.3.0.202212101352.jar, groupId=org.osgi, artifactId=org.osgi.util.promise, version=1.3.0, type=jar} in reactor
[INFO] Did not find project ArtifactDescriptorDependency {descriptor=eclipse-plugin:org.osgi.service.event:1.4.1.202109301733: /home/runner/work/_temp/petclinic-pmx-maven-repository/p2/osgi/bundle/org.osgi.service.event/1.4.1.202109301733/org.osgi.service.event-1.4.1.202109301733.jar, groupId=org.osgi, artifactId=org.osgi.service.event, version=1.4.1, type=jar} in reactor
[INFO] Did not find project ArtifactDescriptorDependency {descriptor=eclipse-plugin:org.osgi.service.prefs:1.1.2.202109301733: /home/runner/work/_temp/petclinic-pmx-maven-repository/p2/osgi/bundle/org.osgi.service.prefs/1.1.2.202109301733/org.osgi.service.prefs-1.1.2.202109301733.jar, groupId=org.osgi, artifactId=org.osgi.service.prefs, version=1.1.2, type=jar} in reactor
[INFO] Did not find project ArtifactDescriptorDependency {descriptor=eclipse-plugin:org.eclipse.xtext.common.types:2.30.0.v20230227-1128: /home/runner/work/_temp/petclinic-pmx-maven-repository/p2/osgi/bundle/org.eclipse.xtext.common.types/2.30.0.v20230227-1128/org.eclipse.xtext.common.types-2.30.0.v20230227-1128.jar, groupId=org.eclipse.xtext, artifactId=org.eclipse.xtext.common.types, version=2.30.0, type=jar} in reactor
[INFO] Did not find project ArtifactDescriptorDependency {descriptor=eclipse-plugin:org.eclipse.xtext.xbase:2.30.0.v20230227-1128: /home/runner/work/_temp/petclinic-pmx-maven-repository/p2/osgi/bundle/org.eclipse.xtext.xbase/2.30.0.v20230227-1128/org.eclipse.xtext.xbase-2.30.0.v20230227-1128.jar, groupId=org.eclipse.xtext, artifactId=org.eclipse.xtext.xbase, version=2.30.0, type=jar} in reactor
[INFO] Did not find project ArtifactDescriptorDependency {descriptor=eclipse-plugin:org.eclipse.xtext:2.30.0.v20230227-1116: /home/runner/work/_temp/petclinic-pmx-maven-repository/p2/osgi/bundle/org.eclipse.xtext/2.30.0.v20230227-1116/org.eclipse.xtext-2.30.0.v20230227-1116.jar, groupId=org.eclipse.xtext, artifactId=org.eclipse.xtext, version=2.30.0, type=jar} in reactor
[INFO] Did not find project ArtifactDescriptorDependency {descriptor=eclipse-plugin:org.eclipse.xtext.util:2.30.0.v20230227-1116: /home/runner/work/_temp/petclinic-pmx-maven-repository/p2/osgi/bundle/org.eclipse.xtext.util/2.30.0.v20230227-1116/org.eclipse.xtext.util-2.30.0.v20230227-1116.jar, groupId=org.eclipse.xtext, artifactId=org.eclipse.xtext.util, version=2.30.0, type=jar} in reactor
[INFO] Did not find project ArtifactDescriptorDependency {descriptor=eclipse-plugin:org.eclipse.xtext.xbase.lib:2.30.0.v20230227-1111: /home/runner/work/_temp/petclinic-pmx-maven-repository/p2/osgi/bundle/org.eclipse.xtext.xbase.lib/2.30.0.v20230227-1111/org.eclipse.xtext.xbase.lib-2.30.0.v20230227-1111.jar, groupId=org.eclipse.xtext, artifactId=org.eclipse.xtext.xbase.lib, version=2.30.0, type=jar} in reactor
[INFO] Did not find project ArtifactDescriptorDependency {descriptor=eclipse-plugin:org.eclipse.xtend.lib:2.30.0.v20230227-1111: /home/runner/work/_temp/petclinic-pmx-maven-repository/p2/osgi/bundle/org.eclipse.xtend.lib/2.30.0.v20230227-1111/org.eclipse.xtend.lib-2.30.0.v20230227-1111.jar, groupId=org.eclipse.xtend, artifactId=org.eclipse.xtend.lib, version=2.30.0, type=jar} in reactor
[INFO] Did not find project ArtifactDescriptorDependency {descriptor=eclipse-plugin:org.eclipse.xtext.smap:2.30.0.v20230227-1128: /home/runner/work/_temp/petclinic-pmx-maven-repository/p2/osgi/bundle/org.eclipse.xtext.smap/2.30.0.v20230227-1128/org.eclipse.xtext.smap-2.30.0.v20230227-1128.jar, groupId=org.eclipse.xtext, artifactId=org.eclipse.xtext.smap, version=2.30.0, type=jar} in reactor
[INFO] Did not find project ArtifactDescriptorDependency {descriptor=eclipse-plugin:org.eclipse.xtend.lib.macro:2.30.0.v20230227-1111: /home/runner/work/_temp/petclinic-pmx-maven-repository/p2/osgi/bundle/org.eclipse.xtend.lib.macro/2.30.0.v20230227-1111/org.eclipse.xtend.lib.macro-2.30.0.v20230227-1111.jar, groupId=org.eclipse.xtend, artifactId=org.eclipse.xtend.lib.macro, version=2.30.0, type=jar} in reactor
[INFO] Did not find project ArtifactDescriptorDependency {descriptor=eclipse-plugin:org.eclipse.xtext.ecore:2.30.0.v20230227-1128: /home/runner/work/_temp/petclinic-pmx-maven-repository/p2/osgi/bundle/org.eclipse.xtext.ecore/2.30.0.v20230227-1128/org.eclipse.xtext.ecore-2.30.0.v20230227-1128.jar, groupId=org.eclipse.xtext, artifactId=org.eclipse.xtext.ecore, version=2.30.0, type=jar} in reactor
[INFO] Did not find project ArtifactDescriptorDependency {descriptor=eclipse-plugin:org.osgi.util.function:1.2.0.202109301733: /home/runner/work/_temp/petclinic-pmx-maven-repository/p2/osgi/bundle/org.osgi.util.function/1.2.0.202109301733/org.osgi.util.function-1.2.0.202109301733.jar, groupId=org.osgi, artifactId=org.osgi.util.function, version=1.2.0, type=jar} in reactor
[INFO] Did not find project ArtifactDescriptorDependency {descriptor=eclipse-plugin:bcprov:1.72.0: /home/runner/work/_temp/petclinic-pmx-maven-repository/p2/osgi/bundle/bcprov/1.72.0/bcprov-1.72.0.jar, groupId=org.bouncycastle, artifactId=bcprov-jdk18on, version=1.72, type=jar} in reactor
[INFO] Did not find project ArtifactDescriptorDependency {descriptor=eclipse-plugin:org.eclipse.xtext:2.30.0.v20230227-1116: /home/runner/work/_temp/petclinic-pmx-maven-repository/p2/osgi/bundle/org.eclipse.xtext/2.30.0.v20230227-1116/org.eclipse.xtext-2.30.0.v20230227-1116.jar, groupId=org.eclipse.xtext, artifactId=org.eclipse.xtext, version=2.30.0, type=jar} in reactor
[INFO] Did not find project ArtifactDescriptorDependency {descriptor=eclipse-plugin:org.eclipse.xtext.xtext.generator:2.30.0.v20230227-1116: /home/runner/work/_temp/petclinic-pmx-maven-repository/p2/osgi/bundle/org.eclipse.xtext.xtext.generator/2.30.0.v20230227-1116/org.eclipse.xtext.xtext.generator-2.30.0.v20230227-1116.jar, groupId=org.eclipse.xtext, artifactId=org.eclipse.xtext.xtext.generator, version=2.30.0, type=jar} in reactor
[INFO] Did not find project ArtifactDescriptorDependency {descriptor=eclipse-plugin:org.apache.commons.commons-io:2.11.0: /home/runner/work/_temp/petclinic-pmx-maven-repository/p2/osgi/bundle/org.apache.commons.commons-io/2.11.0/org.apache.commons.commons-io-2.11.0.jar, groupId=commons-io, artifactId=commons-io, version=2.11.0, type=jar} in reactor
[INFO] Did not find project ArtifactDescriptorDependency {descriptor=eclipse-plugin:org.apache.felix.scr:2.2.6: /home/runner/work/_temp/petclinic-pmx-maven-repository/p2/osgi/bundle/org.apache.felix.scr/2.2.6/org.apache.felix.scr-2.2.6.jar, groupId=org.apache.felix, artifactId=org.apache.felix.scr, version=2.2.6, type=jar} in reactor
[INFO] Did not find project ArtifactDescriptorDependency {descriptor=eclipse-plugin:org.osgi.service.component:1.5.1.202212101352: /home/runner/work/_temp/petclinic-pmx-maven-repository/p2/osgi/bundle/org.osgi.service.component/1.5.1.202212101352/org.osgi.service.component-1.5.1.202212101352.jar, groupId=org.osgi, artifactId=org.osgi.service.component, version=1.5.1, type=jar} in reactor
[INFO] Did not find project ArtifactDescriptorDependency {descriptor=eclipse-plugin:org.osgi.util.promise:1.3.0.202212101352: /home/runner/work/_temp/petclinic-pmx-maven-repository/p2/osgi/bundle/org.osgi.util.promise/1.3.0.202212101352/org.osgi.util.promise-1.3.0.202212101352.jar, groupId=org.osgi, artifactId=org.osgi.util.promise, version=1.3.0, type=jar} in reactor
[INFO] Did not find project ArtifactDescriptorDependency {descriptor=eclipse-plugin:org.osgi.service.event:1.4.1.202109301733: /home/runner/work/_temp/petclinic-pmx-maven-repository/p2/osgi/bundle/org.osgi.service.event/1.4.1.202109301733/org.osgi.service.event-1.4.1.202109301733.jar, groupId=org.osgi, artifactId=org.osgi.service.event, version=1.4.1, type=jar} in reactor
[INFO] Did not find project ArtifactDescriptorDependency {descriptor=eclipse-plugin:org.osgi.service.prefs:1.1.2.202109301733: /home/runner/work/_temp/petclinic-pmx-maven-repository/p2/osgi/bundle/org.osgi.service.prefs/1.1.2.202109301733/org.osgi.service.prefs-1.1.2.202109301733.jar, groupId=org.osgi, artifactId=org.osgi.service.prefs, version=1.1.2, type=jar} in reactor
[INFO] Did not find project ArtifactDescriptorDependency {descriptor=eclipse-plugin:org.osgi.util.function:1.2.0.202109301733: /home/runner/work/_temp/petclinic-pmx-maven-repository/p2/osgi/bundle/org.osgi.util.function/1.2.0.202109301733/org.osgi.util.function-1.2.0.202109301733.jar, groupId=org.osgi, artifactId=org.osgi.util.function, version=1.2.0, type=jar} in reactor
[INFO] Did not find project ArtifactDescriptorDependency {descriptor=eclipse-plugin:org.osgi.util.measurement:1.0.2.201802012109: /home/runner/work/_temp/petclinic-pmx-maven-repository/p2/osgi/bundle/org.osgi.util.measurement/1.0.2.201802012109/org.osgi.util.measurement-1.0.2.201802012109.jar, groupId=org.osgi, artifactId=org.osgi.util.measurement, version=1.0.2, type=jar} in reactor
[INFO] Did not find project ArtifactDescriptorDependency {descriptor=eclipse-plugin:org.osgi.util.position:1.0.1.201505202026: /home/runner/work/_temp/petclinic-pmx-maven-repository/p2/osgi/bundle/org.osgi.util.position/1.0.1.201505202026/org.osgi.util.position-1.0.1.201505202026.jar, groupId=org.osgi, artifactId=org.osgi.util.position, version=1.0.1, type=jar} in reactor
[INFO] Did not find project ArtifactDescriptorDependency {descriptor=eclipse-plugin:org.osgi.util.xml:1.0.2.202109301733: /home/runner/work/_temp/petclinic-pmx-maven-repository/p2/osgi/bundle/org.osgi.util.xml/1.0.2.202109301733/org.osgi.util.xml-1.0.2.202109301733.jar, groupId=org.osgi, artifactId=org.osgi.util.xml, version=1.0.2, type=jar} in reactor
[INFO] Did not find project ArtifactDescriptorDependency {descriptor=eclipse-plugin:org.eclipse.xtext.common.types:2.30.0.v20230227-1128: /home/runner/work/_temp/petclinic-pmx-maven-repository/p2/osgi/bundle/org.eclipse.xtext.common.types/2.30.0.v20230227-1128/org.eclipse.xtext.common.types-2.30.0.v20230227-1128.jar, groupId=org.eclipse.xtext, artifactId=org.eclipse.xtext.common.types, version=2.30.0, type=jar} in reactor
[INFO] Did not find project ArtifactDescriptorDependency {descriptor=eclipse-plugin:org.eclipse.xtext.xbase:2.30.0.v20230227-1128: /home/runner/work/_temp/petclinic-pmx-maven-repository/p2/osgi/bundle/org.eclipse.xtext.xbase/2.30.0.v20230227-1128/org.eclipse.xtext.xbase-2.30.0.v20230227-1128.jar, groupId=org.eclipse.xtext, artifactId=org.eclipse.xtext.xbase, version=2.30.0, type=jar} in reactor
[INFO] Did not find project ArtifactDescriptorDependency {descriptor=eclipse-plugin:org.eclipse.xtext.util:2.30.0.v20230227-1116: /home/runner/work/_temp/petclinic-pmx-maven-repository/p2/osgi/bundle/org.eclipse.xtext.util/2.30.0.v20230227-1116/org.eclipse.xtext.util-2.30.0.v20230227-1116.jar, groupId=org.eclipse.xtext, artifactId=org.eclipse.xtext.util, version=2.30.0, type=jar} in reactor
[INFO] Did not find project ArtifactDescriptorDependency {descriptor=eclipse-plugin:org.eclipse.xtext.xbase.lib:2.30.0.v20230227-1111: /home/runner/work/_temp/petclinic-pmx-maven-repository/p2/osgi/bundle/org.eclipse.xtext.xbase.lib/2.30.0.v20230227-1111/org.eclipse.xtext.xbase.lib-2.30.0.v20230227-1111.jar, groupId=org.eclipse.xtext, artifactId=org.eclipse.xtext.xbase.lib, version=2.30.0, type=jar} in reactor
[INFO] Did not find project ArtifactDescriptorDependency {descriptor=eclipse-plugin:org.eclipse.xtend.lib:2.30.0.v20230227-1111: /home/runner/work/_temp/petclinic-pmx-maven-repository/p2/osgi/bundle/org.eclipse.xtend.lib/2.30.0.v20230227-1111/org.eclipse.xtend.lib-2.30.0.v20230227-1111.jar, groupId=org.eclipse.xtend, artifactId=org.eclipse.xtend.lib, version=2.30.0, type=jar} in reactor
[INFO] Did not find project ArtifactDescriptorDependency {descriptor=eclipse-plugin:org.eclipse.xtext.smap:2.30.0.v20230227-1128: /home/runner/work/_temp/petclinic-pmx-maven-repository/p2/osgi/bundle/org.eclipse.xtext.smap/2.30.0.v20230227-1128/org.eclipse.xtext.smap-2.30.0.v20230227-1128.jar, groupId=org.eclipse.xtext, artifactId=org.eclipse.xtext.smap, version=2.30.0, type=jar} in reactor
[INFO] Did not find project ArtifactDescriptorDependency {descriptor=eclipse-plugin:org.eclipse.xtend.lib.macro:2.30.0.v20230227-1111: /home/runner/work/_temp/petclinic-pmx-maven-repository/p2/osgi/bundle/org.eclipse.xtend.lib.macro/2.30.0.v20230227-1111/org.eclipse.xtend.lib.macro-2.30.0.v20230227-1111.jar, groupId=org.eclipse.xtend, artifactId=org.eclipse.xtend.lib.macro, version=2.30.0, type=jar} in reactor
[INFO] Did not find project ArtifactDescriptorDependency {descriptor=eclipse-plugin:org.eclipse.xtext.ecore:2.30.0.v20230227-1128: /home/runner/work/_temp/petclinic-pmx-maven-repository/p2/osgi/bundle/org.eclipse.xtext.ecore/2.30.0.v20230227-1128/org.eclipse.xtext.ecore-2.30.0.v20230227-1128.jar, groupId=org.eclipse.xtext, artifactId=org.eclipse.xtext.ecore, version=2.30.0, type=jar} in reactor
[INFO] Did not find project ArtifactDescriptorDependency {descriptor=eclipse-plugin:org.eclipse.xtext.ide:2.30.0.v20230227-1116: /home/runner/work/_temp/petclinic-pmx-maven-repository/p2/osgi/bundle/org.eclipse.xtext.ide/2.30.0.v20230227-1116/org.eclipse.xtext.ide-2.30.0.v20230227-1116.jar, groupId=org.eclipse.xtext, artifactId=org.eclipse.xtext.ide, version=2.30.0, type=jar} in reactor
[INFO] Did not find project ArtifactDescriptorDependency {descriptor=eclipse-plugin:org.eclipse.xtext.xbase.ide:2.30.0.v20230227-1128: /home/runner/work/_temp/petclinic-pmx-maven-repository/p2/osgi/bundle/org.eclipse.xtext.xbase.ide/2.30.0.v20230227-1128/org.eclipse.xtext.xbase.ide-2.30.0.v20230227-1128.jar, groupId=org.eclipse.xtext, artifactId=org.eclipse.xtext.xbase.ide, version=2.30.0, type=jar} in reactor
[INFO] 9 source folders
[INFO] Source folder: /home/runner/work/telemetry-availability-identification/telemetry-availability-identification/palladio-source/bundles/org.palladiosimulator.reliability/src
[INFO] Source folder: /home/runner/work/telemetry-availability-identification/telemetry-availability-identification/palladio-source/bundles/org.palladiosimulator.reliability.sensitivity/src
[INFO] Source folder: /home/runner/work/telemetry-availability-identification/telemetry-availability-identification/palladio-source/bundles/org.palladiosimulator.reliability.sensitivity.edit/src
[INFO] Source folder: /home/runner/work/telemetry-availability-identification/telemetry-availability-identification/palladio-source/bundles/org.palladiosimulator.reliability.markov/src
[INFO] Source folder: /home/runner/work/telemetry-availability-identification/telemetry-availability-identification/palladio-source/bundles/org.palladiosimulator.reliability.solver/src
[INFO] Source folder: /home/runner/work/telemetry-availability-identification/telemetry-availability-identification/palladio-source/bundles/org.palladiosimulator.reliability.markov.editor/src
[INFO] Source folder: /home/runner/work/telemetry-availability-identification/telemetry-availability-identification/palladio-source/bundles/org.palladiosimulator.reliability.solver/resources
[INFO] Source folder: /home/runner/work/telemetry-availability-identification/telemetry-availability-identification/palladio-source/bundles/org.palladiosimulator.reliability.sensitivity.editor/src
[INFO] Source folder: /home/runner/work/telemetry-availability-identification/telemetry-availability-identification/palladio-source/bundles/org.palladiosimulator.reliability.markov.edit/src
[INFO] 314 classpath deps
[INFO] CP: /home/runner/work/telemetry-availability-identification/telemetry-availability-identification/palladio-source/bundles/org.palladiosimulator.reliability.sensitivity/target/classes
[INFO] CP: /home/runner/work/_temp/petclinic-pmx-maven-repository/p2/osgi/bundle/org.eclipse.ui.views/3.11.400.v20230220-0932/org.eclipse.ui.views-3.11.400.v20230220-0932.jar
[INFO] CP: /home/runner/work/_temp/petclinic-pmx-maven-repository/.cache/tycho/org.apache.ant-1.10.12.v20211102-1452.jar/lib/ant-apache-log4j.jar
[INFO] CP: /home/runner/work/_temp/petclinic-pmx-maven-repository/.cache/tycho/org.apache.ant-1.10.12.v20211102-1452.jar/lib/ant-jsch.jar
[INFO] CP: /home/runner/work/_temp/petclinic-pmx-maven-repository/p2/osgi/bundle/org.eclipse.e4.ui.swt.win32/1.1.200.v20230214-1401/org.eclipse.e4.ui.swt.win32-1.1.200.v20230214-1401.jar
[INFO] CP: /home/runner/work/_temp/petclinic-pmx-maven-repository/p2/osgi/bundle/javax.annotation/1.3.5.v20221203-1659/javax.annotation-1.3.5.v20221203-1659.jar
[INFO] CP: /home/runner/work/_temp/petclinic-pmx-maven-repository/p2/osgi/bundle/org.eclipse.xtend.standalone/2.30.0.v20230227-1300/org.eclipse.xtend.standalone-2.30.0.v20230227-1300.jar
[INFO] CP: /home/runner/work/_temp/petclinic-pmx-maven-repository/p2/osgi/bundle/org.eclipse.gef/3.13.0.202211301913/org.eclipse.gef-3.13.0.202211301913.jar
[INFO] CP: /home/runner/work/_temp/petclinic-pmx-maven-repository/p2/osgi/bundle/org.eclipse.jdt.core.manipulation/1.18.0.v20230209-2203/org.eclipse.jdt.core.manipulation-1.18.0.v20230209-2203.jar
[INFO] CP: /home/runner/work/_temp/petclinic-pmx-maven-repository/p2/osgi/bundle/org.eclipse.m2m.qvt.oml.ecore.imperativeocl/3.10.2.v20220605-1149/org.eclipse.m2m.qvt.oml.ecore.imperativeocl-3.10.2.v20220605-1149.jar
[INFO] CP: /home/runner/work/_temp/petclinic-pmx-maven-repository/p2/osgi/bundle/org.apache.batik.constants/1.16.0.v20221027-0840/org.apache.batik.constants-1.16.0.v20221027-0840.jar
[INFO] CP: /home/runner/work/_temp/petclinic-pmx-maven-repository/.cache/tycho/org.jfree.jfreechart-1.0.19.jar/jfreechart-1.0.19-swt.jar
[INFO] CP: /home/runner/work/_temp/petclinic-pmx-maven-repository/p2/osgi/bundle/org.eclipse.gmf.runtime.common.core/1.7.1.202211041032/org.eclipse.gmf.runtime.common.core-1.7.1.202211041032.jar
[INFO] CP: /home/runner/work/_temp/petclinic-pmx-maven-repository/p2/osgi/bundle/org.eclipse.e4.core.commands/1.0.400.v20230220-0932/org.eclipse.e4.core.commands-1.0.400.v20230220-0932.jar
[INFO] CP: /home/runner/work/_temp/petclinic-pmx-maven-repository/p2/osgi/bundle/org.eclipse.compare.core/3.7.100.v20220812-1406/org.eclipse.compare.core-3.7.100.v20220812-1406.jar
[INFO] CP: /home/runner/work/_temp/petclinic-pmx-maven-repository/p2/osgi/bundle/org.palladiosimulator.editors.commons.dialogs/5.2.2/org.palladiosimulator.editors.commons.dialogs-5.2.2.jar
[INFO] CP: /home/runner/work/_temp/petclinic-pmx-maven-repository/p2/osgi/bundle/org.eclipse.core.databinding.beans/1.9.100.v20230214-1401/org.eclipse.core.databinding.beans-1.9.100.v20230214-1401.jar
[INFO] CP: /home/runner/work/_temp/petclinic-pmx-maven-repository/p2/osgi/bundle/de.uka.ipd.sdq.probfunction.edit/5.2.2/de.uka.ipd.sdq.probfunction.edit-5.2.2.jar
[INFO] CP: /home/runner/work/_temp/petclinic-pmx-maven-repository/p2/osgi/bundle/org.eclipse.m2m.qvt.oml.project/3.10.4.v20220605-1149/org.eclipse.m2m.qvt.oml.project-3.10.4.v20220605-1149.jar
[INFO] CP: /home/runner/work/_temp/petclinic-pmx-maven-repository/p2/osgi/bundle/org.eclipse.swt.cocoa.macosx.x86_64/3.123.0.v20230220-1431/org.eclipse.swt.cocoa.macosx.x86_64-3.123.0.v20230220-1431.jar
[INFO] CP: /home/runner/work/telemetry-availability-identification/telemetry-availability-identification/palladio-source/bundles/org.palladiosimulator.reliability.solver/target/classes
[INFO] CP: /home/runner/work/_temp/petclinic-pmx-maven-repository/p2/osgi/bundle/org.eclipse.equinox.app/1.6.200.v20220720-2012/org.eclipse.equinox.app-1.6.200.v20220720-2012.jar
[INFO] CP: /home/runner/work/_temp/petclinic-pmx-maven-repository/.cache/tycho/org.apache.ant-1.10.12.v20211102-1452.jar/lib/ant-apache-bcel.jar
[INFO] CP: /home/runner/work/_temp/petclinic-pmx-maven-repository/.cache/tycho/org.apache.ant-1.10.12.v20211102-1452.jar/lib/ant-apache-xalan2.jar
[INFO] CP: /home/runner/work/_temp/petclinic-pmx-maven-repository/p2/osgi/bundle/org.eclipse.emf.ecore.change/2.15.0.v20230211-1150/org.eclipse.emf.ecore.change-2.15.0.v20230211-1150.jar
[INFO] CP: /home/runner/work/_temp/petclinic-pmx-maven-repository/p2/osgi/bundle/org.eclipse.gmf.runtime.notation/1.10.0.202211151334/org.eclipse.gmf.runtime.notation-1.10.0.202211151334.jar
[INFO] CP: /home/runner/work/_temp/petclinic-pmx-maven-repository/p2/osgi/bundle/org.palladiosimulator.commons.stoex/5.2.2/org.palladiosimulator.commons.stoex-5.2.2.jar
[INFO] CP: /home/runner/work/_temp/petclinic-pmx-maven-repository/p2/osgi/bundle/org.eclipse.ltk.core.refactoring/3.13.100.v20230117-1625/org.eclipse.ltk.core.refactoring-3.13.100.v20230117-1625.jar
[INFO] CP: /home/runner/work/_temp/petclinic-pmx-maven-repository/p2/osgi/bundle/de.uka.ipd.sdq.workflow.workbench/5.2.2/de.uka.ipd.sdq.workflow.workbench-5.2.2.jar
[INFO] CP: /home/runner/work/_temp/petclinic-pmx-maven-repository/p2/osgi/bundle/org.eclipse.ui.workbench.texteditor/3.16.700.v20230210-0941/org.eclipse.ui.workbench.texteditor-3.16.700.v20230210-0941.jar
[INFO] CP: /home/runner/work/_temp/petclinic-pmx-maven-repository/p2/osgi/bundle/org.eclipse.uml2.common/2.5.0.v20221116-1811/org.eclipse.uml2.common-2.5.0.v20221116-1811.jar
[INFO] CP: /home/runner/work/_temp/petclinic-pmx-maven-repository/p2/osgi/bundle/org.eclipse.emf.cdo/4.21.0.v20230221-1613/org.eclipse.emf.cdo-4.21.0.v20230221-1613.jar
[INFO] CP: /home/runner/work/_temp/petclinic-pmx-maven-repository/p2/osgi/bundle/org.eclipse.sirius.ecore.extender/7.0.7.202301170754/org.eclipse.sirius.ecore.extender-7.0.7.202301170754.jar
[INFO] CP: /home/runner/work/_temp/petclinic-pmx-maven-repository/p2/osgi/bundle/org.eclipse.debug.ui/3.17.200.v20230220-1318/org.eclipse.debug.ui-3.17.200.v20230220-1318.jar
[INFO] CP: /home/runner/work/_temp/petclinic-pmx-maven-repository/p2/osgi/bundle/org.eclipse.e4.ui.workbench.renderers.swt/0.15.800.v20230214-1401/org.eclipse.e4.ui.workbench.renderers.swt-0.15.800.v20230214-1401.jar
[INFO] CP: /home/runner/work/_temp/petclinic-pmx-maven-repository/p2/osgi/bundle/org.eclipse.m2m.qvt.oml.cst.parser/3.9.0.v20220605-1149/org.eclipse.m2m.qvt.oml.cst.parser-3.9.0.v20220605-1149.jar
[INFO] CP: /home/runner/work/_temp/petclinic-pmx-maven-repository/p2/osgi/bundle/org.eclipse.xtend.lib/2.30.0.v20230227-1111/org.eclipse.xtend.lib-2.30.0.v20230227-1111.jar
[INFO] CP: /home/runner/work/_temp/petclinic-pmx-maven-repository/p2/osgi/bundle/org.eclipse.emf.codegen/2.23.0.v20230211-1150/org.eclipse.emf.codegen-2.23.0.v20230211-1150.jar
[INFO] CP: /home/runner/work/_temp/petclinic-pmx-maven-repository/p2/osgi/bundle/org.eclipse.compare/3.8.500.v20220812-1406/org.eclipse.compare-3.8.500.v20220812-1406.jar
[INFO] CP: /home/runner/work/_temp/petclinic-pmx-maven-repository/p2/osgi/bundle/org.eclipse.core.filesystem.linux.x86_64/1.2.400.v20220812-1420/org.eclipse.core.filesystem.linux.x86_64-1.2.400.v20220812-1420.jar
[INFO] CP: /home/runner/work/_temp/petclinic-pmx-maven-repository/.cache/tycho/org.apache.ant-1.10.12.v20211102-1452.jar/lib/ant-imageio.jar
[INFO] CP: /home/runner/work/_temp/petclinic-pmx-maven-repository/p2/osgi/bundle/org.eclipse.equinox.p2.metadata/2.6.300.v20220817-1208/org.eclipse.equinox.p2.metadata-2.6.300.v20220817-1208.jar
[INFO] CP: /home/runner/work/_temp/petclinic-pmx-maven-repository/.cache/tycho/org.apache.ant-1.10.12.v20211102-1452.jar/lib/ant-jmf.jar
[INFO] CP: /home/runner/work/_temp/petclinic-pmx-maven-repository/p2/osgi/bundle/org.eclipse.ocl.common/1.18.0.v20221201-0557/org.eclipse.ocl.common-1.18.0.v20221201-0557.jar
[INFO] CP: /home/runner/work/_temp/petclinic-pmx-maven-repository/p2/osgi/bundle/de.uka.ipd.sdq.identifier/5.2.2/de.uka.ipd.sdq.identifier-5.2.2.jar
[INFO] CP: /home/runner/work/_temp/petclinic-pmx-maven-repository/.cache/tycho/org.jscience-4.3.1.jar/lib/geoapi.jar
[INFO] CP: /home/runner/work/_temp/petclinic-pmx-maven-repository/p2/osgi/bundle/org.eclipse.jface/3.29.0.v20230214-1401/org.eclipse.jface-3.29.0.v20230214-1401.jar
[INFO] CP: /home/runner/work/_temp/petclinic-pmx-maven-repository/p2/osgi/bundle/de.uka.ipd.sdq.workflow.launchconfig.core/5.2.2/de.uka.ipd.sdq.workflow.launchconfig.core-5.2.2.jar
[INFO] CP: /home/runner/work/_temp/petclinic-pmx-maven-repository/.cache/tycho/org.apache.ant-1.10.12.v20211102-1452.jar/lib/ant-netrexx.jar
[INFO] CP: /home/runner/work/_temp/petclinic-pmx-maven-repository/p2/osgi/bundle/org.eclipse.xtext.builder/2.30.0.v20230227-1159/org.eclipse.xtext.builder-2.30.0.v20230227-1159.jar
[INFO] CP: /home/runner/work/_temp/petclinic-pmx-maven-repository/p2/osgi/bundle/org.apache.commons.collections15/1.0.0/org.apache.commons.collections15-1.0.0.jar
[INFO] CP: /home/runner/work/_temp/petclinic-pmx-maven-repository/p2/osgi/bundle/org.eclipse.swt/3.123.0.v20230220-1431/org.eclipse.swt-3.123.0.v20230220-1431.jar
[INFO] CP: /home/runner/work/_temp/petclinic-pmx-maven-repository/p2/osgi/bundle/org.eclipse.e4.ui.widgets/1.3.200.v20230220-0932/org.eclipse.e4.ui.widgets-1.3.200.v20230220-0932.jar
[INFO] CP: /home/runner/work/_temp/petclinic-pmx-maven-repository/p2/osgi/bundle/org.eclipse.core.databinding/1.12.0.v20230214-1401/org.eclipse.core.databinding-1.12.0.v20230214-1401.jar
[INFO] CP: /home/runner/work/_temp/petclinic-pmx-maven-repository/p2/osgi/bundle/de.uka.ipd.sdq.featureconfig/5.2.2/de.uka.ipd.sdq.featureconfig-5.2.2.jar
[INFO] CP: /home/runner/work/_temp/petclinic-pmx-maven-repository/p2/osgi/bundle/org.osgi.util.measurement/1.0.2.201802012109/org.osgi.util.measurement-1.0.2.201802012109.jar
[INFO] CP: /home/runner/work/_temp/petclinic-pmx-maven-repository/p2/osgi/bundle/org.eclipse.xtend.typesystem.emf/2.2.0.v201605260315/org.eclipse.xtend.typesystem.emf-2.2.0.v201605260315.jar
[INFO] CP: /home/runner/work/_temp/petclinic-pmx-maven-repository/p2/osgi/bundle/org.eclipse.core.jobs/3.13.300.v20230111-0823/org.eclipse.core.jobs-3.13.300.v20230111-0823.jar
[INFO] CP: /home/runner/work/_temp/petclinic-pmx-maven-repository/p2/osgi/bundle/org.palladiosimulator.edp2/5.2.2/org.palladiosimulator.edp2-5.2.2.jar
[INFO] CP: /home/runner/work/_temp/petclinic-pmx-maven-repository/p2/osgi/bundle/org.eclipse.xtext.xtext.generator/2.30.0.v20230227-1116/org.eclipse.xtext.xtext.generator-2.30.0.v20230227-1116.jar
[INFO] CP: /home/runner/work/_temp/petclinic-pmx-maven-repository/p2/osgi/bundle/com.sun.jna/5.12.1.v20221103-2317/com.sun.jna-5.12.1.v20221103-2317.jar
[INFO] CP: /home/runner/work/_temp/petclinic-pmx-maven-repository/p2/osgi/bundle/org.palladiosimulator.solver.context/5.2.2/org.palladiosimulator.solver.context-5.2.2.jar
[INFO] CP: /home/runner/work/telemetry-availability-identification/telemetry-availability-identification/palladio-source/bundles/org.palladiosimulator.reliability.markov/target/classes
[INFO] CP: /home/runner/work/_temp/petclinic-pmx-maven-repository/p2/osgi/bundle/org.eclipse.gmf.runtime.common.ui.services/1.9.0.202211041032/org.eclipse.gmf.runtime.common.ui.services-1.9.0.202211041032.jar
[INFO] CP: /home/runner/work/_temp/petclinic-pmx-maven-repository/p2/osgi/bundle/org.eclipse.ui.console/3.11.400.v20221012-0524/org.eclipse.ui.console-3.11.400.v20221012-0524.jar
[INFO] CP: /home/runner/work/_temp/petclinic-pmx-maven-repository/p2/osgi/bundle/org.eclipse.core.runtime/3.26.100.v20221021-0005/org.eclipse.core.runtime-3.26.100.v20221021-0005.jar
[INFO] CP: /home/runner/work/_temp/petclinic-pmx-maven-repository/p2/osgi/bundle/org.eclipse.xpand/2.2.0.v201605260315/org.eclipse.xpand-2.2.0.v201605260315.jar
[INFO] CP: /home/runner/work/_temp/petclinic-pmx-maven-repository/p2/osgi/bundle/org.eclipse.xtext.xbase.ide/2.30.0.v20230227-1128/org.eclipse.xtext.xbase.ide-2.30.0.v20230227-1128.jar
[INFO] CP: /home/runner/work/_temp/petclinic-pmx-maven-repository/p2/osgi/bundle/org.eclipse.gmf.runtime.gef.ui/1.7.1.202211041032/org.eclipse.gmf.runtime.gef.ui-1.7.1.202211041032.jar
[INFO] CP: /home/runner/work/_temp/petclinic-pmx-maven-repository/p2/osgi/bundle/org.eclipse.m2m.qvt.oml.common/3.10.2.v20220605-1149/org.eclipse.m2m.qvt.oml.common-3.10.2.v20220605-1149.jar
[INFO] CP: /home/runner/work/_temp/petclinic-pmx-maven-repository/p2/osgi/bundle/org.eclipse.gmf.runtime.emf.commands.core/1.7.0.202211041032/org.eclipse.gmf.runtime.emf.commands.core-1.7.0.202211041032.jar
[INFO] CP: /home/runner/work/_temp/petclinic-pmx-maven-repository/p2/osgi/bundle/org.eclipse.xtext.xbase/2.30.0.v20230227-1128/org.eclipse.xtext.xbase-2.30.0.v20230227-1128.jar
[INFO] CP: /home/runner/work/_temp/petclinic-pmx-maven-repository/p2/osgi/bundle/org.eclipse.ui.win32/3.4.600.v20230214-1401/org.eclipse.ui.win32-3.4.600.v20230214-1401.jar
[INFO] CP: /home/runner/work/_temp/petclinic-pmx-maven-repository/p2/osgi/bundle/org.palladiosimulator.measurementframework/5.2.2/org.palladiosimulator.measurementframework-5.2.2.jar
[INFO] CP: /home/runner/work/_temp/petclinic-pmx-maven-repository/p2/osgi/bundle/de.uka.ipd.sdq.stoex/5.2.2/de.uka.ipd.sdq.stoex-5.2.2.jar
[INFO] CP: /home/runner/work/_temp/petclinic-pmx-maven-repository/p2/osgi/bundle/org.eclipse.e4.ui.bindings/0.13.300.v20230220-0932/org.eclipse.e4.ui.bindings-0.13.300.v20230220-0932.jar
[INFO] CP: /home/runner/work/_temp/petclinic-pmx-maven-repository/p2/osgi/bundle/org.eclipse.sirius.common.ui/7.0.7.202301170754/org.eclipse.sirius.common.ui-7.0.7.202301170754.jar
[INFO] CP: /home/runner/work/_temp/petclinic-pmx-maven-repository/p2/osgi/bundle/de.uka.ipd.sdq.dialogs/5.2.2/de.uka.ipd.sdq.dialogs-5.2.2.jar
[INFO] CP: /home/runner/work/_temp/petclinic-pmx-maven-repository/p2/osgi/bundle/org.eclipse.e4.ui.workbench/1.14.100.v20230220-1021/org.eclipse.e4.ui.workbench-1.14.100.v20230220-1021.jar
[INFO] CP: /home/runner/work/_temp/petclinic-pmx-maven-repository/p2/osgi/bundle/org.eclipse.emf.mwe.utils/1.8.0.v20221117-1134/org.eclipse.emf.mwe.utils-1.8.0.v20221117-1134.jar
[INFO] CP: /home/runner/work/_temp/petclinic-pmx-maven-repository/p2/osgi/bundle/org.palladiosimulator.pcm.stoex.ide/5.2.2/org.palladiosimulator.pcm.stoex.ide-5.2.2.jar
[INFO] CP: /home/runner/work/_temp/petclinic-pmx-maven-repository/p2/osgi/bundle/io.github.classgraph/4.8.149.v20220915-0556/io.github.classgraph-4.8.149.v20220915-0556.jar
[INFO] CP: /home/runner/work/_temp/petclinic-pmx-maven-repository/p2/osgi/bundle/de.uka.ipd.sdq.workflow.logging.console/5.2.2/de.uka.ipd.sdq.workflow.logging.console-5.2.2.jar
[INFO] CP: /home/runner/work/_temp/petclinic-pmx-maven-repository/.cache/tycho/org.apache.commons.collections15-1.0.0.jar/collections-generic-4.01.jar
[INFO] CP: /home/runner/work/_temp/petclinic-pmx-maven-repository/p2/osgi/bundle/org.palladiosimulator.analyzer.completions/5.2.2/org.palladiosimulator.analyzer.completions-5.2.2.jar
[INFO] CP: /home/runner/work/_temp/petclinic-pmx-maven-repository/p2/osgi/bundle/org.eclipse.ui.cocoa/1.3.100.v20230214-1401/org.eclipse.ui.cocoa-1.3.100.v20230214-1401.jar
[INFO] CP: /home/runner/work/_temp/petclinic-pmx-maven-repository/p2/osgi/bundle/org.eclipse.gmf.runtime.common.ui.services.action/1.7.0.202211041032/org.eclipse.gmf.runtime.common.ui.services.action-1.7.0.202211041032.jar
[INFO] CP: /home/runner/work/_temp/petclinic-pmx-maven-repository/p2/osgi/bundle/org.eclipse.equinox.security.win32.x86_64/1.1.300.v20211021-1418/org.eclipse.equinox.security.win32.x86_64-1.1.300.v20211021-1418.jar
[INFO] CP: /home/runner/work/_temp/petclinic-pmx-maven-repository/p2/osgi/bundle/org.eclipse.core.databinding.property/1.9.200.v20230220-0932/org.eclipse.core.databinding.property-1.9.200.v20230220-0932.jar
[INFO] CP: /home/runner/work/_temp/petclinic-pmx-maven-repository/p2/osgi/bundle/de.uka.ipd.sdq.units/5.2.2/de.uka.ipd.sdq.units-5.2.2.jar
[INFO] CP: /home/runner/work/_temp/petclinic-pmx-maven-repository/p2/osgi/bundle/org.eclipse.equinox.bidi/1.4.200.v20220710-1223/org.eclipse.equinox.bidi-1.4.200.v20220710-1223.jar
[INFO] CP: /home/runner/work/_temp/petclinic-pmx-maven-repository/p2/osgi/bundle/org.eclipse.xtext.ui.codetemplates/2.30.0.v20230227-1159/org.eclipse.xtext.ui.codetemplates-2.30.0.v20230227-1159.jar
[INFO] CP: /home/runner/work/_temp/petclinic-pmx-maven-repository/p2/osgi/bundle/org.eclipse.xtext.ide/2.30.0.v20230227-1116/org.eclipse.xtext.ide-2.30.0.v20230227-1116.jar
[INFO] CP: /home/runner/work/_temp/petclinic-pmx-maven-repository/p2/osgi/bundle/org.eclipse.ui/3.202.0.v20230214-1401/org.eclipse.ui-3.202.0.v20230214-1401.jar
[INFO] CP: /home/runner/work/_temp/petclinic-pmx-maven-repository/.cache/tycho/org.jfree.jfreechart-1.0.19.jar/jfreechart-1.0.19-experimental.jar
[INFO] CP: /home/runner/work/_temp/petclinic-pmx-maven-repository/p2/osgi/bundle/de.uka.ipd.sdq.pcm.stochasticexpressions/5.2.2/de.uka.ipd.sdq.pcm.stochasticexpressions-5.2.2.jar
[INFO] CP: /home/runner/work/_temp/petclinic-pmx-maven-repository/p2/osgi/bundle/org.eclipse.sirius.ext.emf.edit/7.0.7.202301170754/org.eclipse.sirius.ext.emf.edit-7.0.7.202301170754.jar
[INFO] CP: /home/runner/work/_temp/petclinic-pmx-maven-repository/p2/osgi/bundle/org.eclipse.e4.ui.workbench.renderers.swt.cocoa/0.13.100.v20230214-1401/org.eclipse.e4.ui.workbench.renderers.swt.cocoa-0.13.100.v20230214-1401.jar
[INFO] CP: /home/runner/work/_temp/petclinic-pmx-maven-repository/p2/osgi/bundle/org.eclipse.emf.validation/1.8.1.202208271102/org.eclipse.emf.validation-1.8.1.202208271102.jar
[INFO] CP: /home/runner/work/_temp/petclinic-pmx-maven-repository/p2/osgi/bundle/org.eclipse.net4j.util/3.21.1.v20230221-1613/org.eclipse.net4j.util-3.21.1.v20230221-1613.jar
[INFO] CP: /home/runner/work/_temp/petclinic-pmx-maven-repository/p2/osgi/bundle/org.eclipse.jdt.launching/3.19.900.v20230209-1222/org.eclipse.jdt.launching-3.19.900.v20230209-1222.jar
[INFO] CP: /home/runner/work/_temp/petclinic-pmx-maven-repository/p2/osgi/bundle/org.w3c.css.sac/1.3.1.v200903091627/org.w3c.css.sac-1.3.1.v200903091627.jar
[INFO] CP: /home/runner/work/_temp/petclinic-pmx-maven-repository/p2/osgi/bundle/org.eclipse.emf.edit/2.18.0.v20230211-1150/org.eclipse.emf.edit-2.18.0.v20230211-1150.jar
[INFO] CP: /home/runner/work/_temp/petclinic-pmx-maven-repository/p2/osgi/bundle/org.eclipse.xtext.ui.codetemplates.ide/2.30.0.v20230227-1159/org.eclipse.xtext.ui.codetemplates.ide-2.30.0.v20230227-1159.jar
[INFO] CP: /home/runner/work/_temp/petclinic-pmx-maven-repository/p2/osgi/bundle/org.eclipse.swt.gtk.linux.x86_64/3.123.0.v20230220-1431/org.eclipse.swt.gtk.linux.x86_64-3.123.0.v20230220-1431.jar
[INFO] CP: /home/runner/work/_temp/petclinic-pmx-maven-repository/p2/osgi/bundle/org.eclipse.sirius.common/7.0.7.202301170754/org.eclipse.sirius.common-7.0.7.202301170754.jar
[INFO] CP: /home/runner/work/_temp/petclinic-pmx-maven-repository/p2/osgi/bundle/org.eclipse.equinox.preferences/3.10.200.v20230120-0604/org.eclipse.equinox.preferences-3.10.200.v20230120-0604.jar
[INFO] CP: /home/runner/work/_temp/petclinic-pmx-maven-repository/p2/osgi/bundle/de.uka.ipd.sdq.identifier.edit/5.2.2/de.uka.ipd.sdq.identifier.edit-5.2.2.jar
[INFO] CP: /home/runner/work/_temp/petclinic-pmx-maven-repository/p2/osgi/bundle/org.palladiosimulator.solver.spa.basicsolver/5.2.2/org.palladiosimulator.solver.spa.basicsolver-5.2.2.jar
[INFO] CP: /home/runner/work/_temp/petclinic-pmx-maven-repository/p2/osgi/bundle/org.eclipse.xtext.logging/1.2.24.v20230227-1159/org.eclipse.xtext.logging-1.2.24.v20230227-1159.jar
[INFO] CP: /home/runner/work/_temp/petclinic-pmx-maven-repository/p2/osgi/bundle/org.eclipse.xtend/2.2.0.v201605260315/org.eclipse.xtend-2.2.0.v201605260315.jar
[INFO] CP: /home/runner/work/_temp/petclinic-pmx-maven-repository/p2/osgi/bundle/org.eclipse.emf.query/1.7.0.202208101410/org.eclipse.emf.query-1.7.0.202208101410.jar
[INFO] CP: /home/runner/work/_temp/petclinic-pmx-maven-repository/p2/osgi/bundle/org.eclipse.e4.core.di.extensions/0.17.200.v20220613-1008/org.eclipse.e4.core.di.extensions-0.17.200.v20220613-1008.jar
[INFO] CP: /home/runner/work/_temp/petclinic-pmx-maven-repository/p2/osgi/bundle/de.uka.ipd.sdq.errorhandling.core/5.2.2/de.uka.ipd.sdq.errorhandling.core-5.2.2.jar
[INFO] CP: /home/runner/work/_temp/petclinic-pmx-maven-repository/p2/osgi/bundle/org.osgi.util.position/1.0.1.201505202026/org.osgi.util.position-1.0.1.201505202026.jar
[INFO] CP: /home/runner/work/_temp/petclinic-pmx-maven-repository/p2/osgi/bundle/org.eclipse.xtext.ui/2.30.0.v20230227-1159/org.eclipse.xtext.ui-2.30.0.v20230227-1159.jar
[INFO] CP: /home/runner/work/_temp/petclinic-pmx-maven-repository/p2/osgi/bundle/org.eclipse.ocl/3.18.0.v20221201-0557/org.eclipse.ocl-3.18.0.v20221201-0557.jar
[INFO] CP: /home/runner/work/_temp/petclinic-pmx-maven-repository/p2/osgi/bundle/lpg.runtime.java/2.0.17.v201004271640/lpg.runtime.java-2.0.17.v201004271640.jar
[INFO] CP: /home/runner/work/_temp/petclinic-pmx-maven-repository/p2/osgi/bundle/org.eclipse.equinox.p2.engine/2.7.500.v20220817-1208/org.eclipse.equinox.p2.engine-2.7.500.v20220817-1208.jar
[INFO] CP: /home/runner/work/_temp/petclinic-pmx-maven-repository/p2/osgi/bundle/org.eclipse.m2m.qvt.oml/3.10.7.v20220605-1149/org.eclipse.m2m.qvt.oml-3.10.7.v20220605-1149.jar
[INFO] CP: /home/runner/work/_temp/petclinic-pmx-maven-repository/p2/osgi/bundle/org.eclipse.emf.workspace/1.5.2.202208110935/org.eclipse.emf.workspace-1.5.2.202208110935.jar
[INFO] CP: /home/runner/work/_temp/petclinic-pmx-maven-repository/p2/osgi/bundle/org.palladiosimulator.pcm.edit/5.2.2/org.palladiosimulator.pcm.edit-5.2.2.jar
[INFO] CP: /home/runner/work/_temp/petclinic-pmx-maven-repository/.cache/tycho/org.apache.ant-1.10.12.v20211102-1452.jar/lib/ant-testutil.jar
[INFO] CP: /home/runner/work/_temp/petclinic-pmx-maven-repository/p2/osgi/bundle/org.eclipse.e4.core.services/2.3.400.v20220915-1347/org.eclipse.e4.core.services-2.3.400.v20220915-1347.jar
[INFO] CP: /home/runner/work/_temp/petclinic-pmx-maven-repository/p2/osgi/bundle/org.eclipse.xtext.ui.shared/2.30.0.v20230227-1159/org.eclipse.xtext.ui.shared-2.30.0.v20230227-1159.jar
[INFO] CP: /home/runner/work/_temp/petclinic-pmx-maven-repository/p2/osgi/bundle/org.eclipse.uml2.common.edit/2.5.0.v20221116-1811/org.eclipse.uml2.common.edit-2.5.0.v20221116-1811.jar
[INFO] CP: /home/runner/work/_temp/petclinic-pmx-maven-repository/p2/osgi/bundle/org.eclipse.gmf.runtime.emf.core/1.7.1.202211041032/org.eclipse.gmf.runtime.emf.core-1.7.1.202211041032.jar
[INFO] CP: /home/runner/work/_temp/petclinic-pmx-maven-repository/p2/osgi/bundle/org.eclipse.emf.ecore.editor/2.18.0.v20230224-1122/org.eclipse.emf.ecore.editor-2.18.0.v20230224-1122.jar
[INFO] CP: /home/runner/work/_temp/petclinic-pmx-maven-repository/p2/osgi/bundle/org.apache.commons.jxpath/1.3.0.v200911051830/org.apache.commons.jxpath-1.3.0.v200911051830.jar
[INFO] CP: /home/runner/work/_temp/petclinic-pmx-maven-repository/p2/osgi/bundle/org.eclipse.ui.navigator/3.11.0.v20230214-1401/org.eclipse.ui.navigator-3.11.0.v20230214-1401.jar
[INFO] CP: /home/runner/work/_temp/petclinic-pmx-maven-repository/p2/osgi/bundle/de.uka.ipd.sdq.workflow.mdsd.core/5.2.2/de.uka.ipd.sdq.workflow.mdsd.core-5.2.2.jar
[INFO] CP: /home/runner/work/_temp/petclinic-pmx-maven-repository/p2/osgi/bundle/org.palladiosimulator.analyzer.accuracy/5.2.2/org.palladiosimulator.analyzer.accuracy-5.2.2.jar
[INFO] CP: /home/runner/work/_temp/petclinic-pmx-maven-repository/p2/osgi/bundle/org.eclipse.xtend.lib.macro/2.30.0.v20230227-1111/org.eclipse.xtend.lib.macro-2.30.0.v20230227-1111.jar
[INFO] CP: /home/runner/work/_temp/petclinic-pmx-maven-repository/p2/osgi/bundle/org.palladiosimulator.solver.core/5.2.2/org.palladiosimulator.solver.core-5.2.2.jar
[INFO] CP: /home/runner/work/_temp/petclinic-pmx-maven-repository/p2/osgi/bundle/org.eclipse.swt.cocoa.macosx.aarch64/3.123.0.v20230220-1431/org.eclipse.swt.cocoa.macosx.aarch64-3.123.0.v20230220-1431.jar
[INFO] CP: /home/runner/work/_temp/petclinic-pmx-maven-repository/p2/osgi/bundle/org.eclipse.core.databinding.observable/1.12.200.v20230220-0932/org.eclipse.core.databinding.observable-1.12.200.v20230220-0932.jar
[INFO] CP: /home/runner/work/_temp/petclinic-pmx-maven-repository/p2/osgi/bundle/org.eclipse.e4.ui.workbench.swt/0.16.800.v20230220-0932/org.eclipse.e4.ui.workbench.swt-0.16.800.v20230220-0932.jar
[INFO] CP: /home/runner/work/_temp/petclinic-pmx-maven-repository/p2/osgi/bundle/org.eclipse.uml2/5.5.3.v20221116-1811/org.eclipse.uml2-5.5.3.v20221116-1811.jar
[INFO] CP: /home/runner/work/_temp/petclinic-pmx-maven-repository/p2/osgi/bundle/org.eclipse.emf.common.ui/2.21.0.v20230211-1150/org.eclipse.emf.common.ui-2.21.0.v20230211-1150.jar
[INFO] CP: /home/runner/work/_temp/petclinic-pmx-maven-repository/p2/osgi/bundle/org.eclipse.gmf.runtime.draw2d.ui.render/1.7.1.202211041032/org.eclipse.gmf.runtime.draw2d.ui.render-1.7.1.202211041032.jar
[INFO] CP: /home/runner/work/_temp/petclinic-pmx-maven-repository/p2/osgi/bundle/de.uka.ipd.sdq.units.edit/5.2.2/de.uka.ipd.sdq.units.edit-5.2.2.jar
[INFO] CP: /home/runner/work/_temp/petclinic-pmx-maven-repository/.cache/tycho/org.apache.ant-1.10.12.v20211102-1452.jar/lib/ant-javamail.jar
[INFO] CP: /home/runner/work/_temp/petclinic-pmx-maven-repository/p2/osgi/bundle/org.eclipse.e4.ui.workbench.addons.swt/1.4.600.v20230220-0932/org.eclipse.e4.ui.workbench.addons.swt-1.4.600.v20230220-0932.jar
[INFO] CP: /home/runner/work/_temp/petclinic-pmx-maven-repository/p2/osgi/bundle/org.palladiosimulator.metricspec/5.2.2/org.palladiosimulator.metricspec-5.2.2.jar
[INFO] CP: /home/runner/work/_temp/petclinic-pmx-maven-repository/p2/osgi/bundle/org.eclipse.gmf.runtime.common.ui.action/1.7.0.202211041032/org.eclipse.gmf.runtime.common.ui.action-1.7.0.202211041032.jar
[INFO] CP: /home/runner/work/_temp/petclinic-pmx-maven-repository/p2/osgi/bundle/com.sun.jna.platform/5.12.1.v20221103-2317/com.sun.jna.platform-5.12.1.v20221103-2317.jar
[INFO] CP: /home/runner/work/_temp/petclinic-pmx-maven-repository/p2/osgi/bundle/org.eclipse.emf.transaction/1.9.2.202208110935/org.eclipse.emf.transaction-1.9.2.202208110935.jar
[INFO] CP: /home/runner/work/_temp/petclinic-pmx-maven-repository/p2/osgi/bundle/org.eclipse.text/3.12.300.v20220921-1010/org.eclipse.text-3.12.300.v20220921-1010.jar
[INFO] CP: /home/runner/work/_temp/petclinic-pmx-maven-repository/.cache/tycho/org.apache.ant-1.10.12.v20211102-1452.jar/lib/ant-xz.jar
[INFO] CP: /home/runner/work/_temp/petclinic-pmx-maven-repository/p2/osgi/bundle/org.eclipse.urischeme/1.2.300.v20230220-0932/org.eclipse.urischeme-1.2.300.v20230220-0932.jar
[INFO] CP: /home/runner/work/_temp/petclinic-pmx-maven-repository/p2/osgi/bundle/com.ibm.icu/72.1.0.v20221115-2007/com.ibm.icu-72.1.0.v20221115-2007.jar
[INFO] CP: /home/runner/work/telemetry-availability-identification/telemetry-availability-identification/palladio-source/bundles/org.palladiosimulator.reliability.markov.edit/target/classes
[INFO] CP: /home/runner/work/_temp/petclinic-pmx-maven-repository/p2/osgi/bundle/org.palladiosimulator.solver/5.2.2/org.palladiosimulator.solver-5.2.2.jar
[INFO] CP: /home/runner/work/_temp/petclinic-pmx-maven-repository/p2/osgi/bundle/org.palladiosimulator.pcm.stoex.ui/5.2.2/org.palladiosimulator.pcm.stoex.ui-5.2.2.jar
[INFO] CP: /home/runner/work/_temp/petclinic-pmx-maven-repository/p2/osgi/bundle/org.eclipse.equinox.common/3.17.100.v20230202-1341/org.eclipse.equinox.common-3.17.100.v20230202-1341.jar
[INFO] CP: /home/runner/work/_temp/petclinic-pmx-maven-repository/p2/osgi/bundle/org.eclipse.e4.ui.css.swt/0.14.800.v20230220-0932/org.eclipse.e4.ui.css.swt-0.14.800.v20230220-0932.jar
[INFO] CP: /home/runner/work/_temp/petclinic-pmx-maven-repository/p2/osgi/bundle/org.eclipse.xtext.ecore/2.30.0.v20230227-1128/org.eclipse.xtext.ecore-2.30.0.v20230227-1128.jar
[INFO] CP: /home/runner/work/_temp/petclinic-pmx-maven-repository/p2/osgi/bundle/org.eclipse.ui.forms/3.11.600.v20230220-0932/org.eclipse.ui.forms-3.11.600.v20230220-0932.jar
[INFO] CP: /home/runner/work/_temp/petclinic-pmx-maven-repository/p2/osgi/bundle/org.eclipse.sirius/7.0.7.202301170754/org.eclipse.sirius-7.0.7.202301170754.jar
[INFO] CP: /home/runner/work/_temp/petclinic-pmx-maven-repository/.cache/tycho/org.apache.ant-1.10.12.v20211102-1452.jar/lib/ant-junit4.jar
[INFO] CP: /home/runner/work/_temp/petclinic-pmx-maven-repository/p2/osgi/bundle/org.apache.commons.cli/1.4.0.v20221112-0806/org.apache.commons.cli-1.4.0.v20221112-0806.jar
[INFO] CP: /home/runner/work/_temp/petclinic-pmx-maven-repository/p2/osgi/bundle/de.uka.ipd.sdq.workflow.mdsd.blackboard/5.2.2/de.uka.ipd.sdq.workflow.mdsd.blackboard-5.2.2.jar
[INFO] CP: /home/runner/work/_temp/petclinic-pmx-maven-repository/p2/osgi/bundle/org.eclipse.core.filesystem.win32.x86_64/1.4.300.v20220812-1420/org.eclipse.core.filesystem.win32.x86_64-1.4.300.v20220812-1420.jar
[INFO] CP: /home/runner/work/_temp/petclinic-pmx-maven-repository/p2/osgi/bundle/org.objectweb.asm/9.4.0.v20221107-1714/org.objectweb.asm-9.4.0.v20221107-1714.jar
[INFO] CP: /home/runner/work/_temp/petclinic-pmx-maven-repository/p2/osgi/bundle/org.eclipse.xtext.common.types.ui/2.30.0.v20230227-1159/org.eclipse.xtext.common.types.ui-2.30.0.v20230227-1159.jar
[INFO] CP: /home/runner/work/_temp/petclinic-pmx-maven-repository/p2/osgi/bundle/com.google.inject/5.0.1.v20221112-0806/com.google.inject-5.0.1.v20221112-0806.jar
[INFO] CP: /home/runner/work/_temp/petclinic-pmx-maven-repository/p2/osgi/bundle/org.eclipse.e4.ui.ide/3.16.300.v20230220-0932/org.eclipse.e4.ui.ide-3.16.300.v20230220-0932.jar
[INFO] CP: /home/runner/work/_temp/petclinic-pmx-maven-repository/p2/osgi/bundle/org.eclipse.osgi/3.18.300.v20230220-1352/org.eclipse.osgi-3.18.300.v20230220-1352.jar
[INFO] CP: /home/runner/work/_temp/petclinic-pmx-maven-repository/p2/osgi/bundle/org.eclipse.e4.ui.model.workbench/2.3.0.v20230220-1021/org.eclipse.e4.ui.model.workbench-2.3.0.v20230220-1021.jar
[INFO] CP: /home/runner/work/telemetry-availability-identification/telemetry-availability-identification/palladio-source/bundles/org.palladiosimulator.reliability/target/classes
[INFO] CP: /home/runner/work/_temp/petclinic-pmx-maven-repository/p2/osgi/bundle/org.eclipse.uml2.types/2.5.0.v20221116-1811/org.eclipse.uml2.types-2.5.0.v20221116-1811.jar
[INFO] CP: /home/runner/work/_temp/petclinic-pmx-maven-repository/p2/osgi/bundle/org.eclipse.core.filesystem/1.9.500.v20220817-1539/org.eclipse.core.filesystem-1.9.500.v20220817-1539.jar
[INFO] CP: /home/runner/work/_temp/petclinic-pmx-maven-repository/p2/osgi/bundle/org.osgi.util.promise/1.3.0.202212101352/org.osgi.util.promise-1.3.0.202212101352.jar
[INFO] CP: /home/runner/work/_temp/petclinic-pmx-maven-repository/p2/osgi/bundle/org.eclipse.emf.ecore/2.33.0.v20230226-0921/org.eclipse.emf.ecore-2.33.0.v20230226-0921.jar
[INFO] CP: /home/runner/work/_temp/petclinic-pmx-maven-repository/p2/osgi/bundle/de.uka.ipd.sdq.probfunction/5.2.2/de.uka.ipd.sdq.probfunction-5.2.2.jar
[INFO] CP: /home/runner/work/_temp/petclinic-pmx-maven-repository/p2/osgi/bundle/org.eclipse.m2m.qvt.oml.emf.util/3.10.6.v20220605-1149/org.eclipse.m2m.qvt.oml.emf.util-3.10.6.v20220605-1149.jar
[INFO] CP: /home/runner/work/_temp/petclinic-pmx-maven-repository/p2/osgi/bundle/org.eclipse.core.resources/3.18.200.v20230209-0754/org.eclipse.core.resources-3.18.200.v20230209-0754.jar
[INFO] CP: /home/runner/work/_temp/petclinic-pmx-maven-repository/p2/osgi/bundle/org.apache.commons.logging/1.2.0.v20180409-1502/org.apache.commons.logging-1.2.0.v20180409-1502.jar
[INFO] CP: /home/runner/work/_temp/petclinic-pmx-maven-repository/p2/osgi/bundle/de.uka.ipd.sdq.workflow.ui/5.2.2/de.uka.ipd.sdq.workflow.ui-5.2.2.jar
[INFO] CP: /home/runner/work/_temp/petclinic-pmx-maven-repository/p2/osgi/bundle/org.eclipse.gmf.runtime.emf.ui/1.7.0.202211041032/org.eclipse.gmf.runtime.emf.ui-1.7.0.202211041032.jar
[INFO] CP: /home/runner/work/_temp/petclinic-pmx-maven-repository/p2/osgi/bundle/org.eclipse.xtext.util/2.30.0.v20230227-1116/org.eclipse.xtext.util-2.30.0.v20230227-1116.jar
[INFO] CP: /home/runner/work/_temp/petclinic-pmx-maven-repository/p2/osgi/bundle/org.eclipse.core.filesystem.linux.aarch64/1.4.200.v20220812-1420/org.eclipse.core.filesystem.linux.aarch64-1.4.200.v20220812-1420.jar
[INFO] CP: /home/runner/work/_temp/petclinic-pmx-maven-repository/p2/osgi/bundle/org.eclipse.e4.ui.css.swt.theme/0.13.300.v20230220-0932/org.eclipse.e4.ui.css.swt.theme-0.13.300.v20230220-0932.jar
[INFO] CP: /home/runner/work/_temp/petclinic-pmx-maven-repository/.cache/tycho/org.eclipse.jdt.debug-3.20.100.v20230119-1127.jar/jdimodel.jar
[INFO] CP: /home/runner/work/_temp/petclinic-pmx-maven-repository/p2/osgi/bundle/org.eclipse.ui.navigator.resources/3.8.600.v20230220-1021/org.eclipse.ui.navigator.resources-3.8.600.v20230220-1021.jar
[INFO] CP: /home/runner/work/_temp/petclinic-pmx-maven-repository/p2/osgi/bundle/org.eclipse.e4.ui.services/1.5.200.v20230220-0932/org.eclipse.e4.ui.services-1.5.200.v20230220-0932.jar
[INFO] CP: /home/runner/work/_temp/petclinic-pmx-maven-repository/p2/osgi/bundle/org.eclipse.e4.core.di/1.8.300.v20220817-1539/org.eclipse.e4.core.di-1.8.300.v20220817-1539.jar
[INFO] CP: /home/runner/work/_temp/petclinic-pmx-maven-repository/p2/osgi/bundle/org.eclipse.emf.mwe2.runtime/2.14.0.v20221117-1134/org.eclipse.emf.mwe2.runtime-2.14.0.v20221117-1134.jar
[INFO] CP: /home/runner/work/_temp/petclinic-pmx-maven-repository/p2/osgi/bundle/org.palladiosimulator.edp2.util/5.2.2/org.palladiosimulator.edp2.util-5.2.2.jar
[INFO] CP: /home/runner/work/_temp/petclinic-pmx-maven-repository/p2/osgi/bundle/org.eclipse.emf/2.9.0.v20230211-1150/org.eclipse.emf-2.9.0.v20230211-1150.jar
[INFO] CP: /home/runner/work/_temp/petclinic-pmx-maven-repository/p2/osgi/bundle/org.eclipse.sirius.model/7.0.7.202301170754/org.eclipse.sirius.model-7.0.7.202301170754.jar
[INFO] CP: /home/runner/work/_temp/petclinic-pmx-maven-repository/p2/osgi/bundle/org.eclipse.e4.ui.css.core/0.13.500.v20230220-0932/org.eclipse.e4.ui.css.core-0.13.500.v20230220-0932.jar
[INFO] CP: /home/runner/work/_temp/petclinic-pmx-maven-repository/p2/osgi/bundle/org.palladiosimulator.pcm/5.2.2/org.palladiosimulator.pcm-5.2.2.jar
[INFO] CP: /home/runner/work/_temp/petclinic-pmx-maven-repository/p2/osgi/bundle/org.apache.batik.util/1.16.0.v20221027-0840/org.apache.batik.util-1.16.0.v20221027-0840.jar
[INFO] CP: /home/runner/work/_temp/petclinic-pmx-maven-repository/p2/osgi/bundle/org.eclipse.gmf.runtime.common.ui/1.8.1.202211041032/org.eclipse.gmf.runtime.common.ui-1.8.1.202211041032.jar
[INFO] CP: /home/runner/work/_temp/petclinic-pmx-maven-repository/p2/osgi/bundle/org.eclipse.xtext.ui.codetemplates.ui/2.30.0.v20230227-1159/org.eclipse.xtext.ui.codetemplates.ui-2.30.0.v20230227-1159.jar
[INFO] CP: /home/runner/work/_temp/petclinic-pmx-maven-repository/p2/osgi/bundle/org.eclipse.xtext.xbase.lib/2.30.0.v20230227-1111/org.eclipse.xtext.xbase.lib-2.30.0.v20230227-1111.jar
[INFO] CP: /home/runner/work/_temp/petclinic-pmx-maven-repository/p2/osgi/bundle/org.eclipse.ltk.ui.refactoring/3.12.200.v20220808-2221/org.eclipse.ltk.ui.refactoring-3.12.200.v20220808-2221.jar
[INFO] CP: /home/runner/work/_temp/petclinic-pmx-maven-repository/p2/osgi/bundle/org.osgi.service.prefs/1.1.2.202109301733/org.osgi.service.prefs-1.1.2.202109301733.jar
[INFO] CP: /home/runner/work/_temp/petclinic-pmx-maven-repository/p2/osgi/bundle/org.eclipse.xtend.core/2.30.0.v20230227-1300/org.eclipse.xtend.core-2.30.0.v20230227-1300.jar
[INFO] CP: /home/runner/work/_temp/petclinic-pmx-maven-repository/.cache/tycho/org.jfree.jfreechart-1.0.19.jar/jfreechart-1.0.19.jar
[INFO] CP: /home/runner/work/_temp/petclinic-pmx-maven-repository/p2/osgi/bundle/org.eclipse.core.commands/3.10.400.v20230220-0932/org.eclipse.core.commands-3.10.400.v20230220-0932.jar
[INFO] CP: /home/runner/work/_temp/petclinic-pmx-maven-repository/p2/osgi/bundle/org.palladiosimulator.analyzer.accuracy.ui/5.2.2/org.palladiosimulator.analyzer.accuracy.ui-5.2.2.jar
[INFO] CP: /home/runner/work/_temp/petclinic-pmx-maven-repository/p2/osgi/bundle/org.eclipse.osgi.util/3.7.200.v20230103-1101/org.eclipse.osgi.util-3.7.200.v20230103-1101.jar
[INFO] CP: /home/runner/work/_temp/petclinic-pmx-maven-repository/.cache/tycho/org.jscience-4.3.1.jar/lib/colapi.jar
[INFO] CP: /home/runner/work/_temp/petclinic-pmx-maven-repository/.cache/tycho/org.apache.ant-1.10.12.v20211102-1452.jar/lib/ant-apache-regexp.jar
[INFO] CP: /home/runner/work/_temp/petclinic-pmx-maven-repository/p2/osgi/bundle/org.eclipse.e4.emf.xpath/0.3.200.v20230220-1427/org.eclipse.e4.emf.xpath-0.3.200.v20230220-1427.jar
[INFO] CP: /home/runner/work/_temp/petclinic-pmx-maven-repository/p2/osgi/bundle/org.palladiosimulator.solver.spa/5.2.2/org.palladiosimulator.solver.spa-5.2.2.jar
[INFO] CP: /home/runner/work/_temp/petclinic-pmx-maven-repository/p2/osgi/bundle/org.eclipse.equinox.security.linux/1.0.300.v20220904-1118/org.eclipse.equinox.security.linux-1.0.300.v20220904-1118.jar
[INFO] CP: /home/runner/work/_temp/petclinic-pmx-maven-repository/p2/osgi/bundle/org.antlr.runtime/3.2.0.v20220404-1927/org.antlr.runtime-3.2.0.v20220404-1927.jar
[INFO] CP: /home/runner/work/_temp/petclinic-pmx-maven-repository/p2/osgi/bundle/org.eclipse.emf.codegen.ecore/2.33.0.v20230211-1150/org.eclipse.emf.codegen.ecore-2.33.0.v20230211-1150.jar
[INFO] CP: /home/runner/work/_temp/petclinic-pmx-maven-repository/p2/osgi/bundle/org.eclipse.jface.databinding/1.14.100.v20230214-1401/org.eclipse.jface.databinding-1.14.100.v20230214-1401.jar
[INFO] CP: /home/runner/work/_temp/petclinic-pmx-maven-repository/p2/osgi/bundle/org.eclipse.e4.core.di.annotations/1.7.200.v20220613-1008/org.eclipse.e4.core.di.annotations-1.7.200.v20220613-1008.jar
[INFO] CP: /home/runner/work/_temp/petclinic-pmx-maven-repository/p2/osgi/bundle/org.eclipse.draw2d/3.12.0.202211301913/org.eclipse.draw2d-3.12.0.202211301913.jar
[INFO] CP: /home/runner/work/telemetry-availability-identification/telemetry-availability-identification/palladio-source/bundles/org.palladiosimulator.reliability.sensitivity.editor/target/classes
[INFO] CP: /home/runner/work/_temp/petclinic-pmx-maven-repository/.cache/tycho/org.apache.ant-1.10.12.v20211102-1452.jar/lib/ant-junit.jar
[INFO] CP: /home/runner/work/_temp/petclinic-pmx-maven-repository/p2/osgi/bundle/org.apache.commons.codec/1.14.0.v20221112-0806/org.apache.commons.codec-1.14.0.v20221112-0806.jar
[INFO] CP: /home/runner/work/_temp/petclinic-pmx-maven-repository/.cache/tycho/org.jfree.jfreechart-1.0.19.jar/jcommon-1.0.23.jar
[INFO] CP: /home/runner/work/_temp/petclinic-pmx-maven-repository/p2/osgi/bundle/org.eclipse.gmf.runtime.diagram.ui/1.9.1.202211041032/org.eclipse.gmf.runtime.diagram.ui-1.9.1.202211041032.jar
[INFO] CP: /home/runner/work/_temp/petclinic-pmx-maven-repository/p2/osgi/bundle/org.eclipse.team.ui/3.9.600.v20230207-1607/org.eclipse.team.ui-3.9.600.v20230207-1607.jar
[INFO] CP: /home/runner/work/_temp/petclinic-pmx-maven-repository/p2/osgi/bundle/org.eclipse.gmf.runtime.emf.clipboard.core/1.7.1.202211041032/org.eclipse.gmf.runtime.emf.clipboard.core-1.7.1.202211041032.jar
[INFO] CP: /home/runner/work/_temp/petclinic-pmx-maven-repository/p2/osgi/bundle/org.eclipse.debug.core/3.20.100.v20230124-1239/org.eclipse.debug.core-3.20.100.v20230124-1239.jar
[INFO] CP: /home/runner/work/_temp/petclinic-pmx-maven-repository/p2/osgi/bundle/org.eclipse.equinox.registry/3.11.200.v20220817-1601/org.eclipse.equinox.registry-3.11.200.v20220817-1601.jar
[INFO] CP: /home/runner/work/_temp/petclinic-pmx-maven-repository/.cache/tycho/org.apache.ant-1.10.12.v20211102-1452.jar/lib/ant-junitlauncher.jar
[INFO] CP: /home/runner/work/_temp/petclinic-pmx-maven-repository/p2/osgi/bundle/org.eclipse.osgi.compatibility.state/1.2.800.v20221116-1440/org.eclipse.osgi.compatibility.state-1.2.800.v20221116-1440.jar
[INFO] CP: /home/runner/work/_temp/petclinic-pmx-maven-repository/p2/osgi/bundle/org.apache.log4j/1.2.24.v20221221-2012/org.apache.log4j-1.2.24.v20221221-2012.jar
[INFO] CP: /home/runner/work/_temp/petclinic-pmx-maven-repository/p2/osgi/bundle/org.eclipse.ui.workbench/3.128.0.v20230220-1021/org.eclipse.ui.workbench-3.128.0.v20230220-1021.jar
[INFO] CP: /home/runner/work/_temp/petclinic-pmx-maven-repository/p2/osgi/bundle/org.osgi.util.function/1.2.0.202109301733/org.osgi.util.function-1.2.0.202109301733.jar
[INFO] CP: /home/runner/work/_temp/petclinic-pmx-maven-repository/.cache/tycho/org.apache.ant-1.10.12.v20211102-1452.jar/lib/ant-commons-net.jar
[INFO] CP: /home/runner/work/_temp/petclinic-pmx-maven-repository/p2/osgi/bundle/org.eclipse.core.resources.win32.x86_64/3.5.500.v20220812-1420/org.eclipse.core.resources.win32.x86_64-3.5.500.v20220812-1420.jar
[INFO] CP: /home/runner/work/_temp/petclinic-pmx-maven-repository/p2/osgi/bundle/org.eclipse.search/3.14.400.v20230209-0804/org.eclipse.search-3.14.400.v20230209-0804.jar
[INFO] CP: /home/runner/work/_temp/petclinic-pmx-maven-repository/.cache/tycho/org.apache.ant-1.10.12.v20211102-1452.jar/lib/ant-antlr.jar
[INFO] CP: /home/runner/work/_temp/petclinic-pmx-maven-repository/p2/osgi/bundle/org.eclipse.emf.databinding/1.7.0.v20230211-1150/org.eclipse.emf.databinding-1.7.0.v20230211-1150.jar
[INFO] CP: /home/runner/work/_temp/petclinic-pmx-maven-repository/p2/osgi/bundle/de.uka.ipd.sdq.errorhandling/5.2.2/de.uka.ipd.sdq.errorhandling-5.2.2.jar
[INFO] CP: /home/runner/work/_temp/petclinic-pmx-maven-repository/p2/osgi/bundle/de.uka.ipd.sdq.featuremodel/5.2.2/de.uka.ipd.sdq.featuremodel-5.2.2.jar
[INFO] CP: /home/runner/work/_temp/petclinic-pmx-maven-repository/p2/osgi/bundle/org.eclipse.e4.ui.swt.gtk/1.1.300.v20230220-0932/org.eclipse.e4.ui.swt.gtk-1.1.300.v20230220-0932.jar
[INFO] CP: /home/runner/work/_temp/petclinic-pmx-maven-repository/p2/osgi/bundle/org.eclipse.emf.cdo.common/4.20.1.v20230221-1613/org.eclipse.emf.cdo.common-4.20.1.v20230221-1613.jar
[INFO] CP: /home/runner/work/_temp/petclinic-pmx-maven-repository/p2/osgi/bundle/tools.mdsd.library.emfeditutils/1.0.0/tools.mdsd.library.emfeditutils-1.0.0.jar
[INFO] CP: /home/runner/work/_temp/petclinic-pmx-maven-repository/.cache/tycho/org.apache.ant-1.10.12.v20211102-1452.jar/lib/ant-jdepend.jar
[INFO] CP: /home/runner/work/_temp/petclinic-pmx-maven-repository/p2/osgi/bundle/org.eclipse.e4.ui.di/1.4.200.v20230220-0932/org.eclipse.e4.ui.di-1.4.200.v20230220-0932.jar
[INFO] CP: /home/runner/work/_temp/petclinic-pmx-maven-repository/p2/osgi/bundle/org.eclipse.ui.views.properties.tabbed/3.9.400.v20230220-1021/org.eclipse.ui.views.properties.tabbed-3.9.400.v20230220-1021.jar
[INFO] CP: /home/runner/work/_temp/petclinic-pmx-maven-repository/p2/osgi/bundle/org.osgi.util.xml/1.0.2.202109301733/org.osgi.util.xml-1.0.2.202109301733.jar
[INFO] CP: /home/runner/work/_temp/petclinic-pmx-maven-repository/p2/osgi/bundle/org.eclipse.core.filesystem.macosx/1.3.400.v20220812-1420/org.eclipse.core.filesystem.macosx-1.3.400.v20220812-1420.jar
[INFO] CP: /home/runner/work/_temp/petclinic-pmx-maven-repository/p2/osgi/bundle/org.eclipse.emf.mwe.core/1.8.0.v20221117-1134/org.eclipse.emf.mwe.core-1.8.0.v20221117-1134.jar
[INFO] CP: /home/runner/work/_temp/petclinic-pmx-maven-repository/p2/osgi/bundle/org.palladiosimulator.solver.spa.resourcemodel/5.2.2/org.palladiosimulator.solver.spa.resourcemodel-5.2.2.jar
[INFO] CP: /home/runner/work/_temp/petclinic-pmx-maven-repository/.cache/tycho/org.apache.ant-1.10.12.v20211102-1452.jar/lib/ant-jai.jar
[INFO] CP: /home/runner/work/telemetry-availability-identification/telemetry-availability-identification/palladio-source/bundles/org.palladiosimulator.reliability.sensitivity.edit/target/classes
[INFO] CP: /home/runner/work/_temp/petclinic-pmx-maven-repository/p2/osgi/bundle/org.palladiosimulator.commons/5.2.2/org.palladiosimulator.commons-5.2.2.jar
[INFO] CP: /home/runner/work/_temp/petclinic-pmx-maven-repository/p2/osgi/bundle/org.eclipse.ui.ide/3.20.100.v20230220-1021/org.eclipse.ui.ide-3.20.100.v20230220-1021.jar
[INFO] CP: /home/runner/work/telemetry-availability-identification/telemetry-availability-identification/palladio-source/bundles/org.palladiosimulator.reliability.markov.editor/target/classes
[INFO] CP: /home/runner/work/_temp/petclinic-pmx-maven-repository/p2/osgi/bundle/org.eclipse.core.contenttype/3.8.200.v20220817-1539/org.eclipse.core.contenttype-3.8.200.v20220817-1539.jar
[INFO] CP: /home/runner/work/_temp/petclinic-pmx-maven-repository/p2/osgi/bundle/org.eclipse.e4.ui.workbench3/0.16.200.v20230220-0932/org.eclipse.e4.ui.workbench3-0.16.200.v20230220-0932.jar
[INFO] CP: /home/runner/work/_temp/petclinic-pmx-maven-repository/.cache/tycho/org.apache.ant-1.10.12.v20211102-1452.jar/lib/ant.jar
[INFO] CP: /home/runner/work/_temp/petclinic-pmx-maven-repository/p2/osgi/bundle/org.eclipse.equinox.p2.core/2.9.200.v20220817-1208/org.eclipse.equinox.p2.core-2.9.200.v20220817-1208.jar
[INFO] CP: /home/runner/work/_temp/petclinic-pmx-maven-repository/p2/osgi/bundle/org.apache.commons.math/2.1.0.v201105210652/org.apache.commons.math-2.1.0.v201105210652.jar
[INFO] CP: /home/runner/work/_temp/petclinic-pmx-maven-repository/p2/osgi/bundle/org.eclipse.emf.edit.ui/2.23.0.v20230211-1150/org.eclipse.emf.edit.ui-2.23.0.v20230211-1150.jar
[INFO] CP: /home/runner/work/_temp/petclinic-pmx-maven-repository/p2/osgi/bundle/org.eclipse.xtext/2.30.0.v20230227-1116/org.eclipse.xtext-2.30.0.v20230227-1116.jar
[INFO] CP: /home/runner/work/_temp/petclinic-pmx-maven-repository/p2/osgi/bundle/org.palladiosimulator.pcm.ui/5.2.2/org.palladiosimulator.pcm.ui-5.2.2.jar
[INFO] CP: /home/runner/work/_temp/petclinic-pmx-maven-repository/p2/osgi/bundle/org.eclipse.sirius.ui/7.0.7.202301170754/org.eclipse.sirius.ui-7.0.7.202301170754.jar
[INFO] CP: /home/runner/work/_temp/petclinic-pmx-maven-repository/p2/osgi/bundle/org.eclipse.xtext.common.types.edit/2.30.0.v20230227-1159/org.eclipse.xtext.common.types.edit-2.30.0.v20230227-1159.jar
[INFO] CP: /home/runner/work/_temp/petclinic-pmx-maven-repository/p2/osgi/bundle/org.eclipse.m2m.qvt.oml.runtime/3.10.7.v20220605-1149/org.eclipse.m2m.qvt.oml.runtime-3.10.7.v20220605-1149.jar
[INFO] CP: /home/runner/work/_temp/petclinic-pmx-maven-repository/p2/osgi/bundle/org.eclipse.e4.core.contexts/1.11.0.v20220716-0839/org.eclipse.e4.core.contexts-1.11.0.v20220716-0839.jar
[INFO] CP: /home/runner/work/_temp/petclinic-pmx-maven-repository/p2/osgi/bundle/org.eclipse.core.variables/3.5.100.v20210721-1355/org.eclipse.core.variables-3.5.100.v20210721-1355.jar
[INFO] CP: /home/runner/work/_temp/petclinic-pmx-maven-repository/p2/osgi/bundle/org.eclipse.gmf.runtime.draw2d.ui/1.9.2.202211041032/org.eclipse.gmf.runtime.draw2d.ui-1.9.2.202211041032.jar
[INFO] CP: /home/runner/work/_temp/petclinic-pmx-maven-repository/p2/osgi/bundle/org.eclipse.jdt.core/3.33.0.v20230222-1748/org.eclipse.jdt.core-3.33.0.v20230222-1748.jar
[INFO] CP: /home/runner/work/_temp/petclinic-pmx-maven-repository/.cache/tycho/org.jscience-4.3.1.jar/lib/javolution.jar
[INFO] CP: /home/runner/work/_temp/petclinic-pmx-maven-repository/p2/osgi/bundle/org.eclipse.emf.ecore.xmi/2.18.0.v20230211-1150/org.eclipse.emf.ecore.xmi-2.18.0.v20230211-1150.jar
[INFO] CP: /home/runner/work/_temp/petclinic-pmx-maven-repository/p2/osgi/bundle/org.palladiosimulator.analyzer.quality/5.2.2/org.palladiosimulator.analyzer.quality-5.2.2.jar
[INFO] CP: /home/runner/work/_temp/petclinic-pmx-maven-repository/p2/osgi/bundle/org.eclipse.equinox.security.macosx/1.101.400.v20210427-1958/org.eclipse.equinox.security.macosx-1.101.400.v20210427-1958.jar
[INFO] CP: /home/runner/work/_temp/petclinic-pmx-maven-repository/p2/osgi/bundle/org.eclipse.ui.editors/3.15.0.v20221201-1935/org.eclipse.ui.editors-3.15.0.v20221201-1935.jar
[INFO] CP: /home/runner/work/_temp/petclinic-pmx-maven-repository/p2/osgi/bundle/org.palladiosimulator.analyzer.workflow.core/5.2.2/org.palladiosimulator.analyzer.workflow.core-5.2.2.jar
[INFO] CP: /home/runner/work/_temp/petclinic-pmx-maven-repository/p2/osgi/bundle/org.eclipse.core.expressions/3.8.200.v20220613-1047/org.eclipse.core.expressions-3.8.200.v20220613-1047.jar
[INFO] CP: /home/runner/work/_temp/petclinic-pmx-maven-repository/p2/osgi/bundle/org.palladiosimulator.solver.lqn/5.2.2/org.palladiosimulator.solver.lqn-5.2.2.jar
[INFO] CP: /home/runner/work/_temp/petclinic-pmx-maven-repository/p2/osgi/bundle/org.eclipse.swt.gtk.linux.aarch64/3.123.0.v20230220-1431/org.eclipse.swt.gtk.linux.aarch64-3.123.0.v20230220-1431.jar
[INFO] CP: /home/runner/work/_temp/petclinic-pmx-maven-repository/p2/osgi/bundle/org.palladiosimulator.commons.stoex.ide/5.2.2/org.palladiosimulator.commons.stoex.ide-5.2.2.jar
[INFO] CP: /home/runner/work/_temp/petclinic-pmx-maven-repository/p2/osgi/bundle/org.eclipse.ocl.ecore/3.18.0.v20221201-0557/org.eclipse.ocl.ecore-3.18.0.v20221201-0557.jar
[INFO] CP: /home/runner/work/_temp/petclinic-pmx-maven-repository/p2/osgi/bundle/org.eclipse.e4.ui.dialogs/1.3.500.v20230220-0932/org.eclipse.e4.ui.dialogs-1.3.500.v20230220-0932.jar
[INFO] CP: /home/runner/work/_temp/petclinic-pmx-maven-repository/.cache/tycho/org.apache.ant-1.10.12.v20211102-1452.jar/lib/ant-commons-logging.jar
[INFO] CP: /home/runner/work/_temp/petclinic-pmx-maven-repository/p2/osgi/bundle/org.eclipse.core.filebuffers/3.7.200.v20220202-1008/org.eclipse.core.filebuffers-3.7.200.v20220202-1008.jar
[INFO] CP: /home/runner/work/_temp/petclinic-pmx-maven-repository/p2/osgi/bundle/org.eclipse.help/3.9.100.v20210721-0601/org.eclipse.help-3.9.100.v20210721-0601.jar
[INFO] CP: /home/runner/work/_temp/petclinic-pmx-maven-repository/p2/osgi/bundle/de.uka.ipd.sdq.workflow/5.2.2/de.uka.ipd.sdq.workflow-5.2.2.jar
[INFO] CP: /home/runner/work/_temp/petclinic-pmx-maven-repository/p2/osgi/bundle/org.eclipse.emf.common/2.28.0.v20230223-0922/org.eclipse.emf.common-2.28.0.v20230223-0922.jar
[INFO] CP: /home/runner/work/_temp/petclinic-pmx-maven-repository/p2/osgi/bundle/de.uka.ipd.sdq.probfunction.math/5.2.2/de.uka.ipd.sdq.probfunction.math-5.2.2.jar
[INFO] CP: /home/runner/work/_temp/petclinic-pmx-maven-repository/p2/osgi/bundle/org.eclipse.team.core/3.9.700.v20221201-0946/org.eclipse.team.core-3.9.700.v20221201-0946.jar
[INFO] CP: /home/runner/work/_temp/petclinic-pmx-maven-repository/p2/osgi/bundle/org.eclipse.xtext.common.types/2.30.0.v20230227-1128/org.eclipse.xtext.common.types-2.30.0.v20230227-1128.jar
[INFO] CP: /home/runner/work/_temp/petclinic-pmx-maven-repository/p2/osgi/bundle/org.palladiosimulator.metricspec.resources/5.2.2/org.palladiosimulator.metricspec.resources-5.2.2.jar
[INFO] CP: /home/runner/work/_temp/petclinic-pmx-maven-repository/p2/osgi/bundle/org.eclipse.jdt.core.compiler.batch/3.33.0.v20230218-1114/org.eclipse.jdt.core.compiler.batch-3.33.0.v20230218-1114.jar
[INFO] CP: /home/runner/work/_temp/petclinic-pmx-maven-repository/.cache/tycho/org.apache.ant-1.10.12.v20211102-1452.jar/lib/ant-apache-bsf.jar
[INFO] CP: /home/runner/work/_temp/petclinic-pmx-maven-repository/p2/osgi/bundle/javax.inject/1.0.0.v20220405-0441/javax.inject-1.0.0.v20220405-0441.jar
[INFO] CP: /home/runner/work/_temp/petclinic-pmx-maven-repository/.cache/tycho/org.apache.ant-1.10.12.v20211102-1452.jar/lib/ant-apache-resolver.jar
[INFO] CP: /home/runner/work/_temp/petclinic-pmx-maven-repository/p2/osgi/bundle/org.apache.commons.logging.fragment/1.0.0/org.apache.commons.logging.fragment-1.0.0.jar
[INFO] CP: /home/runner/work/_temp/petclinic-pmx-maven-repository/.cache/tycho/org.apache.ant-1.10.12.v20211102-1452.jar/lib/ant-apache-oro.jar
[INFO] CP: /home/runner/work/_temp/petclinic-pmx-maven-repository/p2/osgi/bundle/org.palladiosimulator.analyzer.workflow/5.2.2/org.palladiosimulator.analyzer.workflow-5.2.2.jar
[INFO] CP: /home/runner/work/_temp/petclinic-pmx-maven-repository/p2/osgi/bundle/org.eclipse.jface.text/3.23.0.v20230123-1047/org.eclipse.jface.text-3.23.0.v20230123-1047.jar
[INFO] CP: /home/runner/work/_temp/petclinic-pmx-maven-repository/p2/osgi/bundle/org.eclipse.gmf.runtime.diagram.core/1.7.0.202211041032/org.eclipse.gmf.runtime.diagram.core-1.7.0.202211041032.jar
[INFO] CP: /home/runner/work/_temp/petclinic-pmx-maven-repository/p2/osgi/bundle/org.jscience/4.3.1/org.jscience-4.3.1.jar
[INFO] CP: /home/runner/work/_temp/petclinic-pmx-maven-repository/p2/osgi/bundle/org.eclipse.jdt.ui/3.28.0.v20230210-2115/org.eclipse.jdt.ui-3.28.0.v20230210-2115.jar
[INFO] CP: /home/runner/work/_temp/petclinic-pmx-maven-repository/p2/osgi/bundle/de.uka.ipd.sdq.workflow.launchconfig/5.2.2/de.uka.ipd.sdq.workflow.launchconfig-5.2.2.jar
[INFO] CP: /home/runner/work/_temp/petclinic-pmx-maven-repository/.cache/tycho/org.apache.ant-1.10.12.v20211102-1452.jar/lib/ant-swing.jar
[INFO] CP: /home/runner/work/_temp/petclinic-pmx-maven-repository/p2/osgi/bundle/org.eclipse.net4j/4.17.0.v20230221-1613/org.eclipse.net4j-4.17.0.v20230221-1613.jar
[INFO] CP: /home/runner/work/_temp/petclinic-pmx-maven-repository/p2/osgi/bundle/org.eclipse.emf.ecore.edit/2.14.0.v20230211-1150/org.eclipse.emf.ecore.edit-2.14.0.v20230211-1150.jar
[INFO] CP: /home/runner/work/_temp/petclinic-pmx-maven-repository/p2/osgi/bundle/org.palladiosimulator.edp2.dao/5.2.2/org.palladiosimulator.edp2.dao-5.2.2.jar
[INFO] CP: /home/runner/work/_temp/petclinic-pmx-maven-repository/p2/osgi/bundle/org.apache.batik.css/1.16.0.v20221027-0840/org.apache.batik.css-1.16.0.v20221027-0840.jar
[INFO] CP: /home/runner/work/_temp/petclinic-pmx-maven-repository/p2/osgi/bundle/org.eclipse.xtext.smap/2.30.0.v20230227-1128/org.eclipse.xtext.smap-2.30.0.v20230227-1128.jar
[INFO] CP: /home/runner/work/_temp/petclinic-pmx-maven-repository/p2/osgi/bundle/com.google.guava/30.1.0.v20221112-0806/com.google.guava-30.1.0.v20221112-0806.jar
[INFO] CP: /home/runner/work/_temp/petclinic-pmx-maven-repository/p2/osgi/bundle/de.uka.ipd.sdq.stoex.analyser/5.2.2/de.uka.ipd.sdq.stoex.analyser-5.2.2.jar
[INFO] CP: /home/runner/work/_temp/petclinic-pmx-maven-repository/p2/osgi/bundle/org.palladiosimulator.commons.stoex.ui/5.2.2/org.palladiosimulator.commons.stoex.ui-5.2.2.jar
[INFO] CP: /home/runner/work/_temp/petclinic-pmx-maven-repository/.cache/tycho/org.apache.ant-1.10.12.v20211102-1452.jar/lib/ant-launcher.jar
[INFO] CP: /home/runner/work/_temp/petclinic-pmx-maven-repository/p2/osgi/bundle/de.uka.ipd.sdq.stoex.edit/5.2.2/de.uka.ipd.sdq.stoex.edit-5.2.2.jar
[INFO] CP: /home/runner/work/_temp/petclinic-pmx-maven-repository/p2/osgi/bundle/org.eclipse.swt.win32.win32.x86_64/3.123.0.v20230220-1431/org.eclipse.swt.win32.win32.x86_64-3.123.0.v20230220-1431.jar
[INFO] CP: /home/runner/work/_temp/petclinic-pmx-maven-repository/p2/osgi/bundle/org.eclipse.m2m.qvt.oml.ocl/3.10.2.v20220605-1149/org.eclipse.m2m.qvt.oml.ocl-3.10.2.v20220605-1149.jar
[INFO] CP: /home/runner/work/_temp/petclinic-pmx-maven-repository/p2/osgi/bundle/org.eclipse.gmf.runtime.emf.type.core/1.9.1.202211041032/org.eclipse.gmf.runtime.emf.type.core-1.9.1.202211041032.jar
[INFO] CP: /home/runner/work/_temp/petclinic-pmx-maven-repository/p2/osgi/bundle/org.palladiosimulator.probeframework/5.2.2/org.palladiosimulator.probeframework-5.2.2.jar
[INFO] CP: /home/runner/work/_temp/petclinic-pmx-maven-repository/p2/osgi/bundle/de.uka.ipd.sdq.workflow.mdsd/5.2.2/de.uka.ipd.sdq.workflow.mdsd-5.2.2.jar
[INFO] Calling: /bin/sh -c cd '/home/runner/work/telemetry-availability-identification/telemetry-availability-identification/palladio-source/releng/org.palladiosimulator.reliability.updatesite/target/repository/javadoc' && '/opt/hostedtoolcache/Java_Temurin-Hotspot_jdk/17.0.20-1/x64/bin/javadoc' '@/home/runner/work/telemetry-availability-identification/telemetry-availability-identification/palladio-source/releng/org.palladiosimulator.reliability.updatesite/target/javadoc.options.txt'
Loading source files for package org.palladiosimulator.reliability.markov.provider...
Loading source files for package org.palladiosimulator.reliability.markov.presentation...
Loading source files for package org.palladiosimulator.reliability...
Loading source files for package org.palladiosimulator.reliability.helper...
Loading source files for package org.palladiosimulator.reliability.markov...
Loading source files for package org.palladiosimulator.reliability.markov.impl...
Loading source files for package org.palladiosimulator.reliability.markov.util...
Loading source files for package org.palladiosimulator.reliability.solver...
Loading source files for package org.palladiosimulator.reliability.solver.pcm2markov...
Loading source files for package org.palladiosimulator.reliability.solver.runconfig...
Loading source files for package org.palladiosimulator.reliability.sensitivity...
Loading source files for package org.palladiosimulator.reliability.sensitivity.impl...
Loading source files for package org.palladiosimulator.reliability.sensitivity.util...
Loading source files for package org.palladiosimulator.reliability.sensitivity.provider...
Loading source files for package org.palladiosimulator.reliability.sensitivity.presentation...
Constructing Javadoc information...
warning: URL https://help.eclipse.org/2022-12/topic/org.eclipse.platform.doc.isv/reference/api/element-list was redirected to https://help.eclipse.org/latest/topic/org.eclipse.platform.doc.isv/reference/api/element-list -- Update the command-line options to suppress this warning.
Building index for all the packages and classes...
Standard Doclet version 17.0.20.1+1
Building tree for all the packages and classes...
/home/runner/work/telemetry-availability-identification/telemetry-availability-identification/palladio-source/bundles/org.palladiosimulator.reliability.sensitivity/src/org/palladiosimulator/reliability/sensitivity/SensitivityConfiguration.java:17: error: bad HTML entity
 * PCM&nbsp;model.&nbsp;Together,&nbsp;the&nbsp;parameter&nbsp;variations&nbsp;constitute&nbsp;a&
                                                                                                ^
/home/runner/work/telemetry-availability-identification/telemetry-availability-identification/palladio-source/bundles/org.palladiosimulator.reliability.sensitivity/src/org/palladiosimulator/reliability/sensitivity/SensitivityConfiguration.java:20: error: bad HTML entity
 * This&nbsp;information&nbsp;can&nbsp;be&nbsp;used&nbsp;to&nbsp;perform&nbsp;a&nbsp;sensitivity&
                                                                                                ^
/home/runner/work/telemetry-availability-identification/telemetry-availability-identification/palladio-source/bundles/org.palladiosimulator.reliability.sensitivity/src/org/palladiosimulator/reliability/sensitivity/SensitivityConfiguration.java:21: error: bad HTML entity
 * nbsp;analysis,&nbsp;i.e.&nbsp;a&nbsp;repeated&nbsp;analysis&nbsp;for&nbsp;each&nbsp;of&nbsp;the&
                                                                                                  ^
/home/runner/work/telemetry-availability-identification/telemetry-availability-identification/palladio-source/bundles/org.palladiosimulator.reliability.sensitivity/src/org/palladiosimulator/reliability/sensitivity/SensitivityParameter.java:19: error: bad HTML entity
 * single&nbsp;value,&nbsp;it&nbsp;may&nbsp;be&nbsp;of&nbsp;different&nbsp;types,&nbsp;such&nbsp;as&
                                                                                                   ^
/home/runner/work/telemetry-availability-identification/telemetry-availability-identification/palladio-source/bundles/org.palladiosimulator.reliability.sensitivity/src/org/palladiosimulator/reliability/sensitivity/CombinedSensitivityParameter.java:12: error: bad HTML entity
 * A&nbsp;combined&nbsp;sensitivity&nbsp;parameter&nbsp;consists&nbsp;of&nbsp;a&nbsp;set&nbsp;of&
                                                                                                ^
Generating ./org/palladiosimulator/reliability/sensitivity/CombinedSensitivityParameter.html...
/home/runner/work/telemetry-availability-identification/telemetry-availability-identification/palladio-source/bundles/org.palladiosimulator.reliability.sensitivity/src/org/palladiosimulator/reliability/sensitivity/SensitivityPackage.java:683: error: syntax error in reference
     * @see org.palladiosimulator.reliability.sensitivity.impl.
       ^
/home/runner/work/telemetry-availability-identification/telemetry-availability-identification/palladio-source/bundles/org.palladiosimulator.reliability.sensitivity/src/org/palladiosimulator/reliability/sensitivity/SensitivityPackage.java:1220: error: syntax error in reference
     * @see org.palladiosimulator.reliability.sensitivity.impl.
       ^
/home/runner/work/telemetry-availability-identification/telemetry-availability-identification/palladio-source/bundles/org.palladiosimulator.reliability.sensitivity/src/org/palladiosimulator/reliability/sensitivity/SensitivityPackage.java:1743: error: syntax error in reference
     * @see org.palladiosimulator.reliability.sensitivity.impl.
       ^
Generating ./org/palladiosimulator/reliability/sensitivity/impl/CombinedSensitivityParameterImpl.html...
/home/runner/work/telemetry-availability-identification/telemetry-availability-identification/palladio-source/bundles/org.palladiosimulator.reliability.sensitivity/src/org/palladiosimulator/reliability/sensitivity/impl/SensitivityParameterImpl.java:73: warning: no @param for newParentParameter__SensitivityParameter
    public NotificationChain basicSetParentParameter__SensitivityParameter(
                             ^
/home/runner/work/telemetry-availability-identification/telemetry-availability-identification/palladio-source/bundles/org.palladiosimulator.reliability.sensitivity/src/org/palladiosimulator/reliability/sensitivity/impl/SensitivityParameterImpl.java:73: warning: no @param for msgs
    public NotificationChain basicSetParentParameter__SensitivityParameter(
                             ^
/home/runner/work/telemetry-availability-identification/telemetry-availability-identification/palladio-source/bundles/org.palladiosimulator.reliability.sensitivity/src/org/palladiosimulator/reliability/sensitivity/impl/SensitivityParameterImpl.java:73: warning: no @return
    public NotificationChain basicSetParentParameter__SensitivityParameter(
                             ^
/home/runner/work/telemetry-availability-identification/telemetry-availability-identification/palladio-source/bundles/org.palladiosimulator.reliability.sensitivity/src/org/palladiosimulator/reliability/sensitivity/impl/SensitivityParameterImpl.java:132: warning: no @param for newSensitivityConfiguration__SensitivityParameter
    public NotificationChain basicSetSensitivityConfiguration__SensitivityParameter(
                             ^
/home/runner/work/telemetry-availability-identification/telemetry-availability-identification/palladio-source/bundles/org.palladiosimulator.reliability.sensitivity/src/org/palladiosimulator/reliability/sensitivity/impl/SensitivityParameterImpl.java:132: warning: no @param for msgs
    public NotificationChain basicSetSensitivityConfiguration__SensitivityParameter(
                             ^
/home/runner/work/telemetry-availability-identification/telemetry-availability-identification/palladio-source/bundles/org.palladiosimulator.reliability.sensitivity/src/org/palladiosimulator/reliability/sensitivity/impl/SensitivityParameterImpl.java:132: warning: no @return
    public NotificationChain basicSetSensitivityConfiguration__SensitivityParameter(
                             ^
Generating ./org/palladiosimulator/reliability/sensitivity/provider/CombinedSensitivityParameterItemProvider.html...
/home/runner/work/telemetry-availability-identification/telemetry-availability-identification/palladio-source/bundles/org.palladiosimulator.reliability.sensitivity.edit/src/org/palladiosimulator/reliability/sensitivity/provider/SensitivityParameterItemProvider.java:33: warning: no @param for adapterFactory
    public SensitivityParameterItemProvider(final AdapterFactory adapterFactory) {
           ^
/home/runner/work/telemetry-availability-identification/telemetry-availability-identification/palladio-source/bundles/org.palladiosimulator.reliability.sensitivity.edit/src/org/palladiosimulator/reliability/sensitivity/provider/CombinedSensitivityParameterItemProvider.java:36: warning: no @param for adapterFactory
    public CombinedSensitivityParameterItemProvider(final AdapterFactory adapterFactory) {
           ^
/home/runner/work/telemetry-availability-identification/telemetry-availability-identification/palladio-source/bundles/org.palladiosimulator.reliability.sensitivity.edit/src/org/palladiosimulator/reliability/sensitivity/provider/CombinedSensitivityParameterItemProvider.java:62: warning: no @param for object
    protected void addIsCombinatoryPropertyDescriptor(final Object object) {
                   ^
Generating ./org/palladiosimulator/reliability/sensitivity/CommunicationLinkReliabilityParameter.html...
/home/runner/work/telemetry-availability-identification/telemetry-availability-identification/palladio-source/bundles/org.palladiosimulator.reliability.sensitivity/src/org/palladiosimulator/reliability/sensitivity/CommunicationLinkReliabilityParameter.java:81: warning: no @return
    boolean CommunicationLinkParameterMustHaveDoubleVariation(DiagnosticChain diagnostics, Map<Object, Object> context);
            ^
Generating ./org/palladiosimulator/reliability/sensitivity/impl/CommunicationLinkReliabilityParameterImpl.html...
/home/runner/work/telemetry-availability-identification/telemetry-availability-identification/palladio-source/bundles/org.palladiosimulator.reliability.sensitivity/src/org/palladiosimulator/reliability/sensitivity/impl/SingleSensitivityParameterImpl.java:77: warning: no @param for newSensitivityParameterVariation__SingleSensitivityParameter
    public NotificationChain basicSetSensitivityParameterVariation__SingleSensitivityParameter(
                             ^
/home/runner/work/telemetry-availability-identification/telemetry-availability-identification/palladio-source/bundles/org.palladiosimulator.reliability.sensitivity/src/org/palladiosimulator/reliability/sensitivity/impl/SingleSensitivityParameterImpl.java:77: warning: no @param for msgs
    public NotificationChain basicSetSensitivityParameterVariation__SingleSensitivityParameter(
                             ^
/home/runner/work/telemetry-availability-identification/telemetry-availability-identification/palladio-source/bundles/org.palladiosimulator.reliability.sensitivity/src/org/palladiosimulator/reliability/sensitivity/impl/SingleSensitivityParameterImpl.java:77: warning: no @return
    public NotificationChain basicSetSensitivityParameterVariation__SingleSensitivityParameter(
                             ^
/home/runner/work/telemetry-availability-identification/telemetry-availability-identification/palladio-source/bundles/org.palladiosimulator.reliability.sensitivity/src/org/palladiosimulator/reliability/sensitivity/impl/CommunicationLinkReliabilityParameterImpl.java:100: warning: no @return
    public CommunicationLinkResourceSpecification basicGetCommunicationLinkResourceSpecification__CommunicationLinkReliabilityParameter() {
                                                  ^
Generating ./org/palladiosimulator/reliability/sensitivity/provider/CommunicationLinkReliabilityParameterItemProvider.html...
/home/runner/work/telemetry-availability-identification/telemetry-availability-identification/palladio-source/bundles/org.palladiosimulator.reliability.sensitivity.edit/src/org/palladiosimulator/reliability/sensitivity/provider/SingleSensitivityParameterItemProvider.java:33: warning: no @param for adapterFactory
    public SingleSensitivityParameterItemProvider(final AdapterFactory adapterFactory) {
           ^
/home/runner/work/telemetry-availability-identification/telemetry-availability-identification/palladio-source/bundles/org.palladiosimulator.reliability.sensitivity.edit/src/org/palladiosimulator/reliability/sensitivity/provider/CommunicationLinkReliabilityParameterItemProvider.java:33: warning: no @param for adapterFactory
    public CommunicationLinkReliabilityParameterItemProvider(final AdapterFactory adapterFactory) {
           ^
/home/runner/work/telemetry-availability-identification/telemetry-availability-identification/palladio-source/bundles/org.palladiosimulator.reliability.sensitivity.edit/src/org/palladiosimulator/reliability/sensitivity/provider/CommunicationLinkReliabilityParameterItemProvider.java:61: warning: no @param for object
    protected void addCommunicationLinkResourceSpecification__CommunicationLinkReliabilityParameterPropertyDescriptor(
                   ^
Generating ./org/palladiosimulator/reliability/sensitivity/ComponentReliabilityParameter.html...
/home/runner/work/telemetry-availability-identification/telemetry-availability-identification/palladio-source/bundles/org.palladiosimulator.reliability.sensitivity/src/org/palladiosimulator/reliability/sensitivity/ComponentReliabilityParameter.java:77: warning: no @return
    boolean ComponentReliabilityParameterMustHaveDoubleVariation(DiagnosticChain diagnostics,
            ^
Generating ./org/palladiosimulator/reliability/sensitivity/impl/ComponentReliabilityParameterImpl.html...
/home/runner/work/telemetry-availability-identification/telemetry-availability-identification/palladio-source/bundles/org.palladiosimulator.reliability.sensitivity/src/org/palladiosimulator/reliability/sensitivity/impl/ComponentReliabilityParameterImpl.java:98: warning: no @return
    public BasicComponent basicGetBasicComponent__ComponentReliabilityParameter() {
                          ^
Generating ./org/palladiosimulator/reliability/sensitivity/provider/ComponentReliabilityParameterItemProvider.html...
/home/runner/work/telemetry-availability-identification/telemetry-availability-identification/palladio-source/bundles/org.palladiosimulator.reliability.sensitivity.edit/src/org/palladiosimulator/reliability/sensitivity/provider/ComponentReliabilityParameterItemProvider.java:33: warning: no @param for adapterFactory
    public ComponentReliabilityParameterItemProvider(final AdapterFactory adapterFactory) {
           ^
/home/runner/work/telemetry-availability-identification/telemetry-availability-identification/palladio-source/bundles/org.palladiosimulator.reliability.sensitivity.edit/src/org/palladiosimulator/reliability/sensitivity/provider/ComponentReliabilityParameterItemProvider.java:59: warning: no @param for object
    protected void addBasicComponent__ComponentReliabilityParameterPropertyDescriptor(final Object object) {
                   ^
Generating ./org/palladiosimulator/reliability/sensitivity/DoubleOffsetSequence.html...
Generating ./org/palladiosimulator/reliability/sensitivity/impl/DoubleOffsetSequenceImpl.html...
/home/runner/work/telemetry-availability-identification/telemetry-availability-identification/palladio-source/bundles/org.palladiosimulator.reliability.sensitivity/src/org/palladiosimulator/reliability/sensitivity/impl/SensitivityParameterVariationImpl.java:69: warning: no @param for newSingleSensitivityParameter__SensitivityParameterVariation
    public NotificationChain basicSetSingleSensitivityParameter__SensitivityParameterVariation(
                             ^
/home/runner/work/telemetry-availability-identification/telemetry-availability-identification/palladio-source/bundles/org.palladiosimulator.reliability.sensitivity/src/org/palladiosimulator/reliability/sensitivity/impl/SensitivityParameterVariationImpl.java:69: warning: no @param for msgs
    public NotificationChain basicSetSingleSensitivityParameter__SensitivityParameterVariation(
                             ^
/home/runner/work/telemetry-availability-identification/telemetry-availability-identification/palladio-source/bundles/org.palladiosimulator.reliability.sensitivity/src/org/palladiosimulator/reliability/sensitivity/impl/SensitivityParameterVariationImpl.java:69: warning: no @return
    public NotificationChain basicSetSingleSensitivityParameter__SensitivityParameterVariation(
                             ^
Generating ./org/palladiosimulator/reliability/sensitivity/provider/DoubleOffsetSequenceItemProvider.html...
/home/runner/work/telemetry-availability-identification/telemetry-availability-identification/palladio-source/bundles/org.palladiosimulator.reliability.sensitivity.edit/src/org/palladiosimulator/reliability/sensitivity/provider/SensitivityParameterVariationItemProvider.java:40: warning: no @param for adapterFactory
    public SensitivityParameterVariationItemProvider(final AdapterFactory adapterFactory) {
           ^
/home/runner/work/telemetry-availability-identification/telemetry-availability-identification/palladio-source/bundles/org.palladiosimulator.reliability.sensitivity.edit/src/org/palladiosimulator/reliability/sensitivity/provider/DoubleParameterVariationItemProvider.java:31: warning: no @param for adapterFactory
    public DoubleParameterVariationItemProvider(final AdapterFactory adapterFactory) {
           ^
/home/runner/work/telemetry-availability-identification/telemetry-availability-identification/palladio-source/bundles/org.palladiosimulator.reliability.sensitivity.edit/src/org/palladiosimulator/reliability/sensitivity/provider/DoubleOffsetSequenceItemProvider.java:35: warning: no @param for adapterFactory
    public DoubleOffsetSequenceItemProvider(final AdapterFactory adapterFactory) {
           ^
/home/runner/work/telemetry-availability-identification/telemetry-availability-identification/palladio-source/bundles/org.palladiosimulator.reliability.sensitivity.edit/src/org/palladiosimulator/reliability/sensitivity/provider/DoubleOffsetSequenceItemProvider.java:62: warning: no @param for object
    protected void addOffsetValuesPropertyDescriptor(final Object object) {
                   ^
/home/runner/work/telemetry-availability-identification/telemetry-availability-identification/palladio-source/bundles/org.palladiosimulator.reliability.sensitivity.edit/src/org/palladiosimulator/reliability/sensitivity/provider/DoubleOffsetSequenceItemProvider.java:78: warning: no @param for object
    protected void addDoubleOffsetType__DoubleOffsetSequencePropertyDescriptor(final Object object) {
                   ^
Generating ./org/palladiosimulator/reliability/sensitivity/DoubleOffsetType.html...
Generating ./org/palladiosimulator/reliability/sensitivity/DoubleParameterFunction.html...
Generating ./org/palladiosimulator/reliability/sensitivity/impl/DoubleParameterFunctionImpl.html...
Generating ./org/palladiosimulator/reliability/sensitivity/provider/DoubleParameterFunctionItemProvider.html...
/home/runner/work/telemetry-availability-identification/telemetry-availability-identification/palladio-source/bundles/org.palladiosimulator.reliability.sensitivity.edit/src/org/palladiosimulator/reliability/sensitivity/provider/DoubleParameterFunctionItemProvider.java:31: warning: no @param for adapterFactory
    public DoubleParameterFunctionItemProvider(final AdapterFactory adapterFactory) {
           ^
Generating ./org/palladiosimulator/reliability/sensitivity/DoubleParameterRange.html...
Generating ./org/palladiosimulator/reliability/sensitivity/impl/DoubleParameterRangeImpl.html...
Generating ./org/palladiosimulator/reliability/sensitivity/provider/DoubleParameterRangeItemProvider.html...
/home/runner/work/telemetry-availability-identification/telemetry-availability-identification/palladio-source/bundles/org.palladiosimulator.reliability.sensitivity.edit/src/org/palladiosimulator/reliability/sensitivity/provider/DoubleParameterRangeItemProvider.java:35: warning: no @param for adapterFactory
    public DoubleParameterRangeItemProvider(final AdapterFactory adapterFactory) {
           ^
/home/runner/work/telemetry-availability-identification/telemetry-availability-identification/palladio-source/bundles/org.palladiosimulator.reliability.sensitivity.edit/src/org/palladiosimulator/reliability/sensitivity/provider/DoubleParameterRangeItemProvider.java:65: warning: no @param for object
    protected void addConsiderStepSizePropertyDescriptor(final Object object) {
                   ^
/home/runner/work/telemetry-availability-identification/telemetry-availability-identification/palladio-source/bundles/org.palladiosimulator.reliability.sensitivity.edit/src/org/palladiosimulator/reliability/sensitivity/provider/DoubleParameterRangeItemProvider.java:81: warning: no @param for object
    protected void addFirstValuePropertyDescriptor(final Object object) {
                   ^
/home/runner/work/telemetry-availability-identification/telemetry-availability-identification/palladio-source/bundles/org.palladiosimulator.reliability.sensitivity.edit/src/org/palladiosimulator/reliability/sensitivity/provider/DoubleParameterRangeItemProvider.java:97: warning: no @param for object
    protected void addLastValuePropertyDescriptor(final Object object) {
                   ^
/home/runner/work/telemetry-availability-identification/telemetry-availability-identification/palladio-source/bundles/org.palladiosimulator.reliability.sensitivity.edit/src/org/palladiosimulator/reliability/sensitivity/provider/DoubleParameterRangeItemProvider.java:113: warning: no @param for object
    protected void addStepSizePropertyDescriptor(final Object object) {
                   ^
/home/runner/work/telemetry-availability-identification/telemetry-availability-identification/palladio-source/bundles/org.palladiosimulator.reliability.sensitivity.edit/src/org/palladiosimulator/reliability/sensitivity/provider/DoubleParameterRangeItemProvider.java:129: warning: no @param for object
    protected void addStepCountPropertyDescriptor(final Object object) {
                   ^
Generating ./org/palladiosimulator/reliability/sensitivity/DoubleParameterSequence.html...
Generating ./org/palladiosimulator/reliability/sensitivity/impl/DoubleParameterSequenceImpl.html...
Generating ./org/palladiosimulator/reliability/sensitivity/provider/DoubleParameterSequenceItemProvider.html...
/home/runner/work/telemetry-availability-identification/telemetry-availability-identification/palladio-source/bundles/org.palladiosimulator.reliability.sensitivity.edit/src/org/palladiosimulator/reliability/sensitivity/provider/DoubleParameterSequenceItemProvider.java:35: warning: no @param for adapterFactory
    public DoubleParameterSequenceItemProvider(final AdapterFactory adapterFactory) {
           ^
/home/runner/work/telemetry-availability-identification/telemetry-availability-identification/palladio-source/bundles/org.palladiosimulator.reliability.sensitivity.edit/src/org/palladiosimulator/reliability/sensitivity/provider/DoubleParameterSequenceItemProvider.java:61: warning: no @param for object
    protected void addDoubleValuesPropertyDescriptor(final Object object) {
                   ^
Generating ./org/palladiosimulator/reliability/sensitivity/DoubleParameterVariation.html...
Generating ./org/palladiosimulator/reliability/sensitivity/impl/DoubleParameterVariationImpl.html...
Generating ./org/palladiosimulator/reliability/sensitivity/provider/DoubleParameterVariationItemProvider.html...
Generating ./org/palladiosimulator/reliability/helper/EMFHelper.html...
/home/runner/work/telemetry-availability-identification/telemetry-availability-identification/palladio-source/bundles/org.palladiosimulator.reliability/src/org/palladiosimulator/reliability/helper/EMFHelper.java:120: warning: no description for @param
     * @param fileName
       ^
/home/runner/work/telemetry-availability-identification/telemetry-availability-identification/palladio-source/bundles/org.palladiosimulator.reliability/src/org/palladiosimulator/reliability/helper/EMFHelper.java:121: warning: no description for @param
     * @param eNamespaceURI
       ^
/home/runner/work/telemetry-availability-identification/telemetry-availability-identification/palladio-source/bundles/org.palladiosimulator.reliability/src/org/palladiosimulator/reliability/helper/EMFHelper.java:122: warning: no description for @param
     * @param ePackage
       ^
/home/runner/work/telemetry-availability-identification/telemetry-availability-identification/palladio-source/bundles/org.palladiosimulator.reliability/src/org/palladiosimulator/reliability/helper/EMFHelper.java:123: warning: no description for @return
     * @return
       ^
Generating ./org/palladiosimulator/reliability/markov/Entity.html...
Generating ./org/palladiosimulator/reliability/markov/impl/EntityImpl.html...
Generating ./org/palladiosimulator/reliability/markov/provider/EntityItemProvider.html...
/home/runner/work/telemetry-availability-identification/telemetry-availability-identification/palladio-source/bundles/org.palladiosimulator.reliability.markov.edit/src/org/palladiosimulator/reliability/markov/provider/EntityItemProvider.java:39: warning: no @param for adapterFactory
    public EntityItemProvider(final AdapterFactory adapterFactory) {
           ^
/home/runner/work/telemetry-availability-identification/telemetry-availability-identification/palladio-source/bundles/org.palladiosimulator.reliability.markov.edit/src/org/palladiosimulator/reliability/markov/provider/EntityItemProvider.java:65: warning: no @param for object
    protected void addNamePropertyDescriptor(final Object object) {
                   ^
Generating ./org/palladiosimulator/reliability/solver/pcm2markov/FailureDescription.html...
/home/runner/work/telemetry-availability-identification/telemetry-availability-identification/palladio-source/bundles/org.palladiosimulator.reliability.solver/src/org/palladiosimulator/reliability/solver/pcm2markov/FailureDescription.java:57: warning: no description for @param
     * @param failureProbability
       ^
Generating ./org/palladiosimulator/reliability/sensitivity/FailureDimension.html...
Generating ./org/palladiosimulator/reliability/sensitivity/FailureDimensionResultSpecification.html...
Generating ./org/palladiosimulator/reliability/sensitivity/impl/FailureDimensionResultSpecificationImpl.html...
Generating ./org/palladiosimulator/reliability/sensitivity/provider/FailureDimensionResultSpecificationItemProvider.html...
/home/runner/work/telemetry-availability-identification/telemetry-availability-identification/palladio-source/bundles/org.palladiosimulator.reliability.sensitivity.edit/src/org/palladiosimulator/reliability/sensitivity/provider/SensitivityResultSpecificationItemProvider.java:33: warning: no @param for adapterFactory
    public SensitivityResultSpecificationItemProvider(final AdapterFactory adapterFactory) {
           ^
/home/runner/work/telemetry-availability-identification/telemetry-availability-identification/palladio-source/bundles/org.palladiosimulator.reliability.sensitivity.edit/src/org/palladiosimulator/reliability/sensitivity/provider/FailureDimensionResultSpecificationItemProvider.java:35: warning: no @param for adapterFactory
    public FailureDimensionResultSpecificationItemProvider(final AdapterFactory adapterFactory) {
           ^
/home/runner/work/telemetry-availability-identification/telemetry-availability-identification/palladio-source/bundles/org.palladiosimulator.reliability.sensitivity.edit/src/org/palladiosimulator/reliability/sensitivity/provider/FailureDimensionResultSpecificationItemProvider.java:61: warning: no @param for object
    protected void addFailureDimension__FailureDimensionResultSpecificationPropertyDescriptor(final Object object) {
                   ^
Generating ./org/palladiosimulator/reliability/FailureStatistics.html...
/home/runner/work/telemetry-availability-identification/telemetry-availability-identification/palladio-source/bundles/org.palladiosimulator.reliability/src/org/palladiosimulator/reliability/FailureStatistics.java:196: warning: no @param for failureType
    public long getFailureCount(final FailureType failureType) {
                ^
/home/runner/work/telemetry-availability-identification/telemetry-availability-identification/palladio-source/bundles/org.palladiosimulator.reliability/src/org/palladiosimulator/reliability/FailureStatistics.java:205: warning: no @param for failureType
    public Bag<MarkovFailureType> getFailureCounters(final FailureType failureType) {
                                  ^
/home/runner/work/telemetry-availability-identification/telemetry-availability-identification/palladio-source/bundles/org.palladiosimulator.reliability/src/org/palladiosimulator/reliability/FailureStatistics.java:287: error: @param name not found
     * @param MarkovFailureType
              ^
/home/runner/work/telemetry-availability-identification/telemetry-availability-identification/palladio-source/bundles/org.palladiosimulator.reliability/src/org/palladiosimulator/reliability/FailureStatistics.java:290: warning: no @param for failureKind
    public void increaseFailureCounter(final FailureType failureKind, final MarkovFailureType failureType) {
                ^
/home/runner/work/telemetry-availability-identification/telemetry-availability-identification/palladio-source/bundles/org.palladiosimulator.reliability/src/org/palladiosimulator/reliability/FailureStatistics.java:290: warning: no @param for failureType
    public void increaseFailureCounter(final FailureType failureKind, final MarkovFailureType failureType) {
                ^
/home/runner/work/telemetry-availability-identification/telemetry-availability-identification/palladio-source/bundles/org.palladiosimulator.reliability/src/org/palladiosimulator/reliability/FailureStatistics.java:311: warning: no description for @param
     * @param simulationTime
       ^
/home/runner/work/telemetry-availability-identification/telemetry-availability-identification/palladio-source/bundles/org.palladiosimulator.reliability/src/org/palladiosimulator/reliability/FailureStatistics.java:381: warning: no description for @param
     * @param simulationTime
       ^
/home/runner/work/telemetry-availability-identification/telemetry-availability-identification/palladio-source/bundles/org.palladiosimulator.reliability/src/org/palladiosimulator/reliability/FailureStatistics.java:46: warning: no comment
    public enum FailureType {
           ^
/home/runner/work/telemetry-availability-identification/telemetry-availability-identification/palladio-source/bundles/org.palladiosimulator.reliability/src/org/palladiosimulator/reliability/FailureStatistics.java:70: warning: no comment
    public EventProbe<FailureStatistics> getExecutionResultProbe() {
                                         ^
/home/runner/work/telemetry-availability-identification/telemetry-availability-identification/palladio-source/bundles/org.palladiosimulator.reliability/src/org/palladiosimulator/reliability/FailureStatistics.java:295: warning: no comment
    public void recordSuccess() {
                ^
Generating ./org/palladiosimulator/reliability/FailureStatistics.FailureType.html...
/home/runner/work/telemetry-availability-identification/telemetry-availability-identification/palladio-source/bundles/org.palladiosimulator.reliability/src/org/palladiosimulator/reliability/FailureStatistics.java:47: warning: no comment
        HANDLED, UNHANDLED, TOTAL
        ^
/home/runner/work/telemetry-availability-identification/telemetry-availability-identification/palladio-source/bundles/org.palladiosimulator.reliability/src/org/palladiosimulator/reliability/FailureStatistics.java:47: warning: no comment
        HANDLED, UNHANDLED, TOTAL
                            ^
/home/runner/work/telemetry-availability-identification/telemetry-availability-identification/palladio-source/bundles/org.palladiosimulator.reliability/src/org/palladiosimulator/reliability/FailureStatistics.java:47: warning: no comment
        HANDLED, UNHANDLED, TOTAL
                 ^
Generating ./org/palladiosimulator/reliability/sensitivity/FailureTypeResultSpecification.html...
Generating ./org/palladiosimulator/reliability/sensitivity/impl/FailureTypeResultSpecificationImpl.html...
Generating ./org/palladiosimulator/reliability/sensitivity/provider/FailureTypeResultSpecificationItemProvider.html...
/home/runner/work/telemetry-availability-identification/telemetry-availability-identification/palladio-source/bundles/org.palladiosimulator.reliability.sensitivity.edit/src/org/palladiosimulator/reliability/sensitivity/provider/FailureTypeResultSpecificationItemProvider.java:33: warning: no @param for adapterFactory
    public FailureTypeResultSpecificationItemProvider(final AdapterFactory adapterFactory) {
           ^
/home/runner/work/telemetry-availability-identification/telemetry-availability-identification/palladio-source/bundles/org.palladiosimulator.reliability.sensitivity.edit/src/org/palladiosimulator/reliability/sensitivity/provider/FailureTypeResultSpecificationItemProvider.java:59: warning: no @param for object
    protected void addFailureTypes__FailureTypeResultSpecificationPropertyDescriptor(final Object object) {
                   ^
Generating ./org/palladiosimulator/reliability/sensitivity/HardwareMTTFParameter.html...
/home/runner/work/telemetry-availability-identification/telemetry-availability-identification/palladio-source/bundles/org.palladiosimulator.reliability.sensitivity/src/org/palladiosimulator/reliability/sensitivity/HardwareMTTFParameter.java:36: warning: no @return
    boolean HardwareMTTFParameterMustHaveDoubleVariation(DiagnosticChain diagnostics, Map<Object, Object> context);
            ^
Generating ./org/palladiosimulator/reliability/sensitivity/impl/HardwareMTTFParameterImpl.html...
Generating ./org/palladiosimulator/reliability/sensitivity/provider/HardwareMTTFParameterItemProvider.html...
/home/runner/work/telemetry-availability-identification/telemetry-availability-identification/palladio-source/bundles/org.palladiosimulator.reliability.sensitivity.edit/src/org/palladiosimulator/reliability/sensitivity/provider/HardwareMTTFParameterItemProvider.java:32: warning: no @param for adapterFactory
    public HardwareMTTFParameterItemProvider(final AdapterFactory adapterFactory) {
           ^
Generating ./org/palladiosimulator/reliability/sensitivity/HardwareMTTRParameter.html...
/home/runner/work/telemetry-availability-identification/telemetry-availability-identification/palladio-source/bundles/org.palladiosimulator.reliability.sensitivity/src/org/palladiosimulator/reliability/sensitivity/HardwareMTTRParameter.java:36: warning: no @return
    boolean HardwareMTTRParameterMustHaveDoubleVariation(DiagnosticChain diagnostics, Map<Object, Object> context);
            ^
Generating ./org/palladiosimulator/reliability/sensitivity/impl/HardwareMTTRParameterImpl.html...
Generating ./org/palladiosimulator/reliability/sensitivity/provider/HardwareMTTRParameterItemProvider.html...
/home/runner/work/telemetry-availability-identification/telemetry-availability-identification/palladio-source/bundles/org.palladiosimulator.reliability.sensitivity.edit/src/org/palladiosimulator/reliability/sensitivity/provider/HardwareMTTRParameterItemProvider.java:32: warning: no @param for adapterFactory
    public HardwareMTTRParameterItemProvider(final AdapterFactory adapterFactory) {
           ^
Generating ./org/palladiosimulator/reliability/IFailureStatisticsListener.html...
/home/runner/work/telemetry-availability-identification/telemetry-availability-identification/palladio-source/bundles/org.palladiosimulator.reliability/src/org/palladiosimulator/reliability/IFailureStatisticsListener.java:3: warning: no comment
public interface IFailureStatisticsListener {
       ^
/home/runner/work/telemetry-availability-identification/telemetry-availability-identification/palladio-source/bundles/org.palladiosimulator.reliability/src/org/palladiosimulator/reliability/IFailureStatisticsListener.java:5: warning: no comment
    public abstract void executionResultRecorder(MarkovFailureType failureType);
                         ^
Generating ./org/palladiosimulator/reliability/sensitivity/InternalActionReliabilityParameter.html...
/home/runner/work/telemetry-availability-identification/telemetry-availability-identification/palladio-source/bundles/org.palladiosimulator.reliability.sensitivity/src/org/palladiosimulator/reliability/sensitivity/InternalActionReliabilityParameter.java:118: warning: no @return
    boolean InternalActionReliabilityParameterMustHaveDoubleVariation(DiagnosticChain diagnostics,
            ^
Generating ./org/palladiosimulator/reliability/sensitivity/impl/InternalActionReliabilityParameterImpl.html...
/home/runner/work/telemetry-availability-identification/telemetry-availability-identification/palladio-source/bundles/org.palladiosimulator.reliability.sensitivity/src/org/palladiosimulator/reliability/sensitivity/impl/InternalActionReliabilityParameterImpl.java:114: warning: no @return
    public SoftwareInducedFailureType basicGetSoftwareInducedFailureType__InternalActionReliabilityParameter() {
                                      ^
/home/runner/work/telemetry-availability-identification/telemetry-availability-identification/palladio-source/bundles/org.palladiosimulator.reliability.sensitivity/src/org/palladiosimulator/reliability/sensitivity/impl/InternalActionReliabilityParameterImpl.java:165: warning: no @return
    public InternalAction basicGetInternalAction__InternalActionReliabilityParameter() {
                          ^
Generating ./org/palladiosimulator/reliability/sensitivity/provider/InternalActionReliabilityParameterItemProvider.html...
/home/runner/work/telemetry-availability-identification/telemetry-availability-identification/palladio-source/bundles/org.palladiosimulator.reliability.sensitivity.edit/src/org/palladiosimulator/reliability/sensitivity/provider/InternalActionReliabilityParameterItemProvider.java:33: warning: no @param for adapterFactory
    public InternalActionReliabilityParameterItemProvider(final AdapterFactory adapterFactory) {
           ^
/home/runner/work/telemetry-availability-identification/telemetry-availability-identification/palladio-source/bundles/org.palladiosimulator.reliability.sensitivity.edit/src/org/palladiosimulator/reliability/sensitivity/provider/InternalActionReliabilityParameterItemProvider.java:60: warning: no @param for object
    protected void addSoftwareInducedFailureType__InternalActionReliabilityParameterPropertyDescriptor(
                   ^
/home/runner/work/telemetry-availability-identification/telemetry-availability-identification/palladio-source/bundles/org.palladiosimulator.reliability.sensitivity.edit/src/org/palladiosimulator/reliability/sensitivity/provider/InternalActionReliabilityParameterItemProvider.java:79: warning: no @param for object
    protected void addInternalAction__InternalActionReliabilityParameterPropertyDescriptor(final Object object) {
                   ^
Generating ./org/palladiosimulator/reliability/solver/Inverse.html...
/home/runner/work/telemetry-availability-identification/telemetry-availability-identification/palladio-source/bundles/org.palladiosimulator.reliability.solver/src/org/palladiosimulator/reliability/solver/Inverse.java:22: warning: no comment
public class Inverse {
       ^
/home/runner/work/telemetry-availability-identification/telemetry-availability-identification/palladio-source/bundles/org.palladiosimulator.reliability.solver/src/org/palladiosimulator/reliability/solver/Inverse.java:24: warning: no comment
    public static void gaussian(final double a[][], final int index[]) {
                       ^
/home/runner/work/telemetry-availability-identification/telemetry-availability-identification/palladio-source/bundles/org.palladiosimulator.reliability.solver/src/org/palladiosimulator/reliability/solver/Inverse.java:79: warning: no comment
    public static double[][] invert(final double a[][]) {
                             ^
Generating ./org/palladiosimulator/reliability/markov/Label.html...
Generating ./org/palladiosimulator/reliability/markov/impl/LabelImpl.html...
Generating ./org/palladiosimulator/reliability/markov/provider/LabelItemProvider.html...
/home/runner/work/telemetry-availability-identification/telemetry-availability-identification/palladio-source/bundles/org.palladiosimulator.reliability.markov.edit/src/org/palladiosimulator/reliability/markov/provider/LabelItemProvider.java:39: warning: no @param for adapterFactory
    public LabelItemProvider(final AdapterFactory adapterFactory) {
           ^
/home/runner/work/telemetry-availability-identification/telemetry-availability-identification/palladio-source/bundles/org.palladiosimulator.reliability.markov.edit/src/org/palladiosimulator/reliability/markov/provider/LabelItemProvider.java:66: warning: no @param for object
    protected void addKeyPropertyDescriptor(final Object object) {
                   ^
/home/runner/work/telemetry-availability-identification/telemetry-availability-identification/palladio-source/bundles/org.palladiosimulator.reliability.markov.edit/src/org/palladiosimulator/reliability/markov/provider/LabelItemProvider.java:81: warning: no @param for object
    protected void addValuePropertyDescriptor(final Object object) {
                   ^
Generating ./org/palladiosimulator/reliability/markov/presentation/MarkovActionBarContributor.html...
/home/runner/work/telemetry-availability-identification/telemetry-availability-identification/palladio-source/bundles/org.palladiosimulator.reliability.markov.editor/src/org/palladiosimulator/reliability/markov/presentation/MarkovActionBarContributor.java:313: warning: no @param for descriptors
    protected Collection<IAction> generateCreateChildActions(final Collection<?> descriptors, final ISelection selection) {
                                  ^
/home/runner/work/telemetry-availability-identification/telemetry-availability-identification/palladio-source/bundles/org.palladiosimulator.reliability.markov.editor/src/org/palladiosimulator/reliability/markov/presentation/MarkovActionBarContributor.java:313: warning: no @param for selection
    protected Collection<IAction> generateCreateChildActions(final Collection<?> descriptors, final ISelection selection) {
                                  ^
/home/runner/work/telemetry-availability-identification/telemetry-availability-identification/palladio-source/bundles/org.palladiosimulator.reliability.markov.editor/src/org/palladiosimulator/reliability/markov/presentation/MarkovActionBarContributor.java:313: warning: no @return
    protected Collection<IAction> generateCreateChildActions(final Collection<?> descriptors, final ISelection selection) {
                                  ^
/home/runner/work/telemetry-availability-identification/telemetry-availability-identification/palladio-source/bundles/org.palladiosimulator.reliability.markov.editor/src/org/palladiosimulator/reliability/markov/presentation/MarkovActionBarContributor.java:332: warning: no @param for descriptors
    protected Collection<IAction> generateCreateSiblingActions(final Collection<?> descriptors,
                                  ^
/home/runner/work/telemetry-availability-identification/telemetry-availability-identification/palladio-source/bundles/org.palladiosimulator.reliability.markov.editor/src/org/palladiosimulator/reliability/markov/presentation/MarkovActionBarContributor.java:332: warning: no @param for selection
    protected Collection<IAction> generateCreateSiblingActions(final Collection<?> descriptors,
                                  ^
/home/runner/work/telemetry-availability-identification/telemetry-availability-identification/palladio-source/bundles/org.palladiosimulator.reliability.markov.editor/src/org/palladiosimulator/reliability/markov/presentation/MarkovActionBarContributor.java:332: warning: no @return
    protected Collection<IAction> generateCreateSiblingActions(final Collection<?> descriptors,
                                  ^
/home/runner/work/telemetry-availability-identification/telemetry-availability-identification/palladio-source/bundles/org.palladiosimulator.reliability.markov.editor/src/org/palladiosimulator/reliability/markov/presentation/MarkovActionBarContributor.java:355: warning: no @param for manager
    protected void populateManager(final IContributionManager manager, final Collection<? extends IAction> actions,
                   ^
/home/runner/work/telemetry-availability-identification/telemetry-availability-identification/palladio-source/bundles/org.palladiosimulator.reliability.markov.editor/src/org/palladiosimulator/reliability/markov/presentation/MarkovActionBarContributor.java:355: warning: no @param for actions
    protected void populateManager(final IContributionManager manager, final Collection<? extends IAction> actions,
                   ^
/home/runner/work/telemetry-availability-identification/telemetry-availability-identification/palladio-source/bundles/org.palladiosimulator.reliability.markov.editor/src/org/palladiosimulator/reliability/markov/presentation/MarkovActionBarContributor.java:355: warning: no @param for contributionID
    protected void populateManager(final IContributionManager manager, final Collection<? extends IAction> actions,
                   ^
/home/runner/work/telemetry-availability-identification/telemetry-availability-identification/palladio-source/bundles/org.palladiosimulator.reliability.markov.editor/src/org/palladiosimulator/reliability/markov/presentation/MarkovActionBarContributor.java:381: warning: no @param for manager
    protected void depopulateManager(final IContributionManager manager, final Collection<? extends IAction> actions) {
                   ^
/home/runner/work/telemetry-availability-identification/telemetry-availability-identification/palladio-source/bundles/org.palladiosimulator.reliability.markov.editor/src/org/palladiosimulator/reliability/markov/presentation/MarkovActionBarContributor.java:381: warning: no @param for actions
    protected void depopulateManager(final IContributionManager manager, final Collection<? extends IAction> actions) {
                   ^
Generating ./org/palladiosimulator/reliability/markov/util/MarkovAdapterFactory.html...
Generating ./org/palladiosimulator/reliability/solver/pcm2markov/MarkovBuilder.html...
Generating ./org/palladiosimulator/reliability/markov/MarkovChain.html...
Generating ./org/palladiosimulator/reliability/markov/impl/MarkovChainImpl.html...
Generating ./org/palladiosimulator/reliability/markov/provider/MarkovChainItemProvider.html...
/home/runner/work/telemetry-availability-identification/telemetry-availability-identification/palladio-source/bundles/org.palladiosimulator.reliability.markov.edit/src/org/palladiosimulator/reliability/markov/provider/MarkovChainItemProvider.java:32: warning: no @param for adapterFactory
    public MarkovChainItemProvider(final AdapterFactory adapterFactory) {
           ^
Generating ./org/palladiosimulator/reliability/markov/presentation/MarkovEditor.html...
/home/runner/work/telemetry-availability-identification/telemetry-availability-identification/palladio-source/bundles/org.palladiosimulator.reliability.markov.editor/src/org/palladiosimulator/reliability/markov/presentation/MarkovEditor.java:703: warning: no @return
     protected boolean handleDirtyConflict() {
                       ^
/home/runner/work/telemetry-availability-identification/telemetry-availability-identification/palladio-source/bundles/org.palladiosimulator.reliability.markov.editor/src/org/palladiosimulator/reliability/markov/presentation/MarkovEditor.java:806: warning: no @param for collection
     public void setSelectionToViewer(final Collection<?> collection) {
                 ^
/home/runner/work/telemetry-availability-identification/telemetry-availability-identification/palladio-source/bundles/org.palladiosimulator.reliability.markov.editor/src/org/palladiosimulator/reliability/markov/presentation/MarkovEditor.java:909: warning: no @param for viewerPane
     public void setCurrentViewerPane(final ViewerPane viewerPane) {
                 ^
/home/runner/work/telemetry-availability-identification/telemetry-availability-identification/palladio-source/bundles/org.palladiosimulator.reliability.markov.editor/src/org/palladiosimulator/reliability/markov/presentation/MarkovEditor.java:927: warning: no @param for viewer
     public void setCurrentViewer(final Viewer viewer) {
                 ^
/home/runner/work/telemetry-availability-identification/telemetry-availability-identification/palladio-source/bundles/org.palladiosimulator.reliability.markov.editor/src/org/palladiosimulator/reliability/markov/presentation/MarkovEditor.java:991: warning: no @param for viewer
     protected void createContextMenuFor(final StructuredViewer viewer) {
                    ^
/home/runner/work/telemetry-availability-identification/telemetry-availability-identification/palladio-source/bundles/org.palladiosimulator.reliability.markov.editor/src/org/palladiosimulator/reliability/markov/presentation/MarkovEditor.java:1043: warning: no @param for resource
     public Diagnostic analyzeResourceProblems(final Resource resource, final Exception exception) {
                       ^
/home/runner/work/telemetry-availability-identification/telemetry-availability-identification/palladio-source/bundles/org.palladiosimulator.reliability.markov.editor/src/org/palladiosimulator/reliability/markov/presentation/MarkovEditor.java:1043: warning: no @param for exception
     public Diagnostic analyzeResourceProblems(final Resource resource, final Exception exception) {
                       ^
Generating ./org/palladiosimulator/reliability/markov/presentation/MarkovEditor.ReverseAdapterFactoryContentProvider.html...
Generating ./org/palladiosimulator/reliability/markov/presentation/MarkovEditorPlugin.html...
Generating ./org/palladiosimulator/reliability/markov/presentation/MarkovEditorPlugin.Implementation.html...
Generating ./org/palladiosimulator/reliability/markov/provider/MarkovEditPlugin.html...
Generating ./org/palladiosimulator/reliability/markov/provider/MarkovEditPlugin.Implementation.html...
Generating ./org/palladiosimulator/reliability/MarkovEvaluationType.html...
Generating ./org/palladiosimulator/reliability/solver/pcm2markov/MarkovException.html...
Generating ./org/palladiosimulator/reliability/markov/MarkovFactory.html...
Generating ./org/palladiosimulator/reliability/markov/impl/MarkovFactoryImpl.html...
Generating ./org/palladiosimulator/reliability/MarkovFailureType.html...
Generating ./org/palladiosimulator/reliability/helper/MarkovFailureTypeHelper.html...
Generating ./org/palladiosimulator/reliability/MarkovHardwareInducedFailureType.html...
Generating ./org/palladiosimulator/reliability/markov/provider/MarkovItemProviderAdapterFactory.html...
Generating ./org/palladiosimulator/reliability/markov/presentation/MarkovModelWizard.html...
Generating ./org/palladiosimulator/reliability/markov/presentation/MarkovModelWizard.MarkovModelWizardInitialObjectCreationPage.html...
Generating ./org/palladiosimulator/reliability/markov/presentation/MarkovModelWizard.MarkovModelWizardNewFileCreationPage.html...
Generating ./org/palladiosimulator/reliability/MarkovNetworkInducedFailureType.html...
Generating ./org/palladiosimulator/reliability/markov/MarkovPackage.html...
Generating ./org/palladiosimulator/reliability/markov/MarkovPackage.Literals.html...
Generating ./org/palladiosimulator/reliability/markov/impl/MarkovPackageImpl.html...
Generating ./org/palladiosimulator/reliability/solver/pcm2markov/MarkovResourceState.html...
Generating ./org/palladiosimulator/reliability/MarkovResourceTimeoutFailureType.html...
Generating ./org/palladiosimulator/reliability/solver/pcm2markov/MarkovResourceType.html...
Generating ./org/palladiosimulator/reliability/solver/pcm2markov/MarkovResultApproximation.html...
Generating ./org/palladiosimulator/reliability/solver/pcm2markov/MarkovSeffVisitor.html...
/home/runner/work/telemetry-availability-identification/telemetry-availability-identification/palladio-source/bundles/org.palladiosimulator.reliability.solver/src/org/palladiosimulator/reliability/solver/pcm2markov/MarkovSeffVisitor.java:465: error: reference not found
     * Chain is generated by {@link MarkovSeffVisitor.createExternalCallActionChain}. If an retry
                                    ^
Generating ./org/palladiosimulator/reliability/MarkovSoftwareInducedFailureType.html...
Generating ./org/palladiosimulator/reliability/solver/MarkovSolver.html...
Generating ./org/palladiosimulator/reliability/markov/util/MarkovSwitch.html...
Generating ./org/palladiosimulator/reliability/solver/pcm2markov/MarkovTransformation.html...
Generating ./org/palladiosimulator/reliability/solver/pcm2markov/MarkovTransformationResult.html...
Generating ./org/palladiosimulator/reliability/solver/pcm2markov/MarkovTransformationSource.html...
/home/runner/work/telemetry-availability-identification/telemetry-availability-identification/palladio-source/bundles/org.palladiosimulator.reliability.solver/src/org/palladiosimulator/reliability/solver/pcm2markov/MarkovTransformationSource.java:237: error: @param name not found
     * @param descriptors
              ^
Generating ./org/palladiosimulator/reliability/solver/pcm2markov/MarkovUsageModelVisitor.html...
Generating ./org/palladiosimulator/reliability/sensitivity/NetworkReliabilityParameter.html...
Generating ./org/palladiosimulator/reliability/sensitivity/impl/NetworkReliabilityParameterImpl.html...
Generating ./org/palladiosimulator/reliability/sensitivity/provider/NetworkReliabilityParameterItemProvider.html...
Generating ./org/palladiosimulator/reliability/solver/runconfig/OptionsTab.html...
Generating ./org/palladiosimulator/reliability/solver/pcm2markov/Pcm2MarkovStrategy.html...
Generating ./org/palladiosimulator/reliability/solver/runconfig/PCMSolverReliabilityConfigurationBasedConfigBuilder.html...
Generating ./org/palladiosimulator/reliability/solver/runconfig/PCMSolverReliabilityJob.html...
Generating ./org/palladiosimulator/reliability/solver/runconfig/PCMSolverReliabilityLaunchConfigurationDelegate.html...
Generating ./org/palladiosimulator/reliability/solver/runconfig/PCMSolverReliabilityTabGroup.html...
Generating ./org/palladiosimulator/reliability/sensitivity/ProbabilisticBranchParameter.html...
Generating ./org/palladiosimulator/reliability/sensitivity/impl/ProbabilisticBranchParameterImpl.html...
Generating ./org/palladiosimulator/reliability/sensitivity/provider/ProbabilisticBranchParameterItemProvider.html...
Generating ./org/palladiosimulator/reliability/solver/pcm2markov/ProcessingResourceDescriptor.html...
Generating ./org/palladiosimulator/reliability/solver/runconfig/ReliabilityConfigurationTab.html...
Generating ./org/palladiosimulator/reliability/solver/runconfig/ReliabilityWorkflowJobBuilder.html...
Generating ./org/palladiosimulator/reliability/sensitivity/ResourceMTTFParameter.html...
Generating ./org/palladiosimulator/reliability/sensitivity/impl/ResourceMTTFParameterImpl.html...
Generating ./org/palladiosimulator/reliability/sensitivity/provider/ResourceMTTFParameterItemProvider.html...
Generating ./org/palladiosimulator/reliability/sensitivity/ResourceMTTRParameter.html...
Generating ./org/palladiosimulator/reliability/sensitivity/impl/ResourceMTTRParameterImpl.html...
Generating ./org/palladiosimulator/reliability/sensitivity/provider/ResourceMTTRParameterItemProvider.html...
Generating ./org/palladiosimulator/reliability/solver/runconfig/RunPCMReliabilityAnalysisJob.html...
Generating ./org/palladiosimulator/reliability/sensitivity/presentation/SensitivityActionBarContributor.html...
Generating ./org/palladiosimulator/reliability/sensitivity/util/SensitivityAdapterFactory.html...
Generating ./org/palladiosimulator/reliability/sensitivity/SensitivityConfiguration.html...
Generating ./org/palladiosimulator/reliability/sensitivity/impl/SensitivityConfigurationImpl.html...
Generating ./org/palladiosimulator/reliability/sensitivity/provider/SensitivityConfigurationItemProvider.html...
Generating ./org/palladiosimulator/reliability/sensitivity/presentation/SensitivityEditor.html...
Generating ./org/palladiosimulator/reliability/sensitivity/presentation/SensitivityEditor.ReverseAdapterFactoryContentProvider.html...
Generating ./org/palladiosimulator/reliability/sensitivity/presentation/SensitivityEditorPlugin.html...
Generating ./org/palladiosimulator/reliability/sensitivity/presentation/SensitivityEditorPlugin.Implementation.html...
Generating ./org/palladiosimulator/reliability/sensitivity/provider/SensitivityEditPlugin.html...
Generating ./org/palladiosimulator/reliability/sensitivity/provider/SensitivityEditPlugin.Implementation.html...
Generating ./org/palladiosimulator/reliability/sensitivity/SensitivityFactory.html...
Generating ./org/palladiosimulator/reliability/sensitivity/impl/SensitivityFactoryImpl.html...
Generating ./org/palladiosimulator/reliability/sensitivity/provider/SensitivityItemProviderAdapterFactory.html...
Generating ./org/palladiosimulator/reliability/sensitivity/presentation/SensitivityModelWizard.html...
Generating ./org/palladiosimulator/reliability/sensitivity/presentation/SensitivityModelWizard.SensitivityModelWizardInitialObjectCreationPage.html...
Generating ./org/palladiosimulator/reliability/sensitivity/presentation/SensitivityModelWizard.SensitivityModelWizardNewFileCreationPage.html...
Generating ./org/palladiosimulator/reliability/sensitivity/SensitivityPackage.html...
Generating ./org/palladiosimulator/reliability/sensitivity/SensitivityPackage.Literals.html...
/home/runner/work/telemetry-availability-identification/telemetry-availability-identification/palladio-source/bundles/org.palladiosimulator.reliability.sensitivity/src/org/palladiosimulator/reliability/sensitivity/SensitivityPackage.java:2757: error: syntax error in reference
         * @see org.palladiosimulator.reliability.sensitivity.impl.
           ^
/home/runner/work/telemetry-availability-identification/telemetry-availability-identification/palladio-source/bundles/org.palladiosimulator.reliability.sensitivity/src/org/palladiosimulator/reliability/sensitivity/SensitivityPackage.java:2947: error: syntax error in reference
         * @see org.palladiosimulator.reliability.sensitivity.impl.
           ^
/home/runner/work/telemetry-availability-identification/telemetry-availability-identification/palladio-source/bundles/org.palladiosimulator.reliability.sensitivity/src/org/palladiosimulator/reliability/sensitivity/SensitivityPackage.java:3098: error: syntax error in reference
         * @see org.palladiosimulator.reliability.sensitivity.impl.
           ^
/home/runner/work/telemetry-availability-identification/telemetry-availability-identification/palladio-source/bundles/org.palladiosimulator.reliability.sensitivity/src/org/palladiosimulator/reliability/sensitivity/SensitivityPackage.java:3272: error: syntax error in reference
         * @see org.palladiosimulator.reliability.sensitivity.impl.
           ^
/home/runner/work/telemetry-availability-identification/telemetry-availability-identification/palladio-source/bundles/org.palladiosimulator.reliability.sensitivity/src/org/palladiosimulator/reliability/sensitivity/SensitivityPackage.java:3295: error: syntax error in reference
         * @see org.palladiosimulator.reliability.sensitivity.impl.
           ^
Generating ./org/palladiosimulator/reliability/sensitivity/impl/SensitivityPackageImpl.html...
Generating ./org/palladiosimulator/reliability/sensitivity/SensitivityParameter.html...
Generating ./org/palladiosimulator/reliability/sensitivity/impl/SensitivityParameterImpl.html...
Generating ./org/palladiosimulator/reliability/sensitivity/provider/SensitivityParameterItemProvider.html...
Generating ./org/palladiosimulator/reliability/sensitivity/SensitivityParameterVariation.html...
Generating ./org/palladiosimulator/reliability/sensitivity/impl/SensitivityParameterVariationImpl.html...
Generating ./org/palladiosimulator/reliability/sensitivity/provider/SensitivityParameterVariationItemProvider.html...
Generating ./org/palladiosimulator/reliability/sensitivity/util/SensitivityResourceFactoryImpl.html...
Generating ./org/palladiosimulator/reliability/sensitivity/util/SensitivityResourceImpl.html...
Generating ./org/palladiosimulator/reliability/sensitivity/SensitivityResultSpecification.html...
Generating ./org/palladiosimulator/reliability/sensitivity/impl/SensitivityResultSpecificationImpl.html...
Generating ./org/palladiosimulator/reliability/sensitivity/provider/SensitivityResultSpecificationItemProvider.html...
Generating ./org/palladiosimulator/reliability/sensitivity/util/SensitivitySwitch.html...
Generating ./org/palladiosimulator/reliability/sensitivity/util/SensitivityValidator.html...
Generating ./org/palladiosimulator/reliability/sensitivity/util/SensitivityXMLProcessor.html...
Generating ./org/palladiosimulator/reliability/sensitivity/SingleSensitivityParameter.html...
Generating ./org/palladiosimulator/reliability/sensitivity/impl/SingleSensitivityParameterImpl.html...
Generating ./org/palladiosimulator/reliability/sensitivity/provider/SingleSensitivityParameterItemProvider.html...
Generating ./org/palladiosimulator/reliability/sensitivity/SoftwareFailureTypesParameter.html...
Generating ./org/palladiosimulator/reliability/sensitivity/impl/SoftwareFailureTypesParameterImpl.html...
Generating ./org/palladiosimulator/reliability/sensitivity/provider/SoftwareFailureTypesParameterItemProvider.html...
Generating ./org/palladiosimulator/reliability/sensitivity/SoftwareReliabilityParameter.html...
Generating ./org/palladiosimulator/reliability/sensitivity/impl/SoftwareReliabilityParameterImpl.html...
Generating ./org/palladiosimulator/reliability/sensitivity/provider/SoftwareReliabilityParameterItemProvider.html...
Generating ./org/palladiosimulator/reliability/solver/SolverPlugin.html...
Generating ./org/palladiosimulator/reliability/markov/State.html...
Generating ./org/palladiosimulator/reliability/markov/impl/StateImpl.html...
Generating ./org/palladiosimulator/reliability/markov/provider/StateItemProvider.html...
Generating ./org/palladiosimulator/reliability/markov/StateType.html...
Generating ./org/palladiosimulator/reliability/sensitivity/StringParameterSequence.html...
Generating ./org/palladiosimulator/reliability/sensitivity/impl/StringParameterSequenceImpl.html...
Generating ./org/palladiosimulator/reliability/sensitivity/provider/StringParameterSequenceItemProvider.html...
Generating ./org/palladiosimulator/reliability/markov/Transition.html...
Generating ./org/palladiosimulator/reliability/markov/impl/TransitionImpl.html...
Generating ./org/palladiosimulator/reliability/markov/provider/TransitionItemProvider.html...
Generating ./org/palladiosimulator/reliability/sensitivity/UsageBranchParameter.html...
Generating ./org/palladiosimulator/reliability/sensitivity/impl/UsageBranchParameterImpl.html...
Generating ./org/palladiosimulator/reliability/sensitivity/provider/UsageBranchParameterItemProvider.html...
Generating ./org/palladiosimulator/reliability/sensitivity/VariableUsageParameter.html...
Generating ./org/palladiosimulator/reliability/sensitivity/impl/VariableUsageParameterImpl.html...
Generating ./org/palladiosimulator/reliability/sensitivity/provider/VariableUsageParameterItemProvider.html...
Generating ./org/palladiosimulator/reliability/sensitivity/VariableUsageType.html...
Generating ./org/palladiosimulator/reliability/package-summary.html...
Generating ./org/palladiosimulator/reliability/package-tree.html...
Generating ./org/palladiosimulator/reliability/helper/package-summary.html...
Generating ./org/palladiosimulator/reliability/helper/package-tree.html...
Generating ./org/palladiosimulator/reliability/markov/package-summary.html...
Generating ./org/palladiosimulator/reliability/markov/package-tree.html...
Generating ./org/palladiosimulator/reliability/markov/impl/package-summary.html...
Generating ./org/palladiosimulator/reliability/markov/impl/package-tree.html...
Generating ./org/palladiosimulator/reliability/markov/presentation/package-summary.html...
Generating ./org/palladiosimulator/reliability/markov/presentation/package-tree.html...
Generating ./org/palladiosimulator/reliability/markov/provider/package-summary.html...
Generating ./org/palladiosimulator/reliability/markov/provider/package-tree.html...
Generating ./org/palladiosimulator/reliability/markov/util/package-summary.html...
Generating ./org/palladiosimulator/reliability/markov/util/package-tree.html...
Generating ./org/palladiosimulator/reliability/sensitivity/package-summary.html...
Generating ./org/palladiosimulator/reliability/sensitivity/package-tree.html...
Generating ./org/palladiosimulator/reliability/sensitivity/impl/package-summary.html...
Generating ./org/palladiosimulator/reliability/sensitivity/impl/package-tree.html...
Generating ./org/palladiosimulator/reliability/sensitivity/presentation/package-summary.html...
Generating ./org/palladiosimulator/reliability/sensitivity/presentation/package-tree.html...
Generating ./org/palladiosimulator/reliability/sensitivity/provider/package-summary.html...
Generating ./org/palladiosimulator/reliability/sensitivity/provider/package-tree.html...
Generating ./org/palladiosimulator/reliability/sensitivity/util/package-summary.html...
Generating ./org/palladiosimulator/reliability/sensitivity/util/package-tree.html...
Generating ./org/palladiosimulator/reliability/solver/package-summary.html...
Generating ./org/palladiosimulator/reliability/solver/package-tree.html...
Generating ./org/palladiosimulator/reliability/solver/pcm2markov/package-summary.html...
Generating ./org/palladiosimulator/reliability/solver/pcm2markov/package-tree.html...
Generating ./org/palladiosimulator/reliability/solver/runconfig/package-summary.html...
Generating ./org/palladiosimulator/reliability/solver/runconfig/package-tree.html...
Generating ./constant-values.html...
Generating ./serialized-form.html...
Generating ./overview-tree.html...
Generating ./deprecated-list.html...
Generating ./index.html...
Building index for all classes...
Generating ./allclasses-index.html...
Generating ./allpackages-index.html...
Generating ./index-all.html...
Generating ./overview-summary.html...
Generating ./help-doc.html...
Note: Custom tags that could override future standard tags:  @ordered, @noreference, @noinstantiate, @noimplement, @noextend, @generated, @model, @nooverride, @category. To avoid potential overrides, use at least one period character (.) in custom tag names.
Note: Custom tags that were not seen:  @noreference, @noinstantiate, @noimplement, @noextend, @nooverride, @category
16 errors
100 warnings
[INFO] execution failed with rc = 1
[INFO] 
[INFO] --- resources:2.4.3:resources (default-resources) @ org.palladiosimulator.reliability.updatesite ---
[INFO] Using 'UTF-8' encoding to copy filtered resources.
[INFO] skip non existing resourceDirectory /home/runner/work/telemetry-availability-identification/telemetry-availability-identification/palladio-source/releng/org.palladiosimulator.reliability.updatesite/src/main/resources
[INFO] 
[INFO] --- jacoco:0.8.13:prepare-agent (jacoco-prepare) @ org.palladiosimulator.reliability.updatesite ---
[INFO] argLine set to -javaagent:/home/runner/work/_temp/petclinic-pmx-maven-repository/org/jacoco/org.jacoco.agent/0.8.13/org.jacoco.agent-0.8.13-runtime.jar=destfile=/home/runner/work/telemetry-availability-identification/telemetry-availability-identification/palladio-source/releng/org.palladiosimulator.reliability.updatesite/target/jacoco.exec
[INFO] 
[INFO] --- tycho-p2-publisher:2.7.5:publish-osgi-ee (default-publish-osgi-ee) @ org.palladiosimulator.reliability.updatesite ---
[WARNING]  Parameter 'qualifier' (user property 'buildQualifier') is read-only, must not be used in configuration
[WARNING] No system packages found in profile nor toolchain for JavaSE-11, using current JRE system packages.
This can cause faulty dependency resolution, consider adding a definition for a 'jdk' with id=JavaSE-11 in your toolchains.xml
[INFO] Published profile IUs: [a.jre.javase 11.0.0]
[INFO] Published profile IUs: [a.jre.javase 17.0.0]
[WARNING] No system packages found in profile nor toolchain for JavaSE-18, using current JRE system packages.
This can cause faulty dependency resolution, consider adding a definition for a 'jdk' with id=JavaSE-18 in your toolchains.xml
[INFO] Published profile IUs: [a.jre.javase 18.0.0]
[INFO] 
[INFO] --- tycho-p2-publisher:2.7.5:publish-products (default-publish-products) @ org.palladiosimulator.reliability.updatesite ---
[WARNING]  Parameter 'qualifier' (user property 'buildQualifier') is read-only, must not be used in configuration
[INFO] 
[INFO] --- tycho-p2-publisher:2.7.5:publish-categories (default-publish-categories) @ org.palladiosimulator.reliability.updatesite ---
[WARNING]  Parameter 'qualifier' (user property 'buildQualifier') is read-only, must not be used in configuration
[INFO] 
[INFO] --- tycho-p2-publisher:2.7.5:attach-artifacts (default-attach-artifacts) @ org.palladiosimulator.reliability.updatesite ---
[WARNING]  Parameter 'qualifier' (user property 'buildQualifier') is read-only, must not be used in configuration
[INFO] 
[INFO] --- tycho-p2-repository:2.7.5:assemble-repository (default-assemble-repository) @ org.palladiosimulator.reliability.updatesite ---
[WARNING]  Parameter 'qualifier' (user property 'buildQualifier') is read-only, must not be used in configuration
[INFO] Fetching org.palladiosimulator.branding_2.0.0.jar from https://updatesite.palladio-simulator.com/palladio-supporting-branding/releases/5.2.1/plugins/ (5.54kB)
[INFO] 
[INFO] --- tycho-source:2.7.5:plugin-source (plugin-source) @ org.palladiosimulator.reliability.updatesite ---
[INFO] 
[INFO] --- tycho-p2-repository:2.7.5:archive-repository (default-archive-repository) @ org.palladiosimulator.reliability.updatesite ---
[WARNING]  Parameter 'qualifier' (user property 'buildQualifier') is read-only, must not be used in configuration
[INFO] Building zip: /home/runner/work/telemetry-availability-identification/telemetry-availability-identification/palladio-source/releng/org.palladiosimulator.reliability.updatesite/target/org.palladiosimulator.reliability.updatesite-5.2.2.zip
[INFO] 
[INFO] --- tycho-source:2.7.5:feature-source (feature-source) @ org.palladiosimulator.reliability.updatesite ---
[INFO] 
[INFO] --- tycho-p2:2.7.5:p2-metadata (attached-p2-metadata) @ org.palladiosimulator.reliability.updatesite ---
[INFO] 
[INFO] --- checkstyle:3.1.2:check (palladio-checkstyle) @ org.palladiosimulator.reliability.updatesite ---
[INFO] You have 0 Checkstyle violations.
[INFO] ------------------------------------------------------------------------
[INFO] Reactor Summary for parent 5.2.2:
[INFO] 
[INFO] parent ............................................. SUCCESS [ 15.050 s]
[INFO] bundles ............................................ SUCCESS [  0.091 s]
[INFO] [bundle] PCM Reliability Core Definitions .......... SUCCESS [ 16.144 s]
[INFO] [bundle] Markov Model .............................. SUCCESS [  1.059 s]
[INFO] [bundle] Markov Edit Support ....................... SUCCESS [  0.571 s]
[INFO] [bundle] Markov Editor ............................. SUCCESS [  4.207 s]
[INFO] [bundle] PCM Markov Sensitivity Model .............. SUCCESS [  2.062 s]
[INFO] [bundle] EMF Edit Plug-in for PCM Markov Sensitivity Model SUCCESS [  0.908 s]
[INFO] [bundle] EMF Editor Plug-in for PCM Markov Sensitivity Model SUCCESS [  1.311 s]
[INFO] [bundle] PCM Reliability Solver Plug-in ............ SUCCESS [ 34.283 s]
[INFO] features ........................................... SUCCESS [  0.056 s]
[INFO] [feature] Palladio Component Model - Analyzer: Reliability SUCCESS [  0.872 s]
[INFO] tests .............................................. SUCCESS [  0.052 s]
[INFO] [test-bundle] Tests for the Reliability Features ... SUCCESS [  2.770 s]
[INFO] releng ............................................. SUCCESS [  0.052 s]
[INFO] org.palladiosimulator.reliability.updatesite ....... SUCCESS [ 11.668 s]
[INFO] ------------------------------------------------------------------------
[INFO] BUILD SUCCESS
[INFO] ------------------------------------------------------------------------
[INFO] Total time:  04:13 min
[INFO] Finished at: 2026-09-08T09:07:16Z
[INFO] ------------------------------------------------------------------------
