campaign_id,profile,placement,failure_law,repetition,operation,method,status,prediction,retained_native_development_sample,reason
deathstarbench_social_network--colocated--N--r0,deathstarbench_social_network,colocated,N,0,compose_post,PMX,not_part_of_frozen_M7,,False,No independent PMX forecast in the immutable M7 analysis; later M9V development is separate.
deathstarbench_social_network--colocated--N--r0,deathstarbench_social_network,colocated,N,0,read_home_timeline,PMX,not_part_of_frozen_M7,,False,No independent PMX forecast in the immutable M7 analysis; later M9V development is separate.
deathstarbench_social_network--colocated--N--r0,deathstarbench_social_network,colocated,N,0,read_user_timeline,PMX,not_part_of_frozen_M7,,False,No independent PMX forecast in the immutable M7 analysis; later M9V development is separate.
deathstarbench_social_network--colocated--N--r1,deathstarbench_social_network,colocated,N,1,compose_post,PMX,not_part_of_frozen_M7,,False,No independent PMX forecast in the immutable M7 analysis; later M9V development is separate.
deathstarbench_social_network--colocated--N--r1,deathstarbench_social_network,colocated,N,1,read_home_timeline,PMX,not_part_of_frozen_M7,,False,No independent PMX forecast in the immutable M7 analysis; later M9V development is separate.
deathstarbench_social_network--colocated--N--r1,deathstarbench_social_network,colocated,N,1,read_user_timeline,PMX,not_part_of_frozen_M7,,False,No independent PMX forecast in the immutable M7 analysis; later M9V development is separate.
deathstarbench_social_network--colocated--N--r2,deathstarbench_social_network,colocated,N,2,compose_post,PMX,not_part_of_frozen_M7,,False,No independent PMX forecast in the immutable M7 analysis; later M9V development is separate.
deathstarbench_social_network--colocated--N--r2,deathstarbench_social_network,colocated,N,2,read_home_timeline,PMX,not_part_of_frozen_M7,,False,No independent PMX forecast in the immutable M7 analysis; later M9V development is separate.
deathstarbench_social_network--colocated--N--r2,deathstarbench_social_network,colocated,N,2,read_user_timeline,PMX,not_part_of_frozen_M7,,False,No independent PMX forecast in the immutable M7 analysis; later M9V development is separate.
deathstarbench_social_network--colocated--N--r3,deathstarbench_social_network,colocated,N,3,compose_post,PMX,not_part_of_frozen_M7,,False,No independent PMX forecast in the immutable M7 analysis; later M9V development is separate.
deathstarbench_social_network--colocated--N--r3,deathstarbench_social_network,colocated,N,3,read_home_timeline,PMX,not_part_of_frozen_M7,,False,No independent PMX forecast in the immutable M7 analysis; later M9V development is separate.
deathstarbench_social_network--colocated--N--r3,deathstarbench_social_network,colocated,N,3,read_user_timeline,PMX,not_part_of_frozen_M7,,False,No independent PMX forecast in the immutable M7 analysis; later M9V development is separate.
deathstarbench_social_network--colocated--N--r4,deathstarbench_social_network,colocated,N,4,compose_post,PMX,not_part_of_frozen_M7,,False,No independent PMX forecast in the immutable M7 analysis; later M9V development is separate.
deathstarbench_social_network--colocated--N--r4,deathstarbench_social_network,colocated,N,4,read_home_timeline,PMX,not_part_of_frozen_M7,,False,No independent PMX forecast in the immutable M7 analysis; later M9V development is separate.
deathstarbench_social_network--colocated--N--r4,deathstarbench_social_network,colocated,N,4,read_user_timeline,PMX,not_part_of_frozen_M7,,False,No independent PMX forecast in the immutable M7 analysis; later M9V development is separate.
deathstarbench_social_network--colocated--N--r5,deathstarbench_social_network,colocated,N,5,compose_post,PMX,not_part_of_frozen_M7,,False,No independent PMX forecast in the immutable M7 analysis; later M9V development is separate.
deathstarbench_social_network--colocated--N--r5,deathstarbench_social_network,colocated,N,5,read_home_timeline,PMX,not_part_of_frozen_M7,,False,No independent PMX forecast in the immutable M7 analysis; later M9V development is separate.
deathstarbench_social_network--colocated--N--r5,deathstarbench_social_network,colocated,N,5,read_user_timeline,PMX,not_part_of_frozen_M7,,False,No independent PMX forecast in the immutable M7 analysis; later M9V development is separate.
deathstarbench_social_network--colocated--N--r6,deathstarbench_social_network,colocated,N,6,compose_post,PMX,not_part_of_frozen_M7,,False,No independent PMX forecast in the immutable M7 analysis; later M9V development is separate.
deathstarbench_social_network--colocated--N--r6,deathstarbench_social_network,colocated,N,6,read_home_timeline,PMX,not_part_of_frozen_M7,,False,No independent PMX forecast in the immutable M7 analysis; later M9V development is separate.
deathstarbench_social_network--colocated--N--r6,deathstarbench_social_network,colocated,N,6,read_user_timeline,PMX,not_part_of_frozen_M7,,False,No independent PMX forecast in the immutable M7 analysis; later M9V development is separate.
deathstarbench_social_network--colocated--N--r7,deathstarbench_social_network,colocated,N,7,compose_post,PMX,not_part_of_frozen_M7,,False,No independent PMX forecast in the immutable M7 analysis; later M9V development is separate.
deathstarbench_social_network--colocated--N--r7,deathstarbench_social_network,colocated,N,7,read_home_timeline,PMX,not_part_of_frozen_M7,,False,No independent PMX forecast in the immutable M7 analysis; later M9V development is separate.
deathstarbench_social_network--colocated--N--r7,deathstarbench_social_network,colocated,N,7,read_user_timeline,PMX,not_part_of_frozen_M7,,False,No independent PMX forecast in the immutable M7 analysis; later M9V development is separate.
deathstarbench_social_network--colocated--N--r8,deathstarbench_social_network,colocated,N,8,compose_post,PMX,not_part_of_frozen_M7,,False,No independent PMX forecast in the immutable M7 analysis; later M9V development is separate.
deathstarbench_social_network--colocated--N--r8,deathstarbench_social_network,colocated,N,8,read_home_timeline,PMX,not_part_of_frozen_M7,,False,No independent PMX forecast in the immutable M7 analysis; later M9V development is separate.
deathstarbench_social_network--colocated--N--r8,deathstarbench_social_network,colocated,N,8,read_user_timeline,PMX,not_part_of_frozen_M7,,False,No independent PMX forecast in the immutable M7 analysis; later M9V development is separate.
deathstarbench_social_network--colocated--N--r9,deathstarbench_social_network,colocated,N,9,compose_post,PMX,not_part_of_frozen_M7,,False,No independent PMX forecast in the immutable M7 analysis; later M9V development is separate.
deathstarbench_social_network--colocated--N--r9,deathstarbench_social_network,colocated,N,9,read_home_timeline,PMX,not_part_of_frozen_M7,,False,No independent PMX forecast in the immutable M7 analysis; later M9V development is separate.
deathstarbench_social_network--colocated--N--r9,deathstarbench_social_network,colocated,N,9,read_user_timeline,PMX,not_part_of_frozen_M7,,False,No independent PMX forecast in the immutable M7 analysis; later M9V development is separate.
deathstarbench_social_network--colocated--NC--r0,deathstarbench_social_network,colocated,NC,0,compose_post,PMX,not_part_of_frozen_M7,,False,No independent PMX forecast in the immutable M7 analysis; later M9V development is separate.
deathstarbench_social_network--colocated--NC--r0,deathstarbench_social_network,colocated,NC,0,read_home_timeline,PMX,not_part_of_frozen_M7,,False,No independent PMX forecast in the immutable M7 analysis; later M9V development is separate.
deathstarbench_social_network--colocated--NC--r0,deathstarbench_social_network,colocated,NC,0,read_user_timeline,PMX,not_part_of_frozen_M7,,False,No independent PMX forecast in the immutable M7 analysis; later M9V development is separate.
deathstarbench_social_network--colocated--NC--r1,deathstarbench_social_network,colocated,NC,1,compose_post,PMX,not_part_of_frozen_M7,,False,No independent PMX forecast in the immutable M7 analysis; later M9V development is separate.
deathstarbench_social_network--colocated--NC--r1,deathstarbench_social_network,colocated,NC,1,read_home_timeline,PMX,not_part_of_frozen_M7,,False,No independent PMX forecast in the immutable M7 analysis; later M9V development is separate.
deathstarbench_social_network--colocated--NC--r1,deathstarbench_social_network,colocated,NC,1,read_user_timeline,PMX,not_part_of_frozen_M7,,False,No independent PMX forecast in the immutable M7 analysis; later M9V development is separate.
deathstarbench_social_network--colocated--NC--r2,deathstarbench_social_network,colocated,NC,2,compose_post,PMX,not_part_of_frozen_M7,,False,No independent PMX forecast in the immutable M7 analysis; later M9V development is separate.
deathstarbench_social_network--colocated--NC--r2,deathstarbench_social_network,colocated,NC,2,read_home_timeline,PMX,not_part_of_frozen_M7,,False,No independent PMX forecast in the immutable M7 analysis; later M9V development is separate.
deathstarbench_social_network--colocated--NC--r2,deathstarbench_social_network,colocated,NC,2,read_user_timeline,PMX,not_part_of_frozen_M7,,False,No independent PMX forecast in the immutable M7 analysis; later M9V development is separate.
deathstarbench_social_network--colocated--NC--r3,deathstarbench_social_network,colocated,NC,3,compose_post,PMX,not_part_of_frozen_M7,,False,No independent PMX forecast in the immutable M7 analysis; later M9V development is separate.
deathstarbench_social_network--colocated--NC--r3,deathstarbench_social_network,colocated,NC,3,read_home_timeline,PMX,not_part_of_frozen_M7,,False,No independent PMX forecast in the immutable M7 analysis; later M9V development is separate.
deathstarbench_social_network--colocated--NC--r3,deathstarbench_social_network,colocated,NC,3,read_user_timeline,PMX,not_part_of_frozen_M7,,False,No independent PMX forecast in the immutable M7 analysis; later M9V development is separate.
deathstarbench_social_network--colocated--NC--r4,deathstarbench_social_network,colocated,NC,4,compose_post,PMX,not_part_of_frozen_M7,,False,No independent PMX forecast in the immutable M7 analysis; later M9V development is separate.
deathstarbench_social_network--colocated--NC--r4,deathstarbench_social_network,colocated,NC,4,read_home_timeline,PMX,not_part_of_frozen_M7,,False,No independent PMX forecast in the immutable M7 analysis; later M9V development is separate.
deathstarbench_social_network--colocated--NC--r4,deathstarbench_social_network,colocated,NC,4,read_user_timeline,PMX,not_part_of_frozen_M7,,False,No independent PMX forecast in the immutable M7 analysis; later M9V development is separate.
deathstarbench_social_network--colocated--NC--r5,deathstarbench_social_network,colocated,NC,5,compose_post,PMX,not_part_of_frozen_M7,,False,No independent PMX forecast in the immutable M7 analysis; later M9V development is separate.
deathstarbench_social_network--colocated--NC--r5,deathstarbench_social_network,colocated,NC,5,read_home_timeline,PMX,not_part_of_frozen_M7,,False,No independent PMX forecast in the immutable M7 analysis; later M9V development is separate.
deathstarbench_social_network--colocated--NC--r5,deathstarbench_social_network,colocated,NC,5,read_user_timeline,PMX,not_part_of_frozen_M7,,False,No independent PMX forecast in the immutable M7 analysis; later M9V development is separate.
deathstarbench_social_network--colocated--NC--r6,deathstarbench_social_network,colocated,NC,6,compose_post,PMX,not_part_of_frozen_M7,,False,No independent PMX forecast in the immutable M7 analysis; later M9V development is separate.
deathstarbench_social_network--colocated--NC--r6,deathstarbench_social_network,colocated,NC,6,read_home_timeline,PMX,not_part_of_frozen_M7,,False,No independent PMX forecast in the immutable M7 analysis; later M9V development is separate.
deathstarbench_social_network--colocated--NC--r6,deathstarbench_social_network,colocated,NC,6,read_user_timeline,PMX,not_part_of_frozen_M7,,False,No independent PMX forecast in the immutable M7 analysis; later M9V development is separate.
deathstarbench_social_network--colocated--NC--r7,deathstarbench_social_network,colocated,NC,7,compose_post,PMX,not_part_of_frozen_M7,,False,No independent PMX forecast in the immutable M7 analysis; later M9V development is separate.
deathstarbench_social_network--colocated--NC--r7,deathstarbench_social_network,colocated,NC,7,read_home_timeline,PMX,not_part_of_frozen_M7,,False,No independent PMX forecast in the immutable M7 analysis; later M9V development is separate.
deathstarbench_social_network--colocated--NC--r7,deathstarbench_social_network,colocated,NC,7,read_user_timeline,PMX,not_part_of_frozen_M7,,False,No independent PMX forecast in the immutable M7 analysis; later M9V development is separate.
deathstarbench_social_network--colocated--NC--r8,deathstarbench_social_network,colocated,NC,8,compose_post,PMX,not_part_of_frozen_M7,,False,No independent PMX forecast in the immutable M7 analysis; later M9V development is separate.
deathstarbench_social_network--colocated--NC--r8,deathstarbench_social_network,colocated,NC,8,read_home_timeline,PMX,not_part_of_frozen_M7,,False,No independent PMX forecast in the immutable M7 analysis; later M9V development is separate.
deathstarbench_social_network--colocated--NC--r8,deathstarbench_social_network,colocated,NC,8,read_user_timeline,PMX,not_part_of_frozen_M7,,False,No independent PMX forecast in the immutable M7 analysis; later M9V development is separate.
deathstarbench_social_network--colocated--NC--r9,deathstarbench_social_network,colocated,NC,9,compose_post,PMX,not_part_of_frozen_M7,,False,No independent PMX forecast in the immutable M7 analysis; later M9V development is separate.
deathstarbench_social_network--colocated--NC--r9,deathstarbench_social_network,colocated,NC,9,read_home_timeline,PMX,not_part_of_frozen_M7,,False,No independent PMX forecast in the immutable M7 analysis; later M9V development is separate.
deathstarbench_social_network--colocated--NC--r9,deathstarbench_social_network,colocated,NC,9,read_user_timeline,PMX,not_part_of_frozen_M7,,False,No independent PMX forecast in the immutable M7 analysis; later M9V development is separate.
deathstarbench_social_network--colocated--ND--r0,deathstarbench_social_network,colocated,ND,0,compose_post,PMX,not_part_of_frozen_M7,,False,No independent PMX forecast in the immutable M7 analysis; later M9V development is separate.
deathstarbench_social_network--colocated--ND--r0,deathstarbench_social_network,colocated,ND,0,read_home_timeline,PMX,not_part_of_frozen_M7,,False,No independent PMX forecast in the immutable M7 analysis; later M9V development is separate.
deathstarbench_social_network--colocated--ND--r0,deathstarbench_social_network,colocated,ND,0,read_user_timeline,PMX,not_part_of_frozen_M7,,False,No independent PMX forecast in the immutable M7 analysis; later M9V development is separate.
deathstarbench_social_network--colocated--ND--r1,deathstarbench_social_network,colocated,ND,1,compose_post,PMX,not_part_of_frozen_M7,,False,No independent PMX forecast in the immutable M7 analysis; later M9V development is separate.
deathstarbench_social_network--colocated--ND--r1,deathstarbench_social_network,colocated,ND,1,read_home_timeline,PMX,not_part_of_frozen_M7,,False,No independent PMX forecast in the immutable M7 analysis; later M9V development is separate.
deathstarbench_social_network--colocated--ND--r1,deathstarbench_social_network,colocated,ND,1,read_user_timeline,PMX,not_part_of_frozen_M7,,False,No independent PMX forecast in the immutable M7 analysis; later M9V development is separate.
deathstarbench_social_network--colocated--ND--r2,deathstarbench_social_network,colocated,ND,2,compose_post,PMX,not_part_of_frozen_M7,,False,No independent PMX forecast in the immutable M7 analysis; later M9V development is separate.
deathstarbench_social_network--colocated--ND--r2,deathstarbench_social_network,colocated,ND,2,read_home_timeline,PMX,not_part_of_frozen_M7,,False,No independent PMX forecast in the immutable M7 analysis; later M9V development is separate.
deathstarbench_social_network--colocated--ND--r2,deathstarbench_social_network,colocated,ND,2,read_user_timeline,PMX,not_part_of_frozen_M7,,False,No independent PMX forecast in the immutable M7 analysis; later M9V development is separate.
deathstarbench_social_network--colocated--ND--r3,deathstarbench_social_network,colocated,ND,3,compose_post,PMX,not_part_of_frozen_M7,,False,No independent PMX forecast in the immutable M7 analysis; later M9V development is separate.
deathstarbench_social_network--colocated--ND--r3,deathstarbench_social_network,colocated,ND,3,read_home_timeline,PMX,not_part_of_frozen_M7,,False,No independent PMX forecast in the immutable M7 analysis; later M9V development is separate.
deathstarbench_social_network--colocated--ND--r3,deathstarbench_social_network,colocated,ND,3,read_user_timeline,PMX,not_part_of_frozen_M7,,False,No independent PMX forecast in the immutable M7 analysis; later M9V development is separate.
deathstarbench_social_network--colocated--ND--r4,deathstarbench_social_network,colocated,ND,4,compose_post,PMX,not_part_of_frozen_M7,,False,No independent PMX forecast in the immutable M7 analysis; later M9V development is separate.
deathstarbench_social_network--colocated--ND--r4,deathstarbench_social_network,colocated,ND,4,read_home_timeline,PMX,not_part_of_frozen_M7,,False,No independent PMX forecast in the immutable M7 analysis; later M9V development is separate.
deathstarbench_social_network--colocated--ND--r4,deathstarbench_social_network,colocated,ND,4,read_user_timeline,PMX,not_part_of_frozen_M7,,False,No independent PMX forecast in the immutable M7 analysis; later M9V development is separate.
deathstarbench_social_network--colocated--ND--r5,deathstarbench_social_network,colocated,ND,5,compose_post,PMX,not_part_of_frozen_M7,,False,No independent PMX forecast in the immutable M7 analysis; later M9V development is separate.
deathstarbench_social_network--colocated--ND--r5,deathstarbench_social_network,colocated,ND,5,read_home_timeline,PMX,not_part_of_frozen_M7,,False,No independent PMX forecast in the immutable M7 analysis; later M9V development is separate.
deathstarbench_social_network--colocated--ND--r5,deathstarbench_social_network,colocated,ND,5,read_user_timeline,PMX,not_part_of_frozen_M7,,False,No independent PMX forecast in the immutable M7 analysis; later M9V development is separate.
deathstarbench_social_network--colocated--ND--r6,deathstarbench_social_network,colocated,ND,6,compose_post,PMX,not_part_of_frozen_M7,,False,No independent PMX forecast in the immutable M7 analysis; later M9V development is separate.
deathstarbench_social_network--colocated--ND--r6,deathstarbench_social_network,colocated,ND,6,read_home_timeline,PMX,not_part_of_frozen_M7,,False,No independent PMX forecast in the immutable M7 analysis; later M9V development is separate.
deathstarbench_social_network--colocated--ND--r6,deathstarbench_social_network,colocated,ND,6,read_user_timeline,PMX,not_part_of_frozen_M7,,False,No independent PMX forecast in the immutable M7 analysis; later M9V development is separate.
deathstarbench_social_network--colocated--ND--r7,deathstarbench_social_network,colocated,ND,7,compose_post,PMX,not_part_of_frozen_M7,,False,No independent PMX forecast in the immutable M7 analysis; later M9V development is separate.
deathstarbench_social_network--colocated--ND--r7,deathstarbench_social_network,colocated,ND,7,read_home_timeline,PMX,not_part_of_frozen_M7,,False,No independent PMX forecast in the immutable M7 analysis; later M9V development is separate.
deathstarbench_social_network--colocated--ND--r7,deathstarbench_social_network,colocated,ND,7,read_user_timeline,PMX,not_part_of_frozen_M7,,False,No independent PMX forecast in the immutable M7 analysis; later M9V development is separate.
deathstarbench_social_network--colocated--ND--r8,deathstarbench_social_network,colocated,ND,8,compose_post,PMX,not_part_of_frozen_M7,,False,No independent PMX forecast in the immutable M7 analysis; later M9V development is separate.
deathstarbench_social_network--colocated--ND--r8,deathstarbench_social_network,colocated,ND,8,read_home_timeline,PMX,not_part_of_frozen_M7,,False,No independent PMX forecast in the immutable M7 analysis; later M9V development is separate.
deathstarbench_social_network--colocated--ND--r8,deathstarbench_social_network,colocated,ND,8,read_user_timeline,PMX,not_part_of_frozen_M7,,False,No independent PMX forecast in the immutable M7 analysis; later M9V development is separate.
deathstarbench_social_network--colocated--ND--r9,deathstarbench_social_network,colocated,ND,9,compose_post,PMX,not_part_of_frozen_M7,,False,No independent PMX forecast in the immutable M7 analysis; later M9V development is separate.
deathstarbench_social_network--colocated--ND--r9,deathstarbench_social_network,colocated,ND,9,read_home_timeline,PMX,not_part_of_frozen_M7,,False,No independent PMX forecast in the immutable M7 analysis; later M9V development is separate.
deathstarbench_social_network--colocated--ND--r9,deathstarbench_social_network,colocated,ND,9,read_user_timeline,PMX,not_part_of_frozen_M7,,False,No independent PMX forecast in the immutable M7 analysis; later M9V development is separate.
deathstarbench_social_network--colocated--NCD--r0,deathstarbench_social_network,colocated,NCD,0,compose_post,PMX,not_part_of_frozen_M7,,True,No independent PMX forecast in the immutable M7 analysis; later M9V development is separate.
deathstarbench_social_network--colocated--NCD--r0,deathstarbench_social_network,colocated,NCD,0,read_home_timeline,PMX,not_part_of_frozen_M7,,True,No independent PMX forecast in the immutable M7 analysis; later M9V development is separate.
deathstarbench_social_network--colocated--NCD--r0,deathstarbench_social_network,colocated,NCD,0,read_user_timeline,PMX,not_part_of_frozen_M7,,True,No independent PMX forecast in the immutable M7 analysis; later M9V development is separate.
deathstarbench_social_network--colocated--NCD--r1,deathstarbench_social_network,colocated,NCD,1,compose_post,PMX,not_part_of_frozen_M7,,False,No independent PMX forecast in the immutable M7 analysis; later M9V development is separate.
deathstarbench_social_network--colocated--NCD--r1,deathstarbench_social_network,colocated,NCD,1,read_home_timeline,PMX,not_part_of_frozen_M7,,False,No independent PMX forecast in the immutable M7 analysis; later M9V development is separate.
deathstarbench_social_network--colocated--NCD--r1,deathstarbench_social_network,colocated,NCD,1,read_user_timeline,PMX,not_part_of_frozen_M7,,False,No independent PMX forecast in the immutable M7 analysis; later M9V development is separate.
deathstarbench_social_network--colocated--NCD--r2,deathstarbench_social_network,colocated,NCD,2,compose_post,PMX,not_part_of_frozen_M7,,False,No independent PMX forecast in the immutable M7 analysis; later M9V development is separate.
deathstarbench_social_network--colocated--NCD--r2,deathstarbench_social_network,colocated,NCD,2,read_home_timeline,PMX,not_part_of_frozen_M7,,False,No independent PMX forecast in the immutable M7 analysis; later M9V development is separate.
deathstarbench_social_network--colocated--NCD--r2,deathstarbench_social_network,colocated,NCD,2,read_user_timeline,PMX,not_part_of_frozen_M7,,False,No independent PMX forecast in the immutable M7 analysis; later M9V development is separate.
deathstarbench_social_network--colocated--NCD--r3,deathstarbench_social_network,colocated,NCD,3,compose_post,PMX,not_part_of_frozen_M7,,False,No independent PMX forecast in the immutable M7 analysis; later M9V development is separate.
deathstarbench_social_network--colocated--NCD--r3,deathstarbench_social_network,colocated,NCD,3,read_home_timeline,PMX,not_part_of_frozen_M7,,False,No independent PMX forecast in the immutable M7 analysis; later M9V development is separate.
deathstarbench_social_network--colocated--NCD--r3,deathstarbench_social_network,colocated,NCD,3,read_user_timeline,PMX,not_part_of_frozen_M7,,False,No independent PMX forecast in the immutable M7 analysis; later M9V development is separate.
deathstarbench_social_network--colocated--NCD--r4,deathstarbench_social_network,colocated,NCD,4,compose_post,PMX,not_part_of_frozen_M7,,False,No independent PMX forecast in the immutable M7 analysis; later M9V development is separate.
deathstarbench_social_network--colocated--NCD--r4,deathstarbench_social_network,colocated,NCD,4,read_home_timeline,PMX,not_part_of_frozen_M7,,False,No independent PMX forecast in the immutable M7 analysis; later M9V development is separate.
deathstarbench_social_network--colocated--NCD--r4,deathstarbench_social_network,colocated,NCD,4,read_user_timeline,PMX,not_part_of_frozen_M7,,False,No independent PMX forecast in the immutable M7 analysis; later M9V development is separate.
deathstarbench_social_network--colocated--NCD--r5,deathstarbench_social_network,colocated,NCD,5,compose_post,PMX,not_part_of_frozen_M7,,False,No independent PMX forecast in the immutable M7 analysis; later M9V development is separate.
deathstarbench_social_network--colocated--NCD--r5,deathstarbench_social_network,colocated,NCD,5,read_home_timeline,PMX,not_part_of_frozen_M7,,False,No independent PMX forecast in the immutable M7 analysis; later M9V development is separate.
deathstarbench_social_network--colocated--NCD--r5,deathstarbench_social_network,colocated,NCD,5,read_user_timeline,PMX,not_part_of_frozen_M7,,False,No independent PMX forecast in the immutable M7 analysis; later M9V development is separate.
deathstarbench_social_network--colocated--NCD--r6,deathstarbench_social_network,colocated,NCD,6,compose_post,PMX,not_part_of_frozen_M7,,False,No independent PMX forecast in the immutable M7 analysis; later M9V development is separate.
deathstarbench_social_network--colocated--NCD--r6,deathstarbench_social_network,colocated,NCD,6,read_home_timeline,PMX,not_part_of_frozen_M7,,False,No independent PMX forecast in the immutable M7 analysis; later M9V development is separate.
deathstarbench_social_network--colocated--NCD--r6,deathstarbench_social_network,colocated,NCD,6,read_user_timeline,PMX,not_part_of_frozen_M7,,False,No independent PMX forecast in the immutable M7 analysis; later M9V development is separate.
deathstarbench_social_network--colocated--NCD--r7,deathstarbench_social_network,colocated,NCD,7,compose_post,PMX,not_part_of_frozen_M7,,False,No independent PMX forecast in the immutable M7 analysis; later M9V development is separate.
deathstarbench_social_network--colocated--NCD--r7,deathstarbench_social_network,colocated,NCD,7,read_home_timeline,PMX,not_part_of_frozen_M7,,False,No independent PMX forecast in the immutable M7 analysis; later M9V development is separate.
deathstarbench_social_network--colocated--NCD--r7,deathstarbench_social_network,colocated,NCD,7,read_user_timeline,PMX,not_part_of_frozen_M7,,False,No independent PMX forecast in the immutable M7 analysis; later M9V development is separate.
deathstarbench_social_network--colocated--NCD--r8,deathstarbench_social_network,colocated,NCD,8,compose_post,PMX,not_part_of_frozen_M7,,False,No independent PMX forecast in the immutable M7 analysis; later M9V development is separate.
deathstarbench_social_network--colocated--NCD--r8,deathstarbench_social_network,colocated,NCD,8,read_home_timeline,PMX,not_part_of_frozen_M7,,False,No independent PMX forecast in the immutable M7 analysis; later M9V development is separate.
deathstarbench_social_network--colocated--NCD--r8,deathstarbench_social_network,colocated,NCD,8,read_user_timeline,PMX,not_part_of_frozen_M7,,False,No independent PMX forecast in the immutable M7 analysis; later M9V development is separate.
deathstarbench_social_network--colocated--NCD--r9,deathstarbench_social_network,colocated,NCD,9,compose_post,PMX,not_part_of_frozen_M7,,False,No independent PMX forecast in the immutable M7 analysis; later M9V development is separate.
deathstarbench_social_network--colocated--NCD--r9,deathstarbench_social_network,colocated,NCD,9,read_home_timeline,PMX,not_part_of_frozen_M7,,False,No independent PMX forecast in the immutable M7 analysis; later M9V development is separate.
deathstarbench_social_network--colocated--NCD--r9,deathstarbench_social_network,colocated,NCD,9,read_user_timeline,PMX,not_part_of_frozen_M7,,False,No independent PMX forecast in the immutable M7 analysis; later M9V development is separate.
deathstarbench_social_network--split--N--r0,deathstarbench_social_network,split,N,0,compose_post,PMX,not_part_of_frozen_M7,,False,No independent PMX forecast in the immutable M7 analysis; later M9V development is separate.
deathstarbench_social_network--split--N--r0,deathstarbench_social_network,split,N,0,read_home_timeline,PMX,not_part_of_frozen_M7,,False,No independent PMX forecast in the immutable M7 analysis; later M9V development is separate.
deathstarbench_social_network--split--N--r0,deathstarbench_social_network,split,N,0,read_user_timeline,PMX,not_part_of_frozen_M7,,False,No independent PMX forecast in the immutable M7 analysis; later M9V development is separate.
deathstarbench_social_network--split--N--r1,deathstarbench_social_network,split,N,1,compose_post,PMX,not_part_of_frozen_M7,,False,No independent PMX forecast in the immutable M7 analysis; later M9V development is separate.
deathstarbench_social_network--split--N--r1,deathstarbench_social_network,split,N,1,read_home_timeline,PMX,not_part_of_frozen_M7,,False,No independent PMX forecast in the immutable M7 analysis; later M9V development is separate.
deathstarbench_social_network--split--N--r1,deathstarbench_social_network,split,N,1,read_user_timeline,PMX,not_part_of_frozen_M7,,False,No independent PMX forecast in the immutable M7 analysis; later M9V development is separate.
deathstarbench_social_network--split--N--r2,deathstarbench_social_network,split,N,2,compose_post,PMX,not_part_of_frozen_M7,,False,No independent PMX forecast in the immutable M7 analysis; later M9V development is separate.
deathstarbench_social_network--split--N--r2,deathstarbench_social_network,split,N,2,read_home_timeline,PMX,not_part_of_frozen_M7,,False,No independent PMX forecast in the immutable M7 analysis; later M9V development is separate.
deathstarbench_social_network--split--N--r2,deathstarbench_social_network,split,N,2,read_user_timeline,PMX,not_part_of_frozen_M7,,False,No independent PMX forecast in the immutable M7 analysis; later M9V development is separate.
deathstarbench_social_network--split--N--r3,deathstarbench_social_network,split,N,3,compose_post,PMX,not_part_of_frozen_M7,,False,No independent PMX forecast in the immutable M7 analysis; later M9V development is separate.
deathstarbench_social_network--split--N--r3,deathstarbench_social_network,split,N,3,read_home_timeline,PMX,not_part_of_frozen_M7,,False,No independent PMX forecast in the immutable M7 analysis; later M9V development is separate.
deathstarbench_social_network--split--N--r3,deathstarbench_social_network,split,N,3,read_user_timeline,PMX,not_part_of_frozen_M7,,False,No independent PMX forecast in the immutable M7 analysis; later M9V development is separate.
deathstarbench_social_network--split--N--r4,deathstarbench_social_network,split,N,4,compose_post,PMX,not_part_of_frozen_M7,,False,No independent PMX forecast in the immutable M7 analysis; later M9V development is separate.
deathstarbench_social_network--split--N--r4,deathstarbench_social_network,split,N,4,read_home_timeline,PMX,not_part_of_frozen_M7,,False,No independent PMX forecast in the immutable M7 analysis; later M9V development is separate.
deathstarbench_social_network--split--N--r4,deathstarbench_social_network,split,N,4,read_user_timeline,PMX,not_part_of_frozen_M7,,False,No independent PMX forecast in the immutable M7 analysis; later M9V development is separate.
deathstarbench_social_network--split--N--r5,deathstarbench_social_network,split,N,5,compose_post,PMX,not_part_of_frozen_M7,,False,No independent PMX forecast in the immutable M7 analysis; later M9V development is separate.
deathstarbench_social_network--split--N--r5,deathstarbench_social_network,split,N,5,read_home_timeline,PMX,not_part_of_frozen_M7,,False,No independent PMX forecast in the immutable M7 analysis; later M9V development is separate.
deathstarbench_social_network--split--N--r5,deathstarbench_social_network,split,N,5,read_user_timeline,PMX,not_part_of_frozen_M7,,False,No independent PMX forecast in the immutable M7 analysis; later M9V development is separate.
deathstarbench_social_network--split--N--r6,deathstarbench_social_network,split,N,6,compose_post,PMX,not_part_of_frozen_M7,,False,No independent PMX forecast in the immutable M7 analysis; later M9V development is separate.
deathstarbench_social_network--split--N--r6,deathstarbench_social_network,split,N,6,read_home_timeline,PMX,not_part_of_frozen_M7,,False,No independent PMX forecast in the immutable M7 analysis; later M9V development is separate.
deathstarbench_social_network--split--N--r6,deathstarbench_social_network,split,N,6,read_user_timeline,PMX,not_part_of_frozen_M7,,False,No independent PMX forecast in the immutable M7 analysis; later M9V development is separate.
deathstarbench_social_network--split--N--r7,deathstarbench_social_network,split,N,7,compose_post,PMX,not_part_of_frozen_M7,,False,No independent PMX forecast in the immutable M7 analysis; later M9V development is separate.
deathstarbench_social_network--split--N--r7,deathstarbench_social_network,split,N,7,read_home_timeline,PMX,not_part_of_frozen_M7,,False,No independent PMX forecast in the immutable M7 analysis; later M9V development is separate.
deathstarbench_social_network--split--N--r7,deathstarbench_social_network,split,N,7,read_user_timeline,PMX,not_part_of_frozen_M7,,False,No independent PMX forecast in the immutable M7 analysis; later M9V development is separate.
deathstarbench_social_network--split--N--r8,deathstarbench_social_network,split,N,8,compose_post,PMX,not_part_of_frozen_M7,,False,No independent PMX forecast in the immutable M7 analysis; later M9V development is separate.
deathstarbench_social_network--split--N--r8,deathstarbench_social_network,split,N,8,read_home_timeline,PMX,not_part_of_frozen_M7,,False,No independent PMX forecast in the immutable M7 analysis; later M9V development is separate.
deathstarbench_social_network--split--N--r8,deathstarbench_social_network,split,N,8,read_user_timeline,PMX,not_part_of_frozen_M7,,False,No independent PMX forecast in the immutable M7 analysis; later M9V development is separate.
deathstarbench_social_network--split--N--r9,deathstarbench_social_network,split,N,9,compose_post,PMX,not_part_of_frozen_M7,,False,No independent PMX forecast in the immutable M7 analysis; later M9V development is separate.
deathstarbench_social_network--split--N--r9,deathstarbench_social_network,split,N,9,read_home_timeline,PMX,not_part_of_frozen_M7,,False,No independent PMX forecast in the immutable M7 analysis; later M9V development is separate.
deathstarbench_social_network--split--N--r9,deathstarbench_social_network,split,N,9,read_user_timeline,PMX,not_part_of_frozen_M7,,False,No independent PMX forecast in the immutable M7 analysis; later M9V development is separate.
deathstarbench_social_network--split--NC--r0,deathstarbench_social_network,split,NC,0,compose_post,PMX,not_part_of_frozen_M7,,False,No independent PMX forecast in the immutable M7 analysis; later M9V development is separate.
deathstarbench_social_network--split--NC--r0,deathstarbench_social_network,split,NC,0,read_home_timeline,PMX,not_part_of_frozen_M7,,False,No independent PMX forecast in the immutable M7 analysis; later M9V development is separate.
deathstarbench_social_network--split--NC--r0,deathstarbench_social_network,split,NC,0,read_user_timeline,PMX,not_part_of_frozen_M7,,False,No independent PMX forecast in the immutable M7 analysis; later M9V development is separate.
deathstarbench_social_network--split--NC--r1,deathstarbench_social_network,split,NC,1,compose_post,PMX,not_part_of_frozen_M7,,False,No independent PMX forecast in the immutable M7 analysis; later M9V development is separate.
deathstarbench_social_network--split--NC--r1,deathstarbench_social_network,split,NC,1,read_home_timeline,PMX,not_part_of_frozen_M7,,False,No independent PMX forecast in the immutable M7 analysis; later M9V development is separate.
deathstarbench_social_network--split--NC--r1,deathstarbench_social_network,split,NC,1,read_user_timeline,PMX,not_part_of_frozen_M7,,False,No independent PMX forecast in the immutable M7 analysis; later M9V development is separate.
deathstarbench_social_network--split--NC--r2,deathstarbench_social_network,split,NC,2,compose_post,PMX,not_part_of_frozen_M7,,False,No independent PMX forecast in the immutable M7 analysis; later M9V development is separate.
deathstarbench_social_network--split--NC--r2,deathstarbench_social_network,split,NC,2,read_home_timeline,PMX,not_part_of_frozen_M7,,False,No independent PMX forecast in the immutable M7 analysis; later M9V development is separate.
deathstarbench_social_network--split--NC--r2,deathstarbench_social_network,split,NC,2,read_user_timeline,PMX,not_part_of_frozen_M7,,False,No independent PMX forecast in the immutable M7 analysis; later M9V development is separate.
deathstarbench_social_network--split--NC--r3,deathstarbench_social_network,split,NC,3,compose_post,PMX,not_part_of_frozen_M7,,False,No independent PMX forecast in the immutable M7 analysis; later M9V development is separate.
deathstarbench_social_network--split--NC--r3,deathstarbench_social_network,split,NC,3,read_home_timeline,PMX,not_part_of_frozen_M7,,False,No independent PMX forecast in the immutable M7 analysis; later M9V development is separate.
deathstarbench_social_network--split--NC--r3,deathstarbench_social_network,split,NC,3,read_user_timeline,PMX,not_part_of_frozen_M7,,False,No independent PMX forecast in the immutable M7 analysis; later M9V development is separate.
deathstarbench_social_network--split--NC--r4,deathstarbench_social_network,split,NC,4,compose_post,PMX,not_part_of_frozen_M7,,False,No independent PMX forecast in the immutable M7 analysis; later M9V development is separate.
deathstarbench_social_network--split--NC--r4,deathstarbench_social_network,split,NC,4,read_home_timeline,PMX,not_part_of_frozen_M7,,False,No independent PMX forecast in the immutable M7 analysis; later M9V development is separate.
deathstarbench_social_network--split--NC--r4,deathstarbench_social_network,split,NC,4,read_user_timeline,PMX,not_part_of_frozen_M7,,False,No independent PMX forecast in the immutable M7 analysis; later M9V development is separate.
deathstarbench_social_network--split--NC--r5,deathstarbench_social_network,split,NC,5,compose_post,PMX,not_part_of_frozen_M7,,False,No independent PMX forecast in the immutable M7 analysis; later M9V development is separate.
deathstarbench_social_network--split--NC--r5,deathstarbench_social_network,split,NC,5,read_home_timeline,PMX,not_part_of_frozen_M7,,False,No independent PMX forecast in the immutable M7 analysis; later M9V development is separate.
deathstarbench_social_network--split--NC--r5,deathstarbench_social_network,split,NC,5,read_user_timeline,PMX,not_part_of_frozen_M7,,False,No independent PMX forecast in the immutable M7 analysis; later M9V development is separate.
deathstarbench_social_network--split--NC--r6,deathstarbench_social_network,split,NC,6,compose_post,PMX,not_part_of_frozen_M7,,False,No independent PMX forecast in the immutable M7 analysis; later M9V development is separate.
deathstarbench_social_network--split--NC--r6,deathstarbench_social_network,split,NC,6,read_home_timeline,PMX,not_part_of_frozen_M7,,False,No independent PMX forecast in the immutable M7 analysis; later M9V development is separate.
deathstarbench_social_network--split--NC--r6,deathstarbench_social_network,split,NC,6,read_user_timeline,PMX,not_part_of_frozen_M7,,False,No independent PMX forecast in the immutable M7 analysis; later M9V development is separate.
deathstarbench_social_network--split--NC--r7,deathstarbench_social_network,split,NC,7,compose_post,PMX,not_part_of_frozen_M7,,False,No independent PMX forecast in the immutable M7 analysis; later M9V development is separate.
deathstarbench_social_network--split--NC--r7,deathstarbench_social_network,split,NC,7,read_home_timeline,PMX,not_part_of_frozen_M7,,False,No independent PMX forecast in the immutable M7 analysis; later M9V development is separate.
deathstarbench_social_network--split--NC--r7,deathstarbench_social_network,split,NC,7,read_user_timeline,PMX,not_part_of_frozen_M7,,False,No independent PMX forecast in the immutable M7 analysis; later M9V development is separate.
deathstarbench_social_network--split--NC--r8,deathstarbench_social_network,split,NC,8,compose_post,PMX,not_part_of_frozen_M7,,False,No independent PMX forecast in the immutable M7 analysis; later M9V development is separate.
deathstarbench_social_network--split--NC--r8,deathstarbench_social_network,split,NC,8,read_home_timeline,PMX,not_part_of_frozen_M7,,False,No independent PMX forecast in the immutable M7 analysis; later M9V development is separate.
deathstarbench_social_network--split--NC--r8,deathstarbench_social_network,split,NC,8,read_user_timeline,PMX,not_part_of_frozen_M7,,False,No independent PMX forecast in the immutable M7 analysis; later M9V development is separate.
deathstarbench_social_network--split--NC--r9,deathstarbench_social_network,split,NC,9,compose_post,PMX,not_part_of_frozen_M7,,False,No independent PMX forecast in the immutable M7 analysis; later M9V development is separate.
deathstarbench_social_network--split--NC--r9,deathstarbench_social_network,split,NC,9,read_home_timeline,PMX,not_part_of_frozen_M7,,False,No independent PMX forecast in the immutable M7 analysis; later M9V development is separate.
deathstarbench_social_network--split--NC--r9,deathstarbench_social_network,split,NC,9,read_user_timeline,PMX,not_part_of_frozen_M7,,False,No independent PMX forecast in the immutable M7 analysis; later M9V development is separate.
deathstarbench_social_network--split--ND--r0,deathstarbench_social_network,split,ND,0,compose_post,PMX,not_part_of_frozen_M7,,False,No independent PMX forecast in the immutable M7 analysis; later M9V development is separate.
deathstarbench_social_network--split--ND--r0,deathstarbench_social_network,split,ND,0,read_home_timeline,PMX,not_part_of_frozen_M7,,False,No independent PMX forecast in the immutable M7 analysis; later M9V development is separate.
deathstarbench_social_network--split--ND--r0,deathstarbench_social_network,split,ND,0,read_user_timeline,PMX,not_part_of_frozen_M7,,False,No independent PMX forecast in the immutable M7 analysis; later M9V development is separate.
deathstarbench_social_network--split--ND--r1,deathstarbench_social_network,split,ND,1,compose_post,PMX,not_part_of_frozen_M7,,False,No independent PMX forecast in the immutable M7 analysis; later M9V development is separate.
deathstarbench_social_network--split--ND--r1,deathstarbench_social_network,split,ND,1,read_home_timeline,PMX,not_part_of_frozen_M7,,False,No independent PMX forecast in the immutable M7 analysis; later M9V development is separate.
deathstarbench_social_network--split--ND--r1,deathstarbench_social_network,split,ND,1,read_user_timeline,PMX,not_part_of_frozen_M7,,False,No independent PMX forecast in the immutable M7 analysis; later M9V development is separate.
deathstarbench_social_network--split--ND--r2,deathstarbench_social_network,split,ND,2,compose_post,PMX,not_part_of_frozen_M7,,False,No independent PMX forecast in the immutable M7 analysis; later M9V development is separate.
deathstarbench_social_network--split--ND--r2,deathstarbench_social_network,split,ND,2,read_home_timeline,PMX,not_part_of_frozen_M7,,False,No independent PMX forecast in the immutable M7 analysis; later M9V development is separate.
deathstarbench_social_network--split--ND--r2,deathstarbench_social_network,split,ND,2,read_user_timeline,PMX,not_part_of_frozen_M7,,False,No independent PMX forecast in the immutable M7 analysis; later M9V development is separate.
deathstarbench_social_network--split--ND--r3,deathstarbench_social_network,split,ND,3,compose_post,PMX,not_part_of_frozen_M7,,False,No independent PMX forecast in the immutable M7 analysis; later M9V development is separate.
deathstarbench_social_network--split--ND--r3,deathstarbench_social_network,split,ND,3,read_home_timeline,PMX,not_part_of_frozen_M7,,False,No independent PMX forecast in the immutable M7 analysis; later M9V development is separate.
deathstarbench_social_network--split--ND--r3,deathstarbench_social_network,split,ND,3,read_user_timeline,PMX,not_part_of_frozen_M7,,False,No independent PMX forecast in the immutable M7 analysis; later M9V development is separate.
deathstarbench_social_network--split--ND--r4,deathstarbench_social_network,split,ND,4,compose_post,PMX,not_part_of_frozen_M7,,False,No independent PMX forecast in the immutable M7 analysis; later M9V development is separate.
deathstarbench_social_network--split--ND--r4,deathstarbench_social_network,split,ND,4,read_home_timeline,PMX,not_part_of_frozen_M7,,False,No independent PMX forecast in the immutable M7 analysis; later M9V development is separate.
deathstarbench_social_network--split--ND--r4,deathstarbench_social_network,split,ND,4,read_user_timeline,PMX,not_part_of_frozen_M7,,False,No independent PMX forecast in the immutable M7 analysis; later M9V development is separate.
deathstarbench_social_network--split--ND--r5,deathstarbench_social_network,split,ND,5,compose_post,PMX,not_part_of_frozen_M7,,False,No independent PMX forecast in the immutable M7 analysis; later M9V development is separate.
deathstarbench_social_network--split--ND--r5,deathstarbench_social_network,split,ND,5,read_home_timeline,PMX,not_part_of_frozen_M7,,False,No independent PMX forecast in the immutable M7 analysis; later M9V development is separate.
deathstarbench_social_network--split--ND--r5,deathstarbench_social_network,split,ND,5,read_user_timeline,PMX,not_part_of_frozen_M7,,False,No independent PMX forecast in the immutable M7 analysis; later M9V development is separate.
deathstarbench_social_network--split--ND--r6,deathstarbench_social_network,split,ND,6,compose_post,PMX,not_part_of_frozen_M7,,False,No independent PMX forecast in the immutable M7 analysis; later M9V development is separate.
deathstarbench_social_network--split--ND--r6,deathstarbench_social_network,split,ND,6,read_home_timeline,PMX,not_part_of_frozen_M7,,False,No independent PMX forecast in the immutable M7 analysis; later M9V development is separate.
deathstarbench_social_network--split--ND--r6,deathstarbench_social_network,split,ND,6,read_user_timeline,PMX,not_part_of_frozen_M7,,False,No independent PMX forecast in the immutable M7 analysis; later M9V development is separate.
deathstarbench_social_network--split--ND--r7,deathstarbench_social_network,split,ND,7,compose_post,PMX,not_part_of_frozen_M7,,False,No independent PMX forecast in the immutable M7 analysis; later M9V development is separate.
deathstarbench_social_network--split--ND--r7,deathstarbench_social_network,split,ND,7,read_home_timeline,PMX,not_part_of_frozen_M7,,False,No independent PMX forecast in the immutable M7 analysis; later M9V development is separate.
deathstarbench_social_network--split--ND--r7,deathstarbench_social_network,split,ND,7,read_user_timeline,PMX,not_part_of_frozen_M7,,False,No independent PMX forecast in the immutable M7 analysis; later M9V development is separate.
deathstarbench_social_network--split--ND--r8,deathstarbench_social_network,split,ND,8,compose_post,PMX,not_part_of_frozen_M7,,False,No independent PMX forecast in the immutable M7 analysis; later M9V development is separate.
deathstarbench_social_network--split--ND--r8,deathstarbench_social_network,split,ND,8,read_home_timeline,PMX,not_part_of_frozen_M7,,False,No independent PMX forecast in the immutable M7 analysis; later M9V development is separate.
deathstarbench_social_network--split--ND--r8,deathstarbench_social_network,split,ND,8,read_user_timeline,PMX,not_part_of_frozen_M7,,False,No independent PMX forecast in the immutable M7 analysis; later M9V development is separate.
deathstarbench_social_network--split--ND--r9,deathstarbench_social_network,split,ND,9,compose_post,PMX,not_part_of_frozen_M7,,False,No independent PMX forecast in the immutable M7 analysis; later M9V development is separate.
deathstarbench_social_network--split--ND--r9,deathstarbench_social_network,split,ND,9,read_home_timeline,PMX,not_part_of_frozen_M7,,False,No independent PMX forecast in the immutable M7 analysis; later M9V development is separate.
deathstarbench_social_network--split--ND--r9,deathstarbench_social_network,split,ND,9,read_user_timeline,PMX,not_part_of_frozen_M7,,False,No independent PMX forecast in the immutable M7 analysis; later M9V development is separate.
deathstarbench_social_network--split--NCD--r0,deathstarbench_social_network,split,NCD,0,compose_post,PMX,not_part_of_frozen_M7,,True,No independent PMX forecast in the immutable M7 analysis; later M9V development is separate.
deathstarbench_social_network--split--NCD--r0,deathstarbench_social_network,split,NCD,0,read_home_timeline,PMX,not_part_of_frozen_M7,,True,No independent PMX forecast in the immutable M7 analysis; later M9V development is separate.
deathstarbench_social_network--split--NCD--r0,deathstarbench_social_network,split,NCD,0,read_user_timeline,PMX,not_part_of_frozen_M7,,True,No independent PMX forecast in the immutable M7 analysis; later M9V development is separate.
deathstarbench_social_network--split--NCD--r1,deathstarbench_social_network,split,NCD,1,compose_post,PMX,not_part_of_frozen_M7,,False,No independent PMX forecast in the immutable M7 analysis; later M9V development is separate.
deathstarbench_social_network--split--NCD--r1,deathstarbench_social_network,split,NCD,1,read_home_timeline,PMX,not_part_of_frozen_M7,,False,No independent PMX forecast in the immutable M7 analysis; later M9V development is separate.
deathstarbench_social_network--split--NCD--r1,deathstarbench_social_network,split,NCD,1,read_user_timeline,PMX,not_part_of_frozen_M7,,False,No independent PMX forecast in the immutable M7 analysis; later M9V development is separate.
deathstarbench_social_network--split--NCD--r2,deathstarbench_social_network,split,NCD,2,compose_post,PMX,not_part_of_frozen_M7,,False,No independent PMX forecast in the immutable M7 analysis; later M9V development is separate.
deathstarbench_social_network--split--NCD--r2,deathstarbench_social_network,split,NCD,2,read_home_timeline,PMX,not_part_of_frozen_M7,,False,No independent PMX forecast in the immutable M7 analysis; later M9V development is separate.
deathstarbench_social_network--split--NCD--r2,deathstarbench_social_network,split,NCD,2,read_user_timeline,PMX,not_part_of_frozen_M7,,False,No independent PMX forecast in the immutable M7 analysis; later M9V development is separate.
deathstarbench_social_network--split--NCD--r3,deathstarbench_social_network,split,NCD,3,compose_post,PMX,not_part_of_frozen_M7,,False,No independent PMX forecast in the immutable M7 analysis; later M9V development is separate.
deathstarbench_social_network--split--NCD--r3,deathstarbench_social_network,split,NCD,3,read_home_timeline,PMX,not_part_of_frozen_M7,,False,No independent PMX forecast in the immutable M7 analysis; later M9V development is separate.
deathstarbench_social_network--split--NCD--r3,deathstarbench_social_network,split,NCD,3,read_user_timeline,PMX,not_part_of_frozen_M7,,False,No independent PMX forecast in the immutable M7 analysis; later M9V development is separate.
deathstarbench_social_network--split--NCD--r4,deathstarbench_social_network,split,NCD,4,compose_post,PMX,not_part_of_frozen_M7,,False,No independent PMX forecast in the immutable M7 analysis; later M9V development is separate.
deathstarbench_social_network--split--NCD--r4,deathstarbench_social_network,split,NCD,4,read_home_timeline,PMX,not_part_of_frozen_M7,,False,No independent PMX forecast in the immutable M7 analysis; later M9V development is separate.
deathstarbench_social_network--split--NCD--r4,deathstarbench_social_network,split,NCD,4,read_user_timeline,PMX,not_part_of_frozen_M7,,False,No independent PMX forecast in the immutable M7 analysis; later M9V development is separate.
deathstarbench_social_network--split--NCD--r5,deathstarbench_social_network,split,NCD,5,compose_post,PMX,not_part_of_frozen_M7,,False,No independent PMX forecast in the immutable M7 analysis; later M9V development is separate.
deathstarbench_social_network--split--NCD--r5,deathstarbench_social_network,split,NCD,5,read_home_timeline,PMX,not_part_of_frozen_M7,,False,No independent PMX forecast in the immutable M7 analysis; later M9V development is separate.
deathstarbench_social_network--split--NCD--r5,deathstarbench_social_network,split,NCD,5,read_user_timeline,PMX,not_part_of_frozen_M7,,False,No independent PMX forecast in the immutable M7 analysis; later M9V development is separate.
deathstarbench_social_network--split--NCD--r6,deathstarbench_social_network,split,NCD,6,compose_post,PMX,not_part_of_frozen_M7,,False,No independent PMX forecast in the immutable M7 analysis; later M9V development is separate.
deathstarbench_social_network--split--NCD--r6,deathstarbench_social_network,split,NCD,6,read_home_timeline,PMX,not_part_of_frozen_M7,,False,No independent PMX forecast in the immutable M7 analysis; later M9V development is separate.
deathstarbench_social_network--split--NCD--r6,deathstarbench_social_network,split,NCD,6,read_user_timeline,PMX,not_part_of_frozen_M7,,False,No independent PMX forecast in the immutable M7 analysis; later M9V development is separate.
deathstarbench_social_network--split--NCD--r7,deathstarbench_social_network,split,NCD,7,compose_post,PMX,not_part_of_frozen_M7,,False,No independent PMX forecast in the immutable M7 analysis; later M9V development is separate.
deathstarbench_social_network--split--NCD--r7,deathstarbench_social_network,split,NCD,7,read_home_timeline,PMX,not_part_of_frozen_M7,,False,No independent PMX forecast in the immutable M7 analysis; later M9V development is separate.
deathstarbench_social_network--split--NCD--r7,deathstarbench_social_network,split,NCD,7,read_user_timeline,PMX,not_part_of_frozen_M7,,False,No independent PMX forecast in the immutable M7 analysis; later M9V development is separate.
deathstarbench_social_network--split--NCD--r8,deathstarbench_social_network,split,NCD,8,compose_post,PMX,not_part_of_frozen_M7,,False,No independent PMX forecast in the immutable M7 analysis; later M9V development is separate.
deathstarbench_social_network--split--NCD--r8,deathstarbench_social_network,split,NCD,8,read_home_timeline,PMX,not_part_of_frozen_M7,,False,No independent PMX forecast in the immutable M7 analysis; later M9V development is separate.
deathstarbench_social_network--split--NCD--r8,deathstarbench_social_network,split,NCD,8,read_user_timeline,PMX,not_part_of_frozen_M7,,False,No independent PMX forecast in the immutable M7 analysis; later M9V development is separate.
deathstarbench_social_network--split--NCD--r9,deathstarbench_social_network,split,NCD,9,compose_post,PMX,not_part_of_frozen_M7,,False,No independent PMX forecast in the immutable M7 analysis; later M9V development is separate.
deathstarbench_social_network--split--NCD--r9,deathstarbench_social_network,split,NCD,9,read_home_timeline,PMX,not_part_of_frozen_M7,,False,No independent PMX forecast in the immutable M7 analysis; later M9V development is separate.
deathstarbench_social_network--split--NCD--r9,deathstarbench_social_network,split,NCD,9,read_user_timeline,PMX,not_part_of_frozen_M7,,False,No independent PMX forecast in the immutable M7 analysis; later M9V development is separate.
opentelemetry_demo--colocated--N--r0,opentelemetry_demo,colocated,N,0,browse_product,PMX,not_part_of_frozen_M7,,False,No independent PMX forecast in the immutable M7 analysis; later M9V development is separate.
opentelemetry_demo--colocated--N--r0,opentelemetry_demo,colocated,N,0,add_to_cart,PMX,not_part_of_frozen_M7,,False,No independent PMX forecast in the immutable M7 analysis; later M9V development is separate.
opentelemetry_demo--colocated--N--r0,opentelemetry_demo,colocated,N,0,checkout,PMX,not_part_of_frozen_M7,,False,No independent PMX forecast in the immutable M7 analysis; later M9V development is separate.
opentelemetry_demo--colocated--N--r1,opentelemetry_demo,colocated,N,1,browse_product,PMX,not_part_of_frozen_M7,,False,No independent PMX forecast in the immutable M7 analysis; later M9V development is separate.
opentelemetry_demo--colocated--N--r1,opentelemetry_demo,colocated,N,1,add_to_cart,PMX,not_part_of_frozen_M7,,False,No independent PMX forecast in the immutable M7 analysis; later M9V development is separate.
opentelemetry_demo--colocated--N--r1,opentelemetry_demo,colocated,N,1,checkout,PMX,not_part_of_frozen_M7,,False,No independent PMX forecast in the immutable M7 analysis; later M9V development is separate.
opentelemetry_demo--colocated--N--r2,opentelemetry_demo,colocated,N,2,browse_product,PMX,not_part_of_frozen_M7,,False,No independent PMX forecast in the immutable M7 analysis; later M9V development is separate.
opentelemetry_demo--colocated--N--r2,opentelemetry_demo,colocated,N,2,add_to_cart,PMX,not_part_of_frozen_M7,,False,No independent PMX forecast in the immutable M7 analysis; later M9V development is separate.
opentelemetry_demo--colocated--N--r2,opentelemetry_demo,colocated,N,2,checkout,PMX,not_part_of_frozen_M7,,False,No independent PMX forecast in the immutable M7 analysis; later M9V development is separate.
opentelemetry_demo--colocated--N--r3,opentelemetry_demo,colocated,N,3,browse_product,PMX,not_part_of_frozen_M7,,False,No independent PMX forecast in the immutable M7 analysis; later M9V development is separate.
opentelemetry_demo--colocated--N--r3,opentelemetry_demo,colocated,N,3,add_to_cart,PMX,not_part_of_frozen_M7,,False,No independent PMX forecast in the immutable M7 analysis; later M9V development is separate.
opentelemetry_demo--colocated--N--r3,opentelemetry_demo,colocated,N,3,checkout,PMX,not_part_of_frozen_M7,,False,No independent PMX forecast in the immutable M7 analysis; later M9V development is separate.
opentelemetry_demo--colocated--N--r4,opentelemetry_demo,colocated,N,4,browse_product,PMX,not_part_of_frozen_M7,,False,No independent PMX forecast in the immutable M7 analysis; later M9V development is separate.
opentelemetry_demo--colocated--N--r4,opentelemetry_demo,colocated,N,4,add_to_cart,PMX,not_part_of_frozen_M7,,False,No independent PMX forecast in the immutable M7 analysis; later M9V development is separate.
opentelemetry_demo--colocated--N--r4,opentelemetry_demo,colocated,N,4,checkout,PMX,not_part_of_frozen_M7,,False,No independent PMX forecast in the immutable M7 analysis; later M9V development is separate.
opentelemetry_demo--colocated--N--r5,opentelemetry_demo,colocated,N,5,browse_product,PMX,not_part_of_frozen_M7,,False,No independent PMX forecast in the immutable M7 analysis; later M9V development is separate.
opentelemetry_demo--colocated--N--r5,opentelemetry_demo,colocated,N,5,add_to_cart,PMX,not_part_of_frozen_M7,,False,No independent PMX forecast in the immutable M7 analysis; later M9V development is separate.
opentelemetry_demo--colocated--N--r5,opentelemetry_demo,colocated,N,5,checkout,PMX,not_part_of_frozen_M7,,False,No independent PMX forecast in the immutable M7 analysis; later M9V development is separate.
opentelemetry_demo--colocated--N--r6,opentelemetry_demo,colocated,N,6,browse_product,PMX,not_part_of_frozen_M7,,False,No independent PMX forecast in the immutable M7 analysis; later M9V development is separate.
opentelemetry_demo--colocated--N--r6,opentelemetry_demo,colocated,N,6,add_to_cart,PMX,not_part_of_frozen_M7,,False,No independent PMX forecast in the immutable M7 analysis; later M9V development is separate.
opentelemetry_demo--colocated--N--r6,opentelemetry_demo,colocated,N,6,checkout,PMX,not_part_of_frozen_M7,,False,No independent PMX forecast in the immutable M7 analysis; later M9V development is separate.
opentelemetry_demo--colocated--N--r7,opentelemetry_demo,colocated,N,7,browse_product,PMX,not_part_of_frozen_M7,,False,No independent PMX forecast in the immutable M7 analysis; later M9V development is separate.
opentelemetry_demo--colocated--N--r7,opentelemetry_demo,colocated,N,7,add_to_cart,PMX,not_part_of_frozen_M7,,False,No independent PMX forecast in the immutable M7 analysis; later M9V development is separate.
opentelemetry_demo--colocated--N--r7,opentelemetry_demo,colocated,N,7,checkout,PMX,not_part_of_frozen_M7,,False,No independent PMX forecast in the immutable M7 analysis; later M9V development is separate.
opentelemetry_demo--colocated--N--r8,opentelemetry_demo,colocated,N,8,browse_product,PMX,not_part_of_frozen_M7,,False,No independent PMX forecast in the immutable M7 analysis; later M9V development is separate.
opentelemetry_demo--colocated--N--r8,opentelemetry_demo,colocated,N,8,add_to_cart,PMX,not_part_of_frozen_M7,,False,No independent PMX forecast in the immutable M7 analysis; later M9V development is separate.
opentelemetry_demo--colocated--N--r8,opentelemetry_demo,colocated,N,8,checkout,PMX,not_part_of_frozen_M7,,False,No independent PMX forecast in the immutable M7 analysis; later M9V development is separate.
opentelemetry_demo--colocated--N--r9,opentelemetry_demo,colocated,N,9,browse_product,PMX,not_part_of_frozen_M7,,False,No independent PMX forecast in the immutable M7 analysis; later M9V development is separate.
opentelemetry_demo--colocated--N--r9,opentelemetry_demo,colocated,N,9,add_to_cart,PMX,not_part_of_frozen_M7,,False,No independent PMX forecast in the immutable M7 analysis; later M9V development is separate.
opentelemetry_demo--colocated--N--r9,opentelemetry_demo,colocated,N,9,checkout,PMX,not_part_of_frozen_M7,,False,No independent PMX forecast in the immutable M7 analysis; later M9V development is separate.
opentelemetry_demo--colocated--NC--r0,opentelemetry_demo,colocated,NC,0,browse_product,PMX,not_part_of_frozen_M7,,False,No independent PMX forecast in the immutable M7 analysis; later M9V development is separate.
opentelemetry_demo--colocated--NC--r0,opentelemetry_demo,colocated,NC,0,add_to_cart,PMX,not_part_of_frozen_M7,,False,No independent PMX forecast in the immutable M7 analysis; later M9V development is separate.
opentelemetry_demo--colocated--NC--r0,opentelemetry_demo,colocated,NC,0,checkout,PMX,not_part_of_frozen_M7,,False,No independent PMX forecast in the immutable M7 analysis; later M9V development is separate.
opentelemetry_demo--colocated--NC--r1,opentelemetry_demo,colocated,NC,1,browse_product,PMX,not_part_of_frozen_M7,,False,No independent PMX forecast in the immutable M7 analysis; later M9V development is separate.
opentelemetry_demo--colocated--NC--r1,opentelemetry_demo,colocated,NC,1,add_to_cart,PMX,not_part_of_frozen_M7,,False,No independent PMX forecast in the immutable M7 analysis; later M9V development is separate.
opentelemetry_demo--colocated--NC--r1,opentelemetry_demo,colocated,NC,1,checkout,PMX,not_part_of_frozen_M7,,False,No independent PMX forecast in the immutable M7 analysis; later M9V development is separate.
opentelemetry_demo--colocated--NC--r2,opentelemetry_demo,colocated,NC,2,browse_product,PMX,not_part_of_frozen_M7,,False,No independent PMX forecast in the immutable M7 analysis; later M9V development is separate.
opentelemetry_demo--colocated--NC--r2,opentelemetry_demo,colocated,NC,2,add_to_cart,PMX,not_part_of_frozen_M7,,False,No independent PMX forecast in the immutable M7 analysis; later M9V development is separate.
opentelemetry_demo--colocated--NC--r2,opentelemetry_demo,colocated,NC,2,checkout,PMX,not_part_of_frozen_M7,,False,No independent PMX forecast in the immutable M7 analysis; later M9V development is separate.
opentelemetry_demo--colocated--NC--r3,opentelemetry_demo,colocated,NC,3,browse_product,PMX,not_part_of_frozen_M7,,False,No independent PMX forecast in the immutable M7 analysis; later M9V development is separate.
opentelemetry_demo--colocated--NC--r3,opentelemetry_demo,colocated,NC,3,add_to_cart,PMX,not_part_of_frozen_M7,,False,No independent PMX forecast in the immutable M7 analysis; later M9V development is separate.
opentelemetry_demo--colocated--NC--r3,opentelemetry_demo,colocated,NC,3,checkout,PMX,not_part_of_frozen_M7,,False,No independent PMX forecast in the immutable M7 analysis; later M9V development is separate.
opentelemetry_demo--colocated--NC--r4,opentelemetry_demo,colocated,NC,4,browse_product,PMX,not_part_of_frozen_M7,,False,No independent PMX forecast in the immutable M7 analysis; later M9V development is separate.
opentelemetry_demo--colocated--NC--r4,opentelemetry_demo,colocated,NC,4,add_to_cart,PMX,not_part_of_frozen_M7,,False,No independent PMX forecast in the immutable M7 analysis; later M9V development is separate.
opentelemetry_demo--colocated--NC--r4,opentelemetry_demo,colocated,NC,4,checkout,PMX,not_part_of_frozen_M7,,False,No independent PMX forecast in the immutable M7 analysis; later M9V development is separate.
opentelemetry_demo--colocated--NC--r5,opentelemetry_demo,colocated,NC,5,browse_product,PMX,not_part_of_frozen_M7,,False,No independent PMX forecast in the immutable M7 analysis; later M9V development is separate.
opentelemetry_demo--colocated--NC--r5,opentelemetry_demo,colocated,NC,5,add_to_cart,PMX,not_part_of_frozen_M7,,False,No independent PMX forecast in the immutable M7 analysis; later M9V development is separate.
opentelemetry_demo--colocated--NC--r5,opentelemetry_demo,colocated,NC,5,checkout,PMX,not_part_of_frozen_M7,,False,No independent PMX forecast in the immutable M7 analysis; later M9V development is separate.
opentelemetry_demo--colocated--NC--r6,opentelemetry_demo,colocated,NC,6,browse_product,PMX,not_part_of_frozen_M7,,False,No independent PMX forecast in the immutable M7 analysis; later M9V development is separate.
opentelemetry_demo--colocated--NC--r6,opentelemetry_demo,colocated,NC,6,add_to_cart,PMX,not_part_of_frozen_M7,,False,No independent PMX forecast in the immutable M7 analysis; later M9V development is separate.
opentelemetry_demo--colocated--NC--r6,opentelemetry_demo,colocated,NC,6,checkout,PMX,not_part_of_frozen_M7,,False,No independent PMX forecast in the immutable M7 analysis; later M9V development is separate.
opentelemetry_demo--colocated--NC--r7,opentelemetry_demo,colocated,NC,7,browse_product,PMX,not_part_of_frozen_M7,,False,No independent PMX forecast in the immutable M7 analysis; later M9V development is separate.
opentelemetry_demo--colocated--NC--r7,opentelemetry_demo,colocated,NC,7,add_to_cart,PMX,not_part_of_frozen_M7,,False,No independent PMX forecast in the immutable M7 analysis; later M9V development is separate.
opentelemetry_demo--colocated--NC--r7,opentelemetry_demo,colocated,NC,7,checkout,PMX,not_part_of_frozen_M7,,False,No independent PMX forecast in the immutable M7 analysis; later M9V development is separate.
opentelemetry_demo--colocated--NC--r8,opentelemetry_demo,colocated,NC,8,browse_product,PMX,not_part_of_frozen_M7,,False,No independent PMX forecast in the immutable M7 analysis; later M9V development is separate.
opentelemetry_demo--colocated--NC--r8,opentelemetry_demo,colocated,NC,8,add_to_cart,PMX,not_part_of_frozen_M7,,False,No independent PMX forecast in the immutable M7 analysis; later M9V development is separate.
opentelemetry_demo--colocated--NC--r8,opentelemetry_demo,colocated,NC,8,checkout,PMX,not_part_of_frozen_M7,,False,No independent PMX forecast in the immutable M7 analysis; later M9V development is separate.
opentelemetry_demo--colocated--NC--r9,opentelemetry_demo,colocated,NC,9,browse_product,PMX,not_part_of_frozen_M7,,False,No independent PMX forecast in the immutable M7 analysis; later M9V development is separate.
opentelemetry_demo--colocated--NC--r9,opentelemetry_demo,colocated,NC,9,add_to_cart,PMX,not_part_of_frozen_M7,,False,No independent PMX forecast in the immutable M7 analysis; later M9V development is separate.
opentelemetry_demo--colocated--NC--r9,opentelemetry_demo,colocated,NC,9,checkout,PMX,not_part_of_frozen_M7,,False,No independent PMX forecast in the immutable M7 analysis; later M9V development is separate.
opentelemetry_demo--colocated--ND--r0,opentelemetry_demo,colocated,ND,0,browse_product,PMX,not_part_of_frozen_M7,,False,No independent PMX forecast in the immutable M7 analysis; later M9V development is separate.
opentelemetry_demo--colocated--ND--r0,opentelemetry_demo,colocated,ND,0,add_to_cart,PMX,not_part_of_frozen_M7,,False,No independent PMX forecast in the immutable M7 analysis; later M9V development is separate.
opentelemetry_demo--colocated--ND--r0,opentelemetry_demo,colocated,ND,0,checkout,PMX,not_part_of_frozen_M7,,False,No independent PMX forecast in the immutable M7 analysis; later M9V development is separate.
opentelemetry_demo--colocated--ND--r1,opentelemetry_demo,colocated,ND,1,browse_product,PMX,not_part_of_frozen_M7,,False,No independent PMX forecast in the immutable M7 analysis; later M9V development is separate.
opentelemetry_demo--colocated--ND--r1,opentelemetry_demo,colocated,ND,1,add_to_cart,PMX,not_part_of_frozen_M7,,False,No independent PMX forecast in the immutable M7 analysis; later M9V development is separate.
opentelemetry_demo--colocated--ND--r1,opentelemetry_demo,colocated,ND,1,checkout,PMX,not_part_of_frozen_M7,,False,No independent PMX forecast in the immutable M7 analysis; later M9V development is separate.
opentelemetry_demo--colocated--ND--r2,opentelemetry_demo,colocated,ND,2,browse_product,PMX,not_part_of_frozen_M7,,False,No independent PMX forecast in the immutable M7 analysis; later M9V development is separate.
opentelemetry_demo--colocated--ND--r2,opentelemetry_demo,colocated,ND,2,add_to_cart,PMX,not_part_of_frozen_M7,,False,No independent PMX forecast in the immutable M7 analysis; later M9V development is separate.
opentelemetry_demo--colocated--ND--r2,opentelemetry_demo,colocated,ND,2,checkout,PMX,not_part_of_frozen_M7,,False,No independent PMX forecast in the immutable M7 analysis; later M9V development is separate.
opentelemetry_demo--colocated--ND--r3,opentelemetry_demo,colocated,ND,3,browse_product,PMX,not_part_of_frozen_M7,,False,No independent PMX forecast in the immutable M7 analysis; later M9V development is separate.
opentelemetry_demo--colocated--ND--r3,opentelemetry_demo,colocated,ND,3,add_to_cart,PMX,not_part_of_frozen_M7,,False,No independent PMX forecast in the immutable M7 analysis; later M9V development is separate.
opentelemetry_demo--colocated--ND--r3,opentelemetry_demo,colocated,ND,3,checkout,PMX,not_part_of_frozen_M7,,False,No independent PMX forecast in the immutable M7 analysis; later M9V development is separate.
opentelemetry_demo--colocated--ND--r4,opentelemetry_demo,colocated,ND,4,browse_product,PMX,not_part_of_frozen_M7,,False,No independent PMX forecast in the immutable M7 analysis; later M9V development is separate.
opentelemetry_demo--colocated--ND--r4,opentelemetry_demo,colocated,ND,4,add_to_cart,PMX,not_part_of_frozen_M7,,False,No independent PMX forecast in the immutable M7 analysis; later M9V development is separate.
opentelemetry_demo--colocated--ND--r4,opentelemetry_demo,colocated,ND,4,checkout,PMX,not_part_of_frozen_M7,,False,No independent PMX forecast in the immutable M7 analysis; later M9V development is separate.
opentelemetry_demo--colocated--ND--r5,opentelemetry_demo,colocated,ND,5,browse_product,PMX,not_part_of_frozen_M7,,False,No independent PMX forecast in the immutable M7 analysis; later M9V development is separate.
opentelemetry_demo--colocated--ND--r5,opentelemetry_demo,colocated,ND,5,add_to_cart,PMX,not_part_of_frozen_M7,,False,No independent PMX forecast in the immutable M7 analysis; later M9V development is separate.
opentelemetry_demo--colocated--ND--r5,opentelemetry_demo,colocated,ND,5,checkout,PMX,not_part_of_frozen_M7,,False,No independent PMX forecast in the immutable M7 analysis; later M9V development is separate.
opentelemetry_demo--colocated--ND--r6,opentelemetry_demo,colocated,ND,6,browse_product,PMX,not_part_of_frozen_M7,,False,No independent PMX forecast in the immutable M7 analysis; later M9V development is separate.
opentelemetry_demo--colocated--ND--r6,opentelemetry_demo,colocated,ND,6,add_to_cart,PMX,not_part_of_frozen_M7,,False,No independent PMX forecast in the immutable M7 analysis; later M9V development is separate.
opentelemetry_demo--colocated--ND--r6,opentelemetry_demo,colocated,ND,6,checkout,PMX,not_part_of_frozen_M7,,False,No independent PMX forecast in the immutable M7 analysis; later M9V development is separate.
opentelemetry_demo--colocated--ND--r7,opentelemetry_demo,colocated,ND,7,browse_product,PMX,not_part_of_frozen_M7,,False,No independent PMX forecast in the immutable M7 analysis; later M9V development is separate.
opentelemetry_demo--colocated--ND--r7,opentelemetry_demo,colocated,ND,7,add_to_cart,PMX,not_part_of_frozen_M7,,False,No independent PMX forecast in the immutable M7 analysis; later M9V development is separate.
opentelemetry_demo--colocated--ND--r7,opentelemetry_demo,colocated,ND,7,checkout,PMX,not_part_of_frozen_M7,,False,No independent PMX forecast in the immutable M7 analysis; later M9V development is separate.
opentelemetry_demo--colocated--ND--r8,opentelemetry_demo,colocated,ND,8,browse_product,PMX,not_part_of_frozen_M7,,False,No independent PMX forecast in the immutable M7 analysis; later M9V development is separate.
opentelemetry_demo--colocated--ND--r8,opentelemetry_demo,colocated,ND,8,add_to_cart,PMX,not_part_of_frozen_M7,,False,No independent PMX forecast in the immutable M7 analysis; later M9V development is separate.
opentelemetry_demo--colocated--ND--r8,opentelemetry_demo,colocated,ND,8,checkout,PMX,not_part_of_frozen_M7,,False,No independent PMX forecast in the immutable M7 analysis; later M9V development is separate.
opentelemetry_demo--colocated--ND--r9,opentelemetry_demo,colocated,ND,9,browse_product,PMX,not_part_of_frozen_M7,,False,No independent PMX forecast in the immutable M7 analysis; later M9V development is separate.
opentelemetry_demo--colocated--ND--r9,opentelemetry_demo,colocated,ND,9,add_to_cart,PMX,not_part_of_frozen_M7,,False,No independent PMX forecast in the immutable M7 analysis; later M9V development is separate.
opentelemetry_demo--colocated--ND--r9,opentelemetry_demo,colocated,ND,9,checkout,PMX,not_part_of_frozen_M7,,False,No independent PMX forecast in the immutable M7 analysis; later M9V development is separate.
opentelemetry_demo--colocated--NCD--r0,opentelemetry_demo,colocated,NCD,0,browse_product,PMX,not_part_of_frozen_M7,,True,No independent PMX forecast in the immutable M7 analysis; later M9V development is separate.
opentelemetry_demo--colocated--NCD--r0,opentelemetry_demo,colocated,NCD,0,add_to_cart,PMX,not_part_of_frozen_M7,,True,No independent PMX forecast in the immutable M7 analysis; later M9V development is separate.
opentelemetry_demo--colocated--NCD--r0,opentelemetry_demo,colocated,NCD,0,checkout,PMX,not_part_of_frozen_M7,,True,No independent PMX forecast in the immutable M7 analysis; later M9V development is separate.
opentelemetry_demo--colocated--NCD--r1,opentelemetry_demo,colocated,NCD,1,browse_product,PMX,not_part_of_frozen_M7,,False,No independent PMX forecast in the immutable M7 analysis; later M9V development is separate.
opentelemetry_demo--colocated--NCD--r1,opentelemetry_demo,colocated,NCD,1,add_to_cart,PMX,not_part_of_frozen_M7,,False,No independent PMX forecast in the immutable M7 analysis; later M9V development is separate.
opentelemetry_demo--colocated--NCD--r1,opentelemetry_demo,colocated,NCD,1,checkout,PMX,not_part_of_frozen_M7,,False,No independent PMX forecast in the immutable M7 analysis; later M9V development is separate.
opentelemetry_demo--colocated--NCD--r2,opentelemetry_demo,colocated,NCD,2,browse_product,PMX,not_part_of_frozen_M7,,False,No independent PMX forecast in the immutable M7 analysis; later M9V development is separate.
opentelemetry_demo--colocated--NCD--r2,opentelemetry_demo,colocated,NCD,2,add_to_cart,PMX,not_part_of_frozen_M7,,False,No independent PMX forecast in the immutable M7 analysis; later M9V development is separate.
opentelemetry_demo--colocated--NCD--r2,opentelemetry_demo,colocated,NCD,2,checkout,PMX,not_part_of_frozen_M7,,False,No independent PMX forecast in the immutable M7 analysis; later M9V development is separate.
opentelemetry_demo--colocated--NCD--r3,opentelemetry_demo,colocated,NCD,3,browse_product,PMX,not_part_of_frozen_M7,,False,No independent PMX forecast in the immutable M7 analysis; later M9V development is separate.
opentelemetry_demo--colocated--NCD--r3,opentelemetry_demo,colocated,NCD,3,add_to_cart,PMX,not_part_of_frozen_M7,,False,No independent PMX forecast in the immutable M7 analysis; later M9V development is separate.
opentelemetry_demo--colocated--NCD--r3,opentelemetry_demo,colocated,NCD,3,checkout,PMX,not_part_of_frozen_M7,,False,No independent PMX forecast in the immutable M7 analysis; later M9V development is separate.
opentelemetry_demo--colocated--NCD--r4,opentelemetry_demo,colocated,NCD,4,browse_product,PMX,not_part_of_frozen_M7,,False,No independent PMX forecast in the immutable M7 analysis; later M9V development is separate.
opentelemetry_demo--colocated--NCD--r4,opentelemetry_demo,colocated,NCD,4,add_to_cart,PMX,not_part_of_frozen_M7,,False,No independent PMX forecast in the immutable M7 analysis; later M9V development is separate.
opentelemetry_demo--colocated--NCD--r4,opentelemetry_demo,colocated,NCD,4,checkout,PMX,not_part_of_frozen_M7,,False,No independent PMX forecast in the immutable M7 analysis; later M9V development is separate.
opentelemetry_demo--colocated--NCD--r5,opentelemetry_demo,colocated,NCD,5,browse_product,PMX,not_part_of_frozen_M7,,False,No independent PMX forecast in the immutable M7 analysis; later M9V development is separate.
opentelemetry_demo--colocated--NCD--r5,opentelemetry_demo,colocated,NCD,5,add_to_cart,PMX,not_part_of_frozen_M7,,False,No independent PMX forecast in the immutable M7 analysis; later M9V development is separate.
opentelemetry_demo--colocated--NCD--r5,opentelemetry_demo,colocated,NCD,5,checkout,PMX,not_part_of_frozen_M7,,False,No independent PMX forecast in the immutable M7 analysis; later M9V development is separate.
opentelemetry_demo--colocated--NCD--r6,opentelemetry_demo,colocated,NCD,6,browse_product,PMX,not_part_of_frozen_M7,,False,No independent PMX forecast in the immutable M7 analysis; later M9V development is separate.
opentelemetry_demo--colocated--NCD--r6,opentelemetry_demo,colocated,NCD,6,add_to_cart,PMX,not_part_of_frozen_M7,,False,No independent PMX forecast in the immutable M7 analysis; later M9V development is separate.
opentelemetry_demo--colocated--NCD--r6,opentelemetry_demo,colocated,NCD,6,checkout,PMX,not_part_of_frozen_M7,,False,No independent PMX forecast in the immutable M7 analysis; later M9V development is separate.
opentelemetry_demo--colocated--NCD--r7,opentelemetry_demo,colocated,NCD,7,browse_product,PMX,not_part_of_frozen_M7,,False,No independent PMX forecast in the immutable M7 analysis; later M9V development is separate.
opentelemetry_demo--colocated--NCD--r7,opentelemetry_demo,colocated,NCD,7,add_to_cart,PMX,not_part_of_frozen_M7,,False,No independent PMX forecast in the immutable M7 analysis; later M9V development is separate.
opentelemetry_demo--colocated--NCD--r7,opentelemetry_demo,colocated,NCD,7,checkout,PMX,not_part_of_frozen_M7,,False,No independent PMX forecast in the immutable M7 analysis; later M9V development is separate.
opentelemetry_demo--colocated--NCD--r8,opentelemetry_demo,colocated,NCD,8,browse_product,PMX,not_part_of_frozen_M7,,False,No independent PMX forecast in the immutable M7 analysis; later M9V development is separate.
opentelemetry_demo--colocated--NCD--r8,opentelemetry_demo,colocated,NCD,8,add_to_cart,PMX,not_part_of_frozen_M7,,False,No independent PMX forecast in the immutable M7 analysis; later M9V development is separate.
opentelemetry_demo--colocated--NCD--r8,opentelemetry_demo,colocated,NCD,8,checkout,PMX,not_part_of_frozen_M7,,False,No independent PMX forecast in the immutable M7 analysis; later M9V development is separate.
opentelemetry_demo--colocated--NCD--r9,opentelemetry_demo,colocated,NCD,9,browse_product,PMX,not_part_of_frozen_M7,,False,No independent PMX forecast in the immutable M7 analysis; later M9V development is separate.
opentelemetry_demo--colocated--NCD--r9,opentelemetry_demo,colocated,NCD,9,add_to_cart,PMX,not_part_of_frozen_M7,,False,No independent PMX forecast in the immutable M7 analysis; later M9V development is separate.
opentelemetry_demo--colocated--NCD--r9,opentelemetry_demo,colocated,NCD,9,checkout,PMX,not_part_of_frozen_M7,,False,No independent PMX forecast in the immutable M7 analysis; later M9V development is separate.
opentelemetry_demo--split--N--r0,opentelemetry_demo,split,N,0,browse_product,PMX,not_part_of_frozen_M7,,False,No independent PMX forecast in the immutable M7 analysis; later M9V development is separate.
opentelemetry_demo--split--N--r0,opentelemetry_demo,split,N,0,add_to_cart,PMX,not_part_of_frozen_M7,,False,No independent PMX forecast in the immutable M7 analysis; later M9V development is separate.
opentelemetry_demo--split--N--r0,opentelemetry_demo,split,N,0,checkout,PMX,not_part_of_frozen_M7,,False,No independent PMX forecast in the immutable M7 analysis; later M9V development is separate.
opentelemetry_demo--split--N--r1,opentelemetry_demo,split,N,1,browse_product,PMX,not_part_of_frozen_M7,,False,No independent PMX forecast in the immutable M7 analysis; later M9V development is separate.
opentelemetry_demo--split--N--r1,opentelemetry_demo,split,N,1,add_to_cart,PMX,not_part_of_frozen_M7,,False,No independent PMX forecast in the immutable M7 analysis; later M9V development is separate.
opentelemetry_demo--split--N--r1,opentelemetry_demo,split,N,1,checkout,PMX,not_part_of_frozen_M7,,False,No independent PMX forecast in the immutable M7 analysis; later M9V development is separate.
opentelemetry_demo--split--N--r2,opentelemetry_demo,split,N,2,browse_product,PMX,not_part_of_frozen_M7,,False,No independent PMX forecast in the immutable M7 analysis; later M9V development is separate.
opentelemetry_demo--split--N--r2,opentelemetry_demo,split,N,2,add_to_cart,PMX,not_part_of_frozen_M7,,False,No independent PMX forecast in the immutable M7 analysis; later M9V development is separate.
opentelemetry_demo--split--N--r2,opentelemetry_demo,split,N,2,checkout,PMX,not_part_of_frozen_M7,,False,No independent PMX forecast in the immutable M7 analysis; later M9V development is separate.
opentelemetry_demo--split--N--r3,opentelemetry_demo,split,N,3,browse_product,PMX,not_part_of_frozen_M7,,False,No independent PMX forecast in the immutable M7 analysis; later M9V development is separate.
opentelemetry_demo--split--N--r3,opentelemetry_demo,split,N,3,add_to_cart,PMX,not_part_of_frozen_M7,,False,No independent PMX forecast in the immutable M7 analysis; later M9V development is separate.
opentelemetry_demo--split--N--r3,opentelemetry_demo,split,N,3,checkout,PMX,not_part_of_frozen_M7,,False,No independent PMX forecast in the immutable M7 analysis; later M9V development is separate.
opentelemetry_demo--split--N--r4,opentelemetry_demo,split,N,4,browse_product,PMX,not_part_of_frozen_M7,,False,No independent PMX forecast in the immutable M7 analysis; later M9V development is separate.
opentelemetry_demo--split--N--r4,opentelemetry_demo,split,N,4,add_to_cart,PMX,not_part_of_frozen_M7,,False,No independent PMX forecast in the immutable M7 analysis; later M9V development is separate.
opentelemetry_demo--split--N--r4,opentelemetry_demo,split,N,4,checkout,PMX,not_part_of_frozen_M7,,False,No independent PMX forecast in the immutable M7 analysis; later M9V development is separate.
opentelemetry_demo--split--N--r5,opentelemetry_demo,split,N,5,browse_product,PMX,not_part_of_frozen_M7,,False,No independent PMX forecast in the immutable M7 analysis; later M9V development is separate.
opentelemetry_demo--split--N--r5,opentelemetry_demo,split,N,5,add_to_cart,PMX,not_part_of_frozen_M7,,False,No independent PMX forecast in the immutable M7 analysis; later M9V development is separate.
opentelemetry_demo--split--N--r5,opentelemetry_demo,split,N,5,checkout,PMX,not_part_of_frozen_M7,,False,No independent PMX forecast in the immutable M7 analysis; later M9V development is separate.
opentelemetry_demo--split--N--r6,opentelemetry_demo,split,N,6,browse_product,PMX,not_part_of_frozen_M7,,False,No independent PMX forecast in the immutable M7 analysis; later M9V development is separate.
opentelemetry_demo--split--N--r6,opentelemetry_demo,split,N,6,add_to_cart,PMX,not_part_of_frozen_M7,,False,No independent PMX forecast in the immutable M7 analysis; later M9V development is separate.
opentelemetry_demo--split--N--r6,opentelemetry_demo,split,N,6,checkout,PMX,not_part_of_frozen_M7,,False,No independent PMX forecast in the immutable M7 analysis; later M9V development is separate.
opentelemetry_demo--split--N--r7,opentelemetry_demo,split,N,7,browse_product,PMX,not_part_of_frozen_M7,,False,No independent PMX forecast in the immutable M7 analysis; later M9V development is separate.
opentelemetry_demo--split--N--r7,opentelemetry_demo,split,N,7,add_to_cart,PMX,not_part_of_frozen_M7,,False,No independent PMX forecast in the immutable M7 analysis; later M9V development is separate.
opentelemetry_demo--split--N--r7,opentelemetry_demo,split,N,7,checkout,PMX,not_part_of_frozen_M7,,False,No independent PMX forecast in the immutable M7 analysis; later M9V development is separate.
opentelemetry_demo--split--N--r8,opentelemetry_demo,split,N,8,browse_product,PMX,not_part_of_frozen_M7,,False,No independent PMX forecast in the immutable M7 analysis; later M9V development is separate.
opentelemetry_demo--split--N--r8,opentelemetry_demo,split,N,8,add_to_cart,PMX,not_part_of_frozen_M7,,False,No independent PMX forecast in the immutable M7 analysis; later M9V development is separate.
opentelemetry_demo--split--N--r8,opentelemetry_demo,split,N,8,checkout,PMX,not_part_of_frozen_M7,,False,No independent PMX forecast in the immutable M7 analysis; later M9V development is separate.
opentelemetry_demo--split--N--r9,opentelemetry_demo,split,N,9,browse_product,PMX,not_part_of_frozen_M7,,False,No independent PMX forecast in the immutable M7 analysis; later M9V development is separate.
opentelemetry_demo--split--N--r9,opentelemetry_demo,split,N,9,add_to_cart,PMX,not_part_of_frozen_M7,,False,No independent PMX forecast in the immutable M7 analysis; later M9V development is separate.
opentelemetry_demo--split--N--r9,opentelemetry_demo,split,N,9,checkout,PMX,not_part_of_frozen_M7,,False,No independent PMX forecast in the immutable M7 analysis; later M9V development is separate.
opentelemetry_demo--split--NC--r0,opentelemetry_demo,split,NC,0,browse_product,PMX,not_part_of_frozen_M7,,False,No independent PMX forecast in the immutable M7 analysis; later M9V development is separate.
opentelemetry_demo--split--NC--r0,opentelemetry_demo,split,NC,0,add_to_cart,PMX,not_part_of_frozen_M7,,False,No independent PMX forecast in the immutable M7 analysis; later M9V development is separate.
opentelemetry_demo--split--NC--r0,opentelemetry_demo,split,NC,0,checkout,PMX,not_part_of_frozen_M7,,False,No independent PMX forecast in the immutable M7 analysis; later M9V development is separate.
opentelemetry_demo--split--NC--r1,opentelemetry_demo,split,NC,1,browse_product,PMX,not_part_of_frozen_M7,,False,No independent PMX forecast in the immutable M7 analysis; later M9V development is separate.
opentelemetry_demo--split--NC--r1,opentelemetry_demo,split,NC,1,add_to_cart,PMX,not_part_of_frozen_M7,,False,No independent PMX forecast in the immutable M7 analysis; later M9V development is separate.
opentelemetry_demo--split--NC--r1,opentelemetry_demo,split,NC,1,checkout,PMX,not_part_of_frozen_M7,,False,No independent PMX forecast in the immutable M7 analysis; later M9V development is separate.
opentelemetry_demo--split--NC--r2,opentelemetry_demo,split,NC,2,browse_product,PMX,not_part_of_frozen_M7,,False,No independent PMX forecast in the immutable M7 analysis; later M9V development is separate.
opentelemetry_demo--split--NC--r2,opentelemetry_demo,split,NC,2,add_to_cart,PMX,not_part_of_frozen_M7,,False,No independent PMX forecast in the immutable M7 analysis; later M9V development is separate.
opentelemetry_demo--split--NC--r2,opentelemetry_demo,split,NC,2,checkout,PMX,not_part_of_frozen_M7,,False,No independent PMX forecast in the immutable M7 analysis; later M9V development is separate.
opentelemetry_demo--split--NC--r3,opentelemetry_demo,split,NC,3,browse_product,PMX,not_part_of_frozen_M7,,False,No independent PMX forecast in the immutable M7 analysis; later M9V development is separate.
opentelemetry_demo--split--NC--r3,opentelemetry_demo,split,NC,3,add_to_cart,PMX,not_part_of_frozen_M7,,False,No independent PMX forecast in the immutable M7 analysis; later M9V development is separate.
opentelemetry_demo--split--NC--r3,opentelemetry_demo,split,NC,3,checkout,PMX,not_part_of_frozen_M7,,False,No independent PMX forecast in the immutable M7 analysis; later M9V development is separate.
opentelemetry_demo--split--NC--r4,opentelemetry_demo,split,NC,4,browse_product,PMX,not_part_of_frozen_M7,,False,No independent PMX forecast in the immutable M7 analysis; later M9V development is separate.
opentelemetry_demo--split--NC--r4,opentelemetry_demo,split,NC,4,add_to_cart,PMX,not_part_of_frozen_M7,,False,No independent PMX forecast in the immutable M7 analysis; later M9V development is separate.
opentelemetry_demo--split--NC--r4,opentelemetry_demo,split,NC,4,checkout,PMX,not_part_of_frozen_M7,,False,No independent PMX forecast in the immutable M7 analysis; later M9V development is separate.
opentelemetry_demo--split--NC--r5,opentelemetry_demo,split,NC,5,browse_product,PMX,not_part_of_frozen_M7,,False,No independent PMX forecast in the immutable M7 analysis; later M9V development is separate.
opentelemetry_demo--split--NC--r5,opentelemetry_demo,split,NC,5,add_to_cart,PMX,not_part_of_frozen_M7,,False,No independent PMX forecast in the immutable M7 analysis; later M9V development is separate.
opentelemetry_demo--split--NC--r5,opentelemetry_demo,split,NC,5,checkout,PMX,not_part_of_frozen_M7,,False,No independent PMX forecast in the immutable M7 analysis; later M9V development is separate.
opentelemetry_demo--split--NC--r6,opentelemetry_demo,split,NC,6,browse_product,PMX,not_part_of_frozen_M7,,False,No independent PMX forecast in the immutable M7 analysis; later M9V development is separate.
opentelemetry_demo--split--NC--r6,opentelemetry_demo,split,NC,6,add_to_cart,PMX,not_part_of_frozen_M7,,False,No independent PMX forecast in the immutable M7 analysis; later M9V development is separate.
opentelemetry_demo--split--NC--r6,opentelemetry_demo,split,NC,6,checkout,PMX,not_part_of_frozen_M7,,False,No independent PMX forecast in the immutable M7 analysis; later M9V development is separate.
opentelemetry_demo--split--NC--r7,opentelemetry_demo,split,NC,7,browse_product,PMX,not_part_of_frozen_M7,,False,No independent PMX forecast in the immutable M7 analysis; later M9V development is separate.
opentelemetry_demo--split--NC--r7,opentelemetry_demo,split,NC,7,add_to_cart,PMX,not_part_of_frozen_M7,,False,No independent PMX forecast in the immutable M7 analysis; later M9V development is separate.
opentelemetry_demo--split--NC--r7,opentelemetry_demo,split,NC,7,checkout,PMX,not_part_of_frozen_M7,,False,No independent PMX forecast in the immutable M7 analysis; later M9V development is separate.
opentelemetry_demo--split--NC--r8,opentelemetry_demo,split,NC,8,browse_product,PMX,not_part_of_frozen_M7,,False,No independent PMX forecast in the immutable M7 analysis; later M9V development is separate.
opentelemetry_demo--split--NC--r8,opentelemetry_demo,split,NC,8,add_to_cart,PMX,not_part_of_frozen_M7,,False,No independent PMX forecast in the immutable M7 analysis; later M9V development is separate.
opentelemetry_demo--split--NC--r8,opentelemetry_demo,split,NC,8,checkout,PMX,not_part_of_frozen_M7,,False,No independent PMX forecast in the immutable M7 analysis; later M9V development is separate.
opentelemetry_demo--split--NC--r9,opentelemetry_demo,split,NC,9,browse_product,PMX,not_part_of_frozen_M7,,False,No independent PMX forecast in the immutable M7 analysis; later M9V development is separate.
opentelemetry_demo--split--NC--r9,opentelemetry_demo,split,NC,9,add_to_cart,PMX,not_part_of_frozen_M7,,False,No independent PMX forecast in the immutable M7 analysis; later M9V development is separate.
opentelemetry_demo--split--NC--r9,opentelemetry_demo,split,NC,9,checkout,PMX,not_part_of_frozen_M7,,False,No independent PMX forecast in the immutable M7 analysis; later M9V development is separate.
opentelemetry_demo--split--ND--r0,opentelemetry_demo,split,ND,0,browse_product,PMX,not_part_of_frozen_M7,,False,No independent PMX forecast in the immutable M7 analysis; later M9V development is separate.
opentelemetry_demo--split--ND--r0,opentelemetry_demo,split,ND,0,add_to_cart,PMX,not_part_of_frozen_M7,,False,No independent PMX forecast in the immutable M7 analysis; later M9V development is separate.
opentelemetry_demo--split--ND--r0,opentelemetry_demo,split,ND,0,checkout,PMX,not_part_of_frozen_M7,,False,No independent PMX forecast in the immutable M7 analysis; later M9V development is separate.
opentelemetry_demo--split--ND--r1,opentelemetry_demo,split,ND,1,browse_product,PMX,not_part_of_frozen_M7,,False,No independent PMX forecast in the immutable M7 analysis; later M9V development is separate.
opentelemetry_demo--split--ND--r1,opentelemetry_demo,split,ND,1,add_to_cart,PMX,not_part_of_frozen_M7,,False,No independent PMX forecast in the immutable M7 analysis; later M9V development is separate.
opentelemetry_demo--split--ND--r1,opentelemetry_demo,split,ND,1,checkout,PMX,not_part_of_frozen_M7,,False,No independent PMX forecast in the immutable M7 analysis; later M9V development is separate.
opentelemetry_demo--split--ND--r2,opentelemetry_demo,split,ND,2,browse_product,PMX,not_part_of_frozen_M7,,False,No independent PMX forecast in the immutable M7 analysis; later M9V development is separate.
opentelemetry_demo--split--ND--r2,opentelemetry_demo,split,ND,2,add_to_cart,PMX,not_part_of_frozen_M7,,False,No independent PMX forecast in the immutable M7 analysis; later M9V development is separate.
opentelemetry_demo--split--ND--r2,opentelemetry_demo,split,ND,2,checkout,PMX,not_part_of_frozen_M7,,False,No independent PMX forecast in the immutable M7 analysis; later M9V development is separate.
opentelemetry_demo--split--ND--r3,opentelemetry_demo,split,ND,3,browse_product,PMX,not_part_of_frozen_M7,,False,No independent PMX forecast in the immutable M7 analysis; later M9V development is separate.
opentelemetry_demo--split--ND--r3,opentelemetry_demo,split,ND,3,add_to_cart,PMX,not_part_of_frozen_M7,,False,No independent PMX forecast in the immutable M7 analysis; later M9V development is separate.
opentelemetry_demo--split--ND--r3,opentelemetry_demo,split,ND,3,checkout,PMX,not_part_of_frozen_M7,,False,No independent PMX forecast in the immutable M7 analysis; later M9V development is separate.
opentelemetry_demo--split--ND--r4,opentelemetry_demo,split,ND,4,browse_product,PMX,not_part_of_frozen_M7,,False,No independent PMX forecast in the immutable M7 analysis; later M9V development is separate.
opentelemetry_demo--split--ND--r4,opentelemetry_demo,split,ND,4,add_to_cart,PMX,not_part_of_frozen_M7,,False,No independent PMX forecast in the immutable M7 analysis; later M9V development is separate.
opentelemetry_demo--split--ND--r4,opentelemetry_demo,split,ND,4,checkout,PMX,not_part_of_frozen_M7,,False,No independent PMX forecast in the immutable M7 analysis; later M9V development is separate.
opentelemetry_demo--split--ND--r5,opentelemetry_demo,split,ND,5,browse_product,PMX,not_part_of_frozen_M7,,False,No independent PMX forecast in the immutable M7 analysis; later M9V development is separate.
opentelemetry_demo--split--ND--r5,opentelemetry_demo,split,ND,5,add_to_cart,PMX,not_part_of_frozen_M7,,False,No independent PMX forecast in the immutable M7 analysis; later M9V development is separate.
opentelemetry_demo--split--ND--r5,opentelemetry_demo,split,ND,5,checkout,PMX,not_part_of_frozen_M7,,False,No independent PMX forecast in the immutable M7 analysis; later M9V development is separate.
opentelemetry_demo--split--ND--r6,opentelemetry_demo,split,ND,6,browse_product,PMX,not_part_of_frozen_M7,,False,No independent PMX forecast in the immutable M7 analysis; later M9V development is separate.
opentelemetry_demo--split--ND--r6,opentelemetry_demo,split,ND,6,add_to_cart,PMX,not_part_of_frozen_M7,,False,No independent PMX forecast in the immutable M7 analysis; later M9V development is separate.
opentelemetry_demo--split--ND--r6,opentelemetry_demo,split,ND,6,checkout,PMX,not_part_of_frozen_M7,,False,No independent PMX forecast in the immutable M7 analysis; later M9V development is separate.
opentelemetry_demo--split--ND--r7,opentelemetry_demo,split,ND,7,browse_product,PMX,not_part_of_frozen_M7,,False,No independent PMX forecast in the immutable M7 analysis; later M9V development is separate.
opentelemetry_demo--split--ND--r7,opentelemetry_demo,split,ND,7,add_to_cart,PMX,not_part_of_frozen_M7,,False,No independent PMX forecast in the immutable M7 analysis; later M9V development is separate.
opentelemetry_demo--split--ND--r7,opentelemetry_demo,split,ND,7,checkout,PMX,not_part_of_frozen_M7,,False,No independent PMX forecast in the immutable M7 analysis; later M9V development is separate.
opentelemetry_demo--split--ND--r8,opentelemetry_demo,split,ND,8,browse_product,PMX,not_part_of_frozen_M7,,False,No independent PMX forecast in the immutable M7 analysis; later M9V development is separate.
opentelemetry_demo--split--ND--r8,opentelemetry_demo,split,ND,8,add_to_cart,PMX,not_part_of_frozen_M7,,False,No independent PMX forecast in the immutable M7 analysis; later M9V development is separate.
opentelemetry_demo--split--ND--r8,opentelemetry_demo,split,ND,8,checkout,PMX,not_part_of_frozen_M7,,False,No independent PMX forecast in the immutable M7 analysis; later M9V development is separate.
opentelemetry_demo--split--ND--r9,opentelemetry_demo,split,ND,9,browse_product,PMX,not_part_of_frozen_M7,,False,No independent PMX forecast in the immutable M7 analysis; later M9V development is separate.
opentelemetry_demo--split--ND--r9,opentelemetry_demo,split,ND,9,add_to_cart,PMX,not_part_of_frozen_M7,,False,No independent PMX forecast in the immutable M7 analysis; later M9V development is separate.
opentelemetry_demo--split--ND--r9,opentelemetry_demo,split,ND,9,checkout,PMX,not_part_of_frozen_M7,,False,No independent PMX forecast in the immutable M7 analysis; later M9V development is separate.
opentelemetry_demo--split--NCD--r0,opentelemetry_demo,split,NCD,0,browse_product,PMX,not_part_of_frozen_M7,,True,No independent PMX forecast in the immutable M7 analysis; later M9V development is separate.
opentelemetry_demo--split--NCD--r0,opentelemetry_demo,split,NCD,0,add_to_cart,PMX,not_part_of_frozen_M7,,True,No independent PMX forecast in the immutable M7 analysis; later M9V development is separate.
opentelemetry_demo--split--NCD--r0,opentelemetry_demo,split,NCD,0,checkout,PMX,not_part_of_frozen_M7,,True,No independent PMX forecast in the immutable M7 analysis; later M9V development is separate.
opentelemetry_demo--split--NCD--r1,opentelemetry_demo,split,NCD,1,browse_product,PMX,not_part_of_frozen_M7,,False,No independent PMX forecast in the immutable M7 analysis; later M9V development is separate.
opentelemetry_demo--split--NCD--r1,opentelemetry_demo,split,NCD,1,add_to_cart,PMX,not_part_of_frozen_M7,,False,No independent PMX forecast in the immutable M7 analysis; later M9V development is separate.
opentelemetry_demo--split--NCD--r1,opentelemetry_demo,split,NCD,1,checkout,PMX,not_part_of_frozen_M7,,False,No independent PMX forecast in the immutable M7 analysis; later M9V development is separate.
opentelemetry_demo--split--NCD--r2,opentelemetry_demo,split,NCD,2,browse_product,PMX,not_part_of_frozen_M7,,False,No independent PMX forecast in the immutable M7 analysis; later M9V development is separate.
opentelemetry_demo--split--NCD--r2,opentelemetry_demo,split,NCD,2,add_to_cart,PMX,not_part_of_frozen_M7,,False,No independent PMX forecast in the immutable M7 analysis; later M9V development is separate.
opentelemetry_demo--split--NCD--r2,opentelemetry_demo,split,NCD,2,checkout,PMX,not_part_of_frozen_M7,,False,No independent PMX forecast in the immutable M7 analysis; later M9V development is separate.
opentelemetry_demo--split--NCD--r3,opentelemetry_demo,split,NCD,3,browse_product,PMX,not_part_of_frozen_M7,,False,No independent PMX forecast in the immutable M7 analysis; later M9V development is separate.
opentelemetry_demo--split--NCD--r3,opentelemetry_demo,split,NCD,3,add_to_cart,PMX,not_part_of_frozen_M7,,False,No independent PMX forecast in the immutable M7 analysis; later M9V development is separate.
opentelemetry_demo--split--NCD--r3,opentelemetry_demo,split,NCD,3,checkout,PMX,not_part_of_frozen_M7,,False,No independent PMX forecast in the immutable M7 analysis; later M9V development is separate.
opentelemetry_demo--split--NCD--r4,opentelemetry_demo,split,NCD,4,browse_product,PMX,not_part_of_frozen_M7,,False,No independent PMX forecast in the immutable M7 analysis; later M9V development is separate.
opentelemetry_demo--split--NCD--r4,opentelemetry_demo,split,NCD,4,add_to_cart,PMX,not_part_of_frozen_M7,,False,No independent PMX forecast in the immutable M7 analysis; later M9V development is separate.
opentelemetry_demo--split--NCD--r4,opentelemetry_demo,split,NCD,4,checkout,PMX,not_part_of_frozen_M7,,False,No independent PMX forecast in the immutable M7 analysis; later M9V development is separate.
opentelemetry_demo--split--NCD--r5,opentelemetry_demo,split,NCD,5,browse_product,PMX,not_part_of_frozen_M7,,False,No independent PMX forecast in the immutable M7 analysis; later M9V development is separate.
opentelemetry_demo--split--NCD--r5,opentelemetry_demo,split,NCD,5,add_to_cart,PMX,not_part_of_frozen_M7,,False,No independent PMX forecast in the immutable M7 analysis; later M9V development is separate.
opentelemetry_demo--split--NCD--r5,opentelemetry_demo,split,NCD,5,checkout,PMX,not_part_of_frozen_M7,,False,No independent PMX forecast in the immutable M7 analysis; later M9V development is separate.
opentelemetry_demo--split--NCD--r6,opentelemetry_demo,split,NCD,6,browse_product,PMX,not_part_of_frozen_M7,,False,No independent PMX forecast in the immutable M7 analysis; later M9V development is separate.
opentelemetry_demo--split--NCD--r6,opentelemetry_demo,split,NCD,6,add_to_cart,PMX,not_part_of_frozen_M7,,False,No independent PMX forecast in the immutable M7 analysis; later M9V development is separate.
opentelemetry_demo--split--NCD--r6,opentelemetry_demo,split,NCD,6,checkout,PMX,not_part_of_frozen_M7,,False,No independent PMX forecast in the immutable M7 analysis; later M9V development is separate.
opentelemetry_demo--split--NCD--r7,opentelemetry_demo,split,NCD,7,browse_product,PMX,not_part_of_frozen_M7,,False,No independent PMX forecast in the immutable M7 analysis; later M9V development is separate.
opentelemetry_demo--split--NCD--r7,opentelemetry_demo,split,NCD,7,add_to_cart,PMX,not_part_of_frozen_M7,,False,No independent PMX forecast in the immutable M7 analysis; later M9V development is separate.
opentelemetry_demo--split--NCD--r7,opentelemetry_demo,split,NCD,7,checkout,PMX,not_part_of_frozen_M7,,False,No independent PMX forecast in the immutable M7 analysis; later M9V development is separate.
opentelemetry_demo--split--NCD--r8,opentelemetry_demo,split,NCD,8,browse_product,PMX,not_part_of_frozen_M7,,False,No independent PMX forecast in the immutable M7 analysis; later M9V development is separate.
opentelemetry_demo--split--NCD--r8,opentelemetry_demo,split,NCD,8,add_to_cart,PMX,not_part_of_frozen_M7,,False,No independent PMX forecast in the immutable M7 analysis; later M9V development is separate.
opentelemetry_demo--split--NCD--r8,opentelemetry_demo,split,NCD,8,checkout,PMX,not_part_of_frozen_M7,,False,No independent PMX forecast in the immutable M7 analysis; later M9V development is separate.
opentelemetry_demo--split--NCD--r9,opentelemetry_demo,split,NCD,9,browse_product,PMX,not_part_of_frozen_M7,,False,No independent PMX forecast in the immutable M7 analysis; later M9V development is separate.
opentelemetry_demo--split--NCD--r9,opentelemetry_demo,split,NCD,9,add_to_cart,PMX,not_part_of_frozen_M7,,False,No independent PMX forecast in the immutable M7 analysis; later M9V development is separate.
opentelemetry_demo--split--NCD--r9,opentelemetry_demo,split,NCD,9,checkout,PMX,not_part_of_frozen_M7,,False,No independent PMX forecast in the immutable M7 analysis; later M9V development is separate.
