application,campaign_id,evaluator_reason,evaluator_status,forecast,law,method,metrics,operation,placement,repetition
deathstarbench_social_network,v4-confirmation-771621/deathstarbench_social_network/split/N/0,,qualified,"{""exact_fraction"": ""143/150"", ""probability"": 0.9533333333333334, ""reason"": null, ""status"": ""ok""}",N,Gstar,"{""absolute_error_pp"": 0.4166666666666652, ""attempts"": 1200, ""brier"": 0.04826666666666666, ""forecast"": 0.9533333333333334, ""observed"": 0.9491666666666667, ""signed_error_pp"": 0.4166666666666652, ""successes"": 1139}",compose_post,split,0
deathstarbench_social_network,v4-confirmation-771621/deathstarbench_social_network/split/N/0,,qualified,"{""identified_lower"": 0.9533333333333334, ""identified_upper"": 1.0, ""lower_exact"": ""143/150"", ""probability"": null, ""reason"": ""not_point_identified_under_declared_observation_law"", ""status"": ""unsupported"", ""upper_exact"": ""1""}",N,GID,,compose_post,split,0
deathstarbench_social_network,v4-confirmation-771621/deathstarbench_social_network/split/N/0,,qualified,"{""identified_lower"": 0.9533333333333334, ""identified_upper"": 1.0, ""lower_exact"": ""143/150"", ""probability"": null, ""reason"": ""not_point_identified_under_declared_observation_law"", ""status"": ""unsupported"", ""upper_exact"": ""1""}",N,Gselected,,compose_post,split,0
deathstarbench_social_network,v4-confirmation-771621/deathstarbench_social_network/split/N/0,,qualified,"{""identified_lower"": 0.9533333333333334, ""identified_upper"": 0.9991666666666666, ""lower_exact"": ""143/150"", ""probability"": null, ""reason"": ""not_point_identified_under_declared_observation_law"", ""status"": ""unsupported"", ""upper_exact"": ""1199/1200""}",N,G_without_deadline,,compose_post,split,0
deathstarbench_social_network,v4-confirmation-771621/deathstarbench_social_network/split/N/0,,qualified,"{""exact_fraction"": ""143/150"", ""probability"": 0.9533333333333334, ""reason"": null, ""status"": ""ok""}",N,G_without_selection,"{""absolute_error_pp"": 0.4166666666666652, ""attempts"": 1200, ""brier"": 0.04826666666666666, ""forecast"": 0.9533333333333334, ""observed"": 0.9491666666666667, ""signed_error_pp"": 0.4166666666666652, ""successes"": 1139}",compose_post,split,0
deathstarbench_social_network,v4-confirmation-771621/deathstarbench_social_network/split/N/0,,qualified,"{""identified_lower"": 0.9533333333333334, ""identified_upper"": 0.9541666666666667, ""lower_exact"": ""143/150"", ""probability"": null, ""reason"": ""not_point_identified_under_declared_observation_law"", ""status"": ""unsupported"", ""upper_exact"": ""229/240""}",N,G_without_completion,,compose_post,split,0
deathstarbench_social_network,v4-confirmation-771621/deathstarbench_social_network/split/N/0,,qualified,"{""exact_fraction"": ""1"", ""probability"": 1.0, ""reason"": null, ""status"": ""ok""}",N,G0,"{""absolute_error_pp"": 5.083333333333329, ""attempts"": 1200, ""brier"": 0.050833333333333335, ""forecast"": 1.0, ""observed"": 0.9491666666666667, ""signed_error_pp"": 5.083333333333329, ""successes"": 1139}",compose_post,split,0
deathstarbench_social_network,v4-confirmation-771621/deathstarbench_social_network/split/N/0,,qualified,"{""attempts"": 1200, ""exact_fraction"": ""1144/1200"", ""probability"": 0.9533333333333334, ""reason"": null, ""status"": ""ok"", ""successes"": 1144, ""timeouts"": 55}",N,B0,"{""absolute_error_pp"": 0.4166666666666652, ""attempts"": 1200, ""brier"": 0.04826666666666666, ""forecast"": 0.9533333333333334, ""observed"": 0.9491666666666667, ""signed_error_pp"": 0.4166666666666652, ""successes"": 1139}",compose_post,split,0
deathstarbench_social_network,v4-confirmation-771621/deathstarbench_social_network/split/N/0,,qualified,"{""model_id"": ""campaign-fdfbf68397c13e74a827--compose_post--conditional_local"", ""probability"": 0.9533333333333334, ""reason"": null, ""status"": ""ok""}",N,PMX,"{""absolute_error_pp"": 0.4166666666666652, ""attempts"": 1200, ""brier"": 0.04826666666666666, ""forecast"": 0.9533333333333334, ""observed"": 0.9491666666666667, ""signed_error_pp"": 0.4166666666666652, ""successes"": 1139}",compose_post,split,0
deathstarbench_social_network,v4-confirmation-771621/deathstarbench_social_network/split/N/0,,qualified,"{""model_id"": ""campaign-fdfbf68397c13e74a827--compose_post--inclusive"", ""probability"": 0.9525388888888889, ""reason"": null, ""status"": ""ok""}",N,PMX_inclusive,"{""absolute_error_pp"": 0.3372222222222221, ""attempts"": 1200, ""brier"": 0.04826067743827161, ""forecast"": 0.9525388888888889, ""observed"": 0.9491666666666667, ""signed_error_pp"": 0.3372222222222221, ""successes"": 1139}",compose_post,split,0
deathstarbench_social_network,v4-confirmation-771621/deathstarbench_social_network/split/N/0,,qualified,"{""exact_fraction"": ""1"", ""probability"": 1.0, ""reason"": null, ""status"": ""ok""}",N,Gstar,"{""absolute_error_pp"": 0.0, ""attempts"": 1200, ""brier"": 0.0, ""forecast"": 1.0, ""observed"": 1.0, ""signed_error_pp"": 0.0, ""successes"": 1200}",read_home_timeline,split,0
deathstarbench_social_network,v4-confirmation-771621/deathstarbench_social_network/split/N/0,,qualified,"{""exact_fraction"": ""1"", ""probability"": 1.0, ""reason"": null, ""status"": ""ok""}",N,GID,"{""absolute_error_pp"": 0.0, ""attempts"": 1200, ""brier"": 0.0, ""forecast"": 1.0, ""observed"": 1.0, ""signed_error_pp"": 0.0, ""successes"": 1200}",read_home_timeline,split,0
deathstarbench_social_network,v4-confirmation-771621/deathstarbench_social_network/split/N/0,,qualified,"{""exact_fraction"": ""1"", ""probability"": 1.0, ""reason"": null, ""status"": ""ok""}",N,Gselected,"{""absolute_error_pp"": 0.0, ""attempts"": 1200, ""brier"": 0.0, ""forecast"": 1.0, ""observed"": 1.0, ""signed_error_pp"": 0.0, ""successes"": 1200}",read_home_timeline,split,0
deathstarbench_social_network,v4-confirmation-771621/deathstarbench_social_network/split/N/0,,qualified,"{""exact_fraction"": ""1"", ""probability"": 1.0, ""reason"": null, ""status"": ""ok""}",N,G_without_deadline,"{""absolute_error_pp"": 0.0, ""attempts"": 1200, ""brier"": 0.0, ""forecast"": 1.0, ""observed"": 1.0, ""signed_error_pp"": 0.0, ""successes"": 1200}",read_home_timeline,split,0
deathstarbench_social_network,v4-confirmation-771621/deathstarbench_social_network/split/N/0,,qualified,"{""exact_fraction"": ""1"", ""probability"": 1.0, ""reason"": null, ""status"": ""ok""}",N,G_without_selection,"{""absolute_error_pp"": 0.0, ""attempts"": 1200, ""brier"": 0.0, ""forecast"": 1.0, ""observed"": 1.0, ""signed_error_pp"": 0.0, ""successes"": 1200}",read_home_timeline,split,0
deathstarbench_social_network,v4-confirmation-771621/deathstarbench_social_network/split/N/0,,qualified,"{""exact_fraction"": ""1"", ""probability"": 1.0, ""reason"": null, ""status"": ""ok""}",N,G_without_completion,"{""absolute_error_pp"": 0.0, ""attempts"": 1200, ""brier"": 0.0, ""forecast"": 1.0, ""observed"": 1.0, ""signed_error_pp"": 0.0, ""successes"": 1200}",read_home_timeline,split,0
deathstarbench_social_network,v4-confirmation-771621/deathstarbench_social_network/split/N/0,,qualified,"{""exact_fraction"": ""1"", ""probability"": 1.0, ""reason"": null, ""status"": ""ok""}",N,G0,"{""absolute_error_pp"": 0.0, ""attempts"": 1200, ""brier"": 0.0, ""forecast"": 1.0, ""observed"": 1.0, ""signed_error_pp"": 0.0, ""successes"": 1200}",read_home_timeline,split,0
deathstarbench_social_network,v4-confirmation-771621/deathstarbench_social_network/split/N/0,,qualified,"{""attempts"": 1200, ""exact_fraction"": ""1200/1200"", ""probability"": 1.0, ""reason"": null, ""status"": ""ok"", ""successes"": 1200, ""timeouts"": 0}",N,B0,"{""absolute_error_pp"": 0.0, ""attempts"": 1200, ""brier"": 0.0, ""forecast"": 1.0, ""observed"": 1.0, ""signed_error_pp"": 0.0, ""successes"": 1200}",read_home_timeline,split,0
deathstarbench_social_network,v4-confirmation-771621/deathstarbench_social_network/split/N/0,,qualified,"{""model_id"": ""campaign-fdfbf68397c13e74a827--read_home_timeline--conditional_local"", ""probability"": 1.0, ""reason"": null, ""status"": ""ok""}",N,PMX,"{""absolute_error_pp"": 0.0, ""attempts"": 1200, ""brier"": 0.0, ""forecast"": 1.0, ""observed"": 1.0, ""signed_error_pp"": 0.0, ""successes"": 1200}",read_home_timeline,split,0
deathstarbench_social_network,v4-confirmation-771621/deathstarbench_social_network/split/N/0,,qualified,"{""model_id"": ""campaign-fdfbf68397c13e74a827--read_home_timeline--inclusive"", ""probability"": 1.0, ""reason"": null, ""status"": ""ok""}",N,PMX_inclusive,"{""absolute_error_pp"": 0.0, ""attempts"": 1200, ""brier"": 0.0, ""forecast"": 1.0, ""observed"": 1.0, ""signed_error_pp"": 0.0, ""successes"": 1200}",read_home_timeline,split,0
deathstarbench_social_network,v4-confirmation-771621/deathstarbench_social_network/split/N/0,,qualified,"{""exact_fraction"": ""93/100"", ""probability"": 0.93, ""reason"": null, ""status"": ""ok""}",N,Gstar,"{""absolute_error_pp"": 0.5833333333333246, ""attempts"": 1200, ""brier"": 0.06008333333333333, ""forecast"": 0.93, ""observed"": 0.9358333333333333, ""signed_error_pp"": -0.5833333333333246, ""successes"": 1123}",read_user_timeline,split,0
deathstarbench_social_network,v4-confirmation-771621/deathstarbench_social_network/split/N/0,,qualified,"{""identified_lower"": 0.93, ""identified_upper"": 1.0, ""lower_exact"": ""93/100"", ""probability"": null, ""reason"": ""not_point_identified_under_declared_observation_law"", ""status"": ""unsupported"", ""upper_exact"": ""1""}",N,GID,,read_user_timeline,split,0
deathstarbench_social_network,v4-confirmation-771621/deathstarbench_social_network/split/N/0,,qualified,"{""identified_lower"": 0.93, ""identified_upper"": 1.0, ""lower_exact"": ""93/100"", ""probability"": null, ""reason"": ""not_point_identified_under_declared_observation_law"", ""status"": ""unsupported"", ""upper_exact"": ""1""}",N,Gselected,,read_user_timeline,split,0
deathstarbench_social_network,v4-confirmation-771621/deathstarbench_social_network/split/N/0,,qualified,"{""identified_lower"": 0.93, ""identified_upper"": 1.0, ""lower_exact"": ""93/100"", ""probability"": null, ""reason"": ""not_point_identified_under_declared_observation_law"", ""status"": ""unsupported"", ""upper_exact"": ""1""}",N,G_without_deadline,,read_user_timeline,split,0
deathstarbench_social_network,v4-confirmation-771621/deathstarbench_social_network/split/N/0,,qualified,"{""exact_fraction"": ""93/100"", ""probability"": 0.93, ""reason"": null, ""status"": ""ok""}",N,G_without_selection,"{""absolute_error_pp"": 0.5833333333333246, ""attempts"": 1200, ""brier"": 0.06008333333333333, ""forecast"": 0.93, ""observed"": 0.9358333333333333, ""signed_error_pp"": -0.5833333333333246, ""successes"": 1123}",read_user_timeline,split,0
deathstarbench_social_network,v4-confirmation-771621/deathstarbench_social_network/split/N/0,,qualified,"{""exact_fraction"": ""93/100"", ""probability"": 0.93, ""reason"": null, ""status"": ""ok""}",N,G_without_completion,"{""absolute_error_pp"": 0.5833333333333246, ""attempts"": 1200, ""brier"": 0.06008333333333333, ""forecast"": 0.93, ""observed"": 0.9358333333333333, ""signed_error_pp"": -0.5833333333333246, ""successes"": 1123}",read_user_timeline,split,0
deathstarbench_social_network,v4-confirmation-771621/deathstarbench_social_network/split/N/0,,qualified,"{""exact_fraction"": ""1"", ""probability"": 1.0, ""reason"": null, ""status"": ""ok""}",N,G0,"{""absolute_error_pp"": 6.4166666666666705, ""attempts"": 1200, ""brier"": 0.06416666666666666, ""forecast"": 1.0, ""observed"": 0.9358333333333333, ""signed_error_pp"": 6.4166666666666705, ""successes"": 1123}",read_user_timeline,split,0
deathstarbench_social_network,v4-confirmation-771621/deathstarbench_social_network/split/N/0,,qualified,"{""attempts"": 1200, ""exact_fraction"": ""1116/1200"", ""probability"": 0.93, ""reason"": null, ""status"": ""ok"", ""successes"": 1116, ""timeouts"": 84}",N,B0,"{""absolute_error_pp"": 0.5833333333333246, ""attempts"": 1200, ""brier"": 0.06008333333333333, ""forecast"": 0.93, ""observed"": 0.9358333333333333, ""signed_error_pp"": -0.5833333333333246, ""successes"": 1123}",read_user_timeline,split,0
deathstarbench_social_network,v4-confirmation-771621/deathstarbench_social_network/split/N/0,,qualified,"{""model_id"": ""campaign-fdfbf68397c13e74a827--read_user_timeline--conditional_local"", ""probability"": 0.9299999999999999, ""reason"": null, ""status"": ""ok""}",N,PMX,"{""absolute_error_pp"": 0.5833333333333357, ""attempts"": 1200, ""brier"": 0.06008333333333333, ""forecast"": 0.9299999999999999, ""observed"": 0.9358333333333333, ""signed_error_pp"": -0.5833333333333357, ""successes"": 1123}",read_user_timeline,split,0
deathstarbench_social_network,v4-confirmation-771621/deathstarbench_social_network/split/N/0,,qualified,"{""model_id"": ""campaign-fdfbf68397c13e74a827--read_user_timeline--inclusive"", ""probability"": 0.9299999999999999, ""reason"": null, ""status"": ""ok""}",N,PMX_inclusive,"{""absolute_error_pp"": 0.5833333333333357, ""attempts"": 1200, ""brier"": 0.06008333333333333, ""forecast"": 0.9299999999999999, ""observed"": 0.9358333333333333, ""signed_error_pp"": -0.5833333333333357, ""successes"": 1123}",read_user_timeline,split,0
deathstarbench_social_network,v4-confirmation-771621/deathstarbench_social_network/split/N/1,,qualified,"{""exact_fraction"": ""569/600"", ""probability"": 0.9483333333333334, ""reason"": null, ""status"": ""ok""}",N,Gstar,"{""absolute_error_pp"": 0.08333333333333526, ""attempts"": 1200, ""brier"": 0.04825, ""forecast"": 0.9483333333333334, ""observed"": 0.9491666666666667, ""signed_error_pp"": -0.08333333333333526, ""successes"": 1139}",compose_post,split,1
deathstarbench_social_network,v4-confirmation-771621/deathstarbench_social_network/split/N/1,,qualified,"{""identified_lower"": 0.9483333333333334, ""identified_upper"": 1.0, ""lower_exact"": ""569/600"", ""probability"": null, ""reason"": ""not_point_identified_under_declared_observation_law"", ""status"": ""unsupported"", ""upper_exact"": ""1""}",N,GID,,compose_post,split,1
deathstarbench_social_network,v4-confirmation-771621/deathstarbench_social_network/split/N/1,,qualified,"{""identified_lower"": 0.9483333333333334, ""identified_upper"": 1.0, ""lower_exact"": ""569/600"", ""probability"": null, ""reason"": ""not_point_identified_under_declared_observation_law"", ""status"": ""unsupported"", ""upper_exact"": ""1""}",N,Gselected,,compose_post,split,1
deathstarbench_social_network,v4-confirmation-771621/deathstarbench_social_network/split/N/1,,qualified,"{""identified_lower"": 0.9483333333333334, ""identified_upper"": 0.9991666666666666, ""lower_exact"": ""569/600"", ""probability"": null, ""reason"": ""not_point_identified_under_declared_observation_law"", ""status"": ""unsupported"", ""upper_exact"": ""1199/1200""}",N,G_without_deadline,,compose_post,split,1
deathstarbench_social_network,v4-confirmation-771621/deathstarbench_social_network/split/N/1,,qualified,"{""exact_fraction"": ""569/600"", ""probability"": 0.9483333333333334, ""reason"": null, ""status"": ""ok""}",N,G_without_selection,"{""absolute_error_pp"": 0.08333333333333526, ""attempts"": 1200, ""brier"": 0.04825, ""forecast"": 0.9483333333333334, ""observed"": 0.9491666666666667, ""signed_error_pp"": -0.08333333333333526, ""successes"": 1139}",compose_post,split,1
deathstarbench_social_network,v4-confirmation-771621/deathstarbench_social_network/split/N/1,,qualified,"{""identified_lower"": 0.9483333333333334, ""identified_upper"": 0.9491666666666667, ""lower_exact"": ""569/600"", ""probability"": null, ""reason"": ""not_point_identified_under_declared_observation_law"", ""status"": ""unsupported"", ""upper_exact"": ""1139/1200""}",N,G_without_completion,,compose_post,split,1
deathstarbench_social_network,v4-confirmation-771621/deathstarbench_social_network/split/N/1,,qualified,"{""exact_fraction"": ""1"", ""probability"": 1.0, ""reason"": null, ""status"": ""ok""}",N,G0,"{""absolute_error_pp"": 5.083333333333329, ""attempts"": 1200, ""brier"": 0.050833333333333335, ""forecast"": 1.0, ""observed"": 0.9491666666666667, ""signed_error_pp"": 5.083333333333329, ""successes"": 1139}",compose_post,split,1
deathstarbench_social_network,v4-confirmation-771621/deathstarbench_social_network/split/N/1,,qualified,"{""attempts"": 1200, ""exact_fraction"": ""1138/1200"", ""probability"": 0.9483333333333334, ""reason"": null, ""status"": ""ok"", ""successes"": 1138, ""timeouts"": 61}",N,B0,"{""absolute_error_pp"": 0.08333333333333526, ""attempts"": 1200, ""brier"": 0.04825, ""forecast"": 0.9483333333333334, ""observed"": 0.9491666666666667, ""signed_error_pp"": -0.08333333333333526, ""successes"": 1139}",compose_post,split,1
deathstarbench_social_network,v4-confirmation-771621/deathstarbench_social_network/split/N/1,,qualified,"{""model_id"": ""campaign-eb9ee9a37552d47fe9bb--compose_post--conditional_local"", ""probability"": 0.9483333333333333, ""reason"": null, ""status"": ""ok""}",N,PMX,"{""absolute_error_pp"": 0.08333333333334636, ""attempts"": 1200, ""brier"": 0.04825000000000001, ""forecast"": 0.9483333333333333, ""observed"": 0.9491666666666667, ""signed_error_pp"": -0.08333333333334636, ""successes"": 1139}",compose_post,split,1
deathstarbench_social_network,v4-confirmation-771621/deathstarbench_social_network/split/N/1,,qualified,"{""model_id"": ""campaign-eb9ee9a37552d47fe9bb--compose_post--inclusive"", ""probability"": 0.9475430555555555, ""reason"": null, ""status"": ""ok""}",N,PMX_inclusive,"{""absolute_error_pp"": 0.16236111111112006, ""attempts"": 1200, ""brier"": 0.048251941668595685, ""forecast"": 0.9475430555555555, ""observed"": 0.9491666666666667, ""signed_error_pp"": -0.16236111111112006, ""successes"": 1139}",compose_post,split,1
deathstarbench_social_network,v4-confirmation-771621/deathstarbench_social_network/split/N/1,,qualified,"{""exact_fraction"": ""1"", ""probability"": 1.0, ""reason"": null, ""status"": ""ok""}",N,Gstar,"{""absolute_error_pp"": 0.0, ""attempts"": 1200, ""brier"": 0.0, ""forecast"": 1.0, ""observed"": 1.0, ""signed_error_pp"": 0.0, ""successes"": 1200}",read_home_timeline,split,1
deathstarbench_social_network,v4-confirmation-771621/deathstarbench_social_network/split/N/1,,qualified,"{""exact_fraction"": ""1"", ""probability"": 1.0, ""reason"": null, ""status"": ""ok""}",N,GID,"{""absolute_error_pp"": 0.0, ""attempts"": 1200, ""brier"": 0.0, ""forecast"": 1.0, ""observed"": 1.0, ""signed_error_pp"": 0.0, ""successes"": 1200}",read_home_timeline,split,1
deathstarbench_social_network,v4-confirmation-771621/deathstarbench_social_network/split/N/1,,qualified,"{""exact_fraction"": ""1"", ""probability"": 1.0, ""reason"": null, ""status"": ""ok""}",N,Gselected,"{""absolute_error_pp"": 0.0, ""attempts"": 1200, ""brier"": 0.0, ""forecast"": 1.0, ""observed"": 1.0, ""signed_error_pp"": 0.0, ""successes"": 1200}",read_home_timeline,split,1
deathstarbench_social_network,v4-confirmation-771621/deathstarbench_social_network/split/N/1,,qualified,"{""exact_fraction"": ""1"", ""probability"": 1.0, ""reason"": null, ""status"": ""ok""}",N,G_without_deadline,"{""absolute_error_pp"": 0.0, ""attempts"": 1200, ""brier"": 0.0, ""forecast"": 1.0, ""observed"": 1.0, ""signed_error_pp"": 0.0, ""successes"": 1200}",read_home_timeline,split,1
deathstarbench_social_network,v4-confirmation-771621/deathstarbench_social_network/split/N/1,,qualified,"{""exact_fraction"": ""1"", ""probability"": 1.0, ""reason"": null, ""status"": ""ok""}",N,G_without_selection,"{""absolute_error_pp"": 0.0, ""attempts"": 1200, ""brier"": 0.0, ""forecast"": 1.0, ""observed"": 1.0, ""signed_error_pp"": 0.0, ""successes"": 1200}",read_home_timeline,split,1
deathstarbench_social_network,v4-confirmation-771621/deathstarbench_social_network/split/N/1,,qualified,"{""exact_fraction"": ""1"", ""probability"": 1.0, ""reason"": null, ""status"": ""ok""}",N,G_without_completion,"{""absolute_error_pp"": 0.0, ""attempts"": 1200, ""brier"": 0.0, ""forecast"": 1.0, ""observed"": 1.0, ""signed_error_pp"": 0.0, ""successes"": 1200}",read_home_timeline,split,1
deathstarbench_social_network,v4-confirmation-771621/deathstarbench_social_network/split/N/1,,qualified,"{""exact_fraction"": ""1"", ""probability"": 1.0, ""reason"": null, ""status"": ""ok""}",N,G0,"{""absolute_error_pp"": 0.0, ""attempts"": 1200, ""brier"": 0.0, ""forecast"": 1.0, ""observed"": 1.0, ""signed_error_pp"": 0.0, ""successes"": 1200}",read_home_timeline,split,1
deathstarbench_social_network,v4-confirmation-771621/deathstarbench_social_network/split/N/1,,qualified,"{""attempts"": 1200, ""exact_fraction"": ""1200/1200"", ""probability"": 1.0, ""reason"": null, ""status"": ""ok"", ""successes"": 1200, ""timeouts"": 0}",N,B0,"{""absolute_error_pp"": 0.0, ""attempts"": 1200, ""brier"": 0.0, ""forecast"": 1.0, ""observed"": 1.0, ""signed_error_pp"": 0.0, ""successes"": 1200}",read_home_timeline,split,1
deathstarbench_social_network,v4-confirmation-771621/deathstarbench_social_network/split/N/1,,qualified,"{""model_id"": ""campaign-eb9ee9a37552d47fe9bb--read_home_timeline--conditional_local"", ""probability"": 1.0, ""reason"": null, ""status"": ""ok""}",N,PMX,"{""absolute_error_pp"": 0.0, ""attempts"": 1200, ""brier"": 0.0, ""forecast"": 1.0, ""observed"": 1.0, ""signed_error_pp"": 0.0, ""successes"": 1200}",read_home_timeline,split,1
deathstarbench_social_network,v4-confirmation-771621/deathstarbench_social_network/split/N/1,,qualified,"{""model_id"": ""campaign-eb9ee9a37552d47fe9bb--read_home_timeline--inclusive"", ""probability"": 1.0, ""reason"": null, ""status"": ""ok""}",N,PMX_inclusive,"{""absolute_error_pp"": 0.0, ""attempts"": 1200, ""brier"": 0.0, ""forecast"": 1.0, ""observed"": 1.0, ""signed_error_pp"": 0.0, ""successes"": 1200}",read_home_timeline,split,1
deathstarbench_social_network,v4-confirmation-771621/deathstarbench_social_network/split/N/1,,qualified,"{""exact_fraction"": ""23/25"", ""probability"": 0.92, ""reason"": null, ""status"": ""ok""}",N,Gstar,"{""absolute_error_pp"": 1.416666666666666, ""attempts"": 1200, ""brier"": 0.06169999999999999, ""forecast"": 0.92, ""observed"": 0.9341666666666667, ""signed_error_pp"": -1.416666666666666, ""successes"": 1121}",read_user_timeline,split,1
deathstarbench_social_network,v4-confirmation-771621/deathstarbench_social_network/split/N/1,,qualified,"{""identified_lower"": 0.92, ""identified_upper"": 1.0, ""lower_exact"": ""23/25"", ""probability"": null, ""reason"": ""not_point_identified_under_declared_observation_law"", ""status"": ""unsupported"", ""upper_exact"": ""1""}",N,GID,,read_user_timeline,split,1
deathstarbench_social_network,v4-confirmation-771621/deathstarbench_social_network/split/N/1,,qualified,"{""identified_lower"": 0.92, ""identified_upper"": 1.0, ""lower_exact"": ""23/25"", ""probability"": null, ""reason"": ""not_point_identified_under_declared_observation_law"", ""status"": ""unsupported"", ""upper_exact"": ""1""}",N,Gselected,,read_user_timeline,split,1
deathstarbench_social_network,v4-confirmation-771621/deathstarbench_social_network/split/N/1,,qualified,"{""identified_lower"": 0.92, ""identified_upper"": 1.0, ""lower_exact"": ""23/25"", ""probability"": null, ""reason"": ""not_point_identified_under_declared_observation_law"", ""status"": ""unsupported"", ""upper_exact"": ""1""}",N,G_without_deadline,,read_user_timeline,split,1
deathstarbench_social_network,v4-confirmation-771621/deathstarbench_social_network/split/N/1,,qualified,"{""exact_fraction"": ""23/25"", ""probability"": 0.92, ""reason"": null, ""status"": ""ok""}",N,G_without_selection,"{""absolute_error_pp"": 1.416666666666666, ""attempts"": 1200, ""brier"": 0.06169999999999999, ""forecast"": 0.92, ""observed"": 0.9341666666666667, ""signed_error_pp"": -1.416666666666666, ""successes"": 1121}",read_user_timeline,split,1
deathstarbench_social_network,v4-confirmation-771621/deathstarbench_social_network/split/N/1,,qualified,"{""exact_fraction"": ""23/25"", ""probability"": 0.92, ""reason"": null, ""status"": ""ok""}",N,G_without_completion,"{""absolute_error_pp"": 1.416666666666666, ""attempts"": 1200, ""brier"": 0.06169999999999999, ""forecast"": 0.92, ""observed"": 0.9341666666666667, ""signed_error_pp"": -1.416666666666666, ""successes"": 1121}",read_user_timeline,split,1
deathstarbench_social_network,v4-confirmation-771621/deathstarbench_social_network/split/N/1,,qualified,"{""exact_fraction"": ""1"", ""probability"": 1.0, ""reason"": null, ""status"": ""ok""}",N,G0,"{""absolute_error_pp"": 6.58333333333333, ""attempts"": 1200, ""brier"": 0.06583333333333333, ""forecast"": 1.0, ""observed"": 0.9341666666666667, ""signed_error_pp"": 6.58333333333333, ""successes"": 1121}",read_user_timeline,split,1
deathstarbench_social_network,v4-confirmation-771621/deathstarbench_social_network/split/N/1,,qualified,"{""attempts"": 1200, ""exact_fraction"": ""1104/1200"", ""probability"": 0.92, ""reason"": null, ""status"": ""ok"", ""successes"": 1104, ""timeouts"": 96}",N,B0,"{""absolute_error_pp"": 1.416666666666666, ""attempts"": 1200, ""brier"": 0.06169999999999999, ""forecast"": 0.92, ""observed"": 0.9341666666666667, ""signed_error_pp"": -1.416666666666666, ""successes"": 1121}",read_user_timeline,split,1
deathstarbench_social_network,v4-confirmation-771621/deathstarbench_social_network/split/N/1,,qualified,"{""model_id"": ""campaign-eb9ee9a37552d47fe9bb--read_user_timeline--conditional_local"", ""probability"": 0.92, ""reason"": null, ""status"": ""ok""}",N,PMX,"{""absolute_error_pp"": 1.416666666666666, ""attempts"": 1200, ""brier"": 0.06169999999999999, ""forecast"": 0.92, ""observed"": 0.9341666666666667, ""signed_error_pp"": -1.416666666666666, ""successes"": 1121}",read_user_timeline,split,1
deathstarbench_social_network,v4-confirmation-771621/deathstarbench_social_network/split/N/1,,qualified,"{""model_id"": ""campaign-eb9ee9a37552d47fe9bb--read_user_timeline--inclusive"", ""probability"": 0.92, ""reason"": null, ""status"": ""ok""}",N,PMX_inclusive,"{""absolute_error_pp"": 1.416666666666666, ""attempts"": 1200, ""brier"": 0.06169999999999999, ""forecast"": 0.92, ""observed"": 0.9341666666666667, ""signed_error_pp"": -1.416666666666666, ""successes"": 1121}",read_user_timeline,split,1
deathstarbench_social_network,v4-confirmation-771621/deathstarbench_social_network/split/N/2,,qualified,"{""exact_fraction"": ""379/400"", ""probability"": 0.9475, ""reason"": null, ""status"": ""ok""}",N,Gstar,"{""absolute_error_pp"": 0.33333333333332993, ""attempts"": 1200, ""brier"": 0.046760416666666665, ""forecast"": 0.9475, ""observed"": 0.9508333333333333, ""signed_error_pp"": -0.33333333333332993, ""successes"": 1141}",compose_post,split,2
deathstarbench_social_network,v4-confirmation-771621/deathstarbench_social_network/split/N/2,,qualified,"{""identified_lower"": 0.9475, ""identified_upper"": 1.0, ""lower_exact"": ""379/400"", ""probability"": null, ""reason"": ""not_point_identified_under_declared_observation_law"", ""status"": ""unsupported"", ""upper_exact"": ""1""}",N,GID,,compose_post,split,2
deathstarbench_social_network,v4-confirmation-771621/deathstarbench_social_network/split/N/2,,qualified,"{""identified_lower"": 0.9475, ""identified_upper"": 1.0, ""lower_exact"": ""379/400"", ""probability"": null, ""reason"": ""not_point_identified_under_declared_observation_law"", ""status"": ""unsupported"", ""upper_exact"": ""1""}",N,Gselected,,compose_post,split,2
deathstarbench_social_network,v4-confirmation-771621/deathstarbench_social_network/split/N/2,,qualified,"{""identified_lower"": 0.9475, ""identified_upper"": 0.9991666666666666, ""lower_exact"": ""379/400"", ""probability"": null, ""reason"": ""not_point_identified_under_declared_observation_law"", ""status"": ""unsupported"", ""upper_exact"": ""1199/1200""}",N,G_without_deadline,,compose_post,split,2
deathstarbench_social_network,v4-confirmation-771621/deathstarbench_social_network/split/N/2,,qualified,"{""exact_fraction"": ""379/400"", ""probability"": 0.9475, ""reason"": null, ""status"": ""ok""}",N,G_without_selection,"{""absolute_error_pp"": 0.33333333333332993, ""attempts"": 1200, ""brier"": 0.046760416666666665, ""forecast"": 0.9475, ""observed"": 0.9508333333333333, ""signed_error_pp"": -0.33333333333332993, ""successes"": 1141}",compose_post,split,2
deathstarbench_social_network,v4-confirmation-771621/deathstarbench_social_network/split/N/2,,qualified,"{""identified_lower"": 0.9475, ""identified_upper"": 0.9483333333333334, ""lower_exact"": ""379/400"", ""probability"": null, ""reason"": ""not_point_identified_under_declared_observation_law"", ""status"": ""unsupported"", ""upper_exact"": ""569/600""}",N,G_without_completion,,compose_post,split,2
deathstarbench_social_network,v4-confirmation-771621/deathstarbench_social_network/split/N/2,,qualified,"{""exact_fraction"": ""1"", ""probability"": 1.0, ""reason"": null, ""status"": ""ok""}",N,G0,"{""absolute_error_pp"": 4.91666666666667, ""attempts"": 1200, ""brier"": 0.049166666666666664, ""forecast"": 1.0, ""observed"": 0.9508333333333333, ""signed_error_pp"": 4.91666666666667, ""successes"": 1141}",compose_post,split,2
deathstarbench_social_network,v4-confirmation-771621/deathstarbench_social_network/split/N/2,,qualified,"{""attempts"": 1200, ""exact_fraction"": ""1137/1200"", ""probability"": 0.9475, ""reason"": null, ""status"": ""ok"", ""successes"": 1137, ""timeouts"": 62}",N,B0,"{""absolute_error_pp"": 0.33333333333332993, ""attempts"": 1200, ""brier"": 0.046760416666666665, ""forecast"": 0.9475, ""observed"": 0.9508333333333333, ""signed_error_pp"": -0.33333333333332993, ""successes"": 1141}",compose_post,split,2
deathstarbench_social_network,v4-confirmation-771621/deathstarbench_social_network/split/N/2,,qualified,"{""model_id"": ""campaign-52dde14ff64a8441d44e--compose_post--conditional_local"", ""probability"": 0.9475, ""reason"": null, ""status"": ""ok""}",N,PMX,"{""absolute_error_pp"": 0.33333333333332993, ""attempts"": 1200, ""brier"": 0.046760416666666665, ""forecast"": 0.9475, ""observed"": 0.9508333333333333, ""signed_error_pp"": -0.33333333333332993, ""successes"": 1141}",compose_post,split,2
deathstarbench_social_network,v4-confirmation-771621/deathstarbench_social_network/split/N/2,,qualified,"{""model_id"": ""campaign-52dde14ff64a8441d44e--compose_post--inclusive"", ""probability"": 0.9467104166666667, ""reason"": null, ""status"": ""ok""}",N,PMX_inclusive,"{""absolute_error_pp"": 0.4122916666666643, ""attempts"": 1200, ""brier"": 0.04676630399739583, ""forecast"": 0.9467104166666667, ""observed"": 0.9508333333333333, ""signed_error_pp"": -0.4122916666666643, ""successes"": 1141}",compose_post,split,2
deathstarbench_social_network,v4-confirmation-771621/deathstarbench_social_network/split/N/2,,qualified,"{""exact_fraction"": ""1"", ""probability"": 1.0, ""reason"": null, ""status"": ""ok""}",N,Gstar,"{""absolute_error_pp"": 0.0, ""attempts"": 1200, ""brier"": 0.0, ""forecast"": 1.0, ""observed"": 1.0, ""signed_error_pp"": 0.0, ""successes"": 1200}",read_home_timeline,split,2
deathstarbench_social_network,v4-confirmation-771621/deathstarbench_social_network/split/N/2,,qualified,"{""exact_fraction"": ""1"", ""probability"": 1.0, ""reason"": null, ""status"": ""ok""}",N,GID,"{""absolute_error_pp"": 0.0, ""attempts"": 1200, ""brier"": 0.0, ""forecast"": 1.0, ""observed"": 1.0, ""signed_error_pp"": 0.0, ""successes"": 1200}",read_home_timeline,split,2
deathstarbench_social_network,v4-confirmation-771621/deathstarbench_social_network/split/N/2,,qualified,"{""exact_fraction"": ""1"", ""probability"": 1.0, ""reason"": null, ""status"": ""ok""}",N,Gselected,"{""absolute_error_pp"": 0.0, ""attempts"": 1200, ""brier"": 0.0, ""forecast"": 1.0, ""observed"": 1.0, ""signed_error_pp"": 0.0, ""successes"": 1200}",read_home_timeline,split,2
deathstarbench_social_network,v4-confirmation-771621/deathstarbench_social_network/split/N/2,,qualified,"{""exact_fraction"": ""1"", ""probability"": 1.0, ""reason"": null, ""status"": ""ok""}",N,G_without_deadline,"{""absolute_error_pp"": 0.0, ""attempts"": 1200, ""brier"": 0.0, ""forecast"": 1.0, ""observed"": 1.0, ""signed_error_pp"": 0.0, ""successes"": 1200}",read_home_timeline,split,2
deathstarbench_social_network,v4-confirmation-771621/deathstarbench_social_network/split/N/2,,qualified,"{""exact_fraction"": ""1"", ""probability"": 1.0, ""reason"": null, ""status"": ""ok""}",N,G_without_selection,"{""absolute_error_pp"": 0.0, ""attempts"": 1200, ""brier"": 0.0, ""forecast"": 1.0, ""observed"": 1.0, ""signed_error_pp"": 0.0, ""successes"": 1200}",read_home_timeline,split,2
deathstarbench_social_network,v4-confirmation-771621/deathstarbench_social_network/split/N/2,,qualified,"{""exact_fraction"": ""1"", ""probability"": 1.0, ""reason"": null, ""status"": ""ok""}",N,G_without_completion,"{""absolute_error_pp"": 0.0, ""attempts"": 1200, ""brier"": 0.0, ""forecast"": 1.0, ""observed"": 1.0, ""signed_error_pp"": 0.0, ""successes"": 1200}",read_home_timeline,split,2
deathstarbench_social_network,v4-confirmation-771621/deathstarbench_social_network/split/N/2,,qualified,"{""exact_fraction"": ""1"", ""probability"": 1.0, ""reason"": null, ""status"": ""ok""}",N,G0,"{""absolute_error_pp"": 0.0, ""attempts"": 1200, ""brier"": 0.0, ""forecast"": 1.0, ""observed"": 1.0, ""signed_error_pp"": 0.0, ""successes"": 1200}",read_home_timeline,split,2
deathstarbench_social_network,v4-confirmation-771621/deathstarbench_social_network/split/N/2,,qualified,"{""attempts"": 1200, ""exact_fraction"": ""1200/1200"", ""probability"": 1.0, ""reason"": null, ""status"": ""ok"", ""successes"": 1200, ""timeouts"": 0}",N,B0,"{""absolute_error_pp"": 0.0, ""attempts"": 1200, ""brier"": 0.0, ""forecast"": 1.0, ""observed"": 1.0, ""signed_error_pp"": 0.0, ""successes"": 1200}",read_home_timeline,split,2
deathstarbench_social_network,v4-confirmation-771621/deathstarbench_social_network/split/N/2,,qualified,"{""model_id"": ""campaign-52dde14ff64a8441d44e--read_home_timeline--conditional_local"", ""probability"": 1.0, ""reason"": null, ""status"": ""ok""}",N,PMX,"{""absolute_error_pp"": 0.0, ""attempts"": 1200, ""brier"": 0.0, ""forecast"": 1.0, ""observed"": 1.0, ""signed_error_pp"": 0.0, ""successes"": 1200}",read_home_timeline,split,2
deathstarbench_social_network,v4-confirmation-771621/deathstarbench_social_network/split/N/2,,qualified,"{""model_id"": ""campaign-52dde14ff64a8441d44e--read_home_timeline--inclusive"", ""probability"": 1.0, ""reason"": null, ""status"": ""ok""}",N,PMX_inclusive,"{""absolute_error_pp"": 0.0, ""attempts"": 1200, ""brier"": 0.0, ""forecast"": 1.0, ""observed"": 1.0, ""signed_error_pp"": 0.0, ""successes"": 1200}",read_home_timeline,split,2
deathstarbench_social_network,v4-confirmation-771621/deathstarbench_social_network/split/N/2,,qualified,"{""exact_fraction"": ""547/600"", ""probability"": 0.9116666666666666, ""reason"": null, ""status"": ""ok""}",N,Gstar,"{""absolute_error_pp"": 0.33333333333334103, ""attempts"": 1200, ""brier"": 0.07778611111111111, ""forecast"": 0.9116666666666666, ""observed"": 0.915, ""signed_error_pp"": -0.33333333333334103, ""successes"": 1098}",read_user_timeline,split,2
deathstarbench_social_network,v4-confirmation-771621/deathstarbench_social_network/split/N/2,,qualified,"{""identified_lower"": 0.9116666666666666, ""identified_upper"": 1.0, ""lower_exact"": ""547/600"", ""probability"": null, ""reason"": ""not_point_identified_under_declared_observation_law"", ""status"": ""unsupported"", ""upper_exact"": ""1""}",N,GID,,read_user_timeline,split,2
deathstarbench_social_network,v4-confirmation-771621/deathstarbench_social_network/split/N/2,,qualified,"{""identified_lower"": 0.9116666666666666, ""identified_upper"": 1.0, ""lower_exact"": ""547/600"", ""probability"": null, ""reason"": ""not_point_identified_under_declared_observation_law"", ""status"": ""unsupported"", ""upper_exact"": ""1""}",N,Gselected,,read_user_timeline,split,2
deathstarbench_social_network,v4-confirmation-771621/deathstarbench_social_network/split/N/2,,qualified,"{""identified_lower"": 0.9116666666666666, ""identified_upper"": 1.0, ""lower_exact"": ""547/600"", ""probability"": null, ""reason"": ""not_point_identified_under_declared_observation_law"", ""status"": ""unsupported"", ""upper_exact"": ""1""}",N,G_without_deadline,,read_user_timeline,split,2
deathstarbench_social_network,v4-confirmation-771621/deathstarbench_social_network/split/N/2,,qualified,"{""exact_fraction"": ""547/600"", ""probability"": 0.9116666666666666, ""reason"": null, ""status"": ""ok""}",N,G_without_selection,"{""absolute_error_pp"": 0.33333333333334103, ""attempts"": 1200, ""brier"": 0.07778611111111111, ""forecast"": 0.9116666666666666, ""observed"": 0.915, ""signed_error_pp"": -0.33333333333334103, ""successes"": 1098}",read_user_timeline,split,2
deathstarbench_social_network,v4-confirmation-771621/deathstarbench_social_network/split/N/2,,qualified,"{""exact_fraction"": ""547/600"", ""probability"": 0.9116666666666666, ""reason"": null, ""status"": ""ok""}",N,G_without_completion,"{""absolute_error_pp"": 0.33333333333334103, ""attempts"": 1200, ""brier"": 0.07778611111111111, ""forecast"": 0.9116666666666666, ""observed"": 0.915, ""signed_error_pp"": -0.33333333333334103, ""successes"": 1098}",read_user_timeline,split,2
deathstarbench_social_network,v4-confirmation-771621/deathstarbench_social_network/split/N/2,,qualified,"{""exact_fraction"": ""1"", ""probability"": 1.0, ""reason"": null, ""status"": ""ok""}",N,G0,"{""absolute_error_pp"": 8.499999999999996, ""attempts"": 1200, ""brier"": 0.085, ""forecast"": 1.0, ""observed"": 0.915, ""signed_error_pp"": 8.499999999999996, ""successes"": 1098}",read_user_timeline,split,2
deathstarbench_social_network,v4-confirmation-771621/deathstarbench_social_network/split/N/2,,qualified,"{""attempts"": 1200, ""exact_fraction"": ""1094/1200"", ""probability"": 0.9116666666666666, ""reason"": null, ""status"": ""ok"", ""successes"": 1094, ""timeouts"": 106}",N,B0,"{""absolute_error_pp"": 0.33333333333334103, ""attempts"": 1200, ""brier"": 0.07778611111111111, ""forecast"": 0.9116666666666666, ""observed"": 0.915, ""signed_error_pp"": -0.33333333333334103, ""successes"": 1098}",read_user_timeline,split,2
deathstarbench_social_network,v4-confirmation-771621/deathstarbench_social_network/split/N/2,,qualified,"{""model_id"": ""campaign-52dde14ff64a8441d44e--read_user_timeline--conditional_local"", ""probability"": 0.9116666666666666, ""reason"": null, ""status"": ""ok""}",N,PMX,"{""absolute_error_pp"": 0.33333333333334103, ""attempts"": 1200, ""brier"": 0.07778611111111111, ""forecast"": 0.9116666666666666, ""observed"": 0.915, ""signed_error_pp"": -0.33333333333334103, ""successes"": 1098}",read_user_timeline,split,2
deathstarbench_social_network,v4-confirmation-771621/deathstarbench_social_network/split/N/2,,qualified,"{""model_id"": ""campaign-52dde14ff64a8441d44e--read_user_timeline--inclusive"", ""probability"": 0.9116666666666666, ""reason"": null, ""status"": ""ok""}",N,PMX_inclusive,"{""absolute_error_pp"": 0.33333333333334103, ""attempts"": 1200, ""brier"": 0.07778611111111111, ""forecast"": 0.9116666666666666, ""observed"": 0.915, ""signed_error_pp"": -0.33333333333334103, ""successes"": 1098}",read_user_timeline,split,2
deathstarbench_social_network,v4-confirmation-771621/deathstarbench_social_network/split/NC/0,,qualified,"{""exact_fraction"": ""361/400"", ""probability"": 0.9025, ""reason"": null, ""status"": ""ok""}",NC,Gstar,"{""absolute_error_pp"": 1.083333333333325, ""attempts"": 1200, ""brier"": 0.09671458333333334, ""forecast"": 0.9025, ""observed"": 0.8916666666666667, ""signed_error_pp"": 1.083333333333325, ""successes"": 1070}",compose_post,split,0
deathstarbench_social_network,v4-confirmation-771621/deathstarbench_social_network/split/NC/0,,qualified,"{""identified_lower"": 0.9025, ""identified_upper"": 1.0, ""lower_exact"": ""361/400"", ""probability"": null, ""reason"": ""not_point_identified_under_declared_observation_law"", ""status"": ""unsupported"", ""upper_exact"": ""1""}",NC,GID,,compose_post,split,0
deathstarbench_social_network,v4-confirmation-771621/deathstarbench_social_network/split/NC/0,,qualified,"{""identified_lower"": 0.9025, ""identified_upper"": 1.0, ""lower_exact"": ""361/400"", ""probability"": null, ""reason"": ""not_point_identified_under_declared_observation_law"", ""status"": ""unsupported"", ""upper_exact"": ""1""}",NC,Gselected,,compose_post,split,0
deathstarbench_social_network,v4-confirmation-771621/deathstarbench_social_network/split/NC/0,,qualified,"{""identified_lower"": 0.9025, ""identified_upper"": 0.9925, ""lower_exact"": ""361/400"", ""probability"": null, ""reason"": ""not_point_identified_under_declared_observation_law"", ""status"": ""unsupported"", ""upper_exact"": ""397/400""}",NC,G_without_deadline,,compose_post,split,0
deathstarbench_social_network,v4-confirmation-771621/deathstarbench_social_network/split/NC/0,,qualified,"{""exact_fraction"": ""361/400"", ""probability"": 0.9025, ""reason"": null, ""status"": ""ok""}",NC,G_without_selection,"{""absolute_error_pp"": 1.083333333333325, ""attempts"": 1200, ""brier"": 0.09671458333333334, ""forecast"": 0.9025, ""observed"": 0.8916666666666667, ""signed_error_pp"": 1.083333333333325, ""successes"": 1070}",compose_post,split,0
deathstarbench_social_network,v4-confirmation-771621/deathstarbench_social_network/split/NC/0,,qualified,"{""identified_lower"": 0.9025, ""identified_upper"": 0.905, ""lower_exact"": ""361/400"", ""probability"": null, ""reason"": ""not_point_identified_under_declared_observation_law"", ""status"": ""unsupported"", ""upper_exact"": ""181/200""}",NC,G_without_completion,,compose_post,split,0
deathstarbench_social_network,v4-confirmation-771621/deathstarbench_social_network/split/NC/0,,qualified,"{""exact_fraction"": ""1"", ""probability"": 1.0, ""reason"": null, ""status"": ""ok""}",NC,G0,"{""absolute_error_pp"": 10.833333333333329, ""attempts"": 1200, ""brier"": 0.10833333333333334, ""forecast"": 1.0, ""observed"": 0.8916666666666667, ""signed_error_pp"": 10.833333333333329, ""successes"": 1070}",compose_post,split,0
deathstarbench_social_network,v4-confirmation-771621/deathstarbench_social_network/split/NC/0,,qualified,"{""attempts"": 1200, ""exact_fraction"": ""1083/1200"", ""probability"": 0.9025, ""reason"": null, ""status"": ""ok"", ""successes"": 1083, ""timeouts"": 114}",NC,B0,"{""absolute_error_pp"": 1.083333333333325, ""attempts"": 1200, ""brier"": 0.09671458333333334, ""forecast"": 0.9025, ""observed"": 0.8916666666666667, ""signed_error_pp"": 1.083333333333325, ""successes"": 1070}",compose_post,split,0
deathstarbench_social_network,v4-confirmation-771621/deathstarbench_social_network/split/NC/0,,qualified,"{""model_id"": ""campaign-f5a8d50fb8a61a2d8b75--compose_post--conditional_local"", ""probability"": 0.9025000000000001, ""reason"": null, ""status"": ""ok""}",NC,PMX,"{""absolute_error_pp"": 1.0833333333333361, ""attempts"": 1200, ""brier"": 0.09671458333333334, ""forecast"": 0.9025000000000001, ""observed"": 0.8916666666666667, ""signed_error_pp"": 1.0833333333333361, ""successes"": 1070}",compose_post,split,0
deathstarbench_social_network,v4-confirmation-771621/deathstarbench_social_network/split/NC/0,,qualified,"{""model_id"": ""campaign-f5a8d50fb8a61a2d8b75--compose_post--inclusive"", ""probability"": 0.89573125, ""reason"": null, ""status"": ""ok""}",NC,PMX_inclusive,"{""absolute_error_pp"": 0.40645833333332604, ""attempts"": 1200, ""brier"": 0.09661374305989584, ""forecast"": 0.89573125, ""observed"": 0.8916666666666667, ""signed_error_pp"": 0.40645833333332604, ""successes"": 1070}",compose_post,split,0
deathstarbench_social_network,v4-confirmation-771621/deathstarbench_social_network/split/NC/0,,qualified,"{""exact_fraction"": ""1"", ""probability"": 1.0, ""reason"": null, ""status"": ""ok""}",NC,Gstar,"{""absolute_error_pp"": 0.0, ""attempts"": 1200, ""brier"": 0.0, ""forecast"": 1.0, ""observed"": 1.0, ""signed_error_pp"": 0.0, ""successes"": 1200}",read_home_timeline,split,0
deathstarbench_social_network,v4-confirmation-771621/deathstarbench_social_network/split/NC/0,,qualified,"{""exact_fraction"": ""1"", ""probability"": 1.0, ""reason"": null, ""status"": ""ok""}",NC,GID,"{""absolute_error_pp"": 0.0, ""attempts"": 1200, ""brier"": 0.0, ""forecast"": 1.0, ""observed"": 1.0, ""signed_error_pp"": 0.0, ""successes"": 1200}",read_home_timeline,split,0
deathstarbench_social_network,v4-confirmation-771621/deathstarbench_social_network/split/NC/0,,qualified,"{""exact_fraction"": ""1"", ""probability"": 1.0, ""reason"": null, ""status"": ""ok""}",NC,Gselected,"{""absolute_error_pp"": 0.0, ""attempts"": 1200, ""brier"": 0.0, ""forecast"": 1.0, ""observed"": 1.0, ""signed_error_pp"": 0.0, ""successes"": 1200}",read_home_timeline,split,0
deathstarbench_social_network,v4-confirmation-771621/deathstarbench_social_network/split/NC/0,,qualified,"{""exact_fraction"": ""1"", ""probability"": 1.0, ""reason"": null, ""status"": ""ok""}",NC,G_without_deadline,"{""absolute_error_pp"": 0.0, ""attempts"": 1200, ""brier"": 0.0, ""forecast"": 1.0, ""observed"": 1.0, ""signed_error_pp"": 0.0, ""successes"": 1200}",read_home_timeline,split,0
deathstarbench_social_network,v4-confirmation-771621/deathstarbench_social_network/split/NC/0,,qualified,"{""exact_fraction"": ""1"", ""probability"": 1.0, ""reason"": null, ""status"": ""ok""}",NC,G_without_selection,"{""absolute_error_pp"": 0.0, ""attempts"": 1200, ""brier"": 0.0, ""forecast"": 1.0, ""observed"": 1.0, ""signed_error_pp"": 0.0, ""successes"": 1200}",read_home_timeline,split,0
deathstarbench_social_network,v4-confirmation-771621/deathstarbench_social_network/split/NC/0,,qualified,"{""exact_fraction"": ""1"", ""probability"": 1.0, ""reason"": null, ""status"": ""ok""}",NC,G_without_completion,"{""absolute_error_pp"": 0.0, ""attempts"": 1200, ""brier"": 0.0, ""forecast"": 1.0, ""observed"": 1.0, ""signed_error_pp"": 0.0, ""successes"": 1200}",read_home_timeline,split,0
deathstarbench_social_network,v4-confirmation-771621/deathstarbench_social_network/split/NC/0,,qualified,"{""exact_fraction"": ""1"", ""probability"": 1.0, ""reason"": null, ""status"": ""ok""}",NC,G0,"{""absolute_error_pp"": 0.0, ""attempts"": 1200, ""brier"": 0.0, ""forecast"": 1.0, ""observed"": 1.0, ""signed_error_pp"": 0.0, ""successes"": 1200}",read_home_timeline,split,0
deathstarbench_social_network,v4-confirmation-771621/deathstarbench_social_network/split/NC/0,,qualified,"{""attempts"": 1200, ""exact_fraction"": ""1200/1200"", ""probability"": 1.0, ""reason"": null, ""status"": ""ok"", ""successes"": 1200, ""timeouts"": 0}",NC,B0,"{""absolute_error_pp"": 0.0, ""attempts"": 1200, ""brier"": 0.0, ""forecast"": 1.0, ""observed"": 1.0, ""signed_error_pp"": 0.0, ""successes"": 1200}",read_home_timeline,split,0
deathstarbench_social_network,v4-confirmation-771621/deathstarbench_social_network/split/NC/0,,qualified,"{""model_id"": ""campaign-f5a8d50fb8a61a2d8b75--read_home_timeline--conditional_local"", ""probability"": 1.0, ""reason"": null, ""status"": ""ok""}",NC,PMX,"{""absolute_error_pp"": 0.0, ""attempts"": 1200, ""brier"": 0.0, ""forecast"": 1.0, ""observed"": 1.0, ""signed_error_pp"": 0.0, ""successes"": 1200}",read_home_timeline,split,0
deathstarbench_social_network,v4-confirmation-771621/deathstarbench_social_network/split/NC/0,,qualified,"{""model_id"": ""campaign-f5a8d50fb8a61a2d8b75--read_home_timeline--inclusive"", ""probability"": 1.0, ""reason"": null, ""status"": ""ok""}",NC,PMX_inclusive,"{""absolute_error_pp"": 0.0, ""attempts"": 1200, ""brier"": 0.0, ""forecast"": 1.0, ""observed"": 1.0, ""signed_error_pp"": 0.0, ""successes"": 1200}",read_home_timeline,split,0
deathstarbench_social_network,v4-confirmation-771621/deathstarbench_social_network/split/NC/0,,qualified,"{""exact_fraction"": ""263/300"", ""probability"": 0.8766666666666667, ""reason"": null, ""status"": ""ok""}",NC,Gstar,"{""absolute_error_pp"": 1.6666666666666718, ""attempts"": 1200, ""brier"": 0.12067777777777777, ""forecast"": 0.8766666666666667, ""observed"": 0.86, ""signed_error_pp"": 1.6666666666666718, ""successes"": 1032}",read_user_timeline,split,0
deathstarbench_social_network,v4-confirmation-771621/deathstarbench_social_network/split/NC/0,,qualified,"{""identified_lower"": 0.8766666666666667, ""identified_upper"": 1.0, ""lower_exact"": ""263/300"", ""probability"": null, ""reason"": ""not_point_identified_under_declared_observation_law"", ""status"": ""unsupported"", ""upper_exact"": ""1""}",NC,GID,,read_user_timeline,split,0
deathstarbench_social_network,v4-confirmation-771621/deathstarbench_social_network/split/NC/0,,qualified,"{""identified_lower"": 0.8766666666666667, ""identified_upper"": 1.0, ""lower_exact"": ""263/300"", ""probability"": null, ""reason"": ""not_point_identified_under_declared_observation_law"", ""status"": ""unsupported"", ""upper_exact"": ""1""}",NC,Gselected,,read_user_timeline,split,0
deathstarbench_social_network,v4-confirmation-771621/deathstarbench_social_network/split/NC/0,,qualified,"{""identified_lower"": 0.8766666666666667, ""identified_upper"": 0.9908333333333333, ""lower_exact"": ""263/300"", ""probability"": null, ""reason"": ""not_point_identified_under_declared_observation_law"", ""status"": ""unsupported"", ""upper_exact"": ""1189/1200""}",NC,G_without_deadline,,read_user_timeline,split,0
deathstarbench_social_network,v4-confirmation-771621/deathstarbench_social_network/split/NC/0,,qualified,"{""exact_fraction"": ""263/300"", ""probability"": 0.8766666666666667, ""reason"": null, ""status"": ""ok""}",NC,G_without_selection,"{""absolute_error_pp"": 1.6666666666666718, ""attempts"": 1200, ""brier"": 0.12067777777777777, ""forecast"": 0.8766666666666667, ""observed"": 0.86, ""signed_error_pp"": 1.6666666666666718, ""successes"": 1032}",read_user_timeline,split,0
deathstarbench_social_network,v4-confirmation-771621/deathstarbench_social_network/split/NC/0,,qualified,"{""identified_lower"": 0.8766666666666667, ""identified_upper"": 0.8775, ""lower_exact"": ""263/300"", ""probability"": null, ""reason"": ""not_point_identified_under_declared_observation_law"", ""status"": ""unsupported"", ""upper_exact"": ""351/400""}",NC,G_without_completion,,read_user_timeline,split,0
deathstarbench_social_network,v4-confirmation-771621/deathstarbench_social_network/split/NC/0,,qualified,"{""exact_fraction"": ""1"", ""probability"": 1.0, ""reason"": null, ""status"": ""ok""}",NC,G0,"{""absolute_error_pp"": 14.000000000000002, ""attempts"": 1200, ""brier"": 0.14, ""forecast"": 1.0, ""observed"": 0.86, ""signed_error_pp"": 14.000000000000002, ""successes"": 1032}",read_user_timeline,split,0
deathstarbench_social_network,v4-confirmation-771621/deathstarbench_social_network/split/NC/0,,qualified,"{""attempts"": 1200, ""exact_fraction"": ""1052/1200"", ""probability"": 0.8766666666666667, ""reason"": null, ""status"": ""ok"", ""successes"": 1052, ""timeouts"": 147}",NC,B0,"{""absolute_error_pp"": 1.6666666666666718, ""attempts"": 1200, ""brier"": 0.12067777777777777, ""forecast"": 0.8766666666666667, ""observed"": 0.86, ""signed_error_pp"": 1.6666666666666718, ""successes"": 1032}",read_user_timeline,split,0
deathstarbench_social_network,v4-confirmation-771621/deathstarbench_social_network/split/NC/0,,qualified,"{""model_id"": ""campaign-f5a8d50fb8a61a2d8b75--read_user_timeline--conditional_local"", ""probability"": 0.8766666666666667, ""reason"": null, ""status"": ""ok""}",NC,PMX,"{""absolute_error_pp"": 1.6666666666666718, ""attempts"": 1200, ""brier"": 0.12067777777777777, ""forecast"": 0.8766666666666667, ""observed"": 0.86, ""signed_error_pp"": 1.6666666666666718, ""successes"": 1032}",read_user_timeline,split,0
deathstarbench_social_network,v4-confirmation-771621/deathstarbench_social_network/split/NC/0,,qualified,"{""model_id"": ""campaign-f5a8d50fb8a61a2d8b75--read_user_timeline--inclusive"", ""probability"": 0.8686305555555556, ""reason"": null, ""status"": ""ok""}",NC,PMX_inclusive,"{""absolute_error_pp"": 0.8630555555555586, ""attempts"": 1200, ""brier"": 0.12047448648919752, ""forecast"": 0.8686305555555556, ""observed"": 0.86, ""signed_error_pp"": 0.8630555555555586, ""successes"": 1032}",read_user_timeline,split,0
deathstarbench_social_network,v4-confirmation-771621/deathstarbench_social_network/split/NC/1,,qualified,"{""exact_fraction"": ""1091/1200"", ""probability"": 0.9091666666666667, ""reason"": null, ""status"": ""ok""}",NC,Gstar,"{""absolute_error_pp"": 3.500000000000003, ""attempts"": 1200, ""brier"": 0.11122430555555556, ""forecast"": 0.9091666666666667, ""observed"": 0.8741666666666666, ""signed_error_pp"": 3.500000000000003, ""successes"": 1049}",compose_post,split,1
deathstarbench_social_network,v4-confirmation-771621/deathstarbench_social_network/split/NC/1,,qualified,"{""identified_lower"": 0.9091666666666667, ""identified_upper"": 1.0, ""lower_exact"": ""1091/1200"", ""probability"": null, ""reason"": ""not_point_identified_under_declared_observation_law"", ""status"": ""unsupported"", ""upper_exact"": ""1""}",NC,GID,,compose_post,split,1
deathstarbench_social_network,v4-confirmation-771621/deathstarbench_social_network/split/NC/1,,qualified,"{""identified_lower"": 0.9091666666666667, ""identified_upper"": 1.0, ""lower_exact"": ""1091/1200"", ""probability"": null, ""reason"": ""not_point_identified_under_declared_observation_law"", ""status"": ""unsupported"", ""upper_exact"": ""1""}",NC,Gselected,,compose_post,split,1
deathstarbench_social_network,v4-confirmation-771621/deathstarbench_social_network/split/NC/1,,qualified,"{""identified_lower"": 0.9091666666666667, ""identified_upper"": 0.99, ""lower_exact"": ""1091/1200"", ""probability"": null, ""reason"": ""not_point_identified_under_declared_observation_law"", ""status"": ""unsupported"", ""upper_exact"": ""99/100""}",NC,G_without_deadline,,compose_post,split,1
deathstarbench_social_network,v4-confirmation-771621/deathstarbench_social_network/split/NC/1,,qualified,"{""exact_fraction"": ""1091/1200"", ""probability"": 0.9091666666666667, ""reason"": null, ""status"": ""ok""}",NC,G_without_selection,"{""absolute_error_pp"": 3.500000000000003, ""attempts"": 1200, ""brier"": 0.11122430555555556, ""forecast"": 0.9091666666666667, ""observed"": 0.8741666666666666, ""signed_error_pp"": 3.500000000000003, ""successes"": 1049}",compose_post,split,1
deathstarbench_social_network,v4-confirmation-771621/deathstarbench_social_network/split/NC/1,,qualified,"{""identified_lower"": 0.9091666666666667, ""identified_upper"": 0.9125, ""lower_exact"": ""1091/1200"", ""probability"": null, ""reason"": ""not_point_identified_under_declared_observation_law"", ""status"": ""unsupported"", ""upper_exact"": ""73/80""}",NC,G_without_completion,,compose_post,split,1
deathstarbench_social_network,v4-confirmation-771621/deathstarbench_social_network/split/NC/1,,qualified,"{""exact_fraction"": ""1"", ""probability"": 1.0, ""reason"": null, ""status"": ""ok""}",NC,G0,"{""absolute_error_pp"": 12.583333333333336, ""attempts"": 1200, ""brier"": 0.12583333333333332, ""forecast"": 1.0, ""observed"": 0.8741666666666666, ""signed_error_pp"": 12.583333333333336, ""successes"": 1049}",compose_post,split,1
deathstarbench_social_network,v4-confirmation-771621/deathstarbench_social_network/split/NC/1,,qualified,"{""attempts"": 1200, ""exact_fraction"": ""1091/1200"", ""probability"": 0.9091666666666667, ""reason"": null, ""status"": ""ok"", ""successes"": 1091, ""timeouts"": 105}",NC,B0,"{""absolute_error_pp"": 3.500000000000003, ""attempts"": 1200, ""brier"": 0.11122430555555556, ""forecast"": 0.9091666666666667, ""observed"": 0.8741666666666666, ""signed_error_pp"": 3.500000000000003, ""successes"": 1049}",compose_post,split,1
deathstarbench_social_network,v4-confirmation-771621/deathstarbench_social_network/split/NC/1,,qualified,"{""model_id"": ""campaign-a9d7fa243d62cbf16c14--compose_post--conditional_local"", ""probability"": 0.9091666666666667, ""reason"": null, ""status"": ""ok""}",NC,PMX,"{""absolute_error_pp"": 3.500000000000003, ""attempts"": 1200, ""brier"": 0.11122430555555556, ""forecast"": 0.9091666666666667, ""observed"": 0.8741666666666666, ""signed_error_pp"": 3.500000000000003, ""successes"": 1049}",compose_post,split,1
deathstarbench_social_network,v4-confirmation-771621/deathstarbench_social_network/split/NC/1,,qualified,"{""model_id"": ""campaign-a9d7fa243d62cbf16c14--compose_post--inclusive"", ""probability"": 0.900075, ""reason"": null, ""status"": ""ok""}",NC,PMX_inclusive,"{""absolute_error_pp"": 2.590833333333331, ""attempts"": 1200, ""brier"": 0.11067054729166666, ""forecast"": 0.900075, ""observed"": 0.8741666666666666, ""signed_error_pp"": 2.590833333333331, ""successes"": 1049}",compose_post,split,1
deathstarbench_social_network,v4-confirmation-771621/deathstarbench_social_network/split/NC/1,,qualified,"{""exact_fraction"": ""1"", ""probability"": 1.0, ""reason"": null, ""status"": ""ok""}",NC,Gstar,"{""absolute_error_pp"": 0.0, ""attempts"": 1200, ""brier"": 0.0, ""forecast"": 1.0, ""observed"": 1.0, ""signed_error_pp"": 0.0, ""successes"": 1200}",read_home_timeline,split,1
deathstarbench_social_network,v4-confirmation-771621/deathstarbench_social_network/split/NC/1,,qualified,"{""exact_fraction"": ""1"", ""probability"": 1.0, ""reason"": null, ""status"": ""ok""}",NC,GID,"{""absolute_error_pp"": 0.0, ""attempts"": 1200, ""brier"": 0.0, ""forecast"": 1.0, ""observed"": 1.0, ""signed_error_pp"": 0.0, ""successes"": 1200}",read_home_timeline,split,1
deathstarbench_social_network,v4-confirmation-771621/deathstarbench_social_network/split/NC/1,,qualified,"{""exact_fraction"": ""1"", ""probability"": 1.0, ""reason"": null, ""status"": ""ok""}",NC,Gselected,"{""absolute_error_pp"": 0.0, ""attempts"": 1200, ""brier"": 0.0, ""forecast"": 1.0, ""observed"": 1.0, ""signed_error_pp"": 0.0, ""successes"": 1200}",read_home_timeline,split,1
deathstarbench_social_network,v4-confirmation-771621/deathstarbench_social_network/split/NC/1,,qualified,"{""exact_fraction"": ""1"", ""probability"": 1.0, ""reason"": null, ""status"": ""ok""}",NC,G_without_deadline,"{""absolute_error_pp"": 0.0, ""attempts"": 1200, ""brier"": 0.0, ""forecast"": 1.0, ""observed"": 1.0, ""signed_error_pp"": 0.0, ""successes"": 1200}",read_home_timeline,split,1
deathstarbench_social_network,v4-confirmation-771621/deathstarbench_social_network/split/NC/1,,qualified,"{""exact_fraction"": ""1"", ""probability"": 1.0, ""reason"": null, ""status"": ""ok""}",NC,G_without_selection,"{""absolute_error_pp"": 0.0, ""attempts"": 1200, ""brier"": 0.0, ""forecast"": 1.0, ""observed"": 1.0, ""signed_error_pp"": 0.0, ""successes"": 1200}",read_home_timeline,split,1
deathstarbench_social_network,v4-confirmation-771621/deathstarbench_social_network/split/NC/1,,qualified,"{""exact_fraction"": ""1"", ""probability"": 1.0, ""reason"": null, ""status"": ""ok""}",NC,G_without_completion,"{""absolute_error_pp"": 0.0, ""attempts"": 1200, ""brier"": 0.0, ""forecast"": 1.0, ""observed"": 1.0, ""signed_error_pp"": 0.0, ""successes"": 1200}",read_home_timeline,split,1
deathstarbench_social_network,v4-confirmation-771621/deathstarbench_social_network/split/NC/1,,qualified,"{""exact_fraction"": ""1"", ""probability"": 1.0, ""reason"": null, ""status"": ""ok""}",NC,G0,"{""absolute_error_pp"": 0.0, ""attempts"": 1200, ""brier"": 0.0, ""forecast"": 1.0, ""observed"": 1.0, ""signed_error_pp"": 0.0, ""successes"": 1200}",read_home_timeline,split,1
deathstarbench_social_network,v4-confirmation-771621/deathstarbench_social_network/split/NC/1,,qualified,"{""attempts"": 1200, ""exact_fraction"": ""1200/1200"", ""probability"": 1.0, ""reason"": null, ""status"": ""ok"", ""successes"": 1200, ""timeouts"": 0}",NC,B0,"{""absolute_error_pp"": 0.0, ""attempts"": 1200, ""brier"": 0.0, ""forecast"": 1.0, ""observed"": 1.0, ""signed_error_pp"": 0.0, ""successes"": 1200}",read_home_timeline,split,1
deathstarbench_social_network,v4-confirmation-771621/deathstarbench_social_network/split/NC/1,,qualified,"{""model_id"": ""campaign-a9d7fa243d62cbf16c14--read_home_timeline--conditional_local"", ""probability"": 1.0, ""reason"": null, ""status"": ""ok""}",NC,PMX,"{""absolute_error_pp"": 0.0, ""attempts"": 1200, ""brier"": 0.0, ""forecast"": 1.0, ""observed"": 1.0, ""signed_error_pp"": 0.0, ""successes"": 1200}",read_home_timeline,split,1
deathstarbench_social_network,v4-confirmation-771621/deathstarbench_social_network/split/NC/1,,qualified,"{""model_id"": ""campaign-a9d7fa243d62cbf16c14--read_home_timeline--inclusive"", ""probability"": 1.0, ""reason"": null, ""status"": ""ok""}",NC,PMX_inclusive,"{""absolute_error_pp"": 0.0, ""attempts"": 1200, ""brier"": 0.0, ""forecast"": 1.0, ""observed"": 1.0, ""signed_error_pp"": 0.0, ""successes"": 1200}",read_home_timeline,split,1
deathstarbench_social_network,v4-confirmation-771621/deathstarbench_social_network/split/NC/1,,qualified,"{""exact_fraction"": ""1051/1200"", ""probability"": 0.8758333333333334, ""reason"": null, ""status"": ""ok""}",NC,Gstar,"{""absolute_error_pp"": 3.166666666666673, ""attempts"": 1200, ""brier"": 0.13255208333333332, ""forecast"": 0.8758333333333334, ""observed"": 0.8441666666666666, ""signed_error_pp"": 3.166666666666673, ""successes"": 1013}",read_user_timeline,split,1
deathstarbench_social_network,v4-confirmation-771621/deathstarbench_social_network/split/NC/1,,qualified,"{""identified_lower"": 0.8758333333333334, ""identified_upper"": 1.0, ""lower_exact"": ""1051/1200"", ""probability"": null, ""reason"": ""not_point_identified_under_declared_observation_law"", ""status"": ""unsupported"", ""upper_exact"": ""1""}",NC,GID,,read_user_timeline,split,1
deathstarbench_social_network,v4-confirmation-771621/deathstarbench_social_network/split/NC/1,,qualified,"{""identified_lower"": 0.8758333333333334, ""identified_upper"": 1.0, ""lower_exact"": ""1051/1200"", ""probability"": null, ""reason"": ""not_point_identified_under_declared_observation_law"", ""status"": ""unsupported"", ""upper_exact"": ""1""}",NC,Gselected,,read_user_timeline,split,1
deathstarbench_social_network,v4-confirmation-771621/deathstarbench_social_network/split/NC/1,,qualified,"{""identified_lower"": 0.8758333333333334, ""identified_upper"": 0.98, ""lower_exact"": ""1051/1200"", ""probability"": null, ""reason"": ""not_point_identified_under_declared_observation_law"", ""status"": ""unsupported"", ""upper_exact"": ""49/50""}",NC,G_without_deadline,,read_user_timeline,split,1
deathstarbench_social_network,v4-confirmation-771621/deathstarbench_social_network/split/NC/1,,qualified,"{""exact_fraction"": ""1051/1200"", ""probability"": 0.8758333333333334, ""reason"": null, ""status"": ""ok""}",NC,G_without_selection,"{""absolute_error_pp"": 3.166666666666673, ""attempts"": 1200, ""brier"": 0.13255208333333332, ""forecast"": 0.8758333333333334, ""observed"": 0.8441666666666666, ""signed_error_pp"": 3.166666666666673, ""successes"": 1013}",read_user_timeline,split,1
deathstarbench_social_network,v4-confirmation-771621/deathstarbench_social_network/split/NC/1,,qualified,"{""identified_lower"": 0.8758333333333334, ""identified_upper"": 0.8791666666666667, ""lower_exact"": ""1051/1200"", ""probability"": null, ""reason"": ""not_point_identified_under_declared_observation_law"", ""status"": ""unsupported"", ""upper_exact"": ""211/240""}",NC,G_without_completion,,read_user_timeline,split,1
deathstarbench_social_network,v4-confirmation-771621/deathstarbench_social_network/split/NC/1,,qualified,"{""exact_fraction"": ""1"", ""probability"": 1.0, ""reason"": null, ""status"": ""ok""}",NC,G0,"{""absolute_error_pp"": 15.583333333333337, ""attempts"": 1200, ""brier"": 0.15583333333333332, ""forecast"": 1.0, ""observed"": 0.8441666666666666, ""signed_error_pp"": 15.583333333333337, ""successes"": 1013}",read_user_timeline,split,1
deathstarbench_social_network,v4-confirmation-771621/deathstarbench_social_network/split/NC/1,,qualified,"{""attempts"": 1200, ""exact_fraction"": ""1051/1200"", ""probability"": 0.8758333333333334, ""reason"": null, ""status"": ""ok"", ""successes"": 1051, ""timeouts"": 145}",NC,B0,"{""absolute_error_pp"": 3.166666666666673, ""attempts"": 1200, ""brier"": 0.13255208333333332, ""forecast"": 0.8758333333333334, ""observed"": 0.8441666666666666, ""signed_error_pp"": 3.166666666666673, ""successes"": 1013}",read_user_timeline,split,1
deathstarbench_social_network,v4-confirmation-771621/deathstarbench_social_network/split/NC/1,,qualified,"{""model_id"": ""campaign-a9d7fa243d62cbf16c14--read_user_timeline--conditional_local"", ""probability"": 0.8758333333333332, ""reason"": null, ""status"": ""ok""}",NC,PMX,"{""absolute_error_pp"": 3.166666666666662, ""attempts"": 1200, ""brier"": 0.13255208333333332, ""forecast"": 0.8758333333333332, ""observed"": 0.8441666666666666, ""signed_error_pp"": 3.166666666666662, ""successes"": 1013}",read_user_timeline,split,1
deathstarbench_social_network,v4-confirmation-771621/deathstarbench_social_network/split/NC/1,,qualified,"{""model_id"": ""campaign-a9d7fa243d62cbf16c14--read_user_timeline--inclusive"", ""probability"": 0.8583166666666666, ""reason"": null, ""status"": ""ok""}",NC,PMX_inclusive,"{""absolute_error_pp"": 1.4149999999999996, ""attempts"": 1200, ""brier"": 0.13174952805555554, ""forecast"": 0.8583166666666666, ""observed"": 0.8441666666666666, ""signed_error_pp"": 1.4149999999999996, ""successes"": 1013}",read_user_timeline,split,1
deathstarbench_social_network,v4-confirmation-771621/deathstarbench_social_network/split/NC/2,,qualified,"{""exact_fraction"": ""363/400"", ""probability"": 0.9075, ""reason"": null, ""status"": ""ok""}",NC,Gstar,"{""absolute_error_pp"": 2.0000000000000018, ""attempts"": 1200, ""brier"": 0.06764375000000002, ""forecast"": 0.9075, ""observed"": 0.9275, ""signed_error_pp"": -2.0000000000000018, ""successes"": 1113}",compose_post,split,2
deathstarbench_social_network,v4-confirmation-771621/deathstarbench_social_network/split/NC/2,,qualified,"{""identified_lower"": 0.9075, ""identified_upper"": 1.0, ""lower_exact"": ""363/400"", ""probability"": null, ""reason"": ""not_point_identified_under_declared_observation_law"", ""status"": ""unsupported"", ""upper_exact"": ""1""}",NC,GID,,compose_post,split,2
deathstarbench_social_network,v4-confirmation-771621/deathstarbench_social_network/split/NC/2,,qualified,"{""identified_lower"": 0.9075, ""identified_upper"": 1.0, ""lower_exact"": ""363/400"", ""probability"": null, ""reason"": ""not_point_identified_under_declared_observation_law"", ""status"": ""unsupported"", ""upper_exact"": ""1""}",NC,Gselected,,compose_post,split,2
deathstarbench_social_network,v4-confirmation-771621/deathstarbench_social_network/split/NC/2,,qualified,"{""identified_lower"": 0.9075, ""identified_upper"": 0.9916666666666667, ""lower_exact"": ""363/400"", ""probability"": null, ""reason"": ""not_point_identified_under_declared_observation_law"", ""status"": ""unsupported"", ""upper_exact"": ""119/120""}",NC,G_without_deadline,,compose_post,split,2
deathstarbench_social_network,v4-confirmation-771621/deathstarbench_social_network/split/NC/2,,qualified,"{""exact_fraction"": ""363/400"", ""probability"": 0.9075, ""reason"": null, ""status"": ""ok""}",NC,G_without_selection,"{""absolute_error_pp"": 2.0000000000000018, ""attempts"": 1200, ""brier"": 0.06764375000000002, ""forecast"": 0.9075, ""observed"": 0.9275, ""signed_error_pp"": -2.0000000000000018, ""successes"": 1113}",compose_post,split,2
deathstarbench_social_network,v4-confirmation-771621/deathstarbench_social_network/split/NC/2,,qualified,"{""identified_lower"": 0.9075, ""identified_upper"": 0.9108333333333334, ""lower_exact"": ""363/400"", ""probability"": null, ""reason"": ""not_point_identified_under_declared_observation_law"", ""status"": ""unsupported"", ""upper_exact"": ""1093/1200""}",NC,G_without_completion,,compose_post,split,2
deathstarbench_social_network,v4-confirmation-771621/deathstarbench_social_network/split/NC/2,,qualified,"{""exact_fraction"": ""1"", ""probability"": 1.0, ""reason"": null, ""status"": ""ok""}",NC,G0,"{""absolute_error_pp"": 7.250000000000001, ""attempts"": 1200, ""brier"": 0.0725, ""forecast"": 1.0, ""observed"": 0.9275, ""signed_error_pp"": 7.250000000000001, ""successes"": 1113}",compose_post,split,2
deathstarbench_social_network,v4-confirmation-771621/deathstarbench_social_network/split/NC/2,,qualified,"{""attempts"": 1200, ""exact_fraction"": ""1089/1200"", ""probability"": 0.9075, ""reason"": null, ""status"": ""ok"", ""successes"": 1089, ""timeouts"": 107}",NC,B0,"{""absolute_error_pp"": 2.0000000000000018, ""attempts"": 1200, ""brier"": 0.06764375000000002, ""forecast"": 0.9075, ""observed"": 0.9275, ""signed_error_pp"": -2.0000000000000018, ""successes"": 1113}",compose_post,split,2
deathstarbench_social_network,v4-confirmation-771621/deathstarbench_social_network/split/NC/2,,qualified,"{""model_id"": ""campaign-0569e14884676c2a2b9b--compose_post--conditional_local"", ""probability"": 0.9075, ""reason"": null, ""status"": ""ok""}",NC,PMX,"{""absolute_error_pp"": 2.0000000000000018, ""attempts"": 1200, ""brier"": 0.06764375000000002, ""forecast"": 0.9075, ""observed"": 0.9275, ""signed_error_pp"": -2.0000000000000018, ""successes"": 1113}",compose_post,split,2
deathstarbench_social_network,v4-confirmation-771621/deathstarbench_social_network/split/NC/2,,qualified,"{""model_id"": ""campaign-0569e14884676c2a2b9b--compose_post--inclusive"", ""probability"": 0.8999375, ""reason"": null, ""status"": ""ok""}",NC,PMX_inclusive,"{""absolute_error_pp"": 2.7562500000000045, ""attempts"": 1200, ""brier"": 0.06800344140624999, ""forecast"": 0.8999375, ""observed"": 0.9275, ""signed_error_pp"": -2.7562500000000045, ""successes"": 1113}",compose_post,split,2
deathstarbench_social_network,v4-confirmation-771621/deathstarbench_social_network/split/NC/2,,qualified,"{""exact_fraction"": ""1"", ""probability"": 1.0, ""reason"": null, ""status"": ""ok""}",NC,Gstar,"{""absolute_error_pp"": 0.0, ""attempts"": 1200, ""brier"": 0.0, ""forecast"": 1.0, ""observed"": 1.0, ""signed_error_pp"": 0.0, ""successes"": 1200}",read_home_timeline,split,2
deathstarbench_social_network,v4-confirmation-771621/deathstarbench_social_network/split/NC/2,,qualified,"{""exact_fraction"": ""1"", ""probability"": 1.0, ""reason"": null, ""status"": ""ok""}",NC,GID,"{""absolute_error_pp"": 0.0, ""attempts"": 1200, ""brier"": 0.0, ""forecast"": 1.0, ""observed"": 1.0, ""signed_error_pp"": 0.0, ""successes"": 1200}",read_home_timeline,split,2
deathstarbench_social_network,v4-confirmation-771621/deathstarbench_social_network/split/NC/2,,qualified,"{""exact_fraction"": ""1"", ""probability"": 1.0, ""reason"": null, ""status"": ""ok""}",NC,Gselected,"{""absolute_error_pp"": 0.0, ""attempts"": 1200, ""brier"": 0.0, ""forecast"": 1.0, ""observed"": 1.0, ""signed_error_pp"": 0.0, ""successes"": 1200}",read_home_timeline,split,2
deathstarbench_social_network,v4-confirmation-771621/deathstarbench_social_network/split/NC/2,,qualified,"{""exact_fraction"": ""1"", ""probability"": 1.0, ""reason"": null, ""status"": ""ok""}",NC,G_without_deadline,"{""absolute_error_pp"": 0.0, ""attempts"": 1200, ""brier"": 0.0, ""forecast"": 1.0, ""observed"": 1.0, ""signed_error_pp"": 0.0, ""successes"": 1200}",read_home_timeline,split,2
deathstarbench_social_network,v4-confirmation-771621/deathstarbench_social_network/split/NC/2,,qualified,"{""exact_fraction"": ""1"", ""probability"": 1.0, ""reason"": null, ""status"": ""ok""}",NC,G_without_selection,"{""absolute_error_pp"": 0.0, ""attempts"": 1200, ""brier"": 0.0, ""forecast"": 1.0, ""observed"": 1.0, ""signed_error_pp"": 0.0, ""successes"": 1200}",read_home_timeline,split,2
deathstarbench_social_network,v4-confirmation-771621/deathstarbench_social_network/split/NC/2,,qualified,"{""exact_fraction"": ""1"", ""probability"": 1.0, ""reason"": null, ""status"": ""ok""}",NC,G_without_completion,"{""absolute_error_pp"": 0.0, ""attempts"": 1200, ""brier"": 0.0, ""forecast"": 1.0, ""observed"": 1.0, ""signed_error_pp"": 0.0, ""successes"": 1200}",read_home_timeline,split,2
deathstarbench_social_network,v4-confirmation-771621/deathstarbench_social_network/split/NC/2,,qualified,"{""exact_fraction"": ""1"", ""probability"": 1.0, ""reason"": null, ""status"": ""ok""}",NC,G0,"{""absolute_error_pp"": 0.0, ""attempts"": 1200, ""brier"": 0.0, ""forecast"": 1.0, ""observed"": 1.0, ""signed_error_pp"": 0.0, ""successes"": 1200}",read_home_timeline,split,2
deathstarbench_social_network,v4-confirmation-771621/deathstarbench_social_network/split/NC/2,,qualified,"{""attempts"": 1200, ""exact_fraction"": ""1200/1200"", ""probability"": 1.0, ""reason"": null, ""status"": ""ok"", ""successes"": 1200, ""timeouts"": 0}",NC,B0,"{""absolute_error_pp"": 0.0, ""attempts"": 1200, ""brier"": 0.0, ""forecast"": 1.0, ""observed"": 1.0, ""signed_error_pp"": 0.0, ""successes"": 1200}",read_home_timeline,split,2
deathstarbench_social_network,v4-confirmation-771621/deathstarbench_social_network/split/NC/2,,qualified,"{""model_id"": ""campaign-0569e14884676c2a2b9b--read_home_timeline--conditional_local"", ""probability"": 1.0, ""reason"": null, ""status"": ""ok""}",NC,PMX,"{""absolute_error_pp"": 0.0, ""attempts"": 1200, ""brier"": 0.0, ""forecast"": 1.0, ""observed"": 1.0, ""signed_error_pp"": 0.0, ""successes"": 1200}",read_home_timeline,split,2
deathstarbench_social_network,v4-confirmation-771621/deathstarbench_social_network/split/NC/2,,qualified,"{""model_id"": ""campaign-0569e14884676c2a2b9b--read_home_timeline--inclusive"", ""probability"": 1.0, ""reason"": null, ""status"": ""ok""}",NC,PMX_inclusive,"{""absolute_error_pp"": 0.0, ""attempts"": 1200, ""brier"": 0.0, ""forecast"": 1.0, ""observed"": 1.0, ""signed_error_pp"": 0.0, ""successes"": 1200}",read_home_timeline,split,2
deathstarbench_social_network,v4-confirmation-771621/deathstarbench_social_network/split/NC/2,,qualified,"{""exact_fraction"": ""349/400"", ""probability"": 0.8725, ""reason"": null, ""status"": ""ok""}",NC,Gstar,"{""absolute_error_pp"": 2.416666666666656, ""attempts"": 1200, ""brier"": 0.09323958333333333, ""forecast"": 0.8725, ""observed"": 0.8966666666666666, ""signed_error_pp"": -2.416666666666656, ""successes"": 1076}",read_user_timeline,split,2
deathstarbench_social_network,v4-confirmation-771621/deathstarbench_social_network/split/NC/2,,qualified,"{""identified_lower"": 0.8733333333333333, ""identified_upper"": 1.0, ""lower_exact"": ""131/150"", ""probability"": null, ""reason"": ""not_point_identified_under_declared_observation_law"", ""status"": ""unsupported"", ""upper_exact"": ""1""}",NC,GID,,read_user_timeline,split,2
deathstarbench_social_network,v4-confirmation-771621/deathstarbench_social_network/split/NC/2,,qualified,"{""identified_lower"": 0.8733333333333333, ""identified_upper"": 1.0, ""lower_exact"": ""131/150"", ""probability"": null, ""reason"": ""not_point_identified_under_declared_observation_law"", ""status"": ""unsupported"", ""upper_exact"": ""1""}",NC,Gselected,,read_user_timeline,split,2
deathstarbench_social_network,v4-confirmation-771621/deathstarbench_social_network/split/NC/2,,qualified,"{""identified_lower"": 0.8733333333333333, ""identified_upper"": 0.99, ""lower_exact"": ""131/150"", ""probability"": null, ""reason"": ""not_point_identified_under_declared_observation_law"", ""status"": ""unsupported"", ""upper_exact"": ""99/100""}",NC,G_without_deadline,,read_user_timeline,split,2
deathstarbench_social_network,v4-confirmation-771621/deathstarbench_social_network/split/NC/2,,qualified,"{""exact_fraction"": ""349/400"", ""probability"": 0.8725, ""reason"": null, ""status"": ""ok""}",NC,G_without_selection,"{""absolute_error_pp"": 2.416666666666656, ""attempts"": 1200, ""brier"": 0.09323958333333333, ""forecast"": 0.8725, ""observed"": 0.8966666666666666, ""signed_error_pp"": -2.416666666666656, ""successes"": 1076}",read_user_timeline,split,2
deathstarbench_social_network,v4-confirmation-771621/deathstarbench_social_network/split/NC/2,,qualified,"{""identified_lower"": 0.8725, ""identified_upper"": 0.875, ""lower_exact"": ""349/400"", ""probability"": null, ""reason"": ""not_point_identified_under_declared_observation_law"", ""status"": ""unsupported"", ""upper_exact"": ""7/8""}",NC,G_without_completion,,read_user_timeline,split,2
deathstarbench_social_network,v4-confirmation-771621/deathstarbench_social_network/split/NC/2,,qualified,"{""exact_fraction"": ""1"", ""probability"": 1.0, ""reason"": null, ""status"": ""ok""}",NC,G0,"{""absolute_error_pp"": 10.33333333333334, ""attempts"": 1200, ""brier"": 0.10333333333333333, ""forecast"": 1.0, ""observed"": 0.8966666666666666, ""signed_error_pp"": 10.33333333333334, ""successes"": 1076}",read_user_timeline,split,2
deathstarbench_social_network,v4-confirmation-771621/deathstarbench_social_network/split/NC/2,,qualified,"{""attempts"": 1200, ""exact_fraction"": ""1047/1200"", ""probability"": 0.8725, ""reason"": null, ""status"": ""ok"", ""successes"": 1047, ""timeouts"": 150}",NC,B0,"{""absolute_error_pp"": 2.416666666666656, ""attempts"": 1200, ""brier"": 0.09323958333333333, ""forecast"": 0.8725, ""observed"": 0.8966666666666666, ""signed_error_pp"": -2.416666666666656, ""successes"": 1076}",read_user_timeline,split,2
deathstarbench_social_network,v4-confirmation-771621/deathstarbench_social_network/split/NC/2,,qualified,"{""model_id"": ""campaign-0569e14884676c2a2b9b--read_user_timeline--conditional_local"", ""probability"": 0.8724999999999999, ""reason"": null, ""status"": ""ok""}",NC,PMX,"{""absolute_error_pp"": 2.416666666666667, ""attempts"": 1200, ""brier"": 0.09323958333333333, ""forecast"": 0.8724999999999999, ""observed"": 0.8966666666666666, ""signed_error_pp"": -2.416666666666667, ""successes"": 1076}",read_user_timeline,split,2
deathstarbench_social_network,v4-confirmation-771621/deathstarbench_social_network/split/NC/2,,qualified,"{""model_id"": ""campaign-0569e14884676c2a2b9b--read_user_timeline--inclusive"", ""probability"": 0.8637750000000001, ""reason"": null, ""status"": ""ok""}",NC,PMX_inclusive,"{""absolute_error_pp"": 3.289166666666654, ""attempts"": 1200, ""brier"": 0.09373741729166667, ""forecast"": 0.8637750000000001, ""observed"": 0.8966666666666666, ""signed_error_pp"": -3.289166666666654, ""successes"": 1076}",read_user_timeline,split,2
opentelemetry_demo,v4-confirmation-771621/opentelemetry_demo/split/N/0,,qualified,"{""exact_fraction"": ""67/75"", ""probability"": 0.8933333333333333, ""reason"": null, ""status"": ""ok""}",N,Gstar,"{""absolute_error_pp"": 1.8333333333333313, ""attempts"": 1200, ""brier"": 0.1097111111111111, ""forecast"": 0.8933333333333333, ""observed"": 0.875, ""signed_error_pp"": 1.8333333333333313, ""successes"": 1050}",add_to_cart,split,0
opentelemetry_demo,v4-confirmation-771621/opentelemetry_demo/split/N/0,,qualified,"{""identified_lower"": 0.895, ""identified_upper"": 1.0, ""lower_exact"": ""179/200"", ""probability"": null, ""reason"": ""not_point_identified_under_declared_observation_law"", ""status"": ""unsupported"", ""upper_exact"": ""1""}",N,GID,,add_to_cart,split,0
opentelemetry_demo,v4-confirmation-771621/opentelemetry_demo/split/N/0,,qualified,"{""identified_lower"": 0.895, ""identified_upper"": 1.0, ""lower_exact"": ""179/200"", ""probability"": null, ""reason"": ""not_point_identified_under_declared_observation_law"", ""status"": ""unsupported"", ""upper_exact"": ""1""}",N,Gselected,,add_to_cart,split,0
opentelemetry_demo,v4-confirmation-771621/opentelemetry_demo/split/N/0,,qualified,"{""exact_fraction"": ""67/75"", ""probability"": 0.8933333333333333, ""reason"": null, ""status"": ""ok""}",N,G_without_deadline,"{""absolute_error_pp"": 1.8333333333333313, ""attempts"": 1200, ""brier"": 0.1097111111111111, ""forecast"": 0.8933333333333333, ""observed"": 0.875, ""signed_error_pp"": 1.8333333333333313, ""successes"": 1050}",add_to_cart,split,0
opentelemetry_demo,v4-confirmation-771621/opentelemetry_demo/split/N/0,,qualified,"{""exact_fraction"": ""67/75"", ""probability"": 0.8933333333333333, ""reason"": null, ""status"": ""ok""}",N,G_without_selection,"{""absolute_error_pp"": 1.8333333333333313, ""attempts"": 1200, ""brier"": 0.1097111111111111, ""forecast"": 0.8933333333333333, ""observed"": 0.875, ""signed_error_pp"": 1.8333333333333313, ""successes"": 1050}",add_to_cart,split,0
opentelemetry_demo,v4-confirmation-771621/opentelemetry_demo/split/N/0,,qualified,"{""exact_fraction"": ""67/75"", ""probability"": 0.8933333333333333, ""reason"": null, ""status"": ""ok""}",N,G_without_completion,"{""absolute_error_pp"": 1.8333333333333313, ""attempts"": 1200, ""brier"": 0.1097111111111111, ""forecast"": 0.8933333333333333, ""observed"": 0.875, ""signed_error_pp"": 1.8333333333333313, ""successes"": 1050}",add_to_cart,split,0
opentelemetry_demo,v4-confirmation-771621/opentelemetry_demo/split/N/0,,qualified,"{""exact_fraction"": ""1"", ""probability"": 1.0, ""reason"": null, ""status"": ""ok""}",N,G0,"{""absolute_error_pp"": 12.5, ""attempts"": 1200, ""brier"": 0.125, ""forecast"": 1.0, ""observed"": 0.875, ""signed_error_pp"": 12.5, ""successes"": 1050}",add_to_cart,split,0
opentelemetry_demo,v4-confirmation-771621/opentelemetry_demo/split/N/0,,qualified,"{""attempts"": 1200, ""exact_fraction"": ""1072/1200"", ""probability"": 0.8933333333333333, ""reason"": null, ""status"": ""ok"", ""successes"": 1072, ""timeouts"": 128}",N,B0,"{""absolute_error_pp"": 1.8333333333333313, ""attempts"": 1200, ""brier"": 0.1097111111111111, ""forecast"": 0.8933333333333333, ""observed"": 0.875, ""signed_error_pp"": 1.8333333333333313, ""successes"": 1050}",add_to_cart,split,0
opentelemetry_demo,v4-confirmation-771621/opentelemetry_demo/split/N/0,,qualified,"{""model_id"": ""campaign-dd1055a12195c9690ad1--add_to_cart--conditional_local"", ""probability"": 0.8933333333333333, ""reason"": null, ""status"": ""ok""}",N,PMX,"{""absolute_error_pp"": 1.8333333333333313, ""attempts"": 1200, ""brier"": 0.1097111111111111, ""forecast"": 0.8933333333333333, ""observed"": 0.875, ""signed_error_pp"": 1.8333333333333313, ""successes"": 1050}",add_to_cart,split,0
opentelemetry_demo,v4-confirmation-771621/opentelemetry_demo/split/N/0,,qualified,"{""model_id"": ""campaign-dd1055a12195c9690ad1--add_to_cart--inclusive"", ""probability"": 0.7980444444444444, ""reason"": null, ""status"": ""ok""}",N,PMX_inclusive,"{""absolute_error_pp"": 7.695555555555556, ""attempts"": 1200, ""brier"": 0.11529715753086421, ""forecast"": 0.7980444444444444, ""observed"": 0.875, ""signed_error_pp"": -7.695555555555556, ""successes"": 1050}",add_to_cart,split,0
opentelemetry_demo,v4-confirmation-771621/opentelemetry_demo/split/N/0,,qualified,"{""exact_fraction"": ""1087/1200"", ""probability"": 0.9058333333333334, ""reason"": null, ""status"": ""ok""}",N,Gstar,"{""absolute_error_pp"": 2.1666666666666723, ""attempts"": 1200, ""brier"": 0.10288541666666667, ""forecast"": 0.9058333333333334, ""observed"": 0.8841666666666667, ""signed_error_pp"": 2.1666666666666723, ""successes"": 1061}",browse_product,split,0
opentelemetry_demo,v4-confirmation-771621/opentelemetry_demo/split/N/0,,qualified,"{""identified_lower"": 0.9066666666666666, ""identified_upper"": 1.0, ""lower_exact"": ""68/75"", ""probability"": null, ""reason"": ""not_point_identified_under_declared_observation_law"", ""status"": ""unsupported"", ""upper_exact"": ""1""}",N,GID,,browse_product,split,0
opentelemetry_demo,v4-confirmation-771621/opentelemetry_demo/split/N/0,,qualified,"{""identified_lower"": 0.9066666666666666, ""identified_upper"": 1.0, ""lower_exact"": ""68/75"", ""probability"": null, ""reason"": ""not_point_identified_under_declared_observation_law"", ""status"": ""unsupported"", ""upper_exact"": ""1""}",N,Gselected,,browse_product,split,0
opentelemetry_demo,v4-confirmation-771621/opentelemetry_demo/split/N/0,,qualified,"{""exact_fraction"": ""1087/1200"", ""probability"": 0.9058333333333334, ""reason"": null, ""status"": ""ok""}",N,G_without_deadline,"{""absolute_error_pp"": 2.1666666666666723, ""attempts"": 1200, ""brier"": 0.10288541666666667, ""forecast"": 0.9058333333333334, ""observed"": 0.8841666666666667, ""signed_error_pp"": 2.1666666666666723, ""successes"": 1061}",browse_product,split,0
opentelemetry_demo,v4-confirmation-771621/opentelemetry_demo/split/N/0,,qualified,"{""exact_fraction"": ""1087/1200"", ""probability"": 0.9058333333333334, ""reason"": null, ""status"": ""ok""}",N,G_without_selection,"{""absolute_error_pp"": 2.1666666666666723, ""attempts"": 1200, ""brier"": 0.10288541666666667, ""forecast"": 0.9058333333333334, ""observed"": 0.8841666666666667, ""signed_error_pp"": 2.1666666666666723, ""successes"": 1061}",browse_product,split,0
opentelemetry_demo,v4-confirmation-771621/opentelemetry_demo/split/N/0,,qualified,"{""exact_fraction"": ""1087/1200"", ""probability"": 0.9058333333333334, ""reason"": null, ""status"": ""ok""}",N,G_without_completion,"{""absolute_error_pp"": 2.1666666666666723, ""attempts"": 1200, ""brier"": 0.10288541666666667, ""forecast"": 0.9058333333333334, ""observed"": 0.8841666666666667, ""signed_error_pp"": 2.1666666666666723, ""successes"": 1061}",browse_product,split,0
opentelemetry_demo,v4-confirmation-771621/opentelemetry_demo/split/N/0,,qualified,"{""exact_fraction"": ""1"", ""probability"": 1.0, ""reason"": null, ""status"": ""ok""}",N,G0,"{""absolute_error_pp"": 11.583333333333334, ""attempts"": 1200, ""brier"": 0.11583333333333333, ""forecast"": 1.0, ""observed"": 0.8841666666666667, ""signed_error_pp"": 11.583333333333334, ""successes"": 1061}",browse_product,split,0
opentelemetry_demo,v4-confirmation-771621/opentelemetry_demo/split/N/0,,qualified,"{""attempts"": 1200, ""exact_fraction"": ""1087/1200"", ""probability"": 0.9058333333333334, ""reason"": null, ""status"": ""ok"", ""successes"": 1087, ""timeouts"": 113}",N,B0,"{""absolute_error_pp"": 2.1666666666666723, ""attempts"": 1200, ""brier"": 0.10288541666666667, ""forecast"": 0.9058333333333334, ""observed"": 0.8841666666666667, ""signed_error_pp"": 2.1666666666666723, ""successes"": 1061}",browse_product,split,0
opentelemetry_demo,v4-confirmation-771621/opentelemetry_demo/split/N/0,,qualified,"{""model_id"": ""campaign-dd1055a12195c9690ad1--browse_product--conditional_local"", ""probability"": 0.9058333333333334, ""reason"": null, ""status"": ""ok""}",N,PMX,"{""absolute_error_pp"": 2.1666666666666723, ""attempts"": 1200, ""brier"": 0.10288541666666667, ""forecast"": 0.9058333333333334, ""observed"": 0.8841666666666667, ""signed_error_pp"": 2.1666666666666723, ""successes"": 1061}",browse_product,split,0
opentelemetry_demo,v4-confirmation-771621/opentelemetry_demo/split/N/0,,qualified,"{""model_id"": ""campaign-dd1055a12195c9690ad1--browse_product--inclusive"", ""probability"": 0.8205340277777778, ""reason"": null, ""status"": ""ok""}",N,PMX_inclusive,"{""absolute_error_pp"": 6.3632638888888815, ""attempts"": 1200, ""brier"": 0.10646508495418594, ""forecast"": 0.8205340277777778, ""observed"": 0.8841666666666667, ""signed_error_pp"": -6.3632638888888815, ""successes"": 1061}",browse_product,split,0
opentelemetry_demo,v4-confirmation-771621/opentelemetry_demo/split/N/0,,qualified,"{""exact_fraction"": ""58/75"", ""probability"": 0.7733333333333333, ""reason"": null, ""status"": ""ok""}",N,Gstar,"{""absolute_error_pp"": 3.3333333333333326, ""attempts"": 1200, ""brier"": 0.19351111111111108, ""forecast"": 0.7733333333333333, ""observed"": 0.74, ""signed_error_pp"": 3.3333333333333326, ""successes"": 888}",checkout,split,0
opentelemetry_demo,v4-confirmation-771621/opentelemetry_demo/split/N/0,,qualified,"{""identified_lower"": 0.9016666666666666, ""identified_upper"": 1.0, ""lower_exact"": ""541/600"", ""probability"": null, ""reason"": ""not_point_identified_under_declared_observation_law"", ""status"": ""unsupported"", ""upper_exact"": ""1""}",N,GID,,checkout,split,0
opentelemetry_demo,v4-confirmation-771621/opentelemetry_demo/split/N/0,,qualified,"{""identified_lower"": 0.7816666666666666, ""identified_upper"": 1.0, ""lower_exact"": ""469/600"", ""probability"": null, ""reason"": ""not_point_identified_under_declared_observation_law"", ""status"": ""unsupported"", ""upper_exact"": ""1""}",N,Gselected,,checkout,split,0
opentelemetry_demo,v4-confirmation-771621/opentelemetry_demo/split/N/0,,qualified,"{""exact_fraction"": ""929/1200"", ""probability"": 0.7741666666666667, ""reason"": null, ""status"": ""ok""}",N,G_without_deadline,"{""absolute_error_pp"": 3.416666666666668, ""attempts"": 1200, ""brier"": 0.19356736111111114, ""forecast"": 0.7741666666666667, ""observed"": 0.74, ""signed_error_pp"": 3.416666666666668, ""successes"": 888}",checkout,split,0
opentelemetry_demo,v4-confirmation-771621/opentelemetry_demo/split/N/0,,qualified,"{""exact_fraction"": ""58/75"", ""probability"": 0.7733333333333333, ""reason"": null, ""status"": ""ok""}",N,G_without_selection,"{""absolute_error_pp"": 3.3333333333333326, ""attempts"": 1200, ""brier"": 0.19351111111111108, ""forecast"": 0.7733333333333333, ""observed"": 0.74, ""signed_error_pp"": 3.3333333333333326, ""successes"": 888}",checkout,split,0
opentelemetry_demo,v4-confirmation-771621/opentelemetry_demo/split/N/0,,qualified,"{""exact_fraction"": ""58/75"", ""probability"": 0.7733333333333333, ""reason"": null, ""status"": ""ok""}",N,G_without_completion,"{""absolute_error_pp"": 3.3333333333333326, ""attempts"": 1200, ""brier"": 0.19351111111111108, ""forecast"": 0.7733333333333333, ""observed"": 0.74, ""signed_error_pp"": 3.3333333333333326, ""successes"": 888}",checkout,split,0
opentelemetry_demo,v4-confirmation-771621/opentelemetry_demo/split/N/0,,qualified,"{""exact_fraction"": ""1"", ""probability"": 1.0, ""reason"": null, ""status"": ""ok""}",N,G0,"{""absolute_error_pp"": 26.0, ""attempts"": 1200, ""brier"": 0.26, ""forecast"": 1.0, ""observed"": 0.74, ""signed_error_pp"": 26.0, ""successes"": 888}",checkout,split,0
opentelemetry_demo,v4-confirmation-771621/opentelemetry_demo/split/N/0,,qualified,"{""attempts"": 1200, ""exact_fraction"": ""928/1200"", ""probability"": 0.7733333333333333, ""reason"": null, ""status"": ""ok"", ""successes"": 928, ""timeouts"": 272}",N,B0,"{""absolute_error_pp"": 3.3333333333333326, ""attempts"": 1200, ""brier"": 0.19351111111111108, ""forecast"": 0.7733333333333333, ""observed"": 0.74, ""signed_error_pp"": 3.3333333333333326, ""successes"": 888}",checkout,split,0
opentelemetry_demo,v4-confirmation-771621/opentelemetry_demo/split/N/0,,qualified,"{""model_id"": ""campaign-dd1055a12195c9690ad1--checkout--conditional_local"", ""probability"": 0.7859031216361678, ""reason"": null, ""status"": ""ok""}",N,PMX,"{""absolute_error_pp"": 4.590312163616783, ""attempts"": 1200, ""brier"": 0.1945070965759448, ""forecast"": 0.7859031216361678, ""observed"": 0.74, ""signed_error_pp"": 4.590312163616783, ""successes"": 888}",checkout,split,0
opentelemetry_demo,v4-confirmation-771621/opentelemetry_demo/split/N/0,,qualified,"{""model_id"": ""campaign-dd1055a12195c9690ad1--checkout--inclusive"", ""probability"": 0.60842, ""reason"": null, ""status"": ""ok""}",N,PMX_inclusive,"{""absolute_error_pp"": 13.158000000000003, ""attempts"": 1200, ""brier"": 0.2097132964, ""forecast"": 0.60842, ""observed"": 0.74, ""signed_error_pp"": -13.158000000000003, ""successes"": 888}",checkout,split,0
opentelemetry_demo,v4-confirmation-771621/opentelemetry_demo/split/N/1,,qualified,"{""exact_fraction"": ""1091/1200"", ""probability"": 0.9091666666666667, ""reason"": null, ""status"": ""ok""}",N,Gstar,"{""absolute_error_pp"": 0.5833333333333357, ""attempts"": 1200, ""brier"": 0.08735625, ""forecast"": 0.9091666666666667, ""observed"": 0.9033333333333333, ""signed_error_pp"": 0.5833333333333357, ""successes"": 1084}",add_to_cart,split,1
opentelemetry_demo,v4-confirmation-771621/opentelemetry_demo/split/N/1,,qualified,"{""identified_lower"": 0.9133333333333333, ""identified_upper"": 1.0, ""lower_exact"": ""137/150"", ""probability"": null, ""reason"": ""not_point_identified_under_declared_observation_law"", ""status"": ""unsupported"", ""upper_exact"": ""1""}",N,GID,,add_to_cart,split,1
opentelemetry_demo,v4-confirmation-771621/opentelemetry_demo/split/N/1,,qualified,"{""identified_lower"": 0.9133333333333333, ""identified_upper"": 1.0, ""lower_exact"": ""137/150"", ""probability"": null, ""reason"": ""not_point_identified_under_declared_observation_law"", ""status"": ""unsupported"", ""upper_exact"": ""1""}",N,Gselected,,add_to_cart,split,1
opentelemetry_demo,v4-confirmation-771621/opentelemetry_demo/split/N/1,,qualified,"{""exact_fraction"": ""91/100"", ""probability"": 0.91, ""reason"": null, ""status"": ""ok""}",N,G_without_deadline,"{""absolute_error_pp"": 0.666666666666671, ""attempts"": 1200, ""brier"": 0.08736666666666668, ""forecast"": 0.91, ""observed"": 0.9033333333333333, ""signed_error_pp"": 0.666666666666671, ""successes"": 1084}",add_to_cart,split,1
opentelemetry_demo,v4-confirmation-771621/opentelemetry_demo/split/N/1,,qualified,"{""exact_fraction"": ""1091/1200"", ""probability"": 0.9091666666666667, ""reason"": null, ""status"": ""ok""}",N,G_without_selection,"{""absolute_error_pp"": 0.5833333333333357, ""attempts"": 1200, ""brier"": 0.08735625, ""forecast"": 0.9091666666666667, ""observed"": 0.9033333333333333, ""signed_error_pp"": 0.5833333333333357, ""successes"": 1084}",add_to_cart,split,1
opentelemetry_demo,v4-confirmation-771621/opentelemetry_demo/split/N/1,,qualified,"{""exact_fraction"": ""1091/1200"", ""probability"": 0.9091666666666667, ""reason"": null, ""status"": ""ok""}",N,G_without_completion,"{""absolute_error_pp"": 0.5833333333333357, ""attempts"": 1200, ""brier"": 0.08735625, ""forecast"": 0.9091666666666667, ""observed"": 0.9033333333333333, ""signed_error_pp"": 0.5833333333333357, ""successes"": 1084}",add_to_cart,split,1
opentelemetry_demo,v4-confirmation-771621/opentelemetry_demo/split/N/1,,qualified,"{""exact_fraction"": ""1"", ""probability"": 1.0, ""reason"": null, ""status"": ""ok""}",N,G0,"{""absolute_error_pp"": 9.666666666666668, ""attempts"": 1200, ""brier"": 0.09666666666666666, ""forecast"": 1.0, ""observed"": 0.9033333333333333, ""signed_error_pp"": 9.666666666666668, ""successes"": 1084}",add_to_cart,split,1
opentelemetry_demo,v4-confirmation-771621/opentelemetry_demo/split/N/1,,qualified,"{""attempts"": 1200, ""exact_fraction"": ""1091/1200"", ""probability"": 0.9091666666666667, ""reason"": null, ""status"": ""ok"", ""successes"": 1091, ""timeouts"": 109}",N,B0,"{""absolute_error_pp"": 0.5833333333333357, ""attempts"": 1200, ""brier"": 0.08735625, ""forecast"": 0.9091666666666667, ""observed"": 0.9033333333333333, ""signed_error_pp"": 0.5833333333333357, ""successes"": 1084}",add_to_cart,split,1
opentelemetry_demo,v4-confirmation-771621/opentelemetry_demo/split/N/1,,qualified,"{""model_id"": ""campaign-17864228ae0430a6063c--add_to_cart--conditional_local"", ""probability"": 0.9091666666666667, ""reason"": null, ""status"": ""ok""}",N,PMX,"{""absolute_error_pp"": 0.5833333333333357, ""attempts"": 1200, ""brier"": 0.08735625, ""forecast"": 0.9091666666666667, ""observed"": 0.9033333333333333, ""signed_error_pp"": 0.5833333333333357, ""successes"": 1084}",add_to_cart,split,1
opentelemetry_demo,v4-confirmation-771621/opentelemetry_demo/split/N/1,,qualified,"{""model_id"": ""campaign-17864228ae0430a6063c--add_to_cart--inclusive"", ""probability"": 0.8273416666666668, ""reason"": null, ""status"": ""ok""}",N,PMX_inclusive,"{""absolute_error_pp"": 7.599166666666656, ""attempts"": 1200, ""brier"": 0.09309695562499999, ""forecast"": 0.8273416666666668, ""observed"": 0.9033333333333333, ""signed_error_pp"": -7.599166666666656, ""successes"": 1084}",add_to_cart,split,1
opentelemetry_demo,v4-confirmation-771621/opentelemetry_demo/split/N/1,,qualified,"{""exact_fraction"": ""1081/1200"", ""probability"": 0.9008333333333334, ""reason"": null, ""status"": ""ok""}",N,Gstar,"{""absolute_error_pp"": 0.1666666666666594, ""attempts"": 1200, ""brier"": 0.08799652777777778, ""forecast"": 0.9008333333333334, ""observed"": 0.9025, ""signed_error_pp"": -0.1666666666666594, ""successes"": 1083}",browse_product,split,1
opentelemetry_demo,v4-confirmation-771621/opentelemetry_demo/split/N/1,,qualified,"{""identified_lower"": 0.9008333333333334, ""identified_upper"": 1.0, ""lower_exact"": ""1081/1200"", ""probability"": null, ""reason"": ""not_point_identified_under_declared_observation_law"", ""status"": ""unsupported"", ""upper_exact"": ""1""}",N,GID,,browse_product,split,1
opentelemetry_demo,v4-confirmation-771621/opentelemetry_demo/split/N/1,,qualified,"{""identified_lower"": 0.9008333333333334, ""identified_upper"": 1.0, ""lower_exact"": ""1081/1200"", ""probability"": null, ""reason"": ""not_point_identified_under_declared_observation_law"", ""status"": ""unsupported"", ""upper_exact"": ""1""}",N,Gselected,,browse_product,split,1
opentelemetry_demo,v4-confirmation-771621/opentelemetry_demo/split/N/1,,qualified,"{""exact_fraction"": ""1081/1200"", ""probability"": 0.9008333333333334, ""reason"": null, ""status"": ""ok""}",N,G_without_deadline,"{""absolute_error_pp"": 0.1666666666666594, ""attempts"": 1200, ""brier"": 0.08799652777777778, ""forecast"": 0.9008333333333334, ""observed"": 0.9025, ""signed_error_pp"": -0.1666666666666594, ""successes"": 1083}",browse_product,split,1
opentelemetry_demo,v4-confirmation-771621/opentelemetry_demo/split/N/1,,qualified,"{""exact_fraction"": ""1081/1200"", ""probability"": 0.9008333333333334, ""reason"": null, ""status"": ""ok""}",N,G_without_selection,"{""absolute_error_pp"": 0.1666666666666594, ""attempts"": 1200, ""brier"": 0.08799652777777778, ""forecast"": 0.9008333333333334, ""observed"": 0.9025, ""signed_error_pp"": -0.1666666666666594, ""successes"": 1083}",browse_product,split,1
opentelemetry_demo,v4-confirmation-771621/opentelemetry_demo/split/N/1,,qualified,"{""exact_fraction"": ""1081/1200"", ""probability"": 0.9008333333333334, ""reason"": null, ""status"": ""ok""}",N,G_without_completion,"{""absolute_error_pp"": 0.1666666666666594, ""attempts"": 1200, ""brier"": 0.08799652777777778, ""forecast"": 0.9008333333333334, ""observed"": 0.9025, ""signed_error_pp"": -0.1666666666666594, ""successes"": 1083}",browse_product,split,1
opentelemetry_demo,v4-confirmation-771621/opentelemetry_demo/split/N/1,,qualified,"{""exact_fraction"": ""1"", ""probability"": 1.0, ""reason"": null, ""status"": ""ok""}",N,G0,"{""absolute_error_pp"": 9.750000000000004, ""attempts"": 1200, ""brier"": 0.0975, ""forecast"": 1.0, ""observed"": 0.9025, ""signed_error_pp"": 9.750000000000004, ""successes"": 1083}",browse_product,split,1
opentelemetry_demo,v4-confirmation-771621/opentelemetry_demo/split/N/1,,qualified,"{""attempts"": 1200, ""exact_fraction"": ""1081/1200"", ""probability"": 0.9008333333333334, ""reason"": null, ""status"": ""ok"", ""successes"": 1081, ""timeouts"": 119}",N,B0,"{""absolute_error_pp"": 0.1666666666666594, ""attempts"": 1200, ""brier"": 0.08799652777777778, ""forecast"": 0.9008333333333334, ""observed"": 0.9025, ""signed_error_pp"": -0.1666666666666594, ""successes"": 1083}",browse_product,split,1
opentelemetry_demo,v4-confirmation-771621/opentelemetry_demo/split/N/1,,qualified,"{""model_id"": ""campaign-17864228ae0430a6063c--browse_product--conditional_local"", ""probability"": 0.9008333333333334, ""reason"": null, ""status"": ""ok""}",N,PMX,"{""absolute_error_pp"": 0.1666666666666594, ""attempts"": 1200, ""brier"": 0.08799652777777778, ""forecast"": 0.9008333333333334, ""observed"": 0.9025, ""signed_error_pp"": -0.1666666666666594, ""successes"": 1083}",browse_product,split,1
opentelemetry_demo,v4-confirmation-771621/opentelemetry_demo/split/N/1,,qualified,"{""model_id"": ""campaign-17864228ae0430a6063c--browse_product--inclusive"", ""probability"": 0.8115006944444445, ""reason"": null, ""status"": ""ok""}",N,PMX_inclusive,"{""absolute_error_pp"": 9.099930555555547, ""attempts"": 1200, ""brier"": 0.09627462361159335, ""forecast"": 0.8115006944444445, ""observed"": 0.9025, ""signed_error_pp"": -9.099930555555547, ""successes"": 1083}",browse_product,split,1
opentelemetry_demo,v4-confirmation-771621/opentelemetry_demo/split/N/1,,qualified,"{""exact_fraction"": ""913/1200"", ""probability"": 0.7608333333333334, ""reason"": null, ""status"": ""ok""}",N,Gstar,"{""absolute_error_pp"": 1.416666666666666, ""attempts"": 1200, ""brier"": 0.17457569444444446, ""forecast"": 0.7608333333333334, ""observed"": 0.775, ""signed_error_pp"": -1.416666666666666, ""successes"": 930}",checkout,split,1
opentelemetry_demo,v4-confirmation-771621/opentelemetry_demo/split/N/1,,qualified,"{""identified_lower"": 0.8958333333333334, ""identified_upper"": 1.0, ""lower_exact"": ""43/48"", ""probability"": null, ""reason"": ""not_point_identified_under_declared_observation_law"", ""status"": ""unsupported"", ""upper_exact"": ""1""}",N,GID,,checkout,split,1
opentelemetry_demo,v4-confirmation-771621/opentelemetry_demo/split/N/1,,qualified,"{""identified_lower"": 0.7666666666666667, ""identified_upper"": 1.0, ""lower_exact"": ""23/30"", ""probability"": null, ""reason"": ""not_point_identified_under_declared_observation_law"", ""status"": ""unsupported"", ""upper_exact"": ""1""}",N,Gselected,,checkout,split,1
opentelemetry_demo,v4-confirmation-771621/opentelemetry_demo/split/N/1,,qualified,"{""identified_lower"": 0.7608333333333334, ""identified_upper"": 0.7616666666666667, ""lower_exact"": ""913/1200"", ""probability"": null, ""reason"": ""not_point_identified_under_declared_observation_law"", ""status"": ""unsupported"", ""upper_exact"": ""457/600""}",N,G_without_deadline,,checkout,split,1
opentelemetry_demo,v4-confirmation-771621/opentelemetry_demo/split/N/1,,qualified,"{""exact_fraction"": ""913/1200"", ""probability"": 0.7608333333333334, ""reason"": null, ""status"": ""ok""}",N,G_without_selection,"{""absolute_error_pp"": 1.416666666666666, ""attempts"": 1200, ""brier"": 0.17457569444444446, ""forecast"": 0.7608333333333334, ""observed"": 0.775, ""signed_error_pp"": -1.416666666666666, ""successes"": 930}",checkout,split,1
opentelemetry_demo,v4-confirmation-771621/opentelemetry_demo/split/N/1,,qualified,"{""exact_fraction"": ""913/1200"", ""probability"": 0.7608333333333334, ""reason"": null, ""status"": ""ok""}",N,G_without_completion,"{""absolute_error_pp"": 1.416666666666666, ""attempts"": 1200, ""brier"": 0.17457569444444446, ""forecast"": 0.7608333333333334, ""observed"": 0.775, ""signed_error_pp"": -1.416666666666666, ""successes"": 930}",checkout,split,1
opentelemetry_demo,v4-confirmation-771621/opentelemetry_demo/split/N/1,,qualified,"{""exact_fraction"": ""1"", ""probability"": 1.0, ""reason"": null, ""status"": ""ok""}",N,G0,"{""absolute_error_pp"": 22.499999999999996, ""attempts"": 1200, ""brier"": 0.225, ""forecast"": 1.0, ""observed"": 0.775, ""signed_error_pp"": 22.499999999999996, ""successes"": 930}",checkout,split,1
opentelemetry_demo,v4-confirmation-771621/opentelemetry_demo/split/N/1,,qualified,"{""attempts"": 1200, ""exact_fraction"": ""913/1200"", ""probability"": 0.7608333333333334, ""reason"": null, ""status"": ""ok"", ""successes"": 913, ""timeouts"": 287}",N,B0,"{""absolute_error_pp"": 1.416666666666666, ""attempts"": 1200, ""brier"": 0.17457569444444446, ""forecast"": 0.7608333333333334, ""observed"": 0.775, ""signed_error_pp"": -1.416666666666666, ""successes"": 930}",checkout,split,1
opentelemetry_demo,v4-confirmation-771621/opentelemetry_demo/split/N/1,,qualified,"{""model_id"": ""campaign-17864228ae0430a6063c--checkout--conditional_local"", ""probability"": 0.7748409076404085, ""reason"": null, ""status"": ""ok""}",N,PMX,"{""absolute_error_pp"": 0.015909235959155055, ""attempts"": 1200, ""brier"": 0.17437502531037888, ""forecast"": 0.7748409076404085, ""observed"": 0.775, ""signed_error_pp"": -0.015909235959155055, ""successes"": 930}",checkout,split,1
opentelemetry_demo,v4-confirmation-771621/opentelemetry_demo/split/N/1,,qualified,"{""model_id"": ""campaign-17864228ae0430a6063c--checkout--inclusive"", ""probability"": 0.5901704913194445, ""reason"": null, ""status"": ""ok""}",N,PMX_inclusive,"{""absolute_error_pp"": 18.482950868055546, ""attempts"": 1200, ""brier"": 0.20853694727909552, ""forecast"": 0.5901704913194445, ""observed"": 0.775, ""signed_error_pp"": -18.482950868055546, ""successes"": 930}",checkout,split,1
opentelemetry_demo,v4-confirmation-771621/opentelemetry_demo/split/N/2,,qualified,"{""exact_fraction"": ""363/400"", ""probability"": 0.9075, ""reason"": null, ""status"": ""ok""}",N,Gstar,"{""absolute_error_pp"": 0.6666666666666599, ""attempts"": 1200, ""brier"": 0.08937708333333333, ""forecast"": 0.9075, ""observed"": 0.9008333333333334, ""signed_error_pp"": 0.6666666666666599, ""successes"": 1081}",add_to_cart,split,2
opentelemetry_demo,v4-confirmation-771621/opentelemetry_demo/split/N/2,,qualified,"{""identified_lower"": 0.9075, ""identified_upper"": 1.0, ""lower_exact"": ""363/400"", ""probability"": null, ""reason"": ""not_point_identified_under_declared_observation_law"", ""status"": ""unsupported"", ""upper_exact"": ""1""}",N,GID,,add_to_cart,split,2
opentelemetry_demo,v4-confirmation-771621/opentelemetry_demo/split/N/2,,qualified,"{""identified_lower"": 0.9075, ""identified_upper"": 1.0, ""lower_exact"": ""363/400"", ""probability"": null, ""reason"": ""not_point_identified_under_declared_observation_law"", ""status"": ""unsupported"", ""upper_exact"": ""1""}",N,Gselected,,add_to_cart,split,2
opentelemetry_demo,v4-confirmation-771621/opentelemetry_demo/split/N/2,,qualified,"{""exact_fraction"": ""363/400"", ""probability"": 0.9075, ""reason"": null, ""status"": ""ok""}",N,G_without_deadline,"{""absolute_error_pp"": 0.6666666666666599, ""attempts"": 1200, ""brier"": 0.08937708333333333, ""forecast"": 0.9075, ""observed"": 0.9008333333333334, ""signed_error_pp"": 0.6666666666666599, ""successes"": 1081}",add_to_cart,split,2
opentelemetry_demo,v4-confirmation-771621/opentelemetry_demo/split/N/2,,qualified,"{""exact_fraction"": ""363/400"", ""probability"": 0.9075, ""reason"": null, ""status"": ""ok""}",N,G_without_selection,"{""absolute_error_pp"": 0.6666666666666599, ""attempts"": 1200, ""brier"": 0.08937708333333333, ""forecast"": 0.9075, ""observed"": 0.9008333333333334, ""signed_error_pp"": 0.6666666666666599, ""successes"": 1081}",add_to_cart,split,2
opentelemetry_demo,v4-confirmation-771621/opentelemetry_demo/split/N/2,,qualified,"{""exact_fraction"": ""363/400"", ""probability"": 0.9075, ""reason"": null, ""status"": ""ok""}",N,G_without_completion,"{""absolute_error_pp"": 0.6666666666666599, ""attempts"": 1200, ""brier"": 0.08937708333333333, ""forecast"": 0.9075, ""observed"": 0.9008333333333334, ""signed_error_pp"": 0.6666666666666599, ""successes"": 1081}",add_to_cart,split,2
opentelemetry_demo,v4-confirmation-771621/opentelemetry_demo/split/N/2,,qualified,"{""exact_fraction"": ""1"", ""probability"": 1.0, ""reason"": null, ""status"": ""ok""}",N,G0,"{""absolute_error_pp"": 9.916666666666663, ""attempts"": 1200, ""brier"": 0.09916666666666667, ""forecast"": 1.0, ""observed"": 0.9008333333333334, ""signed_error_pp"": 9.916666666666663, ""successes"": 1081}",add_to_cart,split,2
opentelemetry_demo,v4-confirmation-771621/opentelemetry_demo/split/N/2,,qualified,"{""attempts"": 1200, ""exact_fraction"": ""1089/1200"", ""probability"": 0.9075, ""reason"": null, ""status"": ""ok"", ""successes"": 1089, ""timeouts"": 111}",N,B0,"{""absolute_error_pp"": 0.6666666666666599, ""attempts"": 1200, ""brier"": 0.08937708333333333, ""forecast"": 0.9075, ""observed"": 0.9008333333333334, ""signed_error_pp"": 0.6666666666666599, ""successes"": 1081}",add_to_cart,split,2
opentelemetry_demo,v4-confirmation-771621/opentelemetry_demo/split/N/2,,qualified,"{""model_id"": ""campaign-50d009ea41de0ecf5769--add_to_cart--conditional_local"", ""probability"": 0.9075, ""reason"": null, ""status"": ""ok""}",N,PMX,"{""absolute_error_pp"": 0.6666666666666599, ""attempts"": 1200, ""brier"": 0.08937708333333333, ""forecast"": 0.9075, ""observed"": 0.9008333333333334, ""signed_error_pp"": 0.6666666666666599, ""successes"": 1081}",add_to_cart,split,2
opentelemetry_demo,v4-confirmation-771621/opentelemetry_demo/split/N/2,,qualified,"{""model_id"": ""campaign-50d009ea41de0ecf5769--add_to_cart--inclusive"", ""probability"": 0.82355625, ""reason"": null, ""status"": ""ok""}",N,PMX_inclusive,"{""absolute_error_pp"": 7.7277083333333385, ""attempts"": 1200, ""brier"": 0.09530438649739584, ""forecast"": 0.82355625, ""observed"": 0.9008333333333334, ""signed_error_pp"": -7.7277083333333385, ""successes"": 1081}",add_to_cart,split,2
opentelemetry_demo,v4-confirmation-771621/opentelemetry_demo/split/N/2,,qualified,"{""exact_fraction"": ""1091/1200"", ""probability"": 0.9091666666666667, ""reason"": null, ""status"": ""ok""}",N,Gstar,"{""absolute_error_pp"": 2.0000000000000018, ""attempts"": 1200, ""brier"": 0.09894930555555556, ""forecast"": 0.9091666666666667, ""observed"": 0.8891666666666667, ""signed_error_pp"": 2.0000000000000018, ""successes"": 1067}",browse_product,split,2
opentelemetry_demo,v4-confirmation-771621/opentelemetry_demo/split/N/2,,qualified,"{""identified_lower"": 0.9091666666666667, ""identified_upper"": 1.0, ""lower_exact"": ""1091/1200"", ""probability"": null, ""reason"": ""not_point_identified_under_declared_observation_law"", ""status"": ""unsupported"", ""upper_exact"": ""1""}",N,GID,,browse_product,split,2
opentelemetry_demo,v4-confirmation-771621/opentelemetry_demo/split/N/2,,qualified,"{""identified_lower"": 0.9091666666666667, ""identified_upper"": 1.0, ""lower_exact"": ""1091/1200"", ""probability"": null, ""reason"": ""not_point_identified_under_declared_observation_law"", ""status"": ""unsupported"", ""upper_exact"": ""1""}",N,Gselected,,browse_product,split,2
opentelemetry_demo,v4-confirmation-771621/opentelemetry_demo/split/N/2,,qualified,"{""exact_fraction"": ""1091/1200"", ""probability"": 0.9091666666666667, ""reason"": null, ""status"": ""ok""}",N,G_without_deadline,"{""absolute_error_pp"": 2.0000000000000018, ""attempts"": 1200, ""brier"": 0.09894930555555556, ""forecast"": 0.9091666666666667, ""observed"": 0.8891666666666667, ""signed_error_pp"": 2.0000000000000018, ""successes"": 1067}",browse_product,split,2
opentelemetry_demo,v4-confirmation-771621/opentelemetry_demo/split/N/2,,qualified,"{""exact_fraction"": ""1091/1200"", ""probability"": 0.9091666666666667, ""reason"": null, ""status"": ""ok""}",N,G_without_selection,"{""absolute_error_pp"": 2.0000000000000018, ""attempts"": 1200, ""brier"": 0.09894930555555556, ""forecast"": 0.9091666666666667, ""observed"": 0.8891666666666667, ""signed_error_pp"": 2.0000000000000018, ""successes"": 1067}",browse_product,split,2
opentelemetry_demo,v4-confirmation-771621/opentelemetry_demo/split/N/2,,qualified,"{""exact_fraction"": ""1091/1200"", ""probability"": 0.9091666666666667, ""reason"": null, ""status"": ""ok""}",N,G_without_completion,"{""absolute_error_pp"": 2.0000000000000018, ""attempts"": 1200, ""brier"": 0.09894930555555556, ""forecast"": 0.9091666666666667, ""observed"": 0.8891666666666667, ""signed_error_pp"": 2.0000000000000018, ""successes"": 1067}",browse_product,split,2
opentelemetry_demo,v4-confirmation-771621/opentelemetry_demo/split/N/2,,qualified,"{""exact_fraction"": ""1"", ""probability"": 1.0, ""reason"": null, ""status"": ""ok""}",N,G0,"{""absolute_error_pp"": 11.083333333333334, ""attempts"": 1200, ""brier"": 0.11083333333333334, ""forecast"": 1.0, ""observed"": 0.8891666666666667, ""signed_error_pp"": 11.083333333333334, ""successes"": 1067}",browse_product,split,2
opentelemetry_demo,v4-confirmation-771621/opentelemetry_demo/split/N/2,,qualified,"{""attempts"": 1200, ""exact_fraction"": ""1091/1200"", ""probability"": 0.9091666666666667, ""reason"": null, ""status"": ""ok"", ""successes"": 1091, ""timeouts"": 109}",N,B0,"{""absolute_error_pp"": 2.0000000000000018, ""attempts"": 1200, ""brier"": 0.09894930555555556, ""forecast"": 0.9091666666666667, ""observed"": 0.8891666666666667, ""signed_error_pp"": 2.0000000000000018, ""successes"": 1067}",browse_product,split,2
opentelemetry_demo,v4-confirmation-771621/opentelemetry_demo/split/N/2,,qualified,"{""model_id"": ""campaign-50d009ea41de0ecf5769--browse_product--conditional_local"", ""probability"": 0.9091666666666667, ""reason"": null, ""status"": ""ok""}",N,PMX,"{""absolute_error_pp"": 2.0000000000000018, ""attempts"": 1200, ""brier"": 0.09894930555555556, ""forecast"": 0.9091666666666667, ""observed"": 0.8891666666666667, ""signed_error_pp"": 2.0000000000000018, ""successes"": 1067}",browse_product,split,2
opentelemetry_demo,v4-confirmation-771621/opentelemetry_demo/split/N/2,,qualified,"{""model_id"": ""campaign-50d009ea41de0ecf5769--browse_product--inclusive"", ""probability"": 0.8265840277777778, ""reason"": null, ""status"": ""ok""}",N,PMX_inclusive,"{""absolute_error_pp"": 6.258263888888882, ""attempts"": 1200, ""brier"": 0.10246589224585262, ""forecast"": 0.8265840277777778, ""observed"": 0.8891666666666667, ""signed_error_pp"": -6.258263888888882, ""successes"": 1067}",browse_product,split,2
opentelemetry_demo,v4-confirmation-771621/opentelemetry_demo/split/N/2,,qualified,"{""exact_fraction"": ""323/400"", ""probability"": 0.8075, ""reason"": null, ""status"": ""ok""}",N,Gstar,"{""absolute_error_pp"": 4.833333333333334, ""attempts"": 1200, ""brier"": 0.18516875, ""forecast"": 0.8075, ""observed"": 0.7591666666666667, ""signed_error_pp"": 4.833333333333334, ""successes"": 911}",checkout,split,2
opentelemetry_demo,v4-confirmation-771621/opentelemetry_demo/split/N/2,,qualified,"{""identified_lower"": 0.9258333333333333, ""identified_upper"": 1.0, ""lower_exact"": ""1111/1200"", ""probability"": null, ""reason"": ""not_point_identified_under_declared_observation_law"", ""status"": ""unsupported"", ""upper_exact"": ""1""}",N,GID,,checkout,split,2
opentelemetry_demo,v4-confirmation-771621/opentelemetry_demo/split/N/2,,qualified,"{""identified_lower"": 0.8133333333333334, ""identified_upper"": 1.0, ""lower_exact"": ""61/75"", ""probability"": null, ""reason"": ""not_point_identified_under_declared_observation_law"", ""status"": ""unsupported"", ""upper_exact"": ""1""}",N,Gselected,,checkout,split,2
opentelemetry_demo,v4-confirmation-771621/opentelemetry_demo/split/N/2,,qualified,"{""identified_lower"": 0.8083333333333333, ""identified_upper"": 0.8091666666666667, ""lower_exact"": ""97/120"", ""probability"": null, ""reason"": ""not_point_identified_under_declared_observation_law"", ""status"": ""unsupported"", ""upper_exact"": ""971/1200""}",N,G_without_deadline,,checkout,split,2
opentelemetry_demo,v4-confirmation-771621/opentelemetry_demo/split/N/2,,qualified,"{""exact_fraction"": ""323/400"", ""probability"": 0.8075, ""reason"": null, ""status"": ""ok""}",N,G_without_selection,"{""absolute_error_pp"": 4.833333333333334, ""attempts"": 1200, ""brier"": 0.18516875, ""forecast"": 0.8075, ""observed"": 0.7591666666666667, ""signed_error_pp"": 4.833333333333334, ""successes"": 911}",checkout,split,2
opentelemetry_demo,v4-confirmation-771621/opentelemetry_demo/split/N/2,,qualified,"{""exact_fraction"": ""323/400"", ""probability"": 0.8075, ""reason"": null, ""status"": ""ok""}",N,G_without_completion,"{""absolute_error_pp"": 4.833333333333334, ""attempts"": 1200, ""brier"": 0.18516875, ""forecast"": 0.8075, ""observed"": 0.7591666666666667, ""signed_error_pp"": 4.833333333333334, ""successes"": 911}",checkout,split,2
opentelemetry_demo,v4-confirmation-771621/opentelemetry_demo/split/N/2,,qualified,"{""exact_fraction"": ""1"", ""probability"": 1.0, ""reason"": null, ""status"": ""ok""}",N,G0,"{""absolute_error_pp"": 24.083333333333336, ""attempts"": 1200, ""brier"": 0.24083333333333334, ""forecast"": 1.0, ""observed"": 0.7591666666666667, ""signed_error_pp"": 24.083333333333336, ""successes"": 911}",checkout,split,2
opentelemetry_demo,v4-confirmation-771621/opentelemetry_demo/split/N/2,,qualified,"{""attempts"": 1200, ""exact_fraction"": ""969/1200"", ""probability"": 0.8075, ""reason"": null, ""status"": ""ok"", ""successes"": 969, ""timeouts"": 231}",N,B0,"{""absolute_error_pp"": 4.833333333333334, ""attempts"": 1200, ""brier"": 0.18516875, ""forecast"": 0.8075, ""observed"": 0.7591666666666667, ""signed_error_pp"": 4.833333333333334, ""successes"": 911}",checkout,split,2
opentelemetry_demo,v4-confirmation-771621/opentelemetry_demo/split/N/2,,qualified,"{""model_id"": ""campaign-50d009ea41de0ecf5769--checkout--conditional_local"", ""probability"": 0.8162906138413291, ""reason"": null, ""status"": ""ok""}",N,PMX,"{""absolute_error_pp"": 5.712394717466241, ""attempts"": 1200, ""brier"": 0.18609578422970252, ""forecast"": 0.8162906138413291, ""observed"": 0.7591666666666667, ""signed_error_pp"": 5.712394717466241, ""successes"": 911}",checkout,split,2
opentelemetry_demo,v4-confirmation-771621/opentelemetry_demo/split/N/2,,qualified,"{""model_id"": ""campaign-50d009ea41de0ecf5769--checkout--inclusive"", ""probability"": 0.6605151550332755, ""reason"": null, ""status"": ""ok""}",N,PMX_inclusive,"{""absolute_error_pp"": 9.865151163339114, ""attempts"": 1200, ""brier"": 0.192564759636442, ""forecast"": 0.6605151550332755, ""observed"": 0.7591666666666667, ""signed_error_pp"": -9.865151163339114, ""successes"": 911}",checkout,split,2
opentelemetry_demo,v4-confirmation-771621/opentelemetry_demo/split/NC/0,,qualified,"{""exact_fraction"": ""7/8"", ""probability"": 0.875, ""reason"": null, ""status"": ""ok""}",NC,Gstar,"{""absolute_error_pp"": 1.0833333333333361, ""attempts"": 1200, ""brier"": 0.10125, ""forecast"": 0.875, ""observed"": 0.8858333333333334, ""signed_error_pp"": -1.0833333333333361, ""successes"": 1063}",add_to_cart,split,0
opentelemetry_demo,v4-confirmation-771621/opentelemetry_demo/split/NC/0,,qualified,"{""identified_lower"": 0.8766666666666667, ""identified_upper"": 1.0, ""lower_exact"": ""263/300"", ""probability"": null, ""reason"": ""not_point_identified_under_declared_observation_law"", ""status"": ""unsupported"", ""upper_exact"": ""1""}",NC,GID,,add_to_cart,split,0
opentelemetry_demo,v4-confirmation-771621/opentelemetry_demo/split/NC/0,,qualified,"{""identified_lower"": 0.8766666666666667, ""identified_upper"": 1.0, ""lower_exact"": ""263/300"", ""probability"": null, ""reason"": ""not_point_identified_under_declared_observation_law"", ""status"": ""unsupported"", ""upper_exact"": ""1""}",NC,Gselected,,add_to_cart,split,0
opentelemetry_demo,v4-confirmation-771621/opentelemetry_demo/split/NC/0,,qualified,"{""exact_fraction"": ""7/8"", ""probability"": 0.875, ""reason"": null, ""status"": ""ok""}",NC,G_without_deadline,"{""absolute_error_pp"": 1.0833333333333361, ""attempts"": 1200, ""brier"": 0.10125, ""forecast"": 0.875, ""observed"": 0.8858333333333334, ""signed_error_pp"": -1.0833333333333361, ""successes"": 1063}",add_to_cart,split,0
opentelemetry_demo,v4-confirmation-771621/opentelemetry_demo/split/NC/0,,qualified,"{""exact_fraction"": ""7/8"", ""probability"": 0.875, ""reason"": null, ""status"": ""ok""}",NC,G_without_selection,"{""absolute_error_pp"": 1.0833333333333361, ""attempts"": 1200, ""brier"": 0.10125, ""forecast"": 0.875, ""observed"": 0.8858333333333334, ""signed_error_pp"": -1.0833333333333361, ""successes"": 1063}",add_to_cart,split,0
opentelemetry_demo,v4-confirmation-771621/opentelemetry_demo/split/NC/0,,qualified,"{""exact_fraction"": ""7/8"", ""probability"": 0.875, ""reason"": null, ""status"": ""ok""}",NC,G_without_completion,"{""absolute_error_pp"": 1.0833333333333361, ""attempts"": 1200, ""brier"": 0.10125, ""forecast"": 0.875, ""observed"": 0.8858333333333334, ""signed_error_pp"": -1.0833333333333361, ""successes"": 1063}",add_to_cart,split,0
opentelemetry_demo,v4-confirmation-771621/opentelemetry_demo/split/NC/0,,qualified,"{""exact_fraction"": ""1"", ""probability"": 1.0, ""reason"": null, ""status"": ""ok""}",NC,G0,"{""absolute_error_pp"": 11.416666666666664, ""attempts"": 1200, ""brier"": 0.11416666666666667, ""forecast"": 1.0, ""observed"": 0.8858333333333334, ""signed_error_pp"": 11.416666666666664, ""successes"": 1063}",add_to_cart,split,0
opentelemetry_demo,v4-confirmation-771621/opentelemetry_demo/split/NC/0,,qualified,"{""attempts"": 1200, ""exact_fraction"": ""1050/1200"", ""probability"": 0.875, ""reason"": null, ""status"": ""ok"", ""successes"": 1050, ""timeouts"": 150}",NC,B0,"{""absolute_error_pp"": 1.0833333333333361, ""attempts"": 1200, ""brier"": 0.10125, ""forecast"": 0.875, ""observed"": 0.8858333333333334, ""signed_error_pp"": -1.0833333333333361, ""successes"": 1063}",add_to_cart,split,0
opentelemetry_demo,v4-confirmation-771621/opentelemetry_demo/split/NC/0,,qualified,"{""model_id"": ""campaign-0d013734ec27df5cce66--add_to_cart--conditional_local"", ""probability"": null, ""reason"": ""unsupported_conditional_propagation_or_positivity"", ""status"": ""unsupported""}",NC,PMX,,add_to_cart,split,0
opentelemetry_demo,v4-confirmation-771621/opentelemetry_demo/split/NC/0,,qualified,"{""model_id"": ""campaign-0d013734ec27df5cce66--add_to_cart--inclusive"", ""probability"": 0.7643532118055555, ""reason"": null, ""status"": ""ok""}",NC,PMX_inclusive,"{""absolute_error_pp"": 12.148012152777788, ""attempts"": 1200, ""brier"": 0.11589005881529256, ""forecast"": 0.7643532118055555, ""observed"": 0.8858333333333334, ""signed_error_pp"": -12.148012152777788, ""successes"": 1063}",add_to_cart,split,0
opentelemetry_demo,v4-confirmation-771621/opentelemetry_demo/split/NC/0,,qualified,"{""exact_fraction"": ""1061/1200"", ""probability"": 0.8841666666666667, ""reason"": null, ""status"": ""ok""}",NC,Gstar,"{""absolute_error_pp"": 2.3333333333333317, ""attempts"": 1200, ""brier"": 0.12034375, ""forecast"": 0.8841666666666667, ""observed"": 0.8608333333333333, ""signed_error_pp"": 2.3333333333333317, ""successes"": 1033}",browse_product,split,0
opentelemetry_demo,v4-confirmation-771621/opentelemetry_demo/split/NC/0,,qualified,"{""identified_lower"": 0.8866666666666667, ""identified_upper"": 1.0, ""lower_exact"": ""133/150"", ""probability"": null, ""reason"": ""not_point_identified_under_declared_observation_law"", ""status"": ""unsupported"", ""upper_exact"": ""1""}",NC,GID,,browse_product,split,0
opentelemetry_demo,v4-confirmation-771621/opentelemetry_demo/split/NC/0,,qualified,"{""identified_lower"": 0.8866666666666667, ""identified_upper"": 1.0, ""lower_exact"": ""133/150"", ""probability"": null, ""reason"": ""not_point_identified_under_declared_observation_law"", ""status"": ""unsupported"", ""upper_exact"": ""1""}",NC,Gselected,,browse_product,split,0
opentelemetry_demo,v4-confirmation-771621/opentelemetry_demo/split/NC/0,,qualified,"{""exact_fraction"": ""1061/1200"", ""probability"": 0.8841666666666667, ""reason"": null, ""status"": ""ok""}",NC,G_without_deadline,"{""absolute_error_pp"": 2.3333333333333317, ""attempts"": 1200, ""brier"": 0.12034375, ""forecast"": 0.8841666666666667, ""observed"": 0.8608333333333333, ""signed_error_pp"": 2.3333333333333317, ""successes"": 1033}",browse_product,split,0
opentelemetry_demo,v4-confirmation-771621/opentelemetry_demo/split/NC/0,,qualified,"{""exact_fraction"": ""1061/1200"", ""probability"": 0.8841666666666667, ""reason"": null, ""status"": ""ok""}",NC,G_without_selection,"{""absolute_error_pp"": 2.3333333333333317, ""attempts"": 1200, ""brier"": 0.12034375, ""forecast"": 0.8841666666666667, ""observed"": 0.8608333333333333, ""signed_error_pp"": 2.3333333333333317, ""successes"": 1033}",browse_product,split,0
opentelemetry_demo,v4-confirmation-771621/opentelemetry_demo/split/NC/0,,qualified,"{""exact_fraction"": ""1061/1200"", ""probability"": 0.8841666666666667, ""reason"": null, ""status"": ""ok""}",NC,G_without_completion,"{""absolute_error_pp"": 2.3333333333333317, ""attempts"": 1200, ""brier"": 0.12034375, ""forecast"": 0.8841666666666667, ""observed"": 0.8608333333333333, ""signed_error_pp"": 2.3333333333333317, ""successes"": 1033}",browse_product,split,0
opentelemetry_demo,v4-confirmation-771621/opentelemetry_demo/split/NC/0,,qualified,"{""exact_fraction"": ""1"", ""probability"": 1.0, ""reason"": null, ""status"": ""ok""}",NC,G0,"{""absolute_error_pp"": 13.916666666666666, ""attempts"": 1200, ""brier"": 0.13916666666666666, ""forecast"": 1.0, ""observed"": 0.8608333333333333, ""signed_error_pp"": 13.916666666666666, ""successes"": 1033}",browse_product,split,0
opentelemetry_demo,v4-confirmation-771621/opentelemetry_demo/split/NC/0,,qualified,"{""attempts"": 1200, ""exact_fraction"": ""1061/1200"", ""probability"": 0.8841666666666667, ""reason"": null, ""status"": ""ok"", ""successes"": 1061, ""timeouts"": 139}",NC,B0,"{""absolute_error_pp"": 2.3333333333333317, ""attempts"": 1200, ""brier"": 0.12034375, ""forecast"": 0.8841666666666667, ""observed"": 0.8608333333333333, ""signed_error_pp"": 2.3333333333333317, ""successes"": 1033}",browse_product,split,0
opentelemetry_demo,v4-confirmation-771621/opentelemetry_demo/split/NC/0,,qualified,"{""model_id"": ""campaign-0d013734ec27df5cce66--browse_product--conditional_local"", ""probability"": null, ""reason"": ""unsupported_conditional_propagation_or_positivity"", ""status"": ""unsupported""}",NC,PMX,,browse_product,split,0
opentelemetry_demo,v4-confirmation-771621/opentelemetry_demo/split/NC/0,,qualified,"{""model_id"": ""campaign-0d013734ec27df5cce66--browse_product--inclusive"", ""probability"": 0.7753541232429213, ""reason"": null, ""status"": ""ok""}",NC,PMX_inclusive,"{""absolute_error_pp"": 8.547921009041204, ""attempts"": 1200, ""brier"": 0.12710600091323634, ""forecast"": 0.7753541232429213, ""observed"": 0.8608333333333333, ""signed_error_pp"": -8.547921009041204, ""successes"": 1033}",browse_product,split,0
opentelemetry_demo,v4-confirmation-771621/opentelemetry_demo/split/NC/0,,qualified,"{""exact_fraction"": ""89/120"", ""probability"": 0.7416666666666667, ""reason"": null, ""status"": ""ok""}",NC,Gstar,"{""absolute_error_pp"": 2.9166666666666674, ""attempts"": 1200, ""brier"": 0.1775, ""forecast"": 0.7416666666666667, ""observed"": 0.7708333333333334, ""signed_error_pp"": -2.9166666666666674, ""successes"": 925}",checkout,split,0
opentelemetry_demo,v4-confirmation-771621/opentelemetry_demo/split/NC/0,,qualified,"{""identified_lower"": 0.8758333333333334, ""identified_upper"": 1.0, ""lower_exact"": ""1051/1200"", ""probability"": null, ""reason"": ""not_point_identified_under_declared_observation_law"", ""status"": ""unsupported"", ""upper_exact"": ""1""}",NC,GID,,checkout,split,0
opentelemetry_demo,v4-confirmation-771621/opentelemetry_demo/split/NC/0,,qualified,"{""identified_lower"": 0.7533333333333333, ""identified_upper"": 1.0, ""lower_exact"": ""113/150"", ""probability"": null, ""reason"": ""not_point_identified_under_declared_observation_law"", ""status"": ""unsupported"", ""upper_exact"": ""1""}",NC,Gselected,,checkout,split,0
opentelemetry_demo,v4-confirmation-771621/opentelemetry_demo/split/NC/0,,qualified,"{""exact_fraction"": ""89/120"", ""probability"": 0.7416666666666667, ""reason"": null, ""status"": ""ok""}",NC,G_without_deadline,"{""absolute_error_pp"": 2.9166666666666674, ""attempts"": 1200, ""brier"": 0.1775, ""forecast"": 0.7416666666666667, ""observed"": 0.7708333333333334, ""signed_error_pp"": -2.9166666666666674, ""successes"": 925}",checkout,split,0
opentelemetry_demo,v4-confirmation-771621/opentelemetry_demo/split/NC/0,,qualified,"{""exact_fraction"": ""89/120"", ""probability"": 0.7416666666666667, ""reason"": null, ""status"": ""ok""}",NC,G_without_selection,"{""absolute_error_pp"": 2.9166666666666674, ""attempts"": 1200, ""brier"": 0.1775, ""forecast"": 0.7416666666666667, ""observed"": 0.7708333333333334, ""signed_error_pp"": -2.9166666666666674, ""successes"": 925}",checkout,split,0
opentelemetry_demo,v4-confirmation-771621/opentelemetry_demo/split/NC/0,,qualified,"{""exact_fraction"": ""89/120"", ""probability"": 0.7416666666666667, ""reason"": null, ""status"": ""ok""}",NC,G_without_completion,"{""absolute_error_pp"": 2.9166666666666674, ""attempts"": 1200, ""brier"": 0.1775, ""forecast"": 0.7416666666666667, ""observed"": 0.7708333333333334, ""signed_error_pp"": -2.9166666666666674, ""successes"": 925}",checkout,split,0
opentelemetry_demo,v4-confirmation-771621/opentelemetry_demo/split/NC/0,,qualified,"{""exact_fraction"": ""1"", ""probability"": 1.0, ""reason"": null, ""status"": ""ok""}",NC,G0,"{""absolute_error_pp"": 22.916666666666664, ""attempts"": 1200, ""brier"": 0.22916666666666666, ""forecast"": 1.0, ""observed"": 0.7708333333333334, ""signed_error_pp"": 22.916666666666664, ""successes"": 925}",checkout,split,0
opentelemetry_demo,v4-confirmation-771621/opentelemetry_demo/split/NC/0,,qualified,"{""attempts"": 1200, ""exact_fraction"": ""890/1200"", ""probability"": 0.7416666666666667, ""reason"": null, ""status"": ""ok"", ""successes"": 890, ""timeouts"": 310}",NC,B0,"{""absolute_error_pp"": 2.9166666666666674, ""attempts"": 1200, ""brier"": 0.1775, ""forecast"": 0.7416666666666667, ""observed"": 0.7708333333333334, ""signed_error_pp"": -2.9166666666666674, ""successes"": 925}",checkout,split,0
opentelemetry_demo,v4-confirmation-771621/opentelemetry_demo/split/NC/0,,qualified,"{""model_id"": ""campaign-0d013734ec27df5cce66--checkout--conditional_local"", ""probability"": null, ""reason"": ""unsupported_conditional_propagation_or_positivity"", ""status"": ""unsupported""}",NC,PMX,,checkout,split,0
opentelemetry_demo,v4-confirmation-771621/opentelemetry_demo/split/NC/0,,qualified,"{""model_id"": ""campaign-0d013734ec27df5cce66--checkout--inclusive"", ""probability"": 0.555191172552459, ""reason"": null, ""status"": ""ok""}",NC,PMX_inclusive,"{""absolute_error_pp"": 21.56421607808744, ""attempts"": 1200, ""brier"": 0.22315084706180002, ""forecast"": 0.555191172552459, ""observed"": 0.7708333333333334, ""signed_error_pp"": -21.56421607808744, ""successes"": 925}",checkout,split,0
opentelemetry_demo,v4-confirmation-771621/opentelemetry_demo/split/NC/1,,qualified,"{""identified_lower"": 0.5716666666666667, ""identified_upper"": 0.8508333333333333, ""lower_exact"": ""343/600"", ""probability"": null, ""reason"": ""not_point_identified_under_declared_observation_law"", ""status"": ""unsupported"", ""upper_exact"": ""1021/1200""}",NC,Gstar,,add_to_cart,split,1
opentelemetry_demo,v4-confirmation-771621/opentelemetry_demo/split/NC/1,,qualified,"{""identified_lower"": 0.575, ""identified_upper"": 1.0, ""lower_exact"": ""23/40"", ""probability"": null, ""reason"": ""not_point_identified_under_declared_observation_law"", ""status"": ""unsupported"", ""upper_exact"": ""1""}",NC,GID,,add_to_cart,split,1
opentelemetry_demo,v4-confirmation-771621/opentelemetry_demo/split/NC/1,,qualified,"{""identified_lower"": 0.575, ""identified_upper"": 1.0, ""lower_exact"": ""23/40"", ""probability"": null, ""reason"": ""not_point_identified_under_declared_observation_law"", ""status"": ""unsupported"", ""upper_exact"": ""1""}",NC,Gselected,,add_to_cart,split,1
opentelemetry_demo,v4-confirmation-771621/opentelemetry_demo/split/NC/1,,qualified,"{""identified_lower"": 0.5716666666666667, ""identified_upper"": 0.8508333333333333, ""lower_exact"": ""343/600"", ""probability"": null, ""reason"": ""not_point_identified_under_declared_observation_law"", ""status"": ""unsupported"", ""upper_exact"": ""1021/1200""}",NC,G_without_deadline,,add_to_cart,split,1
opentelemetry_demo,v4-confirmation-771621/opentelemetry_demo/split/NC/1,,qualified,"{""identified_lower"": 0.5716666666666667, ""identified_upper"": 0.8508333333333333, ""lower_exact"": ""343/600"", ""probability"": null, ""reason"": ""not_point_identified_under_declared_observation_law"", ""status"": ""unsupported"", ""upper_exact"": ""1021/1200""}",NC,G_without_selection,,add_to_cart,split,1
opentelemetry_demo,v4-confirmation-771621/opentelemetry_demo/split/NC/1,,qualified,"{""identified_lower"": 0.5716666666666667, ""identified_upper"": 0.8625, ""lower_exact"": ""343/600"", ""probability"": null, ""reason"": ""not_point_identified_under_declared_observation_law"", ""status"": ""unsupported"", ""upper_exact"": ""69/80""}",NC,G_without_completion,,add_to_cart,split,1
opentelemetry_demo,v4-confirmation-771621/opentelemetry_demo/split/NC/1,,qualified,"{""exact_fraction"": ""1"", ""probability"": 1.0, ""reason"": null, ""status"": ""ok""}",NC,G0,"{""absolute_error_pp"": 12.416666666666664, ""attempts"": 1200, ""brier"": 0.12416666666666666, ""forecast"": 1.0, ""observed"": 0.8758333333333334, ""signed_error_pp"": 12.416666666666664, ""successes"": 1051}",add_to_cart,split,1
opentelemetry_demo,v4-confirmation-771621/opentelemetry_demo/split/NC/1,,qualified,"{""attempts"": 1200, ""exact_fraction"": ""1021/1200"", ""probability"": 0.8508333333333333, ""reason"": null, ""status"": ""ok"", ""successes"": 1021, ""timeouts"": 165}",NC,B0,"{""absolute_error_pp"": 2.500000000000002, ""attempts"": 1200, ""brier"": 0.10937430555555555, ""forecast"": 0.8508333333333333, ""observed"": 0.8758333333333334, ""signed_error_pp"": -2.500000000000002, ""successes"": 1051}",add_to_cart,split,1
opentelemetry_demo,v4-confirmation-771621/opentelemetry_demo/split/NC/1,,qualified,"{""model_id"": ""campaign-e8fb581559714e2af75a--add_to_cart--conditional_local"", ""probability"": null, ""reason"": ""unsupported_conditional_propagation_or_positivity"", ""status"": ""unsupported""}",NC,PMX,,add_to_cart,split,1
opentelemetry_demo,v4-confirmation-771621/opentelemetry_demo/split/NC/1,,qualified,"{""model_id"": ""campaign-e8fb581559714e2af75a--add_to_cart--inclusive"", ""probability"": 0.6855081359122555, ""reason"": null, ""status"": ""ok""}",NC,PMX_inclusive,"{""absolute_error_pp"": 19.03251974210779, ""attempts"": 1200, ""brier"": 0.1449729863289278, ""forecast"": 0.6855081359122555, ""observed"": 0.8758333333333334, ""signed_error_pp"": -19.03251974210779, ""successes"": 1051}",add_to_cart,split,1
opentelemetry_demo,v4-confirmation-771621/opentelemetry_demo/split/NC/1,,qualified,"{""identified_lower"": 0.5425, ""identified_upper"": 0.8341666666666666, ""lower_exact"": ""217/400"", ""probability"": null, ""reason"": ""not_point_identified_under_declared_observation_law"", ""status"": ""unsupported"", ""upper_exact"": ""1001/1200""}",NC,Gstar,,browse_product,split,1
opentelemetry_demo,v4-confirmation-771621/opentelemetry_demo/split/NC/1,,qualified,"{""identified_lower"": 0.5441666666666667, ""identified_upper"": 1.0, ""lower_exact"": ""653/1200"", ""probability"": null, ""reason"": ""not_point_identified_under_declared_observation_law"", ""status"": ""unsupported"", ""upper_exact"": ""1""}",NC,GID,,browse_product,split,1
opentelemetry_demo,v4-confirmation-771621/opentelemetry_demo/split/NC/1,,qualified,"{""identified_lower"": 0.5441666666666667, ""identified_upper"": 1.0, ""lower_exact"": ""653/1200"", ""probability"": null, ""reason"": ""not_point_identified_under_declared_observation_law"", ""status"": ""unsupported"", ""upper_exact"": ""1""}",NC,Gselected,,browse_product,split,1
opentelemetry_demo,v4-confirmation-771621/opentelemetry_demo/split/NC/1,,qualified,"{""identified_lower"": 0.5425, ""identified_upper"": 0.8341666666666666, ""lower_exact"": ""217/400"", ""probability"": null, ""reason"": ""not_point_identified_under_declared_observation_law"", ""status"": ""unsupported"", ""upper_exact"": ""1001/1200""}",NC,G_without_deadline,,browse_product,split,1
opentelemetry_demo,v4-confirmation-771621/opentelemetry_demo/split/NC/1,,qualified,"{""identified_lower"": 0.5425, ""identified_upper"": 0.8341666666666666, ""lower_exact"": ""217/400"", ""probability"": null, ""reason"": ""not_point_identified_under_declared_observation_law"", ""status"": ""unsupported"", ""upper_exact"": ""1001/1200""}",NC,G_without_selection,,browse_product,split,1
opentelemetry_demo,v4-confirmation-771621/opentelemetry_demo/split/NC/1,,qualified,"{""identified_lower"": 0.5425, ""identified_upper"": 0.8483333333333334, ""lower_exact"": ""217/400"", ""probability"": null, ""reason"": ""not_point_identified_under_declared_observation_law"", ""status"": ""unsupported"", ""upper_exact"": ""509/600""}",NC,G_without_completion,,browse_product,split,1
opentelemetry_demo,v4-confirmation-771621/opentelemetry_demo/split/NC/1,,qualified,"{""exact_fraction"": ""1"", ""probability"": 1.0, ""reason"": null, ""status"": ""ok""}",NC,G0,"{""absolute_error_pp"": 12.083333333333336, ""attempts"": 1200, ""brier"": 0.12083333333333333, ""forecast"": 1.0, ""observed"": 0.8791666666666667, ""signed_error_pp"": 12.083333333333336, ""successes"": 1055}",browse_product,split,1
opentelemetry_demo,v4-confirmation-771621/opentelemetry_demo/split/NC/1,,qualified,"{""attempts"": 1200, ""exact_fraction"": ""1001/1200"", ""probability"": 0.8341666666666666, ""reason"": null, ""status"": ""ok"", ""successes"": 1001, ""timeouts"": 182}",NC,B0,"{""absolute_error_pp"": 4.5000000000000036, ""attempts"": 1200, ""brier"": 0.10825763888888891, ""forecast"": 0.8341666666666666, ""observed"": 0.8791666666666667, ""signed_error_pp"": -4.5000000000000036, ""successes"": 1055}",browse_product,split,1
opentelemetry_demo,v4-confirmation-771621/opentelemetry_demo/split/NC/1,,qualified,"{""model_id"": ""campaign-e8fb581559714e2af75a--browse_product--conditional_local"", ""probability"": null, ""reason"": ""unsupported_conditional_propagation_or_positivity"", ""status"": ""unsupported""}",NC,PMX,,browse_product,split,1
opentelemetry_demo,v4-confirmation-771621/opentelemetry_demo/split/NC/1,,qualified,"{""model_id"": ""campaign-e8fb581559714e2af75a--browse_product--inclusive"", ""probability"": 0.6549667970534175, ""reason"": null, ""status"": ""ok""}",NC,PMX_inclusive,"{""absolute_error_pp"": 22.419986961324913, ""attempts"": 1200, ""brier"": 0.1564982204234868, ""forecast"": 0.6549667970534175, ""observed"": 0.8791666666666667, ""signed_error_pp"": -22.419986961324913, ""successes"": 1055}",browse_product,split,1
opentelemetry_demo,v4-confirmation-771621/opentelemetry_demo/split/NC/1,,qualified,"{""identified_lower"": 0.4775, ""identified_upper"": 0.7341666666666666, ""lower_exact"": ""191/400"", ""probability"": null, ""reason"": ""not_point_identified_under_declared_observation_law"", ""status"": ""unsupported"", ""upper_exact"": ""881/1200""}",NC,Gstar,,checkout,split,1
opentelemetry_demo,v4-confirmation-771621/opentelemetry_demo/split/NC/1,,qualified,"{""identified_lower"": 0.5708333333333333, ""identified_upper"": 1.0, ""lower_exact"": ""137/240"", ""probability"": null, ""reason"": ""not_point_identified_under_declared_observation_law"", ""status"": ""unsupported"", ""upper_exact"": ""1""}",NC,GID,,checkout,split,1
opentelemetry_demo,v4-confirmation-771621/opentelemetry_demo/split/NC/1,,qualified,"{""identified_lower"": 0.4875, ""identified_upper"": 1.0, ""lower_exact"": ""39/80"", ""probability"": null, ""reason"": ""not_point_identified_under_declared_observation_law"", ""status"": ""unsupported"", ""upper_exact"": ""1""}",NC,Gselected,,checkout,split,1
opentelemetry_demo,v4-confirmation-771621/opentelemetry_demo/split/NC/1,,qualified,"{""identified_lower"": 0.4775, ""identified_upper"": 0.735, ""lower_exact"": ""191/400"", ""probability"": null, ""reason"": ""not_point_identified_under_declared_observation_law"", ""status"": ""unsupported"", ""upper_exact"": ""147/200""}",NC,G_without_deadline,,checkout,split,1
opentelemetry_demo,v4-confirmation-771621/opentelemetry_demo/split/NC/1,,qualified,"{""identified_lower"": 0.4775, ""identified_upper"": 0.7341666666666666, ""lower_exact"": ""191/400"", ""probability"": null, ""reason"": ""not_point_identified_under_declared_observation_law"", ""status"": ""unsupported"", ""upper_exact"": ""881/1200""}",NC,G_without_selection,,checkout,split,1
opentelemetry_demo,v4-confirmation-771621/opentelemetry_demo/split/NC/1,,qualified,"{""identified_lower"": 0.4775, ""identified_upper"": 0.7433333333333333, ""lower_exact"": ""191/400"", ""probability"": null, ""reason"": ""not_point_identified_under_declared_observation_law"", ""status"": ""unsupported"", ""upper_exact"": ""223/300""}",NC,G_without_completion,,checkout,split,1
opentelemetry_demo,v4-confirmation-771621/opentelemetry_demo/split/NC/1,,qualified,"{""exact_fraction"": ""1"", ""probability"": 1.0, ""reason"": null, ""status"": ""ok""}",NC,G0,"{""absolute_error_pp"": 26.083333333333336, ""attempts"": 1200, ""brier"": 0.2608333333333333, ""forecast"": 1.0, ""observed"": 0.7391666666666666, ""signed_error_pp"": 26.083333333333336, ""successes"": 887}",checkout,split,1
opentelemetry_demo,v4-confirmation-771621/opentelemetry_demo/split/NC/1,,qualified,"{""attempts"": 1200, ""exact_fraction"": ""881/1200"", ""probability"": 0.7341666666666666, ""reason"": null, ""status"": ""ok"", ""successes"": 881, ""timeouts"": 308}",NC,B0,"{""absolute_error_pp"": 0.5000000000000004, ""attempts"": 1200, ""brier"": 0.19282430555555558, ""forecast"": 0.7341666666666666, ""observed"": 0.7391666666666666, ""signed_error_pp"": -0.5000000000000004, ""successes"": 887}",checkout,split,1
opentelemetry_demo,v4-confirmation-771621/opentelemetry_demo/split/NC/1,,qualified,"{""model_id"": ""campaign-e8fb581559714e2af75a--checkout--conditional_local"", ""probability"": null, ""reason"": ""unsupported_conditional_propagation_or_positivity"", ""status"": ""unsupported""}",NC,PMX,,checkout,split,1
opentelemetry_demo,v4-confirmation-771621/opentelemetry_demo/split/NC/1,,qualified,"{""model_id"": ""campaign-e8fb581559714e2af75a--checkout--inclusive"", ""probability"": 0.5166454974433681, ""reason"": null, ""status"": ""ok""}",NC,PMX_inclusive,"{""absolute_error_pp"": 22.252116922329858, ""attempts"": 1200, ""brier"": 0.24231497630805943, ""forecast"": 0.5166454974433681, ""observed"": 0.7391666666666666, ""signed_error_pp"": -22.252116922329858, ""successes"": 887}",checkout,split,1
opentelemetry_demo,v4-confirmation-771621/opentelemetry_demo/split/NC/2,,qualified,"{""identified_lower"": 0.25416666666666665, ""identified_upper"": 0.8525, ""lower_exact"": ""61/240"", ""probability"": null, ""reason"": ""not_point_identified_under_declared_observation_law"", ""status"": ""unsupported"", ""upper_exact"": ""341/400""}",NC,Gstar,,add_to_cart,split,2
opentelemetry_demo,v4-confirmation-771621/opentelemetry_demo/split/NC/2,,qualified,"{""identified_lower"": 0.2575, ""identified_upper"": 1.0, ""lower_exact"": ""103/400"", ""probability"": null, ""reason"": ""not_point_identified_under_declared_observation_law"", ""status"": ""unsupported"", ""upper_exact"": ""1""}",NC,GID,,add_to_cart,split,2
opentelemetry_demo,v4-confirmation-771621/opentelemetry_demo/split/NC/2,,qualified,"{""identified_lower"": 0.2575, ""identified_upper"": 1.0, ""lower_exact"": ""103/400"", ""probability"": null, ""reason"": ""not_point_identified_under_declared_observation_law"", ""status"": ""unsupported"", ""upper_exact"": ""1""}",NC,Gselected,,add_to_cart,split,2
opentelemetry_demo,v4-confirmation-771621/opentelemetry_demo/split/NC/2,,qualified,"{""identified_lower"": 0.25416666666666665, ""identified_upper"": 0.8525, ""lower_exact"": ""61/240"", ""probability"": null, ""reason"": ""not_point_identified_under_declared_observation_law"", ""status"": ""unsupported"", ""upper_exact"": ""341/400""}",NC,G_without_deadline,,add_to_cart,split,2
opentelemetry_demo,v4-confirmation-771621/opentelemetry_demo/split/NC/2,,qualified,"{""identified_lower"": 0.25416666666666665, ""identified_upper"": 0.8525, ""lower_exact"": ""61/240"", ""probability"": null, ""reason"": ""not_point_identified_under_declared_observation_law"", ""status"": ""unsupported"", ""upper_exact"": ""341/400""}",NC,G_without_selection,,add_to_cart,split,2
opentelemetry_demo,v4-confirmation-771621/opentelemetry_demo/split/NC/2,,qualified,"{""identified_lower"": 0.25416666666666665, ""identified_upper"": 0.8666666666666667, ""lower_exact"": ""61/240"", ""probability"": null, ""reason"": ""not_point_identified_under_declared_observation_law"", ""status"": ""unsupported"", ""upper_exact"": ""13/15""}",NC,G_without_completion,,add_to_cart,split,2
opentelemetry_demo,v4-confirmation-771621/opentelemetry_demo/split/NC/2,,qualified,"{""exact_fraction"": ""1"", ""probability"": 1.0, ""reason"": null, ""status"": ""ok""}",NC,G0,"{""absolute_error_pp"": 11.083333333333334, ""attempts"": 1200, ""brier"": 0.11083333333333334, ""forecast"": 1.0, ""observed"": 0.8891666666666667, ""signed_error_pp"": 11.083333333333334, ""successes"": 1067}",add_to_cart,split,2
opentelemetry_demo,v4-confirmation-771621/opentelemetry_demo/split/NC/2,,qualified,"{""attempts"": 1200, ""exact_fraction"": ""1023/1200"", ""probability"": 0.8525, ""reason"": null, ""status"": ""ok"", ""successes"": 1023, ""timeouts"": 160}",NC,B0,"{""absolute_error_pp"": 3.6666666666666625, ""attempts"": 1200, ""brier"": 0.09989375, ""forecast"": 0.8525, ""observed"": 0.8891666666666667, ""signed_error_pp"": -3.6666666666666625, ""successes"": 1067}",add_to_cart,split,2
opentelemetry_demo,v4-confirmation-771621/opentelemetry_demo/split/NC/2,,qualified,"{""model_id"": ""campaign-eddefe290e75f9f7fa1f--add_to_cart--conditional_local"", ""probability"": null, ""reason"": ""unsupported_conditional_propagation_or_positivity"", ""status"": ""unsupported""}",NC,PMX,,add_to_cart,split,2
opentelemetry_demo,v4-confirmation-771621/opentelemetry_demo/split/NC/2,,qualified,"{""model_id"": ""campaign-eddefe290e75f9f7fa1f--add_to_cart--inclusive"", ""probability"": 0.693261354525071, ""reason"": null, ""status"": ""ok""}",NC,PMX_inclusive,"{""absolute_error_pp"": 19.59053121415957, ""attempts"": 1200, ""brier"": 0.1369281968808516, ""forecast"": 0.693261354525071, ""observed"": 0.8891666666666667, ""signed_error_pp"": -19.59053121415957, ""successes"": 1067}",add_to_cart,split,2
opentelemetry_demo,v4-confirmation-771621/opentelemetry_demo/split/NC/2,,qualified,"{""identified_lower"": 0.26416666666666666, ""identified_upper"": 0.8583333333333333, ""lower_exact"": ""317/1200"", ""probability"": null, ""reason"": ""not_point_identified_under_declared_observation_law"", ""status"": ""unsupported"", ""upper_exact"": ""103/120""}",NC,Gstar,,browse_product,split,2
opentelemetry_demo,v4-confirmation-771621/opentelemetry_demo/split/NC/2,,qualified,"{""identified_lower"": 0.2658333333333333, ""identified_upper"": 1.0, ""lower_exact"": ""319/1200"", ""probability"": null, ""reason"": ""not_point_identified_under_declared_observation_law"", ""status"": ""unsupported"", ""upper_exact"": ""1""}",NC,GID,,browse_product,split,2
opentelemetry_demo,v4-confirmation-771621/opentelemetry_demo/split/NC/2,,qualified,"{""identified_lower"": 0.2658333333333333, ""identified_upper"": 1.0, ""lower_exact"": ""319/1200"", ""probability"": null, ""reason"": ""not_point_identified_under_declared_observation_law"", ""status"": ""unsupported"", ""upper_exact"": ""1""}",NC,Gselected,,browse_product,split,2
opentelemetry_demo,v4-confirmation-771621/opentelemetry_demo/split/NC/2,,qualified,"{""identified_lower"": 0.26416666666666666, ""identified_upper"": 0.8583333333333333, ""lower_exact"": ""317/1200"", ""probability"": null, ""reason"": ""not_point_identified_under_declared_observation_law"", ""status"": ""unsupported"", ""upper_exact"": ""103/120""}",NC,G_without_deadline,,browse_product,split,2
opentelemetry_demo,v4-confirmation-771621/opentelemetry_demo/split/NC/2,,qualified,"{""identified_lower"": 0.26416666666666666, ""identified_upper"": 0.8583333333333333, ""lower_exact"": ""317/1200"", ""probability"": null, ""reason"": ""not_point_identified_under_declared_observation_law"", ""status"": ""unsupported"", ""upper_exact"": ""103/120""}",NC,G_without_selection,,browse_product,split,2
opentelemetry_demo,v4-confirmation-771621/opentelemetry_demo/split/NC/2,,qualified,"{""identified_lower"": 0.26416666666666666, ""identified_upper"": 0.87, ""lower_exact"": ""317/1200"", ""probability"": null, ""reason"": ""not_point_identified_under_declared_observation_law"", ""status"": ""unsupported"", ""upper_exact"": ""87/100""}",NC,G_without_completion,,browse_product,split,2
opentelemetry_demo,v4-confirmation-771621/opentelemetry_demo/split/NC/2,,qualified,"{""exact_fraction"": ""1"", ""probability"": 1.0, ""reason"": null, ""status"": ""ok""}",NC,G0,"{""absolute_error_pp"": 13.33333333333333, ""attempts"": 1200, ""brier"": 0.13333333333333333, ""forecast"": 1.0, ""observed"": 0.8666666666666667, ""signed_error_pp"": 13.33333333333333, ""successes"": 1040}",browse_product,split,2
opentelemetry_demo,v4-confirmation-771621/opentelemetry_demo/split/NC/2,,qualified,"{""attempts"": 1200, ""exact_fraction"": ""1030/1200"", ""probability"": 0.8583333333333333, ""reason"": null, ""status"": ""ok"", ""successes"": 1030, ""timeouts"": 156}",NC,B0,"{""absolute_error_pp"": 0.8333333333333415, ""attempts"": 1200, ""brier"": 0.115625, ""forecast"": 0.8583333333333333, ""observed"": 0.8666666666666667, ""signed_error_pp"": -0.8333333333333415, ""successes"": 1040}",browse_product,split,2
opentelemetry_demo,v4-confirmation-771621/opentelemetry_demo/split/NC/2,,qualified,"{""model_id"": ""campaign-eddefe290e75f9f7fa1f--browse_product--conditional_local"", ""probability"": null, ""reason"": ""unsupported_conditional_propagation_or_positivity"", ""status"": ""unsupported""}",NC,PMX,,browse_product,split,2
opentelemetry_demo,v4-confirmation-771621/opentelemetry_demo/split/NC/2,,qualified,"{""model_id"": ""campaign-eddefe290e75f9f7fa1f--browse_product--inclusive"", ""probability"": 0.7137444212080432, ""reason"": null, ""status"": ""ok""}",NC,PMX_inclusive,"{""absolute_error_pp"": 15.292224545862354, ""attempts"": 1200, ""brier"": 0.13894076871166305, ""forecast"": 0.7137444212080432, ""observed"": 0.8666666666666667, ""signed_error_pp"": -15.292224545862354, ""successes"": 1040}",browse_product,split,2
opentelemetry_demo,v4-confirmation-771621/opentelemetry_demo/split/NC/2,,qualified,"{""probability"": null, ""reason"": ""unexplained native parent boundary"", ""status"": ""unsupported""}",NC,Gstar,,checkout,split,2
opentelemetry_demo,v4-confirmation-771621/opentelemetry_demo/split/NC/2,,qualified,"{""probability"": null, ""reason"": ""unexplained native parent boundary"", ""status"": ""unsupported""}",NC,GID,,checkout,split,2
opentelemetry_demo,v4-confirmation-771621/opentelemetry_demo/split/NC/2,,qualified,"{""probability"": null, ""reason"": ""unexplained native parent boundary"", ""status"": ""unsupported""}",NC,Gselected,,checkout,split,2
opentelemetry_demo,v4-confirmation-771621/opentelemetry_demo/split/NC/2,,qualified,"{""probability"": null, ""reason"": ""unexplained native parent boundary"", ""status"": ""unsupported""}",NC,G_without_deadline,,checkout,split,2
opentelemetry_demo,v4-confirmation-771621/opentelemetry_demo/split/NC/2,,qualified,"{""probability"": null, ""reason"": ""unexplained native parent boundary"", ""status"": ""unsupported""}",NC,G_without_selection,,checkout,split,2
opentelemetry_demo,v4-confirmation-771621/opentelemetry_demo/split/NC/2,,qualified,"{""probability"": null, ""reason"": ""unexplained native parent boundary"", ""status"": ""unsupported""}",NC,G_without_completion,,checkout,split,2
opentelemetry_demo,v4-confirmation-771621/opentelemetry_demo/split/NC/2,,qualified,"{""probability"": null, ""reason"": ""shared_graph_extraction_unsupported: unexplained native parent boundary"", ""status"": ""unsupported""}",NC,G0,,checkout,split,2
opentelemetry_demo,v4-confirmation-771621/opentelemetry_demo/split/NC/2,,qualified,"{""attempts"": 1200, ""exact_fraction"": ""905/1200"", ""probability"": 0.7541666666666667, ""reason"": null, ""status"": ""ok"", ""successes"": 905, ""timeouts"": 280}",NC,B0,"{""absolute_error_pp"": 4.0000000000000036, ""attempts"": 1200, ""brier"": 0.16506597222222222, ""forecast"": 0.7541666666666667, ""observed"": 0.7941666666666667, ""signed_error_pp"": -4.0000000000000036, ""successes"": 953}",checkout,split,2
opentelemetry_demo,v4-confirmation-771621/opentelemetry_demo/split/NC/2,,qualified,"{""model_id"": ""campaign-eddefe290e75f9f7fa1f--checkout--conditional_local"", ""probability"": null, ""reason"": ""unsupported_conditional_propagation_or_positivity"", ""status"": ""unsupported""}",NC,PMX,,checkout,split,2
opentelemetry_demo,v4-confirmation-771621/opentelemetry_demo/split/NC/2,,qualified,"{""model_id"": ""campaign-eddefe290e75f9f7fa1f--checkout--inclusive"", ""probability"": 0.5450549158806718, ""reason"": null, ""status"": ""ok""}",NC,PMX_inclusive,"{""absolute_error_pp"": 24.91117507859949, ""attempts"": 1200, ""brier"": 0.22552263660188587, ""forecast"": 0.5450549158806718, ""observed"": 0.7941666666666667, ""signed_error_pp"": -24.91117507859949, ""successes"": 953}",checkout,split,2
spring_petclinic_microservices,v4-confirmation-771621/spring_petclinic_microservices/split/N/0,,qualified,"{""exact_fraction"": ""173/180"", ""probability"": 0.9611111111111111, ""reason"": null, ""status"": ""ok""}",N,Gstar,"{""absolute_error_pp"": 0.22222222222222365, ""attempts"": 900, ""brier"": 0.03532716049382716, ""forecast"": 0.9611111111111111, ""observed"": 0.9633333333333334, ""signed_error_pp"": -0.22222222222222365, ""successes"": 867}",create_visit,split,0
spring_petclinic_microservices,v4-confirmation-771621/spring_petclinic_microservices/split/N/0,,qualified,"{""identified_lower"": 0.9622222222222222, ""identified_upper"": 1.0, ""lower_exact"": ""433/450"", ""probability"": null, ""reason"": ""not_point_identified_under_declared_observation_law"", ""status"": ""unsupported"", ""upper_exact"": ""1""}",N,GID,,create_visit,split,0
spring_petclinic_microservices,v4-confirmation-771621/spring_petclinic_microservices/split/N/0,,qualified,"{""identified_lower"": 0.9622222222222222, ""identified_upper"": 1.0, ""lower_exact"": ""433/450"", ""probability"": null, ""reason"": ""not_point_identified_under_declared_observation_law"", ""status"": ""unsupported"", ""upper_exact"": ""1""}",N,Gselected,,create_visit,split,0
spring_petclinic_microservices,v4-confirmation-771621/spring_petclinic_microservices/split/N/0,,qualified,"{""identified_lower"": 0.9611111111111111, ""identified_upper"": 0.98, ""lower_exact"": ""173/180"", ""probability"": null, ""reason"": ""not_point_identified_under_declared_observation_law"", ""status"": ""unsupported"", ""upper_exact"": ""49/50""}",N,G_without_deadline,,create_visit,split,0
spring_petclinic_microservices,v4-confirmation-771621/spring_petclinic_microservices/split/N/0,,qualified,"{""exact_fraction"": ""173/180"", ""probability"": 0.9611111111111111, ""reason"": null, ""status"": ""ok""}",N,G_without_selection,"{""absolute_error_pp"": 0.22222222222222365, ""attempts"": 900, ""brier"": 0.03532716049382716, ""forecast"": 0.9611111111111111, ""observed"": 0.9633333333333334, ""signed_error_pp"": -0.22222222222222365, ""successes"": 867}",create_visit,split,0
spring_petclinic_microservices,v4-confirmation-771621/spring_petclinic_microservices/split/N/0,,qualified,"{""identified_lower"": 0.9611111111111111, ""identified_upper"": 0.9811111111111112, ""lower_exact"": ""173/180"", ""probability"": null, ""reason"": ""not_point_identified_under_declared_observation_law"", ""status"": ""unsupported"", ""upper_exact"": ""883/900""}",N,G_without_completion,,create_visit,split,0
spring_petclinic_microservices,v4-confirmation-771621/spring_petclinic_microservices/split/N/0,,qualified,"{""exact_fraction"": ""1"", ""probability"": 1.0, ""reason"": null, ""status"": ""ok""}",N,G0,"{""absolute_error_pp"": 3.6666666666666625, ""attempts"": 900, ""brier"": 0.03666666666666667, ""forecast"": 1.0, ""observed"": 0.9633333333333334, ""signed_error_pp"": 3.6666666666666625, ""successes"": 867}",create_visit,split,0
spring_petclinic_microservices,v4-confirmation-771621/spring_petclinic_microservices/split/N/0,,qualified,"{""attempts"": 900, ""exact_fraction"": ""865/900"", ""probability"": 0.9611111111111111, ""reason"": null, ""status"": ""ok"", ""successes"": 865, ""timeouts"": 17}",N,B0,"{""absolute_error_pp"": 0.22222222222222365, ""attempts"": 900, ""brier"": 0.03532716049382716, ""forecast"": 0.9611111111111111, ""observed"": 0.9633333333333334, ""signed_error_pp"": -0.22222222222222365, ""successes"": 867}",create_visit,split,0
spring_petclinic_microservices,v4-confirmation-771621/spring_petclinic_microservices/split/N/0,,qualified,"{""model_id"": ""campaign-46ed53e57df09ffba2f1--create_visit--conditional_local"", ""probability"": 0.9611111111111111, ""reason"": null, ""status"": ""ok""}",N,PMX,"{""absolute_error_pp"": 0.22222222222222365, ""attempts"": 900, ""brier"": 0.03532716049382716, ""forecast"": 0.9611111111111111, ""observed"": 0.9633333333333334, ""signed_error_pp"": -0.22222222222222365, ""successes"": 867}",create_visit,split,0
spring_petclinic_microservices,v4-confirmation-771621/spring_petclinic_microservices/split/N/0,,qualified,"{""model_id"": ""campaign-46ed53e57df09ffba2f1--create_visit--inclusive"", ""probability"": 0.9418888888888889, ""reason"": null, ""status"": ""ok""}",N,PMX_inclusive,"{""absolute_error_pp"": 2.144444444444449, ""attempts"": 900, ""brier"": 0.035782086419753084, ""forecast"": 0.9418888888888889, ""observed"": 0.9633333333333334, ""signed_error_pp"": -2.144444444444449, ""successes"": 867}",create_visit,split,0
spring_petclinic_microservices,v4-confirmation-771621/spring_petclinic_microservices/split/N/0,,qualified,"{""exact_fraction"": ""1"", ""probability"": 1.0, ""reason"": null, ""status"": ""ok""}",N,Gstar,"{""absolute_error_pp"": 0.0, ""attempts"": 900, ""brier"": 0.0, ""forecast"": 1.0, ""observed"": 1.0, ""signed_error_pp"": 0.0, ""successes"": 900}",list_owners,split,0
spring_petclinic_microservices,v4-confirmation-771621/spring_petclinic_microservices/split/N/0,,qualified,"{""exact_fraction"": ""1"", ""probability"": 1.0, ""reason"": null, ""status"": ""ok""}",N,GID,"{""absolute_error_pp"": 0.0, ""attempts"": 900, ""brier"": 0.0, ""forecast"": 1.0, ""observed"": 1.0, ""signed_error_pp"": 0.0, ""successes"": 900}",list_owners,split,0
spring_petclinic_microservices,v4-confirmation-771621/spring_petclinic_microservices/split/N/0,,qualified,"{""exact_fraction"": ""1"", ""probability"": 1.0, ""reason"": null, ""status"": ""ok""}",N,Gselected,"{""absolute_error_pp"": 0.0, ""attempts"": 900, ""brier"": 0.0, ""forecast"": 1.0, ""observed"": 1.0, ""signed_error_pp"": 0.0, ""successes"": 900}",list_owners,split,0
spring_petclinic_microservices,v4-confirmation-771621/spring_petclinic_microservices/split/N/0,,qualified,"{""exact_fraction"": ""1"", ""probability"": 1.0, ""reason"": null, ""status"": ""ok""}",N,G_without_deadline,"{""absolute_error_pp"": 0.0, ""attempts"": 900, ""brier"": 0.0, ""forecast"": 1.0, ""observed"": 1.0, ""signed_error_pp"": 0.0, ""successes"": 900}",list_owners,split,0
spring_petclinic_microservices,v4-confirmation-771621/spring_petclinic_microservices/split/N/0,,qualified,"{""exact_fraction"": ""1"", ""probability"": 1.0, ""reason"": null, ""status"": ""ok""}",N,G_without_selection,"{""absolute_error_pp"": 0.0, ""attempts"": 900, ""brier"": 0.0, ""forecast"": 1.0, ""observed"": 1.0, ""signed_error_pp"": 0.0, ""successes"": 900}",list_owners,split,0
spring_petclinic_microservices,v4-confirmation-771621/spring_petclinic_microservices/split/N/0,,qualified,"{""exact_fraction"": ""1"", ""probability"": 1.0, ""reason"": null, ""status"": ""ok""}",N,G_without_completion,"{""absolute_error_pp"": 0.0, ""attempts"": 900, ""brier"": 0.0, ""forecast"": 1.0, ""observed"": 1.0, ""signed_error_pp"": 0.0, ""successes"": 900}",list_owners,split,0
spring_petclinic_microservices,v4-confirmation-771621/spring_petclinic_microservices/split/N/0,,qualified,"{""exact_fraction"": ""1"", ""probability"": 1.0, ""reason"": null, ""status"": ""ok""}",N,G0,"{""absolute_error_pp"": 0.0, ""attempts"": 900, ""brier"": 0.0, ""forecast"": 1.0, ""observed"": 1.0, ""signed_error_pp"": 0.0, ""successes"": 900}",list_owners,split,0
spring_petclinic_microservices,v4-confirmation-771621/spring_petclinic_microservices/split/N/0,,qualified,"{""attempts"": 900, ""exact_fraction"": ""900/900"", ""probability"": 1.0, ""reason"": null, ""status"": ""ok"", ""successes"": 900, ""timeouts"": 0}",N,B0,"{""absolute_error_pp"": 0.0, ""attempts"": 900, ""brier"": 0.0, ""forecast"": 1.0, ""observed"": 1.0, ""signed_error_pp"": 0.0, ""successes"": 900}",list_owners,split,0
spring_petclinic_microservices,v4-confirmation-771621/spring_petclinic_microservices/split/N/0,,qualified,"{""model_id"": ""campaign-46ed53e57df09ffba2f1--list_owners--conditional_local"", ""probability"": 1.0, ""reason"": null, ""status"": ""ok""}",N,PMX,"{""absolute_error_pp"": 0.0, ""attempts"": 900, ""brier"": 0.0, ""forecast"": 1.0, ""observed"": 1.0, ""signed_error_pp"": 0.0, ""successes"": 900}",list_owners,split,0
spring_petclinic_microservices,v4-confirmation-771621/spring_petclinic_microservices/split/N/0,,qualified,"{""model_id"": ""campaign-46ed53e57df09ffba2f1--list_owners--inclusive"", ""probability"": 1.0, ""reason"": null, ""status"": ""ok""}",N,PMX_inclusive,"{""absolute_error_pp"": 0.0, ""attempts"": 900, ""brier"": 0.0, ""forecast"": 1.0, ""observed"": 1.0, ""signed_error_pp"": 0.0, ""successes"": 900}",list_owners,split,0
spring_petclinic_microservices,v4-confirmation-771621/spring_petclinic_microservices/split/N/0,,qualified,"{""exact_fraction"": ""1"", ""probability"": 1.0, ""reason"": null, ""status"": ""ok""}",N,Gstar,"{""absolute_error_pp"": 0.0, ""attempts"": 900, ""brier"": 0.0, ""forecast"": 1.0, ""observed"": 1.0, ""signed_error_pp"": 0.0, ""successes"": 900}",list_vets,split,0
spring_petclinic_microservices,v4-confirmation-771621/spring_petclinic_microservices/split/N/0,,qualified,"{""exact_fraction"": ""1"", ""probability"": 1.0, ""reason"": null, ""status"": ""ok""}",N,GID,"{""absolute_error_pp"": 0.0, ""attempts"": 900, ""brier"": 0.0, ""forecast"": 1.0, ""observed"": 1.0, ""signed_error_pp"": 0.0, ""successes"": 900}",list_vets,split,0
spring_petclinic_microservices,v4-confirmation-771621/spring_petclinic_microservices/split/N/0,,qualified,"{""exact_fraction"": ""1"", ""probability"": 1.0, ""reason"": null, ""status"": ""ok""}",N,Gselected,"{""absolute_error_pp"": 0.0, ""attempts"": 900, ""brier"": 0.0, ""forecast"": 1.0, ""observed"": 1.0, ""signed_error_pp"": 0.0, ""successes"": 900}",list_vets,split,0
spring_petclinic_microservices,v4-confirmation-771621/spring_petclinic_microservices/split/N/0,,qualified,"{""exact_fraction"": ""1"", ""probability"": 1.0, ""reason"": null, ""status"": ""ok""}",N,G_without_deadline,"{""absolute_error_pp"": 0.0, ""attempts"": 900, ""brier"": 0.0, ""forecast"": 1.0, ""observed"": 1.0, ""signed_error_pp"": 0.0, ""successes"": 900}",list_vets,split,0
spring_petclinic_microservices,v4-confirmation-771621/spring_petclinic_microservices/split/N/0,,qualified,"{""exact_fraction"": ""1"", ""probability"": 1.0, ""reason"": null, ""status"": ""ok""}",N,G_without_selection,"{""absolute_error_pp"": 0.0, ""attempts"": 900, ""brier"": 0.0, ""forecast"": 1.0, ""observed"": 1.0, ""signed_error_pp"": 0.0, ""successes"": 900}",list_vets,split,0
spring_petclinic_microservices,v4-confirmation-771621/spring_petclinic_microservices/split/N/0,,qualified,"{""exact_fraction"": ""1"", ""probability"": 1.0, ""reason"": null, ""status"": ""ok""}",N,G_without_completion,"{""absolute_error_pp"": 0.0, ""attempts"": 900, ""brier"": 0.0, ""forecast"": 1.0, ""observed"": 1.0, ""signed_error_pp"": 0.0, ""successes"": 900}",list_vets,split,0
spring_petclinic_microservices,v4-confirmation-771621/spring_petclinic_microservices/split/N/0,,qualified,"{""exact_fraction"": ""1"", ""probability"": 1.0, ""reason"": null, ""status"": ""ok""}",N,G0,"{""absolute_error_pp"": 0.0, ""attempts"": 900, ""brier"": 0.0, ""forecast"": 1.0, ""observed"": 1.0, ""signed_error_pp"": 0.0, ""successes"": 900}",list_vets,split,0
spring_petclinic_microservices,v4-confirmation-771621/spring_petclinic_microservices/split/N/0,,qualified,"{""attempts"": 900, ""exact_fraction"": ""900/900"", ""probability"": 1.0, ""reason"": null, ""status"": ""ok"", ""successes"": 900, ""timeouts"": 0}",N,B0,"{""absolute_error_pp"": 0.0, ""attempts"": 900, ""brier"": 0.0, ""forecast"": 1.0, ""observed"": 1.0, ""signed_error_pp"": 0.0, ""successes"": 900}",list_vets,split,0
spring_petclinic_microservices,v4-confirmation-771621/spring_petclinic_microservices/split/N/0,,qualified,"{""model_id"": ""campaign-46ed53e57df09ffba2f1--list_vets--conditional_local"", ""probability"": 1.0, ""reason"": null, ""status"": ""ok""}",N,PMX,"{""absolute_error_pp"": 0.0, ""attempts"": 900, ""brier"": 0.0, ""forecast"": 1.0, ""observed"": 1.0, ""signed_error_pp"": 0.0, ""successes"": 900}",list_vets,split,0
spring_petclinic_microservices,v4-confirmation-771621/spring_petclinic_microservices/split/N/0,,qualified,"{""model_id"": ""campaign-46ed53e57df09ffba2f1--list_vets--inclusive"", ""probability"": 1.0, ""reason"": null, ""status"": ""ok""}",N,PMX_inclusive,"{""absolute_error_pp"": 0.0, ""attempts"": 900, ""brier"": 0.0, ""forecast"": 1.0, ""observed"": 1.0, ""signed_error_pp"": 0.0, ""successes"": 900}",list_vets,split,0
spring_petclinic_microservices,v4-confirmation-771621/spring_petclinic_microservices/split/N/0,,qualified,"{""exact_fraction"": ""433/450"", ""probability"": 0.9622222222222222, ""reason"": null, ""status"": ""ok""}",N,Gstar,"{""absolute_error_pp"": 0.4444444444444473, ""attempts"": 900, ""brier"": 0.03224197530864198, ""forecast"": 0.9622222222222222, ""observed"": 0.9666666666666667, ""signed_error_pp"": -0.4444444444444473, ""successes"": 870}",owner_details_with_visits,split,0
spring_petclinic_microservices,v4-confirmation-771621/spring_petclinic_microservices/split/N/0,,qualified,"{""identified_lower"": 0.9622222222222222, ""identified_upper"": 1.0, ""lower_exact"": ""433/450"", ""probability"": null, ""reason"": ""not_point_identified_under_declared_observation_law"", ""status"": ""unsupported"", ""upper_exact"": ""1""}",N,GID,,owner_details_with_visits,split,0
spring_petclinic_microservices,v4-confirmation-771621/spring_petclinic_microservices/split/N/0,,qualified,"{""identified_lower"": 0.9622222222222222, ""identified_upper"": 1.0, ""lower_exact"": ""433/450"", ""probability"": null, ""reason"": ""not_point_identified_under_declared_observation_law"", ""status"": ""unsupported"", ""upper_exact"": ""1""}",N,Gselected,,owner_details_with_visits,split,0
spring_petclinic_microservices,v4-confirmation-771621/spring_petclinic_microservices/split/N/0,,qualified,"{""identified_lower"": 0.9622222222222222, ""identified_upper"": 0.9822222222222222, ""lower_exact"": ""433/450"", ""probability"": null, ""reason"": ""not_point_identified_under_declared_observation_law"", ""status"": ""unsupported"", ""upper_exact"": ""221/225""}",N,G_without_deadline,,owner_details_with_visits,split,0
spring_petclinic_microservices,v4-confirmation-771621/spring_petclinic_microservices/split/N/0,,qualified,"{""exact_fraction"": ""433/450"", ""probability"": 0.9622222222222222, ""reason"": null, ""status"": ""ok""}",N,G_without_selection,"{""absolute_error_pp"": 0.4444444444444473, ""attempts"": 900, ""brier"": 0.03224197530864198, ""forecast"": 0.9622222222222222, ""observed"": 0.9666666666666667, ""signed_error_pp"": -0.4444444444444473, ""successes"": 870}",owner_details_with_visits,split,0
spring_petclinic_microservices,v4-confirmation-771621/spring_petclinic_microservices/split/N/0,,qualified,"{""identified_lower"": 0.9622222222222222, ""identified_upper"": 0.98, ""lower_exact"": ""433/450"", ""probability"": null, ""reason"": ""not_point_identified_under_declared_observation_law"", ""status"": ""unsupported"", ""upper_exact"": ""49/50""}",N,G_without_completion,,owner_details_with_visits,split,0
spring_petclinic_microservices,v4-confirmation-771621/spring_petclinic_microservices/split/N/0,,qualified,"{""exact_fraction"": ""1"", ""probability"": 1.0, ""reason"": null, ""status"": ""ok""}",N,G0,"{""absolute_error_pp"": 3.3333333333333326, ""attempts"": 900, ""brier"": 0.03333333333333333, ""forecast"": 1.0, ""observed"": 0.9666666666666667, ""signed_error_pp"": 3.3333333333333326, ""successes"": 870}",owner_details_with_visits,split,0
spring_petclinic_microservices,v4-confirmation-771621/spring_petclinic_microservices/split/N/0,,qualified,"{""attempts"": 900, ""exact_fraction"": ""866/900"", ""probability"": 0.9622222222222222, ""reason"": null, ""status"": ""ok"", ""successes"": 866, ""timeouts"": 18}",N,B0,"{""absolute_error_pp"": 0.4444444444444473, ""attempts"": 900, ""brier"": 0.03224197530864198, ""forecast"": 0.9622222222222222, ""observed"": 0.9666666666666667, ""signed_error_pp"": -0.4444444444444473, ""successes"": 870}",owner_details_with_visits,split,0
spring_petclinic_microservices,v4-confirmation-771621/spring_petclinic_microservices/split/N/0,,qualified,"{""model_id"": ""campaign-46ed53e57df09ffba2f1--owner_details_with_visits--conditional_local"", ""probability"": 0.9622222222222222, ""reason"": null, ""status"": ""ok""}",N,PMX,"{""absolute_error_pp"": 0.4444444444444473, ""attempts"": 900, ""brier"": 0.03224197530864198, ""forecast"": 0.9622222222222222, ""observed"": 0.9666666666666667, ""signed_error_pp"": -0.4444444444444473, ""successes"": 870}",owner_details_with_visits,split,0
spring_petclinic_microservices,v4-confirmation-771621/spring_petclinic_microservices/split/N/0,,qualified,"{""model_id"": ""campaign-46ed53e57df09ffba2f1--owner_details_with_visits--inclusive"", ""probability"": 0.9622222222222222, ""reason"": null, ""status"": ""ok""}",N,PMX_inclusive,"{""absolute_error_pp"": 0.4444444444444473, ""attempts"": 900, ""brier"": 0.03224197530864198, ""forecast"": 0.9622222222222222, ""observed"": 0.9666666666666667, ""signed_error_pp"": -0.4444444444444473, ""successes"": 870}",owner_details_with_visits,split,0
spring_petclinic_microservices,v4-confirmation-771621/spring_petclinic_microservices/split/N/1,,qualified,"{""exact_fraction"": ""44/45"", ""probability"": 0.9777777777777777, ""reason"": null, ""status"": ""ok""}",N,Gstar,"{""absolute_error_pp"": 1.7777777777777781, ""attempts"": 900, ""brier"": 0.038716049382716056, ""forecast"": 0.9777777777777777, ""observed"": 0.96, ""signed_error_pp"": 1.7777777777777781, ""successes"": 864}",create_visit,split,1
spring_petclinic_microservices,v4-confirmation-771621/spring_petclinic_microservices/split/N/1,,qualified,"{""identified_lower"": 0.9777777777777777, ""identified_upper"": 1.0, ""lower_exact"": ""44/45"", ""probability"": null, ""reason"": ""not_point_identified_under_declared_observation_law"", ""status"": ""unsupported"", ""upper_exact"": ""1""}",N,GID,,create_visit,split,1
spring_petclinic_microservices,v4-confirmation-771621/spring_petclinic_microservices/split/N/1,,qualified,"{""identified_lower"": 0.9777777777777777, ""identified_upper"": 1.0, ""lower_exact"": ""44/45"", ""probability"": null, ""reason"": ""not_point_identified_under_declared_observation_law"", ""status"": ""unsupported"", ""upper_exact"": ""1""}",N,Gselected,,create_visit,split,1
spring_petclinic_microservices,v4-confirmation-771621/spring_petclinic_microservices/split/N/1,,qualified,"{""identified_lower"": 0.9777777777777777, ""identified_upper"": 0.9877777777777778, ""lower_exact"": ""44/45"", ""probability"": null, ""reason"": ""not_point_identified_under_declared_observation_law"", ""status"": ""unsupported"", ""upper_exact"": ""889/900""}",N,G_without_deadline,,create_visit,split,1
spring_petclinic_microservices,v4-confirmation-771621/spring_petclinic_microservices/split/N/1,,qualified,"{""exact_fraction"": ""44/45"", ""probability"": 0.9777777777777777, ""reason"": null, ""status"": ""ok""}",N,G_without_selection,"{""absolute_error_pp"": 1.7777777777777781, ""attempts"": 900, ""brier"": 0.038716049382716056, ""forecast"": 0.9777777777777777, ""observed"": 0.96, ""signed_error_pp"": 1.7777777777777781, ""successes"": 864}",create_visit,split,1
spring_petclinic_microservices,v4-confirmation-771621/spring_petclinic_microservices/split/N/1,,qualified,"{""identified_lower"": 0.9777777777777777, ""identified_upper"": 0.99, ""lower_exact"": ""44/45"", ""probability"": null, ""reason"": ""not_point_identified_under_declared_observation_law"", ""status"": ""unsupported"", ""upper_exact"": ""99/100""}",N,G_without_completion,,create_visit,split,1
spring_petclinic_microservices,v4-confirmation-771621/spring_petclinic_microservices/split/N/1,,qualified,"{""exact_fraction"": ""1"", ""probability"": 1.0, ""reason"": null, ""status"": ""ok""}",N,G0,"{""absolute_error_pp"": 4.0000000000000036, ""attempts"": 900, ""brier"": 0.04, ""forecast"": 1.0, ""observed"": 0.96, ""signed_error_pp"": 4.0000000000000036, ""successes"": 864}",create_visit,split,1
spring_petclinic_microservices,v4-confirmation-771621/spring_petclinic_microservices/split/N/1,,qualified,"{""attempts"": 900, ""exact_fraction"": ""880/900"", ""probability"": 0.9777777777777777, ""reason"": null, ""status"": ""ok"", ""successes"": 880, ""timeouts"": 9}",N,B0,"{""absolute_error_pp"": 1.7777777777777781, ""attempts"": 900, ""brier"": 0.038716049382716056, ""forecast"": 0.9777777777777777, ""observed"": 0.96, ""signed_error_pp"": 1.7777777777777781, ""successes"": 864}",create_visit,split,1
spring_petclinic_microservices,v4-confirmation-771621/spring_petclinic_microservices/split/N/1,,qualified,"{""model_id"": ""campaign-dc805ae1fede9bd98c65--create_visit--conditional_local"", ""probability"": 0.9777777777777777, ""reason"": null, ""status"": ""ok""}",N,PMX,"{""absolute_error_pp"": 1.7777777777777781, ""attempts"": 900, ""brier"": 0.038716049382716056, ""forecast"": 0.9777777777777777, ""observed"": 0.96, ""signed_error_pp"": 1.7777777777777781, ""successes"": 864}",create_visit,split,1
spring_petclinic_microservices,v4-confirmation-771621/spring_petclinic_microservices/split/N/1,,qualified,"{""model_id"": ""campaign-dc805ae1fede9bd98c65--create_visit--inclusive"", ""probability"": 0.9658271604938271, ""reason"": null, ""status"": ""ok""}",N,PMX_inclusive,"{""absolute_error_pp"": 0.5827160493827144, ""attempts"": 900, ""brier"": 0.03843395579942081, ""forecast"": 0.9658271604938271, ""observed"": 0.96, ""signed_error_pp"": 0.5827160493827144, ""successes"": 864}",create_visit,split,1
spring_petclinic_microservices,v4-confirmation-771621/spring_petclinic_microservices/split/N/1,,qualified,"{""exact_fraction"": ""1"", ""probability"": 1.0, ""reason"": null, ""status"": ""ok""}",N,Gstar,"{""absolute_error_pp"": 0.0, ""attempts"": 900, ""brier"": 0.0, ""forecast"": 1.0, ""observed"": 1.0, ""signed_error_pp"": 0.0, ""successes"": 900}",list_owners,split,1
spring_petclinic_microservices,v4-confirmation-771621/spring_petclinic_microservices/split/N/1,,qualified,"{""exact_fraction"": ""1"", ""probability"": 1.0, ""reason"": null, ""status"": ""ok""}",N,GID,"{""absolute_error_pp"": 0.0, ""attempts"": 900, ""brier"": 0.0, ""forecast"": 1.0, ""observed"": 1.0, ""signed_error_pp"": 0.0, ""successes"": 900}",list_owners,split,1
spring_petclinic_microservices,v4-confirmation-771621/spring_petclinic_microservices/split/N/1,,qualified,"{""exact_fraction"": ""1"", ""probability"": 1.0, ""reason"": null, ""status"": ""ok""}",N,Gselected,"{""absolute_error_pp"": 0.0, ""attempts"": 900, ""brier"": 0.0, ""forecast"": 1.0, ""observed"": 1.0, ""signed_error_pp"": 0.0, ""successes"": 900}",list_owners,split,1
spring_petclinic_microservices,v4-confirmation-771621/spring_petclinic_microservices/split/N/1,,qualified,"{""exact_fraction"": ""1"", ""probability"": 1.0, ""reason"": null, ""status"": ""ok""}",N,G_without_deadline,"{""absolute_error_pp"": 0.0, ""attempts"": 900, ""brier"": 0.0, ""forecast"": 1.0, ""observed"": 1.0, ""signed_error_pp"": 0.0, ""successes"": 900}",list_owners,split,1
spring_petclinic_microservices,v4-confirmation-771621/spring_petclinic_microservices/split/N/1,,qualified,"{""exact_fraction"": ""1"", ""probability"": 1.0, ""reason"": null, ""status"": ""ok""}",N,G_without_selection,"{""absolute_error_pp"": 0.0, ""attempts"": 900, ""brier"": 0.0, ""forecast"": 1.0, ""observed"": 1.0, ""signed_error_pp"": 0.0, ""successes"": 900}",list_owners,split,1
spring_petclinic_microservices,v4-confirmation-771621/spring_petclinic_microservices/split/N/1,,qualified,"{""exact_fraction"": ""1"", ""probability"": 1.0, ""reason"": null, ""status"": ""ok""}",N,G_without_completion,"{""absolute_error_pp"": 0.0, ""attempts"": 900, ""brier"": 0.0, ""forecast"": 1.0, ""observed"": 1.0, ""signed_error_pp"": 0.0, ""successes"": 900}",list_owners,split,1
spring_petclinic_microservices,v4-confirmation-771621/spring_petclinic_microservices/split/N/1,,qualified,"{""exact_fraction"": ""1"", ""probability"": 1.0, ""reason"": null, ""status"": ""ok""}",N,G0,"{""absolute_error_pp"": 0.0, ""attempts"": 900, ""brier"": 0.0, ""forecast"": 1.0, ""observed"": 1.0, ""signed_error_pp"": 0.0, ""successes"": 900}",list_owners,split,1
spring_petclinic_microservices,v4-confirmation-771621/spring_petclinic_microservices/split/N/1,,qualified,"{""attempts"": 900, ""exact_fraction"": ""900/900"", ""probability"": 1.0, ""reason"": null, ""status"": ""ok"", ""successes"": 900, ""timeouts"": 0}",N,B0,"{""absolute_error_pp"": 0.0, ""attempts"": 900, ""brier"": 0.0, ""forecast"": 1.0, ""observed"": 1.0, ""signed_error_pp"": 0.0, ""successes"": 900}",list_owners,split,1
spring_petclinic_microservices,v4-confirmation-771621/spring_petclinic_microservices/split/N/1,,qualified,"{""model_id"": ""campaign-dc805ae1fede9bd98c65--list_owners--conditional_local"", ""probability"": 1.0, ""reason"": null, ""status"": ""ok""}",N,PMX,"{""absolute_error_pp"": 0.0, ""attempts"": 900, ""brier"": 0.0, ""forecast"": 1.0, ""observed"": 1.0, ""signed_error_pp"": 0.0, ""successes"": 900}",list_owners,split,1
spring_petclinic_microservices,v4-confirmation-771621/spring_petclinic_microservices/split/N/1,,qualified,"{""model_id"": ""campaign-dc805ae1fede9bd98c65--list_owners--inclusive"", ""probability"": 1.0, ""reason"": null, ""status"": ""ok""}",N,PMX_inclusive,"{""absolute_error_pp"": 0.0, ""attempts"": 900, ""brier"": 0.0, ""forecast"": 1.0, ""observed"": 1.0, ""signed_error_pp"": 0.0, ""successes"": 900}",list_owners,split,1
spring_petclinic_microservices,v4-confirmation-771621/spring_petclinic_microservices/split/N/1,,qualified,"{""exact_fraction"": ""1"", ""probability"": 1.0, ""reason"": null, ""status"": ""ok""}",N,Gstar,"{""absolute_error_pp"": 0.0, ""attempts"": 900, ""brier"": 0.0, ""forecast"": 1.0, ""observed"": 1.0, ""signed_error_pp"": 0.0, ""successes"": 900}",list_vets,split,1
spring_petclinic_microservices,v4-confirmation-771621/spring_petclinic_microservices/split/N/1,,qualified,"{""exact_fraction"": ""1"", ""probability"": 1.0, ""reason"": null, ""status"": ""ok""}",N,GID,"{""absolute_error_pp"": 0.0, ""attempts"": 900, ""brier"": 0.0, ""forecast"": 1.0, ""observed"": 1.0, ""signed_error_pp"": 0.0, ""successes"": 900}",list_vets,split,1
spring_petclinic_microservices,v4-confirmation-771621/spring_petclinic_microservices/split/N/1,,qualified,"{""exact_fraction"": ""1"", ""probability"": 1.0, ""reason"": null, ""status"": ""ok""}",N,Gselected,"{""absolute_error_pp"": 0.0, ""attempts"": 900, ""brier"": 0.0, ""forecast"": 1.0, ""observed"": 1.0, ""signed_error_pp"": 0.0, ""successes"": 900}",list_vets,split,1
spring_petclinic_microservices,v4-confirmation-771621/spring_petclinic_microservices/split/N/1,,qualified,"{""exact_fraction"": ""1"", ""probability"": 1.0, ""reason"": null, ""status"": ""ok""}",N,G_without_deadline,"{""absolute_error_pp"": 0.0, ""attempts"": 900, ""brier"": 0.0, ""forecast"": 1.0, ""observed"": 1.0, ""signed_error_pp"": 0.0, ""successes"": 900}",list_vets,split,1
spring_petclinic_microservices,v4-confirmation-771621/spring_petclinic_microservices/split/N/1,,qualified,"{""exact_fraction"": ""1"", ""probability"": 1.0, ""reason"": null, ""status"": ""ok""}",N,G_without_selection,"{""absolute_error_pp"": 0.0, ""attempts"": 900, ""brier"": 0.0, ""forecast"": 1.0, ""observed"": 1.0, ""signed_error_pp"": 0.0, ""successes"": 900}",list_vets,split,1
spring_petclinic_microservices,v4-confirmation-771621/spring_petclinic_microservices/split/N/1,,qualified,"{""exact_fraction"": ""1"", ""probability"": 1.0, ""reason"": null, ""status"": ""ok""}",N,G_without_completion,"{""absolute_error_pp"": 0.0, ""attempts"": 900, ""brier"": 0.0, ""forecast"": 1.0, ""observed"": 1.0, ""signed_error_pp"": 0.0, ""successes"": 900}",list_vets,split,1
spring_petclinic_microservices,v4-confirmation-771621/spring_petclinic_microservices/split/N/1,,qualified,"{""exact_fraction"": ""1"", ""probability"": 1.0, ""reason"": null, ""status"": ""ok""}",N,G0,"{""absolute_error_pp"": 0.0, ""attempts"": 900, ""brier"": 0.0, ""forecast"": 1.0, ""observed"": 1.0, ""signed_error_pp"": 0.0, ""successes"": 900}",list_vets,split,1
spring_petclinic_microservices,v4-confirmation-771621/spring_petclinic_microservices/split/N/1,,qualified,"{""attempts"": 900, ""exact_fraction"": ""900/900"", ""probability"": 1.0, ""reason"": null, ""status"": ""ok"", ""successes"": 900, ""timeouts"": 0}",N,B0,"{""absolute_error_pp"": 0.0, ""attempts"": 900, ""brier"": 0.0, ""forecast"": 1.0, ""observed"": 1.0, ""signed_error_pp"": 0.0, ""successes"": 900}",list_vets,split,1
spring_petclinic_microservices,v4-confirmation-771621/spring_petclinic_microservices/split/N/1,,qualified,"{""model_id"": ""campaign-dc805ae1fede9bd98c65--list_vets--conditional_local"", ""probability"": 1.0, ""reason"": null, ""status"": ""ok""}",N,PMX,"{""absolute_error_pp"": 0.0, ""attempts"": 900, ""brier"": 0.0, ""forecast"": 1.0, ""observed"": 1.0, ""signed_error_pp"": 0.0, ""successes"": 900}",list_vets,split,1
spring_petclinic_microservices,v4-confirmation-771621/spring_petclinic_microservices/split/N/1,,qualified,"{""model_id"": ""campaign-dc805ae1fede9bd98c65--list_vets--inclusive"", ""probability"": 1.0, ""reason"": null, ""status"": ""ok""}",N,PMX_inclusive,"{""absolute_error_pp"": 0.0, ""attempts"": 900, ""brier"": 0.0, ""forecast"": 1.0, ""observed"": 1.0, ""signed_error_pp"": 0.0, ""successes"": 900}",list_vets,split,1
spring_petclinic_microservices,v4-confirmation-771621/spring_petclinic_microservices/split/N/1,,qualified,"{""exact_fraction"": ""73/75"", ""probability"": 0.9733333333333334, ""reason"": null, ""status"": ""ok""}",N,Gstar,"{""absolute_error_pp"": 0.8888888888888946, ""attempts"": 900, ""brier"": 0.03437037037037037, ""forecast"": 0.9733333333333334, ""observed"": 0.9644444444444444, ""signed_error_pp"": 0.8888888888888946, ""successes"": 868}",owner_details_with_visits,split,1
spring_petclinic_microservices,v4-confirmation-771621/spring_petclinic_microservices/split/N/1,,qualified,"{""identified_lower"": 0.9733333333333334, ""identified_upper"": 1.0, ""lower_exact"": ""73/75"", ""probability"": null, ""reason"": ""not_point_identified_under_declared_observation_law"", ""status"": ""unsupported"", ""upper_exact"": ""1""}",N,GID,,owner_details_with_visits,split,1
spring_petclinic_microservices,v4-confirmation-771621/spring_petclinic_microservices/split/N/1,,qualified,"{""identified_lower"": 0.9733333333333334, ""identified_upper"": 1.0, ""lower_exact"": ""73/75"", ""probability"": null, ""reason"": ""not_point_identified_under_declared_observation_law"", ""status"": ""unsupported"", ""upper_exact"": ""1""}",N,Gselected,,owner_details_with_visits,split,1
spring_petclinic_microservices,v4-confirmation-771621/spring_petclinic_microservices/split/N/1,,qualified,"{""identified_lower"": 0.9733333333333334, ""identified_upper"": 0.9888888888888889, ""lower_exact"": ""73/75"", ""probability"": null, ""reason"": ""not_point_identified_under_declared_observation_law"", ""status"": ""unsupported"", ""upper_exact"": ""89/90""}",N,G_without_deadline,,owner_details_with_visits,split,1
spring_petclinic_microservices,v4-confirmation-771621/spring_petclinic_microservices/split/N/1,,qualified,"{""exact_fraction"": ""73/75"", ""probability"": 0.9733333333333334, ""reason"": null, ""status"": ""ok""}",N,G_without_selection,"{""absolute_error_pp"": 0.8888888888888946, ""attempts"": 900, ""brier"": 0.03437037037037037, ""forecast"": 0.9733333333333334, ""observed"": 0.9644444444444444, ""signed_error_pp"": 0.8888888888888946, ""successes"": 868}",owner_details_with_visits,split,1
spring_petclinic_microservices,v4-confirmation-771621/spring_petclinic_microservices/split/N/1,,qualified,"{""identified_lower"": 0.9733333333333334, ""identified_upper"": 0.9844444444444445, ""lower_exact"": ""73/75"", ""probability"": null, ""reason"": ""not_point_identified_under_declared_observation_law"", ""status"": ""unsupported"", ""upper_exact"": ""443/450""}",N,G_without_completion,,owner_details_with_visits,split,1
spring_petclinic_microservices,v4-confirmation-771621/spring_petclinic_microservices/split/N/1,,qualified,"{""exact_fraction"": ""1"", ""probability"": 1.0, ""reason"": null, ""status"": ""ok""}",N,G0,"{""absolute_error_pp"": 3.5555555555555562, ""attempts"": 900, ""brier"": 0.035555555555555556, ""forecast"": 1.0, ""observed"": 0.9644444444444444, ""signed_error_pp"": 3.5555555555555562, ""successes"": 868}",owner_details_with_visits,split,1
spring_petclinic_microservices,v4-confirmation-771621/spring_petclinic_microservices/split/N/1,,qualified,"{""attempts"": 900, ""exact_fraction"": ""876/900"", ""probability"": 0.9733333333333334, ""reason"": null, ""status"": ""ok"", ""successes"": 876, ""timeouts"": 14}",N,B0,"{""absolute_error_pp"": 0.8888888888888946, ""attempts"": 900, ""brier"": 0.03437037037037037, ""forecast"": 0.9733333333333334, ""observed"": 0.9644444444444444, ""signed_error_pp"": 0.8888888888888946, ""successes"": 868}",owner_details_with_visits,split,1
spring_petclinic_microservices,v4-confirmation-771621/spring_petclinic_microservices/split/N/1,,qualified,"{""model_id"": ""campaign-dc805ae1fede9bd98c65--owner_details_with_visits--conditional_local"", ""probability"": 0.9733333333333334, ""reason"": null, ""status"": ""ok""}",N,PMX,"{""absolute_error_pp"": 0.8888888888888946, ""attempts"": 900, ""brier"": 0.03437037037037037, ""forecast"": 0.9733333333333334, ""observed"": 0.9644444444444444, ""signed_error_pp"": 0.8888888888888946, ""successes"": 868}",owner_details_with_visits,split,1
spring_petclinic_microservices,v4-confirmation-771621/spring_petclinic_microservices/split/N/1,,qualified,"{""model_id"": ""campaign-dc805ae1fede9bd98c65--owner_details_with_visits--inclusive"", ""probability"": 0.9733333333333334, ""reason"": null, ""status"": ""ok""}",N,PMX_inclusive,"{""absolute_error_pp"": 0.8888888888888946, ""attempts"": 900, ""brier"": 0.03437037037037037, ""forecast"": 0.9733333333333334, ""observed"": 0.9644444444444444, ""signed_error_pp"": 0.8888888888888946, ""successes"": 868}",owner_details_with_visits,split,1
spring_petclinic_microservices,v4-confirmation-771621/spring_petclinic_microservices/split/N/2,,qualified,"{""exact_fraction"": ""433/450"", ""probability"": 0.9622222222222222, ""reason"": null, ""status"": ""ok""}",N,Gstar,"{""absolute_error_pp"": 2.444444444444438, ""attempts"": 900, ""brier"": 0.05894814814814815, ""forecast"": 0.9622222222222222, ""observed"": 0.9377777777777778, ""signed_error_pp"": 2.444444444444438, ""successes"": 844}",create_visit,split,2
spring_petclinic_microservices,v4-confirmation-771621/spring_petclinic_microservices/split/N/2,,qualified,"{""identified_lower"": 0.9622222222222222, ""identified_upper"": 1.0, ""lower_exact"": ""433/450"", ""probability"": null, ""reason"": ""not_point_identified_under_declared_observation_law"", ""status"": ""unsupported"", ""upper_exact"": ""1""}",N,GID,,create_visit,split,2
spring_petclinic_microservices,v4-confirmation-771621/spring_petclinic_microservices/split/N/2,,qualified,"{""identified_lower"": 0.9622222222222222, ""identified_upper"": 1.0, ""lower_exact"": ""433/450"", ""probability"": null, ""reason"": ""not_point_identified_under_declared_observation_law"", ""status"": ""unsupported"", ""upper_exact"": ""1""}",N,Gselected,,create_visit,split,2
spring_petclinic_microservices,v4-confirmation-771621/spring_petclinic_microservices/split/N/2,,qualified,"{""identified_lower"": 0.9622222222222222, ""identified_upper"": 0.9844444444444445, ""lower_exact"": ""433/450"", ""probability"": null, ""reason"": ""not_point_identified_under_declared_observation_law"", ""status"": ""unsupported"", ""upper_exact"": ""443/450""}",N,G_without_deadline,,create_visit,split,2
spring_petclinic_microservices,v4-confirmation-771621/spring_petclinic_microservices/split/N/2,,qualified,"{""exact_fraction"": ""433/450"", ""probability"": 0.9622222222222222, ""reason"": null, ""status"": ""ok""}",N,G_without_selection,"{""absolute_error_pp"": 2.444444444444438, ""attempts"": 900, ""brier"": 0.05894814814814815, ""forecast"": 0.9622222222222222, ""observed"": 0.9377777777777778, ""signed_error_pp"": 2.444444444444438, ""successes"": 844}",create_visit,split,2
spring_petclinic_microservices,v4-confirmation-771621/spring_petclinic_microservices/split/N/2,,qualified,"{""identified_lower"": 0.9622222222222222, ""identified_upper"": 0.9777777777777777, ""lower_exact"": ""433/450"", ""probability"": null, ""reason"": ""not_point_identified_under_declared_observation_law"", ""status"": ""unsupported"", ""upper_exact"": ""44/45""}",N,G_without_completion,,create_visit,split,2
spring_petclinic_microservices,v4-confirmation-771621/spring_petclinic_microservices/split/N/2,,qualified,"{""exact_fraction"": ""1"", ""probability"": 1.0, ""reason"": null, ""status"": ""ok""}",N,G0,"{""absolute_error_pp"": 6.222222222222218, ""attempts"": 900, ""brier"": 0.06222222222222222, ""forecast"": 1.0, ""observed"": 0.9377777777777778, ""signed_error_pp"": 6.222222222222218, ""successes"": 844}",create_visit,split,2
spring_petclinic_microservices,v4-confirmation-771621/spring_petclinic_microservices/split/N/2,,qualified,"{""attempts"": 900, ""exact_fraction"": ""866/900"", ""probability"": 0.9622222222222222, ""reason"": null, ""status"": ""ok"", ""successes"": 866, ""timeouts"": 20}",N,B0,"{""absolute_error_pp"": 2.444444444444438, ""attempts"": 900, ""brier"": 0.05894814814814815, ""forecast"": 0.9622222222222222, ""observed"": 0.9377777777777778, ""signed_error_pp"": 2.444444444444438, ""successes"": 844}",create_visit,split,2
spring_petclinic_microservices,v4-confirmation-771621/spring_petclinic_microservices/split/N/2,,qualified,"{""model_id"": ""campaign-3fe48e82ffa4317586a7--create_visit--conditional_local"", ""probability"": 0.9622222222222222, ""reason"": null, ""status"": ""ok""}",N,PMX,"{""absolute_error_pp"": 2.444444444444438, ""attempts"": 900, ""brier"": 0.05894814814814815, ""forecast"": 0.9622222222222222, ""observed"": 0.9377777777777778, ""signed_error_pp"": 2.444444444444438, ""successes"": 844}",create_visit,split,2
spring_petclinic_microservices,v4-confirmation-771621/spring_petclinic_microservices/split/N/2,,qualified,"{""model_id"": ""campaign-3fe48e82ffa4317586a7--create_visit--inclusive"", ""probability"": 0.9472543209876543, ""reason"": null, ""status"": ""ok""}",N,PMX_inclusive,"{""absolute_error_pp"": 0.9476543209876453, ""attempts"": 900, ""brier"": 0.05844042215515927, ""forecast"": 0.9472543209876543, ""observed"": 0.9377777777777778, ""signed_error_pp"": 0.9476543209876453, ""successes"": 844}",create_visit,split,2
spring_petclinic_microservices,v4-confirmation-771621/spring_petclinic_microservices/split/N/2,,qualified,"{""exact_fraction"": ""1"", ""probability"": 1.0, ""reason"": null, ""status"": ""ok""}",N,Gstar,"{""absolute_error_pp"": 0.0, ""attempts"": 900, ""brier"": 0.0, ""forecast"": 1.0, ""observed"": 1.0, ""signed_error_pp"": 0.0, ""successes"": 900}",list_owners,split,2
spring_petclinic_microservices,v4-confirmation-771621/spring_petclinic_microservices/split/N/2,,qualified,"{""exact_fraction"": ""1"", ""probability"": 1.0, ""reason"": null, ""status"": ""ok""}",N,GID,"{""absolute_error_pp"": 0.0, ""attempts"": 900, ""brier"": 0.0, ""forecast"": 1.0, ""observed"": 1.0, ""signed_error_pp"": 0.0, ""successes"": 900}",list_owners,split,2
spring_petclinic_microservices,v4-confirmation-771621/spring_petclinic_microservices/split/N/2,,qualified,"{""exact_fraction"": ""1"", ""probability"": 1.0, ""reason"": null, ""status"": ""ok""}",N,Gselected,"{""absolute_error_pp"": 0.0, ""attempts"": 900, ""brier"": 0.0, ""forecast"": 1.0, ""observed"": 1.0, ""signed_error_pp"": 0.0, ""successes"": 900}",list_owners,split,2
spring_petclinic_microservices,v4-confirmation-771621/spring_petclinic_microservices/split/N/2,,qualified,"{""exact_fraction"": ""1"", ""probability"": 1.0, ""reason"": null, ""status"": ""ok""}",N,G_without_deadline,"{""absolute_error_pp"": 0.0, ""attempts"": 900, ""brier"": 0.0, ""forecast"": 1.0, ""observed"": 1.0, ""signed_error_pp"": 0.0, ""successes"": 900}",list_owners,split,2
spring_petclinic_microservices,v4-confirmation-771621/spring_petclinic_microservices/split/N/2,,qualified,"{""exact_fraction"": ""1"", ""probability"": 1.0, ""reason"": null, ""status"": ""ok""}",N,G_without_selection,"{""absolute_error_pp"": 0.0, ""attempts"": 900, ""brier"": 0.0, ""forecast"": 1.0, ""observed"": 1.0, ""signed_error_pp"": 0.0, ""successes"": 900}",list_owners,split,2
spring_petclinic_microservices,v4-confirmation-771621/spring_petclinic_microservices/split/N/2,,qualified,"{""exact_fraction"": ""1"", ""probability"": 1.0, ""reason"": null, ""status"": ""ok""}",N,G_without_completion,"{""absolute_error_pp"": 0.0, ""attempts"": 900, ""brier"": 0.0, ""forecast"": 1.0, ""observed"": 1.0, ""signed_error_pp"": 0.0, ""successes"": 900}",list_owners,split,2
spring_petclinic_microservices,v4-confirmation-771621/spring_petclinic_microservices/split/N/2,,qualified,"{""exact_fraction"": ""1"", ""probability"": 1.0, ""reason"": null, ""status"": ""ok""}",N,G0,"{""absolute_error_pp"": 0.0, ""attempts"": 900, ""brier"": 0.0, ""forecast"": 1.0, ""observed"": 1.0, ""signed_error_pp"": 0.0, ""successes"": 900}",list_owners,split,2
spring_petclinic_microservices,v4-confirmation-771621/spring_petclinic_microservices/split/N/2,,qualified,"{""attempts"": 900, ""exact_fraction"": ""900/900"", ""probability"": 1.0, ""reason"": null, ""status"": ""ok"", ""successes"": 900, ""timeouts"": 0}",N,B0,"{""absolute_error_pp"": 0.0, ""attempts"": 900, ""brier"": 0.0, ""forecast"": 1.0, ""observed"": 1.0, ""signed_error_pp"": 0.0, ""successes"": 900}",list_owners,split,2
spring_petclinic_microservices,v4-confirmation-771621/spring_petclinic_microservices/split/N/2,,qualified,"{""model_id"": ""campaign-3fe48e82ffa4317586a7--list_owners--conditional_local"", ""probability"": 1.0, ""reason"": null, ""status"": ""ok""}",N,PMX,"{""absolute_error_pp"": 0.0, ""attempts"": 900, ""brier"": 0.0, ""forecast"": 1.0, ""observed"": 1.0, ""signed_error_pp"": 0.0, ""successes"": 900}",list_owners,split,2
spring_petclinic_microservices,v4-confirmation-771621/spring_petclinic_microservices/split/N/2,,qualified,"{""model_id"": ""campaign-3fe48e82ffa4317586a7--list_owners--inclusive"", ""probability"": 1.0, ""reason"": null, ""status"": ""ok""}",N,PMX_inclusive,"{""absolute_error_pp"": 0.0, ""attempts"": 900, ""brier"": 0.0, ""forecast"": 1.0, ""observed"": 1.0, ""signed_error_pp"": 0.0, ""successes"": 900}",list_owners,split,2
spring_petclinic_microservices,v4-confirmation-771621/spring_petclinic_microservices/split/N/2,,qualified,"{""exact_fraction"": ""1"", ""probability"": 1.0, ""reason"": null, ""status"": ""ok""}",N,Gstar,"{""absolute_error_pp"": 0.0, ""attempts"": 900, ""brier"": 0.0, ""forecast"": 1.0, ""observed"": 1.0, ""signed_error_pp"": 0.0, ""successes"": 900}",list_vets,split,2
spring_petclinic_microservices,v4-confirmation-771621/spring_petclinic_microservices/split/N/2,,qualified,"{""exact_fraction"": ""1"", ""probability"": 1.0, ""reason"": null, ""status"": ""ok""}",N,GID,"{""absolute_error_pp"": 0.0, ""attempts"": 900, ""brier"": 0.0, ""forecast"": 1.0, ""observed"": 1.0, ""signed_error_pp"": 0.0, ""successes"": 900}",list_vets,split,2
spring_petclinic_microservices,v4-confirmation-771621/spring_petclinic_microservices/split/N/2,,qualified,"{""exact_fraction"": ""1"", ""probability"": 1.0, ""reason"": null, ""status"": ""ok""}",N,Gselected,"{""absolute_error_pp"": 0.0, ""attempts"": 900, ""brier"": 0.0, ""forecast"": 1.0, ""observed"": 1.0, ""signed_error_pp"": 0.0, ""successes"": 900}",list_vets,split,2
spring_petclinic_microservices,v4-confirmation-771621/spring_petclinic_microservices/split/N/2,,qualified,"{""exact_fraction"": ""1"", ""probability"": 1.0, ""reason"": null, ""status"": ""ok""}",N,G_without_deadline,"{""absolute_error_pp"": 0.0, ""attempts"": 900, ""brier"": 0.0, ""forecast"": 1.0, ""observed"": 1.0, ""signed_error_pp"": 0.0, ""successes"": 900}",list_vets,split,2
spring_petclinic_microservices,v4-confirmation-771621/spring_petclinic_microservices/split/N/2,,qualified,"{""exact_fraction"": ""1"", ""probability"": 1.0, ""reason"": null, ""status"": ""ok""}",N,G_without_selection,"{""absolute_error_pp"": 0.0, ""attempts"": 900, ""brier"": 0.0, ""forecast"": 1.0, ""observed"": 1.0, ""signed_error_pp"": 0.0, ""successes"": 900}",list_vets,split,2
spring_petclinic_microservices,v4-confirmation-771621/spring_petclinic_microservices/split/N/2,,qualified,"{""exact_fraction"": ""1"", ""probability"": 1.0, ""reason"": null, ""status"": ""ok""}",N,G_without_completion,"{""absolute_error_pp"": 0.0, ""attempts"": 900, ""brier"": 0.0, ""forecast"": 1.0, ""observed"": 1.0, ""signed_error_pp"": 0.0, ""successes"": 900}",list_vets,split,2
spring_petclinic_microservices,v4-confirmation-771621/spring_petclinic_microservices/split/N/2,,qualified,"{""exact_fraction"": ""1"", ""probability"": 1.0, ""reason"": null, ""status"": ""ok""}",N,G0,"{""absolute_error_pp"": 0.0, ""attempts"": 900, ""brier"": 0.0, ""forecast"": 1.0, ""observed"": 1.0, ""signed_error_pp"": 0.0, ""successes"": 900}",list_vets,split,2
spring_petclinic_microservices,v4-confirmation-771621/spring_petclinic_microservices/split/N/2,,qualified,"{""attempts"": 900, ""exact_fraction"": ""900/900"", ""probability"": 1.0, ""reason"": null, ""status"": ""ok"", ""successes"": 900, ""timeouts"": 0}",N,B0,"{""absolute_error_pp"": 0.0, ""attempts"": 900, ""brier"": 0.0, ""forecast"": 1.0, ""observed"": 1.0, ""signed_error_pp"": 0.0, ""successes"": 900}",list_vets,split,2
spring_petclinic_microservices,v4-confirmation-771621/spring_petclinic_microservices/split/N/2,,qualified,"{""model_id"": ""campaign-3fe48e82ffa4317586a7--list_vets--conditional_local"", ""probability"": 1.0, ""reason"": null, ""status"": ""ok""}",N,PMX,"{""absolute_error_pp"": 0.0, ""attempts"": 900, ""brier"": 0.0, ""forecast"": 1.0, ""observed"": 1.0, ""signed_error_pp"": 0.0, ""successes"": 900}",list_vets,split,2
spring_petclinic_microservices,v4-confirmation-771621/spring_petclinic_microservices/split/N/2,,qualified,"{""model_id"": ""campaign-3fe48e82ffa4317586a7--list_vets--inclusive"", ""probability"": 1.0, ""reason"": null, ""status"": ""ok""}",N,PMX_inclusive,"{""absolute_error_pp"": 0.0, ""attempts"": 900, ""brier"": 0.0, ""forecast"": 1.0, ""observed"": 1.0, ""signed_error_pp"": 0.0, ""successes"": 900}",list_vets,split,2
spring_petclinic_microservices,v4-confirmation-771621/spring_petclinic_microservices/split/N/2,,qualified,"{""exact_fraction"": ""871/900"", ""probability"": 0.9677777777777777, ""reason"": null, ""status"": ""ok""}",N,Gstar,"{""absolute_error_pp"": 3.5555555555555562, ""attempts"": 900, ""brier"": 0.06444814814814816, ""forecast"": 0.9677777777777777, ""observed"": 0.9322222222222222, ""signed_error_pp"": 3.5555555555555562, ""successes"": 839}",owner_details_with_visits,split,2
spring_petclinic_microservices,v4-confirmation-771621/spring_petclinic_microservices/split/N/2,,qualified,"{""identified_lower"": 0.9677777777777777, ""identified_upper"": 1.0, ""lower_exact"": ""871/900"", ""probability"": null, ""reason"": ""not_point_identified_under_declared_observation_law"", ""status"": ""unsupported"", ""upper_exact"": ""1""}",N,GID,,owner_details_with_visits,split,2
spring_petclinic_microservices,v4-confirmation-771621/spring_petclinic_microservices/split/N/2,,qualified,"{""identified_lower"": 0.9677777777777777, ""identified_upper"": 1.0, ""lower_exact"": ""871/900"", ""probability"": null, ""reason"": ""not_point_identified_under_declared_observation_law"", ""status"": ""unsupported"", ""upper_exact"": ""1""}",N,Gselected,,owner_details_with_visits,split,2
spring_petclinic_microservices,v4-confirmation-771621/spring_petclinic_microservices/split/N/2,,qualified,"{""identified_lower"": 0.9677777777777777, ""identified_upper"": 0.9844444444444445, ""lower_exact"": ""871/900"", ""probability"": null, ""reason"": ""not_point_identified_under_declared_observation_law"", ""status"": ""unsupported"", ""upper_exact"": ""443/450""}",N,G_without_deadline,,owner_details_with_visits,split,2
spring_petclinic_microservices,v4-confirmation-771621/spring_petclinic_microservices/split/N/2,,qualified,"{""exact_fraction"": ""871/900"", ""probability"": 0.9677777777777777, ""reason"": null, ""status"": ""ok""}",N,G_without_selection,"{""absolute_error_pp"": 3.5555555555555562, ""attempts"": 900, ""brier"": 0.06444814814814816, ""forecast"": 0.9677777777777777, ""observed"": 0.9322222222222222, ""signed_error_pp"": 3.5555555555555562, ""successes"": 839}",owner_details_with_visits,split,2
spring_petclinic_microservices,v4-confirmation-771621/spring_petclinic_microservices/split/N/2,,qualified,"{""identified_lower"": 0.9677777777777777, ""identified_upper"": 0.9833333333333333, ""lower_exact"": ""871/900"", ""probability"": null, ""reason"": ""not_point_identified_under_declared_observation_law"", ""status"": ""unsupported"", ""upper_exact"": ""59/60""}",N,G_without_completion,,owner_details_with_visits,split,2
spring_petclinic_microservices,v4-confirmation-771621/spring_petclinic_microservices/split/N/2,,qualified,"{""exact_fraction"": ""1"", ""probability"": 1.0, ""reason"": null, ""status"": ""ok""}",N,G0,"{""absolute_error_pp"": 6.777777777777782, ""attempts"": 900, ""brier"": 0.06777777777777778, ""forecast"": 1.0, ""observed"": 0.9322222222222222, ""signed_error_pp"": 6.777777777777782, ""successes"": 839}",owner_details_with_visits,split,2
spring_petclinic_microservices,v4-confirmation-771621/spring_petclinic_microservices/split/N/2,,qualified,"{""attempts"": 900, ""exact_fraction"": ""871/900"", ""probability"": 0.9677777777777777, ""reason"": null, ""status"": ""ok"", ""successes"": 871, ""timeouts"": 15}",N,B0,"{""absolute_error_pp"": 3.5555555555555562, ""attempts"": 900, ""brier"": 0.06444814814814816, ""forecast"": 0.9677777777777777, ""observed"": 0.9322222222222222, ""signed_error_pp"": 3.5555555555555562, ""successes"": 839}",owner_details_with_visits,split,2
spring_petclinic_microservices,v4-confirmation-771621/spring_petclinic_microservices/split/N/2,,qualified,"{""model_id"": ""campaign-3fe48e82ffa4317586a7--owner_details_with_visits--conditional_local"", ""probability"": 0.9677777777777777, ""reason"": null, ""status"": ""ok""}",N,PMX,"{""absolute_error_pp"": 3.5555555555555562, ""attempts"": 900, ""brier"": 0.06444814814814816, ""forecast"": 0.9677777777777777, ""observed"": 0.9322222222222222, ""signed_error_pp"": 3.5555555555555562, ""successes"": 839}",owner_details_with_visits,split,2
spring_petclinic_microservices,v4-confirmation-771621/spring_petclinic_microservices/split/N/2,,qualified,"{""model_id"": ""campaign-3fe48e82ffa4317586a7--owner_details_with_visits--inclusive"", ""probability"": 0.9677777777777777, ""reason"": null, ""status"": ""ok""}",N,PMX_inclusive,"{""absolute_error_pp"": 3.5555555555555562, ""attempts"": 900, ""brier"": 0.06444814814814816, ""forecast"": 0.9677777777777777, ""observed"": 0.9322222222222222, ""signed_error_pp"": 3.5555555555555562, ""successes"": 839}",owner_details_with_visits,split,2
spring_petclinic_microservices,v4-confirmation-771621/spring_petclinic_microservices/split/NC/0,,qualified,"{""exact_fraction"": ""847/900"", ""probability"": 0.9411111111111111, ""reason"": null, ""status"": ""ok""}",NC,Gstar,"{""absolute_error_pp"": 3.5555555555555562, ""attempts"": 900, ""brier"": 0.08678888888888889, ""forecast"": 0.9411111111111111, ""observed"": 0.9055555555555556, ""signed_error_pp"": 3.5555555555555562, ""successes"": 815}",create_visit,split,0
spring_petclinic_microservices,v4-confirmation-771621/spring_petclinic_microservices/split/NC/0,,qualified,"{""identified_lower"": 0.9411111111111111, ""identified_upper"": 1.0, ""lower_exact"": ""847/900"", ""probability"": null, ""reason"": ""not_point_identified_under_declared_observation_law"", ""status"": ""unsupported"", ""upper_exact"": ""1""}",NC,GID,,create_visit,split,0
spring_petclinic_microservices,v4-confirmation-771621/spring_petclinic_microservices/split/NC/0,,qualified,"{""identified_lower"": 0.9411111111111111, ""identified_upper"": 1.0, ""lower_exact"": ""847/900"", ""probability"": null, ""reason"": ""not_point_identified_under_declared_observation_law"", ""status"": ""unsupported"", ""upper_exact"": ""1""}",NC,Gselected,,create_visit,split,0
spring_petclinic_microservices,v4-confirmation-771621/spring_petclinic_microservices/split/NC/0,,qualified,"{""identified_lower"": 0.9411111111111111, ""identified_upper"": 0.9611111111111111, ""lower_exact"": ""847/900"", ""probability"": null, ""reason"": ""not_point_identified_under_declared_observation_law"", ""status"": ""unsupported"", ""upper_exact"": ""173/180""}",NC,G_without_deadline,,create_visit,split,0
spring_petclinic_microservices,v4-confirmation-771621/spring_petclinic_microservices/split/NC/0,,qualified,"{""exact_fraction"": ""847/900"", ""probability"": 0.9411111111111111, ""reason"": null, ""status"": ""ok""}",NC,G_without_selection,"{""absolute_error_pp"": 3.5555555555555562, ""attempts"": 900, ""brier"": 0.08678888888888889, ""forecast"": 0.9411111111111111, ""observed"": 0.9055555555555556, ""signed_error_pp"": 3.5555555555555562, ""successes"": 815}",create_visit,split,0
spring_petclinic_microservices,v4-confirmation-771621/spring_petclinic_microservices/split/NC/0,,qualified,"{""identified_lower"": 0.9411111111111111, ""identified_upper"": 0.98, ""lower_exact"": ""847/900"", ""probability"": null, ""reason"": ""not_point_identified_under_declared_observation_law"", ""status"": ""unsupported"", ""upper_exact"": ""49/50""}",NC,G_without_completion,,create_visit,split,0
spring_petclinic_microservices,v4-confirmation-771621/spring_petclinic_microservices/split/NC/0,,qualified,"{""exact_fraction"": ""1"", ""probability"": 1.0, ""reason"": null, ""status"": ""ok""}",NC,G0,"{""absolute_error_pp"": 9.444444444444445, ""attempts"": 900, ""brier"": 0.09444444444444444, ""forecast"": 1.0, ""observed"": 0.9055555555555556, ""signed_error_pp"": 9.444444444444445, ""successes"": 815}",create_visit,split,0
spring_petclinic_microservices,v4-confirmation-771621/spring_petclinic_microservices/split/NC/0,,qualified,"{""attempts"": 900, ""exact_fraction"": ""847/900"", ""probability"": 0.9411111111111111, ""reason"": null, ""status"": ""ok"", ""successes"": 847, ""timeouts"": 18}",NC,B0,"{""absolute_error_pp"": 3.5555555555555562, ""attempts"": 900, ""brier"": 0.08678888888888889, ""forecast"": 0.9411111111111111, ""observed"": 0.9055555555555556, ""signed_error_pp"": 3.5555555555555562, ""successes"": 815}",create_visit,split,0
spring_petclinic_microservices,v4-confirmation-771621/spring_petclinic_microservices/split/NC/0,,qualified,"{""model_id"": ""campaign-1871b92b15f956d73945--create_visit--conditional_local"", ""probability"": 0.9413722286448298, ""reason"": null, ""status"": ""ok""}",NC,PMX,"{""absolute_error_pp"": 3.5816673089274276, ""attempts"": 900, ""brier"": 0.08680752542920864, ""forecast"": 0.9413722286448298, ""observed"": 0.9055555555555556, ""signed_error_pp"": 3.5816673089274276, ""successes"": 815}",create_visit,split,0
spring_petclinic_microservices,v4-confirmation-771621/spring_petclinic_microservices/split/NC/0,,qualified,"{""model_id"": ""campaign-1871b92b15f956d73945--create_visit--inclusive"", ""probability"": 0.9047633086419753, ""reason"": null, ""status"": ""ok""}",NC,PMX_inclusive,"{""absolute_error_pp"": 0.07922469135802634, ""attempts"": 900, ""brier"": 0.08552531901319675, ""forecast"": 0.9047633086419753, ""observed"": 0.9055555555555556, ""signed_error_pp"": -0.07922469135802634, ""successes"": 815}",create_visit,split,0
spring_petclinic_microservices,v4-confirmation-771621/spring_petclinic_microservices/split/NC/0,,qualified,"{""exact_fraction"": ""1"", ""probability"": 1.0, ""reason"": null, ""status"": ""ok""}",NC,Gstar,"{""absolute_error_pp"": 0.0, ""attempts"": 900, ""brier"": 0.0, ""forecast"": 1.0, ""observed"": 1.0, ""signed_error_pp"": 0.0, ""successes"": 900}",list_owners,split,0
spring_petclinic_microservices,v4-confirmation-771621/spring_petclinic_microservices/split/NC/0,,qualified,"{""exact_fraction"": ""1"", ""probability"": 1.0, ""reason"": null, ""status"": ""ok""}",NC,GID,"{""absolute_error_pp"": 0.0, ""attempts"": 900, ""brier"": 0.0, ""forecast"": 1.0, ""observed"": 1.0, ""signed_error_pp"": 0.0, ""successes"": 900}",list_owners,split,0
spring_petclinic_microservices,v4-confirmation-771621/spring_petclinic_microservices/split/NC/0,,qualified,"{""exact_fraction"": ""1"", ""probability"": 1.0, ""reason"": null, ""status"": ""ok""}",NC,Gselected,"{""absolute_error_pp"": 0.0, ""attempts"": 900, ""brier"": 0.0, ""forecast"": 1.0, ""observed"": 1.0, ""signed_error_pp"": 0.0, ""successes"": 900}",list_owners,split,0
spring_petclinic_microservices,v4-confirmation-771621/spring_petclinic_microservices/split/NC/0,,qualified,"{""exact_fraction"": ""1"", ""probability"": 1.0, ""reason"": null, ""status"": ""ok""}",NC,G_without_deadline,"{""absolute_error_pp"": 0.0, ""attempts"": 900, ""brier"": 0.0, ""forecast"": 1.0, ""observed"": 1.0, ""signed_error_pp"": 0.0, ""successes"": 900}",list_owners,split,0
spring_petclinic_microservices,v4-confirmation-771621/spring_petclinic_microservices/split/NC/0,,qualified,"{""exact_fraction"": ""1"", ""probability"": 1.0, ""reason"": null, ""status"": ""ok""}",NC,G_without_selection,"{""absolute_error_pp"": 0.0, ""attempts"": 900, ""brier"": 0.0, ""forecast"": 1.0, ""observed"": 1.0, ""signed_error_pp"": 0.0, ""successes"": 900}",list_owners,split,0
spring_petclinic_microservices,v4-confirmation-771621/spring_petclinic_microservices/split/NC/0,,qualified,"{""exact_fraction"": ""1"", ""probability"": 1.0, ""reason"": null, ""status"": ""ok""}",NC,G_without_completion,"{""absolute_error_pp"": 0.0, ""attempts"": 900, ""brier"": 0.0, ""forecast"": 1.0, ""observed"": 1.0, ""signed_error_pp"": 0.0, ""successes"": 900}",list_owners,split,0
spring_petclinic_microservices,v4-confirmation-771621/spring_petclinic_microservices/split/NC/0,,qualified,"{""exact_fraction"": ""1"", ""probability"": 1.0, ""reason"": null, ""status"": ""ok""}",NC,G0,"{""absolute_error_pp"": 0.0, ""attempts"": 900, ""brier"": 0.0, ""forecast"": 1.0, ""observed"": 1.0, ""signed_error_pp"": 0.0, ""successes"": 900}",list_owners,split,0
spring_petclinic_microservices,v4-confirmation-771621/spring_petclinic_microservices/split/NC/0,,qualified,"{""attempts"": 900, ""exact_fraction"": ""900/900"", ""probability"": 1.0, ""reason"": null, ""status"": ""ok"", ""successes"": 900, ""timeouts"": 0}",NC,B0,"{""absolute_error_pp"": 0.0, ""attempts"": 900, ""brier"": 0.0, ""forecast"": 1.0, ""observed"": 1.0, ""signed_error_pp"": 0.0, ""successes"": 900}",list_owners,split,0
spring_petclinic_microservices,v4-confirmation-771621/spring_petclinic_microservices/split/NC/0,,qualified,"{""model_id"": ""campaign-1871b92b15f956d73945--list_owners--conditional_local"", ""probability"": 1.0, ""reason"": null, ""status"": ""ok""}",NC,PMX,"{""absolute_error_pp"": 0.0, ""attempts"": 900, ""brier"": 0.0, ""forecast"": 1.0, ""observed"": 1.0, ""signed_error_pp"": 0.0, ""successes"": 900}",list_owners,split,0
spring_petclinic_microservices,v4-confirmation-771621/spring_petclinic_microservices/split/NC/0,,qualified,"{""model_id"": ""campaign-1871b92b15f956d73945--list_owners--inclusive"", ""probability"": 1.0, ""reason"": null, ""status"": ""ok""}",NC,PMX_inclusive,"{""absolute_error_pp"": 0.0, ""attempts"": 900, ""brier"": 0.0, ""forecast"": 1.0, ""observed"": 1.0, ""signed_error_pp"": 0.0, ""successes"": 900}",list_owners,split,0
spring_petclinic_microservices,v4-confirmation-771621/spring_petclinic_microservices/split/NC/0,,qualified,"{""exact_fraction"": ""1"", ""probability"": 1.0, ""reason"": null, ""status"": ""ok""}",NC,Gstar,"{""absolute_error_pp"": 0.0, ""attempts"": 900, ""brier"": 0.0, ""forecast"": 1.0, ""observed"": 1.0, ""signed_error_pp"": 0.0, ""successes"": 900}",list_vets,split,0
spring_petclinic_microservices,v4-confirmation-771621/spring_petclinic_microservices/split/NC/0,,qualified,"{""exact_fraction"": ""1"", ""probability"": 1.0, ""reason"": null, ""status"": ""ok""}",NC,GID,"{""absolute_error_pp"": 0.0, ""attempts"": 900, ""brier"": 0.0, ""forecast"": 1.0, ""observed"": 1.0, ""signed_error_pp"": 0.0, ""successes"": 900}",list_vets,split,0
spring_petclinic_microservices,v4-confirmation-771621/spring_petclinic_microservices/split/NC/0,,qualified,"{""exact_fraction"": ""1"", ""probability"": 1.0, ""reason"": null, ""status"": ""ok""}",NC,Gselected,"{""absolute_error_pp"": 0.0, ""attempts"": 900, ""brier"": 0.0, ""forecast"": 1.0, ""observed"": 1.0, ""signed_error_pp"": 0.0, ""successes"": 900}",list_vets,split,0
spring_petclinic_microservices,v4-confirmation-771621/spring_petclinic_microservices/split/NC/0,,qualified,"{""exact_fraction"": ""1"", ""probability"": 1.0, ""reason"": null, ""status"": ""ok""}",NC,G_without_deadline,"{""absolute_error_pp"": 0.0, ""attempts"": 900, ""brier"": 0.0, ""forecast"": 1.0, ""observed"": 1.0, ""signed_error_pp"": 0.0, ""successes"": 900}",list_vets,split,0
spring_petclinic_microservices,v4-confirmation-771621/spring_petclinic_microservices/split/NC/0,,qualified,"{""exact_fraction"": ""1"", ""probability"": 1.0, ""reason"": null, ""status"": ""ok""}",NC,G_without_selection,"{""absolute_error_pp"": 0.0, ""attempts"": 900, ""brier"": 0.0, ""forecast"": 1.0, ""observed"": 1.0, ""signed_error_pp"": 0.0, ""successes"": 900}",list_vets,split,0
spring_petclinic_microservices,v4-confirmation-771621/spring_petclinic_microservices/split/NC/0,,qualified,"{""exact_fraction"": ""1"", ""probability"": 1.0, ""reason"": null, ""status"": ""ok""}",NC,G_without_completion,"{""absolute_error_pp"": 0.0, ""attempts"": 900, ""brier"": 0.0, ""forecast"": 1.0, ""observed"": 1.0, ""signed_error_pp"": 0.0, ""successes"": 900}",list_vets,split,0
spring_petclinic_microservices,v4-confirmation-771621/spring_petclinic_microservices/split/NC/0,,qualified,"{""exact_fraction"": ""1"", ""probability"": 1.0, ""reason"": null, ""status"": ""ok""}",NC,G0,"{""absolute_error_pp"": 0.0, ""attempts"": 900, ""brier"": 0.0, ""forecast"": 1.0, ""observed"": 1.0, ""signed_error_pp"": 0.0, ""successes"": 900}",list_vets,split,0
spring_petclinic_microservices,v4-confirmation-771621/spring_petclinic_microservices/split/NC/0,,qualified,"{""attempts"": 900, ""exact_fraction"": ""900/900"", ""probability"": 1.0, ""reason"": null, ""status"": ""ok"", ""successes"": 900, ""timeouts"": 0}",NC,B0,"{""absolute_error_pp"": 0.0, ""attempts"": 900, ""brier"": 0.0, ""forecast"": 1.0, ""observed"": 1.0, ""signed_error_pp"": 0.0, ""successes"": 900}",list_vets,split,0
spring_petclinic_microservices,v4-confirmation-771621/spring_petclinic_microservices/split/NC/0,,qualified,"{""model_id"": ""campaign-1871b92b15f956d73945--list_vets--conditional_local"", ""probability"": 1.0, ""reason"": null, ""status"": ""ok""}",NC,PMX,"{""absolute_error_pp"": 0.0, ""attempts"": 900, ""brier"": 0.0, ""forecast"": 1.0, ""observed"": 1.0, ""signed_error_pp"": 0.0, ""successes"": 900}",list_vets,split,0
spring_petclinic_microservices,v4-confirmation-771621/spring_petclinic_microservices/split/NC/0,,qualified,"{""model_id"": ""campaign-1871b92b15f956d73945--list_vets--inclusive"", ""probability"": 1.0, ""reason"": null, ""status"": ""ok""}",NC,PMX_inclusive,"{""absolute_error_pp"": 0.0, ""attempts"": 900, ""brier"": 0.0, ""forecast"": 1.0, ""observed"": 1.0, ""signed_error_pp"": 0.0, ""successes"": 900}",list_vets,split,0
spring_petclinic_microservices,v4-confirmation-771621/spring_petclinic_microservices/split/NC/0,,qualified,"{""exact_fraction"": ""839/900"", ""probability"": 0.9322222222222222, ""reason"": null, ""status"": ""ok""}",NC,Gstar,"{""absolute_error_pp"": 2.111111111111108, ""attempts"": 900, ""brier"": 0.08143333333333333, ""forecast"": 0.9322222222222222, ""observed"": 0.9111111111111111, ""signed_error_pp"": 2.111111111111108, ""successes"": 820}",owner_details_with_visits,split,0
spring_petclinic_microservices,v4-confirmation-771621/spring_petclinic_microservices/split/NC/0,,qualified,"{""identified_lower"": 0.9322222222222222, ""identified_upper"": 1.0, ""lower_exact"": ""839/900"", ""probability"": null, ""reason"": ""not_point_identified_under_declared_observation_law"", ""status"": ""unsupported"", ""upper_exact"": ""1""}",NC,GID,,owner_details_with_visits,split,0
spring_petclinic_microservices,v4-confirmation-771621/spring_petclinic_microservices/split/NC/0,,qualified,"{""identified_lower"": 0.9322222222222222, ""identified_upper"": 1.0, ""lower_exact"": ""839/900"", ""probability"": null, ""reason"": ""not_point_identified_under_declared_observation_law"", ""status"": ""unsupported"", ""upper_exact"": ""1""}",NC,Gselected,,owner_details_with_visits,split,0
spring_petclinic_microservices,v4-confirmation-771621/spring_petclinic_microservices/split/NC/0,,qualified,"{""identified_lower"": 0.9322222222222222, ""identified_upper"": 0.9588888888888889, ""lower_exact"": ""839/900"", ""probability"": null, ""reason"": ""not_point_identified_under_declared_observation_law"", ""status"": ""unsupported"", ""upper_exact"": ""863/900""}",NC,G_without_deadline,,owner_details_with_visits,split,0
spring_petclinic_microservices,v4-confirmation-771621/spring_petclinic_microservices/split/NC/0,,qualified,"{""exact_fraction"": ""839/900"", ""probability"": 0.9322222222222222, ""reason"": null, ""status"": ""ok""}",NC,G_without_selection,"{""absolute_error_pp"": 2.111111111111108, ""attempts"": 900, ""brier"": 0.08143333333333333, ""forecast"": 0.9322222222222222, ""observed"": 0.9111111111111111, ""signed_error_pp"": 2.111111111111108, ""successes"": 820}",owner_details_with_visits,split,0
spring_petclinic_microservices,v4-confirmation-771621/spring_petclinic_microservices/split/NC/0,,qualified,"{""identified_lower"": 0.9322222222222222, ""identified_upper"": 0.9733333333333334, ""lower_exact"": ""839/900"", ""probability"": null, ""reason"": ""not_point_identified_under_declared_observation_law"", ""status"": ""unsupported"", ""upper_exact"": ""73/75""}",NC,G_without_completion,,owner_details_with_visits,split,0
spring_petclinic_microservices,v4-confirmation-771621/spring_petclinic_microservices/split/NC/0,,qualified,"{""exact_fraction"": ""1"", ""probability"": 1.0, ""reason"": null, ""status"": ""ok""}",NC,G0,"{""absolute_error_pp"": 8.888888888888891, ""attempts"": 900, ""brier"": 0.08888888888888889, ""forecast"": 1.0, ""observed"": 0.9111111111111111, ""signed_error_pp"": 8.888888888888891, ""successes"": 820}",owner_details_with_visits,split,0
spring_petclinic_microservices,v4-confirmation-771621/spring_petclinic_microservices/split/NC/0,,qualified,"{""attempts"": 900, ""exact_fraction"": ""839/900"", ""probability"": 0.9322222222222222, ""reason"": null, ""status"": ""ok"", ""successes"": 839, ""timeouts"": 24}",NC,B0,"{""absolute_error_pp"": 2.111111111111108, ""attempts"": 900, ""brier"": 0.08143333333333333, ""forecast"": 0.9322222222222222, ""observed"": 0.9111111111111111, ""signed_error_pp"": 2.111111111111108, ""successes"": 820}",owner_details_with_visits,split,0
spring_petclinic_microservices,v4-confirmation-771621/spring_petclinic_microservices/split/NC/0,,qualified,"{""model_id"": ""campaign-1871b92b15f956d73945--owner_details_with_visits--conditional_local"", ""probability"": 0.9322222222222222, ""reason"": null, ""status"": ""ok""}",NC,PMX,"{""absolute_error_pp"": 2.111111111111108, ""attempts"": 900, ""brier"": 0.08143333333333333, ""forecast"": 0.9322222222222222, ""observed"": 0.9111111111111111, ""signed_error_pp"": 2.111111111111108, ""successes"": 820}",owner_details_with_visits,split,0
spring_petclinic_microservices,v4-confirmation-771621/spring_petclinic_microservices/split/NC/0,,qualified,"{""model_id"": ""campaign-1871b92b15f956d73945--owner_details_with_visits--inclusive"", ""probability"": 0.9322222222222222, ""reason"": null, ""status"": ""ok""}",NC,PMX_inclusive,"{""absolute_error_pp"": 2.111111111111108, ""attempts"": 900, ""brier"": 0.08143333333333333, ""forecast"": 0.9322222222222222, ""observed"": 0.9111111111111111, ""signed_error_pp"": 2.111111111111108, ""successes"": 820}",owner_details_with_visits,split,0
spring_petclinic_microservices,v4-confirmation-771621/spring_petclinic_microservices/split/NC/1,,qualified,"{""exact_fraction"": ""203/225"", ""probability"": 0.9022222222222223, ""reason"": null, ""status"": ""ok""}",NC,Gstar,"{""absolute_error_pp"": 2.0000000000000018, ""attempts"": 900, ""brier"": 0.0721283950617284, ""forecast"": 0.9022222222222223, ""observed"": 0.9222222222222223, ""signed_error_pp"": -2.0000000000000018, ""successes"": 830}",create_visit,split,1
spring_petclinic_microservices,v4-confirmation-771621/spring_petclinic_microservices/split/NC/1,,qualified,"{""identified_lower"": 0.9022222222222223, ""identified_upper"": 1.0, ""lower_exact"": ""203/225"", ""probability"": null, ""reason"": ""not_point_identified_under_declared_observation_law"", ""status"": ""unsupported"", ""upper_exact"": ""1""}",NC,GID,,create_visit,split,1
spring_petclinic_microservices,v4-confirmation-771621/spring_petclinic_microservices/split/NC/1,,qualified,"{""identified_lower"": 0.9022222222222223, ""identified_upper"": 1.0, ""lower_exact"": ""203/225"", ""probability"": null, ""reason"": ""not_point_identified_under_declared_observation_law"", ""status"": ""unsupported"", ""upper_exact"": ""1""}",NC,Gselected,,create_visit,split,1
spring_petclinic_microservices,v4-confirmation-771621/spring_petclinic_microservices/split/NC/1,,qualified,"{""identified_lower"": 0.9022222222222223, ""identified_upper"": 0.9277777777777778, ""lower_exact"": ""203/225"", ""probability"": null, ""reason"": ""not_point_identified_under_declared_observation_law"", ""status"": ""unsupported"", ""upper_exact"": ""167/180""}",NC,G_without_deadline,,create_visit,split,1
spring_petclinic_microservices,v4-confirmation-771621/spring_petclinic_microservices/split/NC/1,,qualified,"{""exact_fraction"": ""203/225"", ""probability"": 0.9022222222222223, ""reason"": null, ""status"": ""ok""}",NC,G_without_selection,"{""absolute_error_pp"": 2.0000000000000018, ""attempts"": 900, ""brier"": 0.0721283950617284, ""forecast"": 0.9022222222222223, ""observed"": 0.9222222222222223, ""signed_error_pp"": -2.0000000000000018, ""successes"": 830}",create_visit,split,1
spring_petclinic_microservices,v4-confirmation-771621/spring_petclinic_microservices/split/NC/1,,qualified,"{""identified_lower"": 0.9022222222222223, ""identified_upper"": 0.9744444444444444, ""lower_exact"": ""203/225"", ""probability"": null, ""reason"": ""not_point_identified_under_declared_observation_law"", ""status"": ""unsupported"", ""upper_exact"": ""877/900""}",NC,G_without_completion,,create_visit,split,1
spring_petclinic_microservices,v4-confirmation-771621/spring_petclinic_microservices/split/NC/1,,qualified,"{""exact_fraction"": ""1"", ""probability"": 1.0, ""reason"": null, ""status"": ""ok""}",NC,G0,"{""absolute_error_pp"": 7.777777777777772, ""attempts"": 900, ""brier"": 0.07777777777777778, ""forecast"": 1.0, ""observed"": 0.9222222222222223, ""signed_error_pp"": 7.777777777777772, ""successes"": 830}",create_visit,split,1
spring_petclinic_microservices,v4-confirmation-771621/spring_petclinic_microservices/split/NC/1,,qualified,"{""attempts"": 900, ""exact_fraction"": ""812/900"", ""probability"": 0.9022222222222223, ""reason"": null, ""status"": ""ok"", ""successes"": 812, ""timeouts"": 23}",NC,B0,"{""absolute_error_pp"": 2.0000000000000018, ""attempts"": 900, ""brier"": 0.0721283950617284, ""forecast"": 0.9022222222222223, ""observed"": 0.9222222222222223, ""signed_error_pp"": -2.0000000000000018, ""successes"": 830}",create_visit,split,1
spring_petclinic_microservices,v4-confirmation-771621/spring_petclinic_microservices/split/NC/1,,qualified,"{""model_id"": ""campaign-59877e8c89b929f17cc8--create_visit--conditional_local"", ""probability"": 0.9027096503289717, ""reason"": null, ""status"": ""ok""}",NC,PMX,"{""absolute_error_pp"": 1.9512571893250619, ""attempts"": 900, ""brier"": 0.07210913552361767, ""forecast"": 0.9027096503289717, ""observed"": 0.9222222222222223, ""signed_error_pp"": -1.9512571893250619, ""successes"": 830}",create_visit,split,1
spring_petclinic_microservices,v4-confirmation-771621/spring_petclinic_microservices/split/NC/1,,qualified,"{""model_id"": ""campaign-59877e8c89b929f17cc8--create_visit--inclusive"", ""probability"": 0.8375139533607681, ""reason"": null, ""status"": ""ok""}",NC,PMX_inclusive,"{""absolute_error_pp"": 8.47082688614542, ""attempts"": 900, ""brier"": 0.07890388587523281, ""forecast"": 0.8375139533607681, ""observed"": 0.9222222222222223, ""signed_error_pp"": -8.47082688614542, ""successes"": 830}",create_visit,split,1
spring_petclinic_microservices,v4-confirmation-771621/spring_petclinic_microservices/split/NC/1,,qualified,"{""exact_fraction"": ""1"", ""probability"": 1.0, ""reason"": null, ""status"": ""ok""}",NC,Gstar,"{""absolute_error_pp"": 0.0, ""attempts"": 900, ""brier"": 0.0, ""forecast"": 1.0, ""observed"": 1.0, ""signed_error_pp"": 0.0, ""successes"": 900}",list_owners,split,1
spring_petclinic_microservices,v4-confirmation-771621/spring_petclinic_microservices/split/NC/1,,qualified,"{""exact_fraction"": ""1"", ""probability"": 1.0, ""reason"": null, ""status"": ""ok""}",NC,GID,"{""absolute_error_pp"": 0.0, ""attempts"": 900, ""brier"": 0.0, ""forecast"": 1.0, ""observed"": 1.0, ""signed_error_pp"": 0.0, ""successes"": 900}",list_owners,split,1
spring_petclinic_microservices,v4-confirmation-771621/spring_petclinic_microservices/split/NC/1,,qualified,"{""exact_fraction"": ""1"", ""probability"": 1.0, ""reason"": null, ""status"": ""ok""}",NC,Gselected,"{""absolute_error_pp"": 0.0, ""attempts"": 900, ""brier"": 0.0, ""forecast"": 1.0, ""observed"": 1.0, ""signed_error_pp"": 0.0, ""successes"": 900}",list_owners,split,1
spring_petclinic_microservices,v4-confirmation-771621/spring_petclinic_microservices/split/NC/1,,qualified,"{""exact_fraction"": ""1"", ""probability"": 1.0, ""reason"": null, ""status"": ""ok""}",NC,G_without_deadline,"{""absolute_error_pp"": 0.0, ""attempts"": 900, ""brier"": 0.0, ""forecast"": 1.0, ""observed"": 1.0, ""signed_error_pp"": 0.0, ""successes"": 900}",list_owners,split,1
spring_petclinic_microservices,v4-confirmation-771621/spring_petclinic_microservices/split/NC/1,,qualified,"{""exact_fraction"": ""1"", ""probability"": 1.0, ""reason"": null, ""status"": ""ok""}",NC,G_without_selection,"{""absolute_error_pp"": 0.0, ""attempts"": 900, ""brier"": 0.0, ""forecast"": 1.0, ""observed"": 1.0, ""signed_error_pp"": 0.0, ""successes"": 900}",list_owners,split,1
spring_petclinic_microservices,v4-confirmation-771621/spring_petclinic_microservices/split/NC/1,,qualified,"{""exact_fraction"": ""1"", ""probability"": 1.0, ""reason"": null, ""status"": ""ok""}",NC,G_without_completion,"{""absolute_error_pp"": 0.0, ""attempts"": 900, ""brier"": 0.0, ""forecast"": 1.0, ""observed"": 1.0, ""signed_error_pp"": 0.0, ""successes"": 900}",list_owners,split,1
spring_petclinic_microservices,v4-confirmation-771621/spring_petclinic_microservices/split/NC/1,,qualified,"{""exact_fraction"": ""1"", ""probability"": 1.0, ""reason"": null, ""status"": ""ok""}",NC,G0,"{""absolute_error_pp"": 0.0, ""attempts"": 900, ""brier"": 0.0, ""forecast"": 1.0, ""observed"": 1.0, ""signed_error_pp"": 0.0, ""successes"": 900}",list_owners,split,1
spring_petclinic_microservices,v4-confirmation-771621/spring_petclinic_microservices/split/NC/1,,qualified,"{""attempts"": 900, ""exact_fraction"": ""900/900"", ""probability"": 1.0, ""reason"": null, ""status"": ""ok"", ""successes"": 900, ""timeouts"": 0}",NC,B0,"{""absolute_error_pp"": 0.0, ""attempts"": 900, ""brier"": 0.0, ""forecast"": 1.0, ""observed"": 1.0, ""signed_error_pp"": 0.0, ""successes"": 900}",list_owners,split,1
spring_petclinic_microservices,v4-confirmation-771621/spring_petclinic_microservices/split/NC/1,,qualified,"{""model_id"": ""campaign-59877e8c89b929f17cc8--list_owners--conditional_local"", ""probability"": 1.0, ""reason"": null, ""status"": ""ok""}",NC,PMX,"{""absolute_error_pp"": 0.0, ""attempts"": 900, ""brier"": 0.0, ""forecast"": 1.0, ""observed"": 1.0, ""signed_error_pp"": 0.0, ""successes"": 900}",list_owners,split,1
spring_petclinic_microservices,v4-confirmation-771621/spring_petclinic_microservices/split/NC/1,,qualified,"{""model_id"": ""campaign-59877e8c89b929f17cc8--list_owners--inclusive"", ""probability"": 1.0, ""reason"": null, ""status"": ""ok""}",NC,PMX_inclusive,"{""absolute_error_pp"": 0.0, ""attempts"": 900, ""brier"": 0.0, ""forecast"": 1.0, ""observed"": 1.0, ""signed_error_pp"": 0.0, ""successes"": 900}",list_owners,split,1
spring_petclinic_microservices,v4-confirmation-771621/spring_petclinic_microservices/split/NC/1,,qualified,"{""exact_fraction"": ""1"", ""probability"": 1.0, ""reason"": null, ""status"": ""ok""}",NC,Gstar,"{""absolute_error_pp"": 0.0, ""attempts"": 900, ""brier"": 0.0, ""forecast"": 1.0, ""observed"": 1.0, ""signed_error_pp"": 0.0, ""successes"": 900}",list_vets,split,1
spring_petclinic_microservices,v4-confirmation-771621/spring_petclinic_microservices/split/NC/1,,qualified,"{""exact_fraction"": ""1"", ""probability"": 1.0, ""reason"": null, ""status"": ""ok""}",NC,GID,"{""absolute_error_pp"": 0.0, ""attempts"": 900, ""brier"": 0.0, ""forecast"": 1.0, ""observed"": 1.0, ""signed_error_pp"": 0.0, ""successes"": 900}",list_vets,split,1
spring_petclinic_microservices,v4-confirmation-771621/spring_petclinic_microservices/split/NC/1,,qualified,"{""exact_fraction"": ""1"", ""probability"": 1.0, ""reason"": null, ""status"": ""ok""}",NC,Gselected,"{""absolute_error_pp"": 0.0, ""attempts"": 900, ""brier"": 0.0, ""forecast"": 1.0, ""observed"": 1.0, ""signed_error_pp"": 0.0, ""successes"": 900}",list_vets,split,1
spring_petclinic_microservices,v4-confirmation-771621/spring_petclinic_microservices/split/NC/1,,qualified,"{""exact_fraction"": ""1"", ""probability"": 1.0, ""reason"": null, ""status"": ""ok""}",NC,G_without_deadline,"{""absolute_error_pp"": 0.0, ""attempts"": 900, ""brier"": 0.0, ""forecast"": 1.0, ""observed"": 1.0, ""signed_error_pp"": 0.0, ""successes"": 900}",list_vets,split,1
spring_petclinic_microservices,v4-confirmation-771621/spring_petclinic_microservices/split/NC/1,,qualified,"{""exact_fraction"": ""1"", ""probability"": 1.0, ""reason"": null, ""status"": ""ok""}",NC,G_without_selection,"{""absolute_error_pp"": 0.0, ""attempts"": 900, ""brier"": 0.0, ""forecast"": 1.0, ""observed"": 1.0, ""signed_error_pp"": 0.0, ""successes"": 900}",list_vets,split,1
spring_petclinic_microservices,v4-confirmation-771621/spring_petclinic_microservices/split/NC/1,,qualified,"{""exact_fraction"": ""1"", ""probability"": 1.0, ""reason"": null, ""status"": ""ok""}",NC,G_without_completion,"{""absolute_error_pp"": 0.0, ""attempts"": 900, ""brier"": 0.0, ""forecast"": 1.0, ""observed"": 1.0, ""signed_error_pp"": 0.0, ""successes"": 900}",list_vets,split,1
spring_petclinic_microservices,v4-confirmation-771621/spring_petclinic_microservices/split/NC/1,,qualified,"{""exact_fraction"": ""1"", ""probability"": 1.0, ""reason"": null, ""status"": ""ok""}",NC,G0,"{""absolute_error_pp"": 0.0, ""attempts"": 900, ""brier"": 0.0, ""forecast"": 1.0, ""observed"": 1.0, ""signed_error_pp"": 0.0, ""successes"": 900}",list_vets,split,1
spring_petclinic_microservices,v4-confirmation-771621/spring_petclinic_microservices/split/NC/1,,qualified,"{""attempts"": 900, ""exact_fraction"": ""900/900"", ""probability"": 1.0, ""reason"": null, ""status"": ""ok"", ""successes"": 900, ""timeouts"": 0}",NC,B0,"{""absolute_error_pp"": 0.0, ""attempts"": 900, ""brier"": 0.0, ""forecast"": 1.0, ""observed"": 1.0, ""signed_error_pp"": 0.0, ""successes"": 900}",list_vets,split,1
spring_petclinic_microservices,v4-confirmation-771621/spring_petclinic_microservices/split/NC/1,,qualified,"{""model_id"": ""campaign-59877e8c89b929f17cc8--list_vets--conditional_local"", ""probability"": 1.0, ""reason"": null, ""status"": ""ok""}",NC,PMX,"{""absolute_error_pp"": 0.0, ""attempts"": 900, ""brier"": 0.0, ""forecast"": 1.0, ""observed"": 1.0, ""signed_error_pp"": 0.0, ""successes"": 900}",list_vets,split,1
spring_petclinic_microservices,v4-confirmation-771621/spring_petclinic_microservices/split/NC/1,,qualified,"{""model_id"": ""campaign-59877e8c89b929f17cc8--list_vets--inclusive"", ""probability"": 1.0, ""reason"": null, ""status"": ""ok""}",NC,PMX_inclusive,"{""absolute_error_pp"": 0.0, ""attempts"": 900, ""brier"": 0.0, ""forecast"": 1.0, ""observed"": 1.0, ""signed_error_pp"": 0.0, ""successes"": 900}",list_vets,split,1
spring_petclinic_microservices,v4-confirmation-771621/spring_petclinic_microservices/split/NC/1,,qualified,"{""exact_fraction"": ""823/900"", ""probability"": 0.9144444444444444, ""reason"": null, ""status"": ""ok""}",NC,Gstar,"{""absolute_error_pp"": 1.6666666666666718, ""attempts"": 900, ""brier"": 0.06442098765432099, ""forecast"": 0.9144444444444444, ""observed"": 0.9311111111111111, ""signed_error_pp"": -1.6666666666666718, ""successes"": 838}",owner_details_with_visits,split,1
spring_petclinic_microservices,v4-confirmation-771621/spring_petclinic_microservices/split/NC/1,,qualified,"{""identified_lower"": 0.9144444444444444, ""identified_upper"": 1.0, ""lower_exact"": ""823/900"", ""probability"": null, ""reason"": ""not_point_identified_under_declared_observation_law"", ""status"": ""unsupported"", ""upper_exact"": ""1""}",NC,GID,,owner_details_with_visits,split,1
spring_petclinic_microservices,v4-confirmation-771621/spring_petclinic_microservices/split/NC/1,,qualified,"{""identified_lower"": 0.9144444444444444, ""identified_upper"": 1.0, ""lower_exact"": ""823/900"", ""probability"": null, ""reason"": ""not_point_identified_under_declared_observation_law"", ""status"": ""unsupported"", ""upper_exact"": ""1""}",NC,Gselected,,owner_details_with_visits,split,1
spring_petclinic_microservices,v4-confirmation-771621/spring_petclinic_microservices/split/NC/1,,qualified,"{""identified_lower"": 0.9144444444444444, ""identified_upper"": 0.9311111111111111, ""lower_exact"": ""823/900"", ""probability"": null, ""reason"": ""not_point_identified_under_declared_observation_law"", ""status"": ""unsupported"", ""upper_exact"": ""419/450""}",NC,G_without_deadline,,owner_details_with_visits,split,1
spring_petclinic_microservices,v4-confirmation-771621/spring_petclinic_microservices/split/NC/1,,qualified,"{""exact_fraction"": ""823/900"", ""probability"": 0.9144444444444444, ""reason"": null, ""status"": ""ok""}",NC,G_without_selection,"{""absolute_error_pp"": 1.6666666666666718, ""attempts"": 900, ""brier"": 0.06442098765432099, ""forecast"": 0.9144444444444444, ""observed"": 0.9311111111111111, ""signed_error_pp"": -1.6666666666666718, ""successes"": 838}",owner_details_with_visits,split,1
spring_petclinic_microservices,v4-confirmation-771621/spring_petclinic_microservices/split/NC/1,,qualified,"{""identified_lower"": 0.9144444444444444, ""identified_upper"": 0.9833333333333333, ""lower_exact"": ""823/900"", ""probability"": null, ""reason"": ""not_point_identified_under_declared_observation_law"", ""status"": ""unsupported"", ""upper_exact"": ""59/60""}",NC,G_without_completion,,owner_details_with_visits,split,1
spring_petclinic_microservices,v4-confirmation-771621/spring_petclinic_microservices/split/NC/1,,qualified,"{""exact_fraction"": ""1"", ""probability"": 1.0, ""reason"": null, ""status"": ""ok""}",NC,G0,"{""absolute_error_pp"": 6.888888888888889, ""attempts"": 900, ""brier"": 0.06888888888888889, ""forecast"": 1.0, ""observed"": 0.9311111111111111, ""signed_error_pp"": 6.888888888888889, ""successes"": 838}",owner_details_with_visits,split,1
spring_petclinic_microservices,v4-confirmation-771621/spring_petclinic_microservices/split/NC/1,,qualified,"{""attempts"": 900, ""exact_fraction"": ""823/900"", ""probability"": 0.9144444444444444, ""reason"": null, ""status"": ""ok"", ""successes"": 823, ""timeouts"": 15}",NC,B0,"{""absolute_error_pp"": 1.6666666666666718, ""attempts"": 900, ""brier"": 0.06442098765432099, ""forecast"": 0.9144444444444444, ""observed"": 0.9311111111111111, ""signed_error_pp"": -1.6666666666666718, ""successes"": 838}",owner_details_with_visits,split,1
spring_petclinic_microservices,v4-confirmation-771621/spring_petclinic_microservices/split/NC/1,,qualified,"{""model_id"": ""campaign-59877e8c89b929f17cc8--owner_details_with_visits--conditional_local"", ""probability"": 0.9144444444444444, ""reason"": null, ""status"": ""ok""}",NC,PMX,"{""absolute_error_pp"": 1.6666666666666718, ""attempts"": 900, ""brier"": 0.06442098765432099, ""forecast"": 0.9144444444444444, ""observed"": 0.9311111111111111, ""signed_error_pp"": -1.6666666666666718, ""successes"": 838}",owner_details_with_visits,split,1
spring_petclinic_microservices,v4-confirmation-771621/spring_petclinic_microservices/split/NC/1,,qualified,"{""model_id"": ""campaign-59877e8c89b929f17cc8--owner_details_with_visits--inclusive"", ""probability"": 0.9144444444444444, ""reason"": null, ""status"": ""ok""}",NC,PMX_inclusive,"{""absolute_error_pp"": 1.6666666666666718, ""attempts"": 900, ""brier"": 0.06442098765432099, ""forecast"": 0.9144444444444444, ""observed"": 0.9311111111111111, ""signed_error_pp"": -1.6666666666666718, ""successes"": 838}",owner_details_with_visits,split,1
spring_petclinic_microservices,v4-confirmation-771621/spring_petclinic_microservices/split/NC/2,,qualified,"{""exact_fraction"": ""137/150"", ""probability"": 0.9133333333333333, ""reason"": null, ""status"": ""ok""}",NC,Gstar,"{""absolute_error_pp"": 1.4444444444444482, ""attempts"": 900, ""brier"": 0.06721481481481481, ""forecast"": 0.9133333333333333, ""observed"": 0.9277777777777778, ""signed_error_pp"": -1.4444444444444482, ""successes"": 835}",create_visit,split,2
spring_petclinic_microservices,v4-confirmation-771621/spring_petclinic_microservices/split/NC/2,,qualified,"{""identified_lower"": 0.9144444444444444, ""identified_upper"": 1.0, ""lower_exact"": ""823/900"", ""probability"": null, ""reason"": ""not_point_identified_under_declared_observation_law"", ""status"": ""unsupported"", ""upper_exact"": ""1""}",NC,GID,,create_visit,split,2
spring_petclinic_microservices,v4-confirmation-771621/spring_petclinic_microservices/split/NC/2,,qualified,"{""identified_lower"": 0.9144444444444444, ""identified_upper"": 1.0, ""lower_exact"": ""823/900"", ""probability"": null, ""reason"": ""not_point_identified_under_declared_observation_law"", ""status"": ""unsupported"", ""upper_exact"": ""1""}",NC,Gselected,,create_visit,split,2
spring_petclinic_microservices,v4-confirmation-771621/spring_petclinic_microservices/split/NC/2,,qualified,"{""identified_lower"": 0.9133333333333333, ""identified_upper"": 0.9344444444444444, ""lower_exact"": ""137/150"", ""probability"": null, ""reason"": ""not_point_identified_under_declared_observation_law"", ""status"": ""unsupported"", ""upper_exact"": ""841/900""}",NC,G_without_deadline,,create_visit,split,2
spring_petclinic_microservices,v4-confirmation-771621/spring_petclinic_microservices/split/NC/2,,qualified,"{""exact_fraction"": ""137/150"", ""probability"": 0.9133333333333333, ""reason"": null, ""status"": ""ok""}",NC,G_without_selection,"{""absolute_error_pp"": 1.4444444444444482, ""attempts"": 900, ""brier"": 0.06721481481481481, ""forecast"": 0.9133333333333333, ""observed"": 0.9277777777777778, ""signed_error_pp"": -1.4444444444444482, ""successes"": 835}",create_visit,split,2
spring_petclinic_microservices,v4-confirmation-771621/spring_petclinic_microservices/split/NC/2,,qualified,"{""identified_lower"": 0.9144444444444444, ""identified_upper"": 0.9788888888888889, ""lower_exact"": ""823/900"", ""probability"": null, ""reason"": ""not_point_identified_under_declared_observation_law"", ""status"": ""unsupported"", ""upper_exact"": ""881/900""}",NC,G_without_completion,,create_visit,split,2
spring_petclinic_microservices,v4-confirmation-771621/spring_petclinic_microservices/split/NC/2,,qualified,"{""exact_fraction"": ""1"", ""probability"": 1.0, ""reason"": null, ""status"": ""ok""}",NC,G0,"{""absolute_error_pp"": 7.222222222222219, ""attempts"": 900, ""brier"": 0.07222222222222222, ""forecast"": 1.0, ""observed"": 0.9277777777777778, ""signed_error_pp"": 7.222222222222219, ""successes"": 835}",create_visit,split,2
spring_petclinic_microservices,v4-confirmation-771621/spring_petclinic_microservices/split/NC/2,,qualified,"{""attempts"": 900, ""exact_fraction"": ""822/900"", ""probability"": 0.9133333333333333, ""reason"": null, ""status"": ""ok"", ""successes"": 822, ""timeouts"": 19}",NC,B0,"{""absolute_error_pp"": 1.4444444444444482, ""attempts"": 900, ""brier"": 0.06721481481481481, ""forecast"": 0.9133333333333333, ""observed"": 0.9277777777777778, ""signed_error_pp"": -1.4444444444444482, ""successes"": 835}",create_visit,split,2
spring_petclinic_microservices,v4-confirmation-771621/spring_petclinic_microservices/split/NC/2,,qualified,"{""model_id"": ""campaign-606f9881a23f99ddb005--create_visit--conditional_local"", ""probability"": 0.914054925793808, ""reason"": null, ""status"": ""ok""}",NC,PMX,"{""absolute_error_pp"": 1.372285198396983, ""attempts"": 900, ""brier"": 0.06719448950608012, ""forecast"": 0.914054925793808, ""observed"": 0.9277777777777778, ""signed_error_pp"": -1.372285198396983, ""successes"": 835}",create_visit,split,2
spring_petclinic_microservices,v4-confirmation-771621/spring_petclinic_microservices/split/NC/2,,qualified,"{""model_id"": ""campaign-606f9881a23f99ddb005--create_visit--inclusive"", ""probability"": 0.8541335473251028, ""reason"": null, ""status"": ""ok""}",NC,PMX_inclusive,"{""absolute_error_pp"": 7.364423045267499, ""attempts"": 900, ""brier"": 0.07242964551847286, ""forecast"": 0.8541335473251028, ""observed"": 0.9277777777777778, ""signed_error_pp"": -7.364423045267499, ""successes"": 835}",create_visit,split,2
spring_petclinic_microservices,v4-confirmation-771621/spring_petclinic_microservices/split/NC/2,,qualified,"{""exact_fraction"": ""1"", ""probability"": 1.0, ""reason"": null, ""status"": ""ok""}",NC,Gstar,"{""absolute_error_pp"": 0.0, ""attempts"": 900, ""brier"": 0.0, ""forecast"": 1.0, ""observed"": 1.0, ""signed_error_pp"": 0.0, ""successes"": 900}",list_owners,split,2
spring_petclinic_microservices,v4-confirmation-771621/spring_petclinic_microservices/split/NC/2,,qualified,"{""exact_fraction"": ""1"", ""probability"": 1.0, ""reason"": null, ""status"": ""ok""}",NC,GID,"{""absolute_error_pp"": 0.0, ""attempts"": 900, ""brier"": 0.0, ""forecast"": 1.0, ""observed"": 1.0, ""signed_error_pp"": 0.0, ""successes"": 900}",list_owners,split,2
spring_petclinic_microservices,v4-confirmation-771621/spring_petclinic_microservices/split/NC/2,,qualified,"{""exact_fraction"": ""1"", ""probability"": 1.0, ""reason"": null, ""status"": ""ok""}",NC,Gselected,"{""absolute_error_pp"": 0.0, ""attempts"": 900, ""brier"": 0.0, ""forecast"": 1.0, ""observed"": 1.0, ""signed_error_pp"": 0.0, ""successes"": 900}",list_owners,split,2
spring_petclinic_microservices,v4-confirmation-771621/spring_petclinic_microservices/split/NC/2,,qualified,"{""exact_fraction"": ""1"", ""probability"": 1.0, ""reason"": null, ""status"": ""ok""}",NC,G_without_deadline,"{""absolute_error_pp"": 0.0, ""attempts"": 900, ""brier"": 0.0, ""forecast"": 1.0, ""observed"": 1.0, ""signed_error_pp"": 0.0, ""successes"": 900}",list_owners,split,2
spring_petclinic_microservices,v4-confirmation-771621/spring_petclinic_microservices/split/NC/2,,qualified,"{""exact_fraction"": ""1"", ""probability"": 1.0, ""reason"": null, ""status"": ""ok""}",NC,G_without_selection,"{""absolute_error_pp"": 0.0, ""attempts"": 900, ""brier"": 0.0, ""forecast"": 1.0, ""observed"": 1.0, ""signed_error_pp"": 0.0, ""successes"": 900}",list_owners,split,2
spring_petclinic_microservices,v4-confirmation-771621/spring_petclinic_microservices/split/NC/2,,qualified,"{""exact_fraction"": ""1"", ""probability"": 1.0, ""reason"": null, ""status"": ""ok""}",NC,G_without_completion,"{""absolute_error_pp"": 0.0, ""attempts"": 900, ""brier"": 0.0, ""forecast"": 1.0, ""observed"": 1.0, ""signed_error_pp"": 0.0, ""successes"": 900}",list_owners,split,2
spring_petclinic_microservices,v4-confirmation-771621/spring_petclinic_microservices/split/NC/2,,qualified,"{""exact_fraction"": ""1"", ""probability"": 1.0, ""reason"": null, ""status"": ""ok""}",NC,G0,"{""absolute_error_pp"": 0.0, ""attempts"": 900, ""brier"": 0.0, ""forecast"": 1.0, ""observed"": 1.0, ""signed_error_pp"": 0.0, ""successes"": 900}",list_owners,split,2
spring_petclinic_microservices,v4-confirmation-771621/spring_petclinic_microservices/split/NC/2,,qualified,"{""attempts"": 900, ""exact_fraction"": ""900/900"", ""probability"": 1.0, ""reason"": null, ""status"": ""ok"", ""successes"": 900, ""timeouts"": 0}",NC,B0,"{""absolute_error_pp"": 0.0, ""attempts"": 900, ""brier"": 0.0, ""forecast"": 1.0, ""observed"": 1.0, ""signed_error_pp"": 0.0, ""successes"": 900}",list_owners,split,2
spring_petclinic_microservices,v4-confirmation-771621/spring_petclinic_microservices/split/NC/2,,qualified,"{""model_id"": ""campaign-606f9881a23f99ddb005--list_owners--conditional_local"", ""probability"": 1.0, ""reason"": null, ""status"": ""ok""}",NC,PMX,"{""absolute_error_pp"": 0.0, ""attempts"": 900, ""brier"": 0.0, ""forecast"": 1.0, ""observed"": 1.0, ""signed_error_pp"": 0.0, ""successes"": 900}",list_owners,split,2
spring_petclinic_microservices,v4-confirmation-771621/spring_petclinic_microservices/split/NC/2,,qualified,"{""model_id"": ""campaign-606f9881a23f99ddb005--list_owners--inclusive"", ""probability"": 1.0, ""reason"": null, ""status"": ""ok""}",NC,PMX_inclusive,"{""absolute_error_pp"": 0.0, ""attempts"": 900, ""brier"": 0.0, ""forecast"": 1.0, ""observed"": 1.0, ""signed_error_pp"": 0.0, ""successes"": 900}",list_owners,split,2
spring_petclinic_microservices,v4-confirmation-771621/spring_petclinic_microservices/split/NC/2,,qualified,"{""exact_fraction"": ""1"", ""probability"": 1.0, ""reason"": null, ""status"": ""ok""}",NC,Gstar,"{""absolute_error_pp"": 0.0, ""attempts"": 900, ""brier"": 0.0, ""forecast"": 1.0, ""observed"": 1.0, ""signed_error_pp"": 0.0, ""successes"": 900}",list_vets,split,2
spring_petclinic_microservices,v4-confirmation-771621/spring_petclinic_microservices/split/NC/2,,qualified,"{""exact_fraction"": ""1"", ""probability"": 1.0, ""reason"": null, ""status"": ""ok""}",NC,GID,"{""absolute_error_pp"": 0.0, ""attempts"": 900, ""brier"": 0.0, ""forecast"": 1.0, ""observed"": 1.0, ""signed_error_pp"": 0.0, ""successes"": 900}",list_vets,split,2
spring_petclinic_microservices,v4-confirmation-771621/spring_petclinic_microservices/split/NC/2,,qualified,"{""exact_fraction"": ""1"", ""probability"": 1.0, ""reason"": null, ""status"": ""ok""}",NC,Gselected,"{""absolute_error_pp"": 0.0, ""attempts"": 900, ""brier"": 0.0, ""forecast"": 1.0, ""observed"": 1.0, ""signed_error_pp"": 0.0, ""successes"": 900}",list_vets,split,2
spring_petclinic_microservices,v4-confirmation-771621/spring_petclinic_microservices/split/NC/2,,qualified,"{""exact_fraction"": ""1"", ""probability"": 1.0, ""reason"": null, ""status"": ""ok""}",NC,G_without_deadline,"{""absolute_error_pp"": 0.0, ""attempts"": 900, ""brier"": 0.0, ""forecast"": 1.0, ""observed"": 1.0, ""signed_error_pp"": 0.0, ""successes"": 900}",list_vets,split,2
spring_petclinic_microservices,v4-confirmation-771621/spring_petclinic_microservices/split/NC/2,,qualified,"{""exact_fraction"": ""1"", ""probability"": 1.0, ""reason"": null, ""status"": ""ok""}",NC,G_without_selection,"{""absolute_error_pp"": 0.0, ""attempts"": 900, ""brier"": 0.0, ""forecast"": 1.0, ""observed"": 1.0, ""signed_error_pp"": 0.0, ""successes"": 900}",list_vets,split,2
spring_petclinic_microservices,v4-confirmation-771621/spring_petclinic_microservices/split/NC/2,,qualified,"{""exact_fraction"": ""1"", ""probability"": 1.0, ""reason"": null, ""status"": ""ok""}",NC,G_without_completion,"{""absolute_error_pp"": 0.0, ""attempts"": 900, ""brier"": 0.0, ""forecast"": 1.0, ""observed"": 1.0, ""signed_error_pp"": 0.0, ""successes"": 900}",list_vets,split,2
spring_petclinic_microservices,v4-confirmation-771621/spring_petclinic_microservices/split/NC/2,,qualified,"{""exact_fraction"": ""1"", ""probability"": 1.0, ""reason"": null, ""status"": ""ok""}",NC,G0,"{""absolute_error_pp"": 0.0, ""attempts"": 900, ""brier"": 0.0, ""forecast"": 1.0, ""observed"": 1.0, ""signed_error_pp"": 0.0, ""successes"": 900}",list_vets,split,2
spring_petclinic_microservices,v4-confirmation-771621/spring_petclinic_microservices/split/NC/2,,qualified,"{""attempts"": 900, ""exact_fraction"": ""900/900"", ""probability"": 1.0, ""reason"": null, ""status"": ""ok"", ""successes"": 900, ""timeouts"": 0}",NC,B0,"{""absolute_error_pp"": 0.0, ""attempts"": 900, ""brier"": 0.0, ""forecast"": 1.0, ""observed"": 1.0, ""signed_error_pp"": 0.0, ""successes"": 900}",list_vets,split,2
spring_petclinic_microservices,v4-confirmation-771621/spring_petclinic_microservices/split/NC/2,,qualified,"{""model_id"": ""campaign-606f9881a23f99ddb005--list_vets--conditional_local"", ""probability"": 1.0, ""reason"": null, ""status"": ""ok""}",NC,PMX,"{""absolute_error_pp"": 0.0, ""attempts"": 900, ""brier"": 0.0, ""forecast"": 1.0, ""observed"": 1.0, ""signed_error_pp"": 0.0, ""successes"": 900}",list_vets,split,2
spring_petclinic_microservices,v4-confirmation-771621/spring_petclinic_microservices/split/NC/2,,qualified,"{""model_id"": ""campaign-606f9881a23f99ddb005--list_vets--inclusive"", ""probability"": 1.0, ""reason"": null, ""status"": ""ok""}",NC,PMX_inclusive,"{""absolute_error_pp"": 0.0, ""attempts"": 900, ""brier"": 0.0, ""forecast"": 1.0, ""observed"": 1.0, ""signed_error_pp"": 0.0, ""successes"": 900}",list_vets,split,2
spring_petclinic_microservices,v4-confirmation-771621/spring_petclinic_microservices/split/NC/2,,qualified,"{""exact_fraction"": ""68/75"", ""probability"": 0.9066666666666666, ""reason"": null, ""status"": ""ok""}",NC,Gstar,"{""absolute_error_pp"": 2.111111111111119, ""attempts"": 900, ""brier"": 0.06745185185185185, ""forecast"": 0.9066666666666666, ""observed"": 0.9277777777777778, ""signed_error_pp"": -2.111111111111119, ""successes"": 835}",owner_details_with_visits,split,2
spring_petclinic_microservices,v4-confirmation-771621/spring_petclinic_microservices/split/NC/2,,qualified,"{""identified_lower"": 0.9066666666666666, ""identified_upper"": 1.0, ""lower_exact"": ""68/75"", ""probability"": null, ""reason"": ""not_point_identified_under_declared_observation_law"", ""status"": ""unsupported"", ""upper_exact"": ""1""}",NC,GID,,owner_details_with_visits,split,2
spring_petclinic_microservices,v4-confirmation-771621/spring_petclinic_microservices/split/NC/2,,qualified,"{""identified_lower"": 0.9066666666666666, ""identified_upper"": 1.0, ""lower_exact"": ""68/75"", ""probability"": null, ""reason"": ""not_point_identified_under_declared_observation_law"", ""status"": ""unsupported"", ""upper_exact"": ""1""}",NC,Gselected,,owner_details_with_visits,split,2
spring_petclinic_microservices,v4-confirmation-771621/spring_petclinic_microservices/split/NC/2,,qualified,"{""identified_lower"": 0.9066666666666666, ""identified_upper"": 0.9288888888888889, ""lower_exact"": ""68/75"", ""probability"": null, ""reason"": ""not_point_identified_under_declared_observation_law"", ""status"": ""unsupported"", ""upper_exact"": ""209/225""}",NC,G_without_deadline,,owner_details_with_visits,split,2
spring_petclinic_microservices,v4-confirmation-771621/spring_petclinic_microservices/split/NC/2,,qualified,"{""exact_fraction"": ""68/75"", ""probability"": 0.9066666666666666, ""reason"": null, ""status"": ""ok""}",NC,G_without_selection,"{""absolute_error_pp"": 2.111111111111119, ""attempts"": 900, ""brier"": 0.06745185185185185, ""forecast"": 0.9066666666666666, ""observed"": 0.9277777777777778, ""signed_error_pp"": -2.111111111111119, ""successes"": 835}",owner_details_with_visits,split,2
spring_petclinic_microservices,v4-confirmation-771621/spring_petclinic_microservices/split/NC/2,,qualified,"{""identified_lower"": 0.9066666666666666, ""identified_upper"": 0.9777777777777777, ""lower_exact"": ""68/75"", ""probability"": null, ""reason"": ""not_point_identified_under_declared_observation_law"", ""status"": ""unsupported"", ""upper_exact"": ""44/45""}",NC,G_without_completion,,owner_details_with_visits,split,2
spring_petclinic_microservices,v4-confirmation-771621/spring_petclinic_microservices/split/NC/2,,qualified,"{""exact_fraction"": ""1"", ""probability"": 1.0, ""reason"": null, ""status"": ""ok""}",NC,G0,"{""absolute_error_pp"": 7.222222222222219, ""attempts"": 900, ""brier"": 0.07222222222222222, ""forecast"": 1.0, ""observed"": 0.9277777777777778, ""signed_error_pp"": 7.222222222222219, ""successes"": 835}",owner_details_with_visits,split,2
spring_petclinic_microservices,v4-confirmation-771621/spring_petclinic_microservices/split/NC/2,,qualified,"{""attempts"": 900, ""exact_fraction"": ""816/900"", ""probability"": 0.9066666666666666, ""reason"": null, ""status"": ""ok"", ""successes"": 816, ""timeouts"": 20}",NC,B0,"{""absolute_error_pp"": 2.111111111111119, ""attempts"": 900, ""brier"": 0.06745185185185185, ""forecast"": 0.9066666666666666, ""observed"": 0.9277777777777778, ""signed_error_pp"": -2.111111111111119, ""successes"": 835}",owner_details_with_visits,split,2
spring_petclinic_microservices,v4-confirmation-771621/spring_petclinic_microservices/split/NC/2,,qualified,"{""model_id"": ""campaign-606f9881a23f99ddb005--owner_details_with_visits--conditional_local"", ""probability"": 0.9066666666666666, ""reason"": null, ""status"": ""ok""}",NC,PMX,"{""absolute_error_pp"": 2.111111111111119, ""attempts"": 900, ""brier"": 0.06745185185185185, ""forecast"": 0.9066666666666666, ""observed"": 0.9277777777777778, ""signed_error_pp"": -2.111111111111119, ""successes"": 835}",owner_details_with_visits,split,2
spring_petclinic_microservices,v4-confirmation-771621/spring_petclinic_microservices/split/NC/2,,qualified,"{""model_id"": ""campaign-606f9881a23f99ddb005--owner_details_with_visits--inclusive"", ""probability"": 0.9066666666666666, ""reason"": null, ""status"": ""ok""}",NC,PMX_inclusive,"{""absolute_error_pp"": 2.111111111111119, ""attempts"": 900, ""brier"": 0.06745185185185185, ""forecast"": 0.9066666666666666, ""observed"": 0.9277777777777778, ""signed_error_pp"": -2.111111111111119, ""successes"": 835}",owner_details_with_visits,split,2
