profile,case_id,phase,method,paired_rounds,original_over_projected,kernel_original_over_projected
deathstarbench_social_network,v4-confirmation-771621/deathstarbench_social_network/split/N/0/compose_post,initial,ours_direct,3,1.0858128971596253,1.3330161052144545
deathstarbench_social_network,v4-confirmation-771621/deathstarbench_social_network/split/N/0/compose_post,initial,ours_prepared,3,1.1142307705444945,1.3232905556766583
deathstarbench_social_network,v4-confirmation-771621/deathstarbench_social_network/split/N/0/compose_post,initial,cudd_fixed,3,0.9319944687016924,1.0346625570503114
deathstarbench_social_network,v4-confirmation-771621/deathstarbench_social_network/split/N/0/compose_post,initial,cudd_sift,3,0.9870633765851571,1.0849895014525794
deathstarbench_social_network,v4-confirmation-771621/deathstarbench_social_network/split/N/0/compose_post,initial,agrum_conditioned,3,1.3428126214532727,1.377814025285481
deathstarbench_social_network,v4-confirmation-771621/deathstarbench_social_network/split/N/0/compose_post,initial,agrum_joint,3,1.4148562312698214,1.4727147592461676
deathstarbench_social_network,v4-confirmation-771621/deathstarbench_social_network/split/N/0/compose_post,initial,storm_sparse,3,1.3075751983998525,1.389554104452125
deathstarbench_social_network,v4-confirmation-771621/deathstarbench_social_network/split/N/0/compose_post,initial,storm_compact,3,1.1739811996073477,1.2528439210760027
deathstarbench_social_network,v4-confirmation-771621/deathstarbench_social_network/split/N/0/compose_post,repeat,ours_direct,3,1.0939575214389725,1.363415456690162
deathstarbench_social_network,v4-confirmation-771621/deathstarbench_social_network/split/N/0/compose_post,repeat,ours_prepared,3,0.6419512625267133,1.078873226968013
deathstarbench_social_network,v4-confirmation-771621/deathstarbench_social_network/split/N/0/compose_post,repeat,cudd_fixed,3,0.6536475221934782,1.0498844312205116
deathstarbench_social_network,v4-confirmation-771621/deathstarbench_social_network/split/N/0/compose_post,repeat,cudd_sift,3,0.669574701417502,1.0771139801650074
deathstarbench_social_network,v4-confirmation-771621/deathstarbench_social_network/split/N/0/compose_post,repeat,agrum_conditioned,3,1.0899179708137574,1.1370335464784878
deathstarbench_social_network,v4-confirmation-771621/deathstarbench_social_network/split/N/0/compose_post,repeat,agrum_joint,3,0.8671877532759728,0.9869385543949196
deathstarbench_social_network,v4-confirmation-771621/deathstarbench_social_network/split/N/0/compose_post,repeat,storm_sparse,3,1.2690361876796634,1.469293701982543
deathstarbench_social_network,v4-confirmation-771621/deathstarbench_social_network/split/N/0/compose_post,repeat,storm_compact,3,0.7911536460745818,1.0188443404711454
deathstarbench_social_network,v4-confirmation-771621/deathstarbench_social_network/split/N/0/compose_post,counts,ours_direct,3,1.122519512409578,1.3875513962754316
deathstarbench_social_network,v4-confirmation-771621/deathstarbench_social_network/split/N/0/compose_post,counts,ours_prepared,3,0.6480254520687803,1.0785624936610434
deathstarbench_social_network,v4-confirmation-771621/deathstarbench_social_network/split/N/0/compose_post,counts,cudd_fixed,3,0.6590373758396789,1.0998180886282287
deathstarbench_social_network,v4-confirmation-771621/deathstarbench_social_network/split/N/0/compose_post,counts,cudd_sift,3,0.6614876057688248,1.0448686432949796
deathstarbench_social_network,v4-confirmation-771621/deathstarbench_social_network/split/N/0/compose_post,counts,agrum_conditioned,3,1.1424100116810891,1.1891163091458568
deathstarbench_social_network,v4-confirmation-771621/deathstarbench_social_network/split/N/0/compose_post,counts,agrum_joint,3,0.9007889853409532,1.02268019919553
deathstarbench_social_network,v4-confirmation-771621/deathstarbench_social_network/split/N/0/compose_post,counts,storm_sparse,3,1.2433919685887949,1.4290922442813154
deathstarbench_social_network,v4-confirmation-771621/deathstarbench_social_network/split/N/0/compose_post,counts,storm_compact,3,0.7937455734419009,0.9924032903934945
deathstarbench_social_network,v4-confirmation-771621/deathstarbench_social_network/split/N/0/compose_post,masks,ours_direct,3,0.9255961273873134,1.0699717186478217
deathstarbench_social_network,v4-confirmation-771621/deathstarbench_social_network/split/N/0/compose_post,masks,ours_prepared,3,0.5622355698192967,0.913656701643239
deathstarbench_social_network,v4-confirmation-771621/deathstarbench_social_network/split/N/0/compose_post,masks,cudd_fixed,3,0.6808751433021464,1.1518248417281995
deathstarbench_social_network,v4-confirmation-771621/deathstarbench_social_network/split/N/0/compose_post,masks,cudd_sift,3,0.688767045559674,1.1617290538354559
deathstarbench_social_network,v4-confirmation-771621/deathstarbench_social_network/split/N/0/compose_post,masks,agrum_conditioned,3,1.267672100094349,1.3204875704042776
deathstarbench_social_network,v4-confirmation-771621/deathstarbench_social_network/split/N/0/compose_post,masks,agrum_joint,3,1.3455466510039993,1.428229534290763
deathstarbench_social_network,v4-confirmation-771621/deathstarbench_social_network/split/N/0/compose_post,masks,storm_sparse,3,1.3367019678004186,1.4290427173278373
deathstarbench_social_network,v4-confirmation-771621/deathstarbench_social_network/split/N/0/compose_post,masks,storm_compact,3,1.3969010717342545,1.493386326084044
deathstarbench_social_network,v4-confirmation-771621/deathstarbench_social_network/split/N/0/compose_post,metadata,ours_direct,3,0.8865034221090909,1.0417193227576356
deathstarbench_social_network,v4-confirmation-771621/deathstarbench_social_network/split/N/0/compose_post,metadata,ours_prepared,3,0.5972611073358574,0.9951732988795312
deathstarbench_social_network,v4-confirmation-771621/deathstarbench_social_network/split/N/0/compose_post,metadata,cudd_fixed,3,0.6951445154007173,1.1591959769252396
deathstarbench_social_network,v4-confirmation-771621/deathstarbench_social_network/split/N/0/compose_post,metadata,cudd_sift,3,0.7002581765352935,1.176485293245316
deathstarbench_social_network,v4-confirmation-771621/deathstarbench_social_network/split/N/0/compose_post,metadata,agrum_conditioned,3,1.1033305142423544,1.1493450166354262
deathstarbench_social_network,v4-confirmation-771621/deathstarbench_social_network/split/N/0/compose_post,metadata,agrum_joint,3,0.8797547224911777,1.0022912422547245
deathstarbench_social_network,v4-confirmation-771621/deathstarbench_social_network/split/N/0/compose_post,metadata,storm_sparse,3,1.2956973895914108,1.5042402005354056
deathstarbench_social_network,v4-confirmation-771621/deathstarbench_social_network/split/N/0/compose_post,metadata,storm_compact,3,0.965679771393703,1.2602001197297528
deathstarbench_social_network,v4-confirmation-771621/deathstarbench_social_network/split/N/0/compose_post,structure,ours_direct,3,0.9347126205408534,1.0762057665127491
deathstarbench_social_network,v4-confirmation-771621/deathstarbench_social_network/split/N/0/compose_post,structure,ours_prepared,3,1.1413536928857366,1.3824923388186081
deathstarbench_social_network,v4-confirmation-771621/deathstarbench_social_network/split/N/0/compose_post,structure,cudd_fixed,3,0.6774039704159993,1.1392228516076641
deathstarbench_social_network,v4-confirmation-771621/deathstarbench_social_network/split/N/0/compose_post,structure,cudd_sift,3,0.8938617089299452,1.3336607664679203
deathstarbench_social_network,v4-confirmation-771621/deathstarbench_social_network/split/N/0/compose_post,structure,agrum_conditioned,3,1.3903777003432913,1.4265080124860574
deathstarbench_social_network,v4-confirmation-771621/deathstarbench_social_network/split/N/0/compose_post,structure,agrum_joint,3,1.466742320582315,1.5216349899270427
deathstarbench_social_network,v4-confirmation-771621/deathstarbench_social_network/split/N/0/compose_post,structure,storm_sparse,3,1.6071343410146757,1.7419168187123155
deathstarbench_social_network,v4-confirmation-771621/deathstarbench_social_network/split/N/0/compose_post,structure,storm_compact,3,1.1986266393358203,1.2986657938765223
deathstarbench_social_network,v4-confirmation-771621/deathstarbench_social_network/split/N/0/compose_post,restore,ours_direct,3,1.128067166931179,1.4222764772527805
deathstarbench_social_network,v4-confirmation-771621/deathstarbench_social_network/split/N/0/compose_post,restore,ours_prepared,3,1.1058074624779364,1.342966657874016
deathstarbench_social_network,v4-confirmation-771621/deathstarbench_social_network/split/N/0/compose_post,restore,cudd_fixed,3,0.6934216765414025,1.1184273204310144
deathstarbench_social_network,v4-confirmation-771621/deathstarbench_social_network/split/N/0/compose_post,restore,cudd_sift,3,0.8836673343843646,1.3022323887930336
deathstarbench_social_network,v4-confirmation-771621/deathstarbench_social_network/split/N/0/compose_post,restore,agrum_conditioned,3,1.397441577639129,1.4368271041087615
deathstarbench_social_network,v4-confirmation-771621/deathstarbench_social_network/split/N/0/compose_post,restore,agrum_joint,3,1.4627703620010466,1.5280885696360633
deathstarbench_social_network,v4-confirmation-771621/deathstarbench_social_network/split/N/0/compose_post,restore,storm_sparse,3,1.414193011497802,1.5304130793438258
deathstarbench_social_network,v4-confirmation-771621/deathstarbench_social_network/split/N/0/compose_post,restore,storm_compact,3,1.2754251374769026,1.408432992120099
deathstarbench_social_network,v4-confirmation-771621/deathstarbench_social_network/split/N/0/read_home_timeline,initial,ours_direct,3,0.6827389867958401,1.0004297177145267
deathstarbench_social_network,v4-confirmation-771621/deathstarbench_social_network/split/N/0/read_home_timeline,initial,ours_prepared,3,0.8103746998448338,1.0516306016746166
deathstarbench_social_network,v4-confirmation-771621/deathstarbench_social_network/split/N/0/read_home_timeline,initial,cudd_fixed,3,0.9925607224295778,1.0284904908224355
deathstarbench_social_network,v4-confirmation-771621/deathstarbench_social_network/split/N/0/read_home_timeline,initial,cudd_sift,3,0.9686471902801941,1.014240757477796
deathstarbench_social_network,v4-confirmation-771621/deathstarbench_social_network/split/N/0/read_home_timeline,initial,agrum_conditioned,3,1.1921585059938051,1.2487181635885782
deathstarbench_social_network,v4-confirmation-771621/deathstarbench_social_network/split/N/0/read_home_timeline,initial,agrum_joint,3,1.2027199276330667,1.2508820489752779
deathstarbench_social_network,v4-confirmation-771621/deathstarbench_social_network/split/N/0/read_home_timeline,initial,storm_sparse,3,0.8950116680782096,1.0033959373803216
deathstarbench_social_network,v4-confirmation-771621/deathstarbench_social_network/split/N/0/read_home_timeline,initial,storm_compact,3,0.8771075409881582,0.9788382148960278
deathstarbench_social_network,v4-confirmation-771621/deathstarbench_social_network/split/N/0/read_home_timeline,repeat,ours_direct,3,0.6006005151788113,0.9644236286658086
deathstarbench_social_network,v4-confirmation-771621/deathstarbench_social_network/split/N/0/read_home_timeline,repeat,ours_prepared,3,0.6192453361543266,1.0197999393755683
deathstarbench_social_network,v4-confirmation-771621/deathstarbench_social_network/split/N/0/read_home_timeline,repeat,cudd_fixed,3,0.6311143353780293,1.0501407040697355
deathstarbench_social_network,v4-confirmation-771621/deathstarbench_social_network/split/N/0/read_home_timeline,repeat,cudd_sift,3,0.5931778511637158,0.9590079969212136
deathstarbench_social_network,v4-confirmation-771621/deathstarbench_social_network/split/N/0/read_home_timeline,repeat,agrum_conditioned,3,0.991572718832904,1.1126841819217033
deathstarbench_social_network,v4-confirmation-771621/deathstarbench_social_network/split/N/0/read_home_timeline,repeat,agrum_joint,3,0.8331869725071533,1.0224308766453318
deathstarbench_social_network,v4-confirmation-771621/deathstarbench_social_network/split/N/0/read_home_timeline,repeat,storm_sparse,3,0.6152010413653457,1.0104068634296504
deathstarbench_social_network,v4-confirmation-771621/deathstarbench_social_network/split/N/0/read_home_timeline,repeat,storm_compact,3,0.5330214101890403,0.8696189171588332
deathstarbench_social_network,v4-confirmation-771621/deathstarbench_social_network/split/N/0/read_home_timeline,counts,ours_direct,3,0.6318044453981367,1.0072730230099394
deathstarbench_social_network,v4-confirmation-771621/deathstarbench_social_network/split/N/0/read_home_timeline,counts,ours_prepared,3,0.6017736278786457,0.9944393074642094
deathstarbench_social_network,v4-confirmation-771621/deathstarbench_social_network/split/N/0/read_home_timeline,counts,cudd_fixed,3,0.48555908889437566,0.7145863146585352
deathstarbench_social_network,v4-confirmation-771621/deathstarbench_social_network/split/N/0/read_home_timeline,counts,cudd_sift,3,0.4606615990323269,0.6702481587794836
deathstarbench_social_network,v4-confirmation-771621/deathstarbench_social_network/split/N/0/read_home_timeline,counts,agrum_conditioned,3,0.960917438387463,1.0778935346935923
deathstarbench_social_network,v4-confirmation-771621/deathstarbench_social_network/split/N/0/read_home_timeline,counts,agrum_joint,3,0.8076456240535448,0.9925787184531659
deathstarbench_social_network,v4-confirmation-771621/deathstarbench_social_network/split/N/0/read_home_timeline,counts,storm_sparse,3,0.5912612524426366,1.0005984637238912
deathstarbench_social_network,v4-confirmation-771621/deathstarbench_social_network/split/N/0/read_home_timeline,counts,storm_compact,3,0.5743162341154717,0.9899965575197942
deathstarbench_social_network,v4-confirmation-771621/deathstarbench_social_network/split/N/0/read_home_timeline,masks,ours_direct,3,0.6890257012296047,1.0994949826195317
deathstarbench_social_network,v4-confirmation-771621/deathstarbench_social_network/split/N/0/read_home_timeline,masks,ours_prepared,3,0.5753958448174267,0.9867475953826108
deathstarbench_social_network,v4-confirmation-771621/deathstarbench_social_network/split/N/0/read_home_timeline,masks,cudd_fixed,3,0.5858932179774298,1.0253455049394173
deathstarbench_social_network,v4-confirmation-771621/deathstarbench_social_network/split/N/0/read_home_timeline,masks,cudd_sift,3,0.5793082129017301,0.9892492803393768
deathstarbench_social_network,v4-confirmation-771621/deathstarbench_social_network/split/N/0/read_home_timeline,masks,agrum_conditioned,3,1.1424393330864349,1.2427949300351742
deathstarbench_social_network,v4-confirmation-771621/deathstarbench_social_network/split/N/0/read_home_timeline,masks,agrum_joint,3,1.1376520022160748,1.2246219018245328
deathstarbench_social_network,v4-confirmation-771621/deathstarbench_social_network/split/N/0/read_home_timeline,masks,storm_sparse,3,0.9546187504203852,1.0583112505731371
deathstarbench_social_network,v4-confirmation-771621/deathstarbench_social_network/split/N/0/read_home_timeline,masks,storm_compact,3,0.9033770367602006,0.9946208848975812
deathstarbench_social_network,v4-confirmation-771621/deathstarbench_social_network/split/N/0/read_home_timeline,metadata,ours_direct,3,0.601753955969796,0.9633063894456313
deathstarbench_social_network,v4-confirmation-771621/deathstarbench_social_network/split/N/0/read_home_timeline,metadata,ours_prepared,3,0.5540256504326027,0.9702811785281851
deathstarbench_social_network,v4-confirmation-771621/deathstarbench_social_network/split/N/0/read_home_timeline,metadata,cudd_fixed,3,0.8606217039435526,1.5231131373530487
deathstarbench_social_network,v4-confirmation-771621/deathstarbench_social_network/split/N/0/read_home_timeline,metadata,cudd_sift,3,0.8000931185399013,1.4229320436079536
deathstarbench_social_network,v4-confirmation-771621/deathstarbench_social_network/split/N/0/read_home_timeline,metadata,agrum_conditioned,3,0.9900573046051525,1.118864632835638
deathstarbench_social_network,v4-confirmation-771621/deathstarbench_social_network/split/N/0/read_home_timeline,metadata,agrum_joint,3,0.8543327043848038,1.0638333686612387
deathstarbench_social_network,v4-confirmation-771621/deathstarbench_social_network/split/N/0/read_home_timeline,metadata,storm_sparse,3,0.7909095529746626,1.1198652886009586
deathstarbench_social_network,v4-confirmation-771621/deathstarbench_social_network/split/N/0/read_home_timeline,metadata,storm_compact,3,0.6884819482501836,1.0056233768139333
deathstarbench_social_network,v4-confirmation-771621/deathstarbench_social_network/split/N/0/read_home_timeline,structure,ours_direct,3,0.6411491108071136,1.0294877942578722
deathstarbench_social_network,v4-confirmation-771621/deathstarbench_social_network/split/N/0/read_home_timeline,structure,ours_prepared,3,0.7245296866574801,1.0797192783574354
deathstarbench_social_network,v4-confirmation-771621/deathstarbench_social_network/split/N/0/read_home_timeline,structure,cudd_fixed,3,0.657578733230333,1.0541874046233735
deathstarbench_social_network,v4-confirmation-771621/deathstarbench_social_network/split/N/0/read_home_timeline,structure,cudd_sift,3,0.7827032679738563,1.1119413543016277
deathstarbench_social_network,v4-confirmation-771621/deathstarbench_social_network/split/N/0/read_home_timeline,structure,agrum_conditioned,3,1.2143636724861122,1.3121543456183609
deathstarbench_social_network,v4-confirmation-771621/deathstarbench_social_network/split/N/0/read_home_timeline,structure,agrum_joint,3,1.2296038065269623,1.2936166009013452
deathstarbench_social_network,v4-confirmation-771621/deathstarbench_social_network/split/N/0/read_home_timeline,structure,storm_sparse,3,0.8401749955768582,1.0720677578737083
deathstarbench_social_network,v4-confirmation-771621/deathstarbench_social_network/split/N/0/read_home_timeline,structure,storm_compact,3,0.74349292140886,0.8806641747203016
deathstarbench_social_network,v4-confirmation-771621/deathstarbench_social_network/split/N/0/read_home_timeline,restore,ours_direct,3,0.6414862402774627,1.0836844489398274
deathstarbench_social_network,v4-confirmation-771621/deathstarbench_social_network/split/N/0/read_home_timeline,restore,ours_prepared,3,0.7272662611456632,1.0513542191577663
deathstarbench_social_network,v4-confirmation-771621/deathstarbench_social_network/split/N/0/read_home_timeline,restore,cudd_fixed,3,0.7196131481890886,1.1534488014723316
deathstarbench_social_network,v4-confirmation-771621/deathstarbench_social_network/split/N/0/read_home_timeline,restore,cudd_sift,3,0.7477865874241486,1.0541607803059905
deathstarbench_social_network,v4-confirmation-771621/deathstarbench_social_network/split/N/0/read_home_timeline,restore,agrum_conditioned,3,1.226896055207697,1.3025209964883757
deathstarbench_social_network,v4-confirmation-771621/deathstarbench_social_network/split/N/0/read_home_timeline,restore,agrum_joint,3,1.2050964199103482,1.277999461050537
deathstarbench_social_network,v4-confirmation-771621/deathstarbench_social_network/split/N/0/read_home_timeline,restore,storm_sparse,3,0.768578843219131,1.0178431763232945
deathstarbench_social_network,v4-confirmation-771621/deathstarbench_social_network/split/N/0/read_home_timeline,restore,storm_compact,3,0.8017992144275035,1.04631997569665
deathstarbench_social_network,v4-confirmation-771621/deathstarbench_social_network/split/N/0/read_user_timeline,initial,ours_direct,3,0.8272853659092463,1.0452341409026504
deathstarbench_social_network,v4-confirmation-771621/deathstarbench_social_network/split/N/0/read_user_timeline,initial,ours_prepared,3,0.9561972498869511,1.060293524373855
deathstarbench_social_network,v4-confirmation-771621/deathstarbench_social_network/split/N/0/read_user_timeline,initial,cudd_fixed,3,0.7493890384944664,0.7832615426320435
deathstarbench_social_network,v4-confirmation-771621/deathstarbench_social_network/split/N/0/read_user_timeline,initial,cudd_sift,3,0.8884480789991157,0.9395566962894827
deathstarbench_social_network,v4-confirmation-771621/deathstarbench_social_network/split/N/0/read_user_timeline,initial,agrum_conditioned,3,1.0486040864769972,1.0637301738233866
deathstarbench_social_network,v4-confirmation-771621/deathstarbench_social_network/split/N/0/read_user_timeline,initial,agrum_joint,3,1.0789818674996385,1.1003168299537873
deathstarbench_social_network,v4-confirmation-771621/deathstarbench_social_network/split/N/0/read_user_timeline,initial,storm_sparse,3,1.01910492032953,1.0745506165863377
deathstarbench_social_network,v4-confirmation-771621/deathstarbench_social_network/split/N/0/read_user_timeline,initial,storm_compact,3,0.995559629296563,1.052182354207717
deathstarbench_social_network,v4-confirmation-771621/deathstarbench_social_network/split/N/0/read_user_timeline,repeat,ours_direct,3,0.7995852589646785,1.0254589799113012
deathstarbench_social_network,v4-confirmation-771621/deathstarbench_social_network/split/N/0/read_user_timeline,repeat,ours_prepared,3,0.6754229684342016,0.9497024838408917
deathstarbench_social_network,v4-confirmation-771621/deathstarbench_social_network/split/N/0/read_user_timeline,repeat,cudd_fixed,3,0.6886896009301371,0.9716166246875929
deathstarbench_social_network,v4-confirmation-771621/deathstarbench_social_network/split/N/0/read_user_timeline,repeat,cudd_sift,3,0.7499292806302721,1.0554308107689578
deathstarbench_social_network,v4-confirmation-771621/deathstarbench_social_network/split/N/0/read_user_timeline,repeat,agrum_conditioned,3,0.9715849860420431,1.0035831680955443
deathstarbench_social_network,v4-confirmation-771621/deathstarbench_social_network/split/N/0/read_user_timeline,repeat,agrum_joint,3,0.9091273771581685,0.9856880668464602
deathstarbench_social_network,v4-confirmation-771621/deathstarbench_social_network/split/N/0/read_user_timeline,repeat,storm_sparse,3,0.9360644236891423,1.1020638393883406
deathstarbench_social_network,v4-confirmation-771621/deathstarbench_social_network/split/N/0/read_user_timeline,repeat,storm_compact,3,0.8227661496498996,1.0599677926708688
deathstarbench_social_network,v4-confirmation-771621/deathstarbench_social_network/split/N/0/read_user_timeline,counts,ours_direct,3,0.8147658085106969,1.06184903420837
deathstarbench_social_network,v4-confirmation-771621/deathstarbench_social_network/split/N/0/read_user_timeline,counts,ours_prepared,3,0.6953605333322901,0.9892376328418163
deathstarbench_social_network,v4-confirmation-771621/deathstarbench_social_network/split/N/0/read_user_timeline,counts,cudd_fixed,3,0.8480761704574894,1.2122670735891279
deathstarbench_social_network,v4-confirmation-771621/deathstarbench_social_network/split/N/0/read_user_timeline,counts,cudd_sift,3,0.8705690639138828,1.1837598188039131
deathstarbench_social_network,v4-confirmation-771621/deathstarbench_social_network/split/N/0/read_user_timeline,counts,agrum_conditioned,3,0.9836241772687232,1.0094264016437173
deathstarbench_social_network,v4-confirmation-771621/deathstarbench_social_network/split/N/0/read_user_timeline,counts,agrum_joint,3,0.9296420023859643,1.0077261781942388
deathstarbench_social_network,v4-confirmation-771621/deathstarbench_social_network/split/N/0/read_user_timeline,counts,storm_sparse,3,0.9403415109181349,1.0768449901647696
deathstarbench_social_network,v4-confirmation-771621/deathstarbench_social_network/split/N/0/read_user_timeline,counts,storm_compact,3,0.8260665301033131,1.016399040448097
deathstarbench_social_network,v4-confirmation-771621/deathstarbench_social_network/split/N/0/read_user_timeline,masks,ours_direct,3,0.8512053104468695,1.0619373797446212
deathstarbench_social_network,v4-confirmation-771621/deathstarbench_social_network/split/N/0/read_user_timeline,masks,ours_prepared,3,0.7278670230762686,1.051653076013141
deathstarbench_social_network,v4-confirmation-771621/deathstarbench_social_network/split/N/0/read_user_timeline,masks,cudd_fixed,3,0.7349700041983713,1.0506459935132708
deathstarbench_social_network,v4-confirmation-771621/deathstarbench_social_network/split/N/0/read_user_timeline,masks,cudd_sift,3,0.8133654183951523,1.151210587837611
deathstarbench_social_network,v4-confirmation-771621/deathstarbench_social_network/split/N/0/read_user_timeline,masks,agrum_conditioned,3,1.0517599200647496,1.0775296206698473
deathstarbench_social_network,v4-confirmation-771621/deathstarbench_social_network/split/N/0/read_user_timeline,masks,agrum_joint,3,1.0144823533597962,1.0496111630544138
deathstarbench_social_network,v4-confirmation-771621/deathstarbench_social_network/split/N/0/read_user_timeline,masks,storm_sparse,3,1.0041083357694265,1.0537769289516632
deathstarbench_social_network,v4-confirmation-771621/deathstarbench_social_network/split/N/0/read_user_timeline,masks,storm_compact,3,1.0052692056139256,1.0588408020630946
deathstarbench_social_network,v4-confirmation-771621/deathstarbench_social_network/split/N/0/read_user_timeline,metadata,ours_direct,3,0.8764264314420218,1.0731081000957137
deathstarbench_social_network,v4-confirmation-771621/deathstarbench_social_network/split/N/0/read_user_timeline,metadata,ours_prepared,3,0.6884335233905434,0.9807054907935738
deathstarbench_social_network,v4-confirmation-771621/deathstarbench_social_network/split/N/0/read_user_timeline,metadata,cudd_fixed,3,0.7634380704404148,1.0651481487236059
deathstarbench_social_network,v4-confirmation-771621/deathstarbench_social_network/split/N/0/read_user_timeline,metadata,cudd_sift,3,0.7833941334127457,1.1005426242902936
deathstarbench_social_network,v4-confirmation-771621/deathstarbench_social_network/split/N/0/read_user_timeline,metadata,agrum_conditioned,3,0.981811423258848,1.008577523694633
deathstarbench_social_network,v4-confirmation-771621/deathstarbench_social_network/split/N/0/read_user_timeline,metadata,agrum_joint,3,0.8909577026453529,0.9657578701459719
deathstarbench_social_network,v4-confirmation-771621/deathstarbench_social_network/split/N/0/read_user_timeline,metadata,storm_sparse,3,0.9638704717978284,1.0734460583879586
deathstarbench_social_network,v4-confirmation-771621/deathstarbench_social_network/split/N/0/read_user_timeline,metadata,storm_compact,3,0.8250286752193137,0.9908706071971569
deathstarbench_social_network,v4-confirmation-771621/deathstarbench_social_network/split/N/0/read_user_timeline,structure,ours_direct,3,0.8634896813070193,1.050871199985576
deathstarbench_social_network,v4-confirmation-771621/deathstarbench_social_network/split/N/0/read_user_timeline,structure,ours_prepared,3,0.9664179080248849,1.0840748885689506
deathstarbench_social_network,v4-confirmation-771621/deathstarbench_social_network/split/N/0/read_user_timeline,structure,cudd_fixed,3,0.76955224680613,1.0441707291538647
deathstarbench_social_network,v4-confirmation-771621/deathstarbench_social_network/split/N/0/read_user_timeline,structure,cudd_sift,3,0.9495781908073091,1.2051879247648085
deathstarbench_social_network,v4-confirmation-771621/deathstarbench_social_network/split/N/0/read_user_timeline,structure,agrum_conditioned,3,1.0369973073746137,1.052937452628483
deathstarbench_social_network,v4-confirmation-771621/deathstarbench_social_network/split/N/0/read_user_timeline,structure,agrum_joint,3,1.060435752921494,1.0818182578279312
deathstarbench_social_network,v4-confirmation-771621/deathstarbench_social_network/split/N/0/read_user_timeline,structure,storm_sparse,3,1.05415071416535,1.1291833808295444
deathstarbench_social_network,v4-confirmation-771621/deathstarbench_social_network/split/N/0/read_user_timeline,structure,storm_compact,3,0.9647533342161182,1.0581538144275489
deathstarbench_social_network,v4-confirmation-771621/deathstarbench_social_network/split/N/0/read_user_timeline,restore,ours_direct,3,0.8164959645614862,1.0519811087000592
deathstarbench_social_network,v4-confirmation-771621/deathstarbench_social_network/split/N/0/read_user_timeline,restore,ours_prepared,3,0.9073020909245223,1.0054162518688015
deathstarbench_social_network,v4-confirmation-771621/deathstarbench_social_network/split/N/0/read_user_timeline,restore,cudd_fixed,3,0.7462566858936163,1.0289715136783104
deathstarbench_social_network,v4-confirmation-771621/deathstarbench_social_network/split/N/0/read_user_timeline,restore,cudd_sift,3,0.8768441357827026,1.112316146161068
deathstarbench_social_network,v4-confirmation-771621/deathstarbench_social_network/split/N/0/read_user_timeline,restore,agrum_conditioned,3,1.0412943524532934,1.0571887878135344
deathstarbench_social_network,v4-confirmation-771621/deathstarbench_social_network/split/N/0/read_user_timeline,restore,agrum_joint,3,1.0579166808912175,1.0795755462865124
deathstarbench_social_network,v4-confirmation-771621/deathstarbench_social_network/split/N/0/read_user_timeline,restore,storm_sparse,3,1.0307380842775327,1.1228120468386
deathstarbench_social_network,v4-confirmation-771621/deathstarbench_social_network/split/N/0/read_user_timeline,restore,storm_compact,3,0.9782837205240359,1.0690576036985635
deathstarbench_social_network,v4-confirmation-771621/deathstarbench_social_network/split/N/1/compose_post,initial,ours_direct,3,1.1060701166863072,1.3567521842348864
deathstarbench_social_network,v4-confirmation-771621/deathstarbench_social_network/split/N/1/compose_post,initial,ours_prepared,3,1.0843874025076512,1.3087653736004696
deathstarbench_social_network,v4-confirmation-771621/deathstarbench_social_network/split/N/1/compose_post,initial,cudd_fixed,3,1.1506080928826363,1.308939578601461
deathstarbench_social_network,v4-confirmation-771621/deathstarbench_social_network/split/N/1/compose_post,initial,cudd_sift,3,0.792828204422748,0.8696810206554209
deathstarbench_social_network,v4-confirmation-771621/deathstarbench_social_network/split/N/1/compose_post,initial,agrum_conditioned,3,1.3405564373346057,1.373415274359842
deathstarbench_social_network,v4-confirmation-771621/deathstarbench_social_network/split/N/1/compose_post,initial,agrum_joint,3,1.42165322618417,1.4762567711980759
deathstarbench_social_network,v4-confirmation-771621/deathstarbench_social_network/split/N/1/compose_post,initial,storm_sparse,3,1.3033405936678057,1.3806257963321988
deathstarbench_social_network,v4-confirmation-771621/deathstarbench_social_network/split/N/1/compose_post,initial,storm_compact,3,1.1782488806220577,1.2635617699470338
deathstarbench_social_network,v4-confirmation-771621/deathstarbench_social_network/split/N/1/compose_post,repeat,ours_direct,3,1.0944031196831385,1.3557596323515153
deathstarbench_social_network,v4-confirmation-771621/deathstarbench_social_network/split/N/1/compose_post,repeat,ours_prepared,3,0.6548819189300124,1.090715900264437
deathstarbench_social_network,v4-confirmation-771621/deathstarbench_social_network/split/N/1/compose_post,repeat,cudd_fixed,3,0.6741501605995718,1.0771156280879446
deathstarbench_social_network,v4-confirmation-771621/deathstarbench_social_network/split/N/1/compose_post,repeat,cudd_sift,3,0.6910802842865809,1.1304404642939503
deathstarbench_social_network,v4-confirmation-771621/deathstarbench_social_network/split/N/1/compose_post,repeat,agrum_conditioned,3,1.085111844802085,1.1365089704159108
deathstarbench_social_network,v4-confirmation-771621/deathstarbench_social_network/split/N/1/compose_post,repeat,agrum_joint,3,0.8761061390416267,0.9980411307622312
deathstarbench_social_network,v4-confirmation-771621/deathstarbench_social_network/split/N/1/compose_post,repeat,storm_sparse,3,1.2835852611959404,1.4862581879952352
deathstarbench_social_network,v4-confirmation-771621/deathstarbench_social_network/split/N/1/compose_post,repeat,storm_compact,3,0.7886556251116857,1.0099363842359428
deathstarbench_social_network,v4-confirmation-771621/deathstarbench_social_network/split/N/1/compose_post,counts,ours_direct,3,1.105310660965218,1.366471148782905
deathstarbench_social_network,v4-confirmation-771621/deathstarbench_social_network/split/N/1/compose_post,counts,ours_prepared,3,0.6364969245706356,1.0415909877183878
deathstarbench_social_network,v4-confirmation-771621/deathstarbench_social_network/split/N/1/compose_post,counts,cudd_fixed,3,0.6615798143379525,1.1017768339897203
deathstarbench_social_network,v4-confirmation-771621/deathstarbench_social_network/split/N/1/compose_post,counts,cudd_sift,3,0.7055407976228567,1.115345724524546
deathstarbench_social_network,v4-confirmation-771621/deathstarbench_social_network/split/N/1/compose_post,counts,agrum_conditioned,3,1.12087020615879,1.1712763176379488
deathstarbench_social_network,v4-confirmation-771621/deathstarbench_social_network/split/N/1/compose_post,counts,agrum_joint,3,0.8960830461366174,1.0184121732144737
deathstarbench_social_network,v4-confirmation-771621/deathstarbench_social_network/split/N/1/compose_post,counts,storm_sparse,3,1.2689122072565742,1.461855755500311
deathstarbench_social_network,v4-confirmation-771621/deathstarbench_social_network/split/N/1/compose_post,counts,storm_compact,3,0.8140081283074893,1.0146210142148515
deathstarbench_social_network,v4-confirmation-771621/deathstarbench_social_network/split/N/1/compose_post,masks,ours_direct,3,0.9166568550312401,1.0588869654626734
deathstarbench_social_network,v4-confirmation-771621/deathstarbench_social_network/split/N/1/compose_post,masks,ours_prepared,3,0.5874237176119304,0.9608850704494132
deathstarbench_social_network,v4-confirmation-771621/deathstarbench_social_network/split/N/1/compose_post,masks,cudd_fixed,3,0.7133571275144988,1.1659357053810468
deathstarbench_social_network,v4-confirmation-771621/deathstarbench_social_network/split/N/1/compose_post,masks,cudd_sift,3,0.7116286606061639,1.1840553118939003
deathstarbench_social_network,v4-confirmation-771621/deathstarbench_social_network/split/N/1/compose_post,masks,agrum_conditioned,3,1.2549527485505723,1.3104401023747339
deathstarbench_social_network,v4-confirmation-771621/deathstarbench_social_network/split/N/1/compose_post,masks,agrum_joint,3,1.345541343732745,1.4265448786241717
deathstarbench_social_network,v4-confirmation-771621/deathstarbench_social_network/split/N/1/compose_post,masks,storm_sparse,3,1.3707253147885152,1.4550324402146477
deathstarbench_social_network,v4-confirmation-771621/deathstarbench_social_network/split/N/1/compose_post,masks,storm_compact,3,1.385461422883939,1.4896213227104633
deathstarbench_social_network,v4-confirmation-771621/deathstarbench_social_network/split/N/1/compose_post,metadata,ours_direct,3,0.8806797167509107,1.0314717884256834
deathstarbench_social_network,v4-confirmation-771621/deathstarbench_social_network/split/N/1/compose_post,metadata,ours_prepared,3,0.6178114141314525,1.0322760418229597
deathstarbench_social_network,v4-confirmation-771621/deathstarbench_social_network/split/N/1/compose_post,metadata,cudd_fixed,3,0.70026514909788,1.1638114394539192
deathstarbench_social_network,v4-confirmation-771621/deathstarbench_social_network/split/N/1/compose_post,metadata,cudd_sift,3,0.7227936196635008,1.1855723972470442
deathstarbench_social_network,v4-confirmation-771621/deathstarbench_social_network/split/N/1/compose_post,metadata,agrum_conditioned,3,1.112147899337455,1.1595988834255768
deathstarbench_social_network,v4-confirmation-771621/deathstarbench_social_network/split/N/1/compose_post,metadata,agrum_joint,3,0.8990886093495513,1.022208417589197
deathstarbench_social_network,v4-confirmation-771621/deathstarbench_social_network/split/N/1/compose_post,metadata,storm_sparse,3,1.2853995354290362,1.4738506186811424
deathstarbench_social_network,v4-confirmation-771621/deathstarbench_social_network/split/N/1/compose_post,metadata,storm_compact,3,0.9717593363783373,1.2903127089113022
deathstarbench_social_network,v4-confirmation-771621/deathstarbench_social_network/split/N/1/compose_post,structure,ours_direct,3,0.9209824113927414,1.068134467556513
deathstarbench_social_network,v4-confirmation-771621/deathstarbench_social_network/split/N/1/compose_post,structure,ours_prepared,3,1.107371396437973,1.3317133190972337
deathstarbench_social_network,v4-confirmation-771621/deathstarbench_social_network/split/N/1/compose_post,structure,cudd_fixed,3,0.7011568116393484,1.144915775873064
deathstarbench_social_network,v4-confirmation-771621/deathstarbench_social_network/split/N/1/compose_post,structure,cudd_sift,3,0.9002660389163137,1.3475864965056552
deathstarbench_social_network,v4-confirmation-771621/deathstarbench_social_network/split/N/1/compose_post,structure,agrum_conditioned,3,1.3782333808550404,1.416594711561098
deathstarbench_social_network,v4-confirmation-771621/deathstarbench_social_network/split/N/1/compose_post,structure,agrum_joint,3,1.5036535651016336,1.5594202122900274
deathstarbench_social_network,v4-confirmation-771621/deathstarbench_social_network/split/N/1/compose_post,structure,storm_sparse,3,1.5487393129264788,1.6801853349199118
deathstarbench_social_network,v4-confirmation-771621/deathstarbench_social_network/split/N/1/compose_post,structure,storm_compact,3,1.2043709161337024,1.3065142455691015
deathstarbench_social_network,v4-confirmation-771621/deathstarbench_social_network/split/N/1/compose_post,restore,ours_direct,3,1.110329597961808,1.378619732278789
deathstarbench_social_network,v4-confirmation-771621/deathstarbench_social_network/split/N/1/compose_post,restore,ours_prepared,3,1.0856395805483317,1.3090978069074808
deathstarbench_social_network,v4-confirmation-771621/deathstarbench_social_network/split/N/1/compose_post,restore,cudd_fixed,3,0.6879970387729983,1.1149207443142661
deathstarbench_social_network,v4-confirmation-771621/deathstarbench_social_network/split/N/1/compose_post,restore,cudd_sift,3,0.8985053541347308,1.3226774464861613
deathstarbench_social_network,v4-confirmation-771621/deathstarbench_social_network/split/N/1/compose_post,restore,agrum_conditioned,3,1.3941940380162012,1.432623837820671
deathstarbench_social_network,v4-confirmation-771621/deathstarbench_social_network/split/N/1/compose_post,restore,agrum_joint,3,1.4651295803131588,1.5361592245094806
deathstarbench_social_network,v4-confirmation-771621/deathstarbench_social_network/split/N/1/compose_post,restore,storm_sparse,3,1.416320297730555,1.5442042395916997
deathstarbench_social_network,v4-confirmation-771621/deathstarbench_social_network/split/N/1/compose_post,restore,storm_compact,3,1.2460904950310305,1.382509269846864
deathstarbench_social_network,v4-confirmation-771621/deathstarbench_social_network/split/N/1/read_home_timeline,initial,ours_direct,3,0.707428977414868,1.110065110269934
deathstarbench_social_network,v4-confirmation-771621/deathstarbench_social_network/split/N/1/read_home_timeline,initial,ours_prepared,3,0.7962380091703688,1.0278508921026817
deathstarbench_social_network,v4-confirmation-771621/deathstarbench_social_network/split/N/1/read_home_timeline,initial,cudd_fixed,3,0.7387034557294615,0.7698608644427141
deathstarbench_social_network,v4-confirmation-771621/deathstarbench_social_network/split/N/1/read_home_timeline,initial,cudd_sift,3,0.961927536651425,0.994290553186061
deathstarbench_social_network,v4-confirmation-771621/deathstarbench_social_network/split/N/1/read_home_timeline,initial,agrum_conditioned,3,1.1980897283813707,1.2509449987714174
deathstarbench_social_network,v4-confirmation-771621/deathstarbench_social_network/split/N/1/read_home_timeline,initial,agrum_joint,3,1.189671547546351,1.2362832187074795
deathstarbench_social_network,v4-confirmation-771621/deathstarbench_social_network/split/N/1/read_home_timeline,initial,storm_sparse,3,0.8999064554615175,1.0199104449262566
deathstarbench_social_network,v4-confirmation-771621/deathstarbench_social_network/split/N/1/read_home_timeline,initial,storm_compact,3,0.9073225071265276,1.0174722651062704
deathstarbench_social_network,v4-confirmation-771621/deathstarbench_social_network/split/N/1/read_home_timeline,repeat,ours_direct,3,0.6757065658396781,1.0649410983905758
deathstarbench_social_network,v4-confirmation-771621/deathstarbench_social_network/split/N/1/read_home_timeline,repeat,ours_prepared,3,0.6299081980122937,1.0300449247207382
deathstarbench_social_network,v4-confirmation-771621/deathstarbench_social_network/split/N/1/read_home_timeline,repeat,cudd_fixed,3,0.5693933355874118,0.9383876323003016
deathstarbench_social_network,v4-confirmation-771621/deathstarbench_social_network/split/N/1/read_home_timeline,repeat,cudd_sift,3,0.6263924158392169,1.0360238816175034
deathstarbench_social_network,v4-confirmation-771621/deathstarbench_social_network/split/N/1/read_home_timeline,repeat,agrum_conditioned,3,0.9648853358537129,1.102505104782375
deathstarbench_social_network,v4-confirmation-771621/deathstarbench_social_network/split/N/1/read_home_timeline,repeat,agrum_joint,3,0.8155420122457377,1.0312362921524774
deathstarbench_social_network,v4-confirmation-771621/deathstarbench_social_network/split/N/1/read_home_timeline,repeat,storm_sparse,3,0.6068966532029635,1.0715501444436475
deathstarbench_social_network,v4-confirmation-771621/deathstarbench_social_network/split/N/1/read_home_timeline,repeat,storm_compact,3,0.603522858470904,1.0292253360228214
deathstarbench_social_network,v4-confirmation-771621/deathstarbench_social_network/split/N/1/read_home_timeline,counts,ours_direct,3,0.5979058924408478,0.9970999916184728
deathstarbench_social_network,v4-confirmation-771621/deathstarbench_social_network/split/N/1/read_home_timeline,counts,ours_prepared,3,0.5765134832677521,0.993141772326957
deathstarbench_social_network,v4-confirmation-771621/deathstarbench_social_network/split/N/1/read_home_timeline,counts,cudd_fixed,3,0.47176898046139704,0.6777204289572915
deathstarbench_social_network,v4-confirmation-771621/deathstarbench_social_network/split/N/1/read_home_timeline,counts,cudd_sift,3,0.4432644249419517,0.6954988114408405
deathstarbench_social_network,v4-confirmation-771621/deathstarbench_social_network/split/N/1/read_home_timeline,counts,agrum_conditioned,3,0.9569616954746808,1.0670933244647252
deathstarbench_social_network,v4-confirmation-771621/deathstarbench_social_network/split/N/1/read_home_timeline,counts,agrum_joint,3,0.7863128669900434,0.9496169374004513
deathstarbench_social_network,v4-confirmation-771621/deathstarbench_social_network/split/N/1/read_home_timeline,counts,storm_sparse,3,0.6045923079039097,1.0319087151105188
deathstarbench_social_network,v4-confirmation-771621/deathstarbench_social_network/split/N/1/read_home_timeline,counts,storm_compact,3,0.5556163291918716,0.9435045018304146
deathstarbench_social_network,v4-confirmation-771621/deathstarbench_social_network/split/N/1/read_home_timeline,masks,ours_direct,3,0.6313589460945427,1.0099248462271506
deathstarbench_social_network,v4-confirmation-771621/deathstarbench_social_network/split/N/1/read_home_timeline,masks,ours_prepared,3,0.5851806175653315,1.009284052796711
deathstarbench_social_network,v4-confirmation-771621/deathstarbench_social_network/split/N/1/read_home_timeline,masks,cudd_fixed,3,0.5574193231494671,0.9922728517034567
deathstarbench_social_network,v4-confirmation-771621/deathstarbench_social_network/split/N/1/read_home_timeline,masks,cudd_sift,3,0.5998725273724704,1.021188529907876
deathstarbench_social_network,v4-confirmation-771621/deathstarbench_social_network/split/N/1/read_home_timeline,masks,agrum_conditioned,3,1.1206975382360918,1.2195311917277443
deathstarbench_social_network,v4-confirmation-771621/deathstarbench_social_network/split/N/1/read_home_timeline,masks,agrum_joint,3,1.1026282234110543,1.2091935768484208
deathstarbench_social_network,v4-confirmation-771621/deathstarbench_social_network/split/N/1/read_home_timeline,masks,storm_sparse,3,0.9514191801394475,1.0536972625810175
deathstarbench_social_network,v4-confirmation-771621/deathstarbench_social_network/split/N/1/read_home_timeline,masks,storm_compact,3,0.9255874394424298,1.0217792773635015
deathstarbench_social_network,v4-confirmation-771621/deathstarbench_social_network/split/N/1/read_home_timeline,metadata,ours_direct,3,0.6203612181244739,0.9912526967582864
deathstarbench_social_network,v4-confirmation-771621/deathstarbench_social_network/split/N/1/read_home_timeline,metadata,ours_prepared,3,0.5589776645409331,0.9398048741592104
deathstarbench_social_network,v4-confirmation-771621/deathstarbench_social_network/split/N/1/read_home_timeline,metadata,cudd_fixed,3,0.769206225653648,1.4264398725915095
deathstarbench_social_network,v4-confirmation-771621/deathstarbench_social_network/split/N/1/read_home_timeline,metadata,cudd_sift,3,0.7947363699969502,1.4645166488729529
deathstarbench_social_network,v4-confirmation-771621/deathstarbench_social_network/split/N/1/read_home_timeline,metadata,agrum_conditioned,3,0.9681508897161755,1.0914753704765843
deathstarbench_social_network,v4-confirmation-771621/deathstarbench_social_network/split/N/1/read_home_timeline,metadata,agrum_joint,3,0.8429283915994774,1.0272021657490369
deathstarbench_social_network,v4-confirmation-771621/deathstarbench_social_network/split/N/1/read_home_timeline,metadata,storm_sparse,3,0.7199311784021937,1.031726843594374
deathstarbench_social_network,v4-confirmation-771621/deathstarbench_social_network/split/N/1/read_home_timeline,metadata,storm_compact,3,0.6639608314050706,0.9385646239158254
deathstarbench_social_network,v4-confirmation-771621/deathstarbench_social_network/split/N/1/read_home_timeline,structure,ours_direct,3,0.6393540853116711,1.0285232132452369
deathstarbench_social_network,v4-confirmation-771621/deathstarbench_social_network/split/N/1/read_home_timeline,structure,ours_prepared,3,0.7758312125877882,1.1059136006770491
deathstarbench_social_network,v4-confirmation-771621/deathstarbench_social_network/split/N/1/read_home_timeline,structure,cudd_fixed,3,0.6440116732269515,1.037794832517936
deathstarbench_social_network,v4-confirmation-771621/deathstarbench_social_network/split/N/1/read_home_timeline,structure,cudd_sift,3,0.7943029903721494,1.1181650110064838
deathstarbench_social_network,v4-confirmation-771621/deathstarbench_social_network/split/N/1/read_home_timeline,structure,agrum_conditioned,3,1.216086141879986,1.2837244760829492
deathstarbench_social_network,v4-confirmation-771621/deathstarbench_social_network/split/N/1/read_home_timeline,structure,agrum_joint,3,1.2205287037127575,1.2820729812900207
deathstarbench_social_network,v4-confirmation-771621/deathstarbench_social_network/split/N/1/read_home_timeline,structure,storm_sparse,3,0.8939339848324598,1.1021638922873491
deathstarbench_social_network,v4-confirmation-771621/deathstarbench_social_network/split/N/1/read_home_timeline,structure,storm_compact,3,0.7679917377245371,0.9157201849676032
deathstarbench_social_network,v4-confirmation-771621/deathstarbench_social_network/split/N/1/read_home_timeline,restore,ours_direct,3,0.6071713147410358,1.0097507989627612
deathstarbench_social_network,v4-confirmation-771621/deathstarbench_social_network/split/N/1/read_home_timeline,restore,ours_prepared,3,0.7128244764387144,0.9964262185269837
deathstarbench_social_network,v4-confirmation-771621/deathstarbench_social_network/split/N/1/read_home_timeline,restore,cudd_fixed,3,0.5894797417240505,0.9653186294153162
deathstarbench_social_network,v4-confirmation-771621/deathstarbench_social_network/split/N/1/read_home_timeline,restore,cudd_sift,3,0.7829227452594094,1.1064045264544988
deathstarbench_social_network,v4-confirmation-771621/deathstarbench_social_network/split/N/1/read_home_timeline,restore,agrum_conditioned,3,1.2397264630899765,1.3072500994520146
deathstarbench_social_network,v4-confirmation-771621/deathstarbench_social_network/split/N/1/read_home_timeline,restore,agrum_joint,3,1.2304157895174779,1.2936440985728275
deathstarbench_social_network,v4-confirmation-771621/deathstarbench_social_network/split/N/1/read_home_timeline,restore,storm_sparse,3,0.7634158013644509,1.070649453673186
deathstarbench_social_network,v4-confirmation-771621/deathstarbench_social_network/split/N/1/read_home_timeline,restore,storm_compact,3,0.7915514606503361,1.0613031938581021
deathstarbench_social_network,v4-confirmation-771621/deathstarbench_social_network/split/N/1/read_user_timeline,initial,ours_direct,3,0.8222260572550478,1.0177552103153549
deathstarbench_social_network,v4-confirmation-771621/deathstarbench_social_network/split/N/1/read_user_timeline,initial,ours_prepared,3,0.9529555510281182,1.056390734722762
deathstarbench_social_network,v4-confirmation-771621/deathstarbench_social_network/split/N/1/read_user_timeline,initial,cudd_fixed,3,0.9113155634716256,0.9705282197046952
deathstarbench_social_network,v4-confirmation-771621/deathstarbench_social_network/split/N/1/read_user_timeline,initial,cudd_sift,3,0.9494607987917086,1.0007953241463359
deathstarbench_social_network,v4-confirmation-771621/deathstarbench_social_network/split/N/1/read_user_timeline,initial,agrum_conditioned,3,1.0518196336453929,1.0673097043787338
deathstarbench_social_network,v4-confirmation-771621/deathstarbench_social_network/split/N/1/read_user_timeline,initial,agrum_joint,3,1.0414177149957535,1.0647315627755556
deathstarbench_social_network,v4-confirmation-771621/deathstarbench_social_network/split/N/1/read_user_timeline,initial,storm_sparse,3,1.0465657780501119,1.105232975785528
deathstarbench_social_network,v4-confirmation-771621/deathstarbench_social_network/split/N/1/read_user_timeline,initial,storm_compact,3,0.9761454271481157,1.0301070820548304
deathstarbench_social_network,v4-confirmation-771621/deathstarbench_social_network/split/N/1/read_user_timeline,repeat,ours_direct,3,0.7932857780232855,1.0062340861169023
deathstarbench_social_network,v4-confirmation-771621/deathstarbench_social_network/split/N/1/read_user_timeline,repeat,ours_prepared,3,0.6930915661241741,0.9962933109616007
deathstarbench_social_network,v4-confirmation-771621/deathstarbench_social_network/split/N/1/read_user_timeline,repeat,cudd_fixed,3,0.7433650099131742,1.0374108305787013
deathstarbench_social_network,v4-confirmation-771621/deathstarbench_social_network/split/N/1/read_user_timeline,repeat,cudd_sift,3,0.797134970801761,1.094179073785623
deathstarbench_social_network,v4-confirmation-771621/deathstarbench_social_network/split/N/1/read_user_timeline,repeat,agrum_conditioned,3,0.9729389482351974,0.9997296672222793
deathstarbench_social_network,v4-confirmation-771621/deathstarbench_social_network/split/N/1/read_user_timeline,repeat,agrum_joint,3,0.9133446470007106,0.9948924027039052
deathstarbench_social_network,v4-confirmation-771621/deathstarbench_social_network/split/N/1/read_user_timeline,repeat,storm_sparse,3,0.9624553443957391,1.1309500556351737
deathstarbench_social_network,v4-confirmation-771621/deathstarbench_social_network/split/N/1/read_user_timeline,repeat,storm_compact,3,0.7825386745826511,0.9842408567387351
deathstarbench_social_network,v4-confirmation-771621/deathstarbench_social_network/split/N/1/read_user_timeline,counts,ours_direct,3,0.785524609316384,0.9896070687553272
deathstarbench_social_network,v4-confirmation-771621/deathstarbench_social_network/split/N/1/read_user_timeline,counts,ours_prepared,3,0.6988249798037421,0.9890754619352039
deathstarbench_social_network,v4-confirmation-771621/deathstarbench_social_network/split/N/1/read_user_timeline,counts,cudd_fixed,3,0.8803669757205611,1.2252558542931482
deathstarbench_social_network,v4-confirmation-771621/deathstarbench_social_network/split/N/1/read_user_timeline,counts,cudd_sift,3,0.8720898214796328,1.2550525640468566
deathstarbench_social_network,v4-confirmation-771621/deathstarbench_social_network/split/N/1/read_user_timeline,counts,agrum_conditioned,3,0.9822326704491258,1.0088946023726189
deathstarbench_social_network,v4-confirmation-771621/deathstarbench_social_network/split/N/1/read_user_timeline,counts,agrum_joint,3,0.9081530361407975,0.9819536741868
deathstarbench_social_network,v4-confirmation-771621/deathstarbench_social_network/split/N/1/read_user_timeline,counts,storm_sparse,3,0.9473884061430795,1.092195484503466
deathstarbench_social_network,v4-confirmation-771621/deathstarbench_social_network/split/N/1/read_user_timeline,counts,storm_compact,3,0.8132380679938854,0.9838477680663366
deathstarbench_social_network,v4-confirmation-771621/deathstarbench_social_network/split/N/1/read_user_timeline,masks,ours_direct,3,0.8300061591566315,1.0091445455819275
deathstarbench_social_network,v4-confirmation-771621/deathstarbench_social_network/split/N/1/read_user_timeline,masks,ours_prepared,3,0.7103130578322041,1.0052373550812417
deathstarbench_social_network,v4-confirmation-771621/deathstarbench_social_network/split/N/1/read_user_timeline,masks,cudd_fixed,3,0.7323245499608662,1.026582169731702
deathstarbench_social_network,v4-confirmation-771621/deathstarbench_social_network/split/N/1/read_user_timeline,masks,cudd_sift,3,0.7650244629431713,1.0779365199526993
deathstarbench_social_network,v4-confirmation-771621/deathstarbench_social_network/split/N/1/read_user_timeline,masks,agrum_conditioned,3,1.0101327841810301,1.0325013670838241
deathstarbench_social_network,v4-confirmation-771621/deathstarbench_social_network/split/N/1/read_user_timeline,masks,agrum_joint,3,1.0157750839529098,1.051665562319372
deathstarbench_social_network,v4-confirmation-771621/deathstarbench_social_network/split/N/1/read_user_timeline,masks,storm_sparse,3,1.0480749005561247,1.0971621436731875
deathstarbench_social_network,v4-confirmation-771621/deathstarbench_social_network/split/N/1/read_user_timeline,masks,storm_compact,3,1.0262777356810855,1.0790601029746314
deathstarbench_social_network,v4-confirmation-771621/deathstarbench_social_network/split/N/1/read_user_timeline,metadata,ours_direct,3,0.8310118500621242,1.0106641823149167
deathstarbench_social_network,v4-confirmation-771621/deathstarbench_social_network/split/N/1/read_user_timeline,metadata,ours_prepared,3,0.6867304074929583,1.013528712641679
deathstarbench_social_network,v4-confirmation-771621/deathstarbench_social_network/split/N/1/read_user_timeline,metadata,cudd_fixed,3,0.7450915318137769,1.0703088848547575
deathstarbench_social_network,v4-confirmation-771621/deathstarbench_social_network/split/N/1/read_user_timeline,metadata,cudd_sift,3,0.7633057250579168,1.0778005687630208
deathstarbench_social_network,v4-confirmation-771621/deathstarbench_social_network/split/N/1/read_user_timeline,metadata,agrum_conditioned,3,0.9545135109479813,0.9811467564246547
deathstarbench_social_network,v4-confirmation-771621/deathstarbench_social_network/split/N/1/read_user_timeline,metadata,agrum_joint,3,0.902012373100136,0.9848268653336465
deathstarbench_social_network,v4-confirmation-771621/deathstarbench_social_network/split/N/1/read_user_timeline,metadata,storm_sparse,3,1.0279358996895358,1.1443875686622205
deathstarbench_social_network,v4-confirmation-771621/deathstarbench_social_network/split/N/1/read_user_timeline,metadata,storm_compact,3,0.8549148064933042,1.0127098608305092
deathstarbench_social_network,v4-confirmation-771621/deathstarbench_social_network/split/N/1/read_user_timeline,structure,ours_direct,3,0.832599555162853,1.0393369252375455
deathstarbench_social_network,v4-confirmation-771621/deathstarbench_social_network/split/N/1/read_user_timeline,structure,ours_prepared,3,0.9515438664142284,1.0597651682702467
deathstarbench_social_network,v4-confirmation-771621/deathstarbench_social_network/split/N/1/read_user_timeline,structure,cudd_fixed,3,0.7467002000079473,1.0411942670293066
deathstarbench_social_network,v4-confirmation-771621/deathstarbench_social_network/split/N/1/read_user_timeline,structure,cudd_sift,3,0.9220051091115121,1.167776574456763
deathstarbench_social_network,v4-confirmation-771621/deathstarbench_social_network/split/N/1/read_user_timeline,structure,agrum_conditioned,3,1.0320209478465072,1.0478782032489833
deathstarbench_social_network,v4-confirmation-771621/deathstarbench_social_network/split/N/1/read_user_timeline,structure,agrum_joint,3,1.0623690015693408,1.0848344978027884
deathstarbench_social_network,v4-confirmation-771621/deathstarbench_social_network/split/N/1/read_user_timeline,structure,storm_sparse,3,1.0499936679012316,1.1208757111128995
deathstarbench_social_network,v4-confirmation-771621/deathstarbench_social_network/split/N/1/read_user_timeline,structure,storm_compact,3,1.0043682739769602,1.0884866857943711
deathstarbench_social_network,v4-confirmation-771621/deathstarbench_social_network/split/N/1/read_user_timeline,restore,ours_direct,3,0.7552282833923815,1.0092291700960092
deathstarbench_social_network,v4-confirmation-771621/deathstarbench_social_network/split/N/1/read_user_timeline,restore,ours_prepared,3,0.9117355301994328,1.0105736853251917
deathstarbench_social_network,v4-confirmation-771621/deathstarbench_social_network/split/N/1/read_user_timeline,restore,cudd_fixed,3,0.7249773881820099,1.0427556470184722
deathstarbench_social_network,v4-confirmation-771621/deathstarbench_social_network/split/N/1/read_user_timeline,restore,cudd_sift,3,0.8836615537637987,1.1121961618304648
deathstarbench_social_network,v4-confirmation-771621/deathstarbench_social_network/split/N/1/read_user_timeline,restore,agrum_conditioned,3,1.0548672354873776,1.0711475217887578
deathstarbench_social_network,v4-confirmation-771621/deathstarbench_social_network/split/N/1/read_user_timeline,restore,agrum_joint,3,1.0642198411027406,1.0872031385687857
deathstarbench_social_network,v4-confirmation-771621/deathstarbench_social_network/split/N/1/read_user_timeline,restore,storm_sparse,3,1.063053397446988,1.1575631083823144
deathstarbench_social_network,v4-confirmation-771621/deathstarbench_social_network/split/N/1/read_user_timeline,restore,storm_compact,3,0.9609062680861734,1.064877077747441
deathstarbench_social_network,v4-confirmation-771621/deathstarbench_social_network/split/N/2/compose_post,initial,ours_direct,3,1.1023441158136136,1.3530163167747145
deathstarbench_social_network,v4-confirmation-771621/deathstarbench_social_network/split/N/2/compose_post,initial,ours_prepared,3,1.1021509740461848,1.3139350147915025
deathstarbench_social_network,v4-confirmation-771621/deathstarbench_social_network/split/N/2/compose_post,initial,cudd_fixed,3,0.9069198434882976,1.031435490764044
deathstarbench_social_network,v4-confirmation-771621/deathstarbench_social_network/split/N/2/compose_post,initial,cudd_sift,3,0.970596213301279,1.0641578004921066
deathstarbench_social_network,v4-confirmation-771621/deathstarbench_social_network/split/N/2/compose_post,initial,agrum_conditioned,3,1.3338386892116587,1.368229381299751
deathstarbench_social_network,v4-confirmation-771621/deathstarbench_social_network/split/N/2/compose_post,initial,agrum_joint,3,1.4474240518988057,1.4994280864161424
deathstarbench_social_network,v4-confirmation-771621/deathstarbench_social_network/split/N/2/compose_post,initial,storm_sparse,3,1.3242282270781864,1.4042429825412843
deathstarbench_social_network,v4-confirmation-771621/deathstarbench_social_network/split/N/2/compose_post,initial,storm_compact,3,1.1793244893859547,1.2578822952721624
deathstarbench_social_network,v4-confirmation-771621/deathstarbench_social_network/split/N/2/compose_post,repeat,ours_direct,3,1.0982994327378248,1.3503260425806423
deathstarbench_social_network,v4-confirmation-771621/deathstarbench_social_network/split/N/2/compose_post,repeat,ours_prepared,3,0.6512975974248427,1.0764482031423692
deathstarbench_social_network,v4-confirmation-771621/deathstarbench_social_network/split/N/2/compose_post,repeat,cudd_fixed,3,0.6838439395189694,1.113440226223372
deathstarbench_social_network,v4-confirmation-771621/deathstarbench_social_network/split/N/2/compose_post,repeat,cudd_sift,3,0.6601762052768105,1.053659934971371
deathstarbench_social_network,v4-confirmation-771621/deathstarbench_social_network/split/N/2/compose_post,repeat,agrum_conditioned,3,1.100336472261856,1.147555956039461
deathstarbench_social_network,v4-confirmation-771621/deathstarbench_social_network/split/N/2/compose_post,repeat,agrum_joint,3,0.8713691341800445,0.9906184777425222
deathstarbench_social_network,v4-confirmation-771621/deathstarbench_social_network/split/N/2/compose_post,repeat,storm_sparse,3,1.2893377805351538,1.498796704172729
deathstarbench_social_network,v4-confirmation-771621/deathstarbench_social_network/split/N/2/compose_post,repeat,storm_compact,3,0.788114927721227,1.0009603353991332
deathstarbench_social_network,v4-confirmation-771621/deathstarbench_social_network/split/N/2/compose_post,counts,ours_direct,3,1.0986113180127637,1.3515009895952896
deathstarbench_social_network,v4-confirmation-771621/deathstarbench_social_network/split/N/2/compose_post,counts,ours_prepared,3,0.6314559840923539,1.0432693395351362
deathstarbench_social_network,v4-confirmation-771621/deathstarbench_social_network/split/N/2/compose_post,counts,cudd_fixed,3,0.684638120386485,1.1431353477169757
deathstarbench_social_network,v4-confirmation-771621/deathstarbench_social_network/split/N/2/compose_post,counts,cudd_sift,3,0.6658213065178374,1.0956594976201033
deathstarbench_social_network,v4-confirmation-771621/deathstarbench_social_network/split/N/2/compose_post,counts,agrum_conditioned,3,1.1373464863412477,1.1838062070547164
deathstarbench_social_network,v4-confirmation-771621/deathstarbench_social_network/split/N/2/compose_post,counts,agrum_joint,3,0.8949957664705965,1.0095128599382006
deathstarbench_social_network,v4-confirmation-771621/deathstarbench_social_network/split/N/2/compose_post,counts,storm_sparse,3,1.2920758750063543,1.4792324182342378
deathstarbench_social_network,v4-confirmation-771621/deathstarbench_social_network/split/N/2/compose_post,counts,storm_compact,3,0.7851641336134108,0.9947487467311313
deathstarbench_social_network,v4-confirmation-771621/deathstarbench_social_network/split/N/2/compose_post,masks,ours_direct,3,0.9283907642138871,1.0670638321237305
deathstarbench_social_network,v4-confirmation-771621/deathstarbench_social_network/split/N/2/compose_post,masks,ours_prepared,3,0.5620580113665863,0.9005774858050889
deathstarbench_social_network,v4-confirmation-771621/deathstarbench_social_network/split/N/2/compose_post,masks,cudd_fixed,3,0.7116132682650824,1.1995970497248094
deathstarbench_social_network,v4-confirmation-771621/deathstarbench_social_network/split/N/2/compose_post,masks,cudd_sift,3,0.7145771326871254,1.1888831638872481
deathstarbench_social_network,v4-confirmation-771621/deathstarbench_social_network/split/N/2/compose_post,masks,agrum_conditioned,3,1.2745960628345658,1.3348996540584497
deathstarbench_social_network,v4-confirmation-771621/deathstarbench_social_network/split/N/2/compose_post,masks,agrum_joint,3,1.369958658193639,1.4525792980309065
deathstarbench_social_network,v4-confirmation-771621/deathstarbench_social_network/split/N/2/compose_post,masks,storm_sparse,3,1.3303506054313432,1.4112069872408695
deathstarbench_social_network,v4-confirmation-771621/deathstarbench_social_network/split/N/2/compose_post,masks,storm_compact,3,1.3892808801991368,1.4883639023414157
deathstarbench_social_network,v4-confirmation-771621/deathstarbench_social_network/split/N/2/compose_post,metadata,ours_direct,3,0.8887319436504036,1.0466460458574023
deathstarbench_social_network,v4-confirmation-771621/deathstarbench_social_network/split/N/2/compose_post,metadata,ours_prepared,3,0.6033467842582577,1.0187956946689094
deathstarbench_social_network,v4-confirmation-771621/deathstarbench_social_network/split/N/2/compose_post,metadata,cudd_fixed,3,0.7120807610941347,1.1681639454192618
deathstarbench_social_network,v4-confirmation-771621/deathstarbench_social_network/split/N/2/compose_post,metadata,cudd_sift,3,0.7144737974356767,1.1665172937649206
deathstarbench_social_network,v4-confirmation-771621/deathstarbench_social_network/split/N/2/compose_post,metadata,agrum_conditioned,3,1.1265666159583123,1.177179251417857
deathstarbench_social_network,v4-confirmation-771621/deathstarbench_social_network/split/N/2/compose_post,metadata,agrum_joint,3,0.8956764214523975,1.026165725331807
deathstarbench_social_network,v4-confirmation-771621/deathstarbench_social_network/split/N/2/compose_post,metadata,storm_sparse,3,1.3169319500160026,1.514124520110357
deathstarbench_social_network,v4-confirmation-771621/deathstarbench_social_network/split/N/2/compose_post,metadata,storm_compact,3,1.006474108726215,1.2940778069151866
deathstarbench_social_network,v4-confirmation-771621/deathstarbench_social_network/split/N/2/compose_post,structure,ours_direct,3,0.9199882994332063,1.0693472918277678
deathstarbench_social_network,v4-confirmation-771621/deathstarbench_social_network/split/N/2/compose_post,structure,ours_prepared,3,1.128566335908671,1.3505556258570688
deathstarbench_social_network,v4-confirmation-771621/deathstarbench_social_network/split/N/2/compose_post,structure,cudd_fixed,3,0.6921545603289999,1.1262465536064956
deathstarbench_social_network,v4-confirmation-771621/deathstarbench_social_network/split/N/2/compose_post,structure,cudd_sift,3,0.8925863124240704,1.3320707768105695
deathstarbench_social_network,v4-confirmation-771621/deathstarbench_social_network/split/N/2/compose_post,structure,agrum_conditioned,3,1.4140840199473879,1.449700368229869
deathstarbench_social_network,v4-confirmation-771621/deathstarbench_social_network/split/N/2/compose_post,structure,agrum_joint,3,1.4982964277177244,1.5576843741127182
deathstarbench_social_network,v4-confirmation-771621/deathstarbench_social_network/split/N/2/compose_post,structure,storm_sparse,3,1.539572329216926,1.6726968144622631
deathstarbench_social_network,v4-confirmation-771621/deathstarbench_social_network/split/N/2/compose_post,structure,storm_compact,3,1.2167583277224674,1.321925690058871
deathstarbench_social_network,v4-confirmation-771621/deathstarbench_social_network/split/N/2/compose_post,restore,ours_direct,3,1.1166672147652705,1.3856431193200778
deathstarbench_social_network,v4-confirmation-771621/deathstarbench_social_network/split/N/2/compose_post,restore,ours_prepared,3,1.1032218452198055,1.328168757168466
deathstarbench_social_network,v4-confirmation-771621/deathstarbench_social_network/split/N/2/compose_post,restore,cudd_fixed,3,0.7112184995844829,1.1262316165785038
deathstarbench_social_network,v4-confirmation-771621/deathstarbench_social_network/split/N/2/compose_post,restore,cudd_sift,3,0.8684787012306119,1.2267639202634557
deathstarbench_social_network,v4-confirmation-771621/deathstarbench_social_network/split/N/2/compose_post,restore,agrum_conditioned,3,1.4078531924230093,1.4462415721822197
deathstarbench_social_network,v4-confirmation-771621/deathstarbench_social_network/split/N/2/compose_post,restore,agrum_joint,3,1.4845090350370507,1.5504294205516933
deathstarbench_social_network,v4-confirmation-771621/deathstarbench_social_network/split/N/2/compose_post,restore,storm_sparse,3,1.4010078216626738,1.516516410976113
deathstarbench_social_network,v4-confirmation-771621/deathstarbench_social_network/split/N/2/compose_post,restore,storm_compact,3,1.2461002410053514,1.3731788527652202
deathstarbench_social_network,v4-confirmation-771621/deathstarbench_social_network/split/N/2/read_home_timeline,initial,ours_direct,3,0.6939413159208119,1.0166939293412625
deathstarbench_social_network,v4-confirmation-771621/deathstarbench_social_network/split/N/2/read_home_timeline,initial,ours_prepared,3,0.811312862327379,1.0605330737137597
deathstarbench_social_network,v4-confirmation-771621/deathstarbench_social_network/split/N/2/read_home_timeline,initial,cudd_fixed,3,1.2906039022874183,1.3517307495703266
deathstarbench_social_network,v4-confirmation-771621/deathstarbench_social_network/split/N/2/read_home_timeline,initial,cudd_sift,3,0.9655636858862547,1.0081786813287534
deathstarbench_social_network,v4-confirmation-771621/deathstarbench_social_network/split/N/2/read_home_timeline,initial,agrum_conditioned,3,1.2336184893809115,1.2869874123083123
deathstarbench_social_network,v4-confirmation-771621/deathstarbench_social_network/split/N/2/read_home_timeline,initial,agrum_joint,3,1.2343503193317396,1.2832900349189802
deathstarbench_social_network,v4-confirmation-771621/deathstarbench_social_network/split/N/2/read_home_timeline,initial,storm_sparse,3,0.9264357362578575,1.0331378445117094
deathstarbench_social_network,v4-confirmation-771621/deathstarbench_social_network/split/N/2/read_home_timeline,initial,storm_compact,3,0.9056483221382395,1.0100880514961317
deathstarbench_social_network,v4-confirmation-771621/deathstarbench_social_network/split/N/2/read_home_timeline,repeat,ours_direct,3,0.6436533706491319,1.0097779367686195
deathstarbench_social_network,v4-confirmation-771621/deathstarbench_social_network/split/N/2/read_home_timeline,repeat,ours_prepared,3,0.6152754291756135,1.0078754434847779
deathstarbench_social_network,v4-confirmation-771621/deathstarbench_social_network/split/N/2/read_home_timeline,repeat,cudd_fixed,3,0.584169167726835,0.958178504233302
deathstarbench_social_network,v4-confirmation-771621/deathstarbench_social_network/split/N/2/read_home_timeline,repeat,cudd_sift,3,0.7138641787806466,1.1705872061103704
deathstarbench_social_network,v4-confirmation-771621/deathstarbench_social_network/split/N/2/read_home_timeline,repeat,agrum_conditioned,3,1.0000478503241859,1.123469504396569
deathstarbench_social_network,v4-confirmation-771621/deathstarbench_social_network/split/N/2/read_home_timeline,repeat,agrum_joint,3,0.8500248211954623,1.030996470106271
deathstarbench_social_network,v4-confirmation-771621/deathstarbench_social_network/split/N/2/read_home_timeline,repeat,storm_sparse,3,0.5525104567083806,0.9513620120435745
deathstarbench_social_network,v4-confirmation-771621/deathstarbench_social_network/split/N/2/read_home_timeline,repeat,storm_compact,3,0.5809386990867091,0.9818002230364824
deathstarbench_social_network,v4-confirmation-771621/deathstarbench_social_network/split/N/2/read_home_timeline,counts,ours_direct,3,0.6372523705010686,1.0325061598028864
deathstarbench_social_network,v4-confirmation-771621/deathstarbench_social_network/split/N/2/read_home_timeline,counts,ours_prepared,3,0.5459867088038615,0.9902415562882475
deathstarbench_social_network,v4-confirmation-771621/deathstarbench_social_network/split/N/2/read_home_timeline,counts,cudd_fixed,3,0.47768504862285216,0.6957954596337259
deathstarbench_social_network,v4-confirmation-771621/deathstarbench_social_network/split/N/2/read_home_timeline,counts,cudd_sift,3,0.47629262321626464,0.6940287319323062
deathstarbench_social_network,v4-confirmation-771621/deathstarbench_social_network/split/N/2/read_home_timeline,counts,agrum_conditioned,3,0.9753505471873045,1.092737133370227
deathstarbench_social_network,v4-confirmation-771621/deathstarbench_social_network/split/N/2/read_home_timeline,counts,agrum_joint,3,0.8307445904425704,1.0034811464363897
deathstarbench_social_network,v4-confirmation-771621/deathstarbench_social_network/split/N/2/read_home_timeline,counts,storm_sparse,3,0.5925815425865797,1.0020638111712963
deathstarbench_social_network,v4-confirmation-771621/deathstarbench_social_network/split/N/2/read_home_timeline,counts,storm_compact,3,0.5793754527416459,0.9986725140915061
deathstarbench_social_network,v4-confirmation-771621/deathstarbench_social_network/split/N/2/read_home_timeline,masks,ours_direct,3,0.6509705659121864,1.0385225885225886
deathstarbench_social_network,v4-confirmation-771621/deathstarbench_social_network/split/N/2/read_home_timeline,masks,ours_prepared,3,0.561262949003695,0.9515721407458294
deathstarbench_social_network,v4-confirmation-771621/deathstarbench_social_network/split/N/2/read_home_timeline,masks,cudd_fixed,3,0.5924052991484843,1.005029055351398
deathstarbench_social_network,v4-confirmation-771621/deathstarbench_social_network/split/N/2/read_home_timeline,masks,cudd_sift,3,0.5918600384871697,1.012766888457034
deathstarbench_social_network,v4-confirmation-771621/deathstarbench_social_network/split/N/2/read_home_timeline,masks,agrum_conditioned,3,1.1373653361275746,1.239584887097542
deathstarbench_social_network,v4-confirmation-771621/deathstarbench_social_network/split/N/2/read_home_timeline,masks,agrum_joint,3,1.1658039810057674,1.2560778908270072
deathstarbench_social_network,v4-confirmation-771621/deathstarbench_social_network/split/N/2/read_home_timeline,masks,storm_sparse,3,0.9434193579796675,1.04429896901151
deathstarbench_social_network,v4-confirmation-771621/deathstarbench_social_network/split/N/2/read_home_timeline,masks,storm_compact,3,0.9307641435700115,1.027041508725377
deathstarbench_social_network,v4-confirmation-771621/deathstarbench_social_network/split/N/2/read_home_timeline,metadata,ours_direct,3,0.5748790708502548,0.9753885796402438
deathstarbench_social_network,v4-confirmation-771621/deathstarbench_social_network/split/N/2/read_home_timeline,metadata,ours_prepared,3,0.5418157932111916,0.8972117718625789
deathstarbench_social_network,v4-confirmation-771621/deathstarbench_social_network/split/N/2/read_home_timeline,metadata,cudd_fixed,3,0.8396598064813393,1.4775954506327227
deathstarbench_social_network,v4-confirmation-771621/deathstarbench_social_network/split/N/2/read_home_timeline,metadata,cudd_sift,3,0.9248120874217746,1.6172397884475231
deathstarbench_social_network,v4-confirmation-771621/deathstarbench_social_network/split/N/2/read_home_timeline,metadata,agrum_conditioned,3,0.9648633876094013,1.0899875315525833
deathstarbench_social_network,v4-confirmation-771621/deathstarbench_social_network/split/N/2/read_home_timeline,metadata,agrum_joint,3,0.804699915579145,0.9920497822628593
deathstarbench_social_network,v4-confirmation-771621/deathstarbench_social_network/split/N/2/read_home_timeline,metadata,storm_sparse,3,0.6569204674829806,0.938829923776992
deathstarbench_social_network,v4-confirmation-771621/deathstarbench_social_network/split/N/2/read_home_timeline,metadata,storm_compact,3,0.6859688847075832,1.0012415639814116
deathstarbench_social_network,v4-confirmation-771621/deathstarbench_social_network/split/N/2/read_home_timeline,structure,ours_direct,3,0.6643050452926494,1.0679833985479383
deathstarbench_social_network,v4-confirmation-771621/deathstarbench_social_network/split/N/2/read_home_timeline,structure,ours_prepared,3,0.7801032194906798,1.0958811767200898
deathstarbench_social_network,v4-confirmation-771621/deathstarbench_social_network/split/N/2/read_home_timeline,structure,cudd_fixed,3,0.6503665059763587,1.040889667436367
deathstarbench_social_network,v4-confirmation-771621/deathstarbench_social_network/split/N/2/read_home_timeline,structure,cudd_sift,3,0.7550052807136182,1.121452063434853
deathstarbench_social_network,v4-confirmation-771621/deathstarbench_social_network/split/N/2/read_home_timeline,structure,agrum_conditioned,3,1.2220565939176191,1.2899230703221214
deathstarbench_social_network,v4-confirmation-771621/deathstarbench_social_network/split/N/2/read_home_timeline,structure,agrum_joint,3,1.2232201093365473,1.2867769189101765
deathstarbench_social_network,v4-confirmation-771621/deathstarbench_social_network/split/N/2/read_home_timeline,structure,storm_sparse,3,0.8542233278983375,1.0514151813184878
deathstarbench_social_network,v4-confirmation-771621/deathstarbench_social_network/split/N/2/read_home_timeline,structure,storm_compact,3,0.7746438766519824,0.9200282326274618
deathstarbench_social_network,v4-confirmation-771621/deathstarbench_social_network/split/N/2/read_home_timeline,restore,ours_direct,3,0.559992020662285,0.8807439824945296
deathstarbench_social_network,v4-confirmation-771621/deathstarbench_social_network/split/N/2/read_home_timeline,restore,ours_prepared,3,0.7278748948708251,1.0376226122870418
deathstarbench_social_network,v4-confirmation-771621/deathstarbench_social_network/split/N/2/read_home_timeline,restore,cudd_fixed,3,0.6445377140998261,1.036633929234584
deathstarbench_social_network,v4-confirmation-771621/deathstarbench_social_network/split/N/2/read_home_timeline,restore,cudd_sift,3,0.824694578877848,1.1711702924560692
deathstarbench_social_network,v4-confirmation-771621/deathstarbench_social_network/split/N/2/read_home_timeline,restore,agrum_conditioned,3,1.2269780799985048,1.2958079185850198
deathstarbench_social_network,v4-confirmation-771621/deathstarbench_social_network/split/N/2/read_home_timeline,restore,agrum_joint,3,1.243650359323354,1.3078686208723291
deathstarbench_social_network,v4-confirmation-771621/deathstarbench_social_network/split/N/2/read_home_timeline,restore,storm_sparse,3,0.8668228369629194,1.187572528065735
deathstarbench_social_network,v4-confirmation-771621/deathstarbench_social_network/split/N/2/read_home_timeline,restore,storm_compact,3,0.8064010195678952,1.0766498422144621
deathstarbench_social_network,v4-confirmation-771621/deathstarbench_social_network/split/N/2/read_user_timeline,initial,ours_direct,3,0.8401419189626421,1.0524347440877804
deathstarbench_social_network,v4-confirmation-771621/deathstarbench_social_network/split/N/2/read_user_timeline,initial,ours_prepared,3,0.957250121241376,1.088905986872724
deathstarbench_social_network,v4-confirmation-771621/deathstarbench_social_network/split/N/2/read_user_timeline,initial,cudd_fixed,3,0.933476306083154,0.975462868475838
deathstarbench_social_network,v4-confirmation-771621/deathstarbench_social_network/split/N/2/read_user_timeline,initial,cudd_sift,3,0.9336718666979626,0.9840868964600201
deathstarbench_social_network,v4-confirmation-771621/deathstarbench_social_network/split/N/2/read_user_timeline,initial,agrum_conditioned,3,1.0411666347575927,1.058243376171426
deathstarbench_social_network,v4-confirmation-771621/deathstarbench_social_network/split/N/2/read_user_timeline,initial,agrum_joint,3,1.053825631228625,1.0742877120968939
deathstarbench_social_network,v4-confirmation-771621/deathstarbench_social_network/split/N/2/read_user_timeline,initial,storm_sparse,3,0.9977601430620243,1.052420791051419
deathstarbench_social_network,v4-confirmation-771621/deathstarbench_social_network/split/N/2/read_user_timeline,initial,storm_compact,3,0.991705886369479,1.0505493552786456
deathstarbench_social_network,v4-confirmation-771621/deathstarbench_social_network/split/N/2/read_user_timeline,repeat,ours_direct,3,0.8181217606074164,1.0344139194139195
deathstarbench_social_network,v4-confirmation-771621/deathstarbench_social_network/split/N/2/read_user_timeline,repeat,ours_prepared,3,0.7402008428566005,1.0745422902888966
deathstarbench_social_network,v4-confirmation-771621/deathstarbench_social_network/split/N/2/read_user_timeline,repeat,cudd_fixed,3,0.7229541583286215,1.0206367179404228
deathstarbench_social_network,v4-confirmation-771621/deathstarbench_social_network/split/N/2/read_user_timeline,repeat,cudd_sift,3,0.7337982096691933,1.0167050879793507
deathstarbench_social_network,v4-confirmation-771621/deathstarbench_social_network/split/N/2/read_user_timeline,repeat,agrum_conditioned,3,0.9507337832894539,0.9768010747425786
deathstarbench_social_network,v4-confirmation-771621/deathstarbench_social_network/split/N/2/read_user_timeline,repeat,agrum_joint,3,0.9154196594032032,0.994363011296164
deathstarbench_social_network,v4-confirmation-771621/deathstarbench_social_network/split/N/2/read_user_timeline,repeat,storm_sparse,3,0.8878422157705788,1.0332254668162815
deathstarbench_social_network,v4-confirmation-771621/deathstarbench_social_network/split/N/2/read_user_timeline,repeat,storm_compact,3,0.7659633919381167,1.0039525352665988
deathstarbench_social_network,v4-confirmation-771621/deathstarbench_social_network/split/N/2/read_user_timeline,counts,ours_direct,3,0.7936315673953159,1.0004314093507547
deathstarbench_social_network,v4-confirmation-771621/deathstarbench_social_network/split/N/2/read_user_timeline,counts,ours_prepared,3,0.6699637204781513,0.9729755126858659
deathstarbench_social_network,v4-confirmation-771621/deathstarbench_social_network/split/N/2/read_user_timeline,counts,cudd_fixed,3,0.8575802646607766,1.184078025965731
deathstarbench_social_network,v4-confirmation-771621/deathstarbench_social_network/split/N/2/read_user_timeline,counts,cudd_sift,3,0.860970791666742,1.188308312129988
deathstarbench_social_network,v4-confirmation-771621/deathstarbench_social_network/split/N/2/read_user_timeline,counts,agrum_conditioned,3,0.9703603197609763,0.9988079952870241
deathstarbench_social_network,v4-confirmation-771621/deathstarbench_social_network/split/N/2/read_user_timeline,counts,agrum_joint,3,0.9273246455253367,1.0027539501476879
deathstarbench_social_network,v4-confirmation-771621/deathstarbench_social_network/split/N/2/read_user_timeline,counts,storm_sparse,3,0.9445516161214202,1.0800528861536145
deathstarbench_social_network,v4-confirmation-771621/deathstarbench_social_network/split/N/2/read_user_timeline,counts,storm_compact,3,0.8192450865869247,0.9952321579697442
deathstarbench_social_network,v4-confirmation-771621/deathstarbench_social_network/split/N/2/read_user_timeline,masks,ours_direct,3,0.8309311955192769,1.006333279401965
deathstarbench_social_network,v4-confirmation-771621/deathstarbench_social_network/split/N/2/read_user_timeline,masks,ours_prepared,3,0.6936639107424977,0.9919802590993214
deathstarbench_social_network,v4-confirmation-771621/deathstarbench_social_network/split/N/2/read_user_timeline,masks,cudd_fixed,3,0.7468473990065162,1.0552598316771655
deathstarbench_social_network,v4-confirmation-771621/deathstarbench_social_network/split/N/2/read_user_timeline,masks,cudd_sift,3,0.7521014033831722,1.0569351516608132
deathstarbench_social_network,v4-confirmation-771621/deathstarbench_social_network/split/N/2/read_user_timeline,masks,agrum_conditioned,3,1.0100757732547583,1.0320001418664222
deathstarbench_social_network,v4-confirmation-771621/deathstarbench_social_network/split/N/2/read_user_timeline,masks,agrum_joint,3,1.018954331850686,1.0539283319757744
deathstarbench_social_network,v4-confirmation-771621/deathstarbench_social_network/split/N/2/read_user_timeline,masks,storm_sparse,3,0.9995803395709519,1.0456693394269894
deathstarbench_social_network,v4-confirmation-771621/deathstarbench_social_network/split/N/2/read_user_timeline,masks,storm_compact,3,1.0264416210690843,1.079956551355929
deathstarbench_social_network,v4-confirmation-771621/deathstarbench_social_network/split/N/2/read_user_timeline,metadata,ours_direct,3,0.8462593397177537,1.0324539688001673
deathstarbench_social_network,v4-confirmation-771621/deathstarbench_social_network/split/N/2/read_user_timeline,metadata,ours_prepared,3,0.6920957316951154,1.0009280769375781
deathstarbench_social_network,v4-confirmation-771621/deathstarbench_social_network/split/N/2/read_user_timeline,metadata,cudd_fixed,3,0.7412968191229061,1.05273322922052
deathstarbench_social_network,v4-confirmation-771621/deathstarbench_social_network/split/N/2/read_user_timeline,metadata,cudd_sift,3,0.7383871107391267,1.0701514061049382
deathstarbench_social_network,v4-confirmation-771621/deathstarbench_social_network/split/N/2/read_user_timeline,metadata,agrum_conditioned,3,0.9770503445295672,1.0033285151205216
deathstarbench_social_network,v4-confirmation-771621/deathstarbench_social_network/split/N/2/read_user_timeline,metadata,agrum_joint,3,0.9004298238168336,0.9840032783612397
deathstarbench_social_network,v4-confirmation-771621/deathstarbench_social_network/split/N/2/read_user_timeline,metadata,storm_sparse,3,0.9559401202828495,1.0632493763004893
deathstarbench_social_network,v4-confirmation-771621/deathstarbench_social_network/split/N/2/read_user_timeline,metadata,storm_compact,3,0.8554961965905522,1.0167895100329285
deathstarbench_social_network,v4-confirmation-771621/deathstarbench_social_network/split/N/2/read_user_timeline,structure,ours_direct,3,0.8351291732066347,1.0096633172210498
deathstarbench_social_network,v4-confirmation-771621/deathstarbench_social_network/split/N/2/read_user_timeline,structure,ours_prepared,3,0.9482975999711228,1.0648946880972991
deathstarbench_social_network,v4-confirmation-771621/deathstarbench_social_network/split/N/2/read_user_timeline,structure,cudd_fixed,3,0.7663724097481605,1.0961889052869174
deathstarbench_social_network,v4-confirmation-771621/deathstarbench_social_network/split/N/2/read_user_timeline,structure,cudd_sift,3,0.9511602092431222,1.209173071710841
deathstarbench_social_network,v4-confirmation-771621/deathstarbench_social_network/split/N/2/read_user_timeline,structure,agrum_conditioned,3,1.039001954360947,1.0554512142804444
deathstarbench_social_network,v4-confirmation-771621/deathstarbench_social_network/split/N/2/read_user_timeline,structure,agrum_joint,3,1.0627208835292792,1.0843923248780636
deathstarbench_social_network,v4-confirmation-771621/deathstarbench_social_network/split/N/2/read_user_timeline,structure,storm_sparse,3,1.013010148326464,1.0828033975554174
deathstarbench_social_network,v4-confirmation-771621/deathstarbench_social_network/split/N/2/read_user_timeline,structure,storm_compact,3,0.9965324326821036,1.0877665379167571
deathstarbench_social_network,v4-confirmation-771621/deathstarbench_social_network/split/N/2/read_user_timeline,restore,ours_direct,3,0.7790478948641095,0.990443716551218
deathstarbench_social_network,v4-confirmation-771621/deathstarbench_social_network/split/N/2/read_user_timeline,restore,ours_prepared,3,0.9049839825404101,1.0124000704349356
deathstarbench_social_network,v4-confirmation-771621/deathstarbench_social_network/split/N/2/read_user_timeline,restore,cudd_fixed,3,0.790012062554739,1.087168926066685
deathstarbench_social_network,v4-confirmation-771621/deathstarbench_social_network/split/N/2/read_user_timeline,restore,cudd_sift,3,0.8921352465620443,1.1157989360532925
deathstarbench_social_network,v4-confirmation-771621/deathstarbench_social_network/split/N/2/read_user_timeline,restore,agrum_conditioned,3,1.0405188903001412,1.056055103992921
deathstarbench_social_network,v4-confirmation-771621/deathstarbench_social_network/split/N/2/read_user_timeline,restore,agrum_joint,3,1.0505533765166637,1.0743925291098348
deathstarbench_social_network,v4-confirmation-771621/deathstarbench_social_network/split/N/2/read_user_timeline,restore,storm_sparse,3,1.0538568983375967,1.1434699843707146
deathstarbench_social_network,v4-confirmation-771621/deathstarbench_social_network/split/N/2/read_user_timeline,restore,storm_compact,3,0.9783310740031643,1.0732121931820757
deathstarbench_social_network,v4-confirmation-771621/deathstarbench_social_network/split/NC/0/compose_post,initial,ours_direct,3,1.253443266644613,1.5452597282531821
deathstarbench_social_network,v4-confirmation-771621/deathstarbench_social_network/split/NC/0/compose_post,initial,ours_prepared,3,1.005980213873742,1.2841231302103673
deathstarbench_social_network,v4-confirmation-771621/deathstarbench_social_network/split/NC/0/compose_post,initial,cudd_fixed,3,0.9043877401709609,1.024623383627583
deathstarbench_social_network,v4-confirmation-771621/deathstarbench_social_network/split/NC/0/compose_post,initial,cudd_sift,3,0.9236876857756844,1.034800013555919
deathstarbench_social_network,v4-confirmation-771621/deathstarbench_social_network/split/NC/0/compose_post,initial,agrum_conditioned,3,1.3265993791250612,1.363306227129313
deathstarbench_social_network,v4-confirmation-771621/deathstarbench_social_network/split/NC/0/compose_post,initial,agrum_joint,3,1.4455653973989646,1.5133433211194642
deathstarbench_social_network,v4-confirmation-771621/deathstarbench_social_network/split/NC/0/compose_post,initial,storm_sparse,3,1.5512220000150554,1.6630862010285632
deathstarbench_social_network,v4-confirmation-771621/deathstarbench_social_network/split/NC/0/compose_post,initial,storm_compact,3,1.3506813318102597,1.4616467664887913
deathstarbench_social_network,v4-confirmation-771621/deathstarbench_social_network/split/NC/0/compose_post,repeat,ours_direct,3,1.247835657916489,1.5373072843712803
deathstarbench_social_network,v4-confirmation-771621/deathstarbench_social_network/split/NC/0/compose_post,repeat,ours_prepared,3,0.5963361864974162,1.0290350477924441
deathstarbench_social_network,v4-confirmation-771621/deathstarbench_social_network/split/NC/0/compose_post,repeat,cudd_fixed,3,0.6471190563601535,1.0791022759202022
deathstarbench_social_network,v4-confirmation-771621/deathstarbench_social_network/split/NC/0/compose_post,repeat,cudd_sift,3,0.6545373498307661,1.0748748811133482
deathstarbench_social_network,v4-confirmation-771621/deathstarbench_social_network/split/NC/0/compose_post,repeat,agrum_conditioned,3,1.1365349118724224,1.1833674445159508
deathstarbench_social_network,v4-confirmation-771621/deathstarbench_social_network/split/NC/0/compose_post,repeat,agrum_joint,3,0.8836270793974881,0.9991616644036777
deathstarbench_social_network,v4-confirmation-771621/deathstarbench_social_network/split/NC/0/compose_post,repeat,storm_sparse,3,1.4492097379513695,1.7128147941369478
deathstarbench_social_network,v4-confirmation-771621/deathstarbench_social_network/split/NC/0/compose_post,repeat,storm_compact,3,0.717776551440227,0.9935183879357562
deathstarbench_social_network,v4-confirmation-771621/deathstarbench_social_network/split/NC/0/compose_post,counts,ours_direct,3,1.2560980215196633,1.5269533132374504
deathstarbench_social_network,v4-confirmation-771621/deathstarbench_social_network/split/NC/0/compose_post,counts,ours_prepared,3,0.6077607946898407,1.0742002300757454
deathstarbench_social_network,v4-confirmation-771621/deathstarbench_social_network/split/NC/0/compose_post,counts,cudd_fixed,3,0.6472643554317747,1.0721344475005556
deathstarbench_social_network,v4-confirmation-771621/deathstarbench_social_network/split/NC/0/compose_post,counts,cudd_sift,3,0.6233692453067186,1.0167371935213323
deathstarbench_social_network,v4-confirmation-771621/deathstarbench_social_network/split/NC/0/compose_post,counts,agrum_conditioned,3,1.1440314380985326,1.19088467929039
deathstarbench_social_network,v4-confirmation-771621/deathstarbench_social_network/split/NC/0/compose_post,counts,agrum_joint,3,0.88792101673102,1.009450230926057
deathstarbench_social_network,v4-confirmation-771621/deathstarbench_social_network/split/NC/0/compose_post,counts,storm_sparse,3,1.4226787330744803,1.6496206561376727
deathstarbench_social_network,v4-confirmation-771621/deathstarbench_social_network/split/NC/0/compose_post,counts,storm_compact,3,0.7649765758011604,1.0189611149433175
deathstarbench_social_network,v4-confirmation-771621/deathstarbench_social_network/split/NC/0/compose_post,masks,ours_direct,3,1.0599597761555062,1.2446161445648003
deathstarbench_social_network,v4-confirmation-771621/deathstarbench_social_network/split/NC/0/compose_post,masks,ours_prepared,3,0.6742722603574766,1.3138726832709975
deathstarbench_social_network,v4-confirmation-771621/deathstarbench_social_network/split/NC/0/compose_post,masks,cudd_fixed,3,0.7391908752903199,1.4524566005083555
deathstarbench_social_network,v4-confirmation-771621/deathstarbench_social_network/split/NC/0/compose_post,masks,cudd_sift,3,0.7118356356308666,1.40896163911473
deathstarbench_social_network,v4-confirmation-771621/deathstarbench_social_network/split/NC/0/compose_post,masks,agrum_conditioned,3,1.2741440266266493,1.3211850574507538
deathstarbench_social_network,v4-confirmation-771621/deathstarbench_social_network/split/NC/0/compose_post,masks,agrum_joint,3,1.050761313725425,1.1091956412215926
deathstarbench_social_network,v4-confirmation-771621/deathstarbench_social_network/split/NC/0/compose_post,masks,storm_sparse,3,1.7209801339000674,1.8526264470699436
deathstarbench_social_network,v4-confirmation-771621/deathstarbench_social_network/split/NC/0/compose_post,masks,storm_compact,3,1.4973590782383643,1.6258098431461696
deathstarbench_social_network,v4-confirmation-771621/deathstarbench_social_network/split/NC/0/compose_post,metadata,ours_direct,3,1.0810673348665847,1.25412807344941
deathstarbench_social_network,v4-confirmation-771621/deathstarbench_social_network/split/NC/0/compose_post,metadata,ours_prepared,3,0.6566827593731248,1.302302395553776
deathstarbench_social_network,v4-confirmation-771621/deathstarbench_social_network/split/NC/0/compose_post,metadata,cudd_fixed,3,0.7392421853991891,1.4475241750385672
deathstarbench_social_network,v4-confirmation-771621/deathstarbench_social_network/split/NC/0/compose_post,metadata,cudd_sift,3,0.7532732588793558,1.430311300422124
deathstarbench_social_network,v4-confirmation-771621/deathstarbench_social_network/split/NC/0/compose_post,metadata,agrum_conditioned,3,1.4525374896816794,1.5430183092520755
deathstarbench_social_network,v4-confirmation-771621/deathstarbench_social_network/split/NC/0/compose_post,metadata,agrum_joint,3,1.0917528485980008,1.3120018670353768
deathstarbench_social_network,v4-confirmation-771621/deathstarbench_social_network/split/NC/0/compose_post,metadata,storm_sparse,3,1.6810459046130313,1.993677801051024
deathstarbench_social_network,v4-confirmation-771621/deathstarbench_social_network/split/NC/0/compose_post,metadata,storm_compact,3,0.9722764173920705,1.3957832368274243
deathstarbench_social_network,v4-confirmation-771621/deathstarbench_social_network/split/NC/0/compose_post,structure,ours_direct,3,1.074420499741237,1.2464939612819974
deathstarbench_social_network,v4-confirmation-771621/deathstarbench_social_network/split/NC/0/compose_post,structure,ours_prepared,3,1.0624708276455668,1.3860150419823178
deathstarbench_social_network,v4-confirmation-771621/deathstarbench_social_network/split/NC/0/compose_post,structure,cudd_fixed,3,0.7785177368715884,1.436568778199109
deathstarbench_social_network,v4-confirmation-771621/deathstarbench_social_network/split/NC/0/compose_post,structure,cudd_sift,3,0.9367025848570076,1.5434168894816798
deathstarbench_social_network,v4-confirmation-771621/deathstarbench_social_network/split/NC/0/compose_post,structure,agrum_conditioned,3,1.7017985893811594,1.7618808062373839
deathstarbench_social_network,v4-confirmation-771621/deathstarbench_social_network/split/NC/0/compose_post,structure,agrum_joint,3,1.6400724361331447,1.7288473445770265
deathstarbench_social_network,v4-confirmation-771621/deathstarbench_social_network/split/NC/0/compose_post,structure,storm_sparse,3,1.6818837476997919,1.8260848719683271
deathstarbench_social_network,v4-confirmation-771621/deathstarbench_social_network/split/NC/0/compose_post,structure,storm_compact,3,1.7202006281153852,1.9619039303079613
deathstarbench_social_network,v4-confirmation-771621/deathstarbench_social_network/split/NC/0/compose_post,restore,ours_direct,3,1.0019175611747546,1.5349800764662083
deathstarbench_social_network,v4-confirmation-771621/deathstarbench_social_network/split/NC/0/compose_post,restore,ours_prepared,3,0.8052366618928496,1.2979737832215446
deathstarbench_social_network,v4-confirmation-771621/deathstarbench_social_network/split/NC/0/compose_post,restore,cudd_fixed,3,0.66199192617123,1.130465576587403
deathstarbench_social_network,v4-confirmation-771621/deathstarbench_social_network/split/NC/0/compose_post,restore,cudd_sift,3,0.8088778153237991,1.2530291920845744
deathstarbench_social_network,v4-confirmation-771621/deathstarbench_social_network/split/NC/0/compose_post,restore,agrum_conditioned,3,1.3846829602551385,1.4246459255416395
deathstarbench_social_network,v4-confirmation-771621/deathstarbench_social_network/split/NC/0/compose_post,restore,agrum_joint,3,1.4580356773017815,1.5298138158113292
deathstarbench_social_network,v4-confirmation-771621/deathstarbench_social_network/split/NC/0/compose_post,restore,storm_sparse,3,1.626742874411435,1.7733008074768972
deathstarbench_social_network,v4-confirmation-771621/deathstarbench_social_network/split/NC/0/compose_post,restore,storm_compact,3,1.363776227956753,1.5141960206558434
deathstarbench_social_network,v4-confirmation-771621/deathstarbench_social_network/split/NC/0/read_home_timeline,initial,ours_direct,3,0.7161498112601813,1.0711599135854277
deathstarbench_social_network,v4-confirmation-771621/deathstarbench_social_network/split/NC/0/read_home_timeline,initial,ours_prepared,3,0.7301331692842151,0.9747826742138128
deathstarbench_social_network,v4-confirmation-771621/deathstarbench_social_network/split/NC/0/read_home_timeline,initial,cudd_fixed,3,0.9564635370385693,1.0036669119080028
deathstarbench_social_network,v4-confirmation-771621/deathstarbench_social_network/split/NC/0/read_home_timeline,initial,cudd_sift,3,1.243717887102718,1.302444079292587
deathstarbench_social_network,v4-confirmation-771621/deathstarbench_social_network/split/NC/0/read_home_timeline,initial,agrum_conditioned,3,1.2105846890966316,1.2706217039045733
deathstarbench_social_network,v4-confirmation-771621/deathstarbench_social_network/split/NC/0/read_home_timeline,initial,agrum_joint,3,1.1840898228888639,1.2394015911186174
deathstarbench_social_network,v4-confirmation-771621/deathstarbench_social_network/split/NC/0/read_home_timeline,initial,storm_sparse,3,0.9164956329843448,1.0402422905490354
deathstarbench_social_network,v4-confirmation-771621/deathstarbench_social_network/split/NC/0/read_home_timeline,initial,storm_compact,3,0.9053175115001719,1.0211254105714997
deathstarbench_social_network,v4-confirmation-771621/deathstarbench_social_network/split/NC/0/read_home_timeline,repeat,ours_direct,3,0.5834799790065142,0.9117732422288141
deathstarbench_social_network,v4-confirmation-771621/deathstarbench_social_network/split/NC/0/read_home_timeline,repeat,ours_prepared,3,0.5945418359846331,1.0184677859264197
deathstarbench_social_network,v4-confirmation-771621/deathstarbench_social_network/split/NC/0/read_home_timeline,repeat,cudd_fixed,3,0.4564593837249847,0.6845310397572277
deathstarbench_social_network,v4-confirmation-771621/deathstarbench_social_network/split/NC/0/read_home_timeline,repeat,cudd_sift,3,0.5466747814540224,0.8183427328221701
deathstarbench_social_network,v4-confirmation-771621/deathstarbench_social_network/split/NC/0/read_home_timeline,repeat,agrum_conditioned,3,0.9908852701313706,1.121521370379086
deathstarbench_social_network,v4-confirmation-771621/deathstarbench_social_network/split/NC/0/read_home_timeline,repeat,agrum_joint,3,0.7964848979518078,1.0327529844687715
deathstarbench_social_network,v4-confirmation-771621/deathstarbench_social_network/split/NC/0/read_home_timeline,repeat,storm_sparse,3,0.5436471921887468,0.9755061972272075
deathstarbench_social_network,v4-confirmation-771621/deathstarbench_social_network/split/NC/0/read_home_timeline,repeat,storm_compact,3,0.5389705599316926,0.9391405661023919
deathstarbench_social_network,v4-confirmation-771621/deathstarbench_social_network/split/NC/0/read_home_timeline,counts,ours_direct,3,0.6032217564610075,1.0056080111109815
deathstarbench_social_network,v4-confirmation-771621/deathstarbench_social_network/split/NC/0/read_home_timeline,counts,ours_prepared,3,0.5867059121082939,1.0126251688850676
deathstarbench_social_network,v4-confirmation-771621/deathstarbench_social_network/split/NC/0/read_home_timeline,counts,cudd_fixed,3,0.5809761267048466,1.017219806885395
deathstarbench_social_network,v4-confirmation-771621/deathstarbench_social_network/split/NC/0/read_home_timeline,counts,cudd_sift,3,0.5433463342788566,1.0016706886950064
deathstarbench_social_network,v4-confirmation-771621/deathstarbench_social_network/split/NC/0/read_home_timeline,counts,agrum_conditioned,3,0.9702773604394572,1.098763440567215
deathstarbench_social_network,v4-confirmation-771621/deathstarbench_social_network/split/NC/0/read_home_timeline,counts,agrum_joint,3,0.8315786555967345,1.035835092760833
deathstarbench_social_network,v4-confirmation-771621/deathstarbench_social_network/split/NC/0/read_home_timeline,counts,storm_sparse,3,0.6055873904066549,1.0666765646722185
deathstarbench_social_network,v4-confirmation-771621/deathstarbench_social_network/split/NC/0/read_home_timeline,counts,storm_compact,3,0.6434520111448642,1.153122362574894
deathstarbench_social_network,v4-confirmation-771621/deathstarbench_social_network/split/NC/0/read_home_timeline,masks,ours_direct,3,0.5943663195521851,0.9763658476231593
deathstarbench_social_network,v4-confirmation-771621/deathstarbench_social_network/split/NC/0/read_home_timeline,masks,ours_prepared,3,0.5675528121936001,1.0149768739446443
deathstarbench_social_network,v4-confirmation-771621/deathstarbench_social_network/split/NC/0/read_home_timeline,masks,cudd_fixed,3,0.8437758034151336,1.5430395997234931
deathstarbench_social_network,v4-confirmation-771621/deathstarbench_social_network/split/NC/0/read_home_timeline,masks,cudd_sift,3,0.8582872528621813,1.5373670460906885
deathstarbench_social_network,v4-confirmation-771621/deathstarbench_social_network/split/NC/0/read_home_timeline,masks,agrum_conditioned,3,1.144250438181283,1.2630752715200722
deathstarbench_social_network,v4-confirmation-771621/deathstarbench_social_network/split/NC/0/read_home_timeline,masks,agrum_joint,3,1.1039039654305352,1.1974568323969956
deathstarbench_social_network,v4-confirmation-771621/deathstarbench_social_network/split/NC/0/read_home_timeline,masks,storm_sparse,3,0.9032796119515693,1.0300779164692262
deathstarbench_social_network,v4-confirmation-771621/deathstarbench_social_network/split/NC/0/read_home_timeline,masks,storm_compact,3,0.9245772238809579,1.032401721531395
deathstarbench_social_network,v4-confirmation-771621/deathstarbench_social_network/split/NC/0/read_home_timeline,metadata,ours_direct,3,0.6061090966679754,0.9986841674219509
deathstarbench_social_network,v4-confirmation-771621/deathstarbench_social_network/split/NC/0/read_home_timeline,metadata,ours_prepared,3,0.5448800193552644,0.9797027572738407
deathstarbench_social_network,v4-confirmation-771621/deathstarbench_social_network/split/NC/0/read_home_timeline,metadata,cudd_fixed,3,0.5588283910211908,1.0103684713014334
deathstarbench_social_network,v4-confirmation-771621/deathstarbench_social_network/split/NC/0/read_home_timeline,metadata,cudd_sift,3,0.526621060431134,0.9691208700979618
deathstarbench_social_network,v4-confirmation-771621/deathstarbench_social_network/split/NC/0/read_home_timeline,metadata,agrum_conditioned,3,0.9508998758791891,1.08734780883962
deathstarbench_social_network,v4-confirmation-771621/deathstarbench_social_network/split/NC/0/read_home_timeline,metadata,agrum_joint,3,0.7837740320367763,1.0546049340723103
deathstarbench_social_network,v4-confirmation-771621/deathstarbench_social_network/split/NC/0/read_home_timeline,metadata,storm_sparse,3,0.6949496528390555,1.025892203582259
deathstarbench_social_network,v4-confirmation-771621/deathstarbench_social_network/split/NC/0/read_home_timeline,metadata,storm_compact,3,0.6753740482945847,0.9979872805208857
deathstarbench_social_network,v4-confirmation-771621/deathstarbench_social_network/split/NC/0/read_home_timeline,structure,ours_direct,3,0.6082403743513833,1.023953823953824
deathstarbench_social_network,v4-confirmation-771621/deathstarbench_social_network/split/NC/0/read_home_timeline,structure,ours_prepared,3,0.7474008159463864,1.0858424795661423
deathstarbench_social_network,v4-confirmation-771621/deathstarbench_social_network/split/NC/0/read_home_timeline,structure,cudd_fixed,3,0.7070960234520106,1.1566790298973344
deathstarbench_social_network,v4-confirmation-771621/deathstarbench_social_network/split/NC/0/read_home_timeline,structure,cudd_sift,3,0.7660838058019401,1.1265328178908425
deathstarbench_social_network,v4-confirmation-771621/deathstarbench_social_network/split/NC/0/read_home_timeline,structure,agrum_conditioned,3,1.218842386197841,1.2912355804251219
deathstarbench_social_network,v4-confirmation-771621/deathstarbench_social_network/split/NC/0/read_home_timeline,structure,agrum_joint,3,1.207675753662987,1.279660262421968
deathstarbench_social_network,v4-confirmation-771621/deathstarbench_social_network/split/NC/0/read_home_timeline,structure,storm_sparse,3,0.863245710687864,1.0974260750703495
deathstarbench_social_network,v4-confirmation-771621/deathstarbench_social_network/split/NC/0/read_home_timeline,structure,storm_compact,3,0.8890626864653836,1.0964421207668602
deathstarbench_social_network,v4-confirmation-771621/deathstarbench_social_network/split/NC/0/read_home_timeline,restore,ours_direct,3,0.5900367584970339,1.0225051896106527
deathstarbench_social_network,v4-confirmation-771621/deathstarbench_social_network/split/NC/0/read_home_timeline,restore,ours_prepared,3,0.7238089454011407,1.0663888231887841
deathstarbench_social_network,v4-confirmation-771621/deathstarbench_social_network/split/NC/0/read_home_timeline,restore,cudd_fixed,3,0.6215304312227075,1.038666949060373
deathstarbench_social_network,v4-confirmation-771621/deathstarbench_social_network/split/NC/0/read_home_timeline,restore,cudd_sift,3,0.7568474246323285,1.1111839496916573
deathstarbench_social_network,v4-confirmation-771621/deathstarbench_social_network/split/NC/0/read_home_timeline,restore,agrum_conditioned,3,1.2100512560488605,1.2941246132047475
deathstarbench_social_network,v4-confirmation-771621/deathstarbench_social_network/split/NC/0/read_home_timeline,restore,agrum_joint,3,1.2166586573449545,1.2845805202857157
deathstarbench_social_network,v4-confirmation-771621/deathstarbench_social_network/split/NC/0/read_home_timeline,restore,storm_sparse,3,0.711665694353518,0.9143790202391793
deathstarbench_social_network,v4-confirmation-771621/deathstarbench_social_network/split/NC/0/read_home_timeline,restore,storm_compact,3,0.792041911566093,1.1241993624690916
deathstarbench_social_network,v4-confirmation-771621/deathstarbench_social_network/split/NC/0/read_user_timeline,initial,ours_direct,3,1.1234015616013515,1.337222268676113
deathstarbench_social_network,v4-confirmation-771621/deathstarbench_social_network/split/NC/0/read_user_timeline,initial,ours_prepared,3,0.9061154546627785,1.055390866604121
deathstarbench_social_network,v4-confirmation-771621/deathstarbench_social_network/split/NC/0/read_user_timeline,initial,cudd_fixed,3,0.9405693540424426,1.033160387273078
deathstarbench_social_network,v4-confirmation-771621/deathstarbench_social_network/split/NC/0/read_user_timeline,initial,cudd_sift,3,1.1509376621761247,1.2735421300925265
deathstarbench_social_network,v4-confirmation-771621/deathstarbench_social_network/split/NC/0/read_user_timeline,initial,agrum_conditioned,3,1.0381072800062718,1.0564461210803395
deathstarbench_social_network,v4-confirmation-771621/deathstarbench_social_network/split/NC/0/read_user_timeline,initial,agrum_joint,3,1.0568173588203893,1.0861729858131839
deathstarbench_social_network,v4-confirmation-771621/deathstarbench_social_network/split/NC/0/read_user_timeline,initial,storm_sparse,3,1.0481127665486767,1.0966032838170532
deathstarbench_social_network,v4-confirmation-771621/deathstarbench_social_network/split/NC/0/read_user_timeline,initial,storm_compact,3,1.019372882280415,1.070308686482885
deathstarbench_social_network,v4-confirmation-771621/deathstarbench_social_network/split/NC/0/read_user_timeline,repeat,ours_direct,3,1.1205988481695743,1.3619446876316936
deathstarbench_social_network,v4-confirmation-771621/deathstarbench_social_network/split/NC/0/read_user_timeline,repeat,ours_prepared,3,0.6775419377311633,0.9763855651083471
deathstarbench_social_network,v4-confirmation-771621/deathstarbench_social_network/split/NC/0/read_user_timeline,repeat,cudd_fixed,3,0.7288702480777093,1.0337277209730746
deathstarbench_social_network,v4-confirmation-771621/deathstarbench_social_network/split/NC/0/read_user_timeline,repeat,cudd_sift,3,0.7184156979068391,1.0075594517171642
deathstarbench_social_network,v4-confirmation-771621/deathstarbench_social_network/split/NC/0/read_user_timeline,repeat,agrum_conditioned,3,0.9706328921472436,0.9964873726736336
deathstarbench_social_network,v4-confirmation-771621/deathstarbench_social_network/split/NC/0/read_user_timeline,repeat,agrum_joint,3,0.9223243993628316,1.0026283330264423
deathstarbench_social_network,v4-confirmation-771621/deathstarbench_social_network/split/NC/0/read_user_timeline,repeat,storm_sparse,3,1.0393572528436843,1.1479658718126642
deathstarbench_social_network,v4-confirmation-771621/deathstarbench_social_network/split/NC/0/read_user_timeline,repeat,storm_compact,3,0.8698318640272978,1.0752319224162707
deathstarbench_social_network,v4-confirmation-771621/deathstarbench_social_network/split/NC/0/read_user_timeline,counts,ours_direct,3,1.1300558090299413,1.35865045853498
deathstarbench_social_network,v4-confirmation-771621/deathstarbench_social_network/split/NC/0/read_user_timeline,counts,ours_prepared,3,0.6677559079136371,1.0205535421225382
deathstarbench_social_network,v4-confirmation-771621/deathstarbench_social_network/split/NC/0/read_user_timeline,counts,cudd_fixed,3,0.716565005912813,1.0240696506920597
deathstarbench_social_network,v4-confirmation-771621/deathstarbench_social_network/split/NC/0/read_user_timeline,counts,cudd_sift,3,0.7223107085384373,1.0137756569238112
deathstarbench_social_network,v4-confirmation-771621/deathstarbench_social_network/split/NC/0/read_user_timeline,counts,agrum_conditioned,3,0.9653711120219469,0.988114766686141
deathstarbench_social_network,v4-confirmation-771621/deathstarbench_social_network/split/NC/0/read_user_timeline,counts,agrum_joint,3,0.9319918234502711,1.0070825510239079
deathstarbench_social_network,v4-confirmation-771621/deathstarbench_social_network/split/NC/0/read_user_timeline,counts,storm_sparse,3,1.0278298842358071,1.1291300427300388
deathstarbench_social_network,v4-confirmation-771621/deathstarbench_social_network/split/NC/0/read_user_timeline,counts,storm_compact,3,0.8204932732623896,0.9951224084222847
deathstarbench_social_network,v4-confirmation-771621/deathstarbench_social_network/split/NC/0/read_user_timeline,masks,ours_direct,3,1.0316270748534393,1.2191552262928795
deathstarbench_social_network,v4-confirmation-771621/deathstarbench_social_network/split/NC/0/read_user_timeline,masks,ours_prepared,3,0.7354860964672241,1.160104167073366
deathstarbench_social_network,v4-confirmation-771621/deathstarbench_social_network/split/NC/0/read_user_timeline,masks,cudd_fixed,3,0.8345220196543234,1.2603528544800382
deathstarbench_social_network,v4-confirmation-771621/deathstarbench_social_network/split/NC/0/read_user_timeline,masks,cudd_sift,3,0.8372128052094215,1.3418029126382518
deathstarbench_social_network,v4-confirmation-771621/deathstarbench_social_network/split/NC/0/read_user_timeline,masks,agrum_conditioned,3,1.026357366314667,1.0505390703745812
deathstarbench_social_network,v4-confirmation-771621/deathstarbench_social_network/split/NC/0/read_user_timeline,masks,agrum_joint,3,0.8094660383316257,0.835166400252374
deathstarbench_social_network,v4-confirmation-771621/deathstarbench_social_network/split/NC/0/read_user_timeline,masks,storm_sparse,3,1.2319187521559851,1.2923058140118118
deathstarbench_social_network,v4-confirmation-771621/deathstarbench_social_network/split/NC/0/read_user_timeline,masks,storm_compact,3,1.1581361179808893,1.2323035677690257
deathstarbench_social_network,v4-confirmation-771621/deathstarbench_social_network/split/NC/0/read_user_timeline,metadata,ours_direct,3,1.0305390927050382,1.2300901829002144
deathstarbench_social_network,v4-confirmation-771621/deathstarbench_social_network/split/NC/0/read_user_timeline,metadata,ours_prepared,3,0.7651031281748555,1.2802819203008509
deathstarbench_social_network,v4-confirmation-771621/deathstarbench_social_network/split/NC/0/read_user_timeline,metadata,cudd_fixed,3,0.8335185167175617,1.2965755431179364
deathstarbench_social_network,v4-confirmation-771621/deathstarbench_social_network/split/NC/0/read_user_timeline,metadata,cudd_sift,3,0.8288546242087884,1.3125313218669714
deathstarbench_social_network,v4-confirmation-771621/deathstarbench_social_network/split/NC/0/read_user_timeline,metadata,agrum_conditioned,3,1.298635716515291,1.3445664456200863
deathstarbench_social_network,v4-confirmation-771621/deathstarbench_social_network/split/NC/0/read_user_timeline,metadata,agrum_joint,3,1.1694548883024578,1.298927542388636
deathstarbench_social_network,v4-confirmation-771621/deathstarbench_social_network/split/NC/0/read_user_timeline,metadata,storm_sparse,3,1.199652392816808,1.3406651864187251
deathstarbench_social_network,v4-confirmation-771621/deathstarbench_social_network/split/NC/0/read_user_timeline,metadata,storm_compact,3,0.8137184189391731,1.0681168792991946
deathstarbench_social_network,v4-confirmation-771621/deathstarbench_social_network/split/NC/0/read_user_timeline,structure,ours_direct,3,1.0801572721352268,1.2580099223043482
deathstarbench_social_network,v4-confirmation-771621/deathstarbench_social_network/split/NC/0/read_user_timeline,structure,ours_prepared,3,0.9820738738241703,1.1762597941388198
deathstarbench_social_network,v4-confirmation-771621/deathstarbench_social_network/split/NC/0/read_user_timeline,structure,cudd_fixed,3,0.7884700097890897,1.2192403099192535
deathstarbench_social_network,v4-confirmation-771621/deathstarbench_social_network/split/NC/0/read_user_timeline,structure,cudd_sift,3,0.9123748425047156,1.271755352063606
deathstarbench_social_network,v4-confirmation-771621/deathstarbench_social_network/split/NC/0/read_user_timeline,structure,agrum_conditioned,3,1.2534631523430646,1.2830653391151852
deathstarbench_social_network,v4-confirmation-771621/deathstarbench_social_network/split/NC/0/read_user_timeline,structure,agrum_joint,3,1.197550368185396,1.236918946415175
deathstarbench_social_network,v4-confirmation-771621/deathstarbench_social_network/split/NC/0/read_user_timeline,structure,storm_sparse,3,1.2401357430640998,1.3063349568043194
deathstarbench_social_network,v4-confirmation-771621/deathstarbench_social_network/split/NC/0/read_user_timeline,structure,storm_compact,3,1.174105846130013,1.2644216890257458
deathstarbench_social_network,v4-confirmation-771621/deathstarbench_social_network/split/NC/0/read_user_timeline,restore,ours_direct,3,1.1036385204972945,1.3365146577690539
deathstarbench_social_network,v4-confirmation-771621/deathstarbench_social_network/split/NC/0/read_user_timeline,restore,ours_prepared,3,0.9072392094124271,1.07476449932803
deathstarbench_social_network,v4-confirmation-771621/deathstarbench_social_network/split/NC/0/read_user_timeline,restore,cudd_fixed,3,0.704970546626777,0.9809736484694791
deathstarbench_social_network,v4-confirmation-771621/deathstarbench_social_network/split/NC/0/read_user_timeline,restore,cudd_sift,3,0.7988027964860788,1.06236832602642
deathstarbench_social_network,v4-confirmation-771621/deathstarbench_social_network/split/NC/0/read_user_timeline,restore,agrum_conditioned,3,1.0279148638045061,1.0510359707612016
deathstarbench_social_network,v4-confirmation-771621/deathstarbench_social_network/split/NC/0/read_user_timeline,restore,agrum_joint,3,1.0632625739233763,1.0935420197683685
deathstarbench_social_network,v4-confirmation-771621/deathstarbench_social_network/split/NC/0/read_user_timeline,restore,storm_sparse,3,1.0846238308030793,1.142270139050033
deathstarbench_social_network,v4-confirmation-771621/deathstarbench_social_network/split/NC/0/read_user_timeline,restore,storm_compact,3,1.075087660997108,1.1500772537249964
deathstarbench_social_network,v4-confirmation-771621/deathstarbench_social_network/split/NC/1/compose_post,initial,ours_direct,3,1.2148711884620438,1.5056387704408398
deathstarbench_social_network,v4-confirmation-771621/deathstarbench_social_network/split/NC/1/compose_post,initial,ours_prepared,3,0.9792357628564026,1.2553542483209452
deathstarbench_social_network,v4-confirmation-771621/deathstarbench_social_network/split/NC/1/compose_post,initial,cudd_fixed,3,0.9168585177499132,1.03650624430008
deathstarbench_social_network,v4-confirmation-771621/deathstarbench_social_network/split/NC/1/compose_post,initial,cudd_sift,3,0.9422689264891742,1.0596955548571008
deathstarbench_social_network,v4-confirmation-771621/deathstarbench_social_network/split/NC/1/compose_post,initial,agrum_conditioned,3,1.3210368438213238,1.3606998013917433
deathstarbench_social_network,v4-confirmation-771621/deathstarbench_social_network/split/NC/1/compose_post,initial,agrum_joint,3,1.4057544537113427,1.4739926963434822
deathstarbench_social_network,v4-confirmation-771621/deathstarbench_social_network/split/NC/1/compose_post,initial,storm_sparse,3,1.507701601596752,1.6186838666899366
deathstarbench_social_network,v4-confirmation-771621/deathstarbench_social_network/split/NC/1/compose_post,initial,storm_compact,3,1.3558672596449697,1.4705149831961737
deathstarbench_social_network,v4-confirmation-771621/deathstarbench_social_network/split/NC/1/compose_post,repeat,ours_direct,3,1.2213370905403618,1.5192744335780488
deathstarbench_social_network,v4-confirmation-771621/deathstarbench_social_network/split/NC/1/compose_post,repeat,ours_prepared,3,0.6111569244005256,1.0664585781885534
deathstarbench_social_network,v4-confirmation-771621/deathstarbench_social_network/split/NC/1/compose_post,repeat,cudd_fixed,3,0.641269585643268,1.0747303042923022
deathstarbench_social_network,v4-confirmation-771621/deathstarbench_social_network/split/NC/1/compose_post,repeat,cudd_sift,3,0.6269874630634629,1.054430760860666
deathstarbench_social_network,v4-confirmation-771621/deathstarbench_social_network/split/NC/1/compose_post,repeat,agrum_conditioned,3,1.1195003120505902,1.168315784562782
deathstarbench_social_network,v4-confirmation-771621/deathstarbench_social_network/split/NC/1/compose_post,repeat,agrum_joint,3,0.8639621530089374,0.9889536347949643
deathstarbench_social_network,v4-confirmation-771621/deathstarbench_social_network/split/NC/1/compose_post,repeat,storm_sparse,3,1.4326377736916411,1.7256509255574695
deathstarbench_social_network,v4-confirmation-771621/deathstarbench_social_network/split/NC/1/compose_post,repeat,storm_compact,3,0.7165456113683926,1.0139266046199193
deathstarbench_social_network,v4-confirmation-771621/deathstarbench_social_network/split/NC/1/compose_post,counts,ours_direct,3,1.2530152285111043,1.5513893059636088
deathstarbench_social_network,v4-confirmation-771621/deathstarbench_social_network/split/NC/1/compose_post,counts,ours_prepared,3,0.5913753763461198,1.0158243407022844
deathstarbench_social_network,v4-confirmation-771621/deathstarbench_social_network/split/NC/1/compose_post,counts,cudd_fixed,3,0.6294185051780347,1.0729108909214808
deathstarbench_social_network,v4-confirmation-771621/deathstarbench_social_network/split/NC/1/compose_post,counts,cudd_sift,3,0.6296437493916486,1.1058993223731894
deathstarbench_social_network,v4-confirmation-771621/deathstarbench_social_network/split/NC/1/compose_post,counts,agrum_conditioned,3,1.148629958570795,1.1984913504389718
deathstarbench_social_network,v4-confirmation-771621/deathstarbench_social_network/split/NC/1/compose_post,counts,agrum_joint,3,0.8625189450832367,0.9854021763439853
deathstarbench_social_network,v4-confirmation-771621/deathstarbench_social_network/split/NC/1/compose_post,counts,storm_sparse,3,1.4327012558637462,1.6752117817934846
deathstarbench_social_network,v4-confirmation-771621/deathstarbench_social_network/split/NC/1/compose_post,counts,storm_compact,3,0.7286958666110932,1.0036193363042052
deathstarbench_social_network,v4-confirmation-771621/deathstarbench_social_network/split/NC/1/compose_post,masks,ours_direct,3,1.0771046806600324,1.272986655855149
deathstarbench_social_network,v4-confirmation-771621/deathstarbench_social_network/split/NC/1/compose_post,masks,ours_prepared,3,0.667684842476423,1.3525793669737909
deathstarbench_social_network,v4-confirmation-771621/deathstarbench_social_network/split/NC/1/compose_post,masks,cudd_fixed,3,0.7280606794261265,1.4219176273106717
deathstarbench_social_network,v4-confirmation-771621/deathstarbench_social_network/split/NC/1/compose_post,masks,cudd_sift,3,0.7182986150621954,1.4619389511693328
deathstarbench_social_network,v4-confirmation-771621/deathstarbench_social_network/split/NC/1/compose_post,masks,agrum_conditioned,3,1.276497860603103,1.328757097008239
deathstarbench_social_network,v4-confirmation-771621/deathstarbench_social_network/split/NC/1/compose_post,masks,agrum_joint,3,1.0378321229596685,1.0983758811743656
deathstarbench_social_network,v4-confirmation-771621/deathstarbench_social_network/split/NC/1/compose_post,masks,storm_sparse,3,1.6738899520772546,1.8040016711601417
deathstarbench_social_network,v4-confirmation-771621/deathstarbench_social_network/split/NC/1/compose_post,masks,storm_compact,3,1.4567655147582679,1.585324345050928
deathstarbench_social_network,v4-confirmation-771621/deathstarbench_social_network/split/NC/1/compose_post,metadata,ours_direct,3,1.0669791214986315,1.2631271037271063
deathstarbench_social_network,v4-confirmation-771621/deathstarbench_social_network/split/NC/1/compose_post,metadata,ours_prepared,3,0.6434144839862415,1.3397146922718195
deathstarbench_social_network,v4-confirmation-771621/deathstarbench_social_network/split/NC/1/compose_post,metadata,cudd_fixed,3,0.7249771600315825,1.4572043211026262
deathstarbench_social_network,v4-confirmation-771621/deathstarbench_social_network/split/NC/1/compose_post,metadata,cudd_sift,3,0.7200342162264017,1.3963223418817037
deathstarbench_social_network,v4-confirmation-771621/deathstarbench_social_network/split/NC/1/compose_post,metadata,agrum_conditioned,3,1.4776969311856858,1.577597655263701
deathstarbench_social_network,v4-confirmation-771621/deathstarbench_social_network/split/NC/1/compose_post,metadata,agrum_joint,3,1.0502076853172169,1.28608943825986
deathstarbench_social_network,v4-confirmation-771621/deathstarbench_social_network/split/NC/1/compose_post,metadata,storm_sparse,3,1.6367236190594248,1.9697010574165545
deathstarbench_social_network,v4-confirmation-771621/deathstarbench_social_network/split/NC/1/compose_post,metadata,storm_compact,3,0.9651057236633899,1.4052428957144578
deathstarbench_social_network,v4-confirmation-771621/deathstarbench_social_network/split/NC/1/compose_post,structure,ours_direct,3,1.0606250552936964,1.2486900569810353
deathstarbench_social_network,v4-confirmation-771621/deathstarbench_social_network/split/NC/1/compose_post,structure,ours_prepared,3,1.0423890627156,1.3934944033991028
deathstarbench_social_network,v4-confirmation-771621/deathstarbench_social_network/split/NC/1/compose_post,structure,cudd_fixed,3,0.7757239218117093,1.4153798505186568
deathstarbench_social_network,v4-confirmation-771621/deathstarbench_social_network/split/NC/1/compose_post,structure,cudd_sift,3,0.920911733210953,1.5335307457315817
deathstarbench_social_network,v4-confirmation-771621/deathstarbench_social_network/split/NC/1/compose_post,structure,agrum_conditioned,3,1.673214969978163,1.736169549589628
deathstarbench_social_network,v4-confirmation-771621/deathstarbench_social_network/split/NC/1/compose_post,structure,agrum_joint,3,1.6428582750918654,1.7368134732223406
deathstarbench_social_network,v4-confirmation-771621/deathstarbench_social_network/split/NC/1/compose_post,structure,storm_sparse,3,1.6649741556368933,1.8130199411828058
deathstarbench_social_network,v4-confirmation-771621/deathstarbench_social_network/split/NC/1/compose_post,structure,storm_compact,3,1.7196807678703847,1.9712268965557238
deathstarbench_social_network,v4-confirmation-771621/deathstarbench_social_network/split/NC/1/compose_post,restore,ours_direct,3,1.0089627923204136,1.5436735165923368
deathstarbench_social_network,v4-confirmation-771621/deathstarbench_social_network/split/NC/1/compose_post,restore,ours_prepared,3,0.9991863285875184,1.6299191507901565
deathstarbench_social_network,v4-confirmation-771621/deathstarbench_social_network/split/NC/1/compose_post,restore,cudd_fixed,3,0.6537331698495022,1.1113046097903871
deathstarbench_social_network,v4-confirmation-771621/deathstarbench_social_network/split/NC/1/compose_post,restore,cudd_sift,3,0.7713050340161466,1.2237153262795375
deathstarbench_social_network,v4-confirmation-771621/deathstarbench_social_network/split/NC/1/compose_post,restore,agrum_conditioned,3,1.3767216632611474,1.417989514086099
deathstarbench_social_network,v4-confirmation-771621/deathstarbench_social_network/split/NC/1/compose_post,restore,agrum_joint,3,1.447089208590848,1.5219498124849582
deathstarbench_social_network,v4-confirmation-771621/deathstarbench_social_network/split/NC/1/compose_post,restore,storm_sparse,3,1.569380809268878,1.71105422879377
deathstarbench_social_network,v4-confirmation-771621/deathstarbench_social_network/split/NC/1/compose_post,restore,storm_compact,3,1.3825432525084933,1.5439786333117722
deathstarbench_social_network,v4-confirmation-771621/deathstarbench_social_network/split/NC/1/read_home_timeline,initial,ours_direct,3,0.6708159084979813,1.00471409990155
deathstarbench_social_network,v4-confirmation-771621/deathstarbench_social_network/split/NC/1/read_home_timeline,initial,ours_prepared,3,0.7484273420220381,0.9845849074209208
deathstarbench_social_network,v4-confirmation-771621/deathstarbench_social_network/split/NC/1/read_home_timeline,initial,cudd_fixed,3,0.963263377549801,1.0131105815235328
deathstarbench_social_network,v4-confirmation-771621/deathstarbench_social_network/split/NC/1/read_home_timeline,initial,cudd_sift,3,0.7693775489620923,0.7981259770234277
deathstarbench_social_network,v4-confirmation-771621/deathstarbench_social_network/split/NC/1/read_home_timeline,initial,agrum_conditioned,3,1.190726511281588,1.2486289763858398
deathstarbench_social_network,v4-confirmation-771621/deathstarbench_social_network/split/NC/1/read_home_timeline,initial,agrum_joint,3,1.1969444488686438,1.2582710820042777
deathstarbench_social_network,v4-confirmation-771621/deathstarbench_social_network/split/NC/1/read_home_timeline,initial,storm_sparse,3,0.9161210703963566,1.0437487839678319
deathstarbench_social_network,v4-confirmation-771621/deathstarbench_social_network/split/NC/1/read_home_timeline,initial,storm_compact,3,0.9031197257085558,1.024704809854239
deathstarbench_social_network,v4-confirmation-771621/deathstarbench_social_network/split/NC/1/read_home_timeline,repeat,ours_direct,3,0.6136300650309042,1.0215033414797672
deathstarbench_social_network,v4-confirmation-771621/deathstarbench_social_network/split/NC/1/read_home_timeline,repeat,ours_prepared,3,0.6602099131772722,1.1465213695968917
deathstarbench_social_network,v4-confirmation-771621/deathstarbench_social_network/split/NC/1/read_home_timeline,repeat,cudd_fixed,3,0.4578642017189593,0.7229329921637614
deathstarbench_social_network,v4-confirmation-771621/deathstarbench_social_network/split/NC/1/read_home_timeline,repeat,cudd_sift,3,0.46557685161748946,0.6886194459366127
deathstarbench_social_network,v4-confirmation-771621/deathstarbench_social_network/split/NC/1/read_home_timeline,repeat,agrum_conditioned,3,0.9699517299868117,1.101211173079647
deathstarbench_social_network,v4-confirmation-771621/deathstarbench_social_network/split/NC/1/read_home_timeline,repeat,agrum_joint,3,0.776782889041464,0.9834157751082346
deathstarbench_social_network,v4-confirmation-771621/deathstarbench_social_network/split/NC/1/read_home_timeline,repeat,storm_sparse,3,0.578681677213488,1.0258354010771806
deathstarbench_social_network,v4-confirmation-771621/deathstarbench_social_network/split/NC/1/read_home_timeline,repeat,storm_compact,3,0.5570959867339459,0.9893581190491613
deathstarbench_social_network,v4-confirmation-771621/deathstarbench_social_network/split/NC/1/read_home_timeline,counts,ours_direct,3,0.5468302182593145,0.9825458122953925
deathstarbench_social_network,v4-confirmation-771621/deathstarbench_social_network/split/NC/1/read_home_timeline,counts,ours_prepared,3,0.5324323690356911,0.9971775512691398
deathstarbench_social_network,v4-confirmation-771621/deathstarbench_social_network/split/NC/1/read_home_timeline,counts,cudd_fixed,3,0.5696350520592729,0.9977331585303634
deathstarbench_social_network,v4-confirmation-771621/deathstarbench_social_network/split/NC/1/read_home_timeline,counts,cudd_sift,3,0.551110880936351,0.9605229995635524
deathstarbench_social_network,v4-confirmation-771621/deathstarbench_social_network/split/NC/1/read_home_timeline,counts,agrum_conditioned,3,0.9989940343899871,1.134865730946328
deathstarbench_social_network,v4-confirmation-771621/deathstarbench_social_network/split/NC/1/read_home_timeline,counts,agrum_joint,3,0.8092636987095368,0.998813934298351
deathstarbench_social_network,v4-confirmation-771621/deathstarbench_social_network/split/NC/1/read_home_timeline,counts,storm_sparse,3,0.5726897784210702,1.0332952386014804
deathstarbench_social_network,v4-confirmation-771621/deathstarbench_social_network/split/NC/1/read_home_timeline,counts,storm_compact,3,0.5248993955369419,1.0154877897948247
deathstarbench_social_network,v4-confirmation-771621/deathstarbench_social_network/split/NC/1/read_home_timeline,masks,ours_direct,3,0.5895197057941506,1.015709774971093
deathstarbench_social_network,v4-confirmation-771621/deathstarbench_social_network/split/NC/1/read_home_timeline,masks,ours_prepared,3,0.5463433030663456,1.0028815746367945
deathstarbench_social_network,v4-confirmation-771621/deathstarbench_social_network/split/NC/1/read_home_timeline,masks,cudd_fixed,3,0.90919528852816,1.7987539103914973
deathstarbench_social_network,v4-confirmation-771621/deathstarbench_social_network/split/NC/1/read_home_timeline,masks,cudd_sift,3,0.7828803867240465,1.5136438370407919
deathstarbench_social_network,v4-confirmation-771621/deathstarbench_social_network/split/NC/1/read_home_timeline,masks,agrum_conditioned,3,1.0974967089395904,1.2106218339914643
deathstarbench_social_network,v4-confirmation-771621/deathstarbench_social_network/split/NC/1/read_home_timeline,masks,agrum_joint,3,1.1241748357198593,1.221697270417314
deathstarbench_social_network,v4-confirmation-771621/deathstarbench_social_network/split/NC/1/read_home_timeline,masks,storm_sparse,3,0.926371605499967,1.0437163659075979
deathstarbench_social_network,v4-confirmation-771621/deathstarbench_social_network/split/NC/1/read_home_timeline,masks,storm_compact,3,0.9282963417156825,1.0371364100825284
deathstarbench_social_network,v4-confirmation-771621/deathstarbench_social_network/split/NC/1/read_home_timeline,metadata,ours_direct,3,0.5361877898245541,0.9506116199794081
deathstarbench_social_network,v4-confirmation-771621/deathstarbench_social_network/split/NC/1/read_home_timeline,metadata,ours_prepared,3,0.5833973813510472,1.090144942460675
deathstarbench_social_network,v4-confirmation-771621/deathstarbench_social_network/split/NC/1/read_home_timeline,metadata,cudd_fixed,3,0.5360665296631563,1.0196824706394085
deathstarbench_social_network,v4-confirmation-771621/deathstarbench_social_network/split/NC/1/read_home_timeline,metadata,cudd_sift,3,0.550403574466283,1.0106257609594438
deathstarbench_social_network,v4-confirmation-771621/deathstarbench_social_network/split/NC/1/read_home_timeline,metadata,agrum_conditioned,3,0.9747916992321648,1.121523414319126
deathstarbench_social_network,v4-confirmation-771621/deathstarbench_social_network/split/NC/1/read_home_timeline,metadata,agrum_joint,3,0.8014812050939157,1.0129257735518786
deathstarbench_social_network,v4-confirmation-771621/deathstarbench_social_network/split/NC/1/read_home_timeline,metadata,storm_sparse,3,0.6871320222895979,1.069215466415886
deathstarbench_social_network,v4-confirmation-771621/deathstarbench_social_network/split/NC/1/read_home_timeline,metadata,storm_compact,3,0.6519708592656921,0.9759919285184704
deathstarbench_social_network,v4-confirmation-771621/deathstarbench_social_network/split/NC/1/read_home_timeline,structure,ours_direct,3,0.6224094951671786,1.0515142922578604
deathstarbench_social_network,v4-confirmation-771621/deathstarbench_social_network/split/NC/1/read_home_timeline,structure,ours_prepared,3,0.7246045197032928,1.0727320686862383
deathstarbench_social_network,v4-confirmation-771621/deathstarbench_social_network/split/NC/1/read_home_timeline,structure,cudd_fixed,3,0.7232668149494064,1.2175927640104731
deathstarbench_social_network,v4-confirmation-771621/deathstarbench_social_network/split/NC/1/read_home_timeline,structure,cudd_sift,3,0.7508635035872478,1.1108377689314308
deathstarbench_social_network,v4-confirmation-771621/deathstarbench_social_network/split/NC/1/read_home_timeline,structure,agrum_conditioned,3,1.210383164956604,1.3021064437090646
deathstarbench_social_network,v4-confirmation-771621/deathstarbench_social_network/split/NC/1/read_home_timeline,structure,agrum_joint,3,1.204127695498887,1.2839752723329514
deathstarbench_social_network,v4-confirmation-771621/deathstarbench_social_network/split/NC/1/read_home_timeline,structure,storm_sparse,3,0.8574237925065779,1.1311216713349772
deathstarbench_social_network,v4-confirmation-771621/deathstarbench_social_network/split/NC/1/read_home_timeline,structure,storm_compact,3,0.8380115779995913,1.1211280842585107
deathstarbench_social_network,v4-confirmation-771621/deathstarbench_social_network/split/NC/1/read_home_timeline,restore,ours_direct,3,0.546778649140493,1.0156684420856634
deathstarbench_social_network,v4-confirmation-771621/deathstarbench_social_network/split/NC/1/read_home_timeline,restore,ours_prepared,3,0.6541325688203369,1.0194783757015518
deathstarbench_social_network,v4-confirmation-771621/deathstarbench_social_network/split/NC/1/read_home_timeline,restore,cudd_fixed,3,0.6203690823943988,1.0542965968556801
deathstarbench_social_network,v4-confirmation-771621/deathstarbench_social_network/split/NC/1/read_home_timeline,restore,cudd_sift,3,0.7459545407409968,1.1640382082449778
deathstarbench_social_network,v4-confirmation-771621/deathstarbench_social_network/split/NC/1/read_home_timeline,restore,agrum_conditioned,3,1.2079798209375598,1.2841463969428606
deathstarbench_social_network,v4-confirmation-771621/deathstarbench_social_network/split/NC/1/read_home_timeline,restore,agrum_joint,3,1.22425951755657,1.2982350576358654
deathstarbench_social_network,v4-confirmation-771621/deathstarbench_social_network/split/NC/1/read_home_timeline,restore,storm_sparse,3,0.6987143495899272,1.0738839236560054
deathstarbench_social_network,v4-confirmation-771621/deathstarbench_social_network/split/NC/1/read_home_timeline,restore,storm_compact,3,0.8186743073323368,1.1350122597579033
deathstarbench_social_network,v4-confirmation-771621/deathstarbench_social_network/split/NC/1/read_user_timeline,initial,ours_direct,3,1.101785443412532,1.3508061739766444
deathstarbench_social_network,v4-confirmation-771621/deathstarbench_social_network/split/NC/1/read_user_timeline,initial,ours_prepared,3,0.8785444851866439,1.0610511275223584
deathstarbench_social_network,v4-confirmation-771621/deathstarbench_social_network/split/NC/1/read_user_timeline,initial,cudd_fixed,3,0.9343340223335522,1.0332445219210669
deathstarbench_social_network,v4-confirmation-771621/deathstarbench_social_network/split/NC/1/read_user_timeline,initial,cudd_sift,3,0.9381248353540474,1.031998295161357
deathstarbench_social_network,v4-confirmation-771621/deathstarbench_social_network/split/NC/1/read_user_timeline,initial,agrum_conditioned,3,1.0355958751534975,1.054669057453662
deathstarbench_social_network,v4-confirmation-771621/deathstarbench_social_network/split/NC/1/read_user_timeline,initial,agrum_joint,3,1.0561847848274801,1.08845789616192
deathstarbench_social_network,v4-confirmation-771621/deathstarbench_social_network/split/NC/1/read_user_timeline,initial,storm_sparse,3,1.0574287442747947,1.1087953508691721
deathstarbench_social_network,v4-confirmation-771621/deathstarbench_social_network/split/NC/1/read_user_timeline,initial,storm_compact,3,1.0083503971034016,1.0622916510737106
deathstarbench_social_network,v4-confirmation-771621/deathstarbench_social_network/split/NC/1/read_user_timeline,repeat,ours_direct,3,1.115995928275362,1.3865329858092739
deathstarbench_social_network,v4-confirmation-771621/deathstarbench_social_network/split/NC/1/read_user_timeline,repeat,ours_prepared,3,0.6923135446290609,1.0484875583267412
deathstarbench_social_network,v4-confirmation-771621/deathstarbench_social_network/split/NC/1/read_user_timeline,repeat,cudd_fixed,3,0.7039977551993106,1.0495871851491447
deathstarbench_social_network,v4-confirmation-771621/deathstarbench_social_network/split/NC/1/read_user_timeline,repeat,cudd_sift,3,0.6996873469985697,1.0282055054152914
deathstarbench_social_network,v4-confirmation-771621/deathstarbench_social_network/split/NC/1/read_user_timeline,repeat,agrum_conditioned,3,0.9598143493481381,0.9861053557043883
deathstarbench_social_network,v4-confirmation-771621/deathstarbench_social_network/split/NC/1/read_user_timeline,repeat,agrum_joint,3,0.9354424765467342,1.017181237682477
deathstarbench_social_network,v4-confirmation-771621/deathstarbench_social_network/split/NC/1/read_user_timeline,repeat,storm_sparse,3,1.0128301570147948,1.1374603998578905
deathstarbench_social_network,v4-confirmation-771621/deathstarbench_social_network/split/NC/1/read_user_timeline,repeat,storm_compact,3,0.7787238550994731,0.9807554264228338
deathstarbench_social_network,v4-confirmation-771621/deathstarbench_social_network/split/NC/1/read_user_timeline,counts,ours_direct,3,1.1047316404319227,1.3741472047286691
deathstarbench_social_network,v4-confirmation-771621/deathstarbench_social_network/split/NC/1/read_user_timeline,counts,ours_prepared,3,0.6708485416479192,1.0185435785021577
deathstarbench_social_network,v4-confirmation-771621/deathstarbench_social_network/split/NC/1/read_user_timeline,counts,cudd_fixed,3,0.706371889194156,1.0312815976685348
deathstarbench_social_network,v4-confirmation-771621/deathstarbench_social_network/split/NC/1/read_user_timeline,counts,cudd_sift,3,0.7149854805977063,1.0354890442554419
deathstarbench_social_network,v4-confirmation-771621/deathstarbench_social_network/split/NC/1/read_user_timeline,counts,agrum_conditioned,3,0.9747531123209178,1.0012908738339674
deathstarbench_social_network,v4-confirmation-771621/deathstarbench_social_network/split/NC/1/read_user_timeline,counts,agrum_joint,3,0.9336359744870589,1.014122559671389
deathstarbench_social_network,v4-confirmation-771621/deathstarbench_social_network/split/NC/1/read_user_timeline,counts,storm_sparse,3,1.0221604949550915,1.1364030249687602
deathstarbench_social_network,v4-confirmation-771621/deathstarbench_social_network/split/NC/1/read_user_timeline,counts,storm_compact,3,0.7630106276357993,0.9760490066945899
deathstarbench_social_network,v4-confirmation-771621/deathstarbench_social_network/split/NC/1/read_user_timeline,masks,ours_direct,3,1.006573039796258,1.2045396953704826
deathstarbench_social_network,v4-confirmation-771621/deathstarbench_social_network/split/NC/1/read_user_timeline,masks,ours_prepared,3,0.7138891617206172,1.2688073808859035
deathstarbench_social_network,v4-confirmation-771621/deathstarbench_social_network/split/NC/1/read_user_timeline,masks,cudd_fixed,3,0.8335906626854301,1.316081337492542
deathstarbench_social_network,v4-confirmation-771621/deathstarbench_social_network/split/NC/1/read_user_timeline,masks,cudd_sift,3,0.8512974727102633,1.3989074188298276
deathstarbench_social_network,v4-confirmation-771621/deathstarbench_social_network/split/NC/1/read_user_timeline,masks,agrum_conditioned,3,1.0242772449606683,1.0491729394064144
deathstarbench_social_network,v4-confirmation-771621/deathstarbench_social_network/split/NC/1/read_user_timeline,masks,agrum_joint,3,0.8077558575833793,0.8370067891832315
deathstarbench_social_network,v4-confirmation-771621/deathstarbench_social_network/split/NC/1/read_user_timeline,masks,storm_sparse,3,1.2137836166020826,1.2799294013201554
deathstarbench_social_network,v4-confirmation-771621/deathstarbench_social_network/split/NC/1/read_user_timeline,masks,storm_compact,3,1.1558088832866993,1.2208223555400899
deathstarbench_social_network,v4-confirmation-771621/deathstarbench_social_network/split/NC/1/read_user_timeline,metadata,ours_direct,3,1.0131652742584607,1.2070774681216447
deathstarbench_social_network,v4-confirmation-771621/deathstarbench_social_network/split/NC/1/read_user_timeline,metadata,ours_prepared,3,0.7499173324122095,1.3126350461984562
deathstarbench_social_network,v4-confirmation-771621/deathstarbench_social_network/split/NC/1/read_user_timeline,metadata,cudd_fixed,3,0.8038004880596713,1.350942867438043
deathstarbench_social_network,v4-confirmation-771621/deathstarbench_social_network/split/NC/1/read_user_timeline,metadata,cudd_sift,3,0.8224083091936213,1.3501532438257569
deathstarbench_social_network,v4-confirmation-771621/deathstarbench_social_network/split/NC/1/read_user_timeline,metadata,agrum_conditioned,3,1.2915384433102792,1.342910845897249
deathstarbench_social_network,v4-confirmation-771621/deathstarbench_social_network/split/NC/1/read_user_timeline,metadata,agrum_joint,3,1.155162286503299,1.2938751526089882
deathstarbench_social_network,v4-confirmation-771621/deathstarbench_social_network/split/NC/1/read_user_timeline,metadata,storm_sparse,3,1.1917763353161812,1.3383058466708766
deathstarbench_social_network,v4-confirmation-771621/deathstarbench_social_network/split/NC/1/read_user_timeline,metadata,storm_compact,3,0.8486085257349173,1.114451716958243
deathstarbench_social_network,v4-confirmation-771621/deathstarbench_social_network/split/NC/1/read_user_timeline,structure,ours_direct,3,1.0566681372066118,1.2693125917148664
deathstarbench_social_network,v4-confirmation-771621/deathstarbench_social_network/split/NC/1/read_user_timeline,structure,ours_prepared,3,0.9425886201607596,1.1424130889723725
deathstarbench_social_network,v4-confirmation-771621/deathstarbench_social_network/split/NC/1/read_user_timeline,structure,cudd_fixed,3,0.7843765496088281,1.2950432274571253
deathstarbench_social_network,v4-confirmation-771621/deathstarbench_social_network/split/NC/1/read_user_timeline,structure,cudd_sift,3,0.9042744151103426,1.3826602352777875
deathstarbench_social_network,v4-confirmation-771621/deathstarbench_social_network/split/NC/1/read_user_timeline,structure,agrum_conditioned,3,1.2580502292405917,1.288783444004923
deathstarbench_social_network,v4-confirmation-771621/deathstarbench_social_network/split/NC/1/read_user_timeline,structure,agrum_joint,3,1.1744286386992946,1.218913609964265
deathstarbench_social_network,v4-confirmation-771621/deathstarbench_social_network/split/NC/1/read_user_timeline,structure,storm_sparse,3,1.259678455338303,1.3367145652229344
deathstarbench_social_network,v4-confirmation-771621/deathstarbench_social_network/split/NC/1/read_user_timeline,structure,storm_compact,3,1.2230449267881291,1.3300986372661798
deathstarbench_social_network,v4-confirmation-771621/deathstarbench_social_network/split/NC/1/read_user_timeline,restore,ours_direct,3,1.1032667885181784,1.3656760254318348
deathstarbench_social_network,v4-confirmation-771621/deathstarbench_social_network/split/NC/1/read_user_timeline,restore,ours_prepared,3,0.8755303860372287,1.0566944912768816
deathstarbench_social_network,v4-confirmation-771621/deathstarbench_social_network/split/NC/1/read_user_timeline,restore,cudd_fixed,3,0.6860212180628262,0.9710009865877397
deathstarbench_social_network,v4-confirmation-771621/deathstarbench_social_network/split/NC/1/read_user_timeline,restore,cudd_sift,3,0.7964461366305896,1.090255367301427
deathstarbench_social_network,v4-confirmation-771621/deathstarbench_social_network/split/NC/1/read_user_timeline,restore,agrum_conditioned,3,1.0284750836680694,1.048288961073381
deathstarbench_social_network,v4-confirmation-771621/deathstarbench_social_network/split/NC/1/read_user_timeline,restore,agrum_joint,3,1.0578516180806163,1.091444255581567
deathstarbench_social_network,v4-confirmation-771621/deathstarbench_social_network/split/NC/1/read_user_timeline,restore,storm_sparse,3,1.071460402810042,1.1356046372863118
deathstarbench_social_network,v4-confirmation-771621/deathstarbench_social_network/split/NC/1/read_user_timeline,restore,storm_compact,3,1.0200242518767886,1.1138020159371824
deathstarbench_social_network,v4-confirmation-771621/deathstarbench_social_network/split/NC/2/compose_post,initial,ours_direct,3,1.2749854806719436,1.5469962135972688
deathstarbench_social_network,v4-confirmation-771621/deathstarbench_social_network/split/NC/2/compose_post,initial,ours_prepared,3,0.9895892575634502,1.2459429613601563
deathstarbench_social_network,v4-confirmation-771621/deathstarbench_social_network/split/NC/2/compose_post,initial,cudd_fixed,3,0.9060709722351703,1.0371442841246699
deathstarbench_social_network,v4-confirmation-771621/deathstarbench_social_network/split/NC/2/compose_post,initial,cudd_sift,3,0.9392991203580752,1.047574295108442
deathstarbench_social_network,v4-confirmation-771621/deathstarbench_social_network/split/NC/2/compose_post,initial,agrum_conditioned,3,1.3433396484692441,1.3790924782029048
deathstarbench_social_network,v4-confirmation-771621/deathstarbench_social_network/split/NC/2/compose_post,initial,agrum_joint,3,1.4103938997024705,1.476003022220604
deathstarbench_social_network,v4-confirmation-771621/deathstarbench_social_network/split/NC/2/compose_post,initial,storm_sparse,3,1.5504467321449829,1.6594611164536615
deathstarbench_social_network,v4-confirmation-771621/deathstarbench_social_network/split/NC/2/compose_post,initial,storm_compact,3,1.3662199169185378,1.4719364806748323
deathstarbench_social_network,v4-confirmation-771621/deathstarbench_social_network/split/NC/2/compose_post,repeat,ours_direct,3,1.277378231392299,1.5546855370123376
deathstarbench_social_network,v4-confirmation-771621/deathstarbench_social_network/split/NC/2/compose_post,repeat,ours_prepared,3,0.588796631847266,0.9946935838077088
deathstarbench_social_network,v4-confirmation-771621/deathstarbench_social_network/split/NC/2/compose_post,repeat,cudd_fixed,3,0.6646806207054146,1.0861998750362618
deathstarbench_social_network,v4-confirmation-771621/deathstarbench_social_network/split/NC/2/compose_post,repeat,cudd_sift,3,0.6700280050961055,1.083550025976129
deathstarbench_social_network,v4-confirmation-771621/deathstarbench_social_network/split/NC/2/compose_post,repeat,agrum_conditioned,3,1.1390207795410177,1.1830596274025698
deathstarbench_social_network,v4-confirmation-771621/deathstarbench_social_network/split/NC/2/compose_post,repeat,agrum_joint,3,0.8976967388933369,1.0131089282929129
deathstarbench_social_network,v4-confirmation-771621/deathstarbench_social_network/split/NC/2/compose_post,repeat,storm_sparse,3,1.494225115725159,1.7374673448456426
deathstarbench_social_network,v4-confirmation-771621/deathstarbench_social_network/split/NC/2/compose_post,repeat,storm_compact,3,0.7172477391545371,1.0088966581619438
deathstarbench_social_network,v4-confirmation-771621/deathstarbench_social_network/split/NC/2/compose_post,counts,ours_direct,3,1.2626301334617207,1.5185946406047521
deathstarbench_social_network,v4-confirmation-771621/deathstarbench_social_network/split/NC/2/compose_post,counts,ours_prepared,3,0.598770797672335,1.0602969318109332
deathstarbench_social_network,v4-confirmation-771621/deathstarbench_social_network/split/NC/2/compose_post,counts,cudd_fixed,3,0.6326618216326558,1.0322692511013216
deathstarbench_social_network,v4-confirmation-771621/deathstarbench_social_network/split/NC/2/compose_post,counts,cudd_sift,3,0.6538392781853445,1.0429656070934095
deathstarbench_social_network,v4-confirmation-771621/deathstarbench_social_network/split/NC/2/compose_post,counts,agrum_conditioned,3,1.1461124434719276,1.1919767820703797
deathstarbench_social_network,v4-confirmation-771621/deathstarbench_social_network/split/NC/2/compose_post,counts,agrum_joint,3,0.8967336876594368,1.0175563366719378
deathstarbench_social_network,v4-confirmation-771621/deathstarbench_social_network/split/NC/2/compose_post,counts,storm_sparse,3,1.470649997660757,1.7059147751443358
deathstarbench_social_network,v4-confirmation-771621/deathstarbench_social_network/split/NC/2/compose_post,counts,storm_compact,3,0.7642198582735076,1.0239773396553058
deathstarbench_social_network,v4-confirmation-771621/deathstarbench_social_network/split/NC/2/compose_post,masks,ours_direct,3,1.06252316267628,1.2253489903351433
deathstarbench_social_network,v4-confirmation-771621/deathstarbench_social_network/split/NC/2/compose_post,masks,ours_prepared,3,0.6787734471481669,1.306653118021089
deathstarbench_social_network,v4-confirmation-771621/deathstarbench_social_network/split/NC/2/compose_post,masks,cudd_fixed,3,0.7807864023476275,1.4611631161506167
deathstarbench_social_network,v4-confirmation-771621/deathstarbench_social_network/split/NC/2/compose_post,masks,cudd_sift,3,0.7658894453613232,1.4244818476117238
deathstarbench_social_network,v4-confirmation-771621/deathstarbench_social_network/split/NC/2/compose_post,masks,agrum_conditioned,3,1.291068028177921,1.3417322884406553
deathstarbench_social_network,v4-confirmation-771621/deathstarbench_social_network/split/NC/2/compose_post,masks,agrum_joint,3,1.0555222981813683,1.112398407134658
deathstarbench_social_network,v4-confirmation-771621/deathstarbench_social_network/split/NC/2/compose_post,masks,storm_sparse,3,1.685460725712218,1.8160449326683865
deathstarbench_social_network,v4-confirmation-771621/deathstarbench_social_network/split/NC/2/compose_post,masks,storm_compact,3,1.499137321345769,1.6157750148288832
deathstarbench_social_network,v4-confirmation-771621/deathstarbench_social_network/split/NC/2/compose_post,metadata,ours_direct,3,1.0905241418846878,1.2586171130314407
deathstarbench_social_network,v4-confirmation-771621/deathstarbench_social_network/split/NC/2/compose_post,metadata,ours_prepared,3,0.6631747429074467,1.270623511603467
deathstarbench_social_network,v4-confirmation-771621/deathstarbench_social_network/split/NC/2/compose_post,metadata,cudd_fixed,3,0.7417213078996334,1.4127899092505167
deathstarbench_social_network,v4-confirmation-771621/deathstarbench_social_network/split/NC/2/compose_post,metadata,cudd_sift,3,0.7395667566733967,1.425081027175268
deathstarbench_social_network,v4-confirmation-771621/deathstarbench_social_network/split/NC/2/compose_post,metadata,agrum_conditioned,3,1.4781800847194444,1.5566808246850368
deathstarbench_social_network,v4-confirmation-771621/deathstarbench_social_network/split/NC/2/compose_post,metadata,agrum_joint,3,1.0936485233013016,1.3045254236477153
deathstarbench_social_network,v4-confirmation-771621/deathstarbench_social_network/split/NC/2/compose_post,metadata,storm_sparse,3,1.703651983565006,2.0086444520683604
deathstarbench_social_network,v4-confirmation-771621/deathstarbench_social_network/split/NC/2/compose_post,metadata,storm_compact,3,1.00602160209596,1.4261467531982888
deathstarbench_social_network,v4-confirmation-771621/deathstarbench_social_network/split/NC/2/compose_post,structure,ours_direct,3,1.0727980767090612,1.2431874544763752
deathstarbench_social_network,v4-confirmation-771621/deathstarbench_social_network/split/NC/2/compose_post,structure,ours_prepared,3,1.0569412578226256,1.3714346302125136
deathstarbench_social_network,v4-confirmation-771621/deathstarbench_social_network/split/NC/2/compose_post,structure,cudd_fixed,3,0.7948219207123172,1.4361789807984826
deathstarbench_social_network,v4-confirmation-771621/deathstarbench_social_network/split/NC/2/compose_post,structure,cudd_sift,3,0.961932860342957,1.5452751361252604
deathstarbench_social_network,v4-confirmation-771621/deathstarbench_social_network/split/NC/2/compose_post,structure,agrum_conditioned,3,1.6906541833495279,1.756939574716752
deathstarbench_social_network,v4-confirmation-771621/deathstarbench_social_network/split/NC/2/compose_post,structure,agrum_joint,3,1.633332762227728,1.7230002301947598
deathstarbench_social_network,v4-confirmation-771621/deathstarbench_social_network/split/NC/2/compose_post,structure,storm_sparse,3,1.6669371024950204,1.8081095315497326
deathstarbench_social_network,v4-confirmation-771621/deathstarbench_social_network/split/NC/2/compose_post,structure,storm_compact,3,1.7371989533512155,1.9769850780924674
deathstarbench_social_network,v4-confirmation-771621/deathstarbench_social_network/split/NC/2/compose_post,restore,ours_direct,3,1.0343613291207945,1.5532645591124734
deathstarbench_social_network,v4-confirmation-771621/deathstarbench_social_network/split/NC/2/compose_post,restore,ours_prepared,3,0.7724706068612448,1.2763727427042193
deathstarbench_social_network,v4-confirmation-771621/deathstarbench_social_network/split/NC/2/compose_post,restore,cudd_fixed,3,0.6619675167688366,1.1050470781026192
deathstarbench_social_network,v4-confirmation-771621/deathstarbench_social_network/split/NC/2/compose_post,restore,cudd_sift,3,0.8097050130196187,1.2126462778837925
deathstarbench_social_network,v4-confirmation-771621/deathstarbench_social_network/split/NC/2/compose_post,restore,agrum_conditioned,3,1.3978390675960755,1.437740301618233
deathstarbench_social_network,v4-confirmation-771621/deathstarbench_social_network/split/NC/2/compose_post,restore,agrum_joint,3,1.4775624583136913,1.552354410231551
deathstarbench_social_network,v4-confirmation-771621/deathstarbench_social_network/split/NC/2/compose_post,restore,storm_sparse,3,1.6193563215894509,1.7560937659477125
deathstarbench_social_network,v4-confirmation-771621/deathstarbench_social_network/split/NC/2/compose_post,restore,storm_compact,3,1.393631394257984,1.5344530324231314
deathstarbench_social_network,v4-confirmation-771621/deathstarbench_social_network/split/NC/2/read_home_timeline,initial,ours_direct,3,0.694400543667225,1.0340845103698657
deathstarbench_social_network,v4-confirmation-771621/deathstarbench_social_network/split/NC/2/read_home_timeline,initial,ours_prepared,3,0.8042850661555697,1.052349931894829
deathstarbench_social_network,v4-confirmation-771621/deathstarbench_social_network/split/NC/2/read_home_timeline,initial,cudd_fixed,3,0.9620163925895961,1.004482292315586
deathstarbench_social_network,v4-confirmation-771621/deathstarbench_social_network/split/NC/2/read_home_timeline,initial,cudd_sift,3,0.9590041087069255,0.9938667428130947
deathstarbench_social_network,v4-confirmation-771621/deathstarbench_social_network/split/NC/2/read_home_timeline,initial,agrum_conditioned,3,1.1896522517048613,1.2539239412426806
deathstarbench_social_network,v4-confirmation-771621/deathstarbench_social_network/split/NC/2/read_home_timeline,initial,agrum_joint,3,1.203310681787086,1.2611512257361872
deathstarbench_social_network,v4-confirmation-771621/deathstarbench_social_network/split/NC/2/read_home_timeline,initial,storm_sparse,3,0.907117508928177,1.0299418355621333
deathstarbench_social_network,v4-confirmation-771621/deathstarbench_social_network/split/NC/2/read_home_timeline,initial,storm_compact,3,0.8866042383081881,1.0171900624467205
deathstarbench_social_network,v4-confirmation-771621/deathstarbench_social_network/split/NC/2/read_home_timeline,repeat,ours_direct,3,0.5889587252068328,0.9239823298909561
deathstarbench_social_network,v4-confirmation-771621/deathstarbench_social_network/split/NC/2/read_home_timeline,repeat,ours_prepared,3,0.5986777009758161,1.011302024594267
deathstarbench_social_network,v4-confirmation-771621/deathstarbench_social_network/split/NC/2/read_home_timeline,repeat,cudd_fixed,3,0.46927278154403834,0.7073659920434714
deathstarbench_social_network,v4-confirmation-771621/deathstarbench_social_network/split/NC/2/read_home_timeline,repeat,cudd_sift,3,0.47493946530907166,0.7102871882191296
deathstarbench_social_network,v4-confirmation-771621/deathstarbench_social_network/split/NC/2/read_home_timeline,repeat,agrum_conditioned,3,0.9856620957211614,1.1145723461111385
deathstarbench_social_network,v4-confirmation-771621/deathstarbench_social_network/split/NC/2/read_home_timeline,repeat,agrum_joint,3,0.8171502468845521,1.0181344936866052
deathstarbench_social_network,v4-confirmation-771621/deathstarbench_social_network/split/NC/2/read_home_timeline,repeat,storm_sparse,3,0.5554830974482292,0.9470300513967009
deathstarbench_social_network,v4-confirmation-771621/deathstarbench_social_network/split/NC/2/read_home_timeline,repeat,storm_compact,3,0.5503514680604273,0.9483882908171134
deathstarbench_social_network,v4-confirmation-771621/deathstarbench_social_network/split/NC/2/read_home_timeline,counts,ours_direct,3,0.6086290397211397,1.0135620611077525
deathstarbench_social_network,v4-confirmation-771621/deathstarbench_social_network/split/NC/2/read_home_timeline,counts,ours_prepared,3,0.5629623164371904,0.9212002661649304
deathstarbench_social_network,v4-confirmation-771621/deathstarbench_social_network/split/NC/2/read_home_timeline,counts,cudd_fixed,3,0.5634845799361928,0.9668614052151934
deathstarbench_social_network,v4-confirmation-771621/deathstarbench_social_network/split/NC/2/read_home_timeline,counts,cudd_sift,3,0.5789229241245275,1.0111769953298
deathstarbench_social_network,v4-confirmation-771621/deathstarbench_social_network/split/NC/2/read_home_timeline,counts,agrum_conditioned,3,0.962319971201214,1.085619706909258
deathstarbench_social_network,v4-confirmation-771621/deathstarbench_social_network/split/NC/2/read_home_timeline,counts,agrum_joint,3,0.8052587750480554,1.0103744876154683
deathstarbench_social_network,v4-confirmation-771621/deathstarbench_social_network/split/NC/2/read_home_timeline,counts,storm_sparse,3,0.5807341497056596,1.0434887459807074
deathstarbench_social_network,v4-confirmation-771621/deathstarbench_social_network/split/NC/2/read_home_timeline,counts,storm_compact,3,0.5114124123472608,0.9748459683900348
deathstarbench_social_network,v4-confirmation-771621/deathstarbench_social_network/split/NC/2/read_home_timeline,masks,ours_direct,3,0.5575819247596183,0.9554857513294719
deathstarbench_social_network,v4-confirmation-771621/deathstarbench_social_network/split/NC/2/read_home_timeline,masks,ours_prepared,3,0.5616016841302267,1.0112013697824425
deathstarbench_social_network,v4-confirmation-771621/deathstarbench_social_network/split/NC/2/read_home_timeline,masks,cudd_fixed,3,0.8454821953386645,1.528682493586321
deathstarbench_social_network,v4-confirmation-771621/deathstarbench_social_network/split/NC/2/read_home_timeline,masks,cudd_sift,3,0.9349033319621555,1.6806363166748348
deathstarbench_social_network,v4-confirmation-771621/deathstarbench_social_network/split/NC/2/read_home_timeline,masks,agrum_conditioned,3,1.1135301438152796,1.2252593345763296
deathstarbench_social_network,v4-confirmation-771621/deathstarbench_social_network/split/NC/2/read_home_timeline,masks,agrum_joint,3,1.1131034208452553,1.2098265118633234
deathstarbench_social_network,v4-confirmation-771621/deathstarbench_social_network/split/NC/2/read_home_timeline,masks,storm_sparse,3,0.9142354554514789,1.0310202829810884
deathstarbench_social_network,v4-confirmation-771621/deathstarbench_social_network/split/NC/2/read_home_timeline,masks,storm_compact,3,0.9327792885522826,1.040869050276793
deathstarbench_social_network,v4-confirmation-771621/deathstarbench_social_network/split/NC/2/read_home_timeline,metadata,ours_direct,3,0.5999820104339483,0.9838463732502523
deathstarbench_social_network,v4-confirmation-771621/deathstarbench_social_network/split/NC/2/read_home_timeline,metadata,ours_prepared,3,0.5451075705707804,0.9842897359608277
deathstarbench_social_network,v4-confirmation-771621/deathstarbench_social_network/split/NC/2/read_home_timeline,metadata,cudd_fixed,3,0.5450197523985055,0.9805309277351948
deathstarbench_social_network,v4-confirmation-771621/deathstarbench_social_network/split/NC/2/read_home_timeline,metadata,cudd_sift,3,0.5802822043334611,1.0550062711819177
deathstarbench_social_network,v4-confirmation-771621/deathstarbench_social_network/split/NC/2/read_home_timeline,metadata,agrum_conditioned,3,0.9645933697186041,1.1086959598874147
deathstarbench_social_network,v4-confirmation-771621/deathstarbench_social_network/split/NC/2/read_home_timeline,metadata,agrum_joint,3,0.8023785135373503,0.9959110458122229
deathstarbench_social_network,v4-confirmation-771621/deathstarbench_social_network/split/NC/2/read_home_timeline,metadata,storm_sparse,3,0.6394351865371979,0.9286108359976868
deathstarbench_social_network,v4-confirmation-771621/deathstarbench_social_network/split/NC/2/read_home_timeline,metadata,storm_compact,3,0.6192039372973857,0.897071974513393
deathstarbench_social_network,v4-confirmation-771621/deathstarbench_social_network/split/NC/2/read_home_timeline,structure,ours_direct,3,0.5855182832829746,1.0405007444989798
deathstarbench_social_network,v4-confirmation-771621/deathstarbench_social_network/split/NC/2/read_home_timeline,structure,ours_prepared,3,0.7678355531467725,1.1019648358253813
deathstarbench_social_network,v4-confirmation-771621/deathstarbench_social_network/split/NC/2/read_home_timeline,structure,cudd_fixed,3,0.5965522625040872,1.0446827240234602
deathstarbench_social_network,v4-confirmation-771621/deathstarbench_social_network/split/NC/2/read_home_timeline,structure,cudd_sift,3,0.8260849364641383,1.2141637673720034
deathstarbench_social_network,v4-confirmation-771621/deathstarbench_social_network/split/NC/2/read_home_timeline,structure,agrum_conditioned,3,1.2115312495322887,1.2858353314211446
deathstarbench_social_network,v4-confirmation-771621/deathstarbench_social_network/split/NC/2/read_home_timeline,structure,agrum_joint,3,1.2349327748493741,1.3037192975884984
deathstarbench_social_network,v4-confirmation-771621/deathstarbench_social_network/split/NC/2/read_home_timeline,structure,storm_sparse,3,0.7994266319371736,1.08907220393182
deathstarbench_social_network,v4-confirmation-771621/deathstarbench_social_network/split/NC/2/read_home_timeline,structure,storm_compact,3,0.8970698122039792,1.096555994007949
deathstarbench_social_network,v4-confirmation-771621/deathstarbench_social_network/split/NC/2/read_home_timeline,restore,ours_direct,3,0.5838548966323951,1.0149008477424655
deathstarbench_social_network,v4-confirmation-771621/deathstarbench_social_network/split/NC/2/read_home_timeline,restore,ours_prepared,3,0.6705318965228395,0.9570905227275243
deathstarbench_social_network,v4-confirmation-771621/deathstarbench_social_network/split/NC/2/read_home_timeline,restore,cudd_fixed,3,0.6155801224003393,1.0316855703119243
deathstarbench_social_network,v4-confirmation-771621/deathstarbench_social_network/split/NC/2/read_home_timeline,restore,cudd_sift,3,0.7452017188187469,1.103825179397038
deathstarbench_social_network,v4-confirmation-771621/deathstarbench_social_network/split/NC/2/read_home_timeline,restore,agrum_conditioned,3,1.2296811070593232,1.3079201137161771
deathstarbench_social_network,v4-confirmation-771621/deathstarbench_social_network/split/NC/2/read_home_timeline,restore,agrum_joint,3,1.2355448285748099,1.3063640546334034
deathstarbench_social_network,v4-confirmation-771621/deathstarbench_social_network/split/NC/2/read_home_timeline,restore,storm_sparse,3,0.7035431224838419,0.9370809695719443
deathstarbench_social_network,v4-confirmation-771621/deathstarbench_social_network/split/NC/2/read_home_timeline,restore,storm_compact,3,0.8385637486008887,1.1889485520216623
deathstarbench_social_network,v4-confirmation-771621/deathstarbench_social_network/split/NC/2/read_user_timeline,initial,ours_direct,3,1.0978699859143488,1.3397289919791158
deathstarbench_social_network,v4-confirmation-771621/deathstarbench_social_network/split/NC/2/read_user_timeline,initial,ours_prepared,3,0.902963528372792,1.0797672096607236
deathstarbench_social_network,v4-confirmation-771621/deathstarbench_social_network/split/NC/2/read_user_timeline,initial,cudd_fixed,3,1.1272699207338093,1.2726638301434905
deathstarbench_social_network,v4-confirmation-771621/deathstarbench_social_network/split/NC/2/read_user_timeline,initial,cudd_sift,3,1.1190919107208588,1.2562956234305762
deathstarbench_social_network,v4-confirmation-771621/deathstarbench_social_network/split/NC/2/read_user_timeline,initial,agrum_conditioned,3,1.0409652408228596,1.0597231898169992
deathstarbench_social_network,v4-confirmation-771621/deathstarbench_social_network/split/NC/2/read_user_timeline,initial,agrum_joint,3,1.039083181260183,1.0777437034823982
deathstarbench_social_network,v4-confirmation-771621/deathstarbench_social_network/split/NC/2/read_user_timeline,initial,storm_sparse,3,1.0712563426183113,1.1267697438149349
deathstarbench_social_network,v4-confirmation-771621/deathstarbench_social_network/split/NC/2/read_user_timeline,initial,storm_compact,3,1.0278515514677289,1.0853409378189236
deathstarbench_social_network,v4-confirmation-771621/deathstarbench_social_network/split/NC/2/read_user_timeline,repeat,ours_direct,3,1.1141754014043317,1.3573960545417156
deathstarbench_social_network,v4-confirmation-771621/deathstarbench_social_network/split/NC/2/read_user_timeline,repeat,ours_prepared,3,0.6698116414543319,0.9987165231294742
deathstarbench_social_network,v4-confirmation-771621/deathstarbench_social_network/split/NC/2/read_user_timeline,repeat,cudd_fixed,3,0.6997126727877186,1.0028421411415513
deathstarbench_social_network,v4-confirmation-771621/deathstarbench_social_network/split/NC/2/read_user_timeline,repeat,cudd_sift,3,0.7233133664337346,1.0192674829598165
deathstarbench_social_network,v4-confirmation-771621/deathstarbench_social_network/split/NC/2/read_user_timeline,repeat,agrum_conditioned,3,0.9778583795869744,1.0005777071585151
deathstarbench_social_network,v4-confirmation-771621/deathstarbench_social_network/split/NC/2/read_user_timeline,repeat,agrum_joint,3,0.9296795989916843,1.0034150137791107
deathstarbench_social_network,v4-confirmation-771621/deathstarbench_social_network/split/NC/2/read_user_timeline,repeat,storm_sparse,3,1.0150466467367059,1.133554185817883
deathstarbench_social_network,v4-confirmation-771621/deathstarbench_social_network/split/NC/2/read_user_timeline,repeat,storm_compact,3,0.827074867183217,1.0349265058622608
deathstarbench_social_network,v4-confirmation-771621/deathstarbench_social_network/split/NC/2/read_user_timeline,counts,ours_direct,3,1.098408649558876,1.326718733506341
deathstarbench_social_network,v4-confirmation-771621/deathstarbench_social_network/split/NC/2/read_user_timeline,counts,ours_prepared,3,0.6964338934278814,1.0021575053675982
deathstarbench_social_network,v4-confirmation-771621/deathstarbench_social_network/split/NC/2/read_user_timeline,counts,cudd_fixed,3,0.7121867626923656,1.0020589740239947
deathstarbench_social_network,v4-confirmation-771621/deathstarbench_social_network/split/NC/2/read_user_timeline,counts,cudd_sift,3,0.7239395339503147,1.00888381550878
deathstarbench_social_network,v4-confirmation-771621/deathstarbench_social_network/split/NC/2/read_user_timeline,counts,agrum_conditioned,3,0.9758835591734892,0.9983298742431299
deathstarbench_social_network,v4-confirmation-771621/deathstarbench_social_network/split/NC/2/read_user_timeline,counts,agrum_joint,3,0.9218724621717742,0.9932375029477745
deathstarbench_social_network,v4-confirmation-771621/deathstarbench_social_network/split/NC/2/read_user_timeline,counts,storm_sparse,3,1.0102531239037016,1.1109955233537216
deathstarbench_social_network,v4-confirmation-771621/deathstarbench_social_network/split/NC/2/read_user_timeline,counts,storm_compact,3,0.8262067124091387,1.0069406249932773
deathstarbench_social_network,v4-confirmation-771621/deathstarbench_social_network/split/NC/2/read_user_timeline,masks,ours_direct,3,1.016608354741878,1.2014112061910982
deathstarbench_social_network,v4-confirmation-771621/deathstarbench_social_network/split/NC/2/read_user_timeline,masks,ours_prepared,3,0.7583051114087477,1.2775034239728549
deathstarbench_social_network,v4-confirmation-771621/deathstarbench_social_network/split/NC/2/read_user_timeline,masks,cudd_fixed,3,0.8553542395035227,1.319023454240854
deathstarbench_social_network,v4-confirmation-771621/deathstarbench_social_network/split/NC/2/read_user_timeline,masks,cudd_sift,3,0.8747560313298202,1.3361354555889737
deathstarbench_social_network,v4-confirmation-771621/deathstarbench_social_network/split/NC/2/read_user_timeline,masks,agrum_conditioned,3,1.024823920471618,1.0458644233614367
deathstarbench_social_network,v4-confirmation-771621/deathstarbench_social_network/split/NC/2/read_user_timeline,masks,agrum_joint,3,0.8212427264959484,0.8489605429759238
deathstarbench_social_network,v4-confirmation-771621/deathstarbench_social_network/split/NC/2/read_user_timeline,masks,storm_sparse,3,1.207136388643993,1.270649972758545
deathstarbench_social_network,v4-confirmation-771621/deathstarbench_social_network/split/NC/2/read_user_timeline,masks,storm_compact,3,1.1703339010870883,1.2335488881884042
deathstarbench_social_network,v4-confirmation-771621/deathstarbench_social_network/split/NC/2/read_user_timeline,metadata,ours_direct,3,1.018656470644201,1.2040599983666114
deathstarbench_social_network,v4-confirmation-771621/deathstarbench_social_network/split/NC/2/read_user_timeline,metadata,ours_prepared,3,0.7761565815721762,1.2412669314594154
deathstarbench_social_network,v4-confirmation-771621/deathstarbench_social_network/split/NC/2/read_user_timeline,metadata,cudd_fixed,3,0.8273208346591925,1.2828609762741459
deathstarbench_social_network,v4-confirmation-771621/deathstarbench_social_network/split/NC/2/read_user_timeline,metadata,cudd_sift,3,0.79498240554033,1.2135224469428076
deathstarbench_social_network,v4-confirmation-771621/deathstarbench_social_network/split/NC/2/read_user_timeline,metadata,agrum_conditioned,3,1.2382116565105112,1.2780606689255194
deathstarbench_social_network,v4-confirmation-771621/deathstarbench_social_network/split/NC/2/read_user_timeline,metadata,agrum_joint,3,1.144008360748776,1.2725064668131045
deathstarbench_social_network,v4-confirmation-771621/deathstarbench_social_network/split/NC/2/read_user_timeline,metadata,storm_sparse,3,1.1627232763416735,1.303892005522021
deathstarbench_social_network,v4-confirmation-771621/deathstarbench_social_network/split/NC/2/read_user_timeline,metadata,storm_compact,3,0.8560321120440004,1.0850917716047428
deathstarbench_social_network,v4-confirmation-771621/deathstarbench_social_network/split/NC/2/read_user_timeline,structure,ours_direct,3,1.066706171663643,1.2501835934835812
deathstarbench_social_network,v4-confirmation-771621/deathstarbench_social_network/split/NC/2/read_user_timeline,structure,ours_prepared,3,0.9408569379612349,1.1376430530537045
deathstarbench_social_network,v4-confirmation-771621/deathstarbench_social_network/split/NC/2/read_user_timeline,structure,cudd_fixed,3,0.8043077032112381,1.2625232789859293
deathstarbench_social_network,v4-confirmation-771621/deathstarbench_social_network/split/NC/2/read_user_timeline,structure,cudd_sift,3,0.8882666163933053,1.2773873431440619
deathstarbench_social_network,v4-confirmation-771621/deathstarbench_social_network/split/NC/2/read_user_timeline,structure,agrum_conditioned,3,1.2138922210770469,1.2391514277613105
deathstarbench_social_network,v4-confirmation-771621/deathstarbench_social_network/split/NC/2/read_user_timeline,structure,agrum_joint,3,1.1634377629698618,1.209263418657261
deathstarbench_social_network,v4-confirmation-771621/deathstarbench_social_network/split/NC/2/read_user_timeline,structure,storm_sparse,3,1.2156985862767578,1.285757837431191
deathstarbench_social_network,v4-confirmation-771621/deathstarbench_social_network/split/NC/2/read_user_timeline,structure,storm_compact,3,1.193988273083961,1.3120199048990244
deathstarbench_social_network,v4-confirmation-771621/deathstarbench_social_network/split/NC/2/read_user_timeline,restore,ours_direct,3,1.1156807597541494,1.3685577817649024
deathstarbench_social_network,v4-confirmation-771621/deathstarbench_social_network/split/NC/2/read_user_timeline,restore,ours_prepared,3,0.8855467788762966,1.0537337940325882
deathstarbench_social_network,v4-confirmation-771621/deathstarbench_social_network/split/NC/2/read_user_timeline,restore,cudd_fixed,3,0.7165882392188933,1.0033816657104657
deathstarbench_social_network,v4-confirmation-771621/deathstarbench_social_network/split/NC/2/read_user_timeline,restore,cudd_sift,3,0.812695904694573,1.107525569711107
deathstarbench_social_network,v4-confirmation-771621/deathstarbench_social_network/split/NC/2/read_user_timeline,restore,agrum_conditioned,3,1.0246491522099255,1.042456050186948
deathstarbench_social_network,v4-confirmation-771621/deathstarbench_social_network/split/NC/2/read_user_timeline,restore,agrum_joint,3,1.0676130361789116,1.1003629397799497
deathstarbench_social_network,v4-confirmation-771621/deathstarbench_social_network/split/NC/2/read_user_timeline,restore,storm_sparse,3,1.070161851947382,1.1289478254081022
deathstarbench_social_network,v4-confirmation-771621/deathstarbench_social_network/split/NC/2/read_user_timeline,restore,storm_compact,3,1.0261006598840483,1.10132677343929
opentelemetry_demo,v4-confirmation-771621/opentelemetry_demo/split/N/0/add_to_cart,initial,ours_direct,3,0.9493031517681871,1.2204685439320728
opentelemetry_demo,v4-confirmation-771621/opentelemetry_demo/split/N/0/add_to_cart,initial,ours_prepared,3,0.9751942097085907,1.1331955918451058
opentelemetry_demo,v4-confirmation-771621/opentelemetry_demo/split/N/0/add_to_cart,initial,cudd_fixed,3,1.2016729378273385,1.3025058233923907
opentelemetry_demo,v4-confirmation-771621/opentelemetry_demo/split/N/0/add_to_cart,initial,cudd_sift,3,0.9050900668928586,0.9734744787829437
opentelemetry_demo,v4-confirmation-771621/opentelemetry_demo/split/N/0/add_to_cart,initial,agrum_conditioned,3,1.180963871997006,1.2184852027076623
opentelemetry_demo,v4-confirmation-771621/opentelemetry_demo/split/N/0/add_to_cart,initial,agrum_joint,3,1.1916904765583496,1.24423608838034
opentelemetry_demo,v4-confirmation-771621/opentelemetry_demo/split/N/0/add_to_cart,initial,storm_sparse,3,1.05600665840202,1.1370591458995045
opentelemetry_demo,v4-confirmation-771621/opentelemetry_demo/split/N/0/add_to_cart,initial,storm_compact,3,1.0255962133766618,1.1094285104094828
opentelemetry_demo,v4-confirmation-771621/opentelemetry_demo/split/N/0/add_to_cart,repeat,ours_direct,3,0.9351061104231607,1.2606118931497763
opentelemetry_demo,v4-confirmation-771621/opentelemetry_demo/split/N/0/add_to_cart,repeat,ours_prepared,3,0.6878620719239851,1.06114706012411
opentelemetry_demo,v4-confirmation-771621/opentelemetry_demo/split/N/0/add_to_cart,repeat,cudd_fixed,3,0.7066773390252579,1.0575986430273414
opentelemetry_demo,v4-confirmation-771621/opentelemetry_demo/split/N/0/add_to_cart,repeat,cudd_sift,3,0.7133022091702778,1.047793485320279
opentelemetry_demo,v4-confirmation-771621/opentelemetry_demo/split/N/0/add_to_cart,repeat,agrum_conditioned,3,1.0731771634509735,1.1129243257276307
opentelemetry_demo,v4-confirmation-771621/opentelemetry_demo/split/N/0/add_to_cart,repeat,agrum_joint,3,0.8699418835317235,0.974317465540287
opentelemetry_demo,v4-confirmation-771621/opentelemetry_demo/split/N/0/add_to_cart,repeat,storm_sparse,3,0.9460459569957601,1.2313871801066776
opentelemetry_demo,v4-confirmation-771621/opentelemetry_demo/split/N/0/add_to_cart,repeat,storm_compact,3,0.6486209910183702,0.9519761691622226
opentelemetry_demo,v4-confirmation-771621/opentelemetry_demo/split/N/0/add_to_cart,counts,ours_direct,3,0.9576266999083782,1.2668431079952323
opentelemetry_demo,v4-confirmation-771621/opentelemetry_demo/split/N/0/add_to_cart,counts,ours_prepared,3,0.6529406045678823,1.001445422723302
opentelemetry_demo,v4-confirmation-771621/opentelemetry_demo/split/N/0/add_to_cart,counts,cudd_fixed,3,0.7130952290352286,1.0690745936406967
opentelemetry_demo,v4-confirmation-771621/opentelemetry_demo/split/N/0/add_to_cart,counts,cudd_sift,3,0.7233057438877638,1.059824884242296
opentelemetry_demo,v4-confirmation-771621/opentelemetry_demo/split/N/0/add_to_cart,counts,agrum_conditioned,3,1.0502123209153786,1.0855906674952054
opentelemetry_demo,v4-confirmation-771621/opentelemetry_demo/split/N/0/add_to_cart,counts,agrum_joint,3,0.9036509079379339,1.0047122574361966
opentelemetry_demo,v4-confirmation-771621/opentelemetry_demo/split/N/0/add_to_cart,counts,storm_sparse,3,0.9562585739482623,1.1632784817541537
opentelemetry_demo,v4-confirmation-771621/opentelemetry_demo/split/N/0/add_to_cart,counts,storm_compact,3,0.7430500367422015,1.013113644916686
opentelemetry_demo,v4-confirmation-771621/opentelemetry_demo/split/N/0/add_to_cart,masks,ours_direct,3,0.9508242694273359,1.2468164079438036
opentelemetry_demo,v4-confirmation-771621/opentelemetry_demo/split/N/0/add_to_cart,masks,ours_prepared,3,0.6478984651711924,1.0198838428652093
opentelemetry_demo,v4-confirmation-771621/opentelemetry_demo/split/N/0/add_to_cart,masks,cudd_fixed,3,0.7322979004387566,1.11116956895486
opentelemetry_demo,v4-confirmation-771621/opentelemetry_demo/split/N/0/add_to_cart,masks,cudd_sift,3,0.6996786627654165,1.0774352314674047
opentelemetry_demo,v4-confirmation-771621/opentelemetry_demo/split/N/0/add_to_cart,masks,agrum_conditioned,3,1.144894158379643,1.178119343676522
opentelemetry_demo,v4-confirmation-771621/opentelemetry_demo/split/N/0/add_to_cart,masks,agrum_joint,3,1.114716269997187,1.16643148141601
opentelemetry_demo,v4-confirmation-771621/opentelemetry_demo/split/N/0/add_to_cart,masks,storm_sparse,3,1.0752866906570233,1.1802702133883627
opentelemetry_demo,v4-confirmation-771621/opentelemetry_demo/split/N/0/add_to_cart,masks,storm_compact,3,1.013492408500687,1.1000018708636374
opentelemetry_demo,v4-confirmation-771621/opentelemetry_demo/split/N/0/add_to_cart,metadata,ours_direct,3,0.9507944264676749,1.2664003671179158
opentelemetry_demo,v4-confirmation-771621/opentelemetry_demo/split/N/0/add_to_cart,metadata,ours_prepared,3,0.6445554872351809,1.003370251658151
opentelemetry_demo,v4-confirmation-771621/opentelemetry_demo/split/N/0/add_to_cart,metadata,cudd_fixed,3,0.7202705230423905,1.1110101760581386
opentelemetry_demo,v4-confirmation-771621/opentelemetry_demo/split/N/0/add_to_cart,metadata,cudd_sift,3,0.7185567468145029,1.068577553781589
opentelemetry_demo,v4-confirmation-771621/opentelemetry_demo/split/N/0/add_to_cart,metadata,agrum_conditioned,3,1.05906728334473,1.1051737216833464
opentelemetry_demo,v4-confirmation-771621/opentelemetry_demo/split/N/0/add_to_cart,metadata,agrum_joint,3,0.9137955340255004,1.0157056496518597
opentelemetry_demo,v4-confirmation-771621/opentelemetry_demo/split/N/0/add_to_cart,metadata,storm_sparse,3,0.9808632570903918,1.2135666320568665
opentelemetry_demo,v4-confirmation-771621/opentelemetry_demo/split/N/0/add_to_cart,metadata,storm_compact,3,0.6769321087138791,1.0139387224509062
opentelemetry_demo,v4-confirmation-771621/opentelemetry_demo/split/N/0/add_to_cart,structure,ours_direct,3,0.9585882525859376,1.2466526837217768
opentelemetry_demo,v4-confirmation-771621/opentelemetry_demo/split/N/0/add_to_cart,structure,ours_prepared,3,0.9608228009213113,1.1152220729539188
opentelemetry_demo,v4-confirmation-771621/opentelemetry_demo/split/N/0/add_to_cart,structure,cudd_fixed,3,0.69647246001686,1.0225370020045423
opentelemetry_demo,v4-confirmation-771621/opentelemetry_demo/split/N/0/add_to_cart,structure,cudd_sift,3,0.8907400403936367,1.1849635656728301
opentelemetry_demo,v4-confirmation-771621/opentelemetry_demo/split/N/0/add_to_cart,structure,agrum_conditioned,3,1.1819447786534245,1.209136158789754
opentelemetry_demo,v4-confirmation-771621/opentelemetry_demo/split/N/0/add_to_cart,structure,agrum_joint,3,1.1855950132608293,1.2226305773411492
opentelemetry_demo,v4-confirmation-771621/opentelemetry_demo/split/N/0/add_to_cart,structure,storm_sparse,3,1.1470214543003732,1.3003832229646237
opentelemetry_demo,v4-confirmation-771621/opentelemetry_demo/split/N/0/add_to_cart,structure,storm_compact,3,1.1048382996117712,1.2526465973389853
opentelemetry_demo,v4-confirmation-771621/opentelemetry_demo/split/N/0/add_to_cart,restore,ours_direct,3,0.9157591971048507,1.2951509273616701
opentelemetry_demo,v4-confirmation-771621/opentelemetry_demo/split/N/0/add_to_cart,restore,ours_prepared,3,0.9995426927825882,1.1677634216174224
opentelemetry_demo,v4-confirmation-771621/opentelemetry_demo/split/N/0/add_to_cart,restore,cudd_fixed,3,0.6997112039997291,1.0162356274669744
opentelemetry_demo,v4-confirmation-771621/opentelemetry_demo/split/N/0/add_to_cart,restore,cudd_sift,3,0.8603028721198993,1.1423447175847445
opentelemetry_demo,v4-confirmation-771621/opentelemetry_demo/split/N/0/add_to_cart,restore,agrum_conditioned,3,1.1861448700251973,1.2143019774058905
opentelemetry_demo,v4-confirmation-771621/opentelemetry_demo/split/N/0/add_to_cart,restore,agrum_joint,3,1.2009249648743854,1.2390975816880494
opentelemetry_demo,v4-confirmation-771621/opentelemetry_demo/split/N/0/add_to_cart,restore,storm_sparse,3,1.0711380874570153,1.199555733759931
opentelemetry_demo,v4-confirmation-771621/opentelemetry_demo/split/N/0/add_to_cart,restore,storm_compact,3,1.0012036891771452,1.202964376528395
opentelemetry_demo,v4-confirmation-771621/opentelemetry_demo/split/N/0/browse_product,initial,ours_direct,3,0.9272893062619043,1.1709712594559631
opentelemetry_demo,v4-confirmation-771621/opentelemetry_demo/split/N/0/browse_product,initial,ours_prepared,3,0.9502545555493394,1.0925479428130656
opentelemetry_demo,v4-confirmation-771621/opentelemetry_demo/split/N/0/browse_product,initial,cudd_fixed,3,0.9794173731974861,1.0335042466912323
opentelemetry_demo,v4-confirmation-771621/opentelemetry_demo/split/N/0/browse_product,initial,cudd_sift,3,0.9134153724460824,0.9762316601093065
opentelemetry_demo,v4-confirmation-771621/opentelemetry_demo/split/N/0/browse_product,initial,agrum_conditioned,3,1.0774605815867386,1.1072601633886967
opentelemetry_demo,v4-confirmation-771621/opentelemetry_demo/split/N/0/browse_product,initial,agrum_joint,3,1.103953899361307,1.1464370576333784
opentelemetry_demo,v4-confirmation-771621/opentelemetry_demo/split/N/0/browse_product,initial,storm_sparse,3,1.0036310093598602,1.071865215566003
opentelemetry_demo,v4-confirmation-771621/opentelemetry_demo/split/N/0/browse_product,initial,storm_compact,3,0.9368399174232266,1.007502170771603
opentelemetry_demo,v4-confirmation-771621/opentelemetry_demo/split/N/0/browse_product,repeat,ours_direct,3,0.916905864139824,1.197843317211602
opentelemetry_demo,v4-confirmation-771621/opentelemetry_demo/split/N/0/browse_product,repeat,ours_prepared,3,0.7121903552642839,1.0497780957385519
opentelemetry_demo,v4-confirmation-771621/opentelemetry_demo/split/N/0/browse_product,repeat,cudd_fixed,3,0.8833716515762918,1.2574041597692296
opentelemetry_demo,v4-confirmation-771621/opentelemetry_demo/split/N/0/browse_product,repeat,cudd_sift,3,0.842079072383123,1.2052627071468334
opentelemetry_demo,v4-confirmation-771621/opentelemetry_demo/split/N/0/browse_product,repeat,agrum_conditioned,3,0.9865437558415676,1.0170295884785012
opentelemetry_demo,v4-confirmation-771621/opentelemetry_demo/split/N/0/browse_product,repeat,agrum_joint,3,0.9230711107241825,1.015157542702086
opentelemetry_demo,v4-confirmation-771621/opentelemetry_demo/split/N/0/browse_product,repeat,storm_sparse,3,0.8377232001585821,1.046706967578811
opentelemetry_demo,v4-confirmation-771621/opentelemetry_demo/split/N/0/browse_product,repeat,storm_compact,3,0.6871351258418735,0.9772632619776287
opentelemetry_demo,v4-confirmation-771621/opentelemetry_demo/split/N/0/browse_product,counts,ours_direct,3,0.931684199067494,1.216077176887172
opentelemetry_demo,v4-confirmation-771621/opentelemetry_demo/split/N/0/browse_product,counts,ours_prepared,3,0.6957223515074513,1.0236486595023533
opentelemetry_demo,v4-confirmation-771621/opentelemetry_demo/split/N/0/browse_product,counts,cudd_fixed,3,0.731829132616717,1.0522067488259503
opentelemetry_demo,v4-confirmation-771621/opentelemetry_demo/split/N/0/browse_product,counts,cudd_sift,3,0.7350833687267945,1.0475642732625974
opentelemetry_demo,v4-confirmation-771621/opentelemetry_demo/split/N/0/browse_product,counts,agrum_conditioned,3,1.0150827119739607,1.0464034105040252
opentelemetry_demo,v4-confirmation-771621/opentelemetry_demo/split/N/0/browse_product,counts,agrum_joint,3,0.9367322655397573,1.0248516865289294
opentelemetry_demo,v4-confirmation-771621/opentelemetry_demo/split/N/0/browse_product,counts,storm_sparse,3,0.8659500451224127,1.0258919051306346
opentelemetry_demo,v4-confirmation-771621/opentelemetry_demo/split/N/0/browse_product,counts,storm_compact,3,0.7238421670134018,0.9394664937345043
opentelemetry_demo,v4-confirmation-771621/opentelemetry_demo/split/N/0/browse_product,masks,ours_direct,3,0.9159047472211637,1.1962543488125852
opentelemetry_demo,v4-confirmation-771621/opentelemetry_demo/split/N/0/browse_product,masks,ours_prepared,3,0.6423660252323066,0.978125926563561
opentelemetry_demo,v4-confirmation-771621/opentelemetry_demo/split/N/0/browse_product,masks,cudd_fixed,3,0.7311837050994338,1.0456728669985154
opentelemetry_demo,v4-confirmation-771621/opentelemetry_demo/split/N/0/browse_product,masks,cudd_sift,3,0.7219010767358028,1.0326713519189787
opentelemetry_demo,v4-confirmation-771621/opentelemetry_demo/split/N/0/browse_product,masks,agrum_conditioned,3,1.0645134209097178,1.0942989829418575
opentelemetry_demo,v4-confirmation-771621/opentelemetry_demo/split/N/0/browse_product,masks,agrum_joint,3,1.0921058009979838,1.1387118662852018
opentelemetry_demo,v4-confirmation-771621/opentelemetry_demo/split/N/0/browse_product,masks,storm_sparse,3,0.9940138519491332,1.0617774013397772
opentelemetry_demo,v4-confirmation-771621/opentelemetry_demo/split/N/0/browse_product,masks,storm_compact,3,0.979784792342746,1.0530429713452514
opentelemetry_demo,v4-confirmation-771621/opentelemetry_demo/split/N/0/browse_product,metadata,ours_direct,3,0.9529147586141947,1.2298422423967146
opentelemetry_demo,v4-confirmation-771621/opentelemetry_demo/split/N/0/browse_product,metadata,ours_prepared,3,0.706973632255517,1.073963697283804
opentelemetry_demo,v4-confirmation-771621/opentelemetry_demo/split/N/0/browse_product,metadata,cudd_fixed,3,0.7341693872551972,1.06880324660373
opentelemetry_demo,v4-confirmation-771621/opentelemetry_demo/split/N/0/browse_product,metadata,cudd_sift,3,0.7176131300079591,1.0486149644844065
opentelemetry_demo,v4-confirmation-771621/opentelemetry_demo/split/N/0/browse_product,metadata,agrum_conditioned,3,1.0255609710047613,1.057974253171323
opentelemetry_demo,v4-confirmation-771621/opentelemetry_demo/split/N/0/browse_product,metadata,agrum_joint,3,0.9141066831806011,1.0260974020510674
opentelemetry_demo,v4-confirmation-771621/opentelemetry_demo/split/N/0/browse_product,metadata,storm_sparse,3,0.9067431410575854,1.1102080181690201
opentelemetry_demo,v4-confirmation-771621/opentelemetry_demo/split/N/0/browse_product,metadata,storm_compact,3,0.6790512116739997,0.9701781564678543
opentelemetry_demo,v4-confirmation-771621/opentelemetry_demo/split/N/0/browse_product,structure,ours_direct,3,0.9871539939320815,1.28329628084453
opentelemetry_demo,v4-confirmation-771621/opentelemetry_demo/split/N/0/browse_product,structure,ours_prepared,3,0.9444346361788827,1.0832652000755825
opentelemetry_demo,v4-confirmation-771621/opentelemetry_demo/split/N/0/browse_product,structure,cudd_fixed,3,0.7503899138657175,1.0428282685726096
opentelemetry_demo,v4-confirmation-771621/opentelemetry_demo/split/N/0/browse_product,structure,cudd_sift,3,0.9011792752562546,1.181199090210566
opentelemetry_demo,v4-confirmation-771621/opentelemetry_demo/split/N/0/browse_product,structure,agrum_conditioned,3,1.1028337225944693,1.1320310110756158
opentelemetry_demo,v4-confirmation-771621/opentelemetry_demo/split/N/0/browse_product,structure,agrum_joint,3,1.1157322306949335,1.146675774597338
opentelemetry_demo,v4-confirmation-771621/opentelemetry_demo/split/N/0/browse_product,structure,storm_sparse,3,1.0154719801253689,1.1203467618561957
opentelemetry_demo,v4-confirmation-771621/opentelemetry_demo/split/N/0/browse_product,structure,storm_compact,3,0.950310985876774,1.076415181941266
opentelemetry_demo,v4-confirmation-771621/opentelemetry_demo/split/N/0/browse_product,restore,ours_direct,3,0.8894010320374731,1.1521884280196424
opentelemetry_demo,v4-confirmation-771621/opentelemetry_demo/split/N/0/browse_product,restore,ours_prepared,3,1.0055371216126763,1.1561991473759927
opentelemetry_demo,v4-confirmation-771621/opentelemetry_demo/split/N/0/browse_product,restore,cudd_fixed,3,0.7200635598012531,1.0405168344978297
opentelemetry_demo,v4-confirmation-771621/opentelemetry_demo/split/N/0/browse_product,restore,cudd_sift,3,0.8708431369181536,1.1514034541894949
opentelemetry_demo,v4-confirmation-771621/opentelemetry_demo/split/N/0/browse_product,restore,agrum_conditioned,3,1.0883775552399935,1.1162679830720934
opentelemetry_demo,v4-confirmation-771621/opentelemetry_demo/split/N/0/browse_product,restore,agrum_joint,3,1.1258396576287075,1.1569946938880815
opentelemetry_demo,v4-confirmation-771621/opentelemetry_demo/split/N/0/browse_product,restore,storm_sparse,3,0.9833249610997439,1.0875065911379862
opentelemetry_demo,v4-confirmation-771621/opentelemetry_demo/split/N/0/browse_product,restore,storm_compact,3,0.9597809033607663,1.0829749105334745
opentelemetry_demo,v4-confirmation-771621/opentelemetry_demo/split/N/0/checkout,initial,ours_direct,3,1.1447011001422431,1.4364403018455463
opentelemetry_demo,v4-confirmation-771621/opentelemetry_demo/split/N/0/checkout,initial,ours_prepared,3,0.9702773881137441,1.2521295976266598
opentelemetry_demo,v4-confirmation-771621/opentelemetry_demo/split/N/0/checkout,initial,cudd_fixed,3,0.9309695530767967,1.0436886149440157
opentelemetry_demo,v4-confirmation-771621/opentelemetry_demo/split/N/0/checkout,initial,cudd_sift,3,0.80901399628968,0.9076827544675339
opentelemetry_demo,v4-confirmation-771621/opentelemetry_demo/split/N/0/checkout,initial,agrum_conditioned,3,1.4466716984889563,1.483595709742186
opentelemetry_demo,v4-confirmation-771621/opentelemetry_demo/split/N/0/checkout,initial,agrum_joint,3,1.4086626601776813,1.4707750396716373
opentelemetry_demo,v4-confirmation-771621/opentelemetry_demo/split/N/0/checkout,initial,storm_sparse,3,1.4641904301329585,1.60829952685074
opentelemetry_demo,v4-confirmation-771621/opentelemetry_demo/split/N/0/checkout,initial,storm_compact,3,1.2868084737353636,1.4325478599886095
opentelemetry_demo,v4-confirmation-771621/opentelemetry_demo/split/N/0/checkout,repeat,ours_direct,3,1.1827140416933406,1.48204576545917
opentelemetry_demo,v4-confirmation-771621/opentelemetry_demo/split/N/0/checkout,repeat,ours_prepared,3,0.6790007962141187,1.089240291057511
opentelemetry_demo,v4-confirmation-771621/opentelemetry_demo/split/N/0/checkout,repeat,cudd_fixed,3,0.7829476879850832,1.1738493220695667
opentelemetry_demo,v4-confirmation-771621/opentelemetry_demo/split/N/0/checkout,repeat,cudd_sift,3,0.7729973568863213,1.177619812202756
opentelemetry_demo,v4-confirmation-771621/opentelemetry_demo/split/N/0/checkout,repeat,agrum_conditioned,3,1.2612772304780646,1.301112237373054
opentelemetry_demo,v4-confirmation-771621/opentelemetry_demo/split/N/0/checkout,repeat,agrum_joint,3,0.9028957885615458,0.9978332368889571
opentelemetry_demo,v4-confirmation-771621/opentelemetry_demo/split/N/0/checkout,repeat,storm_sparse,3,1.4030238367629078,1.8010314986032083
opentelemetry_demo,v4-confirmation-771621/opentelemetry_demo/split/N/0/checkout,repeat,storm_compact,3,0.554456046887947,1.0038041919306817
opentelemetry_demo,v4-confirmation-771621/opentelemetry_demo/split/N/0/checkout,counts,ours_direct,3,1.1739585691501295,1.493069123679158
opentelemetry_demo,v4-confirmation-771621/opentelemetry_demo/split/N/0/checkout,counts,ours_prepared,3,0.6375895192059388,1.0416835095472934
opentelemetry_demo,v4-confirmation-771621/opentelemetry_demo/split/N/0/checkout,counts,cudd_fixed,3,0.7652724808359237,1.1709754458488733
opentelemetry_demo,v4-confirmation-771621/opentelemetry_demo/split/N/0/checkout,counts,cudd_sift,3,0.7694896824458215,1.1553439980260722
opentelemetry_demo,v4-confirmation-771621/opentelemetry_demo/split/N/0/checkout,counts,agrum_conditioned,3,1.2629245846075892,1.3033585856935603
opentelemetry_demo,v4-confirmation-771621/opentelemetry_demo/split/N/0/checkout,counts,agrum_joint,3,0.8908948644772785,0.9804300732845305
opentelemetry_demo,v4-confirmation-771621/opentelemetry_demo/split/N/0/checkout,counts,storm_sparse,3,1.3788420189180237,1.7218967478996186
opentelemetry_demo,v4-confirmation-771621/opentelemetry_demo/split/N/0/checkout,counts,storm_compact,3,0.606645938630138,0.9613126090216539
opentelemetry_demo,v4-confirmation-771621/opentelemetry_demo/split/N/0/checkout,masks,ours_direct,3,1.2013780721455183,1.5048072581505836
opentelemetry_demo,v4-confirmation-771621/opentelemetry_demo/split/N/0/checkout,masks,ours_prepared,3,0.6400657096025956,1.0361300124739141
opentelemetry_demo,v4-confirmation-771621/opentelemetry_demo/split/N/0/checkout,masks,cudd_fixed,3,0.7742292274933936,1.2271856578658196
opentelemetry_demo,v4-confirmation-771621/opentelemetry_demo/split/N/0/checkout,masks,cudd_sift,3,0.7681126611923429,1.2262826041426822
opentelemetry_demo,v4-confirmation-771621/opentelemetry_demo/split/N/0/checkout,masks,agrum_conditioned,3,1.4118790090984727,1.4538431984250615
opentelemetry_demo,v4-confirmation-771621/opentelemetry_demo/split/N/0/checkout,masks,agrum_joint,3,1.3925662675972497,1.4831697350065118
opentelemetry_demo,v4-confirmation-771621/opentelemetry_demo/split/N/0/checkout,masks,storm_sparse,3,1.6349413368129586,1.7876851317886517
opentelemetry_demo,v4-confirmation-771621/opentelemetry_demo/split/N/0/checkout,masks,storm_compact,3,1.2773139452585187,1.4259942786246305
opentelemetry_demo,v4-confirmation-771621/opentelemetry_demo/split/N/0/checkout,metadata,ours_direct,3,1.183113028600468,1.4840217045443589
opentelemetry_demo,v4-confirmation-771621/opentelemetry_demo/split/N/0/checkout,metadata,ours_prepared,3,0.6359372846854662,1.0461110019900635
opentelemetry_demo,v4-confirmation-771621/opentelemetry_demo/split/N/0/checkout,metadata,cudd_fixed,3,0.7472165032409446,1.1589633807563993
opentelemetry_demo,v4-confirmation-771621/opentelemetry_demo/split/N/0/checkout,metadata,cudd_sift,3,0.7865700824010461,1.2169214041148708
opentelemetry_demo,v4-confirmation-771621/opentelemetry_demo/split/N/0/checkout,metadata,agrum_conditioned,3,1.247800333205821,1.2972505759982433
opentelemetry_demo,v4-confirmation-771621/opentelemetry_demo/split/N/0/checkout,metadata,agrum_joint,3,0.8755387283455535,0.9891967591859987
opentelemetry_demo,v4-confirmation-771621/opentelemetry_demo/split/N/0/checkout,metadata,storm_sparse,3,1.4760751785063666,1.823608866238342
opentelemetry_demo,v4-confirmation-771621/opentelemetry_demo/split/N/0/checkout,metadata,storm_compact,3,0.6057853892293916,1.0347688785735938
opentelemetry_demo,v4-confirmation-771621/opentelemetry_demo/split/N/0/checkout,structure,ours_direct,3,1.1692566087611522,1.4528552859366166
opentelemetry_demo,v4-confirmation-771621/opentelemetry_demo/split/N/0/checkout,structure,ours_prepared,3,0.7190898635158747,1.2800270747692866
opentelemetry_demo,v4-confirmation-771621/opentelemetry_demo/split/N/0/checkout,structure,cudd_fixed,3,0.7603821271693515,1.1449667325420343
opentelemetry_demo,v4-confirmation-771621/opentelemetry_demo/split/N/0/checkout,structure,cudd_sift,3,0.9229963539844502,1.3082584849519137
opentelemetry_demo,v4-confirmation-771621/opentelemetry_demo/split/N/0/checkout,structure,agrum_conditioned,3,1.491353762694434,1.5311364213188978
opentelemetry_demo,v4-confirmation-771621/opentelemetry_demo/split/N/0/checkout,structure,agrum_joint,3,1.4846062312717936,1.554434839363155
opentelemetry_demo,v4-confirmation-771621/opentelemetry_demo/split/N/0/checkout,structure,storm_sparse,3,1.4398924143040865,1.5894345283343976
opentelemetry_demo,v4-confirmation-771621/opentelemetry_demo/split/N/0/checkout,structure,storm_compact,3,1.3877993352359965,1.6224468834482701
opentelemetry_demo,v4-confirmation-771621/opentelemetry_demo/split/N/0/checkout,restore,ours_direct,3,0.841504144569432,1.4994252420362524
opentelemetry_demo,v4-confirmation-771621/opentelemetry_demo/split/N/0/checkout,restore,ours_prepared,3,1.3968557032917681,1.802505806234231
opentelemetry_demo,v4-confirmation-771621/opentelemetry_demo/split/N/0/checkout,restore,cudd_fixed,3,0.7549832679778898,1.14392665348524
opentelemetry_demo,v4-confirmation-771621/opentelemetry_demo/split/N/0/checkout,restore,cudd_sift,3,0.8847576901794495,1.2653006391909256
opentelemetry_demo,v4-confirmation-771621/opentelemetry_demo/split/N/0/checkout,restore,agrum_conditioned,3,1.502296800625097,1.5420035123339237
opentelemetry_demo,v4-confirmation-771621/opentelemetry_demo/split/N/0/checkout,restore,agrum_joint,3,1.4616669319459745,1.5391611836086931
opentelemetry_demo,v4-confirmation-771621/opentelemetry_demo/split/N/0/checkout,restore,storm_sparse,3,1.603875714726962,1.811169091518499
opentelemetry_demo,v4-confirmation-771621/opentelemetry_demo/split/N/0/checkout,restore,storm_compact,3,1.4639492069935525,1.7484701157989115
opentelemetry_demo,v4-confirmation-771621/opentelemetry_demo/split/N/1/add_to_cart,initial,ours_direct,3,0.9635239592680096,1.2376794384941863
opentelemetry_demo,v4-confirmation-771621/opentelemetry_demo/split/N/1/add_to_cart,initial,ours_prepared,3,0.9625321169008016,1.1368476596756691
opentelemetry_demo,v4-confirmation-771621/opentelemetry_demo/split/N/1/add_to_cart,initial,cudd_fixed,3,0.8708670377255165,0.9509315857841142
opentelemetry_demo,v4-confirmation-771621/opentelemetry_demo/split/N/1/add_to_cart,initial,cudd_sift,3,0.9772758017982961,1.0622559120950987
opentelemetry_demo,v4-confirmation-771621/opentelemetry_demo/split/N/1/add_to_cart,initial,agrum_conditioned,3,1.1662683977425454,1.199721215809778
opentelemetry_demo,v4-confirmation-771621/opentelemetry_demo/split/N/1/add_to_cart,initial,agrum_joint,3,1.160653710602954,1.209070549043349
opentelemetry_demo,v4-confirmation-771621/opentelemetry_demo/split/N/1/add_to_cart,initial,storm_sparse,3,1.101692893693971,1.1878964922119553
opentelemetry_demo,v4-confirmation-771621/opentelemetry_demo/split/N/1/add_to_cart,initial,storm_compact,3,1.014509485275791,1.0980272553161694
opentelemetry_demo,v4-confirmation-771621/opentelemetry_demo/split/N/1/add_to_cart,repeat,ours_direct,3,0.9573004339295871,1.2409603457866272
opentelemetry_demo,v4-confirmation-771621/opentelemetry_demo/split/N/1/add_to_cart,repeat,ours_prepared,3,0.6888188777241129,1.0403189398143358
opentelemetry_demo,v4-confirmation-771621/opentelemetry_demo/split/N/1/add_to_cart,repeat,cudd_fixed,3,0.7160991495370298,1.0329263642217263
opentelemetry_demo,v4-confirmation-771621/opentelemetry_demo/split/N/1/add_to_cart,repeat,cudd_sift,3,0.7253245206458379,1.038124151880332
opentelemetry_demo,v4-confirmation-771621/opentelemetry_demo/split/N/1/add_to_cart,repeat,agrum_conditioned,3,1.070704160810866,1.1019214281086793
opentelemetry_demo,v4-confirmation-771621/opentelemetry_demo/split/N/1/add_to_cart,repeat,agrum_joint,3,0.9148262418332186,1.0060870972537037
opentelemetry_demo,v4-confirmation-771621/opentelemetry_demo/split/N/1/add_to_cart,repeat,storm_sparse,3,1.039710918614021,1.259327257095128
opentelemetry_demo,v4-confirmation-771621/opentelemetry_demo/split/N/1/add_to_cart,repeat,storm_compact,3,0.6804307190290482,1.0019265126185484
opentelemetry_demo,v4-confirmation-771621/opentelemetry_demo/split/N/1/add_to_cart,counts,ours_direct,3,0.9506601226130477,1.2292355718745311
opentelemetry_demo,v4-confirmation-771621/opentelemetry_demo/split/N/1/add_to_cart,counts,ours_prepared,3,0.6721962216069197,1.0103642278809226
opentelemetry_demo,v4-confirmation-771621/opentelemetry_demo/split/N/1/add_to_cart,counts,cudd_fixed,3,0.7189419909428237,1.0487868464580299
opentelemetry_demo,v4-confirmation-771621/opentelemetry_demo/split/N/1/add_to_cart,counts,cudd_sift,3,0.7452425137377515,1.056932137521159
opentelemetry_demo,v4-confirmation-771621/opentelemetry_demo/split/N/1/add_to_cart,counts,agrum_conditioned,3,1.0657628274206397,1.0976410050628491
opentelemetry_demo,v4-confirmation-771621/opentelemetry_demo/split/N/1/add_to_cart,counts,agrum_joint,3,0.913793994584288,1.00492173071672
opentelemetry_demo,v4-confirmation-771621/opentelemetry_demo/split/N/1/add_to_cart,counts,storm_sparse,3,1.0570629034916674,1.2506227141230573
opentelemetry_demo,v4-confirmation-771621/opentelemetry_demo/split/N/1/add_to_cart,counts,storm_compact,3,0.722357055544566,0.9734882888833842
opentelemetry_demo,v4-confirmation-771621/opentelemetry_demo/split/N/1/add_to_cart,masks,ours_direct,3,0.9699427259071768,1.2462152014920895
opentelemetry_demo,v4-confirmation-771621/opentelemetry_demo/split/N/1/add_to_cart,masks,ours_prepared,3,0.656446830575859,1.0275277688045126
opentelemetry_demo,v4-confirmation-771621/opentelemetry_demo/split/N/1/add_to_cart,masks,cudd_fixed,3,0.7478433523443458,1.1147744483838766
opentelemetry_demo,v4-confirmation-771621/opentelemetry_demo/split/N/1/add_to_cart,masks,cudd_sift,3,0.7676750030828494,1.1204540676897203
opentelemetry_demo,v4-confirmation-771621/opentelemetry_demo/split/N/1/add_to_cart,masks,agrum_conditioned,3,1.1296156880444084,1.1667856240488745
opentelemetry_demo,v4-confirmation-771621/opentelemetry_demo/split/N/1/add_to_cart,masks,agrum_joint,3,1.1310202043660489,1.1928851187704683
opentelemetry_demo,v4-confirmation-771621/opentelemetry_demo/split/N/1/add_to_cart,masks,storm_sparse,3,1.1206128702231786,1.2077778885972665
opentelemetry_demo,v4-confirmation-771621/opentelemetry_demo/split/N/1/add_to_cart,masks,storm_compact,3,1.0403355083758952,1.127907400386192
opentelemetry_demo,v4-confirmation-771621/opentelemetry_demo/split/N/1/add_to_cart,metadata,ours_direct,3,0.9488957231754254,1.2062689883811635
opentelemetry_demo,v4-confirmation-771621/opentelemetry_demo/split/N/1/add_to_cart,metadata,ours_prepared,3,0.6283147387497596,1.0350278000394468
opentelemetry_demo,v4-confirmation-771621/opentelemetry_demo/split/N/1/add_to_cart,metadata,cudd_fixed,3,0.704978770982381,1.0645732015932046
opentelemetry_demo,v4-confirmation-771621/opentelemetry_demo/split/N/1/add_to_cart,metadata,cudd_sift,3,0.7711518023840299,1.1612094714514523
opentelemetry_demo,v4-confirmation-771621/opentelemetry_demo/split/N/1/add_to_cart,metadata,agrum_conditioned,3,1.0612810715341758,1.0943590196927608
opentelemetry_demo,v4-confirmation-771621/opentelemetry_demo/split/N/1/add_to_cart,metadata,agrum_joint,3,0.9145299809074734,1.0120126886568999
opentelemetry_demo,v4-confirmation-771621/opentelemetry_demo/split/N/1/add_to_cart,metadata,storm_sparse,3,1.0567269229765548,1.2634549663960275
opentelemetry_demo,v4-confirmation-771621/opentelemetry_demo/split/N/1/add_to_cart,metadata,storm_compact,3,0.6854162518977793,1.0026622071720892
opentelemetry_demo,v4-confirmation-771621/opentelemetry_demo/split/N/1/add_to_cart,structure,ours_direct,3,0.9589645591948864,1.237166001874989
opentelemetry_demo,v4-confirmation-771621/opentelemetry_demo/split/N/1/add_to_cart,structure,ours_prepared,3,0.9943508871494124,1.1815212436273301
opentelemetry_demo,v4-confirmation-771621/opentelemetry_demo/split/N/1/add_to_cart,structure,cudd_fixed,3,0.7729824101357367,1.10508899605792
opentelemetry_demo,v4-confirmation-771621/opentelemetry_demo/split/N/1/add_to_cart,structure,cudd_sift,3,0.8809624289983348,1.1890220060849697
opentelemetry_demo,v4-confirmation-771621/opentelemetry_demo/split/N/1/add_to_cart,structure,agrum_conditioned,3,1.1574033457201627,1.1823578995639528
opentelemetry_demo,v4-confirmation-771621/opentelemetry_demo/split/N/1/add_to_cart,structure,agrum_joint,3,1.1812238264714128,1.2200499353450172
opentelemetry_demo,v4-confirmation-771621/opentelemetry_demo/split/N/1/add_to_cart,structure,storm_sparse,3,1.154258485942674,1.2731378985496153
opentelemetry_demo,v4-confirmation-771621/opentelemetry_demo/split/N/1/add_to_cart,structure,storm_compact,3,1.061756562598277,1.1976931481412012
opentelemetry_demo,v4-confirmation-771621/opentelemetry_demo/split/N/1/add_to_cart,restore,ours_direct,3,1.0054218002831434,1.3143167932859532
opentelemetry_demo,v4-confirmation-771621/opentelemetry_demo/split/N/1/add_to_cart,restore,ours_prepared,3,0.9699529693024607,1.1543206240189063
opentelemetry_demo,v4-confirmation-771621/opentelemetry_demo/split/N/1/add_to_cart,restore,cudd_fixed,3,0.6878564414271762,0.9633947276617734
opentelemetry_demo,v4-confirmation-771621/opentelemetry_demo/split/N/1/add_to_cart,restore,cudd_sift,3,0.833842939016333,1.0911909323621019
opentelemetry_demo,v4-confirmation-771621/opentelemetry_demo/split/N/1/add_to_cart,restore,agrum_conditioned,3,1.1474849867377475,1.1705598592198687
opentelemetry_demo,v4-confirmation-771621/opentelemetry_demo/split/N/1/add_to_cart,restore,agrum_joint,3,1.1870136615672866,1.2262052359842932
opentelemetry_demo,v4-confirmation-771621/opentelemetry_demo/split/N/1/add_to_cart,restore,storm_sparse,3,1.1458316243063709,1.2832868311381445
opentelemetry_demo,v4-confirmation-771621/opentelemetry_demo/split/N/1/add_to_cart,restore,storm_compact,3,0.9999791982333476,1.1018939166394204
opentelemetry_demo,v4-confirmation-771621/opentelemetry_demo/split/N/1/browse_product,initial,ours_direct,3,0.9268550948928892,1.1910800063391558
opentelemetry_demo,v4-confirmation-771621/opentelemetry_demo/split/N/1/browse_product,initial,ours_prepared,3,0.9412591614734415,1.0661199916107038
opentelemetry_demo,v4-confirmation-771621/opentelemetry_demo/split/N/1/browse_product,initial,cudd_fixed,3,1.2271699864629666,1.306539233423298
opentelemetry_demo,v4-confirmation-771621/opentelemetry_demo/split/N/1/browse_product,initial,cudd_sift,3,1.18222535243858,1.2507722240396701
opentelemetry_demo,v4-confirmation-771621/opentelemetry_demo/split/N/1/browse_product,initial,agrum_conditioned,3,1.061373894305351,1.091194947847736
opentelemetry_demo,v4-confirmation-771621/opentelemetry_demo/split/N/1/browse_product,initial,agrum_joint,3,1.1241305639799188,1.1654232619202336
opentelemetry_demo,v4-confirmation-771621/opentelemetry_demo/split/N/1/browse_product,initial,storm_sparse,3,0.9768623058067449,1.0423790867973022
opentelemetry_demo,v4-confirmation-771621/opentelemetry_demo/split/N/1/browse_product,initial,storm_compact,3,0.9657531840929715,1.0387733846620348
opentelemetry_demo,v4-confirmation-771621/opentelemetry_demo/split/N/1/browse_product,repeat,ours_direct,3,0.8895169900325368,1.187310438844083
opentelemetry_demo,v4-confirmation-771621/opentelemetry_demo/split/N/1/browse_product,repeat,ours_prepared,3,0.6745772161754916,1.0211276161024905
opentelemetry_demo,v4-confirmation-771621/opentelemetry_demo/split/N/1/browse_product,repeat,cudd_fixed,3,0.8863792406460348,1.2958269753864526
opentelemetry_demo,v4-confirmation-771621/opentelemetry_demo/split/N/1/browse_product,repeat,cudd_sift,3,0.8783541136645571,1.2932544332977038
opentelemetry_demo,v4-confirmation-771621/opentelemetry_demo/split/N/1/browse_product,repeat,agrum_conditioned,3,0.9816352086680589,1.0179413682367362
opentelemetry_demo,v4-confirmation-771621/opentelemetry_demo/split/N/1/browse_product,repeat,agrum_joint,3,0.911249518078765,1.009715420641676
opentelemetry_demo,v4-confirmation-771621/opentelemetry_demo/split/N/1/browse_product,repeat,storm_sparse,3,0.867831953801992,1.098059345500929
opentelemetry_demo,v4-confirmation-771621/opentelemetry_demo/split/N/1/browse_product,repeat,storm_compact,3,0.7161601107700216,1.019274717613022
opentelemetry_demo,v4-confirmation-771621/opentelemetry_demo/split/N/1/browse_product,counts,ours_direct,3,0.8984061865105438,1.2054570239529163
opentelemetry_demo,v4-confirmation-771621/opentelemetry_demo/split/N/1/browse_product,counts,ours_prepared,3,0.6811522490489097,1.0256870947975216
opentelemetry_demo,v4-confirmation-771621/opentelemetry_demo/split/N/1/browse_product,counts,cudd_fixed,3,0.7030558123131464,1.0323369825194417
opentelemetry_demo,v4-confirmation-771621/opentelemetry_demo/split/N/1/browse_product,counts,cudd_sift,3,0.7176397968884464,1.0351546608223205
opentelemetry_demo,v4-confirmation-771621/opentelemetry_demo/split/N/1/browse_product,counts,agrum_conditioned,3,0.97398016485002,1.0060564564695893
opentelemetry_demo,v4-confirmation-771621/opentelemetry_demo/split/N/1/browse_product,counts,agrum_joint,3,0.893173141523673,0.9801671842736872
opentelemetry_demo,v4-confirmation-771621/opentelemetry_demo/split/N/1/browse_product,counts,storm_sparse,3,0.896849608418273,1.065100227458626
opentelemetry_demo,v4-confirmation-771621/opentelemetry_demo/split/N/1/browse_product,counts,storm_compact,3,0.7680616003808662,0.9946904952603923
opentelemetry_demo,v4-confirmation-771621/opentelemetry_demo/split/N/1/browse_product,masks,ours_direct,3,0.9745126291120563,1.2644306594725565
opentelemetry_demo,v4-confirmation-771621/opentelemetry_demo/split/N/1/browse_product,masks,ours_prepared,3,0.66298078019197,1.0045839454233612
opentelemetry_demo,v4-confirmation-771621/opentelemetry_demo/split/N/1/browse_product,masks,cudd_fixed,3,0.7169855664604947,1.0789280982531189
opentelemetry_demo,v4-confirmation-771621/opentelemetry_demo/split/N/1/browse_product,masks,cudd_sift,3,0.7236602015486644,1.0598876660289975
opentelemetry_demo,v4-confirmation-771621/opentelemetry_demo/split/N/1/browse_product,masks,agrum_conditioned,3,1.0383447519529199,1.0690599252565183
opentelemetry_demo,v4-confirmation-771621/opentelemetry_demo/split/N/1/browse_product,masks,agrum_joint,3,1.0804442169783692,1.1228928095395068
opentelemetry_demo,v4-confirmation-771621/opentelemetry_demo/split/N/1/browse_product,masks,storm_sparse,3,1.0298619507684825,1.1027307064206209
opentelemetry_demo,v4-confirmation-771621/opentelemetry_demo/split/N/1/browse_product,masks,storm_compact,3,0.9815709419705247,1.058330276867411
opentelemetry_demo,v4-confirmation-771621/opentelemetry_demo/split/N/1/browse_product,metadata,ours_direct,3,0.9366407712579874,1.2289002961678765
opentelemetry_demo,v4-confirmation-771621/opentelemetry_demo/split/N/1/browse_product,metadata,ours_prepared,3,0.6987403617422688,1.064174342774033
opentelemetry_demo,v4-confirmation-771621/opentelemetry_demo/split/N/1/browse_product,metadata,cudd_fixed,3,0.692905488306051,1.018192912198509
opentelemetry_demo,v4-confirmation-771621/opentelemetry_demo/split/N/1/browse_product,metadata,cudd_sift,3,0.6939869116824084,1.0271882715087552
opentelemetry_demo,v4-confirmation-771621/opentelemetry_demo/split/N/1/browse_product,metadata,agrum_conditioned,3,0.9963054336750418,1.033227075328631
opentelemetry_demo,v4-confirmation-771621/opentelemetry_demo/split/N/1/browse_product,metadata,agrum_joint,3,0.8990253210940592,0.9959566161034088
opentelemetry_demo,v4-confirmation-771621/opentelemetry_demo/split/N/1/browse_product,metadata,storm_sparse,3,0.8854472339963048,1.0597172219945759
opentelemetry_demo,v4-confirmation-771621/opentelemetry_demo/split/N/1/browse_product,metadata,storm_compact,3,0.7733215451206358,1.186842788609079
opentelemetry_demo,v4-confirmation-771621/opentelemetry_demo/split/N/1/browse_product,structure,ours_direct,3,0.9470964678025394,1.2394524881479942
opentelemetry_demo,v4-confirmation-771621/opentelemetry_demo/split/N/1/browse_product,structure,ours_prepared,3,0.9634494045824348,1.0921560941218622
opentelemetry_demo,v4-confirmation-771621/opentelemetry_demo/split/N/1/browse_product,structure,cudd_fixed,3,0.756603715900455,1.0766486780340165
opentelemetry_demo,v4-confirmation-771621/opentelemetry_demo/split/N/1/browse_product,structure,cudd_sift,3,0.9284473045045948,1.2106285918444706
opentelemetry_demo,v4-confirmation-771621/opentelemetry_demo/split/N/1/browse_product,structure,agrum_conditioned,3,1.0829492408478967,1.1042918677530764
opentelemetry_demo,v4-confirmation-771621/opentelemetry_demo/split/N/1/browse_product,structure,agrum_joint,3,1.135317620251486,1.1752324931783276
opentelemetry_demo,v4-confirmation-771621/opentelemetry_demo/split/N/1/browse_product,structure,storm_sparse,3,1.0209346884371877,1.1291378755372414
opentelemetry_demo,v4-confirmation-771621/opentelemetry_demo/split/N/1/browse_product,structure,storm_compact,3,0.949825430546607,1.0623700351483063
opentelemetry_demo,v4-confirmation-771621/opentelemetry_demo/split/N/1/browse_product,restore,ours_direct,3,0.8946610961346378,1.1900740182924794
opentelemetry_demo,v4-confirmation-771621/opentelemetry_demo/split/N/1/browse_product,restore,ours_prepared,3,0.9548731690866169,1.077861999724909
opentelemetry_demo,v4-confirmation-771621/opentelemetry_demo/split/N/1/browse_product,restore,cudd_fixed,3,0.6903905609186699,0.9994447443510449
opentelemetry_demo,v4-confirmation-771621/opentelemetry_demo/split/N/1/browse_product,restore,cudd_sift,3,0.8907039816470954,1.166907138288536
opentelemetry_demo,v4-confirmation-771621/opentelemetry_demo/split/N/1/browse_product,restore,agrum_conditioned,3,1.1019641545282663,1.1262901811581962
opentelemetry_demo,v4-confirmation-771621/opentelemetry_demo/split/N/1/browse_product,restore,agrum_joint,3,1.1194268333989186,1.149935663283032
opentelemetry_demo,v4-confirmation-771621/opentelemetry_demo/split/N/1/browse_product,restore,storm_sparse,3,1.0080387515023492,1.1230048328082163
opentelemetry_demo,v4-confirmation-771621/opentelemetry_demo/split/N/1/browse_product,restore,storm_compact,3,0.9548825697042482,1.0672943794469378
opentelemetry_demo,v4-confirmation-771621/opentelemetry_demo/split/N/1/checkout,initial,ours_direct,3,1.1368969293961975,1.409599232909636
opentelemetry_demo,v4-confirmation-771621/opentelemetry_demo/split/N/1/checkout,initial,ours_prepared,3,0.9814023954853194,1.244112590203785
opentelemetry_demo,v4-confirmation-771621/opentelemetry_demo/split/N/1/checkout,initial,cudd_fixed,3,1.1383266054451677,1.31115267801601
opentelemetry_demo,v4-confirmation-771621/opentelemetry_demo/split/N/1/checkout,initial,cudd_sift,3,0.9322359721682025,1.0409818650986926
opentelemetry_demo,v4-confirmation-771621/opentelemetry_demo/split/N/1/checkout,initial,agrum_conditioned,3,1.4576993748227074,1.4959026174616923
opentelemetry_demo,v4-confirmation-771621/opentelemetry_demo/split/N/1/checkout,initial,agrum_joint,3,1.416940520778475,1.4817723799802864
opentelemetry_demo,v4-confirmation-771621/opentelemetry_demo/split/N/1/checkout,initial,storm_sparse,3,1.4683799290468416,1.6002216736704338
opentelemetry_demo,v4-confirmation-771621/opentelemetry_demo/split/N/1/checkout,initial,storm_compact,3,1.3616406408073938,1.51808683274324
opentelemetry_demo,v4-confirmation-771621/opentelemetry_demo/split/N/1/checkout,repeat,ours_direct,3,1.1478972954534858,1.4354906322390548
opentelemetry_demo,v4-confirmation-771621/opentelemetry_demo/split/N/1/checkout,repeat,ours_prepared,3,0.622861257066968,1.0231124735466202
opentelemetry_demo,v4-confirmation-771621/opentelemetry_demo/split/N/1/checkout,repeat,cudd_fixed,3,0.723740863556659,1.102020087120021
opentelemetry_demo,v4-confirmation-771621/opentelemetry_demo/split/N/1/checkout,repeat,cudd_sift,3,0.7411185003962648,1.1390481042176321
opentelemetry_demo,v4-confirmation-771621/opentelemetry_demo/split/N/1/checkout,repeat,agrum_conditioned,3,1.2744793942779913,1.317933712039197
opentelemetry_demo,v4-confirmation-771621/opentelemetry_demo/split/N/1/checkout,repeat,agrum_joint,3,0.8902964668874873,0.9917439667615593
opentelemetry_demo,v4-confirmation-771621/opentelemetry_demo/split/N/1/checkout,repeat,storm_sparse,3,1.370834112815521,1.7389683189519431
opentelemetry_demo,v4-confirmation-771621/opentelemetry_demo/split/N/1/checkout,repeat,storm_compact,3,0.6757635814325527,1.172520561565609
opentelemetry_demo,v4-confirmation-771621/opentelemetry_demo/split/N/1/checkout,counts,ours_direct,3,1.1731083955048447,1.4540989668297988
opentelemetry_demo,v4-confirmation-771621/opentelemetry_demo/split/N/1/checkout,counts,ours_prepared,3,0.6458992285959425,1.0362851344256643
opentelemetry_demo,v4-confirmation-771621/opentelemetry_demo/split/N/1/checkout,counts,cudd_fixed,3,0.7249872808436068,1.1402696849757437
opentelemetry_demo,v4-confirmation-771621/opentelemetry_demo/split/N/1/checkout,counts,cudd_sift,3,0.7479354331993155,1.1466781390377667
opentelemetry_demo,v4-confirmation-771621/opentelemetry_demo/split/N/1/checkout,counts,agrum_conditioned,3,1.2355500651050815,1.2795522631148661
opentelemetry_demo,v4-confirmation-771621/opentelemetry_demo/split/N/1/checkout,counts,agrum_joint,3,0.8807262753304533,0.9843070182819573
opentelemetry_demo,v4-confirmation-771621/opentelemetry_demo/split/N/1/checkout,counts,storm_sparse,3,1.4249853386740876,1.7605747951677135
opentelemetry_demo,v4-confirmation-771621/opentelemetry_demo/split/N/1/checkout,counts,storm_compact,3,0.7151035130268553,1.129944553616211
opentelemetry_demo,v4-confirmation-771621/opentelemetry_demo/split/N/1/checkout,masks,ours_direct,3,1.147804590760608,1.4307858909455378
opentelemetry_demo,v4-confirmation-771621/opentelemetry_demo/split/N/1/checkout,masks,ours_prepared,3,0.6757875754630375,1.1026384103459668
opentelemetry_demo,v4-confirmation-771621/opentelemetry_demo/split/N/1/checkout,masks,cudd_fixed,3,0.7094615856967169,1.1638950198700786
opentelemetry_demo,v4-confirmation-771621/opentelemetry_demo/split/N/1/checkout,masks,cudd_sift,3,0.7189211848758081,1.1598017862780878
opentelemetry_demo,v4-confirmation-771621/opentelemetry_demo/split/N/1/checkout,masks,agrum_conditioned,3,1.4207389516031008,1.4635809757220732
opentelemetry_demo,v4-confirmation-771621/opentelemetry_demo/split/N/1/checkout,masks,agrum_joint,3,1.3667341107531283,1.452740919403459
opentelemetry_demo,v4-confirmation-771621/opentelemetry_demo/split/N/1/checkout,masks,storm_sparse,3,1.6510293736745827,1.7946042697829914
opentelemetry_demo,v4-confirmation-771621/opentelemetry_demo/split/N/1/checkout,masks,storm_compact,3,1.2083540974529348,1.3559056141537342
opentelemetry_demo,v4-confirmation-771621/opentelemetry_demo/split/N/1/checkout,metadata,ours_direct,3,1.1742536027350046,1.446675104104785
opentelemetry_demo,v4-confirmation-771621/opentelemetry_demo/split/N/1/checkout,metadata,ours_prepared,3,0.6390594540731676,1.03958736908418
opentelemetry_demo,v4-confirmation-771621/opentelemetry_demo/split/N/1/checkout,metadata,cudd_fixed,3,0.7357056274823335,1.16474105678482
opentelemetry_demo,v4-confirmation-771621/opentelemetry_demo/split/N/1/checkout,metadata,cudd_sift,3,0.7251078986295353,1.1498893655388276
opentelemetry_demo,v4-confirmation-771621/opentelemetry_demo/split/N/1/checkout,metadata,agrum_conditioned,3,1.2622458541614723,1.3130382278218888
opentelemetry_demo,v4-confirmation-771621/opentelemetry_demo/split/N/1/checkout,metadata,agrum_joint,3,0.8834036682733163,1.0026484572312477
opentelemetry_demo,v4-confirmation-771621/opentelemetry_demo/split/N/1/checkout,metadata,storm_sparse,3,1.4430513212456804,1.7603291190962103
opentelemetry_demo,v4-confirmation-771621/opentelemetry_demo/split/N/1/checkout,metadata,storm_compact,3,0.68235858787615,1.1473568701970847
opentelemetry_demo,v4-confirmation-771621/opentelemetry_demo/split/N/1/checkout,structure,ours_direct,3,1.171163898457412,1.4584199330450551
opentelemetry_demo,v4-confirmation-771621/opentelemetry_demo/split/N/1/checkout,structure,ours_prepared,3,0.7574180725023253,1.2756180092433573
opentelemetry_demo,v4-confirmation-771621/opentelemetry_demo/split/N/1/checkout,structure,cudd_fixed,3,0.7690133818825151,1.1721188925615251
opentelemetry_demo,v4-confirmation-771621/opentelemetry_demo/split/N/1/checkout,structure,cudd_sift,3,0.917734761317513,1.3118050695278272
opentelemetry_demo,v4-confirmation-771621/opentelemetry_demo/split/N/1/checkout,structure,agrum_conditioned,3,1.45844752586243,1.4991647201156137
opentelemetry_demo,v4-confirmation-771621/opentelemetry_demo/split/N/1/checkout,structure,agrum_joint,3,1.4882253220080812,1.562091761689751
opentelemetry_demo,v4-confirmation-771621/opentelemetry_demo/split/N/1/checkout,structure,storm_sparse,3,1.3601702366989437,1.4863603395703255
opentelemetry_demo,v4-confirmation-771621/opentelemetry_demo/split/N/1/checkout,structure,storm_compact,3,1.4621237183755589,1.7020781273683163
opentelemetry_demo,v4-confirmation-771621/opentelemetry_demo/split/N/1/checkout,restore,ours_direct,3,0.8068828789896273,1.41212533604296
opentelemetry_demo,v4-confirmation-771621/opentelemetry_demo/split/N/1/checkout,restore,ours_prepared,3,1.3756857667227222,1.771880025021293
opentelemetry_demo,v4-confirmation-771621/opentelemetry_demo/split/N/1/checkout,restore,cudd_fixed,3,0.7367466488422122,1.1292467067433696
opentelemetry_demo,v4-confirmation-771621/opentelemetry_demo/split/N/1/checkout,restore,cudd_sift,3,0.8593145708866584,1.2518503493498832
opentelemetry_demo,v4-confirmation-771621/opentelemetry_demo/split/N/1/checkout,restore,agrum_conditioned,3,1.471987251665108,1.5125146263052547
opentelemetry_demo,v4-confirmation-771621/opentelemetry_demo/split/N/1/checkout,restore,agrum_joint,3,1.4801163014684948,1.5570739054798595
opentelemetry_demo,v4-confirmation-771621/opentelemetry_demo/split/N/1/checkout,restore,storm_sparse,3,1.6413456046374761,1.8443399623549983
opentelemetry_demo,v4-confirmation-771621/opentelemetry_demo/split/N/1/checkout,restore,storm_compact,3,1.466330991166705,1.7252997880859693
opentelemetry_demo,v4-confirmation-771621/opentelemetry_demo/split/N/2/add_to_cart,initial,ours_direct,3,0.911032417182087,1.1923475127920908
opentelemetry_demo,v4-confirmation-771621/opentelemetry_demo/split/N/2/add_to_cart,initial,ours_prepared,3,0.976485327630712,1.1368191651686363
opentelemetry_demo,v4-confirmation-771621/opentelemetry_demo/split/N/2/add_to_cart,initial,cudd_fixed,3,0.9200970653568188,0.9933209069171887
opentelemetry_demo,v4-confirmation-771621/opentelemetry_demo/split/N/2/add_to_cart,initial,cudd_sift,3,0.9275729222460275,0.9959232454037729
opentelemetry_demo,v4-confirmation-771621/opentelemetry_demo/split/N/2/add_to_cart,initial,agrum_conditioned,3,1.1741562072992586,1.2124104518988965
opentelemetry_demo,v4-confirmation-771621/opentelemetry_demo/split/N/2/add_to_cart,initial,agrum_joint,3,1.1385512118842847,1.1880006024567245
opentelemetry_demo,v4-confirmation-771621/opentelemetry_demo/split/N/2/add_to_cart,initial,storm_sparse,3,1.04367355105119,1.133676892334982
opentelemetry_demo,v4-confirmation-771621/opentelemetry_demo/split/N/2/add_to_cart,initial,storm_compact,3,1.0207973268349018,1.103561765642083
opentelemetry_demo,v4-confirmation-771621/opentelemetry_demo/split/N/2/add_to_cart,repeat,ours_direct,3,0.8777636089627875,1.2129729911610878
opentelemetry_demo,v4-confirmation-771621/opentelemetry_demo/split/N/2/add_to_cart,repeat,ours_prepared,3,0.6560267082899757,1.0472195990971984
opentelemetry_demo,v4-confirmation-771621/opentelemetry_demo/split/N/2/add_to_cart,repeat,cudd_fixed,3,0.719145321320517,1.1171438547486034
opentelemetry_demo,v4-confirmation-771621/opentelemetry_demo/split/N/2/add_to_cart,repeat,cudd_sift,3,0.7049142950681664,1.0990496829206902
opentelemetry_demo,v4-confirmation-771621/opentelemetry_demo/split/N/2/add_to_cart,repeat,agrum_conditioned,3,1.0674234086510357,1.1113056946121613
opentelemetry_demo,v4-confirmation-771621/opentelemetry_demo/split/N/2/add_to_cart,repeat,agrum_joint,3,0.8773478398664069,0.9952337249453653
opentelemetry_demo,v4-confirmation-771621/opentelemetry_demo/split/N/2/add_to_cart,repeat,storm_sparse,3,0.8582400897007638,1.1245496306278864
opentelemetry_demo,v4-confirmation-771621/opentelemetry_demo/split/N/2/add_to_cart,repeat,storm_compact,3,0.6390694289596232,0.9845303527939764
opentelemetry_demo,v4-confirmation-771621/opentelemetry_demo/split/N/2/add_to_cart,counts,ours_direct,3,0.9233986010399236,1.2535944651037574
opentelemetry_demo,v4-confirmation-771621/opentelemetry_demo/split/N/2/add_to_cart,counts,ours_prepared,3,0.6205541279344394,0.990209739193872
opentelemetry_demo,v4-confirmation-771621/opentelemetry_demo/split/N/2/add_to_cart,counts,cudd_fixed,3,0.6715389106895989,1.026813236401764
opentelemetry_demo,v4-confirmation-771621/opentelemetry_demo/split/N/2/add_to_cart,counts,cudd_sift,3,0.6675317360147701,1.0399732589501833
opentelemetry_demo,v4-confirmation-771621/opentelemetry_demo/split/N/2/add_to_cart,counts,agrum_conditioned,3,1.0390592211835126,1.0823940245610717
opentelemetry_demo,v4-confirmation-771621/opentelemetry_demo/split/N/2/add_to_cart,counts,agrum_joint,3,0.8866284074037676,0.9972502605075081
opentelemetry_demo,v4-confirmation-771621/opentelemetry_demo/split/N/2/add_to_cart,counts,storm_sparse,3,0.9178974407005374,1.1323144289928246
opentelemetry_demo,v4-confirmation-771621/opentelemetry_demo/split/N/2/add_to_cart,counts,storm_compact,3,0.6950357326730245,0.9740507622951702
opentelemetry_demo,v4-confirmation-771621/opentelemetry_demo/split/N/2/add_to_cart,masks,ours_direct,3,0.9376388659087149,1.2705970035622267
opentelemetry_demo,v4-confirmation-771621/opentelemetry_demo/split/N/2/add_to_cart,masks,ours_prepared,3,0.6288436475167047,1.0362335674908274
opentelemetry_demo,v4-confirmation-771621/opentelemetry_demo/split/N/2/add_to_cart,masks,cudd_fixed,3,0.6705464915093935,1.0450970762322687
opentelemetry_demo,v4-confirmation-771621/opentelemetry_demo/split/N/2/add_to_cart,masks,cudd_sift,3,0.6601243075205443,1.0233754076010129
opentelemetry_demo,v4-confirmation-771621/opentelemetry_demo/split/N/2/add_to_cart,masks,agrum_conditioned,3,1.1198307309415543,1.1583882755446626
opentelemetry_demo,v4-confirmation-771621/opentelemetry_demo/split/N/2/add_to_cart,masks,agrum_joint,3,1.1005249534436663,1.1614656050936707
opentelemetry_demo,v4-confirmation-771621/opentelemetry_demo/split/N/2/add_to_cart,masks,storm_sparse,3,1.0784762011161295,1.1700621624209138
opentelemetry_demo,v4-confirmation-771621/opentelemetry_demo/split/N/2/add_to_cart,masks,storm_compact,3,1.0541007478692608,1.1465938924400085
opentelemetry_demo,v4-confirmation-771621/opentelemetry_demo/split/N/2/add_to_cart,metadata,ours_direct,3,0.9346908041858123,1.2654961741503055
opentelemetry_demo,v4-confirmation-771621/opentelemetry_demo/split/N/2/add_to_cart,metadata,ours_prepared,3,0.6037795002468082,1.0321359581048941
opentelemetry_demo,v4-confirmation-771621/opentelemetry_demo/split/N/2/add_to_cart,metadata,cudd_fixed,3,0.6734203349277065,1.0846994149900853
opentelemetry_demo,v4-confirmation-771621/opentelemetry_demo/split/N/2/add_to_cart,metadata,cudd_sift,3,0.7177225530960957,1.143200536460393
opentelemetry_demo,v4-confirmation-771621/opentelemetry_demo/split/N/2/add_to_cart,metadata,agrum_conditioned,3,1.0512742075590604,1.099130629315891
opentelemetry_demo,v4-confirmation-771621/opentelemetry_demo/split/N/2/add_to_cart,metadata,agrum_joint,3,0.8571344221178092,1.0057274657640565
opentelemetry_demo,v4-confirmation-771621/opentelemetry_demo/split/N/2/add_to_cart,metadata,storm_sparse,3,0.9864235521468149,1.2308926050769118
opentelemetry_demo,v4-confirmation-771621/opentelemetry_demo/split/N/2/add_to_cart,metadata,storm_compact,3,0.6839172113138038,1.0129359556540563
opentelemetry_demo,v4-confirmation-771621/opentelemetry_demo/split/N/2/add_to_cart,structure,ours_direct,3,0.9127436618138742,1.2315870271382392
opentelemetry_demo,v4-confirmation-771621/opentelemetry_demo/split/N/2/add_to_cart,structure,ours_prepared,3,0.956816341107221,1.116804741548207
opentelemetry_demo,v4-confirmation-771621/opentelemetry_demo/split/N/2/add_to_cart,structure,cudd_fixed,3,0.7081090618638264,1.0987393719265557
opentelemetry_demo,v4-confirmation-771621/opentelemetry_demo/split/N/2/add_to_cart,structure,cudd_sift,3,0.8775797611590206,1.2047470861485656
opentelemetry_demo,v4-confirmation-771621/opentelemetry_demo/split/N/2/add_to_cart,structure,agrum_conditioned,3,1.1715729464480262,1.2075215696148425
opentelemetry_demo,v4-confirmation-771621/opentelemetry_demo/split/N/2/add_to_cart,structure,agrum_joint,3,1.1987902967997168,1.240892001937185
opentelemetry_demo,v4-confirmation-771621/opentelemetry_demo/split/N/2/add_to_cart,structure,storm_sparse,3,1.106254151700948,1.2388114267988442
opentelemetry_demo,v4-confirmation-771621/opentelemetry_demo/split/N/2/add_to_cart,structure,storm_compact,3,1.0409631638672485,1.1910845403269363
opentelemetry_demo,v4-confirmation-771621/opentelemetry_demo/split/N/2/add_to_cart,restore,ours_direct,3,0.8599798140026276,1.1620708469306869
opentelemetry_demo,v4-confirmation-771621/opentelemetry_demo/split/N/2/add_to_cart,restore,ours_prepared,3,0.9847036266735993,1.1611232721422478
opentelemetry_demo,v4-confirmation-771621/opentelemetry_demo/split/N/2/add_to_cart,restore,cudd_fixed,3,0.7035329509979579,1.0527787548364405
opentelemetry_demo,v4-confirmation-771621/opentelemetry_demo/split/N/2/add_to_cart,restore,cudd_sift,3,0.8590913034503185,1.1749005281275533
opentelemetry_demo,v4-confirmation-771621/opentelemetry_demo/split/N/2/add_to_cart,restore,agrum_conditioned,3,1.1947245764869932,1.2251201871699466
opentelemetry_demo,v4-confirmation-771621/opentelemetry_demo/split/N/2/add_to_cart,restore,agrum_joint,3,1.1732522695088687,1.212234971728083
opentelemetry_demo,v4-confirmation-771621/opentelemetry_demo/split/N/2/add_to_cart,restore,storm_sparse,3,1.0960520547744121,1.2494932062239754
opentelemetry_demo,v4-confirmation-771621/opentelemetry_demo/split/N/2/add_to_cart,restore,storm_compact,3,1.0720403123748319,1.2362742551245154
opentelemetry_demo,v4-confirmation-771621/opentelemetry_demo/split/N/2/browse_product,initial,ours_direct,3,0.9537372638339495,1.2109203695058637
opentelemetry_demo,v4-confirmation-771621/opentelemetry_demo/split/N/2/browse_product,initial,ours_prepared,3,0.9550410536558345,1.0803231570593466
opentelemetry_demo,v4-confirmation-771621/opentelemetry_demo/split/N/2/browse_product,initial,cudd_fixed,3,0.9338873749598009,0.9790620009724599
opentelemetry_demo,v4-confirmation-771621/opentelemetry_demo/split/N/2/browse_product,initial,cudd_sift,3,0.7259614007550282,0.7578267541492059
opentelemetry_demo,v4-confirmation-771621/opentelemetry_demo/split/N/2/browse_product,initial,agrum_conditioned,3,1.0728442454561882,1.1047858434419422
opentelemetry_demo,v4-confirmation-771621/opentelemetry_demo/split/N/2/browse_product,initial,agrum_joint,3,1.0901469353230633,1.1314965904822873
opentelemetry_demo,v4-confirmation-771621/opentelemetry_demo/split/N/2/browse_product,initial,storm_sparse,3,0.9777920164077346,1.0387195185573415
opentelemetry_demo,v4-confirmation-771621/opentelemetry_demo/split/N/2/browse_product,initial,storm_compact,3,0.9597755988216489,1.0285952190411816
opentelemetry_demo,v4-confirmation-771621/opentelemetry_demo/split/N/2/browse_product,repeat,ours_direct,3,0.9107117443898713,1.206645002370737
opentelemetry_demo,v4-confirmation-771621/opentelemetry_demo/split/N/2/browse_product,repeat,ours_prepared,3,0.6800407395574858,1.0276443896206882
opentelemetry_demo,v4-confirmation-771621/opentelemetry_demo/split/N/2/browse_product,repeat,cudd_fixed,3,0.9027603804221759,1.344280544580283
opentelemetry_demo,v4-confirmation-771621/opentelemetry_demo/split/N/2/browse_product,repeat,cudd_sift,3,0.8587398036546358,1.2818580356310045
opentelemetry_demo,v4-confirmation-771621/opentelemetry_demo/split/N/2/browse_product,repeat,agrum_conditioned,3,0.9752507730846021,1.0083700755499416
opentelemetry_demo,v4-confirmation-771621/opentelemetry_demo/split/N/2/browse_product,repeat,agrum_joint,3,0.9001428650945321,0.9957816793017831
opentelemetry_demo,v4-confirmation-771621/opentelemetry_demo/split/N/2/browse_product,repeat,storm_sparse,3,0.8852163437023661,1.101067848646218
opentelemetry_demo,v4-confirmation-771621/opentelemetry_demo/split/N/2/browse_product,repeat,storm_compact,3,0.6648900398486354,0.9558274586683839
opentelemetry_demo,v4-confirmation-771621/opentelemetry_demo/split/N/2/browse_product,counts,ours_direct,3,0.9243104207101062,1.2195225977735287
opentelemetry_demo,v4-confirmation-771621/opentelemetry_demo/split/N/2/browse_product,counts,ours_prepared,3,0.6802969885265553,1.026801776583436
opentelemetry_demo,v4-confirmation-771621/opentelemetry_demo/split/N/2/browse_product,counts,cudd_fixed,3,0.712800659818272,1.0274810793648603
opentelemetry_demo,v4-confirmation-771621/opentelemetry_demo/split/N/2/browse_product,counts,cudd_sift,3,0.6985485342374358,1.0014155513588965
opentelemetry_demo,v4-confirmation-771621/opentelemetry_demo/split/N/2/browse_product,counts,agrum_conditioned,3,0.9733461120033156,1.005362677317899
opentelemetry_demo,v4-confirmation-771621/opentelemetry_demo/split/N/2/browse_product,counts,agrum_joint,3,0.9098112191912656,0.9997896114475331
opentelemetry_demo,v4-confirmation-771621/opentelemetry_demo/split/N/2/browse_product,counts,storm_sparse,3,0.8973926446237611,1.0686822397772036
opentelemetry_demo,v4-confirmation-771621/opentelemetry_demo/split/N/2/browse_product,counts,storm_compact,3,0.7618457909479581,0.981831006263119
opentelemetry_demo,v4-confirmation-771621/opentelemetry_demo/split/N/2/browse_product,masks,ours_direct,3,0.9409211543899456,1.212588079423636
opentelemetry_demo,v4-confirmation-771621/opentelemetry_demo/split/N/2/browse_product,masks,ours_prepared,3,0.653141122989185,0.9857286136583011
opentelemetry_demo,v4-confirmation-771621/opentelemetry_demo/split/N/2/browse_product,masks,cudd_fixed,3,0.7027730387103249,1.0388277052241957
opentelemetry_demo,v4-confirmation-771621/opentelemetry_demo/split/N/2/browse_product,masks,cudd_sift,3,0.7250659367055192,1.0682501745999993
opentelemetry_demo,v4-confirmation-771621/opentelemetry_demo/split/N/2/browse_product,masks,agrum_conditioned,3,1.0669751074419744,1.0960488500934529
opentelemetry_demo,v4-confirmation-771621/opentelemetry_demo/split/N/2/browse_product,masks,agrum_joint,3,1.044473016315716,1.0864647844495408
opentelemetry_demo,v4-confirmation-771621/opentelemetry_demo/split/N/2/browse_product,masks,storm_sparse,3,1.0171727132200454,1.0904452869232195
opentelemetry_demo,v4-confirmation-771621/opentelemetry_demo/split/N/2/browse_product,masks,storm_compact,3,0.9635092964681562,1.0354159286027946
opentelemetry_demo,v4-confirmation-771621/opentelemetry_demo/split/N/2/browse_product,metadata,ours_direct,3,0.920508455981356,1.1955300020094248
opentelemetry_demo,v4-confirmation-771621/opentelemetry_demo/split/N/2/browse_product,metadata,ours_prepared,3,0.6734997135491263,1.022068456141033
opentelemetry_demo,v4-confirmation-771621/opentelemetry_demo/split/N/2/browse_product,metadata,cudd_fixed,3,0.6987850868875323,1.0306527815217854
opentelemetry_demo,v4-confirmation-771621/opentelemetry_demo/split/N/2/browse_product,metadata,cudd_sift,3,0.6980486936645777,1.025330586200481
opentelemetry_demo,v4-confirmation-771621/opentelemetry_demo/split/N/2/browse_product,metadata,agrum_conditioned,3,1.0051573382213415,1.0408234541585055
opentelemetry_demo,v4-confirmation-771621/opentelemetry_demo/split/N/2/browse_product,metadata,agrum_joint,3,0.9065510005420143,1.0065927082053545
opentelemetry_demo,v4-confirmation-771621/opentelemetry_demo/split/N/2/browse_product,metadata,storm_sparse,3,0.9024778810421881,1.0846150943343484
opentelemetry_demo,v4-confirmation-771621/opentelemetry_demo/split/N/2/browse_product,metadata,storm_compact,3,0.7882999996627853,1.2058278905081778
opentelemetry_demo,v4-confirmation-771621/opentelemetry_demo/split/N/2/browse_product,structure,ours_direct,3,0.9328719630501999,1.2117336501884592
opentelemetry_demo,v4-confirmation-771621/opentelemetry_demo/split/N/2/browse_product,structure,ours_prepared,3,0.9908027586540546,1.1195145317240902
opentelemetry_demo,v4-confirmation-771621/opentelemetry_demo/split/N/2/browse_product,structure,cudd_fixed,3,0.7240596831363311,1.024654977653357
opentelemetry_demo,v4-confirmation-771621/opentelemetry_demo/split/N/2/browse_product,structure,cudd_sift,3,0.908937708079962,1.1716106103003308
opentelemetry_demo,v4-confirmation-771621/opentelemetry_demo/split/N/2/browse_product,structure,agrum_conditioned,3,1.0965289477841904,1.1179037409759534
opentelemetry_demo,v4-confirmation-771621/opentelemetry_demo/split/N/2/browse_product,structure,agrum_joint,3,1.1107670793998148,1.1468712565796184
opentelemetry_demo,v4-confirmation-771621/opentelemetry_demo/split/N/2/browse_product,structure,storm_sparse,3,0.9996144945019724,1.1001815875503465
opentelemetry_demo,v4-confirmation-771621/opentelemetry_demo/split/N/2/browse_product,structure,storm_compact,3,0.9695641464739155,1.0861378490644242
opentelemetry_demo,v4-confirmation-771621/opentelemetry_demo/split/N/2/browse_product,restore,ours_direct,3,0.8921215831993591,1.2018803858713711
opentelemetry_demo,v4-confirmation-771621/opentelemetry_demo/split/N/2/browse_product,restore,ours_prepared,3,0.9306766154761305,1.0480637273077666
opentelemetry_demo,v4-confirmation-771621/opentelemetry_demo/split/N/2/browse_product,restore,cudd_fixed,3,0.717764607864463,1.111871986815918
opentelemetry_demo,v4-confirmation-771621/opentelemetry_demo/split/N/2/browse_product,restore,cudd_sift,3,0.8581920546250615,1.152501932249914
opentelemetry_demo,v4-confirmation-771621/opentelemetry_demo/split/N/2/browse_product,restore,agrum_conditioned,3,1.100852938653977,1.124009584022939
opentelemetry_demo,v4-confirmation-771621/opentelemetry_demo/split/N/2/browse_product,restore,agrum_joint,3,1.1095418956465943,1.1394903367549947
opentelemetry_demo,v4-confirmation-771621/opentelemetry_demo/split/N/2/browse_product,restore,storm_sparse,3,0.9971887374631934,1.1161983091278198
opentelemetry_demo,v4-confirmation-771621/opentelemetry_demo/split/N/2/browse_product,restore,storm_compact,3,0.9565704435241641,1.0646166647144122
opentelemetry_demo,v4-confirmation-771621/opentelemetry_demo/split/N/2/checkout,initial,ours_direct,3,1.1323556338228749,1.3919052517401067
opentelemetry_demo,v4-confirmation-771621/opentelemetry_demo/split/N/2/checkout,initial,ours_prepared,3,0.9818503681855529,1.2324348775975693
opentelemetry_demo,v4-confirmation-771621/opentelemetry_demo/split/N/2/checkout,initial,cudd_fixed,3,0.9198897424364967,1.0370493869055635
opentelemetry_demo,v4-confirmation-771621/opentelemetry_demo/split/N/2/checkout,initial,cudd_sift,3,0.9446327889017145,1.0613031907231911
opentelemetry_demo,v4-confirmation-771621/opentelemetry_demo/split/N/2/checkout,initial,agrum_conditioned,3,1.4636860334348538,1.5012497375863063
opentelemetry_demo,v4-confirmation-771621/opentelemetry_demo/split/N/2/checkout,initial,agrum_joint,3,1.4369100783606088,1.5004980902429785
opentelemetry_demo,v4-confirmation-771621/opentelemetry_demo/split/N/2/checkout,initial,storm_sparse,3,1.508457057796633,1.6618670316026254
opentelemetry_demo,v4-confirmation-771621/opentelemetry_demo/split/N/2/checkout,initial,storm_compact,3,1.4552431235193455,1.6215693186826408
opentelemetry_demo,v4-confirmation-771621/opentelemetry_demo/split/N/2/checkout,repeat,ours_direct,3,1.176247198918967,1.445127396514192
opentelemetry_demo,v4-confirmation-771621/opentelemetry_demo/split/N/2/checkout,repeat,ours_prepared,3,0.6800735083458299,1.0559145172739384
opentelemetry_demo,v4-confirmation-771621/opentelemetry_demo/split/N/2/checkout,repeat,cudd_fixed,3,0.7664469280154029,1.161988001250684
opentelemetry_demo,v4-confirmation-771621/opentelemetry_demo/split/N/2/checkout,repeat,cudd_sift,3,0.7812006805601533,1.1770968032607512
opentelemetry_demo,v4-confirmation-771621/opentelemetry_demo/split/N/2/checkout,repeat,agrum_conditioned,3,1.2682390360887112,1.3083577371004698
opentelemetry_demo,v4-confirmation-771621/opentelemetry_demo/split/N/2/checkout,repeat,agrum_joint,3,0.9077061543448959,1.000727748801446
opentelemetry_demo,v4-confirmation-771621/opentelemetry_demo/split/N/2/checkout,repeat,storm_sparse,3,1.4484731421664312,1.8327474457546682
opentelemetry_demo,v4-confirmation-771621/opentelemetry_demo/split/N/2/checkout,repeat,storm_compact,3,0.6328203313291721,1.1680194933624468
opentelemetry_demo,v4-confirmation-771621/opentelemetry_demo/split/N/2/checkout,counts,ours_direct,3,1.1655386918398125,1.4395233689063591
opentelemetry_demo,v4-confirmation-771621/opentelemetry_demo/split/N/2/checkout,counts,ours_prepared,3,0.6429296652125069,1.024546123842792
opentelemetry_demo,v4-confirmation-771621/opentelemetry_demo/split/N/2/checkout,counts,cudd_fixed,3,0.746795532804612,1.130704962751838
opentelemetry_demo,v4-confirmation-771621/opentelemetry_demo/split/N/2/checkout,counts,cudd_sift,3,0.7691972094251944,1.147221300716851
opentelemetry_demo,v4-confirmation-771621/opentelemetry_demo/split/N/2/checkout,counts,agrum_conditioned,3,1.266607657427984,1.308946141942366
opentelemetry_demo,v4-confirmation-771621/opentelemetry_demo/split/N/2/checkout,counts,agrum_joint,3,0.9098107910329783,1.000273623241424
opentelemetry_demo,v4-confirmation-771621/opentelemetry_demo/split/N/2/checkout,counts,storm_sparse,3,1.4152571107816423,1.7699593204873567
opentelemetry_demo,v4-confirmation-771621/opentelemetry_demo/split/N/2/checkout,counts,storm_compact,3,0.7152189143763635,1.1303613028316766
opentelemetry_demo,v4-confirmation-771621/opentelemetry_demo/split/N/2/checkout,masks,ours_direct,3,1.1965863615551968,1.462222025684032
opentelemetry_demo,v4-confirmation-771621/opentelemetry_demo/split/N/2/checkout,masks,ours_prepared,3,0.6366932964287302,1.0053530064698801
opentelemetry_demo,v4-confirmation-771621/opentelemetry_demo/split/N/2/checkout,masks,cudd_fixed,3,0.7340831873561028,1.1314620637106936
opentelemetry_demo,v4-confirmation-771621/opentelemetry_demo/split/N/2/checkout,masks,cudd_sift,3,0.7419858824532645,1.169535264358099
opentelemetry_demo,v4-confirmation-771621/opentelemetry_demo/split/N/2/checkout,masks,agrum_conditioned,3,1.434907746445982,1.4766395026240298
opentelemetry_demo,v4-confirmation-771621/opentelemetry_demo/split/N/2/checkout,masks,agrum_joint,3,1.3799206380264784,1.4643485086960104
opentelemetry_demo,v4-confirmation-771621/opentelemetry_demo/split/N/2/checkout,masks,storm_sparse,3,1.6491009009592388,1.8015660977624663
opentelemetry_demo,v4-confirmation-771621/opentelemetry_demo/split/N/2/checkout,masks,storm_compact,3,1.2638052382076757,1.3961367816195749
opentelemetry_demo,v4-confirmation-771621/opentelemetry_demo/split/N/2/checkout,metadata,ours_direct,3,1.1880186985535721,1.4539636770368338
opentelemetry_demo,v4-confirmation-771621/opentelemetry_demo/split/N/2/checkout,metadata,ours_prepared,3,0.6407398265192557,1.0342511199421451
opentelemetry_demo,v4-confirmation-771621/opentelemetry_demo/split/N/2/checkout,metadata,cudd_fixed,3,0.7597038526166584,1.17266346204321
opentelemetry_demo,v4-confirmation-771621/opentelemetry_demo/split/N/2/checkout,metadata,cudd_sift,3,0.769324470233469,1.188044920129146
opentelemetry_demo,v4-confirmation-771621/opentelemetry_demo/split/N/2/checkout,metadata,agrum_conditioned,3,1.2526239485979431,1.299774256783288
opentelemetry_demo,v4-confirmation-771621/opentelemetry_demo/split/N/2/checkout,metadata,agrum_joint,3,0.8939927146314263,0.9912656563888155
opentelemetry_demo,v4-confirmation-771621/opentelemetry_demo/split/N/2/checkout,metadata,storm_sparse,3,1.5166140802369033,1.876748472751384
opentelemetry_demo,v4-confirmation-771621/opentelemetry_demo/split/N/2/checkout,metadata,storm_compact,3,0.713925195400817,1.2625980201443825
opentelemetry_demo,v4-confirmation-771621/opentelemetry_demo/split/N/2/checkout,structure,ours_direct,3,0.8995299064771747,1.424763521669878
opentelemetry_demo,v4-confirmation-771621/opentelemetry_demo/split/N/2/checkout,structure,ours_prepared,3,0.7699337579867125,1.261127175584878
opentelemetry_demo,v4-confirmation-771621/opentelemetry_demo/split/N/2/checkout,structure,cudd_fixed,3,0.7723896254125225,1.1556358360241248
opentelemetry_demo,v4-confirmation-771621/opentelemetry_demo/split/N/2/checkout,structure,cudd_sift,3,0.912791285481632,1.2931400378742406
opentelemetry_demo,v4-confirmation-771621/opentelemetry_demo/split/N/2/checkout,structure,agrum_conditioned,3,1.4638197578815504,1.4997313482819445
opentelemetry_demo,v4-confirmation-771621/opentelemetry_demo/split/N/2/checkout,structure,agrum_joint,3,1.4747981850018819,1.5430821577480611
opentelemetry_demo,v4-confirmation-771621/opentelemetry_demo/split/N/2/checkout,structure,storm_sparse,3,1.4816747836805724,1.6326354196863444
opentelemetry_demo,v4-confirmation-771621/opentelemetry_demo/split/N/2/checkout,structure,storm_compact,3,1.471047442143708,1.7348939129666836
opentelemetry_demo,v4-confirmation-771621/opentelemetry_demo/split/N/2/checkout,restore,ours_direct,3,1.1573749032060692,1.4536514187084424
opentelemetry_demo,v4-confirmation-771621/opentelemetry_demo/split/N/2/checkout,restore,ours_prepared,3,1.3119637210952169,1.677900543841784
opentelemetry_demo,v4-confirmation-771621/opentelemetry_demo/split/N/2/checkout,restore,cudd_fixed,3,0.7487519128232422,1.1639514042857093
opentelemetry_demo,v4-confirmation-771621/opentelemetry_demo/split/N/2/checkout,restore,cudd_sift,3,0.8440890359206314,1.23403164546671
opentelemetry_demo,v4-confirmation-771621/opentelemetry_demo/split/N/2/checkout,restore,agrum_conditioned,3,1.4522503283903088,1.4932201726833312
opentelemetry_demo,v4-confirmation-771621/opentelemetry_demo/split/N/2/checkout,restore,agrum_joint,3,1.4733015968946521,1.5517663967151472
opentelemetry_demo,v4-confirmation-771621/opentelemetry_demo/split/N/2/checkout,restore,storm_sparse,3,1.6572937955682743,1.8704759305384273
opentelemetry_demo,v4-confirmation-771621/opentelemetry_demo/split/N/2/checkout,restore,storm_compact,3,1.4746172245588185,1.7161277369623258
opentelemetry_demo,v4-confirmation-771621/opentelemetry_demo/split/NC/0/add_to_cart,initial,ours_direct,3,1.0425012341368831,1.452062304872017
opentelemetry_demo,v4-confirmation-771621/opentelemetry_demo/split/NC/0/add_to_cart,initial,ours_prepared,3,0.95075128584325,1.1671244507554015
opentelemetry_demo,v4-confirmation-771621/opentelemetry_demo/split/NC/0/add_to_cart,initial,cudd_fixed,3,0.9763247679161082,1.0808106496128964
opentelemetry_demo,v4-confirmation-771621/opentelemetry_demo/split/NC/0/add_to_cart,initial,cudd_sift,3,0.942975729395561,1.0462327027853733
opentelemetry_demo,v4-confirmation-771621/opentelemetry_demo/split/NC/0/add_to_cart,initial,agrum_conditioned,3,1.2772751465000995,1.3137094087019836
opentelemetry_demo,v4-confirmation-771621/opentelemetry_demo/split/NC/0/add_to_cart,initial,agrum_joint,3,1.2313764267630487,1.282224010003295
opentelemetry_demo,v4-confirmation-771621/opentelemetry_demo/split/NC/0/add_to_cart,initial,storm_sparse,3,1.172020662966917,1.2974620884792467
opentelemetry_demo,v4-confirmation-771621/opentelemetry_demo/split/NC/0/add_to_cart,initial,storm_compact,3,1.0969069111793108,1.2232862729759855
opentelemetry_demo,v4-confirmation-771621/opentelemetry_demo/split/NC/0/add_to_cart,repeat,ours_direct,3,1.0838092102219108,1.5344416125155946
opentelemetry_demo,v4-confirmation-771621/opentelemetry_demo/split/NC/0/add_to_cart,repeat,ours_prepared,3,0.6714608428194053,1.1619096407786682
opentelemetry_demo,v4-confirmation-771621/opentelemetry_demo/split/NC/0/add_to_cart,repeat,cudd_fixed,3,0.7297959001980904,1.1892019601786843
opentelemetry_demo,v4-confirmation-771621/opentelemetry_demo/split/NC/0/add_to_cart,repeat,cudd_sift,3,0.7267945008200766,1.193878433485674
opentelemetry_demo,v4-confirmation-771621/opentelemetry_demo/split/NC/0/add_to_cart,repeat,agrum_conditioned,3,1.21602028791695,1.266485414616783
opentelemetry_demo,v4-confirmation-771621/opentelemetry_demo/split/NC/0/add_to_cart,repeat,agrum_joint,3,0.9978689842706213,1.1375910742528124
opentelemetry_demo,v4-confirmation-771621/opentelemetry_demo/split/NC/0/add_to_cart,repeat,storm_sparse,3,1.0064436595982849,1.378120991516079
opentelemetry_demo,v4-confirmation-771621/opentelemetry_demo/split/NC/0/add_to_cart,repeat,storm_compact,3,0.6564453615317263,1.1319485567243404
opentelemetry_demo,v4-confirmation-771621/opentelemetry_demo/split/NC/0/add_to_cart,counts,ours_direct,3,1.0337270314575173,1.4548229719732937
opentelemetry_demo,v4-confirmation-771621/opentelemetry_demo/split/NC/0/add_to_cart,counts,ours_prepared,3,0.6587637360396152,1.1192505595034354
opentelemetry_demo,v4-confirmation-771621/opentelemetry_demo/split/NC/0/add_to_cart,counts,cudd_fixed,3,0.7327813008954618,1.1897880258663829
opentelemetry_demo,v4-confirmation-771621/opentelemetry_demo/split/NC/0/add_to_cart,counts,cudd_sift,3,0.7388461560424625,1.1986477429065296
opentelemetry_demo,v4-confirmation-771621/opentelemetry_demo/split/NC/0/add_to_cart,counts,agrum_conditioned,3,1.176912878762536,1.2347289263979124
opentelemetry_demo,v4-confirmation-771621/opentelemetry_demo/split/NC/0/add_to_cart,counts,agrum_joint,3,1.0096012225043742,1.1474244649865761
opentelemetry_demo,v4-confirmation-771621/opentelemetry_demo/split/NC/0/add_to_cart,counts,storm_sparse,3,1.0150318041810196,1.320591038756809
opentelemetry_demo,v4-confirmation-771621/opentelemetry_demo/split/NC/0/add_to_cart,counts,storm_compact,3,0.6394384935988814,0.9840067428974603
opentelemetry_demo,v4-confirmation-771621/opentelemetry_demo/split/NC/0/add_to_cart,masks,ours_direct,3,1.0487344625558448,1.4708634186511111
opentelemetry_demo,v4-confirmation-771621/opentelemetry_demo/split/NC/0/add_to_cart,masks,ours_prepared,3,0.592924539318495,1.0944063585078228
opentelemetry_demo,v4-confirmation-771621/opentelemetry_demo/split/NC/0/add_to_cart,masks,cudd_fixed,3,0.7302186878727635,1.1778253793898787
opentelemetry_demo,v4-confirmation-771621/opentelemetry_demo/split/NC/0/add_to_cart,masks,cudd_sift,3,0.7172452570857369,1.2074134890226844
opentelemetry_demo,v4-confirmation-771621/opentelemetry_demo/split/NC/0/add_to_cart,masks,agrum_conditioned,3,1.2911539446191205,1.3378201977469748
opentelemetry_demo,v4-confirmation-771621/opentelemetry_demo/split/NC/0/add_to_cart,masks,agrum_joint,3,1.2580944024729412,1.340633153287347
opentelemetry_demo,v4-confirmation-771621/opentelemetry_demo/split/NC/0/add_to_cart,masks,storm_sparse,3,1.2439751957322158,1.3866969614149878
opentelemetry_demo,v4-confirmation-771621/opentelemetry_demo/split/NC/0/add_to_cart,masks,storm_compact,3,1.1187964291877286,1.2627478316070768
opentelemetry_demo,v4-confirmation-771621/opentelemetry_demo/split/NC/0/add_to_cart,metadata,ours_direct,3,1.02196337600418,1.4763367763383988
opentelemetry_demo,v4-confirmation-771621/opentelemetry_demo/split/NC/0/add_to_cart,metadata,ours_prepared,3,0.6254638500157649,1.070520396368784
opentelemetry_demo,v4-confirmation-771621/opentelemetry_demo/split/NC/0/add_to_cart,metadata,cudd_fixed,3,0.7240394281758336,1.1817536549842371
opentelemetry_demo,v4-confirmation-771621/opentelemetry_demo/split/NC/0/add_to_cart,metadata,cudd_sift,3,0.6897165749519512,1.2153062835491002
opentelemetry_demo,v4-confirmation-771621/opentelemetry_demo/split/NC/0/add_to_cart,metadata,agrum_conditioned,3,1.2081163696876482,1.2622360659976406
opentelemetry_demo,v4-confirmation-771621/opentelemetry_demo/split/NC/0/add_to_cart,metadata,agrum_joint,3,1.0183027285034654,1.1682242653519452
opentelemetry_demo,v4-confirmation-771621/opentelemetry_demo/split/NC/0/add_to_cart,metadata,storm_sparse,3,1.0953518468314092,1.4298723697058702
opentelemetry_demo,v4-confirmation-771621/opentelemetry_demo/split/NC/0/add_to_cart,metadata,storm_compact,3,0.5811770649862814,0.9783122151170771
opentelemetry_demo,v4-confirmation-771621/opentelemetry_demo/split/NC/0/add_to_cart,structure,ours_direct,3,1.0927476587630938,1.5271533303726785
opentelemetry_demo,v4-confirmation-771621/opentelemetry_demo/split/NC/0/add_to_cart,structure,ours_prepared,3,0.9788915234514298,1.2147499096079617
opentelemetry_demo,v4-confirmation-771621/opentelemetry_demo/split/NC/0/add_to_cart,structure,cudd_fixed,3,0.7110565738615385,1.1752472498130941
opentelemetry_demo,v4-confirmation-771621/opentelemetry_demo/split/NC/0/add_to_cart,structure,cudd_sift,3,0.813233156265849,1.2717207881625396
opentelemetry_demo,v4-confirmation-771621/opentelemetry_demo/split/NC/0/add_to_cart,structure,agrum_conditioned,3,1.3050359212572558,1.3435749146631002
opentelemetry_demo,v4-confirmation-771621/opentelemetry_demo/split/NC/0/add_to_cart,structure,agrum_joint,3,1.2414011401190015,1.2999278304842894
opentelemetry_demo,v4-confirmation-771621/opentelemetry_demo/split/NC/0/add_to_cart,structure,storm_sparse,3,1.2839050311019746,1.4937220978207457
opentelemetry_demo,v4-confirmation-771621/opentelemetry_demo/split/NC/0/add_to_cart,structure,storm_compact,3,1.4909098435529407,1.7641830512814818
opentelemetry_demo,v4-confirmation-771621/opentelemetry_demo/split/NC/0/add_to_cart,restore,ours_direct,3,1.062556454579303,1.5339737205119415
opentelemetry_demo,v4-confirmation-771621/opentelemetry_demo/split/NC/0/add_to_cart,restore,ours_prepared,3,0.9336354770643829,1.1618859715687762
opentelemetry_demo,v4-confirmation-771621/opentelemetry_demo/split/NC/0/add_to_cart,restore,cudd_fixed,3,0.7205064745537513,1.1608160361511657
opentelemetry_demo,v4-confirmation-771621/opentelemetry_demo/split/NC/0/add_to_cart,restore,cudd_sift,3,0.8502355394677774,1.2585536580223486
opentelemetry_demo,v4-confirmation-771621/opentelemetry_demo/split/NC/0/add_to_cart,restore,agrum_conditioned,3,1.3078223940076525,1.3524235217847134
opentelemetry_demo,v4-confirmation-771621/opentelemetry_demo/split/NC/0/add_to_cart,restore,agrum_joint,3,1.2685440863912556,1.339905087260979
opentelemetry_demo,v4-confirmation-771621/opentelemetry_demo/split/NC/0/add_to_cart,restore,storm_sparse,3,1.2681671454607235,1.4957676175725056
opentelemetry_demo,v4-confirmation-771621/opentelemetry_demo/split/NC/0/add_to_cart,restore,storm_compact,3,0.8890685676041421,1.019986811563621
opentelemetry_demo,v4-confirmation-771621/opentelemetry_demo/split/NC/0/browse_product,initial,ours_direct,3,1.1662316593928577,1.6188273996283822
opentelemetry_demo,v4-confirmation-771621/opentelemetry_demo/split/NC/0/browse_product,initial,ours_prepared,3,0.9720262329327888,1.1678355842371957
opentelemetry_demo,v4-confirmation-771621/opentelemetry_demo/split/NC/0/browse_product,initial,cudd_fixed,3,1.019704199578752,1.1238098872554647
opentelemetry_demo,v4-confirmation-771621/opentelemetry_demo/split/NC/0/browse_product,initial,cudd_sift,3,1.2176000247584406,1.3654530178104831
opentelemetry_demo,v4-confirmation-771621/opentelemetry_demo/split/NC/0/browse_product,initial,agrum_conditioned,3,1.2970145895294316,1.332511049272818
opentelemetry_demo,v4-confirmation-771621/opentelemetry_demo/split/NC/0/browse_product,initial,agrum_joint,3,1.229499947002327,1.2751701841198282
opentelemetry_demo,v4-confirmation-771621/opentelemetry_demo/split/NC/0/browse_product,initial,storm_sparse,3,1.1425579817387697,1.2525350350051372
opentelemetry_demo,v4-confirmation-771621/opentelemetry_demo/split/NC/0/browse_product,initial,storm_compact,3,1.1123612845921114,1.2288675006472232
opentelemetry_demo,v4-confirmation-771621/opentelemetry_demo/split/NC/0/browse_product,repeat,ours_direct,3,1.2108543194134525,1.6948200630010866
opentelemetry_demo,v4-confirmation-771621/opentelemetry_demo/split/NC/0/browse_product,repeat,ours_prepared,3,0.7917341467372765,1.2880656641904522
opentelemetry_demo,v4-confirmation-771621/opentelemetry_demo/split/NC/0/browse_product,repeat,cudd_fixed,3,0.8248267871354338,1.2925413708037856
opentelemetry_demo,v4-confirmation-771621/opentelemetry_demo/split/NC/0/browse_product,repeat,cudd_sift,3,0.8395555209477913,1.2873267744265442
opentelemetry_demo,v4-confirmation-771621/opentelemetry_demo/split/NC/0/browse_product,repeat,agrum_conditioned,3,1.310068514544365,1.3613937111377243
opentelemetry_demo,v4-confirmation-771621/opentelemetry_demo/split/NC/0/browse_product,repeat,agrum_joint,3,1.1447351408616742,1.2854506586202312
opentelemetry_demo,v4-confirmation-771621/opentelemetry_demo/split/NC/0/browse_product,repeat,storm_sparse,3,0.9988510875982114,1.337396174867288
opentelemetry_demo,v4-confirmation-771621/opentelemetry_demo/split/NC/0/browse_product,repeat,storm_compact,3,0.5892280415461555,0.9662021140510335
opentelemetry_demo,v4-confirmation-771621/opentelemetry_demo/split/NC/0/browse_product,counts,ours_direct,3,1.1853470424377424,1.6768818455166583
opentelemetry_demo,v4-confirmation-771621/opentelemetry_demo/split/NC/0/browse_product,counts,ours_prepared,3,0.7631721506465365,1.2359534510609773
opentelemetry_demo,v4-confirmation-771621/opentelemetry_demo/split/NC/0/browse_product,counts,cudd_fixed,3,0.829756710926948,1.354263114865102
opentelemetry_demo,v4-confirmation-771621/opentelemetry_demo/split/NC/0/browse_product,counts,cudd_sift,3,0.8463981565124545,1.30944322578823
opentelemetry_demo,v4-confirmation-771621/opentelemetry_demo/split/NC/0/browse_product,counts,agrum_conditioned,3,1.3243202282250155,1.3747326264705544
opentelemetry_demo,v4-confirmation-771621/opentelemetry_demo/split/NC/0/browse_product,counts,agrum_joint,3,1.145799376484721,1.2772519295860134
opentelemetry_demo,v4-confirmation-771621/opentelemetry_demo/split/NC/0/browse_product,counts,storm_sparse,3,1.0141019116851315,1.2907879850867396
opentelemetry_demo,v4-confirmation-771621/opentelemetry_demo/split/NC/0/browse_product,counts,storm_compact,3,0.6587960337984539,0.9503371744938359
opentelemetry_demo,v4-confirmation-771621/opentelemetry_demo/split/NC/0/browse_product,masks,ours_direct,3,1.2007491630315865,1.6665156077053112
opentelemetry_demo,v4-confirmation-771621/opentelemetry_demo/split/NC/0/browse_product,masks,ours_prepared,3,0.7465384647852844,1.2516065385844823
opentelemetry_demo,v4-confirmation-771621/opentelemetry_demo/split/NC/0/browse_product,masks,cudd_fixed,3,0.8499474341081935,1.3735399641219852
opentelemetry_demo,v4-confirmation-771621/opentelemetry_demo/split/NC/0/browse_product,masks,cudd_sift,3,0.8389838048804028,1.3409255961440285
opentelemetry_demo,v4-confirmation-771621/opentelemetry_demo/split/NC/0/browse_product,masks,agrum_conditioned,3,1.3796628850722796,1.4303039928676389
opentelemetry_demo,v4-confirmation-771621/opentelemetry_demo/split/NC/0/browse_product,masks,agrum_joint,3,1.2945226561246779,1.3710618097636849
opentelemetry_demo,v4-confirmation-771621/opentelemetry_demo/split/NC/0/browse_product,masks,storm_sparse,3,1.2360025339136078,1.3629884508286838
opentelemetry_demo,v4-confirmation-771621/opentelemetry_demo/split/NC/0/browse_product,masks,storm_compact,3,1.1020285221488368,1.223771136030384
opentelemetry_demo,v4-confirmation-771621/opentelemetry_demo/split/NC/0/browse_product,metadata,ours_direct,3,1.152173888295008,1.6533505512737734
opentelemetry_demo,v4-confirmation-771621/opentelemetry_demo/split/NC/0/browse_product,metadata,ours_prepared,3,0.6949803359653669,1.2073207591191333
opentelemetry_demo,v4-confirmation-771621/opentelemetry_demo/split/NC/0/browse_product,metadata,cudd_fixed,3,0.872119214284004,1.395248661720871
opentelemetry_demo,v4-confirmation-771621/opentelemetry_demo/split/NC/0/browse_product,metadata,cudd_sift,3,0.7686478826872016,1.2560317904466187
opentelemetry_demo,v4-confirmation-771621/opentelemetry_demo/split/NC/0/browse_product,metadata,agrum_conditioned,3,1.3476890557855146,1.4042059680375867
opentelemetry_demo,v4-confirmation-771621/opentelemetry_demo/split/NC/0/browse_product,metadata,agrum_joint,3,1.1580935304130235,1.3067932226706513
opentelemetry_demo,v4-confirmation-771621/opentelemetry_demo/split/NC/0/browse_product,metadata,storm_sparse,3,1.0204616639579558,1.3169488916609808
opentelemetry_demo,v4-confirmation-771621/opentelemetry_demo/split/NC/0/browse_product,metadata,storm_compact,3,0.6139953213755035,0.9662498777774333
opentelemetry_demo,v4-confirmation-771621/opentelemetry_demo/split/NC/0/browse_product,structure,ours_direct,3,1.243710059333888,1.7122115899146968
opentelemetry_demo,v4-confirmation-771621/opentelemetry_demo/split/NC/0/browse_product,structure,ours_prepared,3,0.9944188374420933,1.2185398398168112
opentelemetry_demo,v4-confirmation-771621/opentelemetry_demo/split/NC/0/browse_product,structure,cudd_fixed,3,0.8506843549065997,1.3088997628249979
opentelemetry_demo,v4-confirmation-771621/opentelemetry_demo/split/NC/0/browse_product,structure,cudd_sift,3,0.9546517634229632,1.3554406803271168
opentelemetry_demo,v4-confirmation-771621/opentelemetry_demo/split/NC/0/browse_product,structure,agrum_conditioned,3,1.3350075355021527,1.3709402369849224
opentelemetry_demo,v4-confirmation-771621/opentelemetry_demo/split/NC/0/browse_product,structure,agrum_joint,3,1.2409939208900311,1.2874589688753144
opentelemetry_demo,v4-confirmation-771621/opentelemetry_demo/split/NC/0/browse_product,structure,storm_sparse,3,1.259992583948611,1.4260235890402657
opentelemetry_demo,v4-confirmation-771621/opentelemetry_demo/split/NC/0/browse_product,structure,storm_compact,3,1.1599995620002985,1.3628302186095742
opentelemetry_demo,v4-confirmation-771621/opentelemetry_demo/split/NC/0/browse_product,restore,ours_direct,3,1.2119324210694908,1.7225750993523632
opentelemetry_demo,v4-confirmation-771621/opentelemetry_demo/split/NC/0/browse_product,restore,ours_prepared,3,0.9619110138478096,1.1795265427626906
opentelemetry_demo,v4-confirmation-771621/opentelemetry_demo/split/NC/0/browse_product,restore,cudd_fixed,3,0.802868955507046,1.3087915110657324
opentelemetry_demo,v4-confirmation-771621/opentelemetry_demo/split/NC/0/browse_product,restore,cudd_sift,3,0.8980259535259352,1.344188236426216
opentelemetry_demo,v4-confirmation-771621/opentelemetry_demo/split/NC/0/browse_product,restore,agrum_conditioned,3,1.346485575756363,1.3816002857915104
opentelemetry_demo,v4-confirmation-771621/opentelemetry_demo/split/NC/0/browse_product,restore,agrum_joint,3,1.2519833972812897,1.3085687767047904
opentelemetry_demo,v4-confirmation-771621/opentelemetry_demo/split/NC/0/browse_product,restore,storm_sparse,3,1.2166304319968766,1.3961999817210506
opentelemetry_demo,v4-confirmation-771621/opentelemetry_demo/split/NC/0/browse_product,restore,storm_compact,3,1.5228515193762262,1.8004586608416442
opentelemetry_demo,v4-confirmation-771621/opentelemetry_demo/split/NC/0/checkout,initial,ours_direct,3,1.4911072990062002,1.9837019876302788
opentelemetry_demo,v4-confirmation-771621/opentelemetry_demo/split/NC/0/checkout,initial,ours_prepared,3,0.9807274725274725,1.3303666432862384
opentelemetry_demo,v4-confirmation-771621/opentelemetry_demo/split/NC/0/checkout,initial,cudd_fixed,3,0.9626646353105098,1.1209627504255968
opentelemetry_demo,v4-confirmation-771621/opentelemetry_demo/split/NC/0/checkout,initial,cudd_sift,3,0.9931546221924658,1.1478939955850365
opentelemetry_demo,v4-confirmation-771621/opentelemetry_demo/split/NC/0/checkout,initial,agrum_conditioned,3,1.7077988829789554,1.7652749273347765
opentelemetry_demo,v4-confirmation-771621/opentelemetry_demo/split/NC/0/checkout,initial,agrum_joint,3,1.584618817802933,1.677900184963012
opentelemetry_demo,v4-confirmation-771621/opentelemetry_demo/split/NC/0/checkout,initial,storm_sparse,3,1.8099936502463516,2.115569425485114
opentelemetry_demo,v4-confirmation-771621/opentelemetry_demo/split/NC/0/checkout,initial,storm_compact,3,1.700339642741597,2.001261881364616
opentelemetry_demo,v4-confirmation-771621/opentelemetry_demo/split/NC/0/checkout,repeat,ours_direct,3,1.5664149682966266,2.087125021782967
opentelemetry_demo,v4-confirmation-771621/opentelemetry_demo/split/NC/0/checkout,repeat,ours_prepared,3,0.6817453611932538,1.2240349171780474
opentelemetry_demo,v4-confirmation-771621/opentelemetry_demo/split/NC/0/checkout,repeat,cudd_fixed,3,0.8194768416794125,1.398801532040674
opentelemetry_demo,v4-confirmation-771621/opentelemetry_demo/split/NC/0/checkout,repeat,cudd_sift,3,0.8161709237913432,1.3653103544659844
opentelemetry_demo,v4-confirmation-771621/opentelemetry_demo/split/NC/0/checkout,repeat,agrum_conditioned,3,1.56322632349398,1.6309197853752848
opentelemetry_demo,v4-confirmation-771621/opentelemetry_demo/split/NC/0/checkout,repeat,agrum_joint,3,1.081627044016289,1.2367694406056855
opentelemetry_demo,v4-confirmation-771621/opentelemetry_demo/split/NC/0/checkout,repeat,storm_sparse,3,1.4844190923541263,2.1857752846473573
opentelemetry_demo,v4-confirmation-771621/opentelemetry_demo/split/NC/0/checkout,repeat,storm_compact,3,0.4184146314611645,1.0104826632876396
opentelemetry_demo,v4-confirmation-771621/opentelemetry_demo/split/NC/0/checkout,counts,ours_direct,3,1.555326627075506,2.1012535477017233
opentelemetry_demo,v4-confirmation-771621/opentelemetry_demo/split/NC/0/checkout,counts,ours_prepared,3,0.6908206297393331,1.2559698959235586
opentelemetry_demo,v4-confirmation-771621/opentelemetry_demo/split/NC/0/checkout,counts,cudd_fixed,3,0.8064911132033816,1.4072245474660767
opentelemetry_demo,v4-confirmation-771621/opentelemetry_demo/split/NC/0/checkout,counts,cudd_sift,3,0.8252554995825405,1.3855929311568123
opentelemetry_demo,v4-confirmation-771621/opentelemetry_demo/split/NC/0/checkout,counts,agrum_conditioned,3,1.5519307609616515,1.618595187343944
opentelemetry_demo,v4-confirmation-771621/opentelemetry_demo/split/NC/0/checkout,counts,agrum_joint,3,1.0523022426920545,1.202613286081494
opentelemetry_demo,v4-confirmation-771621/opentelemetry_demo/split/NC/0/checkout,counts,storm_sparse,3,1.457159384619329,2.046931726683364
opentelemetry_demo,v4-confirmation-771621/opentelemetry_demo/split/NC/0/checkout,counts,storm_compact,3,0.5085376570754617,0.9882901196054502
opentelemetry_demo,v4-confirmation-771621/opentelemetry_demo/split/NC/0/checkout,masks,ours_direct,3,1.560601273989645,2.082396381010519
opentelemetry_demo,v4-confirmation-771621/opentelemetry_demo/split/NC/0/checkout,masks,ours_prepared,3,0.6662615861592585,1.2264654534694481
opentelemetry_demo,v4-confirmation-771621/opentelemetry_demo/split/NC/0/checkout,masks,cudd_fixed,3,0.8257862182457866,1.4374823315080254
opentelemetry_demo,v4-confirmation-771621/opentelemetry_demo/split/NC/0/checkout,masks,cudd_sift,3,0.8066644767844566,1.4090348570071511
opentelemetry_demo,v4-confirmation-771621/opentelemetry_demo/split/NC/0/checkout,masks,agrum_conditioned,3,1.7415817340895297,1.817100850295019
opentelemetry_demo,v4-confirmation-771621/opentelemetry_demo/split/NC/0/checkout,masks,agrum_joint,3,1.5828663035346893,1.7276693449698137
opentelemetry_demo,v4-confirmation-771621/opentelemetry_demo/split/NC/0/checkout,masks,storm_sparse,3,1.8292444583344656,2.086869143604975
opentelemetry_demo,v4-confirmation-771621/opentelemetry_demo/split/NC/0/checkout,masks,storm_compact,3,1.3998737731371842,1.608112458215431
opentelemetry_demo,v4-confirmation-771621/opentelemetry_demo/split/NC/0/checkout,metadata,ours_direct,3,1.130228033694463,2.0531809288946605
opentelemetry_demo,v4-confirmation-771621/opentelemetry_demo/split/NC/0/checkout,metadata,ours_prepared,3,0.4187080514577158,1.2326030641699357
opentelemetry_demo,v4-confirmation-771621/opentelemetry_demo/split/NC/0/checkout,metadata,cudd_fixed,3,0.7912583773068191,1.399174691613245
opentelemetry_demo,v4-confirmation-771621/opentelemetry_demo/split/NC/0/checkout,metadata,cudd_sift,3,0.8090299577455329,1.3813849584896623
opentelemetry_demo,v4-confirmation-771621/opentelemetry_demo/split/NC/0/checkout,metadata,agrum_conditioned,3,1.5605958674462723,1.6333703635682457
opentelemetry_demo,v4-confirmation-771621/opentelemetry_demo/split/NC/0/checkout,metadata,agrum_joint,3,1.0570016957506958,1.2220712102148543
opentelemetry_demo,v4-confirmation-771621/opentelemetry_demo/split/NC/0/checkout,metadata,storm_sparse,3,1.629390585424909,2.284339825223803
opentelemetry_demo,v4-confirmation-771621/opentelemetry_demo/split/NC/0/checkout,metadata,storm_compact,3,0.4197015714191338,0.9625263339275347
opentelemetry_demo,v4-confirmation-771621/opentelemetry_demo/split/NC/0/checkout,structure,ours_direct,3,1.5378380940483753,2.050720946485331
opentelemetry_demo,v4-confirmation-771621/opentelemetry_demo/split/NC/0/checkout,structure,ours_prepared,3,1.2994042302714526,1.8394653006040935
opentelemetry_demo,v4-confirmation-771621/opentelemetry_demo/split/NC/0/checkout,structure,cudd_fixed,3,0.7934822493830112,1.3845635967289325
opentelemetry_demo,v4-confirmation-771621/opentelemetry_demo/split/NC/0/checkout,structure,cudd_sift,3,0.9045197442542879,1.4541786040841207
opentelemetry_demo,v4-confirmation-771621/opentelemetry_demo/split/NC/0/checkout,structure,agrum_conditioned,3,1.7290929134629205,1.7892352484085257
opentelemetry_demo,v4-confirmation-771621/opentelemetry_demo/split/NC/0/checkout,structure,agrum_joint,3,1.6182363189307225,1.7288376975483852
opentelemetry_demo,v4-confirmation-771621/opentelemetry_demo/split/NC/0/checkout,structure,storm_sparse,3,1.6699883411078091,1.9134774435748172
opentelemetry_demo,v4-confirmation-771621/opentelemetry_demo/split/NC/0/checkout,structure,storm_compact,3,1.7382075725416395,2.1350682042712217
opentelemetry_demo,v4-confirmation-771621/opentelemetry_demo/split/NC/0/checkout,restore,ours_direct,3,1.5416193250595012,2.1105735685246643
opentelemetry_demo,v4-confirmation-771621/opentelemetry_demo/split/NC/0/checkout,restore,ours_prepared,3,0.9847043170811651,1.3717160825137897
opentelemetry_demo,v4-confirmation-771621/opentelemetry_demo/split/NC/0/checkout,restore,cudd_fixed,3,0.8004228745565451,1.3597076576994207
opentelemetry_demo,v4-confirmation-771621/opentelemetry_demo/split/NC/0/checkout,restore,cudd_sift,3,0.9129706415729365,1.4312870106164872
opentelemetry_demo,v4-confirmation-771621/opentelemetry_demo/split/NC/0/checkout,restore,agrum_conditioned,3,1.7464991292489704,1.8084383260750818
opentelemetry_demo,v4-confirmation-771621/opentelemetry_demo/split/NC/0/checkout,restore,agrum_joint,3,1.6621165844089678,1.7700965764781926
opentelemetry_demo,v4-confirmation-771621/opentelemetry_demo/split/NC/0/checkout,restore,storm_sparse,3,1.966057756742684,2.3461661985097004
opentelemetry_demo,v4-confirmation-771621/opentelemetry_demo/split/NC/0/checkout,restore,storm_compact,3,1.7889183200206134,2.2113051551786236
opentelemetry_demo,v4-confirmation-771621/opentelemetry_demo/split/NC/1/add_to_cart,initial,ours_direct,3,1.2979178702761194,1.5935746783470006
opentelemetry_demo,v4-confirmation-771621/opentelemetry_demo/split/NC/1/add_to_cart,initial,ours_prepared,3,0.9441859040593975,1.2157648036277553
opentelemetry_demo,v4-confirmation-771621/opentelemetry_demo/split/NC/1/add_to_cart,initial,cudd_fixed,3,0.9485293472449939,1.0934761388138878
opentelemetry_demo,v4-confirmation-771621/opentelemetry_demo/split/NC/1/add_to_cart,initial,cudd_sift,3,1.172618245892414,1.3349089638306484
opentelemetry_demo,v4-confirmation-771621/opentelemetry_demo/split/NC/1/add_to_cart,initial,agrum_conditioned,3,1.461673445822585,1.505299837255148
opentelemetry_demo,v4-confirmation-771621/opentelemetry_demo/split/NC/1/add_to_cart,initial,agrum_joint,3,1.3074871469992309,1.3697415582876376
opentelemetry_demo,v4-confirmation-771621/opentelemetry_demo/split/NC/1/add_to_cart,initial,storm_sparse,3,1.3231298493507762,1.4082109278259798
opentelemetry_demo,v4-confirmation-771621/opentelemetry_demo/split/NC/1/add_to_cart,initial,storm_compact,3,1.2569608483935362,1.3496306022415612
opentelemetry_demo,v4-confirmation-771621/opentelemetry_demo/split/NC/1/add_to_cart,repeat,ours_direct,3,1.3180141911223255,1.616958109053458
opentelemetry_demo,v4-confirmation-771621/opentelemetry_demo/split/NC/1/add_to_cart,repeat,ours_prepared,3,0.7559643447213509,1.283314948238888
opentelemetry_demo,v4-confirmation-771621/opentelemetry_demo/split/NC/1/add_to_cart,repeat,cudd_fixed,3,0.8402678124651071,1.379499792266712
opentelemetry_demo,v4-confirmation-771621/opentelemetry_demo/split/NC/1/add_to_cart,repeat,cudd_sift,3,0.8376257700936939,1.361173536041372
opentelemetry_demo,v4-confirmation-771621/opentelemetry_demo/split/NC/1/add_to_cart,repeat,agrum_conditioned,3,1.4293306598056694,1.487137364535266
opentelemetry_demo,v4-confirmation-771621/opentelemetry_demo/split/NC/1/add_to_cart,repeat,agrum_joint,3,1.1570496694321972,1.3034695977459154
opentelemetry_demo,v4-confirmation-771621/opentelemetry_demo/split/NC/1/add_to_cart,repeat,storm_sparse,3,1.2546625398539897,1.4606760529379115
opentelemetry_demo,v4-confirmation-771621/opentelemetry_demo/split/NC/1/add_to_cart,repeat,storm_compact,3,0.662847147412641,0.9794197466624414
opentelemetry_demo,v4-confirmation-771621/opentelemetry_demo/split/NC/1/add_to_cart,counts,ours_direct,3,1.3561457438332238,1.6647260069178886
opentelemetry_demo,v4-confirmation-771621/opentelemetry_demo/split/NC/1/add_to_cart,counts,ours_prepared,3,0.7556847145247977,1.2669958611242864
opentelemetry_demo,v4-confirmation-771621/opentelemetry_demo/split/NC/1/add_to_cart,counts,cudd_fixed,3,0.8263101026472177,1.3384201807975196
opentelemetry_demo,v4-confirmation-771621/opentelemetry_demo/split/NC/1/add_to_cart,counts,cudd_sift,3,0.8328293863309443,1.3632582575691905
opentelemetry_demo,v4-confirmation-771621/opentelemetry_demo/split/NC/1/add_to_cart,counts,agrum_conditioned,3,1.4036235648033344,1.4601901668373154
opentelemetry_demo,v4-confirmation-771621/opentelemetry_demo/split/NC/1/add_to_cart,counts,agrum_joint,3,1.155004483151296,1.299424071650223
opentelemetry_demo,v4-confirmation-771621/opentelemetry_demo/split/NC/1/add_to_cart,counts,storm_sparse,3,1.2468331739519158,1.4414640006865185
opentelemetry_demo,v4-confirmation-771621/opentelemetry_demo/split/NC/1/add_to_cart,counts,storm_compact,3,0.7107575894851615,0.9676969137608896
opentelemetry_demo,v4-confirmation-771621/opentelemetry_demo/split/NC/1/add_to_cart,masks,ours_direct,3,1.3675847759443807,1.67577420732234
opentelemetry_demo,v4-confirmation-771621/opentelemetry_demo/split/NC/1/add_to_cart,masks,ours_prepared,3,0.7357093521513368,1.2973274139757058
opentelemetry_demo,v4-confirmation-771621/opentelemetry_demo/split/NC/1/add_to_cart,masks,cudd_fixed,3,0.8216192848214915,1.407019085141133
opentelemetry_demo,v4-confirmation-771621/opentelemetry_demo/split/NC/1/add_to_cart,masks,cudd_sift,3,0.8320372110581016,1.3997843957699863
opentelemetry_demo,v4-confirmation-771621/opentelemetry_demo/split/NC/1/add_to_cart,masks,agrum_conditioned,3,1.4565335178259844,1.5076764233736661
opentelemetry_demo,v4-confirmation-771621/opentelemetry_demo/split/NC/1/add_to_cart,masks,agrum_joint,3,1.3540127610178176,1.4436690498813438
opentelemetry_demo,v4-confirmation-771621/opentelemetry_demo/split/NC/1/add_to_cart,masks,storm_sparse,3,1.5039876776578671,1.6243894502831588
opentelemetry_demo,v4-confirmation-771621/opentelemetry_demo/split/NC/1/add_to_cart,masks,storm_compact,3,1.1375501518665216,1.239346833772964
opentelemetry_demo,v4-confirmation-771621/opentelemetry_demo/split/NC/1/add_to_cart,metadata,ours_direct,3,1.3409086816372837,1.653641429189308
opentelemetry_demo,v4-confirmation-771621/opentelemetry_demo/split/NC/1/add_to_cart,metadata,ours_prepared,3,0.7307887396804105,1.257950516402582
opentelemetry_demo,v4-confirmation-771621/opentelemetry_demo/split/NC/1/add_to_cart,metadata,cudd_fixed,3,0.8032901466618937,1.3453483540167064
opentelemetry_demo,v4-confirmation-771621/opentelemetry_demo/split/NC/1/add_to_cart,metadata,cudd_sift,3,0.8236963361965194,1.3948944714348301
opentelemetry_demo,v4-confirmation-771621/opentelemetry_demo/split/NC/1/add_to_cart,metadata,agrum_conditioned,3,1.3983077255515333,1.454840298227524
opentelemetry_demo,v4-confirmation-771621/opentelemetry_demo/split/NC/1/add_to_cart,metadata,agrum_joint,3,1.1455273668922359,1.3222444510579157
opentelemetry_demo,v4-confirmation-771621/opentelemetry_demo/split/NC/1/add_to_cart,metadata,storm_sparse,3,1.2744660915375066,1.5075699630348969
opentelemetry_demo,v4-confirmation-771621/opentelemetry_demo/split/NC/1/add_to_cart,metadata,storm_compact,3,0.6594114518377229,1.017304301646309
opentelemetry_demo,v4-confirmation-771621/opentelemetry_demo/split/NC/1/add_to_cart,structure,ours_direct,3,1.3676380098452883,1.677385744533061
opentelemetry_demo,v4-confirmation-771621/opentelemetry_demo/split/NC/1/add_to_cart,structure,ours_prepared,3,0.9691184918599595,1.2531045896617838
opentelemetry_demo,v4-confirmation-771621/opentelemetry_demo/split/NC/1/add_to_cart,structure,cudd_fixed,3,0.8566021500200078,1.3844342446617441
opentelemetry_demo,v4-confirmation-771621/opentelemetry_demo/split/NC/1/add_to_cart,structure,cudd_sift,3,0.9495008766905261,1.4217150014149311
opentelemetry_demo,v4-confirmation-771621/opentelemetry_demo/split/NC/1/add_to_cart,structure,agrum_conditioned,3,1.4470444619809912,1.49564828458397
opentelemetry_demo,v4-confirmation-771621/opentelemetry_demo/split/NC/1/add_to_cart,structure,agrum_joint,3,1.3554534606688142,1.4255753826533573
opentelemetry_demo,v4-confirmation-771621/opentelemetry_demo/split/NC/1/add_to_cart,structure,storm_sparse,3,1.2387315441205553,1.322127078146231
opentelemetry_demo,v4-confirmation-771621/opentelemetry_demo/split/NC/1/add_to_cart,structure,storm_compact,3,1.285052236833039,1.414112837193018
opentelemetry_demo,v4-confirmation-771621/opentelemetry_demo/split/NC/1/add_to_cart,restore,ours_direct,3,0.991946207301913,1.6440215306564376
opentelemetry_demo,v4-confirmation-771621/opentelemetry_demo/split/NC/1/add_to_cart,restore,ours_prepared,3,0.6699362085667981,1.228501397012692
opentelemetry_demo,v4-confirmation-771621/opentelemetry_demo/split/NC/1/add_to_cart,restore,cudd_fixed,3,0.8159452329775481,1.3442399224969461
opentelemetry_demo,v4-confirmation-771621/opentelemetry_demo/split/NC/1/add_to_cart,restore,cudd_sift,3,0.9370712294470299,1.4132809788154725
opentelemetry_demo,v4-confirmation-771621/opentelemetry_demo/split/NC/1/add_to_cart,restore,agrum_conditioned,3,1.432826132189358,1.4727817510350982
opentelemetry_demo,v4-confirmation-771621/opentelemetry_demo/split/NC/1/add_to_cart,restore,agrum_joint,3,1.3373044989923375,1.40638760895352
opentelemetry_demo,v4-confirmation-771621/opentelemetry_demo/split/NC/1/add_to_cart,restore,storm_sparse,3,1.4023233733323877,1.5142532066847687
opentelemetry_demo,v4-confirmation-771621/opentelemetry_demo/split/NC/1/add_to_cart,restore,storm_compact,3,1.2487866322762111,1.381508019913872
opentelemetry_demo,v4-confirmation-771621/opentelemetry_demo/split/NC/1/browse_product,initial,ours_direct,3,1.2852191186274644,1.6061552968454054
opentelemetry_demo,v4-confirmation-771621/opentelemetry_demo/split/NC/1/browse_product,initial,ours_prepared,3,0.9906278167564725,1.2519052908816564
opentelemetry_demo,v4-confirmation-771621/opentelemetry_demo/split/NC/1/browse_product,initial,cudd_fixed,3,0.933597253404726,1.052449236703171
opentelemetry_demo,v4-confirmation-771621/opentelemetry_demo/split/NC/1/browse_product,initial,cudd_sift,3,0.9848493596159095,1.1306228063826815
opentelemetry_demo,v4-confirmation-771621/opentelemetry_demo/split/NC/1/browse_product,initial,agrum_conditioned,3,1.3935983650011279,1.4317626862131667
opentelemetry_demo,v4-confirmation-771621/opentelemetry_demo/split/NC/1/browse_product,initial,agrum_joint,3,1.3224043795045641,1.3833695928659133
opentelemetry_demo,v4-confirmation-771621/opentelemetry_demo/split/NC/1/browse_product,initial,storm_sparse,3,1.1936406589317685,1.266992345470372
opentelemetry_demo,v4-confirmation-771621/opentelemetry_demo/split/NC/1/browse_product,initial,storm_compact,3,1.1593464751402134,1.241152487110923
opentelemetry_demo,v4-confirmation-771621/opentelemetry_demo/split/NC/1/browse_product,repeat,ours_direct,3,1.3520498198842008,1.683861470238833
opentelemetry_demo,v4-confirmation-771621/opentelemetry_demo/split/NC/1/browse_product,repeat,ours_prepared,3,0.8107368971325679,1.4186570209529343
opentelemetry_demo,v4-confirmation-771621/opentelemetry_demo/split/NC/1/browse_product,repeat,cudd_fixed,3,0.9136826512308734,1.497746588571887
opentelemetry_demo,v4-confirmation-771621/opentelemetry_demo/split/NC/1/browse_product,repeat,cudd_sift,3,0.9119197853331895,1.4770299276397885
opentelemetry_demo,v4-confirmation-771621/opentelemetry_demo/split/NC/1/browse_product,repeat,agrum_conditioned,3,1.4499968914661323,1.5065588907014298
opentelemetry_demo,v4-confirmation-771621/opentelemetry_demo/split/NC/1/browse_product,repeat,agrum_joint,3,1.2863746557608973,1.4552865068007046
opentelemetry_demo,v4-confirmation-771621/opentelemetry_demo/split/NC/1/browse_product,repeat,storm_sparse,3,1.1369630824268142,1.316284004266639
opentelemetry_demo,v4-confirmation-771621/opentelemetry_demo/split/NC/1/browse_product,repeat,storm_compact,3,0.7064592800105881,1.0385540461171365
opentelemetry_demo,v4-confirmation-771621/opentelemetry_demo/split/NC/1/browse_product,counts,ours_direct,3,1.372520755495719,1.7038117604970293
opentelemetry_demo,v4-confirmation-771621/opentelemetry_demo/split/NC/1/browse_product,counts,ours_prepared,3,0.8150683632879601,1.4114586936678577
opentelemetry_demo,v4-confirmation-771621/opentelemetry_demo/split/NC/1/browse_product,counts,cudd_fixed,3,0.8720075514138818,1.3961584225735169
opentelemetry_demo,v4-confirmation-771621/opentelemetry_demo/split/NC/1/browse_product,counts,cudd_sift,3,0.9202396097495219,1.496179145759827
opentelemetry_demo,v4-confirmation-771621/opentelemetry_demo/split/NC/1/browse_product,counts,agrum_conditioned,3,1.4693709550784404,1.5281871641834515
opentelemetry_demo,v4-confirmation-771621/opentelemetry_demo/split/NC/1/browse_product,counts,agrum_joint,3,1.300516019442227,1.4653740421026964
opentelemetry_demo,v4-confirmation-771621/opentelemetry_demo/split/NC/1/browse_product,counts,storm_sparse,3,1.1358539469902955,1.3000263657886224
opentelemetry_demo,v4-confirmation-771621/opentelemetry_demo/split/NC/1/browse_product,counts,storm_compact,3,0.7512643227065628,1.016192423963154
opentelemetry_demo,v4-confirmation-771621/opentelemetry_demo/split/NC/1/browse_product,masks,ours_direct,3,1.3571475562350341,1.7155813850774395
opentelemetry_demo,v4-confirmation-771621/opentelemetry_demo/split/NC/1/browse_product,masks,ours_prepared,3,0.8180412720997288,1.4548564116445604
opentelemetry_demo,v4-confirmation-771621/opentelemetry_demo/split/NC/1/browse_product,masks,cudd_fixed,3,0.9005391182748215,1.5052616795819898
opentelemetry_demo,v4-confirmation-771621/opentelemetry_demo/split/NC/1/browse_product,masks,cudd_sift,3,0.9213639056939605,1.535719413990492
opentelemetry_demo,v4-confirmation-771621/opentelemetry_demo/split/NC/1/browse_product,masks,agrum_conditioned,3,1.4978116086878577,1.550109961190812
opentelemetry_demo,v4-confirmation-771621/opentelemetry_demo/split/NC/1/browse_product,masks,agrum_joint,3,1.3848465299741335,1.4935844836086603
opentelemetry_demo,v4-confirmation-771621/opentelemetry_demo/split/NC/1/browse_product,masks,storm_sparse,3,1.3728158446385277,1.4713824753279385
opentelemetry_demo,v4-confirmation-771621/opentelemetry_demo/split/NC/1/browse_product,masks,storm_compact,3,1.185813153327436,1.2884712622879573
opentelemetry_demo,v4-confirmation-771621/opentelemetry_demo/split/NC/1/browse_product,metadata,ours_direct,3,1.388692275318514,1.7294223912739144
opentelemetry_demo,v4-confirmation-771621/opentelemetry_demo/split/NC/1/browse_product,metadata,ours_prepared,3,0.8285422508084672,1.470502242825346
opentelemetry_demo,v4-confirmation-771621/opentelemetry_demo/split/NC/1/browse_product,metadata,cudd_fixed,3,0.8699313844847772,1.5128919422317628
opentelemetry_demo,v4-confirmation-771621/opentelemetry_demo/split/NC/1/browse_product,metadata,cudd_sift,3,0.8753214303462606,1.5243929933049103
opentelemetry_demo,v4-confirmation-771621/opentelemetry_demo/split/NC/1/browse_product,metadata,agrum_conditioned,3,1.4863397356002013,1.5475802598339905
opentelemetry_demo,v4-confirmation-771621/opentelemetry_demo/split/NC/1/browse_product,metadata,agrum_joint,3,1.2978527139894531,1.4720503005757366
opentelemetry_demo,v4-confirmation-771621/opentelemetry_demo/split/NC/1/browse_product,metadata,storm_sparse,3,1.133312762134852,1.3182083721176814
opentelemetry_demo,v4-confirmation-771621/opentelemetry_demo/split/NC/1/browse_product,metadata,storm_compact,3,0.6965231656326193,1.0440205822988275
opentelemetry_demo,v4-confirmation-771621/opentelemetry_demo/split/NC/1/browse_product,structure,ours_direct,3,1.4030357834528833,1.727332844182512
opentelemetry_demo,v4-confirmation-771621/opentelemetry_demo/split/NC/1/browse_product,structure,ours_prepared,3,0.9847154231126511,1.249091704039898
opentelemetry_demo,v4-confirmation-771621/opentelemetry_demo/split/NC/1/browse_product,structure,cudd_fixed,3,0.9243033970111612,1.515111282635551
opentelemetry_demo,v4-confirmation-771621/opentelemetry_demo/split/NC/1/browse_product,structure,cudd_sift,3,0.9973553700098577,1.503881960110921
opentelemetry_demo,v4-confirmation-771621/opentelemetry_demo/split/NC/1/browse_product,structure,agrum_conditioned,3,1.4562834118177745,1.5047020800923327
opentelemetry_demo,v4-confirmation-771621/opentelemetry_demo/split/NC/1/browse_product,structure,agrum_joint,3,1.340563796597655,1.4185561758101641
opentelemetry_demo,v4-confirmation-771621/opentelemetry_demo/split/NC/1/browse_product,structure,storm_sparse,3,1.1276331687486667,1.2006517460526895
opentelemetry_demo,v4-confirmation-771621/opentelemetry_demo/split/NC/1/browse_product,structure,storm_compact,3,1.1931748361084704,1.3110488198070307
opentelemetry_demo,v4-confirmation-771621/opentelemetry_demo/split/NC/1/browse_product,restore,ours_direct,3,1.3368013754897738,1.6633841522515023
opentelemetry_demo,v4-confirmation-771621/opentelemetry_demo/split/NC/1/browse_product,restore,ours_prepared,3,0.7025327082343862,1.2267463202157889
opentelemetry_demo,v4-confirmation-771621/opentelemetry_demo/split/NC/1/browse_product,restore,cudd_fixed,3,0.9076217145170125,1.5014154294973252
opentelemetry_demo,v4-confirmation-771621/opentelemetry_demo/split/NC/1/browse_product,restore,cudd_sift,3,0.9821341017924037,1.4812200736513583
opentelemetry_demo,v4-confirmation-771621/opentelemetry_demo/split/NC/1/browse_product,restore,agrum_conditioned,3,1.4686264164830674,1.512564576394617
opentelemetry_demo,v4-confirmation-771621/opentelemetry_demo/split/NC/1/browse_product,restore,agrum_joint,3,1.3496793356457766,1.4133098370208184
opentelemetry_demo,v4-confirmation-771621/opentelemetry_demo/split/NC/1/browse_product,restore,storm_sparse,3,1.2526765698792761,1.3476593460723552
opentelemetry_demo,v4-confirmation-771621/opentelemetry_demo/split/NC/1/browse_product,restore,storm_compact,3,1.1802098606206102,1.3156325679711272
opentelemetry_demo,v4-confirmation-771621/opentelemetry_demo/split/NC/1/checkout,initial,ours_direct,3,1.944914499991564,2.4169260460206905
opentelemetry_demo,v4-confirmation-771621/opentelemetry_demo/split/NC/1/checkout,initial,ours_prepared,3,1.030446900880782,1.5391268337906399
opentelemetry_demo,v4-confirmation-771621/opentelemetry_demo/split/NC/1/checkout,initial,cudd_fixed,3,1.0086890203018393,1.253128910377938
opentelemetry_demo,v4-confirmation-771621/opentelemetry_demo/split/NC/1/checkout,initial,cudd_sift,3,1.2034612005309107,1.5355168556515184
opentelemetry_demo,v4-confirmation-771621/opentelemetry_demo/split/NC/1/checkout,initial,agrum_conditioned,3,2.208122073636075,2.299521743778249
opentelemetry_demo,v4-confirmation-771621/opentelemetry_demo/split/NC/1/checkout,initial,agrum_joint,3,1.9534448262800934,2.1125695960500015
opentelemetry_demo,v4-confirmation-771621/opentelemetry_demo/split/NC/1/checkout,initial,storm_sparse,3,2.2850507525305805,2.520328793198436
opentelemetry_demo,v4-confirmation-771621/opentelemetry_demo/split/NC/1/checkout,initial,storm_compact,3,1.946758095612948,2.200194768498663
opentelemetry_demo,v4-confirmation-771621/opentelemetry_demo/split/NC/1/checkout,repeat,ours_direct,3,1.6989793951936358,2.4215223183929497
opentelemetry_demo,v4-confirmation-771621/opentelemetry_demo/split/NC/1/checkout,repeat,ours_prepared,3,0.8516845884544427,1.6272294260585338
opentelemetry_demo,v4-confirmation-771621/opentelemetry_demo/split/NC/1/checkout,repeat,cudd_fixed,3,0.9837846891565046,1.7849371353518195
opentelemetry_demo,v4-confirmation-771621/opentelemetry_demo/split/NC/1/checkout,repeat,cudd_sift,3,1.002245610001791,1.7991265040144118
opentelemetry_demo,v4-confirmation-771621/opentelemetry_demo/split/NC/1/checkout,repeat,agrum_conditioned,3,2.071289207778175,2.1736873842606736
opentelemetry_demo,v4-confirmation-771621/opentelemetry_demo/split/NC/1/checkout,repeat,agrum_joint,3,1.3683628746337977,1.5869275012386215
opentelemetry_demo,v4-confirmation-771621/opentelemetry_demo/split/NC/1/checkout,repeat,storm_sparse,3,2.234431286166164,2.78295581334592
opentelemetry_demo,v4-confirmation-771621/opentelemetry_demo/split/NC/1/checkout,repeat,storm_compact,3,0.6520685037543383,1.233307323107536
opentelemetry_demo,v4-confirmation-771621/opentelemetry_demo/split/NC/1/checkout,counts,ours_direct,3,1.9568214149485788,2.399509032954105
opentelemetry_demo,v4-confirmation-771621/opentelemetry_demo/split/NC/1/checkout,counts,ours_prepared,3,0.8278874798151344,1.6090146857170633
opentelemetry_demo,v4-confirmation-771621/opentelemetry_demo/split/NC/1/checkout,counts,cudd_fixed,3,0.9889058466025176,1.7985731141567571
opentelemetry_demo,v4-confirmation-771621/opentelemetry_demo/split/NC/1/checkout,counts,cudd_sift,3,1.003482473470518,1.8087228483888171
opentelemetry_demo,v4-confirmation-771621/opentelemetry_demo/split/NC/1/checkout,counts,agrum_conditioned,3,2.0356004179095017,2.1347622328261635
opentelemetry_demo,v4-confirmation-771621/opentelemetry_demo/split/NC/1/checkout,counts,agrum_joint,3,1.394434464995192,1.6207957305109433
opentelemetry_demo,v4-confirmation-771621/opentelemetry_demo/split/NC/1/checkout,counts,storm_sparse,3,2.190444428534975,2.6892305882833667
opentelemetry_demo,v4-confirmation-771621/opentelemetry_demo/split/NC/1/checkout,counts,storm_compact,3,0.6607593229343903,1.1975107708845587
opentelemetry_demo,v4-confirmation-771621/opentelemetry_demo/split/NC/1/checkout,masks,ours_direct,3,1.9565402106270944,2.413706224824314
opentelemetry_demo,v4-confirmation-771621/opentelemetry_demo/split/NC/1/checkout,masks,ours_prepared,3,0.8193618765045705,1.6304592438716614
opentelemetry_demo,v4-confirmation-771621/opentelemetry_demo/split/NC/1/checkout,masks,cudd_fixed,3,0.9937596273813677,1.887801787368557
opentelemetry_demo,v4-confirmation-771621/opentelemetry_demo/split/NC/1/checkout,masks,cudd_sift,3,0.9872158059854137,1.8600236643511836
opentelemetry_demo,v4-confirmation-771621/opentelemetry_demo/split/NC/1/checkout,masks,agrum_conditioned,3,2.264022970324871,2.3696691320653676
opentelemetry_demo,v4-confirmation-771621/opentelemetry_demo/split/NC/1/checkout,masks,agrum_joint,3,2.0640782218003806,2.2837629858288624
opentelemetry_demo,v4-confirmation-771621/opentelemetry_demo/split/NC/1/checkout,masks,storm_sparse,3,2.5868011364108066,2.8973701677884547
opentelemetry_demo,v4-confirmation-771621/opentelemetry_demo/split/NC/1/checkout,masks,storm_compact,3,2.2169676602500523,2.5663696308096253
opentelemetry_demo,v4-confirmation-771621/opentelemetry_demo/split/NC/1/checkout,metadata,ours_direct,3,1.949251240090823,2.436460552147748
opentelemetry_demo,v4-confirmation-771621/opentelemetry_demo/split/NC/1/checkout,metadata,ours_prepared,3,0.794950293335552,1.6479994550934571
opentelemetry_demo,v4-confirmation-771621/opentelemetry_demo/split/NC/1/checkout,metadata,cudd_fixed,3,0.9778531485648364,1.8621064776002618
opentelemetry_demo,v4-confirmation-771621/opentelemetry_demo/split/NC/1/checkout,metadata,cudd_sift,3,0.9788504195649917,1.854618478659498
opentelemetry_demo,v4-confirmation-771621/opentelemetry_demo/split/NC/1/checkout,metadata,agrum_conditioned,3,2.045874929996723,2.152738308932229
opentelemetry_demo,v4-confirmation-771621/opentelemetry_demo/split/NC/1/checkout,metadata,agrum_joint,3,1.4121540789313176,1.6540265623851957
opentelemetry_demo,v4-confirmation-771621/opentelemetry_demo/split/NC/1/checkout,metadata,storm_sparse,3,2.24835011781267,2.825859101545126
opentelemetry_demo,v4-confirmation-771621/opentelemetry_demo/split/NC/1/checkout,metadata,storm_compact,3,0.6293664283965643,1.2867922875086437
opentelemetry_demo,v4-confirmation-771621/opentelemetry_demo/split/NC/1/checkout,structure,ours_direct,3,1.9498133316691868,2.4070200914852347
opentelemetry_demo,v4-confirmation-771621/opentelemetry_demo/split/NC/1/checkout,structure,ours_prepared,3,1.0429658643205812,1.5861803842452464
opentelemetry_demo,v4-confirmation-771621/opentelemetry_demo/split/NC/1/checkout,structure,cudd_fixed,3,0.9483992609548312,1.7566842093167558
opentelemetry_demo,v4-confirmation-771621/opentelemetry_demo/split/NC/1/checkout,structure,cudd_sift,3,1.0301012990206497,1.8049685873498895
opentelemetry_demo,v4-confirmation-771621/opentelemetry_demo/split/NC/1/checkout,structure,agrum_conditioned,3,2.217241373506994,2.316953949397419
opentelemetry_demo,v4-confirmation-771621/opentelemetry_demo/split/NC/1/checkout,structure,agrum_joint,3,2.0192433227670006,2.18875517302318
opentelemetry_demo,v4-confirmation-771621/opentelemetry_demo/split/NC/1/checkout,structure,storm_sparse,3,2.546741450392023,2.8596899722265734
opentelemetry_demo,v4-confirmation-771621/opentelemetry_demo/split/NC/1/checkout,structure,storm_compact,3,2.1650070049491785,2.538794917917195
opentelemetry_demo,v4-confirmation-771621/opentelemetry_demo/split/NC/1/checkout,restore,ours_direct,3,1.962035743320579,2.4620425786287803
opentelemetry_demo,v4-confirmation-771621/opentelemetry_demo/split/NC/1/checkout,restore,ours_prepared,3,1.015882640695942,1.5765804781884136
opentelemetry_demo,v4-confirmation-771621/opentelemetry_demo/split/NC/1/checkout,restore,cudd_fixed,3,0.9753505055466863,1.779407391900016
opentelemetry_demo,v4-confirmation-771621/opentelemetry_demo/split/NC/1/checkout,restore,cudd_sift,3,1.05774324702873,1.8279318035933114
opentelemetry_demo,v4-confirmation-771621/opentelemetry_demo/split/NC/1/checkout,restore,agrum_conditioned,3,2.221832186179007,2.3187092374048817
opentelemetry_demo,v4-confirmation-771621/opentelemetry_demo/split/NC/1/checkout,restore,agrum_joint,3,2.04376842692168,2.216719246823167
opentelemetry_demo,v4-confirmation-771621/opentelemetry_demo/split/NC/1/checkout,restore,storm_sparse,3,2.591041980178652,2.9009401536509185
opentelemetry_demo,v4-confirmation-771621/opentelemetry_demo/split/NC/1/checkout,restore,storm_compact,3,2.2646377452869983,2.6389325918958546
opentelemetry_demo,v4-confirmation-771621/opentelemetry_demo/split/NC/2/add_to_cart,initial,ours_direct,3,1.3067093678627126,1.6133119616451126
opentelemetry_demo,v4-confirmation-771621/opentelemetry_demo/split/NC/2/add_to_cart,initial,ours_prepared,3,0.9436681093291565,1.203470796947245
opentelemetry_demo,v4-confirmation-771621/opentelemetry_demo/split/NC/2/add_to_cart,initial,cudd_fixed,3,0.9722705045466775,1.1214107868740057
opentelemetry_demo,v4-confirmation-771621/opentelemetry_demo/split/NC/2/add_to_cart,initial,cudd_sift,3,0.9699298455372153,1.0823876083392625
opentelemetry_demo,v4-confirmation-771621/opentelemetry_demo/split/NC/2/add_to_cart,initial,agrum_conditioned,3,1.4782667760543473,1.5275078873673529
opentelemetry_demo,v4-confirmation-771621/opentelemetry_demo/split/NC/2/add_to_cart,initial,agrum_joint,3,1.3465388283768804,1.4149223875467591
opentelemetry_demo,v4-confirmation-771621/opentelemetry_demo/split/NC/2/add_to_cart,initial,storm_sparse,3,1.2813307678302648,1.3663091686290614
opentelemetry_demo,v4-confirmation-771621/opentelemetry_demo/split/NC/2/add_to_cart,initial,storm_compact,3,1.1671780077899256,1.253252185962294
opentelemetry_demo,v4-confirmation-771621/opentelemetry_demo/split/NC/2/add_to_cart,repeat,ours_direct,3,1.3344167832431535,1.6709711466864003
opentelemetry_demo,v4-confirmation-771621/opentelemetry_demo/split/NC/2/add_to_cart,repeat,ours_prepared,3,0.7094105037016071,1.264992144215662
opentelemetry_demo,v4-confirmation-771621/opentelemetry_demo/split/NC/2/add_to_cart,repeat,cudd_fixed,3,0.8395081843654678,1.3975019580361927
opentelemetry_demo,v4-confirmation-771621/opentelemetry_demo/split/NC/2/add_to_cart,repeat,cudd_sift,3,0.8362517020312461,1.4133187104769471
opentelemetry_demo,v4-confirmation-771621/opentelemetry_demo/split/NC/2/add_to_cart,repeat,agrum_conditioned,3,1.4053655083434666,1.4668653148569841
opentelemetry_demo,v4-confirmation-771621/opentelemetry_demo/split/NC/2/add_to_cart,repeat,agrum_joint,3,1.1914943218663079,1.3669609084304986
opentelemetry_demo,v4-confirmation-771621/opentelemetry_demo/split/NC/2/add_to_cart,repeat,storm_sparse,3,1.2324810646435387,1.4411533569092858
opentelemetry_demo,v4-confirmation-771621/opentelemetry_demo/split/NC/2/add_to_cart,repeat,storm_compact,3,0.7009008075651402,1.0196125432254008
opentelemetry_demo,v4-confirmation-771621/opentelemetry_demo/split/NC/2/add_to_cart,counts,ours_direct,3,1.3388378021044876,1.6592580012740354
opentelemetry_demo,v4-confirmation-771621/opentelemetry_demo/split/NC/2/add_to_cart,counts,ours_prepared,3,0.7342607358258507,1.2989402682659075
opentelemetry_demo,v4-confirmation-771621/opentelemetry_demo/split/NC/2/add_to_cart,counts,cudd_fixed,3,0.8400705401937038,1.4372010006579001
opentelemetry_demo,v4-confirmation-771621/opentelemetry_demo/split/NC/2/add_to_cart,counts,cudd_sift,3,0.8179805444165784,1.3936486094321456
opentelemetry_demo,v4-confirmation-771621/opentelemetry_demo/split/NC/2/add_to_cart,counts,agrum_conditioned,3,1.436314542023671,1.49944055862089
opentelemetry_demo,v4-confirmation-771621/opentelemetry_demo/split/NC/2/add_to_cart,counts,agrum_joint,3,1.1997208827075696,1.3793044585111325
opentelemetry_demo,v4-confirmation-771621/opentelemetry_demo/split/NC/2/add_to_cart,counts,storm_sparse,3,1.2091696948888526,1.4023642910098757
opentelemetry_demo,v4-confirmation-771621/opentelemetry_demo/split/NC/2/add_to_cart,counts,storm_compact,3,0.7236739384399612,1.0198971227034306
opentelemetry_demo,v4-confirmation-771621/opentelemetry_demo/split/NC/2/add_to_cart,masks,ours_direct,3,1.3648720835287602,1.6896195564127536
opentelemetry_demo,v4-confirmation-771621/opentelemetry_demo/split/NC/2/add_to_cart,masks,ours_prepared,3,0.7059087650181413,1.2540584536647
opentelemetry_demo,v4-confirmation-771621/opentelemetry_demo/split/NC/2/add_to_cart,masks,cudd_fixed,3,0.8274052509921933,1.4565403631977072
opentelemetry_demo,v4-confirmation-771621/opentelemetry_demo/split/NC/2/add_to_cart,masks,cudd_sift,3,0.8112689679781592,1.404368519462859
opentelemetry_demo,v4-confirmation-771621/opentelemetry_demo/split/NC/2/add_to_cart,masks,agrum_conditioned,3,1.4996444635227972,1.558894419252107
opentelemetry_demo,v4-confirmation-771621/opentelemetry_demo/split/NC/2/add_to_cart,masks,agrum_joint,3,1.3924157870138842,1.4917376861422311
opentelemetry_demo,v4-confirmation-771621/opentelemetry_demo/split/NC/2/add_to_cart,masks,storm_sparse,3,1.4465294410390632,1.5579606795797547
opentelemetry_demo,v4-confirmation-771621/opentelemetry_demo/split/NC/2/add_to_cart,masks,storm_compact,3,1.044068704423696,1.1319970402327217
opentelemetry_demo,v4-confirmation-771621/opentelemetry_demo/split/NC/2/add_to_cart,metadata,ours_direct,3,1.365863334427829,1.6838540179919907
opentelemetry_demo,v4-confirmation-771621/opentelemetry_demo/split/NC/2/add_to_cart,metadata,ours_prepared,3,0.7234465021949653,1.300490212134115
opentelemetry_demo,v4-confirmation-771621/opentelemetry_demo/split/NC/2/add_to_cart,metadata,cudd_fixed,3,0.7837779626355343,1.3869048912131163
opentelemetry_demo,v4-confirmation-771621/opentelemetry_demo/split/NC/2/add_to_cart,metadata,cudd_sift,3,0.7762187970724953,1.3715104669012266
opentelemetry_demo,v4-confirmation-771621/opentelemetry_demo/split/NC/2/add_to_cart,metadata,agrum_conditioned,3,1.4236729128183279,1.4878042972185574
opentelemetry_demo,v4-confirmation-771621/opentelemetry_demo/split/NC/2/add_to_cart,metadata,agrum_joint,3,1.169641414984951,1.3549783532543396
opentelemetry_demo,v4-confirmation-771621/opentelemetry_demo/split/NC/2/add_to_cart,metadata,storm_sparse,3,1.221858841967724,1.439238929003429
opentelemetry_demo,v4-confirmation-771621/opentelemetry_demo/split/NC/2/add_to_cart,metadata,storm_compact,3,0.6505622619409727,0.9677277888826873
opentelemetry_demo,v4-confirmation-771621/opentelemetry_demo/split/NC/2/add_to_cart,structure,ours_direct,3,1.3672599375863304,1.6882090745110676
opentelemetry_demo,v4-confirmation-771621/opentelemetry_demo/split/NC/2/add_to_cart,structure,ours_prepared,3,0.9419829362658257,1.2404254709684812
opentelemetry_demo,v4-confirmation-771621/opentelemetry_demo/split/NC/2/add_to_cart,structure,cudd_fixed,3,0.8600578216786289,1.4277414566160385
opentelemetry_demo,v4-confirmation-771621/opentelemetry_demo/split/NC/2/add_to_cart,structure,cudd_sift,3,0.9584984095054129,1.472758154884381
opentelemetry_demo,v4-confirmation-771621/opentelemetry_demo/split/NC/2/add_to_cart,structure,agrum_conditioned,3,1.4489358987970824,1.503718990696294
opentelemetry_demo,v4-confirmation-771621/opentelemetry_demo/split/NC/2/add_to_cart,structure,agrum_joint,3,1.3734324034760526,1.4546028420251442
opentelemetry_demo,v4-confirmation-771621/opentelemetry_demo/split/NC/2/add_to_cart,structure,storm_sparse,3,1.2028148658714188,1.2897426059540218
opentelemetry_demo,v4-confirmation-771621/opentelemetry_demo/split/NC/2/add_to_cart,structure,storm_compact,3,1.2613508228451265,1.3935760329435969
opentelemetry_demo,v4-confirmation-771621/opentelemetry_demo/split/NC/2/add_to_cart,restore,ours_direct,3,0.9361119676059215,1.647260036472915
opentelemetry_demo,v4-confirmation-771621/opentelemetry_demo/split/NC/2/add_to_cart,restore,ours_prepared,3,0.6486407403004727,1.2161894485957228
opentelemetry_demo,v4-confirmation-771621/opentelemetry_demo/split/NC/2/add_to_cart,restore,cudd_fixed,3,0.8370525479837923,1.4197238090246842
opentelemetry_demo,v4-confirmation-771621/opentelemetry_demo/split/NC/2/add_to_cart,restore,cudd_sift,3,0.9112094141820658,1.3822744125780377
opentelemetry_demo,v4-confirmation-771621/opentelemetry_demo/split/NC/2/add_to_cart,restore,agrum_conditioned,3,1.472594405306361,1.5205480902986181
opentelemetry_demo,v4-confirmation-771621/opentelemetry_demo/split/NC/2/add_to_cart,restore,agrum_joint,3,1.375087074527798,1.4478779847736418
opentelemetry_demo,v4-confirmation-771621/opentelemetry_demo/split/NC/2/add_to_cart,restore,storm_sparse,3,1.3357784792424847,1.4457797893803117
opentelemetry_demo,v4-confirmation-771621/opentelemetry_demo/split/NC/2/add_to_cart,restore,storm_compact,3,1.299626310230137,1.4551651413507083
opentelemetry_demo,v4-confirmation-771621/opentelemetry_demo/split/NC/2/browse_product,initial,ours_direct,3,1.2052734649789643,1.441679507456709
opentelemetry_demo,v4-confirmation-771621/opentelemetry_demo/split/NC/2/browse_product,initial,ours_prepared,3,0.8972836107253473,1.1018633912351596
opentelemetry_demo,v4-confirmation-771621/opentelemetry_demo/split/NC/2/browse_product,initial,cudd_fixed,3,0.9391408120862559,1.041320778874898
opentelemetry_demo,v4-confirmation-771621/opentelemetry_demo/split/NC/2/browse_product,initial,cudd_sift,3,0.9824203871080043,1.0787291982542628
opentelemetry_demo,v4-confirmation-771621/opentelemetry_demo/split/NC/2/browse_product,initial,agrum_conditioned,3,1.146032852229639,1.174606498530554
opentelemetry_demo,v4-confirmation-771621/opentelemetry_demo/split/NC/2/browse_product,initial,agrum_joint,3,1.1518303836340642,1.1965581482240668
opentelemetry_demo,v4-confirmation-771621/opentelemetry_demo/split/NC/2/browse_product,initial,storm_sparse,3,1.0774958356486704,1.130417169139994
opentelemetry_demo,v4-confirmation-771621/opentelemetry_demo/split/NC/2/browse_product,initial,storm_compact,3,1.058770890242623,1.1251588160153891
opentelemetry_demo,v4-confirmation-771621/opentelemetry_demo/split/NC/2/browse_product,repeat,ours_direct,3,1.2130662384834832,1.447395430087075
opentelemetry_demo,v4-confirmation-771621/opentelemetry_demo/split/NC/2/browse_product,repeat,ours_prepared,3,0.7106035314855504,1.1343725649925622
opentelemetry_demo,v4-confirmation-771621/opentelemetry_demo/split/NC/2/browse_product,repeat,cudd_fixed,3,0.7612672278980517,1.126085128392131
opentelemetry_demo,v4-confirmation-771621/opentelemetry_demo/split/NC/2/browse_product,repeat,cudd_sift,3,0.792197862967128,1.1951513569135783
opentelemetry_demo,v4-confirmation-771621/opentelemetry_demo/split/NC/2/browse_product,repeat,agrum_conditioned,3,1.1437346039117677,1.1868062781284665
opentelemetry_demo,v4-confirmation-771621/opentelemetry_demo/split/NC/2/browse_product,repeat,agrum_joint,3,1.0053840627898711,1.108667502655227
opentelemetry_demo,v4-confirmation-771621/opentelemetry_demo/split/NC/2/browse_product,repeat,storm_sparse,3,1.0098146518640176,1.135890943227434
opentelemetry_demo,v4-confirmation-771621/opentelemetry_demo/split/NC/2/browse_product,repeat,storm_compact,3,0.7393734692835838,0.9909087866108787
opentelemetry_demo,v4-confirmation-771621/opentelemetry_demo/split/NC/2/browse_product,counts,ours_direct,3,1.2048025453745532,1.4407714403832443
opentelemetry_demo,v4-confirmation-771621/opentelemetry_demo/split/NC/2/browse_product,counts,ours_prepared,3,0.6755092945585756,1.0924944484252606
opentelemetry_demo,v4-confirmation-771621/opentelemetry_demo/split/NC/2/browse_product,counts,cudd_fixed,3,0.7567763287448467,1.1444699987433402
opentelemetry_demo,v4-confirmation-771621/opentelemetry_demo/split/NC/2/browse_product,counts,cudd_sift,3,0.7713912441710808,1.148156623935768
opentelemetry_demo,v4-confirmation-771621/opentelemetry_demo/split/NC/2/browse_product,counts,agrum_conditioned,3,1.1351775978526013,1.1706800275972853
opentelemetry_demo,v4-confirmation-771621/opentelemetry_demo/split/NC/2/browse_product,counts,agrum_joint,3,1.016421848430341,1.123469686809036
opentelemetry_demo,v4-confirmation-771621/opentelemetry_demo/split/NC/2/browse_product,counts,storm_sparse,3,1.0166085161926188,1.1337564283258543
opentelemetry_demo,v4-confirmation-771621/opentelemetry_demo/split/NC/2/browse_product,counts,storm_compact,3,0.8146850203384859,1.0571342324999031
opentelemetry_demo,v4-confirmation-771621/opentelemetry_demo/split/NC/2/browse_product,masks,ours_direct,3,1.2105853206603592,1.4493457856866832
opentelemetry_demo,v4-confirmation-771621/opentelemetry_demo/split/NC/2/browse_product,masks,ours_prepared,3,0.6409499571969213,1.084632477735202
opentelemetry_demo,v4-confirmation-771621/opentelemetry_demo/split/NC/2/browse_product,masks,cudd_fixed,3,0.7673834718195512,1.2151968215798004
opentelemetry_demo,v4-confirmation-771621/opentelemetry_demo/split/NC/2/browse_product,masks,cudd_sift,3,0.7712573945168488,1.2020694327044703
opentelemetry_demo,v4-confirmation-771621/opentelemetry_demo/split/NC/2/browse_product,masks,agrum_conditioned,3,1.1836061529599788,1.2183140320802117
opentelemetry_demo,v4-confirmation-771621/opentelemetry_demo/split/NC/2/browse_product,masks,agrum_joint,3,1.1463174758379573,1.2033423615879555
opentelemetry_demo,v4-confirmation-771621/opentelemetry_demo/split/NC/2/browse_product,masks,storm_sparse,3,1.1123891041562681,1.1797866318696353
opentelemetry_demo,v4-confirmation-771621/opentelemetry_demo/split/NC/2/browse_product,masks,storm_compact,3,1.0982158223465337,1.1681718539862975
opentelemetry_demo,v4-confirmation-771621/opentelemetry_demo/split/NC/2/browse_product,metadata,ours_direct,3,1.2296502785074073,1.46484861747496
opentelemetry_demo,v4-confirmation-771621/opentelemetry_demo/split/NC/2/browse_product,metadata,ours_prepared,3,0.6759235272783793,1.0742848230995454
opentelemetry_demo,v4-confirmation-771621/opentelemetry_demo/split/NC/2/browse_product,metadata,cudd_fixed,3,0.7475036357305258,1.157717279918835
opentelemetry_demo,v4-confirmation-771621/opentelemetry_demo/split/NC/2/browse_product,metadata,cudd_sift,3,0.7782993116010446,1.195027121381759
opentelemetry_demo,v4-confirmation-771621/opentelemetry_demo/split/NC/2/browse_product,metadata,agrum_conditioned,3,1.1477531844107194,1.1859898118243046
opentelemetry_demo,v4-confirmation-771621/opentelemetry_demo/split/NC/2/browse_product,metadata,agrum_joint,3,0.9877801657096219,1.109720653379175
opentelemetry_demo,v4-confirmation-771621/opentelemetry_demo/split/NC/2/browse_product,metadata,storm_sparse,3,1.0167105037904094,1.1554077610432127
opentelemetry_demo,v4-confirmation-771621/opentelemetry_demo/split/NC/2/browse_product,metadata,storm_compact,3,0.7060525399902394,1.0598114485309937
opentelemetry_demo,v4-confirmation-771621/opentelemetry_demo/split/NC/2/browse_product,structure,ours_direct,3,1.2431488705584963,1.4884603222550068
opentelemetry_demo,v4-confirmation-771621/opentelemetry_demo/split/NC/2/browse_product,structure,ours_prepared,3,0.915519522960357,1.11415757230468
opentelemetry_demo,v4-confirmation-771621/opentelemetry_demo/split/NC/2/browse_product,structure,cudd_fixed,3,0.7349836959364809,1.1397692457639275
opentelemetry_demo,v4-confirmation-771621/opentelemetry_demo/split/NC/2/browse_product,structure,cudd_sift,3,0.8436297734886344,1.2072845390833422
opentelemetry_demo,v4-confirmation-771621/opentelemetry_demo/split/NC/2/browse_product,structure,agrum_conditioned,3,1.180075981830604,1.2073235397212725
opentelemetry_demo,v4-confirmation-771621/opentelemetry_demo/split/NC/2/browse_product,structure,agrum_joint,3,1.1703452567502104,1.21323173581381
opentelemetry_demo,v4-confirmation-771621/opentelemetry_demo/split/NC/2/browse_product,structure,storm_sparse,3,1.1111846432599717,1.1698856907724828
opentelemetry_demo,v4-confirmation-771621/opentelemetry_demo/split/NC/2/browse_product,structure,storm_compact,3,1.1191459974947313,1.2112739630318794
opentelemetry_demo,v4-confirmation-771621/opentelemetry_demo/split/NC/2/browse_product,restore,ours_direct,3,1.208649733266616,1.458082126606675
opentelemetry_demo,v4-confirmation-771621/opentelemetry_demo/split/NC/2/browse_product,restore,ours_prepared,3,0.9052119942667056,1.1099706479199885
opentelemetry_demo,v4-confirmation-771621/opentelemetry_demo/split/NC/2/browse_product,restore,cudd_fixed,3,0.7646516384432057,1.1458613633023167
opentelemetry_demo,v4-confirmation-771621/opentelemetry_demo/split/NC/2/browse_product,restore,cudd_sift,3,0.8685367069819219,1.2042217061156677
opentelemetry_demo,v4-confirmation-771621/opentelemetry_demo/split/NC/2/browse_product,restore,agrum_conditioned,3,1.1805160317348087,1.2080196036716846
opentelemetry_demo,v4-confirmation-771621/opentelemetry_demo/split/NC/2/browse_product,restore,agrum_joint,3,1.1834412987897456,1.228910111243461
opentelemetry_demo,v4-confirmation-771621/opentelemetry_demo/split/NC/2/browse_product,restore,storm_sparse,3,1.1168653666076611,1.1871124776157929
opentelemetry_demo,v4-confirmation-771621/opentelemetry_demo/split/NC/2/browse_product,restore,storm_compact,3,1.0923791185539122,1.1958498894205591
spring_petclinic_microservices,v4-confirmation-771621/spring_petclinic_microservices/split/N/0/create_visit,initial,ours_direct,3,0.9848351960171027,1.1850542429553268
spring_petclinic_microservices,v4-confirmation-771621/spring_petclinic_microservices/split/N/0/create_visit,initial,ours_prepared,3,0.9129685164343043,1.0535946016859958
spring_petclinic_microservices,v4-confirmation-771621/spring_petclinic_microservices/split/N/0/create_visit,initial,cudd_fixed,3,1.1459670670805777,1.269322368615849
spring_petclinic_microservices,v4-confirmation-771621/spring_petclinic_microservices/split/N/0/create_visit,initial,cudd_sift,3,0.98810957111872,1.0671966418150831
spring_petclinic_microservices,v4-confirmation-771621/spring_petclinic_microservices/split/N/0/create_visit,initial,agrum_conditioned,3,1.04038322983864,1.063967511223082
spring_petclinic_microservices,v4-confirmation-771621/spring_petclinic_microservices/split/N/0/create_visit,initial,agrum_joint,3,1.0610027963697295,1.0973103390165906
spring_petclinic_microservices,v4-confirmation-771621/spring_petclinic_microservices/split/N/0/create_visit,initial,storm_sparse,3,1.0365831785007544,1.0838765569149171
spring_petclinic_microservices,v4-confirmation-771621/spring_petclinic_microservices/split/N/0/create_visit,initial,storm_compact,3,1.0130706666015934,1.0659921846163065
spring_petclinic_microservices,v4-confirmation-771621/spring_petclinic_microservices/split/N/0/create_visit,repeat,ours_direct,3,1.0140892576638045,1.2392415689206235
spring_petclinic_microservices,v4-confirmation-771621/spring_petclinic_microservices/split/N/0/create_visit,repeat,ours_prepared,3,0.6598565894180293,1.0221347036771828
spring_petclinic_microservices,v4-confirmation-771621/spring_petclinic_microservices/split/N/0/create_visit,repeat,cudd_fixed,3,0.6726057168522339,0.9843027985607714
spring_petclinic_microservices,v4-confirmation-771621/spring_petclinic_microservices/split/N/0/create_visit,repeat,cudd_sift,3,0.6939714109667394,1.0294317701343825
spring_petclinic_microservices,v4-confirmation-771621/spring_petclinic_microservices/split/N/0/create_visit,repeat,agrum_conditioned,3,0.971267759817491,0.9992012437240578
spring_petclinic_microservices,v4-confirmation-771621/spring_petclinic_microservices/split/N/0/create_visit,repeat,agrum_joint,3,0.9092556313928721,1.0004971045070692
spring_petclinic_microservices,v4-confirmation-771621/spring_petclinic_microservices/split/N/0/create_visit,repeat,storm_sparse,3,1.0128051273899648,1.12911852048664
spring_petclinic_microservices,v4-confirmation-771621/spring_petclinic_microservices/split/N/0/create_visit,repeat,storm_compact,3,0.7915311503143795,0.9569717129400371
spring_petclinic_microservices,v4-confirmation-771621/spring_petclinic_microservices/split/N/0/create_visit,counts,ours_direct,3,0.9822561864060624,1.2015488350981942
spring_petclinic_microservices,v4-confirmation-771621/spring_petclinic_microservices/split/N/0/create_visit,counts,ours_prepared,3,0.6829444518186956,1.060491386980778
spring_petclinic_microservices,v4-confirmation-771621/spring_petclinic_microservices/split/N/0/create_visit,counts,cudd_fixed,3,0.6767912403030191,0.9725219928253525
spring_petclinic_microservices,v4-confirmation-771621/spring_petclinic_microservices/split/N/0/create_visit,counts,cudd_sift,3,0.7076081863409064,1.0220302279124163
spring_petclinic_microservices,v4-confirmation-771621/spring_petclinic_microservices/split/N/0/create_visit,counts,agrum_conditioned,3,0.9647053443533032,0.9909543548254358
spring_petclinic_microservices,v4-confirmation-771621/spring_petclinic_microservices/split/N/0/create_visit,counts,agrum_joint,3,0.914263404773785,0.9938114830800903
spring_petclinic_microservices,v4-confirmation-771621/spring_petclinic_microservices/split/N/0/create_visit,counts,storm_sparse,3,0.9795745837570409,1.0926219290664176
spring_petclinic_microservices,v4-confirmation-771621/spring_petclinic_microservices/split/N/0/create_visit,counts,storm_compact,3,0.8452355493428785,1.0045745132903023
spring_petclinic_microservices,v4-confirmation-771621/spring_petclinic_microservices/split/N/0/create_visit,masks,ours_direct,3,0.8515765046358993,1.0285643772577506
spring_petclinic_microservices,v4-confirmation-771621/spring_petclinic_microservices/split/N/0/create_visit,masks,ours_prepared,3,0.6509559566092566,1.0357408753689705
spring_petclinic_microservices,v4-confirmation-771621/spring_petclinic_microservices/split/N/0/create_visit,masks,cudd_fixed,3,0.676576664392241,0.9740333899616647
spring_petclinic_microservices,v4-confirmation-771621/spring_petclinic_microservices/split/N/0/create_visit,masks,cudd_sift,3,0.6854156732734357,1.0150916014028812
spring_petclinic_microservices,v4-confirmation-771621/spring_petclinic_microservices/split/N/0/create_visit,masks,agrum_conditioned,3,0.9887375789517762,1.0128791220872133
spring_petclinic_microservices,v4-confirmation-771621/spring_petclinic_microservices/split/N/0/create_visit,masks,agrum_joint,3,1.030703581070602,1.0803383478110435
spring_petclinic_microservices,v4-confirmation-771621/spring_petclinic_microservices/split/N/0/create_visit,masks,storm_sparse,3,1.0613804929654878,1.1093968779697807
spring_petclinic_microservices,v4-confirmation-771621/spring_petclinic_microservices/split/N/0/create_visit,masks,storm_compact,3,1.0271797417527317,1.0810873401679857
spring_petclinic_microservices,v4-confirmation-771621/spring_petclinic_microservices/split/N/0/create_visit,metadata,ours_direct,3,0.8779408386202578,1.0583413912177906
spring_petclinic_microservices,v4-confirmation-771621/spring_petclinic_microservices/split/N/0/create_visit,metadata,ours_prepared,3,0.6293247814248717,0.9735307996810095
spring_petclinic_microservices,v4-confirmation-771621/spring_petclinic_microservices/split/N/0/create_visit,metadata,cudd_fixed,3,0.6964744912640245,1.0172414121682787
spring_petclinic_microservices,v4-confirmation-771621/spring_petclinic_microservices/split/N/0/create_visit,metadata,cudd_sift,3,0.6901632392095731,1.0330035703118752
spring_petclinic_microservices,v4-confirmation-771621/spring_petclinic_microservices/split/N/0/create_visit,metadata,agrum_conditioned,3,0.9873552584129388,1.0159055629165983
spring_petclinic_microservices,v4-confirmation-771621/spring_petclinic_microservices/split/N/0/create_visit,metadata,agrum_joint,3,0.9193105297734528,1.0113984488985373
spring_petclinic_microservices,v4-confirmation-771621/spring_petclinic_microservices/split/N/0/create_visit,metadata,storm_sparse,3,0.9872467319317144,1.099852388529064
spring_petclinic_microservices,v4-confirmation-771621/spring_petclinic_microservices/split/N/0/create_visit,metadata,storm_compact,3,0.8531738933871529,1.0578115593410788
spring_petclinic_microservices,v4-confirmation-771621/spring_petclinic_microservices/split/N/0/create_visit,structure,ours_direct,3,0.8437372548767194,1.003270367049625
spring_petclinic_microservices,v4-confirmation-771621/spring_petclinic_microservices/split/N/0/create_visit,structure,ours_prepared,3,0.9155544597204607,1.0771164979970342
spring_petclinic_microservices,v4-confirmation-771621/spring_petclinic_microservices/split/N/0/create_visit,structure,cudd_fixed,3,0.7162461690345368,1.0321021186979935
spring_petclinic_microservices,v4-confirmation-771621/spring_petclinic_microservices/split/N/0/create_visit,structure,cudd_sift,3,0.8367427081176655,1.128140717098311
spring_petclinic_microservices,v4-confirmation-771621/spring_petclinic_microservices/split/N/0/create_visit,structure,agrum_conditioned,3,1.0315247539487413,1.0502367362458065
spring_petclinic_microservices,v4-confirmation-771621/spring_petclinic_microservices/split/N/0/create_visit,structure,agrum_joint,3,1.1248265113505231,1.1560173638461764
spring_petclinic_microservices,v4-confirmation-771621/spring_petclinic_microservices/split/N/0/create_visit,structure,storm_sparse,3,1.0834234322508711,1.1487030948280361
spring_petclinic_microservices,v4-confirmation-771621/spring_petclinic_microservices/split/N/0/create_visit,structure,storm_compact,3,1.0259790890606024,1.085638400386823
spring_petclinic_microservices,v4-confirmation-771621/spring_petclinic_microservices/split/N/0/create_visit,restore,ours_direct,3,1.011599200473678,1.245250688330345
spring_petclinic_microservices,v4-confirmation-771621/spring_petclinic_microservices/split/N/0/create_visit,restore,ours_prepared,3,0.9121816603401788,1.056814025093446
spring_petclinic_microservices,v4-confirmation-771621/spring_petclinic_microservices/split/N/0/create_visit,restore,cudd_fixed,3,0.7067426125261912,1.040060141592346
spring_petclinic_microservices,v4-confirmation-771621/spring_petclinic_microservices/split/N/0/create_visit,restore,cudd_sift,3,0.8113240356153448,1.077200883014014
spring_petclinic_microservices,v4-confirmation-771621/spring_petclinic_microservices/split/N/0/create_visit,restore,agrum_conditioned,3,1.01346029586045,1.0346805556748584
spring_petclinic_microservices,v4-confirmation-771621/spring_petclinic_microservices/split/N/0/create_visit,restore,agrum_joint,3,1.071305689316855,1.1016493973462724
spring_petclinic_microservices,v4-confirmation-771621/spring_petclinic_microservices/split/N/0/create_visit,restore,storm_sparse,3,1.0114943081929433,1.0815113286549392
spring_petclinic_microservices,v4-confirmation-771621/spring_petclinic_microservices/split/N/0/create_visit,restore,storm_compact,3,1.0309191341392923,1.109865570054487
spring_petclinic_microservices,v4-confirmation-771621/spring_petclinic_microservices/split/N/0/list_owners,initial,ours_direct,3,0.680604319608469,1.006464025923613
spring_petclinic_microservices,v4-confirmation-771621/spring_petclinic_microservices/split/N/0/list_owners,initial,ours_prepared,3,0.8085255961948979,1.0517163618140817
spring_petclinic_microservices,v4-confirmation-771621/spring_petclinic_microservices/split/N/0/list_owners,initial,cudd_fixed,3,0.9297254722250068,0.9695111765643755
spring_petclinic_microservices,v4-confirmation-771621/spring_petclinic_microservices/split/N/0/list_owners,initial,cudd_sift,3,0.949537668344478,0.9913047454212676
spring_petclinic_microservices,v4-confirmation-771621/spring_petclinic_microservices/split/N/0/list_owners,initial,agrum_conditioned,3,1.1523130700011135,1.20433698952525
spring_petclinic_microservices,v4-confirmation-771621/spring_petclinic_microservices/split/N/0/list_owners,initial,agrum_joint,3,1.2227102451983938,1.2761539689627064
spring_petclinic_microservices,v4-confirmation-771621/spring_petclinic_microservices/split/N/0/list_owners,initial,storm_sparse,3,0.896913307641086,1.0112073347185897
spring_petclinic_microservices,v4-confirmation-771621/spring_petclinic_microservices/split/N/0/list_owners,initial,storm_compact,3,1.004138721365943,1.13434122496001
spring_petclinic_microservices,v4-confirmation-771621/spring_petclinic_microservices/split/N/0/list_owners,repeat,ours_direct,3,0.6228646390363533,1.000729209600203
spring_petclinic_microservices,v4-confirmation-771621/spring_petclinic_microservices/split/N/0/list_owners,repeat,ours_prepared,3,0.6095486628018986,1.0249320962430595
spring_petclinic_microservices,v4-confirmation-771621/spring_petclinic_microservices/split/N/0/list_owners,repeat,cudd_fixed,3,0.4392254293765608,0.6922474774383397
spring_petclinic_microservices,v4-confirmation-771621/spring_petclinic_microservices/split/N/0/list_owners,repeat,cudd_sift,3,0.4461673665681936,0.6461909236045863
spring_petclinic_microservices,v4-confirmation-771621/spring_petclinic_microservices/split/N/0/list_owners,repeat,agrum_conditioned,3,0.9456289137969969,1.0710639636768347
spring_petclinic_microservices,v4-confirmation-771621/spring_petclinic_microservices/split/N/0/list_owners,repeat,agrum_joint,3,0.8296305621194978,1.0239998189546897
spring_petclinic_microservices,v4-confirmation-771621/spring_petclinic_microservices/split/N/0/list_owners,repeat,storm_sparse,3,0.576247786864514,1.0191715361312157
spring_petclinic_microservices,v4-confirmation-771621/spring_petclinic_microservices/split/N/0/list_owners,repeat,storm_compact,3,0.6074077971273741,1.0488827599977537
spring_petclinic_microservices,v4-confirmation-771621/spring_petclinic_microservices/split/N/0/list_owners,counts,ours_direct,3,0.6122228711758698,1.0205028026873337
spring_petclinic_microservices,v4-confirmation-771621/spring_petclinic_microservices/split/N/0/list_owners,counts,ours_prepared,3,0.6106436573930589,1.1536919018166552
spring_petclinic_microservices,v4-confirmation-771621/spring_petclinic_microservices/split/N/0/list_owners,counts,cudd_fixed,3,0.5350682547818815,0.8927111325478306
spring_petclinic_microservices,v4-confirmation-771621/spring_petclinic_microservices/split/N/0/list_owners,counts,cudd_sift,3,0.5826938130527979,1.018899704263695
spring_petclinic_microservices,v4-confirmation-771621/spring_petclinic_microservices/split/N/0/list_owners,counts,agrum_conditioned,3,0.9598338490649727,1.0883149318678176
spring_petclinic_microservices,v4-confirmation-771621/spring_petclinic_microservices/split/N/0/list_owners,counts,agrum_joint,3,0.8024185575073859,0.9794594827911794
spring_petclinic_microservices,v4-confirmation-771621/spring_petclinic_microservices/split/N/0/list_owners,counts,storm_sparse,3,0.5979677963661068,1.054446980231947
spring_petclinic_microservices,v4-confirmation-771621/spring_petclinic_microservices/split/N/0/list_owners,counts,storm_compact,3,0.552770188644178,0.9850139098533204
spring_petclinic_microservices,v4-confirmation-771621/spring_petclinic_microservices/split/N/0/list_owners,masks,ours_direct,3,0.6250855713533439,1.0108700934730839
spring_petclinic_microservices,v4-confirmation-771621/spring_petclinic_microservices/split/N/0/list_owners,masks,ours_prepared,3,0.5891136801541426,1.0590406154849934
spring_petclinic_microservices,v4-confirmation-771621/spring_petclinic_microservices/split/N/0/list_owners,masks,cudd_fixed,3,0.6061934970640384,1.1760118168389955
spring_petclinic_microservices,v4-confirmation-771621/spring_petclinic_microservices/split/N/0/list_owners,masks,cudd_sift,3,0.5899308224442736,1.0393859918768844
spring_petclinic_microservices,v4-confirmation-771621/spring_petclinic_microservices/split/N/0/list_owners,masks,agrum_conditioned,3,1.0898950486377972,1.1966320721427475
spring_petclinic_microservices,v4-confirmation-771621/spring_petclinic_microservices/split/N/0/list_owners,masks,agrum_joint,3,1.1343002655819228,1.2298587621360222
spring_petclinic_microservices,v4-confirmation-771621/spring_petclinic_microservices/split/N/0/list_owners,masks,storm_sparse,3,0.9144678073399213,1.0237505247844723
spring_petclinic_microservices,v4-confirmation-771621/spring_petclinic_microservices/split/N/0/list_owners,masks,storm_compact,3,0.9959295999169703,1.1068950561791675
spring_petclinic_microservices,v4-confirmation-771621/spring_petclinic_microservices/split/N/0/list_owners,metadata,ours_direct,3,0.5788033187044704,0.9547495336361624
spring_petclinic_microservices,v4-confirmation-771621/spring_petclinic_microservices/split/N/0/list_owners,metadata,ours_prepared,3,0.5366566397450689,1.0158502604692485
spring_petclinic_microservices,v4-confirmation-771621/spring_petclinic_microservices/split/N/0/list_owners,metadata,cudd_fixed,3,0.7581583590793107,1.4170272326536302
spring_petclinic_microservices,v4-confirmation-771621/spring_petclinic_microservices/split/N/0/list_owners,metadata,cudd_sift,3,0.9192092760798733,1.6888110959067901
spring_petclinic_microservices,v4-confirmation-771621/spring_petclinic_microservices/split/N/0/list_owners,metadata,agrum_conditioned,3,0.9924417706380194,1.1294926440557191
spring_petclinic_microservices,v4-confirmation-771621/spring_petclinic_microservices/split/N/0/list_owners,metadata,agrum_joint,3,0.8343151553070525,1.0332571791535616
spring_petclinic_microservices,v4-confirmation-771621/spring_petclinic_microservices/split/N/0/list_owners,metadata,storm_sparse,3,0.6910736649283165,1.0627359850122495
spring_petclinic_microservices,v4-confirmation-771621/spring_petclinic_microservices/split/N/0/list_owners,metadata,storm_compact,3,0.6709666598950238,0.967920614797932
spring_petclinic_microservices,v4-confirmation-771621/spring_petclinic_microservices/split/N/0/list_owners,structure,ours_direct,3,0.584047944327557,0.9953333475880944
spring_petclinic_microservices,v4-confirmation-771621/spring_petclinic_microservices/split/N/0/list_owners,structure,ours_prepared,3,0.8291675848102329,1.2115301873165634
spring_petclinic_microservices,v4-confirmation-771621/spring_petclinic_microservices/split/N/0/list_owners,structure,cudd_fixed,3,0.5961607313347336,1.0455854076261124
spring_petclinic_microservices,v4-confirmation-771621/spring_petclinic_microservices/split/N/0/list_owners,structure,cudd_sift,3,0.789394538592611,1.1358081606097221
spring_petclinic_microservices,v4-confirmation-771621/spring_petclinic_microservices/split/N/0/list_owners,structure,agrum_conditioned,3,1.1569948020225695,1.2488326735884347
spring_petclinic_microservices,v4-confirmation-771621/spring_petclinic_microservices/split/N/0/list_owners,structure,agrum_joint,3,1.237725824328351,1.3148554503683478
spring_petclinic_microservices,v4-confirmation-771621/spring_petclinic_microservices/split/N/0/list_owners,structure,storm_sparse,3,0.8648792590780955,1.0959929249666571
spring_petclinic_microservices,v4-confirmation-771621/spring_petclinic_microservices/split/N/0/list_owners,structure,storm_compact,3,0.8864654446734475,1.0838744777462352
spring_petclinic_microservices,v4-confirmation-771621/spring_petclinic_microservices/split/N/0/list_owners,restore,ours_direct,3,0.5884838846208108,0.9862689368403453
spring_petclinic_microservices,v4-confirmation-771621/spring_petclinic_microservices/split/N/0/list_owners,restore,ours_prepared,3,0.6955407979569622,1.0082755314413123
spring_petclinic_microservices,v4-confirmation-771621/spring_petclinic_microservices/split/N/0/list_owners,restore,cudd_fixed,3,0.5854164389023583,0.9338172831878909
spring_petclinic_microservices,v4-confirmation-771621/spring_petclinic_microservices/split/N/0/list_owners,restore,cudd_sift,3,0.7544280717422044,1.1035552904390407
spring_petclinic_microservices,v4-confirmation-771621/spring_petclinic_microservices/split/N/0/list_owners,restore,agrum_conditioned,3,1.2172257981502255,1.2910102550558724
spring_petclinic_microservices,v4-confirmation-771621/spring_petclinic_microservices/split/N/0/list_owners,restore,agrum_joint,3,1.2219905496238042,1.2878071128726374
spring_petclinic_microservices,v4-confirmation-771621/spring_petclinic_microservices/split/N/0/list_owners,restore,storm_sparse,3,0.7206503144255596,0.9402956471295087
spring_petclinic_microservices,v4-confirmation-771621/spring_petclinic_microservices/split/N/0/list_owners,restore,storm_compact,3,0.7861912639879772,1.1229544975054304
spring_petclinic_microservices,v4-confirmation-771621/spring_petclinic_microservices/split/N/0/list_vets,initial,ours_direct,3,0.6778023439272655,0.9825697268527586
spring_petclinic_microservices,v4-confirmation-771621/spring_petclinic_microservices/split/N/0/list_vets,initial,ours_prepared,3,0.784488116284823,1.0248918490259826
spring_petclinic_microservices,v4-confirmation-771621/spring_petclinic_microservices/split/N/0/list_vets,initial,cudd_fixed,3,1.0387142446236803,1.0737392382517255
spring_petclinic_microservices,v4-confirmation-771621/spring_petclinic_microservices/split/N/0/list_vets,initial,cudd_sift,3,0.9309889256917261,0.9615921127227977
spring_petclinic_microservices,v4-confirmation-771621/spring_petclinic_microservices/split/N/0/list_vets,initial,agrum_conditioned,3,1.106754753889819,1.154107482847894
spring_petclinic_microservices,v4-confirmation-771621/spring_petclinic_microservices/split/N/0/list_vets,initial,agrum_joint,3,1.093686461202371,1.137958308202009
spring_petclinic_microservices,v4-confirmation-771621/spring_petclinic_microservices/split/N/0/list_vets,initial,storm_sparse,3,0.9167387392012917,1.0275419033359312
spring_petclinic_microservices,v4-confirmation-771621/spring_petclinic_microservices/split/N/0/list_vets,initial,storm_compact,3,0.925611120980636,1.0308289724402118
spring_petclinic_microservices,v4-confirmation-771621/spring_petclinic_microservices/split/N/0/list_vets,repeat,ours_direct,3,0.7283431134341498,1.1554591831039371
spring_petclinic_microservices,v4-confirmation-771621/spring_petclinic_microservices/split/N/0/list_vets,repeat,ours_prepared,3,0.569248687959734,0.9987487705581355
spring_petclinic_microservices,v4-confirmation-771621/spring_petclinic_microservices/split/N/0/list_vets,repeat,cudd_fixed,3,0.610639825355662,1.0177035375840982
spring_petclinic_microservices,v4-confirmation-771621/spring_petclinic_microservices/split/N/0/list_vets,repeat,cudd_sift,3,0.5773761514256736,0.9480804067083504
spring_petclinic_microservices,v4-confirmation-771621/spring_petclinic_microservices/split/N/0/list_vets,repeat,agrum_conditioned,3,0.9857087924970692,1.1062909130083036
spring_petclinic_microservices,v4-confirmation-771621/spring_petclinic_microservices/split/N/0/list_vets,repeat,agrum_joint,3,0.7953234639480371,0.9558965504437266
spring_petclinic_microservices,v4-confirmation-771621/spring_petclinic_microservices/split/N/0/list_vets,repeat,storm_sparse,3,0.5958675622929243,0.992649612223637
spring_petclinic_microservices,v4-confirmation-771621/spring_petclinic_microservices/split/N/0/list_vets,repeat,storm_compact,3,0.5763256498741928,0.9823263822979093
spring_petclinic_microservices,v4-confirmation-771621/spring_petclinic_microservices/split/N/0/list_vets,counts,ours_direct,3,0.6427322493064983,1.0124048625167192
spring_petclinic_microservices,v4-confirmation-771621/spring_petclinic_microservices/split/N/0/list_vets,counts,ours_prepared,3,0.6025722747802023,1.0070987265996967
spring_petclinic_microservices,v4-confirmation-771621/spring_petclinic_microservices/split/N/0/list_vets,counts,cudd_fixed,3,0.4541594898353025,0.6369809210066338
spring_petclinic_microservices,v4-confirmation-771621/spring_petclinic_microservices/split/N/0/list_vets,counts,cudd_sift,3,0.43194219728786765,0.6087427627490105
spring_petclinic_microservices,v4-confirmation-771621/spring_petclinic_microservices/split/N/0/list_vets,counts,agrum_conditioned,3,0.9558744547283938,1.063862368616794
spring_petclinic_microservices,v4-confirmation-771621/spring_petclinic_microservices/split/N/0/list_vets,counts,agrum_joint,3,0.7991016309213343,0.9530805642955176
spring_petclinic_microservices,v4-confirmation-771621/spring_petclinic_microservices/split/N/0/list_vets,counts,storm_sparse,3,0.5672289981065539,0.9472011360016986
spring_petclinic_microservices,v4-confirmation-771621/spring_petclinic_microservices/split/N/0/list_vets,counts,storm_compact,3,0.6069497541777719,1.0394187816012959
spring_petclinic_microservices,v4-confirmation-771621/spring_petclinic_microservices/split/N/0/list_vets,masks,ours_direct,3,0.6239226676700084,1.001655328798186
spring_petclinic_microservices,v4-confirmation-771621/spring_petclinic_microservices/split/N/0/list_vets,masks,ours_prepared,3,0.526655672188839,0.8440030531372132
spring_petclinic_microservices,v4-confirmation-771621/spring_petclinic_microservices/split/N/0/list_vets,masks,cudd_fixed,3,0.5671884769646043,1.0080467689179338
spring_petclinic_microservices,v4-confirmation-771621/spring_petclinic_microservices/split/N/0/list_vets,masks,cudd_sift,3,0.5811762997607967,1.0220535093111065
spring_petclinic_microservices,v4-confirmation-771621/spring_petclinic_microservices/split/N/0/list_vets,masks,agrum_conditioned,3,1.0390298036896086,1.1268311438447456
spring_petclinic_microservices,v4-confirmation-771621/spring_petclinic_microservices/split/N/0/list_vets,masks,agrum_joint,3,1.060547544034326,1.1381120335511712
spring_petclinic_microservices,v4-confirmation-771621/spring_petclinic_microservices/split/N/0/list_vets,masks,storm_sparse,3,0.9015009781782944,0.9990124178062714
spring_petclinic_microservices,v4-confirmation-771621/spring_petclinic_microservices/split/N/0/list_vets,masks,storm_compact,3,0.9041451189834495,0.9977376549923863
spring_petclinic_microservices,v4-confirmation-771621/spring_petclinic_microservices/split/N/0/list_vets,metadata,ours_direct,3,0.6248845831498502,0.9965173846241393
spring_petclinic_microservices,v4-confirmation-771621/spring_petclinic_microservices/split/N/0/list_vets,metadata,ours_prepared,3,0.5522856137332343,0.9855357994222733
spring_petclinic_microservices,v4-confirmation-771621/spring_petclinic_microservices/split/N/0/list_vets,metadata,cudd_fixed,3,0.8624848144701227,1.436614703561065
spring_petclinic_microservices,v4-confirmation-771621/spring_petclinic_microservices/split/N/0/list_vets,metadata,cudd_sift,3,0.8823188095983386,1.5431659934091635
spring_petclinic_microservices,v4-confirmation-771621/spring_petclinic_microservices/split/N/0/list_vets,metadata,agrum_conditioned,3,0.958248605154589,1.0732723018772021
spring_petclinic_microservices,v4-confirmation-771621/spring_petclinic_microservices/split/N/0/list_vets,metadata,agrum_joint,3,0.8013275857248352,0.9832689520505995
spring_petclinic_microservices,v4-confirmation-771621/spring_petclinic_microservices/split/N/0/list_vets,metadata,storm_sparse,3,0.787996876240488,1.1137108370815236
spring_petclinic_microservices,v4-confirmation-771621/spring_petclinic_microservices/split/N/0/list_vets,metadata,storm_compact,3,0.6742644456967616,0.9534735855791541
spring_petclinic_microservices,v4-confirmation-771621/spring_petclinic_microservices/split/N/0/list_vets,structure,ours_direct,3,0.5790751038402329,1.0088210546258993
spring_petclinic_microservices,v4-confirmation-771621/spring_petclinic_microservices/split/N/0/list_vets,structure,ours_prepared,3,0.7439148922799778,1.0425251997600944
spring_petclinic_microservices,v4-confirmation-771621/spring_petclinic_microservices/split/N/0/list_vets,structure,cudd_fixed,3,0.6875548192183998,1.1100914889254623
spring_petclinic_microservices,v4-confirmation-771621/spring_petclinic_microservices/split/N/0/list_vets,structure,cudd_sift,3,0.8441357827679974,1.1897621806417567
spring_petclinic_microservices,v4-confirmation-771621/spring_petclinic_microservices/split/N/0/list_vets,structure,agrum_conditioned,3,1.10784091673729,1.1697605844596823
spring_petclinic_microservices,v4-confirmation-771621/spring_petclinic_microservices/split/N/0/list_vets,structure,agrum_joint,3,1.0956636149556884,1.152417726442427
spring_petclinic_microservices,v4-confirmation-771621/spring_petclinic_microservices/split/N/0/list_vets,structure,storm_sparse,3,0.8118555178502275,1.0321232263837403
spring_petclinic_microservices,v4-confirmation-771621/spring_petclinic_microservices/split/N/0/list_vets,structure,storm_compact,3,0.7578049015325836,0.892293086796352
spring_petclinic_microservices,v4-confirmation-771621/spring_petclinic_microservices/split/N/0/list_vets,restore,ours_direct,3,0.5656810022604045,0.9354209596702974
spring_petclinic_microservices,v4-confirmation-771621/spring_petclinic_microservices/split/N/0/list_vets,restore,ours_prepared,3,0.6921208043657023,0.9963979928125466
spring_petclinic_microservices,v4-confirmation-771621/spring_petclinic_microservices/split/N/0/list_vets,restore,cudd_fixed,3,0.5847202344442173,0.9123338075322759
spring_petclinic_microservices,v4-confirmation-771621/spring_petclinic_microservices/split/N/0/list_vets,restore,cudd_sift,3,0.8013807753584705,1.142100632078594
spring_petclinic_microservices,v4-confirmation-771621/spring_petclinic_microservices/split/N/0/list_vets,restore,agrum_conditioned,3,1.1028981204426234,1.1677924119934264
spring_petclinic_microservices,v4-confirmation-771621/spring_petclinic_microservices/split/N/0/list_vets,restore,agrum_joint,3,1.107489342770108,1.1745903638675028
spring_petclinic_microservices,v4-confirmation-771621/spring_petclinic_microservices/split/N/0/list_vets,restore,storm_sparse,3,0.7367503385944273,1.0298390596403841
spring_petclinic_microservices,v4-confirmation-771621/spring_petclinic_microservices/split/N/0/list_vets,restore,storm_compact,3,0.9565387217142732,1.2406748774485454
spring_petclinic_microservices,v4-confirmation-771621/spring_petclinic_microservices/split/N/0/owner_details_with_visits,initial,ours_direct,3,1.0247696151232997,1.2749814740450336
spring_petclinic_microservices,v4-confirmation-771621/spring_petclinic_microservices/split/N/0/owner_details_with_visits,initial,ours_prepared,3,0.9803124053038058,1.1542829094864753
spring_petclinic_microservices,v4-confirmation-771621/spring_petclinic_microservices/split/N/0/owner_details_with_visits,initial,cudd_fixed,3,0.9749696302334864,1.0730198122829142
spring_petclinic_microservices,v4-confirmation-771621/spring_petclinic_microservices/split/N/0/owner_details_with_visits,initial,cudd_sift,3,0.9351401670336756,1.0174964346064883
spring_petclinic_microservices,v4-confirmation-771621/spring_petclinic_microservices/split/N/0/owner_details_with_visits,initial,agrum_conditioned,3,1.102833998803629,1.136051782777965
spring_petclinic_microservices,v4-confirmation-771621/spring_petclinic_microservices/split/N/0/owner_details_with_visits,initial,agrum_joint,3,1.1117575324718199,1.1568538539655207
spring_petclinic_microservices,v4-confirmation-771621/spring_petclinic_microservices/split/N/0/owner_details_with_visits,initial,storm_sparse,3,1.0498351255002856,1.1038390576324735
spring_petclinic_microservices,v4-confirmation-771621/spring_petclinic_microservices/split/N/0/owner_details_with_visits,initial,storm_compact,3,1.0190003084700534,1.0854980488305193
spring_petclinic_microservices,v4-confirmation-771621/spring_petclinic_microservices/split/N/0/owner_details_with_visits,repeat,ours_direct,3,1.0108071839773456,1.2744032938777652
spring_petclinic_microservices,v4-confirmation-771621/spring_petclinic_microservices/split/N/0/owner_details_with_visits,repeat,ours_prepared,3,0.6073452833762846,1.034942509989399
spring_petclinic_microservices,v4-confirmation-771621/spring_petclinic_microservices/split/N/0/owner_details_with_visits,repeat,cudd_fixed,3,0.647864156901368,1.039094020951662
spring_petclinic_microservices,v4-confirmation-771621/spring_petclinic_microservices/split/N/0/owner_details_with_visits,repeat,cudd_sift,3,0.6565182992572478,1.046453734431066
spring_petclinic_microservices,v4-confirmation-771621/spring_petclinic_microservices/split/N/0/owner_details_with_visits,repeat,agrum_conditioned,3,1.0117873381046874,1.052067907508584
spring_petclinic_microservices,v4-confirmation-771621/spring_petclinic_microservices/split/N/0/owner_details_with_visits,repeat,agrum_joint,3,0.8910312074650633,1.0078896595011257
spring_petclinic_microservices,v4-confirmation-771621/spring_petclinic_microservices/split/N/0/owner_details_with_visits,repeat,storm_sparse,3,0.9909865286510455,1.1355692017005197
spring_petclinic_microservices,v4-confirmation-771621/spring_petclinic_microservices/split/N/0/owner_details_with_visits,repeat,storm_compact,3,0.8123662248058188,1.0501329484439157
spring_petclinic_microservices,v4-confirmation-771621/spring_petclinic_microservices/split/N/0/owner_details_with_visits,counts,ours_direct,3,1.0131488768970764,1.276960606016518
spring_petclinic_microservices,v4-confirmation-771621/spring_petclinic_microservices/split/N/0/owner_details_with_visits,counts,ours_prepared,3,0.6247483318898999,1.0486211073897242
spring_petclinic_microservices,v4-confirmation-771621/spring_petclinic_microservices/split/N/0/owner_details_with_visits,counts,cudd_fixed,3,0.6322288196460671,1.0351390762116621
spring_petclinic_microservices,v4-confirmation-771621/spring_petclinic_microservices/split/N/0/owner_details_with_visits,counts,cudd_sift,3,0.6684568769924466,1.060648095459982
spring_petclinic_microservices,v4-confirmation-771621/spring_petclinic_microservices/split/N/0/owner_details_with_visits,counts,agrum_conditioned,3,1.037955867140634,1.0751884090050745
spring_petclinic_microservices,v4-confirmation-771621/spring_petclinic_microservices/split/N/0/owner_details_with_visits,counts,agrum_joint,3,0.8962638518585077,1.0033446124527041
spring_petclinic_microservices,v4-confirmation-771621/spring_petclinic_microservices/split/N/0/owner_details_with_visits,counts,storm_sparse,3,1.0082841644363778,1.135656067605258
spring_petclinic_microservices,v4-confirmation-771621/spring_petclinic_microservices/split/N/0/owner_details_with_visits,counts,storm_compact,3,0.83878471059597,1.0164772022332507
spring_petclinic_microservices,v4-confirmation-771621/spring_petclinic_microservices/split/N/0/owner_details_with_visits,masks,ours_direct,3,0.9734956420161607,1.221244909162295
spring_petclinic_microservices,v4-confirmation-771621/spring_petclinic_microservices/split/N/0/owner_details_with_visits,masks,ours_prepared,3,0.594672762780537,1.004608963890401
spring_petclinic_microservices,v4-confirmation-771621/spring_petclinic_microservices/split/N/0/owner_details_with_visits,masks,cudd_fixed,3,0.6750924650770159,1.1054427428246887
spring_petclinic_microservices,v4-confirmation-771621/spring_petclinic_microservices/split/N/0/owner_details_with_visits,masks,cudd_sift,3,0.6619032245201936,1.0902728237607224
spring_petclinic_microservices,v4-confirmation-771621/spring_petclinic_microservices/split/N/0/owner_details_with_visits,masks,agrum_conditioned,3,1.1129264660457876,1.1506380023823346
spring_petclinic_microservices,v4-confirmation-771621/spring_petclinic_microservices/split/N/0/owner_details_with_visits,masks,agrum_joint,3,1.086049327834344,1.1518955925564647
spring_petclinic_microservices,v4-confirmation-771621/spring_petclinic_microservices/split/N/0/owner_details_with_visits,masks,storm_sparse,3,1.0999740252456902,1.1923877935226397
spring_petclinic_microservices,v4-confirmation-771621/spring_petclinic_microservices/split/N/0/owner_details_with_visits,masks,storm_compact,3,1.0956968481465696,1.198072824991209
spring_petclinic_microservices,v4-confirmation-771621/spring_petclinic_microservices/split/N/0/owner_details_with_visits,metadata,ours_direct,3,1.0041745886516078,1.2500378028222074
spring_petclinic_microservices,v4-confirmation-771621/spring_petclinic_microservices/split/N/0/owner_details_with_visits,metadata,ours_prepared,3,0.578203269316462,1.0303743784372206
spring_petclinic_microservices,v4-confirmation-771621/spring_petclinic_microservices/split/N/0/owner_details_with_visits,metadata,cudd_fixed,3,0.6783136318511795,1.111828388402648
spring_petclinic_microservices,v4-confirmation-771621/spring_petclinic_microservices/split/N/0/owner_details_with_visits,metadata,cudd_sift,3,0.6626329652174502,1.0870973059266904
spring_petclinic_microservices,v4-confirmation-771621/spring_petclinic_microservices/split/N/0/owner_details_with_visits,metadata,agrum_conditioned,3,1.0433839396402083,1.0860510376899601
spring_petclinic_microservices,v4-confirmation-771621/spring_petclinic_microservices/split/N/0/owner_details_with_visits,metadata,agrum_joint,3,0.9089184170266812,1.0232318442703596
spring_petclinic_microservices,v4-confirmation-771621/spring_petclinic_microservices/split/N/0/owner_details_with_visits,metadata,storm_sparse,3,1.0051187380148563,1.1640897403536392
spring_petclinic_microservices,v4-confirmation-771621/spring_petclinic_microservices/split/N/0/owner_details_with_visits,metadata,storm_compact,3,0.7997156849764168,1.029386794332284
spring_petclinic_microservices,v4-confirmation-771621/spring_petclinic_microservices/split/N/0/owner_details_with_visits,structure,ours_direct,3,0.9893538482768137,1.2705787338086891
spring_petclinic_microservices,v4-confirmation-771621/spring_petclinic_microservices/split/N/0/owner_details_with_visits,structure,ours_prepared,3,1.008401218475379,1.1957330470992868
spring_petclinic_microservices,v4-confirmation-771621/spring_petclinic_microservices/split/N/0/owner_details_with_visits,structure,cudd_fixed,3,0.6795188901642784,1.0804407702282632
spring_petclinic_microservices,v4-confirmation-771621/spring_petclinic_microservices/split/N/0/owner_details_with_visits,structure,cudd_sift,3,0.8715952627598,1.2314531434832776
spring_petclinic_microservices,v4-confirmation-771621/spring_petclinic_microservices/split/N/0/owner_details_with_visits,structure,agrum_conditioned,3,1.1425463400645728,1.171229053536031
spring_petclinic_microservices,v4-confirmation-771621/spring_petclinic_microservices/split/N/0/owner_details_with_visits,structure,agrum_joint,3,1.1441488725845073,1.1821467239009624
spring_petclinic_microservices,v4-confirmation-771621/spring_petclinic_microservices/split/N/0/owner_details_with_visits,structure,storm_sparse,3,1.1020100754865956,1.1968296068981514
spring_petclinic_microservices,v4-confirmation-771621/spring_petclinic_microservices/split/N/0/owner_details_with_visits,structure,storm_compact,3,1.1111364971132909,1.2006845266410158
spring_petclinic_microservices,v4-confirmation-771621/spring_petclinic_microservices/split/N/0/owner_details_with_visits,restore,ours_direct,3,1.0351542456572018,1.315997160777281
spring_petclinic_microservices,v4-confirmation-771621/spring_petclinic_microservices/split/N/0/owner_details_with_visits,restore,ours_prepared,3,0.9378161134615921,1.124060424724513
spring_petclinic_microservices,v4-confirmation-771621/spring_petclinic_microservices/split/N/0/owner_details_with_visits,restore,cudd_fixed,3,0.6294918344402748,0.9760147958788442
spring_petclinic_microservices,v4-confirmation-771621/spring_petclinic_microservices/split/N/0/owner_details_with_visits,restore,cudd_sift,3,0.7754066183611258,1.0748744018651764
spring_petclinic_microservices,v4-confirmation-771621/spring_petclinic_microservices/split/N/0/owner_details_with_visits,restore,agrum_conditioned,3,1.1681067973118107,1.1954220011255121
spring_petclinic_microservices,v4-confirmation-771621/spring_petclinic_microservices/split/N/0/owner_details_with_visits,restore,agrum_joint,3,1.146122239204113,1.18798482977771
spring_petclinic_microservices,v4-confirmation-771621/spring_petclinic_microservices/split/N/0/owner_details_with_visits,restore,storm_sparse,3,1.09190677174858,1.1769644802295365
spring_petclinic_microservices,v4-confirmation-771621/spring_petclinic_microservices/split/N/0/owner_details_with_visits,restore,storm_compact,3,1.1125474849479027,1.2161340193367176
spring_petclinic_microservices,v4-confirmation-771621/spring_petclinic_microservices/split/N/1/create_visit,initial,ours_direct,3,0.9737323550926698,1.2064024984308481
spring_petclinic_microservices,v4-confirmation-771621/spring_petclinic_microservices/split/N/1/create_visit,initial,ours_prepared,3,0.9246820514740473,1.0817297555448862
spring_petclinic_microservices,v4-confirmation-771621/spring_petclinic_microservices/split/N/1/create_visit,initial,cudd_fixed,3,0.9127070650284758,0.9712547444437817
spring_petclinic_microservices,v4-confirmation-771621/spring_petclinic_microservices/split/N/1/create_visit,initial,cudd_sift,3,0.9401319909328164,0.9943979777996322
spring_petclinic_microservices,v4-confirmation-771621/spring_petclinic_microservices/split/N/1/create_visit,initial,agrum_conditioned,3,1.0530186525004648,1.0786360719888963
spring_petclinic_microservices,v4-confirmation-771621/spring_petclinic_microservices/split/N/1/create_visit,initial,agrum_joint,3,1.05033365462699,1.0862239369967694
spring_petclinic_microservices,v4-confirmation-771621/spring_petclinic_microservices/split/N/1/create_visit,initial,storm_sparse,3,1.0128955126022445,1.0574528508762036
spring_petclinic_microservices,v4-confirmation-771621/spring_petclinic_microservices/split/N/1/create_visit,initial,storm_compact,3,1.0175053413763506,1.0658822742989384
spring_petclinic_microservices,v4-confirmation-771621/spring_petclinic_microservices/split/N/1/create_visit,repeat,ours_direct,3,1.0582683201308904,1.310998406423887
spring_petclinic_microservices,v4-confirmation-771621/spring_petclinic_microservices/split/N/1/create_visit,repeat,ours_prepared,3,0.646636926981084,1.0063847580263972
spring_petclinic_microservices,v4-confirmation-771621/spring_petclinic_microservices/split/N/1/create_visit,repeat,cudd_fixed,3,0.6786686742518951,1.0001043805017222
spring_petclinic_microservices,v4-confirmation-771621/spring_petclinic_microservices/split/N/1/create_visit,repeat,cudd_sift,3,0.6541119012098311,0.9628744864748967
spring_petclinic_microservices,v4-confirmation-771621/spring_petclinic_microservices/split/N/1/create_visit,repeat,agrum_conditioned,3,0.9543592562985829,0.9832186544680542
spring_petclinic_microservices,v4-confirmation-771621/spring_petclinic_microservices/split/N/1/create_visit,repeat,agrum_joint,3,0.8859388637825566,0.9726123569587602
spring_petclinic_microservices,v4-confirmation-771621/spring_petclinic_microservices/split/N/1/create_visit,repeat,storm_sparse,3,0.991427534542467,1.1038435879612984
spring_petclinic_microservices,v4-confirmation-771621/spring_petclinic_microservices/split/N/1/create_visit,repeat,storm_compact,3,0.8415070418453692,1.0130935265681837
spring_petclinic_microservices,v4-confirmation-771621/spring_petclinic_microservices/split/N/1/create_visit,counts,ours_direct,3,0.9906045411804447,1.2203062545265662
spring_petclinic_microservices,v4-confirmation-771621/spring_petclinic_microservices/split/N/1/create_visit,counts,ours_prepared,3,0.6587535395468427,1.0112049718828393
spring_petclinic_microservices,v4-confirmation-771621/spring_petclinic_microservices/split/N/1/create_visit,counts,cudd_fixed,3,0.6562385466718612,0.9621362669313479
spring_petclinic_microservices,v4-confirmation-771621/spring_petclinic_microservices/split/N/1/create_visit,counts,cudd_sift,3,0.6860497318829037,0.993817600322341
spring_petclinic_microservices,v4-confirmation-771621/spring_petclinic_microservices/split/N/1/create_visit,counts,agrum_conditioned,3,0.9500392063450949,0.9773500931103427
spring_petclinic_microservices,v4-confirmation-771621/spring_petclinic_microservices/split/N/1/create_visit,counts,agrum_joint,3,0.9059983858614833,0.9914180620629993
spring_petclinic_microservices,v4-confirmation-771621/spring_petclinic_microservices/split/N/1/create_visit,counts,storm_sparse,3,0.9704642154267072,1.0641294957810596
spring_petclinic_microservices,v4-confirmation-771621/spring_petclinic_microservices/split/N/1/create_visit,counts,storm_compact,3,0.8525669267028545,1.0233803651690019
spring_petclinic_microservices,v4-confirmation-771621/spring_petclinic_microservices/split/N/1/create_visit,masks,ours_direct,3,0.8700251750181053,1.0443456915239904
spring_petclinic_microservices,v4-confirmation-771621/spring_petclinic_microservices/split/N/1/create_visit,masks,ours_prepared,3,0.6147823468397631,0.9294582483786616
spring_petclinic_microservices,v4-confirmation-771621/spring_petclinic_microservices/split/N/1/create_visit,masks,cudd_fixed,3,0.6843086425448968,1.0040324118611816
spring_petclinic_microservices,v4-confirmation-771621/spring_petclinic_microservices/split/N/1/create_visit,masks,cudd_sift,3,0.6849960185582195,1.0012336201517291
spring_petclinic_microservices,v4-confirmation-771621/spring_petclinic_microservices/split/N/1/create_visit,masks,agrum_conditioned,3,1.0063580143775837,1.0341356849383705
spring_petclinic_microservices,v4-confirmation-771621/spring_petclinic_microservices/split/N/1/create_visit,masks,agrum_joint,3,1.032653620294202,1.0762381850592255
spring_petclinic_microservices,v4-confirmation-771621/spring_petclinic_microservices/split/N/1/create_visit,masks,storm_sparse,3,1.0436504730309566,1.0909924822737926
spring_petclinic_microservices,v4-confirmation-771621/spring_petclinic_microservices/split/N/1/create_visit,masks,storm_compact,3,1.0549024168933672,1.1090272680574025
spring_petclinic_microservices,v4-confirmation-771621/spring_petclinic_microservices/split/N/1/create_visit,metadata,ours_direct,3,0.8769061133900367,1.0430024313610982
spring_petclinic_microservices,v4-confirmation-771621/spring_petclinic_microservices/split/N/1/create_visit,metadata,ours_prepared,3,0.6418587642974626,1.0249241830852966
spring_petclinic_microservices,v4-confirmation-771621/spring_petclinic_microservices/split/N/1/create_visit,metadata,cudd_fixed,3,0.6556029448584375,0.9723610203309367
spring_petclinic_microservices,v4-confirmation-771621/spring_petclinic_microservices/split/N/1/create_visit,metadata,cudd_sift,3,0.7057974507870421,1.0458239664243736
spring_petclinic_microservices,v4-confirmation-771621/spring_petclinic_microservices/split/N/1/create_visit,metadata,agrum_conditioned,3,0.9579575437193927,0.9945675238473762
spring_petclinic_microservices,v4-confirmation-771621/spring_petclinic_microservices/split/N/1/create_visit,metadata,agrum_joint,3,0.894641718011029,0.9831270985465731
spring_petclinic_microservices,v4-confirmation-771621/spring_petclinic_microservices/split/N/1/create_visit,metadata,storm_sparse,3,0.9841800507133174,1.0917180181728412
spring_petclinic_microservices,v4-confirmation-771621/spring_petclinic_microservices/split/N/1/create_visit,metadata,storm_compact,3,0.8956969646544486,1.082098594395689
spring_petclinic_microservices,v4-confirmation-771621/spring_petclinic_microservices/split/N/1/create_visit,structure,ours_direct,3,0.8605784933045494,1.0281763685449326
spring_petclinic_microservices,v4-confirmation-771621/spring_petclinic_microservices/split/N/1/create_visit,structure,ours_prepared,3,0.891164109616076,1.0328284231019687
spring_petclinic_microservices,v4-confirmation-771621/spring_petclinic_microservices/split/N/1/create_visit,structure,cudd_fixed,3,0.7132906240903848,1.036742586179171
spring_petclinic_microservices,v4-confirmation-771621/spring_petclinic_microservices/split/N/1/create_visit,structure,cudd_sift,3,0.8558445126393543,1.1432200264131638
spring_petclinic_microservices,v4-confirmation-771621/spring_petclinic_microservices/split/N/1/create_visit,structure,agrum_conditioned,3,1.0417429079109508,1.0608199275373515
spring_petclinic_microservices,v4-confirmation-771621/spring_petclinic_microservices/split/N/1/create_visit,structure,agrum_joint,3,1.0714151970618095,1.0995534005534562
spring_petclinic_microservices,v4-confirmation-771621/spring_petclinic_microservices/split/N/1/create_visit,structure,storm_sparse,3,1.0427215104524195,1.108209079523267
spring_petclinic_microservices,v4-confirmation-771621/spring_petclinic_microservices/split/N/1/create_visit,structure,storm_compact,3,1.0885703710827366,1.1519661192378343
spring_petclinic_microservices,v4-confirmation-771621/spring_petclinic_microservices/split/N/1/create_visit,restore,ours_direct,3,0.9876240089288982,1.2121219091912872
spring_petclinic_microservices,v4-confirmation-771621/spring_petclinic_microservices/split/N/1/create_visit,restore,ours_prepared,3,0.944641582512371,1.0949095427702866
spring_petclinic_microservices,v4-confirmation-771621/spring_petclinic_microservices/split/N/1/create_visit,restore,cudd_fixed,3,0.7402578674570061,1.0678158065050194
spring_petclinic_microservices,v4-confirmation-771621/spring_petclinic_microservices/split/N/1/create_visit,restore,cudd_sift,3,0.8251953679557239,1.1341904059351051
spring_petclinic_microservices,v4-confirmation-771621/spring_petclinic_microservices/split/N/1/create_visit,restore,agrum_conditioned,3,1.0574422673486594,1.0779153106469712
spring_petclinic_microservices,v4-confirmation-771621/spring_petclinic_microservices/split/N/1/create_visit,restore,agrum_joint,3,1.0501338870362873,1.0817372697196528
spring_petclinic_microservices,v4-confirmation-771621/spring_petclinic_microservices/split/N/1/create_visit,restore,storm_sparse,3,1.0043660311647176,1.0669139448653877
spring_petclinic_microservices,v4-confirmation-771621/spring_petclinic_microservices/split/N/1/create_visit,restore,storm_compact,3,1.0475535137738776,1.130689312993216
spring_petclinic_microservices,v4-confirmation-771621/spring_petclinic_microservices/split/N/1/list_owners,initial,ours_direct,3,0.7105503157091474,1.0224333221015527
spring_petclinic_microservices,v4-confirmation-771621/spring_petclinic_microservices/split/N/1/list_owners,initial,ours_prepared,3,0.8125681013668262,1.0592442522306336
spring_petclinic_microservices,v4-confirmation-771621/spring_petclinic_microservices/split/N/1/list_owners,initial,cudd_fixed,3,0.9571467655858046,1.0033335507010108
spring_petclinic_microservices,v4-confirmation-771621/spring_petclinic_microservices/split/N/1/list_owners,initial,cudd_sift,3,0.9702957438463241,1.0090530974413623
spring_petclinic_microservices,v4-confirmation-771621/spring_petclinic_microservices/split/N/1/list_owners,initial,agrum_conditioned,3,1.2120728813770112,1.2668579021894264
spring_petclinic_microservices,v4-confirmation-771621/spring_petclinic_microservices/split/N/1/list_owners,initial,agrum_joint,3,1.2060608555626455,1.258013163107482
spring_petclinic_microservices,v4-confirmation-771621/spring_petclinic_microservices/split/N/1/list_owners,initial,storm_sparse,3,0.8916945148528873,1.0090339772701686
spring_petclinic_microservices,v4-confirmation-771621/spring_petclinic_microservices/split/N/1/list_owners,initial,storm_compact,3,0.9172499879201765,1.0271141087435192
spring_petclinic_microservices,v4-confirmation-771621/spring_petclinic_microservices/split/N/1/list_owners,repeat,ours_direct,3,0.6306826187971674,1.022565850668588
spring_petclinic_microservices,v4-confirmation-771621/spring_petclinic_microservices/split/N/1/list_owners,repeat,ours_prepared,3,0.5732293512469916,0.9879012069341281
spring_petclinic_microservices,v4-confirmation-771621/spring_petclinic_microservices/split/N/1/list_owners,repeat,cudd_fixed,3,0.5679545864025548,0.8477361309731252
spring_petclinic_microservices,v4-confirmation-771621/spring_petclinic_microservices/split/N/1/list_owners,repeat,cudd_sift,3,0.4628955687893206,0.6820546602484989
spring_petclinic_microservices,v4-confirmation-771621/spring_petclinic_microservices/split/N/1/list_owners,repeat,agrum_conditioned,3,0.9554728180373968,1.0812824577247016
spring_petclinic_microservices,v4-confirmation-771621/spring_petclinic_microservices/split/N/1/list_owners,repeat,agrum_joint,3,0.833599043741362,1.070462537192318
spring_petclinic_microservices,v4-confirmation-771621/spring_petclinic_microservices/split/N/1/list_owners,repeat,storm_sparse,3,0.5560088994901624,0.9641891850101743
spring_petclinic_microservices,v4-confirmation-771621/spring_petclinic_microservices/split/N/1/list_owners,repeat,storm_compact,3,0.5445353396628252,0.9785192841914853
spring_petclinic_microservices,v4-confirmation-771621/spring_petclinic_microservices/split/N/1/list_owners,counts,ours_direct,3,0.6277968316184876,1.0206049607457464
spring_petclinic_microservices,v4-confirmation-771621/spring_petclinic_microservices/split/N/1/list_owners,counts,ours_prepared,3,0.5832963534809349,1.0036741286009356
spring_petclinic_microservices,v4-confirmation-771621/spring_petclinic_microservices/split/N/1/list_owners,counts,cudd_fixed,3,0.5771895650907503,1.014596554850408
spring_petclinic_microservices,v4-confirmation-771621/spring_petclinic_microservices/split/N/1/list_owners,counts,cudd_sift,3,0.5625006678373112,0.9842609779043454
spring_petclinic_microservices,v4-confirmation-771621/spring_petclinic_microservices/split/N/1/list_owners,counts,agrum_conditioned,3,0.9505478098439041,1.077762130814465
spring_petclinic_microservices,v4-confirmation-771621/spring_petclinic_microservices/split/N/1/list_owners,counts,agrum_joint,3,0.8473871082073753,1.0337974500841953
spring_petclinic_microservices,v4-confirmation-771621/spring_petclinic_microservices/split/N/1/list_owners,counts,storm_sparse,3,0.5710283873867126,1.0120837736053536
spring_petclinic_microservices,v4-confirmation-771621/spring_petclinic_microservices/split/N/1/list_owners,counts,storm_compact,3,0.5531817398667844,0.9851149284919537
spring_petclinic_microservices,v4-confirmation-771621/spring_petclinic_microservices/split/N/1/list_owners,masks,ours_direct,3,0.6260037824403671,1.0270101355941414
spring_petclinic_microservices,v4-confirmation-771621/spring_petclinic_microservices/split/N/1/list_owners,masks,ours_prepared,3,0.5313345371537597,0.9806972443963379
spring_petclinic_microservices,v4-confirmation-771621/spring_petclinic_microservices/split/N/1/list_owners,masks,cudd_fixed,3,0.540875065103945,1.0381002603737517
spring_petclinic_microservices,v4-confirmation-771621/spring_petclinic_microservices/split/N/1/list_owners,masks,cudd_sift,3,0.607857732745244,1.0636817799894482
spring_petclinic_microservices,v4-confirmation-771621/spring_petclinic_microservices/split/N/1/list_owners,masks,agrum_conditioned,3,1.1501393007354075,1.2683696236984523
spring_petclinic_microservices,v4-confirmation-771621/spring_petclinic_microservices/split/N/1/list_owners,masks,agrum_joint,3,1.1109570024501838,1.199661537539018
spring_petclinic_microservices,v4-confirmation-771621/spring_petclinic_microservices/split/N/1/list_owners,masks,storm_sparse,3,0.8710400601155263,1.0037324345376153
spring_petclinic_microservices,v4-confirmation-771621/spring_petclinic_microservices/split/N/1/list_owners,masks,storm_compact,3,0.8511793902224898,0.962586979949708
spring_petclinic_microservices,v4-confirmation-771621/spring_petclinic_microservices/split/N/1/list_owners,metadata,ours_direct,3,0.5608607358395226,0.940571495354409
spring_petclinic_microservices,v4-confirmation-771621/spring_petclinic_microservices/split/N/1/list_owners,metadata,ours_prepared,3,0.5411336655377469,0.9801855802326951
spring_petclinic_microservices,v4-confirmation-771621/spring_petclinic_microservices/split/N/1/list_owners,metadata,cudd_fixed,3,0.9027008397267209,1.637351656031403
spring_petclinic_microservices,v4-confirmation-771621/spring_petclinic_microservices/split/N/1/list_owners,metadata,cudd_sift,3,0.8259470029882229,1.502097740598658
spring_petclinic_microservices,v4-confirmation-771621/spring_petclinic_microservices/split/N/1/list_owners,metadata,agrum_conditioned,3,0.9430441873810747,1.0908505810173
spring_petclinic_microservices,v4-confirmation-771621/spring_petclinic_microservices/split/N/1/list_owners,metadata,agrum_joint,3,0.8354545763089888,1.0366109185877153
spring_petclinic_microservices,v4-confirmation-771621/spring_petclinic_microservices/split/N/1/list_owners,metadata,storm_sparse,3,0.6932744980184617,1.0189084333269693
spring_petclinic_microservices,v4-confirmation-771621/spring_petclinic_microservices/split/N/1/list_owners,metadata,storm_compact,3,0.6561307641650287,0.9842725735822913
spring_petclinic_microservices,v4-confirmation-771621/spring_petclinic_microservices/split/N/1/list_owners,structure,ours_direct,3,0.6398118674316012,1.0263790799770949
spring_petclinic_microservices,v4-confirmation-771621/spring_petclinic_microservices/split/N/1/list_owners,structure,ours_prepared,3,0.7018608910070153,0.9974899753106712
spring_petclinic_microservices,v4-confirmation-771621/spring_petclinic_microservices/split/N/1/list_owners,structure,cudd_fixed,3,0.6139777884103884,1.0019047619047619
spring_petclinic_microservices,v4-confirmation-771621/spring_petclinic_microservices/split/N/1/list_owners,structure,cudd_sift,3,0.783466670757556,1.1378687828954714
spring_petclinic_microservices,v4-confirmation-771621/spring_petclinic_microservices/split/N/1/list_owners,structure,agrum_conditioned,3,1.2369406730368329,1.3106910524566657
spring_petclinic_microservices,v4-confirmation-771621/spring_petclinic_microservices/split/N/1/list_owners,structure,agrum_joint,3,1.2583102223529647,1.3272113669207184
spring_petclinic_microservices,v4-confirmation-771621/spring_petclinic_microservices/split/N/1/list_owners,structure,storm_sparse,3,0.8538535256334101,1.0562722734194703
spring_petclinic_microservices,v4-confirmation-771621/spring_petclinic_microservices/split/N/1/list_owners,structure,storm_compact,3,0.8975926429948748,1.0879874306167248
spring_petclinic_microservices,v4-confirmation-771621/spring_petclinic_microservices/split/N/1/list_owners,restore,ours_direct,3,0.5811762511076909,1.0400135024473185
spring_petclinic_microservices,v4-confirmation-771621/spring_petclinic_microservices/split/N/1/list_owners,restore,ours_prepared,3,0.7541996086940297,1.0963741681332386
spring_petclinic_microservices,v4-confirmation-771621/spring_petclinic_microservices/split/N/1/list_owners,restore,cudd_fixed,3,0.608564558342795,1.0159651585584757
spring_petclinic_microservices,v4-confirmation-771621/spring_petclinic_microservices/split/N/1/list_owners,restore,cudd_sift,3,0.7450934051794315,1.0824638568041
spring_petclinic_microservices,v4-confirmation-771621/spring_petclinic_microservices/split/N/1/list_owners,restore,agrum_conditioned,3,1.2438982643482714,1.3210593131359412
spring_petclinic_microservices,v4-confirmation-771621/spring_petclinic_microservices/split/N/1/list_owners,restore,agrum_joint,3,1.2327710872854365,1.3035517098588634
spring_petclinic_microservices,v4-confirmation-771621/spring_petclinic_microservices/split/N/1/list_owners,restore,storm_sparse,3,0.6785252627437757,0.8897825628034621
spring_petclinic_microservices,v4-confirmation-771621/spring_petclinic_microservices/split/N/1/list_owners,restore,storm_compact,3,0.8018642956565262,1.1266943154878055
spring_petclinic_microservices,v4-confirmation-771621/spring_petclinic_microservices/split/N/1/list_vets,initial,ours_direct,3,0.7310088248298742,1.089285574629492
spring_petclinic_microservices,v4-confirmation-771621/spring_petclinic_microservices/split/N/1/list_vets,initial,ours_prepared,3,0.7873506136950904,1.0289878283151825
spring_petclinic_microservices,v4-confirmation-771621/spring_petclinic_microservices/split/N/1/list_vets,initial,cudd_fixed,3,0.9680345038955892,1.013532928473675
spring_petclinic_microservices,v4-confirmation-771621/spring_petclinic_microservices/split/N/1/list_vets,initial,cudd_sift,3,0.958527375495247,1.0095641558946724
spring_petclinic_microservices,v4-confirmation-771621/spring_petclinic_microservices/split/N/1/list_vets,initial,agrum_conditioned,3,1.0738701710396832,1.1213630348984869
spring_petclinic_microservices,v4-confirmation-771621/spring_petclinic_microservices/split/N/1/list_vets,initial,agrum_joint,3,1.1006526165883108,1.1486303832695697
spring_petclinic_microservices,v4-confirmation-771621/spring_petclinic_microservices/split/N/1/list_vets,initial,storm_sparse,3,0.9227079240487471,1.0382893770745136
spring_petclinic_microservices,v4-confirmation-771621/spring_petclinic_microservices/split/N/1/list_vets,initial,storm_compact,3,0.8930428184938277,1.006037981434111
spring_petclinic_microservices,v4-confirmation-771621/spring_petclinic_microservices/split/N/1/list_vets,repeat,ours_direct,3,0.6180442496347318,0.9933181939772682
spring_petclinic_microservices,v4-confirmation-771621/spring_petclinic_microservices/split/N/1/list_vets,repeat,ours_prepared,3,0.6023019544965896,1.0084058878797368
spring_petclinic_microservices,v4-confirmation-771621/spring_petclinic_microservices/split/N/1/list_vets,repeat,cudd_fixed,3,0.47071867149634056,0.6830581159094476
spring_petclinic_microservices,v4-confirmation-771621/spring_petclinic_microservices/split/N/1/list_vets,repeat,cudd_sift,3,0.46145008827579215,0.6781559599651429
spring_petclinic_microservices,v4-confirmation-771621/spring_petclinic_microservices/split/N/1/list_vets,repeat,agrum_conditioned,3,0.9376793387686505,1.055690929057578
spring_petclinic_microservices,v4-confirmation-771621/spring_petclinic_microservices/split/N/1/list_vets,repeat,agrum_joint,3,0.8417264333391938,1.078656404446094
spring_petclinic_microservices,v4-confirmation-771621/spring_petclinic_microservices/split/N/1/list_vets,repeat,storm_sparse,3,0.5469214829066447,0.842866852408154
spring_petclinic_microservices,v4-confirmation-771621/spring_petclinic_microservices/split/N/1/list_vets,repeat,storm_compact,3,0.6481536081536081,1.1214140232972032
spring_petclinic_microservices,v4-confirmation-771621/spring_petclinic_microservices/split/N/1/list_vets,counts,ours_direct,3,0.6162604932175327,1.0002037803744588
spring_petclinic_microservices,v4-confirmation-771621/spring_petclinic_microservices/split/N/1/list_vets,counts,ours_prepared,3,0.6039751407129456,1.0147975234607154
spring_petclinic_microservices,v4-confirmation-771621/spring_petclinic_microservices/split/N/1/list_vets,counts,cudd_fixed,3,0.6271569737921338,1.068909036537625
spring_petclinic_microservices,v4-confirmation-771621/spring_petclinic_microservices/split/N/1/list_vets,counts,cudd_sift,3,0.5881719980380452,1.0081991195754811
spring_petclinic_microservices,v4-confirmation-771621/spring_petclinic_microservices/split/N/1/list_vets,counts,agrum_conditioned,3,0.9454946944677858,1.0567389251288972
spring_petclinic_microservices,v4-confirmation-771621/spring_petclinic_microservices/split/N/1/list_vets,counts,agrum_joint,3,0.8012524821022052,1.0196698537857387
spring_petclinic_microservices,v4-confirmation-771621/spring_petclinic_microservices/split/N/1/list_vets,counts,storm_sparse,3,0.5613922459634535,0.9657413197748715
spring_petclinic_microservices,v4-confirmation-771621/spring_petclinic_microservices/split/N/1/list_vets,counts,storm_compact,3,0.5691510982568592,0.9929965234540887
spring_petclinic_microservices,v4-confirmation-771621/spring_petclinic_microservices/split/N/1/list_vets,masks,ours_direct,3,0.5967924465128738,0.960178666061019
spring_petclinic_microservices,v4-confirmation-771621/spring_petclinic_microservices/split/N/1/list_vets,masks,ours_prepared,3,0.5526266211501217,0.9472168158816661
spring_petclinic_microservices,v4-confirmation-771621/spring_petclinic_microservices/split/N/1/list_vets,masks,cudd_fixed,3,0.5629539676775014,0.9938821696472342
spring_petclinic_microservices,v4-confirmation-771621/spring_petclinic_microservices/split/N/1/list_vets,masks,cudd_sift,3,0.5592146856936416,0.9983728372294842
spring_petclinic_microservices,v4-confirmation-771621/spring_petclinic_microservices/split/N/1/list_vets,masks,agrum_conditioned,3,1.0132464712269273,1.1075762974054146
spring_petclinic_microservices,v4-confirmation-771621/spring_petclinic_microservices/split/N/1/list_vets,masks,agrum_joint,3,1.0473651668943365,1.1311160338168613
spring_petclinic_microservices,v4-confirmation-771621/spring_petclinic_microservices/split/N/1/list_vets,masks,storm_sparse,3,0.942676741279197,1.0472516185939142
spring_petclinic_microservices,v4-confirmation-771621/spring_petclinic_microservices/split/N/1/list_vets,masks,storm_compact,3,0.9347941623438919,1.0336817042771358
spring_petclinic_microservices,v4-confirmation-771621/spring_petclinic_microservices/split/N/1/list_vets,metadata,ours_direct,3,0.5913648462337275,0.9745147125210325
spring_petclinic_microservices,v4-confirmation-771621/spring_petclinic_microservices/split/N/1/list_vets,metadata,ours_prepared,3,0.552688222817725,1.0312699469930342
spring_petclinic_microservices,v4-confirmation-771621/spring_petclinic_microservices/split/N/1/list_vets,metadata,cudd_fixed,3,0.8359758007600947,1.4478634233124636
spring_petclinic_microservices,v4-confirmation-771621/spring_petclinic_microservices/split/N/1/list_vets,metadata,cudd_sift,3,0.8665295256534365,1.526256584353824
spring_petclinic_microservices,v4-confirmation-771621/spring_petclinic_microservices/split/N/1/list_vets,metadata,agrum_conditioned,3,0.9342091652012,1.065953875186518
spring_petclinic_microservices,v4-confirmation-771621/spring_petclinic_microservices/split/N/1/list_vets,metadata,agrum_joint,3,0.8122295518386996,0.9996950836042643
spring_petclinic_microservices,v4-confirmation-771621/spring_petclinic_microservices/split/N/1/list_vets,metadata,storm_sparse,3,0.6906968864885639,0.9963338602037232
spring_petclinic_microservices,v4-confirmation-771621/spring_petclinic_microservices/split/N/1/list_vets,metadata,storm_compact,3,0.7651944559115438,1.1817238871665328
spring_petclinic_microservices,v4-confirmation-771621/spring_petclinic_microservices/split/N/1/list_vets,structure,ours_direct,3,0.5780300101908142,1.0269926906664995
spring_petclinic_microservices,v4-confirmation-771621/spring_petclinic_microservices/split/N/1/list_vets,structure,ours_prepared,3,0.6793068125217326,0.9307965178770282
spring_petclinic_microservices,v4-confirmation-771621/spring_petclinic_microservices/split/N/1/list_vets,structure,cudd_fixed,3,0.6294784761070521,1.026203954474157
spring_petclinic_microservices,v4-confirmation-771621/spring_petclinic_microservices/split/N/1/list_vets,structure,cudd_sift,3,0.7682202048063813,1.1079484791349583
spring_petclinic_microservices,v4-confirmation-771621/spring_petclinic_microservices/split/N/1/list_vets,structure,agrum_conditioned,3,1.0815831877814168,1.1383640129489014
spring_petclinic_microservices,v4-confirmation-771621/spring_petclinic_microservices/split/N/1/list_vets,structure,agrum_joint,3,1.131571798864257,1.1902002988332898
spring_petclinic_microservices,v4-confirmation-771621/spring_petclinic_microservices/split/N/1/list_vets,structure,storm_sparse,3,0.8554813525381358,1.0499394782664646
spring_petclinic_microservices,v4-confirmation-771621/spring_petclinic_microservices/split/N/1/list_vets,structure,storm_compact,3,0.746353757319312,0.8992323749831584
spring_petclinic_microservices,v4-confirmation-771621/spring_petclinic_microservices/split/N/1/list_vets,restore,ours_direct,3,0.586383370125092,0.9930022402899791
spring_petclinic_microservices,v4-confirmation-771621/spring_petclinic_microservices/split/N/1/list_vets,restore,ours_prepared,3,0.6857714974476902,1.0157457987573495
spring_petclinic_microservices,v4-confirmation-771621/spring_petclinic_microservices/split/N/1/list_vets,restore,cudd_fixed,3,0.5933938852840481,0.9933052860468689
spring_petclinic_microservices,v4-confirmation-771621/spring_petclinic_microservices/split/N/1/list_vets,restore,cudd_sift,3,0.7085543215123907,1.089373412701592
spring_petclinic_microservices,v4-confirmation-771621/spring_petclinic_microservices/split/N/1/list_vets,restore,agrum_conditioned,3,1.0884944391673297,1.1509499455002483
spring_petclinic_microservices,v4-confirmation-771621/spring_petclinic_microservices/split/N/1/list_vets,restore,agrum_joint,3,1.1197343842190866,1.18380096718501
spring_petclinic_microservices,v4-confirmation-771621/spring_petclinic_microservices/split/N/1/list_vets,restore,storm_sparse,3,0.7971681030503724,1.087783318223028
spring_petclinic_microservices,v4-confirmation-771621/spring_petclinic_microservices/split/N/1/list_vets,restore,storm_compact,3,0.7481098638224095,1.0140150669314936
spring_petclinic_microservices,v4-confirmation-771621/spring_petclinic_microservices/split/N/1/owner_details_with_visits,initial,ours_direct,3,1.0295157803220458,1.2648488188373344
spring_petclinic_microservices,v4-confirmation-771621/spring_petclinic_microservices/split/N/1/owner_details_with_visits,initial,ours_prepared,3,0.9389080541156045,1.099735950793073
spring_petclinic_microservices,v4-confirmation-771621/spring_petclinic_microservices/split/N/1/owner_details_with_visits,initial,cudd_fixed,3,0.8881234220776814,0.966413558800432
spring_petclinic_microservices,v4-confirmation-771621/spring_petclinic_microservices/split/N/1/owner_details_with_visits,initial,cudd_sift,3,1.158031338808132,1.2781147860626714
spring_petclinic_microservices,v4-confirmation-771621/spring_petclinic_microservices/split/N/1/owner_details_with_visits,initial,agrum_conditioned,3,1.136218075840175,1.1661072088528461
spring_petclinic_microservices,v4-confirmation-771621/spring_petclinic_microservices/split/N/1/owner_details_with_visits,initial,agrum_joint,3,1.146679566928431,1.1931105512654971
spring_petclinic_microservices,v4-confirmation-771621/spring_petclinic_microservices/split/N/1/owner_details_with_visits,initial,storm_sparse,3,1.0634084655091312,1.1170230879310188
spring_petclinic_microservices,v4-confirmation-771621/spring_petclinic_microservices/split/N/1/owner_details_with_visits,initial,storm_compact,3,1.0485499808686225,1.1099119104689703
spring_petclinic_microservices,v4-confirmation-771621/spring_petclinic_microservices/split/N/1/owner_details_with_visits,repeat,ours_direct,3,1.0136816170592569,1.2629024111587615
spring_petclinic_microservices,v4-confirmation-771621/spring_petclinic_microservices/split/N/1/owner_details_with_visits,repeat,ours_prepared,3,0.6035797704459643,0.9463041668978528
spring_petclinic_microservices,v4-confirmation-771621/spring_petclinic_microservices/split/N/1/owner_details_with_visits,repeat,cudd_fixed,3,0.6653041363786553,1.0375493700825107
spring_petclinic_microservices,v4-confirmation-771621/spring_petclinic_microservices/split/N/1/owner_details_with_visits,repeat,cudd_sift,3,0.7021579897576748,1.1228117248868625
spring_petclinic_microservices,v4-confirmation-771621/spring_petclinic_microservices/split/N/1/owner_details_with_visits,repeat,agrum_conditioned,3,1.0195314473959307,1.054836513507578
spring_petclinic_microservices,v4-confirmation-771621/spring_petclinic_microservices/split/N/1/owner_details_with_visits,repeat,agrum_joint,3,0.926743349752383,1.044261718625739
spring_petclinic_microservices,v4-confirmation-771621/spring_petclinic_microservices/split/N/1/owner_details_with_visits,repeat,storm_sparse,3,0.9844424449672788,1.1150679710210076
spring_petclinic_microservices,v4-confirmation-771621/spring_petclinic_microservices/split/N/1/owner_details_with_visits,repeat,storm_compact,3,0.7740775965954345,1.0031205074449971
spring_petclinic_microservices,v4-confirmation-771621/spring_petclinic_microservices/split/N/1/owner_details_with_visits,counts,ours_direct,3,1.0160671658069451,1.28068443503017
spring_petclinic_microservices,v4-confirmation-771621/spring_petclinic_microservices/split/N/1/owner_details_with_visits,counts,ours_prepared,3,0.6022557161315294,0.9567459410016007
spring_petclinic_microservices,v4-confirmation-771621/spring_petclinic_microservices/split/N/1/owner_details_with_visits,counts,cudd_fixed,3,0.6656421661888047,1.0163459433560917
spring_petclinic_microservices,v4-confirmation-771621/spring_petclinic_microservices/split/N/1/owner_details_with_visits,counts,cudd_sift,3,0.7143970839509726,1.116931773656011
spring_petclinic_microservices,v4-confirmation-771621/spring_petclinic_microservices/split/N/1/owner_details_with_visits,counts,agrum_conditioned,3,1.0359936033365977,1.072743551607344
spring_petclinic_microservices,v4-confirmation-771621/spring_petclinic_microservices/split/N/1/owner_details_with_visits,counts,agrum_joint,3,0.8915623765544953,0.991842568379802
spring_petclinic_microservices,v4-confirmation-771621/spring_petclinic_microservices/split/N/1/owner_details_with_visits,counts,storm_sparse,3,1.011598741565552,1.1360198514997928
spring_petclinic_microservices,v4-confirmation-771621/spring_petclinic_microservices/split/N/1/owner_details_with_visits,counts,storm_compact,3,0.8536657036106831,1.0304733045845715
spring_petclinic_microservices,v4-confirmation-771621/spring_petclinic_microservices/split/N/1/owner_details_with_visits,masks,ours_direct,3,0.9802405228459586,1.2158892903570648
spring_petclinic_microservices,v4-confirmation-771621/spring_petclinic_microservices/split/N/1/owner_details_with_visits,masks,ours_prepared,3,0.6189046505718637,1.013863946053597
spring_petclinic_microservices,v4-confirmation-771621/spring_petclinic_microservices/split/N/1/owner_details_with_visits,masks,cudd_fixed,3,0.6563389232400706,1.0116247774625649
spring_petclinic_microservices,v4-confirmation-771621/spring_petclinic_microservices/split/N/1/owner_details_with_visits,masks,cudd_sift,3,0.6676218435911877,1.0923516542394072
spring_petclinic_microservices,v4-confirmation-771621/spring_petclinic_microservices/split/N/1/owner_details_with_visits,masks,agrum_conditioned,3,1.102906693565366,1.1347540065898012
spring_petclinic_microservices,v4-confirmation-771621/spring_petclinic_microservices/split/N/1/owner_details_with_visits,masks,agrum_joint,3,1.0805170182429584,1.1355722255711374
spring_petclinic_microservices,v4-confirmation-771621/spring_petclinic_microservices/split/N/1/owner_details_with_visits,masks,storm_sparse,3,1.1135448883722987,1.195848888392099
spring_petclinic_microservices,v4-confirmation-771621/spring_petclinic_microservices/split/N/1/owner_details_with_visits,masks,storm_compact,3,1.0873579088908594,1.178237927563472
spring_petclinic_microservices,v4-confirmation-771621/spring_petclinic_microservices/split/N/1/owner_details_with_visits,metadata,ours_direct,3,1.0140768419317139,1.2490329854898372
spring_petclinic_microservices,v4-confirmation-771621/spring_petclinic_microservices/split/N/1/owner_details_with_visits,metadata,ours_prepared,3,0.5802511380014724,0.9306479356604096
spring_petclinic_microservices,v4-confirmation-771621/spring_petclinic_microservices/split/N/1/owner_details_with_visits,metadata,cudd_fixed,3,0.6702104908162174,1.0678827469880572
spring_petclinic_microservices,v4-confirmation-771621/spring_petclinic_microservices/split/N/1/owner_details_with_visits,metadata,cudd_sift,3,0.7046462049593101,1.1006369865520278
spring_petclinic_microservices,v4-confirmation-771621/spring_petclinic_microservices/split/N/1/owner_details_with_visits,metadata,agrum_conditioned,3,1.0205924344347692,1.058410876820051
spring_petclinic_microservices,v4-confirmation-771621/spring_petclinic_microservices/split/N/1/owner_details_with_visits,metadata,agrum_joint,3,0.9272688484246943,1.044640454961948
spring_petclinic_microservices,v4-confirmation-771621/spring_petclinic_microservices/split/N/1/owner_details_with_visits,metadata,storm_sparse,3,1.015590553065596,1.1595644571643664
spring_petclinic_microservices,v4-confirmation-771621/spring_petclinic_microservices/split/N/1/owner_details_with_visits,metadata,storm_compact,3,0.8196463078900919,1.0472053024824268
spring_petclinic_microservices,v4-confirmation-771621/spring_petclinic_microservices/split/N/1/owner_details_with_visits,structure,ours_direct,3,1.0134552399448795,1.280681336344621
spring_petclinic_microservices,v4-confirmation-771621/spring_petclinic_microservices/split/N/1/owner_details_with_visits,structure,ours_prepared,3,0.9704124057914382,1.1705522416832284
spring_petclinic_microservices,v4-confirmation-771621/spring_petclinic_microservices/split/N/1/owner_details_with_visits,structure,cudd_fixed,3,0.6847870239379211,1.0425125105305864
spring_petclinic_microservices,v4-confirmation-771621/spring_petclinic_microservices/split/N/1/owner_details_with_visits,structure,cudd_sift,3,0.8213919550754326,1.1652394014567187
spring_petclinic_microservices,v4-confirmation-771621/spring_petclinic_microservices/split/N/1/owner_details_with_visits,structure,agrum_conditioned,3,1.1169404240745704,1.142003067029765
spring_petclinic_microservices,v4-confirmation-771621/spring_petclinic_microservices/split/N/1/owner_details_with_visits,structure,agrum_joint,3,1.1784665469093214,1.2160404178825368
spring_petclinic_microservices,v4-confirmation-771621/spring_petclinic_microservices/split/N/1/owner_details_with_visits,structure,storm_sparse,3,1.0593230222154246,1.1481739318778126
spring_petclinic_microservices,v4-confirmation-771621/spring_petclinic_microservices/split/N/1/owner_details_with_visits,structure,storm_compact,3,1.307196730130621,1.43768348602321
spring_petclinic_microservices,v4-confirmation-771621/spring_petclinic_microservices/split/N/1/owner_details_with_visits,restore,ours_direct,3,1.0447273879480967,1.3437310610140947
spring_petclinic_microservices,v4-confirmation-771621/spring_petclinic_microservices/split/N/1/owner_details_with_visits,restore,ours_prepared,3,0.9380035293678841,1.1101290578130973
spring_petclinic_microservices,v4-confirmation-771621/spring_petclinic_microservices/split/N/1/owner_details_with_visits,restore,cudd_fixed,3,0.648140584486876,0.9949359385737743
spring_petclinic_microservices,v4-confirmation-771621/spring_petclinic_microservices/split/N/1/owner_details_with_visits,restore,cudd_sift,3,0.8225815420092555,1.147924404599881
spring_petclinic_microservices,v4-confirmation-771621/spring_petclinic_microservices/split/N/1/owner_details_with_visits,restore,agrum_conditioned,3,1.1449218989655117,1.1735009741540452
spring_petclinic_microservices,v4-confirmation-771621/spring_petclinic_microservices/split/N/1/owner_details_with_visits,restore,agrum_joint,3,1.1650081482946444,1.2027286984843908
spring_petclinic_microservices,v4-confirmation-771621/spring_petclinic_microservices/split/N/1/owner_details_with_visits,restore,storm_sparse,3,1.0917267086527307,1.1733441677073846
spring_petclinic_microservices,v4-confirmation-771621/spring_petclinic_microservices/split/N/1/owner_details_with_visits,restore,storm_compact,3,1.0669227487420307,1.1619458245795375
spring_petclinic_microservices,v4-confirmation-771621/spring_petclinic_microservices/split/N/2/create_visit,initial,ours_direct,3,0.9922938947096487,1.2080477262607097
spring_petclinic_microservices,v4-confirmation-771621/spring_petclinic_microservices/split/N/2/create_visit,initial,ours_prepared,3,0.9471250735842816,1.0905328813694208
spring_petclinic_microservices,v4-confirmation-771621/spring_petclinic_microservices/split/N/2/create_visit,initial,cudd_fixed,3,0.9216944918138628,0.9839718817213703
spring_petclinic_microservices,v4-confirmation-771621/spring_petclinic_microservices/split/N/2/create_visit,initial,cudd_sift,3,0.9457057156223342,0.9988041109558042
spring_petclinic_microservices,v4-confirmation-771621/spring_petclinic_microservices/split/N/2/create_visit,initial,agrum_conditioned,3,1.0299052112267821,1.0560514492737942
spring_petclinic_microservices,v4-confirmation-771621/spring_petclinic_microservices/split/N/2/create_visit,initial,agrum_joint,3,1.0754875225564735,1.117383685878273
spring_petclinic_microservices,v4-confirmation-771621/spring_petclinic_microservices/split/N/2/create_visit,initial,storm_sparse,3,1.0496637502345452,1.1012963450988913
spring_petclinic_microservices,v4-confirmation-771621/spring_petclinic_microservices/split/N/2/create_visit,initial,storm_compact,3,0.9946016723627815,1.046080172609673
spring_petclinic_microservices,v4-confirmation-771621/spring_petclinic_microservices/split/N/2/create_visit,repeat,ours_direct,3,0.9691667239623747,1.2214605168752597
spring_petclinic_microservices,v4-confirmation-771621/spring_petclinic_microservices/split/N/2/create_visit,repeat,ours_prepared,3,0.6518720607425319,1.0420207502072831
spring_petclinic_microservices,v4-confirmation-771621/spring_petclinic_microservices/split/N/2/create_visit,repeat,cudd_fixed,3,0.6839842239579306,1.0289299661323388
spring_petclinic_microservices,v4-confirmation-771621/spring_petclinic_microservices/split/N/2/create_visit,repeat,cudd_sift,3,0.7200050676051946,1.0881196361011813
spring_petclinic_microservices,v4-confirmation-771621/spring_petclinic_microservices/split/N/2/create_visit,repeat,agrum_conditioned,3,0.9547703068290493,0.9871589198756113
spring_petclinic_microservices,v4-confirmation-771621/spring_petclinic_microservices/split/N/2/create_visit,repeat,agrum_joint,3,0.9255937028333429,1.0211377853996748
spring_petclinic_microservices,v4-confirmation-771621/spring_petclinic_microservices/split/N/2/create_visit,repeat,storm_sparse,3,1.0119969932568715,1.1303793244095073
spring_petclinic_microservices,v4-confirmation-771621/spring_petclinic_microservices/split/N/2/create_visit,repeat,storm_compact,3,0.8157537031823624,0.9840478847624362
spring_petclinic_microservices,v4-confirmation-771621/spring_petclinic_microservices/split/N/2/create_visit,counts,ours_direct,3,0.9886718138192574,1.216465474849701
spring_petclinic_microservices,v4-confirmation-771621/spring_petclinic_microservices/split/N/2/create_visit,counts,ours_prepared,3,0.6770694662955343,1.0934534202292254
spring_petclinic_microservices,v4-confirmation-771621/spring_petclinic_microservices/split/N/2/create_visit,counts,cudd_fixed,3,0.6815332427565597,1.0148600797770322
spring_petclinic_microservices,v4-confirmation-771621/spring_petclinic_microservices/split/N/2/create_visit,counts,cudd_sift,3,0.725578305088732,1.0666877717276604
spring_petclinic_microservices,v4-confirmation-771621/spring_petclinic_microservices/split/N/2/create_visit,counts,agrum_conditioned,3,0.9526617326046055,0.9847899961802795
spring_petclinic_microservices,v4-confirmation-771621/spring_petclinic_microservices/split/N/2/create_visit,counts,agrum_joint,3,0.9415948089878874,1.0330796842842898
spring_petclinic_microservices,v4-confirmation-771621/spring_petclinic_microservices/split/N/2/create_visit,counts,storm_sparse,3,1.0058697618366614,1.126939465872389
spring_petclinic_microservices,v4-confirmation-771621/spring_petclinic_microservices/split/N/2/create_visit,counts,storm_compact,3,0.8456558932233689,1.0072370167788678
spring_petclinic_microservices,v4-confirmation-771621/spring_petclinic_microservices/split/N/2/create_visit,masks,ours_direct,3,0.8241729687107989,0.9793008219357694
spring_petclinic_microservices,v4-confirmation-771621/spring_petclinic_microservices/split/N/2/create_visit,masks,ours_prepared,3,0.6337881999984694,1.0374162038164125
spring_petclinic_microservices,v4-confirmation-771621/spring_petclinic_microservices/split/N/2/create_visit,masks,cudd_fixed,3,0.6727493390575442,1.0556809053277556
spring_petclinic_microservices,v4-confirmation-771621/spring_petclinic_microservices/split/N/2/create_visit,masks,cudd_sift,3,0.6776432380979045,1.0198487273306815
spring_petclinic_microservices,v4-confirmation-771621/spring_petclinic_microservices/split/N/2/create_visit,masks,agrum_conditioned,3,1.0100302198801354,1.0358137463296915
spring_petclinic_microservices,v4-confirmation-771621/spring_petclinic_microservices/split/N/2/create_visit,masks,agrum_joint,3,1.0587931892836184,1.104984763932741
spring_petclinic_microservices,v4-confirmation-771621/spring_petclinic_microservices/split/N/2/create_visit,masks,storm_sparse,3,1.0809462715299039,1.1316424680598198
spring_petclinic_microservices,v4-confirmation-771621/spring_petclinic_microservices/split/N/2/create_visit,masks,storm_compact,3,1.0349339423749595,1.0907459291387043
spring_petclinic_microservices,v4-confirmation-771621/spring_petclinic_microservices/split/N/2/create_visit,metadata,ours_direct,3,0.8276923182455815,1.0068603716041578
spring_petclinic_microservices,v4-confirmation-771621/spring_petclinic_microservices/split/N/2/create_visit,metadata,ours_prepared,3,0.6229278751963704,1.0001012348178637
spring_petclinic_microservices,v4-confirmation-771621/spring_petclinic_microservices/split/N/2/create_visit,metadata,cudd_fixed,3,0.7048013715377647,1.0866359865916708
spring_petclinic_microservices,v4-confirmation-771621/spring_petclinic_microservices/split/N/2/create_visit,metadata,cudd_sift,3,0.7021102029035619,1.0495759904888502
spring_petclinic_microservices,v4-confirmation-771621/spring_petclinic_microservices/split/N/2/create_visit,metadata,agrum_conditioned,3,0.9538413187041448,0.9949538309684872
spring_petclinic_microservices,v4-confirmation-771621/spring_petclinic_microservices/split/N/2/create_visit,metadata,agrum_joint,3,0.9119189953107151,1.0002595010987076
spring_petclinic_microservices,v4-confirmation-771621/spring_petclinic_microservices/split/N/2/create_visit,metadata,storm_sparse,3,0.9942561876772564,1.1155183997405271
spring_petclinic_microservices,v4-confirmation-771621/spring_petclinic_microservices/split/N/2/create_visit,metadata,storm_compact,3,0.8678570822020275,1.0525569391492677
spring_petclinic_microservices,v4-confirmation-771621/spring_petclinic_microservices/split/N/2/create_visit,structure,ours_direct,3,0.827185158339895,0.9765338790821442
spring_petclinic_microservices,v4-confirmation-771621/spring_petclinic_microservices/split/N/2/create_visit,structure,ours_prepared,3,0.8904709930836322,1.0656618887015177
spring_petclinic_microservices,v4-confirmation-771621/spring_petclinic_microservices/split/N/2/create_visit,structure,cudd_fixed,3,0.716299143939851,1.0498939078630596
spring_petclinic_microservices,v4-confirmation-771621/spring_petclinic_microservices/split/N/2/create_visit,structure,cudd_sift,3,0.8779871821818315,1.177376717859771
spring_petclinic_microservices,v4-confirmation-771621/spring_petclinic_microservices/split/N/2/create_visit,structure,agrum_conditioned,3,1.032654397409827,1.0523085429659016
spring_petclinic_microservices,v4-confirmation-771621/spring_petclinic_microservices/split/N/2/create_visit,structure,agrum_joint,3,1.1814950073375783,1.2143979093405997
spring_petclinic_microservices,v4-confirmation-771621/spring_petclinic_microservices/split/N/2/create_visit,structure,storm_sparse,3,1.0822519479784316,1.1493358982624133
spring_petclinic_microservices,v4-confirmation-771621/spring_petclinic_microservices/split/N/2/create_visit,structure,storm_compact,3,1.049148941399367,1.1153911259076283
spring_petclinic_microservices,v4-confirmation-771621/spring_petclinic_microservices/split/N/2/create_visit,restore,ours_direct,3,0.9495305717266211,1.175086290333503
spring_petclinic_microservices,v4-confirmation-771621/spring_petclinic_microservices/split/N/2/create_visit,restore,ours_prepared,3,0.9532036790492957,1.1091539413602163
spring_petclinic_microservices,v4-confirmation-771621/spring_petclinic_microservices/split/N/2/create_visit,restore,cudd_fixed,3,0.6689239795281487,1.022726318970003
spring_petclinic_microservices,v4-confirmation-771621/spring_petclinic_microservices/split/N/2/create_visit,restore,cudd_sift,3,0.8182423999044901,1.095677539500102
spring_petclinic_microservices,v4-confirmation-771621/spring_petclinic_microservices/split/N/2/create_visit,restore,agrum_conditioned,3,1.0391728186689575,1.0597545040475096
spring_petclinic_microservices,v4-confirmation-771621/spring_petclinic_microservices/split/N/2/create_visit,restore,agrum_joint,3,1.1040049783204124,1.1362242790520551
spring_petclinic_microservices,v4-confirmation-771621/spring_petclinic_microservices/split/N/2/create_visit,restore,storm_sparse,3,1.0813045719592649,1.1544871408660586
spring_petclinic_microservices,v4-confirmation-771621/spring_petclinic_microservices/split/N/2/create_visit,restore,storm_compact,3,0.9958333934748825,1.0738999121934352
spring_petclinic_microservices,v4-confirmation-771621/spring_petclinic_microservices/split/N/2/list_owners,initial,ours_direct,3,0.6650429799426935,0.9920790395789287
spring_petclinic_microservices,v4-confirmation-771621/spring_petclinic_microservices/split/N/2/list_owners,initial,ours_prepared,3,0.8110771540399978,1.0546790964503405
spring_petclinic_microservices,v4-confirmation-771621/spring_petclinic_microservices/split/N/2/list_owners,initial,cudd_fixed,3,1.2870661130825019,1.3490601978188714
spring_petclinic_microservices,v4-confirmation-771621/spring_petclinic_microservices/split/N/2/list_owners,initial,cudd_sift,3,0.9593988431640444,1.005059755649059
spring_petclinic_microservices,v4-confirmation-771621/spring_petclinic_microservices/split/N/2/list_owners,initial,agrum_conditioned,3,1.1809660220882003,1.2347528044416882
spring_petclinic_microservices,v4-confirmation-771621/spring_petclinic_microservices/split/N/2/list_owners,initial,agrum_joint,3,1.2020976205132958,1.2517452021211846
spring_petclinic_microservices,v4-confirmation-771621/spring_petclinic_microservices/split/N/2/list_owners,initial,storm_sparse,3,0.9040888943863772,1.016841430681069
spring_petclinic_microservices,v4-confirmation-771621/spring_petclinic_microservices/split/N/2/list_owners,initial,storm_compact,3,0.8613624468394252,0.964741235926021
spring_petclinic_microservices,v4-confirmation-771621/spring_petclinic_microservices/split/N/2/list_owners,repeat,ours_direct,3,0.6587384795042437,1.056426282559726
spring_petclinic_microservices,v4-confirmation-771621/spring_petclinic_microservices/split/N/2/list_owners,repeat,ours_prepared,3,0.6096641571517651,1.0234092514230868
spring_petclinic_microservices,v4-confirmation-771621/spring_petclinic_microservices/split/N/2/list_owners,repeat,cudd_fixed,3,0.5478093901284785,0.8767033712219064
spring_petclinic_microservices,v4-confirmation-771621/spring_petclinic_microservices/split/N/2/list_owners,repeat,cudd_sift,3,0.4666267303141093,0.6879340664683906
spring_petclinic_microservices,v4-confirmation-771621/spring_petclinic_microservices/split/N/2/list_owners,repeat,agrum_conditioned,3,0.9888755633789195,1.1219430814091778
spring_petclinic_microservices,v4-confirmation-771621/spring_petclinic_microservices/split/N/2/list_owners,repeat,agrum_joint,3,0.8393079045628711,1.0339460655722066
spring_petclinic_microservices,v4-confirmation-771621/spring_petclinic_microservices/split/N/2/list_owners,repeat,storm_sparse,3,0.5748827319680198,0.9517694807785396
spring_petclinic_microservices,v4-confirmation-771621/spring_petclinic_microservices/split/N/2/list_owners,repeat,storm_compact,3,0.6199735308041314,1.0321888531917867
spring_petclinic_microservices,v4-confirmation-771621/spring_petclinic_microservices/split/N/2/list_owners,counts,ours_direct,3,0.6942832490229583,1.1398545141406817
spring_petclinic_microservices,v4-confirmation-771621/spring_petclinic_microservices/split/N/2/list_owners,counts,ours_prepared,3,0.5447973661307625,1.0112110921381656
spring_petclinic_microservices,v4-confirmation-771621/spring_petclinic_microservices/split/N/2/list_owners,counts,cudd_fixed,3,0.5900063334468229,1.0276609984470335
spring_petclinic_microservices,v4-confirmation-771621/spring_petclinic_microservices/split/N/2/list_owners,counts,cudd_sift,3,0.5787355265576181,1.0043014811151314
spring_petclinic_microservices,v4-confirmation-771621/spring_petclinic_microservices/split/N/2/list_owners,counts,agrum_conditioned,3,0.9590608654670756,1.0878503008624651
spring_petclinic_microservices,v4-confirmation-771621/spring_petclinic_microservices/split/N/2/list_owners,counts,agrum_joint,3,0.8239030371248819,1.0100155831869428
spring_petclinic_microservices,v4-confirmation-771621/spring_petclinic_microservices/split/N/2/list_owners,counts,storm_sparse,3,0.5570365995978684,0.950115283671417
spring_petclinic_microservices,v4-confirmation-771621/spring_petclinic_microservices/split/N/2/list_owners,counts,storm_compact,3,0.5406655847089739,0.9583957310174801
spring_petclinic_microservices,v4-confirmation-771621/spring_petclinic_microservices/split/N/2/list_owners,masks,ours_direct,3,0.6172159471523416,1.0258257261410788
spring_petclinic_microservices,v4-confirmation-771621/spring_petclinic_microservices/split/N/2/list_owners,masks,ours_prepared,3,0.5649752198955217,1.0539207878739614
spring_petclinic_microservices,v4-confirmation-771621/spring_petclinic_microservices/split/N/2/list_owners,masks,cudd_fixed,3,0.5914252182753259,1.0595592734804216
spring_petclinic_microservices,v4-confirmation-771621/spring_petclinic_microservices/split/N/2/list_owners,masks,cudd_sift,3,0.5940205757964048,1.0601877049289137
spring_petclinic_microservices,v4-confirmation-771621/spring_petclinic_microservices/split/N/2/list_owners,masks,agrum_conditioned,3,1.1181531703027352,1.2229467805754621
spring_petclinic_microservices,v4-confirmation-771621/spring_petclinic_microservices/split/N/2/list_owners,masks,agrum_joint,3,1.121509807235076,1.2118607321518906
spring_petclinic_microservices,v4-confirmation-771621/spring_petclinic_microservices/split/N/2/list_owners,masks,storm_sparse,3,0.9144250302678384,1.023178750530461
spring_petclinic_microservices,v4-confirmation-771621/spring_petclinic_microservices/split/N/2/list_owners,masks,storm_compact,3,0.9230620245748309,1.0269412903034534
spring_petclinic_microservices,v4-confirmation-771621/spring_petclinic_microservices/split/N/2/list_owners,metadata,ours_direct,3,0.5933407648263247,0.9903380303551037
spring_petclinic_microservices,v4-confirmation-771621/spring_petclinic_microservices/split/N/2/list_owners,metadata,ours_prepared,3,0.52466814272857,0.9056900532385288
spring_petclinic_microservices,v4-confirmation-771621/spring_petclinic_microservices/split/N/2/list_owners,metadata,cudd_fixed,3,0.9730259186704044,1.7706022240538313
spring_petclinic_microservices,v4-confirmation-771621/spring_petclinic_microservices/split/N/2/list_owners,metadata,cudd_sift,3,0.7546561482900843,1.307325545564053
spring_petclinic_microservices,v4-confirmation-771621/spring_petclinic_microservices/split/N/2/list_owners,metadata,agrum_conditioned,3,0.949425488385323,1.0778051573866534
spring_petclinic_microservices,v4-confirmation-771621/spring_petclinic_microservices/split/N/2/list_owners,metadata,agrum_joint,3,0.7948353300581301,0.9932347652347653
spring_petclinic_microservices,v4-confirmation-771621/spring_petclinic_microservices/split/N/2/list_owners,metadata,storm_sparse,3,0.7569554997729325,1.1032738149519414
spring_petclinic_microservices,v4-confirmation-771621/spring_petclinic_microservices/split/N/2/list_owners,metadata,storm_compact,3,0.7170764575270596,1.1139777629896592
spring_petclinic_microservices,v4-confirmation-771621/spring_petclinic_microservices/split/N/2/list_owners,structure,ours_direct,3,0.6315363578713734,1.0422447405981528
spring_petclinic_microservices,v4-confirmation-771621/spring_petclinic_microservices/split/N/2/list_owners,structure,ours_prepared,3,0.7730912000606044,1.1128790440184557
spring_petclinic_microservices,v4-confirmation-771621/spring_petclinic_microservices/split/N/2/list_owners,structure,cudd_fixed,3,0.6612112189526056,1.0795683367793691
spring_petclinic_microservices,v4-confirmation-771621/spring_petclinic_microservices/split/N/2/list_owners,structure,cudd_sift,3,0.7773765684059135,1.1349408781569417
spring_petclinic_microservices,v4-confirmation-771621/spring_petclinic_microservices/split/N/2/list_owners,structure,agrum_conditioned,3,1.2201836056131306,1.29561480407282
spring_petclinic_microservices,v4-confirmation-771621/spring_petclinic_microservices/split/N/2/list_owners,structure,agrum_joint,3,1.2138990829671228,1.2812374338748356
spring_petclinic_microservices,v4-confirmation-771621/spring_petclinic_microservices/split/N/2/list_owners,structure,storm_sparse,3,0.8866832297316916,1.105201488434158
spring_petclinic_microservices,v4-confirmation-771621/spring_petclinic_microservices/split/N/2/list_owners,structure,storm_compact,3,0.8635894950026086,1.0410100215502995
spring_petclinic_microservices,v4-confirmation-771621/spring_petclinic_microservices/split/N/2/list_owners,restore,ours_direct,3,0.5860452137131863,1.0148352419982891
spring_petclinic_microservices,v4-confirmation-771621/spring_petclinic_microservices/split/N/2/list_owners,restore,ours_prepared,3,0.6830672564904793,0.9646229615205489
spring_petclinic_microservices,v4-confirmation-771621/spring_petclinic_microservices/split/N/2/list_owners,restore,cudd_fixed,3,0.6208786517444305,1.0130491658546827
spring_petclinic_microservices,v4-confirmation-771621/spring_petclinic_microservices/split/N/2/list_owners,restore,cudd_sift,3,0.7271013946475688,1.0355950079100018
spring_petclinic_microservices,v4-confirmation-771621/spring_petclinic_microservices/split/N/2/list_owners,restore,agrum_conditioned,3,1.2259789270846169,1.303142465399679
spring_petclinic_microservices,v4-confirmation-771621/spring_petclinic_microservices/split/N/2/list_owners,restore,agrum_joint,3,1.223668050022947,1.2932057718630094
spring_petclinic_microservices,v4-confirmation-771621/spring_petclinic_microservices/split/N/2/list_owners,restore,storm_sparse,3,0.67219892780808,0.9028181375460904
spring_petclinic_microservices,v4-confirmation-771621/spring_petclinic_microservices/split/N/2/list_owners,restore,storm_compact,3,0.7729529409505684,1.0407076690057906
spring_petclinic_microservices,v4-confirmation-771621/spring_petclinic_microservices/split/N/2/list_vets,initial,ours_direct,3,0.7463188122441499,1.0722810210941973
spring_petclinic_microservices,v4-confirmation-771621/spring_petclinic_microservices/split/N/2/list_vets,initial,ours_prepared,3,0.7862450295191895,1.0328540123802363
spring_petclinic_microservices,v4-confirmation-771621/spring_petclinic_microservices/split/N/2/list_vets,initial,cudd_fixed,3,0.7659699814322579,0.7916719216203131
spring_petclinic_microservices,v4-confirmation-771621/spring_petclinic_microservices/split/N/2/list_vets,initial,cudd_sift,3,0.9495399089746542,1.00355960227972
spring_petclinic_microservices,v4-confirmation-771621/spring_petclinic_microservices/split/N/2/list_vets,initial,agrum_conditioned,3,1.0769650617286795,1.1247159075275563
spring_petclinic_microservices,v4-confirmation-771621/spring_petclinic_microservices/split/N/2/list_vets,initial,agrum_joint,3,1.1111252950347466,1.1603599310044794
spring_petclinic_microservices,v4-confirmation-771621/spring_petclinic_microservices/split/N/2/list_vets,initial,storm_sparse,3,0.8935935673949512,1.0042835639579353
spring_petclinic_microservices,v4-confirmation-771621/spring_petclinic_microservices/split/N/2/list_vets,initial,storm_compact,3,0.8774479075762529,0.9804605377301889
spring_petclinic_microservices,v4-confirmation-771621/spring_petclinic_microservices/split/N/2/list_vets,repeat,ours_direct,3,0.6314906537359061,1.0215448151549549
spring_petclinic_microservices,v4-confirmation-771621/spring_petclinic_microservices/split/N/2/list_vets,repeat,ours_prepared,3,0.5825091221728034,0.9697398426400181
spring_petclinic_microservices,v4-confirmation-771621/spring_petclinic_microservices/split/N/2/list_vets,repeat,cudd_fixed,3,0.43794520001595344,0.6191481344775615
spring_petclinic_microservices,v4-confirmation-771621/spring_petclinic_microservices/split/N/2/list_vets,repeat,cudd_sift,3,0.4735870354403957,0.6897380580281307
spring_petclinic_microservices,v4-confirmation-771621/spring_petclinic_microservices/split/N/2/list_vets,repeat,agrum_conditioned,3,0.9489845157569233,1.0660967945228716
spring_petclinic_microservices,v4-confirmation-771621/spring_petclinic_microservices/split/N/2/list_vets,repeat,agrum_joint,3,0.8526750280297466,1.0446677018156103
spring_petclinic_microservices,v4-confirmation-771621/spring_petclinic_microservices/split/N/2/list_vets,repeat,storm_sparse,3,0.5585981483246326,0.9873426516008009
spring_petclinic_microservices,v4-confirmation-771621/spring_petclinic_microservices/split/N/2/list_vets,repeat,storm_compact,3,0.6106560952940954,1.0463200074303076
spring_petclinic_microservices,v4-confirmation-771621/spring_petclinic_microservices/split/N/2/list_vets,counts,ours_direct,3,0.6268164815854521,1.0195633768746977
spring_petclinic_microservices,v4-confirmation-771621/spring_petclinic_microservices/split/N/2/list_vets,counts,ours_prepared,3,0.5905144139143665,1.0000805428588688
spring_petclinic_microservices,v4-confirmation-771621/spring_petclinic_microservices/split/N/2/list_vets,counts,cudd_fixed,3,0.5822606283505797,0.978705349387286
spring_petclinic_microservices,v4-confirmation-771621/spring_petclinic_microservices/split/N/2/list_vets,counts,cudd_sift,3,0.540761432561994,0.9881320004187166
spring_petclinic_microservices,v4-confirmation-771621/spring_petclinic_microservices/split/N/2/list_vets,counts,agrum_conditioned,3,0.9397284253312987,1.0510306999660939
spring_petclinic_microservices,v4-confirmation-771621/spring_petclinic_microservices/split/N/2/list_vets,counts,agrum_joint,3,0.796843177979181,1.0045800895136634
spring_petclinic_microservices,v4-confirmation-771621/spring_petclinic_microservices/split/N/2/list_vets,counts,storm_sparse,3,0.5818493137266426,0.9984127311331451
spring_petclinic_microservices,v4-confirmation-771621/spring_petclinic_microservices/split/N/2/list_vets,counts,storm_compact,3,0.5214630503287856,0.850092991415711
spring_petclinic_microservices,v4-confirmation-771621/spring_petclinic_microservices/split/N/2/list_vets,masks,ours_direct,3,0.5816034779884067,0.9310250803588751
spring_petclinic_microservices,v4-confirmation-771621/spring_petclinic_microservices/split/N/2/list_vets,masks,ours_prepared,3,0.5350859483685777,0.9118597806399678
spring_petclinic_microservices,v4-confirmation-771621/spring_petclinic_microservices/split/N/2/list_vets,masks,cudd_fixed,3,0.511955832045906,0.9466967496298385
spring_petclinic_microservices,v4-confirmation-771621/spring_petclinic_microservices/split/N/2/list_vets,masks,cudd_sift,3,0.5723124717326671,1.0156356445073516
spring_petclinic_microservices,v4-confirmation-771621/spring_petclinic_microservices/split/N/2/list_vets,masks,agrum_conditioned,3,1.0806563894473342,1.179230273123829
spring_petclinic_microservices,v4-confirmation-771621/spring_petclinic_microservices/split/N/2/list_vets,masks,agrum_joint,3,1.0397760304091823,1.1246774869785368
spring_petclinic_microservices,v4-confirmation-771621/spring_petclinic_microservices/split/N/2/list_vets,masks,storm_sparse,3,0.9113763547313615,1.020327281262183
spring_petclinic_microservices,v4-confirmation-771621/spring_petclinic_microservices/split/N/2/list_vets,masks,storm_compact,3,0.8896257607532493,0.983367063395721
spring_petclinic_microservices,v4-confirmation-771621/spring_petclinic_microservices/split/N/2/list_vets,metadata,ours_direct,3,0.5870189889667737,0.958473379262633
spring_petclinic_microservices,v4-confirmation-771621/spring_petclinic_microservices/split/N/2/list_vets,metadata,ours_prepared,3,0.5641031603014978,1.0128906878062762
spring_petclinic_microservices,v4-confirmation-771621/spring_petclinic_microservices/split/N/2/list_vets,metadata,cudd_fixed,3,0.8495725720505204,1.48043456265493
spring_petclinic_microservices,v4-confirmation-771621/spring_petclinic_microservices/split/N/2/list_vets,metadata,cudd_sift,3,0.8153066399504671,1.4893212972250083
spring_petclinic_microservices,v4-confirmation-771621/spring_petclinic_microservices/split/N/2/list_vets,metadata,agrum_conditioned,3,0.919175975354514,1.0356823431178974
spring_petclinic_microservices,v4-confirmation-771621/spring_petclinic_microservices/split/N/2/list_vets,metadata,agrum_joint,3,0.7617550258573117,0.9309235761630048
spring_petclinic_microservices,v4-confirmation-771621/spring_petclinic_microservices/split/N/2/list_vets,metadata,storm_sparse,3,0.7017980176752737,0.9873305129910942
spring_petclinic_microservices,v4-confirmation-771621/spring_petclinic_microservices/split/N/2/list_vets,metadata,storm_compact,3,0.6479498897446551,0.912997091214913
spring_petclinic_microservices,v4-confirmation-771621/spring_petclinic_microservices/split/N/2/list_vets,structure,ours_direct,3,0.6113746503693535,1.0216919491258512
spring_petclinic_microservices,v4-confirmation-771621/spring_petclinic_microservices/split/N/2/list_vets,structure,ours_prepared,3,0.7034063872680146,0.9940705069293828
spring_petclinic_microservices,v4-confirmation-771621/spring_petclinic_microservices/split/N/2/list_vets,structure,cudd_fixed,3,0.680666215951525,1.0649378344467093
spring_petclinic_microservices,v4-confirmation-771621/spring_petclinic_microservices/split/N/2/list_vets,structure,cudd_sift,3,0.7913048274992514,1.1353981699069842
spring_petclinic_microservices,v4-confirmation-771621/spring_petclinic_microservices/split/N/2/list_vets,structure,agrum_conditioned,3,1.0937987083616296,1.1532980137584965
spring_petclinic_microservices,v4-confirmation-771621/spring_petclinic_microservices/split/N/2/list_vets,structure,agrum_joint,3,1.12467855668428,1.1804318566633782
spring_petclinic_microservices,v4-confirmation-771621/spring_petclinic_microservices/split/N/2/list_vets,structure,storm_sparse,3,0.8232266664046662,1.0238898293219971
spring_petclinic_microservices,v4-confirmation-771621/spring_petclinic_microservices/split/N/2/list_vets,structure,storm_compact,3,0.8351901529736632,1.0102362219168886
spring_petclinic_microservices,v4-confirmation-771621/spring_petclinic_microservices/split/N/2/list_vets,restore,ours_direct,3,0.5759238305094839,0.9574035628597357
spring_petclinic_microservices,v4-confirmation-771621/spring_petclinic_microservices/split/N/2/list_vets,restore,ours_prepared,3,0.6842779487702711,1.001497435641464
spring_petclinic_microservices,v4-confirmation-771621/spring_petclinic_microservices/split/N/2/list_vets,restore,cudd_fixed,3,0.6097905623466674,1.0197786395407773
spring_petclinic_microservices,v4-confirmation-771621/spring_petclinic_microservices/split/N/2/list_vets,restore,cudd_sift,3,0.687602312090589,1.054570777918746
spring_petclinic_microservices,v4-confirmation-771621/spring_petclinic_microservices/split/N/2/list_vets,restore,agrum_conditioned,3,1.1183975033970341,1.1848634887312888
spring_petclinic_microservices,v4-confirmation-771621/spring_petclinic_microservices/split/N/2/list_vets,restore,agrum_joint,3,1.1049677562044564,1.1671431621617712
spring_petclinic_microservices,v4-confirmation-771621/spring_petclinic_microservices/split/N/2/list_vets,restore,storm_sparse,3,0.7837304955869603,1.0549170366479996
spring_petclinic_microservices,v4-confirmation-771621/spring_petclinic_microservices/split/N/2/list_vets,restore,storm_compact,3,0.7540223073317,1.0111721878521038
spring_petclinic_microservices,v4-confirmation-771621/spring_petclinic_microservices/split/N/2/owner_details_with_visits,initial,ours_direct,3,0.9877721928048092,1.247927943235529
spring_petclinic_microservices,v4-confirmation-771621/spring_petclinic_microservices/split/N/2/owner_details_with_visits,initial,ours_prepared,3,0.9509031230145559,1.1204549353131603
spring_petclinic_microservices,v4-confirmation-771621/spring_petclinic_microservices/split/N/2/owner_details_with_visits,initial,cudd_fixed,3,0.9512316017430844,1.0401863211736588
spring_petclinic_microservices,v4-confirmation-771621/spring_petclinic_microservices/split/N/2/owner_details_with_visits,initial,cudd_sift,3,0.786887596287074,0.8589084192629016
spring_petclinic_microservices,v4-confirmation-771621/spring_petclinic_microservices/split/N/2/owner_details_with_visits,initial,agrum_conditioned,3,1.1153268812540922,1.1460378751469882
spring_petclinic_microservices,v4-confirmation-771621/spring_petclinic_microservices/split/N/2/owner_details_with_visits,initial,agrum_joint,3,1.153794812959815,1.2001921707856265
spring_petclinic_microservices,v4-confirmation-771621/spring_petclinic_microservices/split/N/2/owner_details_with_visits,initial,storm_sparse,3,1.0935871245395055,1.1512276748702863
spring_petclinic_microservices,v4-confirmation-771621/spring_petclinic_microservices/split/N/2/owner_details_with_visits,initial,storm_compact,3,1.038771474216864,1.1007151589340636
spring_petclinic_microservices,v4-confirmation-771621/spring_petclinic_microservices/split/N/2/owner_details_with_visits,repeat,ours_direct,3,0.9894131157224084,1.2630243269113182
spring_petclinic_microservices,v4-confirmation-771621/spring_petclinic_microservices/split/N/2/owner_details_with_visits,repeat,ours_prepared,3,0.5975408478692869,1.0234783483040621
spring_petclinic_microservices,v4-confirmation-771621/spring_petclinic_microservices/split/N/2/owner_details_with_visits,repeat,cudd_fixed,3,0.6616179859564951,1.0577399749809615
spring_petclinic_microservices,v4-confirmation-771621/spring_petclinic_microservices/split/N/2/owner_details_with_visits,repeat,cudd_sift,3,0.6710858434551824,1.0654391018726497
spring_petclinic_microservices,v4-confirmation-771621/spring_petclinic_microservices/split/N/2/owner_details_with_visits,repeat,agrum_conditioned,3,1.0236679368208954,1.0617991604267245
spring_petclinic_microservices,v4-confirmation-771621/spring_petclinic_microservices/split/N/2/owner_details_with_visits,repeat,agrum_joint,3,0.8852302094556942,1.0018337327493596
spring_petclinic_microservices,v4-confirmation-771621/spring_petclinic_microservices/split/N/2/owner_details_with_visits,repeat,storm_sparse,3,1.0155006282223473,1.1562893355605341
spring_petclinic_microservices,v4-confirmation-771621/spring_petclinic_microservices/split/N/2/owner_details_with_visits,repeat,storm_compact,3,0.773657390900349,0.9669641363486212
spring_petclinic_microservices,v4-confirmation-771621/spring_petclinic_microservices/split/N/2/owner_details_with_visits,counts,ours_direct,3,1.0132846265358053,1.2781835479189456
spring_petclinic_microservices,v4-confirmation-771621/spring_petclinic_microservices/split/N/2/owner_details_with_visits,counts,ours_prepared,3,0.6008793508513484,1.025321663491255
spring_petclinic_microservices,v4-confirmation-771621/spring_petclinic_microservices/split/N/2/owner_details_with_visits,counts,cudd_fixed,3,0.6611053990885613,1.0900347190680135
spring_petclinic_microservices,v4-confirmation-771621/spring_petclinic_microservices/split/N/2/owner_details_with_visits,counts,cudd_sift,3,0.664559936893475,1.0527724414949353
spring_petclinic_microservices,v4-confirmation-771621/spring_petclinic_microservices/split/N/2/owner_details_with_visits,counts,agrum_conditioned,3,1.0278670976755708,1.0647649394889227
spring_petclinic_microservices,v4-confirmation-771621/spring_petclinic_microservices/split/N/2/owner_details_with_visits,counts,agrum_joint,3,0.8845857569476737,0.9895954675974628
spring_petclinic_microservices,v4-confirmation-771621/spring_petclinic_microservices/split/N/2/owner_details_with_visits,counts,storm_sparse,3,1.0135339717508107,1.143522794467331
spring_petclinic_microservices,v4-confirmation-771621/spring_petclinic_microservices/split/N/2/owner_details_with_visits,counts,storm_compact,3,0.8405838060439671,1.0504869295767065
spring_petclinic_microservices,v4-confirmation-771621/spring_petclinic_microservices/split/N/2/owner_details_with_visits,masks,ours_direct,3,0.9783905649386809,1.2588061994470803
spring_petclinic_microservices,v4-confirmation-771621/spring_petclinic_microservices/split/N/2/owner_details_with_visits,masks,ours_prepared,3,0.6111864195565032,1.0117307573110625
spring_petclinic_microservices,v4-confirmation-771621/spring_petclinic_microservices/split/N/2/owner_details_with_visits,masks,cudd_fixed,3,0.6357841392054605,1.0717917810665416
spring_petclinic_microservices,v4-confirmation-771621/spring_petclinic_microservices/split/N/2/owner_details_with_visits,masks,cudd_sift,3,0.6582480634083745,1.091722330901783
spring_petclinic_microservices,v4-confirmation-771621/spring_petclinic_microservices/split/N/2/owner_details_with_visits,masks,agrum_conditioned,3,1.0730946424135372,1.1083759315764714
spring_petclinic_microservices,v4-confirmation-771621/spring_petclinic_microservices/split/N/2/owner_details_with_visits,masks,agrum_joint,3,1.1021368733937162,1.166769967344496
spring_petclinic_microservices,v4-confirmation-771621/spring_petclinic_microservices/split/N/2/owner_details_with_visits,masks,storm_sparse,3,1.1141365912610217,1.2017568472752795
spring_petclinic_microservices,v4-confirmation-771621/spring_petclinic_microservices/split/N/2/owner_details_with_visits,masks,storm_compact,3,1.0350117889599486,1.1437188591250405
spring_petclinic_microservices,v4-confirmation-771621/spring_petclinic_microservices/split/N/2/owner_details_with_visits,metadata,ours_direct,3,0.9759546138446773,1.243322606814008
spring_petclinic_microservices,v4-confirmation-771621/spring_petclinic_microservices/split/N/2/owner_details_with_visits,metadata,ours_prepared,3,0.5577429006044806,1.0128572671720297
spring_petclinic_microservices,v4-confirmation-771621/spring_petclinic_microservices/split/N/2/owner_details_with_visits,metadata,cudd_fixed,3,0.6371905466097053,1.041683882724936
spring_petclinic_microservices,v4-confirmation-771621/spring_petclinic_microservices/split/N/2/owner_details_with_visits,metadata,cudd_sift,3,0.6522979086962128,1.0474341354631262
spring_petclinic_microservices,v4-confirmation-771621/spring_petclinic_microservices/split/N/2/owner_details_with_visits,metadata,agrum_conditioned,3,1.011209149175204,1.0506165786655763
spring_petclinic_microservices,v4-confirmation-771621/spring_petclinic_microservices/split/N/2/owner_details_with_visits,metadata,agrum_joint,3,0.9238916134259766,1.0371383125661853
spring_petclinic_microservices,v4-confirmation-771621/spring_petclinic_microservices/split/N/2/owner_details_with_visits,metadata,storm_sparse,3,1.0123279842645136,1.1683730793737264
spring_petclinic_microservices,v4-confirmation-771621/spring_petclinic_microservices/split/N/2/owner_details_with_visits,metadata,storm_compact,3,0.7895611338688,1.0214918775734898
spring_petclinic_microservices,v4-confirmation-771621/spring_petclinic_microservices/split/N/2/owner_details_with_visits,structure,ours_direct,3,0.976974244463189,1.2819630899914543
spring_petclinic_microservices,v4-confirmation-771621/spring_petclinic_microservices/split/N/2/owner_details_with_visits,structure,ours_prepared,3,0.9770411139798812,1.1809773141414648
spring_petclinic_microservices,v4-confirmation-771621/spring_petclinic_microservices/split/N/2/owner_details_with_visits,structure,cudd_fixed,3,0.6788924578265987,1.0539227083706553
spring_petclinic_microservices,v4-confirmation-771621/spring_petclinic_microservices/split/N/2/owner_details_with_visits,structure,cudd_sift,3,0.8211561947457937,1.1698219145602993
spring_petclinic_microservices,v4-confirmation-771621/spring_petclinic_microservices/split/N/2/owner_details_with_visits,structure,agrum_conditioned,3,1.1184468218207142,1.1444435192616145
spring_petclinic_microservices,v4-confirmation-771621/spring_petclinic_microservices/split/N/2/owner_details_with_visits,structure,agrum_joint,3,1.1454628576405796,1.1832113326693159
spring_petclinic_microservices,v4-confirmation-771621/spring_petclinic_microservices/split/N/2/owner_details_with_visits,structure,storm_sparse,3,1.1012160162927231,1.1853161325232302
spring_petclinic_microservices,v4-confirmation-771621/spring_petclinic_microservices/split/N/2/owner_details_with_visits,structure,storm_compact,3,1.0520922370590344,1.130131252748734
spring_petclinic_microservices,v4-confirmation-771621/spring_petclinic_microservices/split/N/2/owner_details_with_visits,restore,ours_direct,3,1.063304988042779,1.370546032449448
spring_petclinic_microservices,v4-confirmation-771621/spring_petclinic_microservices/split/N/2/owner_details_with_visits,restore,ours_prepared,3,0.9224863812277466,1.1203313735157026
spring_petclinic_microservices,v4-confirmation-771621/spring_petclinic_microservices/split/N/2/owner_details_with_visits,restore,cudd_fixed,3,0.6224996596947251,0.9687054018765372
spring_petclinic_microservices,v4-confirmation-771621/spring_petclinic_microservices/split/N/2/owner_details_with_visits,restore,cudd_sift,3,0.7298380267630994,1.0374638921185475
spring_petclinic_microservices,v4-confirmation-771621/spring_petclinic_microservices/split/N/2/owner_details_with_visits,restore,agrum_conditioned,3,1.1449326680014413,1.1725881548758421
spring_petclinic_microservices,v4-confirmation-771621/spring_petclinic_microservices/split/N/2/owner_details_with_visits,restore,agrum_joint,3,1.1119345837426793,1.153957958967113
spring_petclinic_microservices,v4-confirmation-771621/spring_petclinic_microservices/split/N/2/owner_details_with_visits,restore,storm_sparse,3,1.12922485899685,1.2181551262773582
spring_petclinic_microservices,v4-confirmation-771621/spring_petclinic_microservices/split/N/2/owner_details_with_visits,restore,storm_compact,3,1.0701027205636024,1.1715402926962326
spring_petclinic_microservices,v4-confirmation-771621/spring_petclinic_microservices/split/NC/0/create_visit,initial,ours_direct,3,1.263035902906693,1.565864125928457
spring_petclinic_microservices,v4-confirmation-771621/spring_petclinic_microservices/split/NC/0/create_visit,initial,ours_prepared,3,0.9104755299335998,1.071469586662055
spring_petclinic_microservices,v4-confirmation-771621/spring_petclinic_microservices/split/NC/0/create_visit,initial,cudd_fixed,3,0.9290616199687002,1.0490901921228601
spring_petclinic_microservices,v4-confirmation-771621/spring_petclinic_microservices/split/NC/0/create_visit,initial,cudd_sift,3,1.1784338869608202,1.3108195548432793
spring_petclinic_microservices,v4-confirmation-771621/spring_petclinic_microservices/split/NC/0/create_visit,initial,agrum_conditioned,3,1.1286896865895408,1.1500612041180576
spring_petclinic_microservices,v4-confirmation-771621/spring_petclinic_microservices/split/NC/0/create_visit,initial,agrum_joint,3,1.1187448350888274,1.1594846483121646
spring_petclinic_microservices,v4-confirmation-771621/spring_petclinic_microservices/split/NC/0/create_visit,initial,storm_sparse,3,1.1812269394372106,1.2523748632129117
spring_petclinic_microservices,v4-confirmation-771621/spring_petclinic_microservices/split/NC/0/create_visit,initial,storm_compact,3,1.1419157006718754,1.2121055668328393
spring_petclinic_microservices,v4-confirmation-771621/spring_petclinic_microservices/split/NC/0/create_visit,repeat,ours_direct,3,1.3340455356075827,1.6629828141924916
spring_petclinic_microservices,v4-confirmation-771621/spring_petclinic_microservices/split/NC/0/create_visit,repeat,ours_prepared,3,0.7171446302469262,1.1093137466479257
spring_petclinic_microservices,v4-confirmation-771621/spring_petclinic_microservices/split/NC/0/create_visit,repeat,cudd_fixed,3,0.760562123338118,1.1384130635924878
spring_petclinic_microservices,v4-confirmation-771621/spring_petclinic_microservices/split/NC/0/create_visit,repeat,cudd_sift,3,0.7681624324134246,1.1666900430932332
spring_petclinic_microservices,v4-confirmation-771621/spring_petclinic_microservices/split/NC/0/create_visit,repeat,agrum_conditioned,3,1.0889113941546056,1.119986945654411
spring_petclinic_microservices,v4-confirmation-771621/spring_petclinic_microservices/split/NC/0/create_visit,repeat,agrum_joint,3,1.0365367356517652,1.1399367359839847
spring_petclinic_microservices,v4-confirmation-771621/spring_petclinic_microservices/split/NC/0/create_visit,repeat,storm_sparse,3,1.1865755224875378,1.338329926177581
spring_petclinic_microservices,v4-confirmation-771621/spring_petclinic_microservices/split/NC/0/create_visit,repeat,storm_compact,3,0.8068693973428422,1.0128188884567098
spring_petclinic_microservices,v4-confirmation-771621/spring_petclinic_microservices/split/NC/0/create_visit,counts,ours_direct,3,1.3173833058239708,1.6446024406267201
spring_petclinic_microservices,v4-confirmation-771621/spring_petclinic_microservices/split/NC/0/create_visit,counts,ours_prepared,3,0.7033956555938767,1.0764148775370266
spring_petclinic_microservices,v4-confirmation-771621/spring_petclinic_microservices/split/NC/0/create_visit,counts,cudd_fixed,3,0.7635624818140602,1.131456340791634
spring_petclinic_microservices,v4-confirmation-771621/spring_petclinic_microservices/split/NC/0/create_visit,counts,cudd_sift,3,0.7626033382023738,1.1421670635050067
spring_petclinic_microservices,v4-confirmation-771621/spring_petclinic_microservices/split/NC/0/create_visit,counts,agrum_conditioned,3,1.0977585410535338,1.1342192503906232
spring_petclinic_microservices,v4-confirmation-771621/spring_petclinic_microservices/split/NC/0/create_visit,counts,agrum_joint,3,1.0247356287880187,1.127310101476116
spring_petclinic_microservices,v4-confirmation-771621/spring_petclinic_microservices/split/NC/0/create_visit,counts,storm_sparse,3,1.0978267947144278,1.2215788955187554
spring_petclinic_microservices,v4-confirmation-771621/spring_petclinic_microservices/split/NC/0/create_visit,counts,storm_compact,3,0.844273411237394,1.034430489048139
spring_petclinic_microservices,v4-confirmation-771621/spring_petclinic_microservices/split/NC/0/create_visit,masks,ours_direct,3,1.0006703700326163,1.1753265258199908
spring_petclinic_microservices,v4-confirmation-771621/spring_petclinic_microservices/split/NC/0/create_visit,masks,ours_prepared,3,0.6251932570612132,0.9707861853120306
spring_petclinic_microservices,v4-confirmation-771621/spring_petclinic_microservices/split/NC/0/create_visit,masks,cudd_fixed,3,0.7114403151564757,1.0286978002858564
spring_petclinic_microservices,v4-confirmation-771621/spring_petclinic_microservices/split/NC/0/create_visit,masks,cudd_sift,3,0.7183547067931869,1.0207718054735184
spring_petclinic_microservices,v4-confirmation-771621/spring_petclinic_microservices/split/NC/0/create_visit,masks,agrum_conditioned,3,0.8200457939675774,0.8361411745974675
spring_petclinic_microservices,v4-confirmation-771621/spring_petclinic_microservices/split/NC/0/create_visit,masks,agrum_joint,3,0.7240245284754298,0.7471690777863803
spring_petclinic_microservices,v4-confirmation-771621/spring_petclinic_microservices/split/NC/0/create_visit,masks,storm_sparse,3,1.0304967298013568,1.0736043147241963
spring_petclinic_microservices,v4-confirmation-771621/spring_petclinic_microservices/split/NC/0/create_visit,masks,storm_compact,3,0.9998010300352199,1.0519137822764741
spring_petclinic_microservices,v4-confirmation-771621/spring_petclinic_microservices/split/NC/0/create_visit,metadata,ours_direct,3,0.9788076274373901,1.1645492511068547
spring_petclinic_microservices,v4-confirmation-771621/spring_petclinic_microservices/split/NC/0/create_visit,metadata,ours_prepared,3,0.6435663303959488,0.9998965709833342
spring_petclinic_microservices,v4-confirmation-771621/spring_petclinic_microservices/split/NC/0/create_visit,metadata,cudd_fixed,3,0.7038971366048062,1.023145207240204
spring_petclinic_microservices,v4-confirmation-771621/spring_petclinic_microservices/split/NC/0/create_visit,metadata,cudd_sift,3,0.70887165352473,1.0731131342151248
spring_petclinic_microservices,v4-confirmation-771621/spring_petclinic_microservices/split/NC/0/create_visit,metadata,agrum_conditioned,3,0.9798756386124238,1.005296228146313
spring_petclinic_microservices,v4-confirmation-771621/spring_petclinic_microservices/split/NC/0/create_visit,metadata,agrum_joint,3,0.9113422084310214,0.9912253852211
spring_petclinic_microservices,v4-confirmation-771621/spring_petclinic_microservices/split/NC/0/create_visit,metadata,storm_sparse,3,0.9799254577309574,1.0787996056054976
spring_petclinic_microservices,v4-confirmation-771621/spring_petclinic_microservices/split/NC/0/create_visit,metadata,storm_compact,3,0.8227993921162734,1.0284176426067404
spring_petclinic_microservices,v4-confirmation-771621/spring_petclinic_microservices/split/NC/0/create_visit,structure,ours_direct,3,1.0303659936007654,1.2265422709251568
spring_petclinic_microservices,v4-confirmation-771621/spring_petclinic_microservices/split/NC/0/create_visit,structure,ours_prepared,3,0.9005814818513664,1.079497596064254
spring_petclinic_microservices,v4-confirmation-771621/spring_petclinic_microservices/split/NC/0/create_visit,structure,cudd_fixed,3,0.6973662522425872,1.023793388314034
spring_petclinic_microservices,v4-confirmation-771621/spring_petclinic_microservices/split/NC/0/create_visit,structure,cudd_sift,3,0.7988146397278252,1.0935080463805
spring_petclinic_microservices,v4-confirmation-771621/spring_petclinic_microservices/split/NC/0/create_visit,structure,agrum_conditioned,3,1.0087776255797494,1.0284383913154318
spring_petclinic_microservices,v4-confirmation-771621/spring_petclinic_microservices/split/NC/0/create_visit,structure,agrum_joint,3,1.0453395139495312,1.0784201286458586
spring_petclinic_microservices,v4-confirmation-771621/spring_petclinic_microservices/split/NC/0/create_visit,structure,storm_sparse,3,1.1572317793694633,1.215755131742804
spring_petclinic_microservices,v4-confirmation-771621/spring_petclinic_microservices/split/NC/0/create_visit,structure,storm_compact,3,0.9998735265466273,1.0641837567572658
spring_petclinic_microservices,v4-confirmation-771621/spring_petclinic_microservices/split/NC/0/create_visit,restore,ours_direct,3,1.2683277578862087,1.59084805153464
spring_petclinic_microservices,v4-confirmation-771621/spring_petclinic_microservices/split/NC/0/create_visit,restore,ours_prepared,3,0.9072005532237771,1.0798738245719275
spring_petclinic_microservices,v4-confirmation-771621/spring_petclinic_microservices/split/NC/0/create_visit,restore,cudd_fixed,3,0.7524214926856669,1.130081744975033
spring_petclinic_microservices,v4-confirmation-771621/spring_petclinic_microservices/split/NC/0/create_visit,restore,cudd_sift,3,0.8676883186901667,1.204888700923039
spring_petclinic_microservices,v4-confirmation-771621/spring_petclinic_microservices/split/NC/0/create_visit,restore,agrum_conditioned,3,1.138257027796097,1.1623545395796784
spring_petclinic_microservices,v4-confirmation-771621/spring_petclinic_microservices/split/NC/0/create_visit,restore,agrum_joint,3,1.1197056870171977,1.1557044575025244
spring_petclinic_microservices,v4-confirmation-771621/spring_petclinic_microservices/split/NC/0/create_visit,restore,storm_sparse,3,1.284040753653392,1.371949447946766
spring_petclinic_microservices,v4-confirmation-771621/spring_petclinic_microservices/split/NC/0/create_visit,restore,storm_compact,3,1.183052476890822,1.2807394033749706
spring_petclinic_microservices,v4-confirmation-771621/spring_petclinic_microservices/split/NC/0/list_owners,initial,ours_direct,3,0.6991012020332031,1.0832708304344432
spring_petclinic_microservices,v4-confirmation-771621/spring_petclinic_microservices/split/NC/0/list_owners,initial,ours_prepared,3,0.8280075378785782,1.0979403193044774
spring_petclinic_microservices,v4-confirmation-771621/spring_petclinic_microservices/split/NC/0/list_owners,initial,cudd_fixed,3,0.9815904965038343,1.0166860815057066
spring_petclinic_microservices,v4-confirmation-771621/spring_petclinic_microservices/split/NC/0/list_owners,initial,cudd_sift,3,0.9182977793413716,0.9620323531434969
spring_petclinic_microservices,v4-confirmation-771621/spring_petclinic_microservices/split/NC/0/list_owners,initial,agrum_conditioned,3,1.1769984999817071,1.2305068190522306
spring_petclinic_microservices,v4-confirmation-771621/spring_petclinic_microservices/split/NC/0/list_owners,initial,agrum_joint,3,1.2011767576635657,1.257522714118337
spring_petclinic_microservices,v4-confirmation-771621/spring_petclinic_microservices/split/NC/0/list_owners,initial,storm_sparse,3,0.8737091380767079,0.9816646364049475
spring_petclinic_microservices,v4-confirmation-771621/spring_petclinic_microservices/split/NC/0/list_owners,initial,storm_compact,3,0.9135120081255529,1.0283345074746482
spring_petclinic_microservices,v4-confirmation-771621/spring_petclinic_microservices/split/NC/0/list_owners,repeat,ours_direct,3,0.593419111064463,0.9467686724338127
spring_petclinic_microservices,v4-confirmation-771621/spring_petclinic_microservices/split/NC/0/list_owners,repeat,ours_prepared,3,0.5892019181660194,0.9699512645269198
spring_petclinic_microservices,v4-confirmation-771621/spring_petclinic_microservices/split/NC/0/list_owners,repeat,cudd_fixed,3,0.4828928302649758,0.7126915340157608
spring_petclinic_microservices,v4-confirmation-771621/spring_petclinic_microservices/split/NC/0/list_owners,repeat,cudd_sift,3,0.4630450521737492,0.6878463424601553
spring_petclinic_microservices,v4-confirmation-771621/spring_petclinic_microservices/split/NC/0/list_owners,repeat,agrum_conditioned,3,0.9766917188780684,1.1043414298399088
spring_petclinic_microservices,v4-confirmation-771621/spring_petclinic_microservices/split/NC/0/list_owners,repeat,agrum_joint,3,0.8384918723414678,1.01232445444312
spring_petclinic_microservices,v4-confirmation-771621/spring_petclinic_microservices/split/NC/0/list_owners,repeat,storm_sparse,3,0.5822099151406878,1.012530533261428
spring_petclinic_microservices,v4-confirmation-771621/spring_petclinic_microservices/split/NC/0/list_owners,repeat,storm_compact,3,0.5018654103266059,0.9215385995872342
spring_petclinic_microservices,v4-confirmation-771621/spring_petclinic_microservices/split/NC/0/list_owners,counts,ours_direct,3,0.5971841281009943,0.9849233825361557
spring_petclinic_microservices,v4-confirmation-771621/spring_petclinic_microservices/split/NC/0/list_owners,counts,ours_prepared,3,0.570947297956095,0.9801521077238621
spring_petclinic_microservices,v4-confirmation-771621/spring_petclinic_microservices/split/NC/0/list_owners,counts,cudd_fixed,3,0.5633524202464931,0.9782498410639404
spring_petclinic_microservices,v4-confirmation-771621/spring_petclinic_microservices/split/NC/0/list_owners,counts,cudd_sift,3,0.5612910416636705,0.9802874848599424
spring_petclinic_microservices,v4-confirmation-771621/spring_petclinic_microservices/split/NC/0/list_owners,counts,agrum_conditioned,3,0.9677909650562627,1.0922322367644304
spring_petclinic_microservices,v4-confirmation-771621/spring_petclinic_microservices/split/NC/0/list_owners,counts,agrum_joint,3,0.7849716698931711,0.9607530988847398
spring_petclinic_microservices,v4-confirmation-771621/spring_petclinic_microservices/split/NC/0/list_owners,counts,storm_sparse,3,0.522863742865924,0.9599414124524462
spring_petclinic_microservices,v4-confirmation-771621/spring_petclinic_microservices/split/NC/0/list_owners,counts,storm_compact,3,0.5797363825238626,1.02987478249002
spring_petclinic_microservices,v4-confirmation-771621/spring_petclinic_microservices/split/NC/0/list_owners,masks,ours_direct,3,0.6011570584114337,0.9900582205121911
spring_petclinic_microservices,v4-confirmation-771621/spring_petclinic_microservices/split/NC/0/list_owners,masks,ours_prepared,3,0.5072088508939364,0.9924478597856807
spring_petclinic_microservices,v4-confirmation-771621/spring_petclinic_microservices/split/NC/0/list_owners,masks,cudd_fixed,3,0.5906125595842631,1.071335196991332
spring_petclinic_microservices,v4-confirmation-771621/spring_petclinic_microservices/split/NC/0/list_owners,masks,cudd_sift,3,0.5919716481020432,1.0572659730567746
spring_petclinic_microservices,v4-confirmation-771621/spring_petclinic_microservices/split/NC/0/list_owners,masks,agrum_conditioned,3,1.09406297201427,1.2430222911935362
spring_petclinic_microservices,v4-confirmation-771621/spring_petclinic_microservices/split/NC/0/list_owners,masks,agrum_joint,3,1.1220278439783675,1.2175020682239017
spring_petclinic_microservices,v4-confirmation-771621/spring_petclinic_microservices/split/NC/0/list_owners,masks,storm_sparse,3,0.9162476393181147,1.024918703324077
spring_petclinic_microservices,v4-confirmation-771621/spring_petclinic_microservices/split/NC/0/list_owners,masks,storm_compact,3,0.9273226705532405,1.0271292546900508
spring_petclinic_microservices,v4-confirmation-771621/spring_petclinic_microservices/split/NC/0/list_owners,metadata,ours_direct,3,0.6014591794230969,0.9987396776862674
spring_petclinic_microservices,v4-confirmation-771621/spring_petclinic_microservices/split/NC/0/list_owners,metadata,ours_prepared,3,0.5735470794177262,1.0404295471487768
spring_petclinic_microservices,v4-confirmation-771621/spring_petclinic_microservices/split/NC/0/list_owners,metadata,cudd_fixed,3,0.844753689528971,1.5175802152044053
spring_petclinic_microservices,v4-confirmation-771621/spring_petclinic_microservices/split/NC/0/list_owners,metadata,cudd_sift,3,0.820376210817422,1.4662685496406318
spring_petclinic_microservices,v4-confirmation-771621/spring_petclinic_microservices/split/NC/0/list_owners,metadata,agrum_conditioned,3,0.9948028596947631,1.1314751295969452
spring_petclinic_microservices,v4-confirmation-771621/spring_petclinic_microservices/split/NC/0/list_owners,metadata,agrum_joint,3,0.807347852960105,1.0031781845290022
spring_petclinic_microservices,v4-confirmation-771621/spring_petclinic_microservices/split/NC/0/list_owners,metadata,storm_sparse,3,0.6620344368310412,0.9380913760475804
spring_petclinic_microservices,v4-confirmation-771621/spring_petclinic_microservices/split/NC/0/list_owners,metadata,storm_compact,3,0.6712179191296537,0.9858586301850775
spring_petclinic_microservices,v4-confirmation-771621/spring_petclinic_microservices/split/NC/0/list_owners,structure,ours_direct,3,0.6483094349162501,1.0340439534356827
spring_petclinic_microservices,v4-confirmation-771621/spring_petclinic_microservices/split/NC/0/list_owners,structure,ours_prepared,3,0.7281984452175816,1.0668168666383522
spring_petclinic_microservices,v4-confirmation-771621/spring_petclinic_microservices/split/NC/0/list_owners,structure,cudd_fixed,3,0.6503268397706934,1.0754340268434706
spring_petclinic_microservices,v4-confirmation-771621/spring_petclinic_microservices/split/NC/0/list_owners,structure,cudd_sift,3,0.8248310940992113,1.1942639421696808
spring_petclinic_microservices,v4-confirmation-771621/spring_petclinic_microservices/split/NC/0/list_owners,structure,agrum_conditioned,3,1.1994101235746073,1.2776560142367899
spring_petclinic_microservices,v4-confirmation-771621/spring_petclinic_microservices/split/NC/0/list_owners,structure,agrum_joint,3,1.2140593262440338,1.2903721037126799
spring_petclinic_microservices,v4-confirmation-771621/spring_petclinic_microservices/split/NC/0/list_owners,structure,storm_sparse,3,0.8660364220236096,1.0837795443719922
spring_petclinic_microservices,v4-confirmation-771621/spring_petclinic_microservices/split/NC/0/list_owners,structure,storm_compact,3,0.8604161283742435,1.0725296804892783
spring_petclinic_microservices,v4-confirmation-771621/spring_petclinic_microservices/split/NC/0/list_owners,restore,ours_direct,3,0.5949748743718593,1.0290230742453628
spring_petclinic_microservices,v4-confirmation-771621/spring_petclinic_microservices/split/NC/0/list_owners,restore,ours_prepared,3,0.783238081637249,1.1456381461819178
spring_petclinic_microservices,v4-confirmation-771621/spring_petclinic_microservices/split/NC/0/list_owners,restore,cudd_fixed,3,0.5994724411470234,1.0301246809898028
spring_petclinic_microservices,v4-confirmation-771621/spring_petclinic_microservices/split/NC/0/list_owners,restore,cudd_sift,3,0.7331363745024061,1.0526181917476183
spring_petclinic_microservices,v4-confirmation-771621/spring_petclinic_microservices/split/NC/0/list_owners,restore,agrum_conditioned,3,1.2440874968672078,1.3190221959950341
spring_petclinic_microservices,v4-confirmation-771621/spring_petclinic_microservices/split/NC/0/list_owners,restore,agrum_joint,3,1.2182915976650122,1.2864726896697412
spring_petclinic_microservices,v4-confirmation-771621/spring_petclinic_microservices/split/NC/0/list_owners,restore,storm_sparse,3,0.70721173658617,0.9326355136112988
spring_petclinic_microservices,v4-confirmation-771621/spring_petclinic_microservices/split/NC/0/list_owners,restore,storm_compact,3,0.8151030852972281,1.0799090788119414
spring_petclinic_microservices,v4-confirmation-771621/spring_petclinic_microservices/split/NC/0/list_vets,initial,ours_direct,3,0.742589532777258,1.0784699786429381
spring_petclinic_microservices,v4-confirmation-771621/spring_petclinic_microservices/split/NC/0/list_vets,initial,ours_prepared,3,0.8002642623376525,1.089304557854502
spring_petclinic_microservices,v4-confirmation-771621/spring_petclinic_microservices/split/NC/0/list_vets,initial,cudd_fixed,3,0.7383844112042399,0.7636290188260629
spring_petclinic_microservices,v4-confirmation-771621/spring_petclinic_microservices/split/NC/0/list_vets,initial,cudd_sift,3,1.021653580537598,1.0582119507538268
spring_petclinic_microservices,v4-confirmation-771621/spring_petclinic_microservices/split/NC/0/list_vets,initial,agrum_conditioned,3,1.0958004590703263,1.144264064477377
spring_petclinic_microservices,v4-confirmation-771621/spring_petclinic_microservices/split/NC/0/list_vets,initial,agrum_joint,3,1.1091674667190796,1.1576286168613115
spring_petclinic_microservices,v4-confirmation-771621/spring_petclinic_microservices/split/NC/0/list_vets,initial,storm_sparse,3,0.9102192903817922,1.0464439780690014
spring_petclinic_microservices,v4-confirmation-771621/spring_petclinic_microservices/split/NC/0/list_vets,initial,storm_compact,3,0.8739482909165068,0.9808783369988483
spring_petclinic_microservices,v4-confirmation-771621/spring_petclinic_microservices/split/NC/0/list_vets,repeat,ours_direct,3,0.5852964937792858,0.9564321382335068
spring_petclinic_microservices,v4-confirmation-771621/spring_petclinic_microservices/split/NC/0/list_vets,repeat,ours_prepared,3,0.5993665932545822,1.029611275345608
spring_petclinic_microservices,v4-confirmation-771621/spring_petclinic_microservices/split/NC/0/list_vets,repeat,cudd_fixed,3,0.48493726842248325,0.705283837050929
spring_petclinic_microservices,v4-confirmation-771621/spring_petclinic_microservices/split/NC/0/list_vets,repeat,cudd_sift,3,0.5399359177900297,0.7931554519334526
spring_petclinic_microservices,v4-confirmation-771621/spring_petclinic_microservices/split/NC/0/list_vets,repeat,agrum_conditioned,3,0.9203146935768595,1.0403276913941597
spring_petclinic_microservices,v4-confirmation-771621/spring_petclinic_microservices/split/NC/0/list_vets,repeat,agrum_joint,3,0.7965333810762176,0.9690350317701467
spring_petclinic_microservices,v4-confirmation-771621/spring_petclinic_microservices/split/NC/0/list_vets,repeat,storm_sparse,3,0.5947288548659599,0.9981994450958908
spring_petclinic_microservices,v4-confirmation-771621/spring_petclinic_microservices/split/NC/0/list_vets,repeat,storm_compact,3,0.5735541840826043,0.9841566073697586
spring_petclinic_microservices,v4-confirmation-771621/spring_petclinic_microservices/split/NC/0/list_vets,counts,ours_direct,3,0.6151091336773582,0.9896188178383912
spring_petclinic_microservices,v4-confirmation-771621/spring_petclinic_microservices/split/NC/0/list_vets,counts,ours_prepared,3,0.6007872587981081,1.0126036722132388
spring_petclinic_microservices,v4-confirmation-771621/spring_petclinic_microservices/split/NC/0/list_vets,counts,cudd_fixed,3,0.580503618701882,1.0073412023345285
spring_petclinic_microservices,v4-confirmation-771621/spring_petclinic_microservices/split/NC/0/list_vets,counts,cudd_sift,3,0.5699777380497927,0.9784041842719512
spring_petclinic_microservices,v4-confirmation-771621/spring_petclinic_microservices/split/NC/0/list_vets,counts,agrum_conditioned,3,0.982526409481648,1.1023538508173458
spring_petclinic_microservices,v4-confirmation-771621/spring_petclinic_microservices/split/NC/0/list_vets,counts,agrum_joint,3,0.8198318838128262,0.9895394704309358
spring_petclinic_microservices,v4-confirmation-771621/spring_petclinic_microservices/split/NC/0/list_vets,counts,storm_sparse,3,0.565400158555214,0.9802834804953391
spring_petclinic_microservices,v4-confirmation-771621/spring_petclinic_microservices/split/NC/0/list_vets,counts,storm_compact,3,0.5364373602833332,0.965119884978081
spring_petclinic_microservices,v4-confirmation-771621/spring_petclinic_microservices/split/NC/0/list_vets,masks,ours_direct,3,0.6060884595018533,0.97731634215236
spring_petclinic_microservices,v4-confirmation-771621/spring_petclinic_microservices/split/NC/0/list_vets,masks,ours_prepared,3,0.5390627285760262,0.9076991621390824
spring_petclinic_microservices,v4-confirmation-771621/spring_petclinic_microservices/split/NC/0/list_vets,masks,cudd_fixed,3,0.6414862947533659,1.120208598051673
spring_petclinic_microservices,v4-confirmation-771621/spring_petclinic_microservices/split/NC/0/list_vets,masks,cudd_sift,3,0.5604330024626448,0.9840368073614723
spring_petclinic_microservices,v4-confirmation-771621/spring_petclinic_microservices/split/NC/0/list_vets,masks,agrum_conditioned,3,1.0005087509389343,1.0938222976923486
spring_petclinic_microservices,v4-confirmation-771621/spring_petclinic_microservices/split/NC/0/list_vets,masks,agrum_joint,3,1.0478347724655932,1.1292243089524994
spring_petclinic_microservices,v4-confirmation-771621/spring_petclinic_microservices/split/NC/0/list_vets,masks,storm_sparse,3,0.9086636925490846,1.0061892088580662
spring_petclinic_microservices,v4-confirmation-771621/spring_petclinic_microservices/split/NC/0/list_vets,masks,storm_compact,3,0.8980198438186674,0.9917448093281693
spring_petclinic_microservices,v4-confirmation-771621/spring_petclinic_microservices/split/NC/0/list_vets,metadata,ours_direct,3,0.6020411733422901,0.9969061313265835
spring_petclinic_microservices,v4-confirmation-771621/spring_petclinic_microservices/split/NC/0/list_vets,metadata,ours_prepared,3,0.5303939668930124,1.0492583929746915
spring_petclinic_microservices,v4-confirmation-771621/spring_petclinic_microservices/split/NC/0/list_vets,metadata,cudd_fixed,3,0.8594703551817613,1.6164832499819752
spring_petclinic_microservices,v4-confirmation-771621/spring_petclinic_microservices/split/NC/0/list_vets,metadata,cudd_sift,3,0.8618910643036095,1.472015507986731
spring_petclinic_microservices,v4-confirmation-771621/spring_petclinic_microservices/split/NC/0/list_vets,metadata,agrum_conditioned,3,0.9432151492424806,1.0660561809519389
spring_petclinic_microservices,v4-confirmation-771621/spring_petclinic_microservices/split/NC/0/list_vets,metadata,agrum_joint,3,0.7950864981732187,0.9862142961650383
spring_petclinic_microservices,v4-confirmation-771621/spring_petclinic_microservices/split/NC/0/list_vets,metadata,storm_sparse,3,0.7563421676139674,1.0980176294497772
spring_petclinic_microservices,v4-confirmation-771621/spring_petclinic_microservices/split/NC/0/list_vets,metadata,storm_compact,3,0.6079152987753452,0.9264224147119642
spring_petclinic_microservices,v4-confirmation-771621/spring_petclinic_microservices/split/NC/0/list_vets,structure,ours_direct,3,0.6156426887806892,1.0175454612887214
spring_petclinic_microservices,v4-confirmation-771621/spring_petclinic_microservices/split/NC/0/list_vets,structure,ours_prepared,3,0.7428238287583054,1.0538678634750076
spring_petclinic_microservices,v4-confirmation-771621/spring_petclinic_microservices/split/NC/0/list_vets,structure,cudd_fixed,3,0.6502927472049774,1.068541881414422
spring_petclinic_microservices,v4-confirmation-771621/spring_petclinic_microservices/split/NC/0/list_vets,structure,cudd_sift,3,0.7962690020623742,1.1524908279845476
spring_petclinic_microservices,v4-confirmation-771621/spring_petclinic_microservices/split/NC/0/list_vets,structure,agrum_conditioned,3,1.136211062625193,1.1949908319137914
spring_petclinic_microservices,v4-confirmation-771621/spring_petclinic_microservices/split/NC/0/list_vets,structure,agrum_joint,3,1.1180772218815969,1.1733891611281229
spring_petclinic_microservices,v4-confirmation-771621/spring_petclinic_microservices/split/NC/0/list_vets,structure,storm_sparse,3,0.8605922603158895,1.0638739446694474
spring_petclinic_microservices,v4-confirmation-771621/spring_petclinic_microservices/split/NC/0/list_vets,structure,storm_compact,3,0.7442916723546875,0.8686783293001674
spring_petclinic_microservices,v4-confirmation-771621/spring_petclinic_microservices/split/NC/0/list_vets,restore,ours_direct,3,0.585006806725781,0.9823328137710904
spring_petclinic_microservices,v4-confirmation-771621/spring_petclinic_microservices/split/NC/0/list_vets,restore,ours_prepared,3,0.6548514602417634,0.9891734290258125
spring_petclinic_microservices,v4-confirmation-771621/spring_petclinic_microservices/split/NC/0/list_vets,restore,cudd_fixed,3,0.6074847816001462,1.0144763387958802
spring_petclinic_microservices,v4-confirmation-771621/spring_petclinic_microservices/split/NC/0/list_vets,restore,cudd_sift,3,0.7148457478644105,1.0490192545613972
spring_petclinic_microservices,v4-confirmation-771621/spring_petclinic_microservices/split/NC/0/list_vets,restore,agrum_conditioned,3,1.117258405429534,1.183224509817929
spring_petclinic_microservices,v4-confirmation-771621/spring_petclinic_microservices/split/NC/0/list_vets,restore,agrum_joint,3,1.1143873942821618,1.1752231377749405
spring_petclinic_microservices,v4-confirmation-771621/spring_petclinic_microservices/split/NC/0/list_vets,restore,storm_sparse,3,0.7291248277109967,0.9812489828884161
spring_petclinic_microservices,v4-confirmation-771621/spring_petclinic_microservices/split/NC/0/list_vets,restore,storm_compact,3,0.8126013335033611,1.088985266995562
spring_petclinic_microservices,v4-confirmation-771621/spring_petclinic_microservices/split/NC/0/owner_details_with_visits,initial,ours_direct,3,1.0065029927177418,1.2427457347506412
spring_petclinic_microservices,v4-confirmation-771621/spring_petclinic_microservices/split/NC/0/owner_details_with_visits,initial,ours_prepared,3,0.9345224652169859,1.0992302984193867
spring_petclinic_microservices,v4-confirmation-771621/spring_petclinic_microservices/split/NC/0/owner_details_with_visits,initial,cudd_fixed,3,0.9709936777618358,1.0632632481418611
spring_petclinic_microservices,v4-confirmation-771621/spring_petclinic_microservices/split/NC/0/owner_details_with_visits,initial,cudd_sift,3,1.1984340277480745,1.3322911852562438
spring_petclinic_microservices,v4-confirmation-771621/spring_petclinic_microservices/split/NC/0/owner_details_with_visits,initial,agrum_conditioned,3,1.1293025369837424,1.163779206295561
spring_petclinic_microservices,v4-confirmation-771621/spring_petclinic_microservices/split/NC/0/owner_details_with_visits,initial,agrum_joint,3,1.1251728487132477,1.1729117740776596
spring_petclinic_microservices,v4-confirmation-771621/spring_petclinic_microservices/split/NC/0/owner_details_with_visits,initial,storm_sparse,3,1.0427855913595632,1.0983207449192471
spring_petclinic_microservices,v4-confirmation-771621/spring_petclinic_microservices/split/NC/0/owner_details_with_visits,initial,storm_compact,3,1.0211508240660194,1.0822737017074078
spring_petclinic_microservices,v4-confirmation-771621/spring_petclinic_microservices/split/NC/0/owner_details_with_visits,repeat,ours_direct,3,1.0029427742901,1.2614762352183695
spring_petclinic_microservices,v4-confirmation-771621/spring_petclinic_microservices/split/NC/0/owner_details_with_visits,repeat,ours_prepared,3,0.5984469838349142,1.021788690007774
spring_petclinic_microservices,v4-confirmation-771621/spring_petclinic_microservices/split/NC/0/owner_details_with_visits,repeat,cudd_fixed,3,0.6295371634321769,1.0338690189253317
spring_petclinic_microservices,v4-confirmation-771621/spring_petclinic_microservices/split/NC/0/owner_details_with_visits,repeat,cudd_sift,3,0.6599788643252261,1.0271275186928264
spring_petclinic_microservices,v4-confirmation-771621/spring_petclinic_microservices/split/NC/0/owner_details_with_visits,repeat,agrum_conditioned,3,1.0325346002390616,1.07076438793833
spring_petclinic_microservices,v4-confirmation-771621/spring_petclinic_microservices/split/NC/0/owner_details_with_visits,repeat,agrum_joint,3,0.8897320817793006,0.9955474349189879
spring_petclinic_microservices,v4-confirmation-771621/spring_petclinic_microservices/split/NC/0/owner_details_with_visits,repeat,storm_sparse,3,1.0006464785384406,1.144551697431766
spring_petclinic_microservices,v4-confirmation-771621/spring_petclinic_microservices/split/NC/0/owner_details_with_visits,repeat,storm_compact,3,0.7806604136981143,0.9729931875437086
spring_petclinic_microservices,v4-confirmation-771621/spring_petclinic_microservices/split/NC/0/owner_details_with_visits,counts,ours_direct,3,1.0190458035240382,1.2867696631610688
spring_petclinic_microservices,v4-confirmation-771621/spring_petclinic_microservices/split/NC/0/owner_details_with_visits,counts,ours_prepared,3,0.6129850415225212,1.0189928343563042
spring_petclinic_microservices,v4-confirmation-771621/spring_petclinic_microservices/split/NC/0/owner_details_with_visits,counts,cudd_fixed,3,0.6470453318942255,1.0119736451745782
spring_petclinic_microservices,v4-confirmation-771621/spring_petclinic_microservices/split/NC/0/owner_details_with_visits,counts,cudd_sift,3,0.6557522029600111,1.0202938502595384
spring_petclinic_microservices,v4-confirmation-771621/spring_petclinic_microservices/split/NC/0/owner_details_with_visits,counts,agrum_conditioned,3,1.053015673434835,1.0920547029792909
spring_petclinic_microservices,v4-confirmation-771621/spring_petclinic_microservices/split/NC/0/owner_details_with_visits,counts,agrum_joint,3,0.8896839972136027,0.9928182726518952
spring_petclinic_microservices,v4-confirmation-771621/spring_petclinic_microservices/split/NC/0/owner_details_with_visits,counts,storm_sparse,3,1.0286830640020082,1.1599264832703906
spring_petclinic_microservices,v4-confirmation-771621/spring_petclinic_microservices/split/NC/0/owner_details_with_visits,counts,storm_compact,3,0.7837431679993443,0.9508487233449836
spring_petclinic_microservices,v4-confirmation-771621/spring_petclinic_microservices/split/NC/0/owner_details_with_visits,masks,ours_direct,3,0.9588604460046406,1.2310489793484958
spring_petclinic_microservices,v4-confirmation-771621/spring_petclinic_microservices/split/NC/0/owner_details_with_visits,masks,ours_prepared,3,0.6259235362400661,1.0455380210542553
spring_petclinic_microservices,v4-confirmation-771621/spring_petclinic_microservices/split/NC/0/owner_details_with_visits,masks,cudd_fixed,3,0.6493132880438424,1.0459985962147054
spring_petclinic_microservices,v4-confirmation-771621/spring_petclinic_microservices/split/NC/0/owner_details_with_visits,masks,cudd_sift,3,0.6619250450853625,1.1037161929208381
spring_petclinic_microservices,v4-confirmation-771621/spring_petclinic_microservices/split/NC/0/owner_details_with_visits,masks,agrum_conditioned,3,1.10383594772232,1.1413130209813822
spring_petclinic_microservices,v4-confirmation-771621/spring_petclinic_microservices/split/NC/0/owner_details_with_visits,masks,agrum_joint,3,1.1296285427998856,1.1991172086377238
spring_petclinic_microservices,v4-confirmation-771621/spring_petclinic_microservices/split/NC/0/owner_details_with_visits,masks,storm_sparse,3,1.0961161312215693,1.1836924852259736
spring_petclinic_microservices,v4-confirmation-771621/spring_petclinic_microservices/split/NC/0/owner_details_with_visits,masks,storm_compact,3,1.0361035319991252,1.1313075364124563
spring_petclinic_microservices,v4-confirmation-771621/spring_petclinic_microservices/split/NC/0/owner_details_with_visits,metadata,ours_direct,3,0.9680507014885701,1.2234676719026671
spring_petclinic_microservices,v4-confirmation-771621/spring_petclinic_microservices/split/NC/0/owner_details_with_visits,metadata,ours_prepared,3,0.5530232973592123,1.022685862271696
spring_petclinic_microservices,v4-confirmation-771621/spring_petclinic_microservices/split/NC/0/owner_details_with_visits,metadata,cudd_fixed,3,0.7054905730487746,1.157077535445245
spring_petclinic_microservices,v4-confirmation-771621/spring_petclinic_microservices/split/NC/0/owner_details_with_visits,metadata,cudd_sift,3,0.675697538775964,1.1301676629507962
spring_petclinic_microservices,v4-confirmation-771621/spring_petclinic_microservices/split/NC/0/owner_details_with_visits,metadata,agrum_conditioned,3,1.053041832664569,1.094384886658161
spring_petclinic_microservices,v4-confirmation-771621/spring_petclinic_microservices/split/NC/0/owner_details_with_visits,metadata,agrum_joint,3,0.9130695148251043,1.0266707153089427
spring_petclinic_microservices,v4-confirmation-771621/spring_petclinic_microservices/split/NC/0/owner_details_with_visits,metadata,storm_sparse,3,1.001785258862535,1.1484544795302016
spring_petclinic_microservices,v4-confirmation-771621/spring_petclinic_microservices/split/NC/0/owner_details_with_visits,metadata,storm_compact,3,0.7431168097787577,0.9493533750644972
spring_petclinic_microservices,v4-confirmation-771621/spring_petclinic_microservices/split/NC/0/owner_details_with_visits,structure,ours_direct,3,0.9553098292836019,1.2231920469371307
spring_petclinic_microservices,v4-confirmation-771621/spring_petclinic_microservices/split/NC/0/owner_details_with_visits,structure,ours_prepared,3,0.9724595672371045,1.1819989682372312
spring_petclinic_microservices,v4-confirmation-771621/spring_petclinic_microservices/split/NC/0/owner_details_with_visits,structure,cudd_fixed,3,0.6840490646920322,1.074609741277055
spring_petclinic_microservices,v4-confirmation-771621/spring_petclinic_microservices/split/NC/0/owner_details_with_visits,structure,cudd_sift,3,0.8144203828434713,1.1900112997732561
spring_petclinic_microservices,v4-confirmation-771621/spring_petclinic_microservices/split/NC/0/owner_details_with_visits,structure,agrum_conditioned,3,1.1473608746303432,1.1743091745962642
spring_petclinic_microservices,v4-confirmation-771621/spring_petclinic_microservices/split/NC/0/owner_details_with_visits,structure,agrum_joint,3,1.14703418370564,1.185816647623611
spring_petclinic_microservices,v4-confirmation-771621/spring_petclinic_microservices/split/NC/0/owner_details_with_visits,structure,storm_sparse,3,1.0878376661071727,1.1733114536551126
spring_petclinic_microservices,v4-confirmation-771621/spring_petclinic_microservices/split/NC/0/owner_details_with_visits,structure,storm_compact,3,0.9895577524799549,1.069230677900036
spring_petclinic_microservices,v4-confirmation-771621/spring_petclinic_microservices/split/NC/0/owner_details_with_visits,restore,ours_direct,3,1.0475069789756704,1.3377688172043012
spring_petclinic_microservices,v4-confirmation-771621/spring_petclinic_microservices/split/NC/0/owner_details_with_visits,restore,ours_prepared,3,0.9413482159596505,1.1296210998103775
spring_petclinic_microservices,v4-confirmation-771621/spring_petclinic_microservices/split/NC/0/owner_details_with_visits,restore,cudd_fixed,3,0.6392295024725948,0.9863268326248221
spring_petclinic_microservices,v4-confirmation-771621/spring_petclinic_microservices/split/NC/0/owner_details_with_visits,restore,cudd_sift,3,0.7626087289200534,1.064009919982462
spring_petclinic_microservices,v4-confirmation-771621/spring_petclinic_microservices/split/NC/0/owner_details_with_visits,restore,agrum_conditioned,3,1.1587929270743924,1.186319909013008
spring_petclinic_microservices,v4-confirmation-771621/spring_petclinic_microservices/split/NC/0/owner_details_with_visits,restore,agrum_joint,3,1.1078562027182475,1.14781481138036
spring_petclinic_microservices,v4-confirmation-771621/spring_petclinic_microservices/split/NC/0/owner_details_with_visits,restore,storm_sparse,3,1.0940022333001402,1.1779791507098565
spring_petclinic_microservices,v4-confirmation-771621/spring_petclinic_microservices/split/NC/0/owner_details_with_visits,restore,storm_compact,3,1.0187690740729596,1.122020468238744
spring_petclinic_microservices,v4-confirmation-771621/spring_petclinic_microservices/split/NC/1/create_visit,initial,ours_direct,3,1.2917212157876579,1.5947522801897118
spring_petclinic_microservices,v4-confirmation-771621/spring_petclinic_microservices/split/NC/1/create_visit,initial,ours_prepared,3,0.9094079070443213,1.0781404004005584
spring_petclinic_microservices,v4-confirmation-771621/spring_petclinic_microservices/split/NC/1/create_visit,initial,cudd_fixed,3,0.9422233916798323,1.03510482514556
spring_petclinic_microservices,v4-confirmation-771621/spring_petclinic_microservices/split/NC/1/create_visit,initial,cudd_sift,3,0.9745370652699171,1.0663662093980475
spring_petclinic_microservices,v4-confirmation-771621/spring_petclinic_microservices/split/NC/1/create_visit,initial,agrum_conditioned,3,1.1499692052006463,1.1730850757500315
spring_petclinic_microservices,v4-confirmation-771621/spring_petclinic_microservices/split/NC/1/create_visit,initial,agrum_joint,3,1.1274161189419414,1.1620302290678108
spring_petclinic_microservices,v4-confirmation-771621/spring_petclinic_microservices/split/NC/1/create_visit,initial,storm_sparse,3,1.1977188699840686,1.2567661001917076
spring_petclinic_microservices,v4-confirmation-771621/spring_petclinic_microservices/split/NC/1/create_visit,initial,storm_compact,3,1.1073976407622552,1.172329909346198
spring_petclinic_microservices,v4-confirmation-771621/spring_petclinic_microservices/split/NC/1/create_visit,repeat,ours_direct,3,1.2976508398644735,1.6328392486371102
spring_petclinic_microservices,v4-confirmation-771621/spring_petclinic_microservices/split/NC/1/create_visit,repeat,ours_prepared,3,0.7448728297367312,1.184611512892625
spring_petclinic_microservices,v4-confirmation-771621/spring_petclinic_microservices/split/NC/1/create_visit,repeat,cudd_fixed,3,0.755341432323776,1.1057339500722043
spring_petclinic_microservices,v4-confirmation-771621/spring_petclinic_microservices/split/NC/1/create_visit,repeat,cudd_sift,3,0.7582165620777845,1.1628995324873581
spring_petclinic_microservices,v4-confirmation-771621/spring_petclinic_microservices/split/NC/1/create_visit,repeat,agrum_conditioned,3,1.1197344289147568,1.154240015518842
spring_petclinic_microservices,v4-confirmation-771621/spring_petclinic_microservices/split/NC/1/create_visit,repeat,agrum_joint,3,1.009628029438137,1.1255869987230285
spring_petclinic_microservices,v4-confirmation-771621/spring_petclinic_microservices/split/NC/1/create_visit,repeat,storm_sparse,3,1.0990104919923853,1.2505771459260118
spring_petclinic_microservices,v4-confirmation-771621/spring_petclinic_microservices/split/NC/1/create_visit,repeat,storm_compact,3,0.8539369266894161,1.1128585727460674
spring_petclinic_microservices,v4-confirmation-771621/spring_petclinic_microservices/split/NC/1/create_visit,counts,ours_direct,3,1.3232539863341093,1.661922956094993
spring_petclinic_microservices,v4-confirmation-771621/spring_petclinic_microservices/split/NC/1/create_visit,counts,ours_prepared,3,0.7336929171764746,1.1563528281725566
spring_petclinic_microservices,v4-confirmation-771621/spring_petclinic_microservices/split/NC/1/create_visit,counts,cudd_fixed,3,0.750178117565497,1.1164741386537012
spring_petclinic_microservices,v4-confirmation-771621/spring_petclinic_microservices/split/NC/1/create_visit,counts,cudd_sift,3,0.7719254032258065,1.1331985692798827
spring_petclinic_microservices,v4-confirmation-771621/spring_petclinic_microservices/split/NC/1/create_visit,counts,agrum_conditioned,3,1.1150089382535733,1.147488357202298
spring_petclinic_microservices,v4-confirmation-771621/spring_petclinic_microservices/split/NC/1/create_visit,counts,agrum_joint,3,1.0258959094168458,1.1289230816702502
spring_petclinic_microservices,v4-confirmation-771621/spring_petclinic_microservices/split/NC/1/create_visit,counts,storm_sparse,3,1.1100165071517438,1.23975169384232
spring_petclinic_microservices,v4-confirmation-771621/spring_petclinic_microservices/split/NC/1/create_visit,counts,storm_compact,3,0.808678648554177,1.0049637168982644
spring_petclinic_microservices,v4-confirmation-771621/spring_petclinic_microservices/split/NC/1/create_visit,masks,ours_direct,3,1.0050598268686899,1.1880193672775357
spring_petclinic_microservices,v4-confirmation-771621/spring_petclinic_microservices/split/NC/1/create_visit,masks,ours_prepared,3,0.6341902998827623,0.992335671179253
spring_petclinic_microservices,v4-confirmation-771621/spring_petclinic_microservices/split/NC/1/create_visit,masks,cudd_fixed,3,0.7208720354877843,1.057744265549184
spring_petclinic_microservices,v4-confirmation-771621/spring_petclinic_microservices/split/NC/1/create_visit,masks,cudd_sift,3,0.7259084435320889,1.0412041816782405
spring_petclinic_microservices,v4-confirmation-771621/spring_petclinic_microservices/split/NC/1/create_visit,masks,agrum_conditioned,3,0.8306401822770644,0.8470827968524832
spring_petclinic_microservices,v4-confirmation-771621/spring_petclinic_microservices/split/NC/1/create_visit,masks,agrum_joint,3,0.7224980419638073,0.7449312990612192
spring_petclinic_microservices,v4-confirmation-771621/spring_petclinic_microservices/split/NC/1/create_visit,masks,storm_sparse,3,1.0233859534143634,1.0664491910573046
spring_petclinic_microservices,v4-confirmation-771621/spring_petclinic_microservices/split/NC/1/create_visit,masks,storm_compact,3,0.9175320088714546,0.9599226092487132
spring_petclinic_microservices,v4-confirmation-771621/spring_petclinic_microservices/split/NC/1/create_visit,metadata,ours_direct,3,0.9653827313919275,1.1623218954211252
spring_petclinic_microservices,v4-confirmation-771621/spring_petclinic_microservices/split/NC/1/create_visit,metadata,ours_prepared,3,0.6463046980145055,0.9848515478420097
spring_petclinic_microservices,v4-confirmation-771621/spring_petclinic_microservices/split/NC/1/create_visit,metadata,cudd_fixed,3,0.7080139862486733,1.0415517257357507
spring_petclinic_microservices,v4-confirmation-771621/spring_petclinic_microservices/split/NC/1/create_visit,metadata,cudd_sift,3,0.7047321783855902,1.0346922658115005
spring_petclinic_microservices,v4-confirmation-771621/spring_petclinic_microservices/split/NC/1/create_visit,metadata,agrum_conditioned,3,0.9875420050615874,1.0145057164328874
spring_petclinic_microservices,v4-confirmation-771621/spring_petclinic_microservices/split/NC/1/create_visit,metadata,agrum_joint,3,0.9234955165809983,1.0103991159595698
spring_petclinic_microservices,v4-confirmation-771621/spring_petclinic_microservices/split/NC/1/create_visit,metadata,storm_sparse,3,0.9580726762574248,1.0627991299434232
spring_petclinic_microservices,v4-confirmation-771621/spring_petclinic_microservices/split/NC/1/create_visit,metadata,storm_compact,3,0.8213920500197216,1.0295212697178744
spring_petclinic_microservices,v4-confirmation-771621/spring_petclinic_microservices/split/NC/1/create_visit,structure,ours_direct,3,1.031092970726079,1.2229380676143167
spring_petclinic_microservices,v4-confirmation-771621/spring_petclinic_microservices/split/NC/1/create_visit,structure,ours_prepared,3,0.8837405400109863,1.0824177809570414
spring_petclinic_microservices,v4-confirmation-771621/spring_petclinic_microservices/split/NC/1/create_visit,structure,cudd_fixed,3,0.6953254530296387,1.055814719755827
spring_petclinic_microservices,v4-confirmation-771621/spring_petclinic_microservices/split/NC/1/create_visit,structure,cudd_sift,3,0.7919210424938656,1.1085154203633292
spring_petclinic_microservices,v4-confirmation-771621/spring_petclinic_microservices/split/NC/1/create_visit,structure,agrum_conditioned,3,1.0254070708450587,1.047551797490713
spring_petclinic_microservices,v4-confirmation-771621/spring_petclinic_microservices/split/NC/1/create_visit,structure,agrum_joint,3,1.0666676794494805,1.101389286197266
spring_petclinic_microservices,v4-confirmation-771621/spring_petclinic_microservices/split/NC/1/create_visit,structure,storm_sparse,3,1.0530497531980116,1.1019395313035414
spring_petclinic_microservices,v4-confirmation-771621/spring_petclinic_microservices/split/NC/1/create_visit,structure,storm_compact,3,0.9452290139217026,1.0131415245214772
spring_petclinic_microservices,v4-confirmation-771621/spring_petclinic_microservices/split/NC/1/create_visit,restore,ours_direct,3,1.3110016415985333,1.6417326153751126
spring_petclinic_microservices,v4-confirmation-771621/spring_petclinic_microservices/split/NC/1/create_visit,restore,ours_prepared,3,0.9107517975167797,1.09390971066672
spring_petclinic_microservices,v4-confirmation-771621/spring_petclinic_microservices/split/NC/1/create_visit,restore,cudd_fixed,3,0.7571241671865774,1.1241884056852134
spring_petclinic_microservices,v4-confirmation-771621/spring_petclinic_microservices/split/NC/1/create_visit,restore,cudd_sift,3,0.858368890486855,1.203228582698813
spring_petclinic_microservices,v4-confirmation-771621/spring_petclinic_microservices/split/NC/1/create_visit,restore,agrum_conditioned,3,1.149344034263496,1.1728488068212184
spring_petclinic_microservices,v4-confirmation-771621/spring_petclinic_microservices/split/NC/1/create_visit,restore,agrum_joint,3,1.1503179971305202,1.1879294529071225
spring_petclinic_microservices,v4-confirmation-771621/spring_petclinic_microservices/split/NC/1/create_visit,restore,storm_sparse,3,1.2677562309469783,1.3636759267848522
spring_petclinic_microservices,v4-confirmation-771621/spring_petclinic_microservices/split/NC/1/create_visit,restore,storm_compact,3,1.1237515105181386,1.220347300982729
spring_petclinic_microservices,v4-confirmation-771621/spring_petclinic_microservices/split/NC/1/list_owners,initial,ours_direct,3,0.7538663014225297,1.1080593353140133
spring_petclinic_microservices,v4-confirmation-771621/spring_petclinic_microservices/split/NC/1/list_owners,initial,ours_prepared,3,0.811362148581943,1.061456298516604
spring_petclinic_microservices,v4-confirmation-771621/spring_petclinic_microservices/split/NC/1/list_owners,initial,cudd_fixed,3,1.055828211147789,1.0932052789896127
spring_petclinic_microservices,v4-confirmation-771621/spring_petclinic_microservices/split/NC/1/list_owners,initial,cudd_sift,3,0.737702486727325,0.7642871021499149
spring_petclinic_microservices,v4-confirmation-771621/spring_petclinic_microservices/split/NC/1/list_owners,initial,agrum_conditioned,3,1.141185831834975,1.1908460224931212
spring_petclinic_microservices,v4-confirmation-771621/spring_petclinic_microservices/split/NC/1/list_owners,initial,agrum_joint,3,1.158017291791742,1.208715329991442
spring_petclinic_microservices,v4-confirmation-771621/spring_petclinic_microservices/split/NC/1/list_owners,initial,storm_sparse,3,0.9113482899497289,1.029755641851589
spring_petclinic_microservices,v4-confirmation-771621/spring_petclinic_microservices/split/NC/1/list_owners,initial,storm_compact,3,0.9379425591755456,1.0550627861111446
spring_petclinic_microservices,v4-confirmation-771621/spring_petclinic_microservices/split/NC/1/list_owners,repeat,ours_direct,3,0.6120499917585348,0.9947982101138192
spring_petclinic_microservices,v4-confirmation-771621/spring_petclinic_microservices/split/NC/1/list_owners,repeat,ours_prepared,3,0.6118281602289757,1.0345487651150846
spring_petclinic_microservices,v4-confirmation-771621/spring_petclinic_microservices/split/NC/1/list_owners,repeat,cudd_fixed,3,0.4422222607635646,0.6389157365927876
spring_petclinic_microservices,v4-confirmation-771621/spring_petclinic_microservices/split/NC/1/list_owners,repeat,cudd_sift,3,0.4694837816932132,0.6876126840589952
spring_petclinic_microservices,v4-confirmation-771621/spring_petclinic_microservices/split/NC/1/list_owners,repeat,agrum_conditioned,3,0.9756029773712696,1.1238188784277452
spring_petclinic_microservices,v4-confirmation-771621/spring_petclinic_microservices/split/NC/1/list_owners,repeat,agrum_joint,3,0.8225828676192231,1.0150218145689642
spring_petclinic_microservices,v4-confirmation-771621/spring_petclinic_microservices/split/NC/1/list_owners,repeat,storm_sparse,3,0.6283735982012146,1.0892516888965875
spring_petclinic_microservices,v4-confirmation-771621/spring_petclinic_microservices/split/NC/1/list_owners,repeat,storm_compact,3,0.5807707990607556,1.0236174567668102
spring_petclinic_microservices,v4-confirmation-771621/spring_petclinic_microservices/split/NC/1/list_owners,counts,ours_direct,3,0.6141534947808218,1.021658243694362
spring_petclinic_microservices,v4-confirmation-771621/spring_petclinic_microservices/split/NC/1/list_owners,counts,ours_prepared,3,0.5668053382824575,0.9923488070306177
spring_petclinic_microservices,v4-confirmation-771621/spring_petclinic_microservices/split/NC/1/list_owners,counts,cudd_fixed,3,0.5771878037877229,1.005811644720669
spring_petclinic_microservices,v4-confirmation-771621/spring_petclinic_microservices/split/NC/1/list_owners,counts,cudd_sift,3,0.5462369465945077,0.9523659598110936
spring_petclinic_microservices,v4-confirmation-771621/spring_petclinic_microservices/split/NC/1/list_owners,counts,agrum_conditioned,3,0.9525971627190689,1.0800326169182253
spring_petclinic_microservices,v4-confirmation-771621/spring_petclinic_microservices/split/NC/1/list_owners,counts,agrum_joint,3,0.7511001072541924,0.9225995108637862
spring_petclinic_microservices,v4-confirmation-771621/spring_petclinic_microservices/split/NC/1/list_owners,counts,storm_sparse,3,0.5048238262022908,0.9744803740521001
spring_petclinic_microservices,v4-confirmation-771621/spring_petclinic_microservices/split/NC/1/list_owners,counts,storm_compact,3,0.5495697649891259,0.9582140775756006
spring_petclinic_microservices,v4-confirmation-771621/spring_petclinic_microservices/split/NC/1/list_owners,masks,ours_direct,3,0.5914983428277141,0.9544044315656902
spring_petclinic_microservices,v4-confirmation-771621/spring_petclinic_microservices/split/NC/1/list_owners,masks,ours_prepared,3,0.5791787203666829,1.0257355154125507
spring_petclinic_microservices,v4-confirmation-771621/spring_petclinic_microservices/split/NC/1/list_owners,masks,cudd_fixed,3,0.5828117907082313,1.0624071520408231
spring_petclinic_microservices,v4-confirmation-771621/spring_petclinic_microservices/split/NC/1/list_owners,masks,cudd_sift,3,0.5919685959088926,1.0441578178530955
spring_petclinic_microservices,v4-confirmation-771621/spring_petclinic_microservices/split/NC/1/list_owners,masks,agrum_conditioned,3,1.0984783167040015,1.204847893979226
spring_petclinic_microservices,v4-confirmation-771621/spring_petclinic_microservices/split/NC/1/list_owners,masks,agrum_joint,3,1.105200187537596,1.1920447942654178
spring_petclinic_microservices,v4-confirmation-771621/spring_petclinic_microservices/split/NC/1/list_owners,masks,storm_sparse,3,0.8938480947384978,1.0002148814346916
spring_petclinic_microservices,v4-confirmation-771621/spring_petclinic_microservices/split/NC/1/list_owners,masks,storm_compact,3,0.853611245383109,0.946915316963779
spring_petclinic_microservices,v4-confirmation-771621/spring_petclinic_microservices/split/NC/1/list_owners,metadata,ours_direct,3,0.5859871789078186,0.9805993699404101
spring_petclinic_microservices,v4-confirmation-771621/spring_petclinic_microservices/split/NC/1/list_owners,metadata,ours_prepared,3,0.5723166259619712,1.0433702235696873
spring_petclinic_microservices,v4-confirmation-771621/spring_petclinic_microservices/split/NC/1/list_owners,metadata,cudd_fixed,3,0.9598617279175616,1.8121708791959852
spring_petclinic_microservices,v4-confirmation-771621/spring_petclinic_microservices/split/NC/1/list_owners,metadata,cudd_sift,3,0.8395696727945011,1.5276211728415319
spring_petclinic_microservices,v4-confirmation-771621/spring_petclinic_microservices/split/NC/1/list_owners,metadata,agrum_conditioned,3,0.9429280014508524,1.0997169700441434
spring_petclinic_microservices,v4-confirmation-771621/spring_petclinic_microservices/split/NC/1/list_owners,metadata,agrum_joint,3,0.7538983814197975,0.9419383488821612
spring_petclinic_microservices,v4-confirmation-771621/spring_petclinic_microservices/split/NC/1/list_owners,metadata,storm_sparse,3,0.7054562399389985,1.039557468999628
spring_petclinic_microservices,v4-confirmation-771621/spring_petclinic_microservices/split/NC/1/list_owners,metadata,storm_compact,3,0.7427094278179427,1.0512500411739518
spring_petclinic_microservices,v4-confirmation-771621/spring_petclinic_microservices/split/NC/1/list_owners,structure,ours_direct,3,0.6362779471959035,1.0410016068559187
spring_petclinic_microservices,v4-confirmation-771621/spring_petclinic_microservices/split/NC/1/list_owners,structure,ours_prepared,3,0.7236578313490402,1.0512478341817242
spring_petclinic_microservices,v4-confirmation-771621/spring_petclinic_microservices/split/NC/1/list_owners,structure,cudd_fixed,3,0.653249188722013,1.0727173024816137
spring_petclinic_microservices,v4-confirmation-771621/spring_petclinic_microservices/split/NC/1/list_owners,structure,cudd_sift,3,0.7859937031353672,1.1442172903746735
spring_petclinic_microservices,v4-confirmation-771621/spring_petclinic_microservices/split/NC/1/list_owners,structure,agrum_conditioned,3,1.2305172690245207,1.316558740496441
spring_petclinic_microservices,v4-confirmation-771621/spring_petclinic_microservices/split/NC/1/list_owners,structure,agrum_joint,3,1.2188120109884217,1.2843539733096105
spring_petclinic_microservices,v4-confirmation-771621/spring_petclinic_microservices/split/NC/1/list_owners,structure,storm_sparse,3,0.8516385536051987,1.0606666824967153
spring_petclinic_microservices,v4-confirmation-771621/spring_petclinic_microservices/split/NC/1/list_owners,structure,storm_compact,3,0.9129835768732234,1.0959096438467257
spring_petclinic_microservices,v4-confirmation-771621/spring_petclinic_microservices/split/NC/1/list_owners,restore,ours_direct,3,0.5961510796541654,1.0256011737497823
spring_petclinic_microservices,v4-confirmation-771621/spring_petclinic_microservices/split/NC/1/list_owners,restore,ours_prepared,3,0.6986285762735217,0.9903397295576395
spring_petclinic_microservices,v4-confirmation-771621/spring_petclinic_microservices/split/NC/1/list_owners,restore,cudd_fixed,3,0.7173591375625338,1.181946771097971
spring_petclinic_microservices,v4-confirmation-771621/spring_petclinic_microservices/split/NC/1/list_owners,restore,cudd_sift,3,0.7431470656011697,1.0891218617760527
spring_petclinic_microservices,v4-confirmation-771621/spring_petclinic_microservices/split/NC/1/list_owners,restore,agrum_conditioned,3,1.2156233284332272,1.2880941578704825
spring_petclinic_microservices,v4-confirmation-771621/spring_petclinic_microservices/split/NC/1/list_owners,restore,agrum_joint,3,1.222556745446886,1.3007335105041835
spring_petclinic_microservices,v4-confirmation-771621/spring_petclinic_microservices/split/NC/1/list_owners,restore,storm_sparse,3,0.6831023469891752,0.8912412366039717
spring_petclinic_microservices,v4-confirmation-771621/spring_petclinic_microservices/split/NC/1/list_owners,restore,storm_compact,3,0.7911314723777394,1.0647173099700513
spring_petclinic_microservices,v4-confirmation-771621/spring_petclinic_microservices/split/NC/1/list_vets,initial,ours_direct,3,0.7146781982728485,1.0272764474836598
spring_petclinic_microservices,v4-confirmation-771621/spring_petclinic_microservices/split/NC/1/list_vets,initial,ours_prepared,3,0.8655704019376066,1.1027903301821407
spring_petclinic_microservices,v4-confirmation-771621/spring_petclinic_microservices/split/NC/1/list_vets,initial,cudd_fixed,3,1.2620319030780924,1.3186156684560644
spring_petclinic_microservices,v4-confirmation-771621/spring_petclinic_microservices/split/NC/1/list_vets,initial,cudd_sift,3,0.7748617880195902,0.8052746364945952
spring_petclinic_microservices,v4-confirmation-771621/spring_petclinic_microservices/split/NC/1/list_vets,initial,agrum_conditioned,3,1.0646411624691072,1.1098079525564384
spring_petclinic_microservices,v4-confirmation-771621/spring_petclinic_microservices/split/NC/1/list_vets,initial,agrum_joint,3,1.1095980973112427,1.1548191337804077
spring_petclinic_microservices,v4-confirmation-771621/spring_petclinic_microservices/split/NC/1/list_vets,initial,storm_sparse,3,0.8176307577734557,0.8995078492410098
spring_petclinic_microservices,v4-confirmation-771621/spring_petclinic_microservices/split/NC/1/list_vets,initial,storm_compact,3,0.8987353451296815,1.001070558936644
spring_petclinic_microservices,v4-confirmation-771621/spring_petclinic_microservices/split/NC/1/list_vets,repeat,ours_direct,3,0.6464514995428322,1.0064862104187946
spring_petclinic_microservices,v4-confirmation-771621/spring_petclinic_microservices/split/NC/1/list_vets,repeat,ours_prepared,3,0.6251653526641622,1.0153177253334502
spring_petclinic_microservices,v4-confirmation-771621/spring_petclinic_microservices/split/NC/1/list_vets,repeat,cudd_fixed,3,0.61202482660078,1.01282896595897
spring_petclinic_microservices,v4-confirmation-771621/spring_petclinic_microservices/split/NC/1/list_vets,repeat,cudd_sift,3,0.5472916493852054,0.9864881653129196
spring_petclinic_microservices,v4-confirmation-771621/spring_petclinic_microservices/split/NC/1/list_vets,repeat,agrum_conditioned,3,0.9238583321564495,1.0273497762695152
spring_petclinic_microservices,v4-confirmation-771621/spring_petclinic_microservices/split/NC/1/list_vets,repeat,agrum_joint,3,0.8427984519202143,1.015904491357062
spring_petclinic_microservices,v4-confirmation-771621/spring_petclinic_microservices/split/NC/1/list_vets,repeat,storm_sparse,3,0.5782320257186925,0.945775700123378
spring_petclinic_microservices,v4-confirmation-771621/spring_petclinic_microservices/split/NC/1/list_vets,repeat,storm_compact,3,0.5804991541342854,0.988482076578626
spring_petclinic_microservices,v4-confirmation-771621/spring_petclinic_microservices/split/NC/1/list_vets,counts,ours_direct,3,0.6480715920296192,1.0268249621676155
spring_petclinic_microservices,v4-confirmation-771621/spring_petclinic_microservices/split/NC/1/list_vets,counts,ours_prepared,3,0.6050783317664347,0.9982772611778479
spring_petclinic_microservices,v4-confirmation-771621/spring_petclinic_microservices/split/NC/1/list_vets,counts,cudd_fixed,3,0.45098606006618963,0.6412304772651501
spring_petclinic_microservices,v4-confirmation-771621/spring_petclinic_microservices/split/NC/1/list_vets,counts,cudd_sift,3,0.4443397129325371,0.6260059702486771
spring_petclinic_microservices,v4-confirmation-771621/spring_petclinic_microservices/split/NC/1/list_vets,counts,agrum_conditioned,3,0.9271154899980099,1.031472555893351
spring_petclinic_microservices,v4-confirmation-771621/spring_petclinic_microservices/split/NC/1/list_vets,counts,agrum_joint,3,0.7895385281481753,0.9467445848704766
spring_petclinic_microservices,v4-confirmation-771621/spring_petclinic_microservices/split/NC/1/list_vets,counts,storm_sparse,3,0.6667549878529693,1.05368222729307
spring_petclinic_microservices,v4-confirmation-771621/spring_petclinic_microservices/split/NC/1/list_vets,counts,storm_compact,3,0.5424692032731677,0.9680848179180563
spring_petclinic_microservices,v4-confirmation-771621/spring_petclinic_microservices/split/NC/1/list_vets,masks,ours_direct,3,0.5915046706618218,1.0101045179069532
spring_petclinic_microservices,v4-confirmation-771621/spring_petclinic_microservices/split/NC/1/list_vets,masks,ours_prepared,3,0.5654991209597959,0.9652611722195653
spring_petclinic_microservices,v4-confirmation-771621/spring_petclinic_microservices/split/NC/1/list_vets,masks,cudd_fixed,3,0.5885458036753989,1.0166411616560187
spring_petclinic_microservices,v4-confirmation-771621/spring_petclinic_microservices/split/NC/1/list_vets,masks,cudd_sift,3,0.5726913164796931,0.9981321005196763
spring_petclinic_microservices,v4-confirmation-771621/spring_petclinic_microservices/split/NC/1/list_vets,masks,agrum_conditioned,3,1.029092700417052,1.11745962364051
spring_petclinic_microservices,v4-confirmation-771621/spring_petclinic_microservices/split/NC/1/list_vets,masks,agrum_joint,3,1.0260433597937888,1.0994509488331041
spring_petclinic_microservices,v4-confirmation-771621/spring_petclinic_microservices/split/NC/1/list_vets,masks,storm_sparse,3,0.92699751682318,1.0235996361706965
spring_petclinic_microservices,v4-confirmation-771621/spring_petclinic_microservices/split/NC/1/list_vets,masks,storm_compact,3,0.8956168010631211,0.9898726257314163
spring_petclinic_microservices,v4-confirmation-771621/spring_petclinic_microservices/split/NC/1/list_vets,metadata,ours_direct,3,0.6173295751122246,0.9840771785897408
spring_petclinic_microservices,v4-confirmation-771621/spring_petclinic_microservices/split/NC/1/list_vets,metadata,ours_prepared,3,0.5342478781722798,0.9747766097698785
spring_petclinic_microservices,v4-confirmation-771621/spring_petclinic_microservices/split/NC/1/list_vets,metadata,cudd_fixed,3,0.8560318629537639,1.5165400427561255
spring_petclinic_microservices,v4-confirmation-771621/spring_petclinic_microservices/split/NC/1/list_vets,metadata,cudd_sift,3,0.8870962865543487,1.5328887899073795
spring_petclinic_microservices,v4-confirmation-771621/spring_petclinic_microservices/split/NC/1/list_vets,metadata,agrum_conditioned,3,0.9410602982582583,1.0527933043277837
spring_petclinic_microservices,v4-confirmation-771621/spring_petclinic_microservices/split/NC/1/list_vets,metadata,agrum_joint,3,0.8073165578682606,0.9863747682083283
spring_petclinic_microservices,v4-confirmation-771621/spring_petclinic_microservices/split/NC/1/list_vets,metadata,storm_sparse,3,0.6936665933184049,0.9825960547622553
spring_petclinic_microservices,v4-confirmation-771621/spring_petclinic_microservices/split/NC/1/list_vets,metadata,storm_compact,3,0.6325954845479146,0.8683153289884832
spring_petclinic_microservices,v4-confirmation-771621/spring_petclinic_microservices/split/NC/1/list_vets,structure,ours_direct,3,0.592093253709547,1.0296260900728706
spring_petclinic_microservices,v4-confirmation-771621/spring_petclinic_microservices/split/NC/1/list_vets,structure,ours_prepared,3,0.7283359298771448,1.0316772563729617
spring_petclinic_microservices,v4-confirmation-771621/spring_petclinic_microservices/split/NC/1/list_vets,structure,cudd_fixed,3,0.6917949880783053,1.1055279982363315
spring_petclinic_microservices,v4-confirmation-771621/spring_petclinic_microservices/split/NC/1/list_vets,structure,cudd_sift,3,0.7862336147383134,1.17093167235751
spring_petclinic_microservices,v4-confirmation-771621/spring_petclinic_microservices/split/NC/1/list_vets,structure,agrum_conditioned,3,1.1108320228098114,1.1743337321510439
spring_petclinic_microservices,v4-confirmation-771621/spring_petclinic_microservices/split/NC/1/list_vets,structure,agrum_joint,3,1.1372648402029177,1.1918469559332072
spring_petclinic_microservices,v4-confirmation-771621/spring_petclinic_microservices/split/NC/1/list_vets,structure,storm_sparse,3,0.8180323848534861,0.9998174197762784
spring_petclinic_microservices,v4-confirmation-771621/spring_petclinic_microservices/split/NC/1/list_vets,structure,storm_compact,3,0.7400041764105437,0.872807289406806
spring_petclinic_microservices,v4-confirmation-771621/spring_petclinic_microservices/split/NC/1/list_vets,restore,ours_direct,3,0.5744514338029001,0.9824662642045454
spring_petclinic_microservices,v4-confirmation-771621/spring_petclinic_microservices/split/NC/1/list_vets,restore,ours_prepared,3,0.6570078756980369,0.9149229019967685
spring_petclinic_microservices,v4-confirmation-771621/spring_petclinic_microservices/split/NC/1/list_vets,restore,cudd_fixed,3,0.6519608023928686,1.0577387605004147
spring_petclinic_microservices,v4-confirmation-771621/spring_petclinic_microservices/split/NC/1/list_vets,restore,cudd_sift,3,0.7571725783867438,1.0821130217136914
spring_petclinic_microservices,v4-confirmation-771621/spring_petclinic_microservices/split/NC/1/list_vets,restore,agrum_conditioned,3,1.0877250058001302,1.1472569504041834
spring_petclinic_microservices,v4-confirmation-771621/spring_petclinic_microservices/split/NC/1/list_vets,restore,agrum_joint,3,1.1232413744644263,1.1820862501213325
spring_petclinic_microservices,v4-confirmation-771621/spring_petclinic_microservices/split/NC/1/list_vets,restore,storm_sparse,3,0.8838219223867577,1.1812597324180887
spring_petclinic_microservices,v4-confirmation-771621/spring_petclinic_microservices/split/NC/1/list_vets,restore,storm_compact,3,0.9389359933124988,1.236598077603456
spring_petclinic_microservices,v4-confirmation-771621/spring_petclinic_microservices/split/NC/1/owner_details_with_visits,initial,ours_direct,3,0.9883363664977112,1.2443355807124004
spring_petclinic_microservices,v4-confirmation-771621/spring_petclinic_microservices/split/NC/1/owner_details_with_visits,initial,ours_prepared,3,0.9375502213022213,1.1178014665402587
spring_petclinic_microservices,v4-confirmation-771621/spring_petclinic_microservices/split/NC/1/owner_details_with_visits,initial,cudd_fixed,3,0.9501217016891346,1.0467177366586242
spring_petclinic_microservices,v4-confirmation-771621/spring_petclinic_microservices/split/NC/1/owner_details_with_visits,initial,cudd_sift,3,0.9661397391592125,1.0546589976523668
spring_petclinic_microservices,v4-confirmation-771621/spring_petclinic_microservices/split/NC/1/owner_details_with_visits,initial,agrum_conditioned,3,1.118777770922597,1.1464336233456702
spring_petclinic_microservices,v4-confirmation-771621/spring_petclinic_microservices/split/NC/1/owner_details_with_visits,initial,agrum_joint,3,1.1584191197378486,1.1966320769894174
spring_petclinic_microservices,v4-confirmation-771621/spring_petclinic_microservices/split/NC/1/owner_details_with_visits,initial,storm_sparse,3,1.0022915612981955,1.0545701043383635
spring_petclinic_microservices,v4-confirmation-771621/spring_petclinic_microservices/split/NC/1/owner_details_with_visits,initial,storm_compact,3,1.0406039180643465,1.1099073085729525
spring_petclinic_microservices,v4-confirmation-771621/spring_petclinic_microservices/split/NC/1/owner_details_with_visits,repeat,ours_direct,3,0.9868356675098237,1.2522440239275656
spring_petclinic_microservices,v4-confirmation-771621/spring_petclinic_microservices/split/NC/1/owner_details_with_visits,repeat,ours_prepared,3,0.5894661384272003,0.9562880536542627
spring_petclinic_microservices,v4-confirmation-771621/spring_petclinic_microservices/split/NC/1/owner_details_with_visits,repeat,cudd_fixed,3,0.6548916122974308,1.0415198379010429
spring_petclinic_microservices,v4-confirmation-771621/spring_petclinic_microservices/split/NC/1/owner_details_with_visits,repeat,cudd_sift,3,0.6225246770139627,1.0350608337653509
spring_petclinic_microservices,v4-confirmation-771621/spring_petclinic_microservices/split/NC/1/owner_details_with_visits,repeat,agrum_conditioned,3,1.03357182494872,1.0745034270593452
spring_petclinic_microservices,v4-confirmation-771621/spring_petclinic_microservices/split/NC/1/owner_details_with_visits,repeat,agrum_joint,3,0.9039937554987455,1.0266623215016348
spring_petclinic_microservices,v4-confirmation-771621/spring_petclinic_microservices/split/NC/1/owner_details_with_visits,repeat,storm_sparse,3,0.9827673983036994,1.136835760147494
spring_petclinic_microservices,v4-confirmation-771621/spring_petclinic_microservices/split/NC/1/owner_details_with_visits,repeat,storm_compact,3,0.7910670816801687,0.9961184924575455
spring_petclinic_microservices,v4-confirmation-771621/spring_petclinic_microservices/split/NC/1/owner_details_with_visits,counts,ours_direct,3,0.9914944712588064,1.2622758603124773
spring_petclinic_microservices,v4-confirmation-771621/spring_petclinic_microservices/split/NC/1/owner_details_with_visits,counts,ours_prepared,3,0.6094573276317028,1.007364387358348
spring_petclinic_microservices,v4-confirmation-771621/spring_petclinic_microservices/split/NC/1/owner_details_with_visits,counts,cudd_fixed,3,0.6811394456060617,1.0948287916659383
spring_petclinic_microservices,v4-confirmation-771621/spring_petclinic_microservices/split/NC/1/owner_details_with_visits,counts,cudd_sift,3,0.6313674664709211,1.0171989405153024
spring_petclinic_microservices,v4-confirmation-771621/spring_petclinic_microservices/split/NC/1/owner_details_with_visits,counts,agrum_conditioned,3,1.023760791452908,1.066157982274667
spring_petclinic_microservices,v4-confirmation-771621/spring_petclinic_microservices/split/NC/1/owner_details_with_visits,counts,agrum_joint,3,0.899257845568011,1.0165757350001197
spring_petclinic_microservices,v4-confirmation-771621/spring_petclinic_microservices/split/NC/1/owner_details_with_visits,counts,storm_sparse,3,0.9867224878949493,1.1123852776220613
spring_petclinic_microservices,v4-confirmation-771621/spring_petclinic_microservices/split/NC/1/owner_details_with_visits,counts,storm_compact,3,0.8198690674929929,1.0115642567533953
spring_petclinic_microservices,v4-confirmation-771621/spring_petclinic_microservices/split/NC/1/owner_details_with_visits,masks,ours_direct,3,0.9440056597669164,1.1958081650756103
spring_petclinic_microservices,v4-confirmation-771621/spring_petclinic_microservices/split/NC/1/owner_details_with_visits,masks,ours_prepared,3,0.6049655531002209,1.0456395288231002
spring_petclinic_microservices,v4-confirmation-771621/spring_petclinic_microservices/split/NC/1/owner_details_with_visits,masks,cudd_fixed,3,0.6271569072633079,1.0445178949542944
spring_petclinic_microservices,v4-confirmation-771621/spring_petclinic_microservices/split/NC/1/owner_details_with_visits,masks,cudd_sift,3,0.601702712317676,1.0406626537843142
spring_petclinic_microservices,v4-confirmation-771621/spring_petclinic_microservices/split/NC/1/owner_details_with_visits,masks,agrum_conditioned,3,1.0647882608915813,1.10528079906149
spring_petclinic_microservices,v4-confirmation-771621/spring_petclinic_microservices/split/NC/1/owner_details_with_visits,masks,agrum_joint,3,1.0973459347576238,1.1691229632383764
spring_petclinic_microservices,v4-confirmation-771621/spring_petclinic_microservices/split/NC/1/owner_details_with_visits,masks,storm_sparse,3,1.0589013686078734,1.1415058664696573
spring_petclinic_microservices,v4-confirmation-771621/spring_petclinic_microservices/split/NC/1/owner_details_with_visits,masks,storm_compact,3,1.0790192671799381,1.1874868247474406
spring_petclinic_microservices,v4-confirmation-771621/spring_petclinic_microservices/split/NC/1/owner_details_with_visits,metadata,ours_direct,3,0.9255451583144061,1.169607641566007
spring_petclinic_microservices,v4-confirmation-771621/spring_petclinic_microservices/split/NC/1/owner_details_with_visits,metadata,ours_prepared,3,0.5830782257539243,1.0143990229639785
spring_petclinic_microservices,v4-confirmation-771621/spring_petclinic_microservices/split/NC/1/owner_details_with_visits,metadata,cudd_fixed,3,0.6822774656967843,1.093381761899061
spring_petclinic_microservices,v4-confirmation-771621/spring_petclinic_microservices/split/NC/1/owner_details_with_visits,metadata,cudd_sift,3,0.6321138817344099,1.0863636363636364
spring_petclinic_microservices,v4-confirmation-771621/spring_petclinic_microservices/split/NC/1/owner_details_with_visits,metadata,agrum_conditioned,3,1.037559234216955,1.0862456093548531
spring_petclinic_microservices,v4-confirmation-771621/spring_petclinic_microservices/split/NC/1/owner_details_with_visits,metadata,agrum_joint,3,0.8963758400361442,1.012722265791949
spring_petclinic_microservices,v4-confirmation-771621/spring_petclinic_microservices/split/NC/1/owner_details_with_visits,metadata,storm_sparse,3,0.9673093149689366,1.1184780263179324
spring_petclinic_microservices,v4-confirmation-771621/spring_petclinic_microservices/split/NC/1/owner_details_with_visits,metadata,storm_compact,3,0.7227608016179444,0.9454583282363559
spring_petclinic_microservices,v4-confirmation-771621/spring_petclinic_microservices/split/NC/1/owner_details_with_visits,structure,ours_direct,3,0.964840809669783,1.2354700227489543
spring_petclinic_microservices,v4-confirmation-771621/spring_petclinic_microservices/split/NC/1/owner_details_with_visits,structure,ours_prepared,3,0.9623477604679741,1.1515936474813648
spring_petclinic_microservices,v4-confirmation-771621/spring_petclinic_microservices/split/NC/1/owner_details_with_visits,structure,cudd_fixed,3,0.6926161819135587,1.0759120609472639
spring_petclinic_microservices,v4-confirmation-771621/spring_petclinic_microservices/split/NC/1/owner_details_with_visits,structure,cudd_sift,3,0.8012053132589521,1.1670861885780703
spring_petclinic_microservices,v4-confirmation-771621/spring_petclinic_microservices/split/NC/1/owner_details_with_visits,structure,agrum_conditioned,3,1.1254113372742298,1.1560422700778663
spring_petclinic_microservices,v4-confirmation-771621/spring_petclinic_microservices/split/NC/1/owner_details_with_visits,structure,agrum_joint,3,1.2025613923509226,1.2421668644333685
spring_petclinic_microservices,v4-confirmation-771621/spring_petclinic_microservices/split/NC/1/owner_details_with_visits,structure,storm_sparse,3,1.0710468085352767,1.162585857548759
spring_petclinic_microservices,v4-confirmation-771621/spring_petclinic_microservices/split/NC/1/owner_details_with_visits,structure,storm_compact,3,1.0432500125557802,1.122142342558684
spring_petclinic_microservices,v4-confirmation-771621/spring_petclinic_microservices/split/NC/1/owner_details_with_visits,restore,ours_direct,3,1.0199127975683562,1.3087098132187092
spring_petclinic_microservices,v4-confirmation-771621/spring_petclinic_microservices/split/NC/1/owner_details_with_visits,restore,ours_prepared,3,0.9280913337101376,1.1329237972524182
spring_petclinic_microservices,v4-confirmation-771621/spring_petclinic_microservices/split/NC/1/owner_details_with_visits,restore,cudd_fixed,3,0.6401451013453341,1.0810727144383845
spring_petclinic_microservices,v4-confirmation-771621/spring_petclinic_microservices/split/NC/1/owner_details_with_visits,restore,cudd_sift,3,0.7223483471302248,1.0542344227103146
spring_petclinic_microservices,v4-confirmation-771621/spring_petclinic_microservices/split/NC/1/owner_details_with_visits,restore,agrum_conditioned,3,1.1293830252158665,1.157378126490641
spring_petclinic_microservices,v4-confirmation-771621/spring_petclinic_microservices/split/NC/1/owner_details_with_visits,restore,agrum_joint,3,1.1632682379765138,1.2048143369354882
spring_petclinic_microservices,v4-confirmation-771621/spring_petclinic_microservices/split/NC/1/owner_details_with_visits,restore,storm_sparse,3,1.0395308902111966,1.1206223085474782
spring_petclinic_microservices,v4-confirmation-771621/spring_petclinic_microservices/split/NC/1/owner_details_with_visits,restore,storm_compact,3,1.0551685869536676,1.1555714964529746
spring_petclinic_microservices,v4-confirmation-771621/spring_petclinic_microservices/split/NC/2/create_visit,initial,ours_direct,3,1.2729318149768427,1.557661718898074
spring_petclinic_microservices,v4-confirmation-771621/spring_petclinic_microservices/split/NC/2/create_visit,initial,ours_prepared,3,0.9006059964539945,1.0625974146278936
spring_petclinic_microservices,v4-confirmation-771621/spring_petclinic_microservices/split/NC/2/create_visit,initial,cudd_fixed,3,0.7515982990590608,0.8225628140939116
spring_petclinic_microservices,v4-confirmation-771621/spring_petclinic_microservices/split/NC/2/create_visit,initial,cudd_sift,3,0.9403651623736174,1.0504526745092735
spring_petclinic_microservices,v4-confirmation-771621/spring_petclinic_microservices/split/NC/2/create_visit,initial,agrum_conditioned,3,1.1445082172742476,1.165037065544061
spring_petclinic_microservices,v4-confirmation-771621/spring_petclinic_microservices/split/NC/2/create_visit,initial,agrum_joint,3,1.092836479304989,1.1252884108097698
spring_petclinic_microservices,v4-confirmation-771621/spring_petclinic_microservices/split/NC/2/create_visit,initial,storm_sparse,3,1.1887732919986782,1.2471200413162742
spring_petclinic_microservices,v4-confirmation-771621/spring_petclinic_microservices/split/NC/2/create_visit,initial,storm_compact,3,1.1254706496283309,1.1885694036476726
spring_petclinic_microservices,v4-confirmation-771621/spring_petclinic_microservices/split/NC/2/create_visit,repeat,ours_direct,3,1.3256894566247897,1.6535095075694044
spring_petclinic_microservices,v4-confirmation-771621/spring_petclinic_microservices/split/NC/2/create_visit,repeat,ours_prepared,3,0.7256129008246447,1.1086566840776502
spring_petclinic_microservices,v4-confirmation-771621/spring_petclinic_microservices/split/NC/2/create_visit,repeat,cudd_fixed,3,0.7740821719413566,1.1561998491136534
spring_petclinic_microservices,v4-confirmation-771621/spring_petclinic_microservices/split/NC/2/create_visit,repeat,cudd_sift,3,0.7842238255749537,1.1197969683176783
spring_petclinic_microservices,v4-confirmation-771621/spring_petclinic_microservices/split/NC/2/create_visit,repeat,agrum_conditioned,3,1.0953842809044807,1.127642133691127
spring_petclinic_microservices,v4-confirmation-771621/spring_petclinic_microservices/split/NC/2/create_visit,repeat,agrum_joint,3,1.0070588960176816,1.1118907233839408
spring_petclinic_microservices,v4-confirmation-771621/spring_petclinic_microservices/split/NC/2/create_visit,repeat,storm_sparse,3,1.1086723126442868,1.242725590954212
spring_petclinic_microservices,v4-confirmation-771621/spring_petclinic_microservices/split/NC/2/create_visit,repeat,storm_compact,3,0.7861194850464825,0.9925984965516562
spring_petclinic_microservices,v4-confirmation-771621/spring_petclinic_microservices/split/NC/2/create_visit,counts,ours_direct,3,1.3121116237679074,1.6214451172493034
spring_petclinic_microservices,v4-confirmation-771621/spring_petclinic_microservices/split/NC/2/create_visit,counts,ours_prepared,3,0.7333516573652288,1.0878097285405512
spring_petclinic_microservices,v4-confirmation-771621/spring_petclinic_microservices/split/NC/2/create_visit,counts,cudd_fixed,3,0.7791547871575923,1.1234850830398926
spring_petclinic_microservices,v4-confirmation-771621/spring_petclinic_microservices/split/NC/2/create_visit,counts,cudd_sift,3,0.7894260839572423,1.1209778746581267
spring_petclinic_microservices,v4-confirmation-771621/spring_petclinic_microservices/split/NC/2/create_visit,counts,agrum_conditioned,3,1.0930278857454383,1.1206517839947883
spring_petclinic_microservices,v4-confirmation-771621/spring_petclinic_microservices/split/NC/2/create_visit,counts,agrum_joint,3,1.0017385866723703,1.0863098208628785
spring_petclinic_microservices,v4-confirmation-771621/spring_petclinic_microservices/split/NC/2/create_visit,counts,storm_sparse,3,1.1095893631318188,1.2373229324657453
spring_petclinic_microservices,v4-confirmation-771621/spring_petclinic_microservices/split/NC/2/create_visit,counts,storm_compact,3,0.8322755438844751,1.0127136701720252
spring_petclinic_microservices,v4-confirmation-771621/spring_petclinic_microservices/split/NC/2/create_visit,masks,ours_direct,3,0.9973983259837079,1.1580861773739468
spring_petclinic_microservices,v4-confirmation-771621/spring_petclinic_microservices/split/NC/2/create_visit,masks,ours_prepared,3,0.6309277637668579,0.940621541129888
spring_petclinic_microservices,v4-confirmation-771621/spring_petclinic_microservices/split/NC/2/create_visit,masks,cudd_fixed,3,0.7549700302276877,1.0741365077753704
spring_petclinic_microservices,v4-confirmation-771621/spring_petclinic_microservices/split/NC/2/create_visit,masks,cudd_sift,3,0.7488714568752358,1.056756218801234
spring_petclinic_microservices,v4-confirmation-771621/spring_petclinic_microservices/split/NC/2/create_visit,masks,agrum_conditioned,3,0.860524663918274,0.8755458270759685
spring_petclinic_microservices,v4-confirmation-771621/spring_petclinic_microservices/split/NC/2/create_visit,masks,agrum_joint,3,0.7317391814457592,0.7528767624401494
spring_petclinic_microservices,v4-confirmation-771621/spring_petclinic_microservices/split/NC/2/create_visit,masks,storm_sparse,3,1.0368741070911218,1.0839646031166341
spring_petclinic_microservices,v4-confirmation-771621/spring_petclinic_microservices/split/NC/2/create_visit,masks,storm_compact,3,0.9998137668681114,1.0431337739076814
spring_petclinic_microservices,v4-confirmation-771621/spring_petclinic_microservices/split/NC/2/create_visit,metadata,ours_direct,3,1.0208947937468877,1.1939058896363501
spring_petclinic_microservices,v4-confirmation-771621/spring_petclinic_microservices/split/NC/2/create_visit,metadata,ours_prepared,3,0.6670116568228126,1.0228172615247442
spring_petclinic_microservices,v4-confirmation-771621/spring_petclinic_microservices/split/NC/2/create_visit,metadata,cudd_fixed,3,0.7188665626717547,1.046884544899206
spring_petclinic_microservices,v4-confirmation-771621/spring_petclinic_microservices/split/NC/2/create_visit,metadata,cudd_sift,3,0.7146587475839291,1.0413306117030103
spring_petclinic_microservices,v4-confirmation-771621/spring_petclinic_microservices/split/NC/2/create_visit,metadata,agrum_conditioned,3,0.9847880228435023,1.0115747580999577
spring_petclinic_microservices,v4-confirmation-771621/spring_petclinic_microservices/split/NC/2/create_visit,metadata,agrum_joint,3,0.9223576564688789,1.0012114261495022
spring_petclinic_microservices,v4-confirmation-771621/spring_petclinic_microservices/split/NC/2/create_visit,metadata,storm_sparse,3,0.9775235808599368,1.0749362962823406
spring_petclinic_microservices,v4-confirmation-771621/spring_petclinic_microservices/split/NC/2/create_visit,metadata,storm_compact,3,0.8544454506617035,1.0727477100172909
spring_petclinic_microservices,v4-confirmation-771621/spring_petclinic_microservices/split/NC/2/create_visit,structure,ours_direct,3,1.0547208631481853,1.2342679894685868
spring_petclinic_microservices,v4-confirmation-771621/spring_petclinic_microservices/split/NC/2/create_visit,structure,ours_prepared,3,0.9141659060907442,1.0922359245187614
spring_petclinic_microservices,v4-confirmation-771621/spring_petclinic_microservices/split/NC/2/create_visit,structure,cudd_fixed,3,0.7113756729166848,1.0242992863357692
spring_petclinic_microservices,v4-confirmation-771621/spring_petclinic_microservices/split/NC/2/create_visit,structure,cudd_sift,3,0.8167636741480259,1.1027907316686936
spring_petclinic_microservices,v4-confirmation-771621/spring_petclinic_microservices/split/NC/2/create_visit,structure,agrum_conditioned,3,1.036812656644418,1.054313202145685
spring_petclinic_microservices,v4-confirmation-771621/spring_petclinic_microservices/split/NC/2/create_visit,structure,agrum_joint,3,1.0474666309569982,1.0789621394809825
spring_petclinic_microservices,v4-confirmation-771621/spring_petclinic_microservices/split/NC/2/create_visit,structure,storm_sparse,3,1.0417851655314694,1.0885312398301528
spring_petclinic_microservices,v4-confirmation-771621/spring_petclinic_microservices/split/NC/2/create_visit,structure,storm_compact,3,0.9991358156815178,1.0647677912200113
spring_petclinic_microservices,v4-confirmation-771621/spring_petclinic_microservices/split/NC/2/create_visit,restore,ours_direct,3,1.327501377313967,1.6366303002117886
spring_petclinic_microservices,v4-confirmation-771621/spring_petclinic_microservices/split/NC/2/create_visit,restore,ours_prepared,3,0.9137006984804384,1.0893010862881738
spring_petclinic_microservices,v4-confirmation-771621/spring_petclinic_microservices/split/NC/2/create_visit,restore,cudd_fixed,3,0.7780036559553588,1.1410853520100492
spring_petclinic_microservices,v4-confirmation-771621/spring_petclinic_microservices/split/NC/2/create_visit,restore,cudd_sift,3,0.8872469691094524,1.194943686938772
spring_petclinic_microservices,v4-confirmation-771621/spring_petclinic_microservices/split/NC/2/create_visit,restore,agrum_conditioned,3,1.155898192009438,1.1778621192275855
spring_petclinic_microservices,v4-confirmation-771621/spring_petclinic_microservices/split/NC/2/create_visit,restore,agrum_joint,3,1.1225380500545568,1.157359120655771
spring_petclinic_microservices,v4-confirmation-771621/spring_petclinic_microservices/split/NC/2/create_visit,restore,storm_sparse,3,1.2616248582462304,1.3489954108918587
spring_petclinic_microservices,v4-confirmation-771621/spring_petclinic_microservices/split/NC/2/create_visit,restore,storm_compact,3,1.165217459863354,1.264559052757354
spring_petclinic_microservices,v4-confirmation-771621/spring_petclinic_microservices/split/NC/2/list_owners,initial,ours_direct,3,0.7193736660800539,1.038426346277019
spring_petclinic_microservices,v4-confirmation-771621/spring_petclinic_microservices/split/NC/2/list_owners,initial,ours_prepared,3,0.7720935437695112,1.0224995592820039
spring_petclinic_microservices,v4-confirmation-771621/spring_petclinic_microservices/split/NC/2/list_owners,initial,cudd_fixed,3,0.985952789634587,1.0232722454278391
spring_petclinic_microservices,v4-confirmation-771621/spring_petclinic_microservices/split/NC/2/list_owners,initial,cudd_sift,3,1.0069666764735554,1.0434151526923297
spring_petclinic_microservices,v4-confirmation-771621/spring_petclinic_microservices/split/NC/2/list_owners,initial,agrum_conditioned,3,1.207193161347337,1.273798341494685
spring_petclinic_microservices,v4-confirmation-771621/spring_petclinic_microservices/split/NC/2/list_owners,initial,agrum_joint,3,1.2040861588544638,1.2623781567333532
spring_petclinic_microservices,v4-confirmation-771621/spring_petclinic_microservices/split/NC/2/list_owners,initial,storm_sparse,3,0.8931829802592663,1.0097570523282091
spring_petclinic_microservices,v4-confirmation-771621/spring_petclinic_microservices/split/NC/2/list_owners,initial,storm_compact,3,0.8831048433089917,0.9938086618579666
spring_petclinic_microservices,v4-confirmation-771621/spring_petclinic_microservices/split/NC/2/list_owners,repeat,ours_direct,3,0.6159253838872358,1.0097398740943104
spring_petclinic_microservices,v4-confirmation-771621/spring_petclinic_microservices/split/NC/2/list_owners,repeat,ours_prepared,3,0.5886054184357561,1.0214616096207216
spring_petclinic_microservices,v4-confirmation-771621/spring_petclinic_microservices/split/NC/2/list_owners,repeat,cudd_fixed,3,0.5478294363452528,0.796232703198712
spring_petclinic_microservices,v4-confirmation-771621/spring_petclinic_microservices/split/NC/2/list_owners,repeat,cudd_sift,3,0.47433337124628694,0.701829876809574
spring_petclinic_microservices,v4-confirmation-771621/spring_petclinic_microservices/split/NC/2/list_owners,repeat,agrum_conditioned,3,0.9662585534827887,1.1006304215360638
spring_petclinic_microservices,v4-confirmation-771621/spring_petclinic_microservices/split/NC/2/list_owners,repeat,agrum_joint,3,0.7788327779986993,0.9518007003664393
spring_petclinic_microservices,v4-confirmation-771621/spring_petclinic_microservices/split/NC/2/list_owners,repeat,storm_sparse,3,0.5964978353102722,1.0676075588667802
spring_petclinic_microservices,v4-confirmation-771621/spring_petclinic_microservices/split/NC/2/list_owners,repeat,storm_compact,3,0.5417321892820832,0.9563330689928629
spring_petclinic_microservices,v4-confirmation-771621/spring_petclinic_microservices/split/NC/2/list_owners,counts,ours_direct,3,0.6311918888088759,1.0217779426597262
spring_petclinic_microservices,v4-confirmation-771621/spring_petclinic_microservices/split/NC/2/list_owners,counts,ours_prepared,3,0.5568792790005028,0.976837820638031
spring_petclinic_microservices,v4-confirmation-771621/spring_petclinic_microservices/split/NC/2/list_owners,counts,cudd_fixed,3,0.5544148388144055,1.0459758840761666
spring_petclinic_microservices,v4-confirmation-771621/spring_petclinic_microservices/split/NC/2/list_owners,counts,cudd_sift,3,0.5684980623920362,1.0165332955036401
spring_petclinic_microservices,v4-confirmation-771621/spring_petclinic_microservices/split/NC/2/list_owners,counts,agrum_conditioned,3,0.9415344010240164,1.066850005581747
spring_petclinic_microservices,v4-confirmation-771621/spring_petclinic_microservices/split/NC/2/list_owners,counts,agrum_joint,3,0.793675493928363,0.9830307976236379
spring_petclinic_microservices,v4-confirmation-771621/spring_petclinic_microservices/split/NC/2/list_owners,counts,storm_sparse,3,0.5815379794294412,1.034436790320616
spring_petclinic_microservices,v4-confirmation-771621/spring_petclinic_microservices/split/NC/2/list_owners,counts,storm_compact,3,0.6375083232955013,1.142835662782353
spring_petclinic_microservices,v4-confirmation-771621/spring_petclinic_microservices/split/NC/2/list_owners,masks,ours_direct,3,0.6142778934196436,1.0090144956162008
spring_petclinic_microservices,v4-confirmation-771621/spring_petclinic_microservices/split/NC/2/list_owners,masks,ours_prepared,3,0.5463448076784296,1.0046111507219917
spring_petclinic_microservices,v4-confirmation-771621/spring_petclinic_microservices/split/NC/2/list_owners,masks,cudd_fixed,3,0.8713267763594252,1.6185139171578864
spring_petclinic_microservices,v4-confirmation-771621/spring_petclinic_microservices/split/NC/2/list_owners,masks,cudd_sift,3,0.9121572865032255,1.688231889520015
spring_petclinic_microservices,v4-confirmation-771621/spring_petclinic_microservices/split/NC/2/list_owners,masks,agrum_conditioned,3,1.1268199377766916,1.2384556270720741
spring_petclinic_microservices,v4-confirmation-771621/spring_petclinic_microservices/split/NC/2/list_owners,masks,agrum_joint,3,1.1205461126895644,1.2122315062459705
spring_petclinic_microservices,v4-confirmation-771621/spring_petclinic_microservices/split/NC/2/list_owners,masks,storm_sparse,3,0.8967818145920966,1.0017824328431486
spring_petclinic_microservices,v4-confirmation-771621/spring_petclinic_microservices/split/NC/2/list_owners,masks,storm_compact,3,0.8771424394976692,0.9742792311084372
spring_petclinic_microservices,v4-confirmation-771621/spring_petclinic_microservices/split/NC/2/list_owners,metadata,ours_direct,3,0.5803338776640803,0.9718110219437073
spring_petclinic_microservices,v4-confirmation-771621/spring_petclinic_microservices/split/NC/2/list_owners,metadata,ours_prepared,3,0.5715515331563445,1.0498860742527811
spring_petclinic_microservices,v4-confirmation-771621/spring_petclinic_microservices/split/NC/2/list_owners,metadata,cudd_fixed,3,0.5558125585889097,1.0232870551541664
spring_petclinic_microservices,v4-confirmation-771621/spring_petclinic_microservices/split/NC/2/list_owners,metadata,cudd_sift,3,0.6224346270541399,1.1781553268636025
spring_petclinic_microservices,v4-confirmation-771621/spring_petclinic_microservices/split/NC/2/list_owners,metadata,agrum_conditioned,3,0.9596635552402996,1.0978827189392453
spring_petclinic_microservices,v4-confirmation-771621/spring_petclinic_microservices/split/NC/2/list_owners,metadata,agrum_joint,3,0.7816212919832385,0.9787714816747695
spring_petclinic_microservices,v4-confirmation-771621/spring_petclinic_microservices/split/NC/2/list_owners,metadata,storm_sparse,3,0.7127480833284061,1.05998654713465
spring_petclinic_microservices,v4-confirmation-771621/spring_petclinic_microservices/split/NC/2/list_owners,metadata,storm_compact,3,0.670239958533214,0.9742035747185092
spring_petclinic_microservices,v4-confirmation-771621/spring_petclinic_microservices/split/NC/2/list_owners,structure,ours_direct,3,0.6745110701107011,1.093991448503488
spring_petclinic_microservices,v4-confirmation-771621/spring_petclinic_microservices/split/NC/2/list_owners,structure,ours_prepared,3,0.7492180828756361,1.094565945307962
spring_petclinic_microservices,v4-confirmation-771621/spring_petclinic_microservices/split/NC/2/list_owners,structure,cudd_fixed,3,0.6262586438874809,1.0406242336649987
spring_petclinic_microservices,v4-confirmation-771621/spring_petclinic_microservices/split/NC/2/list_owners,structure,cudd_sift,3,0.7455118281966001,1.0694284351178267
spring_petclinic_microservices,v4-confirmation-771621/spring_petclinic_microservices/split/NC/2/list_owners,structure,agrum_conditioned,3,1.245421942656893,1.3197554964963079
spring_petclinic_microservices,v4-confirmation-771621/spring_petclinic_microservices/split/NC/2/list_owners,structure,agrum_joint,3,1.247153519404441,1.3158364255461346
spring_petclinic_microservices,v4-confirmation-771621/spring_petclinic_microservices/split/NC/2/list_owners,structure,storm_sparse,3,0.8483343238762551,1.082537525233346
spring_petclinic_microservices,v4-confirmation-771621/spring_petclinic_microservices/split/NC/2/list_owners,structure,storm_compact,3,0.8916870782579722,1.07774336659131
spring_petclinic_microservices,v4-confirmation-771621/spring_petclinic_microservices/split/NC/2/list_owners,restore,ours_direct,3,0.561529267582391,0.974638447225981
spring_petclinic_microservices,v4-confirmation-771621/spring_petclinic_microservices/split/NC/2/list_owners,restore,ours_prepared,3,0.7619917420067844,1.108517907897976
spring_petclinic_microservices,v4-confirmation-771621/spring_petclinic_microservices/split/NC/2/list_owners,restore,cudd_fixed,3,0.6168337633280683,1.0725785783847508
spring_petclinic_microservices,v4-confirmation-771621/spring_petclinic_microservices/split/NC/2/list_owners,restore,cudd_sift,3,0.7739882347510784,1.1716351692144837
spring_petclinic_microservices,v4-confirmation-771621/spring_petclinic_microservices/split/NC/2/list_owners,restore,agrum_conditioned,3,1.2358576683881426,1.3141181034765108
spring_petclinic_microservices,v4-confirmation-771621/spring_petclinic_microservices/split/NC/2/list_owners,restore,agrum_joint,3,1.2349023202038365,1.304852605031805
spring_petclinic_microservices,v4-confirmation-771621/spring_petclinic_microservices/split/NC/2/list_owners,restore,storm_sparse,3,0.7004671923473154,0.9199377698955311
spring_petclinic_microservices,v4-confirmation-771621/spring_petclinic_microservices/split/NC/2/list_owners,restore,storm_compact,3,0.8041051942383238,1.0909107099393889
spring_petclinic_microservices,v4-confirmation-771621/spring_petclinic_microservices/split/NC/2/list_vets,initial,ours_direct,3,0.7037973743929079,1.0223571497631248
spring_petclinic_microservices,v4-confirmation-771621/spring_petclinic_microservices/split/NC/2/list_vets,initial,ours_prepared,3,0.8275247954297297,1.0564354102155442
spring_petclinic_microservices,v4-confirmation-771621/spring_petclinic_microservices/split/NC/2/list_vets,initial,cudd_fixed,3,0.9916245541952289,1.0237164851027738
spring_petclinic_microservices,v4-confirmation-771621/spring_petclinic_microservices/split/NC/2/list_vets,initial,cudd_sift,3,0.96688067284977,0.997464435631
spring_petclinic_microservices,v4-confirmation-771621/spring_petclinic_microservices/split/NC/2/list_vets,initial,agrum_conditioned,3,1.0861795832144612,1.1451650385622467
spring_petclinic_microservices,v4-confirmation-771621/spring_petclinic_microservices/split/NC/2/list_vets,initial,agrum_joint,3,1.0960664218228748,1.1396660550134456
spring_petclinic_microservices,v4-confirmation-771621/spring_petclinic_microservices/split/NC/2/list_vets,initial,storm_sparse,3,0.9382680888028139,1.0483044001024044
spring_petclinic_microservices,v4-confirmation-771621/spring_petclinic_microservices/split/NC/2/list_vets,initial,storm_compact,3,0.8933796932915655,0.9942045481268961
spring_petclinic_microservices,v4-confirmation-771621/spring_petclinic_microservices/split/NC/2/list_vets,repeat,ours_direct,3,0.6374442430148767,1.009420946824865
spring_petclinic_microservices,v4-confirmation-771621/spring_petclinic_microservices/split/NC/2/list_vets,repeat,ours_prepared,3,0.5176511600400894,0.8679944490932999
spring_petclinic_microservices,v4-confirmation-771621/spring_petclinic_microservices/split/NC/2/list_vets,repeat,cudd_fixed,3,0.6016820972684781,0.9990729143643017
spring_petclinic_microservices,v4-confirmation-771621/spring_petclinic_microservices/split/NC/2/list_vets,repeat,cudd_sift,3,0.61004910811006,1.0021372725722775
spring_petclinic_microservices,v4-confirmation-771621/spring_petclinic_microservices/split/NC/2/list_vets,repeat,agrum_conditioned,3,0.8889538286804942,0.9854180773810913
spring_petclinic_microservices,v4-confirmation-771621/spring_petclinic_microservices/split/NC/2/list_vets,repeat,agrum_joint,3,0.8279990252629265,1.0069599873454775
spring_petclinic_microservices,v4-confirmation-771621/spring_petclinic_microservices/split/NC/2/list_vets,repeat,storm_sparse,3,0.6233416300293874,1.039938351978317
spring_petclinic_microservices,v4-confirmation-771621/spring_petclinic_microservices/split/NC/2/list_vets,repeat,storm_compact,3,0.5020265912834856,0.9904462674533192
spring_petclinic_microservices,v4-confirmation-771621/spring_petclinic_microservices/split/NC/2/list_vets,counts,ours_direct,3,0.6225016545334215,0.9872336136048291
spring_petclinic_microservices,v4-confirmation-771621/spring_petclinic_microservices/split/NC/2/list_vets,counts,ours_prepared,3,0.6915809047723013,1.1309196904965941
spring_petclinic_microservices,v4-confirmation-771621/spring_petclinic_microservices/split/NC/2/list_vets,counts,cudd_fixed,3,0.42501192080725225,0.6400991313320984
spring_petclinic_microservices,v4-confirmation-771621/spring_petclinic_microservices/split/NC/2/list_vets,counts,cudd_sift,3,0.4261501078885143,0.5838011958032926
spring_petclinic_microservices,v4-confirmation-771621/spring_petclinic_microservices/split/NC/2/list_vets,counts,agrum_conditioned,3,0.9221913811233529,1.029048130293823
spring_petclinic_microservices,v4-confirmation-771621/spring_petclinic_microservices/split/NC/2/list_vets,counts,agrum_joint,3,0.8289986367459803,0.9972628537673777
spring_petclinic_microservices,v4-confirmation-771621/spring_petclinic_microservices/split/NC/2/list_vets,counts,storm_sparse,3,0.6366758159675884,1.0608422427160695
spring_petclinic_microservices,v4-confirmation-771621/spring_petclinic_microservices/split/NC/2/list_vets,counts,storm_compact,3,0.6561274413871384,1.112273812897219
spring_petclinic_microservices,v4-confirmation-771621/spring_petclinic_microservices/split/NC/2/list_vets,masks,ours_direct,3,0.579075122105035,0.8981733782533345
spring_petclinic_microservices,v4-confirmation-771621/spring_petclinic_microservices/split/NC/2/list_vets,masks,ours_prepared,3,0.595605178844517,1.0012244870346443
spring_petclinic_microservices,v4-confirmation-771621/spring_petclinic_microservices/split/NC/2/list_vets,masks,cudd_fixed,3,0.5764191304946263,1.0115512553218766
spring_petclinic_microservices,v4-confirmation-771621/spring_petclinic_microservices/split/NC/2/list_vets,masks,cudd_sift,3,0.5660660027817265,0.991554635169683
spring_petclinic_microservices,v4-confirmation-771621/spring_petclinic_microservices/split/NC/2/list_vets,masks,agrum_conditioned,3,1.0521383909473083,1.1434613095095603
spring_petclinic_microservices,v4-confirmation-771621/spring_petclinic_microservices/split/NC/2/list_vets,masks,agrum_joint,3,1.0222787393084627,1.0956150713073431
spring_petclinic_microservices,v4-confirmation-771621/spring_petclinic_microservices/split/NC/2/list_vets,masks,storm_sparse,3,0.9134484185614402,1.0073868247658089
spring_petclinic_microservices,v4-confirmation-771621/spring_petclinic_microservices/split/NC/2/list_vets,masks,storm_compact,3,0.9188389874303665,1.0299138784805737
spring_petclinic_microservices,v4-confirmation-771621/spring_petclinic_microservices/split/NC/2/list_vets,metadata,ours_direct,3,0.5908467615633592,0.9660894908280473
spring_petclinic_microservices,v4-confirmation-771621/spring_petclinic_microservices/split/NC/2/list_vets,metadata,ours_prepared,3,0.5652733169104119,1.0154314777166409
spring_petclinic_microservices,v4-confirmation-771621/spring_petclinic_microservices/split/NC/2/list_vets,metadata,cudd_fixed,3,0.899644085135404,1.6594364790453786
spring_petclinic_microservices,v4-confirmation-771621/spring_petclinic_microservices/split/NC/2/list_vets,metadata,cudd_sift,3,0.8735434191697016,1.5155460385438972
spring_petclinic_microservices,v4-confirmation-771621/spring_petclinic_microservices/split/NC/2/list_vets,metadata,agrum_conditioned,3,0.887764173646483,0.9971075404901575
spring_petclinic_microservices,v4-confirmation-771621/spring_petclinic_microservices/split/NC/2/list_vets,metadata,agrum_joint,3,0.8211607732386724,1.0152683962617428
spring_petclinic_microservices,v4-confirmation-771621/spring_petclinic_microservices/split/NC/2/list_vets,metadata,storm_sparse,3,0.6772673411267999,0.9299441052541061
spring_petclinic_microservices,v4-confirmation-771621/spring_petclinic_microservices/split/NC/2/list_vets,metadata,storm_compact,3,0.6813280176041752,0.9784297003809199
spring_petclinic_microservices,v4-confirmation-771621/spring_petclinic_microservices/split/NC/2/list_vets,structure,ours_direct,3,0.6181042960249078,1.0019269897586163
spring_petclinic_microservices,v4-confirmation-771621/spring_petclinic_microservices/split/NC/2/list_vets,structure,ours_prepared,3,0.7102684705633654,1.0306619458956587
spring_petclinic_microservices,v4-confirmation-771621/spring_petclinic_microservices/split/NC/2/list_vets,structure,cudd_fixed,3,0.704504845678481,1.1233445944084077
spring_petclinic_microservices,v4-confirmation-771621/spring_petclinic_microservices/split/NC/2/list_vets,structure,cudd_sift,3,0.7813587528124293,1.10515843800851
spring_petclinic_microservices,v4-confirmation-771621/spring_petclinic_microservices/split/NC/2/list_vets,structure,agrum_conditioned,3,1.0893293730786184,1.1482423048712775
spring_petclinic_microservices,v4-confirmation-771621/spring_petclinic_microservices/split/NC/2/list_vets,structure,agrum_joint,3,1.1012578918900526,1.1541837974708455
spring_petclinic_microservices,v4-confirmation-771621/spring_petclinic_microservices/split/NC/2/list_vets,structure,storm_sparse,3,0.8688654915333395,1.0704579885794197
spring_petclinic_microservices,v4-confirmation-771621/spring_petclinic_microservices/split/NC/2/list_vets,structure,storm_compact,3,0.7431379025364563,0.8766309563085415
spring_petclinic_microservices,v4-confirmation-771621/spring_petclinic_microservices/split/NC/2/list_vets,restore,ours_direct,3,0.5631718428967037,0.9532321508316663
spring_petclinic_microservices,v4-confirmation-771621/spring_petclinic_microservices/split/NC/2/list_vets,restore,ours_prepared,3,0.7144576326592011,1.0203546453546453
spring_petclinic_microservices,v4-confirmation-771621/spring_petclinic_microservices/split/NC/2/list_vets,restore,cudd_fixed,3,0.5842895058518434,1.0152356366551147
spring_petclinic_microservices,v4-confirmation-771621/spring_petclinic_microservices/split/NC/2/list_vets,restore,cudd_sift,3,0.7536272540592704,1.0601635708652817
spring_petclinic_microservices,v4-confirmation-771621/spring_petclinic_microservices/split/NC/2/list_vets,restore,agrum_conditioned,3,1.0845114947961574,1.1430356913545505
spring_petclinic_microservices,v4-confirmation-771621/spring_petclinic_microservices/split/NC/2/list_vets,restore,agrum_joint,3,1.1152659890832097,1.1750326245423441
spring_petclinic_microservices,v4-confirmation-771621/spring_petclinic_microservices/split/NC/2/list_vets,restore,storm_sparse,3,0.7722099932380911,1.0421475325821121
spring_petclinic_microservices,v4-confirmation-771621/spring_petclinic_microservices/split/NC/2/list_vets,restore,storm_compact,3,0.8974865619514503,1.182992616977947
spring_petclinic_microservices,v4-confirmation-771621/spring_petclinic_microservices/split/NC/2/owner_details_with_visits,initial,ours_direct,3,0.991378756503247,1.2401592266135912
spring_petclinic_microservices,v4-confirmation-771621/spring_petclinic_microservices/split/NC/2/owner_details_with_visits,initial,ours_prepared,3,0.9262607279682803,1.097815114733381
spring_petclinic_microservices,v4-confirmation-771621/spring_petclinic_microservices/split/NC/2/owner_details_with_visits,initial,cudd_fixed,3,0.9400449661135265,1.0847611430450805
spring_petclinic_microservices,v4-confirmation-771621/spring_petclinic_microservices/split/NC/2/owner_details_with_visits,initial,cudd_sift,3,0.9462108776100099,1.0363532099768358
spring_petclinic_microservices,v4-confirmation-771621/spring_petclinic_microservices/split/NC/2/owner_details_with_visits,initial,agrum_conditioned,3,1.1155230677092933,1.1414474503317147
spring_petclinic_microservices,v4-confirmation-771621/spring_petclinic_microservices/split/NC/2/owner_details_with_visits,initial,agrum_joint,3,1.1281841333218028,1.1697988915153803
spring_petclinic_microservices,v4-confirmation-771621/spring_petclinic_microservices/split/NC/2/owner_details_with_visits,initial,storm_sparse,3,1.049510139296043,1.1072033990211978
spring_petclinic_microservices,v4-confirmation-771621/spring_petclinic_microservices/split/NC/2/owner_details_with_visits,initial,storm_compact,3,1.0406163562098159,1.1053910720650502
spring_petclinic_microservices,v4-confirmation-771621/spring_petclinic_microservices/split/NC/2/owner_details_with_visits,repeat,ours_direct,3,1.0093171999092512,1.267196800422265
spring_petclinic_microservices,v4-confirmation-771621/spring_petclinic_microservices/split/NC/2/owner_details_with_visits,repeat,ours_prepared,3,0.6006920571678585,0.9928869704564882
spring_petclinic_microservices,v4-confirmation-771621/spring_petclinic_microservices/split/NC/2/owner_details_with_visits,repeat,cudd_fixed,3,0.6556156022310126,1.037214486005402
spring_petclinic_microservices,v4-confirmation-771621/spring_petclinic_microservices/split/NC/2/owner_details_with_visits,repeat,cudd_sift,3,0.6307175054458138,1.040814610621648
spring_petclinic_microservices,v4-confirmation-771621/spring_petclinic_microservices/split/NC/2/owner_details_with_visits,repeat,agrum_conditioned,3,1.0291488375351818,1.0706908181315016
spring_petclinic_microservices,v4-confirmation-771621/spring_petclinic_microservices/split/NC/2/owner_details_with_visits,repeat,agrum_joint,3,0.8919497221434322,1.0087480078513045
spring_petclinic_microservices,v4-confirmation-771621/spring_petclinic_microservices/split/NC/2/owner_details_with_visits,repeat,storm_sparse,3,0.9994919451267477,1.1455701624454835
spring_petclinic_microservices,v4-confirmation-771621/spring_petclinic_microservices/split/NC/2/owner_details_with_visits,repeat,storm_compact,3,0.8034658245651058,1.0462647019750646
spring_petclinic_microservices,v4-confirmation-771621/spring_petclinic_microservices/split/NC/2/owner_details_with_visits,counts,ours_direct,3,1.015772683080564,1.2816180767237448
spring_petclinic_microservices,v4-confirmation-771621/spring_petclinic_microservices/split/NC/2/owner_details_with_visits,counts,ours_prepared,3,0.6182617243341711,1.0161481417525278
spring_petclinic_microservices,v4-confirmation-771621/spring_petclinic_microservices/split/NC/2/owner_details_with_visits,counts,cudd_fixed,3,0.6624008818915739,1.0482689023115785
spring_petclinic_microservices,v4-confirmation-771621/spring_petclinic_microservices/split/NC/2/owner_details_with_visits,counts,cudd_sift,3,0.6574686009328236,1.0504131150400036
spring_petclinic_microservices,v4-confirmation-771621/spring_petclinic_microservices/split/NC/2/owner_details_with_visits,counts,agrum_conditioned,3,1.0374534450873325,1.0793327635800591
spring_petclinic_microservices,v4-confirmation-771621/spring_petclinic_microservices/split/NC/2/owner_details_with_visits,counts,agrum_joint,3,0.8955802874383761,1.0053722033558217
spring_petclinic_microservices,v4-confirmation-771621/spring_petclinic_microservices/split/NC/2/owner_details_with_visits,counts,storm_sparse,3,0.9992416035506708,1.1335712634148871
spring_petclinic_microservices,v4-confirmation-771621/spring_petclinic_microservices/split/NC/2/owner_details_with_visits,counts,storm_compact,3,0.8151843941742442,1.0098980580128312
spring_petclinic_microservices,v4-confirmation-771621/spring_petclinic_microservices/split/NC/2/owner_details_with_visits,masks,ours_direct,3,0.9664490484321574,1.2341376643326825
spring_petclinic_microservices,v4-confirmation-771621/spring_petclinic_microservices/split/NC/2/owner_details_with_visits,masks,ours_prepared,3,0.616905002216058,1.0769341870877667
spring_petclinic_microservices,v4-confirmation-771621/spring_petclinic_microservices/split/NC/2/owner_details_with_visits,masks,cudd_fixed,3,0.6453677651442153,1.0705707400301403
spring_petclinic_microservices,v4-confirmation-771621/spring_petclinic_microservices/split/NC/2/owner_details_with_visits,masks,cudd_sift,3,0.633402086569147,1.0434095512916552
spring_petclinic_microservices,v4-confirmation-771621/spring_petclinic_microservices/split/NC/2/owner_details_with_visits,masks,agrum_conditioned,3,1.0946116871464517,1.1367874679192904
spring_petclinic_microservices,v4-confirmation-771621/spring_petclinic_microservices/split/NC/2/owner_details_with_visits,masks,agrum_joint,3,1.0867673971872371,1.1540301324988038
spring_petclinic_microservices,v4-confirmation-771621/spring_petclinic_microservices/split/NC/2/owner_details_with_visits,masks,storm_sparse,3,1.0650623442577907,1.1475836007952886
spring_petclinic_microservices,v4-confirmation-771621/spring_petclinic_microservices/split/NC/2/owner_details_with_visits,masks,storm_compact,3,1.0748477170569175,1.174460086815586
spring_petclinic_microservices,v4-confirmation-771621/spring_petclinic_microservices/split/NC/2/owner_details_with_visits,metadata,ours_direct,3,0.9522031346504974,1.193364977505864
spring_petclinic_microservices,v4-confirmation-771621/spring_petclinic_microservices/split/NC/2/owner_details_with_visits,metadata,ours_prepared,3,0.5508619405617704,0.9586652785150118
spring_petclinic_microservices,v4-confirmation-771621/spring_petclinic_microservices/split/NC/2/owner_details_with_visits,metadata,cudd_fixed,3,0.6512115120672267,1.0900992665698548
spring_petclinic_microservices,v4-confirmation-771621/spring_petclinic_microservices/split/NC/2/owner_details_with_visits,metadata,cudd_sift,3,0.648585051705988,1.082676607385966
spring_petclinic_microservices,v4-confirmation-771621/spring_petclinic_microservices/split/NC/2/owner_details_with_visits,metadata,agrum_conditioned,3,1.04447183294012,1.0922297637978513
spring_petclinic_microservices,v4-confirmation-771621/spring_petclinic_microservices/split/NC/2/owner_details_with_visits,metadata,agrum_joint,3,0.8941009153033724,1.0171458985971231
spring_petclinic_microservices,v4-confirmation-771621/spring_petclinic_microservices/split/NC/2/owner_details_with_visits,metadata,storm_sparse,3,0.9861821230479719,1.15105731054035
spring_petclinic_microservices,v4-confirmation-771621/spring_petclinic_microservices/split/NC/2/owner_details_with_visits,metadata,storm_compact,3,0.7997133655394525,1.0383696760242904
spring_petclinic_microservices,v4-confirmation-771621/spring_petclinic_microservices/split/NC/2/owner_details_with_visits,structure,ours_direct,3,0.9832773471383504,1.2423708290009332
spring_petclinic_microservices,v4-confirmation-771621/spring_petclinic_microservices/split/NC/2/owner_details_with_visits,structure,ours_prepared,3,0.9661335482846586,1.155349356236795
spring_petclinic_microservices,v4-confirmation-771621/spring_petclinic_microservices/split/NC/2/owner_details_with_visits,structure,cudd_fixed,3,0.6995310087823057,1.1279187716494794
spring_petclinic_microservices,v4-confirmation-771621/spring_petclinic_microservices/split/NC/2/owner_details_with_visits,structure,cudd_sift,3,0.812728715356681,1.183977454543335
spring_petclinic_microservices,v4-confirmation-771621/spring_petclinic_microservices/split/NC/2/owner_details_with_visits,structure,agrum_conditioned,3,1.1426659446637173,1.1703443235676514
spring_petclinic_microservices,v4-confirmation-771621/spring_petclinic_microservices/split/NC/2/owner_details_with_visits,structure,agrum_joint,3,1.165735482195769,1.2057824171677798
spring_petclinic_microservices,v4-confirmation-771621/spring_petclinic_microservices/split/NC/2/owner_details_with_visits,structure,storm_sparse,3,1.0991208747554886,1.1895942698713462
spring_petclinic_microservices,v4-confirmation-771621/spring_petclinic_microservices/split/NC/2/owner_details_with_visits,structure,storm_compact,3,1.088452055483806,1.1701710189895418
spring_petclinic_microservices,v4-confirmation-771621/spring_petclinic_microservices/split/NC/2/owner_details_with_visits,restore,ours_direct,3,1.03751921591451,1.327388771057315
spring_petclinic_microservices,v4-confirmation-771621/spring_petclinic_microservices/split/NC/2/owner_details_with_visits,restore,ours_prepared,3,0.9090822899465788,1.1200595205382726
spring_petclinic_microservices,v4-confirmation-771621/spring_petclinic_microservices/split/NC/2/owner_details_with_visits,restore,cudd_fixed,3,0.6388771758596837,1.0602007939647655
spring_petclinic_microservices,v4-confirmation-771621/spring_petclinic_microservices/split/NC/2/owner_details_with_visits,restore,cudd_sift,3,0.7409552072356452,1.0951299885908878
spring_petclinic_microservices,v4-confirmation-771621/spring_petclinic_microservices/split/NC/2/owner_details_with_visits,restore,agrum_conditioned,3,1.1395433927825385,1.1676222692464944
spring_petclinic_microservices,v4-confirmation-771621/spring_petclinic_microservices/split/NC/2/owner_details_with_visits,restore,agrum_joint,3,1.1375569736798183,1.1774488482350745
spring_petclinic_microservices,v4-confirmation-771621/spring_petclinic_microservices/split/NC/2/owner_details_with_visits,restore,storm_sparse,3,1.0514546662540294,1.1437096547971612
spring_petclinic_microservices,v4-confirmation-771621/spring_petclinic_microservices/split/NC/2/owner_details_with_visits,restore,storm_compact,3,1.074235887670292,1.1748167717908216
